code,name,root_type,subtype,normal_balance,is_group,role_hint,parent_path,source_type,reconcile,description,source_id,flags
,KLASSE 1 : EIGEN VERMOGEN,equity,group,credit,1,,,,,,KLASSE 1 : EIGEN VERMOGEN,
10,Kapitaal,equity,equity,credit,1,,KLASSE 1 : EIGEN VERMOGEN,Equity,,,KLASSE 1 : EIGEN VERMOGEN / Kapitaal,
100,Geplaatst kapitaal,equity,equity,credit,0,,KLASSE 1 : EIGEN VERMOGEN / Kapitaal,Equity,,,KLASSE 1 : EIGEN VERMOGEN / Kapitaal / Geplaatst kapitaal,
101,Niet opgevraagd kapitaal (-),equity,equity,credit,0,,KLASSE 1 : EIGEN VERMOGEN / Kapitaal,Equity,,,KLASSE 1 : EIGEN VERMOGEN / Kapitaal / Niet opgevraagd kapitaal (-),
11,Inbreng buiten kapitaal,equity,equity,credit,1,,KLASSE 1 : EIGEN VERMOGEN,Equity,,,KLASSE 1 : EIGEN VERMOGEN / Inbreng buiten kapitaal,
110,Beschikbare inbreng buiten kapitaal,equity,equity,credit,1,,KLASSE 1 : EIGEN VERMOGEN / Inbreng buiten kapitaal,Equity,,,KLASSE 1 : EIGEN VERMOGEN / Inbreng buiten kapitaal / Beschikbare inbreng buiten kapitaal,
1100,Uitgiftepremie,equity,equity,credit,0,,KLASSE 1 : EIGEN VERMOGEN / Inbreng buiten kapitaal / Beschikbare inbreng buiten kapitaal,Equity,,,KLASSE 1 : EIGEN VERMOGEN / Inbreng buiten kapitaal / Beschikbare inbreng buiten kapitaal / Uitgiftepremie,
1109,Andere,equity,equity,credit,0,,KLASSE 1 : EIGEN VERMOGEN / Inbreng buiten kapitaal / Beschikbare inbreng buiten kapitaal,Equity,,,KLASSE 1 : EIGEN VERMOGEN / Inbreng buiten kapitaal / Beschikbare inbreng buiten kapitaal / Andere,
111,Onbeschikbare inbreng buiten kapitaal,equity,equity,credit,1,,KLASSE 1 : EIGEN VERMOGEN / Inbreng buiten kapitaal,Equity,,,KLASSE 1 : EIGEN VERMOGEN / Inbreng buiten kapitaal / Onbeschikbare inbreng buiten kapitaal,
1110,Uitgiftepremie,equity,equity,credit,0,,KLASSE 1 : EIGEN VERMOGEN / Inbreng buiten kapitaal / Onbeschikbare inbreng buiten kapitaal,Equity,,,KLASSE 1 : EIGEN VERMOGEN / Inbreng buiten kapitaal / Onbeschikbare inbreng buiten kapitaal / Uitgiftepremie,
1119,Andere,equity,equity,credit,0,,KLASSE 1 : EIGEN VERMOGEN / Inbreng buiten kapitaal / Onbeschikbare inbreng buiten kapitaal,Equity,,,KLASSE 1 : EIGEN VERMOGEN / Inbreng buiten kapitaal / Onbeschikbare inbreng buiten kapitaal / Andere,
12,Herwaarderingsmeerwaarden,equity,equity,credit,1,,KLASSE 1 : EIGEN VERMOGEN,Equity,,,KLASSE 1 : EIGEN VERMOGEN / Herwaarderingsmeerwaarden,
120,Herwaarderingsmeerwaarden op immateriële vaste activa,equity,equity,credit,0,,KLASSE 1 : EIGEN VERMOGEN / Herwaarderingsmeerwaarden,Equity,,,KLASSE 1 : EIGEN VERMOGEN / Herwaarderingsmeerwaarden / Herwaarderingsmeerwaarden op immateriële vaste activa,
121,Herwaarderingsmeerwaarden op materiële vaste activa,equity,equity,credit,0,,KLASSE 1 : EIGEN VERMOGEN / Herwaarderingsmeerwaarden,Equity,,,KLASSE 1 : EIGEN VERMOGEN / Herwaarderingsmeerwaarden / Herwaarderingsmeerwaarden op materiële vaste activa,
122,Herwaarderingsmeerwaarden op financiële vaste activa,equity,equity,credit,0,,KLASSE 1 : EIGEN VERMOGEN / Herwaarderingsmeerwaarden,Equity,,,KLASSE 1 : EIGEN VERMOGEN / Herwaarderingsmeerwaarden / Herwaarderingsmeerwaarden op financiële vaste activa,
123,Herwaarderingsmeerwaarden op voorraden,equity,equity,credit,0,,KLASSE 1 : EIGEN VERMOGEN / Herwaarderingsmeerwaarden,Equity,,,KLASSE 1 : EIGEN VERMOGEN / Herwaarderingsmeerwaarden / Herwaarderingsmeerwaarden op voorraden,
124,Terugneming van waardeverminderingen op geldbeleggingen,equity,equity,credit,0,,KLASSE 1 : EIGEN VERMOGEN / Herwaarderingsmeerwaarden,Equity,,,KLASSE 1 : EIGEN VERMOGEN / Herwaarderingsmeerwaarden / Terugneming van waardeverminderingen op geldbeleggingen,
13,Reserves,equity,equity,credit,1,,KLASSE 1 : EIGEN VERMOGEN,Equity,,,KLASSE 1 : EIGEN VERMOGEN / Reserves,
130,Wettelijke reserves,equity,equity,credit,0,,KLASSE 1 : EIGEN VERMOGEN / Reserves,Equity,,,KLASSE 1 : EIGEN VERMOGEN / Reserves / Wettelijke reserves,
131,Andere onbeschikbare reserves,equity,equity,credit,1,,KLASSE 1 : EIGEN VERMOGEN / Reserves,Equity,,,KLASSE 1 : EIGEN VERMOGEN / Reserves / Andere onbeschikbare reserves,
1311,Statutair onbeschikbare reserves,equity,equity,credit,0,,KLASSE 1 : EIGEN VERMOGEN / Reserves / Andere onbeschikbare reserves,Equity,,,KLASSE 1 : EIGEN VERMOGEN / Reserves / Andere onbeschikbare reserves / Statutair onbeschikbare reserves,
1312,Reserve voor eigen aandelen,equity,equity,credit,0,,KLASSE 1 : EIGEN VERMOGEN / Reserves / Andere onbeschikbare reserves,Equity,,,KLASSE 1 : EIGEN VERMOGEN / Reserves / Andere onbeschikbare reserves / Reserve voor eigen aandelen,
1313,Financiële steunverlening,equity,equity,credit,0,,KLASSE 1 : EIGEN VERMOGEN / Reserves / Andere onbeschikbare reserves,Equity,,,KLASSE 1 : EIGEN VERMOGEN / Reserves / Andere onbeschikbare reserves / Financiële steunverlening,
1319,Overige,equity,equity,credit,0,,KLASSE 1 : EIGEN VERMOGEN / Reserves / Andere onbeschikbare reserves,Equity,,,KLASSE 1 : EIGEN VERMOGEN / Reserves / Andere onbeschikbare reserves / Overige,
132,Belastingvrije reserves,equity,equity,credit,0,,KLASSE 1 : EIGEN VERMOGEN / Reserves,Equity,,,KLASSE 1 : EIGEN VERMOGEN / Reserves / Belastingvrije reserves,
133,Beschikbare reserves,equity,equity,credit,0,,KLASSE 1 : EIGEN VERMOGEN / Reserves,Equity,,,KLASSE 1 : EIGEN VERMOGEN / Reserves / Beschikbare reserves,
14,Overgedragen winst of Overgedragen verlies (-),equity,equity,credit,0,,KLASSE 1 : EIGEN VERMOGEN,Equity,,,KLASSE 1 : EIGEN VERMOGEN / Overgedragen winst of Overgedragen verlies (-),
15,Kapitaalsubsidies,equity,equity,credit,0,,KLASSE 1 : EIGEN VERMOGEN,Equity,,,KLASSE 1 : EIGEN VERMOGEN / Kapitaalsubsidies,
,"KLASSE 1 : VOORZIENINGEN, UITGESTELDE BELASTINGEN EN SCHULDEN OP MEER DAN ÉÉN JAAR",liability,group,credit,1,,,,,,"KLASSE 1 : VOORZIENINGEN, UITGESTELDE BELASTINGEN EN SCHULDEN OP MEER DAN ÉÉN JAAR",
16,Voorzieningen en uitgestelde belastingen,liability,current_liability,credit,1,,"KLASSE 1 : VOORZIENINGEN, UITGESTELDE BELASTINGEN EN SCHULDEN OP MEER DAN ÉÉN JAAR",Liability,,,"KLASSE 1 : VOORZIENINGEN, UITGESTELDE BELASTINGEN EN SCHULDEN OP MEER DAN ÉÉN JAAR / Voorzieningen en uitgestelde belastingen",
160,Voorzieningen voor pensioenen en soortgelijke verplichtingen,liability,current_liability,credit,0,,"KLASSE 1 : VOORZIENINGEN, UITGESTELDE BELASTINGEN EN SCHULDEN OP MEER DAN ÉÉN JAAR / Voorzieningen en uitgestelde belastingen",Liability,,,"KLASSE 1 : VOORZIENINGEN, UITGESTELDE BELASTINGEN EN SCHULDEN OP MEER DAN ÉÉN JAAR / Voorzieningen en uitgestelde belastingen / Voorzieningen voor pensioenen en soortgelijke verplichtingen",
161,Voorzieningen voor belastingen,liability,current_liability,credit,0,,"KLASSE 1 : VOORZIENINGEN, UITGESTELDE BELASTINGEN EN SCHULDEN OP MEER DAN ÉÉN JAAR / Voorzieningen en uitgestelde belastingen",Liability,,,"KLASSE 1 : VOORZIENINGEN, UITGESTELDE BELASTINGEN EN SCHULDEN OP MEER DAN ÉÉN JAAR / Voorzieningen en uitgestelde belastingen / Voorzieningen voor belastingen",
162,Voorzieningen voor grote herstellingswerken en grote onderhoudswerken,liability,current_liability,credit,0,,"KLASSE 1 : VOORZIENINGEN, UITGESTELDE BELASTINGEN EN SCHULDEN OP MEER DAN ÉÉN JAAR / Voorzieningen en uitgestelde belastingen",Liability,,,"KLASSE 1 : VOORZIENINGEN, UITGESTELDE BELASTINGEN EN SCHULDEN OP MEER DAN ÉÉN JAAR / Voorzieningen en uitgestelde belastingen / Voorzieningen voor grote herstellingswerken en grote onderhoudswerken",
163,Voorzieningen voor milieuverplichtingen,liability,current_liability,credit,0,,"KLASSE 1 : VOORZIENINGEN, UITGESTELDE BELASTINGEN EN SCHULDEN OP MEER DAN ÉÉN JAAR / Voorzieningen en uitgestelde belastingen",Liability,,,"KLASSE 1 : VOORZIENINGEN, UITGESTELDE BELASTINGEN EN SCHULDEN OP MEER DAN ÉÉN JAAR / Voorzieningen en uitgestelde belastingen / Voorzieningen voor milieuverplichtingen",
168,Uitgestelde belastingen,liability,current_liability,credit,1,,"KLASSE 1 : VOORZIENINGEN, UITGESTELDE BELASTINGEN EN SCHULDEN OP MEER DAN ÉÉN JAAR / Voorzieningen en uitgestelde belastingen",Liability,,,"KLASSE 1 : VOORZIENINGEN, UITGESTELDE BELASTINGEN EN SCHULDEN OP MEER DAN ÉÉN JAAR / Voorzieningen en uitgestelde belastingen / Uitgestelde belastingen",
1680,Uitgestelde belastingen op kapitaalsubsidies,liability,current_liability,credit,0,,"KLASSE 1 : VOORZIENINGEN, UITGESTELDE BELASTINGEN EN SCHULDEN OP MEER DAN ÉÉN JAAR / Voorzieningen en uitgestelde belastingen / Uitgestelde belastingen",Liability,,,"KLASSE 1 : VOORZIENINGEN, UITGESTELDE BELASTINGEN EN SCHULDEN OP MEER DAN ÉÉN JAAR / Voorzieningen en uitgestelde belastingen / Uitgestelde belastingen / Uitgestelde belastingen op kapitaalsubsidies",
1681,Uitgestelde belastingen op gerealiseerde meerwaarden op immateriële vaste activa,liability,current_liability,credit,0,,"KLASSE 1 : VOORZIENINGEN, UITGESTELDE BELASTINGEN EN SCHULDEN OP MEER DAN ÉÉN JAAR / Voorzieningen en uitgestelde belastingen / Uitgestelde belastingen",Liability,,,"KLASSE 1 : VOORZIENINGEN, UITGESTELDE BELASTINGEN EN SCHULDEN OP MEER DAN ÉÉN JAAR / Voorzieningen en uitgestelde belastingen / Uitgestelde belastingen / Uitgestelde belastingen op gerealiseerde meerwaarden op immateriële vaste activa",
1682,Uitgestelde belastingen op gerealiseerde meerwaarden op materiële vaste activa,liability,current_liability,credit,0,,"KLASSE 1 : VOORZIENINGEN, UITGESTELDE BELASTINGEN EN SCHULDEN OP MEER DAN ÉÉN JAAR / Voorzieningen en uitgestelde belastingen / Uitgestelde belastingen",Liability,,,"KLASSE 1 : VOORZIENINGEN, UITGESTELDE BELASTINGEN EN SCHULDEN OP MEER DAN ÉÉN JAAR / Voorzieningen en uitgestelde belastingen / Uitgestelde belastingen / Uitgestelde belastingen op gerealiseerde meerwaarden op materiële vaste activa",
1687,Uitgestelde belastingen op gerealiseerde meerwaarden op effecten die zijn uitgegeven door de Belgische openbare sector,liability,current_liability,credit,0,,"KLASSE 1 : VOORZIENINGEN, UITGESTELDE BELASTINGEN EN SCHULDEN OP MEER DAN ÉÉN JAAR / Voorzieningen en uitgestelde belastingen / Uitgestelde belastingen",Liability,,,"KLASSE 1 : VOORZIENINGEN, UITGESTELDE BELASTINGEN EN SCHULDEN OP MEER DAN ÉÉN JAAR / Voorzieningen en uitgestelde belastingen / Uitgestelde belastingen / Uitgestelde belastingen op gerealiseerde meerwaarden op effecten die zijn uitgegeven door de Belgische openbare sector",
1688,Buitenlandse uitgestelde belastingen,liability,current_liability,credit,0,,"KLASSE 1 : VOORZIENINGEN, UITGESTELDE BELASTINGEN EN SCHULDEN OP MEER DAN ÉÉN JAAR / Voorzieningen en uitgestelde belastingen / Uitgestelde belastingen",Liability,,,"KLASSE 1 : VOORZIENINGEN, UITGESTELDE BELASTINGEN EN SCHULDEN OP MEER DAN ÉÉN JAAR / Voorzieningen en uitgestelde belastingen / Uitgestelde belastingen / Buitenlandse uitgestelde belastingen",
17,Schulden op meer dan één jaar,liability,current_liability,credit,1,,"KLASSE 1 : VOORZIENINGEN, UITGESTELDE BELASTINGEN EN SCHULDEN OP MEER DAN ÉÉN JAAR",Liability,,,"KLASSE 1 : VOORZIENINGEN, UITGESTELDE BELASTINGEN EN SCHULDEN OP MEER DAN ÉÉN JAAR / Schulden op meer dan één jaar",
170,Achtergestelde leningen,liability,current_liability,credit,1,,"KLASSE 1 : VOORZIENINGEN, UITGESTELDE BELASTINGEN EN SCHULDEN OP MEER DAN ÉÉN JAAR / Schulden op meer dan één jaar",Liability,,,"KLASSE 1 : VOORZIENINGEN, UITGESTELDE BELASTINGEN EN SCHULDEN OP MEER DAN ÉÉN JAAR / Schulden op meer dan één jaar / Achtergestelde leningen",
1700,Converteerbaar,liability,current_liability,credit,0,,"KLASSE 1 : VOORZIENINGEN, UITGESTELDE BELASTINGEN EN SCHULDEN OP MEER DAN ÉÉN JAAR / Schulden op meer dan één jaar / Achtergestelde leningen",Liability,,,"KLASSE 1 : VOORZIENINGEN, UITGESTELDE BELASTINGEN EN SCHULDEN OP MEER DAN ÉÉN JAAR / Schulden op meer dan één jaar / Achtergestelde leningen / Converteerbaar",
1701,Niet converteerbaar,liability,current_liability,credit,0,,"KLASSE 1 : VOORZIENINGEN, UITGESTELDE BELASTINGEN EN SCHULDEN OP MEER DAN ÉÉN JAAR / Schulden op meer dan één jaar / Achtergestelde leningen",Liability,,,"KLASSE 1 : VOORZIENINGEN, UITGESTELDE BELASTINGEN EN SCHULDEN OP MEER DAN ÉÉN JAAR / Schulden op meer dan één jaar / Achtergestelde leningen / Niet converteerbaar",
171,Niet-achtergestelde obligatieleningen,liability,current_liability,credit,1,,"KLASSE 1 : VOORZIENINGEN, UITGESTELDE BELASTINGEN EN SCHULDEN OP MEER DAN ÉÉN JAAR / Schulden op meer dan één jaar",Liability,,,"KLASSE 1 : VOORZIENINGEN, UITGESTELDE BELASTINGEN EN SCHULDEN OP MEER DAN ÉÉN JAAR / Schulden op meer dan één jaar / Niet-achtergestelde obligatieleningen",
1710,Converteerbaar,liability,current_liability,credit,0,,"KLASSE 1 : VOORZIENINGEN, UITGESTELDE BELASTINGEN EN SCHULDEN OP MEER DAN ÉÉN JAAR / Schulden op meer dan één jaar / Niet-achtergestelde obligatieleningen",Liability,,,"KLASSE 1 : VOORZIENINGEN, UITGESTELDE BELASTINGEN EN SCHULDEN OP MEER DAN ÉÉN JAAR / Schulden op meer dan één jaar / Niet-achtergestelde obligatieleningen / Converteerbaar",
1711,Niet converteerbaar,liability,current_liability,credit,0,,"KLASSE 1 : VOORZIENINGEN, UITGESTELDE BELASTINGEN EN SCHULDEN OP MEER DAN ÉÉN JAAR / Schulden op meer dan één jaar / Niet-achtergestelde obligatieleningen",Liability,,,"KLASSE 1 : VOORZIENINGEN, UITGESTELDE BELASTINGEN EN SCHULDEN OP MEER DAN ÉÉN JAAR / Schulden op meer dan één jaar / Niet-achtergestelde obligatieleningen / Niet converteerbaar",
172,Leasingschulden en soortgelijke schulden,liability,current_liability,credit,0,,"KLASSE 1 : VOORZIENINGEN, UITGESTELDE BELASTINGEN EN SCHULDEN OP MEER DAN ÉÉN JAAR / Schulden op meer dan één jaar",Liability,,,"KLASSE 1 : VOORZIENINGEN, UITGESTELDE BELASTINGEN EN SCHULDEN OP MEER DAN ÉÉN JAAR / Schulden op meer dan één jaar / Leasingschulden en soortgelijke schulden",
173,Kredietinstellingen,liability,current_liability,credit,1,,"KLASSE 1 : VOORZIENINGEN, UITGESTELDE BELASTINGEN EN SCHULDEN OP MEER DAN ÉÉN JAAR / Schulden op meer dan één jaar",Liability,,,"KLASSE 1 : VOORZIENINGEN, UITGESTELDE BELASTINGEN EN SCHULDEN OP MEER DAN ÉÉN JAAR / Schulden op meer dan één jaar / Kredietinstellingen",
1730,Schulden op rekening,liability,current_liability,credit,0,,"KLASSE 1 : VOORZIENINGEN, UITGESTELDE BELASTINGEN EN SCHULDEN OP MEER DAN ÉÉN JAAR / Schulden op meer dan één jaar / Kredietinstellingen",Liability,,,"KLASSE 1 : VOORZIENINGEN, UITGESTELDE BELASTINGEN EN SCHULDEN OP MEER DAN ÉÉN JAAR / Schulden op meer dan één jaar / Kredietinstellingen / Schulden op rekening",
1731,Promessen,liability,current_liability,credit,0,,"KLASSE 1 : VOORZIENINGEN, UITGESTELDE BELASTINGEN EN SCHULDEN OP MEER DAN ÉÉN JAAR / Schulden op meer dan één jaar / Kredietinstellingen",Liability,,,"KLASSE 1 : VOORZIENINGEN, UITGESTELDE BELASTINGEN EN SCHULDEN OP MEER DAN ÉÉN JAAR / Schulden op meer dan één jaar / Kredietinstellingen / Promessen",
1732,Acceptkredieten,liability,current_liability,credit,0,,"KLASSE 1 : VOORZIENINGEN, UITGESTELDE BELASTINGEN EN SCHULDEN OP MEER DAN ÉÉN JAAR / Schulden op meer dan één jaar / Kredietinstellingen",Liability,,,"KLASSE 1 : VOORZIENINGEN, UITGESTELDE BELASTINGEN EN SCHULDEN OP MEER DAN ÉÉN JAAR / Schulden op meer dan één jaar / Kredietinstellingen / Acceptkredieten",
174,Overige leningen,liability,current_liability,credit,0,,"KLASSE 1 : VOORZIENINGEN, UITGESTELDE BELASTINGEN EN SCHULDEN OP MEER DAN ÉÉN JAAR / Schulden op meer dan één jaar",Liability,,,"KLASSE 1 : VOORZIENINGEN, UITGESTELDE BELASTINGEN EN SCHULDEN OP MEER DAN ÉÉN JAAR / Schulden op meer dan één jaar / Overige leningen",
175,Handelsschulden,liability,current_liability,credit,1,,"KLASSE 1 : VOORZIENINGEN, UITGESTELDE BELASTINGEN EN SCHULDEN OP MEER DAN ÉÉN JAAR / Schulden op meer dan één jaar",Liability,,,"KLASSE 1 : VOORZIENINGEN, UITGESTELDE BELASTINGEN EN SCHULDEN OP MEER DAN ÉÉN JAAR / Schulden op meer dan één jaar / Handelsschulden",
1750,Leveranciers,liability,current_liability,credit,0,,"KLASSE 1 : VOORZIENINGEN, UITGESTELDE BELASTINGEN EN SCHULDEN OP MEER DAN ÉÉN JAAR / Schulden op meer dan één jaar / Handelsschulden",Liability,,,"KLASSE 1 : VOORZIENINGEN, UITGESTELDE BELASTINGEN EN SCHULDEN OP MEER DAN ÉÉN JAAR / Schulden op meer dan één jaar / Handelsschulden / Leveranciers",
1751,Te betalen wissels,liability,current_liability,credit,0,,"KLASSE 1 : VOORZIENINGEN, UITGESTELDE BELASTINGEN EN SCHULDEN OP MEER DAN ÉÉN JAAR / Schulden op meer dan één jaar / Handelsschulden",Liability,,,"KLASSE 1 : VOORZIENINGEN, UITGESTELDE BELASTINGEN EN SCHULDEN OP MEER DAN ÉÉN JAAR / Schulden op meer dan één jaar / Handelsschulden / Te betalen wissels",
176,Vooruitbetalingen op bestellingen,liability,current_liability,credit,0,,"KLASSE 1 : VOORZIENINGEN, UITGESTELDE BELASTINGEN EN SCHULDEN OP MEER DAN ÉÉN JAAR / Schulden op meer dan één jaar",Liability,,,"KLASSE 1 : VOORZIENINGEN, UITGESTELDE BELASTINGEN EN SCHULDEN OP MEER DAN ÉÉN JAAR / Schulden op meer dan één jaar / Vooruitbetalingen op bestellingen",
178,Borgtochten ontvangen in contanten,liability,current_liability,credit,0,,"KLASSE 1 : VOORZIENINGEN, UITGESTELDE BELASTINGEN EN SCHULDEN OP MEER DAN ÉÉN JAAR / Schulden op meer dan één jaar",Liability,,,"KLASSE 1 : VOORZIENINGEN, UITGESTELDE BELASTINGEN EN SCHULDEN OP MEER DAN ÉÉN JAAR / Schulden op meer dan één jaar / Borgtochten ontvangen in contanten",
179,Overige schulden,liability,current_liability,credit,0,,"KLASSE 1 : VOORZIENINGEN, UITGESTELDE BELASTINGEN EN SCHULDEN OP MEER DAN ÉÉN JAAR / Schulden op meer dan één jaar",Liability,,,"KLASSE 1 : VOORZIENINGEN, UITGESTELDE BELASTINGEN EN SCHULDEN OP MEER DAN ÉÉN JAAR / Schulden op meer dan één jaar / Overige schulden",
19,Voorschot aan de vennoten op de verdeling van het netto-actief (-),liability,current_liability,credit,0,,"KLASSE 1 : VOORZIENINGEN, UITGESTELDE BELASTINGEN EN SCHULDEN OP MEER DAN ÉÉN JAAR",Liability,,,"KLASSE 1 : VOORZIENINGEN, UITGESTELDE BELASTINGEN EN SCHULDEN OP MEER DAN ÉÉN JAAR / Voorschot aan de vennoten op de verdeling van het netto-actief (-)",
,"KLASSE 2 : OPRICHTINGSKOSTEN, VASTE ACTIVA EN VORDERINGEN OP MEER DAN ÉÉN JAAR",asset,group,debit,1,,,,,,"KLASSE 2 : OPRICHTINGSKOSTEN, VASTE ACTIVA EN VORDERINGEN OP MEER DAN ÉÉN JAAR",
20,Oprichtingskosten,asset,fixed_asset,debit,1,,"KLASSE 2 : OPRICHTINGSKOSTEN, VASTE ACTIVA EN VORDERINGEN OP MEER DAN ÉÉN JAAR",Fixed Asset,,,"KLASSE 2 : OPRICHTINGSKOSTEN, VASTE ACTIVA EN VORDERINGEN OP MEER DAN ÉÉN JAAR / Oprichtingskosten",
200,"Kosten van oprichting, kapitaalverhoging of verhoging van de inbreng",asset,fixed_asset,debit,0,,"KLASSE 2 : OPRICHTINGSKOSTEN, VASTE ACTIVA EN VORDERINGEN OP MEER DAN ÉÉN JAAR / Oprichtingskosten",Fixed Asset,,,"KLASSE 2 : OPRICHTINGSKOSTEN, VASTE ACTIVA EN VORDERINGEN OP MEER DAN ÉÉN JAAR / Oprichtingskosten / Kosten van oprichting, kapitaalverhoging of verhoging van de inbreng",
201,Kosten bij uitgifte van leningen,asset,fixed_asset,debit,0,,"KLASSE 2 : OPRICHTINGSKOSTEN, VASTE ACTIVA EN VORDERINGEN OP MEER DAN ÉÉN JAAR / Oprichtingskosten",Fixed Asset,,,"KLASSE 2 : OPRICHTINGSKOSTEN, VASTE ACTIVA EN VORDERINGEN OP MEER DAN ÉÉN JAAR / Oprichtingskosten / Kosten bij uitgifte van leningen",
202,Overige oprichtingskosten,asset,fixed_asset,debit,0,,"KLASSE 2 : OPRICHTINGSKOSTEN, VASTE ACTIVA EN VORDERINGEN OP MEER DAN ÉÉN JAAR / Oprichtingskosten",Fixed Asset,,,"KLASSE 2 : OPRICHTINGSKOSTEN, VASTE ACTIVA EN VORDERINGEN OP MEER DAN ÉÉN JAAR / Oprichtingskosten / Overige oprichtingskosten",
204,Herstructureringskosten,asset,fixed_asset,debit,0,,"KLASSE 2 : OPRICHTINGSKOSTEN, VASTE ACTIVA EN VORDERINGEN OP MEER DAN ÉÉN JAAR / Oprichtingskosten",Fixed Asset,,,"KLASSE 2 : OPRICHTINGSKOSTEN, VASTE ACTIVA EN VORDERINGEN OP MEER DAN ÉÉN JAAR / Oprichtingskosten / Herstructureringskosten",
21,Immateriële vaste activa,asset,fixed_asset,debit,1,,"KLASSE 2 : OPRICHTINGSKOSTEN, VASTE ACTIVA EN VORDERINGEN OP MEER DAN ÉÉN JAAR",Fixed Asset,,,"KLASSE 2 : OPRICHTINGSKOSTEN, VASTE ACTIVA EN VORDERINGEN OP MEER DAN ÉÉN JAAR / Immateriële vaste activa",
210,Kosten van onderzoek en ontwikkeling,asset,fixed_asset,debit,0,,"KLASSE 2 : OPRICHTINGSKOSTEN, VASTE ACTIVA EN VORDERINGEN OP MEER DAN ÉÉN JAAR / Immateriële vaste activa",Fixed Asset,,,"KLASSE 2 : OPRICHTINGSKOSTEN, VASTE ACTIVA EN VORDERINGEN OP MEER DAN ÉÉN JAAR / Immateriële vaste activa / Kosten van onderzoek en ontwikkeling",
211,"Concessies, octrooien, licenties, know-how, merken en soortgelijke rechten",asset,fixed_asset,debit,0,,"KLASSE 2 : OPRICHTINGSKOSTEN, VASTE ACTIVA EN VORDERINGEN OP MEER DAN ÉÉN JAAR / Immateriële vaste activa",Fixed Asset,,,"KLASSE 2 : OPRICHTINGSKOSTEN, VASTE ACTIVA EN VORDERINGEN OP MEER DAN ÉÉN JAAR / Immateriële vaste activa / Concessies, octrooien, licenties, know-how, merken en soortgelijke rechten",
212,Goodwill,asset,fixed_asset,debit,0,,"KLASSE 2 : OPRICHTINGSKOSTEN, VASTE ACTIVA EN VORDERINGEN OP MEER DAN ÉÉN JAAR / Immateriële vaste activa",Fixed Asset,,,"KLASSE 2 : OPRICHTINGSKOSTEN, VASTE ACTIVA EN VORDERINGEN OP MEER DAN ÉÉN JAAR / Immateriële vaste activa / Goodwill",
213,Vooruitbetalingen,asset,fixed_asset,debit,0,,"KLASSE 2 : OPRICHTINGSKOSTEN, VASTE ACTIVA EN VORDERINGEN OP MEER DAN ÉÉN JAAR / Immateriële vaste activa",Fixed Asset,,,"KLASSE 2 : OPRICHTINGSKOSTEN, VASTE ACTIVA EN VORDERINGEN OP MEER DAN ÉÉN JAAR / Immateriële vaste activa / Vooruitbetalingen",
219,Geboekte afschrijvingen en waardeverminderingen (-),asset,accumulated_depreciation,credit,0,,"KLASSE 2 : OPRICHTINGSKOSTEN, VASTE ACTIVA EN VORDERINGEN OP MEER DAN ÉÉN JAAR / Immateriële vaste activa",Accumulated Depreciation,,,"KLASSE 2 : OPRICHTINGSKOSTEN, VASTE ACTIVA EN VORDERINGEN OP MEER DAN ÉÉN JAAR / Immateriële vaste activa / Geboekte afschrijvingen en waardeverminderingen (-)",contra
22,Terreinen en gebouwen,asset,fixed_asset,debit,1,,"KLASSE 2 : OPRICHTINGSKOSTEN, VASTE ACTIVA EN VORDERINGEN OP MEER DAN ÉÉN JAAR",Fixed Asset,,,"KLASSE 2 : OPRICHTINGSKOSTEN, VASTE ACTIVA EN VORDERINGEN OP MEER DAN ÉÉN JAAR / Terreinen en gebouwen",
220,Terreinen,asset,fixed_asset,debit,0,,"KLASSE 2 : OPRICHTINGSKOSTEN, VASTE ACTIVA EN VORDERINGEN OP MEER DAN ÉÉN JAAR / Terreinen en gebouwen",Fixed Asset,,,"KLASSE 2 : OPRICHTINGSKOSTEN, VASTE ACTIVA EN VORDERINGEN OP MEER DAN ÉÉN JAAR / Terreinen en gebouwen / Terreinen",
221,Gebouwen,asset,fixed_asset,debit,0,,"KLASSE 2 : OPRICHTINGSKOSTEN, VASTE ACTIVA EN VORDERINGEN OP MEER DAN ÉÉN JAAR / Terreinen en gebouwen",Fixed Asset,,,"KLASSE 2 : OPRICHTINGSKOSTEN, VASTE ACTIVA EN VORDERINGEN OP MEER DAN ÉÉN JAAR / Terreinen en gebouwen / Gebouwen",
222,Bebouwde terreinen,asset,fixed_asset,debit,0,,"KLASSE 2 : OPRICHTINGSKOSTEN, VASTE ACTIVA EN VORDERINGEN OP MEER DAN ÉÉN JAAR / Terreinen en gebouwen",Fixed Asset,,,"KLASSE 2 : OPRICHTINGSKOSTEN, VASTE ACTIVA EN VORDERINGEN OP MEER DAN ÉÉN JAAR / Terreinen en gebouwen / Bebouwde terreinen",
223,Overige zakelijke rechten op onroerende goederen,asset,fixed_asset,debit,0,,"KLASSE 2 : OPRICHTINGSKOSTEN, VASTE ACTIVA EN VORDERINGEN OP MEER DAN ÉÉN JAAR / Terreinen en gebouwen",Fixed Asset,,,"KLASSE 2 : OPRICHTINGSKOSTEN, VASTE ACTIVA EN VORDERINGEN OP MEER DAN ÉÉN JAAR / Terreinen en gebouwen / Overige zakelijke rechten op onroerende goederen",
229,Geboekte afschrijvingen en waardeverminderingen (-),asset,accumulated_depreciation,credit,0,,"KLASSE 2 : OPRICHTINGSKOSTEN, VASTE ACTIVA EN VORDERINGEN OP MEER DAN ÉÉN JAAR / Terreinen en gebouwen",Accumulated Depreciation,,,"KLASSE 2 : OPRICHTINGSKOSTEN, VASTE ACTIVA EN VORDERINGEN OP MEER DAN ÉÉN JAAR / Terreinen en gebouwen / Geboekte afschrijvingen en waardeverminderingen (-)",contra
23,"Installaties, machines en uitrusting",asset,fixed_asset,debit,0,,"KLASSE 2 : OPRICHTINGSKOSTEN, VASTE ACTIVA EN VORDERINGEN OP MEER DAN ÉÉN JAAR",Fixed Asset,,,"KLASSE 2 : OPRICHTINGSKOSTEN, VASTE ACTIVA EN VORDERINGEN OP MEER DAN ÉÉN JAAR / Installaties, machines en uitrusting",
24,Meubilair en rollend materieel,asset,fixed_asset,debit,0,,"KLASSE 2 : OPRICHTINGSKOSTEN, VASTE ACTIVA EN VORDERINGEN OP MEER DAN ÉÉN JAAR",Fixed Asset,,,"KLASSE 2 : OPRICHTINGSKOSTEN, VASTE ACTIVA EN VORDERINGEN OP MEER DAN ÉÉN JAAR / Meubilair en rollend materieel",
25,Vaste activa in leasing of op grond van een soortgelijk recht,asset,fixed_asset,debit,1,,"KLASSE 2 : OPRICHTINGSKOSTEN, VASTE ACTIVA EN VORDERINGEN OP MEER DAN ÉÉN JAAR",Fixed Asset,,,"KLASSE 2 : OPRICHTINGSKOSTEN, VASTE ACTIVA EN VORDERINGEN OP MEER DAN ÉÉN JAAR / Vaste activa in leasing of op grond van een soortgelijk recht",
250,Terreinen en gebouwen,asset,fixed_asset,debit,0,,"KLASSE 2 : OPRICHTINGSKOSTEN, VASTE ACTIVA EN VORDERINGEN OP MEER DAN ÉÉN JAAR / Vaste activa in leasing of op grond van een soortgelijk recht",Fixed Asset,,,"KLASSE 2 : OPRICHTINGSKOSTEN, VASTE ACTIVA EN VORDERINGEN OP MEER DAN ÉÉN JAAR / Vaste activa in leasing of op grond van een soortgelijk recht / Terreinen en gebouwen",
251,"Installaties, machines en uitrusting",asset,fixed_asset,debit,0,,"KLASSE 2 : OPRICHTINGSKOSTEN, VASTE ACTIVA EN VORDERINGEN OP MEER DAN ÉÉN JAAR / Vaste activa in leasing of op grond van een soortgelijk recht",Fixed Asset,,,"KLASSE 2 : OPRICHTINGSKOSTEN, VASTE ACTIVA EN VORDERINGEN OP MEER DAN ÉÉN JAAR / Vaste activa in leasing of op grond van een soortgelijk recht / Installaties, machines en uitrusting",
252,Meubilair en rollend materieel,asset,fixed_asset,debit,0,,"KLASSE 2 : OPRICHTINGSKOSTEN, VASTE ACTIVA EN VORDERINGEN OP MEER DAN ÉÉN JAAR / Vaste activa in leasing of op grond van een soortgelijk recht",Fixed Asset,,,"KLASSE 2 : OPRICHTINGSKOSTEN, VASTE ACTIVA EN VORDERINGEN OP MEER DAN ÉÉN JAAR / Vaste activa in leasing of op grond van een soortgelijk recht / Meubilair en rollend materieel",
259,Geboekte afschrijvingen en waardeverminderingen (-),asset,accumulated_depreciation,credit,0,,"KLASSE 2 : OPRICHTINGSKOSTEN, VASTE ACTIVA EN VORDERINGEN OP MEER DAN ÉÉN JAAR / Vaste activa in leasing of op grond van een soortgelijk recht",Accumulated Depreciation,,,"KLASSE 2 : OPRICHTINGSKOSTEN, VASTE ACTIVA EN VORDERINGEN OP MEER DAN ÉÉN JAAR / Vaste activa in leasing of op grond van een soortgelijk recht / Geboekte afschrijvingen en waardeverminderingen (-)",contra
26,Overige materiële vaste activa,asset,fixed_asset,debit,0,,"KLASSE 2 : OPRICHTINGSKOSTEN, VASTE ACTIVA EN VORDERINGEN OP MEER DAN ÉÉN JAAR",Fixed Asset,,,"KLASSE 2 : OPRICHTINGSKOSTEN, VASTE ACTIVA EN VORDERINGEN OP MEER DAN ÉÉN JAAR / Overige materiële vaste activa",
27,Vaste activa in aanbouw en vooruitbetalingen,asset,fixed_asset,debit,0,,"KLASSE 2 : OPRICHTINGSKOSTEN, VASTE ACTIVA EN VORDERINGEN OP MEER DAN ÉÉN JAAR",Fixed Asset,,,"KLASSE 2 : OPRICHTINGSKOSTEN, VASTE ACTIVA EN VORDERINGEN OP MEER DAN ÉÉN JAAR / Vaste activa in aanbouw en vooruitbetalingen",
28,Financiële vaste activa,asset,fixed_asset,debit,1,,"KLASSE 2 : OPRICHTINGSKOSTEN, VASTE ACTIVA EN VORDERINGEN OP MEER DAN ÉÉN JAAR",Fixed Asset,,,"KLASSE 2 : OPRICHTINGSKOSTEN, VASTE ACTIVA EN VORDERINGEN OP MEER DAN ÉÉN JAAR / Financiële vaste activa",
280,Deelnemingen in verbonden ondernemingen,asset,fixed_asset,debit,1,,"KLASSE 2 : OPRICHTINGSKOSTEN, VASTE ACTIVA EN VORDERINGEN OP MEER DAN ÉÉN JAAR / Financiële vaste activa",Fixed Asset,,,"KLASSE 2 : OPRICHTINGSKOSTEN, VASTE ACTIVA EN VORDERINGEN OP MEER DAN ÉÉN JAAR / Financiële vaste activa / Deelnemingen in verbonden ondernemingen",
2800,Aanschaffingswaarde,asset,fixed_asset,debit,0,,"KLASSE 2 : OPRICHTINGSKOSTEN, VASTE ACTIVA EN VORDERINGEN OP MEER DAN ÉÉN JAAR / Financiële vaste activa / Deelnemingen in verbonden ondernemingen",Fixed Asset,,,"KLASSE 2 : OPRICHTINGSKOSTEN, VASTE ACTIVA EN VORDERINGEN OP MEER DAN ÉÉN JAAR / Financiële vaste activa / Deelnemingen in verbonden ondernemingen / Aanschaffingswaarde",
2801,Nog te storten bedragen (-),asset,fixed_asset,debit,0,,"KLASSE 2 : OPRICHTINGSKOSTEN, VASTE ACTIVA EN VORDERINGEN OP MEER DAN ÉÉN JAAR / Financiële vaste activa / Deelnemingen in verbonden ondernemingen",Fixed Asset,,,"KLASSE 2 : OPRICHTINGSKOSTEN, VASTE ACTIVA EN VORDERINGEN OP MEER DAN ÉÉN JAAR / Financiële vaste activa / Deelnemingen in verbonden ondernemingen / Nog te storten bedragen (-)",
2808,Geboekte meerwaarden,asset,fixed_asset,debit,0,,"KLASSE 2 : OPRICHTINGSKOSTEN, VASTE ACTIVA EN VORDERINGEN OP MEER DAN ÉÉN JAAR / Financiële vaste activa / Deelnemingen in verbonden ondernemingen",Fixed Asset,,,"KLASSE 2 : OPRICHTINGSKOSTEN, VASTE ACTIVA EN VORDERINGEN OP MEER DAN ÉÉN JAAR / Financiële vaste activa / Deelnemingen in verbonden ondernemingen / Geboekte meerwaarden",
2809,Geboekte waardeverminderingen (-),asset,fixed_asset,debit,0,,"KLASSE 2 : OPRICHTINGSKOSTEN, VASTE ACTIVA EN VORDERINGEN OP MEER DAN ÉÉN JAAR / Financiële vaste activa / Deelnemingen in verbonden ondernemingen",Fixed Asset,,,"KLASSE 2 : OPRICHTINGSKOSTEN, VASTE ACTIVA EN VORDERINGEN OP MEER DAN ÉÉN JAAR / Financiële vaste activa / Deelnemingen in verbonden ondernemingen / Geboekte waardeverminderingen (-)",
281,Vorderingen op verbonden ondernemingen,asset,fixed_asset,debit,1,,"KLASSE 2 : OPRICHTINGSKOSTEN, VASTE ACTIVA EN VORDERINGEN OP MEER DAN ÉÉN JAAR / Financiële vaste activa",Fixed Asset,,,"KLASSE 2 : OPRICHTINGSKOSTEN, VASTE ACTIVA EN VORDERINGEN OP MEER DAN ÉÉN JAAR / Financiële vaste activa / Vorderingen op verbonden ondernemingen",
2810,Vorderingen op rekening,asset,fixed_asset,debit,0,,"KLASSE 2 : OPRICHTINGSKOSTEN, VASTE ACTIVA EN VORDERINGEN OP MEER DAN ÉÉN JAAR / Financiële vaste activa / Vorderingen op verbonden ondernemingen",Fixed Asset,,,"KLASSE 2 : OPRICHTINGSKOSTEN, VASTE ACTIVA EN VORDERINGEN OP MEER DAN ÉÉN JAAR / Financiële vaste activa / Vorderingen op verbonden ondernemingen / Vorderingen op rekening",
2811,Te innen wissels,asset,fixed_asset,debit,0,,"KLASSE 2 : OPRICHTINGSKOSTEN, VASTE ACTIVA EN VORDERINGEN OP MEER DAN ÉÉN JAAR / Financiële vaste activa / Vorderingen op verbonden ondernemingen",Fixed Asset,,,"KLASSE 2 : OPRICHTINGSKOSTEN, VASTE ACTIVA EN VORDERINGEN OP MEER DAN ÉÉN JAAR / Financiële vaste activa / Vorderingen op verbonden ondernemingen / Te innen wissels",
2812,Vastrentende effecten,asset,fixed_asset,debit,0,,"KLASSE 2 : OPRICHTINGSKOSTEN, VASTE ACTIVA EN VORDERINGEN OP MEER DAN ÉÉN JAAR / Financiële vaste activa / Vorderingen op verbonden ondernemingen",Fixed Asset,,,"KLASSE 2 : OPRICHTINGSKOSTEN, VASTE ACTIVA EN VORDERINGEN OP MEER DAN ÉÉN JAAR / Financiële vaste activa / Vorderingen op verbonden ondernemingen / Vastrentende effecten",
2817,Dubieuze debiteuren,asset,fixed_asset,debit,0,,"KLASSE 2 : OPRICHTINGSKOSTEN, VASTE ACTIVA EN VORDERINGEN OP MEER DAN ÉÉN JAAR / Financiële vaste activa / Vorderingen op verbonden ondernemingen",Fixed Asset,,,"KLASSE 2 : OPRICHTINGSKOSTEN, VASTE ACTIVA EN VORDERINGEN OP MEER DAN ÉÉN JAAR / Financiële vaste activa / Vorderingen op verbonden ondernemingen / Dubieuze debiteuren",
2819,Geboekte waardeverminderingen (-),asset,fixed_asset,debit,0,,"KLASSE 2 : OPRICHTINGSKOSTEN, VASTE ACTIVA EN VORDERINGEN OP MEER DAN ÉÉN JAAR / Financiële vaste activa / Vorderingen op verbonden ondernemingen",Fixed Asset,,,"KLASSE 2 : OPRICHTINGSKOSTEN, VASTE ACTIVA EN VORDERINGEN OP MEER DAN ÉÉN JAAR / Financiële vaste activa / Vorderingen op verbonden ondernemingen / Geboekte waardeverminderingen (-)",
282,Deelnemingen in ondernemingen waarmee een deelnemingsverhouding bestaat,asset,fixed_asset,debit,1,,"KLASSE 2 : OPRICHTINGSKOSTEN, VASTE ACTIVA EN VORDERINGEN OP MEER DAN ÉÉN JAAR / Financiële vaste activa",Fixed Asset,,,"KLASSE 2 : OPRICHTINGSKOSTEN, VASTE ACTIVA EN VORDERINGEN OP MEER DAN ÉÉN JAAR / Financiële vaste activa / Deelnemingen in ondernemingen waarmee een deelnemingsverhouding bestaat",
2820,Aanschaffingswaarde,asset,fixed_asset,debit,0,,"KLASSE 2 : OPRICHTINGSKOSTEN, VASTE ACTIVA EN VORDERINGEN OP MEER DAN ÉÉN JAAR / Financiële vaste activa / Deelnemingen in ondernemingen waarmee een deelnemingsverhouding bestaat",Fixed Asset,,,"KLASSE 2 : OPRICHTINGSKOSTEN, VASTE ACTIVA EN VORDERINGEN OP MEER DAN ÉÉN JAAR / Financiële vaste activa / Deelnemingen in ondernemingen waarmee een deelnemingsverhouding bestaat / Aanschaffingswaarde",
2821,Nog te storten bedragen (-),asset,fixed_asset,debit,0,,"KLASSE 2 : OPRICHTINGSKOSTEN, VASTE ACTIVA EN VORDERINGEN OP MEER DAN ÉÉN JAAR / Financiële vaste activa / Deelnemingen in ondernemingen waarmee een deelnemingsverhouding bestaat",Fixed Asset,,,"KLASSE 2 : OPRICHTINGSKOSTEN, VASTE ACTIVA EN VORDERINGEN OP MEER DAN ÉÉN JAAR / Financiële vaste activa / Deelnemingen in ondernemingen waarmee een deelnemingsverhouding bestaat / Nog te storten bedragen (-)",
2828,Geboekte meerwaarden,asset,fixed_asset,debit,0,,"KLASSE 2 : OPRICHTINGSKOSTEN, VASTE ACTIVA EN VORDERINGEN OP MEER DAN ÉÉN JAAR / Financiële vaste activa / Deelnemingen in ondernemingen waarmee een deelnemingsverhouding bestaat",Fixed Asset,,,"KLASSE 2 : OPRICHTINGSKOSTEN, VASTE ACTIVA EN VORDERINGEN OP MEER DAN ÉÉN JAAR / Financiële vaste activa / Deelnemingen in ondernemingen waarmee een deelnemingsverhouding bestaat / Geboekte meerwaarden",
2829,Geboekte waardeverminderingen (-),asset,fixed_asset,debit,0,,"KLASSE 2 : OPRICHTINGSKOSTEN, VASTE ACTIVA EN VORDERINGEN OP MEER DAN ÉÉN JAAR / Financiële vaste activa / Deelnemingen in ondernemingen waarmee een deelnemingsverhouding bestaat",Fixed Asset,,,"KLASSE 2 : OPRICHTINGSKOSTEN, VASTE ACTIVA EN VORDERINGEN OP MEER DAN ÉÉN JAAR / Financiële vaste activa / Deelnemingen in ondernemingen waarmee een deelnemingsverhouding bestaat / Geboekte waardeverminderingen (-)",
283,Vorderingen op ondernemingen waarmee een deelnemingsverhouding bestaat,asset,fixed_asset,debit,1,,"KLASSE 2 : OPRICHTINGSKOSTEN, VASTE ACTIVA EN VORDERINGEN OP MEER DAN ÉÉN JAAR / Financiële vaste activa",Fixed Asset,,,"KLASSE 2 : OPRICHTINGSKOSTEN, VASTE ACTIVA EN VORDERINGEN OP MEER DAN ÉÉN JAAR / Financiële vaste activa / Vorderingen op ondernemingen waarmee een deelnemingsverhouding bestaat",
2830,Vorderingen op rekening,asset,fixed_asset,debit,0,,"KLASSE 2 : OPRICHTINGSKOSTEN, VASTE ACTIVA EN VORDERINGEN OP MEER DAN ÉÉN JAAR / Financiële vaste activa / Vorderingen op ondernemingen waarmee een deelnemingsverhouding bestaat",Fixed Asset,,,"KLASSE 2 : OPRICHTINGSKOSTEN, VASTE ACTIVA EN VORDERINGEN OP MEER DAN ÉÉN JAAR / Financiële vaste activa / Vorderingen op ondernemingen waarmee een deelnemingsverhouding bestaat / Vorderingen op rekening",
2831,Te innen wissels,asset,fixed_asset,debit,0,,"KLASSE 2 : OPRICHTINGSKOSTEN, VASTE ACTIVA EN VORDERINGEN OP MEER DAN ÉÉN JAAR / Financiële vaste activa / Vorderingen op ondernemingen waarmee een deelnemingsverhouding bestaat",Fixed Asset,,,"KLASSE 2 : OPRICHTINGSKOSTEN, VASTE ACTIVA EN VORDERINGEN OP MEER DAN ÉÉN JAAR / Financiële vaste activa / Vorderingen op ondernemingen waarmee een deelnemingsverhouding bestaat / Te innen wissels",
2832,Vastrentende effecten,asset,fixed_asset,debit,0,,"KLASSE 2 : OPRICHTINGSKOSTEN, VASTE ACTIVA EN VORDERINGEN OP MEER DAN ÉÉN JAAR / Financiële vaste activa / Vorderingen op ondernemingen waarmee een deelnemingsverhouding bestaat",Fixed Asset,,,"KLASSE 2 : OPRICHTINGSKOSTEN, VASTE ACTIVA EN VORDERINGEN OP MEER DAN ÉÉN JAAR / Financiële vaste activa / Vorderingen op ondernemingen waarmee een deelnemingsverhouding bestaat / Vastrentende effecten",
2837,Dubieuze debiteuren,asset,fixed_asset,debit,0,,"KLASSE 2 : OPRICHTINGSKOSTEN, VASTE ACTIVA EN VORDERINGEN OP MEER DAN ÉÉN JAAR / Financiële vaste activa / Vorderingen op ondernemingen waarmee een deelnemingsverhouding bestaat",Fixed Asset,,,"KLASSE 2 : OPRICHTINGSKOSTEN, VASTE ACTIVA EN VORDERINGEN OP MEER DAN ÉÉN JAAR / Financiële vaste activa / Vorderingen op ondernemingen waarmee een deelnemingsverhouding bestaat / Dubieuze debiteuren",
2839,Geboekte waardeverminderingen (-),asset,fixed_asset,debit,0,,"KLASSE 2 : OPRICHTINGSKOSTEN, VASTE ACTIVA EN VORDERINGEN OP MEER DAN ÉÉN JAAR / Financiële vaste activa / Vorderingen op ondernemingen waarmee een deelnemingsverhouding bestaat",Fixed Asset,,,"KLASSE 2 : OPRICHTINGSKOSTEN, VASTE ACTIVA EN VORDERINGEN OP MEER DAN ÉÉN JAAR / Financiële vaste activa / Vorderingen op ondernemingen waarmee een deelnemingsverhouding bestaat / Geboekte waardeverminderingen (-)",
284,Andere aandelen,asset,fixed_asset,debit,1,,"KLASSE 2 : OPRICHTINGSKOSTEN, VASTE ACTIVA EN VORDERINGEN OP MEER DAN ÉÉN JAAR / Financiële vaste activa",Fixed Asset,,,"KLASSE 2 : OPRICHTINGSKOSTEN, VASTE ACTIVA EN VORDERINGEN OP MEER DAN ÉÉN JAAR / Financiële vaste activa / Andere aandelen",
2840,Aanschaffingswaarde,asset,fixed_asset,debit,0,,"KLASSE 2 : OPRICHTINGSKOSTEN, VASTE ACTIVA EN VORDERINGEN OP MEER DAN ÉÉN JAAR / Financiële vaste activa / Andere aandelen",Fixed Asset,,,"KLASSE 2 : OPRICHTINGSKOSTEN, VASTE ACTIVA EN VORDERINGEN OP MEER DAN ÉÉN JAAR / Financiële vaste activa / Andere aandelen / Aanschaffingswaarde",
2841,Nog te storten bedragen (-),asset,fixed_asset,debit,0,,"KLASSE 2 : OPRICHTINGSKOSTEN, VASTE ACTIVA EN VORDERINGEN OP MEER DAN ÉÉN JAAR / Financiële vaste activa / Andere aandelen",Fixed Asset,,,"KLASSE 2 : OPRICHTINGSKOSTEN, VASTE ACTIVA EN VORDERINGEN OP MEER DAN ÉÉN JAAR / Financiële vaste activa / Andere aandelen / Nog te storten bedragen (-)",
2848,Geboekte meerwaarden,asset,fixed_asset,debit,0,,"KLASSE 2 : OPRICHTINGSKOSTEN, VASTE ACTIVA EN VORDERINGEN OP MEER DAN ÉÉN JAAR / Financiële vaste activa / Andere aandelen",Fixed Asset,,,"KLASSE 2 : OPRICHTINGSKOSTEN, VASTE ACTIVA EN VORDERINGEN OP MEER DAN ÉÉN JAAR / Financiële vaste activa / Andere aandelen / Geboekte meerwaarden",
2849,Geboekte waardeverminderingen (-),asset,fixed_asset,debit,0,,"KLASSE 2 : OPRICHTINGSKOSTEN, VASTE ACTIVA EN VORDERINGEN OP MEER DAN ÉÉN JAAR / Financiële vaste activa / Andere aandelen",Fixed Asset,,,"KLASSE 2 : OPRICHTINGSKOSTEN, VASTE ACTIVA EN VORDERINGEN OP MEER DAN ÉÉN JAAR / Financiële vaste activa / Andere aandelen / Geboekte waardeverminderingen (-)",
285,Overige vorderingen,asset,fixed_asset,debit,1,,"KLASSE 2 : OPRICHTINGSKOSTEN, VASTE ACTIVA EN VORDERINGEN OP MEER DAN ÉÉN JAAR / Financiële vaste activa",Fixed Asset,,,"KLASSE 2 : OPRICHTINGSKOSTEN, VASTE ACTIVA EN VORDERINGEN OP MEER DAN ÉÉN JAAR / Financiële vaste activa / Overige vorderingen",
2850,Vorderingen op rekening,asset,fixed_asset,debit,0,,"KLASSE 2 : OPRICHTINGSKOSTEN, VASTE ACTIVA EN VORDERINGEN OP MEER DAN ÉÉN JAAR / Financiële vaste activa / Overige vorderingen",Fixed Asset,,,"KLASSE 2 : OPRICHTINGSKOSTEN, VASTE ACTIVA EN VORDERINGEN OP MEER DAN ÉÉN JAAR / Financiële vaste activa / Overige vorderingen / Vorderingen op rekening",
2851,Te innen wissels,asset,fixed_asset,debit,0,,"KLASSE 2 : OPRICHTINGSKOSTEN, VASTE ACTIVA EN VORDERINGEN OP MEER DAN ÉÉN JAAR / Financiële vaste activa / Overige vorderingen",Fixed Asset,,,"KLASSE 2 : OPRICHTINGSKOSTEN, VASTE ACTIVA EN VORDERINGEN OP MEER DAN ÉÉN JAAR / Financiële vaste activa / Overige vorderingen / Te innen wissels",
2852,Vastrentende effecten,asset,fixed_asset,debit,0,,"KLASSE 2 : OPRICHTINGSKOSTEN, VASTE ACTIVA EN VORDERINGEN OP MEER DAN ÉÉN JAAR / Financiële vaste activa / Overige vorderingen",Fixed Asset,,,"KLASSE 2 : OPRICHTINGSKOSTEN, VASTE ACTIVA EN VORDERINGEN OP MEER DAN ÉÉN JAAR / Financiële vaste activa / Overige vorderingen / Vastrentende effecten",
2857,Dubieuze debiteuren,asset,fixed_asset,debit,0,,"KLASSE 2 : OPRICHTINGSKOSTEN, VASTE ACTIVA EN VORDERINGEN OP MEER DAN ÉÉN JAAR / Financiële vaste activa / Overige vorderingen",Fixed Asset,,,"KLASSE 2 : OPRICHTINGSKOSTEN, VASTE ACTIVA EN VORDERINGEN OP MEER DAN ÉÉN JAAR / Financiële vaste activa / Overige vorderingen / Dubieuze debiteuren",
2859,Geboekte waardeverminderingen (-),asset,fixed_asset,debit,0,,"KLASSE 2 : OPRICHTINGSKOSTEN, VASTE ACTIVA EN VORDERINGEN OP MEER DAN ÉÉN JAAR / Financiële vaste activa / Overige vorderingen",Fixed Asset,,,"KLASSE 2 : OPRICHTINGSKOSTEN, VASTE ACTIVA EN VORDERINGEN OP MEER DAN ÉÉN JAAR / Financiële vaste activa / Overige vorderingen / Geboekte waardeverminderingen (-)",
288,Borgtochten betaald in contanten,asset,fixed_asset,debit,0,,"KLASSE 2 : OPRICHTINGSKOSTEN, VASTE ACTIVA EN VORDERINGEN OP MEER DAN ÉÉN JAAR / Financiële vaste activa",Fixed Asset,,,"KLASSE 2 : OPRICHTINGSKOSTEN, VASTE ACTIVA EN VORDERINGEN OP MEER DAN ÉÉN JAAR / Financiële vaste activa / Borgtochten betaald in contanten",
29,Vorderingen op meer dan één jaar,asset,group,debit,1,,"KLASSE 2 : OPRICHTINGSKOSTEN, VASTE ACTIVA EN VORDERINGEN OP MEER DAN ÉÉN JAAR",,,,"KLASSE 2 : OPRICHTINGSKOSTEN, VASTE ACTIVA EN VORDERINGEN OP MEER DAN ÉÉN JAAR / Vorderingen op meer dan één jaar",
290,Handelsvorderingen,asset,group,debit,1,,"KLASSE 2 : OPRICHTINGSKOSTEN, VASTE ACTIVA EN VORDERINGEN OP MEER DAN ÉÉN JAAR / Vorderingen op meer dan één jaar",,,,"KLASSE 2 : OPRICHTINGSKOSTEN, VASTE ACTIVA EN VORDERINGEN OP MEER DAN ÉÉN JAAR / Vorderingen op meer dan één jaar / Handelsvorderingen",
2900,Handelsdebiteuren,asset,unspecified,debit,0,,"KLASSE 2 : OPRICHTINGSKOSTEN, VASTE ACTIVA EN VORDERINGEN OP MEER DAN ÉÉN JAAR / Vorderingen op meer dan één jaar / Handelsvorderingen",,,,"KLASSE 2 : OPRICHTINGSKOSTEN, VASTE ACTIVA EN VORDERINGEN OP MEER DAN ÉÉN JAAR / Vorderingen op meer dan één jaar / Handelsvorderingen / Handelsdebiteuren",
2901,Te innen wissels,asset,unspecified,debit,0,,"KLASSE 2 : OPRICHTINGSKOSTEN, VASTE ACTIVA EN VORDERINGEN OP MEER DAN ÉÉN JAAR / Vorderingen op meer dan één jaar / Handelsvorderingen",,,,"KLASSE 2 : OPRICHTINGSKOSTEN, VASTE ACTIVA EN VORDERINGEN OP MEER DAN ÉÉN JAAR / Vorderingen op meer dan één jaar / Handelsvorderingen / Te innen wissels",
2906,Vooruitbetalingen,asset,unspecified,debit,0,,"KLASSE 2 : OPRICHTINGSKOSTEN, VASTE ACTIVA EN VORDERINGEN OP MEER DAN ÉÉN JAAR / Vorderingen op meer dan één jaar / Handelsvorderingen",,,,"KLASSE 2 : OPRICHTINGSKOSTEN, VASTE ACTIVA EN VORDERINGEN OP MEER DAN ÉÉN JAAR / Vorderingen op meer dan één jaar / Handelsvorderingen / Vooruitbetalingen",
2907,Dubieuze debiteuren,asset,unspecified,debit,0,,"KLASSE 2 : OPRICHTINGSKOSTEN, VASTE ACTIVA EN VORDERINGEN OP MEER DAN ÉÉN JAAR / Vorderingen op meer dan één jaar / Handelsvorderingen",,,,"KLASSE 2 : OPRICHTINGSKOSTEN, VASTE ACTIVA EN VORDERINGEN OP MEER DAN ÉÉN JAAR / Vorderingen op meer dan één jaar / Handelsvorderingen / Dubieuze debiteuren",
2909,Geboekte waardeverminderingen (-),asset,unspecified,debit,0,,"KLASSE 2 : OPRICHTINGSKOSTEN, VASTE ACTIVA EN VORDERINGEN OP MEER DAN ÉÉN JAAR / Vorderingen op meer dan één jaar / Handelsvorderingen",,,,"KLASSE 2 : OPRICHTINGSKOSTEN, VASTE ACTIVA EN VORDERINGEN OP MEER DAN ÉÉN JAAR / Vorderingen op meer dan één jaar / Handelsvorderingen / Geboekte waardeverminderingen (-)",
291,Overige vorderingen,asset,group,debit,1,,"KLASSE 2 : OPRICHTINGSKOSTEN, VASTE ACTIVA EN VORDERINGEN OP MEER DAN ÉÉN JAAR / Vorderingen op meer dan één jaar",,,,"KLASSE 2 : OPRICHTINGSKOSTEN, VASTE ACTIVA EN VORDERINGEN OP MEER DAN ÉÉN JAAR / Vorderingen op meer dan één jaar / Overige vorderingen",
2910,Vorderingen op rekening,asset,unspecified,debit,0,,"KLASSE 2 : OPRICHTINGSKOSTEN, VASTE ACTIVA EN VORDERINGEN OP MEER DAN ÉÉN JAAR / Vorderingen op meer dan één jaar / Overige vorderingen",,,,"KLASSE 2 : OPRICHTINGSKOSTEN, VASTE ACTIVA EN VORDERINGEN OP MEER DAN ÉÉN JAAR / Vorderingen op meer dan één jaar / Overige vorderingen / Vorderingen op rekening",
2911,Te innen wissels,asset,unspecified,debit,0,,"KLASSE 2 : OPRICHTINGSKOSTEN, VASTE ACTIVA EN VORDERINGEN OP MEER DAN ÉÉN JAAR / Vorderingen op meer dan één jaar / Overige vorderingen",,,,"KLASSE 2 : OPRICHTINGSKOSTEN, VASTE ACTIVA EN VORDERINGEN OP MEER DAN ÉÉN JAAR / Vorderingen op meer dan één jaar / Overige vorderingen / Te innen wissels",
2917,Dubieuze debiteuren,asset,unspecified,debit,0,,"KLASSE 2 : OPRICHTINGSKOSTEN, VASTE ACTIVA EN VORDERINGEN OP MEER DAN ÉÉN JAAR / Vorderingen op meer dan één jaar / Overige vorderingen",,,,"KLASSE 2 : OPRICHTINGSKOSTEN, VASTE ACTIVA EN VORDERINGEN OP MEER DAN ÉÉN JAAR / Vorderingen op meer dan één jaar / Overige vorderingen / Dubieuze debiteuren",
2919,Geboekte waardeverminderingen (-),asset,unspecified,debit,0,,"KLASSE 2 : OPRICHTINGSKOSTEN, VASTE ACTIVA EN VORDERINGEN OP MEER DAN ÉÉN JAAR / Vorderingen op meer dan één jaar / Overige vorderingen",,,,"KLASSE 2 : OPRICHTINGSKOSTEN, VASTE ACTIVA EN VORDERINGEN OP MEER DAN ÉÉN JAAR / Vorderingen op meer dan één jaar / Overige vorderingen / Geboekte waardeverminderingen (-)",
,KLASSE 3 : VOORRADEN EN BESTELLINGEN IN UITVOERING,asset,group,debit,1,,,,,,KLASSE 3 : VOORRADEN EN BESTELLINGEN IN UITVOERING,
30,Grondstoffen,asset,group,debit,1,,KLASSE 3 : VOORRADEN EN BESTELLINGEN IN UITVOERING,,,,KLASSE 3 : VOORRADEN EN BESTELLINGEN IN UITVOERING / Grondstoffen,
300,Aanschaffingswaarde,asset,unspecified,debit,0,,KLASSE 3 : VOORRADEN EN BESTELLINGEN IN UITVOERING / Grondstoffen,,,,KLASSE 3 : VOORRADEN EN BESTELLINGEN IN UITVOERING / Grondstoffen / Aanschaffingswaarde,
309,Geboekte waardeverminderingen (-),asset,unspecified,debit,0,,KLASSE 3 : VOORRADEN EN BESTELLINGEN IN UITVOERING / Grondstoffen,,,,KLASSE 3 : VOORRADEN EN BESTELLINGEN IN UITVOERING / Grondstoffen / Geboekte waardeverminderingen (-),
31,Hulpstoffen,asset,group,debit,1,,KLASSE 3 : VOORRADEN EN BESTELLINGEN IN UITVOERING,,,,KLASSE 3 : VOORRADEN EN BESTELLINGEN IN UITVOERING / Hulpstoffen,
310,Aanschaffingswaarde,asset,unspecified,debit,0,,KLASSE 3 : VOORRADEN EN BESTELLINGEN IN UITVOERING / Hulpstoffen,,,,KLASSE 3 : VOORRADEN EN BESTELLINGEN IN UITVOERING / Hulpstoffen / Aanschaffingswaarde,
319,Geboekte waardeverminderingen (-),asset,unspecified,debit,0,,KLASSE 3 : VOORRADEN EN BESTELLINGEN IN UITVOERING / Hulpstoffen,,,,KLASSE 3 : VOORRADEN EN BESTELLINGEN IN UITVOERING / Hulpstoffen / Geboekte waardeverminderingen (-),
32,Goederen in bewerking,asset,group,debit,1,,KLASSE 3 : VOORRADEN EN BESTELLINGEN IN UITVOERING,,,,KLASSE 3 : VOORRADEN EN BESTELLINGEN IN UITVOERING / Goederen in bewerking,
320,Aanschaffingswaarde,asset,unspecified,debit,0,,KLASSE 3 : VOORRADEN EN BESTELLINGEN IN UITVOERING / Goederen in bewerking,,,,KLASSE 3 : VOORRADEN EN BESTELLINGEN IN UITVOERING / Goederen in bewerking / Aanschaffingswaarde,
329,Geboekte waardeverminderingen (-),asset,unspecified,debit,0,,KLASSE 3 : VOORRADEN EN BESTELLINGEN IN UITVOERING / Goederen in bewerking,,,,KLASSE 3 : VOORRADEN EN BESTELLINGEN IN UITVOERING / Goederen in bewerking / Geboekte waardeverminderingen (-),
33,Gereed product,asset,group,debit,1,,KLASSE 3 : VOORRADEN EN BESTELLINGEN IN UITVOERING,,,,KLASSE 3 : VOORRADEN EN BESTELLINGEN IN UITVOERING / Gereed product,
330,Aanschaffingswaarde,asset,unspecified,debit,0,,KLASSE 3 : VOORRADEN EN BESTELLINGEN IN UITVOERING / Gereed product,,,,KLASSE 3 : VOORRADEN EN BESTELLINGEN IN UITVOERING / Gereed product / Aanschaffingswaarde,
339,Geboekte waardeverminderingen (-),asset,unspecified,debit,0,,KLASSE 3 : VOORRADEN EN BESTELLINGEN IN UITVOERING / Gereed product,,,,KLASSE 3 : VOORRADEN EN BESTELLINGEN IN UITVOERING / Gereed product / Geboekte waardeverminderingen (-),
34,Handelsgoederen,asset,inventory,debit,1,,KLASSE 3 : VOORRADEN EN BESTELLINGEN IN UITVOERING,Stock,,,KLASSE 3 : VOORRADEN EN BESTELLINGEN IN UITVOERING / Handelsgoederen,
340,Aanschaffingswaarde,asset,inventory,debit,0,,KLASSE 3 : VOORRADEN EN BESTELLINGEN IN UITVOERING / Handelsgoederen,Stock,,,KLASSE 3 : VOORRADEN EN BESTELLINGEN IN UITVOERING / Handelsgoederen / Aanschaffingswaarde,
349,Geboekte waardeverminderingen (-),asset,unspecified,debit,0,,KLASSE 3 : VOORRADEN EN BESTELLINGEN IN UITVOERING / Handelsgoederen,,,,KLASSE 3 : VOORRADEN EN BESTELLINGEN IN UITVOERING / Handelsgoederen / Geboekte waardeverminderingen (-),
35,Onroerende goederen bestemd voor verkoop,asset,group,debit,1,,KLASSE 3 : VOORRADEN EN BESTELLINGEN IN UITVOERING,,,,KLASSE 3 : VOORRADEN EN BESTELLINGEN IN UITVOERING / Onroerende goederen bestemd voor verkoop,
350,Aanschaffingswaarde,asset,unspecified,debit,0,,KLASSE 3 : VOORRADEN EN BESTELLINGEN IN UITVOERING / Onroerende goederen bestemd voor verkoop,,,,KLASSE 3 : VOORRADEN EN BESTELLINGEN IN UITVOERING / Onroerende goederen bestemd voor verkoop / Aanschaffingswaarde,
359,Geboekte waardeverminderingen (-),asset,unspecified,debit,0,,KLASSE 3 : VOORRADEN EN BESTELLINGEN IN UITVOERING / Onroerende goederen bestemd voor verkoop,,,,KLASSE 3 : VOORRADEN EN BESTELLINGEN IN UITVOERING / Onroerende goederen bestemd voor verkoop / Geboekte waardeverminderingen (-),
36,Vooruitbetalingen op voorraadinkopen,asset,group,debit,1,,KLASSE 3 : VOORRADEN EN BESTELLINGEN IN UITVOERING,,,,KLASSE 3 : VOORRADEN EN BESTELLINGEN IN UITVOERING / Vooruitbetalingen op voorraadinkopen,
360,Vooruitbetalingen,asset,unspecified,debit,0,,KLASSE 3 : VOORRADEN EN BESTELLINGEN IN UITVOERING / Vooruitbetalingen op voorraadinkopen,,,,KLASSE 3 : VOORRADEN EN BESTELLINGEN IN UITVOERING / Vooruitbetalingen op voorraadinkopen / Vooruitbetalingen,
369,Geboekte waardeverminderingen (-),asset,unspecified,debit,0,,KLASSE 3 : VOORRADEN EN BESTELLINGEN IN UITVOERING / Vooruitbetalingen op voorraadinkopen,,,,KLASSE 3 : VOORRADEN EN BESTELLINGEN IN UITVOERING / Vooruitbetalingen op voorraadinkopen / Geboekte waardeverminderingen (-),
37,Bestellingen in uitvoering,asset,group,debit,1,,KLASSE 3 : VOORRADEN EN BESTELLINGEN IN UITVOERING,,,,KLASSE 3 : VOORRADEN EN BESTELLINGEN IN UITVOERING / Bestellingen in uitvoering,
370,Aanschaffingswaarde,asset,unspecified,debit,0,,KLASSE 3 : VOORRADEN EN BESTELLINGEN IN UITVOERING / Bestellingen in uitvoering,,,,KLASSE 3 : VOORRADEN EN BESTELLINGEN IN UITVOERING / Bestellingen in uitvoering / Aanschaffingswaarde,
371,Toegerekende winst,asset,unspecified,debit,0,,KLASSE 3 : VOORRADEN EN BESTELLINGEN IN UITVOERING / Bestellingen in uitvoering,,,,KLASSE 3 : VOORRADEN EN BESTELLINGEN IN UITVOERING / Bestellingen in uitvoering / Toegerekende winst,
379,Geboekte waardeverminderingen (-),asset,unspecified,debit,0,,KLASSE 3 : VOORRADEN EN BESTELLINGEN IN UITVOERING / Bestellingen in uitvoering,,,,KLASSE 3 : VOORRADEN EN BESTELLINGEN IN UITVOERING / Bestellingen in uitvoering / Geboekte waardeverminderingen (-),
,"Geleverde voorraad, niet gefactureerd",asset,stock_delivered_not_billed,debit,0,,KLASSE 3 : VOORRADEN EN BESTELLINGEN IN UITVOERING,Stock Delivered But Not Billed,,,"KLASSE 3 : VOORRADEN EN BESTELLINGEN IN UITVOERING / Geleverde voorraad, niet gefactureerd",missing_code
,KLASSE 4 : VORDERINGEN OP TEN HOOGSTE ÉÉN JAAR,asset,group,debit,1,,,,,,KLASSE 4 : VORDERINGEN OP TEN HOOGSTE ÉÉN JAAR,
40,Handelsvorderingen,asset,receivable,debit,1,,KLASSE 4 : VORDERINGEN OP TEN HOOGSTE ÉÉN JAAR,Receivable,,,KLASSE 4 : VORDERINGEN OP TEN HOOGSTE ÉÉN JAAR / Handelsvorderingen,
400,Handelsdebiteuren,asset,receivable,debit,0,receivables,KLASSE 4 : VORDERINGEN OP TEN HOOGSTE ÉÉN JAAR / Handelsvorderingen,Receivable,,,KLASSE 4 : VORDERINGEN OP TEN HOOGSTE ÉÉN JAAR / Handelsvorderingen / Handelsdebiteuren,
401,Te innen wissels,asset,receivable,debit,0,receivables,KLASSE 4 : VORDERINGEN OP TEN HOOGSTE ÉÉN JAAR / Handelsvorderingen,Receivable,,,KLASSE 4 : VORDERINGEN OP TEN HOOGSTE ÉÉN JAAR / Handelsvorderingen / Te innen wissels,
404,Te innen opbrengsten,asset,receivable,debit,0,receivables,KLASSE 4 : VORDERINGEN OP TEN HOOGSTE ÉÉN JAAR / Handelsvorderingen,Receivable,,,KLASSE 4 : VORDERINGEN OP TEN HOOGSTE ÉÉN JAAR / Handelsvorderingen / Te innen opbrengsten,
406,Vooruitbetalingen,asset,unspecified,debit,0,,KLASSE 4 : VORDERINGEN OP TEN HOOGSTE ÉÉN JAAR / Handelsvorderingen,,,,KLASSE 4 : VORDERINGEN OP TEN HOOGSTE ÉÉN JAAR / Handelsvorderingen / Vooruitbetalingen,
407,Dubieuze debiteuren,asset,receivable,debit,0,receivables,KLASSE 4 : VORDERINGEN OP TEN HOOGSTE ÉÉN JAAR / Handelsvorderingen,Receivable,,,KLASSE 4 : VORDERINGEN OP TEN HOOGSTE ÉÉN JAAR / Handelsvorderingen / Dubieuze debiteuren,
409,Geboekte waardeverminderingen (-),asset,unspecified,debit,0,,KLASSE 4 : VORDERINGEN OP TEN HOOGSTE ÉÉN JAAR / Handelsvorderingen,,,,KLASSE 4 : VORDERINGEN OP TEN HOOGSTE ÉÉN JAAR / Handelsvorderingen / Geboekte waardeverminderingen (-),
41,Overige vorderingen,asset,group,debit,1,,KLASSE 4 : VORDERINGEN OP TEN HOOGSTE ÉÉN JAAR,,,,KLASSE 4 : VORDERINGEN OP TEN HOOGSTE ÉÉN JAAR / Overige vorderingen,
410,"Opgevraagd, niet gestort kapitaal of inbreng",asset,unspecified,debit,0,,KLASSE 4 : VORDERINGEN OP TEN HOOGSTE ÉÉN JAAR / Overige vorderingen,,,,"KLASSE 4 : VORDERINGEN OP TEN HOOGSTE ÉÉN JAAR / Overige vorderingen / Opgevraagd, niet gestort kapitaal of inbreng",
411,Terug te vorderen btw,asset,tax,debit,0,,KLASSE 4 : VORDERINGEN OP TEN HOOGSTE ÉÉN JAAR / Overige vorderingen,Tax,,,KLASSE 4 : VORDERINGEN OP TEN HOOGSTE ÉÉN JAAR / Overige vorderingen / Terug te vorderen btw,
412,Terug te vorderen belastingen en voorheffingen,asset,group,debit,1,,KLASSE 4 : VORDERINGEN OP TEN HOOGSTE ÉÉN JAAR / Overige vorderingen,,,,KLASSE 4 : VORDERINGEN OP TEN HOOGSTE ÉÉN JAAR / Overige vorderingen / Terug te vorderen belastingen en voorheffingen,
4128,Buitenlandse belastingen,asset,unspecified,debit,0,,KLASSE 4 : VORDERINGEN OP TEN HOOGSTE ÉÉN JAAR / Overige vorderingen / Terug te vorderen belastingen en voorheffingen,,,,KLASSE 4 : VORDERINGEN OP TEN HOOGSTE ÉÉN JAAR / Overige vorderingen / Terug te vorderen belastingen en voorheffingen / Buitenlandse belastingen,
414,Te innen opbrengsten,asset,unspecified,debit,0,,KLASSE 4 : VORDERINGEN OP TEN HOOGSTE ÉÉN JAAR / Overige vorderingen,,,,KLASSE 4 : VORDERINGEN OP TEN HOOGSTE ÉÉN JAAR / Overige vorderingen / Te innen opbrengsten,
416,Diverse vorderingen,asset,unspecified,debit,0,,KLASSE 4 : VORDERINGEN OP TEN HOOGSTE ÉÉN JAAR / Overige vorderingen,,,,KLASSE 4 : VORDERINGEN OP TEN HOOGSTE ÉÉN JAAR / Overige vorderingen / Diverse vorderingen,
417,Dubieuze debiteuren,asset,unspecified,debit,0,,KLASSE 4 : VORDERINGEN OP TEN HOOGSTE ÉÉN JAAR / Overige vorderingen,,,,KLASSE 4 : VORDERINGEN OP TEN HOOGSTE ÉÉN JAAR / Overige vorderingen / Dubieuze debiteuren,
418,Borgtochten betaald in contanten,asset,unspecified,debit,0,,KLASSE 4 : VORDERINGEN OP TEN HOOGSTE ÉÉN JAAR / Overige vorderingen,,,,KLASSE 4 : VORDERINGEN OP TEN HOOGSTE ÉÉN JAAR / Overige vorderingen / Borgtochten betaald in contanten,
419,Geboekte waardeverminderingen (-),asset,unspecified,debit,0,,KLASSE 4 : VORDERINGEN OP TEN HOOGSTE ÉÉN JAAR / Overige vorderingen,,,,KLASSE 4 : VORDERINGEN OP TEN HOOGSTE ÉÉN JAAR / Overige vorderingen / Geboekte waardeverminderingen (-),
,KLASSE 4 : SCHULDEN OP TEN HOOGSTE ÉÉN JAAR,liability,group,credit,1,,,,,,KLASSE 4 : SCHULDEN OP TEN HOOGSTE ÉÉN JAAR,
42,Schulden op meer dan één jaar die binnen het jaar vervallen (16) (zelfde onderverdeling als 17),liability,unspecified,credit,0,,KLASSE 4 : SCHULDEN OP TEN HOOGSTE ÉÉN JAAR,,,,KLASSE 4 : SCHULDEN OP TEN HOOGSTE ÉÉN JAAR / Schulden op meer dan één jaar die binnen het jaar vervallen (16) (zelfde onderverdeling als 17),
43,Financiële schulden,liability,group,credit,1,,KLASSE 4 : SCHULDEN OP TEN HOOGSTE ÉÉN JAAR,,,,KLASSE 4 : SCHULDEN OP TEN HOOGSTE ÉÉN JAAR / Financiële schulden,
430,Kredietinstellingen - Leningen op rekening met vaste termijn,liability,unspecified,credit,0,,KLASSE 4 : SCHULDEN OP TEN HOOGSTE ÉÉN JAAR / Financiële schulden,,,,KLASSE 4 : SCHULDEN OP TEN HOOGSTE ÉÉN JAAR / Financiële schulden / Kredietinstellingen - Leningen op rekening met vaste termijn,
431,Kredietinstellingen - Promessen,liability,unspecified,credit,0,,KLASSE 4 : SCHULDEN OP TEN HOOGSTE ÉÉN JAAR / Financiële schulden,,,,KLASSE 4 : SCHULDEN OP TEN HOOGSTE ÉÉN JAAR / Financiële schulden / Kredietinstellingen - Promessen,
432,Kredietinstellingen - Acceptkredieten,liability,unspecified,credit,0,,KLASSE 4 : SCHULDEN OP TEN HOOGSTE ÉÉN JAAR / Financiële schulden,,,,KLASSE 4 : SCHULDEN OP TEN HOOGSTE ÉÉN JAAR / Financiële schulden / Kredietinstellingen - Acceptkredieten,
433,Kredietinstellingen - Schulden in rekening-courant,liability,unspecified,credit,0,,KLASSE 4 : SCHULDEN OP TEN HOOGSTE ÉÉN JAAR / Financiële schulden,,,,KLASSE 4 : SCHULDEN OP TEN HOOGSTE ÉÉN JAAR / Financiële schulden / Kredietinstellingen - Schulden in rekening-courant,
439,Overige leningen,liability,unspecified,credit,0,,KLASSE 4 : SCHULDEN OP TEN HOOGSTE ÉÉN JAAR / Financiële schulden,,,,KLASSE 4 : SCHULDEN OP TEN HOOGSTE ÉÉN JAAR / Financiële schulden / Overige leningen,
44,Handelsschulden,liability,payable,credit,1,,KLASSE 4 : SCHULDEN OP TEN HOOGSTE ÉÉN JAAR,Payable,,,KLASSE 4 : SCHULDEN OP TEN HOOGSTE ÉÉN JAAR / Handelsschulden,
440,Leveranciers,liability,payable,credit,0,payables,KLASSE 4 : SCHULDEN OP TEN HOOGSTE ÉÉN JAAR / Handelsschulden,Payable,,,KLASSE 4 : SCHULDEN OP TEN HOOGSTE ÉÉN JAAR / Handelsschulden / Leveranciers,
441,Te betalen wissels,liability,payable,credit,0,payables,KLASSE 4 : SCHULDEN OP TEN HOOGSTE ÉÉN JAAR / Handelsschulden,Payable,,,KLASSE 4 : SCHULDEN OP TEN HOOGSTE ÉÉN JAAR / Handelsschulden / Te betalen wissels,
444,Te ontvangen facturen,liability,stock_received_not_billed,credit,0,,KLASSE 4 : SCHULDEN OP TEN HOOGSTE ÉÉN JAAR / Handelsschulden,Stock Received But Not Billed,,,KLASSE 4 : SCHULDEN OP TEN HOOGSTE ÉÉN JAAR / Handelsschulden / Te ontvangen facturen,
45,"Schulden met betrekking tot belastingen, bezoldigingen en sociale lasten",liability,group,credit,1,,KLASSE 4 : SCHULDEN OP TEN HOOGSTE ÉÉN JAAR,,,,"KLASSE 4 : SCHULDEN OP TEN HOOGSTE ÉÉN JAAR / Schulden met betrekking tot belastingen, bezoldigingen en sociale lasten",
450,Geraamd bedrag der belastingschulden,liability,group,credit,1,,"KLASSE 4 : SCHULDEN OP TEN HOOGSTE ÉÉN JAAR / Schulden met betrekking tot belastingen, bezoldigingen en sociale lasten",,,,"KLASSE 4 : SCHULDEN OP TEN HOOGSTE ÉÉN JAAR / Schulden met betrekking tot belastingen, bezoldigingen en sociale lasten / Geraamd bedrag der belastingschulden",
4508,Buitenlandse belastingen en taksen,liability,unspecified,credit,0,,"KLASSE 4 : SCHULDEN OP TEN HOOGSTE ÉÉN JAAR / Schulden met betrekking tot belastingen, bezoldigingen en sociale lasten / Geraamd bedrag der belastingschulden",,,,"KLASSE 4 : SCHULDEN OP TEN HOOGSTE ÉÉN JAAR / Schulden met betrekking tot belastingen, bezoldigingen en sociale lasten / Geraamd bedrag der belastingschulden / Buitenlandse belastingen en taksen",
451,Te betalen btw,liability,tax,credit,0,,"KLASSE 4 : SCHULDEN OP TEN HOOGSTE ÉÉN JAAR / Schulden met betrekking tot belastingen, bezoldigingen en sociale lasten",Tax,,,"KLASSE 4 : SCHULDEN OP TEN HOOGSTE ÉÉN JAAR / Schulden met betrekking tot belastingen, bezoldigingen en sociale lasten / Te betalen btw",
452,Te betalen belastingen en taksen,liability,group,credit,1,,"KLASSE 4 : SCHULDEN OP TEN HOOGSTE ÉÉN JAAR / Schulden met betrekking tot belastingen, bezoldigingen en sociale lasten",,,,"KLASSE 4 : SCHULDEN OP TEN HOOGSTE ÉÉN JAAR / Schulden met betrekking tot belastingen, bezoldigingen en sociale lasten / Te betalen belastingen en taksen",
4528,Buitenlandse belastingen en taksen,liability,unspecified,credit,0,,"KLASSE 4 : SCHULDEN OP TEN HOOGSTE ÉÉN JAAR / Schulden met betrekking tot belastingen, bezoldigingen en sociale lasten / Te betalen belastingen en taksen",,,,"KLASSE 4 : SCHULDEN OP TEN HOOGSTE ÉÉN JAAR / Schulden met betrekking tot belastingen, bezoldigingen en sociale lasten / Te betalen belastingen en taksen / Buitenlandse belastingen en taksen",
453,Ingehouden voorheffingen,liability,unspecified,credit,0,,"KLASSE 4 : SCHULDEN OP TEN HOOGSTE ÉÉN JAAR / Schulden met betrekking tot belastingen, bezoldigingen en sociale lasten",,,,"KLASSE 4 : SCHULDEN OP TEN HOOGSTE ÉÉN JAAR / Schulden met betrekking tot belastingen, bezoldigingen en sociale lasten / Ingehouden voorheffingen",
454,Rijksdienst voor Sociale Zekerheid,liability,unspecified,credit,0,,"KLASSE 4 : SCHULDEN OP TEN HOOGSTE ÉÉN JAAR / Schulden met betrekking tot belastingen, bezoldigingen en sociale lasten",,,,"KLASSE 4 : SCHULDEN OP TEN HOOGSTE ÉÉN JAAR / Schulden met betrekking tot belastingen, bezoldigingen en sociale lasten / Rijksdienst voor Sociale Zekerheid",
455,Bezoldigingen,liability,unspecified,credit,0,,"KLASSE 4 : SCHULDEN OP TEN HOOGSTE ÉÉN JAAR / Schulden met betrekking tot belastingen, bezoldigingen en sociale lasten",,,,"KLASSE 4 : SCHULDEN OP TEN HOOGSTE ÉÉN JAAR / Schulden met betrekking tot belastingen, bezoldigingen en sociale lasten / Bezoldigingen",
456,Vakantiegeld,liability,unspecified,credit,0,,"KLASSE 4 : SCHULDEN OP TEN HOOGSTE ÉÉN JAAR / Schulden met betrekking tot belastingen, bezoldigingen en sociale lasten",,,,"KLASSE 4 : SCHULDEN OP TEN HOOGSTE ÉÉN JAAR / Schulden met betrekking tot belastingen, bezoldigingen en sociale lasten / Vakantiegeld",
459,Andere sociale schulden,liability,unspecified,credit,0,,"KLASSE 4 : SCHULDEN OP TEN HOOGSTE ÉÉN JAAR / Schulden met betrekking tot belastingen, bezoldigingen en sociale lasten",,,,"KLASSE 4 : SCHULDEN OP TEN HOOGSTE ÉÉN JAAR / Schulden met betrekking tot belastingen, bezoldigingen en sociale lasten / Andere sociale schulden",
46,Vooruitbetalingen op bestellingen,liability,unspecified,credit,0,,KLASSE 4 : SCHULDEN OP TEN HOOGSTE ÉÉN JAAR,,,,KLASSE 4 : SCHULDEN OP TEN HOOGSTE ÉÉN JAAR / Vooruitbetalingen op bestellingen,
47,Schulden uit de bestemming van het resultaat,liability,group,credit,1,,KLASSE 4 : SCHULDEN OP TEN HOOGSTE ÉÉN JAAR,,,,KLASSE 4 : SCHULDEN OP TEN HOOGSTE ÉÉN JAAR / Schulden uit de bestemming van het resultaat,
470,Dividenden en tantièmes over vorige boekjaren,liability,unspecified,credit,0,,KLASSE 4 : SCHULDEN OP TEN HOOGSTE ÉÉN JAAR / Schulden uit de bestemming van het resultaat,,,,KLASSE 4 : SCHULDEN OP TEN HOOGSTE ÉÉN JAAR / Schulden uit de bestemming van het resultaat / Dividenden en tantièmes over vorige boekjaren,
471,Dividenden over het boekjaar,liability,unspecified,credit,0,,KLASSE 4 : SCHULDEN OP TEN HOOGSTE ÉÉN JAAR / Schulden uit de bestemming van het resultaat,,,,KLASSE 4 : SCHULDEN OP TEN HOOGSTE ÉÉN JAAR / Schulden uit de bestemming van het resultaat / Dividenden over het boekjaar,
472,Tantièmes over het boekjaar,liability,unspecified,credit,0,,KLASSE 4 : SCHULDEN OP TEN HOOGSTE ÉÉN JAAR / Schulden uit de bestemming van het resultaat,,,,KLASSE 4 : SCHULDEN OP TEN HOOGSTE ÉÉN JAAR / Schulden uit de bestemming van het resultaat / Tantièmes over het boekjaar,
473,Andere rechthebbenden,liability,unspecified,credit,0,,KLASSE 4 : SCHULDEN OP TEN HOOGSTE ÉÉN JAAR / Schulden uit de bestemming van het resultaat,,,,KLASSE 4 : SCHULDEN OP TEN HOOGSTE ÉÉN JAAR / Schulden uit de bestemming van het resultaat / Andere rechthebbenden,
48,Diverse schulden,liability,group,credit,1,,KLASSE 4 : SCHULDEN OP TEN HOOGSTE ÉÉN JAAR,,,,KLASSE 4 : SCHULDEN OP TEN HOOGSTE ÉÉN JAAR / Diverse schulden,
480,Vervallen obligaties en coupons,liability,unspecified,credit,0,,KLASSE 4 : SCHULDEN OP TEN HOOGSTE ÉÉN JAAR / Diverse schulden,,,,KLASSE 4 : SCHULDEN OP TEN HOOGSTE ÉÉN JAAR / Diverse schulden / Vervallen obligaties en coupons,
488,Borgtochten ontvangen in contanten,liability,unspecified,credit,0,,KLASSE 4 : SCHULDEN OP TEN HOOGSTE ÉÉN JAAR / Diverse schulden,,,,KLASSE 4 : SCHULDEN OP TEN HOOGSTE ÉÉN JAAR / Diverse schulden / Borgtochten ontvangen in contanten,
489,Andere diverse schulden,liability,unspecified,credit,0,,KLASSE 4 : SCHULDEN OP TEN HOOGSTE ÉÉN JAAR / Diverse schulden,,,,KLASSE 4 : SCHULDEN OP TEN HOOGSTE ÉÉN JAAR / Diverse schulden / Andere diverse schulden,
49,Overlopende rekeningen,liability,group,credit,1,,KLASSE 4 : SCHULDEN OP TEN HOOGSTE ÉÉN JAAR,,,,KLASSE 4 : SCHULDEN OP TEN HOOGSTE ÉÉN JAAR / Overlopende rekeningen,
490,Over te dragen kosten,liability,unspecified,credit,0,,KLASSE 4 : SCHULDEN OP TEN HOOGSTE ÉÉN JAAR / Overlopende rekeningen,,,,KLASSE 4 : SCHULDEN OP TEN HOOGSTE ÉÉN JAAR / Overlopende rekeningen / Over te dragen kosten,
491,Verkregen opbrengsten,liability,unspecified,credit,0,,KLASSE 4 : SCHULDEN OP TEN HOOGSTE ÉÉN JAAR / Overlopende rekeningen,,,,KLASSE 4 : SCHULDEN OP TEN HOOGSTE ÉÉN JAAR / Overlopende rekeningen / Verkregen opbrengsten,
492,Toe te rekenen kosten,liability,unspecified,credit,0,,KLASSE 4 : SCHULDEN OP TEN HOOGSTE ÉÉN JAAR / Overlopende rekeningen,,,,KLASSE 4 : SCHULDEN OP TEN HOOGSTE ÉÉN JAAR / Overlopende rekeningen / Toe te rekenen kosten,
493,Over te dragen opbrengsten,liability,unspecified,credit,0,,KLASSE 4 : SCHULDEN OP TEN HOOGSTE ÉÉN JAAR / Overlopende rekeningen,,,,KLASSE 4 : SCHULDEN OP TEN HOOGSTE ÉÉN JAAR / Overlopende rekeningen / Over te dragen opbrengsten,
499,Wachtrekeningen,liability,unspecified,credit,0,,KLASSE 4 : SCHULDEN OP TEN HOOGSTE ÉÉN JAAR / Overlopende rekeningen,,,,KLASSE 4 : SCHULDEN OP TEN HOOGSTE ÉÉN JAAR / Overlopende rekeningen / Wachtrekeningen,
,KLASSE 5 : GELDBELEGGINGEN EN LIQUIDE MIDDELEN,asset,group,debit,1,,,,,,KLASSE 5 : GELDBELEGGINGEN EN LIQUIDE MIDDELEN,
50,Eigen aandelen,asset,unspecified,debit,0,,KLASSE 5 : GELDBELEGGINGEN EN LIQUIDE MIDDELEN,,,,KLASSE 5 : GELDBELEGGINGEN EN LIQUIDE MIDDELEN / Eigen aandelen,
51,Aandelen en geldbeleggingen andere dan vastrentende beleggingen,asset,group,debit,1,,KLASSE 5 : GELDBELEGGINGEN EN LIQUIDE MIDDELEN,,,,KLASSE 5 : GELDBELEGGINGEN EN LIQUIDE MIDDELEN / Aandelen en geldbeleggingen andere dan vastrentende beleggingen,
510,Aanschaffingswaarde,asset,group,debit,1,,KLASSE 5 : GELDBELEGGINGEN EN LIQUIDE MIDDELEN / Aandelen en geldbeleggingen andere dan vastrentende beleggingen,,,,KLASSE 5 : GELDBELEGGINGEN EN LIQUIDE MIDDELEN / Aandelen en geldbeleggingen andere dan vastrentende beleggingen / Aanschaffingswaarde,
5100,Aandelen,asset,unspecified,debit,0,,KLASSE 5 : GELDBELEGGINGEN EN LIQUIDE MIDDELEN / Aandelen en geldbeleggingen andere dan vastrentende beleggingen / Aanschaffingswaarde,,,,KLASSE 5 : GELDBELEGGINGEN EN LIQUIDE MIDDELEN / Aandelen en geldbeleggingen andere dan vastrentende beleggingen / Aanschaffingswaarde / Aandelen,
5101,Geldbeleggingen andere dan vastrentende beleggingen,asset,unspecified,debit,0,,KLASSE 5 : GELDBELEGGINGEN EN LIQUIDE MIDDELEN / Aandelen en geldbeleggingen andere dan vastrentende beleggingen / Aanschaffingswaarde,,,,KLASSE 5 : GELDBELEGGINGEN EN LIQUIDE MIDDELEN / Aandelen en geldbeleggingen andere dan vastrentende beleggingen / Aanschaffingswaarde / Geldbeleggingen andere dan vastrentende beleggingen,
511,Niet-opgevraagde bedragen (-),asset,group,debit,1,,KLASSE 5 : GELDBELEGGINGEN EN LIQUIDE MIDDELEN / Aandelen en geldbeleggingen andere dan vastrentende beleggingen,,,,KLASSE 5 : GELDBELEGGINGEN EN LIQUIDE MIDDELEN / Aandelen en geldbeleggingen andere dan vastrentende beleggingen / Niet-opgevraagde bedragen (-),
5110,Aandelen,asset,unspecified,debit,0,,KLASSE 5 : GELDBELEGGINGEN EN LIQUIDE MIDDELEN / Aandelen en geldbeleggingen andere dan vastrentende beleggingen / Niet-opgevraagde bedragen (-),,,,KLASSE 5 : GELDBELEGGINGEN EN LIQUIDE MIDDELEN / Aandelen en geldbeleggingen andere dan vastrentende beleggingen / Niet-opgevraagde bedragen (-) / Aandelen,
519,Geboekte waardeverminderingen (-),asset,group,debit,1,,KLASSE 5 : GELDBELEGGINGEN EN LIQUIDE MIDDELEN / Aandelen en geldbeleggingen andere dan vastrentende beleggingen,,,,KLASSE 5 : GELDBELEGGINGEN EN LIQUIDE MIDDELEN / Aandelen en geldbeleggingen andere dan vastrentende beleggingen / Geboekte waardeverminderingen (-),
5190,Aandelen,asset,unspecified,debit,0,,KLASSE 5 : GELDBELEGGINGEN EN LIQUIDE MIDDELEN / Aandelen en geldbeleggingen andere dan vastrentende beleggingen / Geboekte waardeverminderingen (-),,,,KLASSE 5 : GELDBELEGGINGEN EN LIQUIDE MIDDELEN / Aandelen en geldbeleggingen andere dan vastrentende beleggingen / Geboekte waardeverminderingen (-) / Aandelen,
5191,Geldbeleggingen andere dan vastrentende beleggingen,asset,unspecified,debit,0,,KLASSE 5 : GELDBELEGGINGEN EN LIQUIDE MIDDELEN / Aandelen en geldbeleggingen andere dan vastrentende beleggingen / Geboekte waardeverminderingen (-),,,,KLASSE 5 : GELDBELEGGINGEN EN LIQUIDE MIDDELEN / Aandelen en geldbeleggingen andere dan vastrentende beleggingen / Geboekte waardeverminderingen (-) / Geldbeleggingen andere dan vastrentende beleggingen,
52,Vastrentende effecten,asset,group,debit,1,,KLASSE 5 : GELDBELEGGINGEN EN LIQUIDE MIDDELEN,,,,KLASSE 5 : GELDBELEGGINGEN EN LIQUIDE MIDDELEN / Vastrentende effecten,
520,Aanschaffingswaarde,asset,unspecified,debit,0,,KLASSE 5 : GELDBELEGGINGEN EN LIQUIDE MIDDELEN / Vastrentende effecten,,,,KLASSE 5 : GELDBELEGGINGEN EN LIQUIDE MIDDELEN / Vastrentende effecten / Aanschaffingswaarde,
529,Geboekte waardeverminderingen (-),asset,unspecified,debit,0,,KLASSE 5 : GELDBELEGGINGEN EN LIQUIDE MIDDELEN / Vastrentende effecten,,,,KLASSE 5 : GELDBELEGGINGEN EN LIQUIDE MIDDELEN / Vastrentende effecten / Geboekte waardeverminderingen (-),
53,Termijndeposito's,asset,group,debit,1,,KLASSE 5 : GELDBELEGGINGEN EN LIQUIDE MIDDELEN,,,,KLASSE 5 : GELDBELEGGINGEN EN LIQUIDE MIDDELEN / Termijndeposito's,
530,Op meer dan één jaar,asset,unspecified,debit,0,,KLASSE 5 : GELDBELEGGINGEN EN LIQUIDE MIDDELEN / Termijndeposito's,,,,KLASSE 5 : GELDBELEGGINGEN EN LIQUIDE MIDDELEN / Termijndeposito's / Op meer dan één jaar,
531,Op meer dan één maand en op ten hoogste één jaar,asset,unspecified,debit,0,,KLASSE 5 : GELDBELEGGINGEN EN LIQUIDE MIDDELEN / Termijndeposito's,,,,KLASSE 5 : GELDBELEGGINGEN EN LIQUIDE MIDDELEN / Termijndeposito's / Op meer dan één maand en op ten hoogste één jaar,
532,Op ten hoogste één maand,asset,unspecified,debit,0,,KLASSE 5 : GELDBELEGGINGEN EN LIQUIDE MIDDELEN / Termijndeposito's,,,,KLASSE 5 : GELDBELEGGINGEN EN LIQUIDE MIDDELEN / Termijndeposito's / Op ten hoogste één maand,
539,Geboekte waardeverminderingen (-),asset,unspecified,debit,0,,KLASSE 5 : GELDBELEGGINGEN EN LIQUIDE MIDDELEN / Termijndeposito's,,,,KLASSE 5 : GELDBELEGGINGEN EN LIQUIDE MIDDELEN / Termijndeposito's / Geboekte waardeverminderingen (-),
54,Te incasseren vervallen waarden,asset,unspecified,debit,0,,KLASSE 5 : GELDBELEGGINGEN EN LIQUIDE MIDDELEN,,,,KLASSE 5 : GELDBELEGGINGEN EN LIQUIDE MIDDELEN / Te incasseren vervallen waarden,
55,Kredietinstellingen,asset,bank,debit,1,,KLASSE 5 : GELDBELEGGINGEN EN LIQUIDE MIDDELEN,Bank,,,KLASSE 5 : GELDBELEGGINGEN EN LIQUIDE MIDDELEN / Kredietinstellingen,
5500,Bank,asset,bank,debit,0,cash_bank,KLASSE 5 : GELDBELEGGINGEN EN LIQUIDE MIDDELEN / Kredietinstellingen,Bank,,,KLASSE 5 : GELDBELEGGINGEN EN LIQUIDE MIDDELEN / Kredietinstellingen / Bank,
57,Kassen,asset,cash,debit,1,,KLASSE 5 : GELDBELEGGINGEN EN LIQUIDE MIDDELEN,Cash,,,KLASSE 5 : GELDBELEGGINGEN EN LIQUIDE MIDDELEN / Kassen,
578,Kassen-zegels,asset,cash,debit,0,cash_bank,KLASSE 5 : GELDBELEGGINGEN EN LIQUIDE MIDDELEN / Kassen,Cash,,,KLASSE 5 : GELDBELEGGINGEN EN LIQUIDE MIDDELEN / Kassen / Kassen-zegels,
58,Interne overboekingen,asset,temporary,debit,0,,KLASSE 5 : GELDBELEGGINGEN EN LIQUIDE MIDDELEN,Temporary,,,KLASSE 5 : GELDBELEGGINGEN EN LIQUIDE MIDDELEN / Interne overboekingen,
,KLASSE 6 : KOSTEN,expense,group,debit,1,,,,,,KLASSE 6 : KOSTEN,
60,"Handelsgoederen, grond- en hulpstoffen",expense,expense,debit,1,,KLASSE 6 : KOSTEN,Expense Account,,,"KLASSE 6 : KOSTEN / Handelsgoederen, grond- en hulpstoffen",
600,Aankopen van grondstoffen,expense,expense,debit,0,,"KLASSE 6 : KOSTEN / Handelsgoederen, grond- en hulpstoffen",Expense Account,,,"KLASSE 6 : KOSTEN / Handelsgoederen, grond- en hulpstoffen / Aankopen van grondstoffen",
601,Aankopen van hulpstoffen,expense,expense,debit,0,,"KLASSE 6 : KOSTEN / Handelsgoederen, grond- en hulpstoffen",Expense Account,,,"KLASSE 6 : KOSTEN / Handelsgoederen, grond- en hulpstoffen / Aankopen van hulpstoffen",
602,"Aankopen van diensten, werk en studies",expense,expense,debit,0,,"KLASSE 6 : KOSTEN / Handelsgoederen, grond- en hulpstoffen",Expense Account,,,"KLASSE 6 : KOSTEN / Handelsgoederen, grond- en hulpstoffen / Aankopen van diensten, werk en studies",
603,Algemene onderaannemingen,expense,expense,debit,0,,"KLASSE 6 : KOSTEN / Handelsgoederen, grond- en hulpstoffen",Expense Account,,,"KLASSE 6 : KOSTEN / Handelsgoederen, grond- en hulpstoffen / Algemene onderaannemingen",
604,Aankopen van handelsgoederen,expense,direct_cost,debit,0,,"KLASSE 6 : KOSTEN / Handelsgoederen, grond- en hulpstoffen",Cost of Goods Sold,,,"KLASSE 6 : KOSTEN / Handelsgoederen, grond- en hulpstoffen / Aankopen van handelsgoederen",
605,Aankopen van onroerende goederen bestemd voor verkoop,expense,expense,debit,0,,"KLASSE 6 : KOSTEN / Handelsgoederen, grond- en hulpstoffen",Expense Account,,,"KLASSE 6 : KOSTEN / Handelsgoederen, grond- en hulpstoffen / Aankopen van onroerende goederen bestemd voor verkoop",
608,"Ontvangen kortingen, ristorno's en rabatten (-)",expense,expense,debit,0,,"KLASSE 6 : KOSTEN / Handelsgoederen, grond- en hulpstoffen",Expense Account,,,"KLASSE 6 : KOSTEN / Handelsgoederen, grond- en hulpstoffen / Ontvangen kortingen, ristorno's en rabatten (-)",
609,Voorraadwijzigingen,expense,stock_adjustment,debit,1,,"KLASSE 6 : KOSTEN / Handelsgoederen, grond- en hulpstoffen",Stock Adjustment,,,"KLASSE 6 : KOSTEN / Handelsgoederen, grond- en hulpstoffen / Voorraadwijzigingen",
6090,van grondstoffen,expense,stock_adjustment,debit,0,,"KLASSE 6 : KOSTEN / Handelsgoederen, grond- en hulpstoffen / Voorraadwijzigingen",Stock Adjustment,,,"KLASSE 6 : KOSTEN / Handelsgoederen, grond- en hulpstoffen / Voorraadwijzigingen / van grondstoffen",
6091,van hulpstoffen,expense,stock_adjustment,debit,0,,"KLASSE 6 : KOSTEN / Handelsgoederen, grond- en hulpstoffen / Voorraadwijzigingen",Stock Adjustment,,,"KLASSE 6 : KOSTEN / Handelsgoederen, grond- en hulpstoffen / Voorraadwijzigingen / van hulpstoffen",
6094,van handelsgoederen,expense,stock_adjustment,debit,0,,"KLASSE 6 : KOSTEN / Handelsgoederen, grond- en hulpstoffen / Voorraadwijzigingen",Stock Adjustment,,,"KLASSE 6 : KOSTEN / Handelsgoederen, grond- en hulpstoffen / Voorraadwijzigingen / van handelsgoederen",
6095,van gekochte onroerende goederen bestemd voor verkoop,expense,stock_adjustment,debit,0,,"KLASSE 6 : KOSTEN / Handelsgoederen, grond- en hulpstoffen / Voorraadwijzigingen",Stock Adjustment,,,"KLASSE 6 : KOSTEN / Handelsgoederen, grond- en hulpstoffen / Voorraadwijzigingen / van gekochte onroerende goederen bestemd voor verkoop",
61,Diensten en diverse goederen,expense,expense,debit,1,,KLASSE 6 : KOSTEN,Expense Account,,,KLASSE 6 : KOSTEN / Diensten en diverse goederen,
617,Uitzendkrachten en personen ter beschikking gesteld van de onderneming,expense,expense,debit,0,,KLASSE 6 : KOSTEN / Diensten en diverse goederen,Expense Account,,,KLASSE 6 : KOSTEN / Diensten en diverse goederen / Uitzendkrachten en personen ter beschikking gesteld van de onderneming,
618,"Bezoldigingen en pensioenen van bestuurders, zaakvoerders en werkende vennoten, buiten arbeidsovereenkomst",expense,expense,debit,0,,KLASSE 6 : KOSTEN / Diensten en diverse goederen,Expense Account,,,"KLASSE 6 : KOSTEN / Diensten en diverse goederen / Bezoldigingen en pensioenen van bestuurders, zaakvoerders en werkende vennoten, buiten arbeidsovereenkomst",
,Aankoopkosten begrepen in de waarde van de voorraden,expense,valuation_expense,debit,0,,KLASSE 6 : KOSTEN / Diensten en diverse goederen,Expenses Included In Valuation,,,KLASSE 6 : KOSTEN / Diensten en diverse goederen / Aankoopkosten begrepen in de waarde van de voorraden,missing_code
62,"Bezoldigingen, sociale lasten en pensioenen",expense,expense,debit,1,,KLASSE 6 : KOSTEN,Expense Account,,,"KLASSE 6 : KOSTEN / Bezoldigingen, sociale lasten en pensioenen",
620,Bezoldigingen en rechtstreekse sociale voordelen,expense,expense,debit,1,,"KLASSE 6 : KOSTEN / Bezoldigingen, sociale lasten en pensioenen",Expense Account,,,"KLASSE 6 : KOSTEN / Bezoldigingen, sociale lasten en pensioenen / Bezoldigingen en rechtstreekse sociale voordelen",
6200,Bestuurders of zaakvoerders,expense,expense,debit,0,,"KLASSE 6 : KOSTEN / Bezoldigingen, sociale lasten en pensioenen / Bezoldigingen en rechtstreekse sociale voordelen",Expense Account,,,"KLASSE 6 : KOSTEN / Bezoldigingen, sociale lasten en pensioenen / Bezoldigingen en rechtstreekse sociale voordelen / Bestuurders of zaakvoerders",
6201,Directiepersoneel,expense,expense,debit,0,,"KLASSE 6 : KOSTEN / Bezoldigingen, sociale lasten en pensioenen / Bezoldigingen en rechtstreekse sociale voordelen",Expense Account,,,"KLASSE 6 : KOSTEN / Bezoldigingen, sociale lasten en pensioenen / Bezoldigingen en rechtstreekse sociale voordelen / Directiepersoneel",
6202,Bedienden,expense,expense,debit,0,,"KLASSE 6 : KOSTEN / Bezoldigingen, sociale lasten en pensioenen / Bezoldigingen en rechtstreekse sociale voordelen",Expense Account,,,"KLASSE 6 : KOSTEN / Bezoldigingen, sociale lasten en pensioenen / Bezoldigingen en rechtstreekse sociale voordelen / Bedienden",
6203,Arbeiders,expense,expense,debit,0,,"KLASSE 6 : KOSTEN / Bezoldigingen, sociale lasten en pensioenen / Bezoldigingen en rechtstreekse sociale voordelen",Expense Account,,,"KLASSE 6 : KOSTEN / Bezoldigingen, sociale lasten en pensioenen / Bezoldigingen en rechtstreekse sociale voordelen / Arbeiders",
6204,Andere personeelsleden,expense,expense,debit,0,,"KLASSE 6 : KOSTEN / Bezoldigingen, sociale lasten en pensioenen / Bezoldigingen en rechtstreekse sociale voordelen",Expense Account,,,"KLASSE 6 : KOSTEN / Bezoldigingen, sociale lasten en pensioenen / Bezoldigingen en rechtstreekse sociale voordelen / Andere personeelsleden",
621,Werkgeversbijdragen voor sociale verzekeringen,expense,expense,debit,0,,"KLASSE 6 : KOSTEN / Bezoldigingen, sociale lasten en pensioenen",Expense Account,,,"KLASSE 6 : KOSTEN / Bezoldigingen, sociale lasten en pensioenen / Werkgeversbijdragen voor sociale verzekeringen",
622,Werkgeverspremies voor bovenwettelijke verzekeringen,expense,expense,debit,0,,"KLASSE 6 : KOSTEN / Bezoldigingen, sociale lasten en pensioenen",Expense Account,,,"KLASSE 6 : KOSTEN / Bezoldigingen, sociale lasten en pensioenen / Werkgeverspremies voor bovenwettelijke verzekeringen",
623,Andere personeelskosten,expense,expense,debit,0,,"KLASSE 6 : KOSTEN / Bezoldigingen, sociale lasten en pensioenen",Expense Account,,,"KLASSE 6 : KOSTEN / Bezoldigingen, sociale lasten en pensioenen / Andere personeelskosten",
624,Ouderdoms- en overlevingspensioenen,expense,expense,debit,1,,"KLASSE 6 : KOSTEN / Bezoldigingen, sociale lasten en pensioenen",Expense Account,,,"KLASSE 6 : KOSTEN / Bezoldigingen, sociale lasten en pensioenen / Ouderdoms- en overlevingspensioenen",
6240,Bestuurders of zaakvoerders,expense,expense,debit,0,,"KLASSE 6 : KOSTEN / Bezoldigingen, sociale lasten en pensioenen / Ouderdoms- en overlevingspensioenen",Expense Account,,,"KLASSE 6 : KOSTEN / Bezoldigingen, sociale lasten en pensioenen / Ouderdoms- en overlevingspensioenen / Bestuurders of zaakvoerders",
6241,Personeel,expense,expense,debit,0,,"KLASSE 6 : KOSTEN / Bezoldigingen, sociale lasten en pensioenen / Ouderdoms- en overlevingspensioenen",Expense Account,,,"KLASSE 6 : KOSTEN / Bezoldigingen, sociale lasten en pensioenen / Ouderdoms- en overlevingspensioenen / Personeel",
63,"Afschrijvingen, waardeverminderingen en voorzieningen voor risico's",expense,expense,debit,1,,KLASSE 6 : KOSTEN,Expense Account,,,"KLASSE 6 : KOSTEN / Afschrijvingen, waardeverminderingen en voorzieningen voor risico's",
630,Afschrijvingen en waardeverminderingen op vaste activa-toevoeging,expense,depreciation,debit,1,,"KLASSE 6 : KOSTEN / Afschrijvingen, waardeverminderingen en voorzieningen voor risico's",Depreciation,,,"KLASSE 6 : KOSTEN / Afschrijvingen, waardeverminderingen en voorzieningen voor risico's / Afschrijvingen en waardeverminderingen op vaste activa-toevoeging",
6300,Afschrijvingen op oprichtingskosten,expense,depreciation,debit,0,,"KLASSE 6 : KOSTEN / Afschrijvingen, waardeverminderingen en voorzieningen voor risico's / Afschrijvingen en waardeverminderingen op vaste activa-toevoeging",Depreciation,,,"KLASSE 6 : KOSTEN / Afschrijvingen, waardeverminderingen en voorzieningen voor risico's / Afschrijvingen en waardeverminderingen op vaste activa-toevoeging / Afschrijvingen op oprichtingskosten",
6301,Afschrijvingen op immateriële vaste activa,expense,depreciation,debit,0,,"KLASSE 6 : KOSTEN / Afschrijvingen, waardeverminderingen en voorzieningen voor risico's / Afschrijvingen en waardeverminderingen op vaste activa-toevoeging",Depreciation,,,"KLASSE 6 : KOSTEN / Afschrijvingen, waardeverminderingen en voorzieningen voor risico's / Afschrijvingen en waardeverminderingen op vaste activa-toevoeging / Afschrijvingen op immateriële vaste activa",
6302,Afschrijvingen op materiële vaste activa,expense,depreciation,debit,0,,"KLASSE 6 : KOSTEN / Afschrijvingen, waardeverminderingen en voorzieningen voor risico's / Afschrijvingen en waardeverminderingen op vaste activa-toevoeging",Depreciation,,,"KLASSE 6 : KOSTEN / Afschrijvingen, waardeverminderingen en voorzieningen voor risico's / Afschrijvingen en waardeverminderingen op vaste activa-toevoeging / Afschrijvingen op materiële vaste activa",
6308,Waardeverminderingen op immateriële vaste activa,expense,depreciation,debit,0,,"KLASSE 6 : KOSTEN / Afschrijvingen, waardeverminderingen en voorzieningen voor risico's / Afschrijvingen en waardeverminderingen op vaste activa-toevoeging",Depreciation,,,"KLASSE 6 : KOSTEN / Afschrijvingen, waardeverminderingen en voorzieningen voor risico's / Afschrijvingen en waardeverminderingen op vaste activa-toevoeging / Waardeverminderingen op immateriële vaste activa",
6309,Waardeverminderingen op materiële vaste activa,expense,depreciation,debit,0,,"KLASSE 6 : KOSTEN / Afschrijvingen, waardeverminderingen en voorzieningen voor risico's / Afschrijvingen en waardeverminderingen op vaste activa-toevoeging",Depreciation,,,"KLASSE 6 : KOSTEN / Afschrijvingen, waardeverminderingen en voorzieningen voor risico's / Afschrijvingen en waardeverminderingen op vaste activa-toevoeging / Waardeverminderingen op materiële vaste activa",
631,Waardeverminderingen op voorraden,expense,depreciation,debit,1,,"KLASSE 6 : KOSTEN / Afschrijvingen, waardeverminderingen en voorzieningen voor risico's",Depreciation,,,"KLASSE 6 : KOSTEN / Afschrijvingen, waardeverminderingen en voorzieningen voor risico's / Waardeverminderingen op voorraden",
6310,Toevoeging,expense,depreciation,debit,0,,"KLASSE 6 : KOSTEN / Afschrijvingen, waardeverminderingen en voorzieningen voor risico's / Waardeverminderingen op voorraden",Depreciation,,,"KLASSE 6 : KOSTEN / Afschrijvingen, waardeverminderingen en voorzieningen voor risico's / Waardeverminderingen op voorraden / Toevoeging",
6311,Terugneming (-),expense,depreciation,debit,0,,"KLASSE 6 : KOSTEN / Afschrijvingen, waardeverminderingen en voorzieningen voor risico's / Waardeverminderingen op voorraden",Depreciation,,,"KLASSE 6 : KOSTEN / Afschrijvingen, waardeverminderingen en voorzieningen voor risico's / Waardeverminderingen op voorraden / Terugneming (-)",
632,Waardeverminderingen op bestellingen in uitvoering,expense,depreciation,debit,1,,"KLASSE 6 : KOSTEN / Afschrijvingen, waardeverminderingen en voorzieningen voor risico's",Depreciation,,,"KLASSE 6 : KOSTEN / Afschrijvingen, waardeverminderingen en voorzieningen voor risico's / Waardeverminderingen op bestellingen in uitvoering",
6320,Toevoeging,expense,depreciation,debit,0,,"KLASSE 6 : KOSTEN / Afschrijvingen, waardeverminderingen en voorzieningen voor risico's / Waardeverminderingen op bestellingen in uitvoering",Depreciation,,,"KLASSE 6 : KOSTEN / Afschrijvingen, waardeverminderingen en voorzieningen voor risico's / Waardeverminderingen op bestellingen in uitvoering / Toevoeging",
6321,Terugneming (-),expense,depreciation,debit,0,,"KLASSE 6 : KOSTEN / Afschrijvingen, waardeverminderingen en voorzieningen voor risico's / Waardeverminderingen op bestellingen in uitvoering",Depreciation,,,"KLASSE 6 : KOSTEN / Afschrijvingen, waardeverminderingen en voorzieningen voor risico's / Waardeverminderingen op bestellingen in uitvoering / Terugneming (-)",
633,Waardeverminderingen op handelsvorderingen op meer dan één jaar,expense,depreciation,debit,1,,"KLASSE 6 : KOSTEN / Afschrijvingen, waardeverminderingen en voorzieningen voor risico's",Depreciation,,,"KLASSE 6 : KOSTEN / Afschrijvingen, waardeverminderingen en voorzieningen voor risico's / Waardeverminderingen op handelsvorderingen op meer dan één jaar",
6330,Toevoeging,expense,depreciation,debit,0,,"KLASSE 6 : KOSTEN / Afschrijvingen, waardeverminderingen en voorzieningen voor risico's / Waardeverminderingen op handelsvorderingen op meer dan één jaar",Depreciation,,,"KLASSE 6 : KOSTEN / Afschrijvingen, waardeverminderingen en voorzieningen voor risico's / Waardeverminderingen op handelsvorderingen op meer dan één jaar / Toevoeging",
6331,Terugneming (-),expense,depreciation,debit,0,,"KLASSE 6 : KOSTEN / Afschrijvingen, waardeverminderingen en voorzieningen voor risico's / Waardeverminderingen op handelsvorderingen op meer dan één jaar",Depreciation,,,"KLASSE 6 : KOSTEN / Afschrijvingen, waardeverminderingen en voorzieningen voor risico's / Waardeverminderingen op handelsvorderingen op meer dan één jaar / Terugneming (-)",
634,Waardeverminderingen op handelsvorderingen op ten hoogste één jaar,expense,depreciation,debit,1,,"KLASSE 6 : KOSTEN / Afschrijvingen, waardeverminderingen en voorzieningen voor risico's",Depreciation,,,"KLASSE 6 : KOSTEN / Afschrijvingen, waardeverminderingen en voorzieningen voor risico's / Waardeverminderingen op handelsvorderingen op ten hoogste één jaar",
6340,Toevoeging,expense,depreciation,debit,0,,"KLASSE 6 : KOSTEN / Afschrijvingen, waardeverminderingen en voorzieningen voor risico's / Waardeverminderingen op handelsvorderingen op ten hoogste één jaar",Depreciation,,,"KLASSE 6 : KOSTEN / Afschrijvingen, waardeverminderingen en voorzieningen voor risico's / Waardeverminderingen op handelsvorderingen op ten hoogste één jaar / Toevoeging",
6341,Terugneming (-),expense,depreciation,debit,0,,"KLASSE 6 : KOSTEN / Afschrijvingen, waardeverminderingen en voorzieningen voor risico's / Waardeverminderingen op handelsvorderingen op ten hoogste één jaar",Depreciation,,,"KLASSE 6 : KOSTEN / Afschrijvingen, waardeverminderingen en voorzieningen voor risico's / Waardeverminderingen op handelsvorderingen op ten hoogste één jaar / Terugneming (-)",
635,Voorzieningen voor pensioenen en soortgelijke verplichtingen,expense,depreciation,debit,1,,"KLASSE 6 : KOSTEN / Afschrijvingen, waardeverminderingen en voorzieningen voor risico's",Depreciation,,,"KLASSE 6 : KOSTEN / Afschrijvingen, waardeverminderingen en voorzieningen voor risico's / Voorzieningen voor pensioenen en soortgelijke verplichtingen",
6350,Toevoeging,expense,depreciation,debit,0,,"KLASSE 6 : KOSTEN / Afschrijvingen, waardeverminderingen en voorzieningen voor risico's / Voorzieningen voor pensioenen en soortgelijke verplichtingen",Depreciation,,,"KLASSE 6 : KOSTEN / Afschrijvingen, waardeverminderingen en voorzieningen voor risico's / Voorzieningen voor pensioenen en soortgelijke verplichtingen / Toevoeging",
6351,Besteding en terugneming (-),expense,depreciation,debit,0,,"KLASSE 6 : KOSTEN / Afschrijvingen, waardeverminderingen en voorzieningen voor risico's / Voorzieningen voor pensioenen en soortgelijke verplichtingen",Depreciation,,,"KLASSE 6 : KOSTEN / Afschrijvingen, waardeverminderingen en voorzieningen voor risico's / Voorzieningen voor pensioenen en soortgelijke verplichtingen / Besteding en terugneming (-)",
636,Voorzieningen voor grote herstellingswerken en grote onderhoudswerken,expense,depreciation,debit,1,,"KLASSE 6 : KOSTEN / Afschrijvingen, waardeverminderingen en voorzieningen voor risico's",Depreciation,,,"KLASSE 6 : KOSTEN / Afschrijvingen, waardeverminderingen en voorzieningen voor risico's / Voorzieningen voor grote herstellingswerken en grote onderhoudswerken",
6360,Toevoeging,expense,depreciation,debit,0,,"KLASSE 6 : KOSTEN / Afschrijvingen, waardeverminderingen en voorzieningen voor risico's / Voorzieningen voor grote herstellingswerken en grote onderhoudswerken",Depreciation,,,"KLASSE 6 : KOSTEN / Afschrijvingen, waardeverminderingen en voorzieningen voor risico's / Voorzieningen voor grote herstellingswerken en grote onderhoudswerken / Toevoeging",
6361,Besteding en terugneming (-),expense,depreciation,debit,0,,"KLASSE 6 : KOSTEN / Afschrijvingen, waardeverminderingen en voorzieningen voor risico's / Voorzieningen voor grote herstellingswerken en grote onderhoudswerken",Depreciation,,,"KLASSE 6 : KOSTEN / Afschrijvingen, waardeverminderingen en voorzieningen voor risico's / Voorzieningen voor grote herstellingswerken en grote onderhoudswerken / Besteding en terugneming (-)",
637,Voorzieningen voor milieuverplichtingen,expense,depreciation,debit,1,,"KLASSE 6 : KOSTEN / Afschrijvingen, waardeverminderingen en voorzieningen voor risico's",Depreciation,,,"KLASSE 6 : KOSTEN / Afschrijvingen, waardeverminderingen en voorzieningen voor risico's / Voorzieningen voor milieuverplichtingen",
6370,Toevoeging,expense,depreciation,debit,0,,"KLASSE 6 : KOSTEN / Afschrijvingen, waardeverminderingen en voorzieningen voor risico's / Voorzieningen voor milieuverplichtingen",Depreciation,,,"KLASSE 6 : KOSTEN / Afschrijvingen, waardeverminderingen en voorzieningen voor risico's / Voorzieningen voor milieuverplichtingen / Toevoeging",
6371,Besteding en terugneming (-),expense,depreciation,debit,0,,"KLASSE 6 : KOSTEN / Afschrijvingen, waardeverminderingen en voorzieningen voor risico's / Voorzieningen voor milieuverplichtingen",Depreciation,,,"KLASSE 6 : KOSTEN / Afschrijvingen, waardeverminderingen en voorzieningen voor risico's / Voorzieningen voor milieuverplichtingen / Besteding en terugneming (-)",
638,Voorzieningen voor andere risico's en kosten,expense,expense,debit,1,,"KLASSE 6 : KOSTEN / Afschrijvingen, waardeverminderingen en voorzieningen voor risico's",Expense Account,,,"KLASSE 6 : KOSTEN / Afschrijvingen, waardeverminderingen en voorzieningen voor risico's / Voorzieningen voor andere risico's en kosten",
6380,Toevoeging,expense,expense,debit,0,,"KLASSE 6 : KOSTEN / Afschrijvingen, waardeverminderingen en voorzieningen voor risico's / Voorzieningen voor andere risico's en kosten",Expense Account,,,"KLASSE 6 : KOSTEN / Afschrijvingen, waardeverminderingen en voorzieningen voor risico's / Voorzieningen voor andere risico's en kosten / Toevoeging",
6381,Besteding en terugneming (-),expense,expense,debit,0,,"KLASSE 6 : KOSTEN / Afschrijvingen, waardeverminderingen en voorzieningen voor risico's / Voorzieningen voor andere risico's en kosten",Expense Account,,,"KLASSE 6 : KOSTEN / Afschrijvingen, waardeverminderingen en voorzieningen voor risico's / Voorzieningen voor andere risico's en kosten / Besteding en terugneming (-)",
64,Andere bedrijfskosten,expense,expense,debit,1,,KLASSE 6 : KOSTEN,Expense Account,,,KLASSE 6 : KOSTEN / Andere bedrijfskosten,
640,Bedrijfsbelastingen,expense,expense,debit,0,,KLASSE 6 : KOSTEN / Andere bedrijfskosten,Expense Account,,,KLASSE 6 : KOSTEN / Andere bedrijfskosten / Bedrijfsbelastingen,
641,Minderwaarden op de courante realisatie van vaste activa,expense,expense,debit,0,,KLASSE 6 : KOSTEN / Andere bedrijfskosten,Expense Account,,,KLASSE 6 : KOSTEN / Andere bedrijfskosten / Minderwaarden op de courante realisatie van vaste activa,
642,Minderwaarden op de realisatie van handelsvorderingen,expense,expense,debit,0,,KLASSE 6 : KOSTEN / Andere bedrijfskosten,Expense Account,,,KLASSE 6 : KOSTEN / Andere bedrijfskosten / Minderwaarden op de realisatie van handelsvorderingen,
643,Diverse bedrijfskosten (643 tot 648),expense,expense,debit,0,,KLASSE 6 : KOSTEN / Andere bedrijfskosten,Expense Account,,,KLASSE 6 : KOSTEN / Andere bedrijfskosten / Diverse bedrijfskosten (643 tot 648),
649,Als herstructureringskosten geactiveerde bedrijfskosten (-),expense,expense,debit,0,,KLASSE 6 : KOSTEN / Andere bedrijfskosten,Expense Account,,,KLASSE 6 : KOSTEN / Andere bedrijfskosten / Als herstructureringskosten geactiveerde bedrijfskosten (-),
65,Financiële kosten,expense,expense,debit,1,,KLASSE 6 : KOSTEN,Expense Account,,,KLASSE 6 : KOSTEN / Financiële kosten,
650,Kosten van schulden,expense,expense,debit,1,,KLASSE 6 : KOSTEN / Financiële kosten,Expense Account,,,KLASSE 6 : KOSTEN / Financiële kosten / Kosten van schulden,
6500,"Rente, commissies en kosten verbonden aan schulden",expense,expense,debit,0,,KLASSE 6 : KOSTEN / Financiële kosten / Kosten van schulden,Expense Account,,,"KLASSE 6 : KOSTEN / Financiële kosten / Kosten van schulden / Rente, commissies en kosten verbonden aan schulden",
6501,Afschrijving van kosten bij uitgifte van leningen,expense,expense,debit,0,,KLASSE 6 : KOSTEN / Financiële kosten / Kosten van schulden,Expense Account,,,KLASSE 6 : KOSTEN / Financiële kosten / Kosten van schulden / Afschrijving van kosten bij uitgifte van leningen,
6502,Geactiveerde intercalaire interesten (-),expense,expense,debit,0,,KLASSE 6 : KOSTEN / Financiële kosten / Kosten van schulden,Expense Account,,,KLASSE 6 : KOSTEN / Financiële kosten / Kosten van schulden / Geactiveerde intercalaire interesten (-),
651,Waardeverminderingen op vlottende activa,expense,expense,debit,1,,KLASSE 6 : KOSTEN / Financiële kosten,Expense Account,,,KLASSE 6 : KOSTEN / Financiële kosten / Waardeverminderingen op vlottende activa,
6510,Toevoeging,expense,expense,debit,0,,KLASSE 6 : KOSTEN / Financiële kosten / Waardeverminderingen op vlottende activa,Expense Account,,,KLASSE 6 : KOSTEN / Financiële kosten / Waardeverminderingen op vlottende activa / Toevoeging,
6511,Terugneming (-),expense,expense,debit,0,,KLASSE 6 : KOSTEN / Financiële kosten / Waardeverminderingen op vlottende activa,Expense Account,,,KLASSE 6 : KOSTEN / Financiële kosten / Waardeverminderingen op vlottende activa / Terugneming (-),
652,Minderwaarden op de realisatie van vlottende activa,expense,expense,debit,0,,KLASSE 6 : KOSTEN / Financiële kosten,Expense Account,,,KLASSE 6 : KOSTEN / Financiële kosten / Minderwaarden op de realisatie van vlottende activa,
653,Discontokosten op vorderingen,expense,expense,debit,0,,KLASSE 6 : KOSTEN / Financiële kosten,Expense Account,,,KLASSE 6 : KOSTEN / Financiële kosten / Discontokosten op vorderingen,
654,Wisselresultaten,expense,expense,debit,0,,KLASSE 6 : KOSTEN / Financiële kosten,Expense Account,,,KLASSE 6 : KOSTEN / Financiële kosten / Wisselresultaten,
655,Resultaten uit de omrekening van vreemde valuta,expense,expense,debit,0,,KLASSE 6 : KOSTEN / Financiële kosten,Expense Account,,,KLASSE 6 : KOSTEN / Financiële kosten / Resultaten uit de omrekening van vreemde valuta,
656,Voorzieningen met financieel karakter,expense,expense,debit,1,,KLASSE 6 : KOSTEN / Financiële kosten,Expense Account,,,KLASSE 6 : KOSTEN / Financiële kosten / Voorzieningen met financieel karakter,
6560,Toevoegingen,expense,expense,debit,0,,KLASSE 6 : KOSTEN / Financiële kosten / Voorzieningen met financieel karakter,Expense Account,,,KLASSE 6 : KOSTEN / Financiële kosten / Voorzieningen met financieel karakter / Toevoegingen,
6561,Bestedingen en terugnemingen (-),expense,expense,debit,0,,KLASSE 6 : KOSTEN / Financiële kosten / Voorzieningen met financieel karakter,Expense Account,,,KLASSE 6 : KOSTEN / Financiële kosten / Voorzieningen met financieel karakter / Bestedingen en terugnemingen (-),
657,Diverse financiële kosten (657 tot 658),expense,expense,debit,0,,KLASSE 6 : KOSTEN / Financiële kosten,Expense Account,,,KLASSE 6 : KOSTEN / Financiële kosten / Diverse financiële kosten (657 tot 658),
659,Als herstructureringskosten geactiveerde financiële kosten (-),expense,expense,debit,0,,KLASSE 6 : KOSTEN / Financiële kosten,Expense Account,,,KLASSE 6 : KOSTEN / Financiële kosten / Als herstructureringskosten geactiveerde financiële kosten (-),
66,Niet-recurrente bedrijfs- of financiële kosten,expense,expense,debit,1,,KLASSE 6 : KOSTEN,Expense Account,,,KLASSE 6 : KOSTEN / Niet-recurrente bedrijfs- of financiële kosten,
660,Niet-recurrente afschrijvingen en waardeverminderingen (toevoeging),expense,expense,debit,1,,KLASSE 6 : KOSTEN / Niet-recurrente bedrijfs- of financiële kosten,Expense Account,,,KLASSE 6 : KOSTEN / Niet-recurrente bedrijfs- of financiële kosten / Niet-recurrente afschrijvingen en waardeverminderingen (toevoeging),
6600,op oprichtingskosten,expense,expense,debit,0,,KLASSE 6 : KOSTEN / Niet-recurrente bedrijfs- of financiële kosten / Niet-recurrente afschrijvingen en waardeverminderingen (toevoeging),Expense Account,,,KLASSE 6 : KOSTEN / Niet-recurrente bedrijfs- of financiële kosten / Niet-recurrente afschrijvingen en waardeverminderingen (toevoeging) / op oprichtingskosten,
6601,op immateriële vaste activa,expense,expense,debit,0,,KLASSE 6 : KOSTEN / Niet-recurrente bedrijfs- of financiële kosten / Niet-recurrente afschrijvingen en waardeverminderingen (toevoeging),Expense Account,,,KLASSE 6 : KOSTEN / Niet-recurrente bedrijfs- of financiële kosten / Niet-recurrente afschrijvingen en waardeverminderingen (toevoeging) / op immateriële vaste activa,
6602,op materiële vaste activa,expense,expense,debit,0,,KLASSE 6 : KOSTEN / Niet-recurrente bedrijfs- of financiële kosten / Niet-recurrente afschrijvingen en waardeverminderingen (toevoeging),Expense Account,,,KLASSE 6 : KOSTEN / Niet-recurrente bedrijfs- of financiële kosten / Niet-recurrente afschrijvingen en waardeverminderingen (toevoeging) / op materiële vaste activa,
661,Waardeverminderingen op financiële vaste activa (toevoeging),expense,expense,debit,0,,KLASSE 6 : KOSTEN / Niet-recurrente bedrijfs- of financiële kosten,Expense Account,,,KLASSE 6 : KOSTEN / Niet-recurrente bedrijfs- of financiële kosten / Waardeverminderingen op financiële vaste activa (toevoeging),
662,Voorzieningen voor niet-recurrente risico's en kosten,expense,expense,debit,1,,KLASSE 6 : KOSTEN / Niet-recurrente bedrijfs- of financiële kosten,Expense Account,,,KLASSE 6 : KOSTEN / Niet-recurrente bedrijfs- of financiële kosten / Voorzieningen voor niet-recurrente risico's en kosten,
6620,Voorzieningen voor niet-recurrente bedrijfsrisico's en -kosten,expense,expense,debit,1,,KLASSE 6 : KOSTEN / Niet-recurrente bedrijfs- of financiële kosten / Voorzieningen voor niet-recurrente risico's en kosten,Expense Account,,,KLASSE 6 : KOSTEN / Niet-recurrente bedrijfs- of financiële kosten / Voorzieningen voor niet-recurrente risico's en kosten / Voorzieningen voor niet-recurrente bedrijfsrisico's en -kosten,
66200,Toevoeging,expense,expense,debit,0,,KLASSE 6 : KOSTEN / Niet-recurrente bedrijfs- of financiële kosten / Voorzieningen voor niet-recurrente risico's en kosten / Voorzieningen voor niet-recurrente bedrijfsrisico's en -kosten,Expense Account,,,KLASSE 6 : KOSTEN / Niet-recurrente bedrijfs- of financiële kosten / Voorzieningen voor niet-recurrente risico's en kosten / Voorzieningen voor niet-recurrente bedrijfsrisico's en -kosten / Toevoeging,
66201,Besteding (-),expense,expense,debit,0,,KLASSE 6 : KOSTEN / Niet-recurrente bedrijfs- of financiële kosten / Voorzieningen voor niet-recurrente risico's en kosten / Voorzieningen voor niet-recurrente bedrijfsrisico's en -kosten,Expense Account,,,KLASSE 6 : KOSTEN / Niet-recurrente bedrijfs- of financiële kosten / Voorzieningen voor niet-recurrente risico's en kosten / Voorzieningen voor niet-recurrente bedrijfsrisico's en -kosten / Besteding (-),
6621,Voorzieningen voor niet-recurrente financiële risico's en -kosten,expense,expense,debit,1,,KLASSE 6 : KOSTEN / Niet-recurrente bedrijfs- of financiële kosten / Voorzieningen voor niet-recurrente risico's en kosten,Expense Account,,,KLASSE 6 : KOSTEN / Niet-recurrente bedrijfs- of financiële kosten / Voorzieningen voor niet-recurrente risico's en kosten / Voorzieningen voor niet-recurrente financiële risico's en -kosten,
66210,Toevoeging,expense,expense,debit,0,,KLASSE 6 : KOSTEN / Niet-recurrente bedrijfs- of financiële kosten / Voorzieningen voor niet-recurrente risico's en kosten / Voorzieningen voor niet-recurrente financiële risico's en -kosten,Expense Account,,,KLASSE 6 : KOSTEN / Niet-recurrente bedrijfs- of financiële kosten / Voorzieningen voor niet-recurrente risico's en kosten / Voorzieningen voor niet-recurrente financiële risico's en -kosten / Toevoeging,
66211,Besteding (-),expense,expense,debit,0,,KLASSE 6 : KOSTEN / Niet-recurrente bedrijfs- of financiële kosten / Voorzieningen voor niet-recurrente risico's en kosten / Voorzieningen voor niet-recurrente financiële risico's en -kosten,Expense Account,,,KLASSE 6 : KOSTEN / Niet-recurrente bedrijfs- of financiële kosten / Voorzieningen voor niet-recurrente risico's en kosten / Voorzieningen voor niet-recurrente financiële risico's en -kosten / Besteding (-),
663,Minderwaarden op de realisatie van vaste activa,expense,expense,debit,1,,KLASSE 6 : KOSTEN / Niet-recurrente bedrijfs- of financiële kosten,Expense Account,,,KLASSE 6 : KOSTEN / Niet-recurrente bedrijfs- of financiële kosten / Minderwaarden op de realisatie van vaste activa,
6630,Minderwaarden op de realisatie van immateriële en materiële vaste activa,expense,expense,debit,0,,KLASSE 6 : KOSTEN / Niet-recurrente bedrijfs- of financiële kosten / Minderwaarden op de realisatie van vaste activa,Expense Account,,,KLASSE 6 : KOSTEN / Niet-recurrente bedrijfs- of financiële kosten / Minderwaarden op de realisatie van vaste activa / Minderwaarden op de realisatie van immateriële en materiële vaste activa,
6631,Minderwaarden op de realisatie van financiële vaste activa,expense,expense,debit,0,,KLASSE 6 : KOSTEN / Niet-recurrente bedrijfs- of financiële kosten / Minderwaarden op de realisatie van vaste activa,Expense Account,,,KLASSE 6 : KOSTEN / Niet-recurrente bedrijfs- of financiële kosten / Minderwaarden op de realisatie van vaste activa / Minderwaarden op de realisatie van financiële vaste activa,
664,Andere niet-recurrente bedrijfskosten (664 tot 667),expense,expense,debit,0,,KLASSE 6 : KOSTEN / Niet-recurrente bedrijfs- of financiële kosten,Expense Account,,,KLASSE 6 : KOSTEN / Niet-recurrente bedrijfs- of financiële kosten / Andere niet-recurrente bedrijfskosten (664 tot 667),
668,Andere niet-recurrente financiële kosten,expense,expense,debit,0,,KLASSE 6 : KOSTEN / Niet-recurrente bedrijfs- of financiële kosten,Expense Account,,,KLASSE 6 : KOSTEN / Niet-recurrente bedrijfs- of financiële kosten / Andere niet-recurrente financiële kosten,
6690,Als herstructureringskosten geactiveerde niet-recurrente bedrijfskosten (-),expense,expense,debit,0,,KLASSE 6 : KOSTEN / Niet-recurrente bedrijfs- of financiële kosten,Expense Account,,,KLASSE 6 : KOSTEN / Niet-recurrente bedrijfs- of financiële kosten / Als herstructureringskosten geactiveerde niet-recurrente bedrijfskosten (-),
6691,Als herstructureringskosten geactiveerde niet-recurrente financiële kosten (-),expense,expense,debit,0,,KLASSE 6 : KOSTEN / Niet-recurrente bedrijfs- of financiële kosten,Expense Account,,,KLASSE 6 : KOSTEN / Niet-recurrente bedrijfs- of financiële kosten / Als herstructureringskosten geactiveerde niet-recurrente financiële kosten (-),
67,Belastingen op het resultaat,expense,expense,debit,1,,KLASSE 6 : KOSTEN,Expense Account,,,KLASSE 6 : KOSTEN / Belastingen op het resultaat,
670,Belgische belastingen op het resultaat van het boekjaar,expense,expense,debit,1,,KLASSE 6 : KOSTEN / Belastingen op het resultaat,Expense Account,,,KLASSE 6 : KOSTEN / Belastingen op het resultaat / Belgische belastingen op het resultaat van het boekjaar,
6700,Verschuldigde of gestorte belastingen en voorheffingen,expense,expense,debit,0,,KLASSE 6 : KOSTEN / Belastingen op het resultaat / Belgische belastingen op het resultaat van het boekjaar,Expense Account,,,KLASSE 6 : KOSTEN / Belastingen op het resultaat / Belgische belastingen op het resultaat van het boekjaar / Verschuldigde of gestorte belastingen en voorheffingen,
6701,Geactiveerde overschotten van betaalde belastingen en voorheffingen (-),expense,expense,debit,0,,KLASSE 6 : KOSTEN / Belastingen op het resultaat / Belgische belastingen op het resultaat van het boekjaar,Expense Account,,,KLASSE 6 : KOSTEN / Belastingen op het resultaat / Belgische belastingen op het resultaat van het boekjaar / Geactiveerde overschotten van betaalde belastingen en voorheffingen (-),
6702,Geraamde belastingen,expense,expense,debit,0,,KLASSE 6 : KOSTEN / Belastingen op het resultaat / Belgische belastingen op het resultaat van het boekjaar,Expense Account,,,KLASSE 6 : KOSTEN / Belastingen op het resultaat / Belgische belastingen op het resultaat van het boekjaar / Geraamde belastingen,
671,Belgische belastingen op het resultaat van vorige boekjaren,expense,expense,debit,1,,KLASSE 6 : KOSTEN / Belastingen op het resultaat,Expense Account,,,KLASSE 6 : KOSTEN / Belastingen op het resultaat / Belgische belastingen op het resultaat van vorige boekjaren,
6710,Verschuldigde of gestorte belastingsupplementen,expense,expense,debit,0,,KLASSE 6 : KOSTEN / Belastingen op het resultaat / Belgische belastingen op het resultaat van vorige boekjaren,Expense Account,,,KLASSE 6 : KOSTEN / Belastingen op het resultaat / Belgische belastingen op het resultaat van vorige boekjaren / Verschuldigde of gestorte belastingsupplementen,
6711,Geraamde belastingsupplementen,expense,expense,debit,0,,KLASSE 6 : KOSTEN / Belastingen op het resultaat / Belgische belastingen op het resultaat van vorige boekjaren,Expense Account,,,KLASSE 6 : KOSTEN / Belastingen op het resultaat / Belgische belastingen op het resultaat van vorige boekjaren / Geraamde belastingsupplementen,
6712,Gevormde fiscale voorzieningen,expense,expense,debit,0,,KLASSE 6 : KOSTEN / Belastingen op het resultaat / Belgische belastingen op het resultaat van vorige boekjaren,Expense Account,,,KLASSE 6 : KOSTEN / Belastingen op het resultaat / Belgische belastingen op het resultaat van vorige boekjaren / Gevormde fiscale voorzieningen,
672,Buitenlandse belastingen op het resultaat van het boekjaar,expense,expense,debit,0,,KLASSE 6 : KOSTEN / Belastingen op het resultaat,Expense Account,,,KLASSE 6 : KOSTEN / Belastingen op het resultaat / Buitenlandse belastingen op het resultaat van het boekjaar,
673,Buitenlandse belastingen op het resultaat van vorige boekjaren,expense,expense,debit,0,,KLASSE 6 : KOSTEN / Belastingen op het resultaat,Expense Account,,,KLASSE 6 : KOSTEN / Belastingen op het resultaat / Buitenlandse belastingen op het resultaat van vorige boekjaren,
68,Overboeking naar de uitgestelde belastingen en naar de belastingvrije reserves,expense,expense,debit,1,,KLASSE 6 : KOSTEN,Expense Account,,,KLASSE 6 : KOSTEN / Overboeking naar de uitgestelde belastingen en naar de belastingvrije reserves,
680,Overboeking naar de uitgestelde belastingen,expense,expense,debit,0,,KLASSE 6 : KOSTEN / Overboeking naar de uitgestelde belastingen en naar de belastingvrije reserves,Expense Account,,,KLASSE 6 : KOSTEN / Overboeking naar de uitgestelde belastingen en naar de belastingvrije reserves / Overboeking naar de uitgestelde belastingen,
689,Overboeking naar de belastingvrije reserves,expense,expense,debit,0,,KLASSE 6 : KOSTEN / Overboeking naar de uitgestelde belastingen en naar de belastingvrije reserves,Expense Account,,,KLASSE 6 : KOSTEN / Overboeking naar de uitgestelde belastingen en naar de belastingvrije reserves / Overboeking naar de belastingvrije reserves,
69,Resultatenverwerking,expense,expense,debit,1,,KLASSE 6 : KOSTEN,Expense Account,,,KLASSE 6 : KOSTEN / Resultatenverwerking,
690,Overgedragen verlies van het vorige boekjaar,expense,expense,debit,0,,KLASSE 6 : KOSTEN / Resultatenverwerking,Expense Account,,,KLASSE 6 : KOSTEN / Resultatenverwerking / Overgedragen verlies van het vorige boekjaar,
691,Toevoeging aan de inbreng,expense,expense,debit,0,,KLASSE 6 : KOSTEN / Resultatenverwerking,Expense Account,,,KLASSE 6 : KOSTEN / Resultatenverwerking / Toevoeging aan de inbreng,
692,Toevoeging aan de reserves,expense,expense,debit,1,,KLASSE 6 : KOSTEN / Resultatenverwerking,Expense Account,,,KLASSE 6 : KOSTEN / Resultatenverwerking / Toevoeging aan de reserves,
6920,Toevoeging aan de wettelijke reserve,expense,expense,debit,0,,KLASSE 6 : KOSTEN / Resultatenverwerking / Toevoeging aan de reserves,Expense Account,,,KLASSE 6 : KOSTEN / Resultatenverwerking / Toevoeging aan de reserves / Toevoeging aan de wettelijke reserve,
6921,Toevoeging aan de overige reserves,expense,expense,debit,0,,KLASSE 6 : KOSTEN / Resultatenverwerking / Toevoeging aan de reserves,Expense Account,,,KLASSE 6 : KOSTEN / Resultatenverwerking / Toevoeging aan de reserves / Toevoeging aan de overige reserves,
693,Over te dragen winst,expense,expense,debit,0,,KLASSE 6 : KOSTEN / Resultatenverwerking,Expense Account,,,KLASSE 6 : KOSTEN / Resultatenverwerking / Over te dragen winst,
694,Vergoeding van de inbreng,expense,expense,debit,0,,KLASSE 6 : KOSTEN / Resultatenverwerking,Expense Account,,,KLASSE 6 : KOSTEN / Resultatenverwerking / Vergoeding van de inbreng,
695,Bestuurders of zaakvoerders,expense,expense,debit,0,,KLASSE 6 : KOSTEN / Resultatenverwerking,Expense Account,,,KLASSE 6 : KOSTEN / Resultatenverwerking / Bestuurders of zaakvoerders,
696,Werknemers,expense,expense,debit,0,,KLASSE 6 : KOSTEN / Resultatenverwerking,Expense Account,,,KLASSE 6 : KOSTEN / Resultatenverwerking / Werknemers,
697,Andere rechthebbenden,expense,expense,debit,0,,KLASSE 6 : KOSTEN / Resultatenverwerking,Expense Account,,,KLASSE 6 : KOSTEN / Resultatenverwerking / Andere rechthebbenden,
,KLASSE 7 : OPBRENGSTEN,income,group,credit,1,,,,,,KLASSE 7 : OPBRENGSTEN,
70,Omzet,income,income,credit,1,,KLASSE 7 : OPBRENGSTEN,Income Account,,,KLASSE 7 : OPBRENGSTEN / Omzet,
708,"Toegekende kortingen, ristorno's en rabatten (-)",income,income,credit,0,,KLASSE 7 : OPBRENGSTEN / Omzet,Income Account,,,"KLASSE 7 : OPBRENGSTEN / Omzet / Toegekende kortingen, ristorno's en rabatten (-)",
71,Wijzigingen in de voorraden en in de bestellingen in uitvoering,income,income,credit,1,,KLASSE 7 : OPBRENGSTEN,Income Account,,,KLASSE 7 : OPBRENGSTEN / Wijzigingen in de voorraden en in de bestellingen in uitvoering,
712,In de voorraad goederen in bewerking,income,income,credit,0,,KLASSE 7 : OPBRENGSTEN / Wijzigingen in de voorraden en in de bestellingen in uitvoering,Income Account,,,KLASSE 7 : OPBRENGSTEN / Wijzigingen in de voorraden en in de bestellingen in uitvoering / In de voorraad goederen in bewerking,
713,In de voorraad gereed product,income,income,credit,0,,KLASSE 7 : OPBRENGSTEN / Wijzigingen in de voorraden en in de bestellingen in uitvoering,Income Account,,,KLASSE 7 : OPBRENGSTEN / Wijzigingen in de voorraden en in de bestellingen in uitvoering / In de voorraad gereed product,
715,In de voorraad onroerende goederen bestemd voor verkoop,income,income,credit,0,,KLASSE 7 : OPBRENGSTEN / Wijzigingen in de voorraden en in de bestellingen in uitvoering,Income Account,,,KLASSE 7 : OPBRENGSTEN / Wijzigingen in de voorraden en in de bestellingen in uitvoering / In de voorraad onroerende goederen bestemd voor verkoop,
717,In de bestellingen in uitvoering,income,income,credit,1,,KLASSE 7 : OPBRENGSTEN / Wijzigingen in de voorraden en in de bestellingen in uitvoering,Income Account,,,KLASSE 7 : OPBRENGSTEN / Wijzigingen in de voorraden en in de bestellingen in uitvoering / In de bestellingen in uitvoering,
7170,Aanschaffingswaarde,income,income,credit,0,,KLASSE 7 : OPBRENGSTEN / Wijzigingen in de voorraden en in de bestellingen in uitvoering / In de bestellingen in uitvoering,Income Account,,,KLASSE 7 : OPBRENGSTEN / Wijzigingen in de voorraden en in de bestellingen in uitvoering / In de bestellingen in uitvoering / Aanschaffingswaarde,
7171,Toegerekende winst,income,income,credit,0,,KLASSE 7 : OPBRENGSTEN / Wijzigingen in de voorraden en in de bestellingen in uitvoering / In de bestellingen in uitvoering,Income Account,,,KLASSE 7 : OPBRENGSTEN / Wijzigingen in de voorraden en in de bestellingen in uitvoering / In de bestellingen in uitvoering / Toegerekende winst,
72,Geproduceerde vaste activa,income,income,credit,0,,KLASSE 7 : OPBRENGSTEN,Income Account,,,KLASSE 7 : OPBRENGSTEN / Geproduceerde vaste activa,
74,Andere bedrijfsopbrengsten,income,income,credit,1,,KLASSE 7 : OPBRENGSTEN,Income Account,,,KLASSE 7 : OPBRENGSTEN / Andere bedrijfsopbrengsten,
740,Bedrijfssubsidies en compenserende bedragen,income,income,credit,0,,KLASSE 7 : OPBRENGSTEN / Andere bedrijfsopbrengsten,Income Account,,,KLASSE 7 : OPBRENGSTEN / Andere bedrijfsopbrengsten / Bedrijfssubsidies en compenserende bedragen,
741,Meerwaarden op de courante realisatie van materiële vaste activa,income,income,credit,0,,KLASSE 7 : OPBRENGSTEN / Andere bedrijfsopbrengsten,Income Account,,,KLASSE 7 : OPBRENGSTEN / Andere bedrijfsopbrengsten / Meerwaarden op de courante realisatie van materiële vaste activa,
742,Meerwaarden op de realisatie van handelsvorderingen,income,income,credit,0,,KLASSE 7 : OPBRENGSTEN / Andere bedrijfsopbrengsten,Income Account,,,KLASSE 7 : OPBRENGSTEN / Andere bedrijfsopbrengsten / Meerwaarden op de realisatie van handelsvorderingen,
743,Diverse bedrijfsopbrengsten (743 tot 749),income,income,credit,0,,KLASSE 7 : OPBRENGSTEN / Andere bedrijfsopbrengsten,Income Account,,,KLASSE 7 : OPBRENGSTEN / Andere bedrijfsopbrengsten / Diverse bedrijfsopbrengsten (743 tot 749),
75,Financiële opbrengsten,income,income,credit,1,,KLASSE 7 : OPBRENGSTEN,Income Account,,,KLASSE 7 : OPBRENGSTEN / Financiële opbrengsten,
750,Opbrengsten uit financiële vaste activa,income,income,credit,0,,KLASSE 7 : OPBRENGSTEN / Financiële opbrengsten,Income Account,,,KLASSE 7 : OPBRENGSTEN / Financiële opbrengsten / Opbrengsten uit financiële vaste activa,
751,Opbrengsten uit vlottende activa,income,income,credit,0,,KLASSE 7 : OPBRENGSTEN / Financiële opbrengsten,Income Account,,,KLASSE 7 : OPBRENGSTEN / Financiële opbrengsten / Opbrengsten uit vlottende activa,
752,Meerwaarden op de realisatie van vlottende activa,income,income,credit,0,,KLASSE 7 : OPBRENGSTEN / Financiële opbrengsten,Income Account,,,KLASSE 7 : OPBRENGSTEN / Financiële opbrengsten / Meerwaarden op de realisatie van vlottende activa,
753,Kapitaal- en interestsubsidies,income,income,credit,0,,KLASSE 7 : OPBRENGSTEN / Financiële opbrengsten,Income Account,,,KLASSE 7 : OPBRENGSTEN / Financiële opbrengsten / Kapitaal- en interestsubsidies,
754,Wisselresultaten,income,income,credit,0,,KLASSE 7 : OPBRENGSTEN / Financiële opbrengsten,Income Account,,,KLASSE 7 : OPBRENGSTEN / Financiële opbrengsten / Wisselresultaten,
755,Resultaten uit de omrekening van vreemde valuta,income,income,credit,0,,KLASSE 7 : OPBRENGSTEN / Financiële opbrengsten,Income Account,,,KLASSE 7 : OPBRENGSTEN / Financiële opbrengsten / Resultaten uit de omrekening van vreemde valuta,
756,Diverse financiële opbrengsten (756 tot 759),income,income,credit,0,,KLASSE 7 : OPBRENGSTEN / Financiële opbrengsten,Income Account,,,KLASSE 7 : OPBRENGSTEN / Financiële opbrengsten / Diverse financiële opbrengsten (756 tot 759),
76,Niet-recurrente bedrijfs- of financiële opbrengsten,income,income,credit,1,,KLASSE 7 : OPBRENGSTEN,Income Account,,,KLASSE 7 : OPBRENGSTEN / Niet-recurrente bedrijfs- of financiële opbrengsten,
760,Terugneming van afschrijvingen en waardeverminderingen,income,income,credit,1,,KLASSE 7 : OPBRENGSTEN / Niet-recurrente bedrijfs- of financiële opbrengsten,Income Account,,,KLASSE 7 : OPBRENGSTEN / Niet-recurrente bedrijfs- of financiële opbrengsten / Terugneming van afschrijvingen en waardeverminderingen,
7600,op immateriële vaste activa,income,income,credit,0,,KLASSE 7 : OPBRENGSTEN / Niet-recurrente bedrijfs- of financiële opbrengsten / Terugneming van afschrijvingen en waardeverminderingen,Income Account,,,KLASSE 7 : OPBRENGSTEN / Niet-recurrente bedrijfs- of financiële opbrengsten / Terugneming van afschrijvingen en waardeverminderingen / op immateriële vaste activa,
7601,op materiële vaste activa,income,income,credit,0,,KLASSE 7 : OPBRENGSTEN / Niet-recurrente bedrijfs- of financiële opbrengsten / Terugneming van afschrijvingen en waardeverminderingen,Income Account,,,KLASSE 7 : OPBRENGSTEN / Niet-recurrente bedrijfs- of financiële opbrengsten / Terugneming van afschrijvingen en waardeverminderingen / op materiële vaste activa,
761,Terugneming van waardeverminderingen op financiële vaste activa,income,income,credit,0,,KLASSE 7 : OPBRENGSTEN / Niet-recurrente bedrijfs- of financiële opbrengsten,Income Account,,,KLASSE 7 : OPBRENGSTEN / Niet-recurrente bedrijfs- of financiële opbrengsten / Terugneming van waardeverminderingen op financiële vaste activa,
762,Terugneming van voorzieningen voor niet-recurrente risico's en kosten,income,income,credit,1,,KLASSE 7 : OPBRENGSTEN / Niet-recurrente bedrijfs- of financiële opbrengsten,Income Account,,,KLASSE 7 : OPBRENGSTEN / Niet-recurrente bedrijfs- of financiële opbrengsten / Terugneming van voorzieningen voor niet-recurrente risico's en kosten,
7620,Terugneming van voorzieningen voor niet-recurrente bedrijfsrisico's en -kosten,income,income,credit,0,,KLASSE 7 : OPBRENGSTEN / Niet-recurrente bedrijfs- of financiële opbrengsten / Terugneming van voorzieningen voor niet-recurrente risico's en kosten,Income Account,,,KLASSE 7 : OPBRENGSTEN / Niet-recurrente bedrijfs- of financiële opbrengsten / Terugneming van voorzieningen voor niet-recurrente risico's en kosten / Terugneming van voorzieningen voor niet-recurrente bedrijfsrisico's en -kosten,
7621,Terugneming van voorzieningen voor niet-recurrente financiële risico's en -kosten,income,income,credit,0,,KLASSE 7 : OPBRENGSTEN / Niet-recurrente bedrijfs- of financiële opbrengsten / Terugneming van voorzieningen voor niet-recurrente risico's en kosten,Income Account,,,KLASSE 7 : OPBRENGSTEN / Niet-recurrente bedrijfs- of financiële opbrengsten / Terugneming van voorzieningen voor niet-recurrente risico's en kosten / Terugneming van voorzieningen voor niet-recurrente financiële risico's en -kosten,
763,Meerwaarden op de realisatie van vaste activa,income,income,credit,1,,KLASSE 7 : OPBRENGSTEN / Niet-recurrente bedrijfs- of financiële opbrengsten,Income Account,,,KLASSE 7 : OPBRENGSTEN / Niet-recurrente bedrijfs- of financiële opbrengsten / Meerwaarden op de realisatie van vaste activa,
7630,Meerwaarde op de realisatie van immateriële en materiële vaste activa,income,income,credit,0,,KLASSE 7 : OPBRENGSTEN / Niet-recurrente bedrijfs- of financiële opbrengsten / Meerwaarden op de realisatie van vaste activa,Income Account,,,KLASSE 7 : OPBRENGSTEN / Niet-recurrente bedrijfs- of financiële opbrengsten / Meerwaarden op de realisatie van vaste activa / Meerwaarde op de realisatie van immateriële en materiële vaste activa,
7631,Meerwaarde op de realisatie van financiële vaste activa,income,income,credit,0,,KLASSE 7 : OPBRENGSTEN / Niet-recurrente bedrijfs- of financiële opbrengsten / Meerwaarden op de realisatie van vaste activa,Income Account,,,KLASSE 7 : OPBRENGSTEN / Niet-recurrente bedrijfs- of financiële opbrengsten / Meerwaarden op de realisatie van vaste activa / Meerwaarde op de realisatie van financiële vaste activa,
764,Andere niet-recurrente bedrijfsopbrengsten (764 tot 768),income,income,credit,0,,KLASSE 7 : OPBRENGSTEN / Niet-recurrente bedrijfs- of financiële opbrengsten,Income Account,,,KLASSE 7 : OPBRENGSTEN / Niet-recurrente bedrijfs- of financiële opbrengsten / Andere niet-recurrente bedrijfsopbrengsten (764 tot 768),
769,Andere niet-recurrente financiële opbrengsten,income,income,credit,0,,KLASSE 7 : OPBRENGSTEN / Niet-recurrente bedrijfs- of financiële opbrengsten,Income Account,,,KLASSE 7 : OPBRENGSTEN / Niet-recurrente bedrijfs- of financiële opbrengsten / Andere niet-recurrente financiële opbrengsten,
77,Regularisering van belastingen en terugneming van fiscale voorzieningen,income,income,credit,1,,KLASSE 7 : OPBRENGSTEN,Income Account,,,KLASSE 7 : OPBRENGSTEN / Regularisering van belastingen en terugneming van fiscale voorzieningen,
771,Belgische belastingen op het resultaat,income,income,credit,1,,KLASSE 7 : OPBRENGSTEN / Regularisering van belastingen en terugneming van fiscale voorzieningen,Income Account,,,KLASSE 7 : OPBRENGSTEN / Regularisering van belastingen en terugneming van fiscale voorzieningen / Belgische belastingen op het resultaat,
7710,Regularisering van verschuldigde of betaalde belastingen,income,income,credit,0,,KLASSE 7 : OPBRENGSTEN / Regularisering van belastingen en terugneming van fiscale voorzieningen / Belgische belastingen op het resultaat,Income Account,,,KLASSE 7 : OPBRENGSTEN / Regularisering van belastingen en terugneming van fiscale voorzieningen / Belgische belastingen op het resultaat / Regularisering van verschuldigde of betaalde belastingen,
7711,Regularisering van geraamde belastingen,income,income,credit,0,,KLASSE 7 : OPBRENGSTEN / Regularisering van belastingen en terugneming van fiscale voorzieningen / Belgische belastingen op het resultaat,Income Account,,,KLASSE 7 : OPBRENGSTEN / Regularisering van belastingen en terugneming van fiscale voorzieningen / Belgische belastingen op het resultaat / Regularisering van geraamde belastingen,
7712,Terugneming van fiscale voorzieningen,income,income,credit,0,,KLASSE 7 : OPBRENGSTEN / Regularisering van belastingen en terugneming van fiscale voorzieningen / Belgische belastingen op het resultaat,Income Account,,,KLASSE 7 : OPBRENGSTEN / Regularisering van belastingen en terugneming van fiscale voorzieningen / Belgische belastingen op het resultaat / Terugneming van fiscale voorzieningen,
773,Buitenlandse belastingen op het resultaat,income,income,credit,0,,KLASSE 7 : OPBRENGSTEN / Regularisering van belastingen en terugneming van fiscale voorzieningen,Income Account,,,KLASSE 7 : OPBRENGSTEN / Regularisering van belastingen en terugneming van fiscale voorzieningen / Buitenlandse belastingen op het resultaat,
78,Onttrekkingen aan de belastingvrije reserves en uitgestelde belastingen,income,income,credit,1,,KLASSE 7 : OPBRENGSTEN,Income Account,,,KLASSE 7 : OPBRENGSTEN / Onttrekkingen aan de belastingvrije reserves en uitgestelde belastingen,
780,Onttrekkingen aan de uitgestelde belastingen,income,income,credit,0,,KLASSE 7 : OPBRENGSTEN / Onttrekkingen aan de belastingvrije reserves en uitgestelde belastingen,Income Account,,,KLASSE 7 : OPBRENGSTEN / Onttrekkingen aan de belastingvrije reserves en uitgestelde belastingen / Onttrekkingen aan de uitgestelde belastingen,
789,Onttrekkingen aan de belastingvrije reserves,income,income,credit,0,,KLASSE 7 : OPBRENGSTEN / Onttrekkingen aan de belastingvrije reserves en uitgestelde belastingen,Income Account,,,KLASSE 7 : OPBRENGSTEN / Onttrekkingen aan de belastingvrije reserves en uitgestelde belastingen / Onttrekkingen aan de belastingvrije reserves,
79,Resultaatverwerking,income,income,credit,1,,KLASSE 7 : OPBRENGSTEN,Income Account,,,KLASSE 7 : OPBRENGSTEN / Resultaatverwerking,
790,Overgedragen winst van het vorige boekjaar,income,income,credit,0,,KLASSE 7 : OPBRENGSTEN / Resultaatverwerking,Income Account,,,KLASSE 7 : OPBRENGSTEN / Resultaatverwerking / Overgedragen winst van het vorige boekjaar,
791,Onttrekking aan de inbreng,income,income,credit,0,,KLASSE 7 : OPBRENGSTEN / Resultaatverwerking,Income Account,,,KLASSE 7 : OPBRENGSTEN / Resultaatverwerking / Onttrekking aan de inbreng,
792,Onttrekking aan de reserves,income,income,credit,0,,KLASSE 7 : OPBRENGSTEN / Resultaatverwerking,Income Account,,,KLASSE 7 : OPBRENGSTEN / Resultaatverwerking / Onttrekking aan de reserves,
793,Over te dragen verlies,income,income,credit,0,,KLASSE 7 : OPBRENGSTEN / Resultaatverwerking,Income Account,,,KLASSE 7 : OPBRENGSTEN / Resultaatverwerking / Over te dragen verlies,
794,Tussenkomst van vennoten (of van de eigenaar) in het verlies,income,income,credit,0,,KLASSE 7 : OPBRENGSTEN / Resultaatverwerking,Income Account,,,KLASSE 7 : OPBRENGSTEN / Resultaatverwerking / Tussenkomst van vennoten (of van de eigenaar) in het verlies,
