code,name,root_type,subtype,normal_balance,is_group,role_hint,parent_path,source_type,reconcile,description,source_id,flags
,CLASSE 1 : FONDS ASSOCIATIFS ET DE LA FONDATION,equity,group,credit,1,,,,,,CLASSE 1 : FONDS ASSOCIATIFS ET DE LA FONDATION,
10,Fonds de l'association ou de la fondation,equity,equity,credit,0,,CLASSE 1 : FONDS ASSOCIATIFS ET DE LA FONDATION,Equity,,,CLASSE 1 : FONDS ASSOCIATIFS ET DE LA FONDATION / Fonds de l'association ou de la fondation,
12,Plus-values de réévaluation,equity,equity,credit,1,,CLASSE 1 : FONDS ASSOCIATIFS ET DE LA FONDATION,Equity,,,CLASSE 1 : FONDS ASSOCIATIFS ET DE LA FONDATION / Plus-values de réévaluation,
120,Plus-values de réévaluation sur immobilisations incorporelles,equity,equity,credit,0,,CLASSE 1 : FONDS ASSOCIATIFS ET DE LA FONDATION / Plus-values de réévaluation,Equity,,,CLASSE 1 : FONDS ASSOCIATIFS ET DE LA FONDATION / Plus-values de réévaluation / Plus-values de réévaluation sur immobilisations incorporelles,
121,Plus-values de réévaluation sur immobilisations corporelles,equity,equity,credit,0,,CLASSE 1 : FONDS ASSOCIATIFS ET DE LA FONDATION / Plus-values de réévaluation,Equity,,,CLASSE 1 : FONDS ASSOCIATIFS ET DE LA FONDATION / Plus-values de réévaluation / Plus-values de réévaluation sur immobilisations corporelles,
122,Plus-values de réévaluation sur immobilisations financières,equity,equity,credit,0,,CLASSE 1 : FONDS ASSOCIATIFS ET DE LA FONDATION / Plus-values de réévaluation,Equity,,,CLASSE 1 : FONDS ASSOCIATIFS ET DE LA FONDATION / Plus-values de réévaluation / Plus-values de réévaluation sur immobilisations financières,
124,Reprises de réductions de valeur sur placements de trésorerie,equity,equity,credit,0,,CLASSE 1 : FONDS ASSOCIATIFS ET DE LA FONDATION / Plus-values de réévaluation,Equity,,,CLASSE 1 : FONDS ASSOCIATIFS ET DE LA FONDATION / Plus-values de réévaluation / Reprises de réductions de valeur sur placements de trésorerie,
13,Fonds affectés et autres réserves,equity,equity,credit,1,,CLASSE 1 : FONDS ASSOCIATIFS ET DE LA FONDATION,Equity,,,CLASSE 1 : FONDS ASSOCIATIFS ET DE LA FONDATION / Fonds affectés et autres réserves,
130,Fonds affectés pour investissements,equity,equity,credit,0,,CLASSE 1 : FONDS ASSOCIATIFS ET DE LA FONDATION / Fonds affectés et autres réserves,Equity,,,CLASSE 1 : FONDS ASSOCIATIFS ET DE LA FONDATION / Fonds affectés et autres réserves / Fonds affectés pour investissements,
131,Fonds affectés pour passif social,equity,equity,credit,0,,CLASSE 1 : FONDS ASSOCIATIFS ET DE LA FONDATION / Fonds affectés et autres réserves,Equity,,,CLASSE 1 : FONDS ASSOCIATIFS ET DE LA FONDATION / Fonds affectés et autres réserves / Fonds affectés pour passif social,
132,Réserves immunisées,equity,equity,credit,0,,CLASSE 1 : FONDS ASSOCIATIFS ET DE LA FONDATION / Fonds affectés et autres réserves,Equity,,,CLASSE 1 : FONDS ASSOCIATIFS ET DE LA FONDATION / Fonds affectés et autres réserves / Réserves immunisées,
139,Autres fonds affectés et autres réserves,equity,equity,credit,0,,CLASSE 1 : FONDS ASSOCIATIFS ET DE LA FONDATION / Fonds affectés et autres réserves,Equity,,,CLASSE 1 : FONDS ASSOCIATIFS ET DE LA FONDATION / Fonds affectés et autres réserves / Autres fonds affectés et autres réserves,
14,Résultats reportés (+)(-),equity,equity,credit,0,,CLASSE 1 : FONDS ASSOCIATIFS ET DE LA FONDATION,Equity,,,CLASSE 1 : FONDS ASSOCIATIFS ET DE LA FONDATION / Résultats reportés (+)(-),
15,Subsides en capital,equity,equity,credit,0,,CLASSE 1 : FONDS ASSOCIATIFS ET DE LA FONDATION,Equity,,,CLASSE 1 : FONDS ASSOCIATIFS ET DE LA FONDATION / Subsides en capital,
,CLASSE 1 : PROVISIONS ET DETTES À PLUS D'UN AN,liability,group,credit,1,,,,,,CLASSE 1 : PROVISIONS ET DETTES À PLUS D'UN AN,
16,Provisions et impôts différés,liability,current_liability,credit,1,,CLASSE 1 : PROVISIONS ET DETTES À PLUS D'UN AN,Liability,,,CLASSE 1 : PROVISIONS ET DETTES À PLUS D'UN AN / Provisions et impôts différés,
160,Provisions pour pensions et obligations similaires,liability,current_liability,credit,0,,CLASSE 1 : PROVISIONS ET DETTES À PLUS D'UN AN / Provisions et impôts différés,Liability,,,CLASSE 1 : PROVISIONS ET DETTES À PLUS D'UN AN / Provisions et impôts différés / Provisions pour pensions et obligations similaires,
161,Provisions pour charges fiscales,liability,current_liability,credit,0,,CLASSE 1 : PROVISIONS ET DETTES À PLUS D'UN AN / Provisions et impôts différés,Liability,,,CLASSE 1 : PROVISIONS ET DETTES À PLUS D'UN AN / Provisions et impôts différés / Provisions pour charges fiscales,
162,Provisions pour grosses réparations et gros entretien,liability,current_liability,credit,0,,CLASSE 1 : PROVISIONS ET DETTES À PLUS D'UN AN / Provisions et impôts différés,Liability,,,CLASSE 1 : PROVISIONS ET DETTES À PLUS D'UN AN / Provisions et impôts différés / Provisions pour grosses réparations et gros entretien,
163,Provisions pour obligations environnementales,liability,current_liability,credit,0,,CLASSE 1 : PROVISIONS ET DETTES À PLUS D'UN AN / Provisions et impôts différés,Liability,,,CLASSE 1 : PROVISIONS ET DETTES À PLUS D'UN AN / Provisions et impôts différés / Provisions pour obligations environnementales,
167,"Provisions pour remboursement de subsides, legs et dons avec droit de reprise",liability,current_liability,credit,0,,CLASSE 1 : PROVISIONS ET DETTES À PLUS D'UN AN / Provisions et impôts différés,Liability,,,"CLASSE 1 : PROVISIONS ET DETTES À PLUS D'UN AN / Provisions et impôts différés / Provisions pour remboursement de subsides, legs et dons avec droit de reprise",
168,Impôts différés,liability,current_liability,credit,0,,CLASSE 1 : PROVISIONS ET DETTES À PLUS D'UN AN / Provisions et impôts différés,Liability,,,CLASSE 1 : PROVISIONS ET DETTES À PLUS D'UN AN / Provisions et impôts différés / Impôts différés,
17,Dettes à plus d'un an,liability,current_liability,credit,1,,CLASSE 1 : PROVISIONS ET DETTES À PLUS D'UN AN,Liability,,,CLASSE 1 : PROVISIONS ET DETTES À PLUS D'UN AN / Dettes à plus d'un an,
170,Emprunts subordonnés,liability,current_liability,credit,0,,CLASSE 1 : PROVISIONS ET DETTES À PLUS D'UN AN / Dettes à plus d'un an,Liability,,,CLASSE 1 : PROVISIONS ET DETTES À PLUS D'UN AN / Dettes à plus d'un an / Emprunts subordonnés,
171,Emprunts obligataires non subordonnés,liability,current_liability,credit,0,,CLASSE 1 : PROVISIONS ET DETTES À PLUS D'UN AN / Dettes à plus d'un an,Liability,,,CLASSE 1 : PROVISIONS ET DETTES À PLUS D'UN AN / Dettes à plus d'un an / Emprunts obligataires non subordonnés,
172,Dettes de location-financement et dettes assimilées,liability,current_liability,credit,0,,CLASSE 1 : PROVISIONS ET DETTES À PLUS D'UN AN / Dettes à plus d'un an,Liability,,,CLASSE 1 : PROVISIONS ET DETTES À PLUS D'UN AN / Dettes à plus d'un an / Dettes de location-financement et dettes assimilées,
173,Établissements de crédit,liability,current_liability,credit,1,,CLASSE 1 : PROVISIONS ET DETTES À PLUS D'UN AN / Dettes à plus d'un an,Liability,,,CLASSE 1 : PROVISIONS ET DETTES À PLUS D'UN AN / Dettes à plus d'un an / Établissements de crédit,
1730,Dettes en compte,liability,current_liability,credit,0,,CLASSE 1 : PROVISIONS ET DETTES À PLUS D'UN AN / Dettes à plus d'un an / Établissements de crédit,Liability,,,CLASSE 1 : PROVISIONS ET DETTES À PLUS D'UN AN / Dettes à plus d'un an / Établissements de crédit / Dettes en compte,
1731,Promesses,liability,current_liability,credit,0,,CLASSE 1 : PROVISIONS ET DETTES À PLUS D'UN AN / Dettes à plus d'un an / Établissements de crédit,Liability,,,CLASSE 1 : PROVISIONS ET DETTES À PLUS D'UN AN / Dettes à plus d'un an / Établissements de crédit / Promesses,
1732,Crédits d'acceptation,liability,current_liability,credit,0,,CLASSE 1 : PROVISIONS ET DETTES À PLUS D'UN AN / Dettes à plus d'un an / Établissements de crédit,Liability,,,CLASSE 1 : PROVISIONS ET DETTES À PLUS D'UN AN / Dettes à plus d'un an / Établissements de crédit / Crédits d'acceptation,
174,Autres emprunts,liability,current_liability,credit,0,,CLASSE 1 : PROVISIONS ET DETTES À PLUS D'UN AN / Dettes à plus d'un an,Liability,,,CLASSE 1 : PROVISIONS ET DETTES À PLUS D'UN AN / Dettes à plus d'un an / Autres emprunts,
175,Dettes commerciales,liability,current_liability,credit,1,,CLASSE 1 : PROVISIONS ET DETTES À PLUS D'UN AN / Dettes à plus d'un an,Liability,,,CLASSE 1 : PROVISIONS ET DETTES À PLUS D'UN AN / Dettes à plus d'un an / Dettes commerciales,
1750,Fournisseurs,liability,current_liability,credit,0,,CLASSE 1 : PROVISIONS ET DETTES À PLUS D'UN AN / Dettes à plus d'un an / Dettes commerciales,Liability,,,CLASSE 1 : PROVISIONS ET DETTES À PLUS D'UN AN / Dettes à plus d'un an / Dettes commerciales / Fournisseurs,
1751,Effets à payer,liability,current_liability,credit,0,,CLASSE 1 : PROVISIONS ET DETTES À PLUS D'UN AN / Dettes à plus d'un an / Dettes commerciales,Liability,,,CLASSE 1 : PROVISIONS ET DETTES À PLUS D'UN AN / Dettes à plus d'un an / Dettes commerciales / Effets à payer,
176,Acomptes sur commandes,liability,current_liability,credit,0,,CLASSE 1 : PROVISIONS ET DETTES À PLUS D'UN AN / Dettes à plus d'un an,Liability,,,CLASSE 1 : PROVISIONS ET DETTES À PLUS D'UN AN / Dettes à plus d'un an / Acomptes sur commandes,
178,Cautionnements en numéraire,liability,current_liability,credit,0,,CLASSE 1 : PROVISIONS ET DETTES À PLUS D'UN AN / Dettes à plus d'un an,Liability,,,CLASSE 1 : PROVISIONS ET DETTES À PLUS D'UN AN / Dettes à plus d'un an / Cautionnements en numéraire,
179,Autres dettes,liability,current_liability,credit,1,,CLASSE 1 : PROVISIONS ET DETTES À PLUS D'UN AN / Dettes à plus d'un an,Liability,,,CLASSE 1 : PROVISIONS ET DETTES À PLUS D'UN AN / Dettes à plus d'un an / Autres dettes,
1790,Productives d'intérêts,liability,current_liability,credit,0,,CLASSE 1 : PROVISIONS ET DETTES À PLUS D'UN AN / Dettes à plus d'un an / Autres dettes,Liability,,,CLASSE 1 : PROVISIONS ET DETTES À PLUS D'UN AN / Dettes à plus d'un an / Autres dettes / Productives d'intérêts,
1791,Non productives d'intérêts ou assorties d'un intérêt anormalement faible,liability,current_liability,credit,0,,CLASSE 1 : PROVISIONS ET DETTES À PLUS D'UN AN / Dettes à plus d'un an / Autres dettes,Liability,,,CLASSE 1 : PROVISIONS ET DETTES À PLUS D'UN AN / Dettes à plus d'un an / Autres dettes / Non productives d'intérêts ou assorties d'un intérêt anormalement faible,
,"CLASSE 2 : FRAIS D'ÉTABLISSEMENT, ACTIFS IMMOBILISÉS ET CRÉANCES À PLUS D'UN AN",asset,group,debit,1,,,,,,"CLASSE 2 : FRAIS D'ÉTABLISSEMENT, ACTIFS IMMOBILISÉS ET CRÉANCES À PLUS D'UN AN",
20,Frais d'établissement,asset,fixed_asset,debit,1,,"CLASSE 2 : FRAIS D'ÉTABLISSEMENT, ACTIFS IMMOBILISÉS ET CRÉANCES À PLUS D'UN AN",Fixed Asset,,,"CLASSE 2 : FRAIS D'ÉTABLISSEMENT, ACTIFS IMMOBILISÉS ET CRÉANCES À PLUS D'UN AN / Frais d'établissement",
200,Frais de constitution,asset,fixed_asset,debit,0,,"CLASSE 2 : FRAIS D'ÉTABLISSEMENT, ACTIFS IMMOBILISÉS ET CRÉANCES À PLUS D'UN AN / Frais d'établissement",Fixed Asset,,,"CLASSE 2 : FRAIS D'ÉTABLISSEMENT, ACTIFS IMMOBILISÉS ET CRÉANCES À PLUS D'UN AN / Frais d'établissement / Frais de constitution",
201,Frais d'émission d'emprunts,asset,fixed_asset,debit,0,,"CLASSE 2 : FRAIS D'ÉTABLISSEMENT, ACTIFS IMMOBILISÉS ET CRÉANCES À PLUS D'UN AN / Frais d'établissement",Fixed Asset,,,"CLASSE 2 : FRAIS D'ÉTABLISSEMENT, ACTIFS IMMOBILISÉS ET CRÉANCES À PLUS D'UN AN / Frais d'établissement / Frais d'émission d'emprunts",
202,Autres frais d'établissement,asset,fixed_asset,debit,0,,"CLASSE 2 : FRAIS D'ÉTABLISSEMENT, ACTIFS IMMOBILISÉS ET CRÉANCES À PLUS D'UN AN / Frais d'établissement",Fixed Asset,,,"CLASSE 2 : FRAIS D'ÉTABLISSEMENT, ACTIFS IMMOBILISÉS ET CRÉANCES À PLUS D'UN AN / Frais d'établissement / Autres frais d'établissement",
204,Frais de restructuration,asset,fixed_asset,debit,0,,"CLASSE 2 : FRAIS D'ÉTABLISSEMENT, ACTIFS IMMOBILISÉS ET CRÉANCES À PLUS D'UN AN / Frais d'établissement",Fixed Asset,,,"CLASSE 2 : FRAIS D'ÉTABLISSEMENT, ACTIFS IMMOBILISÉS ET CRÉANCES À PLUS D'UN AN / Frais d'établissement / Frais de restructuration",
21,Immobilisations incorporelles,asset,fixed_asset,debit,1,,"CLASSE 2 : FRAIS D'ÉTABLISSEMENT, ACTIFS IMMOBILISÉS ET CRÉANCES À PLUS D'UN AN",Fixed Asset,,,"CLASSE 2 : FRAIS D'ÉTABLISSEMENT, ACTIFS IMMOBILISÉS ET CRÉANCES À PLUS D'UN AN / Immobilisations incorporelles",
210,Frais de recherche et de développement,asset,fixed_asset,debit,0,,"CLASSE 2 : FRAIS D'ÉTABLISSEMENT, ACTIFS IMMOBILISÉS ET CRÉANCES À PLUS D'UN AN / Immobilisations incorporelles",Fixed Asset,,,"CLASSE 2 : FRAIS D'ÉTABLISSEMENT, ACTIFS IMMOBILISÉS ET CRÉANCES À PLUS D'UN AN / Immobilisations incorporelles / Frais de recherche et de développement",
211,"Concessions, brevets, licences, savoir-faire, marques et droits similaires",asset,fixed_asset,debit,0,,"CLASSE 2 : FRAIS D'ÉTABLISSEMENT, ACTIFS IMMOBILISÉS ET CRÉANCES À PLUS D'UN AN / Immobilisations incorporelles",Fixed Asset,,,"CLASSE 2 : FRAIS D'ÉTABLISSEMENT, ACTIFS IMMOBILISÉS ET CRÉANCES À PLUS D'UN AN / Immobilisations incorporelles / Concessions, brevets, licences, savoir-faire, marques et droits similaires",
212,Goodwill,asset,fixed_asset,debit,0,,"CLASSE 2 : FRAIS D'ÉTABLISSEMENT, ACTIFS IMMOBILISÉS ET CRÉANCES À PLUS D'UN AN / Immobilisations incorporelles",Fixed Asset,,,"CLASSE 2 : FRAIS D'ÉTABLISSEMENT, ACTIFS IMMOBILISÉS ET CRÉANCES À PLUS D'UN AN / Immobilisations incorporelles / Goodwill",
213,Acomptes versés,asset,fixed_asset,debit,0,,"CLASSE 2 : FRAIS D'ÉTABLISSEMENT, ACTIFS IMMOBILISÉS ET CRÉANCES À PLUS D'UN AN / Immobilisations incorporelles",Fixed Asset,,,"CLASSE 2 : FRAIS D'ÉTABLISSEMENT, ACTIFS IMMOBILISÉS ET CRÉANCES À PLUS D'UN AN / Immobilisations incorporelles / Acomptes versés",
219,Amortissements et réductions de valeur actées (-),asset,accumulated_depreciation,credit,0,,"CLASSE 2 : FRAIS D'ÉTABLISSEMENT, ACTIFS IMMOBILISÉS ET CRÉANCES À PLUS D'UN AN / Immobilisations incorporelles",Accumulated Depreciation,,,"CLASSE 2 : FRAIS D'ÉTABLISSEMENT, ACTIFS IMMOBILISÉS ET CRÉANCES À PLUS D'UN AN / Immobilisations incorporelles / Amortissements et réductions de valeur actées (-)",contra
22,Terrains et constructions,asset,fixed_asset,debit,1,,"CLASSE 2 : FRAIS D'ÉTABLISSEMENT, ACTIFS IMMOBILISÉS ET CRÉANCES À PLUS D'UN AN",Fixed Asset,,,"CLASSE 2 : FRAIS D'ÉTABLISSEMENT, ACTIFS IMMOBILISÉS ET CRÉANCES À PLUS D'UN AN / Terrains et constructions",
220,Terrains,asset,fixed_asset,debit,0,,"CLASSE 2 : FRAIS D'ÉTABLISSEMENT, ACTIFS IMMOBILISÉS ET CRÉANCES À PLUS D'UN AN / Terrains et constructions",Fixed Asset,,,"CLASSE 2 : FRAIS D'ÉTABLISSEMENT, ACTIFS IMMOBILISÉS ET CRÉANCES À PLUS D'UN AN / Terrains et constructions / Terrains",
221,Constructions,asset,fixed_asset,debit,0,,"CLASSE 2 : FRAIS D'ÉTABLISSEMENT, ACTIFS IMMOBILISÉS ET CRÉANCES À PLUS D'UN AN / Terrains et constructions",Fixed Asset,,,"CLASSE 2 : FRAIS D'ÉTABLISSEMENT, ACTIFS IMMOBILISÉS ET CRÉANCES À PLUS D'UN AN / Terrains et constructions / Constructions",
222,Terrains bâtis,asset,fixed_asset,debit,0,,"CLASSE 2 : FRAIS D'ÉTABLISSEMENT, ACTIFS IMMOBILISÉS ET CRÉANCES À PLUS D'UN AN / Terrains et constructions",Fixed Asset,,,"CLASSE 2 : FRAIS D'ÉTABLISSEMENT, ACTIFS IMMOBILISÉS ET CRÉANCES À PLUS D'UN AN / Terrains et constructions / Terrains bâtis",
223,Autres droits réels sur des immeubles,asset,fixed_asset,debit,0,,"CLASSE 2 : FRAIS D'ÉTABLISSEMENT, ACTIFS IMMOBILISÉS ET CRÉANCES À PLUS D'UN AN / Terrains et constructions",Fixed Asset,,,"CLASSE 2 : FRAIS D'ÉTABLISSEMENT, ACTIFS IMMOBILISÉS ET CRÉANCES À PLUS D'UN AN / Terrains et constructions / Autres droits réels sur des immeubles",
229,Amortissements et réductions de valeur actées (-),asset,accumulated_depreciation,credit,0,,"CLASSE 2 : FRAIS D'ÉTABLISSEMENT, ACTIFS IMMOBILISÉS ET CRÉANCES À PLUS D'UN AN / Terrains et constructions",Accumulated Depreciation,,,"CLASSE 2 : FRAIS D'ÉTABLISSEMENT, ACTIFS IMMOBILISÉS ET CRÉANCES À PLUS D'UN AN / Terrains et constructions / Amortissements et réductions de valeur actées (-)",contra
23,"Installations, machines et outillage",asset,fixed_asset,debit,0,,"CLASSE 2 : FRAIS D'ÉTABLISSEMENT, ACTIFS IMMOBILISÉS ET CRÉANCES À PLUS D'UN AN",Fixed Asset,,,"CLASSE 2 : FRAIS D'ÉTABLISSEMENT, ACTIFS IMMOBILISÉS ET CRÉANCES À PLUS D'UN AN / Installations, machines et outillage",
24,Mobilier et matériel roulant,asset,fixed_asset,debit,0,,"CLASSE 2 : FRAIS D'ÉTABLISSEMENT, ACTIFS IMMOBILISÉS ET CRÉANCES À PLUS D'UN AN",Fixed Asset,,,"CLASSE 2 : FRAIS D'ÉTABLISSEMENT, ACTIFS IMMOBILISÉS ET CRÉANCES À PLUS D'UN AN / Mobilier et matériel roulant",
25,Immobilisations détenues en location-financement et droits similaires,asset,fixed_asset,debit,1,,"CLASSE 2 : FRAIS D'ÉTABLISSEMENT, ACTIFS IMMOBILISÉS ET CRÉANCES À PLUS D'UN AN",Fixed Asset,,,"CLASSE 2 : FRAIS D'ÉTABLISSEMENT, ACTIFS IMMOBILISÉS ET CRÉANCES À PLUS D'UN AN / Immobilisations détenues en location-financement et droits similaires",
250,Terrains et constructions,asset,fixed_asset,debit,0,,"CLASSE 2 : FRAIS D'ÉTABLISSEMENT, ACTIFS IMMOBILISÉS ET CRÉANCES À PLUS D'UN AN / Immobilisations détenues en location-financement et droits similaires",Fixed Asset,,,"CLASSE 2 : FRAIS D'ÉTABLISSEMENT, ACTIFS IMMOBILISÉS ET CRÉANCES À PLUS D'UN AN / Immobilisations détenues en location-financement et droits similaires / Terrains et constructions",
251,"Installations, machines et outillage",asset,fixed_asset,debit,0,,"CLASSE 2 : FRAIS D'ÉTABLISSEMENT, ACTIFS IMMOBILISÉS ET CRÉANCES À PLUS D'UN AN / Immobilisations détenues en location-financement et droits similaires",Fixed Asset,,,"CLASSE 2 : FRAIS D'ÉTABLISSEMENT, ACTIFS IMMOBILISÉS ET CRÉANCES À PLUS D'UN AN / Immobilisations détenues en location-financement et droits similaires / Installations, machines et outillage",
252,Mobilier et matériel roulant,asset,fixed_asset,debit,0,,"CLASSE 2 : FRAIS D'ÉTABLISSEMENT, ACTIFS IMMOBILISÉS ET CRÉANCES À PLUS D'UN AN / Immobilisations détenues en location-financement et droits similaires",Fixed Asset,,,"CLASSE 2 : FRAIS D'ÉTABLISSEMENT, ACTIFS IMMOBILISÉS ET CRÉANCES À PLUS D'UN AN / Immobilisations détenues en location-financement et droits similaires / Mobilier et matériel roulant",
259,Amortissements et réductions de valeur actées (-),asset,accumulated_depreciation,credit,0,,"CLASSE 2 : FRAIS D'ÉTABLISSEMENT, ACTIFS IMMOBILISÉS ET CRÉANCES À PLUS D'UN AN / Immobilisations détenues en location-financement et droits similaires",Accumulated Depreciation,,,"CLASSE 2 : FRAIS D'ÉTABLISSEMENT, ACTIFS IMMOBILISÉS ET CRÉANCES À PLUS D'UN AN / Immobilisations détenues en location-financement et droits similaires / Amortissements et réductions de valeur actées (-)",contra
26,Autres immobilisations corporelles,asset,fixed_asset,debit,0,,"CLASSE 2 : FRAIS D'ÉTABLISSEMENT, ACTIFS IMMOBILISÉS ET CRÉANCES À PLUS D'UN AN",Fixed Asset,,,"CLASSE 2 : FRAIS D'ÉTABLISSEMENT, ACTIFS IMMOBILISÉS ET CRÉANCES À PLUS D'UN AN / Autres immobilisations corporelles",
27,Immobilisations corporelles en cours et acomptes versés,asset,fixed_asset,debit,0,,"CLASSE 2 : FRAIS D'ÉTABLISSEMENT, ACTIFS IMMOBILISÉS ET CRÉANCES À PLUS D'UN AN",Fixed Asset,,,"CLASSE 2 : FRAIS D'ÉTABLISSEMENT, ACTIFS IMMOBILISÉS ET CRÉANCES À PLUS D'UN AN / Immobilisations corporelles en cours et acomptes versés",
28,Immobilisations financières,asset,fixed_asset,debit,1,,"CLASSE 2 : FRAIS D'ÉTABLISSEMENT, ACTIFS IMMOBILISÉS ET CRÉANCES À PLUS D'UN AN",Fixed Asset,,,"CLASSE 2 : FRAIS D'ÉTABLISSEMENT, ACTIFS IMMOBILISÉS ET CRÉANCES À PLUS D'UN AN / Immobilisations financières",
280,Participations dans des sociétés liées,asset,fixed_asset,debit,1,,"CLASSE 2 : FRAIS D'ÉTABLISSEMENT, ACTIFS IMMOBILISÉS ET CRÉANCES À PLUS D'UN AN / Immobilisations financières",Fixed Asset,,,"CLASSE 2 : FRAIS D'ÉTABLISSEMENT, ACTIFS IMMOBILISÉS ET CRÉANCES À PLUS D'UN AN / Immobilisations financières / Participations dans des sociétés liées",
2800,Valeur d'acquisition,asset,fixed_asset,debit,0,,"CLASSE 2 : FRAIS D'ÉTABLISSEMENT, ACTIFS IMMOBILISÉS ET CRÉANCES À PLUS D'UN AN / Immobilisations financières / Participations dans des sociétés liées",Fixed Asset,,,"CLASSE 2 : FRAIS D'ÉTABLISSEMENT, ACTIFS IMMOBILISÉS ET CRÉANCES À PLUS D'UN AN / Immobilisations financières / Participations dans des sociétés liées / Valeur d'acquisition",
2801,Montants non appelés (-),asset,fixed_asset,debit,0,,"CLASSE 2 : FRAIS D'ÉTABLISSEMENT, ACTIFS IMMOBILISÉS ET CRÉANCES À PLUS D'UN AN / Immobilisations financières / Participations dans des sociétés liées",Fixed Asset,,,"CLASSE 2 : FRAIS D'ÉTABLISSEMENT, ACTIFS IMMOBILISÉS ET CRÉANCES À PLUS D'UN AN / Immobilisations financières / Participations dans des sociétés liées / Montants non appelés (-)",
2808,Plus-values actées,asset,fixed_asset,debit,0,,"CLASSE 2 : FRAIS D'ÉTABLISSEMENT, ACTIFS IMMOBILISÉS ET CRÉANCES À PLUS D'UN AN / Immobilisations financières / Participations dans des sociétés liées",Fixed Asset,,,"CLASSE 2 : FRAIS D'ÉTABLISSEMENT, ACTIFS IMMOBILISÉS ET CRÉANCES À PLUS D'UN AN / Immobilisations financières / Participations dans des sociétés liées / Plus-values actées",
2809,Réductions de valeur actées (-),asset,fixed_asset,debit,0,,"CLASSE 2 : FRAIS D'ÉTABLISSEMENT, ACTIFS IMMOBILISÉS ET CRÉANCES À PLUS D'UN AN / Immobilisations financières / Participations dans des sociétés liées",Fixed Asset,,,"CLASSE 2 : FRAIS D'ÉTABLISSEMENT, ACTIFS IMMOBILISÉS ET CRÉANCES À PLUS D'UN AN / Immobilisations financières / Participations dans des sociétés liées / Réductions de valeur actées (-)",
281,Créances sur des entités liées,asset,fixed_asset,debit,1,,"CLASSE 2 : FRAIS D'ÉTABLISSEMENT, ACTIFS IMMOBILISÉS ET CRÉANCES À PLUS D'UN AN / Immobilisations financières",Fixed Asset,,,"CLASSE 2 : FRAIS D'ÉTABLISSEMENT, ACTIFS IMMOBILISÉS ET CRÉANCES À PLUS D'UN AN / Immobilisations financières / Créances sur des entités liées",
2810,Créances en compte,asset,fixed_asset,debit,0,,"CLASSE 2 : FRAIS D'ÉTABLISSEMENT, ACTIFS IMMOBILISÉS ET CRÉANCES À PLUS D'UN AN / Immobilisations financières / Créances sur des entités liées",Fixed Asset,,,"CLASSE 2 : FRAIS D'ÉTABLISSEMENT, ACTIFS IMMOBILISÉS ET CRÉANCES À PLUS D'UN AN / Immobilisations financières / Créances sur des entités liées / Créances en compte",
2811,Effets à recevoir,asset,fixed_asset,debit,0,,"CLASSE 2 : FRAIS D'ÉTABLISSEMENT, ACTIFS IMMOBILISÉS ET CRÉANCES À PLUS D'UN AN / Immobilisations financières / Créances sur des entités liées",Fixed Asset,,,"CLASSE 2 : FRAIS D'ÉTABLISSEMENT, ACTIFS IMMOBILISÉS ET CRÉANCES À PLUS D'UN AN / Immobilisations financières / Créances sur des entités liées / Effets à recevoir",
2812,Titres à revenu fixe,asset,fixed_asset,debit,0,,"CLASSE 2 : FRAIS D'ÉTABLISSEMENT, ACTIFS IMMOBILISÉS ET CRÉANCES À PLUS D'UN AN / Immobilisations financières / Créances sur des entités liées",Fixed Asset,,,"CLASSE 2 : FRAIS D'ÉTABLISSEMENT, ACTIFS IMMOBILISÉS ET CRÉANCES À PLUS D'UN AN / Immobilisations financières / Créances sur des entités liées / Titres à revenu fixe",
2817,Créances douteuses,asset,fixed_asset,debit,0,,"CLASSE 2 : FRAIS D'ÉTABLISSEMENT, ACTIFS IMMOBILISÉS ET CRÉANCES À PLUS D'UN AN / Immobilisations financières / Créances sur des entités liées",Fixed Asset,,,"CLASSE 2 : FRAIS D'ÉTABLISSEMENT, ACTIFS IMMOBILISÉS ET CRÉANCES À PLUS D'UN AN / Immobilisations financières / Créances sur des entités liées / Créances douteuses",
2819,Réductions de valeur actées (-),asset,fixed_asset,debit,0,,"CLASSE 2 : FRAIS D'ÉTABLISSEMENT, ACTIFS IMMOBILISÉS ET CRÉANCES À PLUS D'UN AN / Immobilisations financières / Créances sur des entités liées",Fixed Asset,,,"CLASSE 2 : FRAIS D'ÉTABLISSEMENT, ACTIFS IMMOBILISÉS ET CRÉANCES À PLUS D'UN AN / Immobilisations financières / Créances sur des entités liées / Réductions de valeur actées (-)",
282,Participations dans des sociétés avec lesquelles il existe un lien de participation,asset,fixed_asset,debit,1,,"CLASSE 2 : FRAIS D'ÉTABLISSEMENT, ACTIFS IMMOBILISÉS ET CRÉANCES À PLUS D'UN AN / Immobilisations financières",Fixed Asset,,,"CLASSE 2 : FRAIS D'ÉTABLISSEMENT, ACTIFS IMMOBILISÉS ET CRÉANCES À PLUS D'UN AN / Immobilisations financières / Participations dans des sociétés avec lesquelles il existe un lien de participation",
2820,Valeur d'acquisition,asset,fixed_asset,debit,0,,"CLASSE 2 : FRAIS D'ÉTABLISSEMENT, ACTIFS IMMOBILISÉS ET CRÉANCES À PLUS D'UN AN / Immobilisations financières / Participations dans des sociétés avec lesquelles il existe un lien de participation",Fixed Asset,,,"CLASSE 2 : FRAIS D'ÉTABLISSEMENT, ACTIFS IMMOBILISÉS ET CRÉANCES À PLUS D'UN AN / Immobilisations financières / Participations dans des sociétés avec lesquelles il existe un lien de participation / Valeur d'acquisition",
2821,Montants non appelés (-),asset,fixed_asset,debit,0,,"CLASSE 2 : FRAIS D'ÉTABLISSEMENT, ACTIFS IMMOBILISÉS ET CRÉANCES À PLUS D'UN AN / Immobilisations financières / Participations dans des sociétés avec lesquelles il existe un lien de participation",Fixed Asset,,,"CLASSE 2 : FRAIS D'ÉTABLISSEMENT, ACTIFS IMMOBILISÉS ET CRÉANCES À PLUS D'UN AN / Immobilisations financières / Participations dans des sociétés avec lesquelles il existe un lien de participation / Montants non appelés (-)",
2828,Plus-values actées,asset,fixed_asset,debit,0,,"CLASSE 2 : FRAIS D'ÉTABLISSEMENT, ACTIFS IMMOBILISÉS ET CRÉANCES À PLUS D'UN AN / Immobilisations financières / Participations dans des sociétés avec lesquelles il existe un lien de participation",Fixed Asset,,,"CLASSE 2 : FRAIS D'ÉTABLISSEMENT, ACTIFS IMMOBILISÉS ET CRÉANCES À PLUS D'UN AN / Immobilisations financières / Participations dans des sociétés avec lesquelles il existe un lien de participation / Plus-values actées",
2829,Réductions de valeur actées (-),asset,fixed_asset,debit,0,,"CLASSE 2 : FRAIS D'ÉTABLISSEMENT, ACTIFS IMMOBILISÉS ET CRÉANCES À PLUS D'UN AN / Immobilisations financières / Participations dans des sociétés avec lesquelles il existe un lien de participation",Fixed Asset,,,"CLASSE 2 : FRAIS D'ÉTABLISSEMENT, ACTIFS IMMOBILISÉS ET CRÉANCES À PLUS D'UN AN / Immobilisations financières / Participations dans des sociétés avec lesquelles il existe un lien de participation / Réductions de valeur actées (-)",
283,Créances sur des sociétés avec lesquelles il existe un lien de participation,asset,fixed_asset,debit,1,,"CLASSE 2 : FRAIS D'ÉTABLISSEMENT, ACTIFS IMMOBILISÉS ET CRÉANCES À PLUS D'UN AN / Immobilisations financières",Fixed Asset,,,"CLASSE 2 : FRAIS D'ÉTABLISSEMENT, ACTIFS IMMOBILISÉS ET CRÉANCES À PLUS D'UN AN / Immobilisations financières / Créances sur des sociétés avec lesquelles il existe un lien de participation",
2830,Créances en compte,asset,fixed_asset,debit,0,,"CLASSE 2 : FRAIS D'ÉTABLISSEMENT, ACTIFS IMMOBILISÉS ET CRÉANCES À PLUS D'UN AN / Immobilisations financières / Créances sur des sociétés avec lesquelles il existe un lien de participation",Fixed Asset,,,"CLASSE 2 : FRAIS D'ÉTABLISSEMENT, ACTIFS IMMOBILISÉS ET CRÉANCES À PLUS D'UN AN / Immobilisations financières / Créances sur des sociétés avec lesquelles il existe un lien de participation / Créances en compte",
2831,Effets à recevoir,asset,fixed_asset,debit,0,,"CLASSE 2 : FRAIS D'ÉTABLISSEMENT, ACTIFS IMMOBILISÉS ET CRÉANCES À PLUS D'UN AN / Immobilisations financières / Créances sur des sociétés avec lesquelles il existe un lien de participation",Fixed Asset,,,"CLASSE 2 : FRAIS D'ÉTABLISSEMENT, ACTIFS IMMOBILISÉS ET CRÉANCES À PLUS D'UN AN / Immobilisations financières / Créances sur des sociétés avec lesquelles il existe un lien de participation / Effets à recevoir",
2832,Titres à revenu fixe,asset,fixed_asset,debit,0,,"CLASSE 2 : FRAIS D'ÉTABLISSEMENT, ACTIFS IMMOBILISÉS ET CRÉANCES À PLUS D'UN AN / Immobilisations financières / Créances sur des sociétés avec lesquelles il existe un lien de participation",Fixed Asset,,,"CLASSE 2 : FRAIS D'ÉTABLISSEMENT, ACTIFS IMMOBILISÉS ET CRÉANCES À PLUS D'UN AN / Immobilisations financières / Créances sur des sociétés avec lesquelles il existe un lien de participation / Titres à revenu fixe",
2837,Créances douteuses,asset,fixed_asset,debit,0,,"CLASSE 2 : FRAIS D'ÉTABLISSEMENT, ACTIFS IMMOBILISÉS ET CRÉANCES À PLUS D'UN AN / Immobilisations financières / Créances sur des sociétés avec lesquelles il existe un lien de participation",Fixed Asset,,,"CLASSE 2 : FRAIS D'ÉTABLISSEMENT, ACTIFS IMMOBILISÉS ET CRÉANCES À PLUS D'UN AN / Immobilisations financières / Créances sur des sociétés avec lesquelles il existe un lien de participation / Créances douteuses",
2839,Réductions de valeur actées (-),asset,fixed_asset,debit,0,,"CLASSE 2 : FRAIS D'ÉTABLISSEMENT, ACTIFS IMMOBILISÉS ET CRÉANCES À PLUS D'UN AN / Immobilisations financières / Créances sur des sociétés avec lesquelles il existe un lien de participation",Fixed Asset,,,"CLASSE 2 : FRAIS D'ÉTABLISSEMENT, ACTIFS IMMOBILISÉS ET CRÉANCES À PLUS D'UN AN / Immobilisations financières / Créances sur des sociétés avec lesquelles il existe un lien de participation / Réductions de valeur actées (-)",
284,Autres actions et parts,asset,fixed_asset,debit,1,,"CLASSE 2 : FRAIS D'ÉTABLISSEMENT, ACTIFS IMMOBILISÉS ET CRÉANCES À PLUS D'UN AN / Immobilisations financières",Fixed Asset,,,"CLASSE 2 : FRAIS D'ÉTABLISSEMENT, ACTIFS IMMOBILISÉS ET CRÉANCES À PLUS D'UN AN / Immobilisations financières / Autres actions et parts",
2840,Valeur d'acquisition,asset,fixed_asset,debit,0,,"CLASSE 2 : FRAIS D'ÉTABLISSEMENT, ACTIFS IMMOBILISÉS ET CRÉANCES À PLUS D'UN AN / Immobilisations financières / Autres actions et parts",Fixed Asset,,,"CLASSE 2 : FRAIS D'ÉTABLISSEMENT, ACTIFS IMMOBILISÉS ET CRÉANCES À PLUS D'UN AN / Immobilisations financières / Autres actions et parts / Valeur d'acquisition",
2841,Montants non appelés (-),asset,fixed_asset,debit,0,,"CLASSE 2 : FRAIS D'ÉTABLISSEMENT, ACTIFS IMMOBILISÉS ET CRÉANCES À PLUS D'UN AN / Immobilisations financières / Autres actions et parts",Fixed Asset,,,"CLASSE 2 : FRAIS D'ÉTABLISSEMENT, ACTIFS IMMOBILISÉS ET CRÉANCES À PLUS D'UN AN / Immobilisations financières / Autres actions et parts / Montants non appelés (-)",
2848,Plus-values actées,asset,fixed_asset,debit,0,,"CLASSE 2 : FRAIS D'ÉTABLISSEMENT, ACTIFS IMMOBILISÉS ET CRÉANCES À PLUS D'UN AN / Immobilisations financières / Autres actions et parts",Fixed Asset,,,"CLASSE 2 : FRAIS D'ÉTABLISSEMENT, ACTIFS IMMOBILISÉS ET CRÉANCES À PLUS D'UN AN / Immobilisations financières / Autres actions et parts / Plus-values actées",
2849,Réductions de valeur actées (-),asset,fixed_asset,debit,0,,"CLASSE 2 : FRAIS D'ÉTABLISSEMENT, ACTIFS IMMOBILISÉS ET CRÉANCES À PLUS D'UN AN / Immobilisations financières / Autres actions et parts",Fixed Asset,,,"CLASSE 2 : FRAIS D'ÉTABLISSEMENT, ACTIFS IMMOBILISÉS ET CRÉANCES À PLUS D'UN AN / Immobilisations financières / Autres actions et parts / Réductions de valeur actées (-)",
285,Autres créances,asset,fixed_asset,debit,1,,"CLASSE 2 : FRAIS D'ÉTABLISSEMENT, ACTIFS IMMOBILISÉS ET CRÉANCES À PLUS D'UN AN / Immobilisations financières",Fixed Asset,,,"CLASSE 2 : FRAIS D'ÉTABLISSEMENT, ACTIFS IMMOBILISÉS ET CRÉANCES À PLUS D'UN AN / Immobilisations financières / Autres créances",
2850,Créances en compte,asset,fixed_asset,debit,0,,"CLASSE 2 : FRAIS D'ÉTABLISSEMENT, ACTIFS IMMOBILISÉS ET CRÉANCES À PLUS D'UN AN / Immobilisations financières / Autres créances",Fixed Asset,,,"CLASSE 2 : FRAIS D'ÉTABLISSEMENT, ACTIFS IMMOBILISÉS ET CRÉANCES À PLUS D'UN AN / Immobilisations financières / Autres créances / Créances en compte",
2851,Effets à recevoir,asset,fixed_asset,debit,0,,"CLASSE 2 : FRAIS D'ÉTABLISSEMENT, ACTIFS IMMOBILISÉS ET CRÉANCES À PLUS D'UN AN / Immobilisations financières / Autres créances",Fixed Asset,,,"CLASSE 2 : FRAIS D'ÉTABLISSEMENT, ACTIFS IMMOBILISÉS ET CRÉANCES À PLUS D'UN AN / Immobilisations financières / Autres créances / Effets à recevoir",
2852,Titres à revenu fixe,asset,fixed_asset,debit,0,,"CLASSE 2 : FRAIS D'ÉTABLISSEMENT, ACTIFS IMMOBILISÉS ET CRÉANCES À PLUS D'UN AN / Immobilisations financières / Autres créances",Fixed Asset,,,"CLASSE 2 : FRAIS D'ÉTABLISSEMENT, ACTIFS IMMOBILISÉS ET CRÉANCES À PLUS D'UN AN / Immobilisations financières / Autres créances / Titres à revenu fixe",
2857,Créances douteuses,asset,fixed_asset,debit,0,,"CLASSE 2 : FRAIS D'ÉTABLISSEMENT, ACTIFS IMMOBILISÉS ET CRÉANCES À PLUS D'UN AN / Immobilisations financières / Autres créances",Fixed Asset,,,"CLASSE 2 : FRAIS D'ÉTABLISSEMENT, ACTIFS IMMOBILISÉS ET CRÉANCES À PLUS D'UN AN / Immobilisations financières / Autres créances / Créances douteuses",
2859,Réductions de valeur actées (-),asset,fixed_asset,debit,0,,"CLASSE 2 : FRAIS D'ÉTABLISSEMENT, ACTIFS IMMOBILISÉS ET CRÉANCES À PLUS D'UN AN / Immobilisations financières / Autres créances",Fixed Asset,,,"CLASSE 2 : FRAIS D'ÉTABLISSEMENT, ACTIFS IMMOBILISÉS ET CRÉANCES À PLUS D'UN AN / Immobilisations financières / Autres créances / Réductions de valeur actées (-)",
288,Cautionnements versés en numéraire,asset,fixed_asset,debit,0,,"CLASSE 2 : FRAIS D'ÉTABLISSEMENT, ACTIFS IMMOBILISÉS ET CRÉANCES À PLUS D'UN AN / Immobilisations financières",Fixed Asset,,,"CLASSE 2 : FRAIS D'ÉTABLISSEMENT, ACTIFS IMMOBILISÉS ET CRÉANCES À PLUS D'UN AN / Immobilisations financières / Cautionnements versés en numéraire",
29,Créances à plus d'un an,asset,group,debit,1,,"CLASSE 2 : FRAIS D'ÉTABLISSEMENT, ACTIFS IMMOBILISÉS ET CRÉANCES À PLUS D'UN AN",,,,"CLASSE 2 : FRAIS D'ÉTABLISSEMENT, ACTIFS IMMOBILISÉS ET CRÉANCES À PLUS D'UN AN / Créances à plus d'un an",
290,Créances commerciales,asset,group,debit,1,,"CLASSE 2 : FRAIS D'ÉTABLISSEMENT, ACTIFS IMMOBILISÉS ET CRÉANCES À PLUS D'UN AN / Créances à plus d'un an",,,,"CLASSE 2 : FRAIS D'ÉTABLISSEMENT, ACTIFS IMMOBILISÉS ET CRÉANCES À PLUS D'UN AN / Créances à plus d'un an / Créances commerciales",
2900,Clients,asset,unspecified,debit,0,,"CLASSE 2 : FRAIS D'ÉTABLISSEMENT, ACTIFS IMMOBILISÉS ET CRÉANCES À PLUS D'UN AN / Créances à plus d'un an / Créances commerciales",,,,"CLASSE 2 : FRAIS D'ÉTABLISSEMENT, ACTIFS IMMOBILISÉS ET CRÉANCES À PLUS D'UN AN / Créances à plus d'un an / Créances commerciales / Clients",
2901,Effets à recevoir,asset,unspecified,debit,0,,"CLASSE 2 : FRAIS D'ÉTABLISSEMENT, ACTIFS IMMOBILISÉS ET CRÉANCES À PLUS D'UN AN / Créances à plus d'un an / Créances commerciales",,,,"CLASSE 2 : FRAIS D'ÉTABLISSEMENT, ACTIFS IMMOBILISÉS ET CRÉANCES À PLUS D'UN AN / Créances à plus d'un an / Créances commerciales / Effets à recevoir",
2906,Acomptes versés,asset,unspecified,debit,0,,"CLASSE 2 : FRAIS D'ÉTABLISSEMENT, ACTIFS IMMOBILISÉS ET CRÉANCES À PLUS D'UN AN / Créances à plus d'un an / Créances commerciales",,,,"CLASSE 2 : FRAIS D'ÉTABLISSEMENT, ACTIFS IMMOBILISÉS ET CRÉANCES À PLUS D'UN AN / Créances à plus d'un an / Créances commerciales / Acomptes versés",
2907,Créances douteuses,asset,unspecified,debit,0,,"CLASSE 2 : FRAIS D'ÉTABLISSEMENT, ACTIFS IMMOBILISÉS ET CRÉANCES À PLUS D'UN AN / Créances à plus d'un an / Créances commerciales",,,,"CLASSE 2 : FRAIS D'ÉTABLISSEMENT, ACTIFS IMMOBILISÉS ET CRÉANCES À PLUS D'UN AN / Créances à plus d'un an / Créances commerciales / Créances douteuses",
2909,Réductions de valeur actées (-),asset,unspecified,debit,0,,"CLASSE 2 : FRAIS D'ÉTABLISSEMENT, ACTIFS IMMOBILISÉS ET CRÉANCES À PLUS D'UN AN / Créances à plus d'un an / Créances commerciales",,,,"CLASSE 2 : FRAIS D'ÉTABLISSEMENT, ACTIFS IMMOBILISÉS ET CRÉANCES À PLUS D'UN AN / Créances à plus d'un an / Créances commerciales / Réductions de valeur actées (-)",
291,Autres créances,asset,group,debit,1,,"CLASSE 2 : FRAIS D'ÉTABLISSEMENT, ACTIFS IMMOBILISÉS ET CRÉANCES À PLUS D'UN AN / Créances à plus d'un an",,,,"CLASSE 2 : FRAIS D'ÉTABLISSEMENT, ACTIFS IMMOBILISÉS ET CRÉANCES À PLUS D'UN AN / Créances à plus d'un an / Autres créances",
2910,Créances en compte,asset,unspecified,debit,0,,"CLASSE 2 : FRAIS D'ÉTABLISSEMENT, ACTIFS IMMOBILISÉS ET CRÉANCES À PLUS D'UN AN / Créances à plus d'un an / Autres créances",,,,"CLASSE 2 : FRAIS D'ÉTABLISSEMENT, ACTIFS IMMOBILISÉS ET CRÉANCES À PLUS D'UN AN / Créances à plus d'un an / Autres créances / Créances en compte",
2911,Effets à recevoir,asset,unspecified,debit,0,,"CLASSE 2 : FRAIS D'ÉTABLISSEMENT, ACTIFS IMMOBILISÉS ET CRÉANCES À PLUS D'UN AN / Créances à plus d'un an / Autres créances",,,,"CLASSE 2 : FRAIS D'ÉTABLISSEMENT, ACTIFS IMMOBILISÉS ET CRÉANCES À PLUS D'UN AN / Créances à plus d'un an / Autres créances / Effets à recevoir",
2912,Subsides à recevoir,asset,unspecified,debit,0,,"CLASSE 2 : FRAIS D'ÉTABLISSEMENT, ACTIFS IMMOBILISÉS ET CRÉANCES À PLUS D'UN AN / Créances à plus d'un an / Autres créances",,,,"CLASSE 2 : FRAIS D'ÉTABLISSEMENT, ACTIFS IMMOBILISÉS ET CRÉANCES À PLUS D'UN AN / Créances à plus d'un an / Autres créances / Subsides à recevoir",
2915,Créances non productives d'intérêts ou assorties d'un intérêt anormalement faible,asset,unspecified,debit,0,,"CLASSE 2 : FRAIS D'ÉTABLISSEMENT, ACTIFS IMMOBILISÉS ET CRÉANCES À PLUS D'UN AN / Créances à plus d'un an / Autres créances",,,,"CLASSE 2 : FRAIS D'ÉTABLISSEMENT, ACTIFS IMMOBILISÉS ET CRÉANCES À PLUS D'UN AN / Créances à plus d'un an / Autres créances / Créances non productives d'intérêts ou assorties d'un intérêt anormalement faible",
2916,Créances douteuses,asset,unspecified,debit,0,,"CLASSE 2 : FRAIS D'ÉTABLISSEMENT, ACTIFS IMMOBILISÉS ET CRÉANCES À PLUS D'UN AN / Créances à plus d'un an / Autres créances",,,,"CLASSE 2 : FRAIS D'ÉTABLISSEMENT, ACTIFS IMMOBILISÉS ET CRÉANCES À PLUS D'UN AN / Créances à plus d'un an / Autres créances / Créances douteuses",
2919,Réductions de valeur actées (-),asset,unspecified,debit,0,,"CLASSE 2 : FRAIS D'ÉTABLISSEMENT, ACTIFS IMMOBILISÉS ET CRÉANCES À PLUS D'UN AN / Créances à plus d'un an / Autres créances",,,,"CLASSE 2 : FRAIS D'ÉTABLISSEMENT, ACTIFS IMMOBILISÉS ET CRÉANCES À PLUS D'UN AN / Créances à plus d'un an / Autres créances / Réductions de valeur actées (-)",
,CLASSE 3 : STOCKS ET COMMANDES EN COURS D'EXÉCUTION,asset,group,debit,1,,,,,,CLASSE 3 : STOCKS ET COMMANDES EN COURS D'EXÉCUTION,
30,Matières premières,asset,group,debit,1,,CLASSE 3 : STOCKS ET COMMANDES EN COURS D'EXÉCUTION,,,,CLASSE 3 : STOCKS ET COMMANDES EN COURS D'EXÉCUTION / Matières premières,
300,Valeur d'acquisition,asset,unspecified,debit,0,,CLASSE 3 : STOCKS ET COMMANDES EN COURS D'EXÉCUTION / Matières premières,,,,CLASSE 3 : STOCKS ET COMMANDES EN COURS D'EXÉCUTION / Matières premières / Valeur d'acquisition,
309,Réductions de valeur actées (-),asset,unspecified,debit,0,,CLASSE 3 : STOCKS ET COMMANDES EN COURS D'EXÉCUTION / Matières premières,,,,CLASSE 3 : STOCKS ET COMMANDES EN COURS D'EXÉCUTION / Matières premières / Réductions de valeur actées (-),
31,Fournitures,asset,group,debit,1,,CLASSE 3 : STOCKS ET COMMANDES EN COURS D'EXÉCUTION,,,,CLASSE 3 : STOCKS ET COMMANDES EN COURS D'EXÉCUTION / Fournitures,
310,Valeur d'acquisition,asset,unspecified,debit,0,,CLASSE 3 : STOCKS ET COMMANDES EN COURS D'EXÉCUTION / Fournitures,,,,CLASSE 3 : STOCKS ET COMMANDES EN COURS D'EXÉCUTION / Fournitures / Valeur d'acquisition,
319,Réductions de valeur actées (-),asset,unspecified,debit,0,,CLASSE 3 : STOCKS ET COMMANDES EN COURS D'EXÉCUTION / Fournitures,,,,CLASSE 3 : STOCKS ET COMMANDES EN COURS D'EXÉCUTION / Fournitures / Réductions de valeur actées (-),
32,En-cours de fabrication,asset,group,debit,1,,CLASSE 3 : STOCKS ET COMMANDES EN COURS D'EXÉCUTION,,,,CLASSE 3 : STOCKS ET COMMANDES EN COURS D'EXÉCUTION / En-cours de fabrication,
320,Valeur d'acquisition,asset,unspecified,debit,0,,CLASSE 3 : STOCKS ET COMMANDES EN COURS D'EXÉCUTION / En-cours de fabrication,,,,CLASSE 3 : STOCKS ET COMMANDES EN COURS D'EXÉCUTION / En-cours de fabrication / Valeur d'acquisition,
329,Réductions de valeur actées (-),asset,unspecified,debit,0,,CLASSE 3 : STOCKS ET COMMANDES EN COURS D'EXÉCUTION / En-cours de fabrication,,,,CLASSE 3 : STOCKS ET COMMANDES EN COURS D'EXÉCUTION / En-cours de fabrication / Réductions de valeur actées (-),
33,Produits finis,asset,group,debit,1,,CLASSE 3 : STOCKS ET COMMANDES EN COURS D'EXÉCUTION,,,,CLASSE 3 : STOCKS ET COMMANDES EN COURS D'EXÉCUTION / Produits finis,
330,Valeur d'acquisition,asset,unspecified,debit,0,,CLASSE 3 : STOCKS ET COMMANDES EN COURS D'EXÉCUTION / Produits finis,,,,CLASSE 3 : STOCKS ET COMMANDES EN COURS D'EXÉCUTION / Produits finis / Valeur d'acquisition,
339,Réductions de valeur actées (-),asset,unspecified,debit,0,,CLASSE 3 : STOCKS ET COMMANDES EN COURS D'EXÉCUTION / Produits finis,,,,CLASSE 3 : STOCKS ET COMMANDES EN COURS D'EXÉCUTION / Produits finis / Réductions de valeur actées (-),
34,Marchandises,asset,inventory,debit,1,,CLASSE 3 : STOCKS ET COMMANDES EN COURS D'EXÉCUTION,Stock,,,CLASSE 3 : STOCKS ET COMMANDES EN COURS D'EXÉCUTION / Marchandises,
340,Valeur d'acquisition,asset,inventory,debit,0,,CLASSE 3 : STOCKS ET COMMANDES EN COURS D'EXÉCUTION / Marchandises,Stock,,,CLASSE 3 : STOCKS ET COMMANDES EN COURS D'EXÉCUTION / Marchandises / Valeur d'acquisition,
349,Réductions de valeur actées (-),asset,unspecified,debit,0,,CLASSE 3 : STOCKS ET COMMANDES EN COURS D'EXÉCUTION / Marchandises,,,,CLASSE 3 : STOCKS ET COMMANDES EN COURS D'EXÉCUTION / Marchandises / Réductions de valeur actées (-),
35,Immeubles destinés à la vente,asset,group,debit,1,,CLASSE 3 : STOCKS ET COMMANDES EN COURS D'EXÉCUTION,,,,CLASSE 3 : STOCKS ET COMMANDES EN COURS D'EXÉCUTION / Immeubles destinés à la vente,
350,Valeur d'acquisition,asset,unspecified,debit,0,,CLASSE 3 : STOCKS ET COMMANDES EN COURS D'EXÉCUTION / Immeubles destinés à la vente,,,,CLASSE 3 : STOCKS ET COMMANDES EN COURS D'EXÉCUTION / Immeubles destinés à la vente / Valeur d'acquisition,
359,Réductions de valeur actées (-),asset,unspecified,debit,0,,CLASSE 3 : STOCKS ET COMMANDES EN COURS D'EXÉCUTION / Immeubles destinés à la vente,,,,CLASSE 3 : STOCKS ET COMMANDES EN COURS D'EXÉCUTION / Immeubles destinés à la vente / Réductions de valeur actées (-),
36,Acomptes versés sur achats pour stocks,asset,group,debit,1,,CLASSE 3 : STOCKS ET COMMANDES EN COURS D'EXÉCUTION,,,,CLASSE 3 : STOCKS ET COMMANDES EN COURS D'EXÉCUTION / Acomptes versés sur achats pour stocks,
360,Acomptes versés,asset,unspecified,debit,0,,CLASSE 3 : STOCKS ET COMMANDES EN COURS D'EXÉCUTION / Acomptes versés sur achats pour stocks,,,,CLASSE 3 : STOCKS ET COMMANDES EN COURS D'EXÉCUTION / Acomptes versés sur achats pour stocks / Acomptes versés,
369,Réductions de valeur actées (-),asset,unspecified,debit,0,,CLASSE 3 : STOCKS ET COMMANDES EN COURS D'EXÉCUTION / Acomptes versés sur achats pour stocks,,,,CLASSE 3 : STOCKS ET COMMANDES EN COURS D'EXÉCUTION / Acomptes versés sur achats pour stocks / Réductions de valeur actées (-),
37,Commandes en cours d'exécution,asset,group,debit,1,,CLASSE 3 : STOCKS ET COMMANDES EN COURS D'EXÉCUTION,,,,CLASSE 3 : STOCKS ET COMMANDES EN COURS D'EXÉCUTION / Commandes en cours d'exécution,
370,Valeur d'acquisition,asset,unspecified,debit,0,,CLASSE 3 : STOCKS ET COMMANDES EN COURS D'EXÉCUTION / Commandes en cours d'exécution,,,,CLASSE 3 : STOCKS ET COMMANDES EN COURS D'EXÉCUTION / Commandes en cours d'exécution / Valeur d'acquisition,
371,Bénéfice pris en compte,asset,unspecified,debit,0,,CLASSE 3 : STOCKS ET COMMANDES EN COURS D'EXÉCUTION / Commandes en cours d'exécution,,,,CLASSE 3 : STOCKS ET COMMANDES EN COURS D'EXÉCUTION / Commandes en cours d'exécution / Bénéfice pris en compte,
379,Réductions de valeur actées (-),asset,unspecified,debit,0,,CLASSE 3 : STOCKS ET COMMANDES EN COURS D'EXÉCUTION / Commandes en cours d'exécution,,,,CLASSE 3 : STOCKS ET COMMANDES EN COURS D'EXÉCUTION / Commandes en cours d'exécution / Réductions de valeur actées (-),
,Stock livré non facturé,asset,stock_delivered_not_billed,debit,0,,CLASSE 3 : STOCKS ET COMMANDES EN COURS D'EXÉCUTION,Stock Delivered But Not Billed,,,CLASSE 3 : STOCKS ET COMMANDES EN COURS D'EXÉCUTION / Stock livré non facturé,missing_code
,CLASSE 4 : CRÉANCES À UN AN AU PLUS,asset,group,debit,1,,,,,,CLASSE 4 : CRÉANCES À UN AN AU PLUS,
40,Créances commerciales,asset,receivable,debit,1,,CLASSE 4 : CRÉANCES À UN AN AU PLUS,Receivable,,,CLASSE 4 : CRÉANCES À UN AN AU PLUS / Créances commerciales,
400,Clients,asset,receivable,debit,0,receivables,CLASSE 4 : CRÉANCES À UN AN AU PLUS / Créances commerciales,Receivable,,,CLASSE 4 : CRÉANCES À UN AN AU PLUS / Créances commerciales / Clients,
401,Effets à recevoir,asset,receivable,debit,0,receivables,CLASSE 4 : CRÉANCES À UN AN AU PLUS / Créances commerciales,Receivable,,,CLASSE 4 : CRÉANCES À UN AN AU PLUS / Créances commerciales / Effets à recevoir,
404,Produits à recevoir,asset,receivable,debit,0,receivables,CLASSE 4 : CRÉANCES À UN AN AU PLUS / Créances commerciales,Receivable,,,CLASSE 4 : CRÉANCES À UN AN AU PLUS / Créances commerciales / Produits à recevoir,
406,Acomptes versés,asset,unspecified,debit,0,,CLASSE 4 : CRÉANCES À UN AN AU PLUS / Créances commerciales,,,,CLASSE 4 : CRÉANCES À UN AN AU PLUS / Créances commerciales / Acomptes versés,
407,Créances douteuses,asset,receivable,debit,0,receivables,CLASSE 4 : CRÉANCES À UN AN AU PLUS / Créances commerciales,Receivable,,,CLASSE 4 : CRÉANCES À UN AN AU PLUS / Créances commerciales / Créances douteuses,
409,Réductions de valeur actées (-),asset,unspecified,debit,0,,CLASSE 4 : CRÉANCES À UN AN AU PLUS / Créances commerciales,,,,CLASSE 4 : CRÉANCES À UN AN AU PLUS / Créances commerciales / Réductions de valeur actées (-),
41,Autres créances,asset,group,debit,1,,CLASSE 4 : CRÉANCES À UN AN AU PLUS,,,,CLASSE 4 : CRÉANCES À UN AN AU PLUS / Autres créances,
411,TVA à récupérer,asset,tax,debit,0,,CLASSE 4 : CRÉANCES À UN AN AU PLUS / Autres créances,Tax,,,CLASSE 4 : CRÉANCES À UN AN AU PLUS / Autres créances / TVA à récupérer,
412,Impôts et précomptes à récupérer,asset,group,debit,1,,CLASSE 4 : CRÉANCES À UN AN AU PLUS / Autres créances,,,,CLASSE 4 : CRÉANCES À UN AN AU PLUS / Autres créances / Impôts et précomptes à récupérer,
4125,Autres impôts et taxes belges (4125 à 4127),asset,unspecified,debit,0,,CLASSE 4 : CRÉANCES À UN AN AU PLUS / Autres créances / Impôts et précomptes à récupérer,,,,CLASSE 4 : CRÉANCES À UN AN AU PLUS / Autres créances / Impôts et précomptes à récupérer / Autres impôts et taxes belges (4125 à 4127),
4128,Impôts et taxes étrangers,asset,unspecified,debit,0,,CLASSE 4 : CRÉANCES À UN AN AU PLUS / Autres créances / Impôts et précomptes à récupérer,,,,CLASSE 4 : CRÉANCES À UN AN AU PLUS / Autres créances / Impôts et précomptes à récupérer / Impôts et taxes étrangers,
413,Subsides à recevoir,asset,unspecified,debit,0,,CLASSE 4 : CRÉANCES À UN AN AU PLUS / Autres créances,,,,CLASSE 4 : CRÉANCES À UN AN AU PLUS / Autres créances / Subsides à recevoir,
414,Produits à recevoir,asset,unspecified,debit,0,,CLASSE 4 : CRÉANCES À UN AN AU PLUS / Autres créances,,,,CLASSE 4 : CRÉANCES À UN AN AU PLUS / Autres créances / Produits à recevoir,
415,Créances non productives d'intérêts ou assorties d'un intérêt anormalement faible,asset,unspecified,debit,0,,CLASSE 4 : CRÉANCES À UN AN AU PLUS / Autres créances,,,,CLASSE 4 : CRÉANCES À UN AN AU PLUS / Autres créances / Créances non productives d'intérêts ou assorties d'un intérêt anormalement faible,
416,Créances diverses,asset,unspecified,debit,0,,CLASSE 4 : CRÉANCES À UN AN AU PLUS / Autres créances,,,,CLASSE 4 : CRÉANCES À UN AN AU PLUS / Autres créances / Créances diverses,
417,Créances douteuses,asset,unspecified,debit,0,,CLASSE 4 : CRÉANCES À UN AN AU PLUS / Autres créances,,,,CLASSE 4 : CRÉANCES À UN AN AU PLUS / Autres créances / Créances douteuses,
418,Cautionnements versés en numéraire,asset,unspecified,debit,0,,CLASSE 4 : CRÉANCES À UN AN AU PLUS / Autres créances,,,,CLASSE 4 : CRÉANCES À UN AN AU PLUS / Autres créances / Cautionnements versés en numéraire,
419,Réductions de valeur actées (-),asset,unspecified,debit,0,,CLASSE 4 : CRÉANCES À UN AN AU PLUS / Autres créances,,,,CLASSE 4 : CRÉANCES À UN AN AU PLUS / Autres créances / Réductions de valeur actées (-),
,CLASSE 4 : DETTES À UN AN AU PLUS,liability,group,credit,1,,,,,,CLASSE 4 : DETTES À UN AN AU PLUS,
42,Dettes à plus d'un an échéant dans l'année,liability,unspecified,credit,0,,CLASSE 4 : DETTES À UN AN AU PLUS,,,,CLASSE 4 : DETTES À UN AN AU PLUS / Dettes à plus d'un an échéant dans l'année,
43,Dettes financières,liability,group,credit,1,,CLASSE 4 : DETTES À UN AN AU PLUS,,,,CLASSE 4 : DETTES À UN AN AU PLUS / Dettes financières,
430,Établissements de crédit - Emprunts en compte à terme fixe,liability,unspecified,credit,0,,CLASSE 4 : DETTES À UN AN AU PLUS / Dettes financières,,,,CLASSE 4 : DETTES À UN AN AU PLUS / Dettes financières / Établissements de crédit - Emprunts en compte à terme fixe,
431,Établissements de crédit - Promesses,liability,unspecified,credit,0,,CLASSE 4 : DETTES À UN AN AU PLUS / Dettes financières,,,,CLASSE 4 : DETTES À UN AN AU PLUS / Dettes financières / Établissements de crédit - Promesses,
432,Établissements de crédit - Crédits d'acceptation,liability,unspecified,credit,0,,CLASSE 4 : DETTES À UN AN AU PLUS / Dettes financières,,,,CLASSE 4 : DETTES À UN AN AU PLUS / Dettes financières / Établissements de crédit - Crédits d'acceptation,
433,Établissements de crédit - Dettes en compte courant,liability,unspecified,credit,0,,CLASSE 4 : DETTES À UN AN AU PLUS / Dettes financières,,,,CLASSE 4 : DETTES À UN AN AU PLUS / Dettes financières / Établissements de crédit - Dettes en compte courant,
439,Autres emprunts,liability,unspecified,credit,0,,CLASSE 4 : DETTES À UN AN AU PLUS / Dettes financières,,,,CLASSE 4 : DETTES À UN AN AU PLUS / Dettes financières / Autres emprunts,
44,Dettes commerciales,liability,payable,credit,1,,CLASSE 4 : DETTES À UN AN AU PLUS,Payable,,,CLASSE 4 : DETTES À UN AN AU PLUS / Dettes commerciales,
440,Fournisseurs,liability,payable,credit,0,payables,CLASSE 4 : DETTES À UN AN AU PLUS / Dettes commerciales,Payable,,,CLASSE 4 : DETTES À UN AN AU PLUS / Dettes commerciales / Fournisseurs,
441,Effets à payer,liability,payable,credit,0,payables,CLASSE 4 : DETTES À UN AN AU PLUS / Dettes commerciales,Payable,,,CLASSE 4 : DETTES À UN AN AU PLUS / Dettes commerciales / Effets à payer,
444,Factures à recevoir,liability,stock_received_not_billed,credit,0,,CLASSE 4 : DETTES À UN AN AU PLUS / Dettes commerciales,Stock Received But Not Billed,,,CLASSE 4 : DETTES À UN AN AU PLUS / Dettes commerciales / Factures à recevoir,
45,"Dettes fiscales, salariales et sociales",liability,group,credit,1,,CLASSE 4 : DETTES À UN AN AU PLUS,,,,"CLASSE 4 : DETTES À UN AN AU PLUS / Dettes fiscales, salariales et sociales",
450,Dettes fiscales estimées,liability,group,credit,1,,"CLASSE 4 : DETTES À UN AN AU PLUS / Dettes fiscales, salariales et sociales",,,,"CLASSE 4 : DETTES À UN AN AU PLUS / Dettes fiscales, salariales et sociales / Dettes fiscales estimées",
4505,Autres impôts et taxes belges (4505 à 4507),liability,unspecified,credit,0,,"CLASSE 4 : DETTES À UN AN AU PLUS / Dettes fiscales, salariales et sociales / Dettes fiscales estimées",,,,"CLASSE 4 : DETTES À UN AN AU PLUS / Dettes fiscales, salariales et sociales / Dettes fiscales estimées / Autres impôts et taxes belges (4505 à 4507)",
4508,Impôts et taxes étrangers,liability,unspecified,credit,0,,"CLASSE 4 : DETTES À UN AN AU PLUS / Dettes fiscales, salariales et sociales / Dettes fiscales estimées",,,,"CLASSE 4 : DETTES À UN AN AU PLUS / Dettes fiscales, salariales et sociales / Dettes fiscales estimées / Impôts et taxes étrangers",
451,TVA à payer,liability,tax,credit,0,,"CLASSE 4 : DETTES À UN AN AU PLUS / Dettes fiscales, salariales et sociales",Tax,,,"CLASSE 4 : DETTES À UN AN AU PLUS / Dettes fiscales, salariales et sociales / TVA à payer",
452,Impôts et taxes à payer,liability,group,credit,1,,"CLASSE 4 : DETTES À UN AN AU PLUS / Dettes fiscales, salariales et sociales",,,,"CLASSE 4 : DETTES À UN AN AU PLUS / Dettes fiscales, salariales et sociales / Impôts et taxes à payer",
4525,Autres impôts et taxes belges (4525 à 4527),liability,unspecified,credit,0,,"CLASSE 4 : DETTES À UN AN AU PLUS / Dettes fiscales, salariales et sociales / Impôts et taxes à payer",,,,"CLASSE 4 : DETTES À UN AN AU PLUS / Dettes fiscales, salariales et sociales / Impôts et taxes à payer / Autres impôts et taxes belges (4525 à 4527)",
4528,Impôts et taxes étrangers,liability,unspecified,credit,0,,"CLASSE 4 : DETTES À UN AN AU PLUS / Dettes fiscales, salariales et sociales / Impôts et taxes à payer",,,,"CLASSE 4 : DETTES À UN AN AU PLUS / Dettes fiscales, salariales et sociales / Impôts et taxes à payer / Impôts et taxes étrangers",
453,Précomptes retenus,liability,unspecified,credit,0,,"CLASSE 4 : DETTES À UN AN AU PLUS / Dettes fiscales, salariales et sociales",,,,"CLASSE 4 : DETTES À UN AN AU PLUS / Dettes fiscales, salariales et sociales / Précomptes retenus",
454,Office national de la Sécurité sociale,liability,unspecified,credit,0,,"CLASSE 4 : DETTES À UN AN AU PLUS / Dettes fiscales, salariales et sociales",,,,"CLASSE 4 : DETTES À UN AN AU PLUS / Dettes fiscales, salariales et sociales / Office national de la Sécurité sociale",
455,Rémunérations,liability,unspecified,credit,0,,"CLASSE 4 : DETTES À UN AN AU PLUS / Dettes fiscales, salariales et sociales",,,,"CLASSE 4 : DETTES À UN AN AU PLUS / Dettes fiscales, salariales et sociales / Rémunérations",
456,Pécules de vacances,liability,unspecified,credit,0,,"CLASSE 4 : DETTES À UN AN AU PLUS / Dettes fiscales, salariales et sociales",,,,"CLASSE 4 : DETTES À UN AN AU PLUS / Dettes fiscales, salariales et sociales / Pécules de vacances",
459,Autres dettes sociales,liability,unspecified,credit,0,,"CLASSE 4 : DETTES À UN AN AU PLUS / Dettes fiscales, salariales et sociales",,,,"CLASSE 4 : DETTES À UN AN AU PLUS / Dettes fiscales, salariales et sociales / Autres dettes sociales",
49,Comptes de régularisation et d'attente,liability,group,credit,1,,CLASSE 4 : DETTES À UN AN AU PLUS,,,,CLASSE 4 : DETTES À UN AN AU PLUS / Comptes de régularisation et d'attente,
490,Charges à reporter,liability,unspecified,credit,0,,CLASSE 4 : DETTES À UN AN AU PLUS / Comptes de régularisation et d'attente,,,,CLASSE 4 : DETTES À UN AN AU PLUS / Comptes de régularisation et d'attente / Charges à reporter,
491,Produits acquis,liability,unspecified,credit,0,,CLASSE 4 : DETTES À UN AN AU PLUS / Comptes de régularisation et d'attente,,,,CLASSE 4 : DETTES À UN AN AU PLUS / Comptes de régularisation et d'attente / Produits acquis,
492,Charges à imputer,liability,unspecified,credit,0,,CLASSE 4 : DETTES À UN AN AU PLUS / Comptes de régularisation et d'attente,,,,CLASSE 4 : DETTES À UN AN AU PLUS / Comptes de régularisation et d'attente / Charges à imputer,
493,Produits à reporter,liability,unspecified,credit,0,,CLASSE 4 : DETTES À UN AN AU PLUS / Comptes de régularisation et d'attente,,,,CLASSE 4 : DETTES À UN AN AU PLUS / Comptes de régularisation et d'attente / Produits à reporter,
499,Comptes d'attente,liability,unspecified,credit,0,,CLASSE 4 : DETTES À UN AN AU PLUS / Comptes de régularisation et d'attente,,,,CLASSE 4 : DETTES À UN AN AU PLUS / Comptes de régularisation et d'attente / Comptes d'attente,
480,Obligations et coupons échus,liability,unspecified,credit,0,,CLASSE 4 : DETTES À UN AN AU PLUS,,,,CLASSE 4 : DETTES À UN AN AU PLUS / Obligations et coupons échus,
483,Subsides à rembourser,liability,unspecified,credit,0,,CLASSE 4 : DETTES À UN AN AU PLUS,,,,CLASSE 4 : DETTES À UN AN AU PLUS / Subsides à rembourser,
488,Cautionnements reçus en numéraire,liability,unspecified,credit,0,,CLASSE 4 : DETTES À UN AN AU PLUS,,,,CLASSE 4 : DETTES À UN AN AU PLUS / Cautionnements reçus en numéraire,
489,Autres dettes diverses,liability,group,credit,1,,CLASSE 4 : DETTES À UN AN AU PLUS,,,,CLASSE 4 : DETTES À UN AN AU PLUS / Autres dettes diverses,
4890,Productives d'intérêts,liability,unspecified,credit,0,,CLASSE 4 : DETTES À UN AN AU PLUS / Autres dettes diverses,,,,CLASSE 4 : DETTES À UN AN AU PLUS / Autres dettes diverses / Productives d'intérêts,
4891,Non productives d'intérêts ou assorties d'un intérêt anormalement faible,liability,unspecified,credit,0,,CLASSE 4 : DETTES À UN AN AU PLUS / Autres dettes diverses,,,,CLASSE 4 : DETTES À UN AN AU PLUS / Autres dettes diverses / Non productives d'intérêts ou assorties d'un intérêt anormalement faible,
,CLASSE 5 : PLACEMENTS DE TRÉSORERIE ET VALEURS DISPONIBLES,asset,group,debit,1,,,,,,CLASSE 5 : PLACEMENTS DE TRÉSORERIE ET VALEURS DISPONIBLES,
50,"Placements de trésorerie autres que actions et parts, titres à revenu fixe et dépôts à terme",asset,group,debit,1,,CLASSE 5 : PLACEMENTS DE TRÉSORERIE ET VALEURS DISPONIBLES,,,,"CLASSE 5 : PLACEMENTS DE TRÉSORERIE ET VALEURS DISPONIBLES / Placements de trésorerie autres que actions et parts, titres à revenu fixe et dépôts à terme",
500,Valeur d'acquisition,asset,unspecified,debit,0,,"CLASSE 5 : PLACEMENTS DE TRÉSORERIE ET VALEURS DISPONIBLES / Placements de trésorerie autres que actions et parts, titres à revenu fixe et dépôts à terme",,,,"CLASSE 5 : PLACEMENTS DE TRÉSORERIE ET VALEURS DISPONIBLES / Placements de trésorerie autres que actions et parts, titres à revenu fixe et dépôts à terme / Valeur d'acquisition",
509,Réductions de valeur actées (-),asset,unspecified,debit,0,,"CLASSE 5 : PLACEMENTS DE TRÉSORERIE ET VALEURS DISPONIBLES / Placements de trésorerie autres que actions et parts, titres à revenu fixe et dépôts à terme",,,,"CLASSE 5 : PLACEMENTS DE TRÉSORERIE ET VALEURS DISPONIBLES / Placements de trésorerie autres que actions et parts, titres à revenu fixe et dépôts à terme / Réductions de valeur actées (-)",
51,Actions et parts,asset,group,debit,1,,CLASSE 5 : PLACEMENTS DE TRÉSORERIE ET VALEURS DISPONIBLES,,,,CLASSE 5 : PLACEMENTS DE TRÉSORERIE ET VALEURS DISPONIBLES / Actions et parts,
510,Valeur d'acquisition,asset,unspecified,debit,0,,CLASSE 5 : PLACEMENTS DE TRÉSORERIE ET VALEURS DISPONIBLES / Actions et parts,,,,CLASSE 5 : PLACEMENTS DE TRÉSORERIE ET VALEURS DISPONIBLES / Actions et parts / Valeur d'acquisition,
511,Montants non appelés (-),asset,unspecified,debit,0,,CLASSE 5 : PLACEMENTS DE TRÉSORERIE ET VALEURS DISPONIBLES / Actions et parts,,,,CLASSE 5 : PLACEMENTS DE TRÉSORERIE ET VALEURS DISPONIBLES / Actions et parts / Montants non appelés (-),
519,Réductions de valeur actées (-),asset,unspecified,debit,0,,CLASSE 5 : PLACEMENTS DE TRÉSORERIE ET VALEURS DISPONIBLES / Actions et parts,,,,CLASSE 5 : PLACEMENTS DE TRÉSORERIE ET VALEURS DISPONIBLES / Actions et parts / Réductions de valeur actées (-),
52,Titres à revenu fixe,asset,group,debit,1,,CLASSE 5 : PLACEMENTS DE TRÉSORERIE ET VALEURS DISPONIBLES,,,,CLASSE 5 : PLACEMENTS DE TRÉSORERIE ET VALEURS DISPONIBLES / Titres à revenu fixe,
520,Valeur d'acquisition,asset,unspecified,debit,0,,CLASSE 5 : PLACEMENTS DE TRÉSORERIE ET VALEURS DISPONIBLES / Titres à revenu fixe,,,,CLASSE 5 : PLACEMENTS DE TRÉSORERIE ET VALEURS DISPONIBLES / Titres à revenu fixe / Valeur d'acquisition,
529,Réductions de valeur actées (-),asset,unspecified,debit,0,,CLASSE 5 : PLACEMENTS DE TRÉSORERIE ET VALEURS DISPONIBLES / Titres à revenu fixe,,,,CLASSE 5 : PLACEMENTS DE TRÉSORERIE ET VALEURS DISPONIBLES / Titres à revenu fixe / Réductions de valeur actées (-),
53,Dépôts à terme,asset,group,debit,1,,CLASSE 5 : PLACEMENTS DE TRÉSORERIE ET VALEURS DISPONIBLES,,,,CLASSE 5 : PLACEMENTS DE TRÉSORERIE ET VALEURS DISPONIBLES / Dépôts à terme,
530,De plus d'un an,asset,unspecified,debit,0,,CLASSE 5 : PLACEMENTS DE TRÉSORERIE ET VALEURS DISPONIBLES / Dépôts à terme,,,,CLASSE 5 : PLACEMENTS DE TRÉSORERIE ET VALEURS DISPONIBLES / Dépôts à terme / De plus d'un an,
531,De plus d'un mois et à un an au plus,asset,unspecified,debit,0,,CLASSE 5 : PLACEMENTS DE TRÉSORERIE ET VALEURS DISPONIBLES / Dépôts à terme,,,,CLASSE 5 : PLACEMENTS DE TRÉSORERIE ET VALEURS DISPONIBLES / Dépôts à terme / De plus d'un mois et à un an au plus,
532,D'un mois au plus,asset,unspecified,debit,0,,CLASSE 5 : PLACEMENTS DE TRÉSORERIE ET VALEURS DISPONIBLES / Dépôts à terme,,,,CLASSE 5 : PLACEMENTS DE TRÉSORERIE ET VALEURS DISPONIBLES / Dépôts à terme / D'un mois au plus,
539,Réductions de valeur actées (-),asset,unspecified,debit,0,,CLASSE 5 : PLACEMENTS DE TRÉSORERIE ET VALEURS DISPONIBLES / Dépôts à terme,,,,CLASSE 5 : PLACEMENTS DE TRÉSORERIE ET VALEURS DISPONIBLES / Dépôts à terme / Réductions de valeur actées (-),
54,Valeurs échues à l'encaissement,asset,unspecified,debit,0,,CLASSE 5 : PLACEMENTS DE TRÉSORERIE ET VALEURS DISPONIBLES,,,,CLASSE 5 : PLACEMENTS DE TRÉSORERIE ET VALEURS DISPONIBLES / Valeurs échues à l'encaissement,
55,Établissements de crédit,asset,bank,debit,1,,CLASSE 5 : PLACEMENTS DE TRÉSORERIE ET VALEURS DISPONIBLES,Bank,,,CLASSE 5 : PLACEMENTS DE TRÉSORERIE ET VALEURS DISPONIBLES / Établissements de crédit,
5500,Banque,asset,bank,debit,0,cash_bank,CLASSE 5 : PLACEMENTS DE TRÉSORERIE ET VALEURS DISPONIBLES / Établissements de crédit,Bank,,,CLASSE 5 : PLACEMENTS DE TRÉSORERIE ET VALEURS DISPONIBLES / Établissements de crédit / Banque,
57,Caisses,asset,cash,debit,1,,CLASSE 5 : PLACEMENTS DE TRÉSORERIE ET VALEURS DISPONIBLES,Cash,,,CLASSE 5 : PLACEMENTS DE TRÉSORERIE ET VALEURS DISPONIBLES / Caisses,
570,Caisses-espèces (570 à 577),asset,cash,debit,0,cash_bank,CLASSE 5 : PLACEMENTS DE TRÉSORERIE ET VALEURS DISPONIBLES / Caisses,Cash,,,CLASSE 5 : PLACEMENTS DE TRÉSORERIE ET VALEURS DISPONIBLES / Caisses / Caisses-espèces (570 à 577),
578,Caisses-timbres,asset,cash,debit,0,cash_bank,CLASSE 5 : PLACEMENTS DE TRÉSORERIE ET VALEURS DISPONIBLES / Caisses,Cash,,,CLASSE 5 : PLACEMENTS DE TRÉSORERIE ET VALEURS DISPONIBLES / Caisses / Caisses-timbres,
58,Virements internes,asset,temporary,debit,0,,CLASSE 5 : PLACEMENTS DE TRÉSORERIE ET VALEURS DISPONIBLES,Temporary,,,CLASSE 5 : PLACEMENTS DE TRÉSORERIE ET VALEURS DISPONIBLES / Virements internes,
,CLASSE 6 : CHARGES,expense,group,debit,1,,,,,,CLASSE 6 : CHARGES,
60,Approvisionnements et marchandises,expense,expense,debit,1,,CLASSE 6 : CHARGES,Expense Account,,,CLASSE 6 : CHARGES / Approvisionnements et marchandises,
600,Achats de matières premières,expense,expense,debit,0,,CLASSE 6 : CHARGES / Approvisionnements et marchandises,Expense Account,,,CLASSE 6 : CHARGES / Approvisionnements et marchandises / Achats de matières premières,
601,Achats de fournitures,expense,expense,debit,0,,CLASSE 6 : CHARGES / Approvisionnements et marchandises,Expense Account,,,CLASSE 6 : CHARGES / Approvisionnements et marchandises / Achats de fournitures,
602,"Achats de services, travaux et études",expense,expense,debit,0,,CLASSE 6 : CHARGES / Approvisionnements et marchandises,Expense Account,,,"CLASSE 6 : CHARGES / Approvisionnements et marchandises / Achats de services, travaux et études",
603,Sous-traitances générales,expense,expense,debit,0,,CLASSE 6 : CHARGES / Approvisionnements et marchandises,Expense Account,,,CLASSE 6 : CHARGES / Approvisionnements et marchandises / Sous-traitances générales,
604,Achats de marchandises,expense,direct_cost,debit,0,,CLASSE 6 : CHARGES / Approvisionnements et marchandises,Cost of Goods Sold,,,CLASSE 6 : CHARGES / Approvisionnements et marchandises / Achats de marchandises,
605,Achats d'immeubles destinés à la vente,expense,expense,debit,0,,CLASSE 6 : CHARGES / Approvisionnements et marchandises,Expense Account,,,CLASSE 6 : CHARGES / Approvisionnements et marchandises / Achats d'immeubles destinés à la vente,
608,"Remises, ristournes et rabais obtenus (-)",expense,expense,debit,0,,CLASSE 6 : CHARGES / Approvisionnements et marchandises,Expense Account,,,"CLASSE 6 : CHARGES / Approvisionnements et marchandises / Remises, ristournes et rabais obtenus (-)",
609,Variations des stocks,expense,stock_adjustment,debit,1,,CLASSE 6 : CHARGES / Approvisionnements et marchandises,Stock Adjustment,,,CLASSE 6 : CHARGES / Approvisionnements et marchandises / Variations des stocks,
6090,de matières premières,expense,stock_adjustment,debit,0,,CLASSE 6 : CHARGES / Approvisionnements et marchandises / Variations des stocks,Stock Adjustment,,,CLASSE 6 : CHARGES / Approvisionnements et marchandises / Variations des stocks / de matières premières,
6091,de fournitures,expense,stock_adjustment,debit,0,,CLASSE 6 : CHARGES / Approvisionnements et marchandises / Variations des stocks,Stock Adjustment,,,CLASSE 6 : CHARGES / Approvisionnements et marchandises / Variations des stocks / de fournitures,
6094,de marchandises,expense,stock_adjustment,debit,0,,CLASSE 6 : CHARGES / Approvisionnements et marchandises / Variations des stocks,Stock Adjustment,,,CLASSE 6 : CHARGES / Approvisionnements et marchandises / Variations des stocks / de marchandises,
6095,d'immeubles destinés à la vente,expense,stock_adjustment,debit,0,,CLASSE 6 : CHARGES / Approvisionnements et marchandises / Variations des stocks,Stock Adjustment,,,CLASSE 6 : CHARGES / Approvisionnements et marchandises / Variations des stocks / d'immeubles destinés à la vente,
61,Services et biens divers,expense,expense,debit,1,,CLASSE 6 : CHARGES,Expense Account,,,CLASSE 6 : CHARGES / Services et biens divers,
617,Personnel intérimaire et personnes mises à la disposition de l'association ou de la fondation,expense,expense,debit,0,,CLASSE 6 : CHARGES / Services et biens divers,Expense Account,,,CLASSE 6 : CHARGES / Services et biens divers / Personnel intérimaire et personnes mises à la disposition de l'association ou de la fondation,
618,"Rémunérations et pensions des administrateurs, hors contrat de travail",expense,expense,debit,0,,CLASSE 6 : CHARGES / Services et biens divers,Expense Account,,,"CLASSE 6 : CHARGES / Services et biens divers / Rémunérations et pensions des administrateurs, hors contrat de travail",
,Frais accessoires d'achat inclus dans la valeur des stocks,expense,valuation_expense,debit,0,,CLASSE 6 : CHARGES / Services et biens divers,Expenses Included In Valuation,,,CLASSE 6 : CHARGES / Services et biens divers / Frais accessoires d'achat inclus dans la valeur des stocks,missing_code
62,"Rémunérations, charges sociales et pensions",expense,expense,debit,1,,CLASSE 6 : CHARGES,Expense Account,,,"CLASSE 6 : CHARGES / Rémunérations, charges sociales et pensions",
620,Rémunérations et avantages sociaux directs,expense,expense,debit,1,,"CLASSE 6 : CHARGES / Rémunérations, charges sociales et pensions",Expense Account,,,"CLASSE 6 : CHARGES / Rémunérations, charges sociales et pensions / Rémunérations et avantages sociaux directs",
6200,Administrateurs ou gérants,expense,expense,debit,0,,"CLASSE 6 : CHARGES / Rémunérations, charges sociales et pensions / Rémunérations et avantages sociaux directs",Expense Account,,,"CLASSE 6 : CHARGES / Rémunérations, charges sociales et pensions / Rémunérations et avantages sociaux directs / Administrateurs ou gérants",
6201,Personnel de direction,expense,expense,debit,0,,"CLASSE 6 : CHARGES / Rémunérations, charges sociales et pensions / Rémunérations et avantages sociaux directs",Expense Account,,,"CLASSE 6 : CHARGES / Rémunérations, charges sociales et pensions / Rémunérations et avantages sociaux directs / Personnel de direction",
6202,Employés,expense,expense,debit,0,,"CLASSE 6 : CHARGES / Rémunérations, charges sociales et pensions / Rémunérations et avantages sociaux directs",Expense Account,,,"CLASSE 6 : CHARGES / Rémunérations, charges sociales et pensions / Rémunérations et avantages sociaux directs / Employés",
6203,Ouvriers,expense,expense,debit,0,,"CLASSE 6 : CHARGES / Rémunérations, charges sociales et pensions / Rémunérations et avantages sociaux directs",Expense Account,,,"CLASSE 6 : CHARGES / Rémunérations, charges sociales et pensions / Rémunérations et avantages sociaux directs / Ouvriers",
6204,Autres membres du personnel,expense,expense,debit,0,,"CLASSE 6 : CHARGES / Rémunérations, charges sociales et pensions / Rémunérations et avantages sociaux directs",Expense Account,,,"CLASSE 6 : CHARGES / Rémunérations, charges sociales et pensions / Rémunérations et avantages sociaux directs / Autres membres du personnel",
621,Cotisations patronales pour assurances sociales,expense,expense,debit,0,,"CLASSE 6 : CHARGES / Rémunérations, charges sociales et pensions",Expense Account,,,"CLASSE 6 : CHARGES / Rémunérations, charges sociales et pensions / Cotisations patronales pour assurances sociales",
622,Primes patronales pour assurances extra-légales,expense,expense,debit,0,,"CLASSE 6 : CHARGES / Rémunérations, charges sociales et pensions",Expense Account,,,"CLASSE 6 : CHARGES / Rémunérations, charges sociales et pensions / Primes patronales pour assurances extra-légales",
623,Autres frais du personnel,expense,expense,debit,0,,"CLASSE 6 : CHARGES / Rémunérations, charges sociales et pensions",Expense Account,,,"CLASSE 6 : CHARGES / Rémunérations, charges sociales et pensions / Autres frais du personnel",
624,Pensions de retraite et de survie,expense,expense,debit,1,,"CLASSE 6 : CHARGES / Rémunérations, charges sociales et pensions",Expense Account,,,"CLASSE 6 : CHARGES / Rémunérations, charges sociales et pensions / Pensions de retraite et de survie",
6240,Administrateurs ou gérants,expense,expense,debit,0,,"CLASSE 6 : CHARGES / Rémunérations, charges sociales et pensions / Pensions de retraite et de survie",Expense Account,,,"CLASSE 6 : CHARGES / Rémunérations, charges sociales et pensions / Pensions de retraite et de survie / Administrateurs ou gérants",
6241,Personnel,expense,expense,debit,0,,"CLASSE 6 : CHARGES / Rémunérations, charges sociales et pensions / Pensions de retraite et de survie",Expense Account,,,"CLASSE 6 : CHARGES / Rémunérations, charges sociales et pensions / Pensions de retraite et de survie / Personnel",
63,"Amortissements, réductions de valeur et provisions pour risques et charges",expense,expense,debit,1,,CLASSE 6 : CHARGES,Expense Account,,,"CLASSE 6 : CHARGES / Amortissements, réductions de valeur et provisions pour risques et charges",
630,Dotations aux amortissements et aux réductions de valeur sur immobilisations,expense,depreciation,debit,1,,"CLASSE 6 : CHARGES / Amortissements, réductions de valeur et provisions pour risques et charges",Depreciation,,,"CLASSE 6 : CHARGES / Amortissements, réductions de valeur et provisions pour risques et charges / Dotations aux amortissements et aux réductions de valeur sur immobilisations",
6300,Dotations aux amortissements sur frais d'établissement,expense,depreciation,debit,0,,"CLASSE 6 : CHARGES / Amortissements, réductions de valeur et provisions pour risques et charges / Dotations aux amortissements et aux réductions de valeur sur immobilisations",Depreciation,,,"CLASSE 6 : CHARGES / Amortissements, réductions de valeur et provisions pour risques et charges / Dotations aux amortissements et aux réductions de valeur sur immobilisations / Dotations aux amortissements sur frais d'établissement",
6301,Dotation aux amortissements sur immobilisations incorporelles,expense,depreciation,debit,0,,"CLASSE 6 : CHARGES / Amortissements, réductions de valeur et provisions pour risques et charges / Dotations aux amortissements et aux réductions de valeur sur immobilisations",Depreciation,,,"CLASSE 6 : CHARGES / Amortissements, réductions de valeur et provisions pour risques et charges / Dotations aux amortissements et aux réductions de valeur sur immobilisations / Dotation aux amortissements sur immobilisations incorporelles",
6302,Dotation aux amortissements sur immobilisations corporelles,expense,depreciation,debit,0,,"CLASSE 6 : CHARGES / Amortissements, réductions de valeur et provisions pour risques et charges / Dotations aux amortissements et aux réductions de valeur sur immobilisations",Depreciation,,,"CLASSE 6 : CHARGES / Amortissements, réductions de valeur et provisions pour risques et charges / Dotations aux amortissements et aux réductions de valeur sur immobilisations / Dotation aux amortissements sur immobilisations corporelles",
6308,Dotation aux réductions de valeur sur immobilisations incorporelles,expense,depreciation,debit,0,,"CLASSE 6 : CHARGES / Amortissements, réductions de valeur et provisions pour risques et charges / Dotations aux amortissements et aux réductions de valeur sur immobilisations",Depreciation,,,"CLASSE 6 : CHARGES / Amortissements, réductions de valeur et provisions pour risques et charges / Dotations aux amortissements et aux réductions de valeur sur immobilisations / Dotation aux réductions de valeur sur immobilisations incorporelles",
6309,Dotation aux réductions de valeur sur immobilisations corporelles,expense,depreciation,debit,0,,"CLASSE 6 : CHARGES / Amortissements, réductions de valeur et provisions pour risques et charges / Dotations aux amortissements et aux réductions de valeur sur immobilisations",Depreciation,,,"CLASSE 6 : CHARGES / Amortissements, réductions de valeur et provisions pour risques et charges / Dotations aux amortissements et aux réductions de valeur sur immobilisations / Dotation aux réductions de valeur sur immobilisations corporelles",
631,Réductions de valeur sur stocks,expense,depreciation,debit,1,,"CLASSE 6 : CHARGES / Amortissements, réductions de valeur et provisions pour risques et charges",Depreciation,,,"CLASSE 6 : CHARGES / Amortissements, réductions de valeur et provisions pour risques et charges / Réductions de valeur sur stocks",
6310,Dotations,expense,depreciation,debit,0,,"CLASSE 6 : CHARGES / Amortissements, réductions de valeur et provisions pour risques et charges / Réductions de valeur sur stocks",Depreciation,,,"CLASSE 6 : CHARGES / Amortissements, réductions de valeur et provisions pour risques et charges / Réductions de valeur sur stocks / Dotations",
6311,Reprises (-),expense,depreciation,debit,0,,"CLASSE 6 : CHARGES / Amortissements, réductions de valeur et provisions pour risques et charges / Réductions de valeur sur stocks",Depreciation,,,"CLASSE 6 : CHARGES / Amortissements, réductions de valeur et provisions pour risques et charges / Réductions de valeur sur stocks / Reprises (-)",
632,Réductions de valeur sur commandes en cours d'exécution,expense,depreciation,debit,1,,"CLASSE 6 : CHARGES / Amortissements, réductions de valeur et provisions pour risques et charges",Depreciation,,,"CLASSE 6 : CHARGES / Amortissements, réductions de valeur et provisions pour risques et charges / Réductions de valeur sur commandes en cours d'exécution",
6320,Dotations,expense,depreciation,debit,0,,"CLASSE 6 : CHARGES / Amortissements, réductions de valeur et provisions pour risques et charges / Réductions de valeur sur commandes en cours d'exécution",Depreciation,,,"CLASSE 6 : CHARGES / Amortissements, réductions de valeur et provisions pour risques et charges / Réductions de valeur sur commandes en cours d'exécution / Dotations",
6321,Reprises (-),expense,depreciation,debit,0,,"CLASSE 6 : CHARGES / Amortissements, réductions de valeur et provisions pour risques et charges / Réductions de valeur sur commandes en cours d'exécution",Depreciation,,,"CLASSE 6 : CHARGES / Amortissements, réductions de valeur et provisions pour risques et charges / Réductions de valeur sur commandes en cours d'exécution / Reprises (-)",
633,Réductions de valeur sur créances commerciales à plus d'un an,expense,depreciation,debit,1,,"CLASSE 6 : CHARGES / Amortissements, réductions de valeur et provisions pour risques et charges",Depreciation,,,"CLASSE 6 : CHARGES / Amortissements, réductions de valeur et provisions pour risques et charges / Réductions de valeur sur créances commerciales à plus d'un an",
6330,Dotations,expense,depreciation,debit,0,,"CLASSE 6 : CHARGES / Amortissements, réductions de valeur et provisions pour risques et charges / Réductions de valeur sur créances commerciales à plus d'un an",Depreciation,,,"CLASSE 6 : CHARGES / Amortissements, réductions de valeur et provisions pour risques et charges / Réductions de valeur sur créances commerciales à plus d'un an / Dotations",
6331,Reprises (-),expense,depreciation,debit,0,,"CLASSE 6 : CHARGES / Amortissements, réductions de valeur et provisions pour risques et charges / Réductions de valeur sur créances commerciales à plus d'un an",Depreciation,,,"CLASSE 6 : CHARGES / Amortissements, réductions de valeur et provisions pour risques et charges / Réductions de valeur sur créances commerciales à plus d'un an / Reprises (-)",
634,Réductions de valeur sur créances à un an au plus,expense,depreciation,debit,1,,"CLASSE 6 : CHARGES / Amortissements, réductions de valeur et provisions pour risques et charges",Depreciation,,,"CLASSE 6 : CHARGES / Amortissements, réductions de valeur et provisions pour risques et charges / Réductions de valeur sur créances à un an au plus",
6340,Dotations,expense,depreciation,debit,0,,"CLASSE 6 : CHARGES / Amortissements, réductions de valeur et provisions pour risques et charges / Réductions de valeur sur créances à un an au plus",Depreciation,,,"CLASSE 6 : CHARGES / Amortissements, réductions de valeur et provisions pour risques et charges / Réductions de valeur sur créances à un an au plus / Dotations",
6341,Reprises (-),expense,depreciation,debit,0,,"CLASSE 6 : CHARGES / Amortissements, réductions de valeur et provisions pour risques et charges / Réductions de valeur sur créances à un an au plus",Depreciation,,,"CLASSE 6 : CHARGES / Amortissements, réductions de valeur et provisions pour risques et charges / Réductions de valeur sur créances à un an au plus / Reprises (-)",
635,Provisions pour pensions et obligations similaires,expense,depreciation,debit,1,,"CLASSE 6 : CHARGES / Amortissements, réductions de valeur et provisions pour risques et charges",Depreciation,,,"CLASSE 6 : CHARGES / Amortissements, réductions de valeur et provisions pour risques et charges / Provisions pour pensions et obligations similaires",
6350,Dotations,expense,depreciation,debit,0,,"CLASSE 6 : CHARGES / Amortissements, réductions de valeur et provisions pour risques et charges / Provisions pour pensions et obligations similaires",Depreciation,,,"CLASSE 6 : CHARGES / Amortissements, réductions de valeur et provisions pour risques et charges / Provisions pour pensions et obligations similaires / Dotations",
6351,Utilisations et reprises (-),expense,depreciation,debit,0,,"CLASSE 6 : CHARGES / Amortissements, réductions de valeur et provisions pour risques et charges / Provisions pour pensions et obligations similaires",Depreciation,,,"CLASSE 6 : CHARGES / Amortissements, réductions de valeur et provisions pour risques et charges / Provisions pour pensions et obligations similaires / Utilisations et reprises (-)",
636,Provisions pour grosses réparations et gros entretien,expense,depreciation,debit,1,,"CLASSE 6 : CHARGES / Amortissements, réductions de valeur et provisions pour risques et charges",Depreciation,,,"CLASSE 6 : CHARGES / Amortissements, réductions de valeur et provisions pour risques et charges / Provisions pour grosses réparations et gros entretien",
6360,Dotations,expense,depreciation,debit,0,,"CLASSE 6 : CHARGES / Amortissements, réductions de valeur et provisions pour risques et charges / Provisions pour grosses réparations et gros entretien",Depreciation,,,"CLASSE 6 : CHARGES / Amortissements, réductions de valeur et provisions pour risques et charges / Provisions pour grosses réparations et gros entretien / Dotations",
6361,Utilisations et reprises (-),expense,depreciation,debit,0,,"CLASSE 6 : CHARGES / Amortissements, réductions de valeur et provisions pour risques et charges / Provisions pour grosses réparations et gros entretien",Depreciation,,,"CLASSE 6 : CHARGES / Amortissements, réductions de valeur et provisions pour risques et charges / Provisions pour grosses réparations et gros entretien / Utilisations et reprises (-)",
637,Provisions pour obligations environnementales,expense,depreciation,debit,1,,"CLASSE 6 : CHARGES / Amortissements, réductions de valeur et provisions pour risques et charges",Depreciation,,,"CLASSE 6 : CHARGES / Amortissements, réductions de valeur et provisions pour risques et charges / Provisions pour obligations environnementales",
6370,Dotations,expense,depreciation,debit,0,,"CLASSE 6 : CHARGES / Amortissements, réductions de valeur et provisions pour risques et charges / Provisions pour obligations environnementales",Depreciation,,,"CLASSE 6 : CHARGES / Amortissements, réductions de valeur et provisions pour risques et charges / Provisions pour obligations environnementales / Dotations",
6371,Utilisations et reprises (-),expense,depreciation,debit,0,,"CLASSE 6 : CHARGES / Amortissements, réductions de valeur et provisions pour risques et charges / Provisions pour obligations environnementales",Depreciation,,,"CLASSE 6 : CHARGES / Amortissements, réductions de valeur et provisions pour risques et charges / Provisions pour obligations environnementales / Utilisations et reprises (-)",
638,Provisions pour subsides et legs à rembourser et pour dons avec droit de reprise,expense,expense,debit,1,,"CLASSE 6 : CHARGES / Amortissements, réductions de valeur et provisions pour risques et charges",Expense Account,,,"CLASSE 6 : CHARGES / Amortissements, réductions de valeur et provisions pour risques et charges / Provisions pour subsides et legs à rembourser et pour dons avec droit de reprise",
6380,Dotations,expense,expense,debit,0,,"CLASSE 6 : CHARGES / Amortissements, réductions de valeur et provisions pour risques et charges / Provisions pour subsides et legs à rembourser et pour dons avec droit de reprise",Expense Account,,,"CLASSE 6 : CHARGES / Amortissements, réductions de valeur et provisions pour risques et charges / Provisions pour subsides et legs à rembourser et pour dons avec droit de reprise / Dotations",
6381,Utilisations et reprises (-),expense,expense,debit,0,,"CLASSE 6 : CHARGES / Amortissements, réductions de valeur et provisions pour risques et charges / Provisions pour subsides et legs à rembourser et pour dons avec droit de reprise",Expense Account,,,"CLASSE 6 : CHARGES / Amortissements, réductions de valeur et provisions pour risques et charges / Provisions pour subsides et legs à rembourser et pour dons avec droit de reprise / Utilisations et reprises (-)",
639,Provisions pour autres risques et charges,expense,expense,debit,1,,"CLASSE 6 : CHARGES / Amortissements, réductions de valeur et provisions pour risques et charges",Expense Account,,,"CLASSE 6 : CHARGES / Amortissements, réductions de valeur et provisions pour risques et charges / Provisions pour autres risques et charges",
6390,Dotations,expense,expense,debit,0,,"CLASSE 6 : CHARGES / Amortissements, réductions de valeur et provisions pour risques et charges / Provisions pour autres risques et charges",Expense Account,,,"CLASSE 6 : CHARGES / Amortissements, réductions de valeur et provisions pour risques et charges / Provisions pour autres risques et charges / Dotations",
6391,Utilisations et reprises (-),expense,expense,debit,0,,"CLASSE 6 : CHARGES / Amortissements, réductions de valeur et provisions pour risques et charges / Provisions pour autres risques et charges",Expense Account,,,"CLASSE 6 : CHARGES / Amortissements, réductions de valeur et provisions pour risques et charges / Provisions pour autres risques et charges / Utilisations et reprises (-)",
64,Autres charges d'exploitation,expense,expense,debit,1,,CLASSE 6 : CHARGES,Expense Account,,,CLASSE 6 : CHARGES / Autres charges d'exploitation,
640,Charges fiscales,expense,expense,debit,0,,CLASSE 6 : CHARGES / Autres charges d'exploitation,Expense Account,,,CLASSE 6 : CHARGES / Autres charges d'exploitation / Charges fiscales,
641,Moins-values sur réalisations courantes d'immobilisations corporelles,expense,expense,debit,0,,CLASSE 6 : CHARGES / Autres charges d'exploitation,Expense Account,,,CLASSE 6 : CHARGES / Autres charges d'exploitation / Moins-values sur réalisations courantes d'immobilisations corporelles,
642,Moins-values sur réalisations de créances commerciales,expense,expense,debit,0,,CLASSE 6 : CHARGES / Autres charges d'exploitation,Expense Account,,,CLASSE 6 : CHARGES / Autres charges d'exploitation / Moins-values sur réalisations de créances commerciales,
643,Dons,expense,expense,debit,0,,CLASSE 6 : CHARGES / Autres charges d'exploitation,Expense Account,,,CLASSE 6 : CHARGES / Autres charges d'exploitation / Dons,
644,Charges d'exploitations diverses (644 à 648),expense,expense,debit,0,,CLASSE 6 : CHARGES / Autres charges d'exploitation,Expense Account,,,CLASSE 6 : CHARGES / Autres charges d'exploitation / Charges d'exploitations diverses (644 à 648),
649,Charges d'exploitation portées à l'actif au titre de frais de restructuration (-),expense,expense,debit,0,,CLASSE 6 : CHARGES / Autres charges d'exploitation,Expense Account,,,CLASSE 6 : CHARGES / Autres charges d'exploitation / Charges d'exploitation portées à l'actif au titre de frais de restructuration (-),
65,Charges financières,expense,expense,debit,1,,CLASSE 6 : CHARGES,Expense Account,,,CLASSE 6 : CHARGES / Charges financières,
650,Charges des dettes,expense,expense,debit,1,,CLASSE 6 : CHARGES / Charges financières,Expense Account,,,CLASSE 6 : CHARGES / Charges financières / Charges des dettes,
6500,"Intérêts, commissions et frais afférents aux dettes",expense,expense,debit,0,,CLASSE 6 : CHARGES / Charges financières / Charges des dettes,Expense Account,,,"CLASSE 6 : CHARGES / Charges financières / Charges des dettes / Intérêts, commissions et frais afférents aux dettes",
6501,Amortissements frais d'émission d'emprunts et des primes de remboursement,expense,expense,debit,0,,CLASSE 6 : CHARGES / Charges financières / Charges des dettes,Expense Account,,,CLASSE 6 : CHARGES / Charges financières / Charges des dettes / Amortissements frais d'émission d'emprunts et des primes de remboursement,
6502,Intérêts intercalaires portés à l'actif (-),expense,expense,debit,0,,CLASSE 6 : CHARGES / Charges financières / Charges des dettes,Expense Account,,,CLASSE 6 : CHARGES / Charges financières / Charges des dettes / Intérêts intercalaires portés à l'actif (-),
651,Réductions de valeur sur actifs circulants,expense,expense,debit,1,,CLASSE 6 : CHARGES / Charges financières,Expense Account,,,CLASSE 6 : CHARGES / Charges financières / Réductions de valeur sur actifs circulants,
6510,Dotations,expense,expense,debit,0,,CLASSE 6 : CHARGES / Charges financières / Réductions de valeur sur actifs circulants,Expense Account,,,CLASSE 6 : CHARGES / Charges financières / Réductions de valeur sur actifs circulants / Dotations,
6511,Reprises (-),expense,expense,debit,0,,CLASSE 6 : CHARGES / Charges financières / Réductions de valeur sur actifs circulants,Expense Account,,,CLASSE 6 : CHARGES / Charges financières / Réductions de valeur sur actifs circulants / Reprises (-),
652,Moins-values sur réalisation d'actifs circulants,expense,expense,debit,0,,CLASSE 6 : CHARGES / Charges financières,Expense Account,,,CLASSE 6 : CHARGES / Charges financières / Moins-values sur réalisation d'actifs circulants,
653,Charges d'escompte de créances,expense,expense,debit,0,,CLASSE 6 : CHARGES / Charges financières,Expense Account,,,CLASSE 6 : CHARGES / Charges financières / Charges d'escompte de créances,
654,Différences de change,expense,expense,debit,0,,CLASSE 6 : CHARGES / Charges financières,Expense Account,,,CLASSE 6 : CHARGES / Charges financières / Différences de change,
655,Écarts de conversion des devises,expense,expense,debit,0,,CLASSE 6 : CHARGES / Charges financières,Expense Account,,,CLASSE 6 : CHARGES / Charges financières / Écarts de conversion des devises,
656,Provisions à caractère financier,expense,expense,debit,1,,CLASSE 6 : CHARGES / Charges financières,Expense Account,,,CLASSE 6 : CHARGES / Charges financières / Provisions à caractère financier,
6560,Dotations,expense,expense,debit,0,,CLASSE 6 : CHARGES / Charges financières / Provisions à caractère financier,Expense Account,,,CLASSE 6 : CHARGES / Charges financières / Provisions à caractère financier / Dotations,
6561,Utilisations et reprises (-),expense,expense,debit,0,,CLASSE 6 : CHARGES / Charges financières / Provisions à caractère financier,Expense Account,,,CLASSE 6 : CHARGES / Charges financières / Provisions à caractère financier / Utilisations et reprises (-),
657,Charges financières diverses (657 à 658),expense,expense,debit,0,,CLASSE 6 : CHARGES / Charges financières,Expense Account,,,CLASSE 6 : CHARGES / Charges financières / Charges financières diverses (657 à 658),
659,Charges financières portées à l'actif au titre de frais de restructuration (-),expense,expense,debit,0,,CLASSE 6 : CHARGES / Charges financières,Expense Account,,,CLASSE 6 : CHARGES / Charges financières / Charges financières portées à l'actif au titre de frais de restructuration (-),
66,Charges d'exploitation ou financières non récurrentes,expense,expense,debit,1,,CLASSE 6 : CHARGES,Expense Account,,,CLASSE 6 : CHARGES / Charges d'exploitation ou financières non récurrentes,
660,Amortissements et réductions de valeur non récurrents (dotations),expense,expense,debit,1,,CLASSE 6 : CHARGES / Charges d'exploitation ou financières non récurrentes,Expense Account,,,CLASSE 6 : CHARGES / Charges d'exploitation ou financières non récurrentes / Amortissements et réductions de valeur non récurrents (dotations),
6600,sur frais d'établissement,expense,expense,debit,0,,CLASSE 6 : CHARGES / Charges d'exploitation ou financières non récurrentes / Amortissements et réductions de valeur non récurrents (dotations),Expense Account,,,CLASSE 6 : CHARGES / Charges d'exploitation ou financières non récurrentes / Amortissements et réductions de valeur non récurrents (dotations) / sur frais d'établissement,
6601,sur immobilisations incorporelles,expense,expense,debit,0,,CLASSE 6 : CHARGES / Charges d'exploitation ou financières non récurrentes / Amortissements et réductions de valeur non récurrents (dotations),Expense Account,,,CLASSE 6 : CHARGES / Charges d'exploitation ou financières non récurrentes / Amortissements et réductions de valeur non récurrents (dotations) / sur immobilisations incorporelles,
6602,sur immobilisations corporelles,expense,expense,debit,0,,CLASSE 6 : CHARGES / Charges d'exploitation ou financières non récurrentes / Amortissements et réductions de valeur non récurrents (dotations),Expense Account,,,CLASSE 6 : CHARGES / Charges d'exploitation ou financières non récurrentes / Amortissements et réductions de valeur non récurrents (dotations) / sur immobilisations corporelles,
661,Réduction de valeur sur immobilisations financières (dotation),expense,expense,debit,0,,CLASSE 6 : CHARGES / Charges d'exploitation ou financières non récurrentes,Expense Account,,,CLASSE 6 : CHARGES / Charges d'exploitation ou financières non récurrentes / Réduction de valeur sur immobilisations financières (dotation),
662,Provisions pour risques et charges non récurrents,expense,expense,debit,1,,CLASSE 6 : CHARGES / Charges d'exploitation ou financières non récurrentes,Expense Account,,,CLASSE 6 : CHARGES / Charges d'exploitation ou financières non récurrentes / Provisions pour risques et charges non récurrents,
6620,Provisions pour risques et charges d'exploitation non récurrents,expense,expense,debit,1,,CLASSE 6 : CHARGES / Charges d'exploitation ou financières non récurrentes / Provisions pour risques et charges non récurrents,Expense Account,,,CLASSE 6 : CHARGES / Charges d'exploitation ou financières non récurrentes / Provisions pour risques et charges non récurrents / Provisions pour risques et charges d'exploitation non récurrents,
66200,Dotations,expense,expense,debit,0,,CLASSE 6 : CHARGES / Charges d'exploitation ou financières non récurrentes / Provisions pour risques et charges non récurrents / Provisions pour risques et charges d'exploitation non récurrents,Expense Account,,,CLASSE 6 : CHARGES / Charges d'exploitation ou financières non récurrentes / Provisions pour risques et charges non récurrents / Provisions pour risques et charges d'exploitation non récurrents / Dotations,
66201,Utilisations (-),expense,expense,debit,0,,CLASSE 6 : CHARGES / Charges d'exploitation ou financières non récurrentes / Provisions pour risques et charges non récurrents / Provisions pour risques et charges d'exploitation non récurrents,Expense Account,,,CLASSE 6 : CHARGES / Charges d'exploitation ou financières non récurrentes / Provisions pour risques et charges non récurrents / Provisions pour risques et charges d'exploitation non récurrents / Utilisations (-),
6621,Provisions pour risques et charges financiers non récurrents,expense,expense,debit,1,,CLASSE 6 : CHARGES / Charges d'exploitation ou financières non récurrentes / Provisions pour risques et charges non récurrents,Expense Account,,,CLASSE 6 : CHARGES / Charges d'exploitation ou financières non récurrentes / Provisions pour risques et charges non récurrents / Provisions pour risques et charges financiers non récurrents,
66210,Dotations,expense,expense,debit,0,,CLASSE 6 : CHARGES / Charges d'exploitation ou financières non récurrentes / Provisions pour risques et charges non récurrents / Provisions pour risques et charges financiers non récurrents,Expense Account,,,CLASSE 6 : CHARGES / Charges d'exploitation ou financières non récurrentes / Provisions pour risques et charges non récurrents / Provisions pour risques et charges financiers non récurrents / Dotations,
66211,Utilisations (-),expense,expense,debit,0,,CLASSE 6 : CHARGES / Charges d'exploitation ou financières non récurrentes / Provisions pour risques et charges non récurrents / Provisions pour risques et charges financiers non récurrents,Expense Account,,,CLASSE 6 : CHARGES / Charges d'exploitation ou financières non récurrentes / Provisions pour risques et charges non récurrents / Provisions pour risques et charges financiers non récurrents / Utilisations (-),
663,Moins-values sur réalisation d'actifs immobilisés,expense,expense,debit,1,,CLASSE 6 : CHARGES / Charges d'exploitation ou financières non récurrentes,Expense Account,,,CLASSE 6 : CHARGES / Charges d'exploitation ou financières non récurrentes / Moins-values sur réalisation d'actifs immobilisés,
6630,Moins-values sur réalisation d'immobilisations incorporelles et corporelles,expense,expense,debit,0,,CLASSE 6 : CHARGES / Charges d'exploitation ou financières non récurrentes / Moins-values sur réalisation d'actifs immobilisés,Expense Account,,,CLASSE 6 : CHARGES / Charges d'exploitation ou financières non récurrentes / Moins-values sur réalisation d'actifs immobilisés / Moins-values sur réalisation d'immobilisations incorporelles et corporelles,
6631,Moins-values sur réalisation d'immobilisations financières,expense,expense,debit,0,,CLASSE 6 : CHARGES / Charges d'exploitation ou financières non récurrentes / Moins-values sur réalisation d'actifs immobilisés,Expense Account,,,CLASSE 6 : CHARGES / Charges d'exploitation ou financières non récurrentes / Moins-values sur réalisation d'actifs immobilisés / Moins-values sur réalisation d'immobilisations financières,
664,Autres charges d'exploitation non récurrentes (664 à 667),expense,expense,debit,0,,CLASSE 6 : CHARGES / Charges d'exploitation ou financières non récurrentes,Expense Account,,,CLASSE 6 : CHARGES / Charges d'exploitation ou financières non récurrentes / Autres charges d'exploitation non récurrentes (664 à 667),
668,Autres charges financières non récurrentes,expense,expense,debit,0,,CLASSE 6 : CHARGES / Charges d'exploitation ou financières non récurrentes,Expense Account,,,CLASSE 6 : CHARGES / Charges d'exploitation ou financières non récurrentes / Autres charges financières non récurrentes,
6690,Charges d'exploitation portées à l'actif au titre de frais de restructuration (-),expense,expense,debit,0,,CLASSE 6 : CHARGES / Charges d'exploitation ou financières non récurrentes,Expense Account,,,CLASSE 6 : CHARGES / Charges d'exploitation ou financières non récurrentes / Charges d'exploitation portées à l'actif au titre de frais de restructuration (-),
6691,Charges financières non récurrentes portées à l'actif au titre de frais de restructuration (-),expense,expense,debit,0,,CLASSE 6 : CHARGES / Charges d'exploitation ou financières non récurrentes,Expense Account,,,CLASSE 6 : CHARGES / Charges d'exploitation ou financières non récurrentes / Charges financières non récurrentes portées à l'actif au titre de frais de restructuration (-),
67,Impôts,expense,expense,debit,1,,CLASSE 6 : CHARGES,Expense Account,,,CLASSE 6 : CHARGES / Impôts,
670,Impôts belges sur le résultat de l'exercice,expense,expense,debit,1,,CLASSE 6 : CHARGES / Impôts,Expense Account,,,CLASSE 6 : CHARGES / Impôts / Impôts belges sur le résultat de l'exercice,
6700,Impôts et précomptes dus ou versés,expense,expense,debit,0,,CLASSE 6 : CHARGES / Impôts / Impôts belges sur le résultat de l'exercice,Expense Account,,,CLASSE 6 : CHARGES / Impôts / Impôts belges sur le résultat de l'exercice / Impôts et précomptes dus ou versés,
6701,Excédent de versements d'impôts et de précomptes porté à l'actif (-),expense,expense,debit,0,,CLASSE 6 : CHARGES / Impôts / Impôts belges sur le résultat de l'exercice,Expense Account,,,CLASSE 6 : CHARGES / Impôts / Impôts belges sur le résultat de l'exercice / Excédent de versements d'impôts et de précomptes porté à l'actif (-),
6702,Charges fiscales estimées,expense,expense,debit,0,,CLASSE 6 : CHARGES / Impôts / Impôts belges sur le résultat de l'exercice,Expense Account,,,CLASSE 6 : CHARGES / Impôts / Impôts belges sur le résultat de l'exercice / Charges fiscales estimées,
673,Impôts belges sur le résultat d'exercices antérieurs,expense,expense,debit,0,,CLASSE 6 : CHARGES / Impôts,Expense Account,,,CLASSE 6 : CHARGES / Impôts / Impôts belges sur le résultat d'exercices antérieurs,
6710,Suppléments d'impôts dus ou versés,expense,expense,debit,0,,CLASSE 6 : CHARGES / Impôts,Expense Account,,,CLASSE 6 : CHARGES / Impôts / Suppléments d'impôts dus ou versés,
6711,Suppléments d'impôts estimés,expense,expense,debit,0,,CLASSE 6 : CHARGES / Impôts,Expense Account,,,CLASSE 6 : CHARGES / Impôts / Suppléments d'impôts estimés,
6712,Provisions fiscales constituées,expense,expense,debit,0,,CLASSE 6 : CHARGES / Impôts,Expense Account,,,CLASSE 6 : CHARGES / Impôts / Provisions fiscales constituées,
68,Transferts aux impôts différés et aux réserves immunisées,expense,expense,debit,1,,CLASSE 6 : CHARGES,Expense Account,,,CLASSE 6 : CHARGES / Transferts aux impôts différés et aux réserves immunisées,
680,Transferts aux impôts différés,expense,expense,debit,0,,CLASSE 6 : CHARGES / Transferts aux impôts différés et aux réserves immunisées,Expense Account,,,CLASSE 6 : CHARGES / Transferts aux impôts différés et aux réserves immunisées / Transferts aux impôts différés,
689,Transferts aux réserves immunisées,expense,expense,debit,0,,CLASSE 6 : CHARGES / Transferts aux impôts différés et aux réserves immunisées,Expense Account,,,CLASSE 6 : CHARGES / Transferts aux impôts différés et aux réserves immunisées / Transferts aux réserves immunisées,
69,Affectations et prélèvements,expense,expense,debit,1,,CLASSE 6 : CHARGES,Expense Account,,,CLASSE 6 : CHARGES / Affectations et prélèvements,
690,Résultat négatif de l'exercice antérieur reporté,expense,expense,debit,0,,CLASSE 6 : CHARGES / Affectations et prélèvements,Expense Account,,,CLASSE 6 : CHARGES / Affectations et prélèvements / Résultat négatif de l'exercice antérieur reporté,
691,Transfert aux fonds affectés et autres réserves,expense,expense,debit,0,,CLASSE 6 : CHARGES / Affectations et prélèvements,Expense Account,,,CLASSE 6 : CHARGES / Affectations et prélèvements / Transfert aux fonds affectés et autres réserves,
692,Résultat positif à reporter,expense,expense,debit,0,,CLASSE 6 : CHARGES / Affectations et prélèvements,Expense Account,,,CLASSE 6 : CHARGES / Affectations et prélèvements / Résultat positif à reporter,
,CLASSE 7 : PRODUITS,income,group,credit,1,,,,,,CLASSE 7 : PRODUITS,
70,Chiffre d'affaires,income,income,credit,1,,CLASSE 7 : PRODUITS,Income Account,,,CLASSE 7 : PRODUITS / Chiffre d'affaires,
708,"Remises, ristournes et rabais accordés (-)",income,income,credit,0,,CLASSE 7 : PRODUITS / Chiffre d'affaires,Income Account,,,"CLASSE 7 : PRODUITS / Chiffre d'affaires / Remises, ristournes et rabais accordés (-)",
71,Variation des stocks et des commandes en cours d'exécution,income,income,credit,1,,CLASSE 7 : PRODUITS,Income Account,,,CLASSE 7 : PRODUITS / Variation des stocks et des commandes en cours d'exécution,
712,Des en-cours de fabrication,income,income,credit,0,,CLASSE 7 : PRODUITS / Variation des stocks et des commandes en cours d'exécution,Income Account,,,CLASSE 7 : PRODUITS / Variation des stocks et des commandes en cours d'exécution / Des en-cours de fabrication,
713,Des produits finis,income,income,credit,0,,CLASSE 7 : PRODUITS / Variation des stocks et des commandes en cours d'exécution,Income Account,,,CLASSE 7 : PRODUITS / Variation des stocks et des commandes en cours d'exécution / Des produits finis,
715,Des immeubles construits destinés à la vente,income,income,credit,0,,CLASSE 7 : PRODUITS / Variation des stocks et des commandes en cours d'exécution,Income Account,,,CLASSE 7 : PRODUITS / Variation des stocks et des commandes en cours d'exécution / Des immeubles construits destinés à la vente,
717,Des commandes en cours d'exécution,income,income,credit,1,,CLASSE 7 : PRODUITS / Variation des stocks et des commandes en cours d'exécution,Income Account,,,CLASSE 7 : PRODUITS / Variation des stocks et des commandes en cours d'exécution / Des commandes en cours d'exécution,
7170,Valeur d'acquisition,income,income,credit,0,,CLASSE 7 : PRODUITS / Variation des stocks et des commandes en cours d'exécution / Des commandes en cours d'exécution,Income Account,,,CLASSE 7 : PRODUITS / Variation des stocks et des commandes en cours d'exécution / Des commandes en cours d'exécution / Valeur d'acquisition,
7171,Bénéfice pris en compte,income,income,credit,0,,CLASSE 7 : PRODUITS / Variation des stocks et des commandes en cours d'exécution / Des commandes en cours d'exécution,Income Account,,,CLASSE 7 : PRODUITS / Variation des stocks et des commandes en cours d'exécution / Des commandes en cours d'exécution / Bénéfice pris en compte,
72,Production immobilisée,income,income,credit,0,,CLASSE 7 : PRODUITS,Income Account,,,CLASSE 7 : PRODUITS / Production immobilisée,
73,"Cotisations, dons, legs et subsides",income,income,credit,1,,CLASSE 7 : PRODUITS,Income Account,,,"CLASSE 7 : PRODUITS / Cotisations, dons, legs et subsides",
730,Cotisations,income,income,credit,0,,"CLASSE 7 : PRODUITS / Cotisations, dons, legs et subsides",Income Account,,,"CLASSE 7 : PRODUITS / Cotisations, dons, legs et subsides / Cotisations",
731,Dons,income,income,credit,0,,"CLASSE 7 : PRODUITS / Cotisations, dons, legs et subsides",Income Account,,,"CLASSE 7 : PRODUITS / Cotisations, dons, legs et subsides / Dons",
732,Legs,income,income,credit,0,,"CLASSE 7 : PRODUITS / Cotisations, dons, legs et subsides",Income Account,,,"CLASSE 7 : PRODUITS / Cotisations, dons, legs et subsides / Legs",
733,Subsides,income,income,credit,0,,"CLASSE 7 : PRODUITS / Cotisations, dons, legs et subsides",Income Account,,,"CLASSE 7 : PRODUITS / Cotisations, dons, legs et subsides / Subsides",
74,Autres produits d'exploitation,income,income,credit,1,,CLASSE 7 : PRODUITS,Income Account,,,CLASSE 7 : PRODUITS / Autres produits d'exploitation,
741,Plus-values sur réalisations courantes d'immobilisations corporelles,income,income,credit,0,,CLASSE 7 : PRODUITS / Autres produits d'exploitation,Income Account,,,CLASSE 7 : PRODUITS / Autres produits d'exploitation / Plus-values sur réalisations courantes d'immobilisations corporelles,
742,Plus-values sur réalisation de créances commerciales,income,income,credit,0,,CLASSE 7 : PRODUITS / Autres produits d'exploitation,Income Account,,,CLASSE 7 : PRODUITS / Autres produits d'exploitation / Plus-values sur réalisation de créances commerciales,
743,Produits d'exploitation divers (743 à 749),income,income,credit,0,,CLASSE 7 : PRODUITS / Autres produits d'exploitation,Income Account,,,CLASSE 7 : PRODUITS / Autres produits d'exploitation / Produits d'exploitation divers (743 à 749),
75,Produits financiers,income,income,credit,1,,CLASSE 7 : PRODUITS,Income Account,,,CLASSE 7 : PRODUITS / Produits financiers,
750,Produits des immobilisations financières,income,income,credit,0,,CLASSE 7 : PRODUITS / Produits financiers,Income Account,,,CLASSE 7 : PRODUITS / Produits financiers / Produits des immobilisations financières,
751,Produits des actifs circulants,income,income,credit,0,,CLASSE 7 : PRODUITS / Produits financiers,Income Account,,,CLASSE 7 : PRODUITS / Produits financiers / Produits des actifs circulants,
752,Plus-values sur la réalisation d'actifs circulants,income,income,credit,0,,CLASSE 7 : PRODUITS / Produits financiers,Income Account,,,CLASSE 7 : PRODUITS / Produits financiers / Plus-values sur la réalisation d'actifs circulants,
754,Différences de change,income,income,credit,0,,CLASSE 7 : PRODUITS / Produits financiers,Income Account,,,CLASSE 7 : PRODUITS / Produits financiers / Différences de change,
755,Écarts de conversion des devises,income,income,credit,0,,CLASSE 7 : PRODUITS / Produits financiers,Income Account,,,CLASSE 7 : PRODUITS / Produits financiers / Écarts de conversion des devises,
756,Produits financiers divers (756 à 759),income,income,credit,0,,CLASSE 7 : PRODUITS / Produits financiers,Income Account,,,CLASSE 7 : PRODUITS / Produits financiers / Produits financiers divers (756 à 759),
76,Produits d'exploitation ou financiers non récurrents,income,income,credit,1,,CLASSE 7 : PRODUITS,Income Account,,,CLASSE 7 : PRODUITS / Produits d'exploitation ou financiers non récurrents,
760,Reprise d'amortissements et réductions de valeur,income,income,credit,1,,CLASSE 7 : PRODUITS / Produits d'exploitation ou financiers non récurrents,Income Account,,,CLASSE 7 : PRODUITS / Produits d'exploitation ou financiers non récurrents / Reprise d'amortissements et réductions de valeur,
7600,sur immobilisations incorporelles,income,income,credit,0,,CLASSE 7 : PRODUITS / Produits d'exploitation ou financiers non récurrents / Reprise d'amortissements et réductions de valeur,Income Account,,,CLASSE 7 : PRODUITS / Produits d'exploitation ou financiers non récurrents / Reprise d'amortissements et réductions de valeur / sur immobilisations incorporelles,
7601,sur immobilisations corporelles,income,income,credit,0,,CLASSE 7 : PRODUITS / Produits d'exploitation ou financiers non récurrents / Reprise d'amortissements et réductions de valeur,Income Account,,,CLASSE 7 : PRODUITS / Produits d'exploitation ou financiers non récurrents / Reprise d'amortissements et réductions de valeur / sur immobilisations corporelles,
761,Reprises de réductions de valeur sur immobilisations financières,income,income,credit,0,,CLASSE 7 : PRODUITS / Produits d'exploitation ou financiers non récurrents,Income Account,,,CLASSE 7 : PRODUITS / Produits d'exploitation ou financiers non récurrents / Reprises de réductions de valeur sur immobilisations financières,
762,Reprises de provisions pour risques et charges non récurrents,income,income,credit,1,,CLASSE 7 : PRODUITS / Produits d'exploitation ou financiers non récurrents,Income Account,,,CLASSE 7 : PRODUITS / Produits d'exploitation ou financiers non récurrents / Reprises de provisions pour risques et charges non récurrents,
7620,Reprises de provisions pour risques et charges d'exploitation non récurrents,income,income,credit,0,,CLASSE 7 : PRODUITS / Produits d'exploitation ou financiers non récurrents / Reprises de provisions pour risques et charges non récurrents,Income Account,,,CLASSE 7 : PRODUITS / Produits d'exploitation ou financiers non récurrents / Reprises de provisions pour risques et charges non récurrents / Reprises de provisions pour risques et charges d'exploitation non récurrents,
7621,Reprises de provisions pour risques et charges financiers non récurrents,income,income,credit,0,,CLASSE 7 : PRODUITS / Produits d'exploitation ou financiers non récurrents / Reprises de provisions pour risques et charges non récurrents,Income Account,,,CLASSE 7 : PRODUITS / Produits d'exploitation ou financiers non récurrents / Reprises de provisions pour risques et charges non récurrents / Reprises de provisions pour risques et charges financiers non récurrents,
763,Plus-values sur réalisation d'actifs immobilisés,income,income,credit,1,,CLASSE 7 : PRODUITS / Produits d'exploitation ou financiers non récurrents,Income Account,,,CLASSE 7 : PRODUITS / Produits d'exploitation ou financiers non récurrents / Plus-values sur réalisation d'actifs immobilisés,
7630,Plus-values sur réalisation d'immobilisations incorporelles et corporelles,income,income,credit,0,,CLASSE 7 : PRODUITS / Produits d'exploitation ou financiers non récurrents / Plus-values sur réalisation d'actifs immobilisés,Income Account,,,CLASSE 7 : PRODUITS / Produits d'exploitation ou financiers non récurrents / Plus-values sur réalisation d'actifs immobilisés / Plus-values sur réalisation d'immobilisations incorporelles et corporelles,
7631,Plus-values sur réalisation d'immobilisations financières,income,income,credit,0,,CLASSE 7 : PRODUITS / Produits d'exploitation ou financiers non récurrents / Plus-values sur réalisation d'actifs immobilisés,Income Account,,,CLASSE 7 : PRODUITS / Produits d'exploitation ou financiers non récurrents / Plus-values sur réalisation d'actifs immobilisés / Plus-values sur réalisation d'immobilisations financières,
764,Autres produits d'exploitation non récurrents (764 à 768),income,income,credit,0,,CLASSE 7 : PRODUITS / Produits d'exploitation ou financiers non récurrents,Income Account,,,CLASSE 7 : PRODUITS / Produits d'exploitation ou financiers non récurrents / Autres produits d'exploitation non récurrents (764 à 768),
769,Autres produits financiers non récurrents,income,income,credit,0,,CLASSE 7 : PRODUITS / Produits d'exploitation ou financiers non récurrents,Income Account,,,CLASSE 7 : PRODUITS / Produits d'exploitation ou financiers non récurrents / Autres produits financiers non récurrents,
77,Régularisation d'impôts,income,income,credit,0,,CLASSE 7 : PRODUITS,Income Account,,,CLASSE 7 : PRODUITS / Régularisation d'impôts,
78,Prélèvements sur les réserves immunisées et les impôts différés,income,income,credit,1,,CLASSE 7 : PRODUITS,Income Account,,,CLASSE 7 : PRODUITS / Prélèvements sur les réserves immunisées et les impôts différés,
780,Prélèvements sur les impôts différés,income,income,credit,0,,CLASSE 7 : PRODUITS / Prélèvements sur les réserves immunisées et les impôts différés,Income Account,,,CLASSE 7 : PRODUITS / Prélèvements sur les réserves immunisées et les impôts différés / Prélèvements sur les impôts différés,
789,Prélèvement sur les réserves immunisées,income,income,credit,0,,CLASSE 7 : PRODUITS / Prélèvements sur les réserves immunisées et les impôts différés,Income Account,,,CLASSE 7 : PRODUITS / Prélèvements sur les réserves immunisées et les impôts différés / Prélèvement sur les réserves immunisées,
79,Affectations et prélèvements,income,income,credit,1,,CLASSE 7 : PRODUITS,Income Account,,,CLASSE 7 : PRODUITS / Affectations et prélèvements,
790,Résultat positif de l'exercice antérieur reporté,income,income,credit,0,,CLASSE 7 : PRODUITS / Affectations et prélèvements,Income Account,,,CLASSE 7 : PRODUITS / Affectations et prélèvements / Résultat positif de l'exercice antérieur reporté,
791,Autres réserves,income,income,credit,0,,CLASSE 7 : PRODUITS / Affectations et prélèvements,Income Account,,,CLASSE 7 : PRODUITS / Affectations et prélèvements / Autres réserves,
792,Résultat négatif à reporter,income,income,credit,0,,CLASSE 7 : PRODUITS / Affectations et prélèvements,Income Account,,,CLASSE 7 : PRODUITS / Affectations et prélèvements / Résultat négatif à reporter,
