code,name,root_type,subtype,normal_balance,is_group,role_hint,parent_path,source_type,reconcile,description,source_id,flags
1,Comptes de Capitaux,equity,group,credit,1,,,,,,Comptes de Capitaux,
10,Fonds propres et réserves,equity,group,credit,1,,Comptes de Capitaux,,,,Comptes de Capitaux / Fonds propres et réserves,
101,Capital,equity,group,credit,1,,Comptes de Capitaux / Fonds propres et réserves,,,,Comptes de Capitaux / Fonds propres et réserves / Capital,
1011,Capital souscrit - non appelé,equity,unspecified,credit,0,,Comptes de Capitaux / Fonds propres et réserves / Capital,,,,Comptes de Capitaux / Fonds propres et réserves / Capital / Capital souscrit - non appelé,
1012,"Capital souscrit - appelé, non versé",equity,unspecified,credit,0,,Comptes de Capitaux / Fonds propres et réserves / Capital,,,,"Comptes de Capitaux / Fonds propres et réserves / Capital / Capital souscrit - appelé, non versé",
1013,"Capital souscrit - appelé, versé",equity,group,credit,1,,Comptes de Capitaux / Fonds propres et réserves / Capital,,,,"Comptes de Capitaux / Fonds propres et réserves / Capital / Capital souscrit - appelé, versé",
10131,Capital non amorti,equity,unspecified,credit,0,,"Comptes de Capitaux / Fonds propres et réserves / Capital / Capital souscrit - appelé, versé",,,,"Comptes de Capitaux / Fonds propres et réserves / Capital / Capital souscrit - appelé, versé / Capital non amorti",
10132,Capital amorti,equity,unspecified,credit,0,,"Comptes de Capitaux / Fonds propres et réserves / Capital / Capital souscrit - appelé, versé",,,,"Comptes de Capitaux / Fonds propres et réserves / Capital / Capital souscrit - appelé, versé / Capital amorti",
1018,Capital souscrit soumis à des réglementations particulières,equity,unspecified,credit,0,,Comptes de Capitaux / Fonds propres et réserves / Capital,,,,Comptes de Capitaux / Fonds propres et réserves / Capital / Capital souscrit soumis à des réglementations particulières,
102,Fonds propres sans droit de reprise,equity,group,credit,1,,Comptes de Capitaux / Fonds propres et réserves,,,,Comptes de Capitaux / Fonds propres et réserves / Fonds propres sans droit de reprise,
1021,Première situation nette établie,equity,unspecified,credit,0,,Comptes de Capitaux / Fonds propres et réserves / Fonds propres sans droit de reprise,,,,Comptes de Capitaux / Fonds propres et réserves / Fonds propres sans droit de reprise / Première situation nette établie,
1022,Fonds statutaires (à subdiviser en fonction des statuts),equity,unspecified,credit,0,,Comptes de Capitaux / Fonds propres et réserves / Fonds propres sans droit de reprise,,,,Comptes de Capitaux / Fonds propres et réserves / Fonds propres sans droit de reprise / Fonds statutaires (à subdiviser en fonction des statuts),
1023,Dotations non consomptibles,equity,group,credit,1,,Comptes de Capitaux / Fonds propres et réserves / Fonds propres sans droit de reprise,,,,Comptes de Capitaux / Fonds propres et réserves / Fonds propres sans droit de reprise / Dotations non consomptibles,
10231,Dotations non consomptibles initiales,equity,unspecified,credit,0,,Comptes de Capitaux / Fonds propres et réserves / Fonds propres sans droit de reprise / Dotations non consomptibles,,,,Comptes de Capitaux / Fonds propres et réserves / Fonds propres sans droit de reprise / Dotations non consomptibles / Dotations non consomptibles initiales,
10232,Dotations non consomptibles complémentaires,equity,unspecified,credit,0,,Comptes de Capitaux / Fonds propres et réserves / Fonds propres sans droit de reprise / Dotations non consomptibles,,,,Comptes de Capitaux / Fonds propres et réserves / Fonds propres sans droit de reprise / Dotations non consomptibles / Dotations non consomptibles complémentaires,
1024,Autres fonds propres sans droit de reprise,equity,unspecified,credit,0,,Comptes de Capitaux / Fonds propres et réserves / Fonds propres sans droit de reprise,,,,Comptes de Capitaux / Fonds propres et réserves / Fonds propres sans droit de reprise / Autres fonds propres sans droit de reprise,
104,Primes liées au capital social,equity,group,credit,1,,Comptes de Capitaux / Fonds propres et réserves,,,,Comptes de Capitaux / Fonds propres et réserves / Primes liées au capital social,
1041,Primes d'émission,equity,unspecified,credit,0,,Comptes de Capitaux / Fonds propres et réserves / Primes liées au capital social,,,,Comptes de Capitaux / Fonds propres et réserves / Primes liées au capital social / Primes d'émission,
1042,Primes de fusion,equity,unspecified,credit,0,,Comptes de Capitaux / Fonds propres et réserves / Primes liées au capital social,,,,Comptes de Capitaux / Fonds propres et réserves / Primes liées au capital social / Primes de fusion,
1043,Primes d'apport,equity,unspecified,credit,0,,Comptes de Capitaux / Fonds propres et réserves / Primes liées au capital social,,,,Comptes de Capitaux / Fonds propres et réserves / Primes liées au capital social / Primes d'apport,
1044,Primes de conversion d'obligations en actions,equity,unspecified,credit,0,,Comptes de Capitaux / Fonds propres et réserves / Primes liées au capital social,,,,Comptes de Capitaux / Fonds propres et réserves / Primes liées au capital social / Primes de conversion d'obligations en actions,
1045,Bons de souscription d'actions,equity,unspecified,credit,0,,Comptes de Capitaux / Fonds propres et réserves / Primes liées au capital social,,,,Comptes de Capitaux / Fonds propres et réserves / Primes liées au capital social / Bons de souscription d'actions,
105,Ecarts de réévaluation,equity,group,credit,1,,Comptes de Capitaux / Fonds propres et réserves,,,,Comptes de Capitaux / Fonds propres et réserves / Ecarts de réévaluation,
1051,Ecarts de réévaluation sur des biens sans droit de reprise,equity,unspecified,credit,0,,Comptes de Capitaux / Fonds propres et réserves / Ecarts de réévaluation,,,,Comptes de Capitaux / Fonds propres et réserves / Ecarts de réévaluation / Ecarts de réévaluation sur des biens sans droit de reprise,
1052,Ecarts de réévaluation sur des biens avec droit de reprise,equity,unspecified,credit,0,,Comptes de Capitaux / Fonds propres et réserves / Ecarts de réévaluation,,,,Comptes de Capitaux / Fonds propres et réserves / Ecarts de réévaluation / Ecarts de réévaluation sur des biens avec droit de reprise,
1053,Réserve de réévaluation,equity,unspecified,credit,0,,Comptes de Capitaux / Fonds propres et réserves / Ecarts de réévaluation,,,,Comptes de Capitaux / Fonds propres et réserves / Ecarts de réévaluation / Réserve de réévaluation,
1055,Ecarts de réévaluation (autres opérations légales),equity,unspecified,credit,0,,Comptes de Capitaux / Fonds propres et réserves / Ecarts de réévaluation,,,,Comptes de Capitaux / Fonds propres et réserves / Ecarts de réévaluation / Ecarts de réévaluation (autres opérations légales),
1057,Autres écarts de réévaluation en France,equity,unspecified,credit,0,,Comptes de Capitaux / Fonds propres et réserves / Ecarts de réévaluation,,,,Comptes de Capitaux / Fonds propres et réserves / Ecarts de réévaluation / Autres écarts de réévaluation en France,
1058,Autres écarts de réévaluation à l'étranger,equity,unspecified,credit,0,,Comptes de Capitaux / Fonds propres et réserves / Ecarts de réévaluation,,,,Comptes de Capitaux / Fonds propres et réserves / Ecarts de réévaluation / Autres écarts de réévaluation à l'étranger,
106,Réserves,equity,group,credit,1,,Comptes de Capitaux / Fonds propres et réserves,,,,Comptes de Capitaux / Fonds propres et réserves / Réserves,
1061,Réserve légale,equity,group,credit,1,,Comptes de Capitaux / Fonds propres et réserves / Réserves,,,,Comptes de Capitaux / Fonds propres et réserves / Réserves / Réserve légale,
10611,Réserve légale proprement dite,equity,unspecified,credit,0,,Comptes de Capitaux / Fonds propres et réserves / Réserves / Réserve légale,,,,Comptes de Capitaux / Fonds propres et réserves / Réserves / Réserve légale / Réserve légale proprement dite,
10612,Plus-values nettes à long terme,equity,unspecified,credit,0,,Comptes de Capitaux / Fonds propres et réserves / Réserves / Réserve légale,,,,Comptes de Capitaux / Fonds propres et réserves / Réserves / Réserve légale / Plus-values nettes à long terme,
1062,Réserves indisponibles,equity,unspecified,credit,0,,Comptes de Capitaux / Fonds propres et réserves / Réserves,,,,Comptes de Capitaux / Fonds propres et réserves / Réserves / Réserves indisponibles,
1063,Réserves statutaires ou contractuelles,equity,unspecified,credit,0,,Comptes de Capitaux / Fonds propres et réserves / Réserves,,,,Comptes de Capitaux / Fonds propres et réserves / Réserves / Réserves statutaires ou contractuelles,
1064,Réserves réglementées,equity,group,credit,1,,Comptes de Capitaux / Fonds propres et réserves / Réserves,,,,Comptes de Capitaux / Fonds propres et réserves / Réserves / Réserves réglementées,
10641,Plus-values nettes à long terme,equity,unspecified,credit,0,,Comptes de Capitaux / Fonds propres et réserves / Réserves / Réserves réglementées,,,,Comptes de Capitaux / Fonds propres et réserves / Réserves / Réserves réglementées / Plus-values nettes à long terme,
10643,Réserves consécutives à l'octroi de subventions d'investissement,equity,unspecified,credit,0,,Comptes de Capitaux / Fonds propres et réserves / Réserves / Réserves réglementées,,,,Comptes de Capitaux / Fonds propres et réserves / Réserves / Réserves réglementées / Réserves consécutives à l'octroi de subventions d'investissement,
10648,Autres réserves réglementées,equity,unspecified,credit,0,,Comptes de Capitaux / Fonds propres et réserves / Réserves / Réserves réglementées,,,,Comptes de Capitaux / Fonds propres et réserves / Réserves / Réserves réglementées / Autres réserves réglementées,
1068,Réserves pour projet de l’entité,equity,group,credit,1,,Comptes de Capitaux / Fonds propres et réserves / Réserves,,,,Comptes de Capitaux / Fonds propres et réserves / Réserves / Réserves pour projet de l’entité,
10681,Réserve de propre assureur,equity,unspecified,credit,0,,Comptes de Capitaux / Fonds propres et réserves / Réserves / Réserves pour projet de l’entité,,,,Comptes de Capitaux / Fonds propres et réserves / Réserves / Réserves pour projet de l’entité / Réserve de propre assureur,
10688,Réserves diverses,equity,unspecified,credit,0,,Comptes de Capitaux / Fonds propres et réserves / Réserves / Réserves pour projet de l’entité,,,,Comptes de Capitaux / Fonds propres et réserves / Réserves / Réserves pour projet de l’entité / Réserves diverses,
107,Ecarts d'équivalence,equity,unspecified,credit,0,,Comptes de Capitaux / Fonds propres et réserves,,,,Comptes de Capitaux / Fonds propres et réserves / Ecarts d'équivalence,
108,Dotations consomptibles,equity,group,credit,1,,Comptes de Capitaux / Fonds propres et réserves,,,,Comptes de Capitaux / Fonds propres et réserves / Dotations consomptibles,
1081,Dotations consomptibles,equity,unspecified,credit,0,,Comptes de Capitaux / Fonds propres et réserves / Dotations consomptibles,,,,Comptes de Capitaux / Fonds propres et réserves / Dotations consomptibles / Dotations consomptibles,
1089,Dotations consomptibles inscrites au compte de résultat,equity,unspecified,credit,0,,Comptes de Capitaux / Fonds propres et réserves / Dotations consomptibles,,,,Comptes de Capitaux / Fonds propres et réserves / Dotations consomptibles / Dotations consomptibles inscrites au compte de résultat,
109,Actionnaires: Capital souscrit - non appelé,equity,unspecified,credit,0,,Comptes de Capitaux / Fonds propres et réserves,,,,Comptes de Capitaux / Fonds propres et réserves / Actionnaires: Capital souscrit - non appelé,
103,Fonds propres avec droit de reprise,equity,group,credit,1,,Comptes de Capitaux / Fonds propres et réserves,,,,Comptes de Capitaux / Fonds propres et réserves / Fonds propres avec droit de reprise,
1032,Fonds statutaires (à subdiviser en fonction des statuts),equity,unspecified,credit,0,,Comptes de Capitaux / Fonds propres et réserves / Fonds propres avec droit de reprise,,,,Comptes de Capitaux / Fonds propres et réserves / Fonds propres avec droit de reprise / Fonds statutaires (à subdiviser en fonction des statuts),
1034,Autres fonds propres avec droit de reprise,equity,unspecified,credit,0,,Comptes de Capitaux / Fonds propres et réserves / Fonds propres avec droit de reprise,,,,Comptes de Capitaux / Fonds propres et réserves / Fonds propres avec droit de reprise / Autres fonds propres avec droit de reprise,
11,Report à Nouveau,equity,group,credit,1,,Comptes de Capitaux,,,,Comptes de Capitaux / Report à Nouveau,
110,Report à nouveau (solde créditeur),equity,unspecified,credit,0,,Comptes de Capitaux / Report à Nouveau,,,,Comptes de Capitaux / Report à Nouveau / Report à nouveau (solde créditeur),
119,Report à nouveau (solde débiteur),equity,unspecified,credit,0,,Comptes de Capitaux / Report à Nouveau,,,,Comptes de Capitaux / Report à Nouveau / Report à nouveau (solde débiteur),
12,Résultat de l'Exercice,equity,group,credit,1,,Comptes de Capitaux,,,,Comptes de Capitaux / Résultat de l'Exercice,
120,Résultat de l'exercice (bénéfice),equity,unspecified,credit,0,,Comptes de Capitaux / Résultat de l'Exercice,,,,Comptes de Capitaux / Résultat de l'Exercice / Résultat de l'exercice (bénéfice),
129,Résultat de l'exercice (perte),equity,unspecified,credit,0,,Comptes de Capitaux / Résultat de l'Exercice,,,,Comptes de Capitaux / Résultat de l'Exercice / Résultat de l'exercice (perte),
13,Subventions d'Investissement,equity,group,credit,1,,Comptes de Capitaux,,,,Comptes de Capitaux / Subventions d'Investissement,
131,Subventions d'équipement,equity,group,credit,1,,Comptes de Capitaux / Subventions d'Investissement,,,,Comptes de Capitaux / Subventions d'Investissement / Subventions d'équipement,
1311,Etat,equity,unspecified,credit,0,,Comptes de Capitaux / Subventions d'Investissement / Subventions d'équipement,,,,Comptes de Capitaux / Subventions d'Investissement / Subventions d'équipement / Etat,
1312,Régions,equity,unspecified,credit,0,,Comptes de Capitaux / Subventions d'Investissement / Subventions d'équipement,,,,Comptes de Capitaux / Subventions d'Investissement / Subventions d'équipement / Régions,
1313,Départements,equity,unspecified,credit,0,,Comptes de Capitaux / Subventions d'Investissement / Subventions d'équipement,,,,Comptes de Capitaux / Subventions d'Investissement / Subventions d'équipement / Départements,
1314,Communes,equity,unspecified,credit,0,,Comptes de Capitaux / Subventions d'Investissement / Subventions d'équipement,,,,Comptes de Capitaux / Subventions d'Investissement / Subventions d'équipement / Communes,
1315,Collectivités publiques,equity,unspecified,credit,0,,Comptes de Capitaux / Subventions d'Investissement / Subventions d'équipement,,,,Comptes de Capitaux / Subventions d'Investissement / Subventions d'équipement / Collectivités publiques,
1316,Entreprises publiques,equity,unspecified,credit,0,,Comptes de Capitaux / Subventions d'Investissement / Subventions d'équipement,,,,Comptes de Capitaux / Subventions d'Investissement / Subventions d'équipement / Entreprises publiques,
1317,Entreprises et organismes privés,equity,unspecified,credit,0,,Comptes de Capitaux / Subventions d'Investissement / Subventions d'équipement,,,,Comptes de Capitaux / Subventions d'Investissement / Subventions d'équipement / Entreprises et organismes privés,
1318,Autres,equity,unspecified,credit,0,,Comptes de Capitaux / Subventions d'Investissement / Subventions d'équipement,,,,Comptes de Capitaux / Subventions d'Investissement / Subventions d'équipement / Autres,
138,Autres subventions d'investissement (même ventilation que celle du compte 131),equity,unspecified,credit,0,,Comptes de Capitaux / Subventions d'Investissement,,,,Comptes de Capitaux / Subventions d'Investissement / Autres subventions d'investissement (même ventilation que celle du compte 131),
139,Subventions d'investissement inscrites au compte de résultat,equity,group,credit,1,,Comptes de Capitaux / Subventions d'Investissement,,,,Comptes de Capitaux / Subventions d'Investissement / Subventions d'investissement inscrites au compte de résultat,
1391,Subventions d'équipement,equity,group,credit,1,,Comptes de Capitaux / Subventions d'Investissement / Subventions d'investissement inscrites au compte de résultat,,,,Comptes de Capitaux / Subventions d'Investissement / Subventions d'investissement inscrites au compte de résultat / Subventions d'équipement,
13911,Etat,equity,unspecified,credit,0,,Comptes de Capitaux / Subventions d'Investissement / Subventions d'investissement inscrites au compte de résultat / Subventions d'équipement,,,,Comptes de Capitaux / Subventions d'Investissement / Subventions d'investissement inscrites au compte de résultat / Subventions d'équipement / Etat,
13912,Régions,equity,unspecified,credit,0,,Comptes de Capitaux / Subventions d'Investissement / Subventions d'investissement inscrites au compte de résultat / Subventions d'équipement,,,,Comptes de Capitaux / Subventions d'Investissement / Subventions d'investissement inscrites au compte de résultat / Subventions d'équipement / Régions,
13913,Départements,equity,unspecified,credit,0,,Comptes de Capitaux / Subventions d'Investissement / Subventions d'investissement inscrites au compte de résultat / Subventions d'équipement,,,,Comptes de Capitaux / Subventions d'Investissement / Subventions d'investissement inscrites au compte de résultat / Subventions d'équipement / Départements,
13914,Communes,equity,unspecified,credit,0,,Comptes de Capitaux / Subventions d'Investissement / Subventions d'investissement inscrites au compte de résultat / Subventions d'équipement,,,,Comptes de Capitaux / Subventions d'Investissement / Subventions d'investissement inscrites au compte de résultat / Subventions d'équipement / Communes,
13915,Collectivités publiques,equity,unspecified,credit,0,,Comptes de Capitaux / Subventions d'Investissement / Subventions d'investissement inscrites au compte de résultat / Subventions d'équipement,,,,Comptes de Capitaux / Subventions d'Investissement / Subventions d'investissement inscrites au compte de résultat / Subventions d'équipement / Collectivités publiques,
13916,Entreprises publiques,equity,unspecified,credit,0,,Comptes de Capitaux / Subventions d'Investissement / Subventions d'investissement inscrites au compte de résultat / Subventions d'équipement,,,,Comptes de Capitaux / Subventions d'Investissement / Subventions d'investissement inscrites au compte de résultat / Subventions d'équipement / Entreprises publiques,
13917,Entreprises et organismes privés,equity,unspecified,credit,0,,Comptes de Capitaux / Subventions d'Investissement / Subventions d'investissement inscrites au compte de résultat / Subventions d'équipement,,,,Comptes de Capitaux / Subventions d'Investissement / Subventions d'investissement inscrites au compte de résultat / Subventions d'équipement / Entreprises et organismes privés,
13918,Autres,equity,unspecified,credit,0,,Comptes de Capitaux / Subventions d'Investissement / Subventions d'investissement inscrites au compte de résultat / Subventions d'équipement,,,,Comptes de Capitaux / Subventions d'Investissement / Subventions d'investissement inscrites au compte de résultat / Subventions d'équipement / Autres,
1398,Autres subventions d'investissement (même ventilation que celle du compte 1391),equity,unspecified,credit,0,,Comptes de Capitaux / Subventions d'Investissement / Subventions d'investissement inscrites au compte de résultat,,,,Comptes de Capitaux / Subventions d'Investissement / Subventions d'investissement inscrites au compte de résultat / Autres subventions d'investissement (même ventilation que celle du compte 1391),
14,Provisions Réglementées,equity,group,credit,1,,Comptes de Capitaux,,,,Comptes de Capitaux / Provisions Réglementées,
142,Provisions réglementées relative aux immobilisations,equity,group,credit,1,,Comptes de Capitaux / Provisions Réglementées,,,,Comptes de Capitaux / Provisions Réglementées / Provisions réglementées relative aux immobilisations,
1423,Provisions pour reconstitution des gisements miniers et pétroliers,equity,unspecified,credit,0,,Comptes de Capitaux / Provisions Réglementées / Provisions réglementées relative aux immobilisations,,,,Comptes de Capitaux / Provisions Réglementées / Provisions réglementées relative aux immobilisations / Provisions pour reconstitution des gisements miniers et pétroliers,
1424,Provisions pour investissement (participation des salariés),equity,unspecified,credit,0,,Comptes de Capitaux / Provisions Réglementées / Provisions réglementées relative aux immobilisations,,,,Comptes de Capitaux / Provisions Réglementées / Provisions réglementées relative aux immobilisations / Provisions pour investissement (participation des salariés),
143,Provisions réglementées relatives aux stocks,equity,group,credit,1,,Comptes de Capitaux / Provisions Réglementées,,,,Comptes de Capitaux / Provisions Réglementées / Provisions réglementées relatives aux stocks,
1431,Hausse des prix,equity,unspecified,credit,0,,Comptes de Capitaux / Provisions Réglementées / Provisions réglementées relatives aux stocks,,,,Comptes de Capitaux / Provisions Réglementées / Provisions réglementées relatives aux stocks / Hausse des prix,
1432,Fluctuation des cours,equity,unspecified,credit,0,,Comptes de Capitaux / Provisions Réglementées / Provisions réglementées relatives aux stocks,,,,Comptes de Capitaux / Provisions Réglementées / Provisions réglementées relatives aux stocks / Fluctuation des cours,
144,Provisions réglementées relatives aux autres éléments de l'actif,equity,unspecified,credit,0,,Comptes de Capitaux / Provisions Réglementées,,,,Comptes de Capitaux / Provisions Réglementées / Provisions réglementées relatives aux autres éléments de l'actif,
145,Amortissements dérogatoires,equity,unspecified,credit,0,,Comptes de Capitaux / Provisions Réglementées,,,,Comptes de Capitaux / Provisions Réglementées / Amortissements dérogatoires,
146,Provision spéciale de réévaluation,equity,unspecified,credit,0,,Comptes de Capitaux / Provisions Réglementées,,,,Comptes de Capitaux / Provisions Réglementées / Provision spéciale de réévaluation,
147,Plus-values réinvesties,equity,unspecified,credit,0,,Comptes de Capitaux / Provisions Réglementées,,,,Comptes de Capitaux / Provisions Réglementées / Plus-values réinvesties,
148,Autres provisions réglementées,equity,unspecified,credit,0,,Comptes de Capitaux / Provisions Réglementées,,,,Comptes de Capitaux / Provisions Réglementées / Autres provisions réglementées,
15,Provisions,equity,group,credit,1,,Comptes de Capitaux,,,,Comptes de Capitaux / Provisions,
151,Provisions pour risques,equity,group,credit,1,,Comptes de Capitaux / Provisions,,,,Comptes de Capitaux / Provisions / Provisions pour risques,
1511,Provisions pour litiges,equity,unspecified,credit,0,,Comptes de Capitaux / Provisions / Provisions pour risques,,,,Comptes de Capitaux / Provisions / Provisions pour risques / Provisions pour litiges,
1512,Provisions pour garanties données aux clients,equity,unspecified,credit,0,,Comptes de Capitaux / Provisions / Provisions pour risques,,,,Comptes de Capitaux / Provisions / Provisions pour risques / Provisions pour garanties données aux clients,
1513,Provisions pour pertes sur marchés à terme,equity,unspecified,credit,0,,Comptes de Capitaux / Provisions / Provisions pour risques,,,,Comptes de Capitaux / Provisions / Provisions pour risques / Provisions pour pertes sur marchés à terme,
1514,Provisions pour amendes et pénalités,equity,unspecified,credit,0,,Comptes de Capitaux / Provisions / Provisions pour risques,,,,Comptes de Capitaux / Provisions / Provisions pour risques / Provisions pour amendes et pénalités,
1515,Provisions pour pertes de change,equity,unspecified,credit,0,,Comptes de Capitaux / Provisions / Provisions pour risques,,,,Comptes de Capitaux / Provisions / Provisions pour risques / Provisions pour pertes de change,
1516,Provisions pour pertes sur contrats,equity,unspecified,credit,0,,Comptes de Capitaux / Provisions / Provisions pour risques,,,,Comptes de Capitaux / Provisions / Provisions pour risques / Provisions pour pertes sur contrats,
1518,Autres provisions pour risques,equity,unspecified,credit,0,,Comptes de Capitaux / Provisions / Provisions pour risques,,,,Comptes de Capitaux / Provisions / Provisions pour risques / Autres provisions pour risques,
153,Provisions pour pensions et obligations similaires,equity,unspecified,credit,0,,Comptes de Capitaux / Provisions,,,,Comptes de Capitaux / Provisions / Provisions pour pensions et obligations similaires,
154,Provisions pour restructurations,equity,unspecified,credit,0,,Comptes de Capitaux / Provisions,,,,Comptes de Capitaux / Provisions / Provisions pour restructurations,
155,Provisions pour impôts,equity,unspecified,credit,0,,Comptes de Capitaux / Provisions,,,,Comptes de Capitaux / Provisions / Provisions pour impôts,
156,Provisions pour renouvellement des immobilisations (entreprises concessionnaires),equity,unspecified,credit,0,,Comptes de Capitaux / Provisions,,,,Comptes de Capitaux / Provisions / Provisions pour renouvellement des immobilisations (entreprises concessionnaires),
157,Provisions pour charges à répartir sur plusieurs exercices,equity,group,credit,1,,Comptes de Capitaux / Provisions,,,,Comptes de Capitaux / Provisions / Provisions pour charges à répartir sur plusieurs exercices,
1572,Provisions pour gros entretien ou grandes révisions,equity,unspecified,credit,0,,Comptes de Capitaux / Provisions / Provisions pour charges à répartir sur plusieurs exercices,,,,Comptes de Capitaux / Provisions / Provisions pour charges à répartir sur plusieurs exercices / Provisions pour gros entretien ou grandes révisions,
158,Autres provisions pour charges,equity,group,credit,1,,Comptes de Capitaux / Provisions,,,,Comptes de Capitaux / Provisions / Autres provisions pour charges,
1581,Provisions pour remises en état,equity,unspecified,credit,0,,Comptes de Capitaux / Provisions / Autres provisions pour charges,,,,Comptes de Capitaux / Provisions / Autres provisions pour charges / Provisions pour remises en état,
152,Provisions pour charges sur legs ou donations,equity,unspecified,credit,0,,Comptes de Capitaux / Provisions,,,,Comptes de Capitaux / Provisions / Provisions pour charges sur legs ou donations,
16,Emprunts et dettes assimilées,equity,group,credit,1,,Comptes de Capitaux,,,,Comptes de Capitaux / Emprunts et dettes assimilées,
161,Emprunts obligataires convertibles,equity,unspecified,credit,0,,Comptes de Capitaux / Emprunts et dettes assimilées,,,,Comptes de Capitaux / Emprunts et dettes assimilées / Emprunts obligataires convertibles,
162,Obligations représentatives de passifs nets remis en fiducie,equity,unspecified,credit,0,,Comptes de Capitaux / Emprunts et dettes assimilées,,,,Comptes de Capitaux / Emprunts et dettes assimilées / Obligations représentatives de passifs nets remis en fiducie,
163,Autres emprunts obligataires,equity,group,credit,1,,Comptes de Capitaux / Emprunts et dettes assimilées,,,,Comptes de Capitaux / Emprunts et dettes assimilées / Autres emprunts obligataires,
1631,Titres associatifs et assimilés,equity,unspecified,credit,0,,Comptes de Capitaux / Emprunts et dettes assimilées / Autres emprunts obligataires,,,,Comptes de Capitaux / Emprunts et dettes assimilées / Autres emprunts obligataires / Titres associatifs et assimilés,
164,Emprunts auprès des établissements de crédit,equity,unspecified,credit,0,,Comptes de Capitaux / Emprunts et dettes assimilées,,,,Comptes de Capitaux / Emprunts et dettes assimilées / Emprunts auprès des établissements de crédit,
165,Dépôts et cautionnements reçus,equity,group,credit,1,,Comptes de Capitaux / Emprunts et dettes assimilées,,,,Comptes de Capitaux / Emprunts et dettes assimilées / Dépôts et cautionnements reçus,
1651,Dépôts,equity,unspecified,credit,0,,Comptes de Capitaux / Emprunts et dettes assimilées / Dépôts et cautionnements reçus,,,,Comptes de Capitaux / Emprunts et dettes assimilées / Dépôts et cautionnements reçus / Dépôts,
1655,Cautionnements,equity,unspecified,credit,0,,Comptes de Capitaux / Emprunts et dettes assimilées / Dépôts et cautionnements reçus,,,,Comptes de Capitaux / Emprunts et dettes assimilées / Dépôts et cautionnements reçus / Cautionnements,
166,Participation des salariés aux résultats,equity,group,credit,1,,Comptes de Capitaux / Emprunts et dettes assimilées,,,,Comptes de Capitaux / Emprunts et dettes assimilées / Participation des salariés aux résultats,
1661,Comptes bloqués,equity,unspecified,credit,0,,Comptes de Capitaux / Emprunts et dettes assimilées / Participation des salariés aux résultats,,,,Comptes de Capitaux / Emprunts et dettes assimilées / Participation des salariés aux résultats / Comptes bloqués,
1662,Fonds de participation,equity,unspecified,credit,0,,Comptes de Capitaux / Emprunts et dettes assimilées / Participation des salariés aux résultats,,,,Comptes de Capitaux / Emprunts et dettes assimilées / Participation des salariés aux résultats / Fonds de participation,
167,Emprunts et dettes assortis de conditions particulières,equity,group,credit,1,,Comptes de Capitaux / Emprunts et dettes assimilées,,,,Comptes de Capitaux / Emprunts et dettes assimilées / Emprunts et dettes assortis de conditions particulières,
1671,Emissions de titres participatifs,equity,unspecified,credit,0,,Comptes de Capitaux / Emprunts et dettes assimilées / Emprunts et dettes assortis de conditions particulières,,,,Comptes de Capitaux / Emprunts et dettes assimilées / Emprunts et dettes assortis de conditions particulières / Emissions de titres participatifs,
1674,Avances conditionnées de l'Etat,equity,unspecified,credit,0,,Comptes de Capitaux / Emprunts et dettes assimilées / Emprunts et dettes assortis de conditions particulières,,,,Comptes de Capitaux / Emprunts et dettes assimilées / Emprunts et dettes assortis de conditions particulières / Avances conditionnées de l'Etat,
1675,Emprunts participatifs,equity,unspecified,credit,0,,Comptes de Capitaux / Emprunts et dettes assimilées / Emprunts et dettes assortis de conditions particulières,,,,Comptes de Capitaux / Emprunts et dettes assimilées / Emprunts et dettes assortis de conditions particulières / Emprunts participatifs,
168,Autres emprunts et dettes assimilées,equity,group,credit,1,,Comptes de Capitaux / Emprunts et dettes assimilées,,,,Comptes de Capitaux / Emprunts et dettes assimilées / Autres emprunts et dettes assimilées,
1681,Autres emprunts,equity,unspecified,credit,0,,Comptes de Capitaux / Emprunts et dettes assimilées / Autres emprunts et dettes assimilées,,,,Comptes de Capitaux / Emprunts et dettes assimilées / Autres emprunts et dettes assimilées / Autres emprunts,
1685,Rentes viagères capitalisées,equity,unspecified,credit,0,,Comptes de Capitaux / Emprunts et dettes assimilées / Autres emprunts et dettes assimilées,,,,Comptes de Capitaux / Emprunts et dettes assimilées / Autres emprunts et dettes assimilées / Rentes viagères capitalisées,
1687,Autres dettes,equity,unspecified,credit,0,,Comptes de Capitaux / Emprunts et dettes assimilées / Autres emprunts et dettes assimilées,,,,Comptes de Capitaux / Emprunts et dettes assimilées / Autres emprunts et dettes assimilées / Autres dettes,
1688,Intérêts courus,equity,group,credit,1,,Comptes de Capitaux / Emprunts et dettes assimilées / Autres emprunts et dettes assimilées,,,,Comptes de Capitaux / Emprunts et dettes assimilées / Autres emprunts et dettes assimilées / Intérêts courus,
16881,Intérêts courus sur emprunts obligataires convertibles,equity,unspecified,credit,0,,Comptes de Capitaux / Emprunts et dettes assimilées / Autres emprunts et dettes assimilées / Intérêts courus,,,,Comptes de Capitaux / Emprunts et dettes assimilées / Autres emprunts et dettes assimilées / Intérêts courus / Intérêts courus sur emprunts obligataires convertibles,
16883,Intérêts courus sur autres emprunts obligataires,equity,unspecified,credit,0,,Comptes de Capitaux / Emprunts et dettes assimilées / Autres emprunts et dettes assimilées / Intérêts courus,,,,Comptes de Capitaux / Emprunts et dettes assimilées / Autres emprunts et dettes assimilées / Intérêts courus / Intérêts courus sur autres emprunts obligataires,
16884,Intérêts courus sur emprunts auprès des établissements de crédit,equity,unspecified,credit,0,,Comptes de Capitaux / Emprunts et dettes assimilées / Autres emprunts et dettes assimilées / Intérêts courus,,,,Comptes de Capitaux / Emprunts et dettes assimilées / Autres emprunts et dettes assimilées / Intérêts courus / Intérêts courus sur emprunts auprès des établissements de crédit,
16885,Intérêts courus sur dépôts et cautionnements reçus,equity,unspecified,credit,0,,Comptes de Capitaux / Emprunts et dettes assimilées / Autres emprunts et dettes assimilées / Intérêts courus,,,,Comptes de Capitaux / Emprunts et dettes assimilées / Autres emprunts et dettes assimilées / Intérêts courus / Intérêts courus sur dépôts et cautionnements reçus,
16886,Intérêts courus sur participation des salariés aux résultats,equity,unspecified,credit,0,,Comptes de Capitaux / Emprunts et dettes assimilées / Autres emprunts et dettes assimilées / Intérêts courus,,,,Comptes de Capitaux / Emprunts et dettes assimilées / Autres emprunts et dettes assimilées / Intérêts courus / Intérêts courus sur participation des salariés aux résultats,
16887,Intérêts courus sur emprunts et dettes assortis de conditions particulières,equity,unspecified,credit,0,,Comptes de Capitaux / Emprunts et dettes assimilées / Autres emprunts et dettes assimilées / Intérêts courus,,,,Comptes de Capitaux / Emprunts et dettes assimilées / Autres emprunts et dettes assimilées / Intérêts courus / Intérêts courus sur emprunts et dettes assortis de conditions particulières,
16888,Intérêts courus sur autres emprunts et dettes assimilées,equity,unspecified,credit,0,,Comptes de Capitaux / Emprunts et dettes assimilées / Autres emprunts et dettes assimilées / Intérêts courus,,,,Comptes de Capitaux / Emprunts et dettes assimilées / Autres emprunts et dettes assimilées / Intérêts courus / Intérêts courus sur autres emprunts et dettes assimilées,
169,Primes de remboursement des obligations,equity,unspecified,credit,0,,Comptes de Capitaux / Emprunts et dettes assimilées / Autres emprunts et dettes assimilées,,,,Comptes de Capitaux / Emprunts et dettes assimilées / Autres emprunts et dettes assimilées / Primes de remboursement des obligations,
17,Dettes Rattachées à des Participations,equity,group,credit,1,,Comptes de Capitaux,,,,Comptes de Capitaux / Dettes Rattachées à des Participations,
171,Dettes rattachées à des participations (groupe),equity,unspecified,credit,0,,Comptes de Capitaux / Dettes Rattachées à des Participations,,,,Comptes de Capitaux / Dettes Rattachées à des Participations / Dettes rattachées à des participations (groupe),
174,Dettes rattachées à des participations (hors groupe),equity,unspecified,credit,0,,Comptes de Capitaux / Dettes Rattachées à des Participations,,,,Comptes de Capitaux / Dettes Rattachées à des Participations / Dettes rattachées à des participations (hors groupe),
178,Dettes rattachées à des sociétés en participation,equity,group,credit,1,,Comptes de Capitaux / Dettes Rattachées à des Participations,,,,Comptes de Capitaux / Dettes Rattachées à des Participations / Dettes rattachées à des sociétés en participation,
1781,Principal,equity,unspecified,credit,0,,Comptes de Capitaux / Dettes Rattachées à des Participations / Dettes rattachées à des sociétés en participation,,,,Comptes de Capitaux / Dettes Rattachées à des Participations / Dettes rattachées à des sociétés en participation / Principal,
1788,Intérêts courus,equity,unspecified,credit,0,,Comptes de Capitaux / Dettes Rattachées à des Participations / Dettes rattachées à des sociétés en participation,,,,Comptes de Capitaux / Dettes Rattachées à des Participations / Dettes rattachées à des sociétés en participation / Intérêts courus,
18,Comptes de liaison des établisssements et sociétés en participation,equity,group,credit,1,,Comptes de Capitaux,,,,Comptes de Capitaux / Comptes de liaison des établisssements et sociétés en participation,
181,Comptes de liaison des établissements,equity,unspecified,credit,0,,Comptes de Capitaux / Comptes de liaison des établisssements et sociétés en participation,,,,Comptes de Capitaux / Comptes de liaison des établisssements et sociétés en participation / Comptes de liaison des établissements,
186,Biens et prestations de services échangés entre établissements (charges),equity,unspecified,credit,0,,Comptes de Capitaux / Comptes de liaison des établisssements et sociétés en participation,,,,Comptes de Capitaux / Comptes de liaison des établisssements et sociétés en participation / Biens et prestations de services échangés entre établissements (charges),
187,Biens et prestations de services échangés entre établissements (produits),equity,unspecified,credit,0,,Comptes de Capitaux / Comptes de liaison des établisssements et sociétés en participation,,,,Comptes de Capitaux / Comptes de liaison des établisssements et sociétés en participation / Biens et prestations de services échangés entre établissements (produits),
188,Comptes de liaison des sociétés en participation,equity,unspecified,credit,0,,Comptes de Capitaux / Comptes de liaison des établisssements et sociétés en participation,,,,Comptes de Capitaux / Comptes de liaison des établisssements et sociétés en participation / Comptes de liaison des sociétés en participation,
19,Fonds dédiés ou reportés,equity,group,credit,1,,Comptes de Capitaux,,,,Comptes de Capitaux / Fonds dédiés ou reportés,
191,Fonds reportés liés aux legs ou donations,equity,group,credit,1,,Comptes de Capitaux / Fonds dédiés ou reportés,,,,Comptes de Capitaux / Fonds dédiés ou reportés / Fonds reportés liés aux legs ou donations,
1911,Legs ou donations,equity,unspecified,credit,0,,Comptes de Capitaux / Fonds dédiés ou reportés / Fonds reportés liés aux legs ou donations,,,,Comptes de Capitaux / Fonds dédiés ou reportés / Fonds reportés liés aux legs ou donations / Legs ou donations,
1912,Donations temporaires d’usufruit,equity,unspecified,credit,0,,Comptes de Capitaux / Fonds dédiés ou reportés / Fonds reportés liés aux legs ou donations,,,,Comptes de Capitaux / Fonds dédiés ou reportés / Fonds reportés liés aux legs ou donations / Donations temporaires d’usufruit,
194,Fonds dédiés sur subventions d’exploitation,equity,unspecified,credit,0,,Comptes de Capitaux / Fonds dédiés ou reportés,,,,Comptes de Capitaux / Fonds dédiés ou reportés / Fonds dédiés sur subventions d’exploitation,
195,Fonds dédiés sur contributions financières d’autres organismes,equity,unspecified,credit,0,,Comptes de Capitaux / Fonds dédiés ou reportés,,,,Comptes de Capitaux / Fonds dédiés ou reportés / Fonds dédiés sur contributions financières d’autres organismes,
196,Fonds dédiés sur ressources liées à la générosité du public,equity,unspecified,credit,0,,Comptes de Capitaux / Fonds dédiés ou reportés,,,,Comptes de Capitaux / Fonds dédiés ou reportés / Fonds dédiés sur ressources liées à la générosité du public,
2,Comptes d'Immobilisations,asset,group,debit,1,,,,,,Comptes d'Immobilisations,
20,Immobilisations incorporelles,asset,group,debit,1,,Comptes d'Immobilisations,,,,Comptes d'Immobilisations / Immobilisations incorporelles,
201,Frais établissement,asset,group,debit,1,,Comptes d'Immobilisations / Immobilisations incorporelles,,,,Comptes d'Immobilisations / Immobilisations incorporelles / Frais établissement,
2011,Frais de constitution,asset,unspecified,debit,0,,Comptes d'Immobilisations / Immobilisations incorporelles / Frais établissement,,,,Comptes d'Immobilisations / Immobilisations incorporelles / Frais établissement / Frais de constitution,
2012,Frais de premier établissement,asset,group,debit,1,,Comptes d'Immobilisations / Immobilisations incorporelles / Frais établissement,,,,Comptes d'Immobilisations / Immobilisations incorporelles / Frais établissement / Frais de premier établissement,
20121,Frais de prospection,asset,unspecified,debit,0,,Comptes d'Immobilisations / Immobilisations incorporelles / Frais établissement / Frais de premier établissement,,,,Comptes d'Immobilisations / Immobilisations incorporelles / Frais établissement / Frais de premier établissement / Frais de prospection,
20122,Frais de publicité,asset,unspecified,debit,0,,Comptes d'Immobilisations / Immobilisations incorporelles / Frais établissement / Frais de premier établissement,,,,Comptes d'Immobilisations / Immobilisations incorporelles / Frais établissement / Frais de premier établissement / Frais de publicité,
2013,"Frais d'augmentation de capital et d'opérations diverses (fusions, scissions, transformations)",asset,unspecified,debit,0,,Comptes d'Immobilisations / Immobilisations incorporelles / Frais établissement,,,,"Comptes d'Immobilisations / Immobilisations incorporelles / Frais établissement / Frais d'augmentation de capital et d'opérations diverses (fusions, scissions, transformations)",
203,Frais de recherche et de développement,asset,unspecified,debit,0,,Comptes d'Immobilisations / Immobilisations incorporelles,,,,Comptes d'Immobilisations / Immobilisations incorporelles / Frais de recherche et de développement,
205,"Concessions et droits similaires, brevets, licences, marques, procédés, logiciels, droits et valeurs similaires",asset,unspecified,debit,0,,Comptes d'Immobilisations / Immobilisations incorporelles,,,,"Comptes d'Immobilisations / Immobilisations incorporelles / Concessions et droits similaires, brevets, licences, marques, procédés, logiciels, droits et valeurs similaires",
206,Droit au bail,asset,unspecified,debit,0,,Comptes d'Immobilisations / Immobilisations incorporelles,,,,Comptes d'Immobilisations / Immobilisations incorporelles / Droit au bail,
207,Fonds commercial,asset,unspecified,debit,0,,Comptes d'Immobilisations / Immobilisations incorporelles,,,,Comptes d'Immobilisations / Immobilisations incorporelles / Fonds commercial,
208,Autres immobilisations incorporelles,asset,group,debit,1,,Comptes d'Immobilisations / Immobilisations incorporelles,,,,Comptes d'Immobilisations / Immobilisations incorporelles / Autres immobilisations incorporelles,
2081,Mali de fusion sur actifs incorporels,asset,unspecified,debit,0,,Comptes d'Immobilisations / Immobilisations incorporelles / Autres immobilisations incorporelles,,,,Comptes d'Immobilisations / Immobilisations incorporelles / Autres immobilisations incorporelles / Mali de fusion sur actifs incorporels,
204,Donations temporaires d’usufruit,asset,unspecified,debit,0,,Comptes d'Immobilisations / Immobilisations incorporelles,,,,Comptes d'Immobilisations / Immobilisations incorporelles / Donations temporaires d’usufruit,
21,Immobilisations corporelles,asset,fixed_asset,debit,1,,Comptes d'Immobilisations,Fixed Asset,,,Comptes d'Immobilisations / Immobilisations corporelles,
211,Terrains,asset,fixed_asset,debit,1,,Comptes d'Immobilisations / Immobilisations corporelles,Fixed Asset,,,Comptes d'Immobilisations / Immobilisations corporelles / Terrains,
2111,Terrains nus,asset,fixed_asset,debit,0,,Comptes d'Immobilisations / Immobilisations corporelles / Terrains,Fixed Asset,,,Comptes d'Immobilisations / Immobilisations corporelles / Terrains / Terrains nus,
2112,Terrains aménagés,asset,fixed_asset,debit,0,,Comptes d'Immobilisations / Immobilisations corporelles / Terrains,Fixed Asset,,,Comptes d'Immobilisations / Immobilisations corporelles / Terrains / Terrains aménagés,
2113,Sous-sols et sur-sols,asset,fixed_asset,debit,0,,Comptes d'Immobilisations / Immobilisations corporelles / Terrains,Fixed Asset,,,Comptes d'Immobilisations / Immobilisations corporelles / Terrains / Sous-sols et sur-sols,
2114,Terrains de carrières (tréfonds),asset,fixed_asset,debit,0,,Comptes d'Immobilisations / Immobilisations corporelles / Terrains,Fixed Asset,,,Comptes d'Immobilisations / Immobilisations corporelles / Terrains / Terrains de carrières (tréfonds),
2115,Terrains bâtis,asset,fixed_asset,debit,1,,Comptes d'Immobilisations / Immobilisations corporelles / Terrains,Fixed Asset,,,Comptes d'Immobilisations / Immobilisations corporelles / Terrains / Terrains bâtis,
21151,"Ensembles immobiliers industriels (A, B)",asset,fixed_asset,debit,0,,Comptes d'Immobilisations / Immobilisations corporelles / Terrains / Terrains bâtis,Fixed Asset,,,"Comptes d'Immobilisations / Immobilisations corporelles / Terrains / Terrains bâtis / Ensembles immobiliers industriels (A, B)",
21155,"Ensembles immobiliers administratifs et commerciaux (A, B)",asset,fixed_asset,debit,0,,Comptes d'Immobilisations / Immobilisations corporelles / Terrains / Terrains bâtis,Fixed Asset,,,"Comptes d'Immobilisations / Immobilisations corporelles / Terrains / Terrains bâtis / Ensembles immobiliers administratifs et commerciaux (A, B)",
21158,Autres ensembles immobiliers,asset,fixed_asset,debit,1,,Comptes d'Immobilisations / Immobilisations corporelles / Terrains / Terrains bâtis,Fixed Asset,,,Comptes d'Immobilisations / Immobilisations corporelles / Terrains / Terrains bâtis / Autres ensembles immobiliers,
211581,"Autres ensembles immobiliers affectés aux opérations professionnelles (A, B)",asset,fixed_asset,debit,0,,Comptes d'Immobilisations / Immobilisations corporelles / Terrains / Terrains bâtis / Autres ensembles immobiliers,Fixed Asset,,,"Comptes d'Immobilisations / Immobilisations corporelles / Terrains / Terrains bâtis / Autres ensembles immobiliers / Autres ensembles immobiliers affectés aux opérations professionnelles (A, B)",
211588,"Autres ensembles immobiliers affectés aux opérations non professionnelles (A, B)",asset,fixed_asset,debit,0,,Comptes d'Immobilisations / Immobilisations corporelles / Terrains / Terrains bâtis / Autres ensembles immobiliers,Fixed Asset,,,"Comptes d'Immobilisations / Immobilisations corporelles / Terrains / Terrains bâtis / Autres ensembles immobiliers / Autres ensembles immobiliers affectés aux opérations non professionnelles (A, B)",
212,Agencements et aménagements de terrains (même ventilation que celle du compte 211),asset,fixed_asset,debit,0,,Comptes d'Immobilisations / Immobilisations corporelles,Fixed Asset,,,Comptes d'Immobilisations / Immobilisations corporelles / Agencements et aménagements de terrains (même ventilation que celle du compte 211),
213,Constructions,asset,fixed_asset,debit,1,,Comptes d'Immobilisations / Immobilisations corporelles,Fixed Asset,,,Comptes d'Immobilisations / Immobilisations corporelles / Constructions,
2131,Bâtiments,asset,fixed_asset,debit,1,,Comptes d'Immobilisations / Immobilisations corporelles / Constructions,Fixed Asset,,,Comptes d'Immobilisations / Immobilisations corporelles / Constructions / Bâtiments,
21311,"Ensembles immobiliers industriels (A, B)",asset,fixed_asset,debit,0,,Comptes d'Immobilisations / Immobilisations corporelles / Constructions / Bâtiments,Fixed Asset,,,"Comptes d'Immobilisations / Immobilisations corporelles / Constructions / Bâtiments / Ensembles immobiliers industriels (A, B)",
21315,"Ensembles immobiliers administratifs et commerciaux (A, B)",asset,fixed_asset,debit,0,,Comptes d'Immobilisations / Immobilisations corporelles / Constructions / Bâtiments,Fixed Asset,,,"Comptes d'Immobilisations / Immobilisations corporelles / Constructions / Bâtiments / Ensembles immobiliers administratifs et commerciaux (A, B)",
21318,Autres ensembles immobiliers,asset,fixed_asset,debit,1,,Comptes d'Immobilisations / Immobilisations corporelles / Constructions / Bâtiments,Fixed Asset,,,Comptes d'Immobilisations / Immobilisations corporelles / Constructions / Bâtiments / Autres ensembles immobiliers,
213181,"Autres ensembles immobiliers affectés aux opérations professionnelles (A, B)",asset,fixed_asset,debit,0,,Comptes d'Immobilisations / Immobilisations corporelles / Constructions / Bâtiments / Autres ensembles immobiliers,Fixed Asset,,,"Comptes d'Immobilisations / Immobilisations corporelles / Constructions / Bâtiments / Autres ensembles immobiliers / Autres ensembles immobiliers affectés aux opérations professionnelles (A, B)",
213188,"Autres ensembles immobiliers affectés aux opérations non professionnelles (A, B)",asset,fixed_asset,debit,0,,Comptes d'Immobilisations / Immobilisations corporelles / Constructions / Bâtiments / Autres ensembles immobiliers,Fixed Asset,,,"Comptes d'Immobilisations / Immobilisations corporelles / Constructions / Bâtiments / Autres ensembles immobiliers / Autres ensembles immobiliers affectés aux opérations non professionnelles (A, B)",
2135,"Installations générales, agencements, aménagements des constructions",asset,fixed_asset,debit,1,,Comptes d'Immobilisations / Immobilisations corporelles / Constructions,Fixed Asset,,,"Comptes d'Immobilisations / Immobilisations corporelles / Constructions / Installations générales, agencements, aménagements des constructions",
21351,"Ensembles immobiliers industriels (A, B)",asset,fixed_asset,debit,0,,"Comptes d'Immobilisations / Immobilisations corporelles / Constructions / Installations générales, agencements, aménagements des constructions",Fixed Asset,,,"Comptes d'Immobilisations / Immobilisations corporelles / Constructions / Installations générales, agencements, aménagements des constructions / Ensembles immobiliers industriels (A, B)",
21355,"Ensembles immobiliers administratifs et commerciaux (A, B)",asset,fixed_asset,debit,0,,"Comptes d'Immobilisations / Immobilisations corporelles / Constructions / Installations générales, agencements, aménagements des constructions",Fixed Asset,,,"Comptes d'Immobilisations / Immobilisations corporelles / Constructions / Installations générales, agencements, aménagements des constructions / Ensembles immobiliers administratifs et commerciaux (A, B)",
21358,Autres ensembles immobiliers,asset,fixed_asset,debit,1,,"Comptes d'Immobilisations / Immobilisations corporelles / Constructions / Installations générales, agencements, aménagements des constructions",Fixed Asset,,,"Comptes d'Immobilisations / Immobilisations corporelles / Constructions / Installations générales, agencements, aménagements des constructions / Autres ensembles immobiliers",
213581,"Autres ensembles immobiliers affectés aux opérations professionnelles (A, B)",asset,fixed_asset,debit,0,,"Comptes d'Immobilisations / Immobilisations corporelles / Constructions / Installations générales, agencements, aménagements des constructions / Autres ensembles immobiliers",Fixed Asset,,,"Comptes d'Immobilisations / Immobilisations corporelles / Constructions / Installations générales, agencements, aménagements des constructions / Autres ensembles immobiliers / Autres ensembles immobiliers affectés aux opérations professionnelles (A, B)",
213588,"Autres ensembles immobiliers affectés aux opérations non professionnelles (A, B)",asset,fixed_asset,debit,0,,"Comptes d'Immobilisations / Immobilisations corporelles / Constructions / Installations générales, agencements, aménagements des constructions / Autres ensembles immobiliers",Fixed Asset,,,"Comptes d'Immobilisations / Immobilisations corporelles / Constructions / Installations générales, agencements, aménagements des constructions / Autres ensembles immobiliers / Autres ensembles immobiliers affectés aux opérations non professionnelles (A, B)",
2138,Ouvrages d'infrastructure,asset,fixed_asset,debit,1,,Comptes d'Immobilisations / Immobilisations corporelles / Constructions,Fixed Asset,,,Comptes d'Immobilisations / Immobilisations corporelles / Constructions / Ouvrages d'infrastructure,
21381,Voies de terre,asset,fixed_asset,debit,0,,Comptes d'Immobilisations / Immobilisations corporelles / Constructions / Ouvrages d'infrastructure,Fixed Asset,,,Comptes d'Immobilisations / Immobilisations corporelles / Constructions / Ouvrages d'infrastructure / Voies de terre,
21382,Voies de fer,asset,fixed_asset,debit,0,,Comptes d'Immobilisations / Immobilisations corporelles / Constructions / Ouvrages d'infrastructure,Fixed Asset,,,Comptes d'Immobilisations / Immobilisations corporelles / Constructions / Ouvrages d'infrastructure / Voies de fer,
21383,Voies d'eau,asset,fixed_asset,debit,0,,Comptes d'Immobilisations / Immobilisations corporelles / Constructions / Ouvrages d'infrastructure,Fixed Asset,,,Comptes d'Immobilisations / Immobilisations corporelles / Constructions / Ouvrages d'infrastructure / Voies d'eau,
21384,Barrages,asset,fixed_asset,debit,0,,Comptes d'Immobilisations / Immobilisations corporelles / Constructions / Ouvrages d'infrastructure,Fixed Asset,,,Comptes d'Immobilisations / Immobilisations corporelles / Constructions / Ouvrages d'infrastructure / Barrages,
21385,Pistes d'aérodromes,asset,fixed_asset,debit,0,,Comptes d'Immobilisations / Immobilisations corporelles / Constructions / Ouvrages d'infrastructure,Fixed Asset,,,Comptes d'Immobilisations / Immobilisations corporelles / Constructions / Ouvrages d'infrastructure / Pistes d'aérodromes,
214,Constructions sur sol d'autrui (même ventilation que celle du compte 213),asset,fixed_asset,debit,0,,Comptes d'Immobilisations / Immobilisations corporelles,Fixed Asset,,,Comptes d'Immobilisations / Immobilisations corporelles / Constructions sur sol d'autrui (même ventilation que celle du compte 213),
215,"Installations techniques, matériel et outillage industriels",asset,fixed_asset,debit,1,,Comptes d'Immobilisations / Immobilisations corporelles,Fixed Asset,,,"Comptes d'Immobilisations / Immobilisations corporelles / Installations techniques, matériel et outillage industriels",
2151,Installations complexes spécialisées,asset,fixed_asset,debit,1,,"Comptes d'Immobilisations / Immobilisations corporelles / Installations techniques, matériel et outillage industriels",Fixed Asset,,,"Comptes d'Immobilisations / Immobilisations corporelles / Installations techniques, matériel et outillage industriels / Installations complexes spécialisées",
21511,Installations complexes spécialisées - sur sol propre,asset,fixed_asset,debit,0,,"Comptes d'Immobilisations / Immobilisations corporelles / Installations techniques, matériel et outillage industriels / Installations complexes spécialisées",Fixed Asset,,,"Comptes d'Immobilisations / Immobilisations corporelles / Installations techniques, matériel et outillage industriels / Installations complexes spécialisées / Installations complexes spécialisées - sur sol propre",
21514,Installations complexes spécialisées - sur sol d'autrui,asset,fixed_asset,debit,0,,"Comptes d'Immobilisations / Immobilisations corporelles / Installations techniques, matériel et outillage industriels / Installations complexes spécialisées",Fixed Asset,,,"Comptes d'Immobilisations / Immobilisations corporelles / Installations techniques, matériel et outillage industriels / Installations complexes spécialisées / Installations complexes spécialisées - sur sol d'autrui",
2153,Installations à caractère spécifique,asset,fixed_asset,debit,1,,"Comptes d'Immobilisations / Immobilisations corporelles / Installations techniques, matériel et outillage industriels",Fixed Asset,,,"Comptes d'Immobilisations / Immobilisations corporelles / Installations techniques, matériel et outillage industriels / Installations à caractère spécifique",
21531,Installations à caractère spécifique - sur sol propre,asset,fixed_asset,debit,0,,"Comptes d'Immobilisations / Immobilisations corporelles / Installations techniques, matériel et outillage industriels / Installations à caractère spécifique",Fixed Asset,,,"Comptes d'Immobilisations / Immobilisations corporelles / Installations techniques, matériel et outillage industriels / Installations à caractère spécifique / Installations à caractère spécifique - sur sol propre",
21534,Installations à caractère spécifique - sur sol d'autrui,asset,fixed_asset,debit,0,,"Comptes d'Immobilisations / Immobilisations corporelles / Installations techniques, matériel et outillage industriels / Installations à caractère spécifique",Fixed Asset,,,"Comptes d'Immobilisations / Immobilisations corporelles / Installations techniques, matériel et outillage industriels / Installations à caractère spécifique / Installations à caractère spécifique - sur sol d'autrui",
2154,Matériel industriel,asset,fixed_asset,debit,0,,"Comptes d'Immobilisations / Immobilisations corporelles / Installations techniques, matériel et outillage industriels",Fixed Asset,,,"Comptes d'Immobilisations / Immobilisations corporelles / Installations techniques, matériel et outillage industriels / Matériel industriel",
2155,Outillage industriel,asset,fixed_asset,debit,0,,"Comptes d'Immobilisations / Immobilisations corporelles / Installations techniques, matériel et outillage industriels",Fixed Asset,,,"Comptes d'Immobilisations / Immobilisations corporelles / Installations techniques, matériel et outillage industriels / Outillage industriel",
2157,Agencements et aménagements du matériel et outillage industriel,asset,fixed_asset,debit,0,,"Comptes d'Immobilisations / Immobilisations corporelles / Installations techniques, matériel et outillage industriels",Fixed Asset,,,"Comptes d'Immobilisations / Immobilisations corporelles / Installations techniques, matériel et outillage industriels / Agencements et aménagements du matériel et outillage industriel",
218,Autres immobilisations corporelles,asset,fixed_asset,debit,1,,Comptes d'Immobilisations / Immobilisations corporelles,Fixed Asset,,,Comptes d'Immobilisations / Immobilisations corporelles / Autres immobilisations corporelles,
2181,"Installations générales, agencements, aménagements divers",asset,fixed_asset,debit,0,,Comptes d'Immobilisations / Immobilisations corporelles / Autres immobilisations corporelles,Fixed Asset,,,"Comptes d'Immobilisations / Immobilisations corporelles / Autres immobilisations corporelles / Installations générales, agencements, aménagements divers",
2182,Matériel de transport,asset,fixed_asset,debit,0,,Comptes d'Immobilisations / Immobilisations corporelles / Autres immobilisations corporelles,Fixed Asset,,,Comptes d'Immobilisations / Immobilisations corporelles / Autres immobilisations corporelles / Matériel de transport,
2183,Matériel de bureau et matériel informatique,asset,fixed_asset,debit,0,,Comptes d'Immobilisations / Immobilisations corporelles / Autres immobilisations corporelles,Fixed Asset,,,Comptes d'Immobilisations / Immobilisations corporelles / Autres immobilisations corporelles / Matériel de bureau et matériel informatique,
2184,Mobilier,asset,fixed_asset,debit,0,,Comptes d'Immobilisations / Immobilisations corporelles / Autres immobilisations corporelles,Fixed Asset,,,Comptes d'Immobilisations / Immobilisations corporelles / Autres immobilisations corporelles / Mobilier,
2185,Cheptel,asset,fixed_asset,debit,0,,Comptes d'Immobilisations / Immobilisations corporelles / Autres immobilisations corporelles,Fixed Asset,,,Comptes d'Immobilisations / Immobilisations corporelles / Autres immobilisations corporelles / Cheptel,
2186,Emballages récupérables,asset,fixed_asset,debit,0,,Comptes d'Immobilisations / Immobilisations corporelles / Autres immobilisations corporelles,Fixed Asset,,,Comptes d'Immobilisations / Immobilisations corporelles / Autres immobilisations corporelles / Emballages récupérables,
2187,Mali de fusion sur actifs corporels,asset,unspecified,debit,0,,Comptes d'Immobilisations / Immobilisations corporelles / Autres immobilisations corporelles,,,,Comptes d'Immobilisations / Immobilisations corporelles / Autres immobilisations corporelles / Mali de fusion sur actifs corporels,
22,Immobilisations mises en concession,asset,unspecified,debit,0,,Comptes d'Immobilisations,,,,Comptes d'Immobilisations / Immobilisations mises en concession,
23,Immobilisations en cours,asset,group,debit,1,,Comptes d'Immobilisations,,,,Comptes d'Immobilisations / Immobilisations en cours,
231,Immobilisations corporelles en cours,asset,group,debit,1,,Comptes d'Immobilisations / Immobilisations en cours,,,,Comptes d'Immobilisations / Immobilisations en cours / Immobilisations corporelles en cours,
2312,Terrains,asset,unspecified,debit,0,,Comptes d'Immobilisations / Immobilisations en cours / Immobilisations corporelles en cours,,,,Comptes d'Immobilisations / Immobilisations en cours / Immobilisations corporelles en cours / Terrains,
2313,Constructions,asset,unspecified,debit,0,,Comptes d'Immobilisations / Immobilisations en cours / Immobilisations corporelles en cours,,,,Comptes d'Immobilisations / Immobilisations en cours / Immobilisations corporelles en cours / Constructions,
2315,"Installations techniques, matériel et outillage industriels",asset,unspecified,debit,0,,Comptes d'Immobilisations / Immobilisations en cours / Immobilisations corporelles en cours,,,,"Comptes d'Immobilisations / Immobilisations en cours / Immobilisations corporelles en cours / Installations techniques, matériel et outillage industriels",
2318,Autres immobilisations corporelles,asset,unspecified,debit,0,,Comptes d'Immobilisations / Immobilisations en cours / Immobilisations corporelles en cours,,,,Comptes d'Immobilisations / Immobilisations en cours / Immobilisations corporelles en cours / Autres immobilisations corporelles,
232,Immobilisations incorporelles en cours,asset,unspecified,debit,0,,Comptes d'Immobilisations / Immobilisations en cours,,,,Comptes d'Immobilisations / Immobilisations en cours / Immobilisations incorporelles en cours,
237,Avances et acomptes versés sur commandes d'immobilisations incorporelles,asset,unspecified,debit,0,,Comptes d'Immobilisations / Immobilisations en cours,,,,Comptes d'Immobilisations / Immobilisations en cours / Avances et acomptes versés sur commandes d'immobilisations incorporelles,
238,Avances et acomptes versés sur commandes d'immobilisations corporelles,asset,group,debit,1,,Comptes d'Immobilisations / Immobilisations en cours,,,,Comptes d'Immobilisations / Immobilisations en cours / Avances et acomptes versés sur commandes d'immobilisations corporelles,
2382,Terrains,asset,unspecified,debit,0,,Comptes d'Immobilisations / Immobilisations en cours / Avances et acomptes versés sur commandes d'immobilisations corporelles,,,,Comptes d'Immobilisations / Immobilisations en cours / Avances et acomptes versés sur commandes d'immobilisations corporelles / Terrains,
2383,Constructions,asset,unspecified,debit,0,,Comptes d'Immobilisations / Immobilisations en cours / Avances et acomptes versés sur commandes d'immobilisations corporelles,,,,Comptes d'Immobilisations / Immobilisations en cours / Avances et acomptes versés sur commandes d'immobilisations corporelles / Constructions,
2385,"Installations techniques, matériel et outillage industriels",asset,unspecified,debit,0,,Comptes d'Immobilisations / Immobilisations en cours / Avances et acomptes versés sur commandes d'immobilisations corporelles,,,,"Comptes d'Immobilisations / Immobilisations en cours / Avances et acomptes versés sur commandes d'immobilisations corporelles / Installations techniques, matériel et outillage industriels",
2388,Autres immobilisations corporelles,asset,unspecified,debit,0,,Comptes d'Immobilisations / Immobilisations en cours / Avances et acomptes versés sur commandes d'immobilisations corporelles,,,,Comptes d'Immobilisations / Immobilisations en cours / Avances et acomptes versés sur commandes d'immobilisations corporelles / Autres immobilisations corporelles,
25,Parts dans des entreprises liées et créances sur des entreprises liées,asset,group,debit,1,,Comptes d'Immobilisations,,,,Comptes d'Immobilisations / Parts dans des entreprises liées et créances sur des entreprises liées,
26,Participations et créances rattachées à des participations,asset,group,debit,1,,Comptes d'Immobilisations,,,,Comptes d'Immobilisations / Participations et créances rattachées à des participations,
261,Titres de participation,asset,group,debit,1,,Comptes d'Immobilisations / Participations et créances rattachées à des participations,,,,Comptes d'Immobilisations / Participations et créances rattachées à des participations / Titres de participation,
2611,Actions,asset,unspecified,debit,0,,Comptes d'Immobilisations / Participations et créances rattachées à des participations / Titres de participation,,,,Comptes d'Immobilisations / Participations et créances rattachées à des participations / Titres de participation / Actions,
2618,Autres titres,asset,unspecified,debit,0,,Comptes d'Immobilisations / Participations et créances rattachées à des participations / Titres de participation,,,,Comptes d'Immobilisations / Participations et créances rattachées à des participations / Titres de participation / Autres titres,
266,Autres formes de participation,asset,group,debit,1,,Comptes d'Immobilisations / Participations et créances rattachées à des participations,,,,Comptes d'Immobilisations / Participations et créances rattachées à des participations / Autres formes de participation,
2661,Droit représentatifs d'actifs nets remis en fiducie,asset,unspecified,debit,0,,Comptes d'Immobilisations / Participations et créances rattachées à des participations / Autres formes de participation,,,,Comptes d'Immobilisations / Participations et créances rattachées à des participations / Autres formes de participation / Droit représentatifs d'actifs nets remis en fiducie,
267,Créances rattachées à des participations,asset,group,debit,1,,Comptes d'Immobilisations / Participations et créances rattachées à des participations,,,,Comptes d'Immobilisations / Participations et créances rattachées à des participations / Créances rattachées à des participations,
2671,Créances rattachées à des participations (groupe),asset,unspecified,debit,0,,Comptes d'Immobilisations / Participations et créances rattachées à des participations / Créances rattachées à des participations,,,,Comptes d'Immobilisations / Participations et créances rattachées à des participations / Créances rattachées à des participations / Créances rattachées à des participations (groupe),
2674,Créances rattachées à des participations (hors groupe),asset,unspecified,debit,0,,Comptes d'Immobilisations / Participations et créances rattachées à des participations / Créances rattachées à des participations,,,,Comptes d'Immobilisations / Participations et créances rattachées à des participations / Créances rattachées à des participations / Créances rattachées à des participations (hors groupe),
2675,Versements représentatifs d'apports non capitalisés (appel de fonds),asset,unspecified,debit,0,,Comptes d'Immobilisations / Participations et créances rattachées à des participations / Créances rattachées à des participations,,,,Comptes d'Immobilisations / Participations et créances rattachées à des participations / Créances rattachées à des participations / Versements représentatifs d'apports non capitalisés (appel de fonds),
2676,Avances consolidables,asset,unspecified,debit,0,,Comptes d'Immobilisations / Participations et créances rattachées à des participations / Créances rattachées à des participations,,,,Comptes d'Immobilisations / Participations et créances rattachées à des participations / Créances rattachées à des participations / Avances consolidables,
2677,Autres créances rattachées à des participations,asset,unspecified,debit,0,,Comptes d'Immobilisations / Participations et créances rattachées à des participations / Créances rattachées à des participations,,,,Comptes d'Immobilisations / Participations et créances rattachées à des participations / Créances rattachées à des participations / Autres créances rattachées à des participations,
2678,Intérêts courus,asset,unspecified,debit,0,,Comptes d'Immobilisations / Participations et créances rattachées à des participations / Créances rattachées à des participations,,,,Comptes d'Immobilisations / Participations et créances rattachées à des participations / Créances rattachées à des participations / Intérêts courus,
268,Créances rattachées à des sociétés en participation,asset,group,debit,1,,Comptes d'Immobilisations / Participations et créances rattachées à des participations,,,,Comptes d'Immobilisations / Participations et créances rattachées à des participations / Créances rattachées à des sociétés en participation,
2681,Principal,asset,unspecified,debit,0,,Comptes d'Immobilisations / Participations et créances rattachées à des participations / Créances rattachées à des sociétés en participation,,,,Comptes d'Immobilisations / Participations et créances rattachées à des participations / Créances rattachées à des sociétés en participation / Principal,
2688,Intérêts courus,asset,unspecified,debit,0,,Comptes d'Immobilisations / Participations et créances rattachées à des participations / Créances rattachées à des sociétés en participation,,,,Comptes d'Immobilisations / Participations et créances rattachées à des participations / Créances rattachées à des sociétés en participation / Intérêts courus,
269,Versements restant à effectuer sur titres de participation non libérés,asset,unspecified,debit,0,,Comptes d'Immobilisations / Participations et créances rattachées à des participations,,,,Comptes d'Immobilisations / Participations et créances rattachées à des participations / Versements restant à effectuer sur titres de participation non libérés,
27,Autres immobilisations financières,asset,group,debit,1,,Comptes d'Immobilisations,,,,Comptes d'Immobilisations / Autres immobilisations financières,
271,Titres immobilisés autres que les titres immobilisés de l'activité de portefeuille (droit de propriété),asset,group,debit,1,,Comptes d'Immobilisations / Autres immobilisations financières,,,,Comptes d'Immobilisations / Autres immobilisations financières / Titres immobilisés autres que les titres immobilisés de l'activité de portefeuille (droit de propriété),
2711,Actions,asset,unspecified,debit,0,,Comptes d'Immobilisations / Autres immobilisations financières / Titres immobilisés autres que les titres immobilisés de l'activité de portefeuille (droit de propriété),,,,Comptes d'Immobilisations / Autres immobilisations financières / Titres immobilisés autres que les titres immobilisés de l'activité de portefeuille (droit de propriété) / Actions,
2718,Autres titres,asset,unspecified,debit,0,,Comptes d'Immobilisations / Autres immobilisations financières / Titres immobilisés autres que les titres immobilisés de l'activité de portefeuille (droit de propriété),,,,Comptes d'Immobilisations / Autres immobilisations financières / Titres immobilisés autres que les titres immobilisés de l'activité de portefeuille (droit de propriété) / Autres titres,
272,Titres immobilisés (droit de créance),asset,group,debit,1,,Comptes d'Immobilisations / Autres immobilisations financières,,,,Comptes d'Immobilisations / Autres immobilisations financières / Titres immobilisés (droit de créance),
2721,Obligations,asset,unspecified,debit,0,,Comptes d'Immobilisations / Autres immobilisations financières / Titres immobilisés (droit de créance),,,,Comptes d'Immobilisations / Autres immobilisations financières / Titres immobilisés (droit de créance) / Obligations,
2722,Bons,asset,unspecified,debit,0,,Comptes d'Immobilisations / Autres immobilisations financières / Titres immobilisés (droit de créance),,,,Comptes d'Immobilisations / Autres immobilisations financières / Titres immobilisés (droit de créance) / Bons,
273,Titres immobilisés de l'activité de portefeuille,asset,unspecified,debit,0,,Comptes d'Immobilisations / Autres immobilisations financières,,,,Comptes d'Immobilisations / Autres immobilisations financières / Titres immobilisés de l'activité de portefeuille,
274,Prêts,asset,group,debit,1,,Comptes d'Immobilisations / Autres immobilisations financières,,,,Comptes d'Immobilisations / Autres immobilisations financières / Prêts,
2741,Prêts participatifs,asset,unspecified,debit,0,,Comptes d'Immobilisations / Autres immobilisations financières / Prêts,,,,Comptes d'Immobilisations / Autres immobilisations financières / Prêts / Prêts participatifs,
2742,Prêts aux partenaires,asset,unspecified,debit,0,,Comptes d'Immobilisations / Autres immobilisations financières / Prêts,,,,Comptes d'Immobilisations / Autres immobilisations financières / Prêts / Prêts aux partenaires,
2743,Prêts au personnel,asset,unspecified,debit,0,,Comptes d'Immobilisations / Autres immobilisations financières / Prêts,,,,Comptes d'Immobilisations / Autres immobilisations financières / Prêts / Prêts au personnel,
2748,Autres prêts,asset,unspecified,debit,0,,Comptes d'Immobilisations / Autres immobilisations financières / Prêts,,,,Comptes d'Immobilisations / Autres immobilisations financières / Prêts / Autres prêts,
275,Dépôts et cautionnements versés,asset,group,debit,1,,Comptes d'Immobilisations / Autres immobilisations financières,,,,Comptes d'Immobilisations / Autres immobilisations financières / Dépôts et cautionnements versés,
2751,Dépôts,asset,unspecified,debit,0,,Comptes d'Immobilisations / Autres immobilisations financières / Dépôts et cautionnements versés,,,,Comptes d'Immobilisations / Autres immobilisations financières / Dépôts et cautionnements versés / Dépôts,
2755,Cautionnements,asset,unspecified,debit,0,,Comptes d'Immobilisations / Autres immobilisations financières / Dépôts et cautionnements versés,,,,Comptes d'Immobilisations / Autres immobilisations financières / Dépôts et cautionnements versés / Cautionnements,
276,Autres créances immobilisées,asset,group,debit,1,,Comptes d'Immobilisations / Autres immobilisations financières,,,,Comptes d'Immobilisations / Autres immobilisations financières / Autres créances immobilisées,
2761,Créances diverses,asset,unspecified,debit,0,,Comptes d'Immobilisations / Autres immobilisations financières / Autres créances immobilisées,,,,Comptes d'Immobilisations / Autres immobilisations financières / Autres créances immobilisées / Créances diverses,
2768,Intérêts courus,asset,group,debit,1,,Comptes d'Immobilisations / Autres immobilisations financières / Autres créances immobilisées,,,,Comptes d'Immobilisations / Autres immobilisations financières / Autres créances immobilisées / Intérêts courus,
27682,Intérêts courus sur titres immobilisés (droit de créance),asset,unspecified,debit,0,,Comptes d'Immobilisations / Autres immobilisations financières / Autres créances immobilisées / Intérêts courus,,,,Comptes d'Immobilisations / Autres immobilisations financières / Autres créances immobilisées / Intérêts courus / Intérêts courus sur titres immobilisés (droit de créance),
27684,Intérêts courus sur prêts,asset,unspecified,debit,0,,Comptes d'Immobilisations / Autres immobilisations financières / Autres créances immobilisées / Intérêts courus,,,,Comptes d'Immobilisations / Autres immobilisations financières / Autres créances immobilisées / Intérêts courus / Intérêts courus sur prêts,
27685,Intérêts courus sur dépôts et cautionnements,asset,unspecified,debit,0,,Comptes d'Immobilisations / Autres immobilisations financières / Autres créances immobilisées / Intérêts courus,,,,Comptes d'Immobilisations / Autres immobilisations financières / Autres créances immobilisées / Intérêts courus / Intérêts courus sur dépôts et cautionnements,
27688,Intérêts courus sur créances diverses,asset,unspecified,debit,0,,Comptes d'Immobilisations / Autres immobilisations financières / Autres créances immobilisées / Intérêts courus,,,,Comptes d'Immobilisations / Autres immobilisations financières / Autres créances immobilisées / Intérêts courus / Intérêts courus sur créances diverses,
277,(Actions propres ou parts propres),asset,group,debit,1,,Comptes d'Immobilisations / Autres immobilisations financières,,,,Comptes d'Immobilisations / Autres immobilisations financières / (Actions propres ou parts propres),
2771,Actions propres ou parts propres,asset,unspecified,debit,0,,Comptes d'Immobilisations / Autres immobilisations financières / (Actions propres ou parts propres),,,,Comptes d'Immobilisations / Autres immobilisations financières / (Actions propres ou parts propres) / Actions propres ou parts propres,
2772,Actions propres ou parts propres en voie d'annulation,asset,unspecified,debit,0,,Comptes d'Immobilisations / Autres immobilisations financières / (Actions propres ou parts propres),,,,Comptes d'Immobilisations / Autres immobilisations financières / (Actions propres ou parts propres) / Actions propres ou parts propres en voie d'annulation,
278,Mali de fusion sur actifs financiers,asset,unspecified,debit,0,,Comptes d'Immobilisations / Autres immobilisations financières,,,,Comptes d'Immobilisations / Autres immobilisations financières / Mali de fusion sur actifs financiers,
279,Versements restant à effectuer sur titres immobilisés non libérés,asset,unspecified,debit,0,,Comptes d'Immobilisations / Autres immobilisations financières,,,,Comptes d'Immobilisations / Autres immobilisations financières / Versements restant à effectuer sur titres immobilisés non libérés,
28,Amortissements des immobilisations,asset,accumulated_depreciation,credit,1,,Comptes d'Immobilisations,Accumulated Depreciation,,,Comptes d'Immobilisations / Amortissements des immobilisations,contra
280,Amortissements des immobilisations incorporelles,asset,accumulated_depreciation,credit,1,,Comptes d'Immobilisations / Amortissements des immobilisations,Accumulated Depreciation,,,Comptes d'Immobilisations / Amortissements des immobilisations / Amortissements des immobilisations incorporelles,contra
2801,Frais d'établissement (même ventilation que celle du compte 212),asset,accumulated_depreciation,credit,0,,Comptes d'Immobilisations / Amortissements des immobilisations / Amortissements des immobilisations incorporelles,Accumulated Depreciation,,,Comptes d'Immobilisations / Amortissements des immobilisations / Amortissements des immobilisations incorporelles / Frais d'établissement (même ventilation que celle du compte 212),contra
2803,Frais de recherche et de développement,asset,accumulated_depreciation,credit,0,,Comptes d'Immobilisations / Amortissements des immobilisations / Amortissements des immobilisations incorporelles,Accumulated Depreciation,,,Comptes d'Immobilisations / Amortissements des immobilisations / Amortissements des immobilisations incorporelles / Frais de recherche et de développement,contra
2805,"Concessions et droits similaires, brevets, licences, logiciels, droits et valeurs similaires",asset,accumulated_depreciation,credit,0,,Comptes d'Immobilisations / Amortissements des immobilisations / Amortissements des immobilisations incorporelles,Accumulated Depreciation,,,"Comptes d'Immobilisations / Amortissements des immobilisations / Amortissements des immobilisations incorporelles / Concessions et droits similaires, brevets, licences, logiciels, droits et valeurs similaires",contra
2807,Fonds commercial,asset,accumulated_depreciation,credit,0,,Comptes d'Immobilisations / Amortissements des immobilisations / Amortissements des immobilisations incorporelles,Accumulated Depreciation,,,Comptes d'Immobilisations / Amortissements des immobilisations / Amortissements des immobilisations incorporelles / Fonds commercial,contra
2808,Autres immobilisations incorporelles,asset,accumulated_depreciation,credit,1,,Comptes d'Immobilisations / Amortissements des immobilisations / Amortissements des immobilisations incorporelles,Accumulated Depreciation,,,Comptes d'Immobilisations / Amortissements des immobilisations / Amortissements des immobilisations incorporelles / Autres immobilisations incorporelles,contra
28081,Mali de fusion sur actifs incorporels,asset,accumulated_depreciation,credit,0,,Comptes d'Immobilisations / Amortissements des immobilisations / Amortissements des immobilisations incorporelles / Autres immobilisations incorporelles,Accumulated Depreciation,,,Comptes d'Immobilisations / Amortissements des immobilisations / Amortissements des immobilisations incorporelles / Autres immobilisations incorporelles / Mali de fusion sur actifs incorporels,contra
2804,Donations temporaires d’usufruit,asset,unspecified,debit,0,,Comptes d'Immobilisations / Amortissements des immobilisations / Amortissements des immobilisations incorporelles,,,,Comptes d'Immobilisations / Amortissements des immobilisations / Amortissements des immobilisations incorporelles / Donations temporaires d’usufruit,
281,Amortissements des immobilisations corporelles,asset,accumulated_depreciation,credit,1,,Comptes d'Immobilisations / Amortissements des immobilisations,Accumulated Depreciation,,,Comptes d'Immobilisations / Amortissements des immobilisations / Amortissements des immobilisations corporelles,contra
2811,Terrains de gisement,asset,accumulated_depreciation,credit,0,,Comptes d'Immobilisations / Amortissements des immobilisations / Amortissements des immobilisations corporelles,Accumulated Depreciation,,,Comptes d'Immobilisations / Amortissements des immobilisations / Amortissements des immobilisations corporelles / Terrains de gisement,contra
2812,"Agencements, aménagements de terrains (même ventilation que celle du compte 212)",asset,accumulated_depreciation,credit,0,,Comptes d'Immobilisations / Amortissements des immobilisations / Amortissements des immobilisations corporelles,Accumulated Depreciation,,,"Comptes d'Immobilisations / Amortissements des immobilisations / Amortissements des immobilisations corporelles / Agencements, aménagements de terrains (même ventilation que celle du compte 212)",contra
2813,Constructions (même ventilation que celle du compte 213),asset,accumulated_depreciation,credit,0,,Comptes d'Immobilisations / Amortissements des immobilisations / Amortissements des immobilisations corporelles,Accumulated Depreciation,,,Comptes d'Immobilisations / Amortissements des immobilisations / Amortissements des immobilisations corporelles / Constructions (même ventilation que celle du compte 213),contra
2814,Constructions sur sol d'autrui (même ventilation que celle du compte du 214),asset,accumulated_depreciation,credit,0,,Comptes d'Immobilisations / Amortissements des immobilisations / Amortissements des immobilisations corporelles,Accumulated Depreciation,,,Comptes d'Immobilisations / Amortissements des immobilisations / Amortissements des immobilisations corporelles / Constructions sur sol d'autrui (même ventilation que celle du compte du 214),contra
2815,"Installations techniques, matériel et outillage industriels (même ventilation que celle du compte 218)",asset,accumulated_depreciation,credit,0,,Comptes d'Immobilisations / Amortissements des immobilisations / Amortissements des immobilisations corporelles,Accumulated Depreciation,,,"Comptes d'Immobilisations / Amortissements des immobilisations / Amortissements des immobilisations corporelles / Installations techniques, matériel et outillage industriels (même ventilation que celle du compte 218)",contra
2818,Autres immobilisations corporelles (même ventilation que celle du compte 218),asset,accumulated_depreciation,credit,1,,Comptes d'Immobilisations / Amortissements des immobilisations / Amortissements des immobilisations corporelles,Accumulated Depreciation,,,Comptes d'Immobilisations / Amortissements des immobilisations / Amortissements des immobilisations corporelles / Autres immobilisations corporelles (même ventilation que celle du compte 218),contra
28187,Mali de fusion sur actifs corporels,asset,accumulated_depreciation,credit,0,,Comptes d'Immobilisations / Amortissements des immobilisations / Amortissements des immobilisations corporelles / Autres immobilisations corporelles (même ventilation que celle du compte 218),Accumulated Depreciation,,,Comptes d'Immobilisations / Amortissements des immobilisations / Amortissements des immobilisations corporelles / Autres immobilisations corporelles (même ventilation que celle du compte 218) / Mali de fusion sur actifs corporels,contra
282,Amortissements des immobilisations mises en concession,asset,unspecified,debit,0,,Comptes d'Immobilisations / Amortissements des immobilisations,,,,Comptes d'Immobilisations / Amortissements des immobilisations / Amortissements des immobilisations mises en concession,
29,Dépréciations des immobilisations,asset,group,debit,1,,Comptes d'Immobilisations,,,,Comptes d'Immobilisations / Dépréciations des immobilisations,
290,Dépréciations des immobilisations incorporelles,asset,group,debit,1,,Comptes d'Immobilisations / Dépréciations des immobilisations,,,,Comptes d'Immobilisations / Dépréciations des immobilisations / Dépréciations des immobilisations incorporelles,
2905,"Marques,  procédés, droits et valeurs similaires",asset,unspecified,debit,0,,Comptes d'Immobilisations / Dépréciations des immobilisations / Dépréciations des immobilisations incorporelles,,,,"Comptes d'Immobilisations / Dépréciations des immobilisations / Dépréciations des immobilisations incorporelles / Marques,  procédés, droits et valeurs similaires",
2906,Droit au bail,asset,unspecified,debit,0,,Comptes d'Immobilisations / Dépréciations des immobilisations / Dépréciations des immobilisations incorporelles,,,,Comptes d'Immobilisations / Dépréciations des immobilisations / Dépréciations des immobilisations incorporelles / Droit au bail,
2907,Fonds commercial,asset,unspecified,debit,0,,Comptes d'Immobilisations / Dépréciations des immobilisations / Dépréciations des immobilisations incorporelles,,,,Comptes d'Immobilisations / Dépréciations des immobilisations / Dépréciations des immobilisations incorporelles / Fonds commercial,
2908,Autres immobilisations incorporelles,asset,group,debit,1,,Comptes d'Immobilisations / Dépréciations des immobilisations / Dépréciations des immobilisations incorporelles,,,,Comptes d'Immobilisations / Dépréciations des immobilisations / Dépréciations des immobilisations incorporelles / Autres immobilisations incorporelles,
29081,Mali de fusion sur actifs incorporels,asset,unspecified,debit,0,,Comptes d'Immobilisations / Dépréciations des immobilisations / Dépréciations des immobilisations incorporelles / Autres immobilisations incorporelles,,,,Comptes d'Immobilisations / Dépréciations des immobilisations / Dépréciations des immobilisations incorporelles / Autres immobilisations incorporelles / Mali de fusion sur actifs incorporels,
291,Dépréciations des immobilisations corporelles (même ventilation que celle du compte 21),asset,group,debit,1,,Comptes d'Immobilisations / Dépréciations des immobilisations,,,,Comptes d'Immobilisations / Dépréciations des immobilisations / Dépréciations des immobilisations corporelles (même ventilation que celle du compte 21),
2911,Terrains (autres que terrains de gisement),asset,group,debit,1,,Comptes d'Immobilisations / Dépréciations des immobilisations / Dépréciations des immobilisations corporelles (même ventilation que celle du compte 21),,,,Comptes d'Immobilisations / Dépréciations des immobilisations / Dépréciations des immobilisations corporelles (même ventilation que celle du compte 21) / Terrains (autres que terrains de gisement),
29187,Mali de fusion sur actifs corporels,asset,unspecified,debit,0,,Comptes d'Immobilisations / Dépréciations des immobilisations / Dépréciations des immobilisations corporelles (même ventilation que celle du compte 21) / Terrains (autres que terrains de gisement),,,,Comptes d'Immobilisations / Dépréciations des immobilisations / Dépréciations des immobilisations corporelles (même ventilation que celle du compte 21) / Terrains (autres que terrains de gisement) / Mali de fusion sur actifs corporels,
292,Dépréciations des immobilisations mises en concession,asset,unspecified,debit,0,,Comptes d'Immobilisations / Dépréciations des immobilisations,,,,Comptes d'Immobilisations / Dépréciations des immobilisations / Dépréciations des immobilisations mises en concession,
293,Dépréciations des immobilisations en cours,asset,group,debit,1,,Comptes d'Immobilisations / Dépréciations des immobilisations,,,,Comptes d'Immobilisations / Dépréciations des immobilisations / Dépréciations des immobilisations en cours,
2931,Immobilisations corporelles en cours,asset,unspecified,debit,0,,Comptes d'Immobilisations / Dépréciations des immobilisations / Dépréciations des immobilisations en cours,,,,Comptes d'Immobilisations / Dépréciations des immobilisations / Dépréciations des immobilisations en cours / Immobilisations corporelles en cours,
2932,Immobilisations incorporelles en cours,asset,unspecified,debit,0,,Comptes d'Immobilisations / Dépréciations des immobilisations / Dépréciations des immobilisations en cours,,,,Comptes d'Immobilisations / Dépréciations des immobilisations / Dépréciations des immobilisations en cours / Immobilisations incorporelles en cours,
296,Dépréciations des participations et créances rattachées à des participations,asset,group,debit,1,,Comptes d'Immobilisations / Dépréciations des immobilisations,,,,Comptes d'Immobilisations / Dépréciations des immobilisations / Dépréciations des participations et créances rattachées à des participations,
2961,Titres de participation,asset,unspecified,debit,0,,Comptes d'Immobilisations / Dépréciations des immobilisations / Dépréciations des participations et créances rattachées à des participations,,,,Comptes d'Immobilisations / Dépréciations des immobilisations / Dépréciations des participations et créances rattachées à des participations / Titres de participation,
2966,Autres formes de participation,asset,unspecified,debit,0,,Comptes d'Immobilisations / Dépréciations des immobilisations / Dépréciations des participations et créances rattachées à des participations,,,,Comptes d'Immobilisations / Dépréciations des immobilisations / Dépréciations des participations et créances rattachées à des participations / Autres formes de participation,
2967,Créances rattachées à des participations (même ventilation que celle du compte 267),asset,unspecified,debit,0,,Comptes d'Immobilisations / Dépréciations des immobilisations / Dépréciations des participations et créances rattachées à des participations,,,,Comptes d'Immobilisations / Dépréciations des immobilisations / Dépréciations des participations et créances rattachées à des participations / Créances rattachées à des participations (même ventilation que celle du compte 267),
2968,Créances rattachées à des sociétés en participation (même ventilation que celle du compte 268),asset,unspecified,debit,0,,Comptes d'Immobilisations / Dépréciations des immobilisations / Dépréciations des participations et créances rattachées à des participations,,,,Comptes d'Immobilisations / Dépréciations des immobilisations / Dépréciations des participations et créances rattachées à des participations / Créances rattachées à des sociétés en participation (même ventilation que celle du compte 268),
297,Dépréciations des autres immobilisations financières,asset,group,debit,1,,Comptes d'Immobilisations / Dépréciations des immobilisations,,,,Comptes d'Immobilisations / Dépréciations des immobilisations / Dépréciations des autres immobilisations financières,
2971,Titres immobilisés autres que les titres immobilisés de l'activité de portefeuille - droit de propriété,asset,unspecified,debit,0,,Comptes d'Immobilisations / Dépréciations des immobilisations / Dépréciations des autres immobilisations financières,,,,Comptes d'Immobilisations / Dépréciations des immobilisations / Dépréciations des autres immobilisations financières / Titres immobilisés autres que les titres immobilisés de l'activité de portefeuille - droit de propriété,
2972,Titres immobilisés - droit de créance (même ventilation que celle du compte 272),asset,unspecified,debit,0,,Comptes d'Immobilisations / Dépréciations des immobilisations / Dépréciations des autres immobilisations financières,,,,Comptes d'Immobilisations / Dépréciations des immobilisations / Dépréciations des autres immobilisations financières / Titres immobilisés - droit de créance (même ventilation que celle du compte 272),
2973,Titres immobilisés de l'activité de portefuille,asset,unspecified,debit,0,,Comptes d'Immobilisations / Dépréciations des immobilisations / Dépréciations des autres immobilisations financières,,,,Comptes d'Immobilisations / Dépréciations des immobilisations / Dépréciations des autres immobilisations financières / Titres immobilisés de l'activité de portefuille,
2974,Prêts (même ventilation que celle du compte 274),asset,unspecified,debit,0,,Comptes d'Immobilisations / Dépréciations des immobilisations / Dépréciations des autres immobilisations financières,,,,Comptes d'Immobilisations / Dépréciations des immobilisations / Dépréciations des autres immobilisations financières / Prêts (même ventilation que celle du compte 274),
2975,Dépôts et cautionnements versés (même ventilation que celle du compte 275),asset,unspecified,debit,0,,Comptes d'Immobilisations / Dépréciations des immobilisations / Dépréciations des autres immobilisations financières,,,,Comptes d'Immobilisations / Dépréciations des immobilisations / Dépréciations des autres immobilisations financières / Dépôts et cautionnements versés (même ventilation que celle du compte 275),
2976,Autres créances immobilisées (même ventilation que celle du compte 276),asset,group,debit,1,,Comptes d'Immobilisations / Dépréciations des immobilisations / Dépréciations des autres immobilisations financières,,,,Comptes d'Immobilisations / Dépréciations des immobilisations / Dépréciations des autres immobilisations financières / Autres créances immobilisées (même ventilation que celle du compte 276),
29787,Mali de fusion sur actifs financiers,asset,unspecified,debit,0,,Comptes d'Immobilisations / Dépréciations des immobilisations / Dépréciations des autres immobilisations financières / Autres créances immobilisées (même ventilation que celle du compte 276),,,,Comptes d'Immobilisations / Dépréciations des immobilisations / Dépréciations des autres immobilisations financières / Autres créances immobilisées (même ventilation que celle du compte 276) / Mali de fusion sur actifs financiers,
294,Dépréciationsdes biens reçus par legs ou donations destinés à être cédés,asset,unspecified,debit,0,,Comptes d'Immobilisations / Dépréciations des immobilisations,,,,Comptes d'Immobilisations / Dépréciations des immobilisations / Dépréciationsdes biens reçus par legs ou donations destinés à être cédés,
24,Biens reçus par legs ou donations destinés à être cédés,asset,unspecified,debit,0,,Comptes d'Immobilisations,,,,Comptes d'Immobilisations / Biens reçus par legs ou donations destinés à être cédés,
3,Comptes de Stocks et En-Cours,asset,group,debit,1,,,,,,Comptes de Stocks et En-Cours,
31,Matières premières (et fournitures),asset,group,debit,1,,Comptes de Stocks et En-Cours,,,,Comptes de Stocks et En-Cours / Matières premières (et fournitures),
311,Matières (ou groupe) A,asset,unspecified,debit,0,,Comptes de Stocks et En-Cours / Matières premières (et fournitures),,,,Comptes de Stocks et En-Cours / Matières premières (et fournitures) / Matières (ou groupe) A,
312,Matières (ou groupe) B,asset,unspecified,debit,0,,Comptes de Stocks et En-Cours / Matières premières (et fournitures),,,,Comptes de Stocks et En-Cours / Matières premières (et fournitures) / Matières (ou groupe) B,
317,"Fournitures A, B, C, ...",asset,unspecified,debit,0,,Comptes de Stocks et En-Cours / Matières premières (et fournitures),,,,"Comptes de Stocks et En-Cours / Matières premières (et fournitures) / Fournitures A, B, C, ...",
32,Autres approvisionnements,asset,group,debit,1,,Comptes de Stocks et En-Cours,,,,Comptes de Stocks et En-Cours / Autres approvisionnements,
321,Matères consommables,asset,group,debit,1,,Comptes de Stocks et En-Cours / Autres approvisionnements,,,,Comptes de Stocks et En-Cours / Autres approvisionnements / Matères consommables,
3211,Matières (ou groupe) C,asset,unspecified,debit,0,,Comptes de Stocks et En-Cours / Autres approvisionnements / Matères consommables,,,,Comptes de Stocks et En-Cours / Autres approvisionnements / Matères consommables / Matières (ou groupe) C,
3212,Matières (ou groupe) D,asset,unspecified,debit,0,,Comptes de Stocks et En-Cours / Autres approvisionnements / Matères consommables,,,,Comptes de Stocks et En-Cours / Autres approvisionnements / Matères consommables / Matières (ou groupe) D,
322,Fournitures consommables,asset,group,debit,1,,Comptes de Stocks et En-Cours / Autres approvisionnements,,,,Comptes de Stocks et En-Cours / Autres approvisionnements / Fournitures consommables,
3221,Combustibles,asset,unspecified,debit,0,,Comptes de Stocks et En-Cours / Autres approvisionnements / Fournitures consommables,,,,Comptes de Stocks et En-Cours / Autres approvisionnements / Fournitures consommables / Combustibles,
3222,Produits d'entretien,asset,unspecified,debit,0,,Comptes de Stocks et En-Cours / Autres approvisionnements / Fournitures consommables,,,,Comptes de Stocks et En-Cours / Autres approvisionnements / Fournitures consommables / Produits d'entretien,
3223,Fournitures d'atelier et d'usine,asset,unspecified,debit,0,,Comptes de Stocks et En-Cours / Autres approvisionnements / Fournitures consommables,,,,Comptes de Stocks et En-Cours / Autres approvisionnements / Fournitures consommables / Fournitures d'atelier et d'usine,
3224,Fournitures de magasin,asset,unspecified,debit,0,,Comptes de Stocks et En-Cours / Autres approvisionnements / Fournitures consommables,,,,Comptes de Stocks et En-Cours / Autres approvisionnements / Fournitures consommables / Fournitures de magasin,
3225,Fournitures de bureau,asset,unspecified,debit,0,,Comptes de Stocks et En-Cours / Autres approvisionnements / Fournitures consommables,,,,Comptes de Stocks et En-Cours / Autres approvisionnements / Fournitures consommables / Fournitures de bureau,
326,Emballages,asset,group,debit,1,,Comptes de Stocks et En-Cours / Autres approvisionnements,,,,Comptes de Stocks et En-Cours / Autres approvisionnements / Emballages,
3261,Emballages perdus,asset,unspecified,debit,0,,Comptes de Stocks et En-Cours / Autres approvisionnements / Emballages,,,,Comptes de Stocks et En-Cours / Autres approvisionnements / Emballages / Emballages perdus,
3265,Emballages récupérables non identifiables,asset,unspecified,debit,0,,Comptes de Stocks et En-Cours / Autres approvisionnements / Emballages,,,,Comptes de Stocks et En-Cours / Autres approvisionnements / Emballages / Emballages récupérables non identifiables,
3267,Emballages à usage mixte,asset,unspecified,debit,0,,Comptes de Stocks et En-Cours / Autres approvisionnements / Emballages,,,,Comptes de Stocks et En-Cours / Autres approvisionnements / Emballages / Emballages à usage mixte,
33,En-cours de production de biens,asset,group,debit,1,,Comptes de Stocks et En-Cours,,,,Comptes de Stocks et En-Cours / En-cours de production de biens,
331,Produits en cours,asset,group,debit,1,,Comptes de Stocks et En-Cours / En-cours de production de biens,,,,Comptes de Stocks et En-Cours / En-cours de production de biens / Produits en cours,
3311,Produits en cours P1,asset,unspecified,debit,0,,Comptes de Stocks et En-Cours / En-cours de production de biens / Produits en cours,,,,Comptes de Stocks et En-Cours / En-cours de production de biens / Produits en cours / Produits en cours P1,
3312,Produits en cours P2,asset,unspecified,debit,0,,Comptes de Stocks et En-Cours / En-cours de production de biens / Produits en cours,,,,Comptes de Stocks et En-Cours / En-cours de production de biens / Produits en cours / Produits en cours P2,
335,Travaux en cours,asset,group,debit,1,,Comptes de Stocks et En-Cours / En-cours de production de biens,,,,Comptes de Stocks et En-Cours / En-cours de production de biens / Travaux en cours,
3351,Travaux en cours T1,asset,unspecified,debit,0,,Comptes de Stocks et En-Cours / En-cours de production de biens / Travaux en cours,,,,Comptes de Stocks et En-Cours / En-cours de production de biens / Travaux en cours / Travaux en cours T1,
3352,Travaux en cours T2,asset,unspecified,debit,0,,Comptes de Stocks et En-Cours / En-cours de production de biens / Travaux en cours,,,,Comptes de Stocks et En-Cours / En-cours de production de biens / Travaux en cours / Travaux en cours T2,
34,En-cours de production de services,asset,group,debit,1,,Comptes de Stocks et En-Cours,,,,Comptes de Stocks et En-Cours / En-cours de production de services,
341,Etudes en cours,asset,group,debit,1,,Comptes de Stocks et En-Cours / En-cours de production de services,,,,Comptes de Stocks et En-Cours / En-cours de production de services / Etudes en cours,
3411,Etudes en cours E1,asset,unspecified,debit,0,,Comptes de Stocks et En-Cours / En-cours de production de services / Etudes en cours,,,,Comptes de Stocks et En-Cours / En-cours de production de services / Etudes en cours / Etudes en cours E1,
3412,Etudes en cours E2,asset,unspecified,debit,0,,Comptes de Stocks et En-Cours / En-cours de production de services / Etudes en cours,,,,Comptes de Stocks et En-Cours / En-cours de production de services / Etudes en cours / Etudes en cours E2,
345,Prestations de services en cours,asset,group,debit,1,,Comptes de Stocks et En-Cours / En-cours de production de services,,,,Comptes de Stocks et En-Cours / En-cours de production de services / Prestations de services en cours,
3451,Prestations de services S1,asset,unspecified,debit,0,,Comptes de Stocks et En-Cours / En-cours de production de services / Prestations de services en cours,,,,Comptes de Stocks et En-Cours / En-cours de production de services / Prestations de services en cours / Prestations de services S1,
3452,Prestations de services S2,asset,unspecified,debit,0,,Comptes de Stocks et En-Cours / En-cours de production de services / Prestations de services en cours,,,,Comptes de Stocks et En-Cours / En-cours de production de services / Prestations de services en cours / Prestations de services S2,
35,Stocks de produits,asset,inventory,debit,1,,Comptes de Stocks et En-Cours,Stock,,,Comptes de Stocks et En-Cours / Stocks de produits,
351,Produits intermédiaires,asset,inventory,debit,1,,Comptes de Stocks et En-Cours / Stocks de produits,Stock,,,Comptes de Stocks et En-Cours / Stocks de produits / Produits intermédiaires,
3511,Produits intermédiaires (ou groupe) A,asset,inventory,debit,1,,Comptes de Stocks et En-Cours / Stocks de produits / Produits intermédiaires,Stock,,,Comptes de Stocks et En-Cours / Stocks de produits / Produits intermédiaires / Produits intermédiaires (ou groupe) A,
3512,Produits intermédiaires (ou groupe) B,asset,inventory,debit,1,,Comptes de Stocks et En-Cours / Stocks de produits / Produits intermédiaires,Stock,,,Comptes de Stocks et En-Cours / Stocks de produits / Produits intermédiaires / Produits intermédiaires (ou groupe) B,
355,Produits finis,asset,inventory,debit,1,,Comptes de Stocks et En-Cours / Stocks de produits,Stock,,,Comptes de Stocks et En-Cours / Stocks de produits / Produits finis,
3551,Produits finis (ou groupe) A,asset,inventory,debit,1,,Comptes de Stocks et En-Cours / Stocks de produits / Produits finis,Stock,,,Comptes de Stocks et En-Cours / Stocks de produits / Produits finis / Produits finis (ou groupe) A,
3552,Produits finis (ou groupe) B,asset,inventory,debit,1,,Comptes de Stocks et En-Cours / Stocks de produits / Produits finis,Stock,,,Comptes de Stocks et En-Cours / Stocks de produits / Produits finis / Produits finis (ou groupe) B,
358,Produits résiduels (ou matières de récupération),asset,inventory,debit,1,,Comptes de Stocks et En-Cours / Stocks de produits,Stock,,,Comptes de Stocks et En-Cours / Stocks de produits / Produits résiduels (ou matières de récupération),
3581,Déchets,asset,inventory,debit,1,,Comptes de Stocks et En-Cours / Stocks de produits / Produits résiduels (ou matières de récupération),Stock,,,Comptes de Stocks et En-Cours / Stocks de produits / Produits résiduels (ou matières de récupération) / Déchets,
3585,Rebuts,asset,inventory,debit,1,,Comptes de Stocks et En-Cours / Stocks de produits / Produits résiduels (ou matières de récupération),Stock,,,Comptes de Stocks et En-Cours / Stocks de produits / Produits résiduels (ou matières de récupération) / Rebuts,
3586,Matières de récupération,asset,inventory,debit,1,,Comptes de Stocks et En-Cours / Stocks de produits / Produits résiduels (ou matières de récupération),Stock,,,Comptes de Stocks et En-Cours / Stocks de produits / Produits résiduels (ou matières de récupération) / Matières de récupération,
36,"(Compte à ouvrir, le cas échéant, sous l'intitulé ""stocks provenant d'immobilisations"")",asset,unspecified,debit,0,,Comptes de Stocks et En-Cours,,,,"Comptes de Stocks et En-Cours / (Compte à ouvrir, le cas échéant, sous l'intitulé ""stocks provenant d'immobilisations"")",
37,Stocks de marchandises,asset,group,debit,1,,Comptes de Stocks et En-Cours,,,,Comptes de Stocks et En-Cours / Stocks de marchandises,
371,Marchandises (ou groupe) A,asset,unspecified,debit,0,,Comptes de Stocks et En-Cours / Stocks de marchandises,,,,Comptes de Stocks et En-Cours / Stocks de marchandises / Marchandises (ou groupe) A,
372,Marchandises (ou groupe) B,asset,unspecified,debit,0,,Comptes de Stocks et En-Cours / Stocks de marchandises,,,,Comptes de Stocks et En-Cours / Stocks de marchandises / Marchandises (ou groupe) B,
38,"Stocks en voie d'acheminement, mis en dépôt ou donnés en consignation (en cas d'inventaire permanent en comptabilité générale)",asset,inventory,debit,0,,Comptes de Stocks et En-Cours,Stock,,,"Comptes de Stocks et En-Cours / Stocks en voie d'acheminement, mis en dépôt ou donnés en consignation (en cas d'inventaire permanent en comptabilité générale)",
39,Dépréciations des stocks et en-cours,asset,group,debit,1,,Comptes de Stocks et En-Cours,,,,Comptes de Stocks et En-Cours / Dépréciations des stocks et en-cours,
391,Dépréciations des matières premières (et fournitures),asset,group,debit,1,,Comptes de Stocks et En-Cours / Dépréciations des stocks et en-cours,,,,Comptes de Stocks et En-Cours / Dépréciations des stocks et en-cours / Dépréciations des matières premières (et fournitures),
3911,Matières (ou groupe) A,asset,unspecified,debit,0,,Comptes de Stocks et En-Cours / Dépréciations des stocks et en-cours / Dépréciations des matières premières (et fournitures),,,,Comptes de Stocks et En-Cours / Dépréciations des stocks et en-cours / Dépréciations des matières premières (et fournitures) / Matières (ou groupe) A,
3912,Matières (ou groupe) B,asset,unspecified,debit,0,,Comptes de Stocks et En-Cours / Dépréciations des stocks et en-cours / Dépréciations des matières premières (et fournitures),,,,Comptes de Stocks et En-Cours / Dépréciations des stocks et en-cours / Dépréciations des matières premières (et fournitures) / Matières (ou groupe) B,
3917,"Fournitures A, B, C, ...",asset,unspecified,debit,0,,Comptes de Stocks et En-Cours / Dépréciations des stocks et en-cours / Dépréciations des matières premières (et fournitures),,,,"Comptes de Stocks et En-Cours / Dépréciations des stocks et en-cours / Dépréciations des matières premières (et fournitures) / Fournitures A, B, C, ...",
392,Dépréciations des autres approvisionnements,asset,group,debit,1,,Comptes de Stocks et En-Cours / Dépréciations des stocks et en-cours,,,,Comptes de Stocks et En-Cours / Dépréciations des stocks et en-cours / Dépréciations des autres approvisionnements,
3921,Matières consommables (même ventilation que celle du compte 321),asset,unspecified,debit,0,,Comptes de Stocks et En-Cours / Dépréciations des stocks et en-cours / Dépréciations des autres approvisionnements,,,,Comptes de Stocks et En-Cours / Dépréciations des stocks et en-cours / Dépréciations des autres approvisionnements / Matières consommables (même ventilation que celle du compte 321),
3922,Fournitures consommables (même ventilation que celle du compte 322),asset,unspecified,debit,0,,Comptes de Stocks et En-Cours / Dépréciations des stocks et en-cours / Dépréciations des autres approvisionnements,,,,Comptes de Stocks et En-Cours / Dépréciations des stocks et en-cours / Dépréciations des autres approvisionnements / Fournitures consommables (même ventilation que celle du compte 322),
3926,Emballages (même ventilation que celle du compte 326),asset,unspecified,debit,0,,Comptes de Stocks et En-Cours / Dépréciations des stocks et en-cours / Dépréciations des autres approvisionnements,,,,Comptes de Stocks et En-Cours / Dépréciations des stocks et en-cours / Dépréciations des autres approvisionnements / Emballages (même ventilation que celle du compte 326),
393,Dépréciations des en-cours de production de biens,asset,group,debit,1,,Comptes de Stocks et En-Cours / Dépréciations des stocks et en-cours,,,,Comptes de Stocks et En-Cours / Dépréciations des stocks et en-cours / Dépréciations des en-cours de production de biens,
3931,Etudes en cours (même ventilation que celle du compte 341),asset,unspecified,debit,0,,Comptes de Stocks et En-Cours / Dépréciations des stocks et en-cours / Dépréciations des en-cours de production de biens,,,,Comptes de Stocks et En-Cours / Dépréciations des stocks et en-cours / Dépréciations des en-cours de production de biens / Etudes en cours (même ventilation que celle du compte 341),
3935,Travaux en cours (même ventilation que celle du compte 335),asset,unspecified,debit,0,,Comptes de Stocks et En-Cours / Dépréciations des stocks et en-cours / Dépréciations des en-cours de production de biens,,,,Comptes de Stocks et En-Cours / Dépréciations des stocks et en-cours / Dépréciations des en-cours de production de biens / Travaux en cours (même ventilation que celle du compte 335),
394,Dépréciations des en-cours de production de services,asset,group,debit,1,,Comptes de Stocks et En-Cours / Dépréciations des stocks et en-cours,,,,Comptes de Stocks et En-Cours / Dépréciations des stocks et en-cours / Dépréciations des en-cours de production de services,
3941,Etudes en cours (même ventilation que celle du compte 341),asset,unspecified,debit,0,,Comptes de Stocks et En-Cours / Dépréciations des stocks et en-cours / Dépréciations des en-cours de production de services,,,,Comptes de Stocks et En-Cours / Dépréciations des stocks et en-cours / Dépréciations des en-cours de production de services / Etudes en cours (même ventilation que celle du compte 341),
3945,Prestations de services en cours (même ventilation que celle du compte 345),asset,unspecified,debit,0,,Comptes de Stocks et En-Cours / Dépréciations des stocks et en-cours / Dépréciations des en-cours de production de services,,,,Comptes de Stocks et En-Cours / Dépréciations des stocks et en-cours / Dépréciations des en-cours de production de services / Prestations de services en cours (même ventilation que celle du compte 345),
395,Dépréciations des stocks de produits,asset,group,debit,1,,Comptes de Stocks et En-Cours / Dépréciations des stocks et en-cours,,,,Comptes de Stocks et En-Cours / Dépréciations des stocks et en-cours / Dépréciations des stocks de produits,
3951,Produits intermédiaires (même ventilation que celle du compte 351),asset,unspecified,debit,0,,Comptes de Stocks et En-Cours / Dépréciations des stocks et en-cours / Dépréciations des stocks de produits,,,,Comptes de Stocks et En-Cours / Dépréciations des stocks et en-cours / Dépréciations des stocks de produits / Produits intermédiaires (même ventilation que celle du compte 351),
3955,Produits finis (même ventilation que celle du compte 355),asset,unspecified,debit,0,,Comptes de Stocks et En-Cours / Dépréciations des stocks et en-cours / Dépréciations des stocks de produits,,,,Comptes de Stocks et En-Cours / Dépréciations des stocks et en-cours / Dépréciations des stocks de produits / Produits finis (même ventilation que celle du compte 355),
397,Dépréciations des stocks de marchandises,asset,group,debit,1,,Comptes de Stocks et En-Cours / Dépréciations des stocks et en-cours,,,,Comptes de Stocks et En-Cours / Dépréciations des stocks et en-cours / Dépréciations des stocks de marchandises,
3971,Marchandise (ou groupe) A,asset,unspecified,debit,0,,Comptes de Stocks et En-Cours / Dépréciations des stocks et en-cours / Dépréciations des stocks de marchandises,,,,Comptes de Stocks et En-Cours / Dépréciations des stocks et en-cours / Dépréciations des stocks de marchandises / Marchandise (ou groupe) A,
3972,Marchandise (ou groupe) B,asset,unspecified,debit,0,,Comptes de Stocks et En-Cours / Dépréciations des stocks et en-cours / Dépréciations des stocks de marchandises,,,,Comptes de Stocks et En-Cours / Dépréciations des stocks et en-cours / Dépréciations des stocks de marchandises / Marchandise (ou groupe) B,
,4-Comptes de Tiers (ACTIF),asset,group,debit,1,,,,,,4-Comptes de Tiers (ACTIF),
,40-Fournisseurs et Comptes Rattachés (ACTIF),asset,group,debit,1,,4-Comptes de Tiers (ACTIF),,,,4-Comptes de Tiers (ACTIF) / 40-Fournisseurs et Comptes Rattachés (ACTIF),
409,Fournisseurs débiteurs,asset,group,debit,1,,4-Comptes de Tiers (ACTIF) / 40-Fournisseurs et Comptes Rattachés (ACTIF),,,,4-Comptes de Tiers (ACTIF) / 40-Fournisseurs et Comptes Rattachés (ACTIF) / Fournisseurs débiteurs,
4091,Fournisseurs - Avances et acomptes versés sur commandes,asset,unspecified,debit,0,,4-Comptes de Tiers (ACTIF) / 40-Fournisseurs et Comptes Rattachés (ACTIF) / Fournisseurs débiteurs,,,,4-Comptes de Tiers (ACTIF) / 40-Fournisseurs et Comptes Rattachés (ACTIF) / Fournisseurs débiteurs / Fournisseurs - Avances et acomptes versés sur commandes,
4096,Fournisseurs - Créances pour emballages et matériel à rendre,asset,unspecified,debit,0,,4-Comptes de Tiers (ACTIF) / 40-Fournisseurs et Comptes Rattachés (ACTIF) / Fournisseurs débiteurs,,,,4-Comptes de Tiers (ACTIF) / 40-Fournisseurs et Comptes Rattachés (ACTIF) / Fournisseurs débiteurs / Fournisseurs - Créances pour emballages et matériel à rendre,
4097,Fournisseurs - Autres avoirs,asset,group,debit,1,,4-Comptes de Tiers (ACTIF) / 40-Fournisseurs et Comptes Rattachés (ACTIF) / Fournisseurs débiteurs,,,,4-Comptes de Tiers (ACTIF) / 40-Fournisseurs et Comptes Rattachés (ACTIF) / Fournisseurs débiteurs / Fournisseurs - Autres avoirs,
40971,Fournisseurs d'exploitation,asset,unspecified,debit,0,,4-Comptes de Tiers (ACTIF) / 40-Fournisseurs et Comptes Rattachés (ACTIF) / Fournisseurs débiteurs / Fournisseurs - Autres avoirs,,,,4-Comptes de Tiers (ACTIF) / 40-Fournisseurs et Comptes Rattachés (ACTIF) / Fournisseurs débiteurs / Fournisseurs - Autres avoirs / Fournisseurs d'exploitation,
40974,Fournisseurs d'immobilisation,asset,unspecified,debit,0,,4-Comptes de Tiers (ACTIF) / 40-Fournisseurs et Comptes Rattachés (ACTIF) / Fournisseurs débiteurs / Fournisseurs - Autres avoirs,,,,4-Comptes de Tiers (ACTIF) / 40-Fournisseurs et Comptes Rattachés (ACTIF) / Fournisseurs débiteurs / Fournisseurs - Autres avoirs / Fournisseurs d'immobilisation,
4098,"Rabais, remises, ristournes à obtenir et autres avoirs non encore reçus",asset,unspecified,debit,0,,4-Comptes de Tiers (ACTIF) / 40-Fournisseurs et Comptes Rattachés (ACTIF) / Fournisseurs débiteurs,,,,"4-Comptes de Tiers (ACTIF) / 40-Fournisseurs et Comptes Rattachés (ACTIF) / Fournisseurs débiteurs / Rabais, remises, ristournes à obtenir et autres avoirs non encore reçus",
,41-Clients et comptes rattachés (ACTIF),asset,receivable,debit,1,,4-Comptes de Tiers (ACTIF),Receivable,,,4-Comptes de Tiers (ACTIF) / 41-Clients et comptes rattachés (ACTIF),
410,Clients et Comptes rattachés,asset,receivable,debit,0,receivables,4-Comptes de Tiers (ACTIF) / 41-Clients et comptes rattachés (ACTIF),Receivable,,,4-Comptes de Tiers (ACTIF) / 41-Clients et comptes rattachés (ACTIF) / Clients et Comptes rattachés,
411,Clients,asset,receivable,debit,1,,4-Comptes de Tiers (ACTIF) / 41-Clients et comptes rattachés (ACTIF),Receivable,,,4-Comptes de Tiers (ACTIF) / 41-Clients et comptes rattachés (ACTIF) / Clients,
4111,Clients - Ventes de biens ou de prestations de services,asset,receivable,debit,0,receivables,4-Comptes de Tiers (ACTIF) / 41-Clients et comptes rattachés (ACTIF) / Clients,Receivable,,,4-Comptes de Tiers (ACTIF) / 41-Clients et comptes rattachés (ACTIF) / Clients / Clients - Ventes de biens ou de prestations de services,
4117,Clients - Retenues de garantie,asset,receivable,debit,0,receivables,4-Comptes de Tiers (ACTIF) / 41-Clients et comptes rattachés (ACTIF) / Clients,Receivable,,,4-Comptes de Tiers (ACTIF) / 41-Clients et comptes rattachés (ACTIF) / Clients / Clients - Retenues de garantie,
413,Clients - Effets à recevoir,asset,receivable,debit,0,receivables,4-Comptes de Tiers (ACTIF) / 41-Clients et comptes rattachés (ACTIF),Receivable,,,4-Comptes de Tiers (ACTIF) / 41-Clients et comptes rattachés (ACTIF) / Clients - Effets à recevoir,
416,Clients douteux ou litigieux,asset,receivable,debit,0,receivables,4-Comptes de Tiers (ACTIF) / 41-Clients et comptes rattachés (ACTIF),Receivable,,,4-Comptes de Tiers (ACTIF) / 41-Clients et comptes rattachés (ACTIF) / Clients douteux ou litigieux,
418,Clients - Produits non encore facturés,asset,receivable,debit,1,,4-Comptes de Tiers (ACTIF) / 41-Clients et comptes rattachés (ACTIF),Receivable,,,4-Comptes de Tiers (ACTIF) / 41-Clients et comptes rattachés (ACTIF) / Clients - Produits non encore facturés,
4181,Clients - Factures à établir,asset,receivable,debit,0,receivables,4-Comptes de Tiers (ACTIF) / 41-Clients et comptes rattachés (ACTIF) / Clients - Produits non encore facturés,Receivable,,,4-Comptes de Tiers (ACTIF) / 41-Clients et comptes rattachés (ACTIF) / Clients - Produits non encore facturés / Clients - Factures à établir,
4188,Clients - Intérêts courus,asset,receivable,debit,0,receivables,4-Comptes de Tiers (ACTIF) / 41-Clients et comptes rattachés (ACTIF) / Clients - Produits non encore facturés,Receivable,,,4-Comptes de Tiers (ACTIF) / 41-Clients et comptes rattachés (ACTIF) / Clients - Produits non encore facturés / Clients - Intérêts courus,
,42-Personnel et comptes rattachés (ACTIF),asset,group,debit,1,,4-Comptes de Tiers (ACTIF),,,,4-Comptes de Tiers (ACTIF) / 42-Personnel et comptes rattachés (ACTIF),
425,Personnel - Avances et acomptes,asset,unspecified,debit,0,,4-Comptes de Tiers (ACTIF) / 42-Personnel et comptes rattachés (ACTIF),,,,4-Comptes de Tiers (ACTIF) / 42-Personnel et comptes rattachés (ACTIF) / Personnel - Avances et acomptes,
,43-Sécurité sociale et autres organismes sociaux (ACTIF),asset,group,debit,1,,4-Comptes de Tiers (ACTIF),,,,4-Comptes de Tiers (ACTIF) / 43-Sécurité sociale et autres organismes sociaux (ACTIF),
431,Sécurité sociale,asset,unspecified,debit,0,,4-Comptes de Tiers (ACTIF) / 43-Sécurité sociale et autres organismes sociaux (ACTIF),,,,4-Comptes de Tiers (ACTIF) / 43-Sécurité sociale et autres organismes sociaux (ACTIF) / Sécurité sociale,
437,Autres organismes sociaux,asset,unspecified,debit,0,,4-Comptes de Tiers (ACTIF) / 43-Sécurité sociale et autres organismes sociaux (ACTIF),,,,4-Comptes de Tiers (ACTIF) / 43-Sécurité sociale et autres organismes sociaux (ACTIF) / Autres organismes sociaux,
,438-Organismes sociaux - Produits à recevoir,asset,group,debit,1,,4-Comptes de Tiers (ACTIF) / 43-Sécurité sociale et autres organismes sociaux (ACTIF),,,,4-Comptes de Tiers (ACTIF) / 43-Sécurité sociale et autres organismes sociaux (ACTIF) / 438-Organismes sociaux - Produits à recevoir,
4387,Produits à recevoir,asset,unspecified,debit,0,,4-Comptes de Tiers (ACTIF) / 43-Sécurité sociale et autres organismes sociaux (ACTIF) / 438-Organismes sociaux - Produits à recevoir,,,,4-Comptes de Tiers (ACTIF) / 43-Sécurité sociale et autres organismes sociaux (ACTIF) / 438-Organismes sociaux - Produits à recevoir / Produits à recevoir,
,44-Etat et autres collectivités publiques (ACTIF),asset,group,debit,1,,4-Comptes de Tiers (ACTIF),,,,4-Comptes de Tiers (ACTIF) / 44-Etat et autres collectivités publiques (ACTIF),
441,Etat - Subventions à recevoir,asset,group,debit,1,,4-Comptes de Tiers (ACTIF) / 44-Etat et autres collectivités publiques (ACTIF),,,,4-Comptes de Tiers (ACTIF) / 44-Etat et autres collectivités publiques (ACTIF) / Etat - Subventions à recevoir,
4411,Subventions d'investissement,asset,unspecified,debit,0,,4-Comptes de Tiers (ACTIF) / 44-Etat et autres collectivités publiques (ACTIF) / Etat - Subventions à recevoir,,,,4-Comptes de Tiers (ACTIF) / 44-Etat et autres collectivités publiques (ACTIF) / Etat - Subventions à recevoir / Subventions d'investissement,
4417,Subventions d'exploitation,asset,unspecified,debit,0,,4-Comptes de Tiers (ACTIF) / 44-Etat et autres collectivités publiques (ACTIF) / Etat - Subventions à recevoir,,,,4-Comptes de Tiers (ACTIF) / 44-Etat et autres collectivités publiques (ACTIF) / Etat - Subventions à recevoir / Subventions d'exploitation,
4418,Subventions d'équilibre,asset,unspecified,debit,0,,4-Comptes de Tiers (ACTIF) / 44-Etat et autres collectivités publiques (ACTIF) / Etat - Subventions à recevoir,,,,4-Comptes de Tiers (ACTIF) / 44-Etat et autres collectivités publiques (ACTIF) / Etat - Subventions à recevoir / Subventions d'équilibre,
4419,Avances sur subventions,asset,unspecified,debit,0,,4-Comptes de Tiers (ACTIF) / 44-Etat et autres collectivités publiques (ACTIF) / Etat - Subventions à recevoir,,,,4-Comptes de Tiers (ACTIF) / 44-Etat et autres collectivités publiques (ACTIF) / Etat - Subventions à recevoir / Avances sur subventions,
443,"Opérations particulières avec l'Etat, les collectivités publiques, les organismes internationaux",asset,group,debit,1,,4-Comptes de Tiers (ACTIF) / 44-Etat et autres collectivités publiques (ACTIF),,,,"4-Comptes de Tiers (ACTIF) / 44-Etat et autres collectivités publiques (ACTIF) / Opérations particulières avec l'Etat, les collectivités publiques, les organismes internationaux",
4431,Créances sur l'Etat résultant de la suppression de la règle du décalage d'un mois en matière de TVA,asset,unspecified,debit,0,,"4-Comptes de Tiers (ACTIF) / 44-Etat et autres collectivités publiques (ACTIF) / Opérations particulières avec l'Etat, les collectivités publiques, les organismes internationaux",,,,"4-Comptes de Tiers (ACTIF) / 44-Etat et autres collectivités publiques (ACTIF) / Opérations particulières avec l'Etat, les collectivités publiques, les organismes internationaux / Créances sur l'Etat résultant de la suppression de la règle du décalage d'un mois en matière de TVA",
4438,Intérêts courus sur créances figurant au compte 4431,asset,unspecified,debit,0,,"4-Comptes de Tiers (ACTIF) / 44-Etat et autres collectivités publiques (ACTIF) / Opérations particulières avec l'Etat, les collectivités publiques, les organismes internationaux",,,,"4-Comptes de Tiers (ACTIF) / 44-Etat et autres collectivités publiques (ACTIF) / Opérations particulières avec l'Etat, les collectivités publiques, les organismes internationaux / Intérêts courus sur créances figurant au compte 4431",
,Etat - Taxes sur le chiffre d'affaires (ACTIF),asset,group,debit,1,,4-Comptes de Tiers (ACTIF) / 44-Etat et autres collectivités publiques (ACTIF),,,,4-Comptes de Tiers (ACTIF) / 44-Etat et autres collectivités publiques (ACTIF) / Etat - Taxes sur le chiffre d'affaires (ACTIF),
4452,TVA due intracommunautaire,asset,unspecified,debit,0,,4-Comptes de Tiers (ACTIF) / 44-Etat et autres collectivités publiques (ACTIF) / Etat - Taxes sur le chiffre d'affaires (ACTIF),,,,4-Comptes de Tiers (ACTIF) / 44-Etat et autres collectivités publiques (ACTIF) / Etat - Taxes sur le chiffre d'affaires (ACTIF) / TVA due intracommunautaire,
4456,Taxes sur le chiffre d'affaires déductibles,asset,group,debit,1,,4-Comptes de Tiers (ACTIF) / 44-Etat et autres collectivités publiques (ACTIF) / Etat - Taxes sur le chiffre d'affaires (ACTIF),,,,4-Comptes de Tiers (ACTIF) / 44-Etat et autres collectivités publiques (ACTIF) / Etat - Taxes sur le chiffre d'affaires (ACTIF) / Taxes sur le chiffre d'affaires déductibles,
44562,TVA sur immobilisations,asset,unspecified,debit,0,,4-Comptes de Tiers (ACTIF) / 44-Etat et autres collectivités publiques (ACTIF) / Etat - Taxes sur le chiffre d'affaires (ACTIF) / Taxes sur le chiffre d'affaires déductibles,,,,4-Comptes de Tiers (ACTIF) / 44-Etat et autres collectivités publiques (ACTIF) / Etat - Taxes sur le chiffre d'affaires (ACTIF) / Taxes sur le chiffre d'affaires déductibles / TVA sur immobilisations,
44563,TVA transférée par d'autres entreprises,asset,unspecified,debit,0,,4-Comptes de Tiers (ACTIF) / 44-Etat et autres collectivités publiques (ACTIF) / Etat - Taxes sur le chiffre d'affaires (ACTIF) / Taxes sur le chiffre d'affaires déductibles,,,,4-Comptes de Tiers (ACTIF) / 44-Etat et autres collectivités publiques (ACTIF) / Etat - Taxes sur le chiffre d'affaires (ACTIF) / Taxes sur le chiffre d'affaires déductibles / TVA transférée par d'autres entreprises,
44566,TVA sur autres biens et services,asset,unspecified,debit,0,,4-Comptes de Tiers (ACTIF) / 44-Etat et autres collectivités publiques (ACTIF) / Etat - Taxes sur le chiffre d'affaires (ACTIF) / Taxes sur le chiffre d'affaires déductibles,,,,4-Comptes de Tiers (ACTIF) / 44-Etat et autres collectivités publiques (ACTIF) / Etat - Taxes sur le chiffre d'affaires (ACTIF) / Taxes sur le chiffre d'affaires déductibles / TVA sur autres biens et services,
44567,Crédit de TVA à reporter,asset,unspecified,debit,0,,4-Comptes de Tiers (ACTIF) / 44-Etat et autres collectivités publiques (ACTIF) / Etat - Taxes sur le chiffre d'affaires (ACTIF) / Taxes sur le chiffre d'affaires déductibles,,,,4-Comptes de Tiers (ACTIF) / 44-Etat et autres collectivités publiques (ACTIF) / Etat - Taxes sur le chiffre d'affaires (ACTIF) / Taxes sur le chiffre d'affaires déductibles / Crédit de TVA à reporter,
44568,Taxes assimilées à la TVA,asset,unspecified,debit,0,,4-Comptes de Tiers (ACTIF) / 44-Etat et autres collectivités publiques (ACTIF) / Etat - Taxes sur le chiffre d'affaires (ACTIF) / Taxes sur le chiffre d'affaires déductibles,,,,4-Comptes de Tiers (ACTIF) / 44-Etat et autres collectivités publiques (ACTIF) / Etat - Taxes sur le chiffre d'affaires (ACTIF) / Taxes sur le chiffre d'affaires déductibles / Taxes assimilées à la TVA,
,4458-Taxes sur le chiffre d'affaires à régulariser ou en attente (ACTIF),asset,group,debit,1,,4-Comptes de Tiers (ACTIF) / 44-Etat et autres collectivités publiques (ACTIF) / Etat - Taxes sur le chiffre d'affaires (ACTIF),,,,4-Comptes de Tiers (ACTIF) / 44-Etat et autres collectivités publiques (ACTIF) / Etat - Taxes sur le chiffre d'affaires (ACTIF) / 4458-Taxes sur le chiffre d'affaires à régulariser ou en attente (ACTIF),
44581,Acomptes - Régime simplifié d'imposition,asset,unspecified,debit,0,,4-Comptes de Tiers (ACTIF) / 44-Etat et autres collectivités publiques (ACTIF) / Etat - Taxes sur le chiffre d'affaires (ACTIF) / 4458-Taxes sur le chiffre d'affaires à régulariser ou en attente (ACTIF),,,,4-Comptes de Tiers (ACTIF) / 44-Etat et autres collectivités publiques (ACTIF) / Etat - Taxes sur le chiffre d'affaires (ACTIF) / 4458-Taxes sur le chiffre d'affaires à régulariser ou en attente (ACTIF) / Acomptes - Régime simplifié d'imposition,
44582,Acomptes - Régime du forfait,asset,unspecified,debit,0,,4-Comptes de Tiers (ACTIF) / 44-Etat et autres collectivités publiques (ACTIF) / Etat - Taxes sur le chiffre d'affaires (ACTIF) / 4458-Taxes sur le chiffre d'affaires à régulariser ou en attente (ACTIF),,,,4-Comptes de Tiers (ACTIF) / 44-Etat et autres collectivités publiques (ACTIF) / Etat - Taxes sur le chiffre d'affaires (ACTIF) / 4458-Taxes sur le chiffre d'affaires à régulariser ou en attente (ACTIF) / Acomptes - Régime du forfait,
44583,Remboursement de taxes sur le chiffre d'affaires demandé,asset,unspecified,debit,0,,4-Comptes de Tiers (ACTIF) / 44-Etat et autres collectivités publiques (ACTIF) / Etat - Taxes sur le chiffre d'affaires (ACTIF) / 4458-Taxes sur le chiffre d'affaires à régulariser ou en attente (ACTIF),,,,4-Comptes de Tiers (ACTIF) / 44-Etat et autres collectivités publiques (ACTIF) / Etat - Taxes sur le chiffre d'affaires (ACTIF) / 4458-Taxes sur le chiffre d'affaires à régulariser ou en attente (ACTIF) / Remboursement de taxes sur le chiffre d'affaires demandé,
44586,Taxes sur le chiffre d'affaires sur factures non parvenues,asset,unspecified,debit,0,,4-Comptes de Tiers (ACTIF) / 44-Etat et autres collectivités publiques (ACTIF) / Etat - Taxes sur le chiffre d'affaires (ACTIF) / 4458-Taxes sur le chiffre d'affaires à régulariser ou en attente (ACTIF),,,,4-Comptes de Tiers (ACTIF) / 44-Etat et autres collectivités publiques (ACTIF) / Etat - Taxes sur le chiffre d'affaires (ACTIF) / 4458-Taxes sur le chiffre d'affaires à régulariser ou en attente (ACTIF) / Taxes sur le chiffre d'affaires sur factures non parvenues,
448,Etat - Charges à payer et produits à recevoir,asset,group,debit,1,,4-Comptes de Tiers (ACTIF) / 44-Etat et autres collectivités publiques (ACTIF),,,,4-Comptes de Tiers (ACTIF) / 44-Etat et autres collectivités publiques (ACTIF) / Etat - Charges à payer et produits à recevoir,
4482,Charges fiscales sur congés à payer,asset,unspecified,debit,0,,4-Comptes de Tiers (ACTIF) / 44-Etat et autres collectivités publiques (ACTIF) / Etat - Charges à payer et produits à recevoir,,,,4-Comptes de Tiers (ACTIF) / 44-Etat et autres collectivités publiques (ACTIF) / Etat - Charges à payer et produits à recevoir / Charges fiscales sur congés à payer,
4486,Charges à payer,asset,unspecified,debit,0,,4-Comptes de Tiers (ACTIF) / 44-Etat et autres collectivités publiques (ACTIF) / Etat - Charges à payer et produits à recevoir,,,,4-Comptes de Tiers (ACTIF) / 44-Etat et autres collectivités publiques (ACTIF) / Etat - Charges à payer et produits à recevoir / Charges à payer,
4487,Produits à recevoir,asset,unspecified,debit,0,,4-Comptes de Tiers (ACTIF) / 44-Etat et autres collectivités publiques (ACTIF) / Etat - Charges à payer et produits à recevoir,,,,4-Comptes de Tiers (ACTIF) / 44-Etat et autres collectivités publiques (ACTIF) / Etat - Charges à payer et produits à recevoir / Produits à recevoir,
,45-Groupe et associés (ACTIF),asset,group,debit,1,,4-Comptes de Tiers (ACTIF),,,,4-Comptes de Tiers (ACTIF) / 45-Groupe et associés (ACTIF),
,Associés - Opérations sur le capital (ACTIF),asset,group,debit,1,,4-Comptes de Tiers (ACTIF) / 45-Groupe et associés (ACTIF),,,,4-Comptes de Tiers (ACTIF) / 45-Groupe et associés (ACTIF) / Associés - Opérations sur le capital (ACTIF),
4562,"456-Apporteurs - Capital appelé, non versé",asset,group,debit,1,,4-Comptes de Tiers (ACTIF) / 45-Groupe et associés (ACTIF) / Associés - Opérations sur le capital (ACTIF),,,,"4-Comptes de Tiers (ACTIF) / 45-Groupe et associés (ACTIF) / Associés - Opérations sur le capital (ACTIF) / 456-Apporteurs - Capital appelé, non versé",
45621,"Actionnaires - Capital souscrit et appelé, non versé",asset,unspecified,debit,0,,"4-Comptes de Tiers (ACTIF) / 45-Groupe et associés (ACTIF) / Associés - Opérations sur le capital (ACTIF) / 456-Apporteurs - Capital appelé, non versé",,,,"4-Comptes de Tiers (ACTIF) / 45-Groupe et associés (ACTIF) / Associés - Opérations sur le capital (ACTIF) / 456-Apporteurs - Capital appelé, non versé / Actionnaires - Capital souscrit et appelé, non versé",
45625,"Associés - Capital appelé, non versé",asset,unspecified,debit,0,,"4-Comptes de Tiers (ACTIF) / 45-Groupe et associés (ACTIF) / Associés - Opérations sur le capital (ACTIF) / 456-Apporteurs - Capital appelé, non versé",,,,"4-Comptes de Tiers (ACTIF) / 45-Groupe et associés (ACTIF) / Associés - Opérations sur le capital (ACTIF) / 456-Apporteurs - Capital appelé, non versé / Associés - Capital appelé, non versé",
,46-Débiteurs divers et créditeurs divers (ACTIF),asset,group,debit,1,,4-Comptes de Tiers (ACTIF),,,,4-Comptes de Tiers (ACTIF) / 46-Débiteurs divers et créditeurs divers (ACTIF),
462,Créances sur cessions d'immobilisations,asset,unspecified,debit,0,,4-Comptes de Tiers (ACTIF) / 46-Débiteurs divers et créditeurs divers (ACTIF),,,,4-Comptes de Tiers (ACTIF) / 46-Débiteurs divers et créditeurs divers (ACTIF) / Créances sur cessions d'immobilisations,
465,Créances sur cessions de valeurs mobilières de placement,asset,unspecified,debit,0,,4-Comptes de Tiers (ACTIF) / 46-Débiteurs divers et créditeurs divers (ACTIF),,,,4-Comptes de Tiers (ACTIF) / 46-Débiteurs divers et créditeurs divers (ACTIF) / Créances sur cessions de valeurs mobilières de placement,
,467-Autres comptes débiteurs ou créditeurs (ACTIF),asset,unspecified,debit,0,,4-Comptes de Tiers (ACTIF) / 46-Débiteurs divers et créditeurs divers (ACTIF),,,,4-Comptes de Tiers (ACTIF) / 46-Débiteurs divers et créditeurs divers (ACTIF) / 467-Autres comptes débiteurs ou créditeurs (ACTIF),missing_code
,468-Divers - Charges à payer et produits à recevoir (ACTIF),asset,group,debit,1,,4-Comptes de Tiers (ACTIF) / 46-Débiteurs divers et créditeurs divers (ACTIF),,,,4-Comptes de Tiers (ACTIF) / 46-Débiteurs divers et créditeurs divers (ACTIF) / 468-Divers - Charges à payer et produits à recevoir (ACTIF),
4687,Produits à recevoir,asset,unspecified,debit,0,,4-Comptes de Tiers (ACTIF) / 46-Débiteurs divers et créditeurs divers (ACTIF) / 468-Divers - Charges à payer et produits à recevoir (ACTIF),,,,4-Comptes de Tiers (ACTIF) / 46-Débiteurs divers et créditeurs divers (ACTIF) / 468-Divers - Charges à payer et produits à recevoir (ACTIF) / Produits à recevoir,
,47-Comptes transitoires ou d'attente (ACTIF),asset,group,debit,1,,4-Comptes de Tiers (ACTIF),,,,4-Comptes de Tiers (ACTIF) / 47-Comptes transitoires ou d'attente (ACTIF),
,471-Comptes d'attente (ACTIF),asset,temporary,debit,0,,4-Comptes de Tiers (ACTIF) / 47-Comptes transitoires ou d'attente (ACTIF),Temporary,,,4-Comptes de Tiers (ACTIF) / 47-Comptes transitoires ou d'attente (ACTIF) / 471-Comptes d'attente (ACTIF),missing_code
476,Différences de conversion (ACTIF),asset,group,debit,1,,4-Comptes de Tiers (ACTIF) / 47-Comptes transitoires ou d'attente (ACTIF),,,,4-Comptes de Tiers (ACTIF) / 47-Comptes transitoires ou d'attente (ACTIF) / Différences de conversion (ACTIF),
4761,Diminution des créances,asset,unspecified,debit,0,,4-Comptes de Tiers (ACTIF) / 47-Comptes transitoires ou d'attente (ACTIF) / Différences de conversion (ACTIF),,,,4-Comptes de Tiers (ACTIF) / 47-Comptes transitoires ou d'attente (ACTIF) / Différences de conversion (ACTIF) / Diminution des créances,
4762,Augmentation des dettes,asset,unspecified,debit,0,,4-Comptes de Tiers (ACTIF) / 47-Comptes transitoires ou d'attente (ACTIF) / Différences de conversion (ACTIF),,,,4-Comptes de Tiers (ACTIF) / 47-Comptes transitoires ou d'attente (ACTIF) / Différences de conversion (ACTIF) / Augmentation des dettes,
4768,Différences compensées par couverture de change,asset,unspecified,debit,0,,4-Comptes de Tiers (ACTIF) / 47-Comptes transitoires ou d'attente (ACTIF) / Différences de conversion (ACTIF),,,,4-Comptes de Tiers (ACTIF) / 47-Comptes transitoires ou d'attente (ACTIF) / Différences de conversion (ACTIF) / Différences compensées par couverture de change,
,Autres comptes transitoires (ACTIF),asset,group,debit,1,,4-Comptes de Tiers (ACTIF) / 47-Comptes transitoires ou d'attente (ACTIF),,,,4-Comptes de Tiers (ACTIF) / 47-Comptes transitoires ou d'attente (ACTIF) / Autres comptes transitoires (ACTIF),
4781,Mali de fusion sur actif circulant,asset,unspecified,debit,0,,4-Comptes de Tiers (ACTIF) / 47-Comptes transitoires ou d'attente (ACTIF) / Autres comptes transitoires (ACTIF),,,,4-Comptes de Tiers (ACTIF) / 47-Comptes transitoires ou d'attente (ACTIF) / Autres comptes transitoires (ACTIF) / Mali de fusion sur actif circulant,
4786,478-Différences d'évaluation sur instruments de trésorerie (ACTIF),asset,unspecified,debit,0,,4-Comptes de Tiers (ACTIF) / 47-Comptes transitoires ou d'attente (ACTIF) / Autres comptes transitoires (ACTIF),,,,4-Comptes de Tiers (ACTIF) / 47-Comptes transitoires ou d'attente (ACTIF) / Autres comptes transitoires (ACTIF) / 478-Différences d'évaluation sur instruments de trésorerie (ACTIF),
,48-Comptes de régularisation (ACTIF),asset,group,debit,1,,4-Comptes de Tiers (ACTIF),,,,4-Comptes de Tiers (ACTIF) / 48-Comptes de régularisation (ACTIF),
481,Charges à répartir sur plusieurs exercices,asset,group,debit,1,,4-Comptes de Tiers (ACTIF) / 48-Comptes de régularisation (ACTIF),,,,4-Comptes de Tiers (ACTIF) / 48-Comptes de régularisation (ACTIF) / Charges à répartir sur plusieurs exercices,
4816,Frais d'émission des emprunts,asset,unspecified,debit,0,,4-Comptes de Tiers (ACTIF) / 48-Comptes de régularisation (ACTIF) / Charges à répartir sur plusieurs exercices,,,,4-Comptes de Tiers (ACTIF) / 48-Comptes de régularisation (ACTIF) / Charges à répartir sur plusieurs exercices / Frais d'émission des emprunts,
486,Charges constatées d'avance,asset,unspecified,debit,0,,4-Comptes de Tiers (ACTIF) / 48-Comptes de régularisation (ACTIF),,,,4-Comptes de Tiers (ACTIF) / 48-Comptes de régularisation (ACTIF) / Charges constatées d'avance,
,488-Comptes de répartition périodique des charges et des produits (ACTIF),asset,group,debit,1,,4-Comptes de Tiers (ACTIF) / 48-Comptes de régularisation (ACTIF),,,,4-Comptes de Tiers (ACTIF) / 48-Comptes de régularisation (ACTIF) / 488-Comptes de répartition périodique des charges et des produits (ACTIF),
4886,Charges,asset,unspecified,debit,0,,4-Comptes de Tiers (ACTIF) / 48-Comptes de régularisation (ACTIF) / 488-Comptes de répartition périodique des charges et des produits (ACTIF),,,,4-Comptes de Tiers (ACTIF) / 48-Comptes de régularisation (ACTIF) / 488-Comptes de répartition périodique des charges et des produits (ACTIF) / Charges,
,49-Dépréciation des comptes de tiers (ACTIF),asset,group,debit,1,,4-Comptes de Tiers (ACTIF),,,,4-Comptes de Tiers (ACTIF) / 49-Dépréciation des comptes de tiers (ACTIF),
491,Dépréciations des comptes clients,asset,unspecified,debit,0,,4-Comptes de Tiers (ACTIF) / 49-Dépréciation des comptes de tiers (ACTIF),,,,4-Comptes de Tiers (ACTIF) / 49-Dépréciation des comptes de tiers (ACTIF) / Dépréciations des comptes clients,
495,Dépréciations des comptes du groupe et des associés,asset,group,debit,1,,4-Comptes de Tiers (ACTIF) / 49-Dépréciation des comptes de tiers (ACTIF),,,,4-Comptes de Tiers (ACTIF) / 49-Dépréciation des comptes de tiers (ACTIF) / Dépréciations des comptes du groupe et des associés,
4951,Comptes du groupe,asset,unspecified,debit,0,,4-Comptes de Tiers (ACTIF) / 49-Dépréciation des comptes de tiers (ACTIF) / Dépréciations des comptes du groupe et des associés,,,,4-Comptes de Tiers (ACTIF) / 49-Dépréciation des comptes de tiers (ACTIF) / Dépréciations des comptes du groupe et des associés / Comptes du groupe,
4955,Comptes courants des associés,asset,unspecified,debit,0,,4-Comptes de Tiers (ACTIF) / 49-Dépréciation des comptes de tiers (ACTIF) / Dépréciations des comptes du groupe et des associés,,,,4-Comptes de Tiers (ACTIF) / 49-Dépréciation des comptes de tiers (ACTIF) / Dépréciations des comptes du groupe et des associés / Comptes courants des associés,
4958,Opérations faites en commun et en GIE,asset,unspecified,debit,0,,4-Comptes de Tiers (ACTIF) / 49-Dépréciation des comptes de tiers (ACTIF) / Dépréciations des comptes du groupe et des associés,,,,4-Comptes de Tiers (ACTIF) / 49-Dépréciation des comptes de tiers (ACTIF) / Dépréciations des comptes du groupe et des associés / Opérations faites en commun et en GIE,
496,Dépréciations des comptes de débiteurs divers,asset,group,debit,1,,4-Comptes de Tiers (ACTIF) / 49-Dépréciation des comptes de tiers (ACTIF),,,,4-Comptes de Tiers (ACTIF) / 49-Dépréciation des comptes de tiers (ACTIF) / Dépréciations des comptes de débiteurs divers,
4962,Créances sur cessions d'immobilisations,asset,unspecified,debit,0,,4-Comptes de Tiers (ACTIF) / 49-Dépréciation des comptes de tiers (ACTIF) / Dépréciations des comptes de débiteurs divers,,,,4-Comptes de Tiers (ACTIF) / 49-Dépréciation des comptes de tiers (ACTIF) / Dépréciations des comptes de débiteurs divers / Créances sur cessions d'immobilisations,
4965,Créances sur cessions de valeurs mobilières de placement,asset,unspecified,debit,0,,4-Comptes de Tiers (ACTIF) / 49-Dépréciation des comptes de tiers (ACTIF) / Dépréciations des comptes de débiteurs divers,,,,4-Comptes de Tiers (ACTIF) / 49-Dépréciation des comptes de tiers (ACTIF) / Dépréciations des comptes de débiteurs divers / Créances sur cessions de valeurs mobilières de placement,
4967,Autres comptes débiteurs,asset,unspecified,debit,0,,4-Comptes de Tiers (ACTIF) / 49-Dépréciation des comptes de tiers (ACTIF) / Dépréciations des comptes de débiteurs divers,,,,4-Comptes de Tiers (ACTIF) / 49-Dépréciation des comptes de tiers (ACTIF) / Dépréciations des comptes de débiteurs divers / Autres comptes débiteurs,
,4-Comptes de Tiers (PASSIF),liability,group,credit,1,,,,,,4-Comptes de Tiers (PASSIF),
,40-Fournisseurs et Comptes Rattachés (PASSIF),liability,payable,credit,1,,4-Comptes de Tiers (PASSIF),Payable,,,4-Comptes de Tiers (PASSIF) / 40-Fournisseurs et Comptes Rattachés (PASSIF),
401,Fournisseurs,liability,payable,credit,1,,4-Comptes de Tiers (PASSIF) / 40-Fournisseurs et Comptes Rattachés (PASSIF),Payable,,,4-Comptes de Tiers (PASSIF) / 40-Fournisseurs et Comptes Rattachés (PASSIF) / Fournisseurs,
4011,Fournisseurs - Achats de biens ou de prestations de services,liability,payable,credit,0,payables,4-Comptes de Tiers (PASSIF) / 40-Fournisseurs et Comptes Rattachés (PASSIF) / Fournisseurs,Payable,,,4-Comptes de Tiers (PASSIF) / 40-Fournisseurs et Comptes Rattachés (PASSIF) / Fournisseurs / Fournisseurs - Achats de biens ou de prestations de services,
4017,Fournisseurs - Retenues de garantie,liability,payable,credit,0,payables,4-Comptes de Tiers (PASSIF) / 40-Fournisseurs et Comptes Rattachés (PASSIF) / Fournisseurs,Payable,,,4-Comptes de Tiers (PASSIF) / 40-Fournisseurs et Comptes Rattachés (PASSIF) / Fournisseurs / Fournisseurs - Retenues de garantie,
403,Fournisseurs - Effets à payer,liability,payable,credit,0,payables,4-Comptes de Tiers (PASSIF) / 40-Fournisseurs et Comptes Rattachés (PASSIF),Payable,,,4-Comptes de Tiers (PASSIF) / 40-Fournisseurs et Comptes Rattachés (PASSIF) / Fournisseurs - Effets à payer,
404,Fournisseurs d'immobilisations,liability,payable,credit,1,,4-Comptes de Tiers (PASSIF) / 40-Fournisseurs et Comptes Rattachés (PASSIF),Payable,,,4-Comptes de Tiers (PASSIF) / 40-Fournisseurs et Comptes Rattachés (PASSIF) / Fournisseurs d'immobilisations,
4041,Fournisseurs - Achats d'immobilisations,liability,payable,credit,0,payables,4-Comptes de Tiers (PASSIF) / 40-Fournisseurs et Comptes Rattachés (PASSIF) / Fournisseurs d'immobilisations,Payable,,,4-Comptes de Tiers (PASSIF) / 40-Fournisseurs et Comptes Rattachés (PASSIF) / Fournisseurs d'immobilisations / Fournisseurs - Achats d'immobilisations,
4047,Fournisseurs d'immobilisations - Retenues de garantie,liability,payable,credit,0,payables,4-Comptes de Tiers (PASSIF) / 40-Fournisseurs et Comptes Rattachés (PASSIF) / Fournisseurs d'immobilisations,Payable,,,4-Comptes de Tiers (PASSIF) / 40-Fournisseurs et Comptes Rattachés (PASSIF) / Fournisseurs d'immobilisations / Fournisseurs d'immobilisations - Retenues de garantie,
405,Fournisseurs d'immobilisations - Effets à payer,liability,payable,credit,0,payables,4-Comptes de Tiers (PASSIF) / 40-Fournisseurs et Comptes Rattachés (PASSIF),Payable,,,4-Comptes de Tiers (PASSIF) / 40-Fournisseurs et Comptes Rattachés (PASSIF) / Fournisseurs d'immobilisations - Effets à payer,
408,Fournisseurs - Factures non parvenues,liability,stock_received_not_billed,credit,1,,4-Comptes de Tiers (PASSIF) / 40-Fournisseurs et Comptes Rattachés (PASSIF),Stock Received But Not Billed,,,4-Comptes de Tiers (PASSIF) / 40-Fournisseurs et Comptes Rattachés (PASSIF) / Fournisseurs - Factures non parvenues,
4081,Fournisseurs,liability,stock_received_not_billed,credit,0,,4-Comptes de Tiers (PASSIF) / 40-Fournisseurs et Comptes Rattachés (PASSIF) / Fournisseurs - Factures non parvenues,Stock Received But Not Billed,,,4-Comptes de Tiers (PASSIF) / 40-Fournisseurs et Comptes Rattachés (PASSIF) / Fournisseurs - Factures non parvenues / Fournisseurs,
4084,Fournisseurs d'immobilisations,liability,stock_received_not_billed,credit,0,,4-Comptes de Tiers (PASSIF) / 40-Fournisseurs et Comptes Rattachés (PASSIF) / Fournisseurs - Factures non parvenues,Stock Received But Not Billed,,,4-Comptes de Tiers (PASSIF) / 40-Fournisseurs et Comptes Rattachés (PASSIF) / Fournisseurs - Factures non parvenues / Fournisseurs d'immobilisations,
4088,Fournisseurs - Intérêts courus,liability,stock_received_not_billed,credit,0,,4-Comptes de Tiers (PASSIF) / 40-Fournisseurs et Comptes Rattachés (PASSIF) / Fournisseurs - Factures non parvenues,Stock Received But Not Billed,,,4-Comptes de Tiers (PASSIF) / 40-Fournisseurs et Comptes Rattachés (PASSIF) / Fournisseurs - Factures non parvenues / Fournisseurs - Intérêts courus,
,41-Clients et comptes rattachés (PASSIF),liability,group,credit,1,,4-Comptes de Tiers (PASSIF),,,,4-Comptes de Tiers (PASSIF) / 41-Clients et comptes rattachés (PASSIF),
419,Clients créditeurs,liability,group,credit,1,,4-Comptes de Tiers (PASSIF) / 41-Clients et comptes rattachés (PASSIF),,,,4-Comptes de Tiers (PASSIF) / 41-Clients et comptes rattachés (PASSIF) / Clients créditeurs,
4191,Clients - Avances et acomptes reçus sur commandes,liability,income,credit,0,,4-Comptes de Tiers (PASSIF) / 41-Clients et comptes rattachés (PASSIF) / Clients créditeurs,Income Account,,,4-Comptes de Tiers (PASSIF) / 41-Clients et comptes rattachés (PASSIF) / Clients créditeurs / Clients - Avances et acomptes reçus sur commandes,
4196,Clients - Dettes pour emballages et matériels consignés,liability,unspecified,credit,0,,4-Comptes de Tiers (PASSIF) / 41-Clients et comptes rattachés (PASSIF) / Clients créditeurs,,,,4-Comptes de Tiers (PASSIF) / 41-Clients et comptes rattachés (PASSIF) / Clients créditeurs / Clients - Dettes pour emballages et matériels consignés,
4197,Clients - Autres avoirs,liability,unspecified,credit,0,,4-Comptes de Tiers (PASSIF) / 41-Clients et comptes rattachés (PASSIF) / Clients créditeurs,,,,4-Comptes de Tiers (PASSIF) / 41-Clients et comptes rattachés (PASSIF) / Clients créditeurs / Clients - Autres avoirs,
4198,"Rabais, remises, ristournes à accorder et autres avoirs à établir",liability,unspecified,credit,0,,4-Comptes de Tiers (PASSIF) / 41-Clients et comptes rattachés (PASSIF) / Clients créditeurs,,,,"4-Comptes de Tiers (PASSIF) / 41-Clients et comptes rattachés (PASSIF) / Clients créditeurs / Rabais, remises, ristournes à accorder et autres avoirs à établir",
,42-Personnel et comptes rattachés (PASSIF),liability,group,credit,1,,4-Comptes de Tiers (PASSIF),,,,4-Comptes de Tiers (PASSIF) / 42-Personnel et comptes rattachés (PASSIF),
421,Personnel - Rémunérations dues,liability,unspecified,credit,0,,4-Comptes de Tiers (PASSIF) / 42-Personnel et comptes rattachés (PASSIF),,,,4-Comptes de Tiers (PASSIF) / 42-Personnel et comptes rattachés (PASSIF) / Personnel - Rémunérations dues,
422,"Comités d'entreprises, d'établissement...",liability,unspecified,credit,0,,4-Comptes de Tiers (PASSIF) / 42-Personnel et comptes rattachés (PASSIF),,,,"4-Comptes de Tiers (PASSIF) / 42-Personnel et comptes rattachés (PASSIF) / Comités d'entreprises, d'établissement...",
424,Participation des salariés aux résultats,liability,group,credit,1,,4-Comptes de Tiers (PASSIF) / 42-Personnel et comptes rattachés (PASSIF),,,,4-Comptes de Tiers (PASSIF) / 42-Personnel et comptes rattachés (PASSIF) / Participation des salariés aux résultats,
4246,Réserve spéciale,liability,unspecified,credit,0,,4-Comptes de Tiers (PASSIF) / 42-Personnel et comptes rattachés (PASSIF) / Participation des salariés aux résultats,,,,4-Comptes de Tiers (PASSIF) / 42-Personnel et comptes rattachés (PASSIF) / Participation des salariés aux résultats / Réserve spéciale,
4248,Comptes courants,liability,unspecified,credit,0,,4-Comptes de Tiers (PASSIF) / 42-Personnel et comptes rattachés (PASSIF) / Participation des salariés aux résultats,,,,4-Comptes de Tiers (PASSIF) / 42-Personnel et comptes rattachés (PASSIF) / Participation des salariés aux résultats / Comptes courants,
426,Personnel - Dépôts,liability,unspecified,credit,0,,4-Comptes de Tiers (PASSIF) / 42-Personnel et comptes rattachés (PASSIF),,,,4-Comptes de Tiers (PASSIF) / 42-Personnel et comptes rattachés (PASSIF) / Personnel - Dépôts,
427,Personnel - Oppositions,liability,unspecified,credit,0,,4-Comptes de Tiers (PASSIF) / 42-Personnel et comptes rattachés (PASSIF),,,,4-Comptes de Tiers (PASSIF) / 42-Personnel et comptes rattachés (PASSIF) / Personnel - Oppositions,
428,Personnel - Charges à payer et produits à recevoir,liability,group,credit,1,,4-Comptes de Tiers (PASSIF) / 42-Personnel et comptes rattachés (PASSIF),,,,4-Comptes de Tiers (PASSIF) / 42-Personnel et comptes rattachés (PASSIF) / Personnel - Charges à payer et produits à recevoir,
4282,Dettes provisionnées pour congés à payer,liability,unspecified,credit,0,,4-Comptes de Tiers (PASSIF) / 42-Personnel et comptes rattachés (PASSIF) / Personnel - Charges à payer et produits à recevoir,,,,4-Comptes de Tiers (PASSIF) / 42-Personnel et comptes rattachés (PASSIF) / Personnel - Charges à payer et produits à recevoir / Dettes provisionnées pour congés à payer,
4284,Dettes provisionnées pour participation des salariés aux résultats,liability,unspecified,credit,0,,4-Comptes de Tiers (PASSIF) / 42-Personnel et comptes rattachés (PASSIF) / Personnel - Charges à payer et produits à recevoir,,,,4-Comptes de Tiers (PASSIF) / 42-Personnel et comptes rattachés (PASSIF) / Personnel - Charges à payer et produits à recevoir / Dettes provisionnées pour participation des salariés aux résultats,
4286,Autres charges à payer,liability,unspecified,credit,0,,4-Comptes de Tiers (PASSIF) / 42-Personnel et comptes rattachés (PASSIF) / Personnel - Charges à payer et produits à recevoir,,,,4-Comptes de Tiers (PASSIF) / 42-Personnel et comptes rattachés (PASSIF) / Personnel - Charges à payer et produits à recevoir / Autres charges à payer,
4287,Produits à recevoir,liability,unspecified,credit,0,,4-Comptes de Tiers (PASSIF) / 42-Personnel et comptes rattachés (PASSIF) / Personnel - Charges à payer et produits à recevoir,,,,4-Comptes de Tiers (PASSIF) / 42-Personnel et comptes rattachés (PASSIF) / Personnel - Charges à payer et produits à recevoir / Produits à recevoir,
,43-Sécurité sociale et autres organismes sociaux (PASSIF),liability,group,credit,1,,4-Comptes de Tiers (PASSIF),,,,4-Comptes de Tiers (PASSIF) / 43-Sécurité sociale et autres organismes sociaux (PASSIF),
,438-Organismes sociaux - Charges à payer,liability,group,credit,1,,4-Comptes de Tiers (PASSIF) / 43-Sécurité sociale et autres organismes sociaux (PASSIF),,,,4-Comptes de Tiers (PASSIF) / 43-Sécurité sociale et autres organismes sociaux (PASSIF) / 438-Organismes sociaux - Charges à payer,
4382,Charges sociales sur congés à payer,liability,unspecified,credit,0,,4-Comptes de Tiers (PASSIF) / 43-Sécurité sociale et autres organismes sociaux (PASSIF) / 438-Organismes sociaux - Charges à payer,,,,4-Comptes de Tiers (PASSIF) / 43-Sécurité sociale et autres organismes sociaux (PASSIF) / 438-Organismes sociaux - Charges à payer / Charges sociales sur congés à payer,
4386,Autres charges à payer,liability,unspecified,credit,0,,4-Comptes de Tiers (PASSIF) / 43-Sécurité sociale et autres organismes sociaux (PASSIF) / 438-Organismes sociaux - Charges à payer,,,,4-Comptes de Tiers (PASSIF) / 43-Sécurité sociale et autres organismes sociaux (PASSIF) / 438-Organismes sociaux - Charges à payer / Autres charges à payer,
,44-Etat et autres collectivités publiques (PASSIF),liability,group,credit,1,,4-Comptes de Tiers (PASSIF),,,,4-Comptes de Tiers (PASSIF) / 44-Etat et autres collectivités publiques (PASSIF),
442,Etat - Impôts et taxes recouvrables sur des tiers,liability,group,credit,1,,4-Comptes de Tiers (PASSIF) / 44-Etat et autres collectivités publiques (PASSIF),,,,4-Comptes de Tiers (PASSIF) / 44-Etat et autres collectivités publiques (PASSIF) / Etat - Impôts et taxes recouvrables sur des tiers,
4424,Obligataires,liability,unspecified,credit,0,,4-Comptes de Tiers (PASSIF) / 44-Etat et autres collectivités publiques (PASSIF) / Etat - Impôts et taxes recouvrables sur des tiers,,,,4-Comptes de Tiers (PASSIF) / 44-Etat et autres collectivités publiques (PASSIF) / Etat - Impôts et taxes recouvrables sur des tiers / Obligataires,
4425,Associés,liability,unspecified,credit,0,,4-Comptes de Tiers (PASSIF) / 44-Etat et autres collectivités publiques (PASSIF) / Etat - Impôts et taxes recouvrables sur des tiers,,,,4-Comptes de Tiers (PASSIF) / 44-Etat et autres collectivités publiques (PASSIF) / Etat - Impôts et taxes recouvrables sur des tiers / Associés,
444,Etat - Impôts sur les bénéfices,liability,unspecified,credit,0,,4-Comptes de Tiers (PASSIF) / 44-Etat et autres collectivités publiques (PASSIF),,,,4-Comptes de Tiers (PASSIF) / 44-Etat et autres collectivités publiques (PASSIF) / Etat - Impôts sur les bénéfices,
,Etat - Taxes sur le chiffre d'affaires (PASSIF),liability,group,credit,1,,4-Comptes de Tiers (PASSIF) / 44-Etat et autres collectivités publiques (PASSIF),,,,4-Comptes de Tiers (PASSIF) / 44-Etat et autres collectivités publiques (PASSIF) / Etat - Taxes sur le chiffre d'affaires (PASSIF),
4455,Taxes sur le chiffre d'affaires à décaisser,liability,group,credit,1,,4-Comptes de Tiers (PASSIF) / 44-Etat et autres collectivités publiques (PASSIF) / Etat - Taxes sur le chiffre d'affaires (PASSIF),,,,4-Comptes de Tiers (PASSIF) / 44-Etat et autres collectivités publiques (PASSIF) / Etat - Taxes sur le chiffre d'affaires (PASSIF) / Taxes sur le chiffre d'affaires à décaisser,
44551,TVA à décaisser,liability,unspecified,credit,0,,4-Comptes de Tiers (PASSIF) / 44-Etat et autres collectivités publiques (PASSIF) / Etat - Taxes sur le chiffre d'affaires (PASSIF) / Taxes sur le chiffre d'affaires à décaisser,,,,4-Comptes de Tiers (PASSIF) / 44-Etat et autres collectivités publiques (PASSIF) / Etat - Taxes sur le chiffre d'affaires (PASSIF) / Taxes sur le chiffre d'affaires à décaisser / TVA à décaisser,
44558,Taxes assimilées à la TVA,liability,unspecified,credit,0,,4-Comptes de Tiers (PASSIF) / 44-Etat et autres collectivités publiques (PASSIF) / Etat - Taxes sur le chiffre d'affaires (PASSIF) / Taxes sur le chiffre d'affaires à décaisser,,,,4-Comptes de Tiers (PASSIF) / 44-Etat et autres collectivités publiques (PASSIF) / Etat - Taxes sur le chiffre d'affaires (PASSIF) / Taxes sur le chiffre d'affaires à décaisser / Taxes assimilées à la TVA,
4457,Taxes sur le chiffre d'affaires collectées par l'entreprise,liability,group,credit,1,,4-Comptes de Tiers (PASSIF) / 44-Etat et autres collectivités publiques (PASSIF) / Etat - Taxes sur le chiffre d'affaires (PASSIF),,,,4-Comptes de Tiers (PASSIF) / 44-Etat et autres collectivités publiques (PASSIF) / Etat - Taxes sur le chiffre d'affaires (PASSIF) / Taxes sur le chiffre d'affaires collectées par l'entreprise,
44571,TVA collectée,liability,tax,credit,1,,4-Comptes de Tiers (PASSIF) / 44-Etat et autres collectivités publiques (PASSIF) / Etat - Taxes sur le chiffre d'affaires (PASSIF) / Taxes sur le chiffre d'affaires collectées par l'entreprise,Tax,,,4-Comptes de Tiers (PASSIF) / 44-Etat et autres collectivités publiques (PASSIF) / Etat - Taxes sur le chiffre d'affaires (PASSIF) / Taxes sur le chiffre d'affaires collectées par l'entreprise / TVA collectée,
44578,Taxes assimilées à la TVA,liability,unspecified,credit,0,,4-Comptes de Tiers (PASSIF) / 44-Etat et autres collectivités publiques (PASSIF) / Etat - Taxes sur le chiffre d'affaires (PASSIF) / Taxes sur le chiffre d'affaires collectées par l'entreprise,,,,4-Comptes de Tiers (PASSIF) / 44-Etat et autres collectivités publiques (PASSIF) / Etat - Taxes sur le chiffre d'affaires (PASSIF) / Taxes sur le chiffre d'affaires collectées par l'entreprise / Taxes assimilées à la TVA,
,4458-Taxes sur le chiffre d'affaires à régulariser ou en attente (PASSIF),liability,group,credit,1,,4-Comptes de Tiers (PASSIF) / 44-Etat et autres collectivités publiques (PASSIF) / Etat - Taxes sur le chiffre d'affaires (PASSIF),,,,4-Comptes de Tiers (PASSIF) / 44-Etat et autres collectivités publiques (PASSIF) / Etat - Taxes sur le chiffre d'affaires (PASSIF) / 4458-Taxes sur le chiffre d'affaires à régulariser ou en attente (PASSIF),
44584,TVA récupérée  d'avance,liability,unspecified,credit,0,,4-Comptes de Tiers (PASSIF) / 44-Etat et autres collectivités publiques (PASSIF) / Etat - Taxes sur le chiffre d'affaires (PASSIF) / 4458-Taxes sur le chiffre d'affaires à régulariser ou en attente (PASSIF),,,,4-Comptes de Tiers (PASSIF) / 44-Etat et autres collectivités publiques (PASSIF) / Etat - Taxes sur le chiffre d'affaires (PASSIF) / 4458-Taxes sur le chiffre d'affaires à régulariser ou en attente (PASSIF) / TVA récupérée  d'avance,
44587,Taxes sur le chiffre d'affaires sur factures à établir,liability,unspecified,credit,0,,4-Comptes de Tiers (PASSIF) / 44-Etat et autres collectivités publiques (PASSIF) / Etat - Taxes sur le chiffre d'affaires (PASSIF) / 4458-Taxes sur le chiffre d'affaires à régulariser ou en attente (PASSIF),,,,4-Comptes de Tiers (PASSIF) / 44-Etat et autres collectivités publiques (PASSIF) / Etat - Taxes sur le chiffre d'affaires (PASSIF) / 4458-Taxes sur le chiffre d'affaires à régulariser ou en attente (PASSIF) / Taxes sur le chiffre d'affaires sur factures à établir,
446,Obligations cautionnées,liability,unspecified,credit,0,,4-Comptes de Tiers (PASSIF) / 44-Etat et autres collectivités publiques (PASSIF),,,,4-Comptes de Tiers (PASSIF) / 44-Etat et autres collectivités publiques (PASSIF) / Obligations cautionnées,
447,"Autres impôts, taxes et versements assimilés",liability,unspecified,credit,0,,4-Comptes de Tiers (PASSIF) / 44-Etat et autres collectivités publiques (PASSIF),,,,"4-Comptes de Tiers (PASSIF) / 44-Etat et autres collectivités publiques (PASSIF) / Autres impôts, taxes et versements assimilés",
449,Quotas d'émission à acquérir,liability,unspecified,credit,0,,4-Comptes de Tiers (PASSIF) / 44-Etat et autres collectivités publiques (PASSIF),,,,4-Comptes de Tiers (PASSIF) / 44-Etat et autres collectivités publiques (PASSIF) / Quotas d'émission à acquérir,
,45-Groupe et associés (PASSIF),liability,group,credit,1,,4-Comptes de Tiers (PASSIF),,,,4-Comptes de Tiers (PASSIF) / 45-Groupe et associés (PASSIF),
451,Groupe (PASSIF),liability,unspecified,credit,0,,4-Comptes de Tiers (PASSIF) / 45-Groupe et associés (PASSIF),,,,4-Comptes de Tiers (PASSIF) / 45-Groupe et associés (PASSIF) / Groupe (PASSIF),
455,Partenaires - comptes courants,liability,group,credit,1,,4-Comptes de Tiers (PASSIF) / 45-Groupe et associés (PASSIF),,,,4-Comptes de Tiers (PASSIF) / 45-Groupe et associés (PASSIF) / Partenaires - comptes courants,
4551,Principal (PASSIF),liability,unspecified,credit,0,,4-Comptes de Tiers (PASSIF) / 45-Groupe et associés (PASSIF) / Partenaires - comptes courants,,,,4-Comptes de Tiers (PASSIF) / 45-Groupe et associés (PASSIF) / Partenaires - comptes courants / Principal (PASSIF),
4558,Intérêts courus (PASSIF),liability,unspecified,credit,0,,4-Comptes de Tiers (PASSIF) / 45-Groupe et associés (PASSIF) / Partenaires - comptes courants,,,,4-Comptes de Tiers (PASSIF) / 45-Groupe et associés (PASSIF) / Partenaires - comptes courants / Intérêts courus (PASSIF),
,Associés - Opérations sur le capital (PASSIF),liability,group,credit,1,,4-Comptes de Tiers (PASSIF) / 45-Groupe et associés (PASSIF),,,,4-Comptes de Tiers (PASSIF) / 45-Groupe et associés (PASSIF) / Associés - Opérations sur le capital (PASSIF),
4561,456-Associés - Comptes d'apport en société,liability,group,credit,1,,4-Comptes de Tiers (PASSIF) / 45-Groupe et associés (PASSIF) / Associés - Opérations sur le capital (PASSIF),,,,4-Comptes de Tiers (PASSIF) / 45-Groupe et associés (PASSIF) / Associés - Opérations sur le capital (PASSIF) / 456-Associés - Comptes d'apport en société,
45611,Apports en nature,liability,unspecified,credit,0,,4-Comptes de Tiers (PASSIF) / 45-Groupe et associés (PASSIF) / Associés - Opérations sur le capital (PASSIF) / 456-Associés - Comptes d'apport en société,,,,4-Comptes de Tiers (PASSIF) / 45-Groupe et associés (PASSIF) / Associés - Opérations sur le capital (PASSIF) / 456-Associés - Comptes d'apport en société / Apports en nature,
45615,Apports en numéraire,liability,unspecified,credit,0,,4-Comptes de Tiers (PASSIF) / 45-Groupe et associés (PASSIF) / Associés - Opérations sur le capital (PASSIF) / 456-Associés - Comptes d'apport en société,,,,4-Comptes de Tiers (PASSIF) / 45-Groupe et associés (PASSIF) / Associés - Opérations sur le capital (PASSIF) / 456-Associés - Comptes d'apport en société / Apports en numéraire,
4563,Associés - Versements reçus sur augmentation de capital,liability,unspecified,credit,0,,4-Comptes de Tiers (PASSIF) / 45-Groupe et associés (PASSIF) / Associés - Opérations sur le capital (PASSIF),,,,4-Comptes de Tiers (PASSIF) / 45-Groupe et associés (PASSIF) / Associés - Opérations sur le capital (PASSIF) / Associés - Versements reçus sur augmentation de capital,
4564,Associés - Versements anticipés,liability,unspecified,credit,0,,4-Comptes de Tiers (PASSIF) / 45-Groupe et associés (PASSIF) / Associés - Opérations sur le capital (PASSIF),,,,4-Comptes de Tiers (PASSIF) / 45-Groupe et associés (PASSIF) / Associés - Opérations sur le capital (PASSIF) / Associés - Versements anticipés,
4566,Actionnaires défaillants,liability,unspecified,credit,0,,4-Comptes de Tiers (PASSIF) / 45-Groupe et associés (PASSIF) / Associés - Opérations sur le capital (PASSIF),,,,4-Comptes de Tiers (PASSIF) / 45-Groupe et associés (PASSIF) / Associés - Opérations sur le capital (PASSIF) / Actionnaires défaillants,
4567,Associés - Capital à rembourser,liability,unspecified,credit,0,,4-Comptes de Tiers (PASSIF) / 45-Groupe et associés (PASSIF) / Associés - Opérations sur le capital (PASSIF),,,,4-Comptes de Tiers (PASSIF) / 45-Groupe et associés (PASSIF) / Associés - Opérations sur le capital (PASSIF) / Associés - Capital à rembourser,
457,Associés - Dividendes à payer,liability,unspecified,credit,0,,4-Comptes de Tiers (PASSIF) / 45-Groupe et associés (PASSIF),,,,4-Comptes de Tiers (PASSIF) / 45-Groupe et associés (PASSIF) / Associés - Dividendes à payer,
458,Associés - Opérations faites en commun et en GIE,liability,group,credit,1,,4-Comptes de Tiers (PASSIF) / 45-Groupe et associés (PASSIF),,,,4-Comptes de Tiers (PASSIF) / 45-Groupe et associés (PASSIF) / Associés - Opérations faites en commun et en GIE,
4581,Opérations courantes,liability,unspecified,credit,0,,4-Comptes de Tiers (PASSIF) / 45-Groupe et associés (PASSIF) / Associés - Opérations faites en commun et en GIE,,,,4-Comptes de Tiers (PASSIF) / 45-Groupe et associés (PASSIF) / Associés - Opérations faites en commun et en GIE / Opérations courantes,
4588,Intérêts courus,liability,unspecified,credit,0,,4-Comptes de Tiers (PASSIF) / 45-Groupe et associés (PASSIF) / Associés - Opérations faites en commun et en GIE,,,,4-Comptes de Tiers (PASSIF) / 45-Groupe et associés (PASSIF) / Associés - Opérations faites en commun et en GIE / Intérêts courus,
,46-Débiteurs divers et créditeurs divers (PASSIF),liability,group,credit,1,,4-Comptes de Tiers (PASSIF),,,,4-Comptes de Tiers (PASSIF) / 46-Débiteurs divers et créditeurs divers (PASSIF),
464,Dettes sur acquisitions de valeurs mobilières de placement,liability,unspecified,credit,0,,4-Comptes de Tiers (PASSIF) / 46-Débiteurs divers et créditeurs divers (PASSIF),,,,4-Comptes de Tiers (PASSIF) / 46-Débiteurs divers et créditeurs divers (PASSIF) / Dettes sur acquisitions de valeurs mobilières de placement,
,467-Autres comptes débiteurs ou créditeurs (PASSIF),liability,unspecified,credit,0,,4-Comptes de Tiers (PASSIF) / 46-Débiteurs divers et créditeurs divers (PASSIF),,,,4-Comptes de Tiers (PASSIF) / 46-Débiteurs divers et créditeurs divers (PASSIF) / 467-Autres comptes débiteurs ou créditeurs (PASSIF),missing_code
,468-Divers - Charges à payer et produits à recevoir (PASSIF),liability,group,credit,1,,4-Comptes de Tiers (PASSIF) / 46-Débiteurs divers et créditeurs divers (PASSIF),,,,4-Comptes de Tiers (PASSIF) / 46-Débiteurs divers et créditeurs divers (PASSIF) / 468-Divers - Charges à payer et produits à recevoir (PASSIF),
4686,Charges à payer,liability,unspecified,credit,0,,4-Comptes de Tiers (PASSIF) / 46-Débiteurs divers et créditeurs divers (PASSIF) / 468-Divers - Charges à payer et produits à recevoir (PASSIF),,,,4-Comptes de Tiers (PASSIF) / 46-Débiteurs divers et créditeurs divers (PASSIF) / 468-Divers - Charges à payer et produits à recevoir (PASSIF) / Charges à payer,
,47-Comptes transitoires ou d'attente (PASSIF),liability,group,credit,1,,4-Comptes de Tiers (PASSIF),,,,4-Comptes de Tiers (PASSIF) / 47-Comptes transitoires ou d'attente (PASSIF),
,471-Comptes d'attente (PASSIF),liability,temporary,credit,0,,4-Comptes de Tiers (PASSIF) / 47-Comptes transitoires ou d'attente (PASSIF),Temporary,,,4-Comptes de Tiers (PASSIF) / 47-Comptes transitoires ou d'attente (PASSIF) / 471-Comptes d'attente (PASSIF),missing_code
477,Différences de conversion (PASSIF),liability,group,credit,1,,4-Comptes de Tiers (PASSIF) / 47-Comptes transitoires ou d'attente (PASSIF),,,,4-Comptes de Tiers (PASSIF) / 47-Comptes transitoires ou d'attente (PASSIF) / Différences de conversion (PASSIF),
4771,Augmentation des créances,liability,unspecified,credit,0,,4-Comptes de Tiers (PASSIF) / 47-Comptes transitoires ou d'attente (PASSIF) / Différences de conversion (PASSIF),,,,4-Comptes de Tiers (PASSIF) / 47-Comptes transitoires ou d'attente (PASSIF) / Différences de conversion (PASSIF) / Augmentation des créances,
4772,Diminution des dettes,liability,unspecified,credit,0,,4-Comptes de Tiers (PASSIF) / 47-Comptes transitoires ou d'attente (PASSIF) / Différences de conversion (PASSIF),,,,4-Comptes de Tiers (PASSIF) / 47-Comptes transitoires ou d'attente (PASSIF) / Différences de conversion (PASSIF) / Diminution des dettes,
4778,Différences compensées par couverture de change,liability,unspecified,credit,0,,4-Comptes de Tiers (PASSIF) / 47-Comptes transitoires ou d'attente (PASSIF) / Différences de conversion (PASSIF),,,,4-Comptes de Tiers (PASSIF) / 47-Comptes transitoires ou d'attente (PASSIF) / Différences de conversion (PASSIF) / Différences compensées par couverture de change,
,478-Autres comptes transitoires (PASSIF),liability,group,credit,1,,4-Comptes de Tiers (PASSIF) / 47-Comptes transitoires ou d'attente (PASSIF),,,,4-Comptes de Tiers (PASSIF) / 47-Comptes transitoires ou d'attente (PASSIF) / 478-Autres comptes transitoires (PASSIF),
4787,Différences d'évaluation sur instruments de trésorerie (PASSIF),liability,unspecified,credit,0,,4-Comptes de Tiers (PASSIF) / 47-Comptes transitoires ou d'attente (PASSIF) / 478-Autres comptes transitoires (PASSIF),,,,4-Comptes de Tiers (PASSIF) / 47-Comptes transitoires ou d'attente (PASSIF) / 478-Autres comptes transitoires (PASSIF) / Différences d'évaluation sur instruments de trésorerie (PASSIF),
,48-Comptes de régularisation (PASSIF),liability,group,credit,1,,4-Comptes de Tiers (PASSIF),,,,4-Comptes de Tiers (PASSIF) / 48-Comptes de régularisation (PASSIF),
487,Produits constatés d'avance,liability,unspecified,credit,0,,4-Comptes de Tiers (PASSIF) / 48-Comptes de régularisation (PASSIF),,,,4-Comptes de Tiers (PASSIF) / 48-Comptes de régularisation (PASSIF) / Produits constatés d'avance,
,448-Comptes de répartition périodique des charges et des produits (PASSIF),liability,group,credit,1,,4-Comptes de Tiers (PASSIF) / 48-Comptes de régularisation (PASSIF),,,,4-Comptes de Tiers (PASSIF) / 48-Comptes de régularisation (PASSIF) / 448-Comptes de répartition périodique des charges et des produits (PASSIF),
4887,Produits,liability,unspecified,credit,0,,4-Comptes de Tiers (PASSIF) / 48-Comptes de régularisation (PASSIF) / 448-Comptes de répartition périodique des charges et des produits (PASSIF),,,,4-Comptes de Tiers (PASSIF) / 48-Comptes de régularisation (PASSIF) / 448-Comptes de répartition périodique des charges et des produits (PASSIF) / Produits,
41,"Clients, adhérents, usagers et comptes rattachés",liability,unspecified,credit,0,,4-Comptes de Tiers (PASSIF),,,,"4-Comptes de Tiers (PASSIF) / Clients, adhérents, usagers et comptes rattachés",
45,"Confédération, fédération, union, entités affiliées",liability,unspecified,credit,0,,4-Comptes de Tiers (PASSIF),,,,"4-Comptes de Tiers (PASSIF) / Confédération, fédération, union, entités affiliées",
46,Débiteurs et créditeurs divers,liability,group,credit,1,,4-Comptes de Tiers (PASSIF),,,,4-Comptes de Tiers (PASSIF) / Débiteurs et créditeurs divers,
461,Créances reçues par legs ou donations,liability,unspecified,credit,0,,4-Comptes de Tiers (PASSIF) / Débiteurs et créditeurs divers,,,,4-Comptes de Tiers (PASSIF) / Débiteurs et créditeurs divers / Créances reçues par legs ou donations,
466,Dettes des legs ou donations,liability,unspecified,credit,0,,4-Comptes de Tiers (PASSIF) / Débiteurs et créditeurs divers,,,,4-Comptes de Tiers (PASSIF) / Débiteurs et créditeurs divers / Dettes des legs ou donations,
468,Divers – charges à payer et produits à recevoir,liability,group,credit,1,,4-Comptes de Tiers (PASSIF) / Débiteurs et créditeurs divers,,,,4-Comptes de Tiers (PASSIF) / Débiteurs et créditeurs divers / Divers – charges à payer et produits à recevoir,
4681,Frais des bénévoles,liability,unspecified,credit,0,,4-Comptes de Tiers (PASSIF) / Débiteurs et créditeurs divers / Divers – charges à payer et produits à recevoir,,,,4-Comptes de Tiers (PASSIF) / Débiteurs et créditeurs divers / Divers – charges à payer et produits à recevoir / Frais des bénévoles,
5,Comptes Financiers,asset,group,debit,1,,,,,,Comptes Financiers,
50,Valeurs mobilières de placement,asset,group,debit,1,,Comptes Financiers,,,,Comptes Financiers / Valeurs mobilières de placement,
501,Parts dans des entreprises liées,asset,unspecified,debit,0,,Comptes Financiers / Valeurs mobilières de placement,,,,Comptes Financiers / Valeurs mobilières de placement / Parts dans des entreprises liées,
502,Actions propres,asset,group,debit,1,,Comptes Financiers / Valeurs mobilières de placement,,,,Comptes Financiers / Valeurs mobilières de placement / Actions propres,
5021,Actions destinées à être attribuées aux employés et affectées à des plans déterminés,asset,unspecified,debit,0,,Comptes Financiers / Valeurs mobilières de placement / Actions propres,,,,Comptes Financiers / Valeurs mobilières de placement / Actions propres / Actions destinées à être attribuées aux employés et affectées à des plans déterminés,
5022,Actions disponibles pour être attribuées aux employés ou pour la régularisation des cours de bourse,asset,unspecified,debit,0,,Comptes Financiers / Valeurs mobilières de placement / Actions propres,,,,Comptes Financiers / Valeurs mobilières de placement / Actions propres / Actions disponibles pour être attribuées aux employés ou pour la régularisation des cours de bourse,
503,Actions,asset,group,debit,1,,Comptes Financiers / Valeurs mobilières de placement,,,,Comptes Financiers / Valeurs mobilières de placement / Actions,
5031,Titres cotés,asset,unspecified,debit,0,,Comptes Financiers / Valeurs mobilières de placement / Actions,,,,Comptes Financiers / Valeurs mobilières de placement / Actions / Titres cotés,
5035,Titres non cotés,asset,unspecified,debit,0,,Comptes Financiers / Valeurs mobilières de placement / Actions,,,,Comptes Financiers / Valeurs mobilières de placement / Actions / Titres non cotés,
504,Autres titres conférant un droit de propriété,asset,unspecified,debit,0,,Comptes Financiers / Valeurs mobilières de placement,,,,Comptes Financiers / Valeurs mobilières de placement / Autres titres conférant un droit de propriété,
505,Obligations et bons émis par la société et rachetés par elle,asset,unspecified,debit,0,,Comptes Financiers / Valeurs mobilières de placement,,,,Comptes Financiers / Valeurs mobilières de placement / Obligations et bons émis par la société et rachetés par elle,
506,Obligations,asset,group,debit,1,,Comptes Financiers / Valeurs mobilières de placement,,,,Comptes Financiers / Valeurs mobilières de placement / Obligations,
5061,Titres cotés,asset,unspecified,debit,0,,Comptes Financiers / Valeurs mobilières de placement / Obligations,,,,Comptes Financiers / Valeurs mobilières de placement / Obligations / Titres cotés,
5065,Titres non cotés,asset,unspecified,debit,0,,Comptes Financiers / Valeurs mobilières de placement / Obligations,,,,Comptes Financiers / Valeurs mobilières de placement / Obligations / Titres non cotés,
507,Bons du Trésor et bons de caisse à court terme,asset,unspecified,debit,0,,Comptes Financiers / Valeurs mobilières de placement,,,,Comptes Financiers / Valeurs mobilières de placement / Bons du Trésor et bons de caisse à court terme,
508,Autres valeurs mobilières de placement et autres créances assimilées,asset,group,debit,1,,Comptes Financiers / Valeurs mobilières de placement,,,,Comptes Financiers / Valeurs mobilières de placement / Autres valeurs mobilières de placement et autres créances assimilées,
5081,Autres valeurs mobilières,asset,unspecified,debit,0,,Comptes Financiers / Valeurs mobilières de placement / Autres valeurs mobilières de placement et autres créances assimilées,,,,Comptes Financiers / Valeurs mobilières de placement / Autres valeurs mobilières de placement et autres créances assimilées / Autres valeurs mobilières,
5082,Bons de souscription,asset,unspecified,debit,0,,Comptes Financiers / Valeurs mobilières de placement / Autres valeurs mobilières de placement et autres créances assimilées,,,,Comptes Financiers / Valeurs mobilières de placement / Autres valeurs mobilières de placement et autres créances assimilées / Bons de souscription,
5088,"Intérêts courus sur obligations, bons et valeurs assimilées",asset,unspecified,debit,0,,Comptes Financiers / Valeurs mobilières de placement / Autres valeurs mobilières de placement et autres créances assimilées,,,,"Comptes Financiers / Valeurs mobilières de placement / Autres valeurs mobilières de placement et autres créances assimilées / Intérêts courus sur obligations, bons et valeurs assimilées",
509,Versements restant à effectuer sur valeurs mobilières de placement non libérées,asset,unspecified,debit,0,,Comptes Financiers / Valeurs mobilières de placement,,,,Comptes Financiers / Valeurs mobilières de placement / Versements restant à effectuer sur valeurs mobilières de placement non libérées,
51,"Banques, établissements financiers et assimilés",asset,group,debit,1,,Comptes Financiers,,,,"Comptes Financiers / Banques, établissements financiers et assimilés",
511,Valeurs à l'encaissement,asset,group,debit,1,,"Comptes Financiers / Banques, établissements financiers et assimilés",,,,"Comptes Financiers / Banques, établissements financiers et assimilés / Valeurs à l'encaissement",
5111,Coupons échus à l'encaissement,asset,unspecified,debit,0,,"Comptes Financiers / Banques, établissements financiers et assimilés / Valeurs à l'encaissement",,,,"Comptes Financiers / Banques, établissements financiers et assimilés / Valeurs à l'encaissement / Coupons échus à l'encaissement",
5112,Chèques à encaisser,asset,unspecified,debit,0,,"Comptes Financiers / Banques, établissements financiers et assimilés / Valeurs à l'encaissement",,,,"Comptes Financiers / Banques, établissements financiers et assimilés / Valeurs à l'encaissement / Chèques à encaisser",
5113,Effets à l'encaissement,asset,unspecified,debit,0,,"Comptes Financiers / Banques, établissements financiers et assimilés / Valeurs à l'encaissement",,,,"Comptes Financiers / Banques, établissements financiers et assimilés / Valeurs à l'encaissement / Effets à l'encaissement",
5114,Effets à l'escompte,asset,unspecified,debit,0,,"Comptes Financiers / Banques, établissements financiers et assimilés / Valeurs à l'encaissement",,,,"Comptes Financiers / Banques, établissements financiers et assimilés / Valeurs à l'encaissement / Effets à l'escompte",
512,Banques,asset,bank,debit,1,,"Comptes Financiers / Banques, établissements financiers et assimilés",Bank,,,"Comptes Financiers / Banques, établissements financiers et assimilés / Banques",
5121,Comptes en monnaie nationale,asset,bank,debit,0,cash_bank,"Comptes Financiers / Banques, établissements financiers et assimilés / Banques",Bank,,,"Comptes Financiers / Banques, établissements financiers et assimilés / Banques / Comptes en monnaie nationale",
5124,Comptes en devises,asset,bank,debit,0,cash_bank,"Comptes Financiers / Banques, établissements financiers et assimilés / Banques",Bank,,,"Comptes Financiers / Banques, établissements financiers et assimilés / Banques / Comptes en devises",
514,Chèques postaux,asset,unspecified,debit,0,,"Comptes Financiers / Banques, établissements financiers et assimilés",,,,"Comptes Financiers / Banques, établissements financiers et assimilés / Chèques postaux",
515,"""Caisses"" du Trésor et des établissements publics",asset,unspecified,debit,0,,"Comptes Financiers / Banques, établissements financiers et assimilés",,,,"Comptes Financiers / Banques, établissements financiers et assimilés / ""Caisses"" du Trésor et des établissements publics",
516,Sociétés de bourse,asset,unspecified,debit,0,,"Comptes Financiers / Banques, établissements financiers et assimilés",,,,"Comptes Financiers / Banques, établissements financiers et assimilés / Sociétés de bourse",
517,Autres organismes financiers,asset,unspecified,debit,0,,"Comptes Financiers / Banques, établissements financiers et assimilés",,,,"Comptes Financiers / Banques, établissements financiers et assimilés / Autres organismes financiers",
518,Intérêts courus,asset,group,debit,1,,"Comptes Financiers / Banques, établissements financiers et assimilés",,,,"Comptes Financiers / Banques, établissements financiers et assimilés / Intérêts courus",
5181,Intérêts courus à payer,asset,unspecified,debit,0,,"Comptes Financiers / Banques, établissements financiers et assimilés / Intérêts courus",,,,"Comptes Financiers / Banques, établissements financiers et assimilés / Intérêts courus / Intérêts courus à payer",
5188,Intérêts courus à recevoir,asset,unspecified,debit,0,,"Comptes Financiers / Banques, établissements financiers et assimilés / Intérêts courus",,,,"Comptes Financiers / Banques, établissements financiers et assimilés / Intérêts courus / Intérêts courus à recevoir",
519,Concours bancaires courants,asset,group,debit,1,,"Comptes Financiers / Banques, établissements financiers et assimilés",,,,"Comptes Financiers / Banques, établissements financiers et assimilés / Concours bancaires courants",
5191,Crédit de mobilisation des créances commerciales (CMCC),asset,unspecified,debit,0,,"Comptes Financiers / Banques, établissements financiers et assimilés / Concours bancaires courants",,,,"Comptes Financiers / Banques, établissements financiers et assimilés / Concours bancaires courants / Crédit de mobilisation des créances commerciales (CMCC)",
5193,Mobilisation de créances nées à l'étranger,asset,unspecified,debit,0,,"Comptes Financiers / Banques, établissements financiers et assimilés / Concours bancaires courants",,,,"Comptes Financiers / Banques, établissements financiers et assimilés / Concours bancaires courants / Mobilisation de créances nées à l'étranger",
5198,Intérêts courus sur concours bancaires courants,asset,unspecified,debit,0,,"Comptes Financiers / Banques, établissements financiers et assimilés / Concours bancaires courants",,,,"Comptes Financiers / Banques, établissements financiers et assimilés / Concours bancaires courants / Intérêts courus sur concours bancaires courants",
52,Instruments de trésorerie,asset,group,debit,1,,Comptes Financiers,,,,Comptes Financiers / Instruments de trésorerie,
53,Caisse,asset,cash,debit,1,,Comptes Financiers,Cash,,,Comptes Financiers / Caisse,
531,Caisse siège social,asset,cash,debit,1,,Comptes Financiers / Caisse,Cash,,,Comptes Financiers / Caisse / Caisse siège social,
5311,Caisse en monnaie nationale,asset,cash,debit,0,cash_bank,Comptes Financiers / Caisse / Caisse siège social,Cash,,,Comptes Financiers / Caisse / Caisse siège social / Caisse en monnaie nationale,
5314,Caisse en devises,asset,cash,debit,0,cash_bank,Comptes Financiers / Caisse / Caisse siège social,Cash,,,Comptes Financiers / Caisse / Caisse siège social / Caisse en devises,
532,Caisse succursale (ou usine) A,asset,cash,debit,0,cash_bank,Comptes Financiers / Caisse,Cash,,,Comptes Financiers / Caisse / Caisse succursale (ou usine) A,
533,Caisse succursale (ou usine) B,asset,cash,debit,0,cash_bank,Comptes Financiers / Caisse,Cash,,,Comptes Financiers / Caisse / Caisse succursale (ou usine) B,
54,Régies d'avance et accréditifs,asset,group,debit,1,,Comptes Financiers,,,,Comptes Financiers / Régies d'avance et accréditifs,
58,Virements internes,asset,group,debit,1,,Comptes Financiers,,,,Comptes Financiers / Virements internes,
59,Dépréciations des comptes financiers,asset,group,debit,1,,Comptes Financiers,,,,Comptes Financiers / Dépréciations des comptes financiers,
590,Dépréciations des valeurs mobilières de placement,asset,group,debit,1,,Comptes Financiers / Dépréciations des comptes financiers,,,,Comptes Financiers / Dépréciations des comptes financiers / Dépréciations des valeurs mobilières de placement,
5903,Actions,asset,unspecified,debit,0,,Comptes Financiers / Dépréciations des comptes financiers / Dépréciations des valeurs mobilières de placement,,,,Comptes Financiers / Dépréciations des comptes financiers / Dépréciations des valeurs mobilières de placement / Actions,
5904,Autres titres conférant un droit de propriété,asset,unspecified,debit,0,,Comptes Financiers / Dépréciations des comptes financiers / Dépréciations des valeurs mobilières de placement,,,,Comptes Financiers / Dépréciations des comptes financiers / Dépréciations des valeurs mobilières de placement / Autres titres conférant un droit de propriété,
5906,Obligations,asset,unspecified,debit,0,,Comptes Financiers / Dépréciations des comptes financiers / Dépréciations des valeurs mobilières de placement,,,,Comptes Financiers / Dépréciations des comptes financiers / Dépréciations des valeurs mobilières de placement / Obligations,
5908,Autres valeurs mobilières de placement et créances assimilées,asset,unspecified,debit,0,,Comptes Financiers / Dépréciations des comptes financiers / Dépréciations des valeurs mobilières de placement,,,,Comptes Financiers / Dépréciations des comptes financiers / Dépréciations des valeurs mobilières de placement / Autres valeurs mobilières de placement et créances assimilées,
6,Comptes de Charges,expense,group,debit,1,,,,,,Comptes de Charges,
60,Achats (sauf 603),expense,group,debit,1,,Comptes de Charges,,,,Comptes de Charges / Achats (sauf 603),
601,Achats stockés - Matières premières (et fournitures),expense,direct_cost,debit,1,,Comptes de Charges / Achats (sauf 603),Cost of Goods Sold,,,Comptes de Charges / Achats (sauf 603) / Achats stockés - Matières premières (et fournitures),
6011,Matières (ou groupe) A,expense,direct_cost,debit,0,,Comptes de Charges / Achats (sauf 603) / Achats stockés - Matières premières (et fournitures),Cost of Goods Sold,,,Comptes de Charges / Achats (sauf 603) / Achats stockés - Matières premières (et fournitures) / Matières (ou groupe) A,
6012,Matières (ou groupe) B,expense,direct_cost,debit,0,,Comptes de Charges / Achats (sauf 603) / Achats stockés - Matières premières (et fournitures),Cost of Goods Sold,,,Comptes de Charges / Achats (sauf 603) / Achats stockés - Matières premières (et fournitures) / Matières (ou groupe) B,
6017,"Fournitures A, B, C...",expense,direct_cost,debit,0,,Comptes de Charges / Achats (sauf 603) / Achats stockés - Matières premières (et fournitures),Cost of Goods Sold,,,"Comptes de Charges / Achats (sauf 603) / Achats stockés - Matières premières (et fournitures) / Fournitures A, B, C...",
602,Achats stockés - Autres approvisionnements,expense,direct_cost,debit,1,,Comptes de Charges / Achats (sauf 603),Cost of Goods Sold,,,Comptes de Charges / Achats (sauf 603) / Achats stockés - Autres approvisionnements,
6021,Matières consommables,expense,direct_cost,debit,1,,Comptes de Charges / Achats (sauf 603) / Achats stockés - Autres approvisionnements,Cost of Goods Sold,,,Comptes de Charges / Achats (sauf 603) / Achats stockés - Autres approvisionnements / Matières consommables,
60211,Matières (ou groupe) C,expense,direct_cost,debit,0,,Comptes de Charges / Achats (sauf 603) / Achats stockés - Autres approvisionnements / Matières consommables,Cost of Goods Sold,,,Comptes de Charges / Achats (sauf 603) / Achats stockés - Autres approvisionnements / Matières consommables / Matières (ou groupe) C,
60212,Matières (ou groupe) D,expense,direct_cost,debit,0,,Comptes de Charges / Achats (sauf 603) / Achats stockés - Autres approvisionnements / Matières consommables,Cost of Goods Sold,,,Comptes de Charges / Achats (sauf 603) / Achats stockés - Autres approvisionnements / Matières consommables / Matières (ou groupe) D,
6022,Fournitures consommables,expense,direct_cost,debit,1,,Comptes de Charges / Achats (sauf 603) / Achats stockés - Autres approvisionnements,Cost of Goods Sold,,,Comptes de Charges / Achats (sauf 603) / Achats stockés - Autres approvisionnements / Fournitures consommables,
60221,Combustibles,expense,direct_cost,debit,0,,Comptes de Charges / Achats (sauf 603) / Achats stockés - Autres approvisionnements / Fournitures consommables,Cost of Goods Sold,,,Comptes de Charges / Achats (sauf 603) / Achats stockés - Autres approvisionnements / Fournitures consommables / Combustibles,
60222,Produits d'entretien,expense,direct_cost,debit,0,,Comptes de Charges / Achats (sauf 603) / Achats stockés - Autres approvisionnements / Fournitures consommables,Cost of Goods Sold,,,Comptes de Charges / Achats (sauf 603) / Achats stockés - Autres approvisionnements / Fournitures consommables / Produits d'entretien,
60223,Fournitures d'atelier et d'usine,expense,direct_cost,debit,0,,Comptes de Charges / Achats (sauf 603) / Achats stockés - Autres approvisionnements / Fournitures consommables,Cost of Goods Sold,,,Comptes de Charges / Achats (sauf 603) / Achats stockés - Autres approvisionnements / Fournitures consommables / Fournitures d'atelier et d'usine,
60224,Fournitures de magasin,expense,direct_cost,debit,0,,Comptes de Charges / Achats (sauf 603) / Achats stockés - Autres approvisionnements / Fournitures consommables,Cost of Goods Sold,,,Comptes de Charges / Achats (sauf 603) / Achats stockés - Autres approvisionnements / Fournitures consommables / Fournitures de magasin,
60225,Fournitures de bureau,expense,direct_cost,debit,0,,Comptes de Charges / Achats (sauf 603) / Achats stockés - Autres approvisionnements / Fournitures consommables,Cost of Goods Sold,,,Comptes de Charges / Achats (sauf 603) / Achats stockés - Autres approvisionnements / Fournitures consommables / Fournitures de bureau,
6026,Emballages,expense,direct_cost,debit,1,,Comptes de Charges / Achats (sauf 603) / Achats stockés - Autres approvisionnements,Cost of Goods Sold,,,Comptes de Charges / Achats (sauf 603) / Achats stockés - Autres approvisionnements / Emballages,
60261,Emballages perdus,expense,direct_cost,debit,0,,Comptes de Charges / Achats (sauf 603) / Achats stockés - Autres approvisionnements / Emballages,Cost of Goods Sold,,,Comptes de Charges / Achats (sauf 603) / Achats stockés - Autres approvisionnements / Emballages / Emballages perdus,
60265,Emballages récupérables non identifiables,expense,direct_cost,debit,0,,Comptes de Charges / Achats (sauf 603) / Achats stockés - Autres approvisionnements / Emballages,Cost of Goods Sold,,,Comptes de Charges / Achats (sauf 603) / Achats stockés - Autres approvisionnements / Emballages / Emballages récupérables non identifiables,
60267,Emballages à usage mixte,expense,direct_cost,debit,0,,Comptes de Charges / Achats (sauf 603) / Achats stockés - Autres approvisionnements / Emballages,Cost of Goods Sold,,,Comptes de Charges / Achats (sauf 603) / Achats stockés - Autres approvisionnements / Emballages / Emballages à usage mixte,
603,Variations des stocks (approvisionnements et marchandises),expense,stock_adjustment,debit,1,,Comptes de Charges / Achats (sauf 603),Stock Adjustment,,,Comptes de Charges / Achats (sauf 603) / Variations des stocks (approvisionnements et marchandises),
6031,Variation des stocks de matières premières (et fournitures),expense,stock_adjustment,debit,0,,Comptes de Charges / Achats (sauf 603) / Variations des stocks (approvisionnements et marchandises),Stock Adjustment,,,Comptes de Charges / Achats (sauf 603) / Variations des stocks (approvisionnements et marchandises) / Variation des stocks de matières premières (et fournitures),
6032,Variation des stocks des autres approvisionnements,expense,stock_adjustment,debit,0,,Comptes de Charges / Achats (sauf 603) / Variations des stocks (approvisionnements et marchandises),Stock Adjustment,,,Comptes de Charges / Achats (sauf 603) / Variations des stocks (approvisionnements et marchandises) / Variation des stocks des autres approvisionnements,
6037,Variation des stocks de marchandises,expense,stock_adjustment,debit,0,,Comptes de Charges / Achats (sauf 603) / Variations des stocks (approvisionnements et marchandises),Stock Adjustment,,,Comptes de Charges / Achats (sauf 603) / Variations des stocks (approvisionnements et marchandises) / Variation des stocks de marchandises,
604,Achats d'études et prestations de service,expense,direct_cost,debit,0,,Comptes de Charges / Achats (sauf 603),Cost of Goods Sold,,,Comptes de Charges / Achats (sauf 603) / Achats d'études et prestations de service,
605,"Achats de matériel, équipements et travaux",expense,direct_cost,debit,0,,Comptes de Charges / Achats (sauf 603),Cost of Goods Sold,,,"Comptes de Charges / Achats (sauf 603) / Achats de matériel, équipements et travaux",
606,Achats non stockés de matières et founitures,expense,direct_cost,debit,1,,Comptes de Charges / Achats (sauf 603),Cost of Goods Sold,,,Comptes de Charges / Achats (sauf 603) / Achats non stockés de matières et founitures,
6061,"Fournitures non stockables (eau, énergie...)",expense,direct_cost,debit,0,,Comptes de Charges / Achats (sauf 603) / Achats non stockés de matières et founitures,Cost of Goods Sold,,,"Comptes de Charges / Achats (sauf 603) / Achats non stockés de matières et founitures / Fournitures non stockables (eau, énergie...)",
6063,Fournitures d'entretien et de petit équipement,expense,direct_cost,debit,0,,Comptes de Charges / Achats (sauf 603) / Achats non stockés de matières et founitures,Cost of Goods Sold,,,Comptes de Charges / Achats (sauf 603) / Achats non stockés de matières et founitures / Fournitures d'entretien et de petit équipement,
6064,Fournitures administratives,expense,direct_cost,debit,0,,Comptes de Charges / Achats (sauf 603) / Achats non stockés de matières et founitures,Cost of Goods Sold,,,Comptes de Charges / Achats (sauf 603) / Achats non stockés de matières et founitures / Fournitures administratives,
6068,Autres matières et fournitures,expense,direct_cost,debit,0,,Comptes de Charges / Achats (sauf 603) / Achats non stockés de matières et founitures,Cost of Goods Sold,,,Comptes de Charges / Achats (sauf 603) / Achats non stockés de matières et founitures / Autres matières et fournitures,
607,Achats de marchandises,expense,direct_cost,debit,1,,Comptes de Charges / Achats (sauf 603),Cost of Goods Sold,,,Comptes de Charges / Achats (sauf 603) / Achats de marchandises,
6071,Marchandises (ou groupe) A,expense,direct_cost,debit,0,,Comptes de Charges / Achats (sauf 603) / Achats de marchandises,Cost of Goods Sold,,,Comptes de Charges / Achats (sauf 603) / Achats de marchandises / Marchandises (ou groupe) A,
6072,Marchandises (ou groupe) B,expense,direct_cost,debit,0,,Comptes de Charges / Achats (sauf 603) / Achats de marchandises,Cost of Goods Sold,,,Comptes de Charges / Achats (sauf 603) / Achats de marchandises / Marchandises (ou groupe) B,
608,"(Compte réservé, le cas échéant, à la recapitulation des Frais accessoires incorporés aux achats)",expense,valuation_expense,debit,0,,Comptes de Charges / Achats (sauf 603),Expenses Included In Valuation,,,"Comptes de Charges / Achats (sauf 603) / (Compte réservé, le cas échéant, à la recapitulation des Frais accessoires incorporés aux achats)",
609,"Rabais, remises et ristournes obtenus sur achats",expense,group,debit,1,,Comptes de Charges / Achats (sauf 603),,,,"Comptes de Charges / Achats (sauf 603) / Rabais, remises et ristournes obtenus sur achats",
6091,"Rabais, remises et ristournes obtenus sur achats - de matières premières (et fournitures)",expense,unspecified,debit,0,,"Comptes de Charges / Achats (sauf 603) / Rabais, remises et ristournes obtenus sur achats",,,,"Comptes de Charges / Achats (sauf 603) / Rabais, remises et ristournes obtenus sur achats / Rabais, remises et ristournes obtenus sur achats - de matières premières (et fournitures)",
6092,"Rabais, remises et ristournes obtenus sur achats - d'autres approvisionnements stockés",expense,unspecified,debit,0,,"Comptes de Charges / Achats (sauf 603) / Rabais, remises et ristournes obtenus sur achats",,,,"Comptes de Charges / Achats (sauf 603) / Rabais, remises et ristournes obtenus sur achats / Rabais, remises et ristournes obtenus sur achats - d'autres approvisionnements stockés",
6094,"Rabais, remises et ristournes obtenus sur achats - d'études et prestations de services",expense,unspecified,debit,0,,"Comptes de Charges / Achats (sauf 603) / Rabais, remises et ristournes obtenus sur achats",,,,"Comptes de Charges / Achats (sauf 603) / Rabais, remises et ristournes obtenus sur achats / Rabais, remises et ristournes obtenus sur achats - d'études et prestations de services",
6095,"Rabais, remises et ristournes obtenus sur achats - de matériel, équipements et travaux",expense,unspecified,debit,0,,"Comptes de Charges / Achats (sauf 603) / Rabais, remises et ristournes obtenus sur achats",,,,"Comptes de Charges / Achats (sauf 603) / Rabais, remises et ristournes obtenus sur achats / Rabais, remises et ristournes obtenus sur achats - de matériel, équipements et travaux",
6096,"Rabais, remises et ristournes obtenus sur achats - d'approvisionnements non stockés",expense,unspecified,debit,0,,"Comptes de Charges / Achats (sauf 603) / Rabais, remises et ristournes obtenus sur achats",,,,"Comptes de Charges / Achats (sauf 603) / Rabais, remises et ristournes obtenus sur achats / Rabais, remises et ristournes obtenus sur achats - d'approvisionnements non stockés",
6097,"Rabais, remises et ristournes obtenus sur achats - de marchandises",expense,unspecified,debit,0,,"Comptes de Charges / Achats (sauf 603) / Rabais, remises et ristournes obtenus sur achats",,,,"Comptes de Charges / Achats (sauf 603) / Rabais, remises et ristournes obtenus sur achats / Rabais, remises et ristournes obtenus sur achats - de marchandises",
6098,"Rabais, remises et ristournes non affectés",expense,unspecified,debit,0,,"Comptes de Charges / Achats (sauf 603) / Rabais, remises et ristournes obtenus sur achats",,,,"Comptes de Charges / Achats (sauf 603) / Rabais, remises et ristournes obtenus sur achats / Rabais, remises et ristournes non affectés",
61,Services extérieurs,expense,group,debit,1,,Comptes de Charges,,,,Comptes de Charges / Services extérieurs,
611,Sous-traitance générale,expense,unspecified,debit,0,,Comptes de Charges / Services extérieurs,,,,Comptes de Charges / Services extérieurs / Sous-traitance générale,
612,Redevances de crédit-bail,expense,group,debit,1,,Comptes de Charges / Services extérieurs,,,,Comptes de Charges / Services extérieurs / Redevances de crédit-bail,
6122,Crédit-bail mobilier,expense,unspecified,debit,0,,Comptes de Charges / Services extérieurs / Redevances de crédit-bail,,,,Comptes de Charges / Services extérieurs / Redevances de crédit-bail / Crédit-bail mobilier,
6125,Crédit-bail immobilier,expense,unspecified,debit,0,,Comptes de Charges / Services extérieurs / Redevances de crédit-bail,,,,Comptes de Charges / Services extérieurs / Redevances de crédit-bail / Crédit-bail immobilier,
613,Locations,expense,group,debit,1,,Comptes de Charges / Services extérieurs,,,,Comptes de Charges / Services extérieurs / Locations,
6132,Locations immobilières,expense,unspecified,debit,0,,Comptes de Charges / Services extérieurs / Locations,,,,Comptes de Charges / Services extérieurs / Locations / Locations immobilières,
6135,Locations mobilières,expense,unspecified,debit,0,,Comptes de Charges / Services extérieurs / Locations,,,,Comptes de Charges / Services extérieurs / Locations / Locations mobilières,
6136,Malis sur emballages,expense,unspecified,debit,0,,Comptes de Charges / Services extérieurs / Locations,,,,Comptes de Charges / Services extérieurs / Locations / Malis sur emballages,
614,Charges locatives et de copropriété,expense,unspecified,debit,0,,Comptes de Charges / Services extérieurs,,,,Comptes de Charges / Services extérieurs / Charges locatives et de copropriété,
615,Entretiens et réparations,expense,group,debit,1,,Comptes de Charges / Services extérieurs,,,,Comptes de Charges / Services extérieurs / Entretiens et réparations,
6152,Entretiens et réparations - sur biens immobiliers,expense,unspecified,debit,0,,Comptes de Charges / Services extérieurs / Entretiens et réparations,,,,Comptes de Charges / Services extérieurs / Entretiens et réparations / Entretiens et réparations - sur biens immobiliers,
6155,Entretiens et réparations - sur biens mobiliers,expense,unspecified,debit,0,,Comptes de Charges / Services extérieurs / Entretiens et réparations,,,,Comptes de Charges / Services extérieurs / Entretiens et réparations / Entretiens et réparations - sur biens mobiliers,
6156,Maintenance,expense,unspecified,debit,0,,Comptes de Charges / Services extérieurs / Entretiens et réparations,,,,Comptes de Charges / Services extérieurs / Entretiens et réparations / Maintenance,
616,Primes d'assurance,expense,group,debit,1,,Comptes de Charges / Services extérieurs,,,,Comptes de Charges / Services extérieurs / Primes d'assurance,
6161,Multirisques,expense,unspecified,debit,0,,Comptes de Charges / Services extérieurs / Primes d'assurance,,,,Comptes de Charges / Services extérieurs / Primes d'assurance / Multirisques,
6162,Assurance obligatoire dommage construction,expense,unspecified,debit,0,,Comptes de Charges / Services extérieurs / Primes d'assurance,,,,Comptes de Charges / Services extérieurs / Primes d'assurance / Assurance obligatoire dommage construction,
6163,Assurance-transport,expense,group,debit,1,,Comptes de Charges / Services extérieurs / Primes d'assurance,,,,Comptes de Charges / Services extérieurs / Primes d'assurance / Assurance-transport,
61636,Assurance-transport - sur achats,expense,unspecified,debit,0,,Comptes de Charges / Services extérieurs / Primes d'assurance / Assurance-transport,,,,Comptes de Charges / Services extérieurs / Primes d'assurance / Assurance-transport / Assurance-transport - sur achats,
61637,Assurance-transport - sur ventes,expense,unspecified,debit,0,,Comptes de Charges / Services extérieurs / Primes d'assurance / Assurance-transport,,,,Comptes de Charges / Services extérieurs / Primes d'assurance / Assurance-transport / Assurance-transport - sur ventes,
61638,Assurance-transport - sur autres biens,expense,unspecified,debit,0,,Comptes de Charges / Services extérieurs / Primes d'assurance / Assurance-transport,,,,Comptes de Charges / Services extérieurs / Primes d'assurance / Assurance-transport / Assurance-transport - sur autres biens,
6164,Risques d'exploitation,expense,unspecified,debit,0,,Comptes de Charges / Services extérieurs / Primes d'assurance,,,,Comptes de Charges / Services extérieurs / Primes d'assurance / Risques d'exploitation,
6165,Insolvabilité clients,expense,unspecified,debit,0,,Comptes de Charges / Services extérieurs / Primes d'assurance,,,,Comptes de Charges / Services extérieurs / Primes d'assurance / Insolvabilité clients,
617,Etudes et recherches,expense,unspecified,debit,0,,Comptes de Charges / Services extérieurs,,,,Comptes de Charges / Services extérieurs / Etudes et recherches,
618,Divers,expense,group,debit,1,,Comptes de Charges / Services extérieurs,,,,Comptes de Charges / Services extérieurs / Divers,
6181,Documentation générale,expense,unspecified,debit,0,,Comptes de Charges / Services extérieurs / Divers,,,,Comptes de Charges / Services extérieurs / Divers / Documentation générale,
6183,Documentation technique,expense,unspecified,debit,0,,Comptes de Charges / Services extérieurs / Divers,,,,Comptes de Charges / Services extérieurs / Divers / Documentation technique,
6185,"Frais de colloques, séminaires, conférences",expense,unspecified,debit,0,,Comptes de Charges / Services extérieurs / Divers,,,,"Comptes de Charges / Services extérieurs / Divers / Frais de colloques, séminaires, conférences",
619,"Rabais, remises et ristournes obtenus sur services extérieurs",expense,unspecified,debit,0,,Comptes de Charges / Services extérieurs,,,,"Comptes de Charges / Services extérieurs / Rabais, remises et ristournes obtenus sur services extérieurs",
62,Autres services extérieurs,expense,group,debit,1,,Comptes de Charges,,,,Comptes de Charges / Autres services extérieurs,
621,Personnel extérieur à l'entreprise,expense,group,debit,1,,Comptes de Charges / Autres services extérieurs,,,,Comptes de Charges / Autres services extérieurs / Personnel extérieur à l'entreprise,
6211,Personnel intérimaire,expense,unspecified,debit,0,,Comptes de Charges / Autres services extérieurs / Personnel extérieur à l'entreprise,,,,Comptes de Charges / Autres services extérieurs / Personnel extérieur à l'entreprise / Personnel intérimaire,
6214,Personnel détaché ou prêté à l'entreprise,expense,unspecified,debit,0,,Comptes de Charges / Autres services extérieurs / Personnel extérieur à l'entreprise,,,,Comptes de Charges / Autres services extérieurs / Personnel extérieur à l'entreprise / Personnel détaché ou prêté à l'entreprise,
622,Rémunérations d’intermédiaires et honoraires,expense,group,debit,1,,Comptes de Charges / Autres services extérieurs,,,,Comptes de Charges / Autres services extérieurs / Rémunérations d’intermédiaires et honoraires,
6221,Commissions et courtages sur achats,expense,unspecified,debit,0,,Comptes de Charges / Autres services extérieurs / Rémunérations d’intermédiaires et honoraires,,,,Comptes de Charges / Autres services extérieurs / Rémunérations d’intermédiaires et honoraires / Commissions et courtages sur achats,
6222,Commissions et courtages sur ventes,expense,unspecified,debit,0,,Comptes de Charges / Autres services extérieurs / Rémunérations d’intermédiaires et honoraires,,,,Comptes de Charges / Autres services extérieurs / Rémunérations d’intermédiaires et honoraires / Commissions et courtages sur ventes,
6224,Rémunérations des transitaires,expense,unspecified,debit,0,,Comptes de Charges / Autres services extérieurs / Rémunérations d’intermédiaires et honoraires,,,,Comptes de Charges / Autres services extérieurs / Rémunérations d’intermédiaires et honoraires / Rémunérations des transitaires,
6225,Rémunérations d'affacturage,expense,unspecified,debit,0,,Comptes de Charges / Autres services extérieurs / Rémunérations d’intermédiaires et honoraires,,,,Comptes de Charges / Autres services extérieurs / Rémunérations d’intermédiaires et honoraires / Rémunérations d'affacturage,
6226,Honoraires,expense,group,debit,1,,Comptes de Charges / Autres services extérieurs / Rémunérations d’intermédiaires et honoraires,,,,Comptes de Charges / Autres services extérieurs / Rémunérations d’intermédiaires et honoraires / Honoraires,
62264,Honoraires sur legs ou donations destinés à être cédés,expense,unspecified,debit,0,,Comptes de Charges / Autres services extérieurs / Rémunérations d’intermédiaires et honoraires / Honoraires,,,,Comptes de Charges / Autres services extérieurs / Rémunérations d’intermédiaires et honoraires / Honoraires / Honoraires sur legs ou donations destinés à être cédés,
6227,Frais d'actes et de contentieux,expense,unspecified,debit,0,,Comptes de Charges / Autres services extérieurs / Rémunérations d’intermédiaires et honoraires,,,,Comptes de Charges / Autres services extérieurs / Rémunérations d’intermédiaires et honoraires / Frais d'actes et de contentieux,
6228,Divers,expense,unspecified,debit,0,,Comptes de Charges / Autres services extérieurs / Rémunérations d’intermédiaires et honoraires,,,,Comptes de Charges / Autres services extérieurs / Rémunérations d’intermédiaires et honoraires / Divers,
623,"Publicité, publications, relations publiques",expense,group,debit,1,,Comptes de Charges / Autres services extérieurs,,,,"Comptes de Charges / Autres services extérieurs / Publicité, publications, relations publiques",
6231,Annonces et insertions,expense,unspecified,debit,0,,"Comptes de Charges / Autres services extérieurs / Publicité, publications, relations publiques",,,,"Comptes de Charges / Autres services extérieurs / Publicité, publications, relations publiques / Annonces et insertions",
6232,Echantillons,expense,unspecified,debit,0,,"Comptes de Charges / Autres services extérieurs / Publicité, publications, relations publiques",,,,"Comptes de Charges / Autres services extérieurs / Publicité, publications, relations publiques / Echantillons",
6233,Foires et expositions,expense,unspecified,debit,0,,"Comptes de Charges / Autres services extérieurs / Publicité, publications, relations publiques",,,,"Comptes de Charges / Autres services extérieurs / Publicité, publications, relations publiques / Foires et expositions",
6234,Cadeaux à la clientèle,expense,unspecified,debit,0,,"Comptes de Charges / Autres services extérieurs / Publicité, publications, relations publiques",,,,"Comptes de Charges / Autres services extérieurs / Publicité, publications, relations publiques / Cadeaux à la clientèle",
6235,Primes,expense,unspecified,debit,0,,"Comptes de Charges / Autres services extérieurs / Publicité, publications, relations publiques",,,,"Comptes de Charges / Autres services extérieurs / Publicité, publications, relations publiques / Primes",
6236,Catalogues et imprimés,expense,unspecified,debit,0,,"Comptes de Charges / Autres services extérieurs / Publicité, publications, relations publiques",,,,"Comptes de Charges / Autres services extérieurs / Publicité, publications, relations publiques / Catalogues et imprimés",
6237,Publications,expense,unspecified,debit,0,,"Comptes de Charges / Autres services extérieurs / Publicité, publications, relations publiques",,,,"Comptes de Charges / Autres services extérieurs / Publicité, publications, relations publiques / Publications",
6238,"Divers (pourboires, dons courants...)",expense,unspecified,debit,0,,"Comptes de Charges / Autres services extérieurs / Publicité, publications, relations publiques",,,,"Comptes de Charges / Autres services extérieurs / Publicité, publications, relations publiques / Divers (pourboires, dons courants...)",
624,Transports de biens et transports collectifs du personnel,expense,group,debit,1,,Comptes de Charges / Autres services extérieurs,,,,Comptes de Charges / Autres services extérieurs / Transports de biens et transports collectifs du personnel,
6241,Transports sur achats,expense,unspecified,debit,0,,Comptes de Charges / Autres services extérieurs / Transports de biens et transports collectifs du personnel,,,,Comptes de Charges / Autres services extérieurs / Transports de biens et transports collectifs du personnel / Transports sur achats,
6242,Transports sur ventes,expense,chargeable,debit,0,,Comptes de Charges / Autres services extérieurs / Transports de biens et transports collectifs du personnel,Chargeable,,,Comptes de Charges / Autres services extérieurs / Transports de biens et transports collectifs du personnel / Transports sur ventes,
6243,Transports entre établissements ou chantiers,expense,unspecified,debit,0,,Comptes de Charges / Autres services extérieurs / Transports de biens et transports collectifs du personnel,,,,Comptes de Charges / Autres services extérieurs / Transports de biens et transports collectifs du personnel / Transports entre établissements ou chantiers,
6244,Transports administratifs,expense,unspecified,debit,0,,Comptes de Charges / Autres services extérieurs / Transports de biens et transports collectifs du personnel,,,,Comptes de Charges / Autres services extérieurs / Transports de biens et transports collectifs du personnel / Transports administratifs,
6247,Transports collectifs du personnel,expense,unspecified,debit,0,,Comptes de Charges / Autres services extérieurs / Transports de biens et transports collectifs du personnel,,,,Comptes de Charges / Autres services extérieurs / Transports de biens et transports collectifs du personnel / Transports collectifs du personnel,
6248,Divers,expense,unspecified,debit,0,,Comptes de Charges / Autres services extérieurs / Transports de biens et transports collectifs du personnel,,,,Comptes de Charges / Autres services extérieurs / Transports de biens et transports collectifs du personnel / Divers,
625,"Déplacements, missions et réceptions",expense,group,debit,1,,Comptes de Charges / Autres services extérieurs,,,,"Comptes de Charges / Autres services extérieurs / Déplacements, missions et réceptions",
6251,Voyages et déplacements,expense,unspecified,debit,0,,"Comptes de Charges / Autres services extérieurs / Déplacements, missions et réceptions",,,,"Comptes de Charges / Autres services extérieurs / Déplacements, missions et réceptions / Voyages et déplacements",
6255,Frais de déménagement,expense,unspecified,debit,0,,"Comptes de Charges / Autres services extérieurs / Déplacements, missions et réceptions",,,,"Comptes de Charges / Autres services extérieurs / Déplacements, missions et réceptions / Frais de déménagement",
6256,Missions,expense,unspecified,debit,0,,"Comptes de Charges / Autres services extérieurs / Déplacements, missions et réceptions",,,,"Comptes de Charges / Autres services extérieurs / Déplacements, missions et réceptions / Missions",
6257,Réceptions,expense,unspecified,debit,0,,"Comptes de Charges / Autres services extérieurs / Déplacements, missions et réceptions",,,,"Comptes de Charges / Autres services extérieurs / Déplacements, missions et réceptions / Réceptions",
626,Frais postaux et de télécommunications,expense,unspecified,debit,0,,Comptes de Charges / Autres services extérieurs,,,,Comptes de Charges / Autres services extérieurs / Frais postaux et de télécommunications,
627,Services bancaires et assimilés,expense,group,debit,1,,Comptes de Charges / Autres services extérieurs,,,,Comptes de Charges / Autres services extérieurs / Services bancaires et assimilés,
6271,"Frais sur titres (achat, vente, garde)",expense,unspecified,debit,0,,Comptes de Charges / Autres services extérieurs / Services bancaires et assimilés,,,,"Comptes de Charges / Autres services extérieurs / Services bancaires et assimilés / Frais sur titres (achat, vente, garde)",
6272,Commissions et frais sur émission d'emprunts,expense,unspecified,debit,0,,Comptes de Charges / Autres services extérieurs / Services bancaires et assimilés,,,,Comptes de Charges / Autres services extérieurs / Services bancaires et assimilés / Commissions et frais sur émission d'emprunts,
6275,Frais sur effets,expense,unspecified,debit,0,,Comptes de Charges / Autres services extérieurs / Services bancaires et assimilés,,,,Comptes de Charges / Autres services extérieurs / Services bancaires et assimilés / Frais sur effets,
6276,Location de coffres,expense,unspecified,debit,0,,Comptes de Charges / Autres services extérieurs / Services bancaires et assimilés,,,,Comptes de Charges / Autres services extérieurs / Services bancaires et assimilés / Location de coffres,
6278,Autres frais et commissions sur prestations de services,expense,unspecified,debit,0,,Comptes de Charges / Autres services extérieurs / Services bancaires et assimilés,,,,Comptes de Charges / Autres services extérieurs / Services bancaires et assimilés / Autres frais et commissions sur prestations de services,
628,Divers,expense,group,debit,1,,Comptes de Charges / Autres services extérieurs,,,,Comptes de Charges / Autres services extérieurs / Divers,
6281,Concours divers (cotisations...),expense,unspecified,debit,0,,Comptes de Charges / Autres services extérieurs / Divers,,,,Comptes de Charges / Autres services extérieurs / Divers / Concours divers (cotisations...),
6284,Frais de recrutement de personnel,expense,unspecified,debit,0,,Comptes de Charges / Autres services extérieurs / Divers,,,,Comptes de Charges / Autres services extérieurs / Divers / Frais de recrutement de personnel,
629,"Rabais, remises et ristournes obtenus sur autres services extérieurs",expense,unspecified,debit,0,,Comptes de Charges / Autres services extérieurs,,,,"Comptes de Charges / Autres services extérieurs / Rabais, remises et ristournes obtenus sur autres services extérieurs",
63,"Impôts, taxes et versements assimilés",expense,group,debit,1,,Comptes de Charges,,,,"Comptes de Charges / Impôts, taxes et versements assimilés",
631,"Impôts, taxes et versements assimilés sur rémunérations (administrations des impôts)",expense,group,debit,1,,"Comptes de Charges / Impôts, taxes et versements assimilés",,,,"Comptes de Charges / Impôts, taxes et versements assimilés / Impôts, taxes et versements assimilés sur rémunérations (administrations des impôts)",
6311,Taxes sur les salaires,expense,unspecified,debit,0,,"Comptes de Charges / Impôts, taxes et versements assimilés / Impôts, taxes et versements assimilés sur rémunérations (administrations des impôts)",,,,"Comptes de Charges / Impôts, taxes et versements assimilés / Impôts, taxes et versements assimilés sur rémunérations (administrations des impôts) / Taxes sur les salaires",
6312,Taxe d'apprentissage,expense,unspecified,debit,0,,"Comptes de Charges / Impôts, taxes et versements assimilés / Impôts, taxes et versements assimilés sur rémunérations (administrations des impôts)",,,,"Comptes de Charges / Impôts, taxes et versements assimilés / Impôts, taxes et versements assimilés sur rémunérations (administrations des impôts) / Taxe d'apprentissage",
6313,Participation des employeurs à la formation professionnelle continue,expense,unspecified,debit,0,,"Comptes de Charges / Impôts, taxes et versements assimilés / Impôts, taxes et versements assimilés sur rémunérations (administrations des impôts)",,,,"Comptes de Charges / Impôts, taxes et versements assimilés / Impôts, taxes et versements assimilés sur rémunérations (administrations des impôts) / Participation des employeurs à la formation professionnelle continue",
6314,Cotisation pour défaut d'investissement obligatoire dans la construction,expense,unspecified,debit,0,,"Comptes de Charges / Impôts, taxes et versements assimilés / Impôts, taxes et versements assimilés sur rémunérations (administrations des impôts)",,,,"Comptes de Charges / Impôts, taxes et versements assimilés / Impôts, taxes et versements assimilés sur rémunérations (administrations des impôts) / Cotisation pour défaut d'investissement obligatoire dans la construction",
6318,Autres,expense,unspecified,debit,0,,"Comptes de Charges / Impôts, taxes et versements assimilés / Impôts, taxes et versements assimilés sur rémunérations (administrations des impôts)",,,,"Comptes de Charges / Impôts, taxes et versements assimilés / Impôts, taxes et versements assimilés sur rémunérations (administrations des impôts) / Autres",
633,"Impôts, taxes et versements assimilés sur rémunérations (autres organismes)",expense,group,debit,1,,"Comptes de Charges / Impôts, taxes et versements assimilés",,,,"Comptes de Charges / Impôts, taxes et versements assimilés / Impôts, taxes et versements assimilés sur rémunérations (autres organismes)",
6331,Versement de transport,expense,unspecified,debit,0,,"Comptes de Charges / Impôts, taxes et versements assimilés / Impôts, taxes et versements assimilés sur rémunérations (autres organismes)",,,,"Comptes de Charges / Impôts, taxes et versements assimilés / Impôts, taxes et versements assimilés sur rémunérations (autres organismes) / Versement de transport",
6332,Allocations logement,expense,unspecified,debit,0,,"Comptes de Charges / Impôts, taxes et versements assimilés / Impôts, taxes et versements assimilés sur rémunérations (autres organismes)",,,,"Comptes de Charges / Impôts, taxes et versements assimilés / Impôts, taxes et versements assimilés sur rémunérations (autres organismes) / Allocations logement",
6333,Participation des employeurs à la formation professionnelle continue,expense,unspecified,debit,0,,"Comptes de Charges / Impôts, taxes et versements assimilés / Impôts, taxes et versements assimilés sur rémunérations (autres organismes)",,,,"Comptes de Charges / Impôts, taxes et versements assimilés / Impôts, taxes et versements assimilés sur rémunérations (autres organismes) / Participation des employeurs à la formation professionnelle continue",
6334,Participation des employeurs à l'effort de construction,expense,unspecified,debit,0,,"Comptes de Charges / Impôts, taxes et versements assimilés / Impôts, taxes et versements assimilés sur rémunérations (autres organismes)",,,,"Comptes de Charges / Impôts, taxes et versements assimilés / Impôts, taxes et versements assimilés sur rémunérations (autres organismes) / Participation des employeurs à l'effort de construction",
6335,Versements libératoires ouvrant droit à l'éxonération de la taxe d'apprentissage,expense,unspecified,debit,0,,"Comptes de Charges / Impôts, taxes et versements assimilés / Impôts, taxes et versements assimilés sur rémunérations (autres organismes)",,,,"Comptes de Charges / Impôts, taxes et versements assimilés / Impôts, taxes et versements assimilés sur rémunérations (autres organismes) / Versements libératoires ouvrant droit à l'éxonération de la taxe d'apprentissage",
6338,Autres,expense,unspecified,debit,0,,"Comptes de Charges / Impôts, taxes et versements assimilés / Impôts, taxes et versements assimilés sur rémunérations (autres organismes)",,,,"Comptes de Charges / Impôts, taxes et versements assimilés / Impôts, taxes et versements assimilés sur rémunérations (autres organismes) / Autres",
635,"Autres impôts, taxes et versements assimilés (administrations des impôts)",expense,group,debit,1,,"Comptes de Charges / Impôts, taxes et versements assimilés",,,,"Comptes de Charges / Impôts, taxes et versements assimilés / Autres impôts, taxes et versements assimilés (administrations des impôts)",
6351,Impôts directs (sauf impôts sur les bénéfices),expense,group,debit,1,,"Comptes de Charges / Impôts, taxes et versements assimilés / Autres impôts, taxes et versements assimilés (administrations des impôts)",,,,"Comptes de Charges / Impôts, taxes et versements assimilés / Autres impôts, taxes et versements assimilés (administrations des impôts) / Impôts directs (sauf impôts sur les bénéfices)",
63511,Contribution économique territoriale,expense,unspecified,debit,0,,"Comptes de Charges / Impôts, taxes et versements assimilés / Autres impôts, taxes et versements assimilés (administrations des impôts) / Impôts directs (sauf impôts sur les bénéfices)",,,,"Comptes de Charges / Impôts, taxes et versements assimilés / Autres impôts, taxes et versements assimilés (administrations des impôts) / Impôts directs (sauf impôts sur les bénéfices) / Contribution économique territoriale",
63512,Taxes foncières,expense,unspecified,debit,0,,"Comptes de Charges / Impôts, taxes et versements assimilés / Autres impôts, taxes et versements assimilés (administrations des impôts) / Impôts directs (sauf impôts sur les bénéfices)",,,,"Comptes de Charges / Impôts, taxes et versements assimilés / Autres impôts, taxes et versements assimilés (administrations des impôts) / Impôts directs (sauf impôts sur les bénéfices) / Taxes foncières",
63513,Autres impôts locaux,expense,unspecified,debit,0,,"Comptes de Charges / Impôts, taxes et versements assimilés / Autres impôts, taxes et versements assimilés (administrations des impôts) / Impôts directs (sauf impôts sur les bénéfices)",,,,"Comptes de Charges / Impôts, taxes et versements assimilés / Autres impôts, taxes et versements assimilés (administrations des impôts) / Impôts directs (sauf impôts sur les bénéfices) / Autres impôts locaux",
63514,Taxe sur les véhicules des sociétés,expense,unspecified,debit,0,,"Comptes de Charges / Impôts, taxes et versements assimilés / Autres impôts, taxes et versements assimilés (administrations des impôts) / Impôts directs (sauf impôts sur les bénéfices)",,,,"Comptes de Charges / Impôts, taxes et versements assimilés / Autres impôts, taxes et versements assimilés (administrations des impôts) / Impôts directs (sauf impôts sur les bénéfices) / Taxe sur les véhicules des sociétés",
6352,Taxes sur le chiffre d'affaires non récupérables,expense,unspecified,debit,0,,"Comptes de Charges / Impôts, taxes et versements assimilés / Autres impôts, taxes et versements assimilés (administrations des impôts)",,,,"Comptes de Charges / Impôts, taxes et versements assimilés / Autres impôts, taxes et versements assimilés (administrations des impôts) / Taxes sur le chiffre d'affaires non récupérables",
6353,Impôts indirects,expense,unspecified,debit,0,,"Comptes de Charges / Impôts, taxes et versements assimilés / Autres impôts, taxes et versements assimilés (administrations des impôts)",,,,"Comptes de Charges / Impôts, taxes et versements assimilés / Autres impôts, taxes et versements assimilés (administrations des impôts) / Impôts indirects",
6354,Droits d'enregistrement et de timbre,expense,group,debit,1,,"Comptes de Charges / Impôts, taxes et versements assimilés / Autres impôts, taxes et versements assimilés (administrations des impôts)",,,,"Comptes de Charges / Impôts, taxes et versements assimilés / Autres impôts, taxes et versements assimilés (administrations des impôts) / Droits d'enregistrement et de timbre",
63541,Droits de mutation,expense,unspecified,debit,0,,"Comptes de Charges / Impôts, taxes et versements assimilés / Autres impôts, taxes et versements assimilés (administrations des impôts) / Droits d'enregistrement et de timbre",,,,"Comptes de Charges / Impôts, taxes et versements assimilés / Autres impôts, taxes et versements assimilés (administrations des impôts) / Droits d'enregistrement et de timbre / Droits de mutation",
6358,Autres droits,expense,unspecified,debit,0,,"Comptes de Charges / Impôts, taxes et versements assimilés / Autres impôts, taxes et versements assimilés (administrations des impôts)",,,,"Comptes de Charges / Impôts, taxes et versements assimilés / Autres impôts, taxes et versements assimilés (administrations des impôts) / Autres droits",
637,"Autres impôts, taxes et versements assimilés (autres organismes)",expense,group,debit,1,,"Comptes de Charges / Impôts, taxes et versements assimilés",,,,"Comptes de Charges / Impôts, taxes et versements assimilés / Autres impôts, taxes et versements assimilés (autres organismes)",
6371,Contribution sociale de solidarité à la charge des sociétés,expense,unspecified,debit,0,,"Comptes de Charges / Impôts, taxes et versements assimilés / Autres impôts, taxes et versements assimilés (autres organismes)",,,,"Comptes de Charges / Impôts, taxes et versements assimilés / Autres impôts, taxes et versements assimilés (autres organismes) / Contribution sociale de solidarité à la charge des sociétés",
6372,Taxes perçues par les organismes publics internationaux,expense,unspecified,debit,0,,"Comptes de Charges / Impôts, taxes et versements assimilés / Autres impôts, taxes et versements assimilés (autres organismes)",,,,"Comptes de Charges / Impôts, taxes et versements assimilés / Autres impôts, taxes et versements assimilés (autres organismes) / Taxes perçues par les organismes publics internationaux",
6374,Impôts et taxes exigibles à l'étranger,expense,unspecified,debit,0,,"Comptes de Charges / Impôts, taxes et versements assimilés / Autres impôts, taxes et versements assimilés (autres organismes)",,,,"Comptes de Charges / Impôts, taxes et versements assimilés / Autres impôts, taxes et versements assimilés (autres organismes) / Impôts et taxes exigibles à l'étranger",
6378,Taxes diverses,expense,unspecified,debit,0,,"Comptes de Charges / Impôts, taxes et versements assimilés / Autres impôts, taxes et versements assimilés (autres organismes)",,,,"Comptes de Charges / Impôts, taxes et versements assimilés / Autres impôts, taxes et versements assimilés (autres organismes) / Taxes diverses",
64,Charges de personnel,expense,group,debit,1,,Comptes de Charges,,,,Comptes de Charges / Charges de personnel,
641,Rémunérations du personnel,expense,group,debit,1,,Comptes de Charges / Charges de personnel,,,,Comptes de Charges / Charges de personnel / Rémunérations du personnel,
6411,"Salaires, appointements",expense,unspecified,debit,0,,Comptes de Charges / Charges de personnel / Rémunérations du personnel,,,,"Comptes de Charges / Charges de personnel / Rémunérations du personnel / Salaires, appointements",
6412,Congés payés,expense,unspecified,debit,0,,Comptes de Charges / Charges de personnel / Rémunérations du personnel,,,,Comptes de Charges / Charges de personnel / Rémunérations du personnel / Congés payés,
6413,Primes et gratifications,expense,unspecified,debit,0,,Comptes de Charges / Charges de personnel / Rémunérations du personnel,,,,Comptes de Charges / Charges de personnel / Rémunérations du personnel / Primes et gratifications,
6414,Indemnités et avantages divers,expense,unspecified,debit,0,,Comptes de Charges / Charges de personnel / Rémunérations du personnel,,,,Comptes de Charges / Charges de personnel / Rémunérations du personnel / Indemnités et avantages divers,
6415,Supplément familial,expense,unspecified,debit,0,,Comptes de Charges / Charges de personnel / Rémunérations du personnel,,,,Comptes de Charges / Charges de personnel / Rémunérations du personnel / Supplément familial,
644,Rémunération du travail de l'exploitant,expense,unspecified,debit,0,,Comptes de Charges / Charges de personnel,,,,Comptes de Charges / Charges de personnel / Rémunération du travail de l'exploitant,
645,Charges de sécurité sociale et de prévoyance,expense,group,debit,1,,Comptes de Charges / Charges de personnel,,,,Comptes de Charges / Charges de personnel / Charges de sécurité sociale et de prévoyance,
6451,Cotisations à l'URSSAF,expense,unspecified,debit,0,,Comptes de Charges / Charges de personnel / Charges de sécurité sociale et de prévoyance,,,,Comptes de Charges / Charges de personnel / Charges de sécurité sociale et de prévoyance / Cotisations à l'URSSAF,
6452,Cotisations aux mutuelles,expense,unspecified,debit,0,,Comptes de Charges / Charges de personnel / Charges de sécurité sociale et de prévoyance,,,,Comptes de Charges / Charges de personnel / Charges de sécurité sociale et de prévoyance / Cotisations aux mutuelles,
6453,Cotisations aux caisses de retraites,expense,unspecified,debit,0,,Comptes de Charges / Charges de personnel / Charges de sécurité sociale et de prévoyance,,,,Comptes de Charges / Charges de personnel / Charges de sécurité sociale et de prévoyance / Cotisations aux caisses de retraites,
6454,Cotisations aux ASSEDIC,expense,unspecified,debit,0,,Comptes de Charges / Charges de personnel / Charges de sécurité sociale et de prévoyance,,,,Comptes de Charges / Charges de personnel / Charges de sécurité sociale et de prévoyance / Cotisations aux ASSEDIC,
646,Cotisations sociales personnelles de l'exploitant,expense,unspecified,debit,0,,Comptes de Charges / Charges de personnel,,,,Comptes de Charges / Charges de personnel / Cotisations sociales personnelles de l'exploitant,
647,Autres charges sociales,expense,group,debit,1,,Comptes de Charges / Charges de personnel,,,,Comptes de Charges / Charges de personnel / Autres charges sociales,
648,Autres charges de personnel,expense,unspecified,debit,0,,Comptes de Charges / Charges de personnel,,,,Comptes de Charges / Charges de personnel / Autres charges de personnel,
65,Autres charges de gestion courante,expense,group,debit,1,,Comptes de Charges,,,,Comptes de Charges / Autres charges de gestion courante,
651,"Redevances pour concessions, brevets, licences, marques, procédés, logiciels, droits et valeurs similaires",expense,group,debit,1,,Comptes de Charges / Autres charges de gestion courante,,,,"Comptes de Charges / Autres charges de gestion courante / Redevances pour concessions, brevets, licences, marques, procédés, logiciels, droits et valeurs similaires",
6511,"Redevances pour concessions, brevets, licences, marques, procédés, logiciels",expense,unspecified,debit,0,,"Comptes de Charges / Autres charges de gestion courante / Redevances pour concessions, brevets, licences, marques, procédés, logiciels, droits et valeurs similaires",,,,"Comptes de Charges / Autres charges de gestion courante / Redevances pour concessions, brevets, licences, marques, procédés, logiciels, droits et valeurs similaires / Redevances pour concessions, brevets, licences, marques, procédés, logiciels",
6516,Droits d'auteur et de reproduction,expense,unspecified,debit,0,,"Comptes de Charges / Autres charges de gestion courante / Redevances pour concessions, brevets, licences, marques, procédés, logiciels, droits et valeurs similaires",,,,"Comptes de Charges / Autres charges de gestion courante / Redevances pour concessions, brevets, licences, marques, procédés, logiciels, droits et valeurs similaires / Droits d'auteur et de reproduction",
6518,Autres droits et valeurs similaires,expense,unspecified,debit,0,,"Comptes de Charges / Autres charges de gestion courante / Redevances pour concessions, brevets, licences, marques, procédés, logiciels, droits et valeurs similaires",,,,"Comptes de Charges / Autres charges de gestion courante / Redevances pour concessions, brevets, licences, marques, procédés, logiciels, droits et valeurs similaires / Autres droits et valeurs similaires",
653,Charges de la générosité du public,expense,group,debit,1,,Comptes de Charges / Autres charges de gestion courante,,,,Comptes de Charges / Autres charges de gestion courante / Charges de la générosité du public,
6531,Autres charges sur legs ou donations,expense,unspecified,debit,0,,Comptes de Charges / Autres charges de gestion courante / Charges de la générosité du public,,,,Comptes de Charges / Autres charges de gestion courante / Charges de la générosité du public / Autres charges sur legs ou donations,
654,Pertes sur créances irrécouvrables,expense,group,debit,1,,Comptes de Charges / Autres charges de gestion courante,,,,Comptes de Charges / Autres charges de gestion courante / Pertes sur créances irrécouvrables,
6541,Créances de l'exercice,expense,unspecified,debit,0,,Comptes de Charges / Autres charges de gestion courante / Pertes sur créances irrécouvrables,,,,Comptes de Charges / Autres charges de gestion courante / Pertes sur créances irrécouvrables / Créances de l'exercice,
6544,Créances des exercices antérieurs,expense,unspecified,debit,0,,Comptes de Charges / Autres charges de gestion courante / Pertes sur créances irrécouvrables,,,,Comptes de Charges / Autres charges de gestion courante / Pertes sur créances irrécouvrables / Créances des exercices antérieurs,
655,Quotes-parts de résultat sur opérations faites en commun,expense,group,debit,1,,Comptes de Charges / Autres charges de gestion courante,,,,Comptes de Charges / Autres charges de gestion courante / Quotes-parts de résultat sur opérations faites en commun,
6551,Quote-part de bénéfice transférée (comptabilité du gérant),expense,unspecified,debit,0,,Comptes de Charges / Autres charges de gestion courante / Quotes-parts de résultat sur opérations faites en commun,,,,Comptes de Charges / Autres charges de gestion courante / Quotes-parts de résultat sur opérations faites en commun / Quote-part de bénéfice transférée (comptabilité du gérant),
6555,Quote-part de perte supportée (comptabilité des associés non gérants),expense,unspecified,debit,0,,Comptes de Charges / Autres charges de gestion courante / Quotes-parts de résultat sur opérations faites en commun,,,,Comptes de Charges / Autres charges de gestion courante / Quotes-parts de résultat sur opérations faites en commun / Quote-part de perte supportée (comptabilité des associés non gérants),
656,Pertes de change sur créances et dettes commerciales,expense,unspecified,debit,0,,Comptes de Charges / Autres charges de gestion courante,,,,Comptes de Charges / Autres charges de gestion courante / Pertes de change sur créances et dettes commerciales,
658,Charges diverses de gestion courante,expense,unspecified,debit,0,,Comptes de Charges / Autres charges de gestion courante,,,,Comptes de Charges / Autres charges de gestion courante / Charges diverses de gestion courante,
657,Aides financières,expense,unspecified,debit,0,,Comptes de Charges / Autres charges de gestion courante,,,,Comptes de Charges / Autres charges de gestion courante / Aides financières,
66,Charges financières,expense,group,debit,1,,Comptes de Charges,,,,Comptes de Charges / Charges financières,
661,Charges d'intérêts,expense,group,debit,1,,Comptes de Charges / Charges financières,,,,Comptes de Charges / Charges financières / Charges d'intérêts,
6611,Intérêts des emprunts et dettes,expense,group,debit,1,,Comptes de Charges / Charges financières / Charges d'intérêts,,,,Comptes de Charges / Charges financières / Charges d'intérêts / Intérêts des emprunts et dettes,
66116,Intérêts des emprunts et dettes - des emprunts et dettes assimilées,expense,unspecified,debit,0,,Comptes de Charges / Charges financières / Charges d'intérêts / Intérêts des emprunts et dettes,,,,Comptes de Charges / Charges financières / Charges d'intérêts / Intérêts des emprunts et dettes / Intérêts des emprunts et dettes - des emprunts et dettes assimilées,
66117,Intérêts des emprunts et dettes - des dettes rattachées à des participations,expense,unspecified,debit,0,,Comptes de Charges / Charges financières / Charges d'intérêts / Intérêts des emprunts et dettes,,,,Comptes de Charges / Charges financières / Charges d'intérêts / Intérêts des emprunts et dettes / Intérêts des emprunts et dettes - des dettes rattachées à des participations,
6612,"Charges de la fiducie, résultat de la période",expense,unspecified,debit,0,,Comptes de Charges / Charges financières / Charges d'intérêts,,,,"Comptes de Charges / Charges financières / Charges d'intérêts / Charges de la fiducie, résultat de la période",
6615,Intérêts des comptes courants et des dépôts créditeurs,expense,unspecified,debit,0,,Comptes de Charges / Charges financières / Charges d'intérêts,,,,Comptes de Charges / Charges financières / Charges d'intérêts / Intérêts des comptes courants et des dépôts créditeurs,
6616,Intérêts bancaires et sur opérations de financement (escompte...),expense,unspecified,debit,0,,Comptes de Charges / Charges financières / Charges d'intérêts,,,,Comptes de Charges / Charges financières / Charges d'intérêts / Intérêts bancaires et sur opérations de financement (escompte...),
6617,Intérêts des obligations cautionnées,expense,unspecified,debit,0,,Comptes de Charges / Charges financières / Charges d'intérêts,,,,Comptes de Charges / Charges financières / Charges d'intérêts / Intérêts des obligations cautionnées,
6618,Intérêts des autres dettes,expense,group,debit,1,,Comptes de Charges / Charges financières / Charges d'intérêts,,,,Comptes de Charges / Charges financières / Charges d'intérêts / Intérêts des autres dettes,
66181,Intérêts des autres dettes - des dettes commerciales,expense,unspecified,debit,0,,Comptes de Charges / Charges financières / Charges d'intérêts / Intérêts des autres dettes,,,,Comptes de Charges / Charges financières / Charges d'intérêts / Intérêts des autres dettes / Intérêts des autres dettes - des dettes commerciales,
66188,Intérêts des autres dettes - des dettes diverses,expense,unspecified,debit,0,,Comptes de Charges / Charges financières / Charges d'intérêts / Intérêts des autres dettes,,,,Comptes de Charges / Charges financières / Charges d'intérêts / Intérêts des autres dettes / Intérêts des autres dettes - des dettes diverses,
664,Pertes sur créances liées à des participations,expense,unspecified,debit,0,,Comptes de Charges / Charges financières,,,,Comptes de Charges / Charges financières / Pertes sur créances liées à des participations,
665,Escomptes accordés,expense,unspecified,debit,0,,Comptes de Charges / Charges financières,,,,Comptes de Charges / Charges financières / Escomptes accordés,
666,Pertes de change financières,expense,round_off,debit,0,,Comptes de Charges / Charges financières,Round Off,,,Comptes de Charges / Charges financières / Pertes de change financières,
667,Charges nettes sur cessions de valeurs mobilières de placement,expense,unspecified,debit,0,,Comptes de Charges / Charges financières,,,,Comptes de Charges / Charges financières / Charges nettes sur cessions de valeurs mobilières de placement,
668,Autres charges financières,expense,unspecified,debit,0,,Comptes de Charges / Charges financières,,,,Comptes de Charges / Charges financières / Autres charges financières,
67,Charges exceptionnelles,expense,group,debit,1,,Comptes de Charges,,,,Comptes de Charges / Charges exceptionnelles,
671,Charges exceptionnelles sur opérations de gestion,expense,group,debit,1,,Comptes de Charges / Charges exceptionnelles,,,,Comptes de Charges / Charges exceptionnelles / Charges exceptionnelles sur opérations de gestion,
6711,Pénalités sur marchés (et dédits payés sur achats et ventes),expense,unspecified,debit,0,,Comptes de Charges / Charges exceptionnelles / Charges exceptionnelles sur opérations de gestion,,,,Comptes de Charges / Charges exceptionnelles / Charges exceptionnelles sur opérations de gestion / Pénalités sur marchés (et dédits payés sur achats et ventes),
6712,"Pénalités, amendes fiscales et pénales",expense,unspecified,debit,0,,Comptes de Charges / Charges exceptionnelles / Charges exceptionnelles sur opérations de gestion,,,,"Comptes de Charges / Charges exceptionnelles / Charges exceptionnelles sur opérations de gestion / Pénalités, amendes fiscales et pénales",
6713,"Dons, libéralités",expense,unspecified,debit,0,,Comptes de Charges / Charges exceptionnelles / Charges exceptionnelles sur opérations de gestion,,,,"Comptes de Charges / Charges exceptionnelles / Charges exceptionnelles sur opérations de gestion / Dons, libéralités",
6714,Créances devenues irrécouvrables dans l'exercice,expense,unspecified,debit,0,,Comptes de Charges / Charges exceptionnelles / Charges exceptionnelles sur opérations de gestion,,,,Comptes de Charges / Charges exceptionnelles / Charges exceptionnelles sur opérations de gestion / Créances devenues irrécouvrables dans l'exercice,
6715,Subventions accordées,expense,unspecified,debit,0,,Comptes de Charges / Charges exceptionnelles / Charges exceptionnelles sur opérations de gestion,,,,Comptes de Charges / Charges exceptionnelles / Charges exceptionnelles sur opérations de gestion / Subventions accordées,
6717,Rappel d'impôts (autres qu'impôts sur les bénéfices),expense,unspecified,debit,0,,Comptes de Charges / Charges exceptionnelles / Charges exceptionnelles sur opérations de gestion,,,,Comptes de Charges / Charges exceptionnelles / Charges exceptionnelles sur opérations de gestion / Rappel d'impôts (autres qu'impôts sur les bénéfices),
6718,Autres charges exceptionnelles sur opérations de gestion,expense,unspecified,debit,0,,Comptes de Charges / Charges exceptionnelles / Charges exceptionnelles sur opérations de gestion,,,,Comptes de Charges / Charges exceptionnelles / Charges exceptionnelles sur opérations de gestion / Autres charges exceptionnelles sur opérations de gestion,
672,"(Compte à la disposition des entités pour enregistrer, en cours d'exercice, les charges sur exercices antérieurs)",expense,unspecified,debit,0,,Comptes de Charges / Charges exceptionnelles,,,,"Comptes de Charges / Charges exceptionnelles / (Compte à la disposition des entités pour enregistrer, en cours d'exercice, les charges sur exercices antérieurs)",
674,Opérations de constitution ou liquidation des fiducies,expense,group,debit,1,,Comptes de Charges / Charges exceptionnelles,,,,Comptes de Charges / Charges exceptionnelles / Opérations de constitution ou liquidation des fiducies,
6741,Opérations liées à la constitution de la fiducie - transfert des éléments,expense,unspecified,debit,0,,Comptes de Charges / Charges exceptionnelles / Opérations de constitution ou liquidation des fiducies,,,,Comptes de Charges / Charges exceptionnelles / Opérations de constitution ou liquidation des fiducies / Opérations liées à la constitution de la fiducie - transfert des éléments,
6742,Opérations liées à la liquidation de la fiducie,expense,unspecified,debit,0,,Comptes de Charges / Charges exceptionnelles / Opérations de constitution ou liquidation des fiducies,,,,Comptes de Charges / Charges exceptionnelles / Opérations de constitution ou liquidation des fiducies / Opérations liées à la liquidation de la fiducie,
675,Valeurs comptables des éléments d’actifs cédés,expense,group,debit,1,,Comptes de Charges / Charges exceptionnelles,,,,Comptes de Charges / Charges exceptionnelles / Valeurs comptables des éléments d’actifs cédés,
6751,Immobilisations incorporelles,expense,unspecified,debit,0,,Comptes de Charges / Charges exceptionnelles / Valeurs comptables des éléments d’actifs cédés,,,,Comptes de Charges / Charges exceptionnelles / Valeurs comptables des éléments d’actifs cédés / Immobilisations incorporelles,
6752,Immobilisations corporelles,expense,unspecified,debit,0,,Comptes de Charges / Charges exceptionnelles / Valeurs comptables des éléments d’actifs cédés,,,,Comptes de Charges / Charges exceptionnelles / Valeurs comptables des éléments d’actifs cédés / Immobilisations corporelles,
6756,Immobilisations financières,expense,unspecified,debit,0,,Comptes de Charges / Charges exceptionnelles / Valeurs comptables des éléments d’actifs cédés,,,,Comptes de Charges / Charges exceptionnelles / Valeurs comptables des éléments d’actifs cédés / Immobilisations financières,
6758,Autres éléments d'actif,expense,unspecified,debit,0,,Comptes de Charges / Charges exceptionnelles / Valeurs comptables des éléments d’actifs cédés,,,,Comptes de Charges / Charges exceptionnelles / Valeurs comptables des éléments d’actifs cédés / Autres éléments d'actif,
6754,Immobilisations reçues par legs ou donations,expense,unspecified,debit,0,,Comptes de Charges / Charges exceptionnelles / Valeurs comptables des éléments d’actifs cédés,,,,Comptes de Charges / Charges exceptionnelles / Valeurs comptables des éléments d’actifs cédés / Immobilisations reçues par legs ou donations,
678,Autres charges exceptionnelles,expense,group,debit,1,,Comptes de Charges / Charges exceptionnelles,,,,Comptes de Charges / Charges exceptionnelles / Autres charges exceptionnelles,
6781,Mali provenant de clauses d'indexation,expense,unspecified,debit,0,,Comptes de Charges / Charges exceptionnelles / Autres charges exceptionnelles,,,,Comptes de Charges / Charges exceptionnelles / Autres charges exceptionnelles / Mali provenant de clauses d'indexation,
6782,Lots,expense,unspecified,debit,0,,Comptes de Charges / Charges exceptionnelles / Autres charges exceptionnelles,,,,Comptes de Charges / Charges exceptionnelles / Autres charges exceptionnelles / Lots,
6783,Malis provenant du rachat par l'entreprise d'actions et obligations émises par elles-même,expense,unspecified,debit,0,,Comptes de Charges / Charges exceptionnelles / Autres charges exceptionnelles,,,,Comptes de Charges / Charges exceptionnelles / Autres charges exceptionnelles / Malis provenant du rachat par l'entreprise d'actions et obligations émises par elles-même,
6788,Charges exceptionnelles diverses,expense,unspecified,debit,0,,Comptes de Charges / Charges exceptionnelles / Autres charges exceptionnelles,,,,Comptes de Charges / Charges exceptionnelles / Autres charges exceptionnelles / Charges exceptionnelles diverses,
673,Apports ou affectations en numéraire,expense,unspecified,debit,0,,Comptes de Charges / Charges exceptionnelles,,,,Comptes de Charges / Charges exceptionnelles / Apports ou affectations en numéraire,
68,"Dotations aux amortissements, provisions et engagements",expense,depreciation,debit,1,,Comptes de Charges,Depreciation,,,"Comptes de Charges / Dotations aux amortissements, provisions et engagements",
681,"Dotations aux amortissements, dépréciations et provisions - Charges d'exploitation",expense,depreciation,debit,1,,"Comptes de Charges / Dotations aux amortissements, provisions et engagements",Depreciation,,,"Comptes de Charges / Dotations aux amortissements, provisions et engagements / Dotations aux amortissements, dépréciations et provisions - Charges d'exploitation",
6811,Dotations aux amortissements sur immobilisations incorporelles et corporelles,expense,depreciation,debit,1,,"Comptes de Charges / Dotations aux amortissements, provisions et engagements / Dotations aux amortissements, dépréciations et provisions - Charges d'exploitation",Depreciation,,,"Comptes de Charges / Dotations aux amortissements, provisions et engagements / Dotations aux amortissements, dépréciations et provisions - Charges d'exploitation / Dotations aux amortissements sur immobilisations incorporelles et corporelles",
68111,Immobilisations incorporelles,expense,depreciation,debit,0,,"Comptes de Charges / Dotations aux amortissements, provisions et engagements / Dotations aux amortissements, dépréciations et provisions - Charges d'exploitation / Dotations aux amortissements sur immobilisations incorporelles et corporelles",Depreciation,,,"Comptes de Charges / Dotations aux amortissements, provisions et engagements / Dotations aux amortissements, dépréciations et provisions - Charges d'exploitation / Dotations aux amortissements sur immobilisations incorporelles et corporelles / Immobilisations incorporelles",
68112,Immobilisations corporelles,expense,depreciation,debit,0,,"Comptes de Charges / Dotations aux amortissements, provisions et engagements / Dotations aux amortissements, dépréciations et provisions - Charges d'exploitation / Dotations aux amortissements sur immobilisations incorporelles et corporelles",Depreciation,,,"Comptes de Charges / Dotations aux amortissements, provisions et engagements / Dotations aux amortissements, dépréciations et provisions - Charges d'exploitation / Dotations aux amortissements sur immobilisations incorporelles et corporelles / Immobilisations corporelles",
6812,Dotations aux amortissements des charges d'exploitation à répartir,expense,depreciation,debit,0,,"Comptes de Charges / Dotations aux amortissements, provisions et engagements / Dotations aux amortissements, dépréciations et provisions - Charges d'exploitation",Depreciation,,,"Comptes de Charges / Dotations aux amortissements, provisions et engagements / Dotations aux amortissements, dépréciations et provisions - Charges d'exploitation / Dotations aux amortissements des charges d'exploitation à répartir",
6815,Dotations aux provisions d'exploitation,expense,depreciation,debit,0,,"Comptes de Charges / Dotations aux amortissements, provisions et engagements / Dotations aux amortissements, dépréciations et provisions - Charges d'exploitation",Depreciation,,,"Comptes de Charges / Dotations aux amortissements, provisions et engagements / Dotations aux amortissements, dépréciations et provisions - Charges d'exploitation / Dotations aux provisions d'exploitation",
6816,Dotations pour dépréciations des immobilisations incorporelles et corporelles,expense,depreciation,debit,1,,"Comptes de Charges / Dotations aux amortissements, provisions et engagements / Dotations aux amortissements, dépréciations et provisions - Charges d'exploitation",Depreciation,,,"Comptes de Charges / Dotations aux amortissements, provisions et engagements / Dotations aux amortissements, dépréciations et provisions - Charges d'exploitation / Dotations pour dépréciations des immobilisations incorporelles et corporelles",
68161,Immobilisations incorporelles,expense,depreciation,debit,0,,"Comptes de Charges / Dotations aux amortissements, provisions et engagements / Dotations aux amortissements, dépréciations et provisions - Charges d'exploitation / Dotations pour dépréciations des immobilisations incorporelles et corporelles",Depreciation,,,"Comptes de Charges / Dotations aux amortissements, provisions et engagements / Dotations aux amortissements, dépréciations et provisions - Charges d'exploitation / Dotations pour dépréciations des immobilisations incorporelles et corporelles / Immobilisations incorporelles",
68162,Immobilisations corporelles,expense,depreciation,debit,0,,"Comptes de Charges / Dotations aux amortissements, provisions et engagements / Dotations aux amortissements, dépréciations et provisions - Charges d'exploitation / Dotations pour dépréciations des immobilisations incorporelles et corporelles",Depreciation,,,"Comptes de Charges / Dotations aux amortissements, provisions et engagements / Dotations aux amortissements, dépréciations et provisions - Charges d'exploitation / Dotations pour dépréciations des immobilisations incorporelles et corporelles / Immobilisations corporelles",
68164,Dotations pour dépréciation d’actifs reçus par legs ou donations destinés à être cédés,expense,unspecified,debit,0,,"Comptes de Charges / Dotations aux amortissements, provisions et engagements / Dotations aux amortissements, dépréciations et provisions - Charges d'exploitation / Dotations pour dépréciations des immobilisations incorporelles et corporelles",,,,"Comptes de Charges / Dotations aux amortissements, provisions et engagements / Dotations aux amortissements, dépréciations et provisions - Charges d'exploitation / Dotations pour dépréciations des immobilisations incorporelles et corporelles / Dotations pour dépréciation d’actifs reçus par legs ou donations destinés à être cédés",
6817,Dotations pour dépréciations des actifs circulants,expense,depreciation,debit,1,,"Comptes de Charges / Dotations aux amortissements, provisions et engagements / Dotations aux amortissements, dépréciations et provisions - Charges d'exploitation",Depreciation,,,"Comptes de Charges / Dotations aux amortissements, provisions et engagements / Dotations aux amortissements, dépréciations et provisions - Charges d'exploitation / Dotations pour dépréciations des actifs circulants",
68173,Stocks et en-cours,expense,depreciation,debit,0,,"Comptes de Charges / Dotations aux amortissements, provisions et engagements / Dotations aux amortissements, dépréciations et provisions - Charges d'exploitation / Dotations pour dépréciations des actifs circulants",Depreciation,,,"Comptes de Charges / Dotations aux amortissements, provisions et engagements / Dotations aux amortissements, dépréciations et provisions - Charges d'exploitation / Dotations pour dépréciations des actifs circulants / Stocks et en-cours",
68174,Créances,expense,depreciation,debit,0,,"Comptes de Charges / Dotations aux amortissements, provisions et engagements / Dotations aux amortissements, dépréciations et provisions - Charges d'exploitation / Dotations pour dépréciations des actifs circulants",Depreciation,,,"Comptes de Charges / Dotations aux amortissements, provisions et engagements / Dotations aux amortissements, dépréciations et provisions - Charges d'exploitation / Dotations pour dépréciations des actifs circulants / Créances",
686,"Dotations aux amortissements, dépréciations et provisions - Charges financières",expense,depreciation,debit,1,,"Comptes de Charges / Dotations aux amortissements, provisions et engagements",Depreciation,,,"Comptes de Charges / Dotations aux amortissements, provisions et engagements / Dotations aux amortissements, dépréciations et provisions - Charges financières",
6861,Dotations aux amortissements des primes de remboursement des obligations,expense,depreciation,debit,0,,"Comptes de Charges / Dotations aux amortissements, provisions et engagements / Dotations aux amortissements, dépréciations et provisions - Charges financières",Depreciation,,,"Comptes de Charges / Dotations aux amortissements, provisions et engagements / Dotations aux amortissements, dépréciations et provisions - Charges financières / Dotations aux amortissements des primes de remboursement des obligations",
6865,Dotations aux provisions financières,expense,depreciation,debit,0,,"Comptes de Charges / Dotations aux amortissements, provisions et engagements / Dotations aux amortissements, dépréciations et provisions - Charges financières",Depreciation,,,"Comptes de Charges / Dotations aux amortissements, provisions et engagements / Dotations aux amortissements, dépréciations et provisions - Charges financières / Dotations aux provisions financières",
6866,Dotations aux dépréciations des éléments financiers,expense,depreciation,debit,1,,"Comptes de Charges / Dotations aux amortissements, provisions et engagements / Dotations aux amortissements, dépréciations et provisions - Charges financières",Depreciation,,,"Comptes de Charges / Dotations aux amortissements, provisions et engagements / Dotations aux amortissements, dépréciations et provisions - Charges financières / Dotations aux dépréciations des éléments financiers",
68662,Immobilisations financières,expense,depreciation,debit,0,,"Comptes de Charges / Dotations aux amortissements, provisions et engagements / Dotations aux amortissements, dépréciations et provisions - Charges financières / Dotations aux dépréciations des éléments financiers",Depreciation,,,"Comptes de Charges / Dotations aux amortissements, provisions et engagements / Dotations aux amortissements, dépréciations et provisions - Charges financières / Dotations aux dépréciations des éléments financiers / Immobilisations financières",
68665,Valeurs mobilières de placement,expense,depreciation,debit,0,,"Comptes de Charges / Dotations aux amortissements, provisions et engagements / Dotations aux amortissements, dépréciations et provisions - Charges financières / Dotations aux dépréciations des éléments financiers",Depreciation,,,"Comptes de Charges / Dotations aux amortissements, provisions et engagements / Dotations aux amortissements, dépréciations et provisions - Charges financières / Dotations aux dépréciations des éléments financiers / Valeurs mobilières de placement",
6868,Autres dotations,expense,depreciation,debit,0,,"Comptes de Charges / Dotations aux amortissements, provisions et engagements / Dotations aux amortissements, dépréciations et provisions - Charges financières",Depreciation,,,"Comptes de Charges / Dotations aux amortissements, provisions et engagements / Dotations aux amortissements, dépréciations et provisions - Charges financières / Autres dotations",
687,"Dotations aux amortissements, dépréciations et provisions - Charges exceptionnelles",expense,depreciation,debit,1,,"Comptes de Charges / Dotations aux amortissements, provisions et engagements",Depreciation,,,"Comptes de Charges / Dotations aux amortissements, provisions et engagements / Dotations aux amortissements, dépréciations et provisions - Charges exceptionnelles",
6871,Dotations aux amortissements exceptionnels des immobilisations,expense,depreciation,debit,0,,"Comptes de Charges / Dotations aux amortissements, provisions et engagements / Dotations aux amortissements, dépréciations et provisions - Charges exceptionnelles",Depreciation,,,"Comptes de Charges / Dotations aux amortissements, provisions et engagements / Dotations aux amortissements, dépréciations et provisions - Charges exceptionnelles / Dotations aux amortissements exceptionnels des immobilisations",
6872,Dotations aux provisions réglementées (immobilisations),expense,depreciation,debit,1,,"Comptes de Charges / Dotations aux amortissements, provisions et engagements / Dotations aux amortissements, dépréciations et provisions - Charges exceptionnelles",Depreciation,,,"Comptes de Charges / Dotations aux amortissements, provisions et engagements / Dotations aux amortissements, dépréciations et provisions - Charges exceptionnelles / Dotations aux provisions réglementées (immobilisations)",
68725,Amortissements dérogatoires,expense,depreciation,debit,0,,"Comptes de Charges / Dotations aux amortissements, provisions et engagements / Dotations aux amortissements, dépréciations et provisions - Charges exceptionnelles / Dotations aux provisions réglementées (immobilisations)",Depreciation,,,"Comptes de Charges / Dotations aux amortissements, provisions et engagements / Dotations aux amortissements, dépréciations et provisions - Charges exceptionnelles / Dotations aux provisions réglementées (immobilisations) / Amortissements dérogatoires",
6873,Dotations aux provisions réglementées (stocks),expense,depreciation,debit,0,,"Comptes de Charges / Dotations aux amortissements, provisions et engagements / Dotations aux amortissements, dépréciations et provisions - Charges exceptionnelles",Depreciation,,,"Comptes de Charges / Dotations aux amortissements, provisions et engagements / Dotations aux amortissements, dépréciations et provisions - Charges exceptionnelles / Dotations aux provisions réglementées (stocks)",
6874,Dotations aux autres provisions réglementées,expense,depreciation,debit,0,,"Comptes de Charges / Dotations aux amortissements, provisions et engagements / Dotations aux amortissements, dépréciations et provisions - Charges exceptionnelles",Depreciation,,,"Comptes de Charges / Dotations aux amortissements, provisions et engagements / Dotations aux amortissements, dépréciations et provisions - Charges exceptionnelles / Dotations aux autres provisions réglementées",
6875,Dotations aux provisions exceptionnelles,expense,depreciation,debit,0,,"Comptes de Charges / Dotations aux amortissements, provisions et engagements / Dotations aux amortissements, dépréciations et provisions - Charges exceptionnelles",Depreciation,,,"Comptes de Charges / Dotations aux amortissements, provisions et engagements / Dotations aux amortissements, dépréciations et provisions - Charges exceptionnelles / Dotations aux provisions exceptionnelles",
6876,Dotations aux dépréciations exceptionnelles,expense,depreciation,debit,0,,"Comptes de Charges / Dotations aux amortissements, provisions et engagements / Dotations aux amortissements, dépréciations et provisions - Charges exceptionnelles",Depreciation,,,"Comptes de Charges / Dotations aux amortissements, provisions et engagements / Dotations aux amortissements, dépréciations et provisions - Charges exceptionnelles / Dotations aux dépréciations exceptionnelles",
689,Reports en fonds dédiés,expense,group,debit,1,,"Comptes de Charges / Dotations aux amortissements, provisions et engagements",,,,"Comptes de Charges / Dotations aux amortissements, provisions et engagements / Reports en fonds dédiés",
6891,Reports en fonds reportés,expense,unspecified,debit,0,,"Comptes de Charges / Dotations aux amortissements, provisions et engagements / Reports en fonds dédiés",,,,"Comptes de Charges / Dotations aux amortissements, provisions et engagements / Reports en fonds dédiés / Reports en fonds reportés",
6894,Reports en fonds dédiés sur subventions d’exploitation,expense,unspecified,debit,0,,"Comptes de Charges / Dotations aux amortissements, provisions et engagements / Reports en fonds dédiés",,,,"Comptes de Charges / Dotations aux amortissements, provisions et engagements / Reports en fonds dédiés / Reports en fonds dédiés sur subventions d’exploitation",
6895,Reports en fonds dédiés sur contributions financières d’autres organismes,expense,unspecified,debit,0,,"Comptes de Charges / Dotations aux amortissements, provisions et engagements / Reports en fonds dédiés",,,,"Comptes de Charges / Dotations aux amortissements, provisions et engagements / Reports en fonds dédiés / Reports en fonds dédiés sur contributions financières d’autres organismes",
6896,Reports en fonds dédiés sur ressources liées à la générosité du public,expense,unspecified,debit,0,,"Comptes de Charges / Dotations aux amortissements, provisions et engagements / Reports en fonds dédiés",,,,"Comptes de Charges / Dotations aux amortissements, provisions et engagements / Reports en fonds dédiés / Reports en fonds dédiés sur ressources liées à la générosité du public",
69,"Participation des salariés, impôts sur les bénéfices et assimilés",expense,group,debit,1,,Comptes de Charges,,,,"Comptes de Charges / Participation des salariés, impôts sur les bénéfices et assimilés",
691,Participation des salariés aux résultats,expense,unspecified,debit,0,,"Comptes de Charges / Participation des salariés, impôts sur les bénéfices et assimilés",,,,"Comptes de Charges / Participation des salariés, impôts sur les bénéfices et assimilés / Participation des salariés aux résultats",
695,Impôts sur les bénéfices,expense,group,debit,1,,"Comptes de Charges / Participation des salariés, impôts sur les bénéfices et assimilés",,,,"Comptes de Charges / Participation des salariés, impôts sur les bénéfices et assimilés / Impôts sur les bénéfices",
6951,Impôts dus en France,expense,unspecified,debit,0,,"Comptes de Charges / Participation des salariés, impôts sur les bénéfices et assimilés / Impôts sur les bénéfices",,,,"Comptes de Charges / Participation des salariés, impôts sur les bénéfices et assimilés / Impôts sur les bénéfices / Impôts dus en France",
6952,Contribution additionnelle à l'impôt sur les bénéfices,expense,unspecified,debit,0,,"Comptes de Charges / Participation des salariés, impôts sur les bénéfices et assimilés / Impôts sur les bénéfices",,,,"Comptes de Charges / Participation des salariés, impôts sur les bénéfices et assimilés / Impôts sur les bénéfices / Contribution additionnelle à l'impôt sur les bénéfices",
6954,Impôts dus à l'étranger,expense,unspecified,debit,0,,"Comptes de Charges / Participation des salariés, impôts sur les bénéfices et assimilés / Impôts sur les bénéfices",,,,"Comptes de Charges / Participation des salariés, impôts sur les bénéfices et assimilés / Impôts sur les bénéfices / Impôts dus à l'étranger",
696,"Suppléments d'impôts sur les sociétés, liés aux distributions",expense,unspecified,debit,0,,"Comptes de Charges / Participation des salariés, impôts sur les bénéfices et assimilés",,,,"Comptes de Charges / Participation des salariés, impôts sur les bénéfices et assimilés / Suppléments d'impôts sur les sociétés, liés aux distributions",
698,Intégration fiscale,expense,group,debit,1,,"Comptes de Charges / Participation des salariés, impôts sur les bénéfices et assimilés",,,,"Comptes de Charges / Participation des salariés, impôts sur les bénéfices et assimilés / Intégration fiscale",
6981,Intégration fiscale - Charges,expense,unspecified,debit,0,,"Comptes de Charges / Participation des salariés, impôts sur les bénéfices et assimilés / Intégration fiscale",,,,"Comptes de Charges / Participation des salariés, impôts sur les bénéfices et assimilés / Intégration fiscale / Intégration fiscale - Charges",
6989,Intégration fiscale - Produits,expense,unspecified,debit,0,,"Comptes de Charges / Participation des salariés, impôts sur les bénéfices et assimilés / Intégration fiscale",,,,"Comptes de Charges / Participation des salariés, impôts sur les bénéfices et assimilés / Intégration fiscale / Intégration fiscale - Produits",
699,Produits - Report en arrière des déficits,expense,unspecified,debit,0,,"Comptes de Charges / Participation des salariés, impôts sur les bénéfices et assimilés",,,,"Comptes de Charges / Participation des salariés, impôts sur les bénéfices et assimilés / Produits - Report en arrière des déficits",
7,Comptes de Produits,income,group,credit,1,,,,,,Comptes de Produits,
70,"Ventes de produits fabriqués, prestations de services, marchandises",income,group,credit,1,,Comptes de Produits,,,,"Comptes de Produits / Ventes de produits fabriqués, prestations de services, marchandises",
701,Ventes de produits finis,income,group,credit,1,,"Comptes de Produits / Ventes de produits fabriqués, prestations de services, marchandises",,,,"Comptes de Produits / Ventes de produits fabriqués, prestations de services, marchandises / Ventes de produits finis",
7011,Produits finis (ou groupe) A,income,unspecified,credit,0,,"Comptes de Produits / Ventes de produits fabriqués, prestations de services, marchandises / Ventes de produits finis",,,,"Comptes de Produits / Ventes de produits fabriqués, prestations de services, marchandises / Ventes de produits finis / Produits finis (ou groupe) A",
7012,Produits (ou groupe) B,income,unspecified,credit,0,,"Comptes de Produits / Ventes de produits fabriqués, prestations de services, marchandises / Ventes de produits finis",,,,"Comptes de Produits / Ventes de produits fabriqués, prestations de services, marchandises / Ventes de produits finis / Produits (ou groupe) B",
702,Ventes de produits intermédiaires,income,unspecified,credit,0,,"Comptes de Produits / Ventes de produits fabriqués, prestations de services, marchandises",,,,"Comptes de Produits / Ventes de produits fabriqués, prestations de services, marchandises / Ventes de produits intermédiaires",
703,Ventes de produits résiduels,income,unspecified,credit,0,,"Comptes de Produits / Ventes de produits fabriqués, prestations de services, marchandises",,,,"Comptes de Produits / Ventes de produits fabriqués, prestations de services, marchandises / Ventes de produits résiduels",
704,Travaux,income,group,credit,1,,"Comptes de Produits / Ventes de produits fabriqués, prestations de services, marchandises",,,,"Comptes de Produits / Ventes de produits fabriqués, prestations de services, marchandises / Travaux",
7041,Travaux de catégorie (ou activité) A,income,unspecified,credit,0,,"Comptes de Produits / Ventes de produits fabriqués, prestations de services, marchandises / Travaux",,,,"Comptes de Produits / Ventes de produits fabriqués, prestations de services, marchandises / Travaux / Travaux de catégorie (ou activité) A",
7042,Travaux de catégorie (ou activité) B,income,unspecified,credit,0,,"Comptes de Produits / Ventes de produits fabriqués, prestations de services, marchandises / Travaux",,,,"Comptes de Produits / Ventes de produits fabriqués, prestations de services, marchandises / Travaux / Travaux de catégorie (ou activité) B",
705,Etudes,income,unspecified,credit,0,,"Comptes de Produits / Ventes de produits fabriqués, prestations de services, marchandises",,,,"Comptes de Produits / Ventes de produits fabriqués, prestations de services, marchandises / Etudes",
706,Ventes de prestations de services,income,group,credit,1,,"Comptes de Produits / Ventes de produits fabriqués, prestations de services, marchandises",,,,"Comptes de Produits / Ventes de produits fabriqués, prestations de services, marchandises / Ventes de prestations de services",
7063,Parrainages,income,unspecified,credit,0,,"Comptes de Produits / Ventes de produits fabriqués, prestations de services, marchandises / Ventes de prestations de services",,,,"Comptes de Produits / Ventes de produits fabriqués, prestations de services, marchandises / Ventes de prestations de services / Parrainages",
707,Ventes de marchandises,income,group,credit,1,,"Comptes de Produits / Ventes de produits fabriqués, prestations de services, marchandises",,,,"Comptes de Produits / Ventes de produits fabriqués, prestations de services, marchandises / Ventes de marchandises",
7071,Marchandises (ou groupe) A,income,unspecified,credit,0,,"Comptes de Produits / Ventes de produits fabriqués, prestations de services, marchandises / Ventes de marchandises",,,,"Comptes de Produits / Ventes de produits fabriqués, prestations de services, marchandises / Ventes de marchandises / Marchandises (ou groupe) A",
7072,Marchandises (ou groupe) B,income,unspecified,credit,0,,"Comptes de Produits / Ventes de produits fabriqués, prestations de services, marchandises / Ventes de marchandises",,,,"Comptes de Produits / Ventes de produits fabriqués, prestations de services, marchandises / Ventes de marchandises / Marchandises (ou groupe) B",
7073,Ventes de dons en nature,income,unspecified,credit,0,,"Comptes de Produits / Ventes de produits fabriqués, prestations de services, marchandises / Ventes de marchandises",,,,"Comptes de Produits / Ventes de produits fabriqués, prestations de services, marchandises / Ventes de marchandises / Ventes de dons en nature",
708,Produits des activités annexes,income,group,credit,1,,"Comptes de Produits / Ventes de produits fabriqués, prestations de services, marchandises",,,,"Comptes de Produits / Ventes de produits fabriqués, prestations de services, marchandises / Produits des activités annexes",
7081,Produits des services exploités dans l'intérêt du personnel,income,unspecified,credit,0,,"Comptes de Produits / Ventes de produits fabriqués, prestations de services, marchandises / Produits des activités annexes",,,,"Comptes de Produits / Ventes de produits fabriqués, prestations de services, marchandises / Produits des activités annexes / Produits des services exploités dans l'intérêt du personnel",
7082,Commissions et courtages,income,unspecified,credit,0,,"Comptes de Produits / Ventes de produits fabriqués, prestations de services, marchandises / Produits des activités annexes",,,,"Comptes de Produits / Ventes de produits fabriqués, prestations de services, marchandises / Produits des activités annexes / Commissions et courtages",
7083,Locations diverses,income,unspecified,credit,0,,"Comptes de Produits / Ventes de produits fabriqués, prestations de services, marchandises / Produits des activités annexes",,,,"Comptes de Produits / Ventes de produits fabriqués, prestations de services, marchandises / Produits des activités annexes / Locations diverses",
7084,Mise à disposition de personnel facturée,income,unspecified,credit,0,,"Comptes de Produits / Ventes de produits fabriqués, prestations de services, marchandises / Produits des activités annexes",,,,"Comptes de Produits / Ventes de produits fabriqués, prestations de services, marchandises / Produits des activités annexes / Mise à disposition de personnel facturée",
7085,Ports et frais accessoires facturés,income,unspecified,credit,0,,"Comptes de Produits / Ventes de produits fabriqués, prestations de services, marchandises / Produits des activités annexes",,,,"Comptes de Produits / Ventes de produits fabriqués, prestations de services, marchandises / Produits des activités annexes / Ports et frais accessoires facturés",
7086,Bonis sur reprises d'emballages consignés,income,unspecified,credit,0,,"Comptes de Produits / Ventes de produits fabriqués, prestations de services, marchandises / Produits des activités annexes",,,,"Comptes de Produits / Ventes de produits fabriqués, prestations de services, marchandises / Produits des activités annexes / Bonis sur reprises d'emballages consignés",
7087,Bonifications obtenues des clients et primes sur ventes,income,unspecified,credit,0,,"Comptes de Produits / Ventes de produits fabriqués, prestations de services, marchandises / Produits des activités annexes",,,,"Comptes de Produits / Ventes de produits fabriqués, prestations de services, marchandises / Produits des activités annexes / Bonifications obtenues des clients et primes sur ventes",
7088,Autres produits d'activités annexes (cessions d'approvisionnements...),income,unspecified,credit,0,,"Comptes de Produits / Ventes de produits fabriqués, prestations de services, marchandises / Produits des activités annexes",,,,"Comptes de Produits / Ventes de produits fabriqués, prestations de services, marchandises / Produits des activités annexes / Autres produits d'activités annexes (cessions d'approvisionnements...)",
709,"Rabais, remises et ristournes accordés par l'entreprise",income,group,credit,1,,"Comptes de Produits / Ventes de produits fabriqués, prestations de services, marchandises",,,,"Comptes de Produits / Ventes de produits fabriqués, prestations de services, marchandises / Rabais, remises et ristournes accordés par l'entreprise",
7091,"Rabais, remises et ristournes accordés par l'entreprise - sur ventes de produits finis",income,unspecified,credit,0,,"Comptes de Produits / Ventes de produits fabriqués, prestations de services, marchandises / Rabais, remises et ristournes accordés par l'entreprise",,,,"Comptes de Produits / Ventes de produits fabriqués, prestations de services, marchandises / Rabais, remises et ristournes accordés par l'entreprise / Rabais, remises et ristournes accordés par l'entreprise - sur ventes de produits finis",
7092,"Rabais, remises et ristournes accordés par l'entreprise - sur ventes de produits intermédiaires",income,unspecified,credit,0,,"Comptes de Produits / Ventes de produits fabriqués, prestations de services, marchandises / Rabais, remises et ristournes accordés par l'entreprise",,,,"Comptes de Produits / Ventes de produits fabriqués, prestations de services, marchandises / Rabais, remises et ristournes accordés par l'entreprise / Rabais, remises et ristournes accordés par l'entreprise - sur ventes de produits intermédiaires",
7094,"Rabais, remises et ristournes accordés par l'entreprise - sur travaux",income,unspecified,credit,0,,"Comptes de Produits / Ventes de produits fabriqués, prestations de services, marchandises / Rabais, remises et ristournes accordés par l'entreprise",,,,"Comptes de Produits / Ventes de produits fabriqués, prestations de services, marchandises / Rabais, remises et ristournes accordés par l'entreprise / Rabais, remises et ristournes accordés par l'entreprise - sur travaux",
7095,"Rabais, remises et ristournes accordés par l'entreprise - sur études",income,unspecified,credit,0,,"Comptes de Produits / Ventes de produits fabriqués, prestations de services, marchandises / Rabais, remises et ristournes accordés par l'entreprise",,,,"Comptes de Produits / Ventes de produits fabriqués, prestations de services, marchandises / Rabais, remises et ristournes accordés par l'entreprise / Rabais, remises et ristournes accordés par l'entreprise - sur études",
7096,"Rabais, remises et ristournes accordés par l'entreprise - sur prestations de services",income,unspecified,credit,0,,"Comptes de Produits / Ventes de produits fabriqués, prestations de services, marchandises / Rabais, remises et ristournes accordés par l'entreprise",,,,"Comptes de Produits / Ventes de produits fabriqués, prestations de services, marchandises / Rabais, remises et ristournes accordés par l'entreprise / Rabais, remises et ristournes accordés par l'entreprise - sur prestations de services",
7097,"Rabais, remises et ristournes accordés par l'entreprise - sur ventes de marchandises",income,unspecified,credit,0,,"Comptes de Produits / Ventes de produits fabriqués, prestations de services, marchandises / Rabais, remises et ristournes accordés par l'entreprise",,,,"Comptes de Produits / Ventes de produits fabriqués, prestations de services, marchandises / Rabais, remises et ristournes accordés par l'entreprise / Rabais, remises et ristournes accordés par l'entreprise - sur ventes de marchandises",
7098,"Rabais, remises et ristournes accordés par l'entreprise - sur produits des activités annexes",income,unspecified,credit,0,,"Comptes de Produits / Ventes de produits fabriqués, prestations de services, marchandises / Rabais, remises et ristournes accordés par l'entreprise",,,,"Comptes de Produits / Ventes de produits fabriqués, prestations de services, marchandises / Rabais, remises et ristournes accordés par l'entreprise / Rabais, remises et ristournes accordés par l'entreprise - sur produits des activités annexes",
71,Production stockée (ou déstockage),income,group,credit,1,,Comptes de Produits,,,,Comptes de Produits / Production stockée (ou déstockage),
713,"Variation des stocks (en-cours de production, produits)",income,group,credit,1,,Comptes de Produits / Production stockée (ou déstockage),,,,"Comptes de Produits / Production stockée (ou déstockage) / Variation des stocks (en-cours de production, produits)",
7133,Variation des en-cours de production de biens,income,group,credit,1,,"Comptes de Produits / Production stockée (ou déstockage) / Variation des stocks (en-cours de production, produits)",,,,"Comptes de Produits / Production stockée (ou déstockage) / Variation des stocks (en-cours de production, produits) / Variation des en-cours de production de biens",
71331,Produits en cours,income,unspecified,credit,0,,"Comptes de Produits / Production stockée (ou déstockage) / Variation des stocks (en-cours de production, produits) / Variation des en-cours de production de biens",,,,"Comptes de Produits / Production stockée (ou déstockage) / Variation des stocks (en-cours de production, produits) / Variation des en-cours de production de biens / Produits en cours",
71335,Travaux en cours,income,unspecified,credit,0,,"Comptes de Produits / Production stockée (ou déstockage) / Variation des stocks (en-cours de production, produits) / Variation des en-cours de production de biens",,,,"Comptes de Produits / Production stockée (ou déstockage) / Variation des stocks (en-cours de production, produits) / Variation des en-cours de production de biens / Travaux en cours",
7134,Variation des en-cours de production de services,income,group,credit,1,,"Comptes de Produits / Production stockée (ou déstockage) / Variation des stocks (en-cours de production, produits)",,,,"Comptes de Produits / Production stockée (ou déstockage) / Variation des stocks (en-cours de production, produits) / Variation des en-cours de production de services",
71341,Etudes en cours,income,unspecified,credit,0,,"Comptes de Produits / Production stockée (ou déstockage) / Variation des stocks (en-cours de production, produits) / Variation des en-cours de production de services",,,,"Comptes de Produits / Production stockée (ou déstockage) / Variation des stocks (en-cours de production, produits) / Variation des en-cours de production de services / Etudes en cours",
71345,Prestations de services en cours,income,unspecified,credit,0,,"Comptes de Produits / Production stockée (ou déstockage) / Variation des stocks (en-cours de production, produits) / Variation des en-cours de production de services",,,,"Comptes de Produits / Production stockée (ou déstockage) / Variation des stocks (en-cours de production, produits) / Variation des en-cours de production de services / Prestations de services en cours",
7135,Variation des stocks de produits,income,group,credit,1,,"Comptes de Produits / Production stockée (ou déstockage) / Variation des stocks (en-cours de production, produits)",,,,"Comptes de Produits / Production stockée (ou déstockage) / Variation des stocks (en-cours de production, produits) / Variation des stocks de produits",
71351,Produits intermédiaires,income,unspecified,credit,0,,"Comptes de Produits / Production stockée (ou déstockage) / Variation des stocks (en-cours de production, produits) / Variation des stocks de produits",,,,"Comptes de Produits / Production stockée (ou déstockage) / Variation des stocks (en-cours de production, produits) / Variation des stocks de produits / Produits intermédiaires",
71355,Produits finis,income,unspecified,credit,0,,"Comptes de Produits / Production stockée (ou déstockage) / Variation des stocks (en-cours de production, produits) / Variation des stocks de produits",,,,"Comptes de Produits / Production stockée (ou déstockage) / Variation des stocks (en-cours de production, produits) / Variation des stocks de produits / Produits finis",
71358,Produits résiduels,income,unspecified,credit,0,,"Comptes de Produits / Production stockée (ou déstockage) / Variation des stocks (en-cours de production, produits) / Variation des stocks de produits",,,,"Comptes de Produits / Production stockée (ou déstockage) / Variation des stocks (en-cours de production, produits) / Variation des stocks de produits / Produits résiduels",
72,Production immobilisée,income,group,credit,1,,Comptes de Produits,,,,Comptes de Produits / Production immobilisée,
721,Immobilisations incorporelles,income,unspecified,credit,0,,Comptes de Produits / Production immobilisée,,,,Comptes de Produits / Production immobilisée / Immobilisations incorporelles,
722,Immobilisations corporelles,income,unspecified,credit,0,,Comptes de Produits / Production immobilisée,,,,Comptes de Produits / Production immobilisée / Immobilisations corporelles,
74,Subventions d'exploitation,income,group,credit,1,,Comptes de Produits,,,,Comptes de Produits / Subventions d'exploitation,
75,Autres produits de gestion courante,income,group,credit,1,,Comptes de Produits,,,,Comptes de Produits / Autres produits de gestion courante,
751,"Redevances pour concessions, brevets, licences, marques, procédés, logiciels, droits et valeurs similaires",income,group,credit,1,,Comptes de Produits / Autres produits de gestion courante,,,,"Comptes de Produits / Autres produits de gestion courante / Redevances pour concessions, brevets, licences, marques, procédés, logiciels, droits et valeurs similaires",
7511,"Redevances pour concessions, brevets, licences, marques, procédés, logiciels",income,unspecified,credit,0,,"Comptes de Produits / Autres produits de gestion courante / Redevances pour concessions, brevets, licences, marques, procédés, logiciels, droits et valeurs similaires",,,,"Comptes de Produits / Autres produits de gestion courante / Redevances pour concessions, brevets, licences, marques, procédés, logiciels, droits et valeurs similaires / Redevances pour concessions, brevets, licences, marques, procédés, logiciels",
7516,Droits d'auteur et de reproduction,income,unspecified,credit,0,,"Comptes de Produits / Autres produits de gestion courante / Redevances pour concessions, brevets, licences, marques, procédés, logiciels, droits et valeurs similaires",,,,"Comptes de Produits / Autres produits de gestion courante / Redevances pour concessions, brevets, licences, marques, procédés, logiciels, droits et valeurs similaires / Droits d'auteur et de reproduction",
7518,Autres droits et valeurs similaires,income,unspecified,credit,0,,"Comptes de Produits / Autres produits de gestion courante / Redevances pour concessions, brevets, licences, marques, procédés, logiciels, droits et valeurs similaires",,,,"Comptes de Produits / Autres produits de gestion courante / Redevances pour concessions, brevets, licences, marques, procédés, logiciels, droits et valeurs similaires / Autres droits et valeurs similaires",
752,Revenus des immeubles non affectés aux activités professionnelles,income,unspecified,credit,0,,Comptes de Produits / Autres produits de gestion courante,,,,Comptes de Produits / Autres produits de gestion courante / Revenus des immeubles non affectés aux activités professionnelles,
753,Versements des fondateurs ou consommation de la dotation,income,group,credit,1,,Comptes de Produits / Autres produits de gestion courante,,,,Comptes de Produits / Autres produits de gestion courante / Versements des fondateurs ou consommation de la dotation,
7531,Versements des fondateurs,income,unspecified,credit,0,,Comptes de Produits / Autres produits de gestion courante / Versements des fondateurs ou consommation de la dotation,,,,Comptes de Produits / Autres produits de gestion courante / Versements des fondateurs ou consommation de la dotation / Versements des fondateurs,
7532,Quotes-parts de dotation consomptible virée au compte de résultat,income,unspecified,credit,0,,Comptes de Produits / Autres produits de gestion courante / Versements des fondateurs ou consommation de la dotation,,,,Comptes de Produits / Autres produits de gestion courante / Versements des fondateurs ou consommation de la dotation / Quotes-parts de dotation consomptible virée au compte de résultat,
754,Ressources liées à la générosité du public,income,group,credit,1,,Comptes de Produits / Autres produits de gestion courante,,,,Comptes de Produits / Autres produits de gestion courante / Ressources liées à la générosité du public,
7541,Dons manuels,income,group,credit,1,,Comptes de Produits / Autres produits de gestion courante / Ressources liées à la générosité du public,,,,Comptes de Produits / Autres produits de gestion courante / Ressources liées à la générosité du public / Dons manuels,
75411,Dons manuels,income,unspecified,credit,0,,Comptes de Produits / Autres produits de gestion courante / Ressources liées à la générosité du public / Dons manuels,,,,Comptes de Produits / Autres produits de gestion courante / Ressources liées à la générosité du public / Dons manuels / Dons manuels,
75412,Abandons de frais par les bénévoles,income,unspecified,credit,0,,Comptes de Produits / Autres produits de gestion courante / Ressources liées à la générosité du public / Dons manuels,,,,Comptes de Produits / Autres produits de gestion courante / Ressources liées à la générosité du public / Dons manuels / Abandons de frais par les bénévoles,
7542,Mécénats,income,unspecified,credit,0,,Comptes de Produits / Autres produits de gestion courante / Ressources liées à la générosité du public,,,,Comptes de Produits / Autres produits de gestion courante / Ressources liées à la générosité du public / Mécénats,
7543,"Legs, donations et assurances-vie",income,group,credit,1,,Comptes de Produits / Autres produits de gestion courante / Ressources liées à la générosité du public,,,,"Comptes de Produits / Autres produits de gestion courante / Ressources liées à la générosité du public / Legs, donations et assurances-vie",
75431,Assurances-vie,income,unspecified,credit,0,,"Comptes de Produits / Autres produits de gestion courante / Ressources liées à la générosité du public / Legs, donations et assurances-vie",,,,"Comptes de Produits / Autres produits de gestion courante / Ressources liées à la générosité du public / Legs, donations et assurances-vie / Assurances-vie",
75432,Legs ou donations,income,unspecified,credit,0,,"Comptes de Produits / Autres produits de gestion courante / Ressources liées à la générosité du public / Legs, donations et assurances-vie",,,,"Comptes de Produits / Autres produits de gestion courante / Ressources liées à la générosité du public / Legs, donations et assurances-vie / Legs ou donations",
75433,Autres produits sur legs ou donations,income,unspecified,credit,0,,"Comptes de Produits / Autres produits de gestion courante / Ressources liées à la générosité du public / Legs, donations et assurances-vie",,,,"Comptes de Produits / Autres produits de gestion courante / Ressources liées à la générosité du public / Legs, donations et assurances-vie / Autres produits sur legs ou donations",
755,Contributions financières,income,group,credit,1,,Comptes de Produits / Autres produits de gestion courante,,,,Comptes de Produits / Autres produits de gestion courante / Contributions financières,
7551,Contributions financières d’autres organismes,income,unspecified,credit,0,,Comptes de Produits / Autres produits de gestion courante / Contributions financières,,,,Comptes de Produits / Autres produits de gestion courante / Contributions financières / Contributions financières d’autres organismes,
7555,Quote-part de bénéfice attribué (comptabilité des associés non gérants),income,unspecified,credit,0,,Comptes de Produits / Autres produits de gestion courante / Contributions financières,,,,Comptes de Produits / Autres produits de gestion courante / Contributions financières / Quote-part de bénéfice attribué (comptabilité des associés non gérants),
7552,Quotes-parts de générosité reçues,income,unspecified,credit,0,,Comptes de Produits / Autres produits de gestion courante / Contributions financières,,,,Comptes de Produits / Autres produits de gestion courante / Contributions financières / Quotes-parts de générosité reçues,
756,Cotisations,income,group,credit,1,,Comptes de Produits / Autres produits de gestion courante,,,,Comptes de Produits / Autres produits de gestion courante / Cotisations,
7561,Cotisations sans contrepartie,income,unspecified,credit,0,,Comptes de Produits / Autres produits de gestion courante / Cotisations,,,,Comptes de Produits / Autres produits de gestion courante / Cotisations / Cotisations sans contrepartie,
7562,Cotisations avec contrepartie,income,unspecified,credit,0,,Comptes de Produits / Autres produits de gestion courante / Cotisations,,,,Comptes de Produits / Autres produits de gestion courante / Cotisations / Cotisations avec contrepartie,
758,Produits divers de gestion courante,income,unspecified,credit,0,,Comptes de Produits / Autres produits de gestion courante,,,,Comptes de Produits / Autres produits de gestion courante / Produits divers de gestion courante,
757,Gains de change sur créances et dettes d’exploitation,income,unspecified,credit,0,,Comptes de Produits / Autres produits de gestion courante,,,,Comptes de Produits / Autres produits de gestion courante / Gains de change sur créances et dettes d’exploitation,
76,Produits financiers,income,group,credit,1,,Comptes de Produits,,,,Comptes de Produits / Produits financiers,
761,Produits de participations,income,group,credit,1,,Comptes de Produits / Produits financiers,,,,Comptes de Produits / Produits financiers / Produits de participations,
7611,Revenus des titres de participation,income,unspecified,credit,0,,Comptes de Produits / Produits financiers / Produits de participations,,,,Comptes de Produits / Produits financiers / Produits de participations / Revenus des titres de participation,
7612,"Produits de la fiducie, résultat de la période",income,unspecified,credit,0,,Comptes de Produits / Produits financiers / Produits de participations,,,,"Comptes de Produits / Produits financiers / Produits de participations / Produits de la fiducie, résultat de la période",
7616,Revenus sur autres formes de participation,income,unspecified,credit,0,,Comptes de Produits / Produits financiers / Produits de participations,,,,Comptes de Produits / Produits financiers / Produits de participations / Revenus sur autres formes de participation,
7617,Revenus des créances rattachées à des participations,income,unspecified,credit,0,,Comptes de Produits / Produits financiers / Produits de participations,,,,Comptes de Produits / Produits financiers / Produits de participations / Revenus des créances rattachées à des participations,
762,Produits des autres immobilisations financières,income,group,credit,1,,Comptes de Produits / Produits financiers,,,,Comptes de Produits / Produits financiers / Produits des autres immobilisations financières,
7621,Revenus des titres immobilisés,income,unspecified,credit,0,,Comptes de Produits / Produits financiers / Produits des autres immobilisations financières,,,,Comptes de Produits / Produits financiers / Produits des autres immobilisations financières / Revenus des titres immobilisés,
7626,Revenus des prêts,income,unspecified,credit,0,,Comptes de Produits / Produits financiers / Produits des autres immobilisations financières,,,,Comptes de Produits / Produits financiers / Produits des autres immobilisations financières / Revenus des prêts,
7627,Revenus des créances immobilisées,income,unspecified,credit,0,,Comptes de Produits / Produits financiers / Produits des autres immobilisations financières,,,,Comptes de Produits / Produits financiers / Produits des autres immobilisations financières / Revenus des créances immobilisées,
763,Revenus des autres créances,income,group,credit,1,,Comptes de Produits / Produits financiers,,,,Comptes de Produits / Produits financiers / Revenus des autres créances,
7631,Revenus des créances commerciales,income,unspecified,credit,0,,Comptes de Produits / Produits financiers / Revenus des autres créances,,,,Comptes de Produits / Produits financiers / Revenus des autres créances / Revenus des créances commerciales,
7638,Revenus des créances diverses,income,unspecified,credit,0,,Comptes de Produits / Produits financiers / Revenus des autres créances,,,,Comptes de Produits / Produits financiers / Revenus des autres créances / Revenus des créances diverses,
764,Revenus des valeurs mobilières de placement,income,unspecified,credit,0,,Comptes de Produits / Produits financiers,,,,Comptes de Produits / Produits financiers / Revenus des valeurs mobilières de placement,
765,Escomptes obtenus,income,unspecified,credit,0,,Comptes de Produits / Produits financiers,,,,Comptes de Produits / Produits financiers / Escomptes obtenus,
766,Gains de change financières,income,round_off,credit,0,,Comptes de Produits / Produits financiers,Round Off,,,Comptes de Produits / Produits financiers / Gains de change financières,
767,Produits nets sur cessions de valeurs mobilières de placement,income,unspecified,credit,0,,Comptes de Produits / Produits financiers,,,,Comptes de Produits / Produits financiers / Produits nets sur cessions de valeurs mobilières de placement,
768,Autres produits financiers,income,unspecified,credit,0,,Comptes de Produits / Produits financiers,,,,Comptes de Produits / Produits financiers / Autres produits financiers,
77,Produits exceptionnels,income,group,credit,1,,Comptes de Produits,,,,Comptes de Produits / Produits exceptionnels,
771,Produits exceptionnels sur opérations de gestion,income,group,credit,1,,Comptes de Produits / Produits exceptionnels,,,,Comptes de Produits / Produits exceptionnels / Produits exceptionnels sur opérations de gestion,
7711,Dédits et pénalités perçus sur achats et sur ventes,income,unspecified,credit,0,,Comptes de Produits / Produits exceptionnels / Produits exceptionnels sur opérations de gestion,,,,Comptes de Produits / Produits exceptionnels / Produits exceptionnels sur opérations de gestion / Dédits et pénalités perçus sur achats et sur ventes,
7713,Libéralités reçues,income,unspecified,credit,0,,Comptes de Produits / Produits exceptionnels / Produits exceptionnels sur opérations de gestion,,,,Comptes de Produits / Produits exceptionnels / Produits exceptionnels sur opérations de gestion / Libéralités reçues,
7714,Rentrées sur créances amorties,income,unspecified,credit,0,,Comptes de Produits / Produits exceptionnels / Produits exceptionnels sur opérations de gestion,,,,Comptes de Produits / Produits exceptionnels / Produits exceptionnels sur opérations de gestion / Rentrées sur créances amorties,
7715,Subventions d'équilibre,income,unspecified,credit,0,,Comptes de Produits / Produits exceptionnels / Produits exceptionnels sur opérations de gestion,,,,Comptes de Produits / Produits exceptionnels / Produits exceptionnels sur opérations de gestion / Subventions d'équilibre,
7717,Dégrèvements d'impôts autres qu'impôts sur les bénéfices,income,unspecified,credit,0,,Comptes de Produits / Produits exceptionnels / Produits exceptionnels sur opérations de gestion,,,,Comptes de Produits / Produits exceptionnels / Produits exceptionnels sur opérations de gestion / Dégrèvements d'impôts autres qu'impôts sur les bénéfices,
7718,Autres produits exceptionnels sur opérations de gestion,income,unspecified,credit,0,,Comptes de Produits / Produits exceptionnels / Produits exceptionnels sur opérations de gestion,,,,Comptes de Produits / Produits exceptionnels / Produits exceptionnels sur opérations de gestion / Autres produits exceptionnels sur opérations de gestion,
772,"(Compte à la disposition des entités pour enregistrer, en cours d'exercice, les Produits sur exercices antérieurs)",income,unspecified,credit,0,,Comptes de Produits / Produits exceptionnels,,,,"Comptes de Produits / Produits exceptionnels / (Compte à la disposition des entités pour enregistrer, en cours d'exercice, les Produits sur exercices antérieurs)",
774,Opérations de constitution ou liquidation des fiducies,income,group,credit,1,,Comptes de Produits / Produits exceptionnels,,,,Comptes de Produits / Produits exceptionnels / Opérations de constitution ou liquidation des fiducies,
7741,Opérations liées à la constitution de la fiducie - transfert des éléments,income,unspecified,credit,0,,Comptes de Produits / Produits exceptionnels / Opérations de constitution ou liquidation des fiducies,,,,Comptes de Produits / Produits exceptionnels / Opérations de constitution ou liquidation des fiducies / Opérations liées à la constitution de la fiducie - transfert des éléments,
7742,Opérations liées à la liquidation de la fiducie,income,unspecified,credit,0,,Comptes de Produits / Produits exceptionnels / Opérations de constitution ou liquidation des fiducies,,,,Comptes de Produits / Produits exceptionnels / Opérations de constitution ou liquidation des fiducies / Opérations liées à la liquidation de la fiducie,
775,Produits des cessions d’éléments d’actifs,income,group,credit,1,,Comptes de Produits / Produits exceptionnels,,,,Comptes de Produits / Produits exceptionnels / Produits des cessions d’éléments d’actifs,
7751,Immobilisations incorporelles,income,unspecified,credit,0,,Comptes de Produits / Produits exceptionnels / Produits des cessions d’éléments d’actifs,,,,Comptes de Produits / Produits exceptionnels / Produits des cessions d’éléments d’actifs / Immobilisations incorporelles,
7752,Immobilisations corporelles,income,unspecified,credit,0,,Comptes de Produits / Produits exceptionnels / Produits des cessions d’éléments d’actifs,,,,Comptes de Produits / Produits exceptionnels / Produits des cessions d’éléments d’actifs / Immobilisations corporelles,
7756,Immobilisations financières,income,unspecified,credit,0,,Comptes de Produits / Produits exceptionnels / Produits des cessions d’éléments d’actifs,,,,Comptes de Produits / Produits exceptionnels / Produits des cessions d’éléments d’actifs / Immobilisations financières,
7758,Autres éléments d'actif,income,unspecified,credit,0,,Comptes de Produits / Produits exceptionnels / Produits des cessions d’éléments d’actifs,,,,Comptes de Produits / Produits exceptionnels / Produits des cessions d’éléments d’actifs / Autres éléments d'actif,
7754,Immobilisations reçues en legs ou donations destinées à être cédées,income,unspecified,credit,0,,Comptes de Produits / Produits exceptionnels / Produits des cessions d’éléments d’actifs,,,,Comptes de Produits / Produits exceptionnels / Produits des cessions d’éléments d’actifs / Immobilisations reçues en legs ou donations destinées à être cédées,
777,Quote-part des subventions d'investissement virée au résultat de l'exercice,income,unspecified,credit,0,,Comptes de Produits / Produits exceptionnels,,,,Comptes de Produits / Produits exceptionnels / Quote-part des subventions d'investissement virée au résultat de l'exercice,
778,Autres produits exceptionnels,income,group,credit,1,,Comptes de Produits / Produits exceptionnels,,,,Comptes de Produits / Produits exceptionnels / Autres produits exceptionnels,
7781,Bonis provenant de clauses d'indexation,income,unspecified,credit,0,,Comptes de Produits / Produits exceptionnels / Autres produits exceptionnels,,,,Comptes de Produits / Produits exceptionnels / Autres produits exceptionnels / Bonis provenant de clauses d'indexation,
7782,Lots,income,unspecified,credit,0,,Comptes de Produits / Produits exceptionnels / Autres produits exceptionnels,,,,Comptes de Produits / Produits exceptionnels / Autres produits exceptionnels / Lots,
7783,Bonis provenant du rachat par l'entreprise d'actions et d'obligations émises par elle-même,income,unspecified,credit,0,,Comptes de Produits / Produits exceptionnels / Autres produits exceptionnels,,,,Comptes de Produits / Produits exceptionnels / Autres produits exceptionnels / Bonis provenant du rachat par l'entreprise d'actions et d'obligations émises par elle-même,
7788,Produits exceptionnels divers,income,unspecified,credit,0,,Comptes de Produits / Produits exceptionnels / Autres produits exceptionnels,,,,Comptes de Produits / Produits exceptionnels / Autres produits exceptionnels / Produits exceptionnels divers,
78,"Reprises sur amortissements, dépréciations et provisions",income,group,credit,1,,Comptes de Produits,,,,"Comptes de Produits / Reprises sur amortissements, dépréciations et provisions",
781,Reprises sur amortissements des immobilisations dépréciations et provisions (à inscrire dans les produits d’exploitation),income,group,credit,1,,"Comptes de Produits / Reprises sur amortissements, dépréciations et provisions",,,,"Comptes de Produits / Reprises sur amortissements, dépréciations et provisions / Reprises sur amortissements des immobilisations dépréciations et provisions (à inscrire dans les produits d’exploitation)",
7811,Reprises sur amortissements des immobilisations incorporelles et corporelles,income,group,credit,1,,"Comptes de Produits / Reprises sur amortissements, dépréciations et provisions / Reprises sur amortissements des immobilisations dépréciations et provisions (à inscrire dans les produits d’exploitation)",,,,"Comptes de Produits / Reprises sur amortissements, dépréciations et provisions / Reprises sur amortissements des immobilisations dépréciations et provisions (à inscrire dans les produits d’exploitation) / Reprises sur amortissements des immobilisations incorporelles et corporelles",
78111,Immobilisations incorporelles,income,unspecified,credit,0,,"Comptes de Produits / Reprises sur amortissements, dépréciations et provisions / Reprises sur amortissements des immobilisations dépréciations et provisions (à inscrire dans les produits d’exploitation) / Reprises sur amortissements des immobilisations incorporelles et corporelles",,,,"Comptes de Produits / Reprises sur amortissements, dépréciations et provisions / Reprises sur amortissements des immobilisations dépréciations et provisions (à inscrire dans les produits d’exploitation) / Reprises sur amortissements des immobilisations incorporelles et corporelles / Immobilisations incorporelles",
78112,Immobilisations corporelles,income,unspecified,credit,0,,"Comptes de Produits / Reprises sur amortissements, dépréciations et provisions / Reprises sur amortissements des immobilisations dépréciations et provisions (à inscrire dans les produits d’exploitation) / Reprises sur amortissements des immobilisations incorporelles et corporelles",,,,"Comptes de Produits / Reprises sur amortissements, dépréciations et provisions / Reprises sur amortissements des immobilisations dépréciations et provisions (à inscrire dans les produits d’exploitation) / Reprises sur amortissements des immobilisations incorporelles et corporelles / Immobilisations corporelles",
7815,Reprises sur provisions d'exploitation,income,unspecified,credit,0,,"Comptes de Produits / Reprises sur amortissements, dépréciations et provisions / Reprises sur amortissements des immobilisations dépréciations et provisions (à inscrire dans les produits d’exploitation)",,,,"Comptes de Produits / Reprises sur amortissements, dépréciations et provisions / Reprises sur amortissements des immobilisations dépréciations et provisions (à inscrire dans les produits d’exploitation) / Reprises sur provisions d'exploitation",
7816,Reprises sur dépréciations des immobilisations incorporelles et corporelles,income,group,credit,1,,"Comptes de Produits / Reprises sur amortissements, dépréciations et provisions / Reprises sur amortissements des immobilisations dépréciations et provisions (à inscrire dans les produits d’exploitation)",,,,"Comptes de Produits / Reprises sur amortissements, dépréciations et provisions / Reprises sur amortissements des immobilisations dépréciations et provisions (à inscrire dans les produits d’exploitation) / Reprises sur dépréciations des immobilisations incorporelles et corporelles",
78161,Immobilisations incorporelles,income,unspecified,credit,0,,"Comptes de Produits / Reprises sur amortissements, dépréciations et provisions / Reprises sur amortissements des immobilisations dépréciations et provisions (à inscrire dans les produits d’exploitation) / Reprises sur dépréciations des immobilisations incorporelles et corporelles",,,,"Comptes de Produits / Reprises sur amortissements, dépréciations et provisions / Reprises sur amortissements des immobilisations dépréciations et provisions (à inscrire dans les produits d’exploitation) / Reprises sur dépréciations des immobilisations incorporelles et corporelles / Immobilisations incorporelles",
78162,Immobilisations corporelles,income,unspecified,credit,0,,"Comptes de Produits / Reprises sur amortissements, dépréciations et provisions / Reprises sur amortissements des immobilisations dépréciations et provisions (à inscrire dans les produits d’exploitation) / Reprises sur dépréciations des immobilisations incorporelles et corporelles",,,,"Comptes de Produits / Reprises sur amortissements, dépréciations et provisions / Reprises sur amortissements des immobilisations dépréciations et provisions (à inscrire dans les produits d’exploitation) / Reprises sur dépréciations des immobilisations incorporelles et corporelles / Immobilisations corporelles",
78164,Reprises sur dépréciations d’actifs reçus par legs ou donations destinés à être cédés,income,unspecified,credit,0,,"Comptes de Produits / Reprises sur amortissements, dépréciations et provisions / Reprises sur amortissements des immobilisations dépréciations et provisions (à inscrire dans les produits d’exploitation) / Reprises sur dépréciations des immobilisations incorporelles et corporelles",,,,"Comptes de Produits / Reprises sur amortissements, dépréciations et provisions / Reprises sur amortissements des immobilisations dépréciations et provisions (à inscrire dans les produits d’exploitation) / Reprises sur dépréciations des immobilisations incorporelles et corporelles / Reprises sur dépréciations d’actifs reçus par legs ou donations destinés à être cédés",
7817,Reprises sur dépréciations des actifs circulants,income,group,credit,1,,"Comptes de Produits / Reprises sur amortissements, dépréciations et provisions / Reprises sur amortissements des immobilisations dépréciations et provisions (à inscrire dans les produits d’exploitation)",,,,"Comptes de Produits / Reprises sur amortissements, dépréciations et provisions / Reprises sur amortissements des immobilisations dépréciations et provisions (à inscrire dans les produits d’exploitation) / Reprises sur dépréciations des actifs circulants",
78173,Stocks et en-cours,income,unspecified,credit,0,,"Comptes de Produits / Reprises sur amortissements, dépréciations et provisions / Reprises sur amortissements des immobilisations dépréciations et provisions (à inscrire dans les produits d’exploitation) / Reprises sur dépréciations des actifs circulants",,,,"Comptes de Produits / Reprises sur amortissements, dépréciations et provisions / Reprises sur amortissements des immobilisations dépréciations et provisions (à inscrire dans les produits d’exploitation) / Reprises sur dépréciations des actifs circulants / Stocks et en-cours",
78174,Créances,income,unspecified,credit,0,,"Comptes de Produits / Reprises sur amortissements, dépréciations et provisions / Reprises sur amortissements des immobilisations dépréciations et provisions (à inscrire dans les produits d’exploitation) / Reprises sur dépréciations des actifs circulants",,,,"Comptes de Produits / Reprises sur amortissements, dépréciations et provisions / Reprises sur amortissements des immobilisations dépréciations et provisions (à inscrire dans les produits d’exploitation) / Reprises sur dépréciations des actifs circulants / Créances",
786,Reprises sur dépréciations et provisions (à inscrire dans les produits financiers),income,group,credit,1,,"Comptes de Produits / Reprises sur amortissements, dépréciations et provisions",,,,"Comptes de Produits / Reprises sur amortissements, dépréciations et provisions / Reprises sur dépréciations et provisions (à inscrire dans les produits financiers)",
7865,Reprises sur provisions financières,income,unspecified,credit,0,,"Comptes de Produits / Reprises sur amortissements, dépréciations et provisions / Reprises sur dépréciations et provisions (à inscrire dans les produits financiers)",,,,"Comptes de Produits / Reprises sur amortissements, dépréciations et provisions / Reprises sur dépréciations et provisions (à inscrire dans les produits financiers) / Reprises sur provisions financières",
7866,Reprises sur dépréciations des éléments financiers,income,group,credit,1,,"Comptes de Produits / Reprises sur amortissements, dépréciations et provisions / Reprises sur dépréciations et provisions (à inscrire dans les produits financiers)",,,,"Comptes de Produits / Reprises sur amortissements, dépréciations et provisions / Reprises sur dépréciations et provisions (à inscrire dans les produits financiers) / Reprises sur dépréciations des éléments financiers",
78662,Immobilisations financières,income,unspecified,credit,0,,"Comptes de Produits / Reprises sur amortissements, dépréciations et provisions / Reprises sur dépréciations et provisions (à inscrire dans les produits financiers) / Reprises sur dépréciations des éléments financiers",,,,"Comptes de Produits / Reprises sur amortissements, dépréciations et provisions / Reprises sur dépréciations et provisions (à inscrire dans les produits financiers) / Reprises sur dépréciations des éléments financiers / Immobilisations financières",
78665,Valeurs mobilières de placement,income,unspecified,credit,0,,"Comptes de Produits / Reprises sur amortissements, dépréciations et provisions / Reprises sur dépréciations et provisions (à inscrire dans les produits financiers) / Reprises sur dépréciations des éléments financiers",,,,"Comptes de Produits / Reprises sur amortissements, dépréciations et provisions / Reprises sur dépréciations et provisions (à inscrire dans les produits financiers) / Reprises sur dépréciations des éléments financiers / Valeurs mobilières de placement",
787,Reprises sur dépréciations et provisions (à inscrire dans les produits exceptionnels),income,group,credit,1,,"Comptes de Produits / Reprises sur amortissements, dépréciations et provisions",,,,"Comptes de Produits / Reprises sur amortissements, dépréciations et provisions / Reprises sur dépréciations et provisions (à inscrire dans les produits exceptionnels)",
7872,Reprises sur provisions réglementées (immobilisations),income,group,credit,1,,"Comptes de Produits / Reprises sur amortissements, dépréciations et provisions / Reprises sur dépréciations et provisions (à inscrire dans les produits exceptionnels)",,,,"Comptes de Produits / Reprises sur amortissements, dépréciations et provisions / Reprises sur dépréciations et provisions (à inscrire dans les produits exceptionnels) / Reprises sur provisions réglementées (immobilisations)",
78725,Amortissements dérogatoires,income,unspecified,credit,0,,"Comptes de Produits / Reprises sur amortissements, dépréciations et provisions / Reprises sur dépréciations et provisions (à inscrire dans les produits exceptionnels) / Reprises sur provisions réglementées (immobilisations)",,,,"Comptes de Produits / Reprises sur amortissements, dépréciations et provisions / Reprises sur dépréciations et provisions (à inscrire dans les produits exceptionnels) / Reprises sur provisions réglementées (immobilisations) / Amortissements dérogatoires",
78726,Provision spéciale de réévaluation,income,unspecified,credit,0,,"Comptes de Produits / Reprises sur amortissements, dépréciations et provisions / Reprises sur dépréciations et provisions (à inscrire dans les produits exceptionnels) / Reprises sur provisions réglementées (immobilisations)",,,,"Comptes de Produits / Reprises sur amortissements, dépréciations et provisions / Reprises sur dépréciations et provisions (à inscrire dans les produits exceptionnels) / Reprises sur provisions réglementées (immobilisations) / Provision spéciale de réévaluation",
78727,Plus-values réinvesties,income,unspecified,credit,0,,"Comptes de Produits / Reprises sur amortissements, dépréciations et provisions / Reprises sur dépréciations et provisions (à inscrire dans les produits exceptionnels) / Reprises sur provisions réglementées (immobilisations)",,,,"Comptes de Produits / Reprises sur amortissements, dépréciations et provisions / Reprises sur dépréciations et provisions (à inscrire dans les produits exceptionnels) / Reprises sur provisions réglementées (immobilisations) / Plus-values réinvesties",
7873,Reprises sur provisions réglementées (stocks),income,unspecified,credit,0,,"Comptes de Produits / Reprises sur amortissements, dépréciations et provisions / Reprises sur dépréciations et provisions (à inscrire dans les produits exceptionnels)",,,,"Comptes de Produits / Reprises sur amortissements, dépréciations et provisions / Reprises sur dépréciations et provisions (à inscrire dans les produits exceptionnels) / Reprises sur provisions réglementées (stocks)",
7874,Reprises sur autres provisions réglementées,income,unspecified,credit,0,,"Comptes de Produits / Reprises sur amortissements, dépréciations et provisions / Reprises sur dépréciations et provisions (à inscrire dans les produits exceptionnels)",,,,"Comptes de Produits / Reprises sur amortissements, dépréciations et provisions / Reprises sur dépréciations et provisions (à inscrire dans les produits exceptionnels) / Reprises sur autres provisions réglementées",
7875,Reprises sur provisions exceptionnelles,income,unspecified,credit,0,,"Comptes de Produits / Reprises sur amortissements, dépréciations et provisions / Reprises sur dépréciations et provisions (à inscrire dans les produits exceptionnels)",,,,"Comptes de Produits / Reprises sur amortissements, dépréciations et provisions / Reprises sur dépréciations et provisions (à inscrire dans les produits exceptionnels) / Reprises sur provisions exceptionnelles",
7876,Reprises sur dépréciations exceptionnelles,income,unspecified,credit,0,,"Comptes de Produits / Reprises sur amortissements, dépréciations et provisions / Reprises sur dépréciations et provisions (à inscrire dans les produits exceptionnels)",,,,"Comptes de Produits / Reprises sur amortissements, dépréciations et provisions / Reprises sur dépréciations et provisions (à inscrire dans les produits exceptionnels) / Reprises sur dépréciations exceptionnelles",
789,Utilisations de fonds reportés et de fonds dédiés,income,group,credit,1,,"Comptes de Produits / Reprises sur amortissements, dépréciations et provisions",,,,"Comptes de Produits / Reprises sur amortissements, dépréciations et provisions / Utilisations de fonds reportés et de fonds dédiés",
7891,Utilisations de fonds reportés,income,unspecified,credit,0,,"Comptes de Produits / Reprises sur amortissements, dépréciations et provisions / Utilisations de fonds reportés et de fonds dédiés",,,,"Comptes de Produits / Reprises sur amortissements, dépréciations et provisions / Utilisations de fonds reportés et de fonds dédiés / Utilisations de fonds reportés",
7894,Utilisations des fonds dédiés sur subventions d’exploitation,income,unspecified,credit,0,,"Comptes de Produits / Reprises sur amortissements, dépréciations et provisions / Utilisations de fonds reportés et de fonds dédiés",,,,"Comptes de Produits / Reprises sur amortissements, dépréciations et provisions / Utilisations de fonds reportés et de fonds dédiés / Utilisations des fonds dédiés sur subventions d’exploitation",
7895,Utilisations des fonds dédiés sur contributions financières d’autres organismes,income,unspecified,credit,0,,"Comptes de Produits / Reprises sur amortissements, dépréciations et provisions / Utilisations de fonds reportés et de fonds dédiés",,,,"Comptes de Produits / Reprises sur amortissements, dépréciations et provisions / Utilisations de fonds reportés et de fonds dédiés / Utilisations des fonds dédiés sur contributions financières d’autres organismes",
7896,Utilisations des fonds dédiés sur ressources liées à la générosité du public,income,unspecified,credit,0,,"Comptes de Produits / Reprises sur amortissements, dépréciations et provisions / Utilisations de fonds reportés et de fonds dédiés",,,,"Comptes de Produits / Reprises sur amortissements, dépréciations et provisions / Utilisations de fonds reportés et de fonds dédiés / Utilisations des fonds dédiés sur ressources liées à la générosité du public",
79,Transferts de charges,income,group,credit,1,,Comptes de Produits,,,,Comptes de Produits / Transferts de charges,
791,Transferts de charges d'exploitation,income,unspecified,credit,0,,Comptes de Produits / Transferts de charges,,,,Comptes de Produits / Transferts de charges / Transferts de charges d'exploitation,
796,Transferts de charges financières,income,unspecified,credit,0,,Comptes de Produits / Transferts de charges,,,,Comptes de Produits / Transferts de charges / Transferts de charges financières,
797,Transferts de charges exceptionnelles,income,unspecified,credit,0,,Comptes de Produits / Transferts de charges,,,,Comptes de Produits / Transferts de charges / Transferts de charges exceptionnelles,
73,Concours publics,income,unspecified,credit,0,,Comptes de Produits,,,,Comptes de Produits / Concours publics,
8,Comptes spéciaux,income,group,credit,1,,,,,,Comptes spéciaux,
86,Emplois des contributions volontaires en nature,income,group,credit,1,,Comptes spéciaux,,,,Comptes spéciaux / Emplois des contributions volontaires en nature,
860,Secours en nature,income,unspecified,credit,0,,Comptes spéciaux / Emplois des contributions volontaires en nature,,,,Comptes spéciaux / Emplois des contributions volontaires en nature / Secours en nature,
861,Mises à disposition gratuite de biens,income,unspecified,credit,0,,Comptes spéciaux / Emplois des contributions volontaires en nature,,,,Comptes spéciaux / Emplois des contributions volontaires en nature / Mises à disposition gratuite de biens,
862,Prestations,income,unspecified,credit,0,,Comptes spéciaux / Emplois des contributions volontaires en nature,,,,Comptes spéciaux / Emplois des contributions volontaires en nature / Prestations,
864,Personnel bénévole,income,unspecified,credit,0,,Comptes spéciaux / Emplois des contributions volontaires en nature,,,,Comptes spéciaux / Emplois des contributions volontaires en nature / Personnel bénévole,
87,Contributions volontaires en nature,income,group,credit,1,,Comptes spéciaux,,,,Comptes spéciaux / Contributions volontaires en nature,
870,Dons en nature,income,unspecified,credit,0,,Comptes spéciaux / Contributions volontaires en nature,,,,Comptes spéciaux / Contributions volontaires en nature / Dons en nature,
871,Prestations en nature,income,unspecified,credit,0,,Comptes spéciaux / Contributions volontaires en nature,,,,Comptes spéciaux / Contributions volontaires en nature / Prestations en nature,
875,Bénévolat,income,unspecified,credit,0,,Comptes spéciaux / Contributions volontaires en nature,,,,Comptes spéciaux / Contributions volontaires en nature / Bénévolat,
