code,name,root_type,subtype,normal_balance,is_group,role_hint,parent_path,source_type,reconcile,description,source_id,flags
,1-Comptes de capitaux,equity,group,credit,1,,,,,,1-Comptes de capitaux,
,10-Capital et réserves,equity,group,credit,1,,1-Comptes de capitaux,,,,1-Comptes de capitaux / 10-Capital et réserves,
,101-Capital,equity,group,credit,1,,1-Comptes de capitaux / 10-Capital et réserves,,,,1-Comptes de capitaux / 10-Capital et réserves / 101-Capital,
1011,Capital souscrit - non appelé,equity,unspecified,credit,0,,1-Comptes de capitaux / 10-Capital et réserves / 101-Capital,,,,1-Comptes de capitaux / 10-Capital et réserves / 101-Capital / Capital souscrit - non appelé,
1012,"Capital souscrit - appelé, non versé",equity,unspecified,credit,0,,1-Comptes de capitaux / 10-Capital et réserves / 101-Capital,,,,"1-Comptes de capitaux / 10-Capital et réserves / 101-Capital / Capital souscrit - appelé, non versé",
,"1013-Capital souscrit - appelé, versé",equity,group,credit,1,,1-Comptes de capitaux / 10-Capital et réserves / 101-Capital,,,,"1-Comptes de capitaux / 10-Capital et réserves / 101-Capital / 1013-Capital souscrit - appelé, versé",
10131,Capital non amorti,equity,unspecified,credit,0,,"1-Comptes de capitaux / 10-Capital et réserves / 101-Capital / 1013-Capital souscrit - appelé, versé",,,,"1-Comptes de capitaux / 10-Capital et réserves / 101-Capital / 1013-Capital souscrit - appelé, versé / Capital non amorti",
10132,Capital amorti,equity,unspecified,credit,0,,"1-Comptes de capitaux / 10-Capital et réserves / 101-Capital / 1013-Capital souscrit - appelé, versé",,,,"1-Comptes de capitaux / 10-Capital et réserves / 101-Capital / 1013-Capital souscrit - appelé, versé / Capital amorti",
1018,Capital souscrit soumis à des réglementations particulières,equity,unspecified,credit,0,,1-Comptes de capitaux / 10-Capital et réserves / 101-Capital,,,,1-Comptes de capitaux / 10-Capital et réserves / 101-Capital / Capital souscrit soumis à des réglementations particulières,
102,Fonds fiduciaires,equity,unspecified,credit,0,,1-Comptes de capitaux / 10-Capital et réserves,,,,1-Comptes de capitaux / 10-Capital et réserves / Fonds fiduciaires,
,104-Primes liées au capital,equity,group,credit,1,,1-Comptes de capitaux / 10-Capital et réserves,,,,1-Comptes de capitaux / 10-Capital et réserves / 104-Primes liées au capital,
1041,Primes d'émission,equity,unspecified,credit,0,,1-Comptes de capitaux / 10-Capital et réserves / 104-Primes liées au capital,,,,1-Comptes de capitaux / 10-Capital et réserves / 104-Primes liées au capital / Primes d'émission,
1042,Primes de fusion,equity,unspecified,credit,0,,1-Comptes de capitaux / 10-Capital et réserves / 104-Primes liées au capital,,,,1-Comptes de capitaux / 10-Capital et réserves / 104-Primes liées au capital / Primes de fusion,
1043,Primes d'apport,equity,unspecified,credit,0,,1-Comptes de capitaux / 10-Capital et réserves / 104-Primes liées au capital,,,,1-Comptes de capitaux / 10-Capital et réserves / 104-Primes liées au capital / Primes d'apport,
1044,Primes de conversion d'obligations en actions,equity,unspecified,credit,0,,1-Comptes de capitaux / 10-Capital et réserves / 104-Primes liées au capital,,,,1-Comptes de capitaux / 10-Capital et réserves / 104-Primes liées au capital / Primes de conversion d'obligations en actions,
1045,Bons de souscription d'actions,equity,unspecified,credit,0,,1-Comptes de capitaux / 10-Capital et réserves / 104-Primes liées au capital,,,,1-Comptes de capitaux / 10-Capital et réserves / 104-Primes liées au capital / Bons de souscription d'actions,
105,Écarts de réévaluation,equity,unspecified,credit,0,,1-Comptes de capitaux / 10-Capital et réserves,,,,1-Comptes de capitaux / 10-Capital et réserves / Écarts de réévaluation,
,106-Réserves,equity,group,credit,1,,1-Comptes de capitaux / 10-Capital et réserves,,,,1-Comptes de capitaux / 10-Capital et réserves / 106-Réserves,
1061,Réserve légale,equity,unspecified,credit,0,,1-Comptes de capitaux / 10-Capital et réserves / 106-Réserves,,,,1-Comptes de capitaux / 10-Capital et réserves / 106-Réserves / Réserve légale,
1062,Réserves indisponibles,equity,unspecified,credit,0,,1-Comptes de capitaux / 10-Capital et réserves / 106-Réserves,,,,1-Comptes de capitaux / 10-Capital et réserves / 106-Réserves / Réserves indisponibles,
1063,Réserves statutaires ou contractuelles,equity,unspecified,credit,0,,1-Comptes de capitaux / 10-Capital et réserves / 106-Réserves,,,,1-Comptes de capitaux / 10-Capital et réserves / 106-Réserves / Réserves statutaires ou contractuelles,
1064,Réserves réglementées,equity,unspecified,credit,0,,1-Comptes de capitaux / 10-Capital et réserves / 106-Réserves,,,,1-Comptes de capitaux / 10-Capital et réserves / 106-Réserves / Réserves réglementées,
1068,Autres réserves,equity,unspecified,credit,0,,1-Comptes de capitaux / 10-Capital et réserves / 106-Réserves,,,,1-Comptes de capitaux / 10-Capital et réserves / 106-Réserves / Autres réserves,
107,Écart d'équivalence,equity,unspecified,credit,0,,1-Comptes de capitaux / 10-Capital et réserves,,,,1-Comptes de capitaux / 10-Capital et réserves / Écart d'équivalence,
108,Compte de l'exploitant,equity,unspecified,credit,0,,1-Comptes de capitaux / 10-Capital et réserves,,,,1-Comptes de capitaux / 10-Capital et réserves / Compte de l'exploitant,
109,Actionnaires : capital souscrit - non appelé,equity,unspecified,credit,0,,1-Comptes de capitaux / 10-Capital et réserves,,,,1-Comptes de capitaux / 10-Capital et réserves / Actionnaires : capital souscrit - non appelé,
,11-Report à nouveau,equity,group,credit,1,,1-Comptes de capitaux,,,,1-Comptes de capitaux / 11-Report à nouveau,
110,Report à nouveau - solde créditeur,equity,unspecified,credit,0,,1-Comptes de capitaux / 11-Report à nouveau,,,,1-Comptes de capitaux / 11-Report à nouveau / Report à nouveau - solde créditeur,
119,Report à nouveau - solde débiteur,equity,unspecified,credit,0,,1-Comptes de capitaux / 11-Report à nouveau,,,,1-Comptes de capitaux / 11-Report à nouveau / Report à nouveau - solde débiteur,
,12-Résultat de l'exercice,equity,group,credit,1,,1-Comptes de capitaux,,,,1-Comptes de capitaux / 12-Résultat de l'exercice,
,120-Résultat de l'exercice - bénéfice,equity,group,credit,1,,1-Comptes de capitaux / 12-Résultat de l'exercice,,,,1-Comptes de capitaux / 12-Résultat de l'exercice / 120-Résultat de l'exercice - bénéfice,
1209,Acomptes sur dividendes,equity,unspecified,credit,0,,1-Comptes de capitaux / 12-Résultat de l'exercice / 120-Résultat de l'exercice - bénéfice,,,,1-Comptes de capitaux / 12-Résultat de l'exercice / 120-Résultat de l'exercice - bénéfice / Acomptes sur dividendes,
129,Résultat de l'exercice - perte,equity,unspecified,credit,0,,1-Comptes de capitaux / 12-Résultat de l'exercice,,,,1-Comptes de capitaux / 12-Résultat de l'exercice / Résultat de l'exercice - perte,
,13-Subventions d'investissement,equity,group,credit,1,,1-Comptes de capitaux,,,,1-Comptes de capitaux / 13-Subventions d'investissement,
131,Subventions d'investissement octroyées,equity,unspecified,credit,0,,1-Comptes de capitaux / 13-Subventions d'investissement,,,,1-Comptes de capitaux / 13-Subventions d'investissement / Subventions d'investissement octroyées,
139,Subventions d'investissement inscrites au compte de résultat,equity,unspecified,credit,0,,1-Comptes de capitaux / 13-Subventions d'investissement,,,,1-Comptes de capitaux / 13-Subventions d'investissement / Subventions d'investissement inscrites au compte de résultat,
,14-Provisions réglementées,equity,group,credit,1,,1-Comptes de capitaux,,,,1-Comptes de capitaux / 14-Provisions réglementées,
143,Provisions réglementées pour hausse de prix,equity,unspecified,credit,0,,1-Comptes de capitaux / 14-Provisions réglementées,,,,1-Comptes de capitaux / 14-Provisions réglementées / Provisions réglementées pour hausse de prix,
145,Amortissements dérogatoires,equity,unspecified,credit,0,,1-Comptes de capitaux / 14-Provisions réglementées,,,,1-Comptes de capitaux / 14-Provisions réglementées / Amortissements dérogatoires,
148,Autres provisions réglementées,equity,unspecified,credit,0,,1-Comptes de capitaux / 14-Provisions réglementées,,,,1-Comptes de capitaux / 14-Provisions réglementées / Autres provisions réglementées,
,15-Provisions,equity,group,credit,1,,1-Comptes de capitaux,,,,1-Comptes de capitaux / 15-Provisions,
,151-Provisions pour risques,equity,group,credit,1,,1-Comptes de capitaux / 15-Provisions,,,,1-Comptes de capitaux / 15-Provisions / 151-Provisions pour risques,
1511,Provisions pour litiges,equity,unspecified,credit,0,,1-Comptes de capitaux / 15-Provisions / 151-Provisions pour risques,,,,1-Comptes de capitaux / 15-Provisions / 151-Provisions pour risques / Provisions pour litiges,
1512,Provisions pour garanties données aux clients,equity,unspecified,credit,0,,1-Comptes de capitaux / 15-Provisions / 151-Provisions pour risques,,,,1-Comptes de capitaux / 15-Provisions / 151-Provisions pour risques / Provisions pour garanties données aux clients,
1514,Provisions pour amendes et pénalités,equity,unspecified,credit,0,,1-Comptes de capitaux / 15-Provisions / 151-Provisions pour risques,,,,1-Comptes de capitaux / 15-Provisions / 151-Provisions pour risques / Provisions pour amendes et pénalités,
1515,Provisions pour pertes de change,equity,unspecified,credit,0,,1-Comptes de capitaux / 15-Provisions / 151-Provisions pour risques,,,,1-Comptes de capitaux / 15-Provisions / 151-Provisions pour risques / Provisions pour pertes de change,
1516,Provisions pour pertes sur contrats,equity,unspecified,credit,0,,1-Comptes de capitaux / 15-Provisions / 151-Provisions pour risques,,,,1-Comptes de capitaux / 15-Provisions / 151-Provisions pour risques / Provisions pour pertes sur contrats,
1518,Autres provisions pour risques,equity,unspecified,credit,0,,1-Comptes de capitaux / 15-Provisions / 151-Provisions pour risques,,,,1-Comptes de capitaux / 15-Provisions / 151-Provisions pour risques / Autres provisions pour risques,
,152-Provisions pour charges,equity,group,credit,1,,1-Comptes de capitaux / 15-Provisions,,,,1-Comptes de capitaux / 15-Provisions / 152-Provisions pour charges,
1521,Provisions pour pensions et obligations similaires,equity,unspecified,credit,0,,1-Comptes de capitaux / 15-Provisions / 152-Provisions pour charges,,,,1-Comptes de capitaux / 15-Provisions / 152-Provisions pour charges / Provisions pour pensions et obligations similaires,
1522,Provisions pour restructurations,equity,unspecified,credit,0,,1-Comptes de capitaux / 15-Provisions / 152-Provisions pour charges,,,,1-Comptes de capitaux / 15-Provisions / 152-Provisions pour charges / Provisions pour restructurations,
1523,Provisions pour impôts,equity,unspecified,credit,0,,1-Comptes de capitaux / 15-Provisions / 152-Provisions pour charges,,,,1-Comptes de capitaux / 15-Provisions / 152-Provisions pour charges / Provisions pour impôts,
1524,Provisions pour renouvellement des immobilisations - entreprises concessionnaires,equity,unspecified,credit,0,,1-Comptes de capitaux / 15-Provisions / 152-Provisions pour charges,,,,1-Comptes de capitaux / 15-Provisions / 152-Provisions pour charges / Provisions pour renouvellement des immobilisations - entreprises concessionnaires,
1525,Provisions pour gros entretien ou grandes révisions,equity,unspecified,credit,0,,1-Comptes de capitaux / 15-Provisions / 152-Provisions pour charges,,,,1-Comptes de capitaux / 15-Provisions / 152-Provisions pour charges / Provisions pour gros entretien ou grandes révisions,
1526,Provisions pour remise en état,equity,unspecified,credit,0,,1-Comptes de capitaux / 15-Provisions / 152-Provisions pour charges,,,,1-Comptes de capitaux / 15-Provisions / 152-Provisions pour charges / Provisions pour remise en état,
1527,Autres provisions pour charges,equity,unspecified,credit,0,,1-Comptes de capitaux / 15-Provisions / 152-Provisions pour charges,,,,1-Comptes de capitaux / 15-Provisions / 152-Provisions pour charges / Autres provisions pour charges,
,16-Emprunts et dettes assimilées,equity,group,credit,1,,1-Comptes de capitaux,,,,1-Comptes de capitaux / 16-Emprunts et dettes assimilées,
,161-Emprunts obligataires convertibles,equity,group,credit,1,,1-Comptes de capitaux / 16-Emprunts et dettes assimilées,,,,1-Comptes de capitaux / 16-Emprunts et dettes assimilées / 161-Emprunts obligataires convertibles,
1618,Intérêts courus sur emprunts obligataires convertibles,equity,unspecified,credit,0,,1-Comptes de capitaux / 16-Emprunts et dettes assimilées / 161-Emprunts obligataires convertibles,,,,1-Comptes de capitaux / 16-Emprunts et dettes assimilées / 161-Emprunts obligataires convertibles / Intérêts courus sur emprunts obligataires convertibles,
162,Obligations représentatives de passifs nets remis en fiducie,equity,unspecified,credit,0,,1-Comptes de capitaux / 16-Emprunts et dettes assimilées,,,,1-Comptes de capitaux / 16-Emprunts et dettes assimilées / Obligations représentatives de passifs nets remis en fiducie,
,163-Autres emprunts obligataires,equity,group,credit,1,,1-Comptes de capitaux / 16-Emprunts et dettes assimilées,,,,1-Comptes de capitaux / 16-Emprunts et dettes assimilées / 163-Autres emprunts obligataires,
1638,Intérêts courus sur autres emprunts obligataires,equity,unspecified,credit,0,,1-Comptes de capitaux / 16-Emprunts et dettes assimilées / 163-Autres emprunts obligataires,,,,1-Comptes de capitaux / 16-Emprunts et dettes assimilées / 163-Autres emprunts obligataires / Intérêts courus sur autres emprunts obligataires,
,164-Emprunts auprès des établissements de crédit,equity,group,credit,1,,1-Comptes de capitaux / 16-Emprunts et dettes assimilées,,,,1-Comptes de capitaux / 16-Emprunts et dettes assimilées / 164-Emprunts auprès des établissements de crédit,
1648,Intérêts courus sur emprunts auprès des établissements de crédit,equity,unspecified,credit,0,,1-Comptes de capitaux / 16-Emprunts et dettes assimilées / 164-Emprunts auprès des établissements de crédit,,,,1-Comptes de capitaux / 16-Emprunts et dettes assimilées / 164-Emprunts auprès des établissements de crédit / Intérêts courus sur emprunts auprès des établissements de crédit,
,165-Dépôts et cautionnements reçus,equity,group,credit,1,,1-Comptes de capitaux / 16-Emprunts et dettes assimilées,,,,1-Comptes de capitaux / 16-Emprunts et dettes assimilées / 165-Dépôts et cautionnements reçus,
1651,Dépôts,equity,unspecified,credit,0,,1-Comptes de capitaux / 16-Emprunts et dettes assimilées / 165-Dépôts et cautionnements reçus,,,,1-Comptes de capitaux / 16-Emprunts et dettes assimilées / 165-Dépôts et cautionnements reçus / Dépôts,
1655,Cautionnements,equity,unspecified,credit,0,,1-Comptes de capitaux / 16-Emprunts et dettes assimilées / 165-Dépôts et cautionnements reçus,,,,1-Comptes de capitaux / 16-Emprunts et dettes assimilées / 165-Dépôts et cautionnements reçus / Cautionnements,
1658,Intérêts courus sur dépôts et cautionnements reçus,equity,unspecified,credit,0,,1-Comptes de capitaux / 16-Emprunts et dettes assimilées / 165-Dépôts et cautionnements reçus,,,,1-Comptes de capitaux / 16-Emprunts et dettes assimilées / 165-Dépôts et cautionnements reçus / Intérêts courus sur dépôts et cautionnements reçus,
,166-Participation des salariés aux résultats,equity,group,credit,1,,1-Comptes de capitaux / 16-Emprunts et dettes assimilées,,,,1-Comptes de capitaux / 16-Emprunts et dettes assimilées / 166-Participation des salariés aux résultats,
1661,Comptes bloqués,equity,unspecified,credit,0,,1-Comptes de capitaux / 16-Emprunts et dettes assimilées / 166-Participation des salariés aux résultats,,,,1-Comptes de capitaux / 16-Emprunts et dettes assimilées / 166-Participation des salariés aux résultats / Comptes bloqués,
1662,Fonds de participation,equity,unspecified,credit,0,,1-Comptes de capitaux / 16-Emprunts et dettes assimilées / 166-Participation des salariés aux résultats,,,,1-Comptes de capitaux / 16-Emprunts et dettes assimilées / 166-Participation des salariés aux résultats / Fonds de participation,
1668,Intérêts courus sur participation des salariés aux résultats,equity,unspecified,credit,0,,1-Comptes de capitaux / 16-Emprunts et dettes assimilées / 166-Participation des salariés aux résultats,,,,1-Comptes de capitaux / 16-Emprunts et dettes assimilées / 166-Participation des salariés aux résultats / Intérêts courus sur participation des salariés aux résultats,
,167-Emprunts et dettes assortis de conditions particulières,equity,group,credit,1,,1-Comptes de capitaux / 16-Emprunts et dettes assimilées,,,,1-Comptes de capitaux / 16-Emprunts et dettes assimilées / 167-Emprunts et dettes assortis de conditions particulières,
,1671-Émissions de titres participatifs,equity,group,credit,1,,1-Comptes de capitaux / 16-Emprunts et dettes assimilées / 167-Emprunts et dettes assortis de conditions particulières,,,,1-Comptes de capitaux / 16-Emprunts et dettes assimilées / 167-Emprunts et dettes assortis de conditions particulières / 1671-Émissions de titres participatifs,
16718,Intérêts courus sur titres participatifs,equity,unspecified,credit,0,,1-Comptes de capitaux / 16-Emprunts et dettes assimilées / 167-Emprunts et dettes assortis de conditions particulières / 1671-Émissions de titres participatifs,,,,1-Comptes de capitaux / 16-Emprunts et dettes assimilées / 167-Emprunts et dettes assortis de conditions particulières / 1671-Émissions de titres participatifs / Intérêts courus sur titres participatifs,
,1674-Avances conditionnées de l'État,equity,group,credit,1,,1-Comptes de capitaux / 16-Emprunts et dettes assimilées / 167-Emprunts et dettes assortis de conditions particulières,,,,1-Comptes de capitaux / 16-Emprunts et dettes assimilées / 167-Emprunts et dettes assortis de conditions particulières / 1674-Avances conditionnées de l'État,
16748,Intérêts courus sur avances conditionnées,equity,unspecified,credit,0,,1-Comptes de capitaux / 16-Emprunts et dettes assimilées / 167-Emprunts et dettes assortis de conditions particulières / 1674-Avances conditionnées de l'État,,,,1-Comptes de capitaux / 16-Emprunts et dettes assimilées / 167-Emprunts et dettes assortis de conditions particulières / 1674-Avances conditionnées de l'État / Intérêts courus sur avances conditionnées,
,1675-Emprunts participatifs,equity,group,credit,1,,1-Comptes de capitaux / 16-Emprunts et dettes assimilées / 167-Emprunts et dettes assortis de conditions particulières,,,,1-Comptes de capitaux / 16-Emprunts et dettes assimilées / 167-Emprunts et dettes assortis de conditions particulières / 1675-Emprunts participatifs,
16758,Intérêts courus sur emprunts participatifs,equity,unspecified,credit,0,,1-Comptes de capitaux / 16-Emprunts et dettes assimilées / 167-Emprunts et dettes assortis de conditions particulières / 1675-Emprunts participatifs,,,,1-Comptes de capitaux / 16-Emprunts et dettes assimilées / 167-Emprunts et dettes assortis de conditions particulières / 1675-Emprunts participatifs / Intérêts courus sur emprunts participatifs,
,168-Autres emprunts et dettes assimilées,equity,group,credit,1,,1-Comptes de capitaux / 16-Emprunts et dettes assimilées,,,,1-Comptes de capitaux / 16-Emprunts et dettes assimilées / 168-Autres emprunts et dettes assimilées,
1681,Autres emprunts,equity,unspecified,credit,0,,1-Comptes de capitaux / 16-Emprunts et dettes assimilées / 168-Autres emprunts et dettes assimilées,,,,1-Comptes de capitaux / 16-Emprunts et dettes assimilées / 168-Autres emprunts et dettes assimilées / Autres emprunts,
1685,Rentes viagères capitalisées,equity,unspecified,credit,0,,1-Comptes de capitaux / 16-Emprunts et dettes assimilées / 168-Autres emprunts et dettes assimilées,,,,1-Comptes de capitaux / 16-Emprunts et dettes assimilées / 168-Autres emprunts et dettes assimilées / Rentes viagères capitalisées,
1687,Autres dettes,equity,unspecified,credit,0,,1-Comptes de capitaux / 16-Emprunts et dettes assimilées / 168-Autres emprunts et dettes assimilées,,,,1-Comptes de capitaux / 16-Emprunts et dettes assimilées / 168-Autres emprunts et dettes assimilées / Autres dettes,
1688,Intérêts courus sur autres emprunts et dettes assimilées,equity,unspecified,credit,0,,1-Comptes de capitaux / 16-Emprunts et dettes assimilées / 168-Autres emprunts et dettes assimilées,,,,1-Comptes de capitaux / 16-Emprunts et dettes assimilées / 168-Autres emprunts et dettes assimilées / Intérêts courus sur autres emprunts et dettes assimilées,
169,Primes de remboursement des emprunts,equity,unspecified,credit,0,,1-Comptes de capitaux / 16-Emprunts et dettes assimilées,,,,1-Comptes de capitaux / 16-Emprunts et dettes assimilées / Primes de remboursement des emprunts,
,17-Dettes rattachées à des participations,equity,group,credit,1,,1-Comptes de capitaux,,,,1-Comptes de capitaux / 17-Dettes rattachées à des participations,
171,Dettes rattachées à des participations - groupe,equity,unspecified,credit,0,,1-Comptes de capitaux / 17-Dettes rattachées à des participations,,,,1-Comptes de capitaux / 17-Dettes rattachées à des participations / Dettes rattachées à des participations - groupe,
174,Dettes rattachées à des participations - hors groupe,equity,unspecified,credit,0,,1-Comptes de capitaux / 17-Dettes rattachées à des participations,,,,1-Comptes de capitaux / 17-Dettes rattachées à des participations / Dettes rattachées à des participations - hors groupe,
178,Dettes rattachées à des sociétés en participation,equity,unspecified,credit,0,,1-Comptes de capitaux / 17-Dettes rattachées à des participations,,,,1-Comptes de capitaux / 17-Dettes rattachées à des participations / Dettes rattachées à des sociétés en participation,
,18-Comptes de liaison des établissements et sociétés en participation,equity,group,credit,1,,1-Comptes de capitaux,,,,1-Comptes de capitaux / 18-Comptes de liaison des établissements et sociétés en participation,
181,Comptes de liaison des établissements,equity,unspecified,credit,0,,1-Comptes de capitaux / 18-Comptes de liaison des établissements et sociétés en participation,,,,1-Comptes de capitaux / 18-Comptes de liaison des établissements et sociétés en participation / Comptes de liaison des établissements,
186,Biens et prestations de services échangés entre établissements - charges,equity,unspecified,credit,0,,1-Comptes de capitaux / 18-Comptes de liaison des établissements et sociétés en participation,,,,1-Comptes de capitaux / 18-Comptes de liaison des établissements et sociétés en participation / Biens et prestations de services échangés entre établissements - charges,
187,Biens et prestations de services échangés entre établissements - produits,equity,unspecified,credit,0,,1-Comptes de capitaux / 18-Comptes de liaison des établissements et sociétés en participation,,,,1-Comptes de capitaux / 18-Comptes de liaison des établissements et sociétés en participation / Biens et prestations de services échangés entre établissements - produits,
188,Comptes de liaison des sociétés en participation,equity,unspecified,credit,0,,1-Comptes de capitaux / 18-Comptes de liaison des établissements et sociétés en participation,,,,1-Comptes de capitaux / 18-Comptes de liaison des établissements et sociétés en participation / Comptes de liaison des sociétés en participation,
,2-Comptes d'immobilisations,asset,group,debit,1,,,,,,2-Comptes d'immobilisations,
,20-Immobilisations incorporelles et frais d'établissement,asset,group,debit,1,,2-Comptes d'immobilisations,,,,2-Comptes d'immobilisations / 20-Immobilisations incorporelles et frais d'établissement,
,201-Frais d'établissement,asset,group,debit,1,,2-Comptes d'immobilisations / 20-Immobilisations incorporelles et frais d'établissement,,,,2-Comptes d'immobilisations / 20-Immobilisations incorporelles et frais d'établissement / 201-Frais d'établissement,
2011,Frais de constitution,asset,unspecified,debit,0,,2-Comptes d'immobilisations / 20-Immobilisations incorporelles et frais d'établissement / 201-Frais d'établissement,,,,2-Comptes d'immobilisations / 20-Immobilisations incorporelles et frais d'établissement / 201-Frais d'établissement / Frais de constitution,
,2012-Frais de premier établissement,asset,group,debit,1,,2-Comptes d'immobilisations / 20-Immobilisations incorporelles et frais d'établissement / 201-Frais d'établissement,,,,2-Comptes d'immobilisations / 20-Immobilisations incorporelles et frais d'établissement / 201-Frais d'établissement / 2012-Frais de premier établissement,
20121,Frais de prospection,asset,unspecified,debit,0,,2-Comptes d'immobilisations / 20-Immobilisations incorporelles et frais d'établissement / 201-Frais d'établissement / 2012-Frais de premier établissement,,,,2-Comptes d'immobilisations / 20-Immobilisations incorporelles et frais d'établissement / 201-Frais d'établissement / 2012-Frais de premier établissement / Frais de prospection,
20122,Frais de publicité,asset,unspecified,debit,0,,2-Comptes d'immobilisations / 20-Immobilisations incorporelles et frais d'établissement / 201-Frais d'établissement / 2012-Frais de premier établissement,,,,2-Comptes d'immobilisations / 20-Immobilisations incorporelles et frais d'établissement / 201-Frais d'établissement / 2012-Frais de premier établissement / Frais de publicité,
2013,"Frais d'augmentation de capital et d'opérations diverses - fusions, scissions, transformations",asset,unspecified,debit,0,,2-Comptes d'immobilisations / 20-Immobilisations incorporelles et frais d'établissement / 201-Frais d'établissement,,,,"2-Comptes d'immobilisations / 20-Immobilisations incorporelles et frais d'établissement / 201-Frais d'établissement / Frais d'augmentation de capital et d'opérations diverses - fusions, scissions, transformations",
203,Frais de développement,asset,unspecified,debit,0,,2-Comptes d'immobilisations / 20-Immobilisations incorporelles et frais d'établissement,,,,2-Comptes d'immobilisations / 20-Immobilisations incorporelles et frais d'établissement / Frais de développement,
205,"Concessions et droits similaires, brevets, licences, marques, procédés, solutions informatiques, droits et valeurs similaires",asset,unspecified,debit,0,,2-Comptes d'immobilisations / 20-Immobilisations incorporelles et frais d'établissement,,,,"2-Comptes d'immobilisations / 20-Immobilisations incorporelles et frais d'établissement / Concessions et droits similaires, brevets, licences, marques, procédés, solutions informatiques, droits et valeurs similaires",
206,Droit au bail,asset,unspecified,debit,0,,2-Comptes d'immobilisations / 20-Immobilisations incorporelles et frais d'établissement,,,,2-Comptes d'immobilisations / 20-Immobilisations incorporelles et frais d'établissement / Droit au bail,
207,Fonds commercial,asset,unspecified,debit,0,,2-Comptes d'immobilisations / 20-Immobilisations incorporelles et frais d'établissement,,,,2-Comptes d'immobilisations / 20-Immobilisations incorporelles et frais d'établissement / Fonds commercial,
,208-Autres immobilisations incorporelles,asset,group,debit,1,,2-Comptes d'immobilisations / 20-Immobilisations incorporelles et frais d'établissement,,,,2-Comptes d'immobilisations / 20-Immobilisations incorporelles et frais d'établissement / 208-Autres immobilisations incorporelles,
2081,Mali de fusion sur actifs incorporels,asset,unspecified,debit,0,,2-Comptes d'immobilisations / 20-Immobilisations incorporelles et frais d'établissement / 208-Autres immobilisations incorporelles,,,,2-Comptes d'immobilisations / 20-Immobilisations incorporelles et frais d'établissement / 208-Autres immobilisations incorporelles / Mali de fusion sur actifs incorporels,
,21-Immobilisations corporelles,asset,fixed_asset,debit,1,,2-Comptes d'immobilisations,Fixed Asset,,,2-Comptes d'immobilisations / 21-Immobilisations corporelles,
,211-Terrains,asset,fixed_asset,debit,1,,2-Comptes d'immobilisations / 21-Immobilisations corporelles,Fixed Asset,,,2-Comptes d'immobilisations / 21-Immobilisations corporelles / 211-Terrains,
2111,Terrains nus,asset,fixed_asset,debit,0,,2-Comptes d'immobilisations / 21-Immobilisations corporelles / 211-Terrains,Fixed Asset,,,2-Comptes d'immobilisations / 21-Immobilisations corporelles / 211-Terrains / Terrains nus,
2112,Terrains aménagés,asset,fixed_asset,debit,0,,2-Comptes d'immobilisations / 21-Immobilisations corporelles / 211-Terrains,Fixed Asset,,,2-Comptes d'immobilisations / 21-Immobilisations corporelles / 211-Terrains / Terrains aménagés,
2113,Sous-sols et sur-sols,asset,fixed_asset,debit,0,,2-Comptes d'immobilisations / 21-Immobilisations corporelles / 211-Terrains,Fixed Asset,,,2-Comptes d'immobilisations / 21-Immobilisations corporelles / 211-Terrains / Sous-sols et sur-sols,
2114,Terrains de carrières (Tréfonds),asset,fixed_asset,debit,0,,2-Comptes d'immobilisations / 21-Immobilisations corporelles / 211-Terrains,Fixed Asset,,,2-Comptes d'immobilisations / 21-Immobilisations corporelles / 211-Terrains / Terrains de carrières (Tréfonds),
2115,Terrains bâtis,asset,fixed_asset,debit,0,,2-Comptes d'immobilisations / 21-Immobilisations corporelles / 211-Terrains,Fixed Asset,,,2-Comptes d'immobilisations / 21-Immobilisations corporelles / 211-Terrains / Terrains bâtis,
212,Agencements et aménagements de terrains (même ventilation que celle du compte 211),asset,fixed_asset,debit,0,,2-Comptes d'immobilisations / 21-Immobilisations corporelles,Fixed Asset,,,2-Comptes d'immobilisations / 21-Immobilisations corporelles / Agencements et aménagements de terrains (même ventilation que celle du compte 211),
,213-Constructions,asset,fixed_asset,debit,1,,2-Comptes d'immobilisations / 21-Immobilisations corporelles,Fixed Asset,,,2-Comptes d'immobilisations / 21-Immobilisations corporelles / 213-Constructions,
2131,Bâtiments,asset,fixed_asset,debit,0,,2-Comptes d'immobilisations / 21-Immobilisations corporelles / 213-Constructions,Fixed Asset,,,2-Comptes d'immobilisations / 21-Immobilisations corporelles / 213-Constructions / Bâtiments,
2135,Installations générales - agencements - aménagements des constructions,asset,fixed_asset,debit,0,,2-Comptes d'immobilisations / 21-Immobilisations corporelles / 213-Constructions,Fixed Asset,,,2-Comptes d'immobilisations / 21-Immobilisations corporelles / 213-Constructions / Installations générales - agencements - aménagements des constructions,
2138,Ouvrages d'infrastructure,asset,fixed_asset,debit,0,,2-Comptes d'immobilisations / 21-Immobilisations corporelles / 213-Constructions,Fixed Asset,,,2-Comptes d'immobilisations / 21-Immobilisations corporelles / 213-Constructions / Ouvrages d'infrastructure,
214,Constructions sur sol d'autrui (même ventilation que celle du compte 213),asset,fixed_asset,debit,0,,2-Comptes d'immobilisations / 21-Immobilisations corporelles,Fixed Asset,,,2-Comptes d'immobilisations / 21-Immobilisations corporelles / Constructions sur sol d'autrui (même ventilation que celle du compte 213),
,"215-Installations techniques, matériels et outillages industriels",asset,fixed_asset,debit,1,,2-Comptes d'immobilisations / 21-Immobilisations corporelles,Fixed Asset,,,"2-Comptes d'immobilisations / 21-Immobilisations corporelles / 215-Installations techniques, matériels et outillages industriels",
,2151-Installations complexes spécialisées,asset,fixed_asset,debit,1,,"2-Comptes d'immobilisations / 21-Immobilisations corporelles / 215-Installations techniques, matériels et outillages industriels",Fixed Asset,,,"2-Comptes d'immobilisations / 21-Immobilisations corporelles / 215-Installations techniques, matériels et outillages industriels / 2151-Installations complexes spécialisées",
21511,Installations complexes spécialisées sur sol propre,asset,fixed_asset,debit,0,,"2-Comptes d'immobilisations / 21-Immobilisations corporelles / 215-Installations techniques, matériels et outillages industriels / 2151-Installations complexes spécialisées",Fixed Asset,,,"2-Comptes d'immobilisations / 21-Immobilisations corporelles / 215-Installations techniques, matériels et outillages industriels / 2151-Installations complexes spécialisées / Installations complexes spécialisées sur sol propre",
21514,Installations complexes spécialisées sur sol d'autrui,asset,fixed_asset,debit,0,,"2-Comptes d'immobilisations / 21-Immobilisations corporelles / 215-Installations techniques, matériels et outillages industriels / 2151-Installations complexes spécialisées",Fixed Asset,,,"2-Comptes d'immobilisations / 21-Immobilisations corporelles / 215-Installations techniques, matériels et outillages industriels / 2151-Installations complexes spécialisées / Installations complexes spécialisées sur sol d'autrui",
,2153-Installations à caractère spécifique,asset,fixed_asset,debit,1,,"2-Comptes d'immobilisations / 21-Immobilisations corporelles / 215-Installations techniques, matériels et outillages industriels",Fixed Asset,,,"2-Comptes d'immobilisations / 21-Immobilisations corporelles / 215-Installations techniques, matériels et outillages industriels / 2153-Installations à caractère spécifique",
21531,Installations à caractère spécifique sur sol propre,asset,fixed_asset,debit,0,,"2-Comptes d'immobilisations / 21-Immobilisations corporelles / 215-Installations techniques, matériels et outillages industriels / 2153-Installations à caractère spécifique",Fixed Asset,,,"2-Comptes d'immobilisations / 21-Immobilisations corporelles / 215-Installations techniques, matériels et outillages industriels / 2153-Installations à caractère spécifique / Installations à caractère spécifique sur sol propre",
21534,Installations à caractère spécifique sur sol d'autrui,asset,fixed_asset,debit,0,,"2-Comptes d'immobilisations / 21-Immobilisations corporelles / 215-Installations techniques, matériels et outillages industriels / 2153-Installations à caractère spécifique",Fixed Asset,,,"2-Comptes d'immobilisations / 21-Immobilisations corporelles / 215-Installations techniques, matériels et outillages industriels / 2153-Installations à caractère spécifique / Installations à caractère spécifique sur sol d'autrui",
2154,Matériels industriels,asset,fixed_asset,debit,0,,"2-Comptes d'immobilisations / 21-Immobilisations corporelles / 215-Installations techniques, matériels et outillages industriels",Fixed Asset,,,"2-Comptes d'immobilisations / 21-Immobilisations corporelles / 215-Installations techniques, matériels et outillages industriels / Matériels industriels",
2155,Outillages industriels,asset,fixed_asset,debit,0,,"2-Comptes d'immobilisations / 21-Immobilisations corporelles / 215-Installations techniques, matériels et outillages industriels",Fixed Asset,,,"2-Comptes d'immobilisations / 21-Immobilisations corporelles / 215-Installations techniques, matériels et outillages industriels / Outillages industriels",
2157,Agencements et aménagements des matériels et outillages industriels,asset,fixed_asset,debit,0,,"2-Comptes d'immobilisations / 21-Immobilisations corporelles / 215-Installations techniques, matériels et outillages industriels",Fixed Asset,,,"2-Comptes d'immobilisations / 21-Immobilisations corporelles / 215-Installations techniques, matériels et outillages industriels / Agencements et aménagements des matériels et outillages industriels",
,218-Autres immobilisations corporelles,asset,fixed_asset,debit,1,,2-Comptes d'immobilisations / 21-Immobilisations corporelles,Fixed Asset,,,2-Comptes d'immobilisations / 21-Immobilisations corporelles / 218-Autres immobilisations corporelles,
2181,"Installations générales, agencements, aménagements divers",asset,fixed_asset,debit,0,,2-Comptes d'immobilisations / 21-Immobilisations corporelles / 218-Autres immobilisations corporelles,Fixed Asset,,,"2-Comptes d'immobilisations / 21-Immobilisations corporelles / 218-Autres immobilisations corporelles / Installations générales, agencements, aménagements divers",
2182,Matériel de transport,asset,fixed_asset,debit,0,,2-Comptes d'immobilisations / 21-Immobilisations corporelles / 218-Autres immobilisations corporelles,Fixed Asset,,,2-Comptes d'immobilisations / 21-Immobilisations corporelles / 218-Autres immobilisations corporelles / Matériel de transport,
2183,Matériel de bureau et matériel informatique,asset,fixed_asset,debit,0,,2-Comptes d'immobilisations / 21-Immobilisations corporelles / 218-Autres immobilisations corporelles,Fixed Asset,,,2-Comptes d'immobilisations / 21-Immobilisations corporelles / 218-Autres immobilisations corporelles / Matériel de bureau et matériel informatique,
2184,Mobilier,asset,fixed_asset,debit,0,,2-Comptes d'immobilisations / 21-Immobilisations corporelles / 218-Autres immobilisations corporelles,Fixed Asset,,,2-Comptes d'immobilisations / 21-Immobilisations corporelles / 218-Autres immobilisations corporelles / Mobilier,
2185,Cheptel,asset,fixed_asset,debit,0,,2-Comptes d'immobilisations / 21-Immobilisations corporelles / 218-Autres immobilisations corporelles,Fixed Asset,,,2-Comptes d'immobilisations / 21-Immobilisations corporelles / 218-Autres immobilisations corporelles / Cheptel,
2186,Emballages récupérables,asset,fixed_asset,debit,0,,2-Comptes d'immobilisations / 21-Immobilisations corporelles / 218-Autres immobilisations corporelles,Fixed Asset,,,2-Comptes d'immobilisations / 21-Immobilisations corporelles / 218-Autres immobilisations corporelles / Emballages récupérables,
2187,Mali de fusion sur actifs corporels,asset,fixed_asset,debit,0,,2-Comptes d'immobilisations / 21-Immobilisations corporelles / 218-Autres immobilisations corporelles,Fixed Asset,,,2-Comptes d'immobilisations / 21-Immobilisations corporelles / 218-Autres immobilisations corporelles / Mali de fusion sur actifs corporels,
,22-Immobilisations mises en concession,asset,group,debit,1,,2-Comptes d'immobilisations,,,,2-Comptes d'immobilisations / 22-Immobilisations mises en concession,
229,Droits du concédant,asset,unspecified,debit,0,,2-Comptes d'immobilisations / 22-Immobilisations mises en concession,,,,2-Comptes d'immobilisations / 22-Immobilisations mises en concession / Droits du concédant,
,"23-Immobilisations en cours, avances et acomptes",asset,group,debit,1,,2-Comptes d'immobilisations,,,,"2-Comptes d'immobilisations / 23-Immobilisations en cours, avances et acomptes",
231,Immobilisations corporelles en cours,asset,unspecified,debit,0,,"2-Comptes d'immobilisations / 23-Immobilisations en cours, avances et acomptes",,,,"2-Comptes d'immobilisations / 23-Immobilisations en cours, avances et acomptes / Immobilisations corporelles en cours",
232,Immobilisations incorporelles en cours,asset,unspecified,debit,0,,"2-Comptes d'immobilisations / 23-Immobilisations en cours, avances et acomptes",,,,"2-Comptes d'immobilisations / 23-Immobilisations en cours, avances et acomptes / Immobilisations incorporelles en cours",
237,Avances et acomptes versés sur commandes d'immobilisations incorporelles,asset,unspecified,debit,0,,"2-Comptes d'immobilisations / 23-Immobilisations en cours, avances et acomptes",,,,"2-Comptes d'immobilisations / 23-Immobilisations en cours, avances et acomptes / Avances et acomptes versés sur commandes d'immobilisations incorporelles",
238,Avances et acomptes versés sur commandes d'immobilisations corporelles,asset,unspecified,debit,0,,"2-Comptes d'immobilisations / 23-Immobilisations en cours, avances et acomptes",,,,"2-Comptes d'immobilisations / 23-Immobilisations en cours, avances et acomptes / Avances et acomptes versés sur commandes d'immobilisations corporelles",
,26-Participations et créances rattachées à des participations,asset,group,debit,1,,2-Comptes d'immobilisations,,,,2-Comptes d'immobilisations / 26-Participations et créances rattachées à des participations,
,261-Titres de participation,asset,group,debit,1,,2-Comptes d'immobilisations / 26-Participations et créances rattachées à des participations,,,,2-Comptes d'immobilisations / 26-Participations et créances rattachées à des participations / 261-Titres de participation,
2611,Actions,asset,unspecified,debit,0,,2-Comptes d'immobilisations / 26-Participations et créances rattachées à des participations / 261-Titres de participation,,,,2-Comptes d'immobilisations / 26-Participations et créances rattachées à des participations / 261-Titres de participation / Actions,
2618,Autres titres,asset,unspecified,debit,0,,2-Comptes d'immobilisations / 26-Participations et créances rattachées à des participations / 261-Titres de participation,,,,2-Comptes d'immobilisations / 26-Participations et créances rattachées à des participations / 261-Titres de participation / Autres titres,
262,Titres évalués par équivalence,asset,unspecified,debit,0,,2-Comptes d'immobilisations / 26-Participations et créances rattachées à des participations,,,,2-Comptes d'immobilisations / 26-Participations et créances rattachées à des participations / Titres évalués par équivalence,
,266-Autres formes de participation,asset,group,debit,1,,2-Comptes d'immobilisations / 26-Participations et créances rattachées à des participations,,,,2-Comptes d'immobilisations / 26-Participations et créances rattachées à des participations / 266-Autres formes de participation,
2661,Droits représentatifs d'actifs nets remis en fiducie,asset,unspecified,debit,0,,2-Comptes d'immobilisations / 26-Participations et créances rattachées à des participations / 266-Autres formes de participation,,,,2-Comptes d'immobilisations / 26-Participations et créances rattachées à des participations / 266-Autres formes de participation / Droits représentatifs d'actifs nets remis en fiducie,
,267-Créances rattachées à des participations,asset,group,debit,1,,2-Comptes d'immobilisations / 26-Participations et créances rattachées à des participations,,,,2-Comptes d'immobilisations / 26-Participations et créances rattachées à des participations / 267-Créances rattachées à des participations,
2671,Créances rattachées à des participations - groupe,asset,unspecified,debit,0,,2-Comptes d'immobilisations / 26-Participations et créances rattachées à des participations / 267-Créances rattachées à des participations,,,,2-Comptes d'immobilisations / 26-Participations et créances rattachées à des participations / 267-Créances rattachées à des participations / Créances rattachées à des participations - groupe,
2674,Créances rattachées à des participations - hors groupe,asset,unspecified,debit,0,,2-Comptes d'immobilisations / 26-Participations et créances rattachées à des participations / 267-Créances rattachées à des participations,,,,2-Comptes d'immobilisations / 26-Participations et créances rattachées à des participations / 267-Créances rattachées à des participations / Créances rattachées à des participations - hors groupe,
2675,Versements représentatifs d'apports non capitalisés - appel de fonds,asset,unspecified,debit,0,,2-Comptes d'immobilisations / 26-Participations et créances rattachées à des participations / 267-Créances rattachées à des participations,,,,2-Comptes d'immobilisations / 26-Participations et créances rattachées à des participations / 267-Créances rattachées à des participations / Versements représentatifs d'apports non capitalisés - appel de fonds,
2676,Avances consolidables,asset,unspecified,debit,0,,2-Comptes d'immobilisations / 26-Participations et créances rattachées à des participations / 267-Créances rattachées à des participations,,,,2-Comptes d'immobilisations / 26-Participations et créances rattachées à des participations / 267-Créances rattachées à des participations / Avances consolidables,
2677,Autres créances rattachées à des participations,asset,unspecified,debit,0,,2-Comptes d'immobilisations / 26-Participations et créances rattachées à des participations / 267-Créances rattachées à des participations,,,,2-Comptes d'immobilisations / 26-Participations et créances rattachées à des participations / 267-Créances rattachées à des participations / Autres créances rattachées à des participations,
2678,Intérêts courus,asset,unspecified,debit,0,,2-Comptes d'immobilisations / 26-Participations et créances rattachées à des participations / 267-Créances rattachées à des participations,,,,2-Comptes d'immobilisations / 26-Participations et créances rattachées à des participations / 267-Créances rattachées à des participations / Intérêts courus,
,268-Créances rattachées à des sociétés en participation,asset,group,debit,1,,2-Comptes d'immobilisations / 26-Participations et créances rattachées à des participations,,,,2-Comptes d'immobilisations / 26-Participations et créances rattachées à des participations / 268-Créances rattachées à des sociétés en participation,
2681,Principal,asset,unspecified,debit,0,,2-Comptes d'immobilisations / 26-Participations et créances rattachées à des participations / 268-Créances rattachées à des sociétés en participation,,,,2-Comptes d'immobilisations / 26-Participations et créances rattachées à des participations / 268-Créances rattachées à des sociétés en participation / Principal,
2688,Intérêts courus,asset,unspecified,debit,0,,2-Comptes d'immobilisations / 26-Participations et créances rattachées à des participations / 268-Créances rattachées à des sociétés en participation,,,,2-Comptes d'immobilisations / 26-Participations et créances rattachées à des participations / 268-Créances rattachées à des sociétés en participation / Intérêts courus,
269,Versements restant à effectuer sur titres de participation non libérés,asset,unspecified,debit,0,,2-Comptes d'immobilisations / 26-Participations et créances rattachées à des participations,,,,2-Comptes d'immobilisations / 26-Participations et créances rattachées à des participations / Versements restant à effectuer sur titres de participation non libérés,
,27-Autres immobilisations financières,asset,group,debit,1,,2-Comptes d'immobilisations,,,,2-Comptes d'immobilisations / 27-Autres immobilisations financières,
,271-Titres immobilisés autres que les titres immobilisés de l'activité de portefeuille (droit de propriété),asset,group,debit,1,,2-Comptes d'immobilisations / 27-Autres immobilisations financières,,,,2-Comptes d'immobilisations / 27-Autres immobilisations financières / 271-Titres immobilisés autres que les titres immobilisés de l'activité de portefeuille (droit de propriété),
2711,Actions,asset,unspecified,debit,0,,2-Comptes d'immobilisations / 27-Autres immobilisations financières / 271-Titres immobilisés autres que les titres immobilisés de l'activité de portefeuille (droit de propriété),,,,2-Comptes d'immobilisations / 27-Autres immobilisations financières / 271-Titres immobilisés autres que les titres immobilisés de l'activité de portefeuille (droit de propriété) / Actions,
2718,Autres titres,asset,unspecified,debit,0,,2-Comptes d'immobilisations / 27-Autres immobilisations financières / 271-Titres immobilisés autres que les titres immobilisés de l'activité de portefeuille (droit de propriété),,,,2-Comptes d'immobilisations / 27-Autres immobilisations financières / 271-Titres immobilisés autres que les titres immobilisés de l'activité de portefeuille (droit de propriété) / Autres titres,
,272-Titres immobilisés (droit de créance),asset,group,debit,1,,2-Comptes d'immobilisations / 27-Autres immobilisations financières,,,,2-Comptes d'immobilisations / 27-Autres immobilisations financières / 272-Titres immobilisés (droit de créance),
2721,Obligations,asset,unspecified,debit,0,,2-Comptes d'immobilisations / 27-Autres immobilisations financières / 272-Titres immobilisés (droit de créance),,,,2-Comptes d'immobilisations / 27-Autres immobilisations financières / 272-Titres immobilisés (droit de créance) / Obligations,
2722,Bons,asset,unspecified,debit,0,,2-Comptes d'immobilisations / 27-Autres immobilisations financières / 272-Titres immobilisés (droit de créance),,,,2-Comptes d'immobilisations / 27-Autres immobilisations financières / 272-Titres immobilisés (droit de créance) / Bons,
273,Titres immobilisés de l'activité de portefeuille,asset,unspecified,debit,0,,2-Comptes d'immobilisations / 27-Autres immobilisations financières,,,,2-Comptes d'immobilisations / 27-Autres immobilisations financières / Titres immobilisés de l'activité de portefeuille,
,274-Prêts,asset,group,debit,1,,2-Comptes d'immobilisations / 27-Autres immobilisations financières,,,,2-Comptes d'immobilisations / 27-Autres immobilisations financières / 274-Prêts,
2741,Prêts participatifs,asset,unspecified,debit,0,,2-Comptes d'immobilisations / 27-Autres immobilisations financières / 274-Prêts,,,,2-Comptes d'immobilisations / 27-Autres immobilisations financières / 274-Prêts / Prêts participatifs,
2742,Prêts aux associés,asset,unspecified,debit,0,,2-Comptes d'immobilisations / 27-Autres immobilisations financières / 274-Prêts,,,,2-Comptes d'immobilisations / 27-Autres immobilisations financières / 274-Prêts / Prêts aux associés,
2743,Prêts au personnel,asset,unspecified,debit,0,,2-Comptes d'immobilisations / 27-Autres immobilisations financières / 274-Prêts,,,,2-Comptes d'immobilisations / 27-Autres immobilisations financières / 274-Prêts / Prêts au personnel,
2748,Autres prêts,asset,unspecified,debit,0,,2-Comptes d'immobilisations / 27-Autres immobilisations financières / 274-Prêts,,,,2-Comptes d'immobilisations / 27-Autres immobilisations financières / 274-Prêts / Autres prêts,
,275-Dépôts et cautionnements versés,asset,group,debit,1,,2-Comptes d'immobilisations / 27-Autres immobilisations financières,,,,2-Comptes d'immobilisations / 27-Autres immobilisations financières / 275-Dépôts et cautionnements versés,
2751,Dépôts,asset,unspecified,debit,0,,2-Comptes d'immobilisations / 27-Autres immobilisations financières / 275-Dépôts et cautionnements versés,,,,2-Comptes d'immobilisations / 27-Autres immobilisations financières / 275-Dépôts et cautionnements versés / Dépôts,
2755,Cautionnements,asset,unspecified,debit,0,,2-Comptes d'immobilisations / 27-Autres immobilisations financières / 275-Dépôts et cautionnements versés,,,,2-Comptes d'immobilisations / 27-Autres immobilisations financières / 275-Dépôts et cautionnements versés / Cautionnements,
,276-Autres créances immobilisées,asset,group,debit,1,,2-Comptes d'immobilisations / 27-Autres immobilisations financières,,,,2-Comptes d'immobilisations / 27-Autres immobilisations financières / 276-Autres créances immobilisées,
2761,Créances diverses,asset,unspecified,debit,0,,2-Comptes d'immobilisations / 27-Autres immobilisations financières / 276-Autres créances immobilisées,,,,2-Comptes d'immobilisations / 27-Autres immobilisations financières / 276-Autres créances immobilisées / Créances diverses,
,2768-Intérêts courus,asset,group,debit,1,,2-Comptes d'immobilisations / 27-Autres immobilisations financières / 276-Autres créances immobilisées,,,,2-Comptes d'immobilisations / 27-Autres immobilisations financières / 276-Autres créances immobilisées / 2768-Intérêts courus,
27682,Intérêts courus sur titres immobilisés (droit de créance),asset,unspecified,debit,0,,2-Comptes d'immobilisations / 27-Autres immobilisations financières / 276-Autres créances immobilisées / 2768-Intérêts courus,,,,2-Comptes d'immobilisations / 27-Autres immobilisations financières / 276-Autres créances immobilisées / 2768-Intérêts courus / Intérêts courus sur titres immobilisés (droit de créance),
27684,Intérêts courus sur prêts,asset,unspecified,debit,0,,2-Comptes d'immobilisations / 27-Autres immobilisations financières / 276-Autres créances immobilisées / 2768-Intérêts courus,,,,2-Comptes d'immobilisations / 27-Autres immobilisations financières / 276-Autres créances immobilisées / 2768-Intérêts courus / Intérêts courus sur prêts,
27685,Intérêts courus sur dépôts et cautionnements,asset,unspecified,debit,0,,2-Comptes d'immobilisations / 27-Autres immobilisations financières / 276-Autres créances immobilisées / 2768-Intérêts courus,,,,2-Comptes d'immobilisations / 27-Autres immobilisations financières / 276-Autres créances immobilisées / 2768-Intérêts courus / Intérêts courus sur dépôts et cautionnements,
27688,Intérêts courus sur créances diverses,asset,unspecified,debit,0,,2-Comptes d'immobilisations / 27-Autres immobilisations financières / 276-Autres créances immobilisées / 2768-Intérêts courus,,,,2-Comptes d'immobilisations / 27-Autres immobilisations financières / 276-Autres créances immobilisées / 2768-Intérêts courus / Intérêts courus sur créances diverses,
,277-(Actions propres ou parts propres),asset,group,debit,1,,2-Comptes d'immobilisations / 27-Autres immobilisations financières,,,,2-Comptes d'immobilisations / 27-Autres immobilisations financières / 277-(Actions propres ou parts propres),
2771,Actions propres ou parts propres,asset,unspecified,debit,0,,2-Comptes d'immobilisations / 27-Autres immobilisations financières / 277-(Actions propres ou parts propres),,,,2-Comptes d'immobilisations / 27-Autres immobilisations financières / 277-(Actions propres ou parts propres) / Actions propres ou parts propres,
2772,Actions propres ou parts propres en voie d'annulation,asset,unspecified,debit,0,,2-Comptes d'immobilisations / 27-Autres immobilisations financières / 277-(Actions propres ou parts propres),,,,2-Comptes d'immobilisations / 27-Autres immobilisations financières / 277-(Actions propres ou parts propres) / Actions propres ou parts propres en voie d'annulation,
278,Mali de fusion sur actifs financiers,asset,unspecified,debit,0,,2-Comptes d'immobilisations / 27-Autres immobilisations financières,,,,2-Comptes d'immobilisations / 27-Autres immobilisations financières / Mali de fusion sur actifs financiers,
279,Versements restant à effectuer sur titres immobilisés non libérés,asset,unspecified,debit,0,,2-Comptes d'immobilisations / 27-Autres immobilisations financières,,,,2-Comptes d'immobilisations / 27-Autres immobilisations financières / Versements restant à effectuer sur titres immobilisés non libérés,
,28-Amortissements des immobilisations,asset,accumulated_depreciation,credit,1,,2-Comptes d'immobilisations,Accumulated Depreciation,,,2-Comptes d'immobilisations / 28-Amortissements des immobilisations,contra
,280-Amortissements des immobilisations incorporelles et des frais d'établissement (même ventilation que celle du compte 20),asset,accumulated_depreciation,credit,1,,2-Comptes d'immobilisations / 28-Amortissements des immobilisations,Accumulated Depreciation,,,2-Comptes d'immobilisations / 28-Amortissements des immobilisations / 280-Amortissements des immobilisations incorporelles et des frais d'établissement (même ventilation que celle du compte 20),contra
2801,Frais d'établissement (même ventilation que celle du compte 201),asset,accumulated_depreciation,credit,0,,2-Comptes d'immobilisations / 28-Amortissements des immobilisations / 280-Amortissements des immobilisations incorporelles et des frais d'établissement (même ventilation que celle du compte 20),Accumulated Depreciation,,,2-Comptes d'immobilisations / 28-Amortissements des immobilisations / 280-Amortissements des immobilisations incorporelles et des frais d'établissement (même ventilation que celle du compte 20) / Frais d'établissement (même ventilation que celle du compte 201),contra
2803,Frais de développement,asset,accumulated_depreciation,credit,0,,2-Comptes d'immobilisations / 28-Amortissements des immobilisations / 280-Amortissements des immobilisations incorporelles et des frais d'établissement (même ventilation que celle du compte 20),Accumulated Depreciation,,,2-Comptes d'immobilisations / 28-Amortissements des immobilisations / 280-Amortissements des immobilisations incorporelles et des frais d'établissement (même ventilation que celle du compte 20) / Frais de développement,contra
2805,"Concessions et droits similaires, brevets, licences, solutions informatiques, droits et valeurs similaires",asset,accumulated_depreciation,credit,0,,2-Comptes d'immobilisations / 28-Amortissements des immobilisations / 280-Amortissements des immobilisations incorporelles et des frais d'établissement (même ventilation que celle du compte 20),Accumulated Depreciation,,,"2-Comptes d'immobilisations / 28-Amortissements des immobilisations / 280-Amortissements des immobilisations incorporelles et des frais d'établissement (même ventilation que celle du compte 20) / Concessions et droits similaires, brevets, licences, solutions informatiques, droits et valeurs similaires",contra
2806,Droit au bail,asset,accumulated_depreciation,credit,0,,2-Comptes d'immobilisations / 28-Amortissements des immobilisations / 280-Amortissements des immobilisations incorporelles et des frais d'établissement (même ventilation que celle du compte 20),Accumulated Depreciation,,,2-Comptes d'immobilisations / 28-Amortissements des immobilisations / 280-Amortissements des immobilisations incorporelles et des frais d'établissement (même ventilation que celle du compte 20) / Droit au bail,contra
2807,Fonds commercial,asset,accumulated_depreciation,credit,0,,2-Comptes d'immobilisations / 28-Amortissements des immobilisations / 280-Amortissements des immobilisations incorporelles et des frais d'établissement (même ventilation que celle du compte 20),Accumulated Depreciation,,,2-Comptes d'immobilisations / 28-Amortissements des immobilisations / 280-Amortissements des immobilisations incorporelles et des frais d'établissement (même ventilation que celle du compte 20) / Fonds commercial,contra
2808,Autres immobilisations incorporelles,asset,accumulated_depreciation,credit,0,,2-Comptes d'immobilisations / 28-Amortissements des immobilisations / 280-Amortissements des immobilisations incorporelles et des frais d'établissement (même ventilation que celle du compte 20),Accumulated Depreciation,,,2-Comptes d'immobilisations / 28-Amortissements des immobilisations / 280-Amortissements des immobilisations incorporelles et des frais d'établissement (même ventilation que celle du compte 20) / Autres immobilisations incorporelles,contra
,281-Amortissements des immobilisations corporelles (même ventilation que celle du compte 21),asset,accumulated_depreciation,credit,1,,2-Comptes d'immobilisations / 28-Amortissements des immobilisations,Accumulated Depreciation,,,2-Comptes d'immobilisations / 28-Amortissements des immobilisations / 281-Amortissements des immobilisations corporelles (même ventilation que celle du compte 21),contra
2812,"Agencements, aménagements de terrains (même ventilation que celle du compte 212)",asset,accumulated_depreciation,credit,0,,2-Comptes d'immobilisations / 28-Amortissements des immobilisations / 281-Amortissements des immobilisations corporelles (même ventilation que celle du compte 21),Accumulated Depreciation,,,"2-Comptes d'immobilisations / 28-Amortissements des immobilisations / 281-Amortissements des immobilisations corporelles (même ventilation que celle du compte 21) / Agencements, aménagements de terrains (même ventilation que celle du compte 212)",contra
2813,Constructions (même ventilation que celle du compte 213),asset,accumulated_depreciation,credit,0,,2-Comptes d'immobilisations / 28-Amortissements des immobilisations / 281-Amortissements des immobilisations corporelles (même ventilation que celle du compte 21),Accumulated Depreciation,,,2-Comptes d'immobilisations / 28-Amortissements des immobilisations / 281-Amortissements des immobilisations corporelles (même ventilation que celle du compte 21) / Constructions (même ventilation que celle du compte 213),contra
2814,Constructions sur sol d'autrui (même ventilation que celle du compte 214),asset,accumulated_depreciation,credit,0,,2-Comptes d'immobilisations / 28-Amortissements des immobilisations / 281-Amortissements des immobilisations corporelles (même ventilation que celle du compte 21),Accumulated Depreciation,,,2-Comptes d'immobilisations / 28-Amortissements des immobilisations / 281-Amortissements des immobilisations corporelles (même ventilation que celle du compte 21) / Constructions sur sol d'autrui (même ventilation que celle du compte 214),contra
2815,"Installations, matériel et outillage industriels (même ventilation que celle du compte 215)",asset,accumulated_depreciation,credit,0,,2-Comptes d'immobilisations / 28-Amortissements des immobilisations / 281-Amortissements des immobilisations corporelles (même ventilation que celle du compte 21),Accumulated Depreciation,,,"2-Comptes d'immobilisations / 28-Amortissements des immobilisations / 281-Amortissements des immobilisations corporelles (même ventilation que celle du compte 21) / Installations, matériel et outillage industriels (même ventilation que celle du compte 215)",contra
,2818-Autres immobilisations corporelles (même ventilation que celle du compte 218),asset,accumulated_depreciation,credit,1,,2-Comptes d'immobilisations / 28-Amortissements des immobilisations / 281-Amortissements des immobilisations corporelles (même ventilation que celle du compte 21),Accumulated Depreciation,,,2-Comptes d'immobilisations / 28-Amortissements des immobilisations / 281-Amortissements des immobilisations corporelles (même ventilation que celle du compte 21) / 2818-Autres immobilisations corporelles (même ventilation que celle du compte 218),contra
28187,Amortissement du mali de fusion sur actifs corporels,asset,accumulated_depreciation,credit,0,,2-Comptes d'immobilisations / 28-Amortissements des immobilisations / 281-Amortissements des immobilisations corporelles (même ventilation que celle du compte 21) / 2818-Autres immobilisations corporelles (même ventilation que celle du compte 218),Accumulated Depreciation,,,2-Comptes d'immobilisations / 28-Amortissements des immobilisations / 281-Amortissements des immobilisations corporelles (même ventilation que celle du compte 21) / 2818-Autres immobilisations corporelles (même ventilation que celle du compte 218) / Amortissement du mali de fusion sur actifs corporels,contra
282,Amortissements des immobilisations mises en concession,asset,accumulated_depreciation,credit,0,,2-Comptes d'immobilisations / 28-Amortissements des immobilisations,Accumulated Depreciation,,,2-Comptes d'immobilisations / 28-Amortissements des immobilisations / Amortissements des immobilisations mises en concession,contra
,29-Dépréciations des immobilisations,asset,group,debit,1,,2-Comptes d'immobilisations,,,,2-Comptes d'immobilisations / 29-Dépréciations des immobilisations,
,290-Dépréciations des immobilisations incorporelles,asset,group,debit,1,,2-Comptes d'immobilisations / 29-Dépréciations des immobilisations,,,,2-Comptes d'immobilisations / 29-Dépréciations des immobilisations / 290-Dépréciations des immobilisations incorporelles,
2901,Frais d'établissement,asset,unspecified,debit,0,,2-Comptes d'immobilisations / 29-Dépréciations des immobilisations / 290-Dépréciations des immobilisations incorporelles,,,,2-Comptes d'immobilisations / 29-Dépréciations des immobilisations / 290-Dépréciations des immobilisations incorporelles / Frais d'établissement,
2903,Frais de développement,asset,unspecified,debit,0,,2-Comptes d'immobilisations / 29-Dépréciations des immobilisations / 290-Dépréciations des immobilisations incorporelles,,,,2-Comptes d'immobilisations / 29-Dépréciations des immobilisations / 290-Dépréciations des immobilisations incorporelles / Frais de développement,
2905,"Marques, procédés, droits et valeurs similaires",asset,unspecified,debit,0,,2-Comptes d'immobilisations / 29-Dépréciations des immobilisations / 290-Dépréciations des immobilisations incorporelles,,,,"2-Comptes d'immobilisations / 29-Dépréciations des immobilisations / 290-Dépréciations des immobilisations incorporelles / Marques, procédés, droits et valeurs similaires",
2906,Droit au bail,asset,unspecified,debit,0,,2-Comptes d'immobilisations / 29-Dépréciations des immobilisations / 290-Dépréciations des immobilisations incorporelles,,,,2-Comptes d'immobilisations / 29-Dépréciations des immobilisations / 290-Dépréciations des immobilisations incorporelles / Droit au bail,
2907,Fonds commercial,asset,unspecified,debit,0,,2-Comptes d'immobilisations / 29-Dépréciations des immobilisations / 290-Dépréciations des immobilisations incorporelles,,,,2-Comptes d'immobilisations / 29-Dépréciations des immobilisations / 290-Dépréciations des immobilisations incorporelles / Fonds commercial,
,2908-Autres immobilisations incorporelles,asset,group,debit,1,,2-Comptes d'immobilisations / 29-Dépréciations des immobilisations / 290-Dépréciations des immobilisations incorporelles,,,,2-Comptes d'immobilisations / 29-Dépréciations des immobilisations / 290-Dépréciations des immobilisations incorporelles / 2908-Autres immobilisations incorporelles,
29081,Dépréciation du mali de fusion sur actifs incorporels,asset,unspecified,debit,0,,2-Comptes d'immobilisations / 29-Dépréciations des immobilisations / 290-Dépréciations des immobilisations incorporelles / 2908-Autres immobilisations incorporelles,,,,2-Comptes d'immobilisations / 29-Dépréciations des immobilisations / 290-Dépréciations des immobilisations incorporelles / 2908-Autres immobilisations incorporelles / Dépréciation du mali de fusion sur actifs incorporels,
,291-Dépréciations des immobilisations corporelles,asset,group,debit,1,,2-Comptes d'immobilisations / 29-Dépréciations des immobilisations,,,,2-Comptes d'immobilisations / 29-Dépréciations des immobilisations / 291-Dépréciations des immobilisations corporelles,
2911,Terrains,asset,unspecified,debit,0,,2-Comptes d'immobilisations / 29-Dépréciations des immobilisations / 291-Dépréciations des immobilisations corporelles,,,,2-Comptes d'immobilisations / 29-Dépréciations des immobilisations / 291-Dépréciations des immobilisations corporelles / Terrains,
2912,Agencements et aménagements de terrains,asset,unspecified,debit,0,,2-Comptes d'immobilisations / 29-Dépréciations des immobilisations / 291-Dépréciations des immobilisations corporelles,,,,2-Comptes d'immobilisations / 29-Dépréciations des immobilisations / 291-Dépréciations des immobilisations corporelles / Agencements et aménagements de terrains,
2913,Constructions,asset,unspecified,debit,0,,2-Comptes d'immobilisations / 29-Dépréciations des immobilisations / 291-Dépréciations des immobilisations corporelles,,,,2-Comptes d'immobilisations / 29-Dépréciations des immobilisations / 291-Dépréciations des immobilisations corporelles / Constructions,
2914,Constructions sur sol d'autrui,asset,unspecified,debit,0,,2-Comptes d'immobilisations / 29-Dépréciations des immobilisations / 291-Dépréciations des immobilisations corporelles,,,,2-Comptes d'immobilisations / 29-Dépréciations des immobilisations / 291-Dépréciations des immobilisations corporelles / Constructions sur sol d'autrui,
2915,"Installations techniques, matériels et outillages industriels",asset,unspecified,debit,0,,2-Comptes d'immobilisations / 29-Dépréciations des immobilisations / 291-Dépréciations des immobilisations corporelles,,,,"2-Comptes d'immobilisations / 29-Dépréciations des immobilisations / 291-Dépréciations des immobilisations corporelles / Installations techniques, matériels et outillages industriels",
,2918-Autres immobilisations corporelles,asset,group,debit,1,,2-Comptes d'immobilisations / 29-Dépréciations des immobilisations / 291-Dépréciations des immobilisations corporelles,,,,2-Comptes d'immobilisations / 29-Dépréciations des immobilisations / 291-Dépréciations des immobilisations corporelles / 2918-Autres immobilisations corporelles,
29187,Dépréciation du mali de fusion sur actifs corporels,asset,unspecified,debit,0,,2-Comptes d'immobilisations / 29-Dépréciations des immobilisations / 291-Dépréciations des immobilisations corporelles / 2918-Autres immobilisations corporelles,,,,2-Comptes d'immobilisations / 29-Dépréciations des immobilisations / 291-Dépréciations des immobilisations corporelles / 2918-Autres immobilisations corporelles / Dépréciation du mali de fusion sur actifs corporels,
292,Dépréciations des immobilisations mises en concession,asset,unspecified,debit,0,,2-Comptes d'immobilisations / 29-Dépréciations des immobilisations,,,,2-Comptes d'immobilisations / 29-Dépréciations des immobilisations / Dépréciations des immobilisations mises en concession,
,293-Dépréciations des immobilisations en cours,asset,group,debit,1,,2-Comptes d'immobilisations / 29-Dépréciations des immobilisations,,,,2-Comptes d'immobilisations / 29-Dépréciations des immobilisations / 293-Dépréciations des immobilisations en cours,
2931,Immobilisations corporelles en cours,asset,unspecified,debit,0,,2-Comptes d'immobilisations / 29-Dépréciations des immobilisations / 293-Dépréciations des immobilisations en cours,,,,2-Comptes d'immobilisations / 29-Dépréciations des immobilisations / 293-Dépréciations des immobilisations en cours / Immobilisations corporelles en cours,
2932,Immobilisations incorporelles en cours,asset,unspecified,debit,0,,2-Comptes d'immobilisations / 29-Dépréciations des immobilisations / 293-Dépréciations des immobilisations en cours,,,,2-Comptes d'immobilisations / 29-Dépréciations des immobilisations / 293-Dépréciations des immobilisations en cours / Immobilisations incorporelles en cours,
,296-Dépréciations des participations et créances rattachées à des participations,asset,group,debit,1,,2-Comptes d'immobilisations / 29-Dépréciations des immobilisations,,,,2-Comptes d'immobilisations / 29-Dépréciations des immobilisations / 296-Dépréciations des participations et créances rattachées à des participations,
2961,Titres de participation,asset,unspecified,debit,0,,2-Comptes d'immobilisations / 29-Dépréciations des immobilisations / 296-Dépréciations des participations et créances rattachées à des participations,,,,2-Comptes d'immobilisations / 29-Dépréciations des immobilisations / 296-Dépréciations des participations et créances rattachées à des participations / Titres de participation,
2962,Titres évalués par équivalence,asset,unspecified,debit,0,,2-Comptes d'immobilisations / 29-Dépréciations des immobilisations / 296-Dépréciations des participations et créances rattachées à des participations,,,,2-Comptes d'immobilisations / 29-Dépréciations des immobilisations / 296-Dépréciations des participations et créances rattachées à des participations / Titres évalués par équivalence,
2966,Autres formes de participation,asset,unspecified,debit,0,,2-Comptes d'immobilisations / 29-Dépréciations des immobilisations / 296-Dépréciations des participations et créances rattachées à des participations,,,,2-Comptes d'immobilisations / 29-Dépréciations des immobilisations / 296-Dépréciations des participations et créances rattachées à des participations / Autres formes de participation,
2967,Créances rattachées à des participations (même ventilation que celle du compte 267),asset,unspecified,debit,0,,2-Comptes d'immobilisations / 29-Dépréciations des immobilisations / 296-Dépréciations des participations et créances rattachées à des participations,,,,2-Comptes d'immobilisations / 29-Dépréciations des immobilisations / 296-Dépréciations des participations et créances rattachées à des participations / Créances rattachées à des participations (même ventilation que celle du compte 267),
2968,Créances rattachées à des sociétés en participation (même ventilation que celle du compte 268),asset,unspecified,debit,0,,2-Comptes d'immobilisations / 29-Dépréciations des immobilisations / 296-Dépréciations des participations et créances rattachées à des participations,,,,2-Comptes d'immobilisations / 29-Dépréciations des immobilisations / 296-Dépréciations des participations et créances rattachées à des participations / Créances rattachées à des sociétés en participation (même ventilation que celle du compte 268),
,297-Dépréciations des autres immobilisations financières,asset,group,debit,1,,2-Comptes d'immobilisations / 29-Dépréciations des immobilisations,,,,2-Comptes d'immobilisations / 29-Dépréciations des immobilisations / 297-Dépréciations des autres immobilisations financières,
2971,Titres immobilisés autres que les titres immobilisés de l'activité de portefeuille (droit de propriété),asset,unspecified,debit,0,,2-Comptes d'immobilisations / 29-Dépréciations des immobilisations / 297-Dépréciations des autres immobilisations financières,,,,2-Comptes d'immobilisations / 29-Dépréciations des immobilisations / 297-Dépréciations des autres immobilisations financières / Titres immobilisés autres que les titres immobilisés de l'activité de portefeuille (droit de propriété),
2972,Titres immobilisés (droit de créance),asset,unspecified,debit,0,,2-Comptes d'immobilisations / 29-Dépréciations des immobilisations / 297-Dépréciations des autres immobilisations financières,,,,2-Comptes d'immobilisations / 29-Dépréciations des immobilisations / 297-Dépréciations des autres immobilisations financières / Titres immobilisés (droit de créance),
2973,Titres immobilisés de l'activité de portefeuille,asset,unspecified,debit,0,,2-Comptes d'immobilisations / 29-Dépréciations des immobilisations / 297-Dépréciations des autres immobilisations financières,,,,2-Comptes d'immobilisations / 29-Dépréciations des immobilisations / 297-Dépréciations des autres immobilisations financières / Titres immobilisés de l'activité de portefeuille,
2974,Prêts,asset,unspecified,debit,0,,2-Comptes d'immobilisations / 29-Dépréciations des immobilisations / 297-Dépréciations des autres immobilisations financières,,,,2-Comptes d'immobilisations / 29-Dépréciations des immobilisations / 297-Dépréciations des autres immobilisations financières / Prêts,
2975,Dépôts et cautionnements versés,asset,unspecified,debit,0,,2-Comptes d'immobilisations / 29-Dépréciations des immobilisations / 297-Dépréciations des autres immobilisations financières,,,,2-Comptes d'immobilisations / 29-Dépréciations des immobilisations / 297-Dépréciations des autres immobilisations financières / Dépôts et cautionnements versés,
2976,Autres créances immobilisées,asset,unspecified,debit,0,,2-Comptes d'immobilisations / 29-Dépréciations des immobilisations / 297-Dépréciations des autres immobilisations financières,,,,2-Comptes d'immobilisations / 29-Dépréciations des immobilisations / 297-Dépréciations des autres immobilisations financières / Autres créances immobilisées,
,3-Comptes de stocks et en-cours,asset,group,debit,1,,,,,,3-Comptes de stocks et en-cours,
31,Matières premières et fournitures,asset,unspecified,debit,0,,3-Comptes de stocks et en-cours,,,,3-Comptes de stocks et en-cours / Matières premières et fournitures,
,32-Autres approvisionnements,asset,group,debit,1,,3-Comptes de stocks et en-cours,,,,3-Comptes de stocks et en-cours / 32-Autres approvisionnements,
321,Matières consommables,asset,unspecified,debit,0,,3-Comptes de stocks et en-cours / 32-Autres approvisionnements,,,,3-Comptes de stocks et en-cours / 32-Autres approvisionnements / Matières consommables,
,322-Fournitures consommables,asset,group,debit,1,,3-Comptes de stocks et en-cours / 32-Autres approvisionnements,,,,3-Comptes de stocks et en-cours / 32-Autres approvisionnements / 322-Fournitures consommables,
3221,Combustibles,asset,unspecified,debit,0,,3-Comptes de stocks et en-cours / 32-Autres approvisionnements / 322-Fournitures consommables,,,,3-Comptes de stocks et en-cours / 32-Autres approvisionnements / 322-Fournitures consommables / Combustibles,
3222,Produits d'entretien,asset,unspecified,debit,0,,3-Comptes de stocks et en-cours / 32-Autres approvisionnements / 322-Fournitures consommables,,,,3-Comptes de stocks et en-cours / 32-Autres approvisionnements / 322-Fournitures consommables / Produits d'entretien,
3223,Fournitures d'atelier et d'usine,asset,unspecified,debit,0,,3-Comptes de stocks et en-cours / 32-Autres approvisionnements / 322-Fournitures consommables,,,,3-Comptes de stocks et en-cours / 32-Autres approvisionnements / 322-Fournitures consommables / Fournitures d'atelier et d'usine,
3224,Fournitures de magasin,asset,unspecified,debit,0,,3-Comptes de stocks et en-cours / 32-Autres approvisionnements / 322-Fournitures consommables,,,,3-Comptes de stocks et en-cours / 32-Autres approvisionnements / 322-Fournitures consommables / Fournitures de magasin,
3225,Fournitures de bureau,asset,unspecified,debit,0,,3-Comptes de stocks et en-cours / 32-Autres approvisionnements / 322-Fournitures consommables,,,,3-Comptes de stocks et en-cours / 32-Autres approvisionnements / 322-Fournitures consommables / Fournitures de bureau,
,326-Emballages,asset,group,debit,1,,3-Comptes de stocks et en-cours / 32-Autres approvisionnements,,,,3-Comptes de stocks et en-cours / 32-Autres approvisionnements / 326-Emballages,
3261,Emballages perdus,asset,unspecified,debit,0,,3-Comptes de stocks et en-cours / 32-Autres approvisionnements / 326-Emballages,,,,3-Comptes de stocks et en-cours / 32-Autres approvisionnements / 326-Emballages / Emballages perdus,
3265,Emballages récupérables non identifiables,asset,unspecified,debit,0,,3-Comptes de stocks et en-cours / 32-Autres approvisionnements / 326-Emballages,,,,3-Comptes de stocks et en-cours / 32-Autres approvisionnements / 326-Emballages / Emballages récupérables non identifiables,
3267,Emballages à usage mixte,asset,unspecified,debit,0,,3-Comptes de stocks et en-cours / 32-Autres approvisionnements / 326-Emballages,,,,3-Comptes de stocks et en-cours / 32-Autres approvisionnements / 326-Emballages / Emballages à usage mixte,
,33-En-cours de production de biens,asset,group,debit,1,,3-Comptes de stocks et en-cours,,,,3-Comptes de stocks et en-cours / 33-En-cours de production de biens,
331,Produits en cours,asset,unspecified,debit,0,,3-Comptes de stocks et en-cours / 33-En-cours de production de biens,,,,3-Comptes de stocks et en-cours / 33-En-cours de production de biens / Produits en cours,
335,Travaux en cours,asset,unspecified,debit,0,,3-Comptes de stocks et en-cours / 33-En-cours de production de biens,,,,3-Comptes de stocks et en-cours / 33-En-cours de production de biens / Travaux en cours,
,34-En-cours de production de services,asset,group,debit,1,,3-Comptes de stocks et en-cours,,,,3-Comptes de stocks et en-cours / 34-En-cours de production de services,
341,Études en cours,asset,unspecified,debit,0,,3-Comptes de stocks et en-cours / 34-En-cours de production de services,,,,3-Comptes de stocks et en-cours / 34-En-cours de production de services / Études en cours,
345,Prestations de services en cours,asset,unspecified,debit,0,,3-Comptes de stocks et en-cours / 34-En-cours de production de services,,,,3-Comptes de stocks et en-cours / 34-En-cours de production de services / Prestations de services en cours,
,35-Stocks de produits,asset,group,debit,1,,3-Comptes de stocks et en-cours,,,,3-Comptes de stocks et en-cours / 35-Stocks de produits,
351,Produits intermédiaires,asset,unspecified,debit,0,,3-Comptes de stocks et en-cours / 35-Stocks de produits,,,,3-Comptes de stocks et en-cours / 35-Stocks de produits / Produits intermédiaires,
355,Produits finis,asset,unspecified,debit,0,,3-Comptes de stocks et en-cours / 35-Stocks de produits,,,,3-Comptes de stocks et en-cours / 35-Stocks de produits / Produits finis,
,358-Produits résiduels ou matières de récupération,asset,group,debit,1,,3-Comptes de stocks et en-cours / 35-Stocks de produits,,,,3-Comptes de stocks et en-cours / 35-Stocks de produits / 358-Produits résiduels ou matières de récupération,
3581,Déchets,asset,unspecified,debit,0,,3-Comptes de stocks et en-cours / 35-Stocks de produits / 358-Produits résiduels ou matières de récupération,,,,3-Comptes de stocks et en-cours / 35-Stocks de produits / 358-Produits résiduels ou matières de récupération / Déchets,
3585,Rebuts,asset,unspecified,debit,0,,3-Comptes de stocks et en-cours / 35-Stocks de produits / 358-Produits résiduels ou matières de récupération,,,,3-Comptes de stocks et en-cours / 35-Stocks de produits / 358-Produits résiduels ou matières de récupération / Rebuts,
3586,Matières de récupération,asset,unspecified,debit,0,,3-Comptes de stocks et en-cours / 35-Stocks de produits / 358-Produits résiduels ou matières de récupération,,,,3-Comptes de stocks et en-cours / 35-Stocks de produits / 358-Produits résiduels ou matières de récupération / Matières de récupération,
36,"Compte à ouvrir, le cas échéant, sous l'intitulé « Stocks provenant d'immobilisations »",asset,unspecified,debit,0,,3-Comptes de stocks et en-cours,,,,"3-Comptes de stocks et en-cours / Compte à ouvrir, le cas échéant, sous l'intitulé « Stocks provenant d'immobilisations »",
37,Stocks de marchandises,asset,inventory,debit,0,,3-Comptes de stocks et en-cours,Stock,,,3-Comptes de stocks et en-cours / Stocks de marchandises,
38,"Le compte 38 peut être utilisé pour comptabiliser les stocks en voie d'acheminement, mis en dépôt ou donnés en consignation",asset,unspecified,debit,0,,3-Comptes de stocks et en-cours,,,,"3-Comptes de stocks et en-cours / Le compte 38 peut être utilisé pour comptabiliser les stocks en voie d'acheminement, mis en dépôt ou donnés en consignation",
,39-Dépréciations des stocks et en-cours,asset,group,debit,1,,3-Comptes de stocks et en-cours,,,,3-Comptes de stocks et en-cours / 39-Dépréciations des stocks et en-cours,
391,Dépréciations des matières premières et fournitures,asset,unspecified,debit,0,,3-Comptes de stocks et en-cours / 39-Dépréciations des stocks et en-cours,,,,3-Comptes de stocks et en-cours / 39-Dépréciations des stocks et en-cours / Dépréciations des matières premières et fournitures,
392,Dépréciations des autres approvisionnements,asset,unspecified,debit,0,,3-Comptes de stocks et en-cours / 39-Dépréciations des stocks et en-cours,,,,3-Comptes de stocks et en-cours / 39-Dépréciations des stocks et en-cours / Dépréciations des autres approvisionnements,
393,Dépréciations des en-cours de production de biens,asset,unspecified,debit,0,,3-Comptes de stocks et en-cours / 39-Dépréciations des stocks et en-cours,,,,3-Comptes de stocks et en-cours / 39-Dépréciations des stocks et en-cours / Dépréciations des en-cours de production de biens,
394,Dépréciations des en-cours de production de services,asset,unspecified,debit,0,,3-Comptes de stocks et en-cours / 39-Dépréciations des stocks et en-cours,,,,3-Comptes de stocks et en-cours / 39-Dépréciations des stocks et en-cours / Dépréciations des en-cours de production de services,
395,Dépréciations des stocks de produits,asset,unspecified,debit,0,,3-Comptes de stocks et en-cours / 39-Dépréciations des stocks et en-cours,,,,3-Comptes de stocks et en-cours / 39-Dépréciations des stocks et en-cours / Dépréciations des stocks de produits,
397,Dépréciations des stocks de marchandises,asset,unspecified,debit,0,,3-Comptes de stocks et en-cours / 39-Dépréciations des stocks et en-cours,,,,3-Comptes de stocks et en-cours / 39-Dépréciations des stocks et en-cours / Dépréciations des stocks de marchandises,
,4-Comptes de tiers (ACTIF),asset,group,debit,1,,,,,,4-Comptes de tiers (ACTIF),
,Fournisseurs et comptes rattachés (ACTIF),asset,group,debit,1,,4-Comptes de tiers (ACTIF),,,,4-Comptes de tiers (ACTIF) / Fournisseurs et comptes rattachés (ACTIF),
,409-Fournisseurs débiteurs,asset,group,debit,1,,4-Comptes de tiers (ACTIF) / Fournisseurs et comptes rattachés (ACTIF),,,,4-Comptes de tiers (ACTIF) / Fournisseurs et comptes rattachés (ACTIF) / 409-Fournisseurs débiteurs,
4091,Fournisseurs - Avances et acomptes versés sur commandes,asset,unspecified,debit,0,,4-Comptes de tiers (ACTIF) / Fournisseurs et comptes rattachés (ACTIF) / 409-Fournisseurs débiteurs,,,,4-Comptes de tiers (ACTIF) / Fournisseurs et comptes rattachés (ACTIF) / 409-Fournisseurs débiteurs / Fournisseurs - Avances et acomptes versés sur commandes,
4096,Fournisseurs - Créances pour emballages et matériel à rendre,asset,unspecified,debit,0,,4-Comptes de tiers (ACTIF) / Fournisseurs et comptes rattachés (ACTIF) / 409-Fournisseurs débiteurs,,,,4-Comptes de tiers (ACTIF) / Fournisseurs et comptes rattachés (ACTIF) / 409-Fournisseurs débiteurs / Fournisseurs - Créances pour emballages et matériel à rendre,
,4097-Fournisseurs - Autres avoirs,asset,group,debit,1,,4-Comptes de tiers (ACTIF) / Fournisseurs et comptes rattachés (ACTIF) / 409-Fournisseurs débiteurs,,,,4-Comptes de tiers (ACTIF) / Fournisseurs et comptes rattachés (ACTIF) / 409-Fournisseurs débiteurs / 4097-Fournisseurs - Autres avoirs,
40971,Fournisseurs d'exploitation,asset,unspecified,debit,0,,4-Comptes de tiers (ACTIF) / Fournisseurs et comptes rattachés (ACTIF) / 409-Fournisseurs débiteurs / 4097-Fournisseurs - Autres avoirs,,,,4-Comptes de tiers (ACTIF) / Fournisseurs et comptes rattachés (ACTIF) / 409-Fournisseurs débiteurs / 4097-Fournisseurs - Autres avoirs / Fournisseurs d'exploitation,
40974,Fournisseurs d'immobilisations,asset,unspecified,debit,0,,4-Comptes de tiers (ACTIF) / Fournisseurs et comptes rattachés (ACTIF) / 409-Fournisseurs débiteurs / 4097-Fournisseurs - Autres avoirs,,,,4-Comptes de tiers (ACTIF) / Fournisseurs et comptes rattachés (ACTIF) / 409-Fournisseurs débiteurs / 4097-Fournisseurs - Autres avoirs / Fournisseurs d'immobilisations,
4098,"Rabais, remises, ristournes à obtenir et autres avoirs non encore reçus",asset,unspecified,debit,0,,4-Comptes de tiers (ACTIF) / Fournisseurs et comptes rattachés (ACTIF) / 409-Fournisseurs débiteurs,,,,"4-Comptes de tiers (ACTIF) / Fournisseurs et comptes rattachés (ACTIF) / 409-Fournisseurs débiteurs / Rabais, remises, ristournes à obtenir et autres avoirs non encore reçus",
,41-Clients et comptes rattachés (ACTIF),asset,receivable,debit,1,,4-Comptes de tiers (ACTIF),Receivable,,,4-Comptes de tiers (ACTIF) / 41-Clients et comptes rattachés (ACTIF),
,411-Clients,asset,receivable,debit,1,,4-Comptes de tiers (ACTIF) / 41-Clients et comptes rattachés (ACTIF),Receivable,,,4-Comptes de tiers (ACTIF) / 41-Clients et comptes rattachés (ACTIF) / 411-Clients,
4111,Clients - Ventes de biens ou de prestations de services,asset,receivable,debit,0,receivables,4-Comptes de tiers (ACTIF) / 41-Clients et comptes rattachés (ACTIF) / 411-Clients,Receivable,,,4-Comptes de tiers (ACTIF) / 41-Clients et comptes rattachés (ACTIF) / 411-Clients / Clients - Ventes de biens ou de prestations de services,
4117,Clients - Retenues de garantie,asset,receivable,debit,0,receivables,4-Comptes de tiers (ACTIF) / 41-Clients et comptes rattachés (ACTIF) / 411-Clients,Receivable,,,4-Comptes de tiers (ACTIF) / 41-Clients et comptes rattachés (ACTIF) / 411-Clients / Clients - Retenues de garantie,
413,Clients - Effets à recevoir,asset,receivable,debit,0,receivables,4-Comptes de tiers (ACTIF) / 41-Clients et comptes rattachés (ACTIF),Receivable,,,4-Comptes de tiers (ACTIF) / 41-Clients et comptes rattachés (ACTIF) / Clients - Effets à recevoir,
416,Clients douteux ou litigieux,asset,receivable,debit,0,receivables,4-Comptes de tiers (ACTIF) / 41-Clients et comptes rattachés (ACTIF),Receivable,,,4-Comptes de tiers (ACTIF) / 41-Clients et comptes rattachés (ACTIF) / Clients douteux ou litigieux,
,418-Clients - Produits non encore facturés,asset,receivable,debit,1,,4-Comptes de tiers (ACTIF) / 41-Clients et comptes rattachés (ACTIF),Receivable,,,4-Comptes de tiers (ACTIF) / 41-Clients et comptes rattachés (ACTIF) / 418-Clients - Produits non encore facturés,
4181,Clients - Factures à établir,asset,receivable,debit,0,receivables,4-Comptes de tiers (ACTIF) / 41-Clients et comptes rattachés (ACTIF) / 418-Clients - Produits non encore facturés,Receivable,,,4-Comptes de tiers (ACTIF) / 41-Clients et comptes rattachés (ACTIF) / 418-Clients - Produits non encore facturés / Clients - Factures à établir,
4188,Clients - Intérêts courus,asset,receivable,debit,0,receivables,4-Comptes de tiers (ACTIF) / 41-Clients et comptes rattachés (ACTIF) / 418-Clients - Produits non encore facturés,Receivable,,,4-Comptes de tiers (ACTIF) / 41-Clients et comptes rattachés (ACTIF) / 418-Clients - Produits non encore facturés / Clients - Intérêts courus,
,42-Personnel et comptes rattachés (ACTIF),asset,group,debit,1,,4-Comptes de tiers (ACTIF),,,,4-Comptes de tiers (ACTIF) / 42-Personnel et comptes rattachés (ACTIF),
425,Personnel - Avances et acomptes et autres comptes débiteurs,asset,unspecified,debit,0,,4-Comptes de tiers (ACTIF) / 42-Personnel et comptes rattachés (ACTIF),,,,4-Comptes de tiers (ACTIF) / 42-Personnel et comptes rattachés (ACTIF) / Personnel - Avances et acomptes et autres comptes débiteurs,
,44-État et autres collectivités publiques (ACTIF),asset,group,debit,1,,4-Comptes de tiers (ACTIF),,,,4-Comptes de tiers (ACTIF) / 44-État et autres collectivités publiques (ACTIF),
441,État - Subventions et aides à recevoir,asset,unspecified,debit,0,,4-Comptes de tiers (ACTIF) / 44-État et autres collectivités publiques (ACTIF),,,,4-Comptes de tiers (ACTIF) / 44-État et autres collectivités publiques (ACTIF) / État - Subventions et aides à recevoir,
,445-État - Taxes sur le chiffre d'affaires,asset,group,debit,1,,4-Comptes de tiers (ACTIF) / 44-État et autres collectivités publiques (ACTIF),,,,4-Comptes de tiers (ACTIF) / 44-État et autres collectivités publiques (ACTIF) / 445-État - Taxes sur le chiffre d'affaires,
4452,TVA due intracommunautaire,asset,tax,debit,0,,4-Comptes de tiers (ACTIF) / 44-État et autres collectivités publiques (ACTIF) / 445-État - Taxes sur le chiffre d'affaires,Tax,,,4-Comptes de tiers (ACTIF) / 44-État et autres collectivités publiques (ACTIF) / 445-État - Taxes sur le chiffre d'affaires / TVA due intracommunautaire,
44551,TVA à décaisser,asset,unspecified,debit,0,,4-Comptes de tiers (ACTIF) / 44-État et autres collectivités publiques (ACTIF) / 445-État - Taxes sur le chiffre d'affaires,,,,4-Comptes de tiers (ACTIF) / 44-État et autres collectivités publiques (ACTIF) / 445-État - Taxes sur le chiffre d'affaires / TVA à décaisser,
,4456-Taxes sur le chiffre d'affaires déductibles,asset,group,debit,1,,4-Comptes de tiers (ACTIF) / 44-État et autres collectivités publiques (ACTIF) / 445-État - Taxes sur le chiffre d'affaires,,,,4-Comptes de tiers (ACTIF) / 44-État et autres collectivités publiques (ACTIF) / 445-État - Taxes sur le chiffre d'affaires / 4456-Taxes sur le chiffre d'affaires déductibles,
44562,TVA sur immobilisations,asset,tax,debit,0,,4-Comptes de tiers (ACTIF) / 44-État et autres collectivités publiques (ACTIF) / 445-État - Taxes sur le chiffre d'affaires / 4456-Taxes sur le chiffre d'affaires déductibles,Tax,,,4-Comptes de tiers (ACTIF) / 44-État et autres collectivités publiques (ACTIF) / 445-État - Taxes sur le chiffre d'affaires / 4456-Taxes sur le chiffre d'affaires déductibles / TVA sur immobilisations,
44563,TVA transférée par d'autres entités,asset,tax,debit,0,,4-Comptes de tiers (ACTIF) / 44-État et autres collectivités publiques (ACTIF) / 445-État - Taxes sur le chiffre d'affaires / 4456-Taxes sur le chiffre d'affaires déductibles,Tax,,,4-Comptes de tiers (ACTIF) / 44-État et autres collectivités publiques (ACTIF) / 445-État - Taxes sur le chiffre d'affaires / 4456-Taxes sur le chiffre d'affaires déductibles / TVA transférée par d'autres entités,
44566,TVA sur autres biens et services,asset,tax,debit,0,,4-Comptes de tiers (ACTIF) / 44-État et autres collectivités publiques (ACTIF) / 445-État - Taxes sur le chiffre d'affaires / 4456-Taxes sur le chiffre d'affaires déductibles,Tax,,,4-Comptes de tiers (ACTIF) / 44-État et autres collectivités publiques (ACTIF) / 445-État - Taxes sur le chiffre d'affaires / 4456-Taxes sur le chiffre d'affaires déductibles / TVA sur autres biens et services,
44567,Crédit de TVA à reporter,asset,tax,debit,0,,4-Comptes de tiers (ACTIF) / 44-État et autres collectivités publiques (ACTIF) / 445-État - Taxes sur le chiffre d'affaires / 4456-Taxes sur le chiffre d'affaires déductibles,Tax,,,4-Comptes de tiers (ACTIF) / 44-État et autres collectivités publiques (ACTIF) / 445-État - Taxes sur le chiffre d'affaires / 4456-Taxes sur le chiffre d'affaires déductibles / Crédit de TVA à reporter,
44568,Taxes assimilées à la TVA,asset,tax,debit,0,,4-Comptes de tiers (ACTIF) / 44-État et autres collectivités publiques (ACTIF) / 445-État - Taxes sur le chiffre d'affaires / 4456-Taxes sur le chiffre d'affaires déductibles,Tax,,,4-Comptes de tiers (ACTIF) / 44-État et autres collectivités publiques (ACTIF) / 445-État - Taxes sur le chiffre d'affaires / 4456-Taxes sur le chiffre d'affaires déductibles / Taxes assimilées à la TVA,
445620,TVA 20% Déductible,asset,tax,debit,0,,4-Comptes de tiers (ACTIF) / 44-État et autres collectivités publiques (ACTIF) / 445-État - Taxes sur le chiffre d'affaires / 4456-Taxes sur le chiffre d'affaires déductibles,Tax,,,4-Comptes de tiers (ACTIF) / 44-État et autres collectivités publiques (ACTIF) / 445-État - Taxes sur le chiffre d'affaires / 4456-Taxes sur le chiffre d'affaires déductibles / TVA 20% Déductible,
445610,TVA 10% Déductible,asset,tax,debit,0,,4-Comptes de tiers (ACTIF) / 44-État et autres collectivités publiques (ACTIF) / 445-État - Taxes sur le chiffre d'affaires / 4456-Taxes sur le chiffre d'affaires déductibles,Tax,,,4-Comptes de tiers (ACTIF) / 44-État et autres collectivités publiques (ACTIF) / 445-État - Taxes sur le chiffre d'affaires / 4456-Taxes sur le chiffre d'affaires déductibles / TVA 10% Déductible,
445655,TVA 5.5% Déductible,asset,tax,debit,0,,4-Comptes de tiers (ACTIF) / 44-État et autres collectivités publiques (ACTIF) / 445-État - Taxes sur le chiffre d'affaires / 4456-Taxes sur le chiffre d'affaires déductibles,Tax,,,4-Comptes de tiers (ACTIF) / 44-État et autres collectivités publiques (ACTIF) / 445-État - Taxes sur le chiffre d'affaires / 4456-Taxes sur le chiffre d'affaires déductibles / TVA 5.5% Déductible,
445621,TVA 2.1% Déductible,asset,tax,debit,0,,4-Comptes de tiers (ACTIF) / 44-État et autres collectivités publiques (ACTIF) / 445-État - Taxes sur le chiffre d'affaires / 4456-Taxes sur le chiffre d'affaires déductibles,Tax,,,4-Comptes de tiers (ACTIF) / 44-État et autres collectivités publiques (ACTIF) / 445-État - Taxes sur le chiffre d'affaires / 4456-Taxes sur le chiffre d'affaires déductibles / TVA 2.1% Déductible,
,4458-Taxes sur le chiffre d'affaires à régulariser ou en attente,asset,group,debit,1,,4-Comptes de tiers (ACTIF) / 44-État et autres collectivités publiques (ACTIF) / 445-État - Taxes sur le chiffre d'affaires,,,,4-Comptes de tiers (ACTIF) / 44-État et autres collectivités publiques (ACTIF) / 445-État - Taxes sur le chiffre d'affaires / 4458-Taxes sur le chiffre d'affaires à régulariser ou en attente,
44581,Acomptes - Régime simplifié d'imposition,asset,unspecified,debit,0,,4-Comptes de tiers (ACTIF) / 44-État et autres collectivités publiques (ACTIF) / 445-État - Taxes sur le chiffre d'affaires / 4458-Taxes sur le chiffre d'affaires à régulariser ou en attente,,,,4-Comptes de tiers (ACTIF) / 44-État et autres collectivités publiques (ACTIF) / 445-État - Taxes sur le chiffre d'affaires / 4458-Taxes sur le chiffre d'affaires à régulariser ou en attente / Acomptes - Régime simplifié d'imposition,
44583,Remboursement de taxes sur le chiffre d'affaires demandé,asset,unspecified,debit,0,,4-Comptes de tiers (ACTIF) / 44-État et autres collectivités publiques (ACTIF) / 445-État - Taxes sur le chiffre d'affaires / 4458-Taxes sur le chiffre d'affaires à régulariser ou en attente,,,,4-Comptes de tiers (ACTIF) / 44-État et autres collectivités publiques (ACTIF) / 445-État - Taxes sur le chiffre d'affaires / 4458-Taxes sur le chiffre d'affaires à régulariser ou en attente / Remboursement de taxes sur le chiffre d'affaires demandé,
44586,Taxes sur le chiffre d'affaires sur factures non parvenues,asset,unspecified,debit,0,,4-Comptes de tiers (ACTIF) / 44-État et autres collectivités publiques (ACTIF) / 445-État - Taxes sur le chiffre d'affaires / 4458-Taxes sur le chiffre d'affaires à régulariser ou en attente,,,,4-Comptes de tiers (ACTIF) / 44-État et autres collectivités publiques (ACTIF) / 445-État - Taxes sur le chiffre d'affaires / 4458-Taxes sur le chiffre d'affaires à régulariser ou en attente / Taxes sur le chiffre d'affaires sur factures non parvenues,
,448-État - Charges à payer et produits à recevoir,asset,group,debit,1,,4-Comptes de tiers (ACTIF) / 44-État et autres collectivités publiques (ACTIF),,,,4-Comptes de tiers (ACTIF) / 44-État et autres collectivités publiques (ACTIF) / 448-État - Charges à payer et produits à recevoir,
4482,État - Produits à recevoir,asset,unspecified,debit,0,,4-Comptes de tiers (ACTIF) / 44-État et autres collectivités publiques (ACTIF) / 448-État - Charges à payer et produits à recevoir,,,,4-Comptes de tiers (ACTIF) / 44-État et autres collectivités publiques (ACTIF) / 448-État - Charges à payer et produits à recevoir / État - Produits à recevoir,
,45-Groupe et associés (ACTIF),asset,group,debit,1,,4-Comptes de tiers (ACTIF),,,,4-Comptes de tiers (ACTIF) / 45-Groupe et associés (ACTIF),
,456-Associés - Opérations sur le capital,asset,group,debit,1,,4-Comptes de tiers (ACTIF) / 45-Groupe et associés (ACTIF),,,,4-Comptes de tiers (ACTIF) / 45-Groupe et associés (ACTIF) / 456-Associés - Opérations sur le capital,
,"4562-Apporteurs - Capital appelé, non versé",asset,group,debit,1,,4-Comptes de tiers (ACTIF) / 45-Groupe et associés (ACTIF) / 456-Associés - Opérations sur le capital,,,,"4-Comptes de tiers (ACTIF) / 45-Groupe et associés (ACTIF) / 456-Associés - Opérations sur le capital / 4562-Apporteurs - Capital appelé, non versé",
45621,"Actionnaires - Capital souscrit et appelé, non versé",asset,unspecified,debit,0,,"4-Comptes de tiers (ACTIF) / 45-Groupe et associés (ACTIF) / 456-Associés - Opérations sur le capital / 4562-Apporteurs - Capital appelé, non versé",,,,"4-Comptes de tiers (ACTIF) / 45-Groupe et associés (ACTIF) / 456-Associés - Opérations sur le capital / 4562-Apporteurs - Capital appelé, non versé / Actionnaires - Capital souscrit et appelé, non versé",
45625,"Associés - Capital appelé, non versé",asset,unspecified,debit,0,,"4-Comptes de tiers (ACTIF) / 45-Groupe et associés (ACTIF) / 456-Associés - Opérations sur le capital / 4562-Apporteurs - Capital appelé, non versé",,,,"4-Comptes de tiers (ACTIF) / 45-Groupe et associés (ACTIF) / 456-Associés - Opérations sur le capital / 4562-Apporteurs - Capital appelé, non versé / Associés - Capital appelé, non versé",
,46-Débiteurs divers et créditeurs divers (ACTIF),asset,group,debit,1,,4-Comptes de tiers (ACTIF),,,,4-Comptes de tiers (ACTIF) / 46-Débiteurs divers et créditeurs divers (ACTIF),
462,Créances sur cessions d'immobilisations,asset,unspecified,debit,0,,4-Comptes de tiers (ACTIF) / 46-Débiteurs divers et créditeurs divers (ACTIF),,,,4-Comptes de tiers (ACTIF) / 46-Débiteurs divers et créditeurs divers (ACTIF) / Créances sur cessions d'immobilisations,
465,Créances sur cessions de valeurs mobilières de placement,asset,unspecified,debit,0,,4-Comptes de tiers (ACTIF) / 46-Débiteurs divers et créditeurs divers (ACTIF),,,,4-Comptes de tiers (ACTIF) / 46-Débiteurs divers et créditeurs divers (ACTIF) / Créances sur cessions de valeurs mobilières de placement,
467,Divers comptes débiteurs et produits à recevoir,asset,unspecified,debit,0,,4-Comptes de tiers (ACTIF) / 46-Débiteurs divers et créditeurs divers (ACTIF),,,,4-Comptes de tiers (ACTIF) / 46-Débiteurs divers et créditeurs divers (ACTIF) / Divers comptes débiteurs et produits à recevoir,
,47-Comptes transitoires ou d'attente (ACTIF),asset,group,debit,1,,4-Comptes de tiers (ACTIF),,,,4-Comptes de tiers (ACTIF) / 47-Comptes transitoires ou d'attente (ACTIF),
,476-Différence de conversion - Actif,asset,group,debit,1,,4-Comptes de tiers (ACTIF) / 47-Comptes transitoires ou d'attente (ACTIF),,,,4-Comptes de tiers (ACTIF) / 47-Comptes transitoires ou d'attente (ACTIF) / 476-Différence de conversion - Actif,
4761,Diminution des créances,asset,unspecified,debit,0,,4-Comptes de tiers (ACTIF) / 47-Comptes transitoires ou d'attente (ACTIF) / 476-Différence de conversion - Actif,,,,4-Comptes de tiers (ACTIF) / 47-Comptes transitoires ou d'attente (ACTIF) / 476-Différence de conversion - Actif / Diminution des créances,
4762,Augmentation des dettes,asset,unspecified,debit,0,,4-Comptes de tiers (ACTIF) / 47-Comptes transitoires ou d'attente (ACTIF) / 476-Différence de conversion - Actif,,,,4-Comptes de tiers (ACTIF) / 47-Comptes transitoires ou d'attente (ACTIF) / 476-Différence de conversion - Actif / Augmentation des dettes,
4768,Différences compensées par couverture de change,asset,unspecified,debit,0,,4-Comptes de tiers (ACTIF) / 47-Comptes transitoires ou d'attente (ACTIF) / 476-Différence de conversion - Actif,,,,4-Comptes de tiers (ACTIF) / 47-Comptes transitoires ou d'attente (ACTIF) / 476-Différence de conversion - Actif / Différences compensées par couverture de change,
,478-Autres comptes transitoires,asset,group,debit,1,,4-Comptes de tiers (ACTIF) / 47-Comptes transitoires ou d'attente (ACTIF),,,,4-Comptes de tiers (ACTIF) / 47-Comptes transitoires ou d'attente (ACTIF) / 478-Autres comptes transitoires,
4781,Mali de fusion sur actif circulant,asset,unspecified,debit,0,,4-Comptes de tiers (ACTIF) / 47-Comptes transitoires ou d'attente (ACTIF) / 478-Autres comptes transitoires,,,,4-Comptes de tiers (ACTIF) / 47-Comptes transitoires ou d'attente (ACTIF) / 478-Autres comptes transitoires / Mali de fusion sur actif circulant,
,48-Comptes de régularisation (ACTIF),asset,group,debit,1,,4-Comptes de tiers (ACTIF),,,,4-Comptes de tiers (ACTIF) / 48-Comptes de régularisation (ACTIF),
481,Frais d'émission des emprunts,asset,unspecified,debit,0,,4-Comptes de tiers (ACTIF) / 48-Comptes de régularisation (ACTIF),,,,4-Comptes de tiers (ACTIF) / 48-Comptes de régularisation (ACTIF) / Frais d'émission des emprunts,
486,Charges constatées d'avance,asset,unspecified,debit,0,,4-Comptes de tiers (ACTIF) / 48-Comptes de régularisation (ACTIF),,,,4-Comptes de tiers (ACTIF) / 48-Comptes de régularisation (ACTIF) / Charges constatées d'avance,
,488-Comptes de répartition périodique des charges et des produits,asset,group,debit,1,,4-Comptes de tiers (ACTIF) / 48-Comptes de régularisation (ACTIF),,,,4-Comptes de tiers (ACTIF) / 48-Comptes de régularisation (ACTIF) / 488-Comptes de répartition périodique des charges et des produits,
4886,Charges,asset,unspecified,debit,0,,4-Comptes de tiers (ACTIF) / 48-Comptes de régularisation (ACTIF) / 488-Comptes de répartition périodique des charges et des produits,,,,4-Comptes de tiers (ACTIF) / 48-Comptes de régularisation (ACTIF) / 488-Comptes de répartition périodique des charges et des produits / Charges,
,49-Dépréciations des comptes de tiers (ACTIF),asset,group,debit,1,,4-Comptes de tiers (ACTIF),,,,4-Comptes de tiers (ACTIF) / 49-Dépréciations des comptes de tiers (ACTIF),
,495-Dépréciations des comptes du groupe et des associés,asset,group,debit,1,,4-Comptes de tiers (ACTIF) / 49-Dépréciations des comptes de tiers (ACTIF),,,,4-Comptes de tiers (ACTIF) / 49-Dépréciations des comptes de tiers (ACTIF) / 495-Dépréciations des comptes du groupe et des associés,
4951,Comptes du groupe,asset,unspecified,debit,0,,4-Comptes de tiers (ACTIF) / 49-Dépréciations des comptes de tiers (ACTIF) / 495-Dépréciations des comptes du groupe et des associés,,,,4-Comptes de tiers (ACTIF) / 49-Dépréciations des comptes de tiers (ACTIF) / 495-Dépréciations des comptes du groupe et des associés / Comptes du groupe,
4955,Comptes courants des associés,asset,unspecified,debit,0,,4-Comptes de tiers (ACTIF) / 49-Dépréciations des comptes de tiers (ACTIF) / 495-Dépréciations des comptes du groupe et des associés,,,,4-Comptes de tiers (ACTIF) / 49-Dépréciations des comptes de tiers (ACTIF) / 495-Dépréciations des comptes du groupe et des associés / Comptes courants des associés,
4958,Opérations faites en commun et en GIE,asset,unspecified,debit,0,,4-Comptes de tiers (ACTIF) / 49-Dépréciations des comptes de tiers (ACTIF) / 495-Dépréciations des comptes du groupe et des associés,,,,4-Comptes de tiers (ACTIF) / 49-Dépréciations des comptes de tiers (ACTIF) / 495-Dépréciations des comptes du groupe et des associés / Opérations faites en commun et en GIE,
,496-Dépréciations des comptes de débiteurs divers,asset,group,debit,1,,4-Comptes de tiers (ACTIF) / 49-Dépréciations des comptes de tiers (ACTIF),,,,4-Comptes de tiers (ACTIF) / 49-Dépréciations des comptes de tiers (ACTIF) / 496-Dépréciations des comptes de débiteurs divers,
4962,Créances sur cessions d'immobilisations,asset,unspecified,debit,0,,4-Comptes de tiers (ACTIF) / 49-Dépréciations des comptes de tiers (ACTIF) / 496-Dépréciations des comptes de débiteurs divers,,,,4-Comptes de tiers (ACTIF) / 49-Dépréciations des comptes de tiers (ACTIF) / 496-Dépréciations des comptes de débiteurs divers / Créances sur cessions d'immobilisations,
4965,Créances sur cessions de valeurs mobilières de placement,asset,unspecified,debit,0,,4-Comptes de tiers (ACTIF) / 49-Dépréciations des comptes de tiers (ACTIF) / 496-Dépréciations des comptes de débiteurs divers,,,,4-Comptes de tiers (ACTIF) / 49-Dépréciations des comptes de tiers (ACTIF) / 496-Dépréciations des comptes de débiteurs divers / Créances sur cessions de valeurs mobilières de placement,
4967,Autres comptes débiteurs,asset,unspecified,debit,0,,4-Comptes de tiers (ACTIF) / 49-Dépréciations des comptes de tiers (ACTIF) / 496-Dépréciations des comptes de débiteurs divers,,,,4-Comptes de tiers (ACTIF) / 49-Dépréciations des comptes de tiers (ACTIF) / 496-Dépréciations des comptes de débiteurs divers / Autres comptes débiteurs,
,4-Comptes de tiers (PASSIF),liability,group,credit,1,,,,,,4-Comptes de tiers (PASSIF),
,40-Fournisseurs et comptes rattachés (PASSIF),liability,payable,credit,1,,4-Comptes de tiers (PASSIF),Payable,,,4-Comptes de tiers (PASSIF) / 40-Fournisseurs et comptes rattachés (PASSIF),
,401-Fournisseurs,liability,group,credit,1,,4-Comptes de tiers (PASSIF) / 40-Fournisseurs et comptes rattachés (PASSIF),,,,4-Comptes de tiers (PASSIF) / 40-Fournisseurs et comptes rattachés (PASSIF) / 401-Fournisseurs,
4011,Fournisseurs - Achats de biens et prestations de services,liability,payable,credit,0,payables,4-Comptes de tiers (PASSIF) / 40-Fournisseurs et comptes rattachés (PASSIF) / 401-Fournisseurs,Payable,,,4-Comptes de tiers (PASSIF) / 40-Fournisseurs et comptes rattachés (PASSIF) / 401-Fournisseurs / Fournisseurs - Achats de biens et prestations de services,
4017,Fournisseurs - Retenues de garantie,liability,payable,credit,0,payables,4-Comptes de tiers (PASSIF) / 40-Fournisseurs et comptes rattachés (PASSIF) / 401-Fournisseurs,Payable,,,4-Comptes de tiers (PASSIF) / 40-Fournisseurs et comptes rattachés (PASSIF) / 401-Fournisseurs / Fournisseurs - Retenues de garantie,
403,Fournisseurs - Effets à payer,liability,payable,credit,0,payables,4-Comptes de tiers (PASSIF) / 40-Fournisseurs et comptes rattachés (PASSIF),Payable,,,4-Comptes de tiers (PASSIF) / 40-Fournisseurs et comptes rattachés (PASSIF) / Fournisseurs - Effets à payer,
,404-Fournisseurs d'immobilisations,liability,payable,credit,1,,4-Comptes de tiers (PASSIF) / 40-Fournisseurs et comptes rattachés (PASSIF),Payable,,,4-Comptes de tiers (PASSIF) / 40-Fournisseurs et comptes rattachés (PASSIF) / 404-Fournisseurs d'immobilisations,
4041,Fournisseurs - Achats d'immobilisations,liability,payable,credit,0,payables,4-Comptes de tiers (PASSIF) / 40-Fournisseurs et comptes rattachés (PASSIF) / 404-Fournisseurs d'immobilisations,Payable,,,4-Comptes de tiers (PASSIF) / 40-Fournisseurs et comptes rattachés (PASSIF) / 404-Fournisseurs d'immobilisations / Fournisseurs - Achats d'immobilisations,
4047,Fournisseurs d'immobilisations - Retenues de garantie,liability,payable,credit,0,payables,4-Comptes de tiers (PASSIF) / 40-Fournisseurs et comptes rattachés (PASSIF) / 404-Fournisseurs d'immobilisations,Payable,,,4-Comptes de tiers (PASSIF) / 40-Fournisseurs et comptes rattachés (PASSIF) / 404-Fournisseurs d'immobilisations / Fournisseurs d'immobilisations - Retenues de garantie,
405,Fournisseurs d'immobilisations - Effets à payer,liability,unspecified,credit,0,,4-Comptes de tiers (PASSIF) / 40-Fournisseurs et comptes rattachés (PASSIF),,,,4-Comptes de tiers (PASSIF) / 40-Fournisseurs et comptes rattachés (PASSIF) / Fournisseurs d'immobilisations - Effets à payer,
,408-Fournisseurs - Factures non parvenues,liability,stock_received_not_billed,credit,1,,4-Comptes de tiers (PASSIF) / 40-Fournisseurs et comptes rattachés (PASSIF),Stock Received But Not Billed,,,4-Comptes de tiers (PASSIF) / 40-Fournisseurs et comptes rattachés (PASSIF) / 408-Fournisseurs - Factures non parvenues,
4081,Fournisseurs,liability,stock_received_not_billed,credit,0,,4-Comptes de tiers (PASSIF) / 40-Fournisseurs et comptes rattachés (PASSIF) / 408-Fournisseurs - Factures non parvenues,Stock Received But Not Billed,,,4-Comptes de tiers (PASSIF) / 40-Fournisseurs et comptes rattachés (PASSIF) / 408-Fournisseurs - Factures non parvenues / Fournisseurs,
4084,Fournisseurs d'immobilisations,liability,asset_received_not_billed,credit,0,,4-Comptes de tiers (PASSIF) / 40-Fournisseurs et comptes rattachés (PASSIF) / 408-Fournisseurs - Factures non parvenues,Asset Received But Not Billed,,,4-Comptes de tiers (PASSIF) / 40-Fournisseurs et comptes rattachés (PASSIF) / 408-Fournisseurs - Factures non parvenues / Fournisseurs d'immobilisations,
4088,Fournisseurs - Intérêts courus,liability,stock_received_not_billed,credit,0,,4-Comptes de tiers (PASSIF) / 40-Fournisseurs et comptes rattachés (PASSIF) / 408-Fournisseurs - Factures non parvenues,Stock Received But Not Billed,,,4-Comptes de tiers (PASSIF) / 40-Fournisseurs et comptes rattachés (PASSIF) / 408-Fournisseurs - Factures non parvenues / Fournisseurs - Intérêts courus,
,41-Clients et comptes rattachés (PASSIF),liability,group,credit,1,,4-Comptes de tiers (PASSIF),,,,4-Comptes de tiers (PASSIF) / 41-Clients et comptes rattachés (PASSIF),
,419-Clients créditeurs,liability,group,credit,1,,4-Comptes de tiers (PASSIF) / 41-Clients et comptes rattachés (PASSIF),,,,4-Comptes de tiers (PASSIF) / 41-Clients et comptes rattachés (PASSIF) / 419-Clients créditeurs,
4191,Clients - Avances et acomptes reçus sur commandes,liability,income,credit,0,,4-Comptes de tiers (PASSIF) / 41-Clients et comptes rattachés (PASSIF) / 419-Clients créditeurs,Income Account,,,4-Comptes de tiers (PASSIF) / 41-Clients et comptes rattachés (PASSIF) / 419-Clients créditeurs / Clients - Avances et acomptes reçus sur commandes,
4196,Clients - Dettes sur emballages et matériels consignés,liability,unspecified,credit,0,,4-Comptes de tiers (PASSIF) / 41-Clients et comptes rattachés (PASSIF) / 419-Clients créditeurs,,,,4-Comptes de tiers (PASSIF) / 41-Clients et comptes rattachés (PASSIF) / 419-Clients créditeurs / Clients - Dettes sur emballages et matériels consignés,
4197,Clients - Autres avoirs,liability,unspecified,credit,0,,4-Comptes de tiers (PASSIF) / 41-Clients et comptes rattachés (PASSIF) / 419-Clients créditeurs,,,,4-Comptes de tiers (PASSIF) / 41-Clients et comptes rattachés (PASSIF) / 419-Clients créditeurs / Clients - Autres avoirs,
4198,"Rabais, remises, ristournes à accorder et autres avoirs à établir",liability,unspecified,credit,0,,4-Comptes de tiers (PASSIF) / 41-Clients et comptes rattachés (PASSIF) / 419-Clients créditeurs,,,,"4-Comptes de tiers (PASSIF) / 41-Clients et comptes rattachés (PASSIF) / 419-Clients créditeurs / Rabais, remises, ristournes à accorder et autres avoirs à établir",
,42-Personnel et comptes rattachés (PASSIF),liability,group,credit,1,,4-Comptes de tiers (PASSIF),,,,4-Comptes de tiers (PASSIF) / 42-Personnel et comptes rattachés (PASSIF),
421,Personnel - Rémunérations dues,liability,unspecified,credit,0,,4-Comptes de tiers (PASSIF) / 42-Personnel et comptes rattachés (PASSIF),,,,4-Comptes de tiers (PASSIF) / 42-Personnel et comptes rattachés (PASSIF) / Personnel - Rémunérations dues,
422,Comité social et économique,liability,unspecified,credit,0,,4-Comptes de tiers (PASSIF) / 42-Personnel et comptes rattachés (PASSIF),,,,4-Comptes de tiers (PASSIF) / 42-Personnel et comptes rattachés (PASSIF) / Comité social et économique,
,424-Participation des salariés aux résultats,liability,group,credit,1,,4-Comptes de tiers (PASSIF) / 42-Personnel et comptes rattachés (PASSIF),,,,4-Comptes de tiers (PASSIF) / 42-Personnel et comptes rattachés (PASSIF) / 424-Participation des salariés aux résultats,
4246,Réserve spéciale,liability,unspecified,credit,0,,4-Comptes de tiers (PASSIF) / 42-Personnel et comptes rattachés (PASSIF) / 424-Participation des salariés aux résultats,,,,4-Comptes de tiers (PASSIF) / 42-Personnel et comptes rattachés (PASSIF) / 424-Participation des salariés aux résultats / Réserve spéciale,
4248,Comptes courants,liability,unspecified,credit,0,,4-Comptes de tiers (PASSIF) / 42-Personnel et comptes rattachés (PASSIF) / 424-Participation des salariés aux résultats,,,,4-Comptes de tiers (PASSIF) / 42-Personnel et comptes rattachés (PASSIF) / 424-Participation des salariés aux résultats / Comptes courants,
426,Personnel - Dépôts,liability,unspecified,credit,0,,4-Comptes de tiers (PASSIF) / 42-Personnel et comptes rattachés (PASSIF),,,,4-Comptes de tiers (PASSIF) / 42-Personnel et comptes rattachés (PASSIF) / Personnel - Dépôts,
427,Personnel - Oppositions,liability,unspecified,credit,0,,4-Comptes de tiers (PASSIF) / 42-Personnel et comptes rattachés (PASSIF),,,,4-Comptes de tiers (PASSIF) / 42-Personnel et comptes rattachés (PASSIF) / Personnel - Oppositions,
,428-Personnel - Charges à payer,liability,group,credit,1,,4-Comptes de tiers (PASSIF) / 42-Personnel et comptes rattachés (PASSIF),,,,4-Comptes de tiers (PASSIF) / 42-Personnel et comptes rattachés (PASSIF) / 428-Personnel - Charges à payer,
4282,Dettes provisionnées pour congés à payer,liability,unspecified,credit,0,,4-Comptes de tiers (PASSIF) / 42-Personnel et comptes rattachés (PASSIF) / 428-Personnel - Charges à payer,,,,4-Comptes de tiers (PASSIF) / 42-Personnel et comptes rattachés (PASSIF) / 428-Personnel - Charges à payer / Dettes provisionnées pour congés à payer,
4284,Dettes provisionnées pour participation des salariés aux résultats,liability,unspecified,credit,0,,4-Comptes de tiers (PASSIF) / 42-Personnel et comptes rattachés (PASSIF) / 428-Personnel - Charges à payer,,,,4-Comptes de tiers (PASSIF) / 42-Personnel et comptes rattachés (PASSIF) / 428-Personnel - Charges à payer / Dettes provisionnées pour participation des salariés aux résultats,
4286,Autres charges à payer,liability,unspecified,credit,0,,4-Comptes de tiers (PASSIF) / 42-Personnel et comptes rattachés (PASSIF) / 428-Personnel - Charges à payer,,,,4-Comptes de tiers (PASSIF) / 42-Personnel et comptes rattachés (PASSIF) / 428-Personnel - Charges à payer / Autres charges à payer,
,43-Sécurité sociale et autres organismes sociaux (PASSIF),liability,group,credit,1,,4-Comptes de tiers (PASSIF),,,,4-Comptes de tiers (PASSIF) / 43-Sécurité sociale et autres organismes sociaux (PASSIF),
431,Sécurité sociale,liability,unspecified,credit,0,,4-Comptes de tiers (PASSIF) / 43-Sécurité sociale et autres organismes sociaux (PASSIF),,,,4-Comptes de tiers (PASSIF) / 43-Sécurité sociale et autres organismes sociaux (PASSIF) / Sécurité sociale,
437,Autres organismes sociaux,liability,unspecified,credit,0,,4-Comptes de tiers (PASSIF) / 43-Sécurité sociale et autres organismes sociaux (PASSIF),,,,4-Comptes de tiers (PASSIF) / 43-Sécurité sociale et autres organismes sociaux (PASSIF) / Autres organismes sociaux,
,438-Organismes sociaux - Charges à payer,liability,group,credit,1,,4-Comptes de tiers (PASSIF) / 43-Sécurité sociale et autres organismes sociaux (PASSIF),,,,4-Comptes de tiers (PASSIF) / 43-Sécurité sociale et autres organismes sociaux (PASSIF) / 438-Organismes sociaux - Charges à payer,
4382,Charges sociales sur congés à payer,liability,unspecified,credit,0,,4-Comptes de tiers (PASSIF) / 43-Sécurité sociale et autres organismes sociaux (PASSIF) / 438-Organismes sociaux - Charges à payer,,,,4-Comptes de tiers (PASSIF) / 43-Sécurité sociale et autres organismes sociaux (PASSIF) / 438-Organismes sociaux - Charges à payer / Charges sociales sur congés à payer,
4386,Autres charges à payer,liability,unspecified,credit,0,,4-Comptes de tiers (PASSIF) / 43-Sécurité sociale et autres organismes sociaux (PASSIF) / 438-Organismes sociaux - Charges à payer,,,,4-Comptes de tiers (PASSIF) / 43-Sécurité sociale et autres organismes sociaux (PASSIF) / 438-Organismes sociaux - Charges à payer / Autres charges à payer,
,44-État et autres collectivités publiques (PASSIF),liability,group,credit,1,,4-Comptes de tiers (PASSIF),,,,4-Comptes de tiers (PASSIF) / 44-État et autres collectivités publiques (PASSIF),
442,"Contributions, impôts et taxes recouvrés pour le compte de l'État",liability,unspecified,credit,0,,4-Comptes de tiers (PASSIF) / 44-État et autres collectivités publiques (PASSIF),,,,"4-Comptes de tiers (PASSIF) / 44-État et autres collectivités publiques (PASSIF) / Contributions, impôts et taxes recouvrés pour le compte de l'État",
444,État - Impôts sur les bénéfices,liability,unspecified,credit,0,,4-Comptes de tiers (PASSIF) / 44-État et autres collectivités publiques (PASSIF),,,,4-Comptes de tiers (PASSIF) / 44-État et autres collectivités publiques (PASSIF) / État - Impôts sur les bénéfices,
,445-État - Taxes sur le chiffre d'affaires,liability,group,credit,1,,4-Comptes de tiers (PASSIF) / 44-État et autres collectivités publiques (PASSIF),,,,4-Comptes de tiers (PASSIF) / 44-État et autres collectivités publiques (PASSIF) / 445-État - Taxes sur le chiffre d'affaires,
,4455-Taxes sur le chiffre d'affaires à décaisser,liability,group,credit,1,,4-Comptes de tiers (PASSIF) / 44-État et autres collectivités publiques (PASSIF) / 445-État - Taxes sur le chiffre d'affaires,,,,4-Comptes de tiers (PASSIF) / 44-État et autres collectivités publiques (PASSIF) / 445-État - Taxes sur le chiffre d'affaires / 4455-Taxes sur le chiffre d'affaires à décaisser,
44558,Taxes assimilées à la TVA,liability,unspecified,credit,0,,4-Comptes de tiers (PASSIF) / 44-État et autres collectivités publiques (PASSIF) / 445-État - Taxes sur le chiffre d'affaires / 4455-Taxes sur le chiffre d'affaires à décaisser,,,,4-Comptes de tiers (PASSIF) / 44-État et autres collectivités publiques (PASSIF) / 445-État - Taxes sur le chiffre d'affaires / 4455-Taxes sur le chiffre d'affaires à décaisser / Taxes assimilées à la TVA,
,4457-Taxes sur le chiffre d'affaires collectées,liability,group,credit,1,,4-Comptes de tiers (PASSIF) / 44-État et autres collectivités publiques (PASSIF) / 445-État - Taxes sur le chiffre d'affaires,,,,4-Comptes de tiers (PASSIF) / 44-État et autres collectivités publiques (PASSIF) / 445-État - Taxes sur le chiffre d'affaires / 4457-Taxes sur le chiffre d'affaires collectées,
,44571-TVA collectée,liability,tax,credit,1,,4-Comptes de tiers (PASSIF) / 44-État et autres collectivités publiques (PASSIF) / 445-État - Taxes sur le chiffre d'affaires / 4457-Taxes sur le chiffre d'affaires collectées,Tax,,,4-Comptes de tiers (PASSIF) / 44-État et autres collectivités publiques (PASSIF) / 445-État - Taxes sur le chiffre d'affaires / 4457-Taxes sur le chiffre d'affaires collectées / 44571-TVA collectée,
445720,TVA 20% Collectée,liability,tax,credit,0,,4-Comptes de tiers (PASSIF) / 44-État et autres collectivités publiques (PASSIF) / 445-État - Taxes sur le chiffre d'affaires / 4457-Taxes sur le chiffre d'affaires collectées / 44571-TVA collectée,Tax,,,4-Comptes de tiers (PASSIF) / 44-État et autres collectivités publiques (PASSIF) / 445-État - Taxes sur le chiffre d'affaires / 4457-Taxes sur le chiffre d'affaires collectées / 44571-TVA collectée / TVA 20% Collectée,
445710,TVA 10% Collectée,liability,tax,credit,0,,4-Comptes de tiers (PASSIF) / 44-État et autres collectivités publiques (PASSIF) / 445-État - Taxes sur le chiffre d'affaires / 4457-Taxes sur le chiffre d'affaires collectées / 44571-TVA collectée,Tax,,,4-Comptes de tiers (PASSIF) / 44-État et autres collectivités publiques (PASSIF) / 445-État - Taxes sur le chiffre d'affaires / 4457-Taxes sur le chiffre d'affaires collectées / 44571-TVA collectée / TVA 10% Collectée,
445755,TVA 5.5% Collectée,liability,tax,credit,0,,4-Comptes de tiers (PASSIF) / 44-État et autres collectivités publiques (PASSIF) / 445-État - Taxes sur le chiffre d'affaires / 4457-Taxes sur le chiffre d'affaires collectées / 44571-TVA collectée,Tax,,,4-Comptes de tiers (PASSIF) / 44-État et autres collectivités publiques (PASSIF) / 445-État - Taxes sur le chiffre d'affaires / 4457-Taxes sur le chiffre d'affaires collectées / 44571-TVA collectée / TVA 5.5% Collectée,
445721,TVA 2.1% Collectée,liability,tax,credit,0,,4-Comptes de tiers (PASSIF) / 44-État et autres collectivités publiques (PASSIF) / 445-État - Taxes sur le chiffre d'affaires / 4457-Taxes sur le chiffre d'affaires collectées / 44571-TVA collectée,Tax,,,4-Comptes de tiers (PASSIF) / 44-État et autres collectivités publiques (PASSIF) / 445-État - Taxes sur le chiffre d'affaires / 4457-Taxes sur le chiffre d'affaires collectées / 44571-TVA collectée / TVA 2.1% Collectée,
44578,Taxes assimilées à la TVA,liability,unspecified,credit,0,,4-Comptes de tiers (PASSIF) / 44-État et autres collectivités publiques (PASSIF) / 445-État - Taxes sur le chiffre d'affaires / 4457-Taxes sur le chiffre d'affaires collectées,,,,4-Comptes de tiers (PASSIF) / 44-État et autres collectivités publiques (PASSIF) / 445-État - Taxes sur le chiffre d'affaires / 4457-Taxes sur le chiffre d'affaires collectées / Taxes assimilées à la TVA,
,4458-Taxes sur le chiffre d'affaires à régulariser ou en attente,liability,group,credit,1,,4-Comptes de tiers (PASSIF) / 44-État et autres collectivités publiques (PASSIF) / 445-État - Taxes sur le chiffre d'affaires,,,,4-Comptes de tiers (PASSIF) / 44-État et autres collectivités publiques (PASSIF) / 445-État - Taxes sur le chiffre d'affaires / 4458-Taxes sur le chiffre d'affaires à régulariser ou en attente,
44584,TVA récupérée d'avance,liability,unspecified,credit,0,,4-Comptes de tiers (PASSIF) / 44-État et autres collectivités publiques (PASSIF) / 445-État - Taxes sur le chiffre d'affaires / 4458-Taxes sur le chiffre d'affaires à régulariser ou en attente,,,,4-Comptes de tiers (PASSIF) / 44-État et autres collectivités publiques (PASSIF) / 445-État - Taxes sur le chiffre d'affaires / 4458-Taxes sur le chiffre d'affaires à régulariser ou en attente / TVA récupérée d'avance,
44587,Taxes sur le chiffre d'affaires sur factures à établir,liability,unspecified,credit,0,,4-Comptes de tiers (PASSIF) / 44-État et autres collectivités publiques (PASSIF) / 445-État - Taxes sur le chiffre d'affaires / 4458-Taxes sur le chiffre d'affaires à régulariser ou en attente,,,,4-Comptes de tiers (PASSIF) / 44-État et autres collectivités publiques (PASSIF) / 445-État - Taxes sur le chiffre d'affaires / 4458-Taxes sur le chiffre d'affaires à régulariser ou en attente / Taxes sur le chiffre d'affaires sur factures à établir,
446,Obligations cautionnées,liability,unspecified,credit,0,,4-Comptes de tiers (PASSIF) / 44-État et autres collectivités publiques (PASSIF),,,,4-Comptes de tiers (PASSIF) / 44-État et autres collectivités publiques (PASSIF) / Obligations cautionnées,
447,"Autres impôts, taxes et versements assimilés",liability,unspecified,credit,0,,4-Comptes de tiers (PASSIF) / 44-État et autres collectivités publiques (PASSIF),,,,"4-Comptes de tiers (PASSIF) / 44-État et autres collectivités publiques (PASSIF) / Autres impôts, taxes et versements assimilés",
449,Quotas d'émission à acquérir,liability,unspecified,credit,0,,4-Comptes de tiers (PASSIF) / 44-État et autres collectivités publiques (PASSIF),,,,4-Comptes de tiers (PASSIF) / 44-État et autres collectivités publiques (PASSIF) / Quotas d'émission à acquérir,
,45-Groupe et associés (PASSIF),liability,group,credit,1,,4-Comptes de tiers (PASSIF),,,,4-Comptes de tiers (PASSIF) / 45-Groupe et associés (PASSIF),
451,Groupe,liability,unspecified,credit,0,,4-Comptes de tiers (PASSIF) / 45-Groupe et associés (PASSIF),,,,4-Comptes de tiers (PASSIF) / 45-Groupe et associés (PASSIF) / Groupe,
,455-Associés - Comptes courants,liability,group,credit,1,,4-Comptes de tiers (PASSIF) / 45-Groupe et associés (PASSIF),,,,4-Comptes de tiers (PASSIF) / 45-Groupe et associés (PASSIF) / 455-Associés - Comptes courants,
4551,Principal,liability,unspecified,credit,0,,4-Comptes de tiers (PASSIF) / 45-Groupe et associés (PASSIF) / 455-Associés - Comptes courants,,,,4-Comptes de tiers (PASSIF) / 45-Groupe et associés (PASSIF) / 455-Associés - Comptes courants / Principal,
4558,Intérêts courus,liability,unspecified,credit,0,,4-Comptes de tiers (PASSIF) / 45-Groupe et associés (PASSIF) / 455-Associés - Comptes courants,,,,4-Comptes de tiers (PASSIF) / 45-Groupe et associés (PASSIF) / 455-Associés - Comptes courants / Intérêts courus,
,456-Associés - Opérations sur le capital,liability,group,credit,1,,4-Comptes de tiers (PASSIF) / 45-Groupe et associés (PASSIF),,,,4-Comptes de tiers (PASSIF) / 45-Groupe et associés (PASSIF) / 456-Associés - Opérations sur le capital,
,4561-Associés - Comptes d'apport en société,liability,group,credit,1,,4-Comptes de tiers (PASSIF) / 45-Groupe et associés (PASSIF) / 456-Associés - Opérations sur le capital,,,,4-Comptes de tiers (PASSIF) / 45-Groupe et associés (PASSIF) / 456-Associés - Opérations sur le capital / 4561-Associés - Comptes d'apport en société,
45611,Apports en nature,liability,unspecified,credit,0,,4-Comptes de tiers (PASSIF) / 45-Groupe et associés (PASSIF) / 456-Associés - Opérations sur le capital / 4561-Associés - Comptes d'apport en société,,,,4-Comptes de tiers (PASSIF) / 45-Groupe et associés (PASSIF) / 456-Associés - Opérations sur le capital / 4561-Associés - Comptes d'apport en société / Apports en nature,
45615,Apports en numéraire,liability,unspecified,credit,0,,4-Comptes de tiers (PASSIF) / 45-Groupe et associés (PASSIF) / 456-Associés - Opérations sur le capital / 4561-Associés - Comptes d'apport en société,,,,4-Comptes de tiers (PASSIF) / 45-Groupe et associés (PASSIF) / 456-Associés - Opérations sur le capital / 4561-Associés - Comptes d'apport en société / Apports en numéraire,
4563,Associés - Versements reçus sur augmentation de capital,liability,unspecified,credit,0,,4-Comptes de tiers (PASSIF) / 45-Groupe et associés (PASSIF) / 456-Associés - Opérations sur le capital,,,,4-Comptes de tiers (PASSIF) / 45-Groupe et associés (PASSIF) / 456-Associés - Opérations sur le capital / Associés - Versements reçus sur augmentation de capital,
4564,Associés - Versements anticipés,liability,unspecified,credit,0,,4-Comptes de tiers (PASSIF) / 45-Groupe et associés (PASSIF) / 456-Associés - Opérations sur le capital,,,,4-Comptes de tiers (PASSIF) / 45-Groupe et associés (PASSIF) / 456-Associés - Opérations sur le capital / Associés - Versements anticipés,
4566,Actionnaires défaillants,liability,unspecified,credit,0,,4-Comptes de tiers (PASSIF) / 45-Groupe et associés (PASSIF) / 456-Associés - Opérations sur le capital,,,,4-Comptes de tiers (PASSIF) / 45-Groupe et associés (PASSIF) / 456-Associés - Opérations sur le capital / Actionnaires défaillants,
4567,Associés - Capital à rembourser,liability,unspecified,credit,0,,4-Comptes de tiers (PASSIF) / 45-Groupe et associés (PASSIF) / 456-Associés - Opérations sur le capital,,,,4-Comptes de tiers (PASSIF) / 45-Groupe et associés (PASSIF) / 456-Associés - Opérations sur le capital / Associés - Capital à rembourser,
457,Associés - Dividendes à payer,liability,unspecified,credit,0,,4-Comptes de tiers (PASSIF) / 45-Groupe et associés (PASSIF),,,,4-Comptes de tiers (PASSIF) / 45-Groupe et associés (PASSIF) / Associés - Dividendes à payer,
,458-Associés - Opérations faites en commun et en GIE,liability,group,credit,1,,4-Comptes de tiers (PASSIF) / 45-Groupe et associés (PASSIF),,,,4-Comptes de tiers (PASSIF) / 45-Groupe et associés (PASSIF) / 458-Associés - Opérations faites en commun et en GIE,
4581,Opérations courantes,liability,unspecified,credit,0,,4-Comptes de tiers (PASSIF) / 45-Groupe et associés (PASSIF) / 458-Associés - Opérations faites en commun et en GIE,,,,4-Comptes de tiers (PASSIF) / 45-Groupe et associés (PASSIF) / 458-Associés - Opérations faites en commun et en GIE / Opérations courantes,
4588,Intérêts courus,liability,unspecified,credit,0,,4-Comptes de tiers (PASSIF) / 45-Groupe et associés (PASSIF) / 458-Associés - Opérations faites en commun et en GIE,,,,4-Comptes de tiers (PASSIF) / 45-Groupe et associés (PASSIF) / 458-Associés - Opérations faites en commun et en GIE / Intérêts courus,
,46-Débiteurs divers et créditeurs divers (PASSIF),liability,group,credit,1,,4-Comptes de tiers (PASSIF),,,,4-Comptes de tiers (PASSIF) / 46-Débiteurs divers et créditeurs divers (PASSIF),
464,Dettes sur acquisitions de valeurs mobilières de placement,liability,unspecified,credit,0,,4-Comptes de tiers (PASSIF) / 46-Débiteurs divers et créditeurs divers (PASSIF),,,,4-Comptes de tiers (PASSIF) / 46-Débiteurs divers et créditeurs divers (PASSIF) / Dettes sur acquisitions de valeurs mobilières de placement,
468,Divers comptes créditeurs et charges à payer,liability,unspecified,credit,0,,4-Comptes de tiers (PASSIF) / 46-Débiteurs divers et créditeurs divers (PASSIF),,,,4-Comptes de tiers (PASSIF) / 46-Débiteurs divers et créditeurs divers (PASSIF) / Divers comptes créditeurs et charges à payer,
,47-Comptes transitoires ou d'attente (PASSIF),liability,group,credit,1,,4-Comptes de tiers (PASSIF),,,,4-Comptes de tiers (PASSIF) / 47-Comptes transitoires ou d'attente (PASSIF),
471,Comptes d'attente,liability,temporary,credit,0,,4-Comptes de tiers (PASSIF) / 47-Comptes transitoires ou d'attente (PASSIF),Temporary,,,4-Comptes de tiers (PASSIF) / 47-Comptes transitoires ou d'attente (PASSIF) / Comptes d'attente,
,477-Différences de conversion - Passif,liability,group,credit,1,,4-Comptes de tiers (PASSIF) / 47-Comptes transitoires ou d'attente (PASSIF),,,,4-Comptes de tiers (PASSIF) / 47-Comptes transitoires ou d'attente (PASSIF) / 477-Différences de conversion - Passif,
4771,Augmentation des créances,liability,unspecified,credit,0,,4-Comptes de tiers (PASSIF) / 47-Comptes transitoires ou d'attente (PASSIF) / 477-Différences de conversion - Passif,,,,4-Comptes de tiers (PASSIF) / 47-Comptes transitoires ou d'attente (PASSIF) / 477-Différences de conversion - Passif / Augmentation des créances,
4772,Diminution des dettes,liability,unspecified,credit,0,,4-Comptes de tiers (PASSIF) / 47-Comptes transitoires ou d'attente (PASSIF) / 477-Différences de conversion - Passif,,,,4-Comptes de tiers (PASSIF) / 47-Comptes transitoires ou d'attente (PASSIF) / 477-Différences de conversion - Passif / Diminution des dettes,
4778,Différences compensées par couverture de change,liability,unspecified,credit,0,,4-Comptes de tiers (PASSIF) / 47-Comptes transitoires ou d'attente (PASSIF) / 477-Différences de conversion - Passif,,,,4-Comptes de tiers (PASSIF) / 47-Comptes transitoires ou d'attente (PASSIF) / 477-Différences de conversion - Passif / Différences compensées par couverture de change,
478,Autres comptes transitoires,liability,unspecified,credit,0,,4-Comptes de tiers (PASSIF) / 47-Comptes transitoires ou d'attente (PASSIF),,,,4-Comptes de tiers (PASSIF) / 47-Comptes transitoires ou d'attente (PASSIF) / Autres comptes transitoires,
,48-Comptes de régularisation (PASSIF),liability,group,credit,1,,4-Comptes de tiers (PASSIF),,,,4-Comptes de tiers (PASSIF) / 48-Comptes de régularisation (PASSIF),
487,Produits constatés d'avance,liability,unspecified,credit,0,,4-Comptes de tiers (PASSIF) / 48-Comptes de régularisation (PASSIF),,,,4-Comptes de tiers (PASSIF) / 48-Comptes de régularisation (PASSIF) / Produits constatés d'avance,
,488-Comptes de répartition périodique des charges et des produits,liability,group,credit,1,,4-Comptes de tiers (PASSIF) / 48-Comptes de régularisation (PASSIF),,,,4-Comptes de tiers (PASSIF) / 48-Comptes de régularisation (PASSIF) / 488-Comptes de répartition périodique des charges et des produits,
4887,Produits,liability,unspecified,credit,0,,4-Comptes de tiers (PASSIF) / 48-Comptes de régularisation (PASSIF) / 488-Comptes de répartition périodique des charges et des produits,,,,4-Comptes de tiers (PASSIF) / 48-Comptes de régularisation (PASSIF) / 488-Comptes de répartition périodique des charges et des produits / Produits,
49,Dépréciations des comptes de tiers (PASSIF),liability,unspecified,credit,0,,4-Comptes de tiers (PASSIF),,,,4-Comptes de tiers (PASSIF) / Dépréciations des comptes de tiers (PASSIF),
,5-Comptes financiers,asset,group,debit,1,,,,,,5-Comptes financiers,
,50-Valeurs mobilières de placement,asset,group,debit,1,,5-Comptes financiers,,,,5-Comptes financiers / 50-Valeurs mobilières de placement,
,502-Actions propres,asset,group,debit,1,,5-Comptes financiers / 50-Valeurs mobilières de placement,,,,5-Comptes financiers / 50-Valeurs mobilières de placement / 502-Actions propres,
5021,Actions destinées à être attribuées aux employés et affectées à des plans déterminés,asset,unspecified,debit,0,,5-Comptes financiers / 50-Valeurs mobilières de placement / 502-Actions propres,,,,5-Comptes financiers / 50-Valeurs mobilières de placement / 502-Actions propres / Actions destinées à être attribuées aux employés et affectées à des plans déterminés,
5022,Actions disponibles pour être attribuées aux employés ou pour la régularisation des cours de bourse,asset,unspecified,debit,0,,5-Comptes financiers / 50-Valeurs mobilières de placement / 502-Actions propres,,,,5-Comptes financiers / 50-Valeurs mobilières de placement / 502-Actions propres / Actions disponibles pour être attribuées aux employés ou pour la régularisation des cours de bourse,
,503-Actions,asset,group,debit,1,,5-Comptes financiers / 50-Valeurs mobilières de placement,,,,5-Comptes financiers / 50-Valeurs mobilières de placement / 503-Actions,
5031,Titres cotés,asset,unspecified,debit,0,,5-Comptes financiers / 50-Valeurs mobilières de placement / 503-Actions,,,,5-Comptes financiers / 50-Valeurs mobilières de placement / 503-Actions / Titres cotés,
5035,Titres non cotés,asset,unspecified,debit,0,,5-Comptes financiers / 50-Valeurs mobilières de placement / 503-Actions,,,,5-Comptes financiers / 50-Valeurs mobilières de placement / 503-Actions / Titres non cotés,
504,Autres titres conférant un droit de propriété,asset,unspecified,debit,0,,5-Comptes financiers / 50-Valeurs mobilières de placement,,,,5-Comptes financiers / 50-Valeurs mobilières de placement / Autres titres conférant un droit de propriété,
505,Obligations et bons émis par la société et rachetés par elle,asset,unspecified,debit,0,,5-Comptes financiers / 50-Valeurs mobilières de placement,,,,5-Comptes financiers / 50-Valeurs mobilières de placement / Obligations et bons émis par la société et rachetés par elle,
,506-Obligations,asset,group,debit,1,,5-Comptes financiers / 50-Valeurs mobilières de placement,,,,5-Comptes financiers / 50-Valeurs mobilières de placement / 506-Obligations,
5061,Titres cotés,asset,unspecified,debit,0,,5-Comptes financiers / 50-Valeurs mobilières de placement / 506-Obligations,,,,5-Comptes financiers / 50-Valeurs mobilières de placement / 506-Obligations / Titres cotés,
5065,Titres non cotés,asset,unspecified,debit,0,,5-Comptes financiers / 50-Valeurs mobilières de placement / 506-Obligations,,,,5-Comptes financiers / 50-Valeurs mobilières de placement / 506-Obligations / Titres non cotés,
507,Bons du Trésor et bons de caisse à court terme,asset,unspecified,debit,0,,5-Comptes financiers / 50-Valeurs mobilières de placement,,,,5-Comptes financiers / 50-Valeurs mobilières de placement / Bons du Trésor et bons de caisse à court terme,
,508-Autres valeurs mobilières de placement et autres créances assimilées,asset,group,debit,1,,5-Comptes financiers / 50-Valeurs mobilières de placement,,,,5-Comptes financiers / 50-Valeurs mobilières de placement / 508-Autres valeurs mobilières de placement et autres créances assimilées,
5081,Autres valeurs mobilières,asset,unspecified,debit,0,,5-Comptes financiers / 50-Valeurs mobilières de placement / 508-Autres valeurs mobilières de placement et autres créances assimilées,,,,5-Comptes financiers / 50-Valeurs mobilières de placement / 508-Autres valeurs mobilières de placement et autres créances assimilées / Autres valeurs mobilières,
5082,Bons de souscription,asset,unspecified,debit,0,,5-Comptes financiers / 50-Valeurs mobilières de placement / 508-Autres valeurs mobilières de placement et autres créances assimilées,,,,5-Comptes financiers / 50-Valeurs mobilières de placement / 508-Autres valeurs mobilières de placement et autres créances assimilées / Bons de souscription,
5088,"Intérêts courus sur obligations, bons et valeurs assimilés",asset,unspecified,debit,0,,5-Comptes financiers / 50-Valeurs mobilières de placement / 508-Autres valeurs mobilières de placement et autres créances assimilées,,,,"5-Comptes financiers / 50-Valeurs mobilières de placement / 508-Autres valeurs mobilières de placement et autres créances assimilées / Intérêts courus sur obligations, bons et valeurs assimilés",
509,Versements restant à effectuer sur valeurs mobilières de placement non libérées,asset,unspecified,debit,0,,5-Comptes financiers / 50-Valeurs mobilières de placement,,,,5-Comptes financiers / 50-Valeurs mobilières de placement / Versements restant à effectuer sur valeurs mobilières de placement non libérées,
,"51-Banques, établissements financiers et assimilés",asset,group,debit,1,,5-Comptes financiers,,,,"5-Comptes financiers / 51-Banques, établissements financiers et assimilés",
,511-Valeurs à l'encaissement,asset,group,debit,1,,"5-Comptes financiers / 51-Banques, établissements financiers et assimilés",,,,"5-Comptes financiers / 51-Banques, établissements financiers et assimilés / 511-Valeurs à l'encaissement",
5111,Coupons échus à l'encaissement,asset,unspecified,debit,0,,"5-Comptes financiers / 51-Banques, établissements financiers et assimilés / 511-Valeurs à l'encaissement",,,,"5-Comptes financiers / 51-Banques, établissements financiers et assimilés / 511-Valeurs à l'encaissement / Coupons échus à l'encaissement",
5112,Chèques à encaisser,asset,unspecified,debit,0,,"5-Comptes financiers / 51-Banques, établissements financiers et assimilés / 511-Valeurs à l'encaissement",,,,"5-Comptes financiers / 51-Banques, établissements financiers et assimilés / 511-Valeurs à l'encaissement / Chèques à encaisser",
5113,Effets à l'encaissement,asset,unspecified,debit,0,,"5-Comptes financiers / 51-Banques, établissements financiers et assimilés / 511-Valeurs à l'encaissement",,,,"5-Comptes financiers / 51-Banques, établissements financiers et assimilés / 511-Valeurs à l'encaissement / Effets à l'encaissement",
5114,Effets à l'escompte,asset,unspecified,debit,0,,"5-Comptes financiers / 51-Banques, établissements financiers et assimilés / 511-Valeurs à l'encaissement",,,,"5-Comptes financiers / 51-Banques, établissements financiers et assimilés / 511-Valeurs à l'encaissement / Effets à l'escompte",
,512-Banques,asset,bank,debit,1,,"5-Comptes financiers / 51-Banques, établissements financiers et assimilés",Bank,,,"5-Comptes financiers / 51-Banques, établissements financiers et assimilés / 512-Banques",
5121,Comptes en euros,asset,bank,debit,0,cash_bank,"5-Comptes financiers / 51-Banques, établissements financiers et assimilés / 512-Banques",Bank,,,"5-Comptes financiers / 51-Banques, établissements financiers et assimilés / 512-Banques / Comptes en euros",
5124,Comptes en devises,asset,bank,debit,0,cash_bank,"5-Comptes financiers / 51-Banques, établissements financiers et assimilés / 512-Banques",Bank,,,"5-Comptes financiers / 51-Banques, établissements financiers et assimilés / 512-Banques / Comptes en devises",
517,Autres organismes financiers,asset,unspecified,debit,0,,"5-Comptes financiers / 51-Banques, établissements financiers et assimilés",,,,"5-Comptes financiers / 51-Banques, établissements financiers et assimilés / Autres organismes financiers",
,518-Intérêts courus,asset,group,debit,1,,"5-Comptes financiers / 51-Banques, établissements financiers et assimilés",,,,"5-Comptes financiers / 51-Banques, établissements financiers et assimilés / 518-Intérêts courus",
5181,Intérêts courus à payer,asset,unspecified,debit,0,,"5-Comptes financiers / 51-Banques, établissements financiers et assimilés / 518-Intérêts courus",,,,"5-Comptes financiers / 51-Banques, établissements financiers et assimilés / 518-Intérêts courus / Intérêts courus à payer",
5188,Intérêts courus à recevoir,asset,unspecified,debit,0,,"5-Comptes financiers / 51-Banques, établissements financiers et assimilés / 518-Intérêts courus",,,,"5-Comptes financiers / 51-Banques, établissements financiers et assimilés / 518-Intérêts courus / Intérêts courus à recevoir",
,519-Concours bancaires courants,asset,group,debit,1,,"5-Comptes financiers / 51-Banques, établissements financiers et assimilés",,,,"5-Comptes financiers / 51-Banques, établissements financiers et assimilés / 519-Concours bancaires courants",
5191,Crédit de mobilisation de créances commerciales,asset,unspecified,debit,0,,"5-Comptes financiers / 51-Banques, établissements financiers et assimilés / 519-Concours bancaires courants",,,,"5-Comptes financiers / 51-Banques, établissements financiers et assimilés / 519-Concours bancaires courants / Crédit de mobilisation de créances commerciales",
5193,Mobilisation de créances nées à l'étranger,asset,unspecified,debit,0,,"5-Comptes financiers / 51-Banques, établissements financiers et assimilés / 519-Concours bancaires courants",,,,"5-Comptes financiers / 51-Banques, établissements financiers et assimilés / 519-Concours bancaires courants / Mobilisation de créances nées à l'étranger",
5198,Intérêts courus sur concours bancaires courants,asset,unspecified,debit,0,,"5-Comptes financiers / 51-Banques, établissements financiers et assimilés / 519-Concours bancaires courants",,,,"5-Comptes financiers / 51-Banques, établissements financiers et assimilés / 519-Concours bancaires courants / Intérêts courus sur concours bancaires courants",
,52-Instruments financiers à terme et jetons détenus,asset,group,debit,1,,5-Comptes financiers,,,,5-Comptes financiers / 52-Instruments financiers à terme et jetons détenus,
521,Instruments financiers à terme,asset,unspecified,debit,0,,5-Comptes financiers / 52-Instruments financiers à terme et jetons détenus,,,,5-Comptes financiers / 52-Instruments financiers à terme et jetons détenus / Instruments financiers à terme,
522,Jetons détenus,asset,unspecified,debit,0,,5-Comptes financiers / 52-Instruments financiers à terme et jetons détenus,,,,5-Comptes financiers / 52-Instruments financiers à terme et jetons détenus / Jetons détenus,
523,Jetons auto-détenus,asset,unspecified,debit,0,,5-Comptes financiers / 52-Instruments financiers à terme et jetons détenus,,,,5-Comptes financiers / 52-Instruments financiers à terme et jetons détenus / Jetons auto-détenus,
524,Jetons empruntés,asset,unspecified,debit,0,,5-Comptes financiers / 52-Instruments financiers à terme et jetons détenus,,,,5-Comptes financiers / 52-Instruments financiers à terme et jetons détenus / Jetons empruntés,
,53-Caisse,asset,cash,debit,1,,5-Comptes financiers,Cash,,,5-Comptes financiers / 53-Caisse,
530,Caisse,asset,cash,debit,0,cash_bank,5-Comptes financiers / 53-Caisse,Cash,,,5-Comptes financiers / 53-Caisse / Caisse,
58,Virements internes,asset,unspecified,debit,0,,5-Comptes financiers,,,,5-Comptes financiers / Virements internes,
,59-Dépréciations des comptes financiers,asset,group,debit,1,,5-Comptes financiers,,,,5-Comptes financiers / 59-Dépréciations des comptes financiers,
,590-Dépréciations des valeurs mobilières de placement,asset,group,debit,1,,5-Comptes financiers / 59-Dépréciations des comptes financiers,,,,5-Comptes financiers / 59-Dépréciations des comptes financiers / 590-Dépréciations des valeurs mobilières de placement,
5903,Actions,asset,unspecified,debit,0,,5-Comptes financiers / 59-Dépréciations des comptes financiers / 590-Dépréciations des valeurs mobilières de placement,,,,5-Comptes financiers / 59-Dépréciations des comptes financiers / 590-Dépréciations des valeurs mobilières de placement / Actions,
5904,Autres titres conférant un droit de propriété,asset,unspecified,debit,0,,5-Comptes financiers / 59-Dépréciations des comptes financiers / 590-Dépréciations des valeurs mobilières de placement,,,,5-Comptes financiers / 59-Dépréciations des comptes financiers / 590-Dépréciations des valeurs mobilières de placement / Autres titres conférant un droit de propriété,
5906,Obligations,asset,unspecified,debit,0,,5-Comptes financiers / 59-Dépréciations des comptes financiers / 590-Dépréciations des valeurs mobilières de placement,,,,5-Comptes financiers / 59-Dépréciations des comptes financiers / 590-Dépréciations des valeurs mobilières de placement / Obligations,
5908,Autres valeurs mobilières de placement et créances assimilées,asset,unspecified,debit,0,,5-Comptes financiers / 59-Dépréciations des comptes financiers / 590-Dépréciations des valeurs mobilières de placement,,,,5-Comptes financiers / 59-Dépréciations des comptes financiers / 590-Dépréciations des valeurs mobilières de placement / Autres valeurs mobilières de placement et créances assimilées,
,6-Comptes de charges,expense,group,debit,1,,,,,,6-Comptes de charges,
,60-Achats (sauf 603),expense,group,debit,1,,6-Comptes de charges,,,,6-Comptes de charges / 60-Achats (sauf 603),
601,Achats stockés - Matières premières et fournitures,expense,direct_cost,debit,0,,6-Comptes de charges / 60-Achats (sauf 603),Cost of Goods Sold,,,6-Comptes de charges / 60-Achats (sauf 603) / Achats stockés - Matières premières et fournitures,
,602-Achats stockés - Autres approvisionnements,expense,group,debit,1,,6-Comptes de charges / 60-Achats (sauf 603),,,,6-Comptes de charges / 60-Achats (sauf 603) / 602-Achats stockés - Autres approvisionnements,
6021,Matières consommables,expense,direct_cost,debit,0,,6-Comptes de charges / 60-Achats (sauf 603) / 602-Achats stockés - Autres approvisionnements,Cost of Goods Sold,,,6-Comptes de charges / 60-Achats (sauf 603) / 602-Achats stockés - Autres approvisionnements / Matières consommables,
,6022-Fournitures consommables,expense,direct_cost,debit,1,,6-Comptes de charges / 60-Achats (sauf 603) / 602-Achats stockés - Autres approvisionnements,Cost of Goods Sold,,,6-Comptes de charges / 60-Achats (sauf 603) / 602-Achats stockés - Autres approvisionnements / 6022-Fournitures consommables,
60221,Combustibles,expense,direct_cost,debit,0,,6-Comptes de charges / 60-Achats (sauf 603) / 602-Achats stockés - Autres approvisionnements / 6022-Fournitures consommables,Cost of Goods Sold,,,6-Comptes de charges / 60-Achats (sauf 603) / 602-Achats stockés - Autres approvisionnements / 6022-Fournitures consommables / Combustibles,
60222,Produits d'entretien,expense,direct_cost,debit,0,,6-Comptes de charges / 60-Achats (sauf 603) / 602-Achats stockés - Autres approvisionnements / 6022-Fournitures consommables,Cost of Goods Sold,,,6-Comptes de charges / 60-Achats (sauf 603) / 602-Achats stockés - Autres approvisionnements / 6022-Fournitures consommables / Produits d'entretien,
60223,Fournitures d'atelier et d'usine,expense,direct_cost,debit,0,,6-Comptes de charges / 60-Achats (sauf 603) / 602-Achats stockés - Autres approvisionnements / 6022-Fournitures consommables,Cost of Goods Sold,,,6-Comptes de charges / 60-Achats (sauf 603) / 602-Achats stockés - Autres approvisionnements / 6022-Fournitures consommables / Fournitures d'atelier et d'usine,
60224,Fournitures de magasin,expense,direct_cost,debit,0,,6-Comptes de charges / 60-Achats (sauf 603) / 602-Achats stockés - Autres approvisionnements / 6022-Fournitures consommables,Cost of Goods Sold,,,6-Comptes de charges / 60-Achats (sauf 603) / 602-Achats stockés - Autres approvisionnements / 6022-Fournitures consommables / Fournitures de magasin,
60225,Fourniture de bureau,expense,direct_cost,debit,0,,6-Comptes de charges / 60-Achats (sauf 603) / 602-Achats stockés - Autres approvisionnements / 6022-Fournitures consommables,Cost of Goods Sold,,,6-Comptes de charges / 60-Achats (sauf 603) / 602-Achats stockés - Autres approvisionnements / 6022-Fournitures consommables / Fourniture de bureau,
,6026-Emballages,expense,direct_cost,debit,1,,6-Comptes de charges / 60-Achats (sauf 603) / 602-Achats stockés - Autres approvisionnements,Cost of Goods Sold,,,6-Comptes de charges / 60-Achats (sauf 603) / 602-Achats stockés - Autres approvisionnements / 6026-Emballages,
60261,Emballages perdus,expense,direct_cost,debit,0,,6-Comptes de charges / 60-Achats (sauf 603) / 602-Achats stockés - Autres approvisionnements / 6026-Emballages,Cost of Goods Sold,,,6-Comptes de charges / 60-Achats (sauf 603) / 602-Achats stockés - Autres approvisionnements / 6026-Emballages / Emballages perdus,
60262,Malis sur emballage,expense,direct_cost,debit,0,,6-Comptes de charges / 60-Achats (sauf 603) / 602-Achats stockés - Autres approvisionnements / 6026-Emballages,Cost of Goods Sold,,,6-Comptes de charges / 60-Achats (sauf 603) / 602-Achats stockés - Autres approvisionnements / 6026-Emballages / Malis sur emballage,
60265,Emballages récupérables non identifiables,expense,direct_cost,debit,0,,6-Comptes de charges / 60-Achats (sauf 603) / 602-Achats stockés - Autres approvisionnements / 6026-Emballages,Cost of Goods Sold,,,6-Comptes de charges / 60-Achats (sauf 603) / 602-Achats stockés - Autres approvisionnements / 6026-Emballages / Emballages récupérables non identifiables,
60267,Emballages à usage mixte,expense,direct_cost,debit,0,,6-Comptes de charges / 60-Achats (sauf 603) / 602-Achats stockés - Autres approvisionnements / 6026-Emballages,Cost of Goods Sold,,,6-Comptes de charges / 60-Achats (sauf 603) / 602-Achats stockés - Autres approvisionnements / 6026-Emballages / Emballages à usage mixte,
604,Achats d'études et prestations de services,expense,unspecified,debit,0,,6-Comptes de charges / 60-Achats (sauf 603),,,,6-Comptes de charges / 60-Achats (sauf 603) / Achats d'études et prestations de services,
605,"Achats de matériel, équipements et travaux",expense,unspecified,debit,0,,6-Comptes de charges / 60-Achats (sauf 603),,,,"6-Comptes de charges / 60-Achats (sauf 603) / Achats de matériel, équipements et travaux",
,606-Achats non stockés de matière et fournitures,expense,direct_cost,debit,1,,6-Comptes de charges / 60-Achats (sauf 603),Cost of Goods Sold,,,6-Comptes de charges / 60-Achats (sauf 603) / 606-Achats non stockés de matière et fournitures,
6061,"Fournitures non stockables (eau, énergie, etc.)",expense,direct_cost,debit,0,,6-Comptes de charges / 60-Achats (sauf 603) / 606-Achats non stockés de matière et fournitures,Cost of Goods Sold,,,"6-Comptes de charges / 60-Achats (sauf 603) / 606-Achats non stockés de matière et fournitures / Fournitures non stockables (eau, énergie, etc.)",
6063,Fournitures d'entretien et de petit équipement,expense,direct_cost,debit,0,,6-Comptes de charges / 60-Achats (sauf 603) / 606-Achats non stockés de matière et fournitures,Cost of Goods Sold,,,6-Comptes de charges / 60-Achats (sauf 603) / 606-Achats non stockés de matière et fournitures / Fournitures d'entretien et de petit équipement,
6064,Fournitures administratives,expense,direct_cost,debit,0,,6-Comptes de charges / 60-Achats (sauf 603) / 606-Achats non stockés de matière et fournitures,Cost of Goods Sold,,,6-Comptes de charges / 60-Achats (sauf 603) / 606-Achats non stockés de matière et fournitures / Fournitures administratives,
6068,Autres matières et fournitures,expense,direct_cost,debit,0,,6-Comptes de charges / 60-Achats (sauf 603) / 606-Achats non stockés de matière et fournitures,Cost of Goods Sold,,,6-Comptes de charges / 60-Achats (sauf 603) / 606-Achats non stockés de matière et fournitures / Autres matières et fournitures,
607,Achats de marchandises,expense,direct_cost,debit,0,,6-Comptes de charges / 60-Achats (sauf 603),Cost of Goods Sold,,,6-Comptes de charges / 60-Achats (sauf 603) / Achats de marchandises,
608,"Compte réservé, le cas échéant, au regroupement des frais accessoires incorporés aux achats",expense,valuation_expense,debit,0,,6-Comptes de charges / 60-Achats (sauf 603),Expenses Included In Valuation,,,"6-Comptes de charges / 60-Achats (sauf 603) / Compte réservé, le cas échéant, au regroupement des frais accessoires incorporés aux achats",
,"609-Rabais, remises et ristournes obtenus sur achats (même ventilation que celle du compte 60)",expense,group,debit,1,,6-Comptes de charges / 60-Achats (sauf 603),,,,"6-Comptes de charges / 60-Achats (sauf 603) / 609-Rabais, remises et ristournes obtenus sur achats (même ventilation que celle du compte 60)",
6098,"Rabais, remises et ristournes non affectés",expense,unspecified,debit,0,,"6-Comptes de charges / 60-Achats (sauf 603) / 609-Rabais, remises et ristournes obtenus sur achats (même ventilation que celle du compte 60)",,,,"6-Comptes de charges / 60-Achats (sauf 603) / 609-Rabais, remises et ristournes obtenus sur achats (même ventilation que celle du compte 60) / Rabais, remises et ristournes non affectés",
,603-Variation des stocks d'approvisionnements et de marchandises,expense,stock_adjustment,debit,1,,6-Comptes de charges,Stock Adjustment,,,6-Comptes de charges / 603-Variation des stocks d'approvisionnements et de marchandises,
6031,Variation des stocks de matières premières et fournitures,expense,stock_adjustment,debit,0,,6-Comptes de charges / 603-Variation des stocks d'approvisionnements et de marchandises,Stock Adjustment,,,6-Comptes de charges / 603-Variation des stocks d'approvisionnements et de marchandises / Variation des stocks de matières premières et fournitures,
6032,Variation des stocks des autres approvisionnements,expense,stock_adjustment,debit,0,,6-Comptes de charges / 603-Variation des stocks d'approvisionnements et de marchandises,Stock Adjustment,,,6-Comptes de charges / 603-Variation des stocks d'approvisionnements et de marchandises / Variation des stocks des autres approvisionnements,
6037,Variation des stocks de marchandises,expense,stock_adjustment,debit,0,,6-Comptes de charges / 603-Variation des stocks d'approvisionnements et de marchandises,Stock Adjustment,,,6-Comptes de charges / 603-Variation des stocks d'approvisionnements et de marchandises / Variation des stocks de marchandises,
,61-Services extérieurs,expense,group,debit,1,,6-Comptes de charges,,,,6-Comptes de charges / 61-Services extérieurs,
611,Sous-traitance générale,expense,unspecified,debit,0,,6-Comptes de charges / 61-Services extérieurs,,,,6-Comptes de charges / 61-Services extérieurs / Sous-traitance générale,
,612-Redevances de crédit-bail,expense,group,debit,1,,6-Comptes de charges / 61-Services extérieurs,,,,6-Comptes de charges / 61-Services extérieurs / 612-Redevances de crédit-bail,
6122,Crédit-bail mobilier,expense,unspecified,debit,0,,6-Comptes de charges / 61-Services extérieurs / 612-Redevances de crédit-bail,,,,6-Comptes de charges / 61-Services extérieurs / 612-Redevances de crédit-bail / Crédit-bail mobilier,
6125,Crédit-bail immobilier,expense,unspecified,debit,0,,6-Comptes de charges / 61-Services extérieurs / 612-Redevances de crédit-bail,,,,6-Comptes de charges / 61-Services extérieurs / 612-Redevances de crédit-bail / Crédit-bail immobilier,
,613-Locations,expense,group,debit,1,,6-Comptes de charges / 61-Services extérieurs,,,,6-Comptes de charges / 61-Services extérieurs / 613-Locations,
6132,Locations immobilières,expense,unspecified,debit,0,,6-Comptes de charges / 61-Services extérieurs / 613-Locations,,,,6-Comptes de charges / 61-Services extérieurs / 613-Locations / Locations immobilières,
6135,Locations mobilières,expense,unspecified,debit,0,,6-Comptes de charges / 61-Services extérieurs / 613-Locations,,,,6-Comptes de charges / 61-Services extérieurs / 613-Locations / Locations mobilières,
614,Charges locatives et de copropriété,expense,unspecified,debit,0,,6-Comptes de charges / 61-Services extérieurs,,,,6-Comptes de charges / 61-Services extérieurs / Charges locatives et de copropriété,
,615-Entretien et réparation,expense,group,debit,1,,6-Comptes de charges / 61-Services extérieurs,,,,6-Comptes de charges / 61-Services extérieurs / 615-Entretien et réparation,
6152,Entretien et réparation sur biens immobiliers,expense,unspecified,debit,0,,6-Comptes de charges / 61-Services extérieurs / 615-Entretien et réparation,,,,6-Comptes de charges / 61-Services extérieurs / 615-Entretien et réparation / Entretien et réparation sur biens immobiliers,
6155,Entretien et réparation sur biens mobiliers,expense,unspecified,debit,0,,6-Comptes de charges / 61-Services extérieurs / 615-Entretien et réparation,,,,6-Comptes de charges / 61-Services extérieurs / 615-Entretien et réparation / Entretien et réparation sur biens mobiliers,
6156,Maintenance,expense,unspecified,debit,0,,6-Comptes de charges / 61-Services extérieurs / 615-Entretien et réparation,,,,6-Comptes de charges / 61-Services extérieurs / 615-Entretien et réparation / Maintenance,
,616-Primes d'assurances,expense,group,debit,1,,6-Comptes de charges / 61-Services extérieurs,,,,6-Comptes de charges / 61-Services extérieurs / 616-Primes d'assurances,
6161,Multirisques,expense,unspecified,debit,0,,6-Comptes de charges / 61-Services extérieurs / 616-Primes d'assurances,,,,6-Comptes de charges / 61-Services extérieurs / 616-Primes d'assurances / Multirisques,
6162,Assurance obligatoire dommage construction,expense,unspecified,debit,0,,6-Comptes de charges / 61-Services extérieurs / 616-Primes d'assurances,,,,6-Comptes de charges / 61-Services extérieurs / 616-Primes d'assurances / Assurance obligatoire dommage construction,
,6163-Assurance - transport,expense,group,debit,1,,6-Comptes de charges / 61-Services extérieurs / 616-Primes d'assurances,,,,6-Comptes de charges / 61-Services extérieurs / 616-Primes d'assurances / 6163-Assurance - transport,
61636,sur achats,expense,unspecified,debit,0,,6-Comptes de charges / 61-Services extérieurs / 616-Primes d'assurances / 6163-Assurance - transport,,,,6-Comptes de charges / 61-Services extérieurs / 616-Primes d'assurances / 6163-Assurance - transport / sur achats,
61637,sur ventes,expense,unspecified,debit,0,,6-Comptes de charges / 61-Services extérieurs / 616-Primes d'assurances / 6163-Assurance - transport,,,,6-Comptes de charges / 61-Services extérieurs / 616-Primes d'assurances / 6163-Assurance - transport / sur ventes,
61638,sur autres biens,expense,unspecified,debit,0,,6-Comptes de charges / 61-Services extérieurs / 616-Primes d'assurances / 6163-Assurance - transport,,,,6-Comptes de charges / 61-Services extérieurs / 616-Primes d'assurances / 6163-Assurance - transport / sur autres biens,
6164,Risques d'exploitation,expense,unspecified,debit,0,,6-Comptes de charges / 61-Services extérieurs / 616-Primes d'assurances,,,,6-Comptes de charges / 61-Services extérieurs / 616-Primes d'assurances / Risques d'exploitation,
6165,Insolvabilité clients,expense,unspecified,debit,0,,6-Comptes de charges / 61-Services extérieurs / 616-Primes d'assurances,,,,6-Comptes de charges / 61-Services extérieurs / 616-Primes d'assurances / Insolvabilité clients,
617,Études et recherches,expense,unspecified,debit,0,,6-Comptes de charges / 61-Services extérieurs,,,,6-Comptes de charges / 61-Services extérieurs / Études et recherches,
,618-Divers,expense,group,debit,1,,6-Comptes de charges / 61-Services extérieurs,,,,6-Comptes de charges / 61-Services extérieurs / 618-Divers,
6181,Documentation générale,expense,unspecified,debit,0,,6-Comptes de charges / 61-Services extérieurs / 618-Divers,,,,6-Comptes de charges / 61-Services extérieurs / 618-Divers / Documentation générale,
6183,Documentation technique,expense,unspecified,debit,0,,6-Comptes de charges / 61-Services extérieurs / 618-Divers,,,,6-Comptes de charges / 61-Services extérieurs / 618-Divers / Documentation technique,
6185,"Frais de colloques, séminaires, conférences",expense,unspecified,debit,0,,6-Comptes de charges / 61-Services extérieurs / 618-Divers,,,,"6-Comptes de charges / 61-Services extérieurs / 618-Divers / Frais de colloques, séminaires, conférences",
619,"Rabais, remises et ristournes obtenus sur services extérieurs",expense,unspecified,debit,0,,6-Comptes de charges / 61-Services extérieurs,,,,"6-Comptes de charges / 61-Services extérieurs / Rabais, remises et ristournes obtenus sur services extérieurs",
,62-Autres services extérieurs,expense,group,debit,1,,6-Comptes de charges,,,,6-Comptes de charges / 62-Autres services extérieurs,
,621-Personnel extérieur à l'entité,expense,group,debit,1,,6-Comptes de charges / 62-Autres services extérieurs,,,,6-Comptes de charges / 62-Autres services extérieurs / 621-Personnel extérieur à l'entité,
6211,Personnel intérimaire,expense,unspecified,debit,0,,6-Comptes de charges / 62-Autres services extérieurs / 621-Personnel extérieur à l'entité,,,,6-Comptes de charges / 62-Autres services extérieurs / 621-Personnel extérieur à l'entité / Personnel intérimaire,
6214,Personnel détaché ou prêté à l'entité,expense,unspecified,debit,0,,6-Comptes de charges / 62-Autres services extérieurs / 621-Personnel extérieur à l'entité,,,,6-Comptes de charges / 62-Autres services extérieurs / 621-Personnel extérieur à l'entité / Personnel détaché ou prêté à l'entité,
,622-Rémunérations d'intermédiaires et honoraires,expense,group,debit,1,,6-Comptes de charges / 62-Autres services extérieurs,,,,6-Comptes de charges / 62-Autres services extérieurs / 622-Rémunérations d'intermédiaires et honoraires,
6221,Commissions et courtages sur achats,expense,unspecified,debit,0,,6-Comptes de charges / 62-Autres services extérieurs / 622-Rémunérations d'intermédiaires et honoraires,,,,6-Comptes de charges / 62-Autres services extérieurs / 622-Rémunérations d'intermédiaires et honoraires / Commissions et courtages sur achats,
6222,Commissions et courtages sur ventes,expense,unspecified,debit,0,,6-Comptes de charges / 62-Autres services extérieurs / 622-Rémunérations d'intermédiaires et honoraires,,,,6-Comptes de charges / 62-Autres services extérieurs / 622-Rémunérations d'intermédiaires et honoraires / Commissions et courtages sur ventes,
6224,Rémunérations des transitaires,expense,unspecified,debit,0,,6-Comptes de charges / 62-Autres services extérieurs / 622-Rémunérations d'intermédiaires et honoraires,,,,6-Comptes de charges / 62-Autres services extérieurs / 622-Rémunérations d'intermédiaires et honoraires / Rémunérations des transitaires,
6225,Rémunérations d'affacturage,expense,unspecified,debit,0,,6-Comptes de charges / 62-Autres services extérieurs / 622-Rémunérations d'intermédiaires et honoraires,,,,6-Comptes de charges / 62-Autres services extérieurs / 622-Rémunérations d'intermédiaires et honoraires / Rémunérations d'affacturage,
6226,Honoraires,expense,unspecified,debit,0,,6-Comptes de charges / 62-Autres services extérieurs / 622-Rémunérations d'intermédiaires et honoraires,,,,6-Comptes de charges / 62-Autres services extérieurs / 622-Rémunérations d'intermédiaires et honoraires / Honoraires,
6227,Frais d'actes et de contentieux,expense,unspecified,debit,0,,6-Comptes de charges / 62-Autres services extérieurs / 622-Rémunérations d'intermédiaires et honoraires,,,,6-Comptes de charges / 62-Autres services extérieurs / 622-Rémunérations d'intermédiaires et honoraires / Frais d'actes et de contentieux,
6228,Divers,expense,unspecified,debit,0,,6-Comptes de charges / 62-Autres services extérieurs / 622-Rémunérations d'intermédiaires et honoraires,,,,6-Comptes de charges / 62-Autres services extérieurs / 622-Rémunérations d'intermédiaires et honoraires / Divers,
,"623-Publicité, publications, relations publiques",expense,group,debit,1,,6-Comptes de charges / 62-Autres services extérieurs,,,,"6-Comptes de charges / 62-Autres services extérieurs / 623-Publicité, publications, relations publiques",
6231,Annonces et insertions,expense,unspecified,debit,0,,"6-Comptes de charges / 62-Autres services extérieurs / 623-Publicité, publications, relations publiques",,,,"6-Comptes de charges / 62-Autres services extérieurs / 623-Publicité, publications, relations publiques / Annonces et insertions",
6232,Échantillons,expense,unspecified,debit,0,,"6-Comptes de charges / 62-Autres services extérieurs / 623-Publicité, publications, relations publiques",,,,"6-Comptes de charges / 62-Autres services extérieurs / 623-Publicité, publications, relations publiques / Échantillons",
6233,Foires et expositions,expense,unspecified,debit,0,,"6-Comptes de charges / 62-Autres services extérieurs / 623-Publicité, publications, relations publiques",,,,"6-Comptes de charges / 62-Autres services extérieurs / 623-Publicité, publications, relations publiques / Foires et expositions",
6234,Cadeaux à la clientèle,expense,unspecified,debit,0,,"6-Comptes de charges / 62-Autres services extérieurs / 623-Publicité, publications, relations publiques",,,,"6-Comptes de charges / 62-Autres services extérieurs / 623-Publicité, publications, relations publiques / Cadeaux à la clientèle",
6235,Primes,expense,unspecified,debit,0,,"6-Comptes de charges / 62-Autres services extérieurs / 623-Publicité, publications, relations publiques",,,,"6-Comptes de charges / 62-Autres services extérieurs / 623-Publicité, publications, relations publiques / Primes",
6236,Catalogues et imprimés,expense,unspecified,debit,0,,"6-Comptes de charges / 62-Autres services extérieurs / 623-Publicité, publications, relations publiques",,,,"6-Comptes de charges / 62-Autres services extérieurs / 623-Publicité, publications, relations publiques / Catalogues et imprimés",
6237,Publications,expense,unspecified,debit,0,,"6-Comptes de charges / 62-Autres services extérieurs / 623-Publicité, publications, relations publiques",,,,"6-Comptes de charges / 62-Autres services extérieurs / 623-Publicité, publications, relations publiques / Publications",
6238,"Divers (pourboires, dons courants)",expense,unspecified,debit,0,,"6-Comptes de charges / 62-Autres services extérieurs / 623-Publicité, publications, relations publiques",,,,"6-Comptes de charges / 62-Autres services extérieurs / 623-Publicité, publications, relations publiques / Divers (pourboires, dons courants)",
,624-Transports de biens et transports collectifs du personnel,expense,group,debit,1,,6-Comptes de charges / 62-Autres services extérieurs,,,,6-Comptes de charges / 62-Autres services extérieurs / 624-Transports de biens et transports collectifs du personnel,
6241,Transports sur achats,expense,chargeable,debit,0,,6-Comptes de charges / 62-Autres services extérieurs / 624-Transports de biens et transports collectifs du personnel,Chargeable,,,6-Comptes de charges / 62-Autres services extérieurs / 624-Transports de biens et transports collectifs du personnel / Transports sur achats,
6242,Transports sur ventes,expense,chargeable,debit,0,,6-Comptes de charges / 62-Autres services extérieurs / 624-Transports de biens et transports collectifs du personnel,Chargeable,,,6-Comptes de charges / 62-Autres services extérieurs / 624-Transports de biens et transports collectifs du personnel / Transports sur ventes,
6243,Transports entre établissements ou chantiers,expense,unspecified,debit,0,,6-Comptes de charges / 62-Autres services extérieurs / 624-Transports de biens et transports collectifs du personnel,,,,6-Comptes de charges / 62-Autres services extérieurs / 624-Transports de biens et transports collectifs du personnel / Transports entre établissements ou chantiers,
6244,Transports administratifs,expense,unspecified,debit,0,,6-Comptes de charges / 62-Autres services extérieurs / 624-Transports de biens et transports collectifs du personnel,,,,6-Comptes de charges / 62-Autres services extérieurs / 624-Transports de biens et transports collectifs du personnel / Transports administratifs,
6247,Transports collectifs du personnel,expense,unspecified,debit,0,,6-Comptes de charges / 62-Autres services extérieurs / 624-Transports de biens et transports collectifs du personnel,,,,6-Comptes de charges / 62-Autres services extérieurs / 624-Transports de biens et transports collectifs du personnel / Transports collectifs du personnel,
6248,Divers,expense,unspecified,debit,0,,6-Comptes de charges / 62-Autres services extérieurs / 624-Transports de biens et transports collectifs du personnel,,,,6-Comptes de charges / 62-Autres services extérieurs / 624-Transports de biens et transports collectifs du personnel / Divers,
,"625-Déplacements, missions et réceptions",expense,group,debit,1,,6-Comptes de charges / 62-Autres services extérieurs,,,,"6-Comptes de charges / 62-Autres services extérieurs / 625-Déplacements, missions et réceptions",
6251,Voyages et déplacements,expense,unspecified,debit,0,,"6-Comptes de charges / 62-Autres services extérieurs / 625-Déplacements, missions et réceptions",,,,"6-Comptes de charges / 62-Autres services extérieurs / 625-Déplacements, missions et réceptions / Voyages et déplacements",
6255,Frais de déménagement,expense,unspecified,debit,0,,"6-Comptes de charges / 62-Autres services extérieurs / 625-Déplacements, missions et réceptions",,,,"6-Comptes de charges / 62-Autres services extérieurs / 625-Déplacements, missions et réceptions / Frais de déménagement",
6256,Missions,expense,unspecified,debit,0,,"6-Comptes de charges / 62-Autres services extérieurs / 625-Déplacements, missions et réceptions",,,,"6-Comptes de charges / 62-Autres services extérieurs / 625-Déplacements, missions et réceptions / Missions",
6257,Réceptions,expense,unspecified,debit,0,,"6-Comptes de charges / 62-Autres services extérieurs / 625-Déplacements, missions et réceptions",,,,"6-Comptes de charges / 62-Autres services extérieurs / 625-Déplacements, missions et réceptions / Réceptions",
626,Frais postaux et de télécommunications,expense,unspecified,debit,0,,6-Comptes de charges / 62-Autres services extérieurs,,,,6-Comptes de charges / 62-Autres services extérieurs / Frais postaux et de télécommunications,
,627-Services bancaires et assimilés,expense,group,debit,1,,6-Comptes de charges / 62-Autres services extérieurs,,,,6-Comptes de charges / 62-Autres services extérieurs / 627-Services bancaires et assimilés,
6271,"Frais sur titres (achat, vente, garde)",expense,unspecified,debit,0,,6-Comptes de charges / 62-Autres services extérieurs / 627-Services bancaires et assimilés,,,,"6-Comptes de charges / 62-Autres services extérieurs / 627-Services bancaires et assimilés / Frais sur titres (achat, vente, garde)",
6272,Commissions et frais sur émission d'emprunts,expense,unspecified,debit,0,,6-Comptes de charges / 62-Autres services extérieurs / 627-Services bancaires et assimilés,,,,6-Comptes de charges / 62-Autres services extérieurs / 627-Services bancaires et assimilés / Commissions et frais sur émission d'emprunts,
6275,Frais sur effets,expense,unspecified,debit,0,,6-Comptes de charges / 62-Autres services extérieurs / 627-Services bancaires et assimilés,,,,6-Comptes de charges / 62-Autres services extérieurs / 627-Services bancaires et assimilés / Frais sur effets,
6276,Location de coffres,expense,unspecified,debit,0,,6-Comptes de charges / 62-Autres services extérieurs / 627-Services bancaires et assimilés,,,,6-Comptes de charges / 62-Autres services extérieurs / 627-Services bancaires et assimilés / Location de coffres,
6278,Autres frais et commissions sur prestations de services,expense,unspecified,debit,0,,6-Comptes de charges / 62-Autres services extérieurs / 627-Services bancaires et assimilés,,,,6-Comptes de charges / 62-Autres services extérieurs / 627-Services bancaires et assimilés / Autres frais et commissions sur prestations de services,
,628-Divers,expense,group,debit,1,,6-Comptes de charges / 62-Autres services extérieurs,,,,6-Comptes de charges / 62-Autres services extérieurs / 628-Divers,
6281,Concours divers (cotisations),expense,unspecified,debit,0,,6-Comptes de charges / 62-Autres services extérieurs / 628-Divers,,,,6-Comptes de charges / 62-Autres services extérieurs / 628-Divers / Concours divers (cotisations),
6284,Frais de recrutement de personnel,expense,unspecified,debit,0,,6-Comptes de charges / 62-Autres services extérieurs / 628-Divers,,,,6-Comptes de charges / 62-Autres services extérieurs / 628-Divers / Frais de recrutement de personnel,
629,"Rabais, remises et ristournes obtenus sur autres services extérieurs",expense,unspecified,debit,0,,6-Comptes de charges / 62-Autres services extérieurs,,,,"6-Comptes de charges / 62-Autres services extérieurs / Rabais, remises et ristournes obtenus sur autres services extérieurs",
,"63-Impôts, taxes et versements assimilés",expense,group,debit,1,,6-Comptes de charges,,,,"6-Comptes de charges / 63-Impôts, taxes et versements assimilés",
,"631-Impôts, taxes et versements assimilés sur rémunérations (administrations des impôts)",expense,group,debit,1,,"6-Comptes de charges / 63-Impôts, taxes et versements assimilés",,,,"6-Comptes de charges / 63-Impôts, taxes et versements assimilés / 631-Impôts, taxes et versements assimilés sur rémunérations (administrations des impôts)",
6311,Taxe sur les salaires,expense,unspecified,debit,0,,"6-Comptes de charges / 63-Impôts, taxes et versements assimilés / 631-Impôts, taxes et versements assimilés sur rémunérations (administrations des impôts)",,,,"6-Comptes de charges / 63-Impôts, taxes et versements assimilés / 631-Impôts, taxes et versements assimilés sur rémunérations (administrations des impôts) / Taxe sur les salaires",
6314,Cotisation pour défaut d'investissement obligatoire dans la construction,expense,unspecified,debit,0,,"6-Comptes de charges / 63-Impôts, taxes et versements assimilés / 631-Impôts, taxes et versements assimilés sur rémunérations (administrations des impôts)",,,,"6-Comptes de charges / 63-Impôts, taxes et versements assimilés / 631-Impôts, taxes et versements assimilés sur rémunérations (administrations des impôts) / Cotisation pour défaut d'investissement obligatoire dans la construction",
6318,Autres,expense,unspecified,debit,0,,"6-Comptes de charges / 63-Impôts, taxes et versements assimilés / 631-Impôts, taxes et versements assimilés sur rémunérations (administrations des impôts)",,,,"6-Comptes de charges / 63-Impôts, taxes et versements assimilés / 631-Impôts, taxes et versements assimilés sur rémunérations (administrations des impôts) / Autres",
,"633-Impôts, taxes et versements assimilés sur rémunérations (autres organismes)",expense,group,debit,1,,"6-Comptes de charges / 63-Impôts, taxes et versements assimilés",,,,"6-Comptes de charges / 63-Impôts, taxes et versements assimilés / 633-Impôts, taxes et versements assimilés sur rémunérations (autres organismes)",
6331,Versement de transport,expense,unspecified,debit,0,,"6-Comptes de charges / 63-Impôts, taxes et versements assimilés / 633-Impôts, taxes et versements assimilés sur rémunérations (autres organismes)",,,,"6-Comptes de charges / 63-Impôts, taxes et versements assimilés / 633-Impôts, taxes et versements assimilés sur rémunérations (autres organismes) / Versement de transport",
6332,Allocations logement,expense,unspecified,debit,0,,"6-Comptes de charges / 63-Impôts, taxes et versements assimilés / 633-Impôts, taxes et versements assimilés sur rémunérations (autres organismes)",,,,"6-Comptes de charges / 63-Impôts, taxes et versements assimilés / 633-Impôts, taxes et versements assimilés sur rémunérations (autres organismes) / Allocations logement",
6333,Contribution unique des employeurs à la formation professionnelle,expense,unspecified,debit,0,,"6-Comptes de charges / 63-Impôts, taxes et versements assimilés / 633-Impôts, taxes et versements assimilés sur rémunérations (autres organismes)",,,,"6-Comptes de charges / 63-Impôts, taxes et versements assimilés / 633-Impôts, taxes et versements assimilés sur rémunérations (autres organismes) / Contribution unique des employeurs à la formation professionnelle",
6334,Participation des employeurs à l'effort de construction,expense,unspecified,debit,0,,"6-Comptes de charges / 63-Impôts, taxes et versements assimilés / 633-Impôts, taxes et versements assimilés sur rémunérations (autres organismes)",,,,"6-Comptes de charges / 63-Impôts, taxes et versements assimilés / 633-Impôts, taxes et versements assimilés sur rémunérations (autres organismes) / Participation des employeurs à l'effort de construction",
6335,Versements libératoires ouvrant droit à l'exonération de la taxe d'apprentissage,expense,unspecified,debit,0,,"6-Comptes de charges / 63-Impôts, taxes et versements assimilés / 633-Impôts, taxes et versements assimilés sur rémunérations (autres organismes)",,,,"6-Comptes de charges / 63-Impôts, taxes et versements assimilés / 633-Impôts, taxes et versements assimilés sur rémunérations (autres organismes) / Versements libératoires ouvrant droit à l'exonération de la taxe d'apprentissage",
6338,Autres,expense,unspecified,debit,0,,"6-Comptes de charges / 63-Impôts, taxes et versements assimilés / 633-Impôts, taxes et versements assimilés sur rémunérations (autres organismes)",,,,"6-Comptes de charges / 63-Impôts, taxes et versements assimilés / 633-Impôts, taxes et versements assimilés sur rémunérations (autres organismes) / Autres",
,"635-Autres impôts, taxes et versements assimilés (administrations des impôts)",expense,group,debit,1,,"6-Comptes de charges / 63-Impôts, taxes et versements assimilés",,,,"6-Comptes de charges / 63-Impôts, taxes et versements assimilés / 635-Autres impôts, taxes et versements assimilés (administrations des impôts)",
,6351-Impôts directs (sauf impôts sur les bénéfices),expense,group,debit,1,,"6-Comptes de charges / 63-Impôts, taxes et versements assimilés / 635-Autres impôts, taxes et versements assimilés (administrations des impôts)",,,,"6-Comptes de charges / 63-Impôts, taxes et versements assimilés / 635-Autres impôts, taxes et versements assimilés (administrations des impôts) / 6351-Impôts directs (sauf impôts sur les bénéfices)",
63511,Contribution économique territoriale,expense,unspecified,debit,0,,"6-Comptes de charges / 63-Impôts, taxes et versements assimilés / 635-Autres impôts, taxes et versements assimilés (administrations des impôts) / 6351-Impôts directs (sauf impôts sur les bénéfices)",,,,"6-Comptes de charges / 63-Impôts, taxes et versements assimilés / 635-Autres impôts, taxes et versements assimilés (administrations des impôts) / 6351-Impôts directs (sauf impôts sur les bénéfices) / Contribution économique territoriale",
63512,Taxes foncières,expense,unspecified,debit,0,,"6-Comptes de charges / 63-Impôts, taxes et versements assimilés / 635-Autres impôts, taxes et versements assimilés (administrations des impôts) / 6351-Impôts directs (sauf impôts sur les bénéfices)",,,,"6-Comptes de charges / 63-Impôts, taxes et versements assimilés / 635-Autres impôts, taxes et versements assimilés (administrations des impôts) / 6351-Impôts directs (sauf impôts sur les bénéfices) / Taxes foncières",
63513,Autres impôts locaux,expense,unspecified,debit,0,,"6-Comptes de charges / 63-Impôts, taxes et versements assimilés / 635-Autres impôts, taxes et versements assimilés (administrations des impôts) / 6351-Impôts directs (sauf impôts sur les bénéfices)",,,,"6-Comptes de charges / 63-Impôts, taxes et versements assimilés / 635-Autres impôts, taxes et versements assimilés (administrations des impôts) / 6351-Impôts directs (sauf impôts sur les bénéfices) / Autres impôts locaux",
63514,Taxe sur les véhicules des sociétés,expense,unspecified,debit,0,,"6-Comptes de charges / 63-Impôts, taxes et versements assimilés / 635-Autres impôts, taxes et versements assimilés (administrations des impôts) / 6351-Impôts directs (sauf impôts sur les bénéfices)",,,,"6-Comptes de charges / 63-Impôts, taxes et versements assimilés / 635-Autres impôts, taxes et versements assimilés (administrations des impôts) / 6351-Impôts directs (sauf impôts sur les bénéfices) / Taxe sur les véhicules des sociétés",
6352,Taxe sur le chiffre d'affaires non récupérables,expense,unspecified,debit,0,,"6-Comptes de charges / 63-Impôts, taxes et versements assimilés / 635-Autres impôts, taxes et versements assimilés (administrations des impôts)",,,,"6-Comptes de charges / 63-Impôts, taxes et versements assimilés / 635-Autres impôts, taxes et versements assimilés (administrations des impôts) / Taxe sur le chiffre d'affaires non récupérables",
6353,Impôts indirects,expense,unspecified,debit,0,,"6-Comptes de charges / 63-Impôts, taxes et versements assimilés / 635-Autres impôts, taxes et versements assimilés (administrations des impôts)",,,,"6-Comptes de charges / 63-Impôts, taxes et versements assimilés / 635-Autres impôts, taxes et versements assimilés (administrations des impôts) / Impôts indirects",
,6354-Droits d'enregistrement et de timbre,expense,group,debit,1,,"6-Comptes de charges / 63-Impôts, taxes et versements assimilés / 635-Autres impôts, taxes et versements assimilés (administrations des impôts)",,,,"6-Comptes de charges / 63-Impôts, taxes et versements assimilés / 635-Autres impôts, taxes et versements assimilés (administrations des impôts) / 6354-Droits d'enregistrement et de timbre",
63541,Droits de mutation,expense,unspecified,debit,0,,"6-Comptes de charges / 63-Impôts, taxes et versements assimilés / 635-Autres impôts, taxes et versements assimilés (administrations des impôts) / 6354-Droits d'enregistrement et de timbre",,,,"6-Comptes de charges / 63-Impôts, taxes et versements assimilés / 635-Autres impôts, taxes et versements assimilés (administrations des impôts) / 6354-Droits d'enregistrement et de timbre / Droits de mutation",
6358,Autres droits,expense,unspecified,debit,0,,"6-Comptes de charges / 63-Impôts, taxes et versements assimilés / 635-Autres impôts, taxes et versements assimilés (administrations des impôts)",,,,"6-Comptes de charges / 63-Impôts, taxes et versements assimilés / 635-Autres impôts, taxes et versements assimilés (administrations des impôts) / Autres droits",
,"637-Autres impôts, taxes et versements assimilés (autres organismes)",expense,group,debit,1,,"6-Comptes de charges / 63-Impôts, taxes et versements assimilés",,,,"6-Comptes de charges / 63-Impôts, taxes et versements assimilés / 637-Autres impôts, taxes et versements assimilés (autres organismes)",
6371,Contribution sociale de solidarité à la charge des sociétés,expense,unspecified,debit,0,,"6-Comptes de charges / 63-Impôts, taxes et versements assimilés / 637-Autres impôts, taxes et versements assimilés (autres organismes)",,,,"6-Comptes de charges / 63-Impôts, taxes et versements assimilés / 637-Autres impôts, taxes et versements assimilés (autres organismes) / Contribution sociale de solidarité à la charge des sociétés",
6372,Taxes perçues par les organismes publics internationaux,expense,unspecified,debit,0,,"6-Comptes de charges / 63-Impôts, taxes et versements assimilés / 637-Autres impôts, taxes et versements assimilés (autres organismes)",,,,"6-Comptes de charges / 63-Impôts, taxes et versements assimilés / 637-Autres impôts, taxes et versements assimilés (autres organismes) / Taxes perçues par les organismes publics internationaux",
6374,Impôts et taxes exigibles à l'étranger,expense,unspecified,debit,0,,"6-Comptes de charges / 63-Impôts, taxes et versements assimilés / 637-Autres impôts, taxes et versements assimilés (autres organismes)",,,,"6-Comptes de charges / 63-Impôts, taxes et versements assimilés / 637-Autres impôts, taxes et versements assimilés (autres organismes) / Impôts et taxes exigibles à l'étranger",
6378,Taxes diverses,expense,unspecified,debit,0,,"6-Comptes de charges / 63-Impôts, taxes et versements assimilés / 637-Autres impôts, taxes et versements assimilés (autres organismes)",,,,"6-Comptes de charges / 63-Impôts, taxes et versements assimilés / 637-Autres impôts, taxes et versements assimilés (autres organismes) / Taxes diverses",
638,Rappel d'impôts (autres qu'impôts sur les bénéfices),expense,unspecified,debit,0,,"6-Comptes de charges / 63-Impôts, taxes et versements assimilés",,,,"6-Comptes de charges / 63-Impôts, taxes et versements assimilés / Rappel d'impôts (autres qu'impôts sur les bénéfices)",
,64-Charges de personnel,expense,group,debit,1,,6-Comptes de charges,,,,6-Comptes de charges / 64-Charges de personnel,
,641-Rémunérations du personnel,expense,group,debit,1,,6-Comptes de charges / 64-Charges de personnel,,,,6-Comptes de charges / 64-Charges de personnel / 641-Rémunérations du personnel,
6411,"Salaires, appointements",expense,unspecified,debit,0,,6-Comptes de charges / 64-Charges de personnel / 641-Rémunérations du personnel,,,,"6-Comptes de charges / 64-Charges de personnel / 641-Rémunérations du personnel / Salaires, appointements",
6412,Congés payés,expense,unspecified,debit,0,,6-Comptes de charges / 64-Charges de personnel / 641-Rémunérations du personnel,,,,6-Comptes de charges / 64-Charges de personnel / 641-Rémunérations du personnel / Congés payés,
6413,Primes et gratifications,expense,unspecified,debit,0,,6-Comptes de charges / 64-Charges de personnel / 641-Rémunérations du personnel,,,,6-Comptes de charges / 64-Charges de personnel / 641-Rémunérations du personnel / Primes et gratifications,
6414,Indemnités et avantages divers,expense,unspecified,debit,0,,6-Comptes de charges / 64-Charges de personnel / 641-Rémunérations du personnel,,,,6-Comptes de charges / 64-Charges de personnel / 641-Rémunérations du personnel / Indemnités et avantages divers,
6415,Supplément familial,expense,unspecified,debit,0,,6-Comptes de charges / 64-Charges de personnel / 641-Rémunérations du personnel,,,,6-Comptes de charges / 64-Charges de personnel / 641-Rémunérations du personnel / Supplément familial,
644,Rémunération du travail de l'exploitant,expense,unspecified,debit,0,,6-Comptes de charges / 64-Charges de personnel,,,,6-Comptes de charges / 64-Charges de personnel / Rémunération du travail de l'exploitant,
,645-Cotisations de sécurité sociale et de prévoyance,expense,group,debit,1,,6-Comptes de charges / 64-Charges de personnel,,,,6-Comptes de charges / 64-Charges de personnel / 645-Cotisations de sécurité sociale et de prévoyance,
6451,Cotisations à l'Urssaf,expense,unspecified,debit,0,,6-Comptes de charges / 64-Charges de personnel / 645-Cotisations de sécurité sociale et de prévoyance,,,,6-Comptes de charges / 64-Charges de personnel / 645-Cotisations de sécurité sociale et de prévoyance / Cotisations à l'Urssaf,
6452,Cotisations aux mutuelles,expense,unspecified,debit,0,,6-Comptes de charges / 64-Charges de personnel / 645-Cotisations de sécurité sociale et de prévoyance,,,,6-Comptes de charges / 64-Charges de personnel / 645-Cotisations de sécurité sociale et de prévoyance / Cotisations aux mutuelles,
6453,Cotisations aux caisses de retraites,expense,unspecified,debit,0,,6-Comptes de charges / 64-Charges de personnel / 645-Cotisations de sécurité sociale et de prévoyance,,,,6-Comptes de charges / 64-Charges de personnel / 645-Cotisations de sécurité sociale et de prévoyance / Cotisations aux caisses de retraites,
6454,Cotisations à Pôle emploi,expense,unspecified,debit,0,,6-Comptes de charges / 64-Charges de personnel / 645-Cotisations de sécurité sociale et de prévoyance,,,,6-Comptes de charges / 64-Charges de personnel / 645-Cotisations de sécurité sociale et de prévoyance / Cotisations à Pôle emploi,
6458,Cotisations aux autres organismes sociaux,expense,unspecified,debit,0,,6-Comptes de charges / 64-Charges de personnel / 645-Cotisations de sécurité sociale et de prévoyance,,,,6-Comptes de charges / 64-Charges de personnel / 645-Cotisations de sécurité sociale et de prévoyance / Cotisations aux autres organismes sociaux,
646,Cotisations sociales personnelles de l'exploitant,expense,unspecified,debit,0,,6-Comptes de charges / 64-Charges de personnel,,,,6-Comptes de charges / 64-Charges de personnel / Cotisations sociales personnelles de l'exploitant,
,647-Autres cotisations sociales,expense,group,debit,1,,6-Comptes de charges / 64-Charges de personnel,,,,6-Comptes de charges / 64-Charges de personnel / 647-Autres cotisations sociales,
6471,Prestations directes,expense,unspecified,debit,0,,6-Comptes de charges / 64-Charges de personnel / 647-Autres cotisations sociales,,,,6-Comptes de charges / 64-Charges de personnel / 647-Autres cotisations sociales / Prestations directes,
6472,Versements au comité social et économique,expense,unspecified,debit,0,,6-Comptes de charges / 64-Charges de personnel / 647-Autres cotisations sociales,,,,6-Comptes de charges / 64-Charges de personnel / 647-Autres cotisations sociales / Versements au comité social et économique,
6474,Versements aux autres œuvres sociales,expense,unspecified,debit,0,,6-Comptes de charges / 64-Charges de personnel / 647-Autres cotisations sociales,,,,6-Comptes de charges / 64-Charges de personnel / 647-Autres cotisations sociales / Versements aux autres œuvres sociales,
6475,"Médecine du travail, pharmacie",expense,unspecified,debit,0,,6-Comptes de charges / 64-Charges de personnel / 647-Autres cotisations sociales,,,,"6-Comptes de charges / 64-Charges de personnel / 647-Autres cotisations sociales / Médecine du travail, pharmacie",
648,Autres charges de personnel,expense,unspecified,debit,0,,6-Comptes de charges / 64-Charges de personnel,,,,6-Comptes de charges / 64-Charges de personnel / Autres charges de personnel,
649,Remboursements de charges de personnel,expense,unspecified,debit,0,,6-Comptes de charges / 64-Charges de personnel,,,,6-Comptes de charges / 64-Charges de personnel / Remboursements de charges de personnel,
,65-Autres charges de gestion courante,expense,group,debit,1,,6-Comptes de charges,,,,6-Comptes de charges / 65-Autres charges de gestion courante,
,"651-Redevances pour concessions, brevets, licences, marques, procédés, solutions informatiques, droits et valeurs similaires",expense,group,debit,1,,6-Comptes de charges / 65-Autres charges de gestion courante,,,,"6-Comptes de charges / 65-Autres charges de gestion courante / 651-Redevances pour concessions, brevets, licences, marques, procédés, solutions informatiques, droits et valeurs similaires",
6511,"Redevances pour concessions, brevets, licences, marques, procédés, solutions informatiques",expense,unspecified,debit,0,,"6-Comptes de charges / 65-Autres charges de gestion courante / 651-Redevances pour concessions, brevets, licences, marques, procédés, solutions informatiques, droits et valeurs similaires",,,,"6-Comptes de charges / 65-Autres charges de gestion courante / 651-Redevances pour concessions, brevets, licences, marques, procédés, solutions informatiques, droits et valeurs similaires / Redevances pour concessions, brevets, licences, marques, procédés, solutions informatiques",
6516,Droits d'auteur et de reproduction,expense,unspecified,debit,0,,"6-Comptes de charges / 65-Autres charges de gestion courante / 651-Redevances pour concessions, brevets, licences, marques, procédés, solutions informatiques, droits et valeurs similaires",,,,"6-Comptes de charges / 65-Autres charges de gestion courante / 651-Redevances pour concessions, brevets, licences, marques, procédés, solutions informatiques, droits et valeurs similaires / Droits d'auteur et de reproduction",
6518,Autres droits et valeurs similaires,expense,unspecified,debit,0,,"6-Comptes de charges / 65-Autres charges de gestion courante / 651-Redevances pour concessions, brevets, licences, marques, procédés, solutions informatiques, droits et valeurs similaires",,,,"6-Comptes de charges / 65-Autres charges de gestion courante / 651-Redevances pour concessions, brevets, licences, marques, procédés, solutions informatiques, droits et valeurs similaires / Autres droits et valeurs similaires",
653,Rémunérations de l'activité des administrateurs et des gérants,expense,unspecified,debit,0,,6-Comptes de charges / 65-Autres charges de gestion courante,,,,6-Comptes de charges / 65-Autres charges de gestion courante / Rémunérations de l'activité des administrateurs et des gérants,
,654-Pertes sur créances irrécouvrables,expense,group,debit,1,,6-Comptes de charges / 65-Autres charges de gestion courante,,,,6-Comptes de charges / 65-Autres charges de gestion courante / 654-Pertes sur créances irrécouvrables,
6541,Créances de l'exercice,expense,unspecified,debit,0,,6-Comptes de charges / 65-Autres charges de gestion courante / 654-Pertes sur créances irrécouvrables,,,,6-Comptes de charges / 65-Autres charges de gestion courante / 654-Pertes sur créances irrécouvrables / Créances de l'exercice,
6544,Créances des exercices antérieurs,expense,unspecified,debit,0,,6-Comptes de charges / 65-Autres charges de gestion courante / 654-Pertes sur créances irrécouvrables,,,,6-Comptes de charges / 65-Autres charges de gestion courante / 654-Pertes sur créances irrécouvrables / Créances des exercices antérieurs,
,655-Quote-part de résultat sur opérations faites en commun,expense,group,debit,1,,6-Comptes de charges / 65-Autres charges de gestion courante,,,,6-Comptes de charges / 65-Autres charges de gestion courante / 655-Quote-part de résultat sur opérations faites en commun,
6551,Quote-part de bénéfice transférée - comptabilité du gérant,expense,unspecified,debit,0,,6-Comptes de charges / 65-Autres charges de gestion courante / 655-Quote-part de résultat sur opérations faites en commun,,,,6-Comptes de charges / 65-Autres charges de gestion courante / 655-Quote-part de résultat sur opérations faites en commun / Quote-part de bénéfice transférée - comptabilité du gérant,
6555,Quote-part de perte supportée - comptabilité des associés non gérants,expense,unspecified,debit,0,,6-Comptes de charges / 65-Autres charges de gestion courante / 655-Quote-part de résultat sur opérations faites en commun,,,,6-Comptes de charges / 65-Autres charges de gestion courante / 655-Quote-part de résultat sur opérations faites en commun / Quote-part de perte supportée - comptabilité des associés non gérants,
656,Pertes de change sur créances et dettes commerciales,expense,unspecified,debit,0,,6-Comptes de charges / 65-Autres charges de gestion courante,,,,6-Comptes de charges / 65-Autres charges de gestion courante / Pertes de change sur créances et dettes commerciales,
657,Valeurs comptables des immobilisations incorporelles et corporelles cédées,expense,unspecified,debit,0,,6-Comptes de charges / 65-Autres charges de gestion courante,,,,6-Comptes de charges / 65-Autres charges de gestion courante / Valeurs comptables des immobilisations incorporelles et corporelles cédées,
,658-Pénalités et autres charges,expense,group,debit,1,,6-Comptes de charges / 65-Autres charges de gestion courante,,,,6-Comptes de charges / 65-Autres charges de gestion courante / 658-Pénalités et autres charges,
6581,Pénalités sur marchés (et dédits payés sur achats et ventes),expense,unspecified,debit,0,,6-Comptes de charges / 65-Autres charges de gestion courante / 658-Pénalités et autres charges,,,,6-Comptes de charges / 65-Autres charges de gestion courante / 658-Pénalités et autres charges / Pénalités sur marchés (et dédits payés sur achats et ventes),
6582,"Pénalités, amendes fiscales et pénales",expense,unspecified,debit,0,,6-Comptes de charges / 65-Autres charges de gestion courante / 658-Pénalités et autres charges,,,,"6-Comptes de charges / 65-Autres charges de gestion courante / 658-Pénalités et autres charges / Pénalités, amendes fiscales et pénales",
6583,Malis provenant de clauses d'indexation,expense,unspecified,debit,0,,6-Comptes de charges / 65-Autres charges de gestion courante / 658-Pénalités et autres charges,,,,6-Comptes de charges / 65-Autres charges de gestion courante / 658-Pénalités et autres charges / Malis provenant de clauses d'indexation,
6584,Lots,expense,unspecified,debit,0,,6-Comptes de charges / 65-Autres charges de gestion courante / 658-Pénalités et autres charges,,,,6-Comptes de charges / 65-Autres charges de gestion courante / 658-Pénalités et autres charges / Lots,
6588,Opérations de constitution ou liquidation des fiducies,expense,unspecified,debit,0,,6-Comptes de charges / 65-Autres charges de gestion courante / 658-Pénalités et autres charges,,,,6-Comptes de charges / 65-Autres charges de gestion courante / 658-Pénalités et autres charges / Opérations de constitution ou liquidation des fiducies,
,66-Charges financières,expense,group,debit,1,,6-Comptes de charges,,,,6-Comptes de charges / 66-Charges financières,
,661-Charges d'intérêts,expense,group,debit,1,,6-Comptes de charges / 66-Charges financières,,,,6-Comptes de charges / 66-Charges financières / 661-Charges d'intérêts,
,6611-Intérêts des emprunts et dettes,expense,group,debit,1,,6-Comptes de charges / 66-Charges financières / 661-Charges d'intérêts,,,,6-Comptes de charges / 66-Charges financières / 661-Charges d'intérêts / 6611-Intérêts des emprunts et dettes,
66116,Intérêts des emprunts et dettes assimilées,expense,unspecified,debit,0,,6-Comptes de charges / 66-Charges financières / 661-Charges d'intérêts / 6611-Intérêts des emprunts et dettes,,,,6-Comptes de charges / 66-Charges financières / 661-Charges d'intérêts / 6611-Intérêts des emprunts et dettes / Intérêts des emprunts et dettes assimilées,
66117,Intérêts des dettes rattachées à des participations,expense,unspecified,debit,0,,6-Comptes de charges / 66-Charges financières / 661-Charges d'intérêts / 6611-Intérêts des emprunts et dettes,,,,6-Comptes de charges / 66-Charges financières / 661-Charges d'intérêts / 6611-Intérêts des emprunts et dettes / Intérêts des dettes rattachées à des participations,
6612,"Charges de la fiducie, résultat de la période",expense,unspecified,debit,0,,6-Comptes de charges / 66-Charges financières / 661-Charges d'intérêts,,,,"6-Comptes de charges / 66-Charges financières / 661-Charges d'intérêts / Charges de la fiducie, résultat de la période",
6615,Intérêts des comptes courants et des dépôts créditeurs,expense,unspecified,debit,0,,6-Comptes de charges / 66-Charges financières / 661-Charges d'intérêts,,,,6-Comptes de charges / 66-Charges financières / 661-Charges d'intérêts / Intérêts des comptes courants et des dépôts créditeurs,
6616,Intérêts bancaires et sur opérations de financement (escompte…),expense,unspecified,debit,0,,6-Comptes de charges / 66-Charges financières / 661-Charges d'intérêts,,,,6-Comptes de charges / 66-Charges financières / 661-Charges d'intérêts / Intérêts bancaires et sur opérations de financement (escompte…),
6617,Intérêts des obligations cautionnées,expense,unspecified,debit,0,,6-Comptes de charges / 66-Charges financières / 661-Charges d'intérêts,,,,6-Comptes de charges / 66-Charges financières / 661-Charges d'intérêts / Intérêts des obligations cautionnées,
,6618-Intérêts des autres dettes,expense,group,debit,1,,6-Comptes de charges / 66-Charges financières / 661-Charges d'intérêts,,,,6-Comptes de charges / 66-Charges financières / 661-Charges d'intérêts / 6618-Intérêts des autres dettes,
66181,Intérêts des dettes commerciales,expense,unspecified,debit,0,,6-Comptes de charges / 66-Charges financières / 661-Charges d'intérêts / 6618-Intérêts des autres dettes,,,,6-Comptes de charges / 66-Charges financières / 661-Charges d'intérêts / 6618-Intérêts des autres dettes / Intérêts des dettes commerciales,
66188,Intérêts des dettes diverses,expense,unspecified,debit,0,,6-Comptes de charges / 66-Charges financières / 661-Charges d'intérêts / 6618-Intérêts des autres dettes,,,,6-Comptes de charges / 66-Charges financières / 661-Charges d'intérêts / 6618-Intérêts des autres dettes / Intérêts des dettes diverses,
664,Pertes sur créances liées à des participations,expense,unspecified,debit,0,,6-Comptes de charges / 66-Charges financières,,,,6-Comptes de charges / 66-Charges financières / Pertes sur créances liées à des participations,
665,Escomptes accordés,expense,unspecified,debit,0,,6-Comptes de charges / 66-Charges financières,,,,6-Comptes de charges / 66-Charges financières / Escomptes accordés,
666,Pertes de change financières,expense,round_off,debit,0,,6-Comptes de charges / 66-Charges financières,Round Off,,,6-Comptes de charges / 66-Charges financières / Pertes de change financières,
,667-Charges sur cession d'éléments financiers,expense,group,debit,1,,6-Comptes de charges / 66-Charges financières,,,,6-Comptes de charges / 66-Charges financières / 667-Charges sur cession d'éléments financiers,
6671,Valeurs comptables des immobilisations financières cédées,expense,unspecified,debit,0,,6-Comptes de charges / 66-Charges financières / 667-Charges sur cession d'éléments financiers,,,,6-Comptes de charges / 66-Charges financières / 667-Charges sur cession d'éléments financiers / Valeurs comptables des immobilisations financières cédées,
6672,Charges nettes sur cessions de titres immobilisés de l'activité de portefeuille,expense,unspecified,debit,0,,6-Comptes de charges / 66-Charges financières / 667-Charges sur cession d'éléments financiers,,,,6-Comptes de charges / 66-Charges financières / 667-Charges sur cession d'éléments financiers / Charges nettes sur cessions de titres immobilisés de l'activité de portefeuille,
6673,Charges nettes sur cessions de valeurs mobilières de placement,expense,unspecified,debit,0,,6-Comptes de charges / 66-Charges financières / 667-Charges sur cession d'éléments financiers,,,,6-Comptes de charges / 66-Charges financières / 667-Charges sur cession d'éléments financiers / Charges nettes sur cessions de valeurs mobilières de placement,
6674,Charges nettes sur cessions de jetons,expense,unspecified,debit,0,,6-Comptes de charges / 66-Charges financières / 667-Charges sur cession d'éléments financiers,,,,6-Comptes de charges / 66-Charges financières / 667-Charges sur cession d'éléments financiers / Charges nettes sur cessions de jetons,
,668-Autres charges financières,expense,group,debit,1,,6-Comptes de charges / 66-Charges financières,,,,6-Comptes de charges / 66-Charges financières / 668-Autres charges financières,
6683,Mali provenant du rachat par l'entité d'actions et obligations émises par elle-même,expense,unspecified,debit,0,,6-Comptes de charges / 66-Charges financières / 668-Autres charges financières,,,,6-Comptes de charges / 66-Charges financières / 668-Autres charges financières / Mali provenant du rachat par l'entité d'actions et obligations émises par elle-même,
,67-Charges exceptionnelles,expense,group,debit,1,,6-Comptes de charges,,,,6-Comptes de charges / 67-Charges exceptionnelles,
672,"(Compte à la disposition des entités pour enregistrer, en cours d'exercice, les charges sur exercices antérieurs)",expense,unspecified,debit,0,,6-Comptes de charges / 67-Charges exceptionnelles,,,,"6-Comptes de charges / 67-Charges exceptionnelles / (Compte à la disposition des entités pour enregistrer, en cours d'exercice, les charges sur exercices antérieurs)",
678,Autres charges exceptionnelles,expense,unspecified,debit,0,,6-Comptes de charges / 67-Charges exceptionnelles,,,,6-Comptes de charges / 67-Charges exceptionnelles / Autres charges exceptionnelles,
,"68-Dotations aux amortissements, aux dépréciations et aux provisions",expense,depreciation,debit,1,,6-Comptes de charges,Depreciation,,,"6-Comptes de charges / 68-Dotations aux amortissements, aux dépréciations et aux provisions",
,"681-Dotations aux amortissements, aux dépréciations et aux provisions (à inscrire dans les charges d'exploitation)",expense,depreciation,debit,1,,"6-Comptes de charges / 68-Dotations aux amortissements, aux dépréciations et aux provisions",Depreciation,,,"6-Comptes de charges / 68-Dotations aux amortissements, aux dépréciations et aux provisions / 681-Dotations aux amortissements, aux dépréciations et aux provisions (à inscrire dans les charges d'exploitation)",
,6811-Dotations aux amortissements sur immobilisations incorporelles et corporelles,expense,depreciation,debit,1,,"6-Comptes de charges / 68-Dotations aux amortissements, aux dépréciations et aux provisions / 681-Dotations aux amortissements, aux dépréciations et aux provisions (à inscrire dans les charges d'exploitation)",Depreciation,,,"6-Comptes de charges / 68-Dotations aux amortissements, aux dépréciations et aux provisions / 681-Dotations aux amortissements, aux dépréciations et aux provisions (à inscrire dans les charges d'exploitation) / 6811-Dotations aux amortissements sur immobilisations incorporelles et corporelles",
68111,Immobilisations incorporelles et frais d'établissement,expense,depreciation,debit,0,,"6-Comptes de charges / 68-Dotations aux amortissements, aux dépréciations et aux provisions / 681-Dotations aux amortissements, aux dépréciations et aux provisions (à inscrire dans les charges d'exploitation) / 6811-Dotations aux amortissements sur immobilisations incorporelles et corporelles",Depreciation,,,"6-Comptes de charges / 68-Dotations aux amortissements, aux dépréciations et aux provisions / 681-Dotations aux amortissements, aux dépréciations et aux provisions (à inscrire dans les charges d'exploitation) / 6811-Dotations aux amortissements sur immobilisations incorporelles et corporelles / Immobilisations incorporelles et frais d'établissement",
68112,Immobilisations corporelles,expense,depreciation,debit,0,,"6-Comptes de charges / 68-Dotations aux amortissements, aux dépréciations et aux provisions / 681-Dotations aux amortissements, aux dépréciations et aux provisions (à inscrire dans les charges d'exploitation) / 6811-Dotations aux amortissements sur immobilisations incorporelles et corporelles",Depreciation,,,"6-Comptes de charges / 68-Dotations aux amortissements, aux dépréciations et aux provisions / 681-Dotations aux amortissements, aux dépréciations et aux provisions (à inscrire dans les charges d'exploitation) / 6811-Dotations aux amortissements sur immobilisations incorporelles et corporelles / Immobilisations corporelles",
6815,Dotations aux provisions d'exploitation,expense,depreciation,debit,0,,"6-Comptes de charges / 68-Dotations aux amortissements, aux dépréciations et aux provisions / 681-Dotations aux amortissements, aux dépréciations et aux provisions (à inscrire dans les charges d'exploitation)",Depreciation,,,"6-Comptes de charges / 68-Dotations aux amortissements, aux dépréciations et aux provisions / 681-Dotations aux amortissements, aux dépréciations et aux provisions (à inscrire dans les charges d'exploitation) / Dotations aux provisions d'exploitation",
,6816-Dotations pour dépréciations des immobilisations incorporelles et corporelles,expense,depreciation,debit,1,,"6-Comptes de charges / 68-Dotations aux amortissements, aux dépréciations et aux provisions / 681-Dotations aux amortissements, aux dépréciations et aux provisions (à inscrire dans les charges d'exploitation)",Depreciation,,,"6-Comptes de charges / 68-Dotations aux amortissements, aux dépréciations et aux provisions / 681-Dotations aux amortissements, aux dépréciations et aux provisions (à inscrire dans les charges d'exploitation) / 6816-Dotations pour dépréciations des immobilisations incorporelles et corporelles",
68161,Immobilisations incorporelles,expense,depreciation,debit,0,,"6-Comptes de charges / 68-Dotations aux amortissements, aux dépréciations et aux provisions / 681-Dotations aux amortissements, aux dépréciations et aux provisions (à inscrire dans les charges d'exploitation) / 6816-Dotations pour dépréciations des immobilisations incorporelles et corporelles",Depreciation,,,"6-Comptes de charges / 68-Dotations aux amortissements, aux dépréciations et aux provisions / 681-Dotations aux amortissements, aux dépréciations et aux provisions (à inscrire dans les charges d'exploitation) / 6816-Dotations pour dépréciations des immobilisations incorporelles et corporelles / Immobilisations incorporelles",
68162,Immobilisations corporelles,expense,depreciation,debit,0,,"6-Comptes de charges / 68-Dotations aux amortissements, aux dépréciations et aux provisions / 681-Dotations aux amortissements, aux dépréciations et aux provisions (à inscrire dans les charges d'exploitation) / 6816-Dotations pour dépréciations des immobilisations incorporelles et corporelles",Depreciation,,,"6-Comptes de charges / 68-Dotations aux amortissements, aux dépréciations et aux provisions / 681-Dotations aux amortissements, aux dépréciations et aux provisions (à inscrire dans les charges d'exploitation) / 6816-Dotations pour dépréciations des immobilisations incorporelles et corporelles / Immobilisations corporelles",
,6817-Dotations pour dépréciations des actifs circulants,expense,depreciation,debit,1,,"6-Comptes de charges / 68-Dotations aux amortissements, aux dépréciations et aux provisions / 681-Dotations aux amortissements, aux dépréciations et aux provisions (à inscrire dans les charges d'exploitation)",Depreciation,,,"6-Comptes de charges / 68-Dotations aux amortissements, aux dépréciations et aux provisions / 681-Dotations aux amortissements, aux dépréciations et aux provisions (à inscrire dans les charges d'exploitation) / 6817-Dotations pour dépréciations des actifs circulants",
68173,Stocks et en-cours,expense,depreciation,debit,0,,"6-Comptes de charges / 68-Dotations aux amortissements, aux dépréciations et aux provisions / 681-Dotations aux amortissements, aux dépréciations et aux provisions (à inscrire dans les charges d'exploitation) / 6817-Dotations pour dépréciations des actifs circulants",Depreciation,,,"6-Comptes de charges / 68-Dotations aux amortissements, aux dépréciations et aux provisions / 681-Dotations aux amortissements, aux dépréciations et aux provisions (à inscrire dans les charges d'exploitation) / 6817-Dotations pour dépréciations des actifs circulants / Stocks et en-cours",
68174,Créances,expense,depreciation,debit,0,,"6-Comptes de charges / 68-Dotations aux amortissements, aux dépréciations et aux provisions / 681-Dotations aux amortissements, aux dépréciations et aux provisions (à inscrire dans les charges d'exploitation) / 6817-Dotations pour dépréciations des actifs circulants",Depreciation,,,"6-Comptes de charges / 68-Dotations aux amortissements, aux dépréciations et aux provisions / 681-Dotations aux amortissements, aux dépréciations et aux provisions (à inscrire dans les charges d'exploitation) / 6817-Dotations pour dépréciations des actifs circulants / Créances",
,"686-Dotations aux amortissements, aux dépréciations et aux provisions (à inscrire dans les charges financières)",expense,depreciation,debit,1,,"6-Comptes de charges / 68-Dotations aux amortissements, aux dépréciations et aux provisions",Depreciation,,,"6-Comptes de charges / 68-Dotations aux amortissements, aux dépréciations et aux provisions / 686-Dotations aux amortissements, aux dépréciations et aux provisions (à inscrire dans les charges financières)",
6861,Dotations aux amortissements des primes de remboursement des emprunts,expense,depreciation,debit,0,,"6-Comptes de charges / 68-Dotations aux amortissements, aux dépréciations et aux provisions / 686-Dotations aux amortissements, aux dépréciations et aux provisions (à inscrire dans les charges financières)",Depreciation,,,"6-Comptes de charges / 68-Dotations aux amortissements, aux dépréciations et aux provisions / 686-Dotations aux amortissements, aux dépréciations et aux provisions (à inscrire dans les charges financières) / Dotations aux amortissements des primes de remboursement des emprunts",
6862,Dotations aux amortissements des frais d'émission des emprunts,expense,depreciation,debit,0,,"6-Comptes de charges / 68-Dotations aux amortissements, aux dépréciations et aux provisions / 686-Dotations aux amortissements, aux dépréciations et aux provisions (à inscrire dans les charges financières)",Depreciation,,,"6-Comptes de charges / 68-Dotations aux amortissements, aux dépréciations et aux provisions / 686-Dotations aux amortissements, aux dépréciations et aux provisions (à inscrire dans les charges financières) / Dotations aux amortissements des frais d'émission des emprunts",
6865,Dotations aux provisions financières,expense,depreciation,debit,0,,"6-Comptes de charges / 68-Dotations aux amortissements, aux dépréciations et aux provisions / 686-Dotations aux amortissements, aux dépréciations et aux provisions (à inscrire dans les charges financières)",Depreciation,,,"6-Comptes de charges / 68-Dotations aux amortissements, aux dépréciations et aux provisions / 686-Dotations aux amortissements, aux dépréciations et aux provisions (à inscrire dans les charges financières) / Dotations aux provisions financières",
,6866-Dotations pour dépréciation des éléments financiers,expense,depreciation,debit,1,,"6-Comptes de charges / 68-Dotations aux amortissements, aux dépréciations et aux provisions / 686-Dotations aux amortissements, aux dépréciations et aux provisions (à inscrire dans les charges financières)",Depreciation,,,"6-Comptes de charges / 68-Dotations aux amortissements, aux dépréciations et aux provisions / 686-Dotations aux amortissements, aux dépréciations et aux provisions (à inscrire dans les charges financières) / 6866-Dotations pour dépréciation des éléments financiers",
68662,Immobilisations financières,expense,depreciation,debit,0,,"6-Comptes de charges / 68-Dotations aux amortissements, aux dépréciations et aux provisions / 686-Dotations aux amortissements, aux dépréciations et aux provisions (à inscrire dans les charges financières) / 6866-Dotations pour dépréciation des éléments financiers",Depreciation,,,"6-Comptes de charges / 68-Dotations aux amortissements, aux dépréciations et aux provisions / 686-Dotations aux amortissements, aux dépréciations et aux provisions (à inscrire dans les charges financières) / 6866-Dotations pour dépréciation des éléments financiers / Immobilisations financières",
68665,Valeurs mobilières de placement,expense,depreciation,debit,0,,"6-Comptes de charges / 68-Dotations aux amortissements, aux dépréciations et aux provisions / 686-Dotations aux amortissements, aux dépréciations et aux provisions (à inscrire dans les charges financières) / 6866-Dotations pour dépréciation des éléments financiers",Depreciation,,,"6-Comptes de charges / 68-Dotations aux amortissements, aux dépréciations et aux provisions / 686-Dotations aux amortissements, aux dépréciations et aux provisions (à inscrire dans les charges financières) / 6866-Dotations pour dépréciation des éléments financiers / Valeurs mobilières de placement",
,"687-Dotations aux amortissements, aux dépréciations et aux provisions (à inscrire dans les charges exceptionnelles)",expense,depreciation,debit,1,,"6-Comptes de charges / 68-Dotations aux amortissements, aux dépréciations et aux provisions",Depreciation,,,"6-Comptes de charges / 68-Dotations aux amortissements, aux dépréciations et aux provisions / 687-Dotations aux amortissements, aux dépréciations et aux provisions (à inscrire dans les charges exceptionnelles)",
6871,Dotations aux amortissements exceptionnels des immobilisations,expense,depreciation,debit,0,,"6-Comptes de charges / 68-Dotations aux amortissements, aux dépréciations et aux provisions / 687-Dotations aux amortissements, aux dépréciations et aux provisions (à inscrire dans les charges exceptionnelles)",Depreciation,,,"6-Comptes de charges / 68-Dotations aux amortissements, aux dépréciations et aux provisions / 687-Dotations aux amortissements, aux dépréciations et aux provisions (à inscrire dans les charges exceptionnelles) / Dotations aux amortissements exceptionnels des immobilisations",
,Dotations aux provisions réglementées (immobilisations),expense,depreciation,debit,1,,"6-Comptes de charges / 68-Dotations aux amortissements, aux dépréciations et aux provisions / 687-Dotations aux amortissements, aux dépréciations et aux provisions (à inscrire dans les charges exceptionnelles)",Depreciation,,,"6-Comptes de charges / 68-Dotations aux amortissements, aux dépréciations et aux provisions / 687-Dotations aux amortissements, aux dépréciations et aux provisions (à inscrire dans les charges exceptionnelles) / Dotations aux provisions réglementées (immobilisations)",
68725,Amortissements dérogatoires,expense,depreciation,debit,0,,"6-Comptes de charges / 68-Dotations aux amortissements, aux dépréciations et aux provisions / 687-Dotations aux amortissements, aux dépréciations et aux provisions (à inscrire dans les charges exceptionnelles) / Dotations aux provisions réglementées (immobilisations)",Depreciation,,,"6-Comptes de charges / 68-Dotations aux amortissements, aux dépréciations et aux provisions / 687-Dotations aux amortissements, aux dépréciations et aux provisions (à inscrire dans les charges exceptionnelles) / Dotations aux provisions réglementées (immobilisations) / Amortissements dérogatoires",
6873,Dotations aux provisions réglementées (stocks),expense,depreciation,debit,0,,"6-Comptes de charges / 68-Dotations aux amortissements, aux dépréciations et aux provisions / 687-Dotations aux amortissements, aux dépréciations et aux provisions (à inscrire dans les charges exceptionnelles)",Depreciation,,,"6-Comptes de charges / 68-Dotations aux amortissements, aux dépréciations et aux provisions / 687-Dotations aux amortissements, aux dépréciations et aux provisions (à inscrire dans les charges exceptionnelles) / Dotations aux provisions réglementées (stocks)",
6874,Dotations aux autres provisions réglementées,expense,depreciation,debit,0,,"6-Comptes de charges / 68-Dotations aux amortissements, aux dépréciations et aux provisions / 687-Dotations aux amortissements, aux dépréciations et aux provisions (à inscrire dans les charges exceptionnelles)",Depreciation,,,"6-Comptes de charges / 68-Dotations aux amortissements, aux dépréciations et aux provisions / 687-Dotations aux amortissements, aux dépréciations et aux provisions (à inscrire dans les charges exceptionnelles) / Dotations aux autres provisions réglementées",
6875,Dotations aux provisions exceptionnelles,expense,depreciation,debit,0,,"6-Comptes de charges / 68-Dotations aux amortissements, aux dépréciations et aux provisions / 687-Dotations aux amortissements, aux dépréciations et aux provisions (à inscrire dans les charges exceptionnelles)",Depreciation,,,"6-Comptes de charges / 68-Dotations aux amortissements, aux dépréciations et aux provisions / 687-Dotations aux amortissements, aux dépréciations et aux provisions (à inscrire dans les charges exceptionnelles) / Dotations aux provisions exceptionnelles",
6876,Dotations pour dépréciations exceptionnelles,expense,depreciation,debit,0,,"6-Comptes de charges / 68-Dotations aux amortissements, aux dépréciations et aux provisions / 687-Dotations aux amortissements, aux dépréciations et aux provisions (à inscrire dans les charges exceptionnelles)",Depreciation,,,"6-Comptes de charges / 68-Dotations aux amortissements, aux dépréciations et aux provisions / 687-Dotations aux amortissements, aux dépréciations et aux provisions (à inscrire dans les charges exceptionnelles) / Dotations pour dépréciations exceptionnelles",
,69-Participation des salariés - Impôts sur les bénéfices et assimilés,expense,group,debit,1,,6-Comptes de charges,,,,6-Comptes de charges / 69-Participation des salariés - Impôts sur les bénéfices et assimilés,
691,Participation des salariés aux résultats,expense,unspecified,debit,0,,6-Comptes de charges / 69-Participation des salariés - Impôts sur les bénéfices et assimilés,,,,6-Comptes de charges / 69-Participation des salariés - Impôts sur les bénéfices et assimilés / Participation des salariés aux résultats,
,695-Impôts sur les bénéfices,expense,group,debit,1,,6-Comptes de charges / 69-Participation des salariés - Impôts sur les bénéfices et assimilés,,,,6-Comptes de charges / 69-Participation des salariés - Impôts sur les bénéfices et assimilés / 695-Impôts sur les bénéfices,
6951,Impôts dus en France,expense,unspecified,debit,0,,6-Comptes de charges / 69-Participation des salariés - Impôts sur les bénéfices et assimilés / 695-Impôts sur les bénéfices,,,,6-Comptes de charges / 69-Participation des salariés - Impôts sur les bénéfices et assimilés / 695-Impôts sur les bénéfices / Impôts dus en France,
6952,Contribution additionnelle à l'impôt sur les bénéfices,expense,unspecified,debit,0,,6-Comptes de charges / 69-Participation des salariés - Impôts sur les bénéfices et assimilés / 695-Impôts sur les bénéfices,,,,6-Comptes de charges / 69-Participation des salariés - Impôts sur les bénéfices et assimilés / 695-Impôts sur les bénéfices / Contribution additionnelle à l'impôt sur les bénéfices,
6954,Impôts dus à l'étranger,expense,unspecified,debit,0,,6-Comptes de charges / 69-Participation des salariés - Impôts sur les bénéfices et assimilés / 695-Impôts sur les bénéfices,,,,6-Comptes de charges / 69-Participation des salariés - Impôts sur les bénéfices et assimilés / 695-Impôts sur les bénéfices / Impôts dus à l'étranger,
696,Suppléments d'impôt sur les sociétés liés aux distributions,expense,unspecified,debit,0,,6-Comptes de charges / 69-Participation des salariés - Impôts sur les bénéfices et assimilés,,,,6-Comptes de charges / 69-Participation des salariés - Impôts sur les bénéfices et assimilés / Suppléments d'impôt sur les sociétés liés aux distributions,
,698-Intégration fiscale,expense,group,debit,1,,6-Comptes de charges / 69-Participation des salariés - Impôts sur les bénéfices et assimilés,,,,6-Comptes de charges / 69-Participation des salariés - Impôts sur les bénéfices et assimilés / 698-Intégration fiscale,
6981,Intégration fiscale - Charges,expense,unspecified,debit,0,,6-Comptes de charges / 69-Participation des salariés - Impôts sur les bénéfices et assimilés / 698-Intégration fiscale,,,,6-Comptes de charges / 69-Participation des salariés - Impôts sur les bénéfices et assimilés / 698-Intégration fiscale / Intégration fiscale - Charges,
6989,Intégration fiscale - Produits,expense,unspecified,debit,0,,6-Comptes de charges / 69-Participation des salariés - Impôts sur les bénéfices et assimilés / 698-Intégration fiscale,,,,6-Comptes de charges / 69-Participation des salariés - Impôts sur les bénéfices et assimilés / 698-Intégration fiscale / Intégration fiscale - Produits,
699,Produits - Reports en arrière des déficits,expense,unspecified,debit,0,,6-Comptes de charges / 69-Participation des salariés - Impôts sur les bénéfices et assimilés,,,,6-Comptes de charges / 69-Participation des salariés - Impôts sur les bénéfices et assimilés / Produits - Reports en arrière des déficits,
,7-Comptes de produits,income,group,credit,1,,,,,,7-Comptes de produits,
,"70-Ventes de produits fabriqués, prestations de services, marchandises",income,group,credit,1,,7-Comptes de produits,,,,"7-Comptes de produits / 70-Ventes de produits fabriqués, prestations de services, marchandises",
701,Ventes de produits finis,income,unspecified,credit,0,,"7-Comptes de produits / 70-Ventes de produits fabriqués, prestations de services, marchandises",,,,"7-Comptes de produits / 70-Ventes de produits fabriqués, prestations de services, marchandises / Ventes de produits finis",
702,Ventes de produits intermédiaires,income,unspecified,credit,0,,"7-Comptes de produits / 70-Ventes de produits fabriqués, prestations de services, marchandises",,,,"7-Comptes de produits / 70-Ventes de produits fabriqués, prestations de services, marchandises / Ventes de produits intermédiaires",
703,Ventes de produits résiduels,income,unspecified,credit,0,,"7-Comptes de produits / 70-Ventes de produits fabriqués, prestations de services, marchandises",,,,"7-Comptes de produits / 70-Ventes de produits fabriqués, prestations de services, marchandises / Ventes de produits résiduels",
704,Travaux,income,unspecified,credit,0,,"7-Comptes de produits / 70-Ventes de produits fabriqués, prestations de services, marchandises",,,,"7-Comptes de produits / 70-Ventes de produits fabriqués, prestations de services, marchandises / Travaux",
705,Études,income,unspecified,credit,0,,"7-Comptes de produits / 70-Ventes de produits fabriqués, prestations de services, marchandises",,,,"7-Comptes de produits / 70-Ventes de produits fabriqués, prestations de services, marchandises / Études",
706,Prestations de services,income,unspecified,credit,0,,"7-Comptes de produits / 70-Ventes de produits fabriqués, prestations de services, marchandises",,,,"7-Comptes de produits / 70-Ventes de produits fabriqués, prestations de services, marchandises / Prestations de services",
,707-Ventes de marchandises,income,group,credit,1,,"7-Comptes de produits / 70-Ventes de produits fabriqués, prestations de services, marchandises",,,,"7-Comptes de produits / 70-Ventes de produits fabriqués, prestations de services, marchandises / 707-Ventes de marchandises",
7071,Marchandises,income,unspecified,credit,0,,"7-Comptes de produits / 70-Ventes de produits fabriqués, prestations de services, marchandises / 707-Ventes de marchandises",,,,"7-Comptes de produits / 70-Ventes de produits fabriqués, prestations de services, marchandises / 707-Ventes de marchandises / Marchandises",
7079,Éco-participation,income,income,credit,0,,"7-Comptes de produits / 70-Ventes de produits fabriqués, prestations de services, marchandises / 707-Ventes de marchandises",Income Account,,,"7-Comptes de produits / 70-Ventes de produits fabriqués, prestations de services, marchandises / 707-Ventes de marchandises / Éco-participation",
,708-Produits des activités annexes,income,group,credit,1,,"7-Comptes de produits / 70-Ventes de produits fabriqués, prestations de services, marchandises",,,,"7-Comptes de produits / 70-Ventes de produits fabriqués, prestations de services, marchandises / 708-Produits des activités annexes",
7081,Produits des services exploités dans l'intérêt du personnel,income,unspecified,credit,0,,"7-Comptes de produits / 70-Ventes de produits fabriqués, prestations de services, marchandises / 708-Produits des activités annexes",,,,"7-Comptes de produits / 70-Ventes de produits fabriqués, prestations de services, marchandises / 708-Produits des activités annexes / Produits des services exploités dans l'intérêt du personnel",
7082,Commissions et courtages,income,unspecified,credit,0,,"7-Comptes de produits / 70-Ventes de produits fabriqués, prestations de services, marchandises / 708-Produits des activités annexes",,,,"7-Comptes de produits / 70-Ventes de produits fabriqués, prestations de services, marchandises / 708-Produits des activités annexes / Commissions et courtages",
7083,Locations diverses,income,unspecified,credit,0,,"7-Comptes de produits / 70-Ventes de produits fabriqués, prestations de services, marchandises / 708-Produits des activités annexes",,,,"7-Comptes de produits / 70-Ventes de produits fabriqués, prestations de services, marchandises / 708-Produits des activités annexes / Locations diverses",
7084,Mise à disposition de personnel facturée,income,unspecified,credit,0,,"7-Comptes de produits / 70-Ventes de produits fabriqués, prestations de services, marchandises / 708-Produits des activités annexes",,,,"7-Comptes de produits / 70-Ventes de produits fabriqués, prestations de services, marchandises / 708-Produits des activités annexes / Mise à disposition de personnel facturée",
7085,Ports et frais accessoires facturés,income,unspecified,credit,0,,"7-Comptes de produits / 70-Ventes de produits fabriqués, prestations de services, marchandises / 708-Produits des activités annexes",,,,"7-Comptes de produits / 70-Ventes de produits fabriqués, prestations de services, marchandises / 708-Produits des activités annexes / Ports et frais accessoires facturés",
7086,Bonis sur reprises d'emballages consignés,income,unspecified,credit,0,,"7-Comptes de produits / 70-Ventes de produits fabriqués, prestations de services, marchandises / 708-Produits des activités annexes",,,,"7-Comptes de produits / 70-Ventes de produits fabriqués, prestations de services, marchandises / 708-Produits des activités annexes / Bonis sur reprises d'emballages consignés",
7087,Bonifications obtenues des clients et primes sur ventes,income,unspecified,credit,0,,"7-Comptes de produits / 70-Ventes de produits fabriqués, prestations de services, marchandises / 708-Produits des activités annexes",,,,"7-Comptes de produits / 70-Ventes de produits fabriqués, prestations de services, marchandises / 708-Produits des activités annexes / Bonifications obtenues des clients et primes sur ventes",
7088,Autres produits d'activités annexes (cessions d'approvisionnements),income,unspecified,credit,0,,"7-Comptes de produits / 70-Ventes de produits fabriqués, prestations de services, marchandises / 708-Produits des activités annexes",,,,"7-Comptes de produits / 70-Ventes de produits fabriqués, prestations de services, marchandises / 708-Produits des activités annexes / Autres produits d'activités annexes (cessions d'approvisionnements)",
,"709-Rabais, remises et ristournes accordés",income,group,credit,1,,"7-Comptes de produits / 70-Ventes de produits fabriqués, prestations de services, marchandises",,,,"7-Comptes de produits / 70-Ventes de produits fabriqués, prestations de services, marchandises / 709-Rabais, remises et ristournes accordés",
7091,"Rabais, remises et ristournes accordés sur ventes de produits finis",income,unspecified,credit,0,,"7-Comptes de produits / 70-Ventes de produits fabriqués, prestations de services, marchandises / 709-Rabais, remises et ristournes accordés",,,,"7-Comptes de produits / 70-Ventes de produits fabriqués, prestations de services, marchandises / 709-Rabais, remises et ristournes accordés / Rabais, remises et ristournes accordés sur ventes de produits finis",
7092,"Rabais, remises et ristournes accordés sur ventes de produits intermédiaires",income,unspecified,credit,0,,"7-Comptes de produits / 70-Ventes de produits fabriqués, prestations de services, marchandises / 709-Rabais, remises et ristournes accordés",,,,"7-Comptes de produits / 70-Ventes de produits fabriqués, prestations de services, marchandises / 709-Rabais, remises et ristournes accordés / Rabais, remises et ristournes accordés sur ventes de produits intermédiaires",
7094,"Rabais, remises et ristournes accordés sur travaux",income,unspecified,credit,0,,"7-Comptes de produits / 70-Ventes de produits fabriqués, prestations de services, marchandises / 709-Rabais, remises et ristournes accordés",,,,"7-Comptes de produits / 70-Ventes de produits fabriqués, prestations de services, marchandises / 709-Rabais, remises et ristournes accordés / Rabais, remises et ristournes accordés sur travaux",
7095,"Rabais, remises et ristournes accordés sur études",income,unspecified,credit,0,,"7-Comptes de produits / 70-Ventes de produits fabriqués, prestations de services, marchandises / 709-Rabais, remises et ristournes accordés",,,,"7-Comptes de produits / 70-Ventes de produits fabriqués, prestations de services, marchandises / 709-Rabais, remises et ristournes accordés / Rabais, remises et ristournes accordés sur études",
7096,"Rabais, remises et ristournes accordés sur prestations de services",income,unspecified,credit,0,,"7-Comptes de produits / 70-Ventes de produits fabriqués, prestations de services, marchandises / 709-Rabais, remises et ristournes accordés",,,,"7-Comptes de produits / 70-Ventes de produits fabriqués, prestations de services, marchandises / 709-Rabais, remises et ristournes accordés / Rabais, remises et ristournes accordés sur prestations de services",
7097,"Rabais, remises et ristournes accordés sur ventes de marchandises",income,unspecified,credit,0,,"7-Comptes de produits / 70-Ventes de produits fabriqués, prestations de services, marchandises / 709-Rabais, remises et ristournes accordés",,,,"7-Comptes de produits / 70-Ventes de produits fabriqués, prestations de services, marchandises / 709-Rabais, remises et ristournes accordés / Rabais, remises et ristournes accordés sur ventes de marchandises",
7098,"Rabais, remises et ristournes accordés sur produits des activités annexes",income,unspecified,credit,0,,"7-Comptes de produits / 70-Ventes de produits fabriqués, prestations de services, marchandises / 709-Rabais, remises et ristournes accordés",,,,"7-Comptes de produits / 70-Ventes de produits fabriqués, prestations de services, marchandises / 709-Rabais, remises et ristournes accordés / Rabais, remises et ristournes accordés sur produits des activités annexes",
,71-Production stockée (ou déstockage),income,group,credit,1,,7-Comptes de produits,,,,7-Comptes de produits / 71-Production stockée (ou déstockage),
,713-Variation des stocks des en-cours de production et de produits,income,group,credit,1,,7-Comptes de produits / 71-Production stockée (ou déstockage),,,,7-Comptes de produits / 71-Production stockée (ou déstockage) / 713-Variation des stocks des en-cours de production et de produits,
,7133-Variation des en-cours de production de biens,income,group,credit,1,,7-Comptes de produits / 71-Production stockée (ou déstockage) / 713-Variation des stocks des en-cours de production et de produits,,,,7-Comptes de produits / 71-Production stockée (ou déstockage) / 713-Variation des stocks des en-cours de production et de produits / 7133-Variation des en-cours de production de biens,
71331,Produits en cours,income,unspecified,credit,0,,7-Comptes de produits / 71-Production stockée (ou déstockage) / 713-Variation des stocks des en-cours de production et de produits / 7133-Variation des en-cours de production de biens,,,,7-Comptes de produits / 71-Production stockée (ou déstockage) / 713-Variation des stocks des en-cours de production et de produits / 7133-Variation des en-cours de production de biens / Produits en cours,
71335,Travaux en cours,income,unspecified,credit,0,,7-Comptes de produits / 71-Production stockée (ou déstockage) / 713-Variation des stocks des en-cours de production et de produits / 7133-Variation des en-cours de production de biens,,,,7-Comptes de produits / 71-Production stockée (ou déstockage) / 713-Variation des stocks des en-cours de production et de produits / 7133-Variation des en-cours de production de biens / Travaux en cours,
,7134-Variation des en-cours de production de services,income,group,credit,1,,7-Comptes de produits / 71-Production stockée (ou déstockage) / 713-Variation des stocks des en-cours de production et de produits,,,,7-Comptes de produits / 71-Production stockée (ou déstockage) / 713-Variation des stocks des en-cours de production et de produits / 7134-Variation des en-cours de production de services,
71341,Études en cours,income,unspecified,credit,0,,7-Comptes de produits / 71-Production stockée (ou déstockage) / 713-Variation des stocks des en-cours de production et de produits / 7134-Variation des en-cours de production de services,,,,7-Comptes de produits / 71-Production stockée (ou déstockage) / 713-Variation des stocks des en-cours de production et de produits / 7134-Variation des en-cours de production de services / Études en cours,
71345,Prestations de services en cours,income,unspecified,credit,0,,7-Comptes de produits / 71-Production stockée (ou déstockage) / 713-Variation des stocks des en-cours de production et de produits / 7134-Variation des en-cours de production de services,,,,7-Comptes de produits / 71-Production stockée (ou déstockage) / 713-Variation des stocks des en-cours de production et de produits / 7134-Variation des en-cours de production de services / Prestations de services en cours,
,7135-Variation des stocks de produits,income,group,credit,1,,7-Comptes de produits / 71-Production stockée (ou déstockage) / 713-Variation des stocks des en-cours de production et de produits,,,,7-Comptes de produits / 71-Production stockée (ou déstockage) / 713-Variation des stocks des en-cours de production et de produits / 7135-Variation des stocks de produits,
71351,Produits intermédiaires,income,unspecified,credit,0,,7-Comptes de produits / 71-Production stockée (ou déstockage) / 713-Variation des stocks des en-cours de production et de produits / 7135-Variation des stocks de produits,,,,7-Comptes de produits / 71-Production stockée (ou déstockage) / 713-Variation des stocks des en-cours de production et de produits / 7135-Variation des stocks de produits / Produits intermédiaires,
71355,Produits finis,income,unspecified,credit,0,,7-Comptes de produits / 71-Production stockée (ou déstockage) / 713-Variation des stocks des en-cours de production et de produits / 7135-Variation des stocks de produits,,,,7-Comptes de produits / 71-Production stockée (ou déstockage) / 713-Variation des stocks des en-cours de production et de produits / 7135-Variation des stocks de produits / Produits finis,
71358,Produits résiduels,income,unspecified,credit,0,,7-Comptes de produits / 71-Production stockée (ou déstockage) / 713-Variation des stocks des en-cours de production et de produits / 7135-Variation des stocks de produits,,,,7-Comptes de produits / 71-Production stockée (ou déstockage) / 713-Variation des stocks des en-cours de production et de produits / 7135-Variation des stocks de produits / Produits résiduels,
,72-Production immobilisée,income,group,credit,1,,7-Comptes de produits,,,,7-Comptes de produits / 72-Production immobilisée,
721,Immobilisations incorporelles,income,unspecified,credit,0,,7-Comptes de produits / 72-Production immobilisée,,,,7-Comptes de produits / 72-Production immobilisée / Immobilisations incorporelles,
722,Immobilisations corporelles,income,unspecified,credit,0,,7-Comptes de produits / 72-Production immobilisée,,,,7-Comptes de produits / 72-Production immobilisée / Immobilisations corporelles,
,74-Subventions,income,group,credit,1,,7-Comptes de produits,,,,7-Comptes de produits / 74-Subventions,
741,Subventions d'exploitation,income,unspecified,credit,0,,7-Comptes de produits / 74-Subventions,,,,7-Comptes de produits / 74-Subventions / Subventions d'exploitation,
742,Subventions d'équilibre,income,unspecified,credit,0,,7-Comptes de produits / 74-Subventions,,,,7-Comptes de produits / 74-Subventions / Subventions d'équilibre,
747,Quote-part des subventions d'investissement virée au résultat de l'exercice,income,unspecified,credit,0,,7-Comptes de produits / 74-Subventions,,,,7-Comptes de produits / 74-Subventions / Quote-part des subventions d'investissement virée au résultat de l'exercice,
,75-Autres produits de gestion courante,income,group,credit,1,,7-Comptes de produits,,,,7-Comptes de produits / 75-Autres produits de gestion courante,
,"751-Redevances pour concessions, brevets, licences, marques, procédés, solutions informatiques, droits et valeurs similaires",income,group,credit,1,,7-Comptes de produits / 75-Autres produits de gestion courante,,,,"7-Comptes de produits / 75-Autres produits de gestion courante / 751-Redevances pour concessions, brevets, licences, marques, procédés, solutions informatiques, droits et valeurs similaires",
7511,"Redevances pour concessions, brevets, licences, marques, procédés, solutions informatiques",income,unspecified,credit,0,,"7-Comptes de produits / 75-Autres produits de gestion courante / 751-Redevances pour concessions, brevets, licences, marques, procédés, solutions informatiques, droits et valeurs similaires",,,,"7-Comptes de produits / 75-Autres produits de gestion courante / 751-Redevances pour concessions, brevets, licences, marques, procédés, solutions informatiques, droits et valeurs similaires / Redevances pour concessions, brevets, licences, marques, procédés, solutions informatiques",
7516,Droits d'auteur et de reproduction,income,unspecified,credit,0,,"7-Comptes de produits / 75-Autres produits de gestion courante / 751-Redevances pour concessions, brevets, licences, marques, procédés, solutions informatiques, droits et valeurs similaires",,,,"7-Comptes de produits / 75-Autres produits de gestion courante / 751-Redevances pour concessions, brevets, licences, marques, procédés, solutions informatiques, droits et valeurs similaires / Droits d'auteur et de reproduction",
7518,Autres droits et valeurs similaires,income,unspecified,credit,0,,"7-Comptes de produits / 75-Autres produits de gestion courante / 751-Redevances pour concessions, brevets, licences, marques, procédés, solutions informatiques, droits et valeurs similaires",,,,"7-Comptes de produits / 75-Autres produits de gestion courante / 751-Redevances pour concessions, brevets, licences, marques, procédés, solutions informatiques, droits et valeurs similaires / Autres droits et valeurs similaires",
752,Revenus des immeubles non affectés à des activités professionnelles,income,unspecified,credit,0,,7-Comptes de produits / 75-Autres produits de gestion courante,,,,7-Comptes de produits / 75-Autres produits de gestion courante / Revenus des immeubles non affectés à des activités professionnelles,
753,Rémunérations de l'activité des administrateurs et des gérants,income,unspecified,credit,0,,7-Comptes de produits / 75-Autres produits de gestion courante,,,,7-Comptes de produits / 75-Autres produits de gestion courante / Rémunérations de l'activité des administrateurs et des gérants,
754,Ristournes perçues des coopératives provenant des excédents,income,unspecified,credit,0,,7-Comptes de produits / 75-Autres produits de gestion courante,,,,7-Comptes de produits / 75-Autres produits de gestion courante / Ristournes perçues des coopératives provenant des excédents,
,755-Quote-part de résultat sur opérations faites en commun,income,group,credit,1,,7-Comptes de produits / 75-Autres produits de gestion courante,,,,7-Comptes de produits / 75-Autres produits de gestion courante / 755-Quote-part de résultat sur opérations faites en commun,
7551,Quote-part de perte transférée - comptabilité du gérant,income,unspecified,credit,0,,7-Comptes de produits / 75-Autres produits de gestion courante / 755-Quote-part de résultat sur opérations faites en commun,,,,7-Comptes de produits / 75-Autres produits de gestion courante / 755-Quote-part de résultat sur opérations faites en commun / Quote-part de perte transférée - comptabilité du gérant,
7555,Quote-part de bénéfice attribuée - comptabilité des associés non-gérants,income,unspecified,credit,0,,7-Comptes de produits / 75-Autres produits de gestion courante / 755-Quote-part de résultat sur opérations faites en commun,,,,7-Comptes de produits / 75-Autres produits de gestion courante / 755-Quote-part de résultat sur opérations faites en commun / Quote-part de bénéfice attribuée - comptabilité des associés non-gérants,
756,Gains de change sur créances et dettes commerciales,income,unspecified,credit,0,,7-Comptes de produits / 75-Autres produits de gestion courante,,,,7-Comptes de produits / 75-Autres produits de gestion courante / Gains de change sur créances et dettes commerciales,
757,Produits des cessions d'immobilisations incorporelles et corporelles,income,unspecified,credit,0,,7-Comptes de produits / 75-Autres produits de gestion courante,,,,7-Comptes de produits / 75-Autres produits de gestion courante / Produits des cessions d'immobilisations incorporelles et corporelles,
,758-Indemnités et autres produits,income,group,credit,1,,7-Comptes de produits / 75-Autres produits de gestion courante,,,,7-Comptes de produits / 75-Autres produits de gestion courante / 758-Indemnités et autres produits,
7581,Dédits et pénalités perçus sur achats et ventes,income,unspecified,credit,0,,7-Comptes de produits / 75-Autres produits de gestion courante / 758-Indemnités et autres produits,,,,7-Comptes de produits / 75-Autres produits de gestion courante / 758-Indemnités et autres produits / Dédits et pénalités perçus sur achats et ventes,
7582,Libéralités reçues,income,unspecified,credit,0,,7-Comptes de produits / 75-Autres produits de gestion courante / 758-Indemnités et autres produits,,,,7-Comptes de produits / 75-Autres produits de gestion courante / 758-Indemnités et autres produits / Libéralités reçues,
7583,Rentrées sur créances amorties,income,unspecified,credit,0,,7-Comptes de produits / 75-Autres produits de gestion courante / 758-Indemnités et autres produits,,,,7-Comptes de produits / 75-Autres produits de gestion courante / 758-Indemnités et autres produits / Rentrées sur créances amorties,
7584,Dégrèvements d'impôts autres qu'impôts sur les bénéfices,income,unspecified,credit,0,,7-Comptes de produits / 75-Autres produits de gestion courante / 758-Indemnités et autres produits,,,,7-Comptes de produits / 75-Autres produits de gestion courante / 758-Indemnités et autres produits / Dégrèvements d'impôts autres qu'impôts sur les bénéfices,
7585,Bonis provenant de clauses d'indexation,income,unspecified,credit,0,,7-Comptes de produits / 75-Autres produits de gestion courante / 758-Indemnités et autres produits,,,,7-Comptes de produits / 75-Autres produits de gestion courante / 758-Indemnités et autres produits / Bonis provenant de clauses d'indexation,
7586,Lots,income,unspecified,credit,0,,7-Comptes de produits / 75-Autres produits de gestion courante / 758-Indemnités et autres produits,,,,7-Comptes de produits / 75-Autres produits de gestion courante / 758-Indemnités et autres produits / Lots,
7587,Indemnités d'assurance,income,unspecified,credit,0,,7-Comptes de produits / 75-Autres produits de gestion courante / 758-Indemnités et autres produits,,,,7-Comptes de produits / 75-Autres produits de gestion courante / 758-Indemnités et autres produits / Indemnités d'assurance,
7588,Opérations de constitution ou liquidation des fiducies,income,unspecified,credit,0,,7-Comptes de produits / 75-Autres produits de gestion courante / 758-Indemnités et autres produits,,,,7-Comptes de produits / 75-Autres produits de gestion courante / 758-Indemnités et autres produits / Opérations de constitution ou liquidation des fiducies,
,76-Produits financiers,income,group,credit,1,,7-Comptes de produits,,,,7-Comptes de produits / 76-Produits financiers,
,761-Produits de participations,income,group,credit,1,,7-Comptes de produits / 76-Produits financiers,,,,7-Comptes de produits / 76-Produits financiers / 761-Produits de participations,
7611,Revenus des titres de participation,income,unspecified,credit,0,,7-Comptes de produits / 76-Produits financiers / 761-Produits de participations,,,,7-Comptes de produits / 76-Produits financiers / 761-Produits de participations / Revenus des titres de participation,
7612,"Produits de la fiducie, résultat de la période",income,unspecified,credit,0,,7-Comptes de produits / 76-Produits financiers / 761-Produits de participations,,,,"7-Comptes de produits / 76-Produits financiers / 761-Produits de participations / Produits de la fiducie, résultat de la période",
7616,Revenus sur autres formes de participation,income,unspecified,credit,0,,7-Comptes de produits / 76-Produits financiers / 761-Produits de participations,,,,7-Comptes de produits / 76-Produits financiers / 761-Produits de participations / Revenus sur autres formes de participation,
7617,Revenus des créances rattachées à des participations,income,unspecified,credit,0,,7-Comptes de produits / 76-Produits financiers / 761-Produits de participations,,,,7-Comptes de produits / 76-Produits financiers / 761-Produits de participations / Revenus des créances rattachées à des participations,
,762-Produits des autres immobilisations financières,income,group,credit,1,,7-Comptes de produits / 76-Produits financiers,,,,7-Comptes de produits / 76-Produits financiers / 762-Produits des autres immobilisations financières,
7621,Revenus des titres immobilisés,income,unspecified,credit,0,,7-Comptes de produits / 76-Produits financiers / 762-Produits des autres immobilisations financières,,,,7-Comptes de produits / 76-Produits financiers / 762-Produits des autres immobilisations financières / Revenus des titres immobilisés,
7626,Revenus des prêts,income,unspecified,credit,0,,7-Comptes de produits / 76-Produits financiers / 762-Produits des autres immobilisations financières,,,,7-Comptes de produits / 76-Produits financiers / 762-Produits des autres immobilisations financières / Revenus des prêts,
7627,Revenus des créances immobilisées,income,unspecified,credit,0,,7-Comptes de produits / 76-Produits financiers / 762-Produits des autres immobilisations financières,,,,7-Comptes de produits / 76-Produits financiers / 762-Produits des autres immobilisations financières / Revenus des créances immobilisées,
,763-Revenus des autres créances,income,group,credit,1,,7-Comptes de produits / 76-Produits financiers,,,,7-Comptes de produits / 76-Produits financiers / 763-Revenus des autres créances,
7631,Revenus des créances commerciales,income,unspecified,credit,0,,7-Comptes de produits / 76-Produits financiers / 763-Revenus des autres créances,,,,7-Comptes de produits / 76-Produits financiers / 763-Revenus des autres créances / Revenus des créances commerciales,
7638,Revenus des créances diverses,income,unspecified,credit,0,,7-Comptes de produits / 76-Produits financiers / 763-Revenus des autres créances,,,,7-Comptes de produits / 76-Produits financiers / 763-Revenus des autres créances / Revenus des créances diverses,
764,Revenus des valeurs mobilières de placement,income,unspecified,credit,0,,7-Comptes de produits / 76-Produits financiers,,,,7-Comptes de produits / 76-Produits financiers / Revenus des valeurs mobilières de placement,
765,Escomptes obtenus,income,unspecified,credit,0,,7-Comptes de produits / 76-Produits financiers,,,,7-Comptes de produits / 76-Produits financiers / Escomptes obtenus,
766,Gains de change financiers,income,round_off,credit,0,,7-Comptes de produits / 76-Produits financiers,Round Off,,,7-Comptes de produits / 76-Produits financiers / Gains de change financiers,
,767-Produits sur cession d'éléments financiers,income,group,credit,1,,7-Comptes de produits / 76-Produits financiers,,,,7-Comptes de produits / 76-Produits financiers / 767-Produits sur cession d'éléments financiers,
7671,Produits des cessions d'immobilisations financières,income,unspecified,credit,0,,7-Comptes de produits / 76-Produits financiers / 767-Produits sur cession d'éléments financiers,,,,7-Comptes de produits / 76-Produits financiers / 767-Produits sur cession d'éléments financiers / Produits des cessions d'immobilisations financières,
7672,Produits nets sur cessions de titres immobilisés de l'activité de portefeuille,income,unspecified,credit,0,,7-Comptes de produits / 76-Produits financiers / 767-Produits sur cession d'éléments financiers,,,,7-Comptes de produits / 76-Produits financiers / 767-Produits sur cession d'éléments financiers / Produits nets sur cessions de titres immobilisés de l'activité de portefeuille,
7673,Produits nets sur cessions de valeurs mobilières de placement,income,unspecified,credit,0,,7-Comptes de produits / 76-Produits financiers / 767-Produits sur cession d'éléments financiers,,,,7-Comptes de produits / 76-Produits financiers / 767-Produits sur cession d'éléments financiers / Produits nets sur cessions de valeurs mobilières de placement,
7674,Produits nets sur cessions de jetons,income,unspecified,credit,0,,7-Comptes de produits / 76-Produits financiers / 767-Produits sur cession d'éléments financiers,,,,7-Comptes de produits / 76-Produits financiers / 767-Produits sur cession d'éléments financiers / Produits nets sur cessions de jetons,
,768-Autres produits financiers,income,group,credit,1,,7-Comptes de produits / 76-Produits financiers,,,,7-Comptes de produits / 76-Produits financiers / 768-Autres produits financiers,
7683,Bonis provenant du rachat par l'entreprise d'actions et d'obligations émises par elle-même,income,unspecified,credit,0,,7-Comptes de produits / 76-Produits financiers / 768-Autres produits financiers,,,,7-Comptes de produits / 76-Produits financiers / 768-Autres produits financiers / Bonis provenant du rachat par l'entreprise d'actions et d'obligations émises par elle-même,
,77-Produits exceptionnels,income,group,credit,1,,7-Comptes de produits,,,,7-Comptes de produits / 77-Produits exceptionnels,
772,"(Compte à la disposition des entités pour enregistrer, en cours d'exercice, les produits sur exercices antérieurs)",income,unspecified,credit,0,,7-Comptes de produits / 77-Produits exceptionnels,,,,"7-Comptes de produits / 77-Produits exceptionnels / (Compte à la disposition des entités pour enregistrer, en cours d'exercice, les produits sur exercices antérieurs)",
778,Autres produits exceptionnels,income,unspecified,credit,0,,7-Comptes de produits / 77-Produits exceptionnels,,,,7-Comptes de produits / 77-Produits exceptionnels / Autres produits exceptionnels,
,"78-Reprises sur amortissements, dépréciations et provisions",income,group,credit,1,,7-Comptes de produits,,,,"7-Comptes de produits / 78-Reprises sur amortissements, dépréciations et provisions",
,"781-Reprises sur amortissements, dépréciations et provisions (à inscrire dans les produits d'exploitation)",income,group,credit,1,,"7-Comptes de produits / 78-Reprises sur amortissements, dépréciations et provisions",,,,"7-Comptes de produits / 78-Reprises sur amortissements, dépréciations et provisions / 781-Reprises sur amortissements, dépréciations et provisions (à inscrire dans les produits d'exploitation)",
,7811-Reprises sur amortissements des immobilisations incorporelles et corporelles,income,group,credit,1,,"7-Comptes de produits / 78-Reprises sur amortissements, dépréciations et provisions / 781-Reprises sur amortissements, dépréciations et provisions (à inscrire dans les produits d'exploitation)",,,,"7-Comptes de produits / 78-Reprises sur amortissements, dépréciations et provisions / 781-Reprises sur amortissements, dépréciations et provisions (à inscrire dans les produits d'exploitation) / 7811-Reprises sur amortissements des immobilisations incorporelles et corporelles",
78111,Immobilisations incorporelles,income,unspecified,credit,0,,"7-Comptes de produits / 78-Reprises sur amortissements, dépréciations et provisions / 781-Reprises sur amortissements, dépréciations et provisions (à inscrire dans les produits d'exploitation) / 7811-Reprises sur amortissements des immobilisations incorporelles et corporelles",,,,"7-Comptes de produits / 78-Reprises sur amortissements, dépréciations et provisions / 781-Reprises sur amortissements, dépréciations et provisions (à inscrire dans les produits d'exploitation) / 7811-Reprises sur amortissements des immobilisations incorporelles et corporelles / Immobilisations incorporelles",
78112,Immobilisations corporelles,income,unspecified,credit,0,,"7-Comptes de produits / 78-Reprises sur amortissements, dépréciations et provisions / 781-Reprises sur amortissements, dépréciations et provisions (à inscrire dans les produits d'exploitation) / 7811-Reprises sur amortissements des immobilisations incorporelles et corporelles",,,,"7-Comptes de produits / 78-Reprises sur amortissements, dépréciations et provisions / 781-Reprises sur amortissements, dépréciations et provisions (à inscrire dans les produits d'exploitation) / 7811-Reprises sur amortissements des immobilisations incorporelles et corporelles / Immobilisations corporelles",
7815,Reprises sur provisions d'exploitation,income,unspecified,credit,0,,"7-Comptes de produits / 78-Reprises sur amortissements, dépréciations et provisions / 781-Reprises sur amortissements, dépréciations et provisions (à inscrire dans les produits d'exploitation)",,,,"7-Comptes de produits / 78-Reprises sur amortissements, dépréciations et provisions / 781-Reprises sur amortissements, dépréciations et provisions (à inscrire dans les produits d'exploitation) / Reprises sur provisions d'exploitation",
,7816-Reprises sur dépréciations des immobilisations incorporelles et corporelles,income,group,credit,1,,"7-Comptes de produits / 78-Reprises sur amortissements, dépréciations et provisions / 781-Reprises sur amortissements, dépréciations et provisions (à inscrire dans les produits d'exploitation)",,,,"7-Comptes de produits / 78-Reprises sur amortissements, dépréciations et provisions / 781-Reprises sur amortissements, dépréciations et provisions (à inscrire dans les produits d'exploitation) / 7816-Reprises sur dépréciations des immobilisations incorporelles et corporelles",
78161,Immobilisations incorporelles,income,unspecified,credit,0,,"7-Comptes de produits / 78-Reprises sur amortissements, dépréciations et provisions / 781-Reprises sur amortissements, dépréciations et provisions (à inscrire dans les produits d'exploitation) / 7816-Reprises sur dépréciations des immobilisations incorporelles et corporelles",,,,"7-Comptes de produits / 78-Reprises sur amortissements, dépréciations et provisions / 781-Reprises sur amortissements, dépréciations et provisions (à inscrire dans les produits d'exploitation) / 7816-Reprises sur dépréciations des immobilisations incorporelles et corporelles / Immobilisations incorporelles",
78162,Immobilisations corporelles,income,unspecified,credit,0,,"7-Comptes de produits / 78-Reprises sur amortissements, dépréciations et provisions / 781-Reprises sur amortissements, dépréciations et provisions (à inscrire dans les produits d'exploitation) / 7816-Reprises sur dépréciations des immobilisations incorporelles et corporelles",,,,"7-Comptes de produits / 78-Reprises sur amortissements, dépréciations et provisions / 781-Reprises sur amortissements, dépréciations et provisions (à inscrire dans les produits d'exploitation) / 7816-Reprises sur dépréciations des immobilisations incorporelles et corporelles / Immobilisations corporelles",
,7817-Reprises sur dépréciations des actifs circulants,income,group,credit,1,,"7-Comptes de produits / 78-Reprises sur amortissements, dépréciations et provisions / 781-Reprises sur amortissements, dépréciations et provisions (à inscrire dans les produits d'exploitation)",,,,"7-Comptes de produits / 78-Reprises sur amortissements, dépréciations et provisions / 781-Reprises sur amortissements, dépréciations et provisions (à inscrire dans les produits d'exploitation) / 7817-Reprises sur dépréciations des actifs circulants",
78173,Stocks et en-cours,income,unspecified,credit,0,,"7-Comptes de produits / 78-Reprises sur amortissements, dépréciations et provisions / 781-Reprises sur amortissements, dépréciations et provisions (à inscrire dans les produits d'exploitation) / 7817-Reprises sur dépréciations des actifs circulants",,,,"7-Comptes de produits / 78-Reprises sur amortissements, dépréciations et provisions / 781-Reprises sur amortissements, dépréciations et provisions (à inscrire dans les produits d'exploitation) / 7817-Reprises sur dépréciations des actifs circulants / Stocks et en-cours",
78174,Créances,income,unspecified,credit,0,,"7-Comptes de produits / 78-Reprises sur amortissements, dépréciations et provisions / 781-Reprises sur amortissements, dépréciations et provisions (à inscrire dans les produits d'exploitation) / 7817-Reprises sur dépréciations des actifs circulants",,,,"7-Comptes de produits / 78-Reprises sur amortissements, dépréciations et provisions / 781-Reprises sur amortissements, dépréciations et provisions (à inscrire dans les produits d'exploitation) / 7817-Reprises sur dépréciations des actifs circulants / Créances",
,786-Reprises sur dépréciations et provisions (à inscrire dans les produits financiers),income,group,credit,1,,"7-Comptes de produits / 78-Reprises sur amortissements, dépréciations et provisions",,,,"7-Comptes de produits / 78-Reprises sur amortissements, dépréciations et provisions / 786-Reprises sur dépréciations et provisions (à inscrire dans les produits financiers)",
7865,Reprises sur provisions financières,income,unspecified,credit,0,,"7-Comptes de produits / 78-Reprises sur amortissements, dépréciations et provisions / 786-Reprises sur dépréciations et provisions (à inscrire dans les produits financiers)",,,,"7-Comptes de produits / 78-Reprises sur amortissements, dépréciations et provisions / 786-Reprises sur dépréciations et provisions (à inscrire dans les produits financiers) / Reprises sur provisions financières",
,7866-Reprises sur dépréciations des éléments financiers,income,group,credit,1,,"7-Comptes de produits / 78-Reprises sur amortissements, dépréciations et provisions / 786-Reprises sur dépréciations et provisions (à inscrire dans les produits financiers)",,,,"7-Comptes de produits / 78-Reprises sur amortissements, dépréciations et provisions / 786-Reprises sur dépréciations et provisions (à inscrire dans les produits financiers) / 7866-Reprises sur dépréciations des éléments financiers",
78662,Immobilisations financières,income,unspecified,credit,0,,"7-Comptes de produits / 78-Reprises sur amortissements, dépréciations et provisions / 786-Reprises sur dépréciations et provisions (à inscrire dans les produits financiers) / 7866-Reprises sur dépréciations des éléments financiers",,,,"7-Comptes de produits / 78-Reprises sur amortissements, dépréciations et provisions / 786-Reprises sur dépréciations et provisions (à inscrire dans les produits financiers) / 7866-Reprises sur dépréciations des éléments financiers / Immobilisations financières",
78665,Valeurs mobilières de placement,income,unspecified,credit,0,,"7-Comptes de produits / 78-Reprises sur amortissements, dépréciations et provisions / 786-Reprises sur dépréciations et provisions (à inscrire dans les produits financiers) / 7866-Reprises sur dépréciations des éléments financiers",,,,"7-Comptes de produits / 78-Reprises sur amortissements, dépréciations et provisions / 786-Reprises sur dépréciations et provisions (à inscrire dans les produits financiers) / 7866-Reprises sur dépréciations des éléments financiers / Valeurs mobilières de placement",
,787-Reprises sur dépréciations et provisions (à inscrire dans les produits exceptionnels),income,group,credit,1,,"7-Comptes de produits / 78-Reprises sur amortissements, dépréciations et provisions",,,,"7-Comptes de produits / 78-Reprises sur amortissements, dépréciations et provisions / 787-Reprises sur dépréciations et provisions (à inscrire dans les produits exceptionnels)",
,7872-Reprises sur provisions réglementées (immobilisations),income,group,credit,1,,"7-Comptes de produits / 78-Reprises sur amortissements, dépréciations et provisions / 787-Reprises sur dépréciations et provisions (à inscrire dans les produits exceptionnels)",,,,"7-Comptes de produits / 78-Reprises sur amortissements, dépréciations et provisions / 787-Reprises sur dépréciations et provisions (à inscrire dans les produits exceptionnels) / 7872-Reprises sur provisions réglementées (immobilisations)",
78725,Amortissements dérogatoires,income,unspecified,credit,0,,"7-Comptes de produits / 78-Reprises sur amortissements, dépréciations et provisions / 787-Reprises sur dépréciations et provisions (à inscrire dans les produits exceptionnels) / 7872-Reprises sur provisions réglementées (immobilisations)",,,,"7-Comptes de produits / 78-Reprises sur amortissements, dépréciations et provisions / 787-Reprises sur dépréciations et provisions (à inscrire dans les produits exceptionnels) / 7872-Reprises sur provisions réglementées (immobilisations) / Amortissements dérogatoires",
7873,Reprises sur provisions réglementées (stocks),income,unspecified,credit,0,,"7-Comptes de produits / 78-Reprises sur amortissements, dépréciations et provisions / 787-Reprises sur dépréciations et provisions (à inscrire dans les produits exceptionnels)",,,,"7-Comptes de produits / 78-Reprises sur amortissements, dépréciations et provisions / 787-Reprises sur dépréciations et provisions (à inscrire dans les produits exceptionnels) / Reprises sur provisions réglementées (stocks)",
7874,Reprises sur autres provisions réglementées,income,unspecified,credit,0,,"7-Comptes de produits / 78-Reprises sur amortissements, dépréciations et provisions / 787-Reprises sur dépréciations et provisions (à inscrire dans les produits exceptionnels)",,,,"7-Comptes de produits / 78-Reprises sur amortissements, dépréciations et provisions / 787-Reprises sur dépréciations et provisions (à inscrire dans les produits exceptionnels) / Reprises sur autres provisions réglementées",
7875,Reprises sur provisions exceptionnelles,income,unspecified,credit,0,,"7-Comptes de produits / 78-Reprises sur amortissements, dépréciations et provisions / 787-Reprises sur dépréciations et provisions (à inscrire dans les produits exceptionnels)",,,,"7-Comptes de produits / 78-Reprises sur amortissements, dépréciations et provisions / 787-Reprises sur dépréciations et provisions (à inscrire dans les produits exceptionnels) / Reprises sur provisions exceptionnelles",
7876,Reprises sur dépréciations exceptionnelles,income,unspecified,credit,0,,"7-Comptes de produits / 78-Reprises sur amortissements, dépréciations et provisions / 787-Reprises sur dépréciations et provisions (à inscrire dans les produits exceptionnels)",,,,"7-Comptes de produits / 78-Reprises sur amortissements, dépréciations et provisions / 787-Reprises sur dépréciations et provisions (à inscrire dans les produits exceptionnels) / Reprises sur dépréciations exceptionnelles",
