code,name,root_type,subtype,normal_balance,is_group,role_hint,parent_path,source_type,reconcile,description,source_id,flags
,1-Comptes de ressources durables,equity,group,credit,1,,,,,,1-Comptes de ressources durables,
,10-Capital,equity,group,credit,1,,1-Comptes de ressources durables,,,,1-Comptes de ressources durables / 10-Capital,
,101-Capital social,equity,group,credit,1,,1-Comptes de ressources durables / 10-Capital,,,,1-Comptes de ressources durables / 10-Capital / 101-Capital social,
,"1011-Capital souscrit, non appelé",equity,unspecified,credit,0,,1-Comptes de ressources durables / 10-Capital / 101-Capital social,,,,"1-Comptes de ressources durables / 10-Capital / 101-Capital social / 1011-Capital souscrit, non appelé",
,"1012-Capital souscrit, appelé, non versé",equity,unspecified,credit,0,,1-Comptes de ressources durables / 10-Capital / 101-Capital social,,,,"1-Comptes de ressources durables / 10-Capital / 101-Capital social / 1012-Capital souscrit, appelé, non versé",
,"1013-Capital souscrit, appelé, versé, non amorti",equity,unspecified,credit,0,,1-Comptes de ressources durables / 10-Capital / 101-Capital social,,,,"1-Comptes de ressources durables / 10-Capital / 101-Capital social / 1013-Capital souscrit, appelé, versé, non amorti",
,"1014-Capital souscrit, appelé, versé, amorti",equity,unspecified,credit,0,,1-Comptes de ressources durables / 10-Capital / 101-Capital social,,,,"1-Comptes de ressources durables / 10-Capital / 101-Capital social / 1014-Capital souscrit, appelé, versé, amorti",
,1018-Capital souscrit soumis à des conditions particulières,equity,unspecified,credit,0,,1-Comptes de ressources durables / 10-Capital / 101-Capital social,,,,1-Comptes de ressources durables / 10-Capital / 101-Capital social / 1018-Capital souscrit soumis à des conditions particulières,
,102-Capital par dotation,equity,group,credit,1,,1-Comptes de ressources durables / 10-Capital,,,,1-Comptes de ressources durables / 10-Capital / 102-Capital par dotation,
,1021-Dotation initiale,equity,unspecified,credit,0,,1-Comptes de ressources durables / 10-Capital / 102-Capital par dotation,,,,1-Comptes de ressources durables / 10-Capital / 102-Capital par dotation / 1021-Dotation initiale,
,1022-Dotations complémentaires,equity,unspecified,credit,0,,1-Comptes de ressources durables / 10-Capital / 102-Capital par dotation,,,,1-Comptes de ressources durables / 10-Capital / 102-Capital par dotation / 1022-Dotations complémentaires,
,1028-Autres dotations,equity,unspecified,credit,0,,1-Comptes de ressources durables / 10-Capital / 102-Capital par dotation,,,,1-Comptes de ressources durables / 10-Capital / 102-Capital par dotation / 1028-Autres dotations,
,103-Capital personnel,equity,unspecified,credit,0,,1-Comptes de ressources durables / 10-Capital,,,,1-Comptes de ressources durables / 10-Capital / 103-Capital personnel,
,104-Compte de l’exploitant,equity,group,credit,1,,1-Comptes de ressources durables / 10-Capital,,,,1-Comptes de ressources durables / 10-Capital / 104-Compte de l’exploitant,
,1041-Apports temporaires,equity,unspecified,credit,0,,1-Comptes de ressources durables / 10-Capital / 104-Compte de l’exploitant,,,,1-Comptes de ressources durables / 10-Capital / 104-Compte de l’exploitant / 1041-Apports temporaires,
,1042-Opérations courantes,equity,unspecified,credit,0,,1-Comptes de ressources durables / 10-Capital / 104-Compte de l’exploitant,,,,1-Comptes de ressources durables / 10-Capital / 104-Compte de l’exploitant / 1042-Opérations courantes,
,"1043-Rémunérations, impôts et autres charges personnelles",equity,unspecified,credit,0,,1-Comptes de ressources durables / 10-Capital / 104-Compte de l’exploitant,,,,"1-Comptes de ressources durables / 10-Capital / 104-Compte de l’exploitant / 1043-Rémunérations, impôts et autres charges personnelles",
,1047-Prélèvements d’autoconsommation,equity,unspecified,credit,0,,1-Comptes de ressources durables / 10-Capital / 104-Compte de l’exploitant,,,,1-Comptes de ressources durables / 10-Capital / 104-Compte de l’exploitant / 1047-Prélèvements d’autoconsommation,
,1048-Autres prélèvements,equity,unspecified,credit,0,,1-Comptes de ressources durables / 10-Capital / 104-Compte de l’exploitant,,,,1-Comptes de ressources durables / 10-Capital / 104-Compte de l’exploitant / 1048-Autres prélèvements,
,105-Primes liées au capital social,equity,group,credit,1,,1-Comptes de ressources durables / 10-Capital,,,,1-Comptes de ressources durables / 10-Capital / 105-Primes liées au capital social,
,1051-Primes d’émission,equity,unspecified,credit,0,,1-Comptes de ressources durables / 10-Capital / 105-Primes liées au capital social,,,,1-Comptes de ressources durables / 10-Capital / 105-Primes liées au capital social / 1051-Primes d’émission,
,1052-Primes d’apport,equity,unspecified,credit,0,,1-Comptes de ressources durables / 10-Capital / 105-Primes liées au capital social,,,,1-Comptes de ressources durables / 10-Capital / 105-Primes liées au capital social / 1052-Primes d’apport,
,1053-Primes de fusion,equity,unspecified,credit,0,,1-Comptes de ressources durables / 10-Capital / 105-Primes liées au capital social,,,,1-Comptes de ressources durables / 10-Capital / 105-Primes liées au capital social / 1053-Primes de fusion,
,1054-Primes de conversion,equity,unspecified,credit,0,,1-Comptes de ressources durables / 10-Capital / 105-Primes liées au capital social,,,,1-Comptes de ressources durables / 10-Capital / 105-Primes liées au capital social / 1054-Primes de conversion,
,1058-Autres primes,equity,unspecified,credit,0,,1-Comptes de ressources durables / 10-Capital / 105-Primes liées au capital social,,,,1-Comptes de ressources durables / 10-Capital / 105-Primes liées au capital social / 1058-Autres primes,
,106-Écarts de réévaluation,equity,group,credit,1,,1-Comptes de ressources durables / 10-Capital,,,,1-Comptes de ressources durables / 10-Capital / 106-Écarts de réévaluation,
,1061-Écarts de réévaluation légale,equity,unspecified,credit,0,,1-Comptes de ressources durables / 10-Capital / 106-Écarts de réévaluation,,,,1-Comptes de ressources durables / 10-Capital / 106-Écarts de réévaluation / 1061-Écarts de réévaluation légale,
,1062-Écarts de réévaluation libre,equity,unspecified,credit,0,,1-Comptes de ressources durables / 10-Capital / 106-Écarts de réévaluation,,,,1-Comptes de ressources durables / 10-Capital / 106-Écarts de réévaluation / 1062-Écarts de réévaluation libre,
,"109-Apporteurs, capital souscrit, non appelé",equity,unspecified,credit,0,,1-Comptes de ressources durables / 10-Capital,,,,"1-Comptes de ressources durables / 10-Capital / 109-Apporteurs, capital souscrit, non appelé",
,11-Réserves,equity,group,credit,1,,1-Comptes de ressources durables,,,,1-Comptes de ressources durables / 11-Réserves,
,111-Réserve légale,equity,unspecified,credit,0,,1-Comptes de ressources durables / 11-Réserves,,,,1-Comptes de ressources durables / 11-Réserves / 111-Réserve légale,
,112-Réserves statutaires ou contractuelles,equity,unspecified,credit,0,,1-Comptes de ressources durables / 11-Réserves,,,,1-Comptes de ressources durables / 11-Réserves / 112-Réserves statutaires ou contractuelles,
,113-Réserves réglementées,equity,group,credit,1,,1-Comptes de ressources durables / 11-Réserves,,,,1-Comptes de ressources durables / 11-Réserves / 113-Réserves réglementées,
,1131-Réserves de plus-values nettes à long terme,equity,unspecified,credit,0,,1-Comptes de ressources durables / 11-Réserves / 113-Réserves réglementées,,,,1-Comptes de ressources durables / 11-Réserves / 113-Réserves réglementées / 1131-Réserves de plus-values nettes à long terme,
,1132-Réserves d’attribution gratuite d’actions au personnel salarié et aux dirigeants,equity,unspecified,credit,0,,1-Comptes de ressources durables / 11-Réserves / 113-Réserves réglementées,,,,1-Comptes de ressources durables / 11-Réserves / 113-Réserves réglementées / 1132-Réserves d’attribution gratuite d’actions au personnel salarié et aux dirigeants,
,1133-Réserves consécutives à l’octroi de subventions d’investissement,equity,unspecified,credit,0,,1-Comptes de ressources durables / 11-Réserves / 113-Réserves réglementées,,,,1-Comptes de ressources durables / 11-Réserves / 113-Réserves réglementées / 1133-Réserves consécutives à l’octroi de subventions d’investissement,
,1134-Réserves des valeurs mobilières donnant accès au capital,equity,unspecified,credit,0,,1-Comptes de ressources durables / 11-Réserves / 113-Réserves réglementées,,,,1-Comptes de ressources durables / 11-Réserves / 113-Réserves réglementées / 1134-Réserves des valeurs mobilières donnant accès au capital,
,1135-Autres réserves réglementées,equity,unspecified,credit,0,,1-Comptes de ressources durables / 11-Réserves / 113-Réserves réglementées,,,,1-Comptes de ressources durables / 11-Réserves / 113-Réserves réglementées / 1135-Autres réserves réglementées,
,118-Autres réserves,equity,group,credit,1,,1-Comptes de ressources durables / 11-Réserves,,,,1-Comptes de ressources durables / 11-Réserves / 118-Autres réserves,
,1181-Réserves facultatives,equity,unspecified,credit,0,,1-Comptes de ressources durables / 11-Réserves / 118-Autres réserves,,,,1-Comptes de ressources durables / 11-Réserves / 118-Autres réserves / 1181-Réserves facultatives,
,1188-Réserves diverses,equity,unspecified,credit,0,,1-Comptes de ressources durables / 11-Réserves / 118-Autres réserves,,,,1-Comptes de ressources durables / 11-Réserves / 118-Autres réserves / 1188-Réserves diverses,
,12-Report à nouveau,equity,group,credit,1,,1-Comptes de ressources durables,,,,1-Comptes de ressources durables / 12-Report à nouveau,
,121-Report à nouveau créditeur,equity,unspecified,credit,0,,1-Comptes de ressources durables / 12-Report à nouveau,,,,1-Comptes de ressources durables / 12-Report à nouveau / 121-Report à nouveau créditeur,
,129-Report à nouveau débiteur,equity,group,credit,1,,1-Comptes de ressources durables / 12-Report à nouveau,,,,1-Comptes de ressources durables / 12-Report à nouveau / 129-Report à nouveau débiteur,
,1291-Perte nette à reporter,equity,unspecified,credit,0,,1-Comptes de ressources durables / 12-Report à nouveau / 129-Report à nouveau débiteur,,,,1-Comptes de ressources durables / 12-Report à nouveau / 129-Report à nouveau débiteur / 1291-Perte nette à reporter,
,1292-Perte Amortissements réputés différés,equity,unspecified,credit,0,,1-Comptes de ressources durables / 12-Report à nouveau / 129-Report à nouveau débiteur,,,,1-Comptes de ressources durables / 12-Report à nouveau / 129-Report à nouveau débiteur / 1292-Perte Amortissements réputés différés,
,13-Résultat net de l’exercice,equity,group,credit,1,,1-Comptes de ressources durables,,,,1-Comptes de ressources durables / 13-Résultat net de l’exercice,
,130-Résultat en instance d’affectation,equity,group,credit,1,,1-Comptes de ressources durables / 13-Résultat net de l’exercice,,,,1-Comptes de ressources durables / 13-Résultat net de l’exercice / 130-Résultat en instance d’affectation,
,1301-Résultat en instance d’affectation : bénéfice,equity,unspecified,credit,0,,1-Comptes de ressources durables / 13-Résultat net de l’exercice / 130-Résultat en instance d’affectation,,,,1-Comptes de ressources durables / 13-Résultat net de l’exercice / 130-Résultat en instance d’affectation / 1301-Résultat en instance d’affectation : bénéfice,
,1309-Résultat en instance d’affectation : perte,equity,unspecified,credit,0,,1-Comptes de ressources durables / 13-Résultat net de l’exercice / 130-Résultat en instance d’affectation,,,,1-Comptes de ressources durables / 13-Résultat net de l’exercice / 130-Résultat en instance d’affectation / 1309-Résultat en instance d’affectation : perte,
,131-Résultat net : bénéfice,equity,unspecified,credit,0,,1-Comptes de ressources durables / 13-Résultat net de l’exercice,,,,1-Comptes de ressources durables / 13-Résultat net de l’exercice / 131-Résultat net : bénéfice,
,132-Marge commerciale (MC),equity,unspecified,credit,0,,1-Comptes de ressources durables / 13-Résultat net de l’exercice,,,,1-Comptes de ressources durables / 13-Résultat net de l’exercice / 132-Marge commerciale (MC),
,133-Valeur ajoutée (VA),equity,unspecified,credit,0,,1-Comptes de ressources durables / 13-Résultat net de l’exercice,,,,1-Comptes de ressources durables / 13-Résultat net de l’exercice / 133-Valeur ajoutée (VA),
,134-Excédent brut d’exploitation (EBE),equity,unspecified,credit,0,,1-Comptes de ressources durables / 13-Résultat net de l’exercice,,,,1-Comptes de ressources durables / 13-Résultat net de l’exercice / 134-Excédent brut d’exploitation (EBE),
,135-Résultat d’exploitation (RE),equity,unspecified,credit,0,,1-Comptes de ressources durables / 13-Résultat net de l’exercice,,,,1-Comptes de ressources durables / 13-Résultat net de l’exercice / 135-Résultat d’exploitation (RE),
,136-Résultat financier (RF),equity,unspecified,credit,0,,1-Comptes de ressources durables / 13-Résultat net de l’exercice,,,,1-Comptes de ressources durables / 13-Résultat net de l’exercice / 136-Résultat financier (RF),
,137-Résultat des activités ordinaires (RAO),equity,unspecified,credit,0,,1-Comptes de ressources durables / 13-Résultat net de l’exercice,,,,1-Comptes de ressources durables / 13-Résultat net de l’exercice / 137-Résultat des activités ordinaires (RAO),
,138-Résultat hors activités ordinaires (RHAO),equity,group,credit,1,,1-Comptes de ressources durables / 13-Résultat net de l’exercice,,,,1-Comptes de ressources durables / 13-Résultat net de l’exercice / 138-Résultat hors activités ordinaires (RHAO),
,1381-Résultat de fusion,equity,unspecified,credit,0,,1-Comptes de ressources durables / 13-Résultat net de l’exercice / 138-Résultat hors activités ordinaires (RHAO),,,,1-Comptes de ressources durables / 13-Résultat net de l’exercice / 138-Résultat hors activités ordinaires (RHAO) / 1381-Résultat de fusion,
,1382-Résultat d’apport partiel d’actif,equity,unspecified,credit,0,,1-Comptes de ressources durables / 13-Résultat net de l’exercice / 138-Résultat hors activités ordinaires (RHAO),,,,1-Comptes de ressources durables / 13-Résultat net de l’exercice / 138-Résultat hors activités ordinaires (RHAO) / 1382-Résultat d’apport partiel d’actif,
,1383-Résultat de scission,equity,unspecified,credit,0,,1-Comptes de ressources durables / 13-Résultat net de l’exercice / 138-Résultat hors activités ordinaires (RHAO),,,,1-Comptes de ressources durables / 13-Résultat net de l’exercice / 138-Résultat hors activités ordinaires (RHAO) / 1383-Résultat de scission,
,1384-Résultat de liquidation,equity,unspecified,credit,0,,1-Comptes de ressources durables / 13-Résultat net de l’exercice / 138-Résultat hors activités ordinaires (RHAO),,,,1-Comptes de ressources durables / 13-Résultat net de l’exercice / 138-Résultat hors activités ordinaires (RHAO) / 1384-Résultat de liquidation,
,139-Résultat net : perte,equity,unspecified,credit,0,,1-Comptes de ressources durables / 13-Résultat net de l’exercice,,,,1-Comptes de ressources durables / 13-Résultat net de l’exercice / 139-Résultat net : perte,
,14-Subventions d’investissement,equity,group,credit,1,,1-Comptes de ressources durables,,,,1-Comptes de ressources durables / 14-Subventions d’investissement,
,141-Subventions d’équipement,equity,group,credit,1,,1-Comptes de ressources durables / 14-Subventions d’investissement,,,,1-Comptes de ressources durables / 14-Subventions d’investissement / 141-Subventions d’équipement,
,1411-État,equity,unspecified,credit,0,,1-Comptes de ressources durables / 14-Subventions d’investissement / 141-Subventions d’équipement,,,,1-Comptes de ressources durables / 14-Subventions d’investissement / 141-Subventions d’équipement / 1411-État,
,1412-Régions,equity,unspecified,credit,0,,1-Comptes de ressources durables / 14-Subventions d’investissement / 141-Subventions d’équipement,,,,1-Comptes de ressources durables / 14-Subventions d’investissement / 141-Subventions d’équipement / 1412-Régions,
,1413-Départements,equity,unspecified,credit,0,,1-Comptes de ressources durables / 14-Subventions d’investissement / 141-Subventions d’équipement,,,,1-Comptes de ressources durables / 14-Subventions d’investissement / 141-Subventions d’équipement / 1413-Départements,
,1414-Communes et collectivités publiques décentralisées,equity,unspecified,credit,0,,1-Comptes de ressources durables / 14-Subventions d’investissement / 141-Subventions d’équipement,,,,1-Comptes de ressources durables / 14-Subventions d’investissement / 141-Subventions d’équipement / 1414-Communes et collectivités publiques décentralisées,
,1415-Entités publiques ou mixtes,equity,unspecified,credit,0,,1-Comptes de ressources durables / 14-Subventions d’investissement / 141-Subventions d’équipement,,,,1-Comptes de ressources durables / 14-Subventions d’investissement / 141-Subventions d’équipement / 1415-Entités publiques ou mixtes,
,1416-Entités et organismes privés,equity,unspecified,credit,0,,1-Comptes de ressources durables / 14-Subventions d’investissement / 141-Subventions d’équipement,,,,1-Comptes de ressources durables / 14-Subventions d’investissement / 141-Subventions d’équipement / 1416-Entités et organismes privés,
,1417-Organismes internationaux,equity,unspecified,credit,0,,1-Comptes de ressources durables / 14-Subventions d’investissement / 141-Subventions d’équipement,,,,1-Comptes de ressources durables / 14-Subventions d’investissement / 141-Subventions d’équipement / 1417-Organismes internationaux,
,1418-Autres,equity,unspecified,credit,0,,1-Comptes de ressources durables / 14-Subventions d’investissement / 141-Subventions d’équipement,,,,1-Comptes de ressources durables / 14-Subventions d’investissement / 141-Subventions d’équipement / 1418-Autres,
,148-Autres subventions d’investissement,equity,unspecified,credit,0,,1-Comptes de ressources durables / 14-Subventions d’investissement,,,,1-Comptes de ressources durables / 14-Subventions d’investissement / 148-Autres subventions d’investissement,
,15-Provisions réglementées et fonds assimilés,equity,group,credit,1,,1-Comptes de ressources durables,,,,1-Comptes de ressources durables / 15-Provisions réglementées et fonds assimilés,
,151-Amortissements dérogatoires,equity,unspecified,credit,0,,1-Comptes de ressources durables / 15-Provisions réglementées et fonds assimilés,,,,1-Comptes de ressources durables / 15-Provisions réglementées et fonds assimilés / 151-Amortissements dérogatoires,
,152-Plus-values de cession à réinvestir,equity,unspecified,credit,0,,1-Comptes de ressources durables / 15-Provisions réglementées et fonds assimilés,,,,1-Comptes de ressources durables / 15-Provisions réglementées et fonds assimilés / 152-Plus-values de cession à réinvestir,
,153-Fonds réglementés,equity,group,credit,1,,1-Comptes de ressources durables / 15-Provisions réglementées et fonds assimilés,,,,1-Comptes de ressources durables / 15-Provisions réglementées et fonds assimilés / 153-Fonds réglementés,
,1531-Fonds National,equity,unspecified,credit,0,,1-Comptes de ressources durables / 15-Provisions réglementées et fonds assimilés / 153-Fonds réglementés,,,,1-Comptes de ressources durables / 15-Provisions réglementées et fonds assimilés / 153-Fonds réglementés / 1531-Fonds National,
,1532-Prélèvement pour le Budget,equity,unspecified,credit,0,,1-Comptes de ressources durables / 15-Provisions réglementées et fonds assimilés / 153-Fonds réglementés,,,,1-Comptes de ressources durables / 15-Provisions réglementées et fonds assimilés / 153-Fonds réglementés / 1532-Prélèvement pour le Budget,
,154-Provisions spéciales de réévaluation,equity,unspecified,credit,0,,1-Comptes de ressources durables / 15-Provisions réglementées et fonds assimilés,,,,1-Comptes de ressources durables / 15-Provisions réglementées et fonds assimilés / 154-Provisions spéciales de réévaluation,
,155-Provisions réglementées relatives aux immobilisations,equity,group,credit,1,,1-Comptes de ressources durables / 15-Provisions réglementées et fonds assimilés,,,,1-Comptes de ressources durables / 15-Provisions réglementées et fonds assimilés / 155-Provisions réglementées relatives aux immobilisations,
,1551-Reconstitution des gisements miniers et pétroliers,equity,unspecified,credit,0,,1-Comptes de ressources durables / 15-Provisions réglementées et fonds assimilés / 155-Provisions réglementées relatives aux immobilisations,,,,1-Comptes de ressources durables / 15-Provisions réglementées et fonds assimilés / 155-Provisions réglementées relatives aux immobilisations / 1551-Reconstitution des gisements miniers et pétroliers,
,156-Provisions réglementées relatives aux stocks,equity,group,credit,1,,1-Comptes de ressources durables / 15-Provisions réglementées et fonds assimilés,,,,1-Comptes de ressources durables / 15-Provisions réglementées et fonds assimilés / 156-Provisions réglementées relatives aux stocks,
,1561-Hausse de prix,equity,unspecified,credit,0,,1-Comptes de ressources durables / 15-Provisions réglementées et fonds assimilés / 156-Provisions réglementées relatives aux stocks,,,,1-Comptes de ressources durables / 15-Provisions réglementées et fonds assimilés / 156-Provisions réglementées relatives aux stocks / 1561-Hausse de prix,
,1562-Fluctuation des cours,equity,unspecified,credit,0,,1-Comptes de ressources durables / 15-Provisions réglementées et fonds assimilés / 156-Provisions réglementées relatives aux stocks,,,,1-Comptes de ressources durables / 15-Provisions réglementées et fonds assimilés / 156-Provisions réglementées relatives aux stocks / 1562-Fluctuation des cours,
,157-Provisions pour investissement,equity,unspecified,credit,0,,1-Comptes de ressources durables / 15-Provisions réglementées et fonds assimilés,,,,1-Comptes de ressources durables / 15-Provisions réglementées et fonds assimilés / 157-Provisions pour investissement,
,158-Autres provisions et fonds réglementés,equity,unspecified,credit,0,,1-Comptes de ressources durables / 15-Provisions réglementées et fonds assimilés,,,,1-Comptes de ressources durables / 15-Provisions réglementées et fonds assimilés / 158-Autres provisions et fonds réglementés,
,16-Emprunts et dettes assimilées,equity,group,credit,1,,1-Comptes de ressources durables,,,,1-Comptes de ressources durables / 16-Emprunts et dettes assimilées,
,161-Emprunts obligataires,equity,group,credit,1,,1-Comptes de ressources durables / 16-Emprunts et dettes assimilées,,,,1-Comptes de ressources durables / 16-Emprunts et dettes assimilées / 161-Emprunts obligataires,
,1611-Emprunts obligataires ordinaires,equity,unspecified,credit,0,,1-Comptes de ressources durables / 16-Emprunts et dettes assimilées / 161-Emprunts obligataires,,,,1-Comptes de ressources durables / 16-Emprunts et dettes assimilées / 161-Emprunts obligataires / 1611-Emprunts obligataires ordinaires,
,1612-Emprunts obligataires convertibles en actions,equity,unspecified,credit,0,,1-Comptes de ressources durables / 16-Emprunts et dettes assimilées / 161-Emprunts obligataires,,,,1-Comptes de ressources durables / 16-Emprunts et dettes assimilées / 161-Emprunts obligataires / 1612-Emprunts obligataires convertibles en actions,
,1613-Emprunts obligataires remboursables en actions,equity,unspecified,credit,0,,1-Comptes de ressources durables / 16-Emprunts et dettes assimilées / 161-Emprunts obligataires,,,,1-Comptes de ressources durables / 16-Emprunts et dettes assimilées / 161-Emprunts obligataires / 1613-Emprunts obligataires remboursables en actions,
,1618-Autres emprunts obligataires,equity,unspecified,credit,0,,1-Comptes de ressources durables / 16-Emprunts et dettes assimilées / 161-Emprunts obligataires,,,,1-Comptes de ressources durables / 16-Emprunts et dettes assimilées / 161-Emprunts obligataires / 1618-Autres emprunts obligataires,
,162-Emprunts et dettes auprès des établissements de crédit,equity,unspecified,credit,0,,1-Comptes de ressources durables / 16-Emprunts et dettes assimilées,,,,1-Comptes de ressources durables / 16-Emprunts et dettes assimilées / 162-Emprunts et dettes auprès des établissements de crédit,
,163-Avances reçues de l’État,equity,unspecified,credit,0,,1-Comptes de ressources durables / 16-Emprunts et dettes assimilées,,,,1-Comptes de ressources durables / 16-Emprunts et dettes assimilées / 163-Avances reçues de l’État,
,164-Avances reçues et comptes courants bloqués,equity,unspecified,credit,0,,1-Comptes de ressources durables / 16-Emprunts et dettes assimilées,,,,1-Comptes de ressources durables / 16-Emprunts et dettes assimilées / 164-Avances reçues et comptes courants bloqués,
,165-Dépôts et cautionnements reçus,equity,group,credit,1,,1-Comptes de ressources durables / 16-Emprunts et dettes assimilées,,,,1-Comptes de ressources durables / 16-Emprunts et dettes assimilées / 165-Dépôts et cautionnements reçus,
,1651-Dépôts,equity,unspecified,credit,0,,1-Comptes de ressources durables / 16-Emprunts et dettes assimilées / 165-Dépôts et cautionnements reçus,,,,1-Comptes de ressources durables / 16-Emprunts et dettes assimilées / 165-Dépôts et cautionnements reçus / 1651-Dépôts,
,1652-Cautionnements,equity,unspecified,credit,0,,1-Comptes de ressources durables / 16-Emprunts et dettes assimilées / 165-Dépôts et cautionnements reçus,,,,1-Comptes de ressources durables / 16-Emprunts et dettes assimilées / 165-Dépôts et cautionnements reçus / 1652-Cautionnements,
,166-Intérêts courus,equity,group,credit,1,,1-Comptes de ressources durables / 16-Emprunts et dettes assimilées,,,,1-Comptes de ressources durables / 16-Emprunts et dettes assimilées / 166-Intérêts courus,
,1661-Sur emprunts obligataires,equity,unspecified,credit,0,,1-Comptes de ressources durables / 16-Emprunts et dettes assimilées / 166-Intérêts courus,,,,1-Comptes de ressources durables / 16-Emprunts et dettes assimilées / 166-Intérêts courus / 1661-Sur emprunts obligataires,
,1662-Sur emprunts et dettes auprès des établissements de crédit,equity,unspecified,credit,0,,1-Comptes de ressources durables / 16-Emprunts et dettes assimilées / 166-Intérêts courus,,,,1-Comptes de ressources durables / 16-Emprunts et dettes assimilées / 166-Intérêts courus / 1662-Sur emprunts et dettes auprès des établissements de crédit,
,1663-Sur avances reçues de l’État,equity,unspecified,credit,0,,1-Comptes de ressources durables / 16-Emprunts et dettes assimilées / 166-Intérêts courus,,,,1-Comptes de ressources durables / 16-Emprunts et dettes assimilées / 166-Intérêts courus / 1663-Sur avances reçues de l’État,
,1664-Sur avances reçues et comptes courants bloqués,equity,unspecified,credit,0,,1-Comptes de ressources durables / 16-Emprunts et dettes assimilées / 166-Intérêts courus,,,,1-Comptes de ressources durables / 16-Emprunts et dettes assimilées / 166-Intérêts courus / 1664-Sur avances reçues et comptes courants bloqués,
,1665-Sur dépôts et cautionnements reçus,equity,unspecified,credit,0,,1-Comptes de ressources durables / 16-Emprunts et dettes assimilées / 166-Intérêts courus,,,,1-Comptes de ressources durables / 16-Emprunts et dettes assimilées / 166-Intérêts courus / 1665-Sur dépôts et cautionnements reçus,
,1667-Sur avances assorties de conditions particulières,equity,unspecified,credit,0,,1-Comptes de ressources durables / 16-Emprunts et dettes assimilées / 166-Intérêts courus,,,,1-Comptes de ressources durables / 16-Emprunts et dettes assimilées / 166-Intérêts courus / 1667-Sur avances assorties de conditions particulières,
,1668-Sur autres emprunts et dettes,equity,unspecified,credit,0,,1-Comptes de ressources durables / 16-Emprunts et dettes assimilées / 166-Intérêts courus,,,,1-Comptes de ressources durables / 16-Emprunts et dettes assimilées / 166-Intérêts courus / 1668-Sur autres emprunts et dettes,
,167-Avances assorties de conditions particulières,equity,group,credit,1,,1-Comptes de ressources durables / 16-Emprunts et dettes assimilées,,,,1-Comptes de ressources durables / 16-Emprunts et dettes assimilées / 167-Avances assorties de conditions particulières,
,1671-Avances bloquées pour augmentation du capital,equity,unspecified,credit,0,,1-Comptes de ressources durables / 16-Emprunts et dettes assimilées / 167-Avances assorties de conditions particulières,,,,1-Comptes de ressources durables / 16-Emprunts et dettes assimilées / 167-Avances assorties de conditions particulières / 1671-Avances bloquées pour augmentation du capital,
,1672-Avances conditionnées par l’État,equity,unspecified,credit,0,,1-Comptes de ressources durables / 16-Emprunts et dettes assimilées / 167-Avances assorties de conditions particulières,,,,1-Comptes de ressources durables / 16-Emprunts et dettes assimilées / 167-Avances assorties de conditions particulières / 1672-Avances conditionnées par l’État,
,1673-Avances conditionnées par les autres organismes africains,equity,unspecified,credit,0,,1-Comptes de ressources durables / 16-Emprunts et dettes assimilées / 167-Avances assorties de conditions particulières,,,,1-Comptes de ressources durables / 16-Emprunts et dettes assimilées / 167-Avances assorties de conditions particulières / 1673-Avances conditionnées par les autres organismes africains,
,1674-Avances conditionnées par les organismes internationaux,equity,unspecified,credit,0,,1-Comptes de ressources durables / 16-Emprunts et dettes assimilées / 167-Avances assorties de conditions particulières,,,,1-Comptes de ressources durables / 16-Emprunts et dettes assimilées / 167-Avances assorties de conditions particulières / 1674-Avances conditionnées par les organismes internationaux,
,168-Autres emprunts et dettes,equity,group,credit,1,,1-Comptes de ressources durables / 16-Emprunts et dettes assimilées,,,,1-Comptes de ressources durables / 16-Emprunts et dettes assimilées / 168-Autres emprunts et dettes,
,1681-Rentes viagères capitalisées,equity,unspecified,credit,0,,1-Comptes de ressources durables / 16-Emprunts et dettes assimilées / 168-Autres emprunts et dettes,,,,1-Comptes de ressources durables / 16-Emprunts et dettes assimilées / 168-Autres emprunts et dettes / 1681-Rentes viagères capitalisées,
,1682-Billets de fonds,equity,unspecified,credit,0,,1-Comptes de ressources durables / 16-Emprunts et dettes assimilées / 168-Autres emprunts et dettes,,,,1-Comptes de ressources durables / 16-Emprunts et dettes assimilées / 168-Autres emprunts et dettes / 1682-Billets de fonds,
,1683-Dettes consécutives à des titres empruntés,equity,unspecified,credit,0,,1-Comptes de ressources durables / 16-Emprunts et dettes assimilées / 168-Autres emprunts et dettes,,,,1-Comptes de ressources durables / 16-Emprunts et dettes assimilées / 168-Autres emprunts et dettes / 1683-Dettes consécutives à des titres empruntés,
,1684-Emprunts participatifs,equity,unspecified,credit,0,,1-Comptes de ressources durables / 16-Emprunts et dettes assimilées / 168-Autres emprunts et dettes,,,,1-Comptes de ressources durables / 16-Emprunts et dettes assimilées / 168-Autres emprunts et dettes / 1684-Emprunts participatifs,
,1685-Participation des travailleurs aux bénéfices,equity,unspecified,credit,0,,1-Comptes de ressources durables / 16-Emprunts et dettes assimilées / 168-Autres emprunts et dettes,,,,1-Comptes de ressources durables / 16-Emprunts et dettes assimilées / 168-Autres emprunts et dettes / 1685-Participation des travailleurs aux bénéfices,
,1686-Emprunts et dettes contractés auprès des autres tiers,equity,unspecified,credit,0,,1-Comptes de ressources durables / 16-Emprunts et dettes assimilées / 168-Autres emprunts et dettes,,,,1-Comptes de ressources durables / 16-Emprunts et dettes assimilées / 168-Autres emprunts et dettes / 1686-Emprunts et dettes contractés auprès des autres tiers,
,17-Dettes de location acquisition,equity,group,credit,1,,1-Comptes de ressources durables,,,,1-Comptes de ressources durables / 17-Dettes de location acquisition,
,172-Dettes de location acquisition / crédit bail immobilier,equity,unspecified,credit,0,,1-Comptes de ressources durables / 17-Dettes de location acquisition,,,,1-Comptes de ressources durables / 17-Dettes de location acquisition / 172-Dettes de location acquisition / crédit bail immobilier,
,173-Dettes de location acquisition / crédit bail mobilier,equity,unspecified,credit,0,,1-Comptes de ressources durables / 17-Dettes de location acquisition,,,,1-Comptes de ressources durables / 17-Dettes de location acquisition / 173-Dettes de location acquisition / crédit bail mobilier,
,174-Dettes de location acquisition / location de vente,equity,unspecified,credit,0,,1-Comptes de ressources durables / 17-Dettes de location acquisition,,,,1-Comptes de ressources durables / 17-Dettes de location acquisition / 174-Dettes de location acquisition / location de vente,
,176-Intérêts courus,equity,group,credit,1,,1-Comptes de ressources durables / 17-Dettes de location acquisition,,,,1-Comptes de ressources durables / 17-Dettes de location acquisition / 176-Intérêts courus,
,1762-Sur dettes de location acquisition / crédit-bail immobilier,equity,unspecified,credit,0,,1-Comptes de ressources durables / 17-Dettes de location acquisition / 176-Intérêts courus,,,,1-Comptes de ressources durables / 17-Dettes de location acquisition / 176-Intérêts courus / 1762-Sur dettes de location acquisition / crédit-bail immobilier,
,1763-Sur dettes de location acquisition / crédit-bail mobilier,equity,unspecified,credit,0,,1-Comptes de ressources durables / 17-Dettes de location acquisition / 176-Intérêts courus,,,,1-Comptes de ressources durables / 17-Dettes de location acquisition / 176-Intérêts courus / 1763-Sur dettes de location acquisition / crédit-bail mobilier,
,1764-Sur dettes de location acquisition / location-vente,equity,unspecified,credit,0,,1-Comptes de ressources durables / 17-Dettes de location acquisition / 176-Intérêts courus,,,,1-Comptes de ressources durables / 17-Dettes de location acquisition / 176-Intérêts courus / 1764-Sur dettes de location acquisition / location-vente,
,1768-Sur autres dettes de location acquisition,equity,unspecified,credit,0,,1-Comptes de ressources durables / 17-Dettes de location acquisition / 176-Intérêts courus,,,,1-Comptes de ressources durables / 17-Dettes de location acquisition / 176-Intérêts courus / 1768-Sur autres dettes de location acquisition,
,178-Autres dettes de location acquisition,equity,unspecified,credit,0,,1-Comptes de ressources durables / 17-Dettes de location acquisition,,,,1-Comptes de ressources durables / 17-Dettes de location acquisition / 178-Autres dettes de location acquisition,
,18-Dettes liées à des participations et comptes de liaison des établissements et sociétés en participation,equity,group,credit,1,,1-Comptes de ressources durables,,,,1-Comptes de ressources durables / 18-Dettes liées à des participations et comptes de liaison des établissements et sociétés en participation,
,181-Dettes liées à des participations,equity,group,credit,1,,1-Comptes de ressources durables / 18-Dettes liées à des participations et comptes de liaison des établissements et sociétés en participation,,,,1-Comptes de ressources durables / 18-Dettes liées à des participations et comptes de liaison des établissements et sociétés en participation / 181-Dettes liées à des participations,
,1811-Dettes liées à des participations (groupe),equity,unspecified,credit,0,,1-Comptes de ressources durables / 18-Dettes liées à des participations et comptes de liaison des établissements et sociétés en participation / 181-Dettes liées à des participations,,,,1-Comptes de ressources durables / 18-Dettes liées à des participations et comptes de liaison des établissements et sociétés en participation / 181-Dettes liées à des participations / 1811-Dettes liées à des participations (groupe),
,1812-Dettes liées à des participations (hors groupe),equity,unspecified,credit,0,,1-Comptes de ressources durables / 18-Dettes liées à des participations et comptes de liaison des établissements et sociétés en participation / 181-Dettes liées à des participations,,,,1-Comptes de ressources durables / 18-Dettes liées à des participations et comptes de liaison des établissements et sociétés en participation / 181-Dettes liées à des participations / 1812-Dettes liées à des participations (hors groupe),
,182-Dettes liées à des sociétés en participation,equity,unspecified,credit,0,,1-Comptes de ressources durables / 18-Dettes liées à des participations et comptes de liaison des établissements et sociétés en participation,,,,1-Comptes de ressources durables / 18-Dettes liées à des participations et comptes de liaison des établissements et sociétés en participation / 182-Dettes liées à des sociétés en participation,
,183-Intérêts courus sur dettes liées à des participations,equity,unspecified,credit,0,,1-Comptes de ressources durables / 18-Dettes liées à des participations et comptes de liaison des établissements et sociétés en participation,,,,1-Comptes de ressources durables / 18-Dettes liées à des participations et comptes de liaison des établissements et sociétés en participation / 183-Intérêts courus sur dettes liées à des participations,
,184-Comptes permanents bloqués des établissements et succursales,equity,unspecified,credit,0,,1-Comptes de ressources durables / 18-Dettes liées à des participations et comptes de liaison des établissements et sociétés en participation,,,,1-Comptes de ressources durables / 18-Dettes liées à des participations et comptes de liaison des établissements et sociétés en participation / 184-Comptes permanents bloqués des établissements et succursales,
,185-Comptes permanents non bloqués des établissements et succursales,equity,unspecified,credit,0,,1-Comptes de ressources durables / 18-Dettes liées à des participations et comptes de liaison des établissements et sociétés en participation,,,,1-Comptes de ressources durables / 18-Dettes liées à des participations et comptes de liaison des établissements et sociétés en participation / 185-Comptes permanents non bloqués des établissements et succursales,
,186-Comptes de liaison charges,equity,unspecified,credit,0,,1-Comptes de ressources durables / 18-Dettes liées à des participations et comptes de liaison des établissements et sociétés en participation,,,,1-Comptes de ressources durables / 18-Dettes liées à des participations et comptes de liaison des établissements et sociétés en participation / 186-Comptes de liaison charges,
,187-Comptes de liaison produits,equity,unspecified,credit,0,,1-Comptes de ressources durables / 18-Dettes liées à des participations et comptes de liaison des établissements et sociétés en participation,,,,1-Comptes de ressources durables / 18-Dettes liées à des participations et comptes de liaison des établissements et sociétés en participation / 187-Comptes de liaison produits,
,188-Comptes de liaison des sociétés en participation,equity,unspecified,credit,0,,1-Comptes de ressources durables / 18-Dettes liées à des participations et comptes de liaison des établissements et sociétés en participation,,,,1-Comptes de ressources durables / 18-Dettes liées à des participations et comptes de liaison des établissements et sociétés en participation / 188-Comptes de liaison des sociétés en participation,
,19-Provisions pour risques et charges,equity,group,credit,1,,1-Comptes de ressources durables,,,,1-Comptes de ressources durables / 19-Provisions pour risques et charges,
,191-Provisions pour litiges,equity,unspecified,credit,0,,1-Comptes de ressources durables / 19-Provisions pour risques et charges,,,,1-Comptes de ressources durables / 19-Provisions pour risques et charges / 191-Provisions pour litiges,
,192-Provisions pour garanties données aux clients,equity,unspecified,credit,0,,1-Comptes de ressources durables / 19-Provisions pour risques et charges,,,,1-Comptes de ressources durables / 19-Provisions pour risques et charges / 192-Provisions pour garanties données aux clients,
,193-Provisions pour pertes sur marchés à achèvement futur,equity,unspecified,credit,0,,1-Comptes de ressources durables / 19-Provisions pour risques et charges,,,,1-Comptes de ressources durables / 19-Provisions pour risques et charges / 193-Provisions pour pertes sur marchés à achèvement futur,
,194-Provisions pour pertes de change,equity,unspecified,credit,0,,1-Comptes de ressources durables / 19-Provisions pour risques et charges,,,,1-Comptes de ressources durables / 19-Provisions pour risques et charges / 194-Provisions pour pertes de change,
,195-Provisions pour impôts,equity,unspecified,credit,0,,1-Comptes de ressources durables / 19-Provisions pour risques et charges,,,,1-Comptes de ressources durables / 19-Provisions pour risques et charges / 195-Provisions pour impôts,
,196-Provisions pour pensions et obligations similaires,equity,group,credit,1,,1-Comptes de ressources durables / 19-Provisions pour risques et charges,,,,1-Comptes de ressources durables / 19-Provisions pour risques et charges / 196-Provisions pour pensions et obligations similaires,
,1961-Provisions pour pensions et obligations similaires engagement de retraite,equity,unspecified,credit,0,,1-Comptes de ressources durables / 19-Provisions pour risques et charges / 196-Provisions pour pensions et obligations similaires,,,,1-Comptes de ressources durables / 19-Provisions pour risques et charges / 196-Provisions pour pensions et obligations similaires / 1961-Provisions pour pensions et obligations similaires engagement de retraite,
,1962-Actif du régime de retraite,equity,unspecified,credit,0,,1-Comptes de ressources durables / 19-Provisions pour risques et charges / 196-Provisions pour pensions et obligations similaires,,,,1-Comptes de ressources durables / 19-Provisions pour risques et charges / 196-Provisions pour pensions et obligations similaires / 1962-Actif du régime de retraite,
,197-Provisions pour restructuration,equity,unspecified,credit,0,,1-Comptes de ressources durables / 19-Provisions pour risques et charges,,,,1-Comptes de ressources durables / 19-Provisions pour risques et charges / 197-Provisions pour restructuration,
,198-Autres provisions pour risques et charges,equity,group,credit,1,,1-Comptes de ressources durables / 19-Provisions pour risques et charges,,,,1-Comptes de ressources durables / 19-Provisions pour risques et charges / 198-Autres provisions pour risques et charges,
,1981-Provisions pour amendes et pénalités,equity,unspecified,credit,0,,1-Comptes de ressources durables / 19-Provisions pour risques et charges / 198-Autres provisions pour risques et charges,,,,1-Comptes de ressources durables / 19-Provisions pour risques et charges / 198-Autres provisions pour risques et charges / 1981-Provisions pour amendes et pénalités,
,1983-Provisions pour propre assureur,equity,unspecified,credit,0,,1-Comptes de ressources durables / 19-Provisions pour risques et charges / 198-Autres provisions pour risques et charges,,,,1-Comptes de ressources durables / 19-Provisions pour risques et charges / 198-Autres provisions pour risques et charges / 1983-Provisions pour propre assureur,
,1984-Provisions pour démantèlement et remise en état,equity,unspecified,credit,0,,1-Comptes de ressources durables / 19-Provisions pour risques et charges / 198-Autres provisions pour risques et charges,,,,1-Comptes de ressources durables / 19-Provisions pour risques et charges / 198-Autres provisions pour risques et charges / 1984-Provisions pour démantèlement et remise en état,
,"1985-Provisions pour droits à réduction ou avantage en nature (chèques cadeau, cartes de fidélité...)",equity,unspecified,credit,0,,1-Comptes de ressources durables / 19-Provisions pour risques et charges / 198-Autres provisions pour risques et charges,,,,"1-Comptes de ressources durables / 19-Provisions pour risques et charges / 198-Autres provisions pour risques et charges / 1985-Provisions pour droits à réduction ou avantage en nature (chèques cadeau, cartes de fidélité...)",
,1988-Provisions pour divers risques et charges,equity,unspecified,credit,0,,1-Comptes de ressources durables / 19-Provisions pour risques et charges / 198-Autres provisions pour risques et charges,,,,1-Comptes de ressources durables / 19-Provisions pour risques et charges / 198-Autres provisions pour risques et charges / 1988-Provisions pour divers risques et charges,
,2-Comptes d’actif immobilisé,asset,group,debit,1,,,,,,2-Comptes d’actif immobilisé,
,21-Immobilisations incorporelles,asset,fixed_asset,debit,1,,2-Comptes d’actif immobilisé,Fixed Asset,,,2-Comptes d’actif immobilisé / 21-Immobilisations incorporelles,
,211-Frais de développement,asset,fixed_asset,debit,0,,2-Comptes d’actif immobilisé / 21-Immobilisations incorporelles,Fixed Asset,,,2-Comptes d’actif immobilisé / 21-Immobilisations incorporelles / 211-Frais de développement,
,"212-Brevets, licences, concessions et droits similaires",asset,fixed_asset,debit,1,,2-Comptes d’actif immobilisé / 21-Immobilisations incorporelles,Fixed Asset,,,"2-Comptes d’actif immobilisé / 21-Immobilisations incorporelles / 212-Brevets, licences, concessions et droits similaires",
,2121-Brevets,asset,fixed_asset,debit,0,,"2-Comptes d’actif immobilisé / 21-Immobilisations incorporelles / 212-Brevets, licences, concessions et droits similaires",Fixed Asset,,,"2-Comptes d’actif immobilisé / 21-Immobilisations incorporelles / 212-Brevets, licences, concessions et droits similaires / 2121-Brevets",
,2122-Licences,asset,fixed_asset,debit,0,,"2-Comptes d’actif immobilisé / 21-Immobilisations incorporelles / 212-Brevets, licences, concessions et droits similaires",Fixed Asset,,,"2-Comptes d’actif immobilisé / 21-Immobilisations incorporelles / 212-Brevets, licences, concessions et droits similaires / 2122-Licences",
,2123-Concessions de service public,asset,fixed_asset,debit,0,,"2-Comptes d’actif immobilisé / 21-Immobilisations incorporelles / 212-Brevets, licences, concessions et droits similaires",Fixed Asset,,,"2-Comptes d’actif immobilisé / 21-Immobilisations incorporelles / 212-Brevets, licences, concessions et droits similaires / 2123-Concessions de service public",
,2128-Autres concessions et droits similaires,asset,fixed_asset,debit,0,,"2-Comptes d’actif immobilisé / 21-Immobilisations incorporelles / 212-Brevets, licences, concessions et droits similaires",Fixed Asset,,,"2-Comptes d’actif immobilisé / 21-Immobilisations incorporelles / 212-Brevets, licences, concessions et droits similaires / 2128-Autres concessions et droits similaires",
,213-Logiciels et sites internet,asset,fixed_asset,debit,1,,2-Comptes d’actif immobilisé / 21-Immobilisations incorporelles,Fixed Asset,,,2-Comptes d’actif immobilisé / 21-Immobilisations incorporelles / 213-Logiciels et sites internet,
,2131-Logiciels,asset,fixed_asset,debit,0,,2-Comptes d’actif immobilisé / 21-Immobilisations incorporelles / 213-Logiciels et sites internet,Fixed Asset,,,2-Comptes d’actif immobilisé / 21-Immobilisations incorporelles / 213-Logiciels et sites internet / 2131-Logiciels,
,2132-Sites internet,asset,fixed_asset,debit,0,,2-Comptes d’actif immobilisé / 21-Immobilisations incorporelles / 213-Logiciels et sites internet,Fixed Asset,,,2-Comptes d’actif immobilisé / 21-Immobilisations incorporelles / 213-Logiciels et sites internet / 2132-Sites internet,
,214-Marques,asset,fixed_asset,debit,0,,2-Comptes d’actif immobilisé / 21-Immobilisations incorporelles,Fixed Asset,,,2-Comptes d’actif immobilisé / 21-Immobilisations incorporelles / 214-Marques,
,215-Fonds commercial,asset,fixed_asset,debit,0,,2-Comptes d’actif immobilisé / 21-Immobilisations incorporelles,Fixed Asset,,,2-Comptes d’actif immobilisé / 21-Immobilisations incorporelles / 215-Fonds commercial,
,216-Droit au bail,asset,fixed_asset,debit,0,,2-Comptes d’actif immobilisé / 21-Immobilisations incorporelles,Fixed Asset,,,2-Comptes d’actif immobilisé / 21-Immobilisations incorporelles / 216-Droit au bail,
,217-Investissements de création,asset,fixed_asset,debit,0,,2-Comptes d’actif immobilisé / 21-Immobilisations incorporelles,Fixed Asset,,,2-Comptes d’actif immobilisé / 21-Immobilisations incorporelles / 217-Investissements de création,
,218-Autres droits et valeurs incorporels,asset,fixed_asset,debit,1,,2-Comptes d’actif immobilisé / 21-Immobilisations incorporelles,Fixed Asset,,,2-Comptes d’actif immobilisé / 21-Immobilisations incorporelles / 218-Autres droits et valeurs incorporels,
,2181-Frais de prospection et d’évaluation de ressources minérales,asset,fixed_asset,debit,0,,2-Comptes d’actif immobilisé / 21-Immobilisations incorporelles / 218-Autres droits et valeurs incorporels,Fixed Asset,,,2-Comptes d’actif immobilisé / 21-Immobilisations incorporelles / 218-Autres droits et valeurs incorporels / 2181-Frais de prospection et d’évaluation de ressources minérales,
,2182-Coûts d’obtention du contrat,asset,fixed_asset,debit,0,,2-Comptes d’actif immobilisé / 21-Immobilisations incorporelles / 218-Autres droits et valeurs incorporels,Fixed Asset,,,2-Comptes d’actif immobilisé / 21-Immobilisations incorporelles / 218-Autres droits et valeurs incorporels / 2182-Coûts d’obtention du contrat,
,"2183-Fichiers clients, notices, titres de journaux et magazines",asset,fixed_asset,debit,0,,2-Comptes d’actif immobilisé / 21-Immobilisations incorporelles / 218-Autres droits et valeurs incorporels,Fixed Asset,,,"2-Comptes d’actif immobilisé / 21-Immobilisations incorporelles / 218-Autres droits et valeurs incorporels / 2183-Fichiers clients, notices, titres de journaux et magazines",
,2184-Coûts des franchises,asset,fixed_asset,debit,0,,2-Comptes d’actif immobilisé / 21-Immobilisations incorporelles / 218-Autres droits et valeurs incorporels,Fixed Asset,,,2-Comptes d’actif immobilisé / 21-Immobilisations incorporelles / 218-Autres droits et valeurs incorporels / 2184-Coûts des franchises,
,2188-Divers droits et valeurs incorporelles,asset,fixed_asset,debit,0,,2-Comptes d’actif immobilisé / 21-Immobilisations incorporelles / 218-Autres droits et valeurs incorporels,Fixed Asset,,,2-Comptes d’actif immobilisé / 21-Immobilisations incorporelles / 218-Autres droits et valeurs incorporels / 2188-Divers droits et valeurs incorporelles,
,219-Immobilisations incorporelles en cours,asset,fixed_asset,debit,1,,2-Comptes d’actif immobilisé / 21-Immobilisations incorporelles,Fixed Asset,,,2-Comptes d’actif immobilisé / 21-Immobilisations incorporelles / 219-Immobilisations incorporelles en cours,
,2191-Frais de développement,asset,fixed_asset,debit,0,,2-Comptes d’actif immobilisé / 21-Immobilisations incorporelles / 219-Immobilisations incorporelles en cours,Fixed Asset,,,2-Comptes d’actif immobilisé / 21-Immobilisations incorporelles / 219-Immobilisations incorporelles en cours / 2191-Frais de développement,
,2193-Logiciels et internet,asset,fixed_asset,debit,0,,2-Comptes d’actif immobilisé / 21-Immobilisations incorporelles / 219-Immobilisations incorporelles en cours,Fixed Asset,,,2-Comptes d’actif immobilisé / 21-Immobilisations incorporelles / 219-Immobilisations incorporelles en cours / 2193-Logiciels et internet,
,2198-Autres droits et valeurs incorporels,asset,fixed_asset,debit,0,,2-Comptes d’actif immobilisé / 21-Immobilisations incorporelles / 219-Immobilisations incorporelles en cours,Fixed Asset,,,2-Comptes d’actif immobilisé / 21-Immobilisations incorporelles / 219-Immobilisations incorporelles en cours / 2198-Autres droits et valeurs incorporels,
,22-Terrains,asset,fixed_asset,debit,1,,2-Comptes d’actif immobilisé,Fixed Asset,,,2-Comptes d’actif immobilisé / 22-Terrains,
,221-Terrains agricoles et forestiers,asset,fixed_asset,debit,1,,2-Comptes d’actif immobilisé / 22-Terrains,Fixed Asset,,,2-Comptes d’actif immobilisé / 22-Terrains / 221-Terrains agricoles et forestiers,
,2211-Terrains d’exploitation agricole,asset,fixed_asset,debit,0,,2-Comptes d’actif immobilisé / 22-Terrains / 221-Terrains agricoles et forestiers,Fixed Asset,,,2-Comptes d’actif immobilisé / 22-Terrains / 221-Terrains agricoles et forestiers / 2211-Terrains d’exploitation agricole,
,2212-Terrains d’exploitation forestière,asset,fixed_asset,debit,0,,2-Comptes d’actif immobilisé / 22-Terrains / 221-Terrains agricoles et forestiers,Fixed Asset,,,2-Comptes d’actif immobilisé / 22-Terrains / 221-Terrains agricoles et forestiers / 2212-Terrains d’exploitation forestière,
,2218-Autres terrains,asset,fixed_asset,debit,0,,2-Comptes d’actif immobilisé / 22-Terrains / 221-Terrains agricoles et forestiers,Fixed Asset,,,2-Comptes d’actif immobilisé / 22-Terrains / 221-Terrains agricoles et forestiers / 2218-Autres terrains,
,222-Terrains nus,asset,fixed_asset,debit,1,,2-Comptes d’actif immobilisé / 22-Terrains,Fixed Asset,,,2-Comptes d’actif immobilisé / 22-Terrains / 222-Terrains nus,
,2221-Terrains à bâtir,asset,fixed_asset,debit,0,,2-Comptes d’actif immobilisé / 22-Terrains / 222-Terrains nus,Fixed Asset,,,2-Comptes d’actif immobilisé / 22-Terrains / 222-Terrains nus / 2221-Terrains à bâtir,
,2228-Autres terrains nus,asset,fixed_asset,debit,0,,2-Comptes d’actif immobilisé / 22-Terrains / 222-Terrains nus,Fixed Asset,,,2-Comptes d’actif immobilisé / 22-Terrains / 222-Terrains nus / 2228-Autres terrains nus,
,223-Terrains bâtis,asset,fixed_asset,debit,1,,2-Comptes d’actif immobilisé / 22-Terrains,Fixed Asset,,,2-Comptes d’actif immobilisé / 22-Terrains / 223-Terrains bâtis,
,2231-Pour bâtiments industriels et agricoles,asset,fixed_asset,debit,0,,2-Comptes d’actif immobilisé / 22-Terrains / 223-Terrains bâtis,Fixed Asset,,,2-Comptes d’actif immobilisé / 22-Terrains / 223-Terrains bâtis / 2231-Pour bâtiments industriels et agricoles,
,2232-Pour bâtiments administratifs et commerciaux,asset,fixed_asset,debit,0,,2-Comptes d’actif immobilisé / 22-Terrains / 223-Terrains bâtis,Fixed Asset,,,2-Comptes d’actif immobilisé / 22-Terrains / 223-Terrains bâtis / 2232-Pour bâtiments administratifs et commerciaux,
,2234-Pour bâtiments affectés aux autres opérations professionnelles,asset,fixed_asset,debit,0,,2-Comptes d’actif immobilisé / 22-Terrains / 223-Terrains bâtis,Fixed Asset,,,2-Comptes d’actif immobilisé / 22-Terrains / 223-Terrains bâtis / 2234-Pour bâtiments affectés aux autres opérations professionnelles,
,2235-Pour bâtiments affectés aux autres opérations non professionnelles,asset,fixed_asset,debit,0,,2-Comptes d’actif immobilisé / 22-Terrains / 223-Terrains bâtis,Fixed Asset,,,2-Comptes d’actif immobilisé / 22-Terrains / 223-Terrains bâtis / 2235-Pour bâtiments affectés aux autres opérations non professionnelles,
,2238-Autres terrains bâtis,asset,fixed_asset,debit,0,,2-Comptes d’actif immobilisé / 22-Terrains / 223-Terrains bâtis,Fixed Asset,,,2-Comptes d’actif immobilisé / 22-Terrains / 223-Terrains bâtis / 2238-Autres terrains bâtis,
,224-Travaux de mise en valeur des terrains,asset,fixed_asset,debit,1,,2-Comptes d’actif immobilisé / 22-Terrains,Fixed Asset,,,2-Comptes d’actif immobilisé / 22-Terrains / 224-Travaux de mise en valeur des terrains,
,2241-Plantation d’arbres et d’arbustes,asset,fixed_asset,debit,0,,2-Comptes d’actif immobilisé / 22-Terrains / 224-Travaux de mise en valeur des terrains,Fixed Asset,,,2-Comptes d’actif immobilisé / 22-Terrains / 224-Travaux de mise en valeur des terrains / 2241-Plantation d’arbres et d’arbustes,
,2245-Améliorations du fonds,asset,fixed_asset,debit,0,,2-Comptes d’actif immobilisé / 22-Terrains / 224-Travaux de mise en valeur des terrains,Fixed Asset,,,2-Comptes d’actif immobilisé / 22-Terrains / 224-Travaux de mise en valeur des terrains / 2245-Améliorations du fonds,
,2248-Autres travaux,asset,fixed_asset,debit,0,,2-Comptes d’actif immobilisé / 22-Terrains / 224-Travaux de mise en valeur des terrains,Fixed Asset,,,2-Comptes d’actif immobilisé / 22-Terrains / 224-Travaux de mise en valeur des terrains / 2248-Autres travaux,
,225-Terrains de carrières tréfonds,asset,fixed_asset,debit,1,,2-Comptes d’actif immobilisé / 22-Terrains,Fixed Asset,,,2-Comptes d’actif immobilisé / 22-Terrains / 225-Terrains de carrières tréfonds,
,2251-Carrières,asset,fixed_asset,debit,0,,2-Comptes d’actif immobilisé / 22-Terrains / 225-Terrains de carrières tréfonds,Fixed Asset,,,2-Comptes d’actif immobilisé / 22-Terrains / 225-Terrains de carrières tréfonds / 2251-Carrières,
,226-Terrains aménagés,asset,fixed_asset,debit,1,,2-Comptes d’actif immobilisé / 22-Terrains,Fixed Asset,,,2-Comptes d’actif immobilisé / 22-Terrains / 226-Terrains aménagés,
,2261-Parkings,asset,fixed_asset,debit,0,,2-Comptes d’actif immobilisé / 22-Terrains / 226-Terrains aménagés,Fixed Asset,,,2-Comptes d’actif immobilisé / 22-Terrains / 226-Terrains aménagés / 2261-Parkings,
,227-Terrains mis en concession,asset,fixed_asset,debit,0,,2-Comptes d’actif immobilisé / 22-Terrains,Fixed Asset,,,2-Comptes d’actif immobilisé / 22-Terrains / 227-Terrains mis en concession,
,228-Autres terrains,asset,fixed_asset,debit,1,,2-Comptes d’actif immobilisé / 22-Terrains,Fixed Asset,,,2-Comptes d’actif immobilisé / 22-Terrains / 228-Autres terrains,
,2281-Terrains immeubles de placement,asset,fixed_asset,debit,0,,2-Comptes d’actif immobilisé / 22-Terrains / 228-Autres terrains,Fixed Asset,,,2-Comptes d’actif immobilisé / 22-Terrains / 228-Autres terrains / 2281-Terrains immeubles de placement,
,2285-Terrains des logements affectés au personnel,asset,fixed_asset,debit,0,,2-Comptes d’actif immobilisé / 22-Terrains / 228-Autres terrains,Fixed Asset,,,2-Comptes d’actif immobilisé / 22-Terrains / 228-Autres terrains / 2285-Terrains des logements affectés au personnel,
,2286-Terrains de location acquisition,asset,fixed_asset,debit,0,,2-Comptes d’actif immobilisé / 22-Terrains / 228-Autres terrains,Fixed Asset,,,2-Comptes d’actif immobilisé / 22-Terrains / 228-Autres terrains / 2286-Terrains de location acquisition,
,2288-Divers terrains,asset,fixed_asset,debit,0,,2-Comptes d’actif immobilisé / 22-Terrains / 228-Autres terrains,Fixed Asset,,,2-Comptes d’actif immobilisé / 22-Terrains / 228-Autres terrains / 2288-Divers terrains,
,229-Aménagements de terrains en cours,asset,fixed_asset,debit,1,,2-Comptes d’actif immobilisé / 22-Terrains,Fixed Asset,,,2-Comptes d’actif immobilisé / 22-Terrains / 229-Aménagements de terrains en cours,
,2291-Terrains agricoles et forestiers,asset,fixed_asset,debit,0,,2-Comptes d’actif immobilisé / 22-Terrains / 229-Aménagements de terrains en cours,Fixed Asset,,,2-Comptes d’actif immobilisé / 22-Terrains / 229-Aménagements de terrains en cours / 2291-Terrains agricoles et forestiers,
,2292-Terrains nus,asset,fixed_asset,debit,0,,2-Comptes d’actif immobilisé / 22-Terrains / 229-Aménagements de terrains en cours,Fixed Asset,,,2-Comptes d’actif immobilisé / 22-Terrains / 229-Aménagements de terrains en cours / 2292-Terrains nus,
,2295-Terrains de carrières tréfonds,asset,fixed_asset,debit,0,,2-Comptes d’actif immobilisé / 22-Terrains / 229-Aménagements de terrains en cours,Fixed Asset,,,2-Comptes d’actif immobilisé / 22-Terrains / 229-Aménagements de terrains en cours / 2295-Terrains de carrières tréfonds,
,2298-Autres terrains,asset,fixed_asset,debit,0,,2-Comptes d’actif immobilisé / 22-Terrains / 229-Aménagements de terrains en cours,Fixed Asset,,,2-Comptes d’actif immobilisé / 22-Terrains / 229-Aménagements de terrains en cours / 2298-Autres terrains,
,"23-Bâtiments, installations techniques et agencements",asset,group,debit,1,,2-Comptes d’actif immobilisé,,,,"2-Comptes d’actif immobilisé / 23-Bâtiments, installations techniques et agencements",
,"231-Bâtiments industriels, agricoles, administratifs et commerciaux sur sol propre",asset,group,debit,1,,"2-Comptes d’actif immobilisé / 23-Bâtiments, installations techniques et agencements",,,,"2-Comptes d’actif immobilisé / 23-Bâtiments, installations techniques et agencements / 231-Bâtiments industriels, agricoles, administratifs et commerciaux sur sol propre",
,2311-Bâtiments industriels,asset,unspecified,debit,0,,"2-Comptes d’actif immobilisé / 23-Bâtiments, installations techniques et agencements / 231-Bâtiments industriels, agricoles, administratifs et commerciaux sur sol propre",,,,"2-Comptes d’actif immobilisé / 23-Bâtiments, installations techniques et agencements / 231-Bâtiments industriels, agricoles, administratifs et commerciaux sur sol propre / 2311-Bâtiments industriels",
,2312-Bâtiments agricoles,asset,unspecified,debit,0,,"2-Comptes d’actif immobilisé / 23-Bâtiments, installations techniques et agencements / 231-Bâtiments industriels, agricoles, administratifs et commerciaux sur sol propre",,,,"2-Comptes d’actif immobilisé / 23-Bâtiments, installations techniques et agencements / 231-Bâtiments industriels, agricoles, administratifs et commerciaux sur sol propre / 2312-Bâtiments agricoles",
,2313-Bâtiments administratifs et commerciaux,asset,unspecified,debit,0,,"2-Comptes d’actif immobilisé / 23-Bâtiments, installations techniques et agencements / 231-Bâtiments industriels, agricoles, administratifs et commerciaux sur sol propre",,,,"2-Comptes d’actif immobilisé / 23-Bâtiments, installations techniques et agencements / 231-Bâtiments industriels, agricoles, administratifs et commerciaux sur sol propre / 2313-Bâtiments administratifs et commerciaux",
,2314-Bâtiments affectés au logement du personnel,asset,unspecified,debit,0,,"2-Comptes d’actif immobilisé / 23-Bâtiments, installations techniques et agencements / 231-Bâtiments industriels, agricoles, administratifs et commerciaux sur sol propre",,,,"2-Comptes d’actif immobilisé / 23-Bâtiments, installations techniques et agencements / 231-Bâtiments industriels, agricoles, administratifs et commerciaux sur sol propre / 2314-Bâtiments affectés au logement du personnel",
,2315-Bâtiments immeubles de placement,asset,unspecified,debit,0,,"2-Comptes d’actif immobilisé / 23-Bâtiments, installations techniques et agencements / 231-Bâtiments industriels, agricoles, administratifs et commerciaux sur sol propre",,,,"2-Comptes d’actif immobilisé / 23-Bâtiments, installations techniques et agencements / 231-Bâtiments industriels, agricoles, administratifs et commerciaux sur sol propre / 2315-Bâtiments immeubles de placement",
,2316-Bâtiments de location acquisition,asset,unspecified,debit,0,,"2-Comptes d’actif immobilisé / 23-Bâtiments, installations techniques et agencements / 231-Bâtiments industriels, agricoles, administratifs et commerciaux sur sol propre",,,,"2-Comptes d’actif immobilisé / 23-Bâtiments, installations techniques et agencements / 231-Bâtiments industriels, agricoles, administratifs et commerciaux sur sol propre / 2316-Bâtiments de location acquisition",
,"232-Bâtiments industriels, agricoles, administratifs et commerciaux sur sol d’autrui",asset,group,debit,1,,"2-Comptes d’actif immobilisé / 23-Bâtiments, installations techniques et agencements",,,,"2-Comptes d’actif immobilisé / 23-Bâtiments, installations techniques et agencements / 232-Bâtiments industriels, agricoles, administratifs et commerciaux sur sol d’autrui",
,2321-Bâtiments industriels,asset,unspecified,debit,0,,"2-Comptes d’actif immobilisé / 23-Bâtiments, installations techniques et agencements / 232-Bâtiments industriels, agricoles, administratifs et commerciaux sur sol d’autrui",,,,"2-Comptes d’actif immobilisé / 23-Bâtiments, installations techniques et agencements / 232-Bâtiments industriels, agricoles, administratifs et commerciaux sur sol d’autrui / 2321-Bâtiments industriels",
,2322-Bâtiments agricoles,asset,unspecified,debit,0,,"2-Comptes d’actif immobilisé / 23-Bâtiments, installations techniques et agencements / 232-Bâtiments industriels, agricoles, administratifs et commerciaux sur sol d’autrui",,,,"2-Comptes d’actif immobilisé / 23-Bâtiments, installations techniques et agencements / 232-Bâtiments industriels, agricoles, administratifs et commerciaux sur sol d’autrui / 2322-Bâtiments agricoles",
,2323-Bâtiments administratifs et commerciaux,asset,unspecified,debit,0,,"2-Comptes d’actif immobilisé / 23-Bâtiments, installations techniques et agencements / 232-Bâtiments industriels, agricoles, administratifs et commerciaux sur sol d’autrui",,,,"2-Comptes d’actif immobilisé / 23-Bâtiments, installations techniques et agencements / 232-Bâtiments industriels, agricoles, administratifs et commerciaux sur sol d’autrui / 2323-Bâtiments administratifs et commerciaux",
,2324-Bâtiments affectés au logement du personnel,asset,unspecified,debit,0,,"2-Comptes d’actif immobilisé / 23-Bâtiments, installations techniques et agencements / 232-Bâtiments industriels, agricoles, administratifs et commerciaux sur sol d’autrui",,,,"2-Comptes d’actif immobilisé / 23-Bâtiments, installations techniques et agencements / 232-Bâtiments industriels, agricoles, administratifs et commerciaux sur sol d’autrui / 2324-Bâtiments affectés au logement du personnel",
,2325-Bâtiments immeubles de placement,asset,unspecified,debit,0,,"2-Comptes d’actif immobilisé / 23-Bâtiments, installations techniques et agencements / 232-Bâtiments industriels, agricoles, administratifs et commerciaux sur sol d’autrui",,,,"2-Comptes d’actif immobilisé / 23-Bâtiments, installations techniques et agencements / 232-Bâtiments industriels, agricoles, administratifs et commerciaux sur sol d’autrui / 2325-Bâtiments immeubles de placement",
,2326-Bâtiments de location acquisition,asset,unspecified,debit,0,,"2-Comptes d’actif immobilisé / 23-Bâtiments, installations techniques et agencements / 232-Bâtiments industriels, agricoles, administratifs et commerciaux sur sol d’autrui",,,,"2-Comptes d’actif immobilisé / 23-Bâtiments, installations techniques et agencements / 232-Bâtiments industriels, agricoles, administratifs et commerciaux sur sol d’autrui / 2326-Bâtiments de location acquisition",
,233-Ouvrages d’infrastructure,asset,group,debit,1,,"2-Comptes d’actif immobilisé / 23-Bâtiments, installations techniques et agencements",,,,"2-Comptes d’actif immobilisé / 23-Bâtiments, installations techniques et agencements / 233-Ouvrages d’infrastructure",
,2331-Voies de terre,asset,unspecified,debit,0,,"2-Comptes d’actif immobilisé / 23-Bâtiments, installations techniques et agencements / 233-Ouvrages d’infrastructure",,,,"2-Comptes d’actif immobilisé / 23-Bâtiments, installations techniques et agencements / 233-Ouvrages d’infrastructure / 2331-Voies de terre",
,2332-Voies de fer,asset,unspecified,debit,0,,"2-Comptes d’actif immobilisé / 23-Bâtiments, installations techniques et agencements / 233-Ouvrages d’infrastructure",,,,"2-Comptes d’actif immobilisé / 23-Bâtiments, installations techniques et agencements / 233-Ouvrages d’infrastructure / 2332-Voies de fer",
,2333-Voies d’eau,asset,unspecified,debit,0,,"2-Comptes d’actif immobilisé / 23-Bâtiments, installations techniques et agencements / 233-Ouvrages d’infrastructure",,,,"2-Comptes d’actif immobilisé / 23-Bâtiments, installations techniques et agencements / 233-Ouvrages d’infrastructure / 2333-Voies d’eau",
,"2334-Barrages, Digues",asset,unspecified,debit,0,,"2-Comptes d’actif immobilisé / 23-Bâtiments, installations techniques et agencements / 233-Ouvrages d’infrastructure",,,,"2-Comptes d’actif immobilisé / 23-Bâtiments, installations techniques et agencements / 233-Ouvrages d’infrastructure / 2334-Barrages, Digues",
,2335-Pistes d’aérodrome,asset,unspecified,debit,0,,"2-Comptes d’actif immobilisé / 23-Bâtiments, installations techniques et agencements / 233-Ouvrages d’infrastructure",,,,"2-Comptes d’actif immobilisé / 23-Bâtiments, installations techniques et agencements / 233-Ouvrages d’infrastructure / 2335-Pistes d’aérodrome",
,2338-Autres ouvrages d’infrastructures,asset,unspecified,debit,0,,"2-Comptes d’actif immobilisé / 23-Bâtiments, installations techniques et agencements / 233-Ouvrages d’infrastructure",,,,"2-Comptes d’actif immobilisé / 23-Bâtiments, installations techniques et agencements / 233-Ouvrages d’infrastructure / 2338-Autres ouvrages d’infrastructures",
,"234-Aménagements, agencements et installations techniques",asset,group,debit,1,,"2-Comptes d’actif immobilisé / 23-Bâtiments, installations techniques et agencements",,,,"2-Comptes d’actif immobilisé / 23-Bâtiments, installations techniques et agencements / 234-Aménagements, agencements et installations techniques",
,2341-Installations complexes spécialisées sur sol propre,asset,unspecified,debit,0,,"2-Comptes d’actif immobilisé / 23-Bâtiments, installations techniques et agencements / 234-Aménagements, agencements et installations techniques",,,,"2-Comptes d’actif immobilisé / 23-Bâtiments, installations techniques et agencements / 234-Aménagements, agencements et installations techniques / 2341-Installations complexes spécialisées sur sol propre",
,2342-Installations complexes spécialisées sur sol d’autrui,asset,unspecified,debit,0,,"2-Comptes d’actif immobilisé / 23-Bâtiments, installations techniques et agencements / 234-Aménagements, agencements et installations techniques",,,,"2-Comptes d’actif immobilisé / 23-Bâtiments, installations techniques et agencements / 234-Aménagements, agencements et installations techniques / 2342-Installations complexes spécialisées sur sol d’autrui",
,2343-Installations à caractère spécifique sur sol propre,asset,unspecified,debit,0,,"2-Comptes d’actif immobilisé / 23-Bâtiments, installations techniques et agencements / 234-Aménagements, agencements et installations techniques",,,,"2-Comptes d’actif immobilisé / 23-Bâtiments, installations techniques et agencements / 234-Aménagements, agencements et installations techniques / 2343-Installations à caractère spécifique sur sol propre",
,2344-Installations à caractère spécifique sur sol d’autrui,asset,unspecified,debit,0,,"2-Comptes d’actif immobilisé / 23-Bâtiments, installations techniques et agencements / 234-Aménagements, agencements et installations techniques",,,,"2-Comptes d’actif immobilisé / 23-Bâtiments, installations techniques et agencements / 234-Aménagements, agencements et installations techniques / 2344-Installations à caractère spécifique sur sol d’autrui",
,2345-Aménagements et agencements des bâtiments,asset,unspecified,debit,0,,"2-Comptes d’actif immobilisé / 23-Bâtiments, installations techniques et agencements / 234-Aménagements, agencements et installations techniques",,,,"2-Comptes d’actif immobilisé / 23-Bâtiments, installations techniques et agencements / 234-Aménagements, agencements et installations techniques / 2345-Aménagements et agencements des bâtiments",
,235-Aménagements de bureaux,asset,group,debit,1,,"2-Comptes d’actif immobilisé / 23-Bâtiments, installations techniques et agencements",,,,"2-Comptes d’actif immobilisé / 23-Bâtiments, installations techniques et agencements / 235-Aménagements de bureaux",
,2351-Installations générales,asset,unspecified,debit,0,,"2-Comptes d’actif immobilisé / 23-Bâtiments, installations techniques et agencements / 235-Aménagements de bureaux",,,,"2-Comptes d’actif immobilisé / 23-Bâtiments, installations techniques et agencements / 235-Aménagements de bureaux / 2351-Installations générales",
,2358-Autres aménagements de bureaux,asset,unspecified,debit,0,,"2-Comptes d’actif immobilisé / 23-Bâtiments, installations techniques et agencements / 235-Aménagements de bureaux",,,,"2-Comptes d’actif immobilisé / 23-Bâtiments, installations techniques et agencements / 235-Aménagements de bureaux / 2358-Autres aménagements de bureaux",
,"237-Bâtiments industriels, agricoles et commerciaux mis en concession",asset,unspecified,debit,0,,"2-Comptes d’actif immobilisé / 23-Bâtiments, installations techniques et agencements",,,,"2-Comptes d’actif immobilisé / 23-Bâtiments, installations techniques et agencements / 237-Bâtiments industriels, agricoles et commerciaux mis en concession",
,238-Autres installations et agencements,asset,unspecified,debit,0,,"2-Comptes d’actif immobilisé / 23-Bâtiments, installations techniques et agencements",,,,"2-Comptes d’actif immobilisé / 23-Bâtiments, installations techniques et agencements / 238-Autres installations et agencements",
,"239-Bâtiments aménagements, agencements et installations en cours",asset,group,debit,1,,"2-Comptes d’actif immobilisé / 23-Bâtiments, installations techniques et agencements",,,,"2-Comptes d’actif immobilisé / 23-Bâtiments, installations techniques et agencements / 239-Bâtiments aménagements, agencements et installations en cours",
,2391-Bâtiments en cours,asset,unspecified,debit,0,,"2-Comptes d’actif immobilisé / 23-Bâtiments, installations techniques et agencements / 239-Bâtiments aménagements, agencements et installations en cours",,,,"2-Comptes d’actif immobilisé / 23-Bâtiments, installations techniques et agencements / 239-Bâtiments aménagements, agencements et installations en cours / 2391-Bâtiments en cours",
,2392-Installations en cours,asset,unspecified,debit,0,,"2-Comptes d’actif immobilisé / 23-Bâtiments, installations techniques et agencements / 239-Bâtiments aménagements, agencements et installations en cours",,,,"2-Comptes d’actif immobilisé / 23-Bâtiments, installations techniques et agencements / 239-Bâtiments aménagements, agencements et installations en cours / 2392-Installations en cours",
,2393-Ouvrages d’infrastructure en cours,asset,unspecified,debit,0,,"2-Comptes d’actif immobilisé / 23-Bâtiments, installations techniques et agencements / 239-Bâtiments aménagements, agencements et installations en cours",,,,"2-Comptes d’actif immobilisé / 23-Bâtiments, installations techniques et agencements / 239-Bâtiments aménagements, agencements et installations en cours / 2393-Ouvrages d’infrastructure en cours",
,2394-Aménagements et agencements et installations techniques en cours,asset,unspecified,debit,0,,"2-Comptes d’actif immobilisé / 23-Bâtiments, installations techniques et agencements / 239-Bâtiments aménagements, agencements et installations en cours",,,,"2-Comptes d’actif immobilisé / 23-Bâtiments, installations techniques et agencements / 239-Bâtiments aménagements, agencements et installations en cours / 2394-Aménagements et agencements et installations techniques en cours",
,2395-Aménagements de bureaux en cours,asset,unspecified,debit,0,,"2-Comptes d’actif immobilisé / 23-Bâtiments, installations techniques et agencements / 239-Bâtiments aménagements, agencements et installations en cours",,,,"2-Comptes d’actif immobilisé / 23-Bâtiments, installations techniques et agencements / 239-Bâtiments aménagements, agencements et installations en cours / 2395-Aménagements de bureaux en cours",
,2398-Autres installations et agencements en cours,asset,unspecified,debit,0,,"2-Comptes d’actif immobilisé / 23-Bâtiments, installations techniques et agencements / 239-Bâtiments aménagements, agencements et installations en cours",,,,"2-Comptes d’actif immobilisé / 23-Bâtiments, installations techniques et agencements / 239-Bâtiments aménagements, agencements et installations en cours / 2398-Autres installations et agencements en cours",
,"24-Matériel, mobilier et actifs biologiques",asset,group,debit,1,,2-Comptes d’actif immobilisé,,,,"2-Comptes d’actif immobilisé / 24-Matériel, mobilier et actifs biologiques",
,241-Matériel et outillage industriel et commercial,asset,group,debit,1,,"2-Comptes d’actif immobilisé / 24-Matériel, mobilier et actifs biologiques",,,,"2-Comptes d’actif immobilisé / 24-Matériel, mobilier et actifs biologiques / 241-Matériel et outillage industriel et commercial",
,2411-Matériel industriel,asset,unspecified,debit,0,,"2-Comptes d’actif immobilisé / 24-Matériel, mobilier et actifs biologiques / 241-Matériel et outillage industriel et commercial",,,,"2-Comptes d’actif immobilisé / 24-Matériel, mobilier et actifs biologiques / 241-Matériel et outillage industriel et commercial / 2411-Matériel industriel",
,2412-Outillage industriel,asset,unspecified,debit,0,,"2-Comptes d’actif immobilisé / 24-Matériel, mobilier et actifs biologiques / 241-Matériel et outillage industriel et commercial",,,,"2-Comptes d’actif immobilisé / 24-Matériel, mobilier et actifs biologiques / 241-Matériel et outillage industriel et commercial / 2412-Outillage industriel",
,2413-Matériel commercial,asset,unspecified,debit,0,,"2-Comptes d’actif immobilisé / 24-Matériel, mobilier et actifs biologiques / 241-Matériel et outillage industriel et commercial",,,,"2-Comptes d’actif immobilisé / 24-Matériel, mobilier et actifs biologiques / 241-Matériel et outillage industriel et commercial / 2413-Matériel commercial",
,2414-Outillage commercial,asset,unspecified,debit,0,,"2-Comptes d’actif immobilisé / 24-Matériel, mobilier et actifs biologiques / 241-Matériel et outillage industriel et commercial",,,,"2-Comptes d’actif immobilisé / 24-Matériel, mobilier et actifs biologiques / 241-Matériel et outillage industriel et commercial / 2414-Outillage commercial",
,2416-Matériel & outillage industriel et commercial de location-acquisition,asset,unspecified,debit,0,,"2-Comptes d’actif immobilisé / 24-Matériel, mobilier et actifs biologiques / 241-Matériel et outillage industriel et commercial",,,,"2-Comptes d’actif immobilisé / 24-Matériel, mobilier et actifs biologiques / 241-Matériel et outillage industriel et commercial / 2416-Matériel & outillage industriel et commercial de location-acquisition",
,242-Matériel et outillage agricole,asset,group,debit,1,,"2-Comptes d’actif immobilisé / 24-Matériel, mobilier et actifs biologiques",,,,"2-Comptes d’actif immobilisé / 24-Matériel, mobilier et actifs biologiques / 242-Matériel et outillage agricole",
,2421-Matériel agricole,asset,unspecified,debit,0,,"2-Comptes d’actif immobilisé / 24-Matériel, mobilier et actifs biologiques / 242-Matériel et outillage agricole",,,,"2-Comptes d’actif immobilisé / 24-Matériel, mobilier et actifs biologiques / 242-Matériel et outillage agricole / 2421-Matériel agricole",
,2422-Outillage agricole,asset,unspecified,debit,0,,"2-Comptes d’actif immobilisé / 24-Matériel, mobilier et actifs biologiques / 242-Matériel et outillage agricole",,,,"2-Comptes d’actif immobilisé / 24-Matériel, mobilier et actifs biologiques / 242-Matériel et outillage agricole / 2422-Outillage agricole",
,2426-Matériel & outillage agricole de location-acquisition,asset,unspecified,debit,0,,"2-Comptes d’actif immobilisé / 24-Matériel, mobilier et actifs biologiques / 242-Matériel et outillage agricole",,,,"2-Comptes d’actif immobilisé / 24-Matériel, mobilier et actifs biologiques / 242-Matériel et outillage agricole / 2426-Matériel & outillage agricole de location-acquisition",
,243-Matériel d’emballage récupérable et identifiable,asset,unspecified,debit,0,,"2-Comptes d’actif immobilisé / 24-Matériel, mobilier et actifs biologiques",,,,"2-Comptes d’actif immobilisé / 24-Matériel, mobilier et actifs biologiques / 243-Matériel d’emballage récupérable et identifiable",
,244-Matériel et mobilier,asset,group,debit,1,,"2-Comptes d’actif immobilisé / 24-Matériel, mobilier et actifs biologiques",,,,"2-Comptes d’actif immobilisé / 24-Matériel, mobilier et actifs biologiques / 244-Matériel et mobilier",
,2441-Matériel de bureau,asset,unspecified,debit,0,,"2-Comptes d’actif immobilisé / 24-Matériel, mobilier et actifs biologiques / 244-Matériel et mobilier",,,,"2-Comptes d’actif immobilisé / 24-Matériel, mobilier et actifs biologiques / 244-Matériel et mobilier / 2441-Matériel de bureau",
,2442-Matériel informatique,asset,unspecified,debit,0,,"2-Comptes d’actif immobilisé / 24-Matériel, mobilier et actifs biologiques / 244-Matériel et mobilier",,,,"2-Comptes d’actif immobilisé / 24-Matériel, mobilier et actifs biologiques / 244-Matériel et mobilier / 2442-Matériel informatique",
,2443-Matériel bureautique,asset,unspecified,debit,0,,"2-Comptes d’actif immobilisé / 24-Matériel, mobilier et actifs biologiques / 244-Matériel et mobilier",,,,"2-Comptes d’actif immobilisé / 24-Matériel, mobilier et actifs biologiques / 244-Matériel et mobilier / 2443-Matériel bureautique",
,2444-Mobilier de bureau,asset,unspecified,debit,0,,"2-Comptes d’actif immobilisé / 24-Matériel, mobilier et actifs biologiques / 244-Matériel et mobilier",,,,"2-Comptes d’actif immobilisé / 24-Matériel, mobilier et actifs biologiques / 244-Matériel et mobilier / 2444-Mobilier de bureau",
,2445-Matériel et mobilier immeubles de placement,asset,unspecified,debit,0,,"2-Comptes d’actif immobilisé / 24-Matériel, mobilier et actifs biologiques / 244-Matériel et mobilier",,,,"2-Comptes d’actif immobilisé / 24-Matériel, mobilier et actifs biologiques / 244-Matériel et mobilier / 2445-Matériel et mobilier immeubles de placement",
,2446-Matériel et mobilier de location acquisition,asset,unspecified,debit,0,,"2-Comptes d’actif immobilisé / 24-Matériel, mobilier et actifs biologiques / 244-Matériel et mobilier",,,,"2-Comptes d’actif immobilisé / 24-Matériel, mobilier et actifs biologiques / 244-Matériel et mobilier / 2446-Matériel et mobilier de location acquisition",
,2447-Matériel et mobilier des logements du personnel,asset,unspecified,debit,0,,"2-Comptes d’actif immobilisé / 24-Matériel, mobilier et actifs biologiques / 244-Matériel et mobilier",,,,"2-Comptes d’actif immobilisé / 24-Matériel, mobilier et actifs biologiques / 244-Matériel et mobilier / 2447-Matériel et mobilier des logements du personnel",
,245-Matériel de transport,asset,group,debit,1,,"2-Comptes d’actif immobilisé / 24-Matériel, mobilier et actifs biologiques",,,,"2-Comptes d’actif immobilisé / 24-Matériel, mobilier et actifs biologiques / 245-Matériel de transport",
,2451-Matériel automobile,asset,unspecified,debit,0,,"2-Comptes d’actif immobilisé / 24-Matériel, mobilier et actifs biologiques / 245-Matériel de transport",,,,"2-Comptes d’actif immobilisé / 24-Matériel, mobilier et actifs biologiques / 245-Matériel de transport / 2451-Matériel automobile",
,2452-Matériel ferroviaire,asset,unspecified,debit,0,,"2-Comptes d’actif immobilisé / 24-Matériel, mobilier et actifs biologiques / 245-Matériel de transport",,,,"2-Comptes d’actif immobilisé / 24-Matériel, mobilier et actifs biologiques / 245-Matériel de transport / 2452-Matériel ferroviaire",
,"2453-Matériel fluvial, lagunaire",asset,unspecified,debit,0,,"2-Comptes d’actif immobilisé / 24-Matériel, mobilier et actifs biologiques / 245-Matériel de transport",,,,"2-Comptes d’actif immobilisé / 24-Matériel, mobilier et actifs biologiques / 245-Matériel de transport / 2453-Matériel fluvial, lagunaire",
,2454-Matériel naval,asset,unspecified,debit,0,,"2-Comptes d’actif immobilisé / 24-Matériel, mobilier et actifs biologiques / 245-Matériel de transport",,,,"2-Comptes d’actif immobilisé / 24-Matériel, mobilier et actifs biologiques / 245-Matériel de transport / 2454-Matériel naval",
,2455-Matériel aérien,asset,unspecified,debit,0,,"2-Comptes d’actif immobilisé / 24-Matériel, mobilier et actifs biologiques / 245-Matériel de transport",,,,"2-Comptes d’actif immobilisé / 24-Matériel, mobilier et actifs biologiques / 245-Matériel de transport / 2455-Matériel aérien",
,2456-Matériel de transport de location-acquisition,asset,unspecified,debit,0,,"2-Comptes d’actif immobilisé / 24-Matériel, mobilier et actifs biologiques / 245-Matériel de transport",,,,"2-Comptes d’actif immobilisé / 24-Matériel, mobilier et actifs biologiques / 245-Matériel de transport / 2456-Matériel de transport de location-acquisition",
,2457-Matériel hippomobile,asset,unspecified,debit,0,,"2-Comptes d’actif immobilisé / 24-Matériel, mobilier et actifs biologiques / 245-Matériel de transport",,,,"2-Comptes d’actif immobilisé / 24-Matériel, mobilier et actifs biologiques / 245-Matériel de transport / 2457-Matériel hippomobile",
,2458-Autres matériels de transport,asset,unspecified,debit,0,,"2-Comptes d’actif immobilisé / 24-Matériel, mobilier et actifs biologiques / 245-Matériel de transport",,,,"2-Comptes d’actif immobilisé / 24-Matériel, mobilier et actifs biologiques / 245-Matériel de transport / 2458-Autres matériels de transport",
,246-Actifs biologiques,asset,group,debit,1,,"2-Comptes d’actif immobilisé / 24-Matériel, mobilier et actifs biologiques",,,,"2-Comptes d’actif immobilisé / 24-Matériel, mobilier et actifs biologiques / 246-Actifs biologiques",
,"2461-Cheptel, animaux de trait",asset,unspecified,debit,0,,"2-Comptes d’actif immobilisé / 24-Matériel, mobilier et actifs biologiques / 246-Actifs biologiques",,,,"2-Comptes d’actif immobilisé / 24-Matériel, mobilier et actifs biologiques / 246-Actifs biologiques / 2461-Cheptel, animaux de trait",
,"2462-Cheptel, animaux reproducteurs",asset,unspecified,debit,0,,"2-Comptes d’actif immobilisé / 24-Matériel, mobilier et actifs biologiques / 246-Actifs biologiques",,,,"2-Comptes d’actif immobilisé / 24-Matériel, mobilier et actifs biologiques / 246-Actifs biologiques / 2462-Cheptel, animaux reproducteurs",
,2463-Animaux de garde,asset,unspecified,debit,0,,"2-Comptes d’actif immobilisé / 24-Matériel, mobilier et actifs biologiques / 246-Actifs biologiques",,,,"2-Comptes d’actif immobilisé / 24-Matériel, mobilier et actifs biologiques / 246-Actifs biologiques / 2463-Animaux de garde",
,2465-Plantations agricoles,asset,unspecified,debit,0,,"2-Comptes d’actif immobilisé / 24-Matériel, mobilier et actifs biologiques / 246-Actifs biologiques",,,,"2-Comptes d’actif immobilisé / 24-Matériel, mobilier et actifs biologiques / 246-Actifs biologiques / 2465-Plantations agricoles",
,2468-Autres actifs biologiques,asset,unspecified,debit,0,,"2-Comptes d’actif immobilisé / 24-Matériel, mobilier et actifs biologiques / 246-Actifs biologiques",,,,"2-Comptes d’actif immobilisé / 24-Matériel, mobilier et actifs biologiques / 246-Actifs biologiques / 2468-Autres actifs biologiques",
,"247-Agencements, aménagements du matériel et actifs biologiques",asset,group,debit,1,,"2-Comptes d’actif immobilisé / 24-Matériel, mobilier et actifs biologiques",,,,"2-Comptes d’actif immobilisé / 24-Matériel, mobilier et actifs biologiques / 247-Agencements, aménagements du matériel et actifs biologiques",
,2471-Agencements et aménagements du matériel,asset,unspecified,debit,0,,"2-Comptes d’actif immobilisé / 24-Matériel, mobilier et actifs biologiques / 247-Agencements, aménagements du matériel et actifs biologiques",,,,"2-Comptes d’actif immobilisé / 24-Matériel, mobilier et actifs biologiques / 247-Agencements, aménagements du matériel et actifs biologiques / 2471-Agencements et aménagements du matériel",
,2472-Agencements et aménagements des actifs biologiques,asset,unspecified,debit,0,,"2-Comptes d’actif immobilisé / 24-Matériel, mobilier et actifs biologiques / 247-Agencements, aménagements du matériel et actifs biologiques",,,,"2-Comptes d’actif immobilisé / 24-Matériel, mobilier et actifs biologiques / 247-Agencements, aménagements du matériel et actifs biologiques / 2472-Agencements et aménagements des actifs biologiques",
,"2478-Autres agencements, aménagements du matériel et actifs biologiques",asset,unspecified,debit,0,,"2-Comptes d’actif immobilisé / 24-Matériel, mobilier et actifs biologiques / 247-Agencements, aménagements du matériel et actifs biologiques",,,,"2-Comptes d’actif immobilisé / 24-Matériel, mobilier et actifs biologiques / 247-Agencements, aménagements du matériel et actifs biologiques / 2478-Autres agencements, aménagements du matériel et actifs biologiques",
,248-Autres matériels et mobiliers,asset,group,debit,1,,"2-Comptes d’actif immobilisé / 24-Matériel, mobilier et actifs biologiques",,,,"2-Comptes d’actif immobilisé / 24-Matériel, mobilier et actifs biologiques / 248-Autres matériels et mobiliers",
,2481-Collections et œuvres d’art,asset,unspecified,debit,0,,"2-Comptes d’actif immobilisé / 24-Matériel, mobilier et actifs biologiques / 248-Autres matériels et mobiliers",,,,"2-Comptes d’actif immobilisé / 24-Matériel, mobilier et actifs biologiques / 248-Autres matériels et mobiliers / 2481-Collections et œuvres d’art",
,2488-Divers matériels mobiliers,asset,unspecified,debit,0,,"2-Comptes d’actif immobilisé / 24-Matériel, mobilier et actifs biologiques / 248-Autres matériels et mobiliers",,,,"2-Comptes d’actif immobilisé / 24-Matériel, mobilier et actifs biologiques / 248-Autres matériels et mobiliers / 2488-Divers matériels mobiliers",
,249-Matériels et actifs biologiques en cours,asset,group,debit,1,,"2-Comptes d’actif immobilisé / 24-Matériel, mobilier et actifs biologiques",,,,"2-Comptes d’actif immobilisé / 24-Matériel, mobilier et actifs biologiques / 249-Matériels et actifs biologiques en cours",
,2491-Matériel et outillage industriel et commercial,asset,unspecified,debit,0,,"2-Comptes d’actif immobilisé / 24-Matériel, mobilier et actifs biologiques / 249-Matériels et actifs biologiques en cours",,,,"2-Comptes d’actif immobilisé / 24-Matériel, mobilier et actifs biologiques / 249-Matériels et actifs biologiques en cours / 2491-Matériel et outillage industriel et commercial",
,2492-Matériel et outillage agricole,asset,unspecified,debit,0,,"2-Comptes d’actif immobilisé / 24-Matériel, mobilier et actifs biologiques / 249-Matériels et actifs biologiques en cours",,,,"2-Comptes d’actif immobilisé / 24-Matériel, mobilier et actifs biologiques / 249-Matériels et actifs biologiques en cours / 2492-Matériel et outillage agricole",
,2493-Matériel d’emballage récupérable et identifiable,asset,unspecified,debit,0,,"2-Comptes d’actif immobilisé / 24-Matériel, mobilier et actifs biologiques / 249-Matériels et actifs biologiques en cours",,,,"2-Comptes d’actif immobilisé / 24-Matériel, mobilier et actifs biologiques / 249-Matériels et actifs biologiques en cours / 2493-Matériel d’emballage récupérable et identifiable",
,2494-Matériel et mobilier de bureau,asset,unspecified,debit,0,,"2-Comptes d’actif immobilisé / 24-Matériel, mobilier et actifs biologiques / 249-Matériels et actifs biologiques en cours",,,,"2-Comptes d’actif immobilisé / 24-Matériel, mobilier et actifs biologiques / 249-Matériels et actifs biologiques en cours / 2494-Matériel et mobilier de bureau",
,2495-Matériel de transport,asset,unspecified,debit,0,,"2-Comptes d’actif immobilisé / 24-Matériel, mobilier et actifs biologiques / 249-Matériels et actifs biologiques en cours",,,,"2-Comptes d’actif immobilisé / 24-Matériel, mobilier et actifs biologiques / 249-Matériels et actifs biologiques en cours / 2495-Matériel de transport",
,2496-Actifs biologiques,asset,unspecified,debit,0,,"2-Comptes d’actif immobilisé / 24-Matériel, mobilier et actifs biologiques / 249-Matériels et actifs biologiques en cours",,,,"2-Comptes d’actif immobilisé / 24-Matériel, mobilier et actifs biologiques / 249-Matériels et actifs biologiques en cours / 2496-Actifs biologiques",
,2497-Agencements aménagements du matériel et actifs biologiques,asset,unspecified,debit,0,,"2-Comptes d’actif immobilisé / 24-Matériel, mobilier et actifs biologiques / 249-Matériels et actifs biologiques en cours",,,,"2-Comptes d’actif immobilisé / 24-Matériel, mobilier et actifs biologiques / 249-Matériels et actifs biologiques en cours / 2497-Agencements aménagements du matériel et actifs biologiques",
,2498-Autres matériels et actifs biologiques en cours,asset,unspecified,debit,0,,"2-Comptes d’actif immobilisé / 24-Matériel, mobilier et actifs biologiques / 249-Matériels et actifs biologiques en cours",,,,"2-Comptes d’actif immobilisé / 24-Matériel, mobilier et actifs biologiques / 249-Matériels et actifs biologiques en cours / 2498-Autres matériels et actifs biologiques en cours",
,25-Avances et acomptes versés sur immobilisations,asset,group,debit,1,,2-Comptes d’actif immobilisé,,,,2-Comptes d’actif immobilisé / 25-Avances et acomptes versés sur immobilisations,
,251-Avances et acomptes versés sur immobilisations incorporelles,asset,unspecified,debit,0,,2-Comptes d’actif immobilisé / 25-Avances et acomptes versés sur immobilisations,,,,2-Comptes d’actif immobilisé / 25-Avances et acomptes versés sur immobilisations / 251-Avances et acomptes versés sur immobilisations incorporelles,
,252-Avances et acomptes versés sur immobilisations corporelles,asset,unspecified,debit,0,,2-Comptes d’actif immobilisé / 25-Avances et acomptes versés sur immobilisations,,,,2-Comptes d’actif immobilisé / 25-Avances et acomptes versés sur immobilisations / 252-Avances et acomptes versés sur immobilisations corporelles,
,26-Titres de participation,asset,group,debit,1,,2-Comptes d’actif immobilisé,,,,2-Comptes d’actif immobilisé / 26-Titres de participation,
,261-Titres de participation dans des sociétés sous contrôle exclusif,asset,unspecified,debit,0,,2-Comptes d’actif immobilisé / 26-Titres de participation,,,,2-Comptes d’actif immobilisé / 26-Titres de participation / 261-Titres de participation dans des sociétés sous contrôle exclusif,
,262-Titres de participation dans des sociétés sous contrôle conjoint,asset,unspecified,debit,0,,2-Comptes d’actif immobilisé / 26-Titres de participation,,,,2-Comptes d’actif immobilisé / 26-Titres de participation / 262-Titres de participation dans des sociétés sous contrôle conjoint,
,263-Titres de participation dans des sociétés conférant une influence notable,asset,unspecified,debit,0,,2-Comptes d’actif immobilisé / 26-Titres de participation,,,,2-Comptes d’actif immobilisé / 26-Titres de participation / 263-Titres de participation dans des sociétés conférant une influence notable,
,265-Participations dans des organismes professionnels,asset,unspecified,debit,0,,2-Comptes d’actif immobilisé / 26-Titres de participation,,,,2-Comptes d’actif immobilisé / 26-Titres de participation / 265-Participations dans des organismes professionnels,
,266-Parts dans des groupements d’intérêt économique (GIE),asset,unspecified,debit,0,,2-Comptes d’actif immobilisé / 26-Titres de participation,,,,2-Comptes d’actif immobilisé / 26-Titres de participation / 266-Parts dans des groupements d’intérêt économique (GIE),
,268-Autres titres de participation,asset,unspecified,debit,0,,2-Comptes d’actif immobilisé / 26-Titres de participation,,,,2-Comptes d’actif immobilisé / 26-Titres de participation / 268-Autres titres de participation,
,27-Autres immobilisations financières,asset,group,debit,1,,2-Comptes d’actif immobilisé,,,,2-Comptes d’actif immobilisé / 27-Autres immobilisations financières,
,271-Prêts et créances,asset,group,debit,1,,2-Comptes d’actif immobilisé / 27-Autres immobilisations financières,,,,2-Comptes d’actif immobilisé / 27-Autres immobilisations financières / 271-Prêts et créances,
,2711-Prêts participatifs,asset,unspecified,debit,0,,2-Comptes d’actif immobilisé / 27-Autres immobilisations financières / 271-Prêts et créances,,,,2-Comptes d’actif immobilisé / 27-Autres immobilisations financières / 271-Prêts et créances / 2711-Prêts participatifs,
,2712-Prêts aux associés,asset,unspecified,debit,0,,2-Comptes d’actif immobilisé / 27-Autres immobilisations financières / 271-Prêts et créances,,,,2-Comptes d’actif immobilisé / 27-Autres immobilisations financières / 271-Prêts et créances / 2712-Prêts aux associés,
,2713-Billets de fonds,asset,unspecified,debit,0,,2-Comptes d’actif immobilisé / 27-Autres immobilisations financières / 271-Prêts et créances,,,,2-Comptes d’actif immobilisé / 27-Autres immobilisations financières / 271-Prêts et créances / 2713-Billets de fonds,
,2714-Titres prêtés,asset,unspecified,debit,0,,2-Comptes d’actif immobilisé / 27-Autres immobilisations financières / 271-Prêts et créances,,,,2-Comptes d’actif immobilisé / 27-Autres immobilisations financières / 271-Prêts et créances / 2714-Titres prêtés,
,2718-Autres prêts et créances,asset,unspecified,debit,0,,2-Comptes d’actif immobilisé / 27-Autres immobilisations financières / 271-Prêts et créances,,,,2-Comptes d’actif immobilisé / 27-Autres immobilisations financières / 271-Prêts et créances / 2718-Autres prêts et créances,
,272-Prêts au personnel,asset,group,debit,1,,2-Comptes d’actif immobilisé / 27-Autres immobilisations financières,,,,2-Comptes d’actif immobilisé / 27-Autres immobilisations financières / 272-Prêts au personnel,
,2721-Prêts immobiliers,asset,unspecified,debit,0,,2-Comptes d’actif immobilisé / 27-Autres immobilisations financières / 272-Prêts au personnel,,,,2-Comptes d’actif immobilisé / 27-Autres immobilisations financières / 272-Prêts au personnel / 2721-Prêts immobiliers,
,2722-Prêts mobiliers et d’installation,asset,unspecified,debit,0,,2-Comptes d’actif immobilisé / 27-Autres immobilisations financières / 272-Prêts au personnel,,,,2-Comptes d’actif immobilisé / 27-Autres immobilisations financières / 272-Prêts au personnel / 2722-Prêts mobiliers et d’installation,
,2728-Autres prêts au personnel,asset,unspecified,debit,0,,2-Comptes d’actif immobilisé / 27-Autres immobilisations financières / 272-Prêts au personnel,,,,2-Comptes d’actif immobilisé / 27-Autres immobilisations financières / 272-Prêts au personnel / 2728-Autres prêts au personnel,
,273-Créances sur l’État,asset,group,debit,1,,2-Comptes d’actif immobilisé / 27-Autres immobilisations financières,,,,2-Comptes d’actif immobilisé / 27-Autres immobilisations financières / 273-Créances sur l’État,
,2731-Retenues de garantie,asset,unspecified,debit,0,,2-Comptes d’actif immobilisé / 27-Autres immobilisations financières / 273-Créances sur l’État,,,,2-Comptes d’actif immobilisé / 27-Autres immobilisations financières / 273-Créances sur l’État / 2731-Retenues de garantie,
,2733-Fonds réglementé,asset,unspecified,debit,0,,2-Comptes d’actif immobilisé / 27-Autres immobilisations financières / 273-Créances sur l’État,,,,2-Comptes d’actif immobilisé / 27-Autres immobilisations financières / 273-Créances sur l’État / 2733-Fonds réglementé,
,2734-Créances sur le concédant,asset,unspecified,debit,0,,2-Comptes d’actif immobilisé / 27-Autres immobilisations financières / 273-Créances sur l’État,,,,2-Comptes d’actif immobilisé / 27-Autres immobilisations financières / 273-Créances sur l’État / 2734-Créances sur le concédant,
,2738-Autres créances sur l’État,asset,unspecified,debit,0,,2-Comptes d’actif immobilisé / 27-Autres immobilisations financières / 273-Créances sur l’État,,,,2-Comptes d’actif immobilisé / 27-Autres immobilisations financières / 273-Créances sur l’État / 2738-Autres créances sur l’État,
,274-Titres immobilisés,asset,group,debit,1,,2-Comptes d’actif immobilisé / 27-Autres immobilisations financières,,,,2-Comptes d’actif immobilisé / 27-Autres immobilisations financières / 274-Titres immobilisés,
,2741-Titres immobilisés de l’activité de portefeuille (TIAP),asset,unspecified,debit,0,,2-Comptes d’actif immobilisé / 27-Autres immobilisations financières / 274-Titres immobilisés,,,,2-Comptes d’actif immobilisé / 27-Autres immobilisations financières / 274-Titres immobilisés / 2741-Titres immobilisés de l’activité de portefeuille (TIAP),
,2742-Titres participatifs,asset,unspecified,debit,0,,2-Comptes d’actif immobilisé / 27-Autres immobilisations financières / 274-Titres immobilisés,,,,2-Comptes d’actif immobilisé / 27-Autres immobilisations financières / 274-Titres immobilisés / 2742-Titres participatifs,
,2743-Certificats d’investissement,asset,unspecified,debit,0,,2-Comptes d’actif immobilisé / 27-Autres immobilisations financières / 274-Titres immobilisés,,,,2-Comptes d’actif immobilisé / 27-Autres immobilisations financières / 274-Titres immobilisés / 2743-Certificats d’investissement,
,2744-Parts de fonds commun de placement (FCP),asset,unspecified,debit,0,,2-Comptes d’actif immobilisé / 27-Autres immobilisations financières / 274-Titres immobilisés,,,,2-Comptes d’actif immobilisé / 27-Autres immobilisations financières / 274-Titres immobilisés / 2744-Parts de fonds commun de placement (FCP),
,2745-Obligations,asset,unspecified,debit,0,,2-Comptes d’actif immobilisé / 27-Autres immobilisations financières / 274-Titres immobilisés,,,,2-Comptes d’actif immobilisé / 27-Autres immobilisations financières / 274-Titres immobilisés / 2745-Obligations,
,2746-Actions ou parts propres,asset,unspecified,debit,0,,2-Comptes d’actif immobilisé / 27-Autres immobilisations financières / 274-Titres immobilisés,,,,2-Comptes d’actif immobilisé / 27-Autres immobilisations financières / 274-Titres immobilisés / 2746-Actions ou parts propres,
,2748-Autres titres immobilisés,asset,unspecified,debit,0,,2-Comptes d’actif immobilisé / 27-Autres immobilisations financières / 274-Titres immobilisés,,,,2-Comptes d’actif immobilisé / 27-Autres immobilisations financières / 274-Titres immobilisés / 2748-Autres titres immobilisés,
,275-Dépôts et cautionnements versés,asset,group,debit,1,,2-Comptes d’actif immobilisé / 27-Autres immobilisations financières,,,,2-Comptes d’actif immobilisé / 27-Autres immobilisations financières / 275-Dépôts et cautionnements versés,
,2751-Dépôts pour loyers d’avance,asset,unspecified,debit,0,,2-Comptes d’actif immobilisé / 27-Autres immobilisations financières / 275-Dépôts et cautionnements versés,,,,2-Comptes d’actif immobilisé / 27-Autres immobilisations financières / 275-Dépôts et cautionnements versés / 2751-Dépôts pour loyers d’avance,
,2752-Dépôts pour l’électricité,asset,unspecified,debit,0,,2-Comptes d’actif immobilisé / 27-Autres immobilisations financières / 275-Dépôts et cautionnements versés,,,,2-Comptes d’actif immobilisé / 27-Autres immobilisations financières / 275-Dépôts et cautionnements versés / 2752-Dépôts pour l’électricité,
,2753-Dépôts pour l’eau,asset,unspecified,debit,0,,2-Comptes d’actif immobilisé / 27-Autres immobilisations financières / 275-Dépôts et cautionnements versés,,,,2-Comptes d’actif immobilisé / 27-Autres immobilisations financières / 275-Dépôts et cautionnements versés / 2753-Dépôts pour l’eau,
,2754-Dépôts pour le gaz,asset,unspecified,debit,0,,2-Comptes d’actif immobilisé / 27-Autres immobilisations financières / 275-Dépôts et cautionnements versés,,,,2-Comptes d’actif immobilisé / 27-Autres immobilisations financières / 275-Dépôts et cautionnements versés / 2754-Dépôts pour le gaz,
,"2755-Dépôts pour le téléphone, le télex, la télécopie",asset,unspecified,debit,0,,2-Comptes d’actif immobilisé / 27-Autres immobilisations financières / 275-Dépôts et cautionnements versés,,,,"2-Comptes d’actif immobilisé / 27-Autres immobilisations financières / 275-Dépôts et cautionnements versés / 2755-Dépôts pour le téléphone, le télex, la télécopie",
,2756-Cautionnements sur marchés publics,asset,unspecified,debit,0,,2-Comptes d’actif immobilisé / 27-Autres immobilisations financières / 275-Dépôts et cautionnements versés,,,,2-Comptes d’actif immobilisé / 27-Autres immobilisations financières / 275-Dépôts et cautionnements versés / 2756-Cautionnements sur marchés publics,
,2757-Cautionnements sur autres opérations,asset,unspecified,debit,0,,2-Comptes d’actif immobilisé / 27-Autres immobilisations financières / 275-Dépôts et cautionnements versés,,,,2-Comptes d’actif immobilisé / 27-Autres immobilisations financières / 275-Dépôts et cautionnements versés / 2757-Cautionnements sur autres opérations,
,2758-Autres dépôts et cautionnements,asset,unspecified,debit,0,,2-Comptes d’actif immobilisé / 27-Autres immobilisations financières / 275-Dépôts et cautionnements versés,,,,2-Comptes d’actif immobilisé / 27-Autres immobilisations financières / 275-Dépôts et cautionnements versés / 2758-Autres dépôts et cautionnements,
,276-Intérêts courus,asset,group,debit,1,,2-Comptes d’actif immobilisé / 27-Autres immobilisations financières,,,,2-Comptes d’actif immobilisé / 27-Autres immobilisations financières / 276-Intérêts courus,
,2761-Prêts et créances non commerciales,asset,unspecified,debit,0,,2-Comptes d’actif immobilisé / 27-Autres immobilisations financières / 276-Intérêts courus,,,,2-Comptes d’actif immobilisé / 27-Autres immobilisations financières / 276-Intérêts courus / 2761-Prêts et créances non commerciales,
,2762-Prêts au personnel,asset,unspecified,debit,0,,2-Comptes d’actif immobilisé / 27-Autres immobilisations financières / 276-Intérêts courus,,,,2-Comptes d’actif immobilisé / 27-Autres immobilisations financières / 276-Intérêts courus / 2762-Prêts au personnel,
,2763-Créances sur l’État,asset,unspecified,debit,0,,2-Comptes d’actif immobilisé / 27-Autres immobilisations financières / 276-Intérêts courus,,,,2-Comptes d’actif immobilisé / 27-Autres immobilisations financières / 276-Intérêts courus / 2763-Créances sur l’État,
,2764-Titres immobilisés,asset,unspecified,debit,0,,2-Comptes d’actif immobilisé / 27-Autres immobilisations financières / 276-Intérêts courus,,,,2-Comptes d’actif immobilisé / 27-Autres immobilisations financières / 276-Intérêts courus / 2764-Titres immobilisés,
,2765-Dépôts et cautionnements versés,asset,unspecified,debit,0,,2-Comptes d’actif immobilisé / 27-Autres immobilisations financières / 276-Intérêts courus,,,,2-Comptes d’actif immobilisé / 27-Autres immobilisations financières / 276-Intérêts courus / 2765-Dépôts et cautionnements versés,
,2767-Créances rattachées à des participations,asset,unspecified,debit,0,,2-Comptes d’actif immobilisé / 27-Autres immobilisations financières / 276-Intérêts courus,,,,2-Comptes d’actif immobilisé / 27-Autres immobilisations financières / 276-Intérêts courus / 2767-Créances rattachées à des participations,
,2768-Immobilisations financières diverses,asset,unspecified,debit,0,,2-Comptes d’actif immobilisé / 27-Autres immobilisations financières / 276-Intérêts courus,,,,2-Comptes d’actif immobilisé / 27-Autres immobilisations financières / 276-Intérêts courus / 2768-Immobilisations financières diverses,
,277-Créances rattachées à des participations et avances à des GIE,asset,group,debit,1,,2-Comptes d’actif immobilisé / 27-Autres immobilisations financières,,,,2-Comptes d’actif immobilisé / 27-Autres immobilisations financières / 277-Créances rattachées à des participations et avances à des GIE,
,2771-Créances rattachées à des participations (groupe),asset,unspecified,debit,0,,2-Comptes d’actif immobilisé / 27-Autres immobilisations financières / 277-Créances rattachées à des participations et avances à des GIE,,,,2-Comptes d’actif immobilisé / 27-Autres immobilisations financières / 277-Créances rattachées à des participations et avances à des GIE / 2771-Créances rattachées à des participations (groupe),
,2772-Créances rattachées à des participations (hors groupe),asset,unspecified,debit,0,,2-Comptes d’actif immobilisé / 27-Autres immobilisations financières / 277-Créances rattachées à des participations et avances à des GIE,,,,2-Comptes d’actif immobilisé / 27-Autres immobilisations financières / 277-Créances rattachées à des participations et avances à des GIE / 2772-Créances rattachées à des participations (hors groupe),
,2773-Créances rattachées à des sociétés en participation,asset,unspecified,debit,0,,2-Comptes d’actif immobilisé / 27-Autres immobilisations financières / 277-Créances rattachées à des participations et avances à des GIE,,,,2-Comptes d’actif immobilisé / 27-Autres immobilisations financières / 277-Créances rattachées à des participations et avances à des GIE / 2773-Créances rattachées à des sociétés en participation,
,2774-Avances à des Groupements d’intérêt économique (GIE),asset,unspecified,debit,0,,2-Comptes d’actif immobilisé / 27-Autres immobilisations financières / 277-Créances rattachées à des participations et avances à des GIE,,,,2-Comptes d’actif immobilisé / 27-Autres immobilisations financières / 277-Créances rattachées à des participations et avances à des GIE / 2774-Avances à des Groupements d’intérêt économique (GIE),
,278-Immobilisations financières diverses,asset,group,debit,1,,2-Comptes d’actif immobilisé / 27-Autres immobilisations financières,,,,2-Comptes d’actif immobilisé / 27-Autres immobilisations financières / 278-Immobilisations financières diverses,
,2781-Créances diverses groupe,asset,unspecified,debit,0,,2-Comptes d’actif immobilisé / 27-Autres immobilisations financières / 278-Immobilisations financières diverses,,,,2-Comptes d’actif immobilisé / 27-Autres immobilisations financières / 278-Immobilisations financières diverses / 2781-Créances diverses groupe,
,2782-Créances diverses hors groupe,asset,unspecified,debit,0,,2-Comptes d’actif immobilisé / 27-Autres immobilisations financières / 278-Immobilisations financières diverses,,,,2-Comptes d’actif immobilisé / 27-Autres immobilisations financières / 278-Immobilisations financières diverses / 2782-Créances diverses hors groupe,
,2784-Banques dépôts à terme,asset,unspecified,debit,0,,2-Comptes d’actif immobilisé / 27-Autres immobilisations financières / 278-Immobilisations financières diverses,,,,2-Comptes d’actif immobilisé / 27-Autres immobilisations financières / 278-Immobilisations financières diverses / 2784-Banques dépôts à terme,
,2785-Or et métaux précieux,asset,unspecified,debit,0,,2-Comptes d’actif immobilisé / 27-Autres immobilisations financières / 278-Immobilisations financières diverses,,,,2-Comptes d’actif immobilisé / 27-Autres immobilisations financières / 278-Immobilisations financières diverses / 2785-Or et métaux précieux,
,2788-Autres immobilisations financières,asset,unspecified,debit,0,,2-Comptes d’actif immobilisé / 27-Autres immobilisations financières / 278-Immobilisations financières diverses,,,,2-Comptes d’actif immobilisé / 27-Autres immobilisations financières / 278-Immobilisations financières diverses / 2788-Autres immobilisations financières,
,28-Amortissements,asset,accumulated_depreciation,credit,1,,2-Comptes d’actif immobilisé,Accumulated Depreciation,,,2-Comptes d’actif immobilisé / 28-Amortissements,contra
,281-Amortissements des immobilisations corporelles,asset,accumulated_depreciation,credit,1,,2-Comptes d’actif immobilisé / 28-Amortissements,Accumulated Depreciation,,,2-Comptes d’actif immobilisé / 28-Amortissements / 281-Amortissements des immobilisations corporelles,contra
,2811-Amortissements des frais de développement,asset,accumulated_depreciation,credit,0,,2-Comptes d’actif immobilisé / 28-Amortissements / 281-Amortissements des immobilisations corporelles,Accumulated Depreciation,,,2-Comptes d’actif immobilisé / 28-Amortissements / 281-Amortissements des immobilisations corporelles / 2811-Amortissements des frais de développement,contra
,"2812-Amortissements des brevets, licences, concessions et droits similaires",asset,accumulated_depreciation,credit,0,,2-Comptes d’actif immobilisé / 28-Amortissements / 281-Amortissements des immobilisations corporelles,Accumulated Depreciation,,,"2-Comptes d’actif immobilisé / 28-Amortissements / 281-Amortissements des immobilisations corporelles / 2812-Amortissements des brevets, licences, concessions et droits similaires",contra
,2813-Amortissements des logiciels et sites internet,asset,accumulated_depreciation,credit,0,,2-Comptes d’actif immobilisé / 28-Amortissements / 281-Amortissements des immobilisations corporelles,Accumulated Depreciation,,,2-Comptes d’actif immobilisé / 28-Amortissements / 281-Amortissements des immobilisations corporelles / 2813-Amortissements des logiciels et sites internet,contra
,2814-Amortissements des marques,asset,accumulated_depreciation,credit,0,,2-Comptes d’actif immobilisé / 28-Amortissements / 281-Amortissements des immobilisations corporelles,Accumulated Depreciation,,,2-Comptes d’actif immobilisé / 28-Amortissements / 281-Amortissements des immobilisations corporelles / 2814-Amortissements des marques,contra
,2815-Amortissements du fonds commercial,asset,accumulated_depreciation,credit,0,,2-Comptes d’actif immobilisé / 28-Amortissements / 281-Amortissements des immobilisations corporelles,Accumulated Depreciation,,,2-Comptes d’actif immobilisé / 28-Amortissements / 281-Amortissements des immobilisations corporelles / 2815-Amortissements du fonds commercial,contra
,2816-Amortissements du droit au bail,asset,accumulated_depreciation,credit,0,,2-Comptes d’actif immobilisé / 28-Amortissements / 281-Amortissements des immobilisations corporelles,Accumulated Depreciation,,,2-Comptes d’actif immobilisé / 28-Amortissements / 281-Amortissements des immobilisations corporelles / 2816-Amortissements du droit au bail,contra
,2817-Amortissements des investissements de création,asset,accumulated_depreciation,credit,0,,2-Comptes d’actif immobilisé / 28-Amortissements / 281-Amortissements des immobilisations corporelles,Accumulated Depreciation,,,2-Comptes d’actif immobilisé / 28-Amortissements / 281-Amortissements des immobilisations corporelles / 2817-Amortissements des investissements de création,contra
,2818-Amortissements des autres droits et valeurs incorporels,asset,accumulated_depreciation,credit,0,,2-Comptes d’actif immobilisé / 28-Amortissements / 281-Amortissements des immobilisations corporelles,Accumulated Depreciation,,,2-Comptes d’actif immobilisé / 28-Amortissements / 281-Amortissements des immobilisations corporelles / 2818-Amortissements des autres droits et valeurs incorporels,contra
,282-Amortissements des terrains,asset,group,debit,1,,2-Comptes d’actif immobilisé / 28-Amortissements,,,,2-Comptes d’actif immobilisé / 28-Amortissements / 282-Amortissements des terrains,
,2824-Amortissements des travaux de mise en valeur des terrains,asset,unspecified,debit,0,,2-Comptes d’actif immobilisé / 28-Amortissements / 282-Amortissements des terrains,,,,2-Comptes d’actif immobilisé / 28-Amortissements / 282-Amortissements des terrains / 2824-Amortissements des travaux de mise en valeur des terrains,
,"283-Amortissements des bâtiments, installations techniques et agencements",asset,group,debit,1,,2-Comptes d’actif immobilisé / 28-Amortissements,,,,"2-Comptes d’actif immobilisé / 28-Amortissements / 283-Amortissements des bâtiments, installations techniques et agencements",
,"2831-Amortissements des bâtiments industriels, agricoles, administratifs et commerciaux sur sol propre",asset,unspecified,debit,0,,"2-Comptes d’actif immobilisé / 28-Amortissements / 283-Amortissements des bâtiments, installations techniques et agencements",,,,"2-Comptes d’actif immobilisé / 28-Amortissements / 283-Amortissements des bâtiments, installations techniques et agencements / 2831-Amortissements des bâtiments industriels, agricoles, administratifs et commerciaux sur sol propre",
,"2832-Amortissements des bâtiments industriels, agricoles, administratifs et commerciaux sur sol d’autrui",asset,unspecified,debit,0,,"2-Comptes d’actif immobilisé / 28-Amortissements / 283-Amortissements des bâtiments, installations techniques et agencements",,,,"2-Comptes d’actif immobilisé / 28-Amortissements / 283-Amortissements des bâtiments, installations techniques et agencements / 2832-Amortissements des bâtiments industriels, agricoles, administratifs et commerciaux sur sol d’autrui",
,2833-Amortissements des ouvrages d’infrastructure,asset,unspecified,debit,0,,"2-Comptes d’actif immobilisé / 28-Amortissements / 283-Amortissements des bâtiments, installations techniques et agencements",,,,"2-Comptes d’actif immobilisé / 28-Amortissements / 283-Amortissements des bâtiments, installations techniques et agencements / 2833-Amortissements des ouvrages d’infrastructure",
,"2834-Amortissements des aménagements, agencements et installations techniques",asset,unspecified,debit,0,,"2-Comptes d’actif immobilisé / 28-Amortissements / 283-Amortissements des bâtiments, installations techniques et agencements",,,,"2-Comptes d’actif immobilisé / 28-Amortissements / 283-Amortissements des bâtiments, installations techniques et agencements / 2834-Amortissements des aménagements, agencements et installations techniques",
,2835-Amortissements des aménagements de bureaux,asset,unspecified,debit,0,,"2-Comptes d’actif immobilisé / 28-Amortissements / 283-Amortissements des bâtiments, installations techniques et agencements",,,,"2-Comptes d’actif immobilisé / 28-Amortissements / 283-Amortissements des bâtiments, installations techniques et agencements / 2835-Amortissements des aménagements de bureaux",
,"2837-Amortissements des bâtiments industriels, agricoles et commerciaux mis en concession",asset,unspecified,debit,0,,"2-Comptes d’actif immobilisé / 28-Amortissements / 283-Amortissements des bâtiments, installations techniques et agencements",,,,"2-Comptes d’actif immobilisé / 28-Amortissements / 283-Amortissements des bâtiments, installations techniques et agencements / 2837-Amortissements des bâtiments industriels, agricoles et commerciaux mis en concession",
,2838-Amortissements des autres installations et agencements,asset,unspecified,debit,0,,"2-Comptes d’actif immobilisé / 28-Amortissements / 283-Amortissements des bâtiments, installations techniques et agencements",,,,"2-Comptes d’actif immobilisé / 28-Amortissements / 283-Amortissements des bâtiments, installations techniques et agencements / 2838-Amortissements des autres installations et agencements",
,284-Amortissements du matériel,asset,group,debit,1,,2-Comptes d’actif immobilisé / 28-Amortissements,,,,2-Comptes d’actif immobilisé / 28-Amortissements / 284-Amortissements du matériel,
,2841-Amortissements du matériel et outillage industriel et commercial,asset,unspecified,debit,0,,2-Comptes d’actif immobilisé / 28-Amortissements / 284-Amortissements du matériel,,,,2-Comptes d’actif immobilisé / 28-Amortissements / 284-Amortissements du matériel / 2841-Amortissements du matériel et outillage industriel et commercial,
,2842-Amortissements du matériel et outillage agricole,asset,unspecified,debit,0,,2-Comptes d’actif immobilisé / 28-Amortissements / 284-Amortissements du matériel,,,,2-Comptes d’actif immobilisé / 28-Amortissements / 284-Amortissements du matériel / 2842-Amortissements du matériel et outillage agricole,
,2843-Amortissements du matériel d’emballage récupérable et identifiable,asset,unspecified,debit,0,,2-Comptes d’actif immobilisé / 28-Amortissements / 284-Amortissements du matériel,,,,2-Comptes d’actif immobilisé / 28-Amortissements / 284-Amortissements du matériel / 2843-Amortissements du matériel d’emballage récupérable et identifiable,
,2844-Amortissements du matériel et mobilier,asset,unspecified,debit,0,,2-Comptes d’actif immobilisé / 28-Amortissements / 284-Amortissements du matériel,,,,2-Comptes d’actif immobilisé / 28-Amortissements / 284-Amortissements du matériel / 2844-Amortissements du matériel et mobilier,
,2845-Amortissements du matériel de transport,asset,unspecified,debit,0,,2-Comptes d’actif immobilisé / 28-Amortissements / 284-Amortissements du matériel,,,,2-Comptes d’actif immobilisé / 28-Amortissements / 284-Amortissements du matériel / 2845-Amortissements du matériel de transport,
,2846-Amortissements des actifs biologiques,asset,unspecified,debit,0,,2-Comptes d’actif immobilisé / 28-Amortissements / 284-Amortissements du matériel,,,,2-Comptes d’actif immobilisé / 28-Amortissements / 284-Amortissements du matériel / 2846-Amortissements des actifs biologiques,
,2847-Amortissements des agencements et aménagements du matériel et des actifs biologiques,asset,unspecified,debit,0,,2-Comptes d’actif immobilisé / 28-Amortissements / 284-Amortissements du matériel,,,,2-Comptes d’actif immobilisé / 28-Amortissements / 284-Amortissements du matériel / 2847-Amortissements des agencements et aménagements du matériel et des actifs biologiques,
,2848-Amortissements des autres matériels,asset,unspecified,debit,0,,2-Comptes d’actif immobilisé / 28-Amortissements / 284-Amortissements du matériel,,,,2-Comptes d’actif immobilisé / 28-Amortissements / 284-Amortissements du matériel / 2848-Amortissements des autres matériels,
,29-Dépréciations des immobilisations,asset,group,debit,1,,2-Comptes d’actif immobilisé,,,,2-Comptes d’actif immobilisé / 29-Dépréciations des immobilisations,
,291-Dépréciations des immobilisations incorporelles,asset,group,debit,1,,2-Comptes d’actif immobilisé / 29-Dépréciations des immobilisations,,,,2-Comptes d’actif immobilisé / 29-Dépréciations des immobilisations / 291-Dépréciations des immobilisations incorporelles,
,2911-Dépréciations des frais de développement,asset,unspecified,debit,0,,2-Comptes d’actif immobilisé / 29-Dépréciations des immobilisations / 291-Dépréciations des immobilisations incorporelles,,,,2-Comptes d’actif immobilisé / 29-Dépréciations des immobilisations / 291-Dépréciations des immobilisations incorporelles / 2911-Dépréciations des frais de développement,
,"2912-Dépréciations des brevets, licences, concessions et droits similaires",asset,unspecified,debit,0,,2-Comptes d’actif immobilisé / 29-Dépréciations des immobilisations / 291-Dépréciations des immobilisations incorporelles,,,,"2-Comptes d’actif immobilisé / 29-Dépréciations des immobilisations / 291-Dépréciations des immobilisations incorporelles / 2912-Dépréciations des brevets, licences, concessions et droits similaires",
,2913-Dépréciations des logiciels et sites internet,asset,unspecified,debit,0,,2-Comptes d’actif immobilisé / 29-Dépréciations des immobilisations / 291-Dépréciations des immobilisations incorporelles,,,,2-Comptes d’actif immobilisé / 29-Dépréciations des immobilisations / 291-Dépréciations des immobilisations incorporelles / 2913-Dépréciations des logiciels et sites internet,
,2914-Dépréciations des marques,asset,unspecified,debit,0,,2-Comptes d’actif immobilisé / 29-Dépréciations des immobilisations / 291-Dépréciations des immobilisations incorporelles,,,,2-Comptes d’actif immobilisé / 29-Dépréciations des immobilisations / 291-Dépréciations des immobilisations incorporelles / 2914-Dépréciations des marques,
,2915-Dépréciations du fonds commercial,asset,unspecified,debit,0,,2-Comptes d’actif immobilisé / 29-Dépréciations des immobilisations / 291-Dépréciations des immobilisations incorporelles,,,,2-Comptes d’actif immobilisé / 29-Dépréciations des immobilisations / 291-Dépréciations des immobilisations incorporelles / 2915-Dépréciations du fonds commercial,
,2916-Dépréciations du droit au bail,asset,unspecified,debit,0,,2-Comptes d’actif immobilisé / 29-Dépréciations des immobilisations / 291-Dépréciations des immobilisations incorporelles,,,,2-Comptes d’actif immobilisé / 29-Dépréciations des immobilisations / 291-Dépréciations des immobilisations incorporelles / 2916-Dépréciations du droit au bail,
,2917-Dépréciations des investissements de création,asset,unspecified,debit,0,,2-Comptes d’actif immobilisé / 29-Dépréciations des immobilisations / 291-Dépréciations des immobilisations incorporelles,,,,2-Comptes d’actif immobilisé / 29-Dépréciations des immobilisations / 291-Dépréciations des immobilisations incorporelles / 2917-Dépréciations des investissements de création,
,2918-Dépréciations des autres droits et valeurs incorporels,asset,unspecified,debit,0,,2-Comptes d’actif immobilisé / 29-Dépréciations des immobilisations / 291-Dépréciations des immobilisations incorporelles,,,,2-Comptes d’actif immobilisé / 29-Dépréciations des immobilisations / 291-Dépréciations des immobilisations incorporelles / 2918-Dépréciations des autres droits et valeurs incorporels,
,2919-Dépréciations des immobilisations incorporelles en cours,asset,unspecified,debit,0,,2-Comptes d’actif immobilisé / 29-Dépréciations des immobilisations / 291-Dépréciations des immobilisations incorporelles,,,,2-Comptes d’actif immobilisé / 29-Dépréciations des immobilisations / 291-Dépréciations des immobilisations incorporelles / 2919-Dépréciations des immobilisations incorporelles en cours,
,292-Dépréciations des terrains,asset,group,debit,1,,2-Comptes d’actif immobilisé / 29-Dépréciations des immobilisations,,,,2-Comptes d’actif immobilisé / 29-Dépréciations des immobilisations / 292-Dépréciations des terrains,
,2921-Dépréciations des terrains agricoles et forestiers,asset,unspecified,debit,0,,2-Comptes d’actif immobilisé / 29-Dépréciations des immobilisations / 292-Dépréciations des terrains,,,,2-Comptes d’actif immobilisé / 29-Dépréciations des immobilisations / 292-Dépréciations des terrains / 2921-Dépréciations des terrains agricoles et forestiers,
,2922-Dépréciations des terrains nus,asset,unspecified,debit,0,,2-Comptes d’actif immobilisé / 29-Dépréciations des immobilisations / 292-Dépréciations des terrains,,,,2-Comptes d’actif immobilisé / 29-Dépréciations des immobilisations / 292-Dépréciations des terrains / 2922-Dépréciations des terrains nus,
,2923-Dépréciations des terrains bâtis,asset,unspecified,debit,0,,2-Comptes d’actif immobilisé / 29-Dépréciations des immobilisations / 292-Dépréciations des terrains,,,,2-Comptes d’actif immobilisé / 29-Dépréciations des immobilisations / 292-Dépréciations des terrains / 2923-Dépréciations des terrains bâtis,
,2924-Dépréciations des travaux de mise en valeur des terrains,asset,unspecified,debit,0,,2-Comptes d’actif immobilisé / 29-Dépréciations des immobilisations / 292-Dépréciations des terrains,,,,2-Comptes d’actif immobilisé / 29-Dépréciations des immobilisations / 292-Dépréciations des terrains / 2924-Dépréciations des travaux de mise en valeur des terrains,
,2925-Dépréciations des terrains de gisement,asset,unspecified,debit,0,,2-Comptes d’actif immobilisé / 29-Dépréciations des immobilisations / 292-Dépréciations des terrains,,,,2-Comptes d’actif immobilisé / 29-Dépréciations des immobilisations / 292-Dépréciations des terrains / 2925-Dépréciations des terrains de gisement,
,2926-Dépréciations des terrains aménagés,asset,unspecified,debit,0,,2-Comptes d’actif immobilisé / 29-Dépréciations des immobilisations / 292-Dépréciations des terrains,,,,2-Comptes d’actif immobilisé / 29-Dépréciations des immobilisations / 292-Dépréciations des terrains / 2926-Dépréciations des terrains aménagés,
,2927-Dépréciations des terrains mis en concession,asset,unspecified,debit,0,,2-Comptes d’actif immobilisé / 29-Dépréciations des immobilisations / 292-Dépréciations des terrains,,,,2-Comptes d’actif immobilisé / 29-Dépréciations des immobilisations / 292-Dépréciations des terrains / 2927-Dépréciations des terrains mis en concession,
,2928-Dépréciations des autres terrains,asset,unspecified,debit,0,,2-Comptes d’actif immobilisé / 29-Dépréciations des immobilisations / 292-Dépréciations des terrains,,,,2-Comptes d’actif immobilisé / 29-Dépréciations des immobilisations / 292-Dépréciations des terrains / 2928-Dépréciations des autres terrains,
,2929-Dépréciations des aménagements de terrains en cours,asset,unspecified,debit,0,,2-Comptes d’actif immobilisé / 29-Dépréciations des immobilisations / 292-Dépréciations des terrains,,,,2-Comptes d’actif immobilisé / 29-Dépréciations des immobilisations / 292-Dépréciations des terrains / 2929-Dépréciations des aménagements de terrains en cours,
,"293-Dépréciations des bâtiments, installations techniques et agencements",asset,group,debit,1,,2-Comptes d’actif immobilisé / 29-Dépréciations des immobilisations,,,,"2-Comptes d’actif immobilisé / 29-Dépréciations des immobilisations / 293-Dépréciations des bâtiments, installations techniques et agencements",
,"2931-Dépréciations des bâtiments industriels, agricoles, administratifs et commerciaux sur sol propre",asset,unspecified,debit,0,,"2-Comptes d’actif immobilisé / 29-Dépréciations des immobilisations / 293-Dépréciations des bâtiments, installations techniques et agencements",,,,"2-Comptes d’actif immobilisé / 29-Dépréciations des immobilisations / 293-Dépréciations des bâtiments, installations techniques et agencements / 2931-Dépréciations des bâtiments industriels, agricoles, administratifs et commerciaux sur sol propre",
,"2932-Dépréciations des bâtiments industriels, agricoles, administratifs et commerciaux sur sol d’autrui",asset,unspecified,debit,0,,"2-Comptes d’actif immobilisé / 29-Dépréciations des immobilisations / 293-Dépréciations des bâtiments, installations techniques et agencements",,,,"2-Comptes d’actif immobilisé / 29-Dépréciations des immobilisations / 293-Dépréciations des bâtiments, installations techniques et agencements / 2932-Dépréciations des bâtiments industriels, agricoles, administratifs et commerciaux sur sol d’autrui",
,2933-Dépréciations des ouvrages d’infrastructures,asset,unspecified,debit,0,,"2-Comptes d’actif immobilisé / 29-Dépréciations des immobilisations / 293-Dépréciations des bâtiments, installations techniques et agencements",,,,"2-Comptes d’actif immobilisé / 29-Dépréciations des immobilisations / 293-Dépréciations des bâtiments, installations techniques et agencements / 2933-Dépréciations des ouvrages d’infrastructures",
,"2934-Dépréciations des aménagements, agencements et installations techniques",asset,unspecified,debit,0,,"2-Comptes d’actif immobilisé / 29-Dépréciations des immobilisations / 293-Dépréciations des bâtiments, installations techniques et agencements",,,,"2-Comptes d’actif immobilisé / 29-Dépréciations des immobilisations / 293-Dépréciations des bâtiments, installations techniques et agencements / 2934-Dépréciations des aménagements, agencements et installations techniques",
,2935-Dépréciations des aménagements de bureaux,asset,unspecified,debit,0,,"2-Comptes d’actif immobilisé / 29-Dépréciations des immobilisations / 293-Dépréciations des bâtiments, installations techniques et agencements",,,,"2-Comptes d’actif immobilisé / 29-Dépréciations des immobilisations / 293-Dépréciations des bâtiments, installations techniques et agencements / 2935-Dépréciations des aménagements de bureaux",
,"2937-Dépréciations des bâtiments industriels, agricoles et commerciaux mis en concession",asset,unspecified,debit,0,,"2-Comptes d’actif immobilisé / 29-Dépréciations des immobilisations / 293-Dépréciations des bâtiments, installations techniques et agencements",,,,"2-Comptes d’actif immobilisé / 29-Dépréciations des immobilisations / 293-Dépréciations des bâtiments, installations techniques et agencements / 2937-Dépréciations des bâtiments industriels, agricoles et commerciaux mis en concession",
,2938-Dépréciations des autres installations et agencements,asset,unspecified,debit,0,,"2-Comptes d’actif immobilisé / 29-Dépréciations des immobilisations / 293-Dépréciations des bâtiments, installations techniques et agencements",,,,"2-Comptes d’actif immobilisé / 29-Dépréciations des immobilisations / 293-Dépréciations des bâtiments, installations techniques et agencements / 2938-Dépréciations des autres installations et agencements",
,2939-Dépréciations des bâtiments et installations en cours,asset,unspecified,debit,0,,"2-Comptes d’actif immobilisé / 29-Dépréciations des immobilisations / 293-Dépréciations des bâtiments, installations techniques et agencements",,,,"2-Comptes d’actif immobilisé / 29-Dépréciations des immobilisations / 293-Dépréciations des bâtiments, installations techniques et agencements / 2939-Dépréciations des bâtiments et installations en cours",
,"294-Dépréciations de matériel, du mobilier et de l’actif biologique",asset,group,debit,1,,2-Comptes d’actif immobilisé / 29-Dépréciations des immobilisations,,,,"2-Comptes d’actif immobilisé / 29-Dépréciations des immobilisations / 294-Dépréciations de matériel, du mobilier et de l’actif biologique",
,2941-Dépréciations du matériel et outillage industriel et commercial,asset,unspecified,debit,0,,"2-Comptes d’actif immobilisé / 29-Dépréciations des immobilisations / 294-Dépréciations de matériel, du mobilier et de l’actif biologique",,,,"2-Comptes d’actif immobilisé / 29-Dépréciations des immobilisations / 294-Dépréciations de matériel, du mobilier et de l’actif biologique / 2941-Dépréciations du matériel et outillage industriel et commercial",
,2942-Dépréciations du matériel et outillage agricole,asset,unspecified,debit,0,,"2-Comptes d’actif immobilisé / 29-Dépréciations des immobilisations / 294-Dépréciations de matériel, du mobilier et de l’actif biologique",,,,"2-Comptes d’actif immobilisé / 29-Dépréciations des immobilisations / 294-Dépréciations de matériel, du mobilier et de l’actif biologique / 2942-Dépréciations du matériel et outillage agricole",
,2943-Dépréciations du matériel d’emballage récupérable et identifiable,asset,unspecified,debit,0,,"2-Comptes d’actif immobilisé / 29-Dépréciations des immobilisations / 294-Dépréciations de matériel, du mobilier et de l’actif biologique",,,,"2-Comptes d’actif immobilisé / 29-Dépréciations des immobilisations / 294-Dépréciations de matériel, du mobilier et de l’actif biologique / 2943-Dépréciations du matériel d’emballage récupérable et identifiable",
,2944-Dépréciations du matériel et mobilier,asset,unspecified,debit,0,,"2-Comptes d’actif immobilisé / 29-Dépréciations des immobilisations / 294-Dépréciations de matériel, du mobilier et de l’actif biologique",,,,"2-Comptes d’actif immobilisé / 29-Dépréciations des immobilisations / 294-Dépréciations de matériel, du mobilier et de l’actif biologique / 2944-Dépréciations du matériel et mobilier",
,2945-Dépréciations du matériel de transport,asset,unspecified,debit,0,,"2-Comptes d’actif immobilisé / 29-Dépréciations des immobilisations / 294-Dépréciations de matériel, du mobilier et de l’actif biologique",,,,"2-Comptes d’actif immobilisé / 29-Dépréciations des immobilisations / 294-Dépréciations de matériel, du mobilier et de l’actif biologique / 2945-Dépréciations du matériel de transport",
,2946-Dépréciations des actifs biologiques,asset,unspecified,debit,0,,"2-Comptes d’actif immobilisé / 29-Dépréciations des immobilisations / 294-Dépréciations de matériel, du mobilier et de l’actif biologique",,,,"2-Comptes d’actif immobilisé / 29-Dépréciations des immobilisations / 294-Dépréciations de matériel, du mobilier et de l’actif biologique / 2946-Dépréciations des actifs biologiques",
,2947-Dépréciations des agencements et aménagements du matériel et des actifs biologiques,asset,unspecified,debit,0,,"2-Comptes d’actif immobilisé / 29-Dépréciations des immobilisations / 294-Dépréciations de matériel, du mobilier et de l’actif biologique",,,,"2-Comptes d’actif immobilisé / 29-Dépréciations des immobilisations / 294-Dépréciations de matériel, du mobilier et de l’actif biologique / 2947-Dépréciations des agencements et aménagements du matériel et des actifs biologiques",
,2948-Dépréciations des autres matériels,asset,unspecified,debit,0,,"2-Comptes d’actif immobilisé / 29-Dépréciations des immobilisations / 294-Dépréciations de matériel, du mobilier et de l’actif biologique",,,,"2-Comptes d’actif immobilisé / 29-Dépréciations des immobilisations / 294-Dépréciations de matériel, du mobilier et de l’actif biologique / 2948-Dépréciations des autres matériels",
,2949-Dépréciations de matériel en cours,asset,unspecified,debit,0,,"2-Comptes d’actif immobilisé / 29-Dépréciations des immobilisations / 294-Dépréciations de matériel, du mobilier et de l’actif biologique",,,,"2-Comptes d’actif immobilisé / 29-Dépréciations des immobilisations / 294-Dépréciations de matériel, du mobilier et de l’actif biologique / 2949-Dépréciations de matériel en cours",
,295-Dépréciations des avances et acomptes versés sur immobilisations,asset,group,debit,1,,2-Comptes d’actif immobilisé / 29-Dépréciations des immobilisations,,,,2-Comptes d’actif immobilisé / 29-Dépréciations des immobilisations / 295-Dépréciations des avances et acomptes versés sur immobilisations,
,2951-Dépréciations des avances et acomptes versés sur immobilisations incorporelles,asset,unspecified,debit,0,,2-Comptes d’actif immobilisé / 29-Dépréciations des immobilisations / 295-Dépréciations des avances et acomptes versés sur immobilisations,,,,2-Comptes d’actif immobilisé / 29-Dépréciations des immobilisations / 295-Dépréciations des avances et acomptes versés sur immobilisations / 2951-Dépréciations des avances et acomptes versés sur immobilisations incorporelles,
,2952-Dépréciations des avances et acomptes versés sur immobilisations corporelles,asset,unspecified,debit,0,,2-Comptes d’actif immobilisé / 29-Dépréciations des immobilisations / 295-Dépréciations des avances et acomptes versés sur immobilisations,,,,2-Comptes d’actif immobilisé / 29-Dépréciations des immobilisations / 295-Dépréciations des avances et acomptes versés sur immobilisations / 2952-Dépréciations des avances et acomptes versés sur immobilisations corporelles,
,296-Dépréciations des titres de participation,asset,group,debit,1,,2-Comptes d’actif immobilisé / 29-Dépréciations des immobilisations,,,,2-Comptes d’actif immobilisé / 29-Dépréciations des immobilisations / 296-Dépréciations des titres de participation,
,2961-Dépréciations des titres de participation dans des sociétés sous contrôle exclusif,asset,unspecified,debit,0,,2-Comptes d’actif immobilisé / 29-Dépréciations des immobilisations / 296-Dépréciations des titres de participation,,,,2-Comptes d’actif immobilisé / 29-Dépréciations des immobilisations / 296-Dépréciations des titres de participation / 2961-Dépréciations des titres de participation dans des sociétés sous contrôle exclusif,
,2962-Dépréciations des titres de participation dans les sociétés sous contrôle conjoint,asset,unspecified,debit,0,,2-Comptes d’actif immobilisé / 29-Dépréciations des immobilisations / 296-Dépréciations des titres de participation,,,,2-Comptes d’actif immobilisé / 29-Dépréciations des immobilisations / 296-Dépréciations des titres de participation / 2962-Dépréciations des titres de participation dans les sociétés sous contrôle conjoint,
,2963-Dépréciations des titres de participation dans les sociétés conférant une influence notable,asset,unspecified,debit,0,,2-Comptes d’actif immobilisé / 29-Dépréciations des immobilisations / 296-Dépréciations des titres de participation,,,,2-Comptes d’actif immobilisé / 29-Dépréciations des immobilisations / 296-Dépréciations des titres de participation / 2963-Dépréciations des titres de participation dans les sociétés conférant une influence notable,
,2965-Dépréciations des participations dans des organismes professionnels,asset,unspecified,debit,0,,2-Comptes d’actif immobilisé / 29-Dépréciations des immobilisations / 296-Dépréciations des titres de participation,,,,2-Comptes d’actif immobilisé / 29-Dépréciations des immobilisations / 296-Dépréciations des titres de participation / 2965-Dépréciations des participations dans des organismes professionnels,
,2966-Dépréciations des parts dans des GIE,asset,unspecified,debit,0,,2-Comptes d’actif immobilisé / 29-Dépréciations des immobilisations / 296-Dépréciations des titres de participation,,,,2-Comptes d’actif immobilisé / 29-Dépréciations des immobilisations / 296-Dépréciations des titres de participation / 2966-Dépréciations des parts dans des GIE,
,2968-Dépréciations des autres titres de participation,asset,unspecified,debit,0,,2-Comptes d’actif immobilisé / 29-Dépréciations des immobilisations / 296-Dépréciations des titres de participation,,,,2-Comptes d’actif immobilisé / 29-Dépréciations des immobilisations / 296-Dépréciations des titres de participation / 2968-Dépréciations des autres titres de participation,
,297-Dépréciations des autres immobilisations financières,asset,group,debit,1,,2-Comptes d’actif immobilisé / 29-Dépréciations des immobilisations,,,,2-Comptes d’actif immobilisé / 29-Dépréciations des immobilisations / 297-Dépréciations des autres immobilisations financières,
,2971-Dépréciations des prêts et créances,asset,unspecified,debit,0,,2-Comptes d’actif immobilisé / 29-Dépréciations des immobilisations / 297-Dépréciations des autres immobilisations financières,,,,2-Comptes d’actif immobilisé / 29-Dépréciations des immobilisations / 297-Dépréciations des autres immobilisations financières / 2971-Dépréciations des prêts et créances,
,2972-Dépréciations des prêts au personnel,asset,unspecified,debit,0,,2-Comptes d’actif immobilisé / 29-Dépréciations des immobilisations / 297-Dépréciations des autres immobilisations financières,,,,2-Comptes d’actif immobilisé / 29-Dépréciations des immobilisations / 297-Dépréciations des autres immobilisations financières / 2972-Dépréciations des prêts au personnel,
,2973-Dépréciations des créances sur l’État,asset,unspecified,debit,0,,2-Comptes d’actif immobilisé / 29-Dépréciations des immobilisations / 297-Dépréciations des autres immobilisations financières,,,,2-Comptes d’actif immobilisé / 29-Dépréciations des immobilisations / 297-Dépréciations des autres immobilisations financières / 2973-Dépréciations des créances sur l’État,
,2974-Dépréciations des titres immobilisés,asset,unspecified,debit,0,,2-Comptes d’actif immobilisé / 29-Dépréciations des immobilisations / 297-Dépréciations des autres immobilisations financières,,,,2-Comptes d’actif immobilisé / 29-Dépréciations des immobilisations / 297-Dépréciations des autres immobilisations financières / 2974-Dépréciations des titres immobilisés,
,2975-Dépréciations des dépôts et cautionnements versés,asset,unspecified,debit,0,,2-Comptes d’actif immobilisé / 29-Dépréciations des immobilisations / 297-Dépréciations des autres immobilisations financières,,,,2-Comptes d’actif immobilisé / 29-Dépréciations des immobilisations / 297-Dépréciations des autres immobilisations financières / 2975-Dépréciations des dépôts et cautionnements versés,
,2977-Dépréciations des créances rattachées à des participations et avances à des GIE,asset,unspecified,debit,0,,2-Comptes d’actif immobilisé / 29-Dépréciations des immobilisations / 297-Dépréciations des autres immobilisations financières,,,,2-Comptes d’actif immobilisé / 29-Dépréciations des immobilisations / 297-Dépréciations des autres immobilisations financières / 2977-Dépréciations des créances rattachées à des participations et avances à des GIE,
,2978-Dépréciations des créances financières diverses,asset,unspecified,debit,0,,2-Comptes d’actif immobilisé / 29-Dépréciations des immobilisations / 297-Dépréciations des autres immobilisations financières,,,,2-Comptes d’actif immobilisé / 29-Dépréciations des immobilisations / 297-Dépréciations des autres immobilisations financières / 2978-Dépréciations des créances financières diverses,
,3-Comptes de Stocks,asset,group,debit,1,,,,,,3-Comptes de Stocks,
,31-Marchandises,asset,group,debit,1,,3-Comptes de Stocks,,,,3-Comptes de Stocks / 31-Marchandises,
,311-Marchandises A,asset,group,debit,1,,3-Comptes de Stocks / 31-Marchandises,,,,3-Comptes de Stocks / 31-Marchandises / 311-Marchandises A,
,3111-Marchandises A1,asset,unspecified,debit,0,,3-Comptes de Stocks / 31-Marchandises / 311-Marchandises A,,,,3-Comptes de Stocks / 31-Marchandises / 311-Marchandises A / 3111-Marchandises A1,
,3112-Marchandises A2,asset,unspecified,debit,0,,3-Comptes de Stocks / 31-Marchandises / 311-Marchandises A,,,,3-Comptes de Stocks / 31-Marchandises / 311-Marchandises A / 3112-Marchandises A2,
,312-Marchandises B,asset,group,debit,1,,3-Comptes de Stocks / 31-Marchandises,,,,3-Comptes de Stocks / 31-Marchandises / 312-Marchandises B,
,3121-Marchandises B1,asset,unspecified,debit,0,,3-Comptes de Stocks / 31-Marchandises / 312-Marchandises B,,,,3-Comptes de Stocks / 31-Marchandises / 312-Marchandises B / 3121-Marchandises B1,
,3122-Marchandises B2,asset,unspecified,debit,0,,3-Comptes de Stocks / 31-Marchandises / 312-Marchandises B,,,,3-Comptes de Stocks / 31-Marchandises / 312-Marchandises B / 3122-Marchandises B2,
,313-Actifs biologiques,asset,group,debit,1,,3-Comptes de Stocks / 31-Marchandises,,,,3-Comptes de Stocks / 31-Marchandises / 313-Actifs biologiques,
,3131-Animaux,asset,unspecified,debit,0,,3-Comptes de Stocks / 31-Marchandises / 313-Actifs biologiques,,,,3-Comptes de Stocks / 31-Marchandises / 313-Actifs biologiques / 3131-Animaux,
,3132-Végétaux,asset,unspecified,debit,0,,3-Comptes de Stocks / 31-Marchandises / 313-Actifs biologiques,,,,3-Comptes de Stocks / 31-Marchandises / 313-Actifs biologiques / 3132-Végétaux,
,318-Marchandises hors activités ordinaires (HAO),asset,unspecified,debit,0,,3-Comptes de Stocks / 31-Marchandises,,,,3-Comptes de Stocks / 31-Marchandises / 318-Marchandises hors activités ordinaires (HAO),
,32-Matières premières et fournitures liées,asset,group,debit,1,,3-Comptes de Stocks,,,,3-Comptes de Stocks / 32-Matières premières et fournitures liées,
,321-Matières A,asset,unspecified,debit,0,,3-Comptes de Stocks / 32-Matières premières et fournitures liées,,,,3-Comptes de Stocks / 32-Matières premières et fournitures liées / 321-Matières A,
,322-Matières B,asset,unspecified,debit,0,,3-Comptes de Stocks / 32-Matières premières et fournitures liées,,,,3-Comptes de Stocks / 32-Matières premières et fournitures liées / 322-Matières B,
,"323-Fournitures (A, B)",asset,unspecified,debit,0,,3-Comptes de Stocks / 32-Matières premières et fournitures liées,,,,"3-Comptes de Stocks / 32-Matières premières et fournitures liées / 323-Fournitures (A, B)",
,33-Autres approvisionnements,asset,group,debit,1,,3-Comptes de Stocks,,,,3-Comptes de Stocks / 33-Autres approvisionnements,
,331-Matières consommables,asset,unspecified,debit,0,,3-Comptes de Stocks / 33-Autres approvisionnements,,,,3-Comptes de Stocks / 33-Autres approvisionnements / 331-Matières consommables,
,332-Fournitures d’atelier et d’usine,asset,unspecified,debit,0,,3-Comptes de Stocks / 33-Autres approvisionnements,,,,3-Comptes de Stocks / 33-Autres approvisionnements / 332-Fournitures d’atelier et d’usine,
,333-Fournitures de magasin,asset,unspecified,debit,0,,3-Comptes de Stocks / 33-Autres approvisionnements,,,,3-Comptes de Stocks / 33-Autres approvisionnements / 333-Fournitures de magasin,
,334-Fournitures de bureau,asset,unspecified,debit,0,,3-Comptes de Stocks / 33-Autres approvisionnements,,,,3-Comptes de Stocks / 33-Autres approvisionnements / 334-Fournitures de bureau,
,335-Emballages,asset,group,debit,1,,3-Comptes de Stocks / 33-Autres approvisionnements,,,,3-Comptes de Stocks / 33-Autres approvisionnements / 335-Emballages,
,3351-Emballages perdus,asset,unspecified,debit,0,,3-Comptes de Stocks / 33-Autres approvisionnements / 335-Emballages,,,,3-Comptes de Stocks / 33-Autres approvisionnements / 335-Emballages / 3351-Emballages perdus,
,3352-Emballages récupérables non identifiables,asset,unspecified,debit,0,,3-Comptes de Stocks / 33-Autres approvisionnements / 335-Emballages,,,,3-Comptes de Stocks / 33-Autres approvisionnements / 335-Emballages / 3352-Emballages récupérables non identifiables,
,3353-Emballages à usage mixte,asset,unspecified,debit,0,,3-Comptes de Stocks / 33-Autres approvisionnements / 335-Emballages,,,,3-Comptes de Stocks / 33-Autres approvisionnements / 335-Emballages / 3353-Emballages à usage mixte,
,3358-Autres emballages,asset,unspecified,debit,0,,3-Comptes de Stocks / 33-Autres approvisionnements / 335-Emballages,,,,3-Comptes de Stocks / 33-Autres approvisionnements / 335-Emballages / 3358-Autres emballages,
,338-Autres matières,asset,unspecified,debit,0,,3-Comptes de Stocks / 33-Autres approvisionnements,,,,3-Comptes de Stocks / 33-Autres approvisionnements / 338-Autres matières,
,34-Produits en cours,asset,group,debit,1,,3-Comptes de Stocks,,,,3-Comptes de Stocks / 34-Produits en cours,
,341-Produits en cours,asset,group,debit,1,,3-Comptes de Stocks / 34-Produits en cours,,,,3-Comptes de Stocks / 34-Produits en cours / 341-Produits en cours,
,3411-Produits en cours P1,asset,unspecified,debit,0,,3-Comptes de Stocks / 34-Produits en cours / 341-Produits en cours,,,,3-Comptes de Stocks / 34-Produits en cours / 341-Produits en cours / 3411-Produits en cours P1,
,3412-Produits en cours P2,asset,unspecified,debit,0,,3-Comptes de Stocks / 34-Produits en cours / 341-Produits en cours,,,,3-Comptes de Stocks / 34-Produits en cours / 341-Produits en cours / 3412-Produits en cours P2,
,342-Travaux en cours,asset,group,debit,1,,3-Comptes de Stocks / 34-Produits en cours,,,,3-Comptes de Stocks / 34-Produits en cours / 342-Travaux en cours,
,3421-Travaux en cours T1,asset,unspecified,debit,0,,3-Comptes de Stocks / 34-Produits en cours / 342-Travaux en cours,,,,3-Comptes de Stocks / 34-Produits en cours / 342-Travaux en cours / 3421-Travaux en cours T1,
,3422-Travaux en cours T2,asset,unspecified,debit,0,,3-Comptes de Stocks / 34-Produits en cours / 342-Travaux en cours,,,,3-Comptes de Stocks / 34-Produits en cours / 342-Travaux en cours / 3422-Travaux en cours T2,
,343-Produits intermédiaires en cours,asset,group,debit,1,,3-Comptes de Stocks / 34-Produits en cours,,,,3-Comptes de Stocks / 34-Produits en cours / 343-Produits intermédiaires en cours,
,3431-Produits intermédiaires A,asset,unspecified,debit,0,,3-Comptes de Stocks / 34-Produits en cours / 343-Produits intermédiaires en cours,,,,3-Comptes de Stocks / 34-Produits en cours / 343-Produits intermédiaires en cours / 3431-Produits intermédiaires A,
,3432-Produits intermédiaires B,asset,unspecified,debit,0,,3-Comptes de Stocks / 34-Produits en cours / 343-Produits intermédiaires en cours,,,,3-Comptes de Stocks / 34-Produits en cours / 343-Produits intermédiaires en cours / 3432-Produits intermédiaires B,
,344-Produits résiduels en cours,asset,group,debit,1,,3-Comptes de Stocks / 34-Produits en cours,,,,3-Comptes de Stocks / 34-Produits en cours / 344-Produits résiduels en cours,
,3441-Produits résiduels A,asset,unspecified,debit,0,,3-Comptes de Stocks / 34-Produits en cours / 344-Produits résiduels en cours,,,,3-Comptes de Stocks / 34-Produits en cours / 344-Produits résiduels en cours / 3441-Produits résiduels A,
,3442-Produits résiduels B,asset,unspecified,debit,0,,3-Comptes de Stocks / 34-Produits en cours / 344-Produits résiduels en cours,,,,3-Comptes de Stocks / 34-Produits en cours / 344-Produits résiduels en cours / 3442-Produits résiduels B,
,345-Actifs biologiques en cours,asset,group,debit,1,,3-Comptes de Stocks / 34-Produits en cours,,,,3-Comptes de Stocks / 34-Produits en cours / 345-Actifs biologiques en cours,
,3451-Animaux,asset,unspecified,debit,0,,3-Comptes de Stocks / 34-Produits en cours / 345-Actifs biologiques en cours,,,,3-Comptes de Stocks / 34-Produits en cours / 345-Actifs biologiques en cours / 3451-Animaux,
,3452-Végétaux,asset,unspecified,debit,0,,3-Comptes de Stocks / 34-Produits en cours / 345-Actifs biologiques en cours,,,,3-Comptes de Stocks / 34-Produits en cours / 345-Actifs biologiques en cours / 3452-Végétaux,
,35-Services en cours,asset,group,debit,1,,3-Comptes de Stocks,,,,3-Comptes de Stocks / 35-Services en cours,
,351-Études en cours,asset,group,debit,1,,3-Comptes de Stocks / 35-Services en cours,,,,3-Comptes de Stocks / 35-Services en cours / 351-Études en cours,
,3511-Études en cours E1,asset,unspecified,debit,0,,3-Comptes de Stocks / 35-Services en cours / 351-Études en cours,,,,3-Comptes de Stocks / 35-Services en cours / 351-Études en cours / 3511-Études en cours E1,
,3512-Études en cours E2,asset,unspecified,debit,0,,3-Comptes de Stocks / 35-Services en cours / 351-Études en cours,,,,3-Comptes de Stocks / 35-Services en cours / 351-Études en cours / 3512-Études en cours E2,
,352-Prestations de services en cours,asset,group,debit,1,,3-Comptes de Stocks / 35-Services en cours,,,,3-Comptes de Stocks / 35-Services en cours / 352-Prestations de services en cours,
,3521-Prestations de services S1,asset,unspecified,debit,0,,3-Comptes de Stocks / 35-Services en cours / 352-Prestations de services en cours,,,,3-Comptes de Stocks / 35-Services en cours / 352-Prestations de services en cours / 3521-Prestations de services S1,
,3522-Prestations de services S2,asset,unspecified,debit,0,,3-Comptes de Stocks / 35-Services en cours / 352-Prestations de services en cours,,,,3-Comptes de Stocks / 35-Services en cours / 352-Prestations de services en cours / 3522-Prestations de services S2,
,36-Produits finis,asset,group,debit,1,,3-Comptes de Stocks,,,,3-Comptes de Stocks / 36-Produits finis,
,361-Produits finis A,asset,unspecified,debit,0,,3-Comptes de Stocks / 36-Produits finis,,,,3-Comptes de Stocks / 36-Produits finis / 361-Produits finis A,
,362-Produits finis B,asset,unspecified,debit,0,,3-Comptes de Stocks / 36-Produits finis,,,,3-Comptes de Stocks / 36-Produits finis / 362-Produits finis B,
,363-Actifs biologiques,asset,group,debit,1,,3-Comptes de Stocks / 36-Produits finis,,,,3-Comptes de Stocks / 36-Produits finis / 363-Actifs biologiques,
,3631-Animaux,asset,unspecified,debit,0,,3-Comptes de Stocks / 36-Produits finis / 363-Actifs biologiques,,,,3-Comptes de Stocks / 36-Produits finis / 363-Actifs biologiques / 3631-Animaux,
,3632-Végétaux,asset,unspecified,debit,0,,3-Comptes de Stocks / 36-Produits finis / 363-Actifs biologiques,,,,3-Comptes de Stocks / 36-Produits finis / 363-Actifs biologiques / 3632-Végétaux,
,3638-Autres stocks (activités annexes),asset,unspecified,debit,0,,3-Comptes de Stocks / 36-Produits finis / 363-Actifs biologiques,,,,3-Comptes de Stocks / 36-Produits finis / 363-Actifs biologiques / 3638-Autres stocks (activités annexes),
,37-Produits intermédiaires et résiduels,asset,group,debit,1,,3-Comptes de Stocks,,,,3-Comptes de Stocks / 37-Produits intermédiaires et résiduels,
,371-Produits intermédiaires,asset,group,debit,1,,3-Comptes de Stocks / 37-Produits intermédiaires et résiduels,,,,3-Comptes de Stocks / 37-Produits intermédiaires et résiduels / 371-Produits intermédiaires,
,3711-Produits intermédiaires A,asset,unspecified,debit,0,,3-Comptes de Stocks / 37-Produits intermédiaires et résiduels / 371-Produits intermédiaires,,,,3-Comptes de Stocks / 37-Produits intermédiaires et résiduels / 371-Produits intermédiaires / 3711-Produits intermédiaires A,
,3712-Produits intermédiaires B,asset,unspecified,debit,0,,3-Comptes de Stocks / 37-Produits intermédiaires et résiduels / 371-Produits intermédiaires,,,,3-Comptes de Stocks / 37-Produits intermédiaires et résiduels / 371-Produits intermédiaires / 3712-Produits intermédiaires B,
,372-Produits résiduels,asset,group,debit,1,,3-Comptes de Stocks / 37-Produits intermédiaires et résiduels,,,,3-Comptes de Stocks / 37-Produits intermédiaires et résiduels / 372-Produits résiduels,
,3721-Déchets,asset,unspecified,debit,0,,3-Comptes de Stocks / 37-Produits intermédiaires et résiduels / 372-Produits résiduels,,,,3-Comptes de Stocks / 37-Produits intermédiaires et résiduels / 372-Produits résiduels / 3721-Déchets,
,3722-Rebuts,asset,unspecified,debit,0,,3-Comptes de Stocks / 37-Produits intermédiaires et résiduels / 372-Produits résiduels,,,,3-Comptes de Stocks / 37-Produits intermédiaires et résiduels / 372-Produits résiduels / 3722-Rebuts,
,3723-Matières de Récupération,asset,unspecified,debit,0,,3-Comptes de Stocks / 37-Produits intermédiaires et résiduels / 372-Produits résiduels,,,,3-Comptes de Stocks / 37-Produits intermédiaires et résiduels / 372-Produits résiduels / 3723-Matières de Récupération,
,373-Actifs biologiques,asset,group,debit,1,,3-Comptes de Stocks / 37-Produits intermédiaires et résiduels,,,,3-Comptes de Stocks / 37-Produits intermédiaires et résiduels / 373-Actifs biologiques,
,3731-Animaux,asset,unspecified,debit,0,,3-Comptes de Stocks / 37-Produits intermédiaires et résiduels / 373-Actifs biologiques,,,,3-Comptes de Stocks / 37-Produits intermédiaires et résiduels / 373-Actifs biologiques / 3731-Animaux,
,3732-Végétaux,asset,unspecified,debit,0,,3-Comptes de Stocks / 37-Produits intermédiaires et résiduels / 373-Actifs biologiques,,,,3-Comptes de Stocks / 37-Produits intermédiaires et résiduels / 373-Actifs biologiques / 3732-Végétaux,
,3738-Autres stocks (activités annexes),asset,unspecified,debit,0,,3-Comptes de Stocks / 37-Produits intermédiaires et résiduels / 373-Actifs biologiques,,,,3-Comptes de Stocks / 37-Produits intermédiaires et résiduels / 373-Actifs biologiques / 3738-Autres stocks (activités annexes),
,"38-Stocks en cours de route, en consignation ou en dépôt",asset,inventory,debit,1,,3-Comptes de Stocks,Stock,,,"3-Comptes de Stocks / 38-Stocks en cours de route, en consignation ou en dépôt",
,381-Marchandises en cours de route,asset,unspecified,debit,0,,"3-Comptes de Stocks / 38-Stocks en cours de route, en consignation ou en dépôt",,,,"3-Comptes de Stocks / 38-Stocks en cours de route, en consignation ou en dépôt / 381-Marchandises en cours de route",
,382-Matières premières et fournitures liées en cours de route,asset,unspecified,debit,0,,"3-Comptes de Stocks / 38-Stocks en cours de route, en consignation ou en dépôt",,,,"3-Comptes de Stocks / 38-Stocks en cours de route, en consignation ou en dépôt / 382-Matières premières et fournitures liées en cours de route",
,383-Autres approvisionnements en cours de route,asset,unspecified,debit,0,,"3-Comptes de Stocks / 38-Stocks en cours de route, en consignation ou en dépôt",,,,"3-Comptes de Stocks / 38-Stocks en cours de route, en consignation ou en dépôt / 383-Autres approvisionnements en cours de route",
,386-Produits finis en cours de route,asset,unspecified,debit,0,,"3-Comptes de Stocks / 38-Stocks en cours de route, en consignation ou en dépôt",,,,"3-Comptes de Stocks / 38-Stocks en cours de route, en consignation ou en dépôt / 386-Produits finis en cours de route",
,387-Stock en consignation ou en dépôt,asset,group,debit,1,,"3-Comptes de Stocks / 38-Stocks en cours de route, en consignation ou en dépôt",,,,"3-Comptes de Stocks / 38-Stocks en cours de route, en consignation ou en dépôt / 387-Stock en consignation ou en dépôt",
,3871-Stock en consignation,asset,unspecified,debit,0,,"3-Comptes de Stocks / 38-Stocks en cours de route, en consignation ou en dépôt / 387-Stock en consignation ou en dépôt",,,,"3-Comptes de Stocks / 38-Stocks en cours de route, en consignation ou en dépôt / 387-Stock en consignation ou en dépôt / 3871-Stock en consignation",
,3872-Stock en dépôt,asset,unspecified,debit,0,,"3-Comptes de Stocks / 38-Stocks en cours de route, en consignation ou en dépôt / 387-Stock en consignation ou en dépôt",,,,"3-Comptes de Stocks / 38-Stocks en cours de route, en consignation ou en dépôt / 387-Stock en consignation ou en dépôt / 3872-Stock en dépôt",
,388-Stock provenant d’immobilisations mises hors service ou au rebut,asset,unspecified,debit,0,,"3-Comptes de Stocks / 38-Stocks en cours de route, en consignation ou en dépôt",,,,"3-Comptes de Stocks / 38-Stocks en cours de route, en consignation ou en dépôt / 388-Stock provenant d’immobilisations mises hors service ou au rebut",
,39-Dépréciations des stocks et encours de production,asset,group,debit,1,,3-Comptes de Stocks,,,,3-Comptes de Stocks / 39-Dépréciations des stocks et encours de production,
,391-Dépréciations des stocks de marchandises,asset,unspecified,debit,0,,3-Comptes de Stocks / 39-Dépréciations des stocks et encours de production,,,,3-Comptes de Stocks / 39-Dépréciations des stocks et encours de production / 391-Dépréciations des stocks de marchandises,
,392-Dépréciations des stocks de matières premières et fournitures liées,asset,unspecified,debit,0,,3-Comptes de Stocks / 39-Dépréciations des stocks et encours de production,,,,3-Comptes de Stocks / 39-Dépréciations des stocks et encours de production / 392-Dépréciations des stocks de matières premières et fournitures liées,
,393-Dépréciations des stocks d’autres approvisionnements,asset,unspecified,debit,0,,3-Comptes de Stocks / 39-Dépréciations des stocks et encours de production,,,,3-Comptes de Stocks / 39-Dépréciations des stocks et encours de production / 393-Dépréciations des stocks d’autres approvisionnements,
,394-Dépréciations des productions en cours,asset,unspecified,debit,0,,3-Comptes de Stocks / 39-Dépréciations des stocks et encours de production,,,,3-Comptes de Stocks / 39-Dépréciations des stocks et encours de production / 394-Dépréciations des productions en cours,
,395-Dépréciations des services en cours,asset,unspecified,debit,0,,3-Comptes de Stocks / 39-Dépréciations des stocks et encours de production,,,,3-Comptes de Stocks / 39-Dépréciations des stocks et encours de production / 395-Dépréciations des services en cours,
,396-Dépréciations des stocks de produits finis,asset,unspecified,debit,0,,3-Comptes de Stocks / 39-Dépréciations des stocks et encours de production,,,,3-Comptes de Stocks / 39-Dépréciations des stocks et encours de production / 396-Dépréciations des stocks de produits finis,
,397-Dépréciations des stocks de produits intermédiaires et résiduels,asset,unspecified,debit,0,,3-Comptes de Stocks / 39-Dépréciations des stocks et encours de production,,,,3-Comptes de Stocks / 39-Dépréciations des stocks et encours de production / 397-Dépréciations des stocks de produits intermédiaires et résiduels,
,"398-Dépréciations des stocks en cours de route, en consignation ou en dépôt",asset,unspecified,debit,0,,3-Comptes de Stocks / 39-Dépréciations des stocks et encours de production,,,,"3-Comptes de Stocks / 39-Dépréciations des stocks et encours de production / 398-Dépréciations des stocks en cours de route, en consignation ou en dépôt",
,4-Comptes de Tiers (ACTIF),asset,group,debit,1,,,,,,4-Comptes de Tiers (ACTIF),
,40-Fournisseurs et comptes rattachés (ACTIF),asset,group,debit,1,,4-Comptes de Tiers (ACTIF),,,,4-Comptes de Tiers (ACTIF) / 40-Fournisseurs et comptes rattachés (ACTIF),
,409-Fournisseurs débiteurs,asset,group,debit,1,,4-Comptes de Tiers (ACTIF) / 40-Fournisseurs et comptes rattachés (ACTIF),,,,4-Comptes de Tiers (ACTIF) / 40-Fournisseurs et comptes rattachés (ACTIF) / 409-Fournisseurs débiteurs,
,4091-Fournisseurs Avances et acomptes versés,asset,unspecified,debit,0,,4-Comptes de Tiers (ACTIF) / 40-Fournisseurs et comptes rattachés (ACTIF) / 409-Fournisseurs débiteurs,,,,4-Comptes de Tiers (ACTIF) / 40-Fournisseurs et comptes rattachés (ACTIF) / 409-Fournisseurs débiteurs / 4091-Fournisseurs Avances et acomptes versés,
,4092-Fournisseurs Groupe avances et acomptes versés,asset,unspecified,debit,0,,4-Comptes de Tiers (ACTIF) / 40-Fournisseurs et comptes rattachés (ACTIF) / 409-Fournisseurs débiteurs,,,,4-Comptes de Tiers (ACTIF) / 40-Fournisseurs et comptes rattachés (ACTIF) / 409-Fournisseurs débiteurs / 4092-Fournisseurs Groupe avances et acomptes versés,
,4093-Fournisseurs Sous-traitants avances et acomptes versés,asset,unspecified,debit,0,,4-Comptes de Tiers (ACTIF) / 40-Fournisseurs et comptes rattachés (ACTIF) / 409-Fournisseurs débiteurs,,,,4-Comptes de Tiers (ACTIF) / 40-Fournisseurs et comptes rattachés (ACTIF) / 409-Fournisseurs débiteurs / 4093-Fournisseurs Sous-traitants avances et acomptes versés,
,4094-Fournisseurs Créances pour emballages et matériels à rendre,asset,unspecified,debit,0,,4-Comptes de Tiers (ACTIF) / 40-Fournisseurs et comptes rattachés (ACTIF) / 409-Fournisseurs débiteurs,,,,4-Comptes de Tiers (ACTIF) / 40-Fournisseurs et comptes rattachés (ACTIF) / 409-Fournisseurs débiteurs / 4094-Fournisseurs Créances pour emballages et matériels à rendre,
,"4098-Fournisseurs Rabais, remises, ristournes et autres avoirs à obtenir",asset,unspecified,debit,0,,4-Comptes de Tiers (ACTIF) / 40-Fournisseurs et comptes rattachés (ACTIF) / 409-Fournisseurs débiteurs,,,,"4-Comptes de Tiers (ACTIF) / 40-Fournisseurs et comptes rattachés (ACTIF) / 409-Fournisseurs débiteurs / 4098-Fournisseurs Rabais, remises, ristournes et autres avoirs à obtenir",
,41-Clients et comptes rattachés (ACTIF),asset,receivable,debit,1,,4-Comptes de Tiers (ACTIF),Receivable,,,4-Comptes de Tiers (ACTIF) / 41-Clients et comptes rattachés (ACTIF),
,411-Clients,asset,receivable,debit,1,,4-Comptes de Tiers (ACTIF) / 41-Clients et comptes rattachés (ACTIF),Receivable,,,4-Comptes de Tiers (ACTIF) / 41-Clients et comptes rattachés (ACTIF) / 411-Clients,
,4111-Clients,asset,receivable,debit,0,receivables,4-Comptes de Tiers (ACTIF) / 41-Clients et comptes rattachés (ACTIF) / 411-Clients,Receivable,,,4-Comptes de Tiers (ACTIF) / 41-Clients et comptes rattachés (ACTIF) / 411-Clients / 4111-Clients,
,4112-Clients groupe,asset,receivable,debit,0,receivables,4-Comptes de Tiers (ACTIF) / 41-Clients et comptes rattachés (ACTIF) / 411-Clients,Receivable,,,4-Comptes de Tiers (ACTIF) / 41-Clients et comptes rattachés (ACTIF) / 411-Clients / 4112-Clients groupe,
,"4114-Clients, État et Collectivités publiques",asset,receivable,debit,0,receivables,4-Comptes de Tiers (ACTIF) / 41-Clients et comptes rattachés (ACTIF) / 411-Clients,Receivable,,,"4-Comptes de Tiers (ACTIF) / 41-Clients et comptes rattachés (ACTIF) / 411-Clients / 4114-Clients, État et Collectivités publiques",
,"4115-Clients, organismes internationaux",asset,receivable,debit,0,receivables,4-Comptes de Tiers (ACTIF) / 41-Clients et comptes rattachés (ACTIF) / 411-Clients,Receivable,,,"4-Comptes de Tiers (ACTIF) / 41-Clients et comptes rattachés (ACTIF) / 411-Clients / 4115-Clients, organismes internationaux",
,"4116-Clients, réserve de propriété",asset,receivable,debit,0,receivables,4-Comptes de Tiers (ACTIF) / 41-Clients et comptes rattachés (ACTIF) / 411-Clients,Receivable,,,"4-Comptes de Tiers (ACTIF) / 41-Clients et comptes rattachés (ACTIF) / 411-Clients / 4116-Clients, réserve de propriété",
,"4117-Client, retenues de garantie",asset,receivable,debit,0,receivables,4-Comptes de Tiers (ACTIF) / 41-Clients et comptes rattachés (ACTIF) / 411-Clients,Receivable,,,"4-Comptes de Tiers (ACTIF) / 41-Clients et comptes rattachés (ACTIF) / 411-Clients / 4117-Client, retenues de garantie",
,"4118-Clients, dégrèvement de taxes sur la valeur ajoutée (TVA)",asset,receivable,debit,0,receivables,4-Comptes de Tiers (ACTIF) / 41-Clients et comptes rattachés (ACTIF) / 411-Clients,Receivable,,,"4-Comptes de Tiers (ACTIF) / 41-Clients et comptes rattachés (ACTIF) / 411-Clients / 4118-Clients, dégrèvement de taxes sur la valeur ajoutée (TVA)",
,"412-Clients, effets à recevoir en portefeuille",asset,receivable,debit,1,,4-Comptes de Tiers (ACTIF) / 41-Clients et comptes rattachés (ACTIF),Receivable,,,"4-Comptes de Tiers (ACTIF) / 41-Clients et comptes rattachés (ACTIF) / 412-Clients, effets à recevoir en portefeuille",
,"4121-Clients, effets à recevoir",asset,receivable,debit,0,receivables,"4-Comptes de Tiers (ACTIF) / 41-Clients et comptes rattachés (ACTIF) / 412-Clients, effets à recevoir en portefeuille",Receivable,,,"4-Comptes de Tiers (ACTIF) / 41-Clients et comptes rattachés (ACTIF) / 412-Clients, effets à recevoir en portefeuille / 4121-Clients, effets à recevoir",
,"4122-Clients Groupe, effets à recevoir",asset,receivable,debit,0,receivables,"4-Comptes de Tiers (ACTIF) / 41-Clients et comptes rattachés (ACTIF) / 412-Clients, effets à recevoir en portefeuille",Receivable,,,"4-Comptes de Tiers (ACTIF) / 41-Clients et comptes rattachés (ACTIF) / 412-Clients, effets à recevoir en portefeuille / 4122-Clients Groupe, effets à recevoir",
,"4124-État et Collectivités publiques, effets à recevoir",asset,receivable,debit,0,receivables,"4-Comptes de Tiers (ACTIF) / 41-Clients et comptes rattachés (ACTIF) / 412-Clients, effets à recevoir en portefeuille",Receivable,,,"4-Comptes de Tiers (ACTIF) / 41-Clients et comptes rattachés (ACTIF) / 412-Clients, effets à recevoir en portefeuille / 4124-État et Collectivités publiques, effets à recevoir",
,"4125-Organismes Internationaux, effets à recevoir",asset,receivable,debit,0,receivables,"4-Comptes de Tiers (ACTIF) / 41-Clients et comptes rattachés (ACTIF) / 412-Clients, effets à recevoir en portefeuille",Receivable,,,"4-Comptes de Tiers (ACTIF) / 41-Clients et comptes rattachés (ACTIF) / 412-Clients, effets à recevoir en portefeuille / 4125-Organismes Internationaux, effets à recevoir",
,"413-Clients, chèques, effets et autres valeurs impayées",asset,receivable,debit,1,,4-Comptes de Tiers (ACTIF) / 41-Clients et comptes rattachés (ACTIF),Receivable,,,"4-Comptes de Tiers (ACTIF) / 41-Clients et comptes rattachés (ACTIF) / 413-Clients, chèques, effets et autres valeurs impayées",
,"4131-Clients, chèques impayés",asset,receivable,debit,0,receivables,"4-Comptes de Tiers (ACTIF) / 41-Clients et comptes rattachés (ACTIF) / 413-Clients, chèques, effets et autres valeurs impayées",Receivable,,,"4-Comptes de Tiers (ACTIF) / 41-Clients et comptes rattachés (ACTIF) / 413-Clients, chèques, effets et autres valeurs impayées / 4131-Clients, chèques impayés",
,"4132-Clients, effets impayés",asset,receivable,debit,0,receivables,"4-Comptes de Tiers (ACTIF) / 41-Clients et comptes rattachés (ACTIF) / 413-Clients, chèques, effets et autres valeurs impayées",Receivable,,,"4-Comptes de Tiers (ACTIF) / 41-Clients et comptes rattachés (ACTIF) / 413-Clients, chèques, effets et autres valeurs impayées / 4132-Clients, effets impayés",
,"4133-Clients, cartes de crédit impayées",asset,receivable,debit,0,receivables,"4-Comptes de Tiers (ACTIF) / 41-Clients et comptes rattachés (ACTIF) / 413-Clients, chèques, effets et autres valeurs impayées",Receivable,,,"4-Comptes de Tiers (ACTIF) / 41-Clients et comptes rattachés (ACTIF) / 413-Clients, chèques, effets et autres valeurs impayées / 4133-Clients, cartes de crédit impayées",
,"4138-Clients, autres valeurs impayées",asset,receivable,debit,0,receivables,"4-Comptes de Tiers (ACTIF) / 41-Clients et comptes rattachés (ACTIF) / 413-Clients, chèques, effets et autres valeurs impayées",Receivable,,,"4-Comptes de Tiers (ACTIF) / 41-Clients et comptes rattachés (ACTIF) / 413-Clients, chèques, effets et autres valeurs impayées / 4138-Clients, autres valeurs impayées",
,414-Créances sur cessions courantes d’immobilisations,asset,receivable,debit,1,,4-Comptes de Tiers (ACTIF) / 41-Clients et comptes rattachés (ACTIF),Receivable,,,4-Comptes de Tiers (ACTIF) / 41-Clients et comptes rattachés (ACTIF) / 414-Créances sur cessions courantes d’immobilisations,
,"4141-Créances en compte, immobilisations incorporelles",asset,receivable,debit,0,receivables,4-Comptes de Tiers (ACTIF) / 41-Clients et comptes rattachés (ACTIF) / 414-Créances sur cessions courantes d’immobilisations,Receivable,,,"4-Comptes de Tiers (ACTIF) / 41-Clients et comptes rattachés (ACTIF) / 414-Créances sur cessions courantes d’immobilisations / 4141-Créances en compte, immobilisations incorporelles",
,"4142-Créances en compte, immobilisations corporelles",asset,receivable,debit,0,receivables,4-Comptes de Tiers (ACTIF) / 41-Clients et comptes rattachés (ACTIF) / 414-Créances sur cessions courantes d’immobilisations,Receivable,,,"4-Comptes de Tiers (ACTIF) / 41-Clients et comptes rattachés (ACTIF) / 414-Créances sur cessions courantes d’immobilisations / 4142-Créances en compte, immobilisations corporelles",
,"4146-Effets à recevoir, immobilisations incorporelles",asset,receivable,debit,0,receivables,4-Comptes de Tiers (ACTIF) / 41-Clients et comptes rattachés (ACTIF) / 414-Créances sur cessions courantes d’immobilisations,Receivable,,,"4-Comptes de Tiers (ACTIF) / 41-Clients et comptes rattachés (ACTIF) / 414-Créances sur cessions courantes d’immobilisations / 4146-Effets à recevoir, immobilisations incorporelles",
,"4147-Effets à recevoir, immobilisations corporelles",asset,receivable,debit,0,receivables,4-Comptes de Tiers (ACTIF) / 41-Clients et comptes rattachés (ACTIF) / 414-Créances sur cessions courantes d’immobilisations,Receivable,,,"4-Comptes de Tiers (ACTIF) / 41-Clients et comptes rattachés (ACTIF) / 414-Créances sur cessions courantes d’immobilisations / 4147-Effets à recevoir, immobilisations corporelles",
,"415-Clients, effets escomptés non échus",asset,receivable,debit,0,receivables,4-Comptes de Tiers (ACTIF) / 41-Clients et comptes rattachés (ACTIF),Receivable,,,"4-Comptes de Tiers (ACTIF) / 41-Clients et comptes rattachés (ACTIF) / 415-Clients, effets escomptés non échus",
,416-Créances clients litigieuses ou douteuses,asset,receivable,debit,1,,4-Comptes de Tiers (ACTIF) / 41-Clients et comptes rattachés (ACTIF),Receivable,,,4-Comptes de Tiers (ACTIF) / 41-Clients et comptes rattachés (ACTIF) / 416-Créances clients litigieuses ou douteuses,
,4161-Créances litigieuses,asset,receivable,debit,0,receivables,4-Comptes de Tiers (ACTIF) / 41-Clients et comptes rattachés (ACTIF) / 416-Créances clients litigieuses ou douteuses,Receivable,,,4-Comptes de Tiers (ACTIF) / 41-Clients et comptes rattachés (ACTIF) / 416-Créances clients litigieuses ou douteuses / 4161-Créances litigieuses,
,4162-Créances douteuses,asset,receivable,debit,0,receivables,4-Comptes de Tiers (ACTIF) / 41-Clients et comptes rattachés (ACTIF) / 416-Créances clients litigieuses ou douteuses,Receivable,,,4-Comptes de Tiers (ACTIF) / 41-Clients et comptes rattachés (ACTIF) / 416-Créances clients litigieuses ou douteuses / 4162-Créances douteuses,
,"418-Clients, produits à recevoir",asset,receivable,debit,1,,4-Comptes de Tiers (ACTIF) / 41-Clients et comptes rattachés (ACTIF),Receivable,,,"4-Comptes de Tiers (ACTIF) / 41-Clients et comptes rattachés (ACTIF) / 418-Clients, produits à recevoir",
,"4181-Clients, factures à établir",asset,receivable,debit,0,receivables,"4-Comptes de Tiers (ACTIF) / 41-Clients et comptes rattachés (ACTIF) / 418-Clients, produits à recevoir",Receivable,,,"4-Comptes de Tiers (ACTIF) / 41-Clients et comptes rattachés (ACTIF) / 418-Clients, produits à recevoir / 4181-Clients, factures à établir",
,"4186-Clients, intérêts courus",asset,receivable,debit,0,receivables,"4-Comptes de Tiers (ACTIF) / 41-Clients et comptes rattachés (ACTIF) / 418-Clients, produits à recevoir",Receivable,,,"4-Comptes de Tiers (ACTIF) / 41-Clients et comptes rattachés (ACTIF) / 418-Clients, produits à recevoir / 4186-Clients, intérêts courus",
,42-Personnel (ACTIF),asset,group,debit,1,,4-Comptes de Tiers (ACTIF),,,,4-Comptes de Tiers (ACTIF) / 42-Personnel (ACTIF),
,"421-Personnel, avances et acomptes",asset,group,debit,1,,4-Comptes de Tiers (ACTIF) / 42-Personnel (ACTIF),,,,"4-Comptes de Tiers (ACTIF) / 42-Personnel (ACTIF) / 421-Personnel, avances et acomptes",
,"4211-Personnel, avances",asset,unspecified,debit,0,,"4-Comptes de Tiers (ACTIF) / 42-Personnel (ACTIF) / 421-Personnel, avances et acomptes",,,,"4-Comptes de Tiers (ACTIF) / 42-Personnel (ACTIF) / 421-Personnel, avances et acomptes / 4211-Personnel, avances",
,"4212-Personnel, acomptes",asset,unspecified,debit,0,,"4-Comptes de Tiers (ACTIF) / 42-Personnel (ACTIF) / 421-Personnel, avances et acomptes",,,,"4-Comptes de Tiers (ACTIF) / 42-Personnel (ACTIF) / 421-Personnel, avances et acomptes / 4212-Personnel, acomptes",
,4213-Frais avancés et fournitures au personnel,asset,unspecified,debit,0,,"4-Comptes de Tiers (ACTIF) / 42-Personnel (ACTIF) / 421-Personnel, avances et acomptes",,,,"4-Comptes de Tiers (ACTIF) / 42-Personnel (ACTIF) / 421-Personnel, avances et acomptes / 4213-Frais avancés et fournitures au personnel",
,43-Organismes sociaux (ACTIF),asset,group,debit,1,,4-Comptes de Tiers (ACTIF),,,,4-Comptes de Tiers (ACTIF) / 43-Organismes sociaux (ACTIF),
,431-Sécurité sociale,asset,group,debit,1,,4-Comptes de Tiers (ACTIF) / 43-Organismes sociaux (ACTIF),,,,4-Comptes de Tiers (ACTIF) / 43-Organismes sociaux (ACTIF) / 431-Sécurité sociale,
,4311-Prestations familiales,asset,unspecified,debit,0,,4-Comptes de Tiers (ACTIF) / 43-Organismes sociaux (ACTIF) / 431-Sécurité sociale,,,,4-Comptes de Tiers (ACTIF) / 43-Organismes sociaux (ACTIF) / 431-Sécurité sociale / 4311-Prestations familiales,
,4312-Accidents de travail,asset,unspecified,debit,0,,4-Comptes de Tiers (ACTIF) / 43-Organismes sociaux (ACTIF) / 431-Sécurité sociale,,,,4-Comptes de Tiers (ACTIF) / 43-Organismes sociaux (ACTIF) / 431-Sécurité sociale / 4312-Accidents de travail,
,4313-Caisse de retraite obligatoire,asset,unspecified,debit,0,,4-Comptes de Tiers (ACTIF) / 43-Organismes sociaux (ACTIF) / 431-Sécurité sociale,,,,4-Comptes de Tiers (ACTIF) / 43-Organismes sociaux (ACTIF) / 431-Sécurité sociale / 4313-Caisse de retraite obligatoire,
,4314-Caisse de retraite facultative,asset,unspecified,debit,0,,4-Comptes de Tiers (ACTIF) / 43-Organismes sociaux (ACTIF) / 431-Sécurité sociale,,,,4-Comptes de Tiers (ACTIF) / 43-Organismes sociaux (ACTIF) / 431-Sécurité sociale / 4314-Caisse de retraite facultative,
,4318-Autres cotisations sociales,asset,unspecified,debit,0,,4-Comptes de Tiers (ACTIF) / 43-Organismes sociaux (ACTIF) / 431-Sécurité sociale,,,,4-Comptes de Tiers (ACTIF) / 43-Organismes sociaux (ACTIF) / 431-Sécurité sociale / 4318-Autres cotisations sociales,
,432-Caisses de retraite complémentaire,asset,unspecified,debit,0,,4-Comptes de Tiers (ACTIF) / 43-Organismes sociaux (ACTIF),,,,4-Comptes de Tiers (ACTIF) / 43-Organismes sociaux (ACTIF) / 432-Caisses de retraite complémentaire,
,433-Autres organismes sociaux,asset,group,debit,1,,4-Comptes de Tiers (ACTIF) / 43-Organismes sociaux (ACTIF),,,,4-Comptes de Tiers (ACTIF) / 43-Organismes sociaux (ACTIF) / 433-Autres organismes sociaux,
,4331-Mutuelle,asset,unspecified,debit,0,,4-Comptes de Tiers (ACTIF) / 43-Organismes sociaux (ACTIF) / 433-Autres organismes sociaux,,,,4-Comptes de Tiers (ACTIF) / 43-Organismes sociaux (ACTIF) / 433-Autres organismes sociaux / 4331-Mutuelle,
,4332-Assurances retraite,asset,unspecified,debit,0,,4-Comptes de Tiers (ACTIF) / 43-Organismes sociaux (ACTIF) / 433-Autres organismes sociaux,,,,4-Comptes de Tiers (ACTIF) / 43-Organismes sociaux (ACTIF) / 433-Autres organismes sociaux / 4332-Assurances retraite,
,4333-Assurances et organismes de santé,asset,unspecified,debit,0,,4-Comptes de Tiers (ACTIF) / 43-Organismes sociaux (ACTIF) / 433-Autres organismes sociaux,,,,4-Comptes de Tiers (ACTIF) / 43-Organismes sociaux (ACTIF) / 433-Autres organismes sociaux / 4333-Assurances et organismes de santé,
,"438-Organismes sociaux, charges à payer et produits à recevoir",asset,group,debit,1,,4-Comptes de Tiers (ACTIF) / 43-Organismes sociaux (ACTIF),,,,"4-Comptes de Tiers (ACTIF) / 43-Organismes sociaux (ACTIF) / 438-Organismes sociaux, charges à payer et produits à recevoir",
,4387-Produits à recevoir,asset,unspecified,debit,0,,"4-Comptes de Tiers (ACTIF) / 43-Organismes sociaux (ACTIF) / 438-Organismes sociaux, charges à payer et produits à recevoir",,,,"4-Comptes de Tiers (ACTIF) / 43-Organismes sociaux (ACTIF) / 438-Organismes sociaux, charges à payer et produits à recevoir / 4387-Produits à recevoir",
,44-État et collectivités publiques (ACTIF),asset,group,debit,1,,4-Comptes de Tiers (ACTIF),,,,4-Comptes de Tiers (ACTIF) / 44-État et collectivités publiques (ACTIF),
,"443-État, TVA facturée",asset,group,debit,1,,4-Comptes de Tiers (ACTIF) / 44-État et collectivités publiques (ACTIF),,,,"4-Comptes de Tiers (ACTIF) / 44-État et collectivités publiques (ACTIF) / 443-État, TVA facturée",
,4431-TVA facturée sur ventes,asset,unspecified,debit,0,,"4-Comptes de Tiers (ACTIF) / 44-État et collectivités publiques (ACTIF) / 443-État, TVA facturée",,,,"4-Comptes de Tiers (ACTIF) / 44-État et collectivités publiques (ACTIF) / 443-État, TVA facturée / 4431-TVA facturée sur ventes",
,4432-TVA facturée sur prestations de services,asset,unspecified,debit,0,,"4-Comptes de Tiers (ACTIF) / 44-État et collectivités publiques (ACTIF) / 443-État, TVA facturée",,,,"4-Comptes de Tiers (ACTIF) / 44-État et collectivités publiques (ACTIF) / 443-État, TVA facturée / 4432-TVA facturée sur prestations de services",
,4433-TVA facturée sur travaux,asset,unspecified,debit,0,,"4-Comptes de Tiers (ACTIF) / 44-État et collectivités publiques (ACTIF) / 443-État, TVA facturée",,,,"4-Comptes de Tiers (ACTIF) / 44-État et collectivités publiques (ACTIF) / 443-État, TVA facturée / 4433-TVA facturée sur travaux",
,4434-TVA facturée sur production livrée à soi-même,asset,unspecified,debit,0,,"4-Comptes de Tiers (ACTIF) / 44-État et collectivités publiques (ACTIF) / 443-État, TVA facturée",,,,"4-Comptes de Tiers (ACTIF) / 44-État et collectivités publiques (ACTIF) / 443-État, TVA facturée / 4434-TVA facturée sur production livrée à soi-même",
,4435-TVA sur factures à établir,asset,unspecified,debit,0,,"4-Comptes de Tiers (ACTIF) / 44-État et collectivités publiques (ACTIF) / 443-État, TVA facturée",,,,"4-Comptes de Tiers (ACTIF) / 44-État et collectivités publiques (ACTIF) / 443-État, TVA facturée / 4435-TVA sur factures à établir",
,"445-État, TVA récupérable",asset,group,debit,1,,4-Comptes de Tiers (ACTIF) / 44-État et collectivités publiques (ACTIF),,,,"4-Comptes de Tiers (ACTIF) / 44-État et collectivités publiques (ACTIF) / 445-État, TVA récupérable",
,4451-TVA récupérable sur immobilisations,asset,unspecified,debit,0,,"4-Comptes de Tiers (ACTIF) / 44-État et collectivités publiques (ACTIF) / 445-État, TVA récupérable",,,,"4-Comptes de Tiers (ACTIF) / 44-État et collectivités publiques (ACTIF) / 445-État, TVA récupérable / 4451-TVA récupérable sur immobilisations",
,4452-TVA récupérable sur achats,asset,unspecified,debit,0,,"4-Comptes de Tiers (ACTIF) / 44-État et collectivités publiques (ACTIF) / 445-État, TVA récupérable",,,,"4-Comptes de Tiers (ACTIF) / 44-État et collectivités publiques (ACTIF) / 445-État, TVA récupérable / 4452-TVA récupérable sur achats",
,4453-TVA récupérable sur transport,asset,unspecified,debit,0,,"4-Comptes de Tiers (ACTIF) / 44-État et collectivités publiques (ACTIF) / 445-État, TVA récupérable",,,,"4-Comptes de Tiers (ACTIF) / 44-État et collectivités publiques (ACTIF) / 445-État, TVA récupérable / 4453-TVA récupérable sur transport",
,4454-TVA récupérable sur services extérieurs et autres charges,asset,unspecified,debit,0,,"4-Comptes de Tiers (ACTIF) / 44-État et collectivités publiques (ACTIF) / 445-État, TVA récupérable",,,,"4-Comptes de Tiers (ACTIF) / 44-État et collectivités publiques (ACTIF) / 445-État, TVA récupérable / 4454-TVA récupérable sur services extérieurs et autres charges",
,4455-TVA récupérable sur factures non parvenues,asset,unspecified,debit,0,,"4-Comptes de Tiers (ACTIF) / 44-État et collectivités publiques (ACTIF) / 445-État, TVA récupérable",,,,"4-Comptes de Tiers (ACTIF) / 44-État et collectivités publiques (ACTIF) / 445-État, TVA récupérable / 4455-TVA récupérable sur factures non parvenues",
,4456-TVA transférée par d’autres entités,asset,unspecified,debit,0,,"4-Comptes de Tiers (ACTIF) / 44-État et collectivités publiques (ACTIF) / 445-État, TVA récupérable",,,,"4-Comptes de Tiers (ACTIF) / 44-État et collectivités publiques (ACTIF) / 445-État, TVA récupérable / 4456-TVA transférée par d’autres entités",
,"448-État, charges à payer et produits à recevoir",asset,group,debit,1,,4-Comptes de Tiers (ACTIF) / 44-État et collectivités publiques (ACTIF),,,,"4-Comptes de Tiers (ACTIF) / 44-État et collectivités publiques (ACTIF) / 448-État, charges à payer et produits à recevoir",
,4486-Charges à payer,asset,unspecified,debit,0,,"4-Comptes de Tiers (ACTIF) / 44-État et collectivités publiques (ACTIF) / 448-État, charges à payer et produits à recevoir",,,,"4-Comptes de Tiers (ACTIF) / 44-État et collectivités publiques (ACTIF) / 448-État, charges à payer et produits à recevoir / 4486-Charges à payer",
,4487-Produits à recevoir,asset,unspecified,debit,0,,"4-Comptes de Tiers (ACTIF) / 44-État et collectivités publiques (ACTIF) / 448-État, charges à payer et produits à recevoir",,,,"4-Comptes de Tiers (ACTIF) / 44-État et collectivités publiques (ACTIF) / 448-État, charges à payer et produits à recevoir / 4487-Produits à recevoir",
,"449-État, créances et dettes diverses",asset,group,debit,1,,4-Comptes de Tiers (ACTIF) / 44-État et collectivités publiques (ACTIF),,,,"4-Comptes de Tiers (ACTIF) / 44-État et collectivités publiques (ACTIF) / 449-État, créances et dettes diverses",
,"4491-État, obligations cautionnées",asset,unspecified,debit,0,,"4-Comptes de Tiers (ACTIF) / 44-État et collectivités publiques (ACTIF) / 449-État, créances et dettes diverses",,,,"4-Comptes de Tiers (ACTIF) / 44-État et collectivités publiques (ACTIF) / 449-État, créances et dettes diverses / 4491-État, obligations cautionnées",
,"4492-État, avances et acomptes versés sur impôts",asset,unspecified,debit,0,,"4-Comptes de Tiers (ACTIF) / 44-État et collectivités publiques (ACTIF) / 449-État, créances et dettes diverses",,,,"4-Comptes de Tiers (ACTIF) / 44-État et collectivités publiques (ACTIF) / 449-État, créances et dettes diverses / 4492-État, avances et acomptes versés sur impôts",
,"4493-État, fonds de dotation à recevoir",asset,unspecified,debit,0,,"4-Comptes de Tiers (ACTIF) / 44-État et collectivités publiques (ACTIF) / 449-État, créances et dettes diverses",,,,"4-Comptes de Tiers (ACTIF) / 44-État et collectivités publiques (ACTIF) / 449-État, créances et dettes diverses / 4493-État, fonds de dotation à recevoir",
,"4494-État, subventions investissement à recevoir",asset,unspecified,debit,0,,"4-Comptes de Tiers (ACTIF) / 44-État et collectivités publiques (ACTIF) / 449-État, créances et dettes diverses",,,,"4-Comptes de Tiers (ACTIF) / 44-État et collectivités publiques (ACTIF) / 449-État, créances et dettes diverses / 4494-État, subventions investissement à recevoir",
,"4495-État, subventions d’exploitation à recevoir",asset,unspecified,debit,0,,"4-Comptes de Tiers (ACTIF) / 44-État et collectivités publiques (ACTIF) / 449-État, créances et dettes diverses",,,,"4-Comptes de Tiers (ACTIF) / 44-État et collectivités publiques (ACTIF) / 449-État, créances et dettes diverses / 4495-État, subventions d’exploitation à recevoir",
,"4496-État, subventions d’équilibre à recevoir",asset,unspecified,debit,0,,"4-Comptes de Tiers (ACTIF) / 44-État et collectivités publiques (ACTIF) / 449-État, créances et dettes diverses",,,,"4-Comptes de Tiers (ACTIF) / 44-État et collectivités publiques (ACTIF) / 449-État, créances et dettes diverses / 4496-État, subventions d’équilibre à recevoir",
,"4497-État, avances sur subventions",asset,unspecified,debit,0,,"4-Comptes de Tiers (ACTIF) / 44-État et collectivités publiques (ACTIF) / 449-État, créances et dettes diverses",,,,"4-Comptes de Tiers (ACTIF) / 44-État et collectivités publiques (ACTIF) / 449-État, créances et dettes diverses / 4497-État, avances sur subventions",
,"4499-État, fonds réglementés provisionnés",asset,unspecified,debit,0,,"4-Comptes de Tiers (ACTIF) / 44-État et collectivités publiques (ACTIF) / 449-État, créances et dettes diverses",,,,"4-Comptes de Tiers (ACTIF) / 44-État et collectivités publiques (ACTIF) / 449-État, créances et dettes diverses / 4499-État, fonds réglementés provisionnés",
,45-Organismes internationaux (ACTIF),asset,group,debit,1,,4-Comptes de Tiers (ACTIF),,,,4-Comptes de Tiers (ACTIF) / 45-Organismes internationaux (ACTIF),
,451-Opérations avec les organismes africains,asset,unspecified,debit,0,,4-Comptes de Tiers (ACTIF) / 45-Organismes internationaux (ACTIF),,,,4-Comptes de Tiers (ACTIF) / 45-Organismes internationaux (ACTIF) / 451-Opérations avec les organismes africains,
,452-Opérations avec les autres organismes internationaux,asset,unspecified,debit,0,,4-Comptes de Tiers (ACTIF) / 45-Organismes internationaux (ACTIF),,,,4-Comptes de Tiers (ACTIF) / 45-Organismes internationaux (ACTIF) / 452-Opérations avec les autres organismes internationaux,
,"458-Organismes internationaux, fonds de dotation et subventions à recevoir",asset,group,debit,1,,4-Comptes de Tiers (ACTIF) / 45-Organismes internationaux (ACTIF),,,,"4-Comptes de Tiers (ACTIF) / 45-Organismes internationaux (ACTIF) / 458-Organismes internationaux, fonds de dotation et subventions à recevoir",
,"4581-Organismes internationaux, fonds de dotation à recevoir",asset,unspecified,debit,0,,"4-Comptes de Tiers (ACTIF) / 45-Organismes internationaux (ACTIF) / 458-Organismes internationaux, fonds de dotation et subventions à recevoir",,,,"4-Comptes de Tiers (ACTIF) / 45-Organismes internationaux (ACTIF) / 458-Organismes internationaux, fonds de dotation et subventions à recevoir / 4581-Organismes internationaux, fonds de dotation à recevoir",
,"4582-Organismes internationaux, subventions à recevoir",asset,unspecified,debit,0,,"4-Comptes de Tiers (ACTIF) / 45-Organismes internationaux (ACTIF) / 458-Organismes internationaux, fonds de dotation et subventions à recevoir",,,,"4-Comptes de Tiers (ACTIF) / 45-Organismes internationaux (ACTIF) / 458-Organismes internationaux, fonds de dotation et subventions à recevoir / 4582-Organismes internationaux, subventions à recevoir",
,"46-Apporteurs, associés et groupe (ACTIF)",asset,group,debit,1,,4-Comptes de Tiers (ACTIF),,,,"4-Comptes de Tiers (ACTIF) / 46-Apporteurs, associés et groupe (ACTIF)",
,"461-Apporteurs, opérations sur le capital",asset,group,debit,1,,"4-Comptes de Tiers (ACTIF) / 46-Apporteurs, associés et groupe (ACTIF)",,,,"4-Comptes de Tiers (ACTIF) / 46-Apporteurs, associés et groupe (ACTIF) / 461-Apporteurs, opérations sur le capital",
,"4613-Apporteurs, capital appelé, non versé",asset,unspecified,debit,0,,"4-Comptes de Tiers (ACTIF) / 46-Apporteurs, associés et groupe (ACTIF) / 461-Apporteurs, opérations sur le capital",,,,"4-Comptes de Tiers (ACTIF) / 46-Apporteurs, associés et groupe (ACTIF) / 461-Apporteurs, opérations sur le capital / 4613-Apporteurs, capital appelé, non versé",
,"4614-Apporteurs, compte d’apport, opérations de restructuration (fusion...)",asset,unspecified,debit,0,,"4-Comptes de Tiers (ACTIF) / 46-Apporteurs, associés et groupe (ACTIF) / 461-Apporteurs, opérations sur le capital",,,,"4-Comptes de Tiers (ACTIF) / 46-Apporteurs, associés et groupe (ACTIF) / 461-Apporteurs, opérations sur le capital / 4614-Apporteurs, compte d’apport, opérations de restructuration (fusion...)",
,"4618-Apporteurs, titres à échanger",asset,unspecified,debit,0,,"4-Comptes de Tiers (ACTIF) / 46-Apporteurs, associés et groupe (ACTIF) / 461-Apporteurs, opérations sur le capital",,,,"4-Comptes de Tiers (ACTIF) / 46-Apporteurs, associés et groupe (ACTIF) / 461-Apporteurs, opérations sur le capital / 4618-Apporteurs, titres à échanger",
,"467-Apporteurs, restant dû sur capital appelé",asset,unspecified,debit,0,,"4-Comptes de Tiers (ACTIF) / 46-Apporteurs, associés et groupe (ACTIF)",,,,"4-Comptes de Tiers (ACTIF) / 46-Apporteurs, associés et groupe (ACTIF) / 467-Apporteurs, restant dû sur capital appelé",
,47-Débiteurs et créditeurs divers (ACTIF),asset,group,debit,1,,4-Comptes de Tiers (ACTIF),,,,4-Comptes de Tiers (ACTIF) / 47-Débiteurs et créditeurs divers (ACTIF),
,472-Créances et dettes sur titres de placement,asset,group,debit,1,,4-Comptes de Tiers (ACTIF) / 47-Débiteurs et créditeurs divers (ACTIF),,,,4-Comptes de Tiers (ACTIF) / 47-Débiteurs et créditeurs divers (ACTIF) / 472-Créances et dettes sur titres de placement,
,4721-Créances sur cessions de titres de placement,asset,unspecified,debit,0,,4-Comptes de Tiers (ACTIF) / 47-Débiteurs et créditeurs divers (ACTIF) / 472-Créances et dettes sur titres de placement,,,,4-Comptes de Tiers (ACTIF) / 47-Débiteurs et créditeurs divers (ACTIF) / 472-Créances et dettes sur titres de placement / 4721-Créances sur cessions de titres de placement,
,4726-Versements restant à effectuer sur titres de placement non libérés,asset,unspecified,debit,0,,4-Comptes de Tiers (ACTIF) / 47-Débiteurs et créditeurs divers (ACTIF) / 472-Créances et dettes sur titres de placement,,,,4-Comptes de Tiers (ACTIF) / 47-Débiteurs et créditeurs divers (ACTIF) / 472-Créances et dettes sur titres de placement / 4726-Versements restant à effectuer sur titres de placement non libérés,
,473-Intermédiaires Opérations faites pour compte de tiers,asset,group,debit,1,,4-Comptes de Tiers (ACTIF) / 47-Débiteurs et créditeurs divers (ACTIF),,,,4-Comptes de Tiers (ACTIF) / 47-Débiteurs et créditeurs divers (ACTIF) / 473-Intermédiaires Opérations faites pour compte de tiers,
,4731-Mandants,asset,unspecified,debit,0,,4-Comptes de Tiers (ACTIF) / 47-Débiteurs et créditeurs divers (ACTIF) / 473-Intermédiaires Opérations faites pour compte de tiers,,,,4-Comptes de Tiers (ACTIF) / 47-Débiteurs et créditeurs divers (ACTIF) / 473-Intermédiaires Opérations faites pour compte de tiers / 4731-Mandants,
,4732-Mandataires,asset,unspecified,debit,0,,4-Comptes de Tiers (ACTIF) / 47-Débiteurs et créditeurs divers (ACTIF) / 473-Intermédiaires Opérations faites pour compte de tiers,,,,4-Comptes de Tiers (ACTIF) / 47-Débiteurs et créditeurs divers (ACTIF) / 473-Intermédiaires Opérations faites pour compte de tiers / 4732-Mandataires,
,4733-Commettants,asset,unspecified,debit,0,,4-Comptes de Tiers (ACTIF) / 47-Débiteurs et créditeurs divers (ACTIF) / 473-Intermédiaires Opérations faites pour compte de tiers,,,,4-Comptes de Tiers (ACTIF) / 47-Débiteurs et créditeurs divers (ACTIF) / 473-Intermédiaires Opérations faites pour compte de tiers / 4733-Commettants,
,4734-Commissionnaires,asset,unspecified,debit,0,,4-Comptes de Tiers (ACTIF) / 47-Débiteurs et créditeurs divers (ACTIF) / 473-Intermédiaires Opérations faites pour compte de tiers,,,,4-Comptes de Tiers (ACTIF) / 47-Débiteurs et créditeurs divers (ACTIF) / 473-Intermédiaires Opérations faites pour compte de tiers / 4734-Commissionnaires,
,"4739-État, Collectivités publiques, fonds global d’allocation",asset,unspecified,debit,0,,4-Comptes de Tiers (ACTIF) / 47-Débiteurs et créditeurs divers (ACTIF) / 473-Intermédiaires Opérations faites pour compte de tiers,,,,"4-Comptes de Tiers (ACTIF) / 47-Débiteurs et créditeurs divers (ACTIF) / 473-Intermédiaires Opérations faites pour compte de tiers / 4739-État, Collectivités publiques, fonds global d’allocation",
,474-Compte de répartition périodique des charges et des produits,asset,group,debit,1,,4-Comptes de Tiers (ACTIF) / 47-Débiteurs et créditeurs divers (ACTIF),,,,4-Comptes de Tiers (ACTIF) / 47-Débiteurs et créditeurs divers (ACTIF) / 474-Compte de répartition périodique des charges et des produits,
,4747-Compte de répartition périodique des produits,asset,unspecified,debit,0,,4-Comptes de Tiers (ACTIF) / 47-Débiteurs et créditeurs divers (ACTIF) / 474-Compte de répartition périodique des charges et des produits,,,,4-Comptes de Tiers (ACTIF) / 47-Débiteurs et créditeurs divers (ACTIF) / 474-Compte de répartition périodique des charges et des produits / 4747-Compte de répartition périodique des produits,
,"475-Compte transitoire, ajustement spécial lié à la révision du SYSCOHADA",asset,group,debit,1,,4-Comptes de Tiers (ACTIF) / 47-Débiteurs et créditeurs divers (ACTIF),,,,"4-Comptes de Tiers (ACTIF) / 47-Débiteurs et créditeurs divers (ACTIF) / 475-Compte transitoire, ajustement spécial lié à la révision du SYSCOHADA",
,4751-Compte actif,asset,temporary,debit,0,,"4-Comptes de Tiers (ACTIF) / 47-Débiteurs et créditeurs divers (ACTIF) / 475-Compte transitoire, ajustement spécial lié à la révision du SYSCOHADA",Temporary,,,"4-Comptes de Tiers (ACTIF) / 47-Débiteurs et créditeurs divers (ACTIF) / 475-Compte transitoire, ajustement spécial lié à la révision du SYSCOHADA / 4751-Compte actif",
,476-Charges constatées d’avance,asset,unspecified,debit,0,,4-Comptes de Tiers (ACTIF) / 47-Débiteurs et créditeurs divers (ACTIF),,,,4-Comptes de Tiers (ACTIF) / 47-Débiteurs et créditeurs divers (ACTIF) / 476-Charges constatées d’avance,
,478-Écarts de conversion actif,asset,group,debit,1,,4-Comptes de Tiers (ACTIF) / 47-Débiteurs et créditeurs divers (ACTIF),,,,4-Comptes de Tiers (ACTIF) / 47-Débiteurs et créditeurs divers (ACTIF) / 478-Écarts de conversion actif,
,4781-Diminution des créances d’exploitation,asset,unspecified,debit,0,,4-Comptes de Tiers (ACTIF) / 47-Débiteurs et créditeurs divers (ACTIF) / 478-Écarts de conversion actif,,,,4-Comptes de Tiers (ACTIF) / 47-Débiteurs et créditeurs divers (ACTIF) / 478-Écarts de conversion actif / 4781-Diminution des créances d’exploitation,
,4782-Diminution des créances financières,asset,unspecified,debit,0,,4-Comptes de Tiers (ACTIF) / 47-Débiteurs et créditeurs divers (ACTIF) / 478-Écarts de conversion actif,,,,4-Comptes de Tiers (ACTIF) / 47-Débiteurs et créditeurs divers (ACTIF) / 478-Écarts de conversion actif / 4782-Diminution des créances financières,
,4783-Augmentation des dettes d’exploitation,asset,unspecified,debit,0,,4-Comptes de Tiers (ACTIF) / 47-Débiteurs et créditeurs divers (ACTIF) / 478-Écarts de conversion actif,,,,4-Comptes de Tiers (ACTIF) / 47-Débiteurs et créditeurs divers (ACTIF) / 478-Écarts de conversion actif / 4783-Augmentation des dettes d’exploitation,
,4784-Augmentation des dettes financières,asset,unspecified,debit,0,,4-Comptes de Tiers (ACTIF) / 47-Débiteurs et créditeurs divers (ACTIF) / 478-Écarts de conversion actif,,,,4-Comptes de Tiers (ACTIF) / 47-Débiteurs et créditeurs divers (ACTIF) / 478-Écarts de conversion actif / 4784-Augmentation des dettes financières,
,4786-Différences d’évaluation sur instruments de trésorerie,asset,unspecified,debit,0,,4-Comptes de Tiers (ACTIF) / 47-Débiteurs et créditeurs divers (ACTIF) / 478-Écarts de conversion actif,,,,4-Comptes de Tiers (ACTIF) / 47-Débiteurs et créditeurs divers (ACTIF) / 478-Écarts de conversion actif / 4786-Différences d’évaluation sur instruments de trésorerie,
,4788-Différences compensées par couverture de change,asset,unspecified,debit,0,,4-Comptes de Tiers (ACTIF) / 47-Débiteurs et créditeurs divers (ACTIF) / 478-Écarts de conversion actif,,,,4-Comptes de Tiers (ACTIF) / 47-Débiteurs et créditeurs divers (ACTIF) / 478-Écarts de conversion actif / 4788-Différences compensées par couverture de change,
,48-Créances et dettes hors activités ordinaires (ACTIF),asset,group,debit,1,,4-Comptes de Tiers (ACTIF),,,,4-Comptes de Tiers (ACTIF) / 48-Créances et dettes hors activités ordinaires (ACTIF),
,485-Créances sur cessions d’immobilisations,asset,group,debit,1,,4-Comptes de Tiers (ACTIF) / 48-Créances et dettes hors activités ordinaires (ACTIF),,,,4-Comptes de Tiers (ACTIF) / 48-Créances et dettes hors activités ordinaires (ACTIF) / 485-Créances sur cessions d’immobilisations,
,"4851-En compte, immobilisations incorporelles",asset,unspecified,debit,0,,4-Comptes de Tiers (ACTIF) / 48-Créances et dettes hors activités ordinaires (ACTIF) / 485-Créances sur cessions d’immobilisations,,,,"4-Comptes de Tiers (ACTIF) / 48-Créances et dettes hors activités ordinaires (ACTIF) / 485-Créances sur cessions d’immobilisations / 4851-En compte, immobilisations incorporelles",
,"4852-En compte, immobilisations corporelles",asset,unspecified,debit,0,,4-Comptes de Tiers (ACTIF) / 48-Créances et dettes hors activités ordinaires (ACTIF) / 485-Créances sur cessions d’immobilisations,,,,"4-Comptes de Tiers (ACTIF) / 48-Créances et dettes hors activités ordinaires (ACTIF) / 485-Créances sur cessions d’immobilisations / 4852-En compte, immobilisations corporelles",
,"4853-Effets à recevoir, immobilisations incorporelles",asset,unspecified,debit,0,,4-Comptes de Tiers (ACTIF) / 48-Créances et dettes hors activités ordinaires (ACTIF) / 485-Créances sur cessions d’immobilisations,,,,"4-Comptes de Tiers (ACTIF) / 48-Créances et dettes hors activités ordinaires (ACTIF) / 485-Créances sur cessions d’immobilisations / 4853-Effets à recevoir, immobilisations incorporelles",
,"4854-Effets à recevoir, immobilisations corporelles",asset,unspecified,debit,0,,4-Comptes de Tiers (ACTIF) / 48-Créances et dettes hors activités ordinaires (ACTIF) / 485-Créances sur cessions d’immobilisations,,,,"4-Comptes de Tiers (ACTIF) / 48-Créances et dettes hors activités ordinaires (ACTIF) / 485-Créances sur cessions d’immobilisations / 4854-Effets à recevoir, immobilisations corporelles",
,4855-Effets escomptés non échus,asset,unspecified,debit,0,,4-Comptes de Tiers (ACTIF) / 48-Créances et dettes hors activités ordinaires (ACTIF) / 485-Créances sur cessions d’immobilisations,,,,4-Comptes de Tiers (ACTIF) / 48-Créances et dettes hors activités ordinaires (ACTIF) / 485-Créances sur cessions d’immobilisations / 4855-Effets escomptés non échus,
,4857-Retenues de garantie,asset,unspecified,debit,0,,4-Comptes de Tiers (ACTIF) / 48-Créances et dettes hors activités ordinaires (ACTIF) / 485-Créances sur cessions d’immobilisations,,,,4-Comptes de Tiers (ACTIF) / 48-Créances et dettes hors activités ordinaires (ACTIF) / 485-Créances sur cessions d’immobilisations / 4857-Retenues de garantie,
,4858-Factures à établir,asset,unspecified,debit,0,,4-Comptes de Tiers (ACTIF) / 48-Créances et dettes hors activités ordinaires (ACTIF) / 485-Créances sur cessions d’immobilisations,,,,4-Comptes de Tiers (ACTIF) / 48-Créances et dettes hors activités ordinaires (ACTIF) / 485-Créances sur cessions d’immobilisations / 4858-Factures à établir,
,488-Autres créances hors activités ordinaires (HAO),asset,unspecified,debit,0,,4-Comptes de Tiers (ACTIF) / 48-Créances et dettes hors activités ordinaires (ACTIF),,,,4-Comptes de Tiers (ACTIF) / 48-Créances et dettes hors activités ordinaires (ACTIF) / 488-Autres créances hors activités ordinaires (HAO),
,49-Dépréciations et provisions pour risques à court terme (tiers) (ACTIF),asset,group,debit,1,,4-Comptes de Tiers (ACTIF),,,,4-Comptes de Tiers (ACTIF) / 49-Dépréciations et provisions pour risques à court terme (tiers) (ACTIF),
,491-Dépréciations des comptes clients,asset,group,debit,1,,4-Comptes de Tiers (ACTIF) / 49-Dépréciations et provisions pour risques à court terme (tiers) (ACTIF),,,,4-Comptes de Tiers (ACTIF) / 49-Dépréciations et provisions pour risques à court terme (tiers) (ACTIF) / 491-Dépréciations des comptes clients,
,4911-Créances litigieuses,asset,unspecified,debit,0,,4-Comptes de Tiers (ACTIF) / 49-Dépréciations et provisions pour risques à court terme (tiers) (ACTIF) / 491-Dépréciations des comptes clients,,,,4-Comptes de Tiers (ACTIF) / 49-Dépréciations et provisions pour risques à court terme (tiers) (ACTIF) / 491-Dépréciations des comptes clients / 4911-Créances litigieuses,
,4912-Créances douteuses,asset,unspecified,debit,0,,4-Comptes de Tiers (ACTIF) / 49-Dépréciations et provisions pour risques à court terme (tiers) (ACTIF) / 491-Dépréciations des comptes clients,,,,4-Comptes de Tiers (ACTIF) / 49-Dépréciations et provisions pour risques à court terme (tiers) (ACTIF) / 491-Dépréciations des comptes clients / 4912-Créances douteuses,
,495-Dépréciations des comptes organismes internationaux,asset,unspecified,debit,0,,4-Comptes de Tiers (ACTIF) / 49-Dépréciations et provisions pour risques à court terme (tiers) (ACTIF),,,,4-Comptes de Tiers (ACTIF) / 49-Dépréciations et provisions pour risques à court terme (tiers) (ACTIF) / 495-Dépréciations des comptes organismes internationaux,
,"496-Dépréciations des comptes apporteurs, associés et groupe",asset,group,debit,1,,4-Comptes de Tiers (ACTIF) / 49-Dépréciations et provisions pour risques à court terme (tiers) (ACTIF),,,,"4-Comptes de Tiers (ACTIF) / 49-Dépréciations et provisions pour risques à court terme (tiers) (ACTIF) / 496-Dépréciations des comptes apporteurs, associés et groupe",
,"4962-Associés, comptes courants",asset,unspecified,debit,0,,"4-Comptes de Tiers (ACTIF) / 49-Dépréciations et provisions pour risques à court terme (tiers) (ACTIF) / 496-Dépréciations des comptes apporteurs, associés et groupe",,,,"4-Comptes de Tiers (ACTIF) / 49-Dépréciations et provisions pour risques à court terme (tiers) (ACTIF) / 496-Dépréciations des comptes apporteurs, associés et groupe / 4962-Associés, comptes courants",
,"4963-Associés, opérations faites en commun",asset,unspecified,debit,0,,"4-Comptes de Tiers (ACTIF) / 49-Dépréciations et provisions pour risques à court terme (tiers) (ACTIF) / 496-Dépréciations des comptes apporteurs, associés et groupe",,,,"4-Comptes de Tiers (ACTIF) / 49-Dépréciations et provisions pour risques à court terme (tiers) (ACTIF) / 496-Dépréciations des comptes apporteurs, associés et groupe / 4963-Associés, opérations faites en commun",
,"4966-Groupe, comptes courants",asset,unspecified,debit,0,,"4-Comptes de Tiers (ACTIF) / 49-Dépréciations et provisions pour risques à court terme (tiers) (ACTIF) / 496-Dépréciations des comptes apporteurs, associés et groupe",,,,"4-Comptes de Tiers (ACTIF) / 49-Dépréciations et provisions pour risques à court terme (tiers) (ACTIF) / 496-Dépréciations des comptes apporteurs, associés et groupe / 4966-Groupe, comptes courants",
,497-Dépréciations des comptes débiteurs divers,asset,unspecified,debit,0,,4-Comptes de Tiers (ACTIF) / 49-Dépréciations et provisions pour risques à court terme (tiers) (ACTIF),,,,4-Comptes de Tiers (ACTIF) / 49-Dépréciations et provisions pour risques à court terme (tiers) (ACTIF) / 497-Dépréciations des comptes débiteurs divers,
,498-Dépréciations des comptes de créances HAO,asset,group,debit,1,,4-Comptes de Tiers (ACTIF) / 49-Dépréciations et provisions pour risques à court terme (tiers) (ACTIF),,,,4-Comptes de Tiers (ACTIF) / 49-Dépréciations et provisions pour risques à court terme (tiers) (ACTIF) / 498-Dépréciations des comptes de créances HAO,
,4985-Créances sur cessions d’immobilisations,asset,unspecified,debit,0,,4-Comptes de Tiers (ACTIF) / 49-Dépréciations et provisions pour risques à court terme (tiers) (ACTIF) / 498-Dépréciations des comptes de créances HAO,,,,4-Comptes de Tiers (ACTIF) / 49-Dépréciations et provisions pour risques à court terme (tiers) (ACTIF) / 498-Dépréciations des comptes de créances HAO / 4985-Créances sur cessions d’immobilisations,
,4986-Créances sur cessions de titres de placement,asset,unspecified,debit,0,,4-Comptes de Tiers (ACTIF) / 49-Dépréciations et provisions pour risques à court terme (tiers) (ACTIF) / 498-Dépréciations des comptes de créances HAO,,,,4-Comptes de Tiers (ACTIF) / 49-Dépréciations et provisions pour risques à court terme (tiers) (ACTIF) / 498-Dépréciations des comptes de créances HAO / 4986-Créances sur cessions de titres de placement,
,4988-Autres créances HAO,asset,unspecified,debit,0,,4-Comptes de Tiers (ACTIF) / 49-Dépréciations et provisions pour risques à court terme (tiers) (ACTIF) / 498-Dépréciations des comptes de créances HAO,,,,4-Comptes de Tiers (ACTIF) / 49-Dépréciations et provisions pour risques à court terme (tiers) (ACTIF) / 498-Dépréciations des comptes de créances HAO / 4988-Autres créances HAO,
,499-Provisions pour risques à court terme,asset,group,debit,1,,4-Comptes de Tiers (ACTIF) / 49-Dépréciations et provisions pour risques à court terme (tiers) (ACTIF),,,,4-Comptes de Tiers (ACTIF) / 49-Dépréciations et provisions pour risques à court terme (tiers) (ACTIF) / 499-Provisions pour risques à court terme,
,4991-Sur opérations d’exploitation,asset,unspecified,debit,0,,4-Comptes de Tiers (ACTIF) / 49-Dépréciations et provisions pour risques à court terme (tiers) (ACTIF) / 499-Provisions pour risques à court terme,,,,4-Comptes de Tiers (ACTIF) / 49-Dépréciations et provisions pour risques à court terme (tiers) (ACTIF) / 499-Provisions pour risques à court terme / 4991-Sur opérations d’exploitation,
,4997-Sur opérations financières,asset,unspecified,debit,0,,4-Comptes de Tiers (ACTIF) / 49-Dépréciations et provisions pour risques à court terme (tiers) (ACTIF) / 499-Provisions pour risques à court terme,,,,4-Comptes de Tiers (ACTIF) / 49-Dépréciations et provisions pour risques à court terme (tiers) (ACTIF) / 499-Provisions pour risques à court terme / 4997-Sur opérations financières,
,4998-Sur opérations HAO,asset,unspecified,debit,0,,4-Comptes de Tiers (ACTIF) / 49-Dépréciations et provisions pour risques à court terme (tiers) (ACTIF) / 499-Provisions pour risques à court terme,,,,4-Comptes de Tiers (ACTIF) / 49-Dépréciations et provisions pour risques à court terme (tiers) (ACTIF) / 499-Provisions pour risques à court terme / 4998-Sur opérations HAO,
,4-Comptes de Tiers (PASSIF),liability,group,credit,1,,,,,,4-Comptes de Tiers (PASSIF),
,40-Fournisseurs et comptes rattachés (PASSIF),liability,payable,credit,1,,4-Comptes de Tiers (PASSIF),Payable,,,4-Comptes de Tiers (PASSIF) / 40-Fournisseurs et comptes rattachés (PASSIF),
,"401-Fournisseurs, dettes en compte",liability,payable,credit,1,,4-Comptes de Tiers (PASSIF) / 40-Fournisseurs et comptes rattachés (PASSIF),Payable,,,"4-Comptes de Tiers (PASSIF) / 40-Fournisseurs et comptes rattachés (PASSIF) / 401-Fournisseurs, dettes en compte",
,4011-Fournisseurs,liability,payable,credit,0,payables,"4-Comptes de Tiers (PASSIF) / 40-Fournisseurs et comptes rattachés (PASSIF) / 401-Fournisseurs, dettes en compte",Payable,,,"4-Comptes de Tiers (PASSIF) / 40-Fournisseurs et comptes rattachés (PASSIF) / 401-Fournisseurs, dettes en compte / 4011-Fournisseurs",
,4012-Fournisseurs groupe,liability,payable,credit,0,payables,"4-Comptes de Tiers (PASSIF) / 40-Fournisseurs et comptes rattachés (PASSIF) / 401-Fournisseurs, dettes en compte",Payable,,,"4-Comptes de Tiers (PASSIF) / 40-Fournisseurs et comptes rattachés (PASSIF) / 401-Fournisseurs, dettes en compte / 4012-Fournisseurs groupe",
,4013-Fournisseurs sous-traitants,liability,payable,credit,0,payables,"4-Comptes de Tiers (PASSIF) / 40-Fournisseurs et comptes rattachés (PASSIF) / 401-Fournisseurs, dettes en compte",Payable,,,"4-Comptes de Tiers (PASSIF) / 40-Fournisseurs et comptes rattachés (PASSIF) / 401-Fournisseurs, dettes en compte / 4013-Fournisseurs sous-traitants",
,"4016-Fournisseurs, réserve de propriété",liability,payable,credit,0,payables,"4-Comptes de Tiers (PASSIF) / 40-Fournisseurs et comptes rattachés (PASSIF) / 401-Fournisseurs, dettes en compte",Payable,,,"4-Comptes de Tiers (PASSIF) / 40-Fournisseurs et comptes rattachés (PASSIF) / 401-Fournisseurs, dettes en compte / 4016-Fournisseurs, réserve de propriété",
,"4017-Fournisseur, retenues de garantie",liability,payable,credit,0,payables,"4-Comptes de Tiers (PASSIF) / 40-Fournisseurs et comptes rattachés (PASSIF) / 401-Fournisseurs, dettes en compte",Payable,,,"4-Comptes de Tiers (PASSIF) / 40-Fournisseurs et comptes rattachés (PASSIF) / 401-Fournisseurs, dettes en compte / 4017-Fournisseur, retenues de garantie",
,"402-Fournisseurs, effets à payer",liability,payable,credit,1,,4-Comptes de Tiers (PASSIF) / 40-Fournisseurs et comptes rattachés (PASSIF),Payable,,,"4-Comptes de Tiers (PASSIF) / 40-Fournisseurs et comptes rattachés (PASSIF) / 402-Fournisseurs, effets à payer",
,4021-Fournisseurs Effets à payer,liability,payable,credit,0,payables,"4-Comptes de Tiers (PASSIF) / 40-Fournisseurs et comptes rattachés (PASSIF) / 402-Fournisseurs, effets à payer",Payable,,,"4-Comptes de Tiers (PASSIF) / 40-Fournisseurs et comptes rattachés (PASSIF) / 402-Fournisseurs, effets à payer / 4021-Fournisseurs Effets à payer",
,"4022-Fournisseurs Groupe, effets à payer",liability,payable,credit,0,payables,"4-Comptes de Tiers (PASSIF) / 40-Fournisseurs et comptes rattachés (PASSIF) / 402-Fournisseurs, effets à payer",Payable,,,"4-Comptes de Tiers (PASSIF) / 40-Fournisseurs et comptes rattachés (PASSIF) / 402-Fournisseurs, effets à payer / 4022-Fournisseurs Groupe, effets à payer",
,"4023-Fournisseurs Sous-traitants, effets à payer",liability,payable,credit,0,payables,"4-Comptes de Tiers (PASSIF) / 40-Fournisseurs et comptes rattachés (PASSIF) / 402-Fournisseurs, effets à payer",Payable,,,"4-Comptes de Tiers (PASSIF) / 40-Fournisseurs et comptes rattachés (PASSIF) / 402-Fournisseurs, effets à payer / 4023-Fournisseurs Sous-traitants, effets à payer",
,"404-Fournisseurs, acquisitions courantes d’immobilisations",liability,payable,credit,1,,4-Comptes de Tiers (PASSIF) / 40-Fournisseurs et comptes rattachés (PASSIF),Payable,,,"4-Comptes de Tiers (PASSIF) / 40-Fournisseurs et comptes rattachés (PASSIF) / 404-Fournisseurs, acquisitions courantes d’immobilisations",
,"4041-Fournisseurs Dettes en comptes, immobilisations incorporelles",liability,payable,credit,0,payables,"4-Comptes de Tiers (PASSIF) / 40-Fournisseurs et comptes rattachés (PASSIF) / 404-Fournisseurs, acquisitions courantes d’immobilisations",Payable,,,"4-Comptes de Tiers (PASSIF) / 40-Fournisseurs et comptes rattachés (PASSIF) / 404-Fournisseurs, acquisitions courantes d’immobilisations / 4041-Fournisseurs Dettes en comptes, immobilisations incorporelles",
,"4042-Fournisseurs Dettes en comptes, immobilisations corporelles",liability,payable,credit,0,payables,"4-Comptes de Tiers (PASSIF) / 40-Fournisseurs et comptes rattachés (PASSIF) / 404-Fournisseurs, acquisitions courantes d’immobilisations",Payable,,,"4-Comptes de Tiers (PASSIF) / 40-Fournisseurs et comptes rattachés (PASSIF) / 404-Fournisseurs, acquisitions courantes d’immobilisations / 4042-Fournisseurs Dettes en comptes, immobilisations corporelles",
,"4046-Fournisseurs Effets à payer, immobilisations incorporelles",liability,payable,credit,0,payables,"4-Comptes de Tiers (PASSIF) / 40-Fournisseurs et comptes rattachés (PASSIF) / 404-Fournisseurs, acquisitions courantes d’immobilisations",Payable,,,"4-Comptes de Tiers (PASSIF) / 40-Fournisseurs et comptes rattachés (PASSIF) / 404-Fournisseurs, acquisitions courantes d’immobilisations / 4046-Fournisseurs Effets à payer, immobilisations incorporelles",
,"4047-Fournisseurs Effets à payer, immobilisations corporelles",liability,payable,credit,0,payables,"4-Comptes de Tiers (PASSIF) / 40-Fournisseurs et comptes rattachés (PASSIF) / 404-Fournisseurs, acquisitions courantes d’immobilisations",Payable,,,"4-Comptes de Tiers (PASSIF) / 40-Fournisseurs et comptes rattachés (PASSIF) / 404-Fournisseurs, acquisitions courantes d’immobilisations / 4047-Fournisseurs Effets à payer, immobilisations corporelles",
,"408-Fournisseurs, factures non parvenues",liability,stock_received_not_billed,credit,1,,4-Comptes de Tiers (PASSIF) / 40-Fournisseurs et comptes rattachés (PASSIF),Stock Received But Not Billed,,,"4-Comptes de Tiers (PASSIF) / 40-Fournisseurs et comptes rattachés (PASSIF) / 408-Fournisseurs, factures non parvenues",
,4081-Fournisseurs,liability,stock_received_not_billed,credit,0,,"4-Comptes de Tiers (PASSIF) / 40-Fournisseurs et comptes rattachés (PASSIF) / 408-Fournisseurs, factures non parvenues",Stock Received But Not Billed,,,"4-Comptes de Tiers (PASSIF) / 40-Fournisseurs et comptes rattachés (PASSIF) / 408-Fournisseurs, factures non parvenues / 4081-Fournisseurs",
,4082-Fournisseurs groupe,liability,stock_received_not_billed,credit,0,,"4-Comptes de Tiers (PASSIF) / 40-Fournisseurs et comptes rattachés (PASSIF) / 408-Fournisseurs, factures non parvenues",Stock Received But Not Billed,,,"4-Comptes de Tiers (PASSIF) / 40-Fournisseurs et comptes rattachés (PASSIF) / 408-Fournisseurs, factures non parvenues / 4082-Fournisseurs groupe",
,4083-Fournisseurs sous-traitants,liability,stock_received_not_billed,credit,0,,"4-Comptes de Tiers (PASSIF) / 40-Fournisseurs et comptes rattachés (PASSIF) / 408-Fournisseurs, factures non parvenues",Stock Received But Not Billed,,,"4-Comptes de Tiers (PASSIF) / 40-Fournisseurs et comptes rattachés (PASSIF) / 408-Fournisseurs, factures non parvenues / 4083-Fournisseurs sous-traitants",
,"4086-Fournisseurs, intérêts courus",liability,stock_received_not_billed,credit,0,,"4-Comptes de Tiers (PASSIF) / 40-Fournisseurs et comptes rattachés (PASSIF) / 408-Fournisseurs, factures non parvenues",Stock Received But Not Billed,,,"4-Comptes de Tiers (PASSIF) / 40-Fournisseurs et comptes rattachés (PASSIF) / 408-Fournisseurs, factures non parvenues / 4086-Fournisseurs, intérêts courus",
,41-Clients et comptes rattachés (PASSIF),liability,group,credit,1,,4-Comptes de Tiers (PASSIF),,,,4-Comptes de Tiers (PASSIF) / 41-Clients et comptes rattachés (PASSIF),
,419-Clients créditeurs,liability,group,credit,1,,4-Comptes de Tiers (PASSIF) / 41-Clients et comptes rattachés (PASSIF),,,,4-Comptes de Tiers (PASSIF) / 41-Clients et comptes rattachés (PASSIF) / 419-Clients créditeurs,
,"4191-Clients, avances et acomptes reçus",liability,unspecified,credit,0,,4-Comptes de Tiers (PASSIF) / 41-Clients et comptes rattachés (PASSIF) / 419-Clients créditeurs,,,,"4-Comptes de Tiers (PASSIF) / 41-Clients et comptes rattachés (PASSIF) / 419-Clients créditeurs / 4191-Clients, avances et acomptes reçus",
,"4192-Clients groupe, avances et acomptes reçus",liability,unspecified,credit,0,,4-Comptes de Tiers (PASSIF) / 41-Clients et comptes rattachés (PASSIF) / 419-Clients créditeurs,,,,"4-Comptes de Tiers (PASSIF) / 41-Clients et comptes rattachés (PASSIF) / 419-Clients créditeurs / 4192-Clients groupe, avances et acomptes reçus",
,"4194-Clients, dettes pour emballages et matériels consignés",liability,unspecified,credit,0,,4-Comptes de Tiers (PASSIF) / 41-Clients et comptes rattachés (PASSIF) / 419-Clients créditeurs,,,,"4-Comptes de Tiers (PASSIF) / 41-Clients et comptes rattachés (PASSIF) / 419-Clients créditeurs / 4194-Clients, dettes pour emballages et matériels consignés",
,"4198-Clients, rabais, remises, ristournes et autres avoirs à accorder",liability,unspecified,credit,0,,4-Comptes de Tiers (PASSIF) / 41-Clients et comptes rattachés (PASSIF) / 419-Clients créditeurs,,,,"4-Comptes de Tiers (PASSIF) / 41-Clients et comptes rattachés (PASSIF) / 419-Clients créditeurs / 4198-Clients, rabais, remises, ristournes et autres avoirs à accorder",
,42-Personnel (PASSIF),liability,group,credit,1,,4-Comptes de Tiers (PASSIF),,,,4-Comptes de Tiers (PASSIF) / 42-Personnel (PASSIF),
,"422-Personnel, rémunérations dues",liability,unspecified,credit,0,,4-Comptes de Tiers (PASSIF) / 42-Personnel (PASSIF),,,,"4-Comptes de Tiers (PASSIF) / 42-Personnel (PASSIF) / 422-Personnel, rémunérations dues",
,"423-Personnel, oppositions, saisies-arrêts",liability,group,credit,1,,4-Comptes de Tiers (PASSIF) / 42-Personnel (PASSIF),,,,"4-Comptes de Tiers (PASSIF) / 42-Personnel (PASSIF) / 423-Personnel, oppositions, saisies-arrêts",
,"4231-Personnel, oppositions",liability,unspecified,credit,0,,"4-Comptes de Tiers (PASSIF) / 42-Personnel (PASSIF) / 423-Personnel, oppositions, saisies-arrêts",,,,"4-Comptes de Tiers (PASSIF) / 42-Personnel (PASSIF) / 423-Personnel, oppositions, saisies-arrêts / 4231-Personnel, oppositions",
,"4232-Personnel, saisies-arrêts",liability,unspecified,credit,0,,"4-Comptes de Tiers (PASSIF) / 42-Personnel (PASSIF) / 423-Personnel, oppositions, saisies-arrêts",,,,"4-Comptes de Tiers (PASSIF) / 42-Personnel (PASSIF) / 423-Personnel, oppositions, saisies-arrêts / 4232-Personnel, saisies-arrêts",
,"4233-Personnel, avis à tiers détenteur",liability,unspecified,credit,0,,"4-Comptes de Tiers (PASSIF) / 42-Personnel (PASSIF) / 423-Personnel, oppositions, saisies-arrêts",,,,"4-Comptes de Tiers (PASSIF) / 42-Personnel (PASSIF) / 423-Personnel, oppositions, saisies-arrêts / 4233-Personnel, avis à tiers détenteur",
,"424-Personnel, œuvres sociales internes",liability,group,credit,1,,4-Comptes de Tiers (PASSIF) / 42-Personnel (PASSIF),,,,"4-Comptes de Tiers (PASSIF) / 42-Personnel (PASSIF) / 424-Personnel, œuvres sociales internes",
,4241-Assistance médicale,liability,unspecified,credit,0,,"4-Comptes de Tiers (PASSIF) / 42-Personnel (PASSIF) / 424-Personnel, œuvres sociales internes",,,,"4-Comptes de Tiers (PASSIF) / 42-Personnel (PASSIF) / 424-Personnel, œuvres sociales internes / 4241-Assistance médicale",
,4242-Allocations familiales,liability,unspecified,credit,0,,"4-Comptes de Tiers (PASSIF) / 42-Personnel (PASSIF) / 424-Personnel, œuvres sociales internes",,,,"4-Comptes de Tiers (PASSIF) / 42-Personnel (PASSIF) / 424-Personnel, œuvres sociales internes / 4242-Allocations familiales",
,4245-Organismes sociaux rattachés à l’entité,liability,unspecified,credit,0,,"4-Comptes de Tiers (PASSIF) / 42-Personnel (PASSIF) / 424-Personnel, œuvres sociales internes",,,,"4-Comptes de Tiers (PASSIF) / 42-Personnel (PASSIF) / 424-Personnel, œuvres sociales internes / 4245-Organismes sociaux rattachés à l’entité",
,4248-Autres œuvres sociales internes,liability,unspecified,credit,0,,"4-Comptes de Tiers (PASSIF) / 42-Personnel (PASSIF) / 424-Personnel, œuvres sociales internes",,,,"4-Comptes de Tiers (PASSIF) / 42-Personnel (PASSIF) / 424-Personnel, œuvres sociales internes / 4248-Autres œuvres sociales internes",
,425-Représentants du personnel,liability,group,credit,1,,4-Comptes de Tiers (PASSIF) / 42-Personnel (PASSIF),,,,4-Comptes de Tiers (PASSIF) / 42-Personnel (PASSIF) / 425-Représentants du personnel,
,4251-Délégués du personnel,liability,unspecified,credit,0,,4-Comptes de Tiers (PASSIF) / 42-Personnel (PASSIF) / 425-Représentants du personnel,,,,4-Comptes de Tiers (PASSIF) / 42-Personnel (PASSIF) / 425-Représentants du personnel / 4251-Délégués du personnel,
,"4252-Syndicats et Comités d’entreprises, d’Établissement",liability,unspecified,credit,0,,4-Comptes de Tiers (PASSIF) / 42-Personnel (PASSIF) / 425-Représentants du personnel,,,,"4-Comptes de Tiers (PASSIF) / 42-Personnel (PASSIF) / 425-Représentants du personnel / 4252-Syndicats et Comités d’entreprises, d’Établissement",
,4258-Autres représentants du personnel,liability,unspecified,credit,0,,4-Comptes de Tiers (PASSIF) / 42-Personnel (PASSIF) / 425-Représentants du personnel,,,,4-Comptes de Tiers (PASSIF) / 42-Personnel (PASSIF) / 425-Représentants du personnel / 4258-Autres représentants du personnel,
,"426-Personnel, participation aux bénéfices et au capital",liability,group,credit,1,,4-Comptes de Tiers (PASSIF) / 42-Personnel (PASSIF),,,,"4-Comptes de Tiers (PASSIF) / 42-Personnel (PASSIF) / 426-Personnel, participation aux bénéfices et au capital",
,4261-Participation aux bénéfices,liability,unspecified,credit,0,,"4-Comptes de Tiers (PASSIF) / 42-Personnel (PASSIF) / 426-Personnel, participation aux bénéfices et au capital",,,,"4-Comptes de Tiers (PASSIF) / 42-Personnel (PASSIF) / 426-Personnel, participation aux bénéfices et au capital / 4261-Participation aux bénéfices",
,4264-Participation au capital,liability,unspecified,credit,0,,"4-Comptes de Tiers (PASSIF) / 42-Personnel (PASSIF) / 426-Personnel, participation aux bénéfices et au capital",,,,"4-Comptes de Tiers (PASSIF) / 42-Personnel (PASSIF) / 426-Personnel, participation aux bénéfices et au capital / 4264-Participation au capital",
,427-Personnel dépôts,liability,unspecified,credit,0,,4-Comptes de Tiers (PASSIF) / 42-Personnel (PASSIF),,,,4-Comptes de Tiers (PASSIF) / 42-Personnel (PASSIF) / 427-Personnel dépôts,
,"428-Personnel, charges à payer et produits à recevoir",liability,group,credit,1,,4-Comptes de Tiers (PASSIF) / 42-Personnel (PASSIF),,,,"4-Comptes de Tiers (PASSIF) / 42-Personnel (PASSIF) / 428-Personnel, charges à payer et produits à recevoir",
,4281-Dettes provisionnées pour congés à payer,liability,unspecified,credit,0,,"4-Comptes de Tiers (PASSIF) / 42-Personnel (PASSIF) / 428-Personnel, charges à payer et produits à recevoir",,,,"4-Comptes de Tiers (PASSIF) / 42-Personnel (PASSIF) / 428-Personnel, charges à payer et produits à recevoir / 4281-Dettes provisionnées pour congés à payer",
,4286-Autres charges à payer,liability,unspecified,credit,0,,"4-Comptes de Tiers (PASSIF) / 42-Personnel (PASSIF) / 428-Personnel, charges à payer et produits à recevoir",,,,"4-Comptes de Tiers (PASSIF) / 42-Personnel (PASSIF) / 428-Personnel, charges à payer et produits à recevoir / 4286-Autres charges à payer",
,4287-Produits à recevoir,liability,unspecified,credit,0,,"4-Comptes de Tiers (PASSIF) / 42-Personnel (PASSIF) / 428-Personnel, charges à payer et produits à recevoir",,,,"4-Comptes de Tiers (PASSIF) / 42-Personnel (PASSIF) / 428-Personnel, charges à payer et produits à recevoir / 4287-Produits à recevoir",
,43-Organismes sociaux (PASSIF),liability,group,credit,1,,4-Comptes de Tiers (PASSIF),,,,4-Comptes de Tiers (PASSIF) / 43-Organismes sociaux (PASSIF),
,"438-Organismes sociaux, charges à payer et produits à recevoir",liability,group,credit,1,,4-Comptes de Tiers (PASSIF) / 43-Organismes sociaux (PASSIF),,,,"4-Comptes de Tiers (PASSIF) / 43-Organismes sociaux (PASSIF) / 438-Organismes sociaux, charges à payer et produits à recevoir",
,4381-Charges sociales sur gratifications à payer,liability,unspecified,credit,0,,"4-Comptes de Tiers (PASSIF) / 43-Organismes sociaux (PASSIF) / 438-Organismes sociaux, charges à payer et produits à recevoir",,,,"4-Comptes de Tiers (PASSIF) / 43-Organismes sociaux (PASSIF) / 438-Organismes sociaux, charges à payer et produits à recevoir / 4381-Charges sociales sur gratifications à payer",
,4382-Charges sociales sur congés à payer,liability,unspecified,credit,0,,"4-Comptes de Tiers (PASSIF) / 43-Organismes sociaux (PASSIF) / 438-Organismes sociaux, charges à payer et produits à recevoir",,,,"4-Comptes de Tiers (PASSIF) / 43-Organismes sociaux (PASSIF) / 438-Organismes sociaux, charges à payer et produits à recevoir / 4382-Charges sociales sur congés à payer",
,4386-Autres charges à payer,liability,unspecified,credit,0,,"4-Comptes de Tiers (PASSIF) / 43-Organismes sociaux (PASSIF) / 438-Organismes sociaux, charges à payer et produits à recevoir",,,,"4-Comptes de Tiers (PASSIF) / 43-Organismes sociaux (PASSIF) / 438-Organismes sociaux, charges à payer et produits à recevoir / 4386-Autres charges à payer",
,44-État et collectivités publiques (PASSIF),liability,group,credit,1,,4-Comptes de Tiers (PASSIF),,,,4-Comptes de Tiers (PASSIF) / 44-État et collectivités publiques (PASSIF),
,"441-État, impôt sur les bénéfices",liability,unspecified,credit,0,,4-Comptes de Tiers (PASSIF) / 44-État et collectivités publiques (PASSIF),,,,"4-Comptes de Tiers (PASSIF) / 44-État et collectivités publiques (PASSIF) / 441-État, impôt sur les bénéfices",
,"442-État, autres impôts et taxes",liability,group,credit,1,,4-Comptes de Tiers (PASSIF) / 44-État et collectivités publiques (PASSIF),,,,"4-Comptes de Tiers (PASSIF) / 44-État et collectivités publiques (PASSIF) / 442-État, autres impôts et taxes",
,4421-Impôts et taxes d’État,liability,unspecified,credit,0,,"4-Comptes de Tiers (PASSIF) / 44-État et collectivités publiques (PASSIF) / 442-État, autres impôts et taxes",,,,"4-Comptes de Tiers (PASSIF) / 44-État et collectivités publiques (PASSIF) / 442-État, autres impôts et taxes / 4421-Impôts et taxes d’État",
,4422-Impôts et taxes pour les collectivités publiques,liability,unspecified,credit,0,,"4-Comptes de Tiers (PASSIF) / 44-État et collectivités publiques (PASSIF) / 442-État, autres impôts et taxes",,,,"4-Comptes de Tiers (PASSIF) / 44-État et collectivités publiques (PASSIF) / 442-État, autres impôts et taxes / 4422-Impôts et taxes pour les collectivités publiques",
,4423-Impôts et taxes recouvrables sur des obligataires,liability,unspecified,credit,0,,"4-Comptes de Tiers (PASSIF) / 44-État et collectivités publiques (PASSIF) / 442-État, autres impôts et taxes",,,,"4-Comptes de Tiers (PASSIF) / 44-État et collectivités publiques (PASSIF) / 442-État, autres impôts et taxes / 4423-Impôts et taxes recouvrables sur des obligataires",
,4424-Impôts et taxes recouvrables sur des associés,liability,unspecified,credit,0,,"4-Comptes de Tiers (PASSIF) / 44-État et collectivités publiques (PASSIF) / 442-État, autres impôts et taxes",,,,"4-Comptes de Tiers (PASSIF) / 44-État et collectivités publiques (PASSIF) / 442-État, autres impôts et taxes / 4424-Impôts et taxes recouvrables sur des associés",
,4426-Droits de douane,liability,unspecified,credit,0,,"4-Comptes de Tiers (PASSIF) / 44-État et collectivités publiques (PASSIF) / 442-État, autres impôts et taxes",,,,"4-Comptes de Tiers (PASSIF) / 44-État et collectivités publiques (PASSIF) / 442-État, autres impôts et taxes / 4426-Droits de douane",
,4428-Autres impôts et taxes,liability,unspecified,credit,0,,"4-Comptes de Tiers (PASSIF) / 44-État et collectivités publiques (PASSIF) / 442-État, autres impôts et taxes",,,,"4-Comptes de Tiers (PASSIF) / 44-État et collectivités publiques (PASSIF) / 442-État, autres impôts et taxes / 4428-Autres impôts et taxes",
,"444-État, TVA due ou crédit de TVA",liability,group,credit,1,,4-Comptes de Tiers (PASSIF) / 44-État et collectivités publiques (PASSIF),,,,"4-Comptes de Tiers (PASSIF) / 44-État et collectivités publiques (PASSIF) / 444-État, TVA due ou crédit de TVA",
,"4441-État, TVA due",liability,unspecified,credit,0,,"4-Comptes de Tiers (PASSIF) / 44-État et collectivités publiques (PASSIF) / 444-État, TVA due ou crédit de TVA",,,,"4-Comptes de Tiers (PASSIF) / 44-État et collectivités publiques (PASSIF) / 444-État, TVA due ou crédit de TVA / 4441-État, TVA due",
,"4449-État, crédit de TVA à reporter",liability,unspecified,credit,0,,"4-Comptes de Tiers (PASSIF) / 44-État et collectivités publiques (PASSIF) / 444-État, TVA due ou crédit de TVA",,,,"4-Comptes de Tiers (PASSIF) / 44-État et collectivités publiques (PASSIF) / 444-État, TVA due ou crédit de TVA / 4449-État, crédit de TVA à reporter",
,"446-État, autres taxes sur le chiffre d’affaires",liability,unspecified,credit,0,,4-Comptes de Tiers (PASSIF) / 44-État et collectivités publiques (PASSIF),,,,"4-Comptes de Tiers (PASSIF) / 44-État et collectivités publiques (PASSIF) / 446-État, autres taxes sur le chiffre d’affaires",
,"447-État, impôts retenus à la source",liability,group,credit,1,,4-Comptes de Tiers (PASSIF) / 44-État et collectivités publiques (PASSIF),,,,"4-Comptes de Tiers (PASSIF) / 44-État et collectivités publiques (PASSIF) / 447-État, impôts retenus à la source",
,4471-Impôt Général sur le revenu,liability,unspecified,credit,0,,"4-Comptes de Tiers (PASSIF) / 44-État et collectivités publiques (PASSIF) / 447-État, impôts retenus à la source",,,,"4-Comptes de Tiers (PASSIF) / 44-État et collectivités publiques (PASSIF) / 447-État, impôts retenus à la source / 4471-Impôt Général sur le revenu",
,4472-Impôts sur salaires,liability,unspecified,credit,0,,"4-Comptes de Tiers (PASSIF) / 44-État et collectivités publiques (PASSIF) / 447-État, impôts retenus à la source",,,,"4-Comptes de Tiers (PASSIF) / 44-État et collectivités publiques (PASSIF) / 447-État, impôts retenus à la source / 4472-Impôts sur salaires",
,4473-Contribution nationale,liability,unspecified,credit,0,,"4-Comptes de Tiers (PASSIF) / 44-État et collectivités publiques (PASSIF) / 447-État, impôts retenus à la source",,,,"4-Comptes de Tiers (PASSIF) / 44-État et collectivités publiques (PASSIF) / 447-État, impôts retenus à la source / 4473-Contribution nationale",
,4474-Contribution nationale de solidarité,liability,unspecified,credit,0,,"4-Comptes de Tiers (PASSIF) / 44-État et collectivités publiques (PASSIF) / 447-État, impôts retenus à la source",,,,"4-Comptes de Tiers (PASSIF) / 44-État et collectivités publiques (PASSIF) / 447-État, impôts retenus à la source / 4474-Contribution nationale de solidarité",
,4478-Autres impôts et contributions,liability,unspecified,credit,0,,"4-Comptes de Tiers (PASSIF) / 44-État et collectivités publiques (PASSIF) / 447-État, impôts retenus à la source",,,,"4-Comptes de Tiers (PASSIF) / 44-État et collectivités publiques (PASSIF) / 447-État, impôts retenus à la source / 4478-Autres impôts et contributions",
,"46-Apporteurs, associés et groupe (PASSIF)",liability,group,credit,1,,4-Comptes de Tiers (PASSIF),,,,"4-Comptes de Tiers (PASSIF) / 46-Apporteurs, associés et groupe (PASSIF)",
,"461-Apporteurs, opérations sur le capital (PASSIF)",liability,group,credit,1,,"4-Comptes de Tiers (PASSIF) / 46-Apporteurs, associés et groupe (PASSIF)",,,,"4-Comptes de Tiers (PASSIF) / 46-Apporteurs, associés et groupe (PASSIF) / 461-Apporteurs, opérations sur le capital (PASSIF)",
,"4611-Apporteurs, apports en nature",liability,unspecified,credit,0,,"4-Comptes de Tiers (PASSIF) / 46-Apporteurs, associés et groupe (PASSIF) / 461-Apporteurs, opérations sur le capital (PASSIF)",,,,"4-Comptes de Tiers (PASSIF) / 46-Apporteurs, associés et groupe (PASSIF) / 461-Apporteurs, opérations sur le capital (PASSIF) / 4611-Apporteurs, apports en nature",
,"4612-Apporteurs, apports en numéraire",liability,unspecified,credit,0,,"4-Comptes de Tiers (PASSIF) / 46-Apporteurs, associés et groupe (PASSIF) / 461-Apporteurs, opérations sur le capital (PASSIF)",,,,"4-Comptes de Tiers (PASSIF) / 46-Apporteurs, associés et groupe (PASSIF) / 461-Apporteurs, opérations sur le capital (PASSIF) / 4612-Apporteurs, apports en numéraire",
,"4615-Apporteurs, versements reçus sur augmentation de capital",liability,unspecified,credit,0,,"4-Comptes de Tiers (PASSIF) / 46-Apporteurs, associés et groupe (PASSIF) / 461-Apporteurs, opérations sur le capital (PASSIF)",,,,"4-Comptes de Tiers (PASSIF) / 46-Apporteurs, associés et groupe (PASSIF) / 461-Apporteurs, opérations sur le capital (PASSIF) / 4615-Apporteurs, versements reçus sur augmentation de capital",
,"4616-Apporteurs, versements anticipés",liability,unspecified,credit,0,,"4-Comptes de Tiers (PASSIF) / 46-Apporteurs, associés et groupe (PASSIF) / 461-Apporteurs, opérations sur le capital (PASSIF)",,,,"4-Comptes de Tiers (PASSIF) / 46-Apporteurs, associés et groupe (PASSIF) / 461-Apporteurs, opérations sur le capital (PASSIF) / 4616-Apporteurs, versements anticipés",
,4617-Apporteurs défaillants,liability,unspecified,credit,0,,"4-Comptes de Tiers (PASSIF) / 46-Apporteurs, associés et groupe (PASSIF) / 461-Apporteurs, opérations sur le capital (PASSIF)",,,,"4-Comptes de Tiers (PASSIF) / 46-Apporteurs, associés et groupe (PASSIF) / 461-Apporteurs, opérations sur le capital (PASSIF) / 4617-Apporteurs défaillants",
,"4619-Apporteurs, capital à rembourser",liability,unspecified,credit,0,,"4-Comptes de Tiers (PASSIF) / 46-Apporteurs, associés et groupe (PASSIF) / 461-Apporteurs, opérations sur le capital (PASSIF)",,,,"4-Comptes de Tiers (PASSIF) / 46-Apporteurs, associés et groupe (PASSIF) / 461-Apporteurs, opérations sur le capital (PASSIF) / 4619-Apporteurs, capital à rembourser",
,"462-Associés, comptes courants",liability,group,credit,1,,"4-Comptes de Tiers (PASSIF) / 46-Apporteurs, associés et groupe (PASSIF)",,,,"4-Comptes de Tiers (PASSIF) / 46-Apporteurs, associés et groupe (PASSIF) / 462-Associés, comptes courants",
,4621-Principal,liability,unspecified,credit,0,,"4-Comptes de Tiers (PASSIF) / 46-Apporteurs, associés et groupe (PASSIF) / 462-Associés, comptes courants",,,,"4-Comptes de Tiers (PASSIF) / 46-Apporteurs, associés et groupe (PASSIF) / 462-Associés, comptes courants / 4621-Principal",
,4626-Intérêts courus,liability,unspecified,credit,0,,"4-Comptes de Tiers (PASSIF) / 46-Apporteurs, associés et groupe (PASSIF) / 462-Associés, comptes courants",,,,"4-Comptes de Tiers (PASSIF) / 46-Apporteurs, associés et groupe (PASSIF) / 462-Associés, comptes courants / 4626-Intérêts courus",
,"463-Associés, opérations faites en commun et GIE",liability,group,credit,1,,"4-Comptes de Tiers (PASSIF) / 46-Apporteurs, associés et groupe (PASSIF)",,,,"4-Comptes de Tiers (PASSIF) / 46-Apporteurs, associés et groupe (PASSIF) / 463-Associés, opérations faites en commun et GIE",
,4631-Opérations courantes,liability,unspecified,credit,0,,"4-Comptes de Tiers (PASSIF) / 46-Apporteurs, associés et groupe (PASSIF) / 463-Associés, opérations faites en commun et GIE",,,,"4-Comptes de Tiers (PASSIF) / 46-Apporteurs, associés et groupe (PASSIF) / 463-Associés, opérations faites en commun et GIE / 4631-Opérations courantes",
,4636-Intérêts courus,liability,unspecified,credit,0,,"4-Comptes de Tiers (PASSIF) / 46-Apporteurs, associés et groupe (PASSIF) / 463-Associés, opérations faites en commun et GIE",,,,"4-Comptes de Tiers (PASSIF) / 46-Apporteurs, associés et groupe (PASSIF) / 463-Associés, opérations faites en commun et GIE / 4636-Intérêts courus",
,"465-Associés, dividendes à payer",liability,unspecified,credit,0,,"4-Comptes de Tiers (PASSIF) / 46-Apporteurs, associés et groupe (PASSIF)",,,,"4-Comptes de Tiers (PASSIF) / 46-Apporteurs, associés et groupe (PASSIF) / 465-Associés, dividendes à payer",
,"466-Groupe, comptes courants",liability,unspecified,credit,0,,"4-Comptes de Tiers (PASSIF) / 46-Apporteurs, associés et groupe (PASSIF)",,,,"4-Comptes de Tiers (PASSIF) / 46-Apporteurs, associés et groupe (PASSIF) / 466-Groupe, comptes courants",
,47-Débiteurs et créditeurs divers (PASSIF),liability,group,credit,1,,4-Comptes de Tiers (PASSIF),,,,4-Comptes de Tiers (PASSIF) / 47-Débiteurs et créditeurs divers (PASSIF),
,471-Débiteurs et créditeurs divers,liability,group,credit,1,,4-Comptes de Tiers (PASSIF) / 47-Débiteurs et créditeurs divers (PASSIF),,,,4-Comptes de Tiers (PASSIF) / 47-Débiteurs et créditeurs divers (PASSIF) / 471-Débiteurs et créditeurs divers,
,4711-Débiteurs divers,liability,unspecified,credit,0,,4-Comptes de Tiers (PASSIF) / 47-Débiteurs et créditeurs divers (PASSIF) / 471-Débiteurs et créditeurs divers,,,,4-Comptes de Tiers (PASSIF) / 47-Débiteurs et créditeurs divers (PASSIF) / 471-Débiteurs et créditeurs divers / 4711-Débiteurs divers,
,4712-Créditeurs divers,liability,unspecified,credit,0,,4-Comptes de Tiers (PASSIF) / 47-Débiteurs et créditeurs divers (PASSIF) / 471-Débiteurs et créditeurs divers,,,,4-Comptes de Tiers (PASSIF) / 47-Débiteurs et créditeurs divers (PASSIF) / 471-Débiteurs et créditeurs divers / 4712-Créditeurs divers,
,4713-Obligataires,liability,unspecified,credit,0,,4-Comptes de Tiers (PASSIF) / 47-Débiteurs et créditeurs divers (PASSIF) / 471-Débiteurs et créditeurs divers,,,,4-Comptes de Tiers (PASSIF) / 47-Débiteurs et créditeurs divers (PASSIF) / 471-Débiteurs et créditeurs divers / 4713-Obligataires,
,4715-Rémunérations d’administrateurs,liability,unspecified,credit,0,,4-Comptes de Tiers (PASSIF) / 47-Débiteurs et créditeurs divers (PASSIF) / 471-Débiteurs et créditeurs divers,,,,4-Comptes de Tiers (PASSIF) / 47-Débiteurs et créditeurs divers (PASSIF) / 471-Débiteurs et créditeurs divers / 4715-Rémunérations d’administrateurs,
,4716-Compte d’affacturage,liability,unspecified,credit,0,,4-Comptes de Tiers (PASSIF) / 47-Débiteurs et créditeurs divers (PASSIF) / 471-Débiteurs et créditeurs divers,,,,4-Comptes de Tiers (PASSIF) / 47-Débiteurs et créditeurs divers (PASSIF) / 471-Débiteurs et créditeurs divers / 4716-Compte d’affacturage,
,4717-Débiteurs divers retenues de garantie,liability,unspecified,credit,0,,4-Comptes de Tiers (PASSIF) / 47-Débiteurs et créditeurs divers (PASSIF) / 471-Débiteurs et créditeurs divers,,,,4-Comptes de Tiers (PASSIF) / 47-Débiteurs et créditeurs divers (PASSIF) / 471-Débiteurs et créditeurs divers / 4717-Débiteurs divers retenues de garantie,
,"4718-Apport, compte de fusion et opérations assimilées",liability,unspecified,credit,0,,4-Comptes de Tiers (PASSIF) / 47-Débiteurs et créditeurs divers (PASSIF) / 471-Débiteurs et créditeurs divers,,,,"4-Comptes de Tiers (PASSIF) / 47-Débiteurs et créditeurs divers (PASSIF) / 471-Débiteurs et créditeurs divers / 4718-Apport, compte de fusion et opérations assimilées",
,4719-Bons de souscription d’actions et d’obligations,liability,unspecified,credit,0,,4-Comptes de Tiers (PASSIF) / 47-Débiteurs et créditeurs divers (PASSIF) / 471-Débiteurs et créditeurs divers,,,,4-Comptes de Tiers (PASSIF) / 47-Débiteurs et créditeurs divers (PASSIF) / 471-Débiteurs et créditeurs divers / 4719-Bons de souscription d’actions et d’obligations,
,474-Compte de répartition périodique des charges et des produits (PASSIF),liability,group,credit,1,,4-Comptes de Tiers (PASSIF) / 47-Débiteurs et créditeurs divers (PASSIF),,,,4-Comptes de Tiers (PASSIF) / 47-Débiteurs et créditeurs divers (PASSIF) / 474-Compte de répartition périodique des charges et des produits (PASSIF),
,4746-Compte de répartition périodique des charges,liability,unspecified,credit,0,,4-Comptes de Tiers (PASSIF) / 47-Débiteurs et créditeurs divers (PASSIF) / 474-Compte de répartition périodique des charges et des produits (PASSIF),,,,4-Comptes de Tiers (PASSIF) / 47-Débiteurs et créditeurs divers (PASSIF) / 474-Compte de répartition périodique des charges et des produits (PASSIF) / 4746-Compte de répartition périodique des charges,
,"475-Compte transitoire, ajustement spécial lié à la révision du SYSCOHADA (PASSIF)",liability,group,credit,1,,4-Comptes de Tiers (PASSIF) / 47-Débiteurs et créditeurs divers (PASSIF),,,,"4-Comptes de Tiers (PASSIF) / 47-Débiteurs et créditeurs divers (PASSIF) / 475-Compte transitoire, ajustement spécial lié à la révision du SYSCOHADA (PASSIF)",
,4752-Compte passif,liability,unspecified,credit,0,,"4-Comptes de Tiers (PASSIF) / 47-Débiteurs et créditeurs divers (PASSIF) / 475-Compte transitoire, ajustement spécial lié à la révision du SYSCOHADA (PASSIF)",,,,"4-Comptes de Tiers (PASSIF) / 47-Débiteurs et créditeurs divers (PASSIF) / 475-Compte transitoire, ajustement spécial lié à la révision du SYSCOHADA (PASSIF) / 4752-Compte passif",
,477-Produits constatés d’avance,liability,unspecified,credit,0,,4-Comptes de Tiers (PASSIF) / 47-Débiteurs et créditeurs divers (PASSIF),,,,4-Comptes de Tiers (PASSIF) / 47-Débiteurs et créditeurs divers (PASSIF) / 477-Produits constatés d’avance,
,479-Écarts de conversion passif,liability,group,credit,1,,4-Comptes de Tiers (PASSIF) / 47-Débiteurs et créditeurs divers (PASSIF),,,,4-Comptes de Tiers (PASSIF) / 47-Débiteurs et créditeurs divers (PASSIF) / 479-Écarts de conversion passif,
,4791-Augmentation des créances d’exploitation,liability,unspecified,credit,0,,4-Comptes de Tiers (PASSIF) / 47-Débiteurs et créditeurs divers (PASSIF) / 479-Écarts de conversion passif,,,,4-Comptes de Tiers (PASSIF) / 47-Débiteurs et créditeurs divers (PASSIF) / 479-Écarts de conversion passif / 4791-Augmentation des créances d’exploitation,
,4792-Augmentation des créances financières,liability,unspecified,credit,0,,4-Comptes de Tiers (PASSIF) / 47-Débiteurs et créditeurs divers (PASSIF) / 479-Écarts de conversion passif,,,,4-Comptes de Tiers (PASSIF) / 47-Débiteurs et créditeurs divers (PASSIF) / 479-Écarts de conversion passif / 4792-Augmentation des créances financières,
,4793-Diminution des dettes d’exploitation,liability,unspecified,credit,0,,4-Comptes de Tiers (PASSIF) / 47-Débiteurs et créditeurs divers (PASSIF) / 479-Écarts de conversion passif,,,,4-Comptes de Tiers (PASSIF) / 47-Débiteurs et créditeurs divers (PASSIF) / 479-Écarts de conversion passif / 4793-Diminution des dettes d’exploitation,
,4794-Diminution des dettes financières,liability,unspecified,credit,0,,4-Comptes de Tiers (PASSIF) / 47-Débiteurs et créditeurs divers (PASSIF) / 479-Écarts de conversion passif,,,,4-Comptes de Tiers (PASSIF) / 47-Débiteurs et créditeurs divers (PASSIF) / 479-Écarts de conversion passif / 4794-Diminution des dettes financières,
,4797-Différences d’évaluation sur instruments de trésorerie,liability,unspecified,credit,0,,4-Comptes de Tiers (PASSIF) / 47-Débiteurs et créditeurs divers (PASSIF) / 479-Écarts de conversion passif,,,,4-Comptes de Tiers (PASSIF) / 47-Débiteurs et créditeurs divers (PASSIF) / 479-Écarts de conversion passif / 4797-Différences d’évaluation sur instruments de trésorerie,
,4798-Différences compensées par couverture de change,liability,unspecified,credit,0,,4-Comptes de Tiers (PASSIF) / 47-Débiteurs et créditeurs divers (PASSIF) / 479-Écarts de conversion passif,,,,4-Comptes de Tiers (PASSIF) / 47-Débiteurs et créditeurs divers (PASSIF) / 479-Écarts de conversion passif / 4798-Différences compensées par couverture de change,
,48-Créances et dettes hors activités ordinaires (HAO) (PASSIF),liability,group,credit,1,,4-Comptes de Tiers (PASSIF),,,,4-Comptes de Tiers (PASSIF) / 48-Créances et dettes hors activités ordinaires (HAO) (PASSIF),
,481-Fournisseurs d’investissements,liability,group,credit,1,,4-Comptes de Tiers (PASSIF) / 48-Créances et dettes hors activités ordinaires (HAO) (PASSIF),,,,4-Comptes de Tiers (PASSIF) / 48-Créances et dettes hors activités ordinaires (HAO) (PASSIF) / 481-Fournisseurs d’investissements,
,4811-Immobilisations incorporelles,liability,unspecified,credit,0,,4-Comptes de Tiers (PASSIF) / 48-Créances et dettes hors activités ordinaires (HAO) (PASSIF) / 481-Fournisseurs d’investissements,,,,4-Comptes de Tiers (PASSIF) / 48-Créances et dettes hors activités ordinaires (HAO) (PASSIF) / 481-Fournisseurs d’investissements / 4811-Immobilisations incorporelles,
,4812-Immobilisations corporelles,liability,unspecified,credit,0,,4-Comptes de Tiers (PASSIF) / 48-Créances et dettes hors activités ordinaires (HAO) (PASSIF) / 481-Fournisseurs d’investissements,,,,4-Comptes de Tiers (PASSIF) / 48-Créances et dettes hors activités ordinaires (HAO) (PASSIF) / 481-Fournisseurs d’investissements / 4812-Immobilisations corporelles,
,4813-Versements restant à effectuer sur titres de participation et titres immobilisés non libérés,liability,unspecified,credit,0,,4-Comptes de Tiers (PASSIF) / 48-Créances et dettes hors activités ordinaires (HAO) (PASSIF) / 481-Fournisseurs d’investissements,,,,4-Comptes de Tiers (PASSIF) / 48-Créances et dettes hors activités ordinaires (HAO) (PASSIF) / 481-Fournisseurs d’investissements / 4813-Versements restant à effectuer sur titres de participation et titres immobilisés non libérés,
,4816-Réserve de propriété,liability,unspecified,credit,0,,4-Comptes de Tiers (PASSIF) / 48-Créances et dettes hors activités ordinaires (HAO) (PASSIF) / 481-Fournisseurs d’investissements,,,,4-Comptes de Tiers (PASSIF) / 48-Créances et dettes hors activités ordinaires (HAO) (PASSIF) / 481-Fournisseurs d’investissements / 4816-Réserve de propriété,
,4817-Retenues de garantie,liability,unspecified,credit,0,,4-Comptes de Tiers (PASSIF) / 48-Créances et dettes hors activités ordinaires (HAO) (PASSIF) / 481-Fournisseurs d’investissements,,,,4-Comptes de Tiers (PASSIF) / 48-Créances et dettes hors activités ordinaires (HAO) (PASSIF) / 481-Fournisseurs d’investissements / 4817-Retenues de garantie,
,4818-Factures non parvenues,liability,unspecified,credit,0,,4-Comptes de Tiers (PASSIF) / 48-Créances et dettes hors activités ordinaires (HAO) (PASSIF) / 481-Fournisseurs d’investissements,,,,4-Comptes de Tiers (PASSIF) / 48-Créances et dettes hors activités ordinaires (HAO) (PASSIF) / 481-Fournisseurs d’investissements / 4818-Factures non parvenues,
,"482-Fournisseurs d’investissements, effets à payer",liability,group,credit,1,,4-Comptes de Tiers (PASSIF) / 48-Créances et dettes hors activités ordinaires (HAO) (PASSIF),,,,"4-Comptes de Tiers (PASSIF) / 48-Créances et dettes hors activités ordinaires (HAO) (PASSIF) / 482-Fournisseurs d’investissements, effets à payer",
,4821-Immobilisations incorporelles,liability,unspecified,credit,0,,"4-Comptes de Tiers (PASSIF) / 48-Créances et dettes hors activités ordinaires (HAO) (PASSIF) / 482-Fournisseurs d’investissements, effets à payer",,,,"4-Comptes de Tiers (PASSIF) / 48-Créances et dettes hors activités ordinaires (HAO) (PASSIF) / 482-Fournisseurs d’investissements, effets à payer / 4821-Immobilisations incorporelles",
,4822-Immobilisations corporelles,liability,unspecified,credit,0,,"4-Comptes de Tiers (PASSIF) / 48-Créances et dettes hors activités ordinaires (HAO) (PASSIF) / 482-Fournisseurs d’investissements, effets à payer",,,,"4-Comptes de Tiers (PASSIF) / 48-Créances et dettes hors activités ordinaires (HAO) (PASSIF) / 482-Fournisseurs d’investissements, effets à payer / 4822-Immobilisations corporelles",
,484-Autres dettes hors activités ordinaires (HAO),liability,group,credit,1,,4-Comptes de Tiers (PASSIF) / 48-Créances et dettes hors activités ordinaires (HAO) (PASSIF),,,,4-Comptes de Tiers (PASSIF) / 48-Créances et dettes hors activités ordinaires (HAO) (PASSIF) / 484-Autres dettes hors activités ordinaires (HAO),
,4887-Produits,liability,unspecified,credit,0,,4-Comptes de Tiers (PASSIF) / 48-Créances et dettes hors activités ordinaires (HAO) (PASSIF) / 484-Autres dettes hors activités ordinaires (HAO),,,,4-Comptes de Tiers (PASSIF) / 48-Créances et dettes hors activités ordinaires (HAO) (PASSIF) / 484-Autres dettes hors activités ordinaires (HAO) / 4887-Produits,
,49-Dépréciations et provisions pour risques à court terme (tiers) (PASSIF),liability,group,credit,1,,4-Comptes de Tiers (PASSIF),,,,4-Comptes de Tiers (PASSIF) / 49-Dépréciations et provisions pour risques à court terme (tiers) (PASSIF),
,490-Dépréciations des comptes fournisseurs,liability,unspecified,credit,0,,4-Comptes de Tiers (PASSIF) / 49-Dépréciations et provisions pour risques à court terme (tiers) (PASSIF),,,,4-Comptes de Tiers (PASSIF) / 49-Dépréciations et provisions pour risques à court terme (tiers) (PASSIF) / 490-Dépréciations des comptes fournisseurs,
,492-Dépréciations des comptes personnel,liability,unspecified,credit,0,,4-Comptes de Tiers (PASSIF) / 49-Dépréciations et provisions pour risques à court terme (tiers) (PASSIF),,,,4-Comptes de Tiers (PASSIF) / 49-Dépréciations et provisions pour risques à court terme (tiers) (PASSIF) / 492-Dépréciations des comptes personnel,
,493-Dépréciations des comptes organismes sociaux,liability,unspecified,credit,0,,4-Comptes de Tiers (PASSIF) / 49-Dépréciations et provisions pour risques à court terme (tiers) (PASSIF),,,,4-Comptes de Tiers (PASSIF) / 49-Dépréciations et provisions pour risques à court terme (tiers) (PASSIF) / 493-Dépréciations des comptes organismes sociaux,
,494-Dépréciations des comptes État et collectivités publiques,liability,unspecified,credit,0,,4-Comptes de Tiers (PASSIF) / 49-Dépréciations et provisions pour risques à court terme (tiers) (PASSIF),,,,4-Comptes de Tiers (PASSIF) / 49-Dépréciations et provisions pour risques à court terme (tiers) (PASSIF) / 494-Dépréciations des comptes État et collectivités publiques,
,495-Dépréciations des comptes organismes internationaux,liability,unspecified,credit,0,,4-Comptes de Tiers (PASSIF) / 49-Dépréciations et provisions pour risques à court terme (tiers) (PASSIF),,,,4-Comptes de Tiers (PASSIF) / 49-Dépréciations et provisions pour risques à court terme (tiers) (PASSIF) / 495-Dépréciations des comptes organismes internationaux,
,5-Comptes de trésorerie,asset,group,debit,1,,,,,,5-Comptes de trésorerie,
,50-Titres de placement,asset,group,debit,1,,5-Comptes de trésorerie,,,,5-Comptes de trésorerie / 50-Titres de placement,
,501-Titres du trésor et bons de caisse à court terme,asset,group,debit,1,,5-Comptes de trésorerie / 50-Titres de placement,,,,5-Comptes de trésorerie / 50-Titres de placement / 501-Titres du trésor et bons de caisse à court terme,
,5011-Titres du Trésor à court terme,asset,unspecified,debit,0,,5-Comptes de trésorerie / 50-Titres de placement / 501-Titres du trésor et bons de caisse à court terme,,,,5-Comptes de trésorerie / 50-Titres de placement / 501-Titres du trésor et bons de caisse à court terme / 5011-Titres du Trésor à court terme,
,5012-Titres d’organismes financiers,asset,unspecified,debit,0,,5-Comptes de trésorerie / 50-Titres de placement / 501-Titres du trésor et bons de caisse à court terme,,,,5-Comptes de trésorerie / 50-Titres de placement / 501-Titres du trésor et bons de caisse à court terme / 5012-Titres d’organismes financiers,
,5013-Bons de caisse à court terme,asset,unspecified,debit,0,,5-Comptes de trésorerie / 50-Titres de placement / 501-Titres du trésor et bons de caisse à court terme,,,,5-Comptes de trésorerie / 50-Titres de placement / 501-Titres du trésor et bons de caisse à court terme / 5013-Bons de caisse à court terme,
,5016-Frais d’acquisition des titres de trésor et bons de caisse,asset,unspecified,debit,0,,5-Comptes de trésorerie / 50-Titres de placement / 501-Titres du trésor et bons de caisse à court terme,,,,5-Comptes de trésorerie / 50-Titres de placement / 501-Titres du trésor et bons de caisse à court terme / 5016-Frais d’acquisition des titres de trésor et bons de caisse,
,502-Actions,asset,group,debit,1,,5-Comptes de trésorerie / 50-Titres de placement,,,,5-Comptes de trésorerie / 50-Titres de placement / 502-Actions,
,5021-Actions ou parts propres,asset,unspecified,debit,0,,5-Comptes de trésorerie / 50-Titres de placement / 502-Actions,,,,5-Comptes de trésorerie / 50-Titres de placement / 502-Actions / 5021-Actions ou parts propres,
,5022-Actions cotées,asset,unspecified,debit,0,,5-Comptes de trésorerie / 50-Titres de placement / 502-Actions,,,,5-Comptes de trésorerie / 50-Titres de placement / 502-Actions / 5022-Actions cotées,
,5023-Actions non cotées,asset,unspecified,debit,0,,5-Comptes de trésorerie / 50-Titres de placement / 502-Actions,,,,5-Comptes de trésorerie / 50-Titres de placement / 502-Actions / 5023-Actions non cotées,
,"5024-Actions démembrées (certificats d’investissement, droits de vote)",asset,unspecified,debit,0,,5-Comptes de trésorerie / 50-Titres de placement / 502-Actions,,,,"5-Comptes de trésorerie / 50-Titres de placement / 502-Actions / 5024-Actions démembrées (certificats d’investissement, droits de vote)",
,5025-Autres actions,asset,unspecified,debit,0,,5-Comptes de trésorerie / 50-Titres de placement / 502-Actions,,,,5-Comptes de trésorerie / 50-Titres de placement / 502-Actions / 5025-Autres actions,
,5026-Frais d’acquisition des actions,asset,unspecified,debit,0,,5-Comptes de trésorerie / 50-Titres de placement / 502-Actions,,,,5-Comptes de trésorerie / 50-Titres de placement / 502-Actions / 5026-Frais d’acquisition des actions,
,503-Obligations,asset,group,debit,1,,5-Comptes de trésorerie / 50-Titres de placement,,,,5-Comptes de trésorerie / 50-Titres de placement / 503-Obligations,
,5031-Obligations émises par la société et rachetées par elle,asset,unspecified,debit,0,,5-Comptes de trésorerie / 50-Titres de placement / 503-Obligations,,,,5-Comptes de trésorerie / 50-Titres de placement / 503-Obligations / 5031-Obligations émises par la société et rachetées par elle,
,5032-Obligations cotées,asset,unspecified,debit,0,,5-Comptes de trésorerie / 50-Titres de placement / 503-Obligations,,,,5-Comptes de trésorerie / 50-Titres de placement / 503-Obligations / 5032-Obligations cotées,
,5033-Obligations non cotées,asset,unspecified,debit,0,,5-Comptes de trésorerie / 50-Titres de placement / 503-Obligations,,,,5-Comptes de trésorerie / 50-Titres de placement / 503-Obligations / 5033-Obligations non cotées,
,5035-Autres obligations,asset,unspecified,debit,0,,5-Comptes de trésorerie / 50-Titres de placement / 503-Obligations,,,,5-Comptes de trésorerie / 50-Titres de placement / 503-Obligations / 5035-Autres obligations,
,5036-Frais d’acquisition des obligations,asset,unspecified,debit,0,,5-Comptes de trésorerie / 50-Titres de placement / 503-Obligations,,,,5-Comptes de trésorerie / 50-Titres de placement / 503-Obligations / 5036-Frais d’acquisition des obligations,
,504-Bons de souscription,asset,group,debit,1,,5-Comptes de trésorerie / 50-Titres de placement,,,,5-Comptes de trésorerie / 50-Titres de placement / 504-Bons de souscription,
,5042-Bons de souscription d’actions,asset,unspecified,debit,0,,5-Comptes de trésorerie / 50-Titres de placement / 504-Bons de souscription,,,,5-Comptes de trésorerie / 50-Titres de placement / 504-Bons de souscription / 5042-Bons de souscription d’actions,
,5043-Bons de souscription d’obligations,asset,unspecified,debit,0,,5-Comptes de trésorerie / 50-Titres de placement / 504-Bons de souscription,,,,5-Comptes de trésorerie / 50-Titres de placement / 504-Bons de souscription / 5043-Bons de souscription d’obligations,
,505-Titres négociables hors région,asset,unspecified,debit,0,,5-Comptes de trésorerie / 50-Titres de placement,,,,5-Comptes de trésorerie / 50-Titres de placement / 505-Titres négociables hors région,
,506-Intérêts courus,asset,group,debit,1,,5-Comptes de trésorerie / 50-Titres de placement,,,,5-Comptes de trésorerie / 50-Titres de placement / 506-Intérêts courus,
,5061-Titres du Trésor et bons de caisse à court terme,asset,unspecified,debit,0,,5-Comptes de trésorerie / 50-Titres de placement / 506-Intérêts courus,,,,5-Comptes de trésorerie / 50-Titres de placement / 506-Intérêts courus / 5061-Titres du Trésor et bons de caisse à court terme,
,5062-Actions,asset,unspecified,debit,0,,5-Comptes de trésorerie / 50-Titres de placement / 506-Intérêts courus,,,,5-Comptes de trésorerie / 50-Titres de placement / 506-Intérêts courus / 5062-Actions,
,5063-Obligations,asset,unspecified,debit,0,,5-Comptes de trésorerie / 50-Titres de placement / 506-Intérêts courus,,,,5-Comptes de trésorerie / 50-Titres de placement / 506-Intérêts courus / 5063-Obligations,
,508-Autres titres de placement et créances assimilées,asset,unspecified,debit,0,,5-Comptes de trésorerie / 50-Titres de placement,,,,5-Comptes de trésorerie / 50-Titres de placement / 508-Autres titres de placement et créances assimilées,
,51-Valeurs à encaisser,asset,group,debit,1,,5-Comptes de trésorerie,,,,5-Comptes de trésorerie / 51-Valeurs à encaisser,
,511-Effets à encaisser,asset,unspecified,debit,0,,5-Comptes de trésorerie / 51-Valeurs à encaisser,,,,5-Comptes de trésorerie / 51-Valeurs à encaisser / 511-Effets à encaisser,
,512-Effets à l’encaissement,asset,unspecified,debit,0,,5-Comptes de trésorerie / 51-Valeurs à encaisser,,,,5-Comptes de trésorerie / 51-Valeurs à encaisser / 512-Effets à l’encaissement,
,513-Chèques à encaisser,asset,unspecified,debit,0,,5-Comptes de trésorerie / 51-Valeurs à encaisser,,,,5-Comptes de trésorerie / 51-Valeurs à encaisser / 513-Chèques à encaisser,
,514-Chèques à l’encaissement,asset,unspecified,debit,0,,5-Comptes de trésorerie / 51-Valeurs à encaisser,,,,5-Comptes de trésorerie / 51-Valeurs à encaisser / 514-Chèques à l’encaissement,
,515-Cartes de crédit à encaisser,asset,unspecified,debit,0,,5-Comptes de trésorerie / 51-Valeurs à encaisser,,,,5-Comptes de trésorerie / 51-Valeurs à encaisser / 515-Cartes de crédit à encaisser,
,518-Autres valeurs à l’encaissement,asset,group,debit,1,,5-Comptes de trésorerie / 51-Valeurs à encaisser,,,,5-Comptes de trésorerie / 51-Valeurs à encaisser / 518-Autres valeurs à l’encaissement,
,5181-Warrants,asset,unspecified,debit,0,,5-Comptes de trésorerie / 51-Valeurs à encaisser / 518-Autres valeurs à l’encaissement,,,,5-Comptes de trésorerie / 51-Valeurs à encaisser / 518-Autres valeurs à l’encaissement / 5181-Warrants,
,5182-Billets de fonds,asset,unspecified,debit,0,,5-Comptes de trésorerie / 51-Valeurs à encaisser / 518-Autres valeurs à l’encaissement,,,,5-Comptes de trésorerie / 51-Valeurs à encaisser / 518-Autres valeurs à l’encaissement / 5182-Billets de fonds,
,5185-Chèques de voyage,asset,unspecified,debit,0,,5-Comptes de trésorerie / 51-Valeurs à encaisser / 518-Autres valeurs à l’encaissement,,,,5-Comptes de trésorerie / 51-Valeurs à encaisser / 518-Autres valeurs à l’encaissement / 5185-Chèques de voyage,
,5186-Coupons échus,asset,unspecified,debit,0,,5-Comptes de trésorerie / 51-Valeurs à encaisser / 518-Autres valeurs à l’encaissement,,,,5-Comptes de trésorerie / 51-Valeurs à encaisser / 518-Autres valeurs à l’encaissement / 5186-Coupons échus,
,5187-Intérêts échus des obligations,asset,unspecified,debit,0,,5-Comptes de trésorerie / 51-Valeurs à encaisser / 518-Autres valeurs à l’encaissement,,,,5-Comptes de trésorerie / 51-Valeurs à encaisser / 518-Autres valeurs à l’encaissement / 5187-Intérêts échus des obligations,
,52-Banques,asset,group,debit,1,,5-Comptes de trésorerie,,,,5-Comptes de trésorerie / 52-Banques,
,521-Banques locales,asset,bank,debit,1,,5-Comptes de trésorerie / 52-Banques,Bank,,,5-Comptes de trésorerie / 52-Banques / 521-Banques locales,
,5211-Banques en monnaie nationale,asset,bank,debit,0,cash_bank,5-Comptes de trésorerie / 52-Banques / 521-Banques locales,Bank,,,5-Comptes de trésorerie / 52-Banques / 521-Banques locales / 5211-Banques en monnaie nationale,
,5215-Banques en devises,asset,bank,debit,0,cash_bank,5-Comptes de trésorerie / 52-Banques / 521-Banques locales,Bank,,,5-Comptes de trésorerie / 52-Banques / 521-Banques locales / 5215-Banques en devises,
,522-Banques autres États région,asset,unspecified,debit,0,,5-Comptes de trésorerie / 52-Banques,,,,5-Comptes de trésorerie / 52-Banques / 522-Banques autres États région,
,523-Banques autres États zone monétaire,asset,unspecified,debit,0,,5-Comptes de trésorerie / 52-Banques,,,,5-Comptes de trésorerie / 52-Banques / 523-Banques autres États zone monétaire,
,524-Banques hors zone monétaire,asset,unspecified,debit,0,,5-Comptes de trésorerie / 52-Banques,,,,5-Comptes de trésorerie / 52-Banques / 524-Banques hors zone monétaire,
,525-Banques dépôt à terme,asset,unspecified,debit,0,,5-Comptes de trésorerie / 52-Banques,,,,5-Comptes de trésorerie / 52-Banques / 525-Banques dépôt à terme,
,"526-Banques, intérêts courus",asset,group,debit,1,,5-Comptes de trésorerie / 52-Banques,,,,"5-Comptes de trésorerie / 52-Banques / 526-Banques, intérêts courus",
,"5261-Banque, intérêts courus, charges à payer",asset,unspecified,debit,0,,"5-Comptes de trésorerie / 52-Banques / 526-Banques, intérêts courus",,,,"5-Comptes de trésorerie / 52-Banques / 526-Banques, intérêts courus / 5261-Banque, intérêts courus, charges à payer",
,"5267-Banque, intérêts courus, produits à recevoir",asset,unspecified,debit,0,,"5-Comptes de trésorerie / 52-Banques / 526-Banques, intérêts courus",,,,"5-Comptes de trésorerie / 52-Banques / 526-Banques, intérêts courus / 5267-Banque, intérêts courus, produits à recevoir",
,53-Établissements financiers et assimilés,asset,group,debit,1,,5-Comptes de trésorerie,,,,5-Comptes de trésorerie / 53-Établissements financiers et assimilés,
,531-Chèques postaux,asset,unspecified,debit,0,,5-Comptes de trésorerie / 53-Établissements financiers et assimilés,,,,5-Comptes de trésorerie / 53-Établissements financiers et assimilés / 531-Chèques postaux,
,532-Trésor,asset,unspecified,debit,0,,5-Comptes de trésorerie / 53-Établissements financiers et assimilés,,,,5-Comptes de trésorerie / 53-Établissements financiers et assimilés / 532-Trésor,
,533-Sociétés de gestion et d’intermédiation (SGI),asset,unspecified,debit,0,,5-Comptes de trésorerie / 53-Établissements financiers et assimilés,,,,5-Comptes de trésorerie / 53-Établissements financiers et assimilés / 533-Sociétés de gestion et d’intermédiation (SGI),
,"536-Établissements financiers, intérêts courus",asset,unspecified,debit,0,,5-Comptes de trésorerie / 53-Établissements financiers et assimilés,,,,"5-Comptes de trésorerie / 53-Établissements financiers et assimilés / 536-Établissements financiers, intérêts courus",
,538-Autres organismes financiers,asset,unspecified,debit,0,,5-Comptes de trésorerie / 53-Établissements financiers et assimilés,,,,5-Comptes de trésorerie / 53-Établissements financiers et assimilés / 538-Autres organismes financiers,
,54-Instruments de trésorerie,asset,group,debit,1,,5-Comptes de trésorerie,,,,5-Comptes de trésorerie / 54-Instruments de trésorerie,
,541-Options de taux d’intérêt,asset,unspecified,debit,0,,5-Comptes de trésorerie / 54-Instruments de trésorerie,,,,5-Comptes de trésorerie / 54-Instruments de trésorerie / 541-Options de taux d’intérêt,
,542-Options de taux de change,asset,unspecified,debit,0,,5-Comptes de trésorerie / 54-Instruments de trésorerie,,,,5-Comptes de trésorerie / 54-Instruments de trésorerie / 542-Options de taux de change,
,543-Options de taux boursiers,asset,unspecified,debit,0,,5-Comptes de trésorerie / 54-Instruments de trésorerie,,,,5-Comptes de trésorerie / 54-Instruments de trésorerie / 543-Options de taux boursiers,
,544-Instruments de marchés à terme,asset,unspecified,debit,0,,5-Comptes de trésorerie / 54-Instruments de trésorerie,,,,5-Comptes de trésorerie / 54-Instruments de trésorerie / 544-Instruments de marchés à terme,
,545-Avoirs d’or et autres métaux précieux,asset,unspecified,debit,0,,5-Comptes de trésorerie / 54-Instruments de trésorerie,,,,5-Comptes de trésorerie / 54-Instruments de trésorerie / 545-Avoirs d’or et autres métaux précieux,
,55-Instruments de monnaie électronique,asset,group,debit,1,,5-Comptes de trésorerie,,,,5-Comptes de trésorerie / 55-Instruments de monnaie électronique,
,551-Monnaie électronique carte carburant,asset,unspecified,debit,0,,5-Comptes de trésorerie / 55-Instruments de monnaie électronique,,,,5-Comptes de trésorerie / 55-Instruments de monnaie électronique / 551-Monnaie électronique carte carburant,
,552-Monnaie électronique téléphone portable,asset,unspecified,debit,0,,5-Comptes de trésorerie / 55-Instruments de monnaie électronique,,,,5-Comptes de trésorerie / 55-Instruments de monnaie électronique / 552-Monnaie électronique téléphone portable,
,553-Monnaie électronique carte péage,asset,unspecified,debit,0,,5-Comptes de trésorerie / 55-Instruments de monnaie électronique,,,,5-Comptes de trésorerie / 55-Instruments de monnaie électronique / 553-Monnaie électronique carte péage,
,554-Porte-monnaie électronique,asset,unspecified,debit,0,,5-Comptes de trésorerie / 55-Instruments de monnaie électronique,,,,5-Comptes de trésorerie / 55-Instruments de monnaie électronique / 554-Porte-monnaie électronique,
,558-Autres instruments de monnaies électroniques,asset,unspecified,debit,0,,5-Comptes de trésorerie / 55-Instruments de monnaie électronique,,,,5-Comptes de trésorerie / 55-Instruments de monnaie électronique / 558-Autres instruments de monnaies électroniques,
,"56-Banques, crédits de trésorerie et d’escompte",asset,group,debit,1,,5-Comptes de trésorerie,,,,"5-Comptes de trésorerie / 56-Banques, crédits de trésorerie et d’escompte",
,561-Crédits de trésorerie,asset,unspecified,debit,0,,"5-Comptes de trésorerie / 56-Banques, crédits de trésorerie et d’escompte",,,,"5-Comptes de trésorerie / 56-Banques, crédits de trésorerie et d’escompte / 561-Crédits de trésorerie",
,564-Escompte de crédits de campagne,asset,unspecified,debit,0,,"5-Comptes de trésorerie / 56-Banques, crédits de trésorerie et d’escompte",,,,"5-Comptes de trésorerie / 56-Banques, crédits de trésorerie et d’escompte / 564-Escompte de crédits de campagne",
,565-Escompte de crédits ordinaires,asset,unspecified,debit,0,,"5-Comptes de trésorerie / 56-Banques, crédits de trésorerie et d’escompte",,,,"5-Comptes de trésorerie / 56-Banques, crédits de trésorerie et d’escompte / 565-Escompte de crédits ordinaires",
,"566-Banques, crédits de trésorerie, intérêts courus",asset,unspecified,debit,0,,"5-Comptes de trésorerie / 56-Banques, crédits de trésorerie et d’escompte",,,,"5-Comptes de trésorerie / 56-Banques, crédits de trésorerie et d’escompte / 566-Banques, crédits de trésorerie, intérêts courus",
,57-Caisse,asset,group,debit,1,,5-Comptes de trésorerie,,,,5-Comptes de trésorerie / 57-Caisse,
,571-Caisse siège social,asset,group,debit,1,,5-Comptes de trésorerie / 57-Caisse,,,,5-Comptes de trésorerie / 57-Caisse / 571-Caisse siège social,
,5711-Caisse en monnaie nationale,asset,unspecified,debit,0,,5-Comptes de trésorerie / 57-Caisse / 571-Caisse siège social,,,,5-Comptes de trésorerie / 57-Caisse / 571-Caisse siège social / 5711-Caisse en monnaie nationale,
,5712-Caisse en devises,asset,unspecified,debit,0,,5-Comptes de trésorerie / 57-Caisse / 571-Caisse siège social,,,,5-Comptes de trésorerie / 57-Caisse / 571-Caisse siège social / 5712-Caisse en devises,
,572-Caisse succursale A,asset,group,debit,1,,5-Comptes de trésorerie / 57-Caisse,,,,5-Comptes de trésorerie / 57-Caisse / 572-Caisse succursale A,
,5721-En monnaie nationale,asset,unspecified,debit,0,,5-Comptes de trésorerie / 57-Caisse / 572-Caisse succursale A,,,,5-Comptes de trésorerie / 57-Caisse / 572-Caisse succursale A / 5721-En monnaie nationale,
,5722-En devises,asset,unspecified,debit,0,,5-Comptes de trésorerie / 57-Caisse / 572-Caisse succursale A,,,,5-Comptes de trésorerie / 57-Caisse / 572-Caisse succursale A / 5722-En devises,
,573-Caisse succursale B,asset,group,debit,1,,5-Comptes de trésorerie / 57-Caisse,,,,5-Comptes de trésorerie / 57-Caisse / 573-Caisse succursale B,
,5731-En monnaie nationale,asset,unspecified,debit,0,,5-Comptes de trésorerie / 57-Caisse / 573-Caisse succursale B,,,,5-Comptes de trésorerie / 57-Caisse / 573-Caisse succursale B / 5731-En monnaie nationale,
,5732-En devises,asset,unspecified,debit,0,,5-Comptes de trésorerie / 57-Caisse / 573-Caisse succursale B,,,,5-Comptes de trésorerie / 57-Caisse / 573-Caisse succursale B / 5732-En devises,
,"58-Régies d’avances, accréditifs et virements internes",asset,group,debit,1,,5-Comptes de trésorerie,,,,"5-Comptes de trésorerie / 58-Régies d’avances, accréditifs et virements internes",
,581-Régies d’avance,asset,unspecified,debit,0,,"5-Comptes de trésorerie / 58-Régies d’avances, accréditifs et virements internes",,,,"5-Comptes de trésorerie / 58-Régies d’avances, accréditifs et virements internes / 581-Régies d’avance",
,582-Accréditifs,asset,unspecified,debit,0,,"5-Comptes de trésorerie / 58-Régies d’avances, accréditifs et virements internes",,,,"5-Comptes de trésorerie / 58-Régies d’avances, accréditifs et virements internes / 582-Accréditifs",
,585-Virements de fonds,asset,unspecified,debit,0,,"5-Comptes de trésorerie / 58-Régies d’avances, accréditifs et virements internes",,,,"5-Comptes de trésorerie / 58-Régies d’avances, accréditifs et virements internes / 585-Virements de fonds",
,588-Autres virements internes,asset,unspecified,debit,0,,"5-Comptes de trésorerie / 58-Régies d’avances, accréditifs et virements internes",,,,"5-Comptes de trésorerie / 58-Régies d’avances, accréditifs et virements internes / 588-Autres virements internes",
,59-Dépréciations et provisions pour risque à court terme,asset,group,debit,1,,5-Comptes de trésorerie,,,,5-Comptes de trésorerie / 59-Dépréciations et provisions pour risque à court terme,
,590-Dépréciations des titres de placement,asset,unspecified,debit,0,,5-Comptes de trésorerie / 59-Dépréciations et provisions pour risque à court terme,,,,5-Comptes de trésorerie / 59-Dépréciations et provisions pour risque à court terme / 590-Dépréciations des titres de placement,
,591-Dépréciations des titres et valeurs à encaisser,asset,unspecified,debit,0,,5-Comptes de trésorerie / 59-Dépréciations et provisions pour risque à court terme,,,,5-Comptes de trésorerie / 59-Dépréciations et provisions pour risque à court terme / 591-Dépréciations des titres et valeurs à encaisser,
,592-Dépréciations des comptes banques,asset,unspecified,debit,0,,5-Comptes de trésorerie / 59-Dépréciations et provisions pour risque à court terme,,,,5-Comptes de trésorerie / 59-Dépréciations et provisions pour risque à court terme / 592-Dépréciations des comptes banques,
,593-Dépréciations des comptes établissements financiers et assimilés,asset,unspecified,debit,0,,5-Comptes de trésorerie / 59-Dépréciations et provisions pour risque à court terme,,,,5-Comptes de trésorerie / 59-Dépréciations et provisions pour risque à court terme / 593-Dépréciations des comptes établissements financiers et assimilés,
,594-Dépréciations des comptes d’instruments de trésorerie,asset,unspecified,debit,0,,5-Comptes de trésorerie / 59-Dépréciations et provisions pour risque à court terme,,,,5-Comptes de trésorerie / 59-Dépréciations et provisions pour risque à court terme / 594-Dépréciations des comptes d’instruments de trésorerie,
,599-Provisions pour risque à court terme à caractère financier,asset,unspecified,debit,0,,5-Comptes de trésorerie / 59-Dépréciations et provisions pour risque à court terme,,,,5-Comptes de trésorerie / 59-Dépréciations et provisions pour risque à court terme / 599-Provisions pour risque à court terme à caractère financier,
,6-Comptes de charges des activités ordinaires,expense,group,debit,1,,,,,,6-Comptes de charges des activités ordinaires,
,60-Achats et variations de stocks,expense,group,debit,1,,6-Comptes de charges des activités ordinaires,,,,6-Comptes de charges des activités ordinaires / 60-Achats et variations de stocks,
,601-Achats de marchandises,expense,group,debit,1,,6-Comptes de charges des activités ordinaires / 60-Achats et variations de stocks,,,,6-Comptes de charges des activités ordinaires / 60-Achats et variations de stocks / 601-Achats de marchandises,
,6011-Dans la Région,expense,unspecified,debit,0,,6-Comptes de charges des activités ordinaires / 60-Achats et variations de stocks / 601-Achats de marchandises,,,,6-Comptes de charges des activités ordinaires / 60-Achats et variations de stocks / 601-Achats de marchandises / 6011-Dans la Région,
,6012-Hors Région,expense,unspecified,debit,0,,6-Comptes de charges des activités ordinaires / 60-Achats et variations de stocks / 601-Achats de marchandises,,,,6-Comptes de charges des activités ordinaires / 60-Achats et variations de stocks / 601-Achats de marchandises / 6012-Hors Région,
,6013-Aux entités du groupe dans la Région,expense,unspecified,debit,0,,6-Comptes de charges des activités ordinaires / 60-Achats et variations de stocks / 601-Achats de marchandises,,,,6-Comptes de charges des activités ordinaires / 60-Achats et variations de stocks / 601-Achats de marchandises / 6013-Aux entités du groupe dans la Région,
,6014-Aux entités du groupe hors Région,expense,unspecified,debit,0,,6-Comptes de charges des activités ordinaires / 60-Achats et variations de stocks / 601-Achats de marchandises,,,,6-Comptes de charges des activités ordinaires / 60-Achats et variations de stocks / 601-Achats de marchandises / 6014-Aux entités du groupe hors Région,
,6015-Frais sur achats,expense,unspecified,debit,0,,6-Comptes de charges des activités ordinaires / 60-Achats et variations de stocks / 601-Achats de marchandises,,,,6-Comptes de charges des activités ordinaires / 60-Achats et variations de stocks / 601-Achats de marchandises / 6015-Frais sur achats,
,"6019-Rabais, remises et ristournes obtenus (non ventilés)",expense,unspecified,debit,0,,6-Comptes de charges des activités ordinaires / 60-Achats et variations de stocks / 601-Achats de marchandises,,,,"6-Comptes de charges des activités ordinaires / 60-Achats et variations de stocks / 601-Achats de marchandises / 6019-Rabais, remises et ristournes obtenus (non ventilés)",
,602-Achats de matières premières et fournitures liées,expense,group,debit,1,,6-Comptes de charges des activités ordinaires / 60-Achats et variations de stocks,,,,6-Comptes de charges des activités ordinaires / 60-Achats et variations de stocks / 602-Achats de matières premières et fournitures liées,
,6021-Dans la Région,expense,unspecified,debit,0,,6-Comptes de charges des activités ordinaires / 60-Achats et variations de stocks / 602-Achats de matières premières et fournitures liées,,,,6-Comptes de charges des activités ordinaires / 60-Achats et variations de stocks / 602-Achats de matières premières et fournitures liées / 6021-Dans la Région,
,6022-Hors Région,expense,unspecified,debit,0,,6-Comptes de charges des activités ordinaires / 60-Achats et variations de stocks / 602-Achats de matières premières et fournitures liées,,,,6-Comptes de charges des activités ordinaires / 60-Achats et variations de stocks / 602-Achats de matières premières et fournitures liées / 6022-Hors Région,
,6023-Aux entités du groupe dans la Région,expense,unspecified,debit,0,,6-Comptes de charges des activités ordinaires / 60-Achats et variations de stocks / 602-Achats de matières premières et fournitures liées,,,,6-Comptes de charges des activités ordinaires / 60-Achats et variations de stocks / 602-Achats de matières premières et fournitures liées / 6023-Aux entités du groupe dans la Région,
,6024-Aux entités du groupe hors Région,expense,unspecified,debit,0,,6-Comptes de charges des activités ordinaires / 60-Achats et variations de stocks / 602-Achats de matières premières et fournitures liées,,,,6-Comptes de charges des activités ordinaires / 60-Achats et variations de stocks / 602-Achats de matières premières et fournitures liées / 6024-Aux entités du groupe hors Région,
,6025-Frais sur achats,expense,unspecified,debit,0,,6-Comptes de charges des activités ordinaires / 60-Achats et variations de stocks / 602-Achats de matières premières et fournitures liées,,,,6-Comptes de charges des activités ordinaires / 60-Achats et variations de stocks / 602-Achats de matières premières et fournitures liées / 6025-Frais sur achats,
,"6029-Rabais, remises et ristournes obtenus (non ventilés)",expense,unspecified,debit,0,,6-Comptes de charges des activités ordinaires / 60-Achats et variations de stocks / 602-Achats de matières premières et fournitures liées,,,,"6-Comptes de charges des activités ordinaires / 60-Achats et variations de stocks / 602-Achats de matières premières et fournitures liées / 6029-Rabais, remises et ristournes obtenus (non ventilés)",
,603-Variations des stocks de biens achetés,expense,group,debit,1,,6-Comptes de charges des activités ordinaires / 60-Achats et variations de stocks,,,,6-Comptes de charges des activités ordinaires / 60-Achats et variations de stocks / 603-Variations des stocks de biens achetés,
,6031-Variations des stocks de marchandises,expense,unspecified,debit,0,,6-Comptes de charges des activités ordinaires / 60-Achats et variations de stocks / 603-Variations des stocks de biens achetés,,,,6-Comptes de charges des activités ordinaires / 60-Achats et variations de stocks / 603-Variations des stocks de biens achetés / 6031-Variations des stocks de marchandises,
,6032-Variations des stocks de matières premières et fournitures liées,expense,unspecified,debit,0,,6-Comptes de charges des activités ordinaires / 60-Achats et variations de stocks / 603-Variations des stocks de biens achetés,,,,6-Comptes de charges des activités ordinaires / 60-Achats et variations de stocks / 603-Variations des stocks de biens achetés / 6032-Variations des stocks de matières premières et fournitures liées,
,6033-Variations des stocks d’autres approvisionnements,expense,unspecified,debit,0,,6-Comptes de charges des activités ordinaires / 60-Achats et variations de stocks / 603-Variations des stocks de biens achetés,,,,6-Comptes de charges des activités ordinaires / 60-Achats et variations de stocks / 603-Variations des stocks de biens achetés / 6033-Variations des stocks d’autres approvisionnements,
,604-Achats stockés de matières et fournitures consommables,expense,group,debit,1,,6-Comptes de charges des activités ordinaires / 60-Achats et variations de stocks,,,,6-Comptes de charges des activités ordinaires / 60-Achats et variations de stocks / 604-Achats stockés de matières et fournitures consommables,
,6041-Matières consommables,expense,unspecified,debit,0,,6-Comptes de charges des activités ordinaires / 60-Achats et variations de stocks / 604-Achats stockés de matières et fournitures consommables,,,,6-Comptes de charges des activités ordinaires / 60-Achats et variations de stocks / 604-Achats stockés de matières et fournitures consommables / 6041-Matières consommables,
,6042-Matières combustibles,expense,unspecified,debit,0,,6-Comptes de charges des activités ordinaires / 60-Achats et variations de stocks / 604-Achats stockés de matières et fournitures consommables,,,,6-Comptes de charges des activités ordinaires / 60-Achats et variations de stocks / 604-Achats stockés de matières et fournitures consommables / 6042-Matières combustibles,
,6043-Produits d’entretien,expense,unspecified,debit,0,,6-Comptes de charges des activités ordinaires / 60-Achats et variations de stocks / 604-Achats stockés de matières et fournitures consommables,,,,6-Comptes de charges des activités ordinaires / 60-Achats et variations de stocks / 604-Achats stockés de matières et fournitures consommables / 6043-Produits d’entretien,
,6044-Fournitures d’atelier et d’usine,expense,unspecified,debit,0,,6-Comptes de charges des activités ordinaires / 60-Achats et variations de stocks / 604-Achats stockés de matières et fournitures consommables,,,,6-Comptes de charges des activités ordinaires / 60-Achats et variations de stocks / 604-Achats stockés de matières et fournitures consommables / 6044-Fournitures d’atelier et d’usine,
,6045-Frais sur achat,expense,unspecified,debit,0,,6-Comptes de charges des activités ordinaires / 60-Achats et variations de stocks / 604-Achats stockés de matières et fournitures consommables,,,,6-Comptes de charges des activités ordinaires / 60-Achats et variations de stocks / 604-Achats stockés de matières et fournitures consommables / 6045-Frais sur achat,
,6046-Fournitures de magasin,expense,unspecified,debit,0,,6-Comptes de charges des activités ordinaires / 60-Achats et variations de stocks / 604-Achats stockés de matières et fournitures consommables,,,,6-Comptes de charges des activités ordinaires / 60-Achats et variations de stocks / 604-Achats stockés de matières et fournitures consommables / 6046-Fournitures de magasin,
,6047-Fournitures de bureau,expense,unspecified,debit,0,,6-Comptes de charges des activités ordinaires / 60-Achats et variations de stocks / 604-Achats stockés de matières et fournitures consommables,,,,6-Comptes de charges des activités ordinaires / 60-Achats et variations de stocks / 604-Achats stockés de matières et fournitures consommables / 6047-Fournitures de bureau,
,"6049-Rabais, remises et ristournes obtenus (non ventilés)",expense,unspecified,debit,0,,6-Comptes de charges des activités ordinaires / 60-Achats et variations de stocks / 604-Achats stockés de matières et fournitures consommables,,,,"6-Comptes de charges des activités ordinaires / 60-Achats et variations de stocks / 604-Achats stockés de matières et fournitures consommables / 6049-Rabais, remises et ristournes obtenus (non ventilés)",
,605-Autres achats,expense,group,debit,1,,6-Comptes de charges des activités ordinaires / 60-Achats et variations de stocks,,,,6-Comptes de charges des activités ordinaires / 60-Achats et variations de stocks / 605-Autres achats,
,6051-Fournitures non stockables Eau,expense,unspecified,debit,0,,6-Comptes de charges des activités ordinaires / 60-Achats et variations de stocks / 605-Autres achats,,,,6-Comptes de charges des activités ordinaires / 60-Achats et variations de stocks / 605-Autres achats / 6051-Fournitures non stockables Eau,
,6052-Fournitures non stockables Électricité,expense,unspecified,debit,0,,6-Comptes de charges des activités ordinaires / 60-Achats et variations de stocks / 605-Autres achats,,,,6-Comptes de charges des activités ordinaires / 60-Achats et variations de stocks / 605-Autres achats / 6052-Fournitures non stockables Électricité,
,6053-Fournitures non stockables Autres énergies,expense,unspecified,debit,0,,6-Comptes de charges des activités ordinaires / 60-Achats et variations de stocks / 605-Autres achats,,,,6-Comptes de charges des activités ordinaires / 60-Achats et variations de stocks / 605-Autres achats / 6053-Fournitures non stockables Autres énergies,
,6054-Fournitures d’entretien non stockables,expense,unspecified,debit,0,,6-Comptes de charges des activités ordinaires / 60-Achats et variations de stocks / 605-Autres achats,,,,6-Comptes de charges des activités ordinaires / 60-Achats et variations de stocks / 605-Autres achats / 6054-Fournitures d’entretien non stockables,
,6055-Fournitures de bureau non stockables,expense,unspecified,debit,0,,6-Comptes de charges des activités ordinaires / 60-Achats et variations de stocks / 605-Autres achats,,,,6-Comptes de charges des activités ordinaires / 60-Achats et variations de stocks / 605-Autres achats / 6055-Fournitures de bureau non stockables,
,6056-Achats de petit matériel et outillage,expense,unspecified,debit,0,,6-Comptes de charges des activités ordinaires / 60-Achats et variations de stocks / 605-Autres achats,,,,6-Comptes de charges des activités ordinaires / 60-Achats et variations de stocks / 605-Autres achats / 6056-Achats de petit matériel et outillage,
,6057-Achats d’études et prestations de services,expense,unspecified,debit,0,,6-Comptes de charges des activités ordinaires / 60-Achats et variations de stocks / 605-Autres achats,,,,6-Comptes de charges des activités ordinaires / 60-Achats et variations de stocks / 605-Autres achats / 6057-Achats d’études et prestations de services,
,"6058-Achats de travaux, matériels et équipements",expense,unspecified,debit,0,,6-Comptes de charges des activités ordinaires / 60-Achats et variations de stocks / 605-Autres achats,,,,"6-Comptes de charges des activités ordinaires / 60-Achats et variations de stocks / 605-Autres achats / 6058-Achats de travaux, matériels et équipements",
,"6059-Rabais, remises et ristournes obtenus (non ventilés)",expense,unspecified,debit,0,,6-Comptes de charges des activités ordinaires / 60-Achats et variations de stocks / 605-Autres achats,,,,"6-Comptes de charges des activités ordinaires / 60-Achats et variations de stocks / 605-Autres achats / 6059-Rabais, remises et ristournes obtenus (non ventilés)",
,608-Achats d’emballages,expense,group,debit,1,,6-Comptes de charges des activités ordinaires / 60-Achats et variations de stocks,,,,6-Comptes de charges des activités ordinaires / 60-Achats et variations de stocks / 608-Achats d’emballages,
,6081-Emballages perdus,expense,unspecified,debit,0,,6-Comptes de charges des activités ordinaires / 60-Achats et variations de stocks / 608-Achats d’emballages,,,,6-Comptes de charges des activités ordinaires / 60-Achats et variations de stocks / 608-Achats d’emballages / 6081-Emballages perdus,
,6082-Emballages récupérables non identifiables,expense,unspecified,debit,0,,6-Comptes de charges des activités ordinaires / 60-Achats et variations de stocks / 608-Achats d’emballages,,,,6-Comptes de charges des activités ordinaires / 60-Achats et variations de stocks / 608-Achats d’emballages / 6082-Emballages récupérables non identifiables,
,6083-Emballages à usage mixte,expense,unspecified,debit,0,,6-Comptes de charges des activités ordinaires / 60-Achats et variations de stocks / 608-Achats d’emballages,,,,6-Comptes de charges des activités ordinaires / 60-Achats et variations de stocks / 608-Achats d’emballages / 6083-Emballages à usage mixte,
,6085-Frais sur achats,expense,unspecified,debit,0,,6-Comptes de charges des activités ordinaires / 60-Achats et variations de stocks / 608-Achats d’emballages,,,,6-Comptes de charges des activités ordinaires / 60-Achats et variations de stocks / 608-Achats d’emballages / 6085-Frais sur achats,
,"6089-Rabais, remises et ristournes obtenus (non ventilés)",expense,unspecified,debit,0,,6-Comptes de charges des activités ordinaires / 60-Achats et variations de stocks / 608-Achats d’emballages,,,,"6-Comptes de charges des activités ordinaires / 60-Achats et variations de stocks / 608-Achats d’emballages / 6089-Rabais, remises et ristournes obtenus (non ventilés)",
,61-Transports,expense,group,debit,1,,6-Comptes de charges des activités ordinaires,,,,6-Comptes de charges des activités ordinaires / 61-Transports,
,612-Transports sur ventes,expense,unspecified,debit,0,,6-Comptes de charges des activités ordinaires / 61-Transports,,,,6-Comptes de charges des activités ordinaires / 61-Transports / 612-Transports sur ventes,
,613-Transports pour le compte de tiers,expense,unspecified,debit,0,,6-Comptes de charges des activités ordinaires / 61-Transports,,,,6-Comptes de charges des activités ordinaires / 61-Transports / 613-Transports pour le compte de tiers,
,614-Transports du personnel,expense,unspecified,debit,0,,6-Comptes de charges des activités ordinaires / 61-Transports,,,,6-Comptes de charges des activités ordinaires / 61-Transports / 614-Transports du personnel,
,616-Transports de plis,expense,unspecified,debit,0,,6-Comptes de charges des activités ordinaires / 61-Transports,,,,6-Comptes de charges des activités ordinaires / 61-Transports / 616-Transports de plis,
,618-Autres frais de transport,expense,group,debit,1,,6-Comptes de charges des activités ordinaires / 61-Transports,,,,6-Comptes de charges des activités ordinaires / 61-Transports / 618-Autres frais de transport,
,6181-Voyages et déplacements,expense,unspecified,debit,0,,6-Comptes de charges des activités ordinaires / 61-Transports / 618-Autres frais de transport,,,,6-Comptes de charges des activités ordinaires / 61-Transports / 618-Autres frais de transport / 6181-Voyages et déplacements,
,6182-Transports entre établissements ou chantiers,expense,unspecified,debit,0,,6-Comptes de charges des activités ordinaires / 61-Transports / 618-Autres frais de transport,,,,6-Comptes de charges des activités ordinaires / 61-Transports / 618-Autres frais de transport / 6182-Transports entre établissements ou chantiers,
,6183-Transports administratifs,expense,unspecified,debit,0,,6-Comptes de charges des activités ordinaires / 61-Transports / 618-Autres frais de transport,,,,6-Comptes de charges des activités ordinaires / 61-Transports / 618-Autres frais de transport / 6183-Transports administratifs,
,62-Services extérieurs,expense,group,debit,1,,6-Comptes de charges des activités ordinaires,,,,6-Comptes de charges des activités ordinaires / 62-Services extérieurs,
,621-Sous-traitance générale,expense,unspecified,debit,0,,6-Comptes de charges des activités ordinaires / 62-Services extérieurs,,,,6-Comptes de charges des activités ordinaires / 62-Services extérieurs / 621-Sous-traitance générale,
,"622-Locations, charges locatives",expense,group,debit,1,,6-Comptes de charges des activités ordinaires / 62-Services extérieurs,,,,"6-Comptes de charges des activités ordinaires / 62-Services extérieurs / 622-Locations, charges locatives",
,6221-Locations de terrains,expense,unspecified,debit,0,,"6-Comptes de charges des activités ordinaires / 62-Services extérieurs / 622-Locations, charges locatives",,,,"6-Comptes de charges des activités ordinaires / 62-Services extérieurs / 622-Locations, charges locatives / 6221-Locations de terrains",
,6222-Locations de bâtiments,expense,unspecified,debit,0,,"6-Comptes de charges des activités ordinaires / 62-Services extérieurs / 622-Locations, charges locatives",,,,"6-Comptes de charges des activités ordinaires / 62-Services extérieurs / 622-Locations, charges locatives / 6222-Locations de bâtiments",
,6223-Locations de matériels et outillages,expense,unspecified,debit,0,,"6-Comptes de charges des activités ordinaires / 62-Services extérieurs / 622-Locations, charges locatives",,,,"6-Comptes de charges des activités ordinaires / 62-Services extérieurs / 622-Locations, charges locatives / 6223-Locations de matériels et outillages",
,6224-Malis sur emballages,expense,unspecified,debit,0,,"6-Comptes de charges des activités ordinaires / 62-Services extérieurs / 622-Locations, charges locatives",,,,"6-Comptes de charges des activités ordinaires / 62-Services extérieurs / 622-Locations, charges locatives / 6224-Malis sur emballages",
,6225-Locations d’emballages,expense,unspecified,debit,0,,"6-Comptes de charges des activités ordinaires / 62-Services extérieurs / 622-Locations, charges locatives",,,,"6-Comptes de charges des activités ordinaires / 62-Services extérieurs / 622-Locations, charges locatives / 6225-Locations d’emballages",
,6226-Fermages et loyers du foncier,expense,unspecified,debit,0,,"6-Comptes de charges des activités ordinaires / 62-Services extérieurs / 622-Locations, charges locatives",,,,"6-Comptes de charges des activités ordinaires / 62-Services extérieurs / 622-Locations, charges locatives / 6226-Fermages et loyers du foncier",
,6228-Locations et charges locatives diverses,expense,unspecified,debit,0,,"6-Comptes de charges des activités ordinaires / 62-Services extérieurs / 622-Locations, charges locatives",,,,"6-Comptes de charges des activités ordinaires / 62-Services extérieurs / 622-Locations, charges locatives / 6228-Locations et charges locatives diverses",
,623-Redevances de location acquisition,expense,group,debit,1,,6-Comptes de charges des activités ordinaires / 62-Services extérieurs,,,,6-Comptes de charges des activités ordinaires / 62-Services extérieurs / 623-Redevances de location acquisition,
,6232-Crédit-bail immobilier,expense,unspecified,debit,0,,6-Comptes de charges des activités ordinaires / 62-Services extérieurs / 623-Redevances de location acquisition,,,,6-Comptes de charges des activités ordinaires / 62-Services extérieurs / 623-Redevances de location acquisition / 6232-Crédit-bail immobilier,
,6233-Crédit-bail mobilier,expense,unspecified,debit,0,,6-Comptes de charges des activités ordinaires / 62-Services extérieurs / 623-Redevances de location acquisition,,,,6-Comptes de charges des activités ordinaires / 62-Services extérieurs / 623-Redevances de location acquisition / 6233-Crédit-bail mobilier,
,6234-Location-vente,expense,unspecified,debit,0,,6-Comptes de charges des activités ordinaires / 62-Services extérieurs / 623-Redevances de location acquisition,,,,6-Comptes de charges des activités ordinaires / 62-Services extérieurs / 623-Redevances de location acquisition / 6234-Location-vente,
,6238-Autres contrats de location acquisition,expense,unspecified,debit,0,,6-Comptes de charges des activités ordinaires / 62-Services extérieurs / 623-Redevances de location acquisition,,,,6-Comptes de charges des activités ordinaires / 62-Services extérieurs / 623-Redevances de location acquisition / 6238-Autres contrats de location acquisition,
,"624-Entretien, réparations, remise en état et maintenance",expense,group,debit,1,,6-Comptes de charges des activités ordinaires / 62-Services extérieurs,,,,"6-Comptes de charges des activités ordinaires / 62-Services extérieurs / 624-Entretien, réparations, remise en état et maintenance",
,6241-Entretien et réparations des biens immobiliers,expense,unspecified,debit,0,,"6-Comptes de charges des activités ordinaires / 62-Services extérieurs / 624-Entretien, réparations, remise en état et maintenance",,,,"6-Comptes de charges des activités ordinaires / 62-Services extérieurs / 624-Entretien, réparations, remise en état et maintenance / 6241-Entretien et réparations des biens immobiliers",
,6242-Entretien et réparations des biens mobiliers,expense,unspecified,debit,0,,"6-Comptes de charges des activités ordinaires / 62-Services extérieurs / 624-Entretien, réparations, remise en état et maintenance",,,,"6-Comptes de charges des activités ordinaires / 62-Services extérieurs / 624-Entretien, réparations, remise en état et maintenance / 6242-Entretien et réparations des biens mobiliers",
,6243-Maintenance,expense,unspecified,debit,0,,"6-Comptes de charges des activités ordinaires / 62-Services extérieurs / 624-Entretien, réparations, remise en état et maintenance",,,,"6-Comptes de charges des activités ordinaires / 62-Services extérieurs / 624-Entretien, réparations, remise en état et maintenance / 6243-Maintenance",
,6244-Charges de démantèlement et remise en état,expense,unspecified,debit,0,,"6-Comptes de charges des activités ordinaires / 62-Services extérieurs / 624-Entretien, réparations, remise en état et maintenance",,,,"6-Comptes de charges des activités ordinaires / 62-Services extérieurs / 624-Entretien, réparations, remise en état et maintenance / 6244-Charges de démantèlement et remise en état",
,6248-Autres entretiens et réparations,expense,unspecified,debit,0,,"6-Comptes de charges des activités ordinaires / 62-Services extérieurs / 624-Entretien, réparations, remise en état et maintenance",,,,"6-Comptes de charges des activités ordinaires / 62-Services extérieurs / 624-Entretien, réparations, remise en état et maintenance / 6248-Autres entretiens et réparations",
,625-Primes d’assurance,expense,group,debit,1,,6-Comptes de charges des activités ordinaires / 62-Services extérieurs,,,,6-Comptes de charges des activités ordinaires / 62-Services extérieurs / 625-Primes d’assurance,
,6251-Assurances multirisques,expense,unspecified,debit,0,,6-Comptes de charges des activités ordinaires / 62-Services extérieurs / 625-Primes d’assurance,,,,6-Comptes de charges des activités ordinaires / 62-Services extérieurs / 625-Primes d’assurance / 6251-Assurances multirisques,
,6252-Assurances matériel de transport,expense,unspecified,debit,0,,6-Comptes de charges des activités ordinaires / 62-Services extérieurs / 625-Primes d’assurance,,,,6-Comptes de charges des activités ordinaires / 62-Services extérieurs / 625-Primes d’assurance / 6252-Assurances matériel de transport,
,6253-Assurances risques d’exploitation,expense,unspecified,debit,0,,6-Comptes de charges des activités ordinaires / 62-Services extérieurs / 625-Primes d’assurance,,,,6-Comptes de charges des activités ordinaires / 62-Services extérieurs / 625-Primes d’assurance / 6253-Assurances risques d’exploitation,
,6254-Assurances responsabilité du producteur,expense,unspecified,debit,0,,6-Comptes de charges des activités ordinaires / 62-Services extérieurs / 625-Primes d’assurance,,,,6-Comptes de charges des activités ordinaires / 62-Services extérieurs / 625-Primes d’assurance / 6254-Assurances responsabilité du producteur,
,6255-Assurances insolvabilité clients,expense,unspecified,debit,0,,6-Comptes de charges des activités ordinaires / 62-Services extérieurs / 625-Primes d’assurance,,,,6-Comptes de charges des activités ordinaires / 62-Services extérieurs / 625-Primes d’assurance / 6255-Assurances insolvabilité clients,
,6257-Assurances transport sur ventes,expense,unspecified,debit,0,,6-Comptes de charges des activités ordinaires / 62-Services extérieurs / 625-Primes d’assurance,,,,6-Comptes de charges des activités ordinaires / 62-Services extérieurs / 625-Primes d’assurance / 6257-Assurances transport sur ventes,
,6258-Autres primes d’assurances,expense,unspecified,debit,0,,6-Comptes de charges des activités ordinaires / 62-Services extérieurs / 625-Primes d’assurance,,,,6-Comptes de charges des activités ordinaires / 62-Services extérieurs / 625-Primes d’assurance / 6258-Autres primes d’assurances,
,"626-Études, recherches et documentation",expense,group,debit,1,,6-Comptes de charges des activités ordinaires / 62-Services extérieurs,,,,"6-Comptes de charges des activités ordinaires / 62-Services extérieurs / 626-Études, recherches et documentation",
,6261-Études et recherches,expense,unspecified,debit,0,,"6-Comptes de charges des activités ordinaires / 62-Services extérieurs / 626-Études, recherches et documentation",,,,"6-Comptes de charges des activités ordinaires / 62-Services extérieurs / 626-Études, recherches et documentation / 6261-Études et recherches",
,6265-Documentation générale,expense,unspecified,debit,0,,"6-Comptes de charges des activités ordinaires / 62-Services extérieurs / 626-Études, recherches et documentation",,,,"6-Comptes de charges des activités ordinaires / 62-Services extérieurs / 626-Études, recherches et documentation / 6265-Documentation générale",
,6266-Documentation technique,expense,unspecified,debit,0,,"6-Comptes de charges des activités ordinaires / 62-Services extérieurs / 626-Études, recherches et documentation",,,,"6-Comptes de charges des activités ordinaires / 62-Services extérieurs / 626-Études, recherches et documentation / 6266-Documentation technique",
,"627-Publicité, publications, relations publiques",expense,group,debit,1,,6-Comptes de charges des activités ordinaires / 62-Services extérieurs,,,,"6-Comptes de charges des activités ordinaires / 62-Services extérieurs / 627-Publicité, publications, relations publiques",
,"6271-Annonces, insertions",expense,unspecified,debit,0,,"6-Comptes de charges des activités ordinaires / 62-Services extérieurs / 627-Publicité, publications, relations publiques",,,,"6-Comptes de charges des activités ordinaires / 62-Services extérieurs / 627-Publicité, publications, relations publiques / 6271-Annonces, insertions",
,"6272-Catalogues, imprimés publicitaires",expense,unspecified,debit,0,,"6-Comptes de charges des activités ordinaires / 62-Services extérieurs / 627-Publicité, publications, relations publiques",,,,"6-Comptes de charges des activités ordinaires / 62-Services extérieurs / 627-Publicité, publications, relations publiques / 6272-Catalogues, imprimés publicitaires",
,6273-Échantillons,expense,unspecified,debit,0,,"6-Comptes de charges des activités ordinaires / 62-Services extérieurs / 627-Publicité, publications, relations publiques",,,,"6-Comptes de charges des activités ordinaires / 62-Services extérieurs / 627-Publicité, publications, relations publiques / 6273-Échantillons",
,6274-Foires et expositions,expense,unspecified,debit,0,,"6-Comptes de charges des activités ordinaires / 62-Services extérieurs / 627-Publicité, publications, relations publiques",,,,"6-Comptes de charges des activités ordinaires / 62-Services extérieurs / 627-Publicité, publications, relations publiques / 6274-Foires et expositions",
,6275-Publications,expense,unspecified,debit,0,,"6-Comptes de charges des activités ordinaires / 62-Services extérieurs / 627-Publicité, publications, relations publiques",,,,"6-Comptes de charges des activités ordinaires / 62-Services extérieurs / 627-Publicité, publications, relations publiques / 6275-Publications",
,6276-Cadeaux à la clientèle,expense,unspecified,debit,0,,"6-Comptes de charges des activités ordinaires / 62-Services extérieurs / 627-Publicité, publications, relations publiques",,,,"6-Comptes de charges des activités ordinaires / 62-Services extérieurs / 627-Publicité, publications, relations publiques / 6276-Cadeaux à la clientèle",
,"6277-Frais de colloques, séminaires, conférences",expense,unspecified,debit,0,,"6-Comptes de charges des activités ordinaires / 62-Services extérieurs / 627-Publicité, publications, relations publiques",,,,"6-Comptes de charges des activités ordinaires / 62-Services extérieurs / 627-Publicité, publications, relations publiques / 6277-Frais de colloques, séminaires, conférences",
,6278-Autres charges de publicité et relations publiques,expense,unspecified,debit,0,,"6-Comptes de charges des activités ordinaires / 62-Services extérieurs / 627-Publicité, publications, relations publiques",,,,"6-Comptes de charges des activités ordinaires / 62-Services extérieurs / 627-Publicité, publications, relations publiques / 6278-Autres charges de publicité et relations publiques",
,628-Frais de télécommunications,expense,group,debit,1,,6-Comptes de charges des activités ordinaires / 62-Services extérieurs,,,,6-Comptes de charges des activités ordinaires / 62-Services extérieurs / 628-Frais de télécommunications,
,6281-Frais de téléphone,expense,unspecified,debit,0,,6-Comptes de charges des activités ordinaires / 62-Services extérieurs / 628-Frais de télécommunications,,,,6-Comptes de charges des activités ordinaires / 62-Services extérieurs / 628-Frais de télécommunications / 6281-Frais de téléphone,
,6282-Frais de télex,expense,unspecified,debit,0,,6-Comptes de charges des activités ordinaires / 62-Services extérieurs / 628-Frais de télécommunications,,,,6-Comptes de charges des activités ordinaires / 62-Services extérieurs / 628-Frais de télécommunications / 6282-Frais de télex,
,6283-Frais de télécopie,expense,unspecified,debit,0,,6-Comptes de charges des activités ordinaires / 62-Services extérieurs / 628-Frais de télécommunications,,,,6-Comptes de charges des activités ordinaires / 62-Services extérieurs / 628-Frais de télécommunications / 6283-Frais de télécopie,
,6288-Autres frais de télécommunications,expense,unspecified,debit,0,,6-Comptes de charges des activités ordinaires / 62-Services extérieurs / 628-Frais de télécommunications,,,,6-Comptes de charges des activités ordinaires / 62-Services extérieurs / 628-Frais de télécommunications / 6288-Autres frais de télécommunications,
,63-Autres services extérieurs,expense,group,debit,1,,6-Comptes de charges des activités ordinaires,,,,6-Comptes de charges des activités ordinaires / 63-Autres services extérieurs,
,631-Frais bancaires,expense,group,debit,1,,6-Comptes de charges des activités ordinaires / 63-Autres services extérieurs,,,,6-Comptes de charges des activités ordinaires / 63-Autres services extérieurs / 631-Frais bancaires,
,"6311-Frais sur titres (vente, garde)",expense,unspecified,debit,0,,6-Comptes de charges des activités ordinaires / 63-Autres services extérieurs / 631-Frais bancaires,,,,"6-Comptes de charges des activités ordinaires / 63-Autres services extérieurs / 631-Frais bancaires / 6311-Frais sur titres (vente, garde)",
,6312-Frais sur effets,expense,unspecified,debit,0,,6-Comptes de charges des activités ordinaires / 63-Autres services extérieurs / 631-Frais bancaires,,,,6-Comptes de charges des activités ordinaires / 63-Autres services extérieurs / 631-Frais bancaires / 6312-Frais sur effets,
,6313-Location de coffres,expense,unspecified,debit,0,,6-Comptes de charges des activités ordinaires / 63-Autres services extérieurs / 631-Frais bancaires,,,,6-Comptes de charges des activités ordinaires / 63-Autres services extérieurs / 631-Frais bancaires / 6313-Location de coffres,
,6314-Commissions d’affacturage,expense,unspecified,debit,0,,6-Comptes de charges des activités ordinaires / 63-Autres services extérieurs / 631-Frais bancaires,,,,6-Comptes de charges des activités ordinaires / 63-Autres services extérieurs / 631-Frais bancaires / 6314-Commissions d’affacturage,
,6315-Commissions sur cartes de crédit,expense,unspecified,debit,0,,6-Comptes de charges des activités ordinaires / 63-Autres services extérieurs / 631-Frais bancaires,,,,6-Comptes de charges des activités ordinaires / 63-Autres services extérieurs / 631-Frais bancaires / 6315-Commissions sur cartes de crédit,
,6316-Frais d’émission d’emprunts,expense,unspecified,debit,0,,6-Comptes de charges des activités ordinaires / 63-Autres services extérieurs / 631-Frais bancaires,,,,6-Comptes de charges des activités ordinaires / 63-Autres services extérieurs / 631-Frais bancaires / 6316-Frais d’émission d’emprunts,
,6317-Frais sur instruments monnaie électronique,expense,unspecified,debit,0,,6-Comptes de charges des activités ordinaires / 63-Autres services extérieurs / 631-Frais bancaires,,,,6-Comptes de charges des activités ordinaires / 63-Autres services extérieurs / 631-Frais bancaires / 6317-Frais sur instruments monnaie électronique,
,6318-Autres frais bancaires,expense,unspecified,debit,0,,6-Comptes de charges des activités ordinaires / 63-Autres services extérieurs / 631-Frais bancaires,,,,6-Comptes de charges des activités ordinaires / 63-Autres services extérieurs / 631-Frais bancaires / 6318-Autres frais bancaires,
,632-Rémunérations d’intermédiaires et de conseils,expense,group,debit,1,,6-Comptes de charges des activités ordinaires / 63-Autres services extérieurs,,,,6-Comptes de charges des activités ordinaires / 63-Autres services extérieurs / 632-Rémunérations d’intermédiaires et de conseils,
,6322-Commissions et courtages sur ventes,expense,unspecified,debit,0,,6-Comptes de charges des activités ordinaires / 63-Autres services extérieurs / 632-Rémunérations d’intermédiaires et de conseils,,,,6-Comptes de charges des activités ordinaires / 63-Autres services extérieurs / 632-Rémunérations d’intermédiaires et de conseils / 6322-Commissions et courtages sur ventes,
,6324-Honoraires des professions réglementées,expense,unspecified,debit,0,,6-Comptes de charges des activités ordinaires / 63-Autres services extérieurs / 632-Rémunérations d’intermédiaires et de conseils,,,,6-Comptes de charges des activités ordinaires / 63-Autres services extérieurs / 632-Rémunérations d’intermédiaires et de conseils / 6324-Honoraires des professions réglementées,
,6325-Frais d’actes et de contentieux,expense,unspecified,debit,0,,6-Comptes de charges des activités ordinaires / 63-Autres services extérieurs / 632-Rémunérations d’intermédiaires et de conseils,,,,6-Comptes de charges des activités ordinaires / 63-Autres services extérieurs / 632-Rémunérations d’intermédiaires et de conseils / 6325-Frais d’actes et de contentieux,
,6326-Rémunérations d’affacturage,expense,unspecified,debit,0,,6-Comptes de charges des activités ordinaires / 63-Autres services extérieurs / 632-Rémunérations d’intermédiaires et de conseils,,,,6-Comptes de charges des activités ordinaires / 63-Autres services extérieurs / 632-Rémunérations d’intermédiaires et de conseils / 6326-Rémunérations d’affacturage,
,6327-Rémunérations des autres prestataires de services,expense,unspecified,debit,0,,6-Comptes de charges des activités ordinaires / 63-Autres services extérieurs / 632-Rémunérations d’intermédiaires et de conseils,,,,6-Comptes de charges des activités ordinaires / 63-Autres services extérieurs / 632-Rémunérations d’intermédiaires et de conseils / 6327-Rémunérations des autres prestataires de services,
,6328-Divers frais,expense,unspecified,debit,0,,6-Comptes de charges des activités ordinaires / 63-Autres services extérieurs / 632-Rémunérations d’intermédiaires et de conseils,,,,6-Comptes de charges des activités ordinaires / 63-Autres services extérieurs / 632-Rémunérations d’intermédiaires et de conseils / 6328-Divers frais,
,633-Frais de formation du personnel,expense,unspecified,debit,0,,6-Comptes de charges des activités ordinaires / 63-Autres services extérieurs,,,,6-Comptes de charges des activités ordinaires / 63-Autres services extérieurs / 633-Frais de formation du personnel,
,"634-Redevances pour brevets, licences, logiciels, concessions et droits et valeurs similaires",expense,group,debit,1,,6-Comptes de charges des activités ordinaires / 63-Autres services extérieurs,,,,"6-Comptes de charges des activités ordinaires / 63-Autres services extérieurs / 634-Redevances pour brevets, licences, logiciels, concessions et droits et valeurs similaires",
,"6342-Redevances pour brevets, licences",expense,unspecified,debit,0,,"6-Comptes de charges des activités ordinaires / 63-Autres services extérieurs / 634-Redevances pour brevets, licences, logiciels, concessions et droits et valeurs similaires",,,,"6-Comptes de charges des activités ordinaires / 63-Autres services extérieurs / 634-Redevances pour brevets, licences, logiciels, concessions et droits et valeurs similaires / 6342-Redevances pour brevets, licences",
,6343-Redevances pour logiciels,expense,unspecified,debit,0,,"6-Comptes de charges des activités ordinaires / 63-Autres services extérieurs / 634-Redevances pour brevets, licences, logiciels, concessions et droits et valeurs similaires",,,,"6-Comptes de charges des activités ordinaires / 63-Autres services extérieurs / 634-Redevances pour brevets, licences, logiciels, concessions et droits et valeurs similaires / 6343-Redevances pour logiciels",
,6344-Redevances pour marques,expense,unspecified,debit,0,,"6-Comptes de charges des activités ordinaires / 63-Autres services extérieurs / 634-Redevances pour brevets, licences, logiciels, concessions et droits et valeurs similaires",,,,"6-Comptes de charges des activités ordinaires / 63-Autres services extérieurs / 634-Redevances pour brevets, licences, logiciels, concessions et droits et valeurs similaires / 6344-Redevances pour marques",
,6345-Redevances pour sites internet,expense,unspecified,debit,0,,"6-Comptes de charges des activités ordinaires / 63-Autres services extérieurs / 634-Redevances pour brevets, licences, logiciels, concessions et droits et valeurs similaires",,,,"6-Comptes de charges des activités ordinaires / 63-Autres services extérieurs / 634-Redevances pour brevets, licences, logiciels, concessions et droits et valeurs similaires / 6345-Redevances pour sites internet",
,"6346-Redevances pour concessions, droits et valeurs similaires",expense,unspecified,debit,0,,"6-Comptes de charges des activités ordinaires / 63-Autres services extérieurs / 634-Redevances pour brevets, licences, logiciels, concessions et droits et valeurs similaires",,,,"6-Comptes de charges des activités ordinaires / 63-Autres services extérieurs / 634-Redevances pour brevets, licences, logiciels, concessions et droits et valeurs similaires / 6346-Redevances pour concessions, droits et valeurs similaires",
,635-Cotisations,expense,group,debit,1,,6-Comptes de charges des activités ordinaires / 63-Autres services extérieurs,,,,6-Comptes de charges des activités ordinaires / 63-Autres services extérieurs / 635-Cotisations,
,6351-Cotisations,expense,unspecified,debit,0,,6-Comptes de charges des activités ordinaires / 63-Autres services extérieurs / 635-Cotisations,,,,6-Comptes de charges des activités ordinaires / 63-Autres services extérieurs / 635-Cotisations / 6351-Cotisations,
,6358-Concours divers,expense,unspecified,debit,0,,6-Comptes de charges des activités ordinaires / 63-Autres services extérieurs / 635-Cotisations,,,,6-Comptes de charges des activités ordinaires / 63-Autres services extérieurs / 635-Cotisations / 6358-Concours divers,
,637-Rémunérations de personnel extérieur à l’entité,expense,group,debit,1,,6-Comptes de charges des activités ordinaires / 63-Autres services extérieurs,,,,6-Comptes de charges des activités ordinaires / 63-Autres services extérieurs / 637-Rémunérations de personnel extérieur à l’entité,
,6371-Personnel intérimaire,expense,unspecified,debit,0,,6-Comptes de charges des activités ordinaires / 63-Autres services extérieurs / 637-Rémunérations de personnel extérieur à l’entité,,,,6-Comptes de charges des activités ordinaires / 63-Autres services extérieurs / 637-Rémunérations de personnel extérieur à l’entité / 6371-Personnel intérimaire,
,6372-Personnel détaché ou prêté à l’entité,expense,unspecified,debit,0,,6-Comptes de charges des activités ordinaires / 63-Autres services extérieurs / 637-Rémunérations de personnel extérieur à l’entité,,,,6-Comptes de charges des activités ordinaires / 63-Autres services extérieurs / 637-Rémunérations de personnel extérieur à l’entité / 6372-Personnel détaché ou prêté à l’entité,
,638-Autres charges externes,expense,group,debit,1,,6-Comptes de charges des activités ordinaires / 63-Autres services extérieurs,,,,6-Comptes de charges des activités ordinaires / 63-Autres services extérieurs / 638-Autres charges externes,
,6381-Frais de recrutement du personnel,expense,unspecified,debit,0,,6-Comptes de charges des activités ordinaires / 63-Autres services extérieurs / 638-Autres charges externes,,,,6-Comptes de charges des activités ordinaires / 63-Autres services extérieurs / 638-Autres charges externes / 6381-Frais de recrutement du personnel,
,6382-Frais de déménagement,expense,unspecified,debit,0,,6-Comptes de charges des activités ordinaires / 63-Autres services extérieurs / 638-Autres charges externes,,,,6-Comptes de charges des activités ordinaires / 63-Autres services extérieurs / 638-Autres charges externes / 6382-Frais de déménagement,
,6383-Réceptions,expense,unspecified,debit,0,,6-Comptes de charges des activités ordinaires / 63-Autres services extérieurs / 638-Autres charges externes,,,,6-Comptes de charges des activités ordinaires / 63-Autres services extérieurs / 638-Autres charges externes / 6383-Réceptions,
,6384-Missions,expense,unspecified,debit,0,,6-Comptes de charges des activités ordinaires / 63-Autres services extérieurs / 638-Autres charges externes,,,,6-Comptes de charges des activités ordinaires / 63-Autres services extérieurs / 638-Autres charges externes / 6384-Missions,
,6385-Charges de copropriété,expense,unspecified,debit,0,,6-Comptes de charges des activités ordinaires / 63-Autres services extérieurs / 638-Autres charges externes,,,,6-Comptes de charges des activités ordinaires / 63-Autres services extérieurs / 638-Autres charges externes / 6385-Charges de copropriété,
,64-Impôts et taxes,expense,group,debit,1,,6-Comptes de charges des activités ordinaires,,,,6-Comptes de charges des activités ordinaires / 64-Impôts et taxes,
,641-Impôts et taxes directs,expense,group,debit,1,,6-Comptes de charges des activités ordinaires / 64-Impôts et taxes,,,,6-Comptes de charges des activités ordinaires / 64-Impôts et taxes / 641-Impôts et taxes directs,
,6411-Impôts fonciers et taxes annexes,expense,unspecified,debit,0,,6-Comptes de charges des activités ordinaires / 64-Impôts et taxes / 641-Impôts et taxes directs,,,,6-Comptes de charges des activités ordinaires / 64-Impôts et taxes / 641-Impôts et taxes directs / 6411-Impôts fonciers et taxes annexes,
,"6412-Patentes, licences et taxes annexes",expense,unspecified,debit,0,,6-Comptes de charges des activités ordinaires / 64-Impôts et taxes / 641-Impôts et taxes directs,,,,"6-Comptes de charges des activités ordinaires / 64-Impôts et taxes / 641-Impôts et taxes directs / 6412-Patentes, licences et taxes annexes",
,6413-Taxes sur appointements et salaires,expense,unspecified,debit,0,,6-Comptes de charges des activités ordinaires / 64-Impôts et taxes / 641-Impôts et taxes directs,,,,6-Comptes de charges des activités ordinaires / 64-Impôts et taxes / 641-Impôts et taxes directs / 6413-Taxes sur appointements et salaires,
,6414-Taxes d’apprentissage,expense,unspecified,debit,0,,6-Comptes de charges des activités ordinaires / 64-Impôts et taxes / 641-Impôts et taxes directs,,,,6-Comptes de charges des activités ordinaires / 64-Impôts et taxes / 641-Impôts et taxes directs / 6414-Taxes d’apprentissage,
,6415-Formation professionnelle continue,expense,unspecified,debit,0,,6-Comptes de charges des activités ordinaires / 64-Impôts et taxes / 641-Impôts et taxes directs,,,,6-Comptes de charges des activités ordinaires / 64-Impôts et taxes / 641-Impôts et taxes directs / 6415-Formation professionnelle continue,
,6418-Autres impôts et taxes directs,expense,unspecified,debit,0,,6-Comptes de charges des activités ordinaires / 64-Impôts et taxes / 641-Impôts et taxes directs,,,,6-Comptes de charges des activités ordinaires / 64-Impôts et taxes / 641-Impôts et taxes directs / 6418-Autres impôts et taxes directs,
,645-Impôts et taxes indirects,expense,unspecified,debit,0,,6-Comptes de charges des activités ordinaires / 64-Impôts et taxes,,,,6-Comptes de charges des activités ordinaires / 64-Impôts et taxes / 645-Impôts et taxes indirects,
,646-Droits d’enregistrement,expense,group,debit,1,,6-Comptes de charges des activités ordinaires / 64-Impôts et taxes,,,,6-Comptes de charges des activités ordinaires / 64-Impôts et taxes / 646-Droits d’enregistrement,
,6461-Droits de mutation,expense,unspecified,debit,0,,6-Comptes de charges des activités ordinaires / 64-Impôts et taxes / 646-Droits d’enregistrement,,,,6-Comptes de charges des activités ordinaires / 64-Impôts et taxes / 646-Droits d’enregistrement / 6461-Droits de mutation,
,6462-Droits de timbre,expense,unspecified,debit,0,,6-Comptes de charges des activités ordinaires / 64-Impôts et taxes / 646-Droits d’enregistrement,,,,6-Comptes de charges des activités ordinaires / 64-Impôts et taxes / 646-Droits d’enregistrement / 6462-Droits de timbre,
,6463-Taxes sur les véhicules de société,expense,unspecified,debit,0,,6-Comptes de charges des activités ordinaires / 64-Impôts et taxes / 646-Droits d’enregistrement,,,,6-Comptes de charges des activités ordinaires / 64-Impôts et taxes / 646-Droits d’enregistrement / 6463-Taxes sur les véhicules de société,
,6464-Vignettes,expense,unspecified,debit,0,,6-Comptes de charges des activités ordinaires / 64-Impôts et taxes / 646-Droits d’enregistrement,,,,6-Comptes de charges des activités ordinaires / 64-Impôts et taxes / 646-Droits d’enregistrement / 6464-Vignettes,
,6468-Autres droits,expense,unspecified,debit,0,,6-Comptes de charges des activités ordinaires / 64-Impôts et taxes / 646-Droits d’enregistrement,,,,6-Comptes de charges des activités ordinaires / 64-Impôts et taxes / 646-Droits d’enregistrement / 6468-Autres droits,
,"647-Pénalités, amendes fiscales",expense,group,debit,1,,6-Comptes de charges des activités ordinaires / 64-Impôts et taxes,,,,"6-Comptes de charges des activités ordinaires / 64-Impôts et taxes / 647-Pénalités, amendes fiscales",
,"6471-Pénalités d’assiette, impôts directs",expense,unspecified,debit,0,,"6-Comptes de charges des activités ordinaires / 64-Impôts et taxes / 647-Pénalités, amendes fiscales",,,,"6-Comptes de charges des activités ordinaires / 64-Impôts et taxes / 647-Pénalités, amendes fiscales / 6471-Pénalités d’assiette, impôts directs",
,"6472-Pénalités d’assiette, impôts indirects",expense,unspecified,debit,0,,"6-Comptes de charges des activités ordinaires / 64-Impôts et taxes / 647-Pénalités, amendes fiscales",,,,"6-Comptes de charges des activités ordinaires / 64-Impôts et taxes / 647-Pénalités, amendes fiscales / 6472-Pénalités d’assiette, impôts indirects",
,"6473-Pénalités de recouvrement, impôts directs",expense,unspecified,debit,0,,"6-Comptes de charges des activités ordinaires / 64-Impôts et taxes / 647-Pénalités, amendes fiscales",,,,"6-Comptes de charges des activités ordinaires / 64-Impôts et taxes / 647-Pénalités, amendes fiscales / 6473-Pénalités de recouvrement, impôts directs",
,"6474-Pénalités de recouvrement, impôts indirects",expense,unspecified,debit,0,,"6-Comptes de charges des activités ordinaires / 64-Impôts et taxes / 647-Pénalités, amendes fiscales",,,,"6-Comptes de charges des activités ordinaires / 64-Impôts et taxes / 647-Pénalités, amendes fiscales / 6474-Pénalités de recouvrement, impôts indirects",
,6478-Autres pénalités et amendes fiscales,expense,unspecified,debit,0,,"6-Comptes de charges des activités ordinaires / 64-Impôts et taxes / 647-Pénalités, amendes fiscales",,,,"6-Comptes de charges des activités ordinaires / 64-Impôts et taxes / 647-Pénalités, amendes fiscales / 6478-Autres pénalités et amendes fiscales",
,648-Autres impôts et taxes,expense,unspecified,debit,0,,6-Comptes de charges des activités ordinaires / 64-Impôts et taxes,,,,6-Comptes de charges des activités ordinaires / 64-Impôts et taxes / 648-Autres impôts et taxes,
,65-Autres charges,expense,group,debit,1,,6-Comptes de charges des activités ordinaires,,,,6-Comptes de charges des activités ordinaires / 65-Autres charges,
,651-Pertes sur créances clients et autres débiteurs,expense,group,debit,1,,6-Comptes de charges des activités ordinaires / 65-Autres charges,,,,6-Comptes de charges des activités ordinaires / 65-Autres charges / 651-Pertes sur créances clients et autres débiteurs,
,6511-Clients,expense,unspecified,debit,0,,6-Comptes de charges des activités ordinaires / 65-Autres charges / 651-Pertes sur créances clients et autres débiteurs,,,,6-Comptes de charges des activités ordinaires / 65-Autres charges / 651-Pertes sur créances clients et autres débiteurs / 6511-Clients,
,6515-Autres débiteurs,expense,unspecified,debit,0,,6-Comptes de charges des activités ordinaires / 65-Autres charges / 651-Pertes sur créances clients et autres débiteurs,,,,6-Comptes de charges des activités ordinaires / 65-Autres charges / 651-Pertes sur créances clients et autres débiteurs / 6515-Autres débiteurs,
,652-Quote-part de résultat sur opérations faites en commun,expense,group,debit,1,,6-Comptes de charges des activités ordinaires / 65-Autres charges,,,,6-Comptes de charges des activités ordinaires / 65-Autres charges / 652-Quote-part de résultat sur opérations faites en commun,
,6521-Quote-part transférée de bénéfices (comptabilité du gérant),expense,unspecified,debit,0,,6-Comptes de charges des activités ordinaires / 65-Autres charges / 652-Quote-part de résultat sur opérations faites en commun,,,,6-Comptes de charges des activités ordinaires / 65-Autres charges / 652-Quote-part de résultat sur opérations faites en commun / 6521-Quote-part transférée de bénéfices (comptabilité du gérant),
,6525-Pertes imputées par transfert (comptabilité des associés non gérants),expense,unspecified,debit,0,,6-Comptes de charges des activités ordinaires / 65-Autres charges / 652-Quote-part de résultat sur opérations faites en commun,,,,6-Comptes de charges des activités ordinaires / 65-Autres charges / 652-Quote-part de résultat sur opérations faites en commun / 6525-Pertes imputées par transfert (comptabilité des associés non gérants),
,654-Valeurs comptables des cessions courantes d’immobilisations,expense,group,debit,1,,6-Comptes de charges des activités ordinaires / 65-Autres charges,,,,6-Comptes de charges des activités ordinaires / 65-Autres charges / 654-Valeurs comptables des cessions courantes d’immobilisations,
,6541-Immobilisations incorporelles,expense,unspecified,debit,0,,6-Comptes de charges des activités ordinaires / 65-Autres charges / 654-Valeurs comptables des cessions courantes d’immobilisations,,,,6-Comptes de charges des activités ordinaires / 65-Autres charges / 654-Valeurs comptables des cessions courantes d’immobilisations / 6541-Immobilisations incorporelles,
,6542-Immobilisations corporelles,expense,unspecified,debit,0,,6-Comptes de charges des activités ordinaires / 65-Autres charges / 654-Valeurs comptables des cessions courantes d’immobilisations,,,,6-Comptes de charges des activités ordinaires / 65-Autres charges / 654-Valeurs comptables des cessions courantes d’immobilisations / 6542-Immobilisations corporelles,
,656-Perte de change sur créances et dettes commerciale,expense,unspecified,debit,0,,6-Comptes de charges des activités ordinaires / 65-Autres charges,,,,6-Comptes de charges des activités ordinaires / 65-Autres charges / 656-Perte de change sur créances et dettes commerciale,
,657-Pénalités et amendes pénales,expense,unspecified,debit,0,,6-Comptes de charges des activités ordinaires / 65-Autres charges,,,,6-Comptes de charges des activités ordinaires / 65-Autres charges / 657-Pénalités et amendes pénales,
,658-Charges diverses,expense,group,debit,1,,6-Comptes de charges des activités ordinaires / 65-Autres charges,,,,6-Comptes de charges des activités ordinaires / 65-Autres charges / 658-Charges diverses,
,6581-Indemnités de fonction et autres rémunérations d’administrateurs,expense,unspecified,debit,0,,6-Comptes de charges des activités ordinaires / 65-Autres charges / 658-Charges diverses,,,,6-Comptes de charges des activités ordinaires / 65-Autres charges / 658-Charges diverses / 6581-Indemnités de fonction et autres rémunérations d’administrateurs,
,6582-Dons,expense,unspecified,debit,0,,6-Comptes de charges des activités ordinaires / 65-Autres charges / 658-Charges diverses,,,,6-Comptes de charges des activités ordinaires / 65-Autres charges / 658-Charges diverses / 6582-Dons,
,6583-Mécénat,expense,unspecified,debit,0,,6-Comptes de charges des activités ordinaires / 65-Autres charges / 658-Charges diverses,,,,6-Comptes de charges des activités ordinaires / 65-Autres charges / 658-Charges diverses / 6583-Mécénat,
,6588-Autres charges diverses,expense,unspecified,debit,0,,6-Comptes de charges des activités ordinaires / 65-Autres charges / 658-Charges diverses,,,,6-Comptes de charges des activités ordinaires / 65-Autres charges / 658-Charges diverses / 6588-Autres charges diverses,
,659-Charges pour dépréciations et provisions pour risques à court terme d’exploitation,expense,group,debit,1,,6-Comptes de charges des activités ordinaires / 65-Autres charges,,,,6-Comptes de charges des activités ordinaires / 65-Autres charges / 659-Charges pour dépréciations et provisions pour risques à court terme d’exploitation,
,6591-Sur risques à court terme,expense,unspecified,debit,0,,6-Comptes de charges des activités ordinaires / 65-Autres charges / 659-Charges pour dépréciations et provisions pour risques à court terme d’exploitation,,,,6-Comptes de charges des activités ordinaires / 65-Autres charges / 659-Charges pour dépréciations et provisions pour risques à court terme d’exploitation / 6591-Sur risques à court terme,
,6593-Sur stocks,expense,unspecified,debit,0,,6-Comptes de charges des activités ordinaires / 65-Autres charges / 659-Charges pour dépréciations et provisions pour risques à court terme d’exploitation,,,,6-Comptes de charges des activités ordinaires / 65-Autres charges / 659-Charges pour dépréciations et provisions pour risques à court terme d’exploitation / 6593-Sur stocks,
,6594-Sur créances,expense,unspecified,debit,0,,6-Comptes de charges des activités ordinaires / 65-Autres charges / 659-Charges pour dépréciations et provisions pour risques à court terme d’exploitation,,,,6-Comptes de charges des activités ordinaires / 65-Autres charges / 659-Charges pour dépréciations et provisions pour risques à court terme d’exploitation / 6594-Sur créances,
,6598-Autres charges pour dépréciations et provisions pour risques à court terme,expense,unspecified,debit,0,,6-Comptes de charges des activités ordinaires / 65-Autres charges / 659-Charges pour dépréciations et provisions pour risques à court terme d’exploitation,,,,6-Comptes de charges des activités ordinaires / 65-Autres charges / 659-Charges pour dépréciations et provisions pour risques à court terme d’exploitation / 6598-Autres charges pour dépréciations et provisions pour risques à court terme,
,66-Charges de personnel,expense,group,debit,1,,6-Comptes de charges des activités ordinaires,,,,6-Comptes de charges des activités ordinaires / 66-Charges de personnel,
,661-Rémunérations directes versées au personnel national,expense,group,debit,1,,6-Comptes de charges des activités ordinaires / 66-Charges de personnel,,,,6-Comptes de charges des activités ordinaires / 66-Charges de personnel / 661-Rémunérations directes versées au personnel national,
,6611-Appointements salaires et commissions,expense,unspecified,debit,0,,6-Comptes de charges des activités ordinaires / 66-Charges de personnel / 661-Rémunérations directes versées au personnel national,,,,6-Comptes de charges des activités ordinaires / 66-Charges de personnel / 661-Rémunérations directes versées au personnel national / 6611-Appointements salaires et commissions,
,6612-Primes et gratifications,expense,unspecified,debit,0,,6-Comptes de charges des activités ordinaires / 66-Charges de personnel / 661-Rémunérations directes versées au personnel national,,,,6-Comptes de charges des activités ordinaires / 66-Charges de personnel / 661-Rémunérations directes versées au personnel national / 6612-Primes et gratifications,
,6613-Congés payés,expense,unspecified,debit,0,,6-Comptes de charges des activités ordinaires / 66-Charges de personnel / 661-Rémunérations directes versées au personnel national,,,,6-Comptes de charges des activités ordinaires / 66-Charges de personnel / 661-Rémunérations directes versées au personnel national / 6613-Congés payés,
,"6614-Indemnités de préavis, de licenciement et de recherche d’embauche",expense,unspecified,debit,0,,6-Comptes de charges des activités ordinaires / 66-Charges de personnel / 661-Rémunérations directes versées au personnel national,,,,"6-Comptes de charges des activités ordinaires / 66-Charges de personnel / 661-Rémunérations directes versées au personnel national / 6614-Indemnités de préavis, de licenciement et de recherche d’embauche",
,6615-Indemnités de maladie versées aux travailleurs,expense,unspecified,debit,0,,6-Comptes de charges des activités ordinaires / 66-Charges de personnel / 661-Rémunérations directes versées au personnel national,,,,6-Comptes de charges des activités ordinaires / 66-Charges de personnel / 661-Rémunérations directes versées au personnel national / 6615-Indemnités de maladie versées aux travailleurs,
,6616-Supplément familial,expense,unspecified,debit,0,,6-Comptes de charges des activités ordinaires / 66-Charges de personnel / 661-Rémunérations directes versées au personnel national,,,,6-Comptes de charges des activités ordinaires / 66-Charges de personnel / 661-Rémunérations directes versées au personnel national / 6616-Supplément familial,
,6617-Avantages en nature,expense,unspecified,debit,0,,6-Comptes de charges des activités ordinaires / 66-Charges de personnel / 661-Rémunérations directes versées au personnel national,,,,6-Comptes de charges des activités ordinaires / 66-Charges de personnel / 661-Rémunérations directes versées au personnel national / 6617-Avantages en nature,
,6618-Autres rémunérations directes,expense,unspecified,debit,0,,6-Comptes de charges des activités ordinaires / 66-Charges de personnel / 661-Rémunérations directes versées au personnel national,,,,6-Comptes de charges des activités ordinaires / 66-Charges de personnel / 661-Rémunérations directes versées au personnel national / 6618-Autres rémunérations directes,
,662-Rémunérations directes versées au personnel non national,expense,group,debit,1,,6-Comptes de charges des activités ordinaires / 66-Charges de personnel,,,,6-Comptes de charges des activités ordinaires / 66-Charges de personnel / 662-Rémunérations directes versées au personnel non national,
,6621-Appointements salaires et commissions,expense,unspecified,debit,0,,6-Comptes de charges des activités ordinaires / 66-Charges de personnel / 662-Rémunérations directes versées au personnel non national,,,,6-Comptes de charges des activités ordinaires / 66-Charges de personnel / 662-Rémunérations directes versées au personnel non national / 6621-Appointements salaires et commissions,
,6622-Primes et gratifications,expense,unspecified,debit,0,,6-Comptes de charges des activités ordinaires / 66-Charges de personnel / 662-Rémunérations directes versées au personnel non national,,,,6-Comptes de charges des activités ordinaires / 66-Charges de personnel / 662-Rémunérations directes versées au personnel non national / 6622-Primes et gratifications,
,6623-Congés payés,expense,unspecified,debit,0,,6-Comptes de charges des activités ordinaires / 66-Charges de personnel / 662-Rémunérations directes versées au personnel non national,,,,6-Comptes de charges des activités ordinaires / 66-Charges de personnel / 662-Rémunérations directes versées au personnel non national / 6623-Congés payés,
,"6624-Indemnités de préavis, de licenciement et de recherche d’embauche",expense,unspecified,debit,0,,6-Comptes de charges des activités ordinaires / 66-Charges de personnel / 662-Rémunérations directes versées au personnel non national,,,,"6-Comptes de charges des activités ordinaires / 66-Charges de personnel / 662-Rémunérations directes versées au personnel non national / 6624-Indemnités de préavis, de licenciement et de recherche d’embauche",
,6625-Indemnités de maladie versées aux travailleurs,expense,unspecified,debit,0,,6-Comptes de charges des activités ordinaires / 66-Charges de personnel / 662-Rémunérations directes versées au personnel non national,,,,6-Comptes de charges des activités ordinaires / 66-Charges de personnel / 662-Rémunérations directes versées au personnel non national / 6625-Indemnités de maladie versées aux travailleurs,
,6626-Supplément familial,expense,unspecified,debit,0,,6-Comptes de charges des activités ordinaires / 66-Charges de personnel / 662-Rémunérations directes versées au personnel non national,,,,6-Comptes de charges des activités ordinaires / 66-Charges de personnel / 662-Rémunérations directes versées au personnel non national / 6626-Supplément familial,
,6627-Avantages en nature,expense,unspecified,debit,0,,6-Comptes de charges des activités ordinaires / 66-Charges de personnel / 662-Rémunérations directes versées au personnel non national,,,,6-Comptes de charges des activités ordinaires / 66-Charges de personnel / 662-Rémunérations directes versées au personnel non national / 6627-Avantages en nature,
,6628-Autres rémunérations directes,expense,unspecified,debit,0,,6-Comptes de charges des activités ordinaires / 66-Charges de personnel / 662-Rémunérations directes versées au personnel non national,,,,6-Comptes de charges des activités ordinaires / 66-Charges de personnel / 662-Rémunérations directes versées au personnel non national / 6628-Autres rémunérations directes,
,663-Indemnités forfaitaires versées au personnel,expense,group,debit,1,,6-Comptes de charges des activités ordinaires / 66-Charges de personnel,,,,6-Comptes de charges des activités ordinaires / 66-Charges de personnel / 663-Indemnités forfaitaires versées au personnel,
,6631-Indemnités de logement,expense,unspecified,debit,0,,6-Comptes de charges des activités ordinaires / 66-Charges de personnel / 663-Indemnités forfaitaires versées au personnel,,,,6-Comptes de charges des activités ordinaires / 66-Charges de personnel / 663-Indemnités forfaitaires versées au personnel / 6631-Indemnités de logement,
,6632-Indemnités de représentation,expense,unspecified,debit,0,,6-Comptes de charges des activités ordinaires / 66-Charges de personnel / 663-Indemnités forfaitaires versées au personnel,,,,6-Comptes de charges des activités ordinaires / 66-Charges de personnel / 663-Indemnités forfaitaires versées au personnel / 6632-Indemnités de représentation,
,6633-Indemnités d’expatriation,expense,unspecified,debit,0,,6-Comptes de charges des activités ordinaires / 66-Charges de personnel / 663-Indemnités forfaitaires versées au personnel,,,,6-Comptes de charges des activités ordinaires / 66-Charges de personnel / 663-Indemnités forfaitaires versées au personnel / 6633-Indemnités d’expatriation,
,6634-Indemnités de transport,expense,unspecified,debit,0,,6-Comptes de charges des activités ordinaires / 66-Charges de personnel / 663-Indemnités forfaitaires versées au personnel,,,,6-Comptes de charges des activités ordinaires / 66-Charges de personnel / 663-Indemnités forfaitaires versées au personnel / 6634-Indemnités de transport,
,6638-Autres indemnités et avantages divers,expense,unspecified,debit,0,,6-Comptes de charges des activités ordinaires / 66-Charges de personnel / 663-Indemnités forfaitaires versées au personnel,,,,6-Comptes de charges des activités ordinaires / 66-Charges de personnel / 663-Indemnités forfaitaires versées au personnel / 6638-Autres indemnités et avantages divers,
,664-Charges sociales,expense,group,debit,1,,6-Comptes de charges des activités ordinaires / 66-Charges de personnel,,,,6-Comptes de charges des activités ordinaires / 66-Charges de personnel / 664-Charges sociales,
,6641-Charges sociales sur rémunération du personnel national,expense,unspecified,debit,0,,6-Comptes de charges des activités ordinaires / 66-Charges de personnel / 664-Charges sociales,,,,6-Comptes de charges des activités ordinaires / 66-Charges de personnel / 664-Charges sociales / 6641-Charges sociales sur rémunération du personnel national,
,6642-Charges sociales sur rémunération du personnel non national,expense,unspecified,debit,0,,6-Comptes de charges des activités ordinaires / 66-Charges de personnel / 664-Charges sociales,,,,6-Comptes de charges des activités ordinaires / 66-Charges de personnel / 664-Charges sociales / 6642-Charges sociales sur rémunération du personnel non national,
,666-Rémunérations et charges sociales de l’exploitant individuel,expense,group,debit,1,,6-Comptes de charges des activités ordinaires / 66-Charges de personnel,,,,6-Comptes de charges des activités ordinaires / 66-Charges de personnel / 666-Rémunérations et charges sociales de l’exploitant individuel,
,6661-Rémunération du travail de l’exploitant,expense,unspecified,debit,0,,6-Comptes de charges des activités ordinaires / 66-Charges de personnel / 666-Rémunérations et charges sociales de l’exploitant individuel,,,,6-Comptes de charges des activités ordinaires / 66-Charges de personnel / 666-Rémunérations et charges sociales de l’exploitant individuel / 6661-Rémunération du travail de l’exploitant,
,6662-Charges sociales,expense,unspecified,debit,0,,6-Comptes de charges des activités ordinaires / 66-Charges de personnel / 666-Rémunérations et charges sociales de l’exploitant individuel,,,,6-Comptes de charges des activités ordinaires / 66-Charges de personnel / 666-Rémunérations et charges sociales de l’exploitant individuel / 6662-Charges sociales,
,667-Rémunération transférée de personnel extérieur,expense,group,debit,1,,6-Comptes de charges des activités ordinaires / 66-Charges de personnel,,,,6-Comptes de charges des activités ordinaires / 66-Charges de personnel / 667-Rémunération transférée de personnel extérieur,
,6671-Personnel intérimaire,expense,unspecified,debit,0,,6-Comptes de charges des activités ordinaires / 66-Charges de personnel / 667-Rémunération transférée de personnel extérieur,,,,6-Comptes de charges des activités ordinaires / 66-Charges de personnel / 667-Rémunération transférée de personnel extérieur / 6671-Personnel intérimaire,
,6672-Personnel détaché ou prêté à l’entité,expense,unspecified,debit,0,,6-Comptes de charges des activités ordinaires / 66-Charges de personnel / 667-Rémunération transférée de personnel extérieur,,,,6-Comptes de charges des activités ordinaires / 66-Charges de personnel / 667-Rémunération transférée de personnel extérieur / 6672-Personnel détaché ou prêté à l’entité,
,668-Autres charges sociales,expense,group,debit,1,,6-Comptes de charges des activités ordinaires / 66-Charges de personnel,,,,6-Comptes de charges des activités ordinaires / 66-Charges de personnel / 668-Autres charges sociales,
,"6681-Versements aux syndicats et comités d’entreprise, d’établissement",expense,unspecified,debit,0,,6-Comptes de charges des activités ordinaires / 66-Charges de personnel / 668-Autres charges sociales,,,,"6-Comptes de charges des activités ordinaires / 66-Charges de personnel / 668-Autres charges sociales / 6681-Versements aux syndicats et comités d’entreprise, d’établissement",
,6682-Versements aux comités d’hygiène et de sécurité,expense,unspecified,debit,0,,6-Comptes de charges des activités ordinaires / 66-Charges de personnel / 668-Autres charges sociales,,,,6-Comptes de charges des activités ordinaires / 66-Charges de personnel / 668-Autres charges sociales / 6682-Versements aux comités d’hygiène et de sécurité,
,6683-Versements et contributions aux autres œuvres sociales,expense,unspecified,debit,0,,6-Comptes de charges des activités ordinaires / 66-Charges de personnel / 668-Autres charges sociales,,,,6-Comptes de charges des activités ordinaires / 66-Charges de personnel / 668-Autres charges sociales / 6683-Versements et contributions aux autres œuvres sociales,
,6684-Médecine du travail et pharmacie,expense,unspecified,debit,0,,6-Comptes de charges des activités ordinaires / 66-Charges de personnel / 668-Autres charges sociales,,,,6-Comptes de charges des activités ordinaires / 66-Charges de personnel / 668-Autres charges sociales / 6684-Médecine du travail et pharmacie,
,6685-Assurances et organismes de santé,expense,unspecified,debit,0,,6-Comptes de charges des activités ordinaires / 66-Charges de personnel / 668-Autres charges sociales,,,,6-Comptes de charges des activités ordinaires / 66-Charges de personnel / 668-Autres charges sociales / 6685-Assurances et organismes de santé,
,6686-Assurances retraite et fonds de pension,expense,unspecified,debit,0,,6-Comptes de charges des activités ordinaires / 66-Charges de personnel / 668-Autres charges sociales,,,,6-Comptes de charges des activités ordinaires / 66-Charges de personnel / 668-Autres charges sociales / 6686-Assurances retraite et fonds de pension,
,6687-Majorations et pénalités sociales,expense,unspecified,debit,0,,6-Comptes de charges des activités ordinaires / 66-Charges de personnel / 668-Autres charges sociales,,,,6-Comptes de charges des activités ordinaires / 66-Charges de personnel / 668-Autres charges sociales / 6687-Majorations et pénalités sociales,
,6688-Charges sociales diverses,expense,unspecified,debit,0,,6-Comptes de charges des activités ordinaires / 66-Charges de personnel / 668-Autres charges sociales,,,,6-Comptes de charges des activités ordinaires / 66-Charges de personnel / 668-Autres charges sociales / 6688-Charges sociales diverses,
,67-Frais financiers et charges assimilées,expense,group,debit,1,,6-Comptes de charges des activités ordinaires,,,,6-Comptes de charges des activités ordinaires / 67-Frais financiers et charges assimilées,
,671-Intérêts des emprunts,expense,group,debit,1,,6-Comptes de charges des activités ordinaires / 67-Frais financiers et charges assimilées,,,,6-Comptes de charges des activités ordinaires / 67-Frais financiers et charges assimilées / 671-Intérêts des emprunts,
,6711-Emprunts obligataires,expense,unspecified,debit,0,,6-Comptes de charges des activités ordinaires / 67-Frais financiers et charges assimilées / 671-Intérêts des emprunts,,,,6-Comptes de charges des activités ordinaires / 67-Frais financiers et charges assimilées / 671-Intérêts des emprunts / 6711-Emprunts obligataires,
,6712-Emprunts auprès des établissements de crédit,expense,unspecified,debit,0,,6-Comptes de charges des activités ordinaires / 67-Frais financiers et charges assimilées / 671-Intérêts des emprunts,,,,6-Comptes de charges des activités ordinaires / 67-Frais financiers et charges assimilées / 671-Intérêts des emprunts / 6712-Emprunts auprès des établissements de crédit,
,6713-Dettes liées à des participations,expense,unspecified,debit,0,,6-Comptes de charges des activités ordinaires / 67-Frais financiers et charges assimilées / 671-Intérêts des emprunts,,,,6-Comptes de charges des activités ordinaires / 67-Frais financiers et charges assimilées / 671-Intérêts des emprunts / 6713-Dettes liées à des participations,
,6714-Primes de remboursement des obligations,expense,unspecified,debit,0,,6-Comptes de charges des activités ordinaires / 67-Frais financiers et charges assimilées / 671-Intérêts des emprunts,,,,6-Comptes de charges des activités ordinaires / 67-Frais financiers et charges assimilées / 671-Intérêts des emprunts / 6714-Primes de remboursement des obligations,
,672-Intérêts dans loyers de location acquisition,expense,group,debit,1,,6-Comptes de charges des activités ordinaires / 67-Frais financiers et charges assimilées,,,,6-Comptes de charges des activités ordinaires / 67-Frais financiers et charges assimilées / 672-Intérêts dans loyers de location acquisition,
,6722-Intérêts dans loyers de location acquisition / crédit-bail immobilier,expense,unspecified,debit,0,,6-Comptes de charges des activités ordinaires / 67-Frais financiers et charges assimilées / 672-Intérêts dans loyers de location acquisition,,,,6-Comptes de charges des activités ordinaires / 67-Frais financiers et charges assimilées / 672-Intérêts dans loyers de location acquisition / 6722-Intérêts dans loyers de location acquisition / crédit-bail immobilier,
,6723-Intérêts dans loyers de location acquisition / crédit-bail mobilier,expense,unspecified,debit,0,,6-Comptes de charges des activités ordinaires / 67-Frais financiers et charges assimilées / 672-Intérêts dans loyers de location acquisition,,,,6-Comptes de charges des activités ordinaires / 67-Frais financiers et charges assimilées / 672-Intérêts dans loyers de location acquisition / 6723-Intérêts dans loyers de location acquisition / crédit-bail mobilier,
,6724-Intérêts dans loyers de location acquisition / location-vente,expense,unspecified,debit,0,,6-Comptes de charges des activités ordinaires / 67-Frais financiers et charges assimilées / 672-Intérêts dans loyers de location acquisition,,,,6-Comptes de charges des activités ordinaires / 67-Frais financiers et charges assimilées / 672-Intérêts dans loyers de location acquisition / 6724-Intérêts dans loyers de location acquisition / location-vente,
,6728-Intérêts dans loyers des autres locations acquisition,expense,unspecified,debit,0,,6-Comptes de charges des activités ordinaires / 67-Frais financiers et charges assimilées / 672-Intérêts dans loyers de location acquisition,,,,6-Comptes de charges des activités ordinaires / 67-Frais financiers et charges assimilées / 672-Intérêts dans loyers de location acquisition / 6728-Intérêts dans loyers des autres locations acquisition,
,673-Escomptes accordés,expense,unspecified,debit,0,,6-Comptes de charges des activités ordinaires / 67-Frais financiers et charges assimilées,,,,6-Comptes de charges des activités ordinaires / 67-Frais financiers et charges assimilées / 673-Escomptes accordés,
,674-Autres intérêts,expense,group,debit,1,,6-Comptes de charges des activités ordinaires / 67-Frais financiers et charges assimilées,,,,6-Comptes de charges des activités ordinaires / 67-Frais financiers et charges assimilées / 674-Autres intérêts,
,6741-Avances reçues et dépôts créditeurs,expense,unspecified,debit,0,,6-Comptes de charges des activités ordinaires / 67-Frais financiers et charges assimilées / 674-Autres intérêts,,,,6-Comptes de charges des activités ordinaires / 67-Frais financiers et charges assimilées / 674-Autres intérêts / 6741-Avances reçues et dépôts créditeurs,
,6742-Comptes courants bloqués,expense,unspecified,debit,0,,6-Comptes de charges des activités ordinaires / 67-Frais financiers et charges assimilées / 674-Autres intérêts,,,,6-Comptes de charges des activités ordinaires / 67-Frais financiers et charges assimilées / 674-Autres intérêts / 6742-Comptes courants bloqués,
,6743-Intérêts sur obligations cautionnées,expense,unspecified,debit,0,,6-Comptes de charges des activités ordinaires / 67-Frais financiers et charges assimilées / 674-Autres intérêts,,,,6-Comptes de charges des activités ordinaires / 67-Frais financiers et charges assimilées / 674-Autres intérêts / 6743-Intérêts sur obligations cautionnées,
,6744-Intérêts sur dettes commerciales,expense,unspecified,debit,0,,6-Comptes de charges des activités ordinaires / 67-Frais financiers et charges assimilées / 674-Autres intérêts,,,,6-Comptes de charges des activités ordinaires / 67-Frais financiers et charges assimilées / 674-Autres intérêts / 6744-Intérêts sur dettes commerciales,
,6745-Intérêts bancaires et sur opérations de financement (escompte...),expense,unspecified,debit,0,,6-Comptes de charges des activités ordinaires / 67-Frais financiers et charges assimilées / 674-Autres intérêts,,,,6-Comptes de charges des activités ordinaires / 67-Frais financiers et charges assimilées / 674-Autres intérêts / 6745-Intérêts bancaires et sur opérations de financement (escompte...),
,6748-Intérêts sur dettes diverses,expense,unspecified,debit,0,,6-Comptes de charges des activités ordinaires / 67-Frais financiers et charges assimilées / 674-Autres intérêts,,,,6-Comptes de charges des activités ordinaires / 67-Frais financiers et charges assimilées / 674-Autres intérêts / 6748-Intérêts sur dettes diverses,
,675-Escomptes des effets de commerce,expense,unspecified,debit,0,,6-Comptes de charges des activités ordinaires / 67-Frais financiers et charges assimilées,,,,6-Comptes de charges des activités ordinaires / 67-Frais financiers et charges assimilées / 675-Escomptes des effets de commerce,
,676-Pertes de change financières,expense,unspecified,debit,0,,6-Comptes de charges des activités ordinaires / 67-Frais financiers et charges assimilées,,,,6-Comptes de charges des activités ordinaires / 67-Frais financiers et charges assimilées / 676-Pertes de change financières,
,677-Pertes sur titres de placement,expense,group,debit,1,,6-Comptes de charges des activités ordinaires / 67-Frais financiers et charges assimilées,,,,6-Comptes de charges des activités ordinaires / 67-Frais financiers et charges assimilées / 677-Pertes sur titres de placement,
,6771-Pertes sur cessions de titres de placement,expense,unspecified,debit,0,,6-Comptes de charges des activités ordinaires / 67-Frais financiers et charges assimilées / 677-Pertes sur titres de placement,,,,6-Comptes de charges des activités ordinaires / 67-Frais financiers et charges assimilées / 677-Pertes sur titres de placement / 6771-Pertes sur cessions de titres de placement,
,6772-Mali provenant d’attribution gratuite d’actions au personnel salarié et aux dirigeants,expense,unspecified,debit,0,,6-Comptes de charges des activités ordinaires / 67-Frais financiers et charges assimilées / 677-Pertes sur titres de placement,,,,6-Comptes de charges des activités ordinaires / 67-Frais financiers et charges assimilées / 677-Pertes sur titres de placement / 6772-Mali provenant d’attribution gratuite d’actions au personnel salarié et aux dirigeants,
,678-Pertes et charges sur risques financiers,expense,group,debit,1,,6-Comptes de charges des activités ordinaires / 67-Frais financiers et charges assimilées,,,,6-Comptes de charges des activités ordinaires / 67-Frais financiers et charges assimilées / 678-Pertes et charges sur risques financiers,
,6781-Sur rentes viagères,expense,unspecified,debit,0,,6-Comptes de charges des activités ordinaires / 67-Frais financiers et charges assimilées / 678-Pertes et charges sur risques financiers,,,,6-Comptes de charges des activités ordinaires / 67-Frais financiers et charges assimilées / 678-Pertes et charges sur risques financiers / 6781-Sur rentes viagères,
,6782-Sur opérations financières,expense,unspecified,debit,0,,6-Comptes de charges des activités ordinaires / 67-Frais financiers et charges assimilées / 678-Pertes et charges sur risques financiers,,,,6-Comptes de charges des activités ordinaires / 67-Frais financiers et charges assimilées / 678-Pertes et charges sur risques financiers / 6782-Sur opérations financières,
,6784-Sur instruments de trésorerie,expense,unspecified,debit,0,,6-Comptes de charges des activités ordinaires / 67-Frais financiers et charges assimilées / 678-Pertes et charges sur risques financiers,,,,6-Comptes de charges des activités ordinaires / 67-Frais financiers et charges assimilées / 678-Pertes et charges sur risques financiers / 6784-Sur instruments de trésorerie,
,679-Charges pour dépréciations et provisions pour risques à court terme financières,expense,group,debit,1,,6-Comptes de charges des activités ordinaires / 67-Frais financiers et charges assimilées,,,,6-Comptes de charges des activités ordinaires / 67-Frais financiers et charges assimilées / 679-Charges pour dépréciations et provisions pour risques à court terme financières,
,6791-Sur risques financiers,expense,unspecified,debit,0,,6-Comptes de charges des activités ordinaires / 67-Frais financiers et charges assimilées / 679-Charges pour dépréciations et provisions pour risques à court terme financières,,,,6-Comptes de charges des activités ordinaires / 67-Frais financiers et charges assimilées / 679-Charges pour dépréciations et provisions pour risques à court terme financières / 6791-Sur risques financiers,
,6795-Sur titres de placement,expense,unspecified,debit,0,,6-Comptes de charges des activités ordinaires / 67-Frais financiers et charges assimilées / 679-Charges pour dépréciations et provisions pour risques à court terme financières,,,,6-Comptes de charges des activités ordinaires / 67-Frais financiers et charges assimilées / 679-Charges pour dépréciations et provisions pour risques à court terme financières / 6795-Sur titres de placement,
,6798-Autres charges pour dépréciations et provisions pour risques à court terme financières,expense,unspecified,debit,0,,6-Comptes de charges des activités ordinaires / 67-Frais financiers et charges assimilées / 679-Charges pour dépréciations et provisions pour risques à court terme financières,,,,6-Comptes de charges des activités ordinaires / 67-Frais financiers et charges assimilées / 679-Charges pour dépréciations et provisions pour risques à court terme financières / 6798-Autres charges pour dépréciations et provisions pour risques à court terme financières,
,68-Dotations aux amortissements,expense,group,debit,1,,6-Comptes de charges des activités ordinaires,,,,6-Comptes de charges des activités ordinaires / 68-Dotations aux amortissements,
,681-Dotations aux amortissements d’exploitation,expense,group,debit,1,,6-Comptes de charges des activités ordinaires / 68-Dotations aux amortissements,,,,6-Comptes de charges des activités ordinaires / 68-Dotations aux amortissements / 681-Dotations aux amortissements d’exploitation,
,6812-Dotations aux amortissements des immobilisations incorporelles,expense,unspecified,debit,0,,6-Comptes de charges des activités ordinaires / 68-Dotations aux amortissements / 681-Dotations aux amortissements d’exploitation,,,,6-Comptes de charges des activités ordinaires / 68-Dotations aux amortissements / 681-Dotations aux amortissements d’exploitation / 6812-Dotations aux amortissements des immobilisations incorporelles,
,6813-Dotations aux amortissements des immobilisations corporelles,expense,unspecified,debit,0,,6-Comptes de charges des activités ordinaires / 68-Dotations aux amortissements / 681-Dotations aux amortissements d’exploitation,,,,6-Comptes de charges des activités ordinaires / 68-Dotations aux amortissements / 681-Dotations aux amortissements d’exploitation / 6813-Dotations aux amortissements des immobilisations corporelles,
,69-Dotations aux provisions et aux dépréciations,expense,group,debit,1,,6-Comptes de charges des activités ordinaires,,,,6-Comptes de charges des activités ordinaires / 69-Dotations aux provisions et aux dépréciations,
,691-Dotations aux provisions et aux dépréciations d’exploitation,expense,group,debit,1,,6-Comptes de charges des activités ordinaires / 69-Dotations aux provisions et aux dépréciations,,,,6-Comptes de charges des activités ordinaires / 69-Dotations aux provisions et aux dépréciations / 691-Dotations aux provisions et aux dépréciations d’exploitation,
,6911-Dotations aux provisions pour risques et charges,expense,unspecified,debit,0,,6-Comptes de charges des activités ordinaires / 69-Dotations aux provisions et aux dépréciations / 691-Dotations aux provisions et aux dépréciations d’exploitation,,,,6-Comptes de charges des activités ordinaires / 69-Dotations aux provisions et aux dépréciations / 691-Dotations aux provisions et aux dépréciations d’exploitation / 6911-Dotations aux provisions pour risques et charges,
,6913-Dotations aux dépréciations des immobilisations incorporelles,expense,unspecified,debit,0,,6-Comptes de charges des activités ordinaires / 69-Dotations aux provisions et aux dépréciations / 691-Dotations aux provisions et aux dépréciations d’exploitation,,,,6-Comptes de charges des activités ordinaires / 69-Dotations aux provisions et aux dépréciations / 691-Dotations aux provisions et aux dépréciations d’exploitation / 6913-Dotations aux dépréciations des immobilisations incorporelles,
,6914-Dotations aux dépréciations des immobilisations corporelles,expense,unspecified,debit,0,,6-Comptes de charges des activités ordinaires / 69-Dotations aux provisions et aux dépréciations / 691-Dotations aux provisions et aux dépréciations d’exploitation,,,,6-Comptes de charges des activités ordinaires / 69-Dotations aux provisions et aux dépréciations / 691-Dotations aux provisions et aux dépréciations d’exploitation / 6914-Dotations aux dépréciations des immobilisations corporelles,
,697-Dotations aux provisions et aux dépréciations financières,expense,group,debit,1,,6-Comptes de charges des activités ordinaires / 69-Dotations aux provisions et aux dépréciations,,,,6-Comptes de charges des activités ordinaires / 69-Dotations aux provisions et aux dépréciations / 697-Dotations aux provisions et aux dépréciations financières,
,6971-Dotations aux provisions pour risques et charges,expense,unspecified,debit,0,,6-Comptes de charges des activités ordinaires / 69-Dotations aux provisions et aux dépréciations / 697-Dotations aux provisions et aux dépréciations financières,,,,6-Comptes de charges des activités ordinaires / 69-Dotations aux provisions et aux dépréciations / 697-Dotations aux provisions et aux dépréciations financières / 6971-Dotations aux provisions pour risques et charges,
,6972-Dotations aux dépréciations des immobilisations financières,expense,unspecified,debit,0,,6-Comptes de charges des activités ordinaires / 69-Dotations aux provisions et aux dépréciations / 697-Dotations aux provisions et aux dépréciations financières,,,,6-Comptes de charges des activités ordinaires / 69-Dotations aux provisions et aux dépréciations / 697-Dotations aux provisions et aux dépréciations financières / 6972-Dotations aux dépréciations des immobilisations financières,
,7-Comptes de produits des activités ordinaires,income,group,credit,1,,,,,,7-Comptes de produits des activités ordinaires,
,70-Ventes,income,group,credit,1,,7-Comptes de produits des activités ordinaires,,,,7-Comptes de produits des activités ordinaires / 70-Ventes,
,701-Ventes de marchandises,income,group,credit,1,,7-Comptes de produits des activités ordinaires / 70-Ventes,,,,7-Comptes de produits des activités ordinaires / 70-Ventes / 701-Ventes de marchandises,
,7011-Dans la Région,income,unspecified,credit,0,,7-Comptes de produits des activités ordinaires / 70-Ventes / 701-Ventes de marchandises,,,,7-Comptes de produits des activités ordinaires / 70-Ventes / 701-Ventes de marchandises / 7011-Dans la Région,
,7012-Hors Région,income,unspecified,credit,0,,7-Comptes de produits des activités ordinaires / 70-Ventes / 701-Ventes de marchandises,,,,7-Comptes de produits des activités ordinaires / 70-Ventes / 701-Ventes de marchandises / 7012-Hors Région,
,7013-Aux entités du groupe dans la Région,income,unspecified,credit,0,,7-Comptes de produits des activités ordinaires / 70-Ventes / 701-Ventes de marchandises,,,,7-Comptes de produits des activités ordinaires / 70-Ventes / 701-Ventes de marchandises / 7013-Aux entités du groupe dans la Région,
,7014-Aux entités du groupe hors Région,income,unspecified,credit,0,,7-Comptes de produits des activités ordinaires / 70-Ventes / 701-Ventes de marchandises,,,,7-Comptes de produits des activités ordinaires / 70-Ventes / 701-Ventes de marchandises / 7014-Aux entités du groupe hors Région,
,7015-Sur internet,income,unspecified,credit,0,,7-Comptes de produits des activités ordinaires / 70-Ventes / 701-Ventes de marchandises,,,,7-Comptes de produits des activités ordinaires / 70-Ventes / 701-Ventes de marchandises / 7015-Sur internet,
,"7019-Rabais, remises, ristournes accordés (non ventilés)",income,unspecified,credit,0,,7-Comptes de produits des activités ordinaires / 70-Ventes / 701-Ventes de marchandises,,,,"7-Comptes de produits des activités ordinaires / 70-Ventes / 701-Ventes de marchandises / 7019-Rabais, remises, ristournes accordés (non ventilés)",
,702-Ventes de produits finis,income,group,credit,1,,7-Comptes de produits des activités ordinaires / 70-Ventes,,,,7-Comptes de produits des activités ordinaires / 70-Ventes / 702-Ventes de produits finis,
,7021-Dans la Région,income,unspecified,credit,0,,7-Comptes de produits des activités ordinaires / 70-Ventes / 702-Ventes de produits finis,,,,7-Comptes de produits des activités ordinaires / 70-Ventes / 702-Ventes de produits finis / 7021-Dans la Région,
,7022-Hors Région,income,unspecified,credit,0,,7-Comptes de produits des activités ordinaires / 70-Ventes / 702-Ventes de produits finis,,,,7-Comptes de produits des activités ordinaires / 70-Ventes / 702-Ventes de produits finis / 7022-Hors Région,
,7023-Aux entités du groupe dans la Région,income,unspecified,credit,0,,7-Comptes de produits des activités ordinaires / 70-Ventes / 702-Ventes de produits finis,,,,7-Comptes de produits des activités ordinaires / 70-Ventes / 702-Ventes de produits finis / 7023-Aux entités du groupe dans la Région,
,7024-Aux entités du groupe hors Région,income,unspecified,credit,0,,7-Comptes de produits des activités ordinaires / 70-Ventes / 702-Ventes de produits finis,,,,7-Comptes de produits des activités ordinaires / 70-Ventes / 702-Ventes de produits finis / 7024-Aux entités du groupe hors Région,
,7025-Sur internet,income,unspecified,credit,0,,7-Comptes de produits des activités ordinaires / 70-Ventes / 702-Ventes de produits finis,,,,7-Comptes de produits des activités ordinaires / 70-Ventes / 702-Ventes de produits finis / 7025-Sur internet,
,"7029-Rabais, remises, ristournes accordés (non ventilés)",income,unspecified,credit,0,,7-Comptes de produits des activités ordinaires / 70-Ventes / 702-Ventes de produits finis,,,,"7-Comptes de produits des activités ordinaires / 70-Ventes / 702-Ventes de produits finis / 7029-Rabais, remises, ristournes accordés (non ventilés)",
,703-Ventes de produits intermédiaires,income,group,credit,1,,7-Comptes de produits des activités ordinaires / 70-Ventes,,,,7-Comptes de produits des activités ordinaires / 70-Ventes / 703-Ventes de produits intermédiaires,
,7031-Dans la Région,income,unspecified,credit,0,,7-Comptes de produits des activités ordinaires / 70-Ventes / 703-Ventes de produits intermédiaires,,,,7-Comptes de produits des activités ordinaires / 70-Ventes / 703-Ventes de produits intermédiaires / 7031-Dans la Région,
,7032-Hors Région,income,unspecified,credit,0,,7-Comptes de produits des activités ordinaires / 70-Ventes / 703-Ventes de produits intermédiaires,,,,7-Comptes de produits des activités ordinaires / 70-Ventes / 703-Ventes de produits intermédiaires / 7032-Hors Région,
,7033-Aux entités du groupe dans la Région,income,unspecified,credit,0,,7-Comptes de produits des activités ordinaires / 70-Ventes / 703-Ventes de produits intermédiaires,,,,7-Comptes de produits des activités ordinaires / 70-Ventes / 703-Ventes de produits intermédiaires / 7033-Aux entités du groupe dans la Région,
,7034-Aux entités du groupe hors Région,income,unspecified,credit,0,,7-Comptes de produits des activités ordinaires / 70-Ventes / 703-Ventes de produits intermédiaires,,,,7-Comptes de produits des activités ordinaires / 70-Ventes / 703-Ventes de produits intermédiaires / 7034-Aux entités du groupe hors Région,
,7035-Sur internet,income,unspecified,credit,0,,7-Comptes de produits des activités ordinaires / 70-Ventes / 703-Ventes de produits intermédiaires,,,,7-Comptes de produits des activités ordinaires / 70-Ventes / 703-Ventes de produits intermédiaires / 7035-Sur internet,
,"7039-Rabais, remises, ristournes accordés (non ventilés)",income,unspecified,credit,0,,7-Comptes de produits des activités ordinaires / 70-Ventes / 703-Ventes de produits intermédiaires,,,,"7-Comptes de produits des activités ordinaires / 70-Ventes / 703-Ventes de produits intermédiaires / 7039-Rabais, remises, ristournes accordés (non ventilés)",
,704-Ventes de produits résiduels,income,group,credit,1,,7-Comptes de produits des activités ordinaires / 70-Ventes,,,,7-Comptes de produits des activités ordinaires / 70-Ventes / 704-Ventes de produits résiduels,
,7041-Dans la Région,income,unspecified,credit,0,,7-Comptes de produits des activités ordinaires / 70-Ventes / 704-Ventes de produits résiduels,,,,7-Comptes de produits des activités ordinaires / 70-Ventes / 704-Ventes de produits résiduels / 7041-Dans la Région,
,7042-Hors Région,income,unspecified,credit,0,,7-Comptes de produits des activités ordinaires / 70-Ventes / 704-Ventes de produits résiduels,,,,7-Comptes de produits des activités ordinaires / 70-Ventes / 704-Ventes de produits résiduels / 7042-Hors Région,
,7043-Aux entités du groupe dans la Région,income,unspecified,credit,0,,7-Comptes de produits des activités ordinaires / 70-Ventes / 704-Ventes de produits résiduels,,,,7-Comptes de produits des activités ordinaires / 70-Ventes / 704-Ventes de produits résiduels / 7043-Aux entités du groupe dans la Région,
,7044-Aux entités du groupe hors Région,income,unspecified,credit,0,,7-Comptes de produits des activités ordinaires / 70-Ventes / 704-Ventes de produits résiduels,,,,7-Comptes de produits des activités ordinaires / 70-Ventes / 704-Ventes de produits résiduels / 7044-Aux entités du groupe hors Région,
,7045-Sur internet,income,unspecified,credit,0,,7-Comptes de produits des activités ordinaires / 70-Ventes / 704-Ventes de produits résiduels,,,,7-Comptes de produits des activités ordinaires / 70-Ventes / 704-Ventes de produits résiduels / 7045-Sur internet,
,"7049-Rabais, remises, ristournes accordés (non ventilés)",income,unspecified,credit,0,,7-Comptes de produits des activités ordinaires / 70-Ventes / 704-Ventes de produits résiduels,,,,"7-Comptes de produits des activités ordinaires / 70-Ventes / 704-Ventes de produits résiduels / 7049-Rabais, remises, ristournes accordés (non ventilés)",
,705-Travaux facturés,income,group,credit,1,,7-Comptes de produits des activités ordinaires / 70-Ventes,,,,7-Comptes de produits des activités ordinaires / 70-Ventes / 705-Travaux facturés,
,7051-Dans la Région,income,unspecified,credit,0,,7-Comptes de produits des activités ordinaires / 70-Ventes / 705-Travaux facturés,,,,7-Comptes de produits des activités ordinaires / 70-Ventes / 705-Travaux facturés / 7051-Dans la Région,
,7052-Hors Région,income,unspecified,credit,0,,7-Comptes de produits des activités ordinaires / 70-Ventes / 705-Travaux facturés,,,,7-Comptes de produits des activités ordinaires / 70-Ventes / 705-Travaux facturés / 7052-Hors Région,
,7053-Aux entités du groupe dans la Région,income,unspecified,credit,0,,7-Comptes de produits des activités ordinaires / 70-Ventes / 705-Travaux facturés,,,,7-Comptes de produits des activités ordinaires / 70-Ventes / 705-Travaux facturés / 7053-Aux entités du groupe dans la Région,
,7054-Aux entités du groupe hors Région,income,unspecified,credit,0,,7-Comptes de produits des activités ordinaires / 70-Ventes / 705-Travaux facturés,,,,7-Comptes de produits des activités ordinaires / 70-Ventes / 705-Travaux facturés / 7054-Aux entités du groupe hors Région,
,7055-Sur internet,income,unspecified,credit,0,,7-Comptes de produits des activités ordinaires / 70-Ventes / 705-Travaux facturés,,,,7-Comptes de produits des activités ordinaires / 70-Ventes / 705-Travaux facturés / 7055-Sur internet,
,"7059-Rabais, remises, ristournes accordés (non ventilés)",income,unspecified,credit,0,,7-Comptes de produits des activités ordinaires / 70-Ventes / 705-Travaux facturés,,,,"7-Comptes de produits des activités ordinaires / 70-Ventes / 705-Travaux facturés / 7059-Rabais, remises, ristournes accordés (non ventilés)",
,706-Services vendus,income,group,credit,1,,7-Comptes de produits des activités ordinaires / 70-Ventes,,,,7-Comptes de produits des activités ordinaires / 70-Ventes / 706-Services vendus,
,7061-Dans la Région,income,unspecified,credit,0,,7-Comptes de produits des activités ordinaires / 70-Ventes / 706-Services vendus,,,,7-Comptes de produits des activités ordinaires / 70-Ventes / 706-Services vendus / 7061-Dans la Région,
,7062-Hors Région,income,unspecified,credit,0,,7-Comptes de produits des activités ordinaires / 70-Ventes / 706-Services vendus,,,,7-Comptes de produits des activités ordinaires / 70-Ventes / 706-Services vendus / 7062-Hors Région,
,7063-Aux entités du groupe dans la Région,income,unspecified,credit,0,,7-Comptes de produits des activités ordinaires / 70-Ventes / 706-Services vendus,,,,7-Comptes de produits des activités ordinaires / 70-Ventes / 706-Services vendus / 7063-Aux entités du groupe dans la Région,
,7064-Aux entités du groupe hors Région,income,unspecified,credit,0,,7-Comptes de produits des activités ordinaires / 70-Ventes / 706-Services vendus,,,,7-Comptes de produits des activités ordinaires / 70-Ventes / 706-Services vendus / 7064-Aux entités du groupe hors Région,
,7065-Sur internet,income,unspecified,credit,0,,7-Comptes de produits des activités ordinaires / 70-Ventes / 706-Services vendus,,,,7-Comptes de produits des activités ordinaires / 70-Ventes / 706-Services vendus / 7065-Sur internet,
,"7069-Rabais, remises, ristournes accordés (non ventilés)",income,unspecified,credit,0,,7-Comptes de produits des activités ordinaires / 70-Ventes / 706-Services vendus,,,,"7-Comptes de produits des activités ordinaires / 70-Ventes / 706-Services vendus / 7069-Rabais, remises, ristournes accordés (non ventilés)",
,707-Produits accessoires,income,group,credit,1,,7-Comptes de produits des activités ordinaires / 70-Ventes,,,,7-Comptes de produits des activités ordinaires / 70-Ventes / 707-Produits accessoires,
,"7071-Ports, emballages perdus et autres frais facturés",income,unspecified,credit,0,,7-Comptes de produits des activités ordinaires / 70-Ventes / 707-Produits accessoires,,,,"7-Comptes de produits des activités ordinaires / 70-Ventes / 707-Produits accessoires / 7071-Ports, emballages perdus et autres frais facturés",
,7072-Commissions et courtages,income,unspecified,credit,0,,7-Comptes de produits des activités ordinaires / 70-Ventes / 707-Produits accessoires,,,,7-Comptes de produits des activités ordinaires / 70-Ventes / 707-Produits accessoires / 7072-Commissions et courtages,
,7073-Locations,income,unspecified,credit,0,,7-Comptes de produits des activités ordinaires / 70-Ventes / 707-Produits accessoires,,,,7-Comptes de produits des activités ordinaires / 70-Ventes / 707-Produits accessoires / 7073-Locations,
,7074-Bonis sur reprises et cessions d’emballages,income,unspecified,credit,0,,7-Comptes de produits des activités ordinaires / 70-Ventes / 707-Produits accessoires,,,,7-Comptes de produits des activités ordinaires / 70-Ventes / 707-Produits accessoires / 7074-Bonis sur reprises et cessions d’emballages,
,7075-Mise à disposition de personnel,income,unspecified,credit,0,,7-Comptes de produits des activités ordinaires / 70-Ventes / 707-Produits accessoires,,,,7-Comptes de produits des activités ordinaires / 70-Ventes / 707-Produits accessoires / 7075-Mise à disposition de personnel,
,"7076-Redevances pour brevets, logiciels, marques et droits similaires",income,unspecified,credit,0,,7-Comptes de produits des activités ordinaires / 70-Ventes / 707-Produits accessoires,,,,"7-Comptes de produits des activités ordinaires / 70-Ventes / 707-Produits accessoires / 7076-Redevances pour brevets, logiciels, marques et droits similaires",
,7077-Services exploités dans l’intérêt du personnel,income,unspecified,credit,0,,7-Comptes de produits des activités ordinaires / 70-Ventes / 707-Produits accessoires,,,,7-Comptes de produits des activités ordinaires / 70-Ventes / 707-Produits accessoires / 7077-Services exploités dans l’intérêt du personnel,
,7078-Autres produits accessoires,income,unspecified,credit,0,,7-Comptes de produits des activités ordinaires / 70-Ventes / 707-Produits accessoires,,,,7-Comptes de produits des activités ordinaires / 70-Ventes / 707-Produits accessoires / 7078-Autres produits accessoires,
,71-Subventions d’exploitation,income,group,credit,1,,7-Comptes de produits des activités ordinaires,,,,7-Comptes de produits des activités ordinaires / 71-Subventions d’exploitation,
,711-Sur produits à l’exportation,income,unspecified,credit,0,,7-Comptes de produits des activités ordinaires / 71-Subventions d’exploitation,,,,7-Comptes de produits des activités ordinaires / 71-Subventions d’exploitation / 711-Sur produits à l’exportation,
,712-Sur produits à l’importation,income,unspecified,credit,0,,7-Comptes de produits des activités ordinaires / 71-Subventions d’exploitation,,,,7-Comptes de produits des activités ordinaires / 71-Subventions d’exploitation / 712-Sur produits à l’importation,
,713-Sur produits de péréquation,income,unspecified,credit,0,,7-Comptes de produits des activités ordinaires / 71-Subventions d’exploitation,,,,7-Comptes de produits des activités ordinaires / 71-Subventions d’exploitation / 713-Sur produits de péréquation,
,714-Indemnités et subventions d’exploitation (entité agricole),income,unspecified,credit,0,,7-Comptes de produits des activités ordinaires / 71-Subventions d’exploitation,,,,7-Comptes de produits des activités ordinaires / 71-Subventions d’exploitation / 714-Indemnités et subventions d’exploitation (entité agricole),
,718-Autres subventions d’exploitation,income,group,credit,1,,7-Comptes de produits des activités ordinaires / 71-Subventions d’exploitation,,,,7-Comptes de produits des activités ordinaires / 71-Subventions d’exploitation / 718-Autres subventions d’exploitation,
,7181-Versées par l’État et les collectivités publiques,income,unspecified,credit,0,,7-Comptes de produits des activités ordinaires / 71-Subventions d’exploitation / 718-Autres subventions d’exploitation,,,,7-Comptes de produits des activités ordinaires / 71-Subventions d’exploitation / 718-Autres subventions d’exploitation / 7181-Versées par l’État et les collectivités publiques,
,7182-Versées par les organismes internationaux,income,unspecified,credit,0,,7-Comptes de produits des activités ordinaires / 71-Subventions d’exploitation / 718-Autres subventions d’exploitation,,,,7-Comptes de produits des activités ordinaires / 71-Subventions d’exploitation / 718-Autres subventions d’exploitation / 7182-Versées par les organismes internationaux,
,7183-Versées par des tiers,income,unspecified,credit,0,,7-Comptes de produits des activités ordinaires / 71-Subventions d’exploitation / 718-Autres subventions d’exploitation,,,,7-Comptes de produits des activités ordinaires / 71-Subventions d’exploitation / 718-Autres subventions d’exploitation / 7183-Versées par des tiers,
,72-Production immobilisée,income,group,credit,1,,7-Comptes de produits des activités ordinaires,,,,7-Comptes de produits des activités ordinaires / 72-Production immobilisée,
,721-Immobilisations incorporelles,income,unspecified,credit,0,,7-Comptes de produits des activités ordinaires / 72-Production immobilisée,,,,7-Comptes de produits des activités ordinaires / 72-Production immobilisée / 721-Immobilisations incorporelles,
,722-Immobilisations corporelles,income,group,credit,1,,7-Comptes de produits des activités ordinaires / 72-Production immobilisée,,,,7-Comptes de produits des activités ordinaires / 72-Production immobilisée / 722-Immobilisations corporelles,
,7221-Immobilisations corporelles (hors actifs biologiques),income,unspecified,credit,0,,7-Comptes de produits des activités ordinaires / 72-Production immobilisée / 722-Immobilisations corporelles,,,,7-Comptes de produits des activités ordinaires / 72-Production immobilisée / 722-Immobilisations corporelles / 7221-Immobilisations corporelles (hors actifs biologiques),
,7222-Immobilisations corporelles (actifs biologiques),income,unspecified,credit,0,,7-Comptes de produits des activités ordinaires / 72-Production immobilisée / 722-Immobilisations corporelles,,,,7-Comptes de produits des activités ordinaires / 72-Production immobilisée / 722-Immobilisations corporelles / 7222-Immobilisations corporelles (actifs biologiques),
,724-Production auto-consommée,income,unspecified,credit,0,,7-Comptes de produits des activités ordinaires / 72-Production immobilisée,,,,7-Comptes de produits des activités ordinaires / 72-Production immobilisée / 724-Production auto-consommée,
,726-Immobilisations financières,income,unspecified,credit,0,,7-Comptes de produits des activités ordinaires / 72-Production immobilisée,,,,7-Comptes de produits des activités ordinaires / 72-Production immobilisée / 726-Immobilisations financières,
,73-Variations des stocks de biens et de services produits,income,group,credit,1,,7-Comptes de produits des activités ordinaires,,,,7-Comptes de produits des activités ordinaires / 73-Variations des stocks de biens et de services produits,
,734-Variations des stocks de produits en cours,income,group,credit,1,,7-Comptes de produits des activités ordinaires / 73-Variations des stocks de biens et de services produits,,,,7-Comptes de produits des activités ordinaires / 73-Variations des stocks de biens et de services produits / 734-Variations des stocks de produits en cours,
,7341-Produits en cours,income,unspecified,credit,0,,7-Comptes de produits des activités ordinaires / 73-Variations des stocks de biens et de services produits / 734-Variations des stocks de produits en cours,,,,7-Comptes de produits des activités ordinaires / 73-Variations des stocks de biens et de services produits / 734-Variations des stocks de produits en cours / 7341-Produits en cours,
,7342-Travaux en cours,income,unspecified,credit,0,,7-Comptes de produits des activités ordinaires / 73-Variations des stocks de biens et de services produits / 734-Variations des stocks de produits en cours,,,,7-Comptes de produits des activités ordinaires / 73-Variations des stocks de biens et de services produits / 734-Variations des stocks de produits en cours / 7342-Travaux en cours,
,735-Variations des en-cours de services,income,group,credit,1,,7-Comptes de produits des activités ordinaires / 73-Variations des stocks de biens et de services produits,,,,7-Comptes de produits des activités ordinaires / 73-Variations des stocks de biens et de services produits / 735-Variations des en-cours de services,
,7351-Études en cours,income,unspecified,credit,0,,7-Comptes de produits des activités ordinaires / 73-Variations des stocks de biens et de services produits / 735-Variations des en-cours de services,,,,7-Comptes de produits des activités ordinaires / 73-Variations des stocks de biens et de services produits / 735-Variations des en-cours de services / 7351-Études en cours,
,7352-Prestations de services en cours,income,unspecified,credit,0,,7-Comptes de produits des activités ordinaires / 73-Variations des stocks de biens et de services produits / 735-Variations des en-cours de services,,,,7-Comptes de produits des activités ordinaires / 73-Variations des stocks de biens et de services produits / 735-Variations des en-cours de services / 7352-Prestations de services en cours,
,736-Variations des stocks de produits finis,income,unspecified,credit,0,,7-Comptes de produits des activités ordinaires / 73-Variations des stocks de biens et de services produits,,,,7-Comptes de produits des activités ordinaires / 73-Variations des stocks de biens et de services produits / 736-Variations des stocks de produits finis,
,737-Variations des stocks de produits intermédiaires et résiduels,income,group,credit,1,,7-Comptes de produits des activités ordinaires / 73-Variations des stocks de biens et de services produits,,,,7-Comptes de produits des activités ordinaires / 73-Variations des stocks de biens et de services produits / 737-Variations des stocks de produits intermédiaires et résiduels,
,7371-Produits intermédiaires,income,unspecified,credit,0,,7-Comptes de produits des activités ordinaires / 73-Variations des stocks de biens et de services produits / 737-Variations des stocks de produits intermédiaires et résiduels,,,,7-Comptes de produits des activités ordinaires / 73-Variations des stocks de biens et de services produits / 737-Variations des stocks de produits intermédiaires et résiduels / 7371-Produits intermédiaires,
,7372-Produits résiduels,income,unspecified,credit,0,,7-Comptes de produits des activités ordinaires / 73-Variations des stocks de biens et de services produits / 737-Variations des stocks de produits intermédiaires et résiduels,,,,7-Comptes de produits des activités ordinaires / 73-Variations des stocks de biens et de services produits / 737-Variations des stocks de produits intermédiaires et résiduels / 7372-Produits résiduels,
,75-Autres produits,income,group,credit,1,,7-Comptes de produits des activités ordinaires,,,,7-Comptes de produits des activités ordinaires / 75-Autres produits,
,751-Profits sur créances clients et autres débiteurs,income,unspecified,credit,0,,7-Comptes de produits des activités ordinaires / 75-Autres produits,,,,7-Comptes de produits des activités ordinaires / 75-Autres produits / 751-Profits sur créances clients et autres débiteurs,
,752-Quote-part de résultat sur opérations faites en commun,income,group,credit,1,,7-Comptes de produits des activités ordinaires / 75-Autres produits,,,,7-Comptes de produits des activités ordinaires / 75-Autres produits / 752-Quote-part de résultat sur opérations faites en commun,
,7521-Quote-part transférée de pertes (comptabilité du gérant),income,unspecified,credit,0,,7-Comptes de produits des activités ordinaires / 75-Autres produits / 752-Quote-part de résultat sur opérations faites en commun,,,,7-Comptes de produits des activités ordinaires / 75-Autres produits / 752-Quote-part de résultat sur opérations faites en commun / 7521-Quote-part transférée de pertes (comptabilité du gérant),
,7525-Bénéfices attribués par transfert (comptabilité des associés non gérants),income,unspecified,credit,0,,7-Comptes de produits des activités ordinaires / 75-Autres produits / 752-Quote-part de résultat sur opérations faites en commun,,,,7-Comptes de produits des activités ordinaires / 75-Autres produits / 752-Quote-part de résultat sur opérations faites en commun / 7525-Bénéfices attribués par transfert (comptabilité des associés non gérants),
,754-Produits des cessions courantes d’immobilisations,income,group,credit,1,,7-Comptes de produits des activités ordinaires / 75-Autres produits,,,,7-Comptes de produits des activités ordinaires / 75-Autres produits / 754-Produits des cessions courantes d’immobilisations,
,7541-Immobilisations incorporelles,income,unspecified,credit,0,,7-Comptes de produits des activités ordinaires / 75-Autres produits / 754-Produits des cessions courantes d’immobilisations,,,,7-Comptes de produits des activités ordinaires / 75-Autres produits / 754-Produits des cessions courantes d’immobilisations / 7541-Immobilisations incorporelles,
,7542-Immobilisations corporelles,income,unspecified,credit,0,,7-Comptes de produits des activités ordinaires / 75-Autres produits / 754-Produits des cessions courantes d’immobilisations,,,,7-Comptes de produits des activités ordinaires / 75-Autres produits / 754-Produits des cessions courantes d’immobilisations / 7542-Immobilisations corporelles,
,756-Gains de change sur créances et dettes commerciales,income,unspecified,credit,0,,7-Comptes de produits des activités ordinaires / 75-Autres produits,,,,7-Comptes de produits des activités ordinaires / 75-Autres produits / 756-Gains de change sur créances et dettes commerciales,
,758-Produits divers,income,group,credit,1,,7-Comptes de produits des activités ordinaires / 75-Autres produits,,,,7-Comptes de produits des activités ordinaires / 75-Autres produits / 758-Produits divers,
,7581-Indemnités de fonction et autres rémunérations d’administrateurs,income,unspecified,credit,0,,7-Comptes de produits des activités ordinaires / 75-Autres produits / 758-Produits divers,,,,7-Comptes de produits des activités ordinaires / 75-Autres produits / 758-Produits divers / 7581-Indemnités de fonction et autres rémunérations d’administrateurs,
,7582-Indemnités d’assurances reçues,income,unspecified,credit,0,,7-Comptes de produits des activités ordinaires / 75-Autres produits / 758-Produits divers,,,,7-Comptes de produits des activités ordinaires / 75-Autres produits / 758-Produits divers / 7582-Indemnités d’assurances reçues,
,7588-Autres produits divers,income,unspecified,credit,0,,7-Comptes de produits des activités ordinaires / 75-Autres produits / 758-Produits divers,,,,7-Comptes de produits des activités ordinaires / 75-Autres produits / 758-Produits divers / 7588-Autres produits divers,
,759-Reprises de charges pour dépréciations et provisions pour risques à court terme d’exploitation,income,group,credit,1,,7-Comptes de produits des activités ordinaires / 75-Autres produits,,,,7-Comptes de produits des activités ordinaires / 75-Autres produits / 759-Reprises de charges pour dépréciations et provisions pour risques à court terme d’exploitation,
,7591-Sur risques à court terme,income,unspecified,credit,0,,7-Comptes de produits des activités ordinaires / 75-Autres produits / 759-Reprises de charges pour dépréciations et provisions pour risques à court terme d’exploitation,,,,7-Comptes de produits des activités ordinaires / 75-Autres produits / 759-Reprises de charges pour dépréciations et provisions pour risques à court terme d’exploitation / 7591-Sur risques à court terme,
,7593-Sur stocks,income,unspecified,credit,0,,7-Comptes de produits des activités ordinaires / 75-Autres produits / 759-Reprises de charges pour dépréciations et provisions pour risques à court terme d’exploitation,,,,7-Comptes de produits des activités ordinaires / 75-Autres produits / 759-Reprises de charges pour dépréciations et provisions pour risques à court terme d’exploitation / 7593-Sur stocks,
,7594-Sur créances,income,unspecified,credit,0,,7-Comptes de produits des activités ordinaires / 75-Autres produits / 759-Reprises de charges pour dépréciations et provisions pour risques à court terme d’exploitation,,,,7-Comptes de produits des activités ordinaires / 75-Autres produits / 759-Reprises de charges pour dépréciations et provisions pour risques à court terme d’exploitation / 7594-Sur créances,
,7598-Sur autres charges pour dépréciations et provisions pour risques à court terme d’exploitation,income,unspecified,credit,0,,7-Comptes de produits des activités ordinaires / 75-Autres produits / 759-Reprises de charges pour dépréciations et provisions pour risques à court terme d’exploitation,,,,7-Comptes de produits des activités ordinaires / 75-Autres produits / 759-Reprises de charges pour dépréciations et provisions pour risques à court terme d’exploitation / 7598-Sur autres charges pour dépréciations et provisions pour risques à court terme d’exploitation,
,77-Revenus financiers et produits assimilés,income,group,credit,1,,7-Comptes de produits des activités ordinaires,,,,7-Comptes de produits des activités ordinaires / 77-Revenus financiers et produits assimilés,
,771-Intérêts de prêts et créances diverses,income,group,credit,1,,7-Comptes de produits des activités ordinaires / 77-Revenus financiers et produits assimilés,,,,7-Comptes de produits des activités ordinaires / 77-Revenus financiers et produits assimilés / 771-Intérêts de prêts et créances diverses,
,7712-Intérêts de prêts,income,unspecified,credit,0,,7-Comptes de produits des activités ordinaires / 77-Revenus financiers et produits assimilés / 771-Intérêts de prêts et créances diverses,,,,7-Comptes de produits des activités ordinaires / 77-Revenus financiers et produits assimilés / 771-Intérêts de prêts et créances diverses / 7712-Intérêts de prêts,
,7713-Intérêts sur créances diverses,income,unspecified,credit,0,,7-Comptes de produits des activités ordinaires / 77-Revenus financiers et produits assimilés / 771-Intérêts de prêts et créances diverses,,,,7-Comptes de produits des activités ordinaires / 77-Revenus financiers et produits assimilés / 771-Intérêts de prêts et créances diverses / 7713-Intérêts sur créances diverses,
,772-Revenus de participations et autres titres immobilisés,income,group,credit,1,,7-Comptes de produits des activités ordinaires / 77-Revenus financiers et produits assimilés,,,,7-Comptes de produits des activités ordinaires / 77-Revenus financiers et produits assimilés / 772-Revenus de participations et autres titres immobilisés,
,7721-Revenus des titres de participation,income,unspecified,credit,0,,7-Comptes de produits des activités ordinaires / 77-Revenus financiers et produits assimilés / 772-Revenus de participations et autres titres immobilisés,,,,7-Comptes de produits des activités ordinaires / 77-Revenus financiers et produits assimilés / 772-Revenus de participations et autres titres immobilisés / 7721-Revenus des titres de participation,
,7722-Revenus autres titres immobilisés,income,unspecified,credit,0,,7-Comptes de produits des activités ordinaires / 77-Revenus financiers et produits assimilés / 772-Revenus de participations et autres titres immobilisés,,,,7-Comptes de produits des activités ordinaires / 77-Revenus financiers et produits assimilés / 772-Revenus de participations et autres titres immobilisés / 7722-Revenus autres titres immobilisés,
,773-Escomptes obtenus,income,unspecified,credit,0,,7-Comptes de produits des activités ordinaires / 77-Revenus financiers et produits assimilés,,,,7-Comptes de produits des activités ordinaires / 77-Revenus financiers et produits assimilés / 773-Escomptes obtenus,
,774-Revenus de placement,income,group,credit,1,,7-Comptes de produits des activités ordinaires / 77-Revenus financiers et produits assimilés,,,,7-Comptes de produits des activités ordinaires / 77-Revenus financiers et produits assimilés / 774-Revenus de placement,
,7745-Revenus des obligations,income,unspecified,credit,0,,7-Comptes de produits des activités ordinaires / 77-Revenus financiers et produits assimilés / 774-Revenus de placement,,,,7-Comptes de produits des activités ordinaires / 77-Revenus financiers et produits assimilés / 774-Revenus de placement / 7745-Revenus des obligations,
,7746-Revenus des titres de placement,income,unspecified,credit,0,,7-Comptes de produits des activités ordinaires / 77-Revenus financiers et produits assimilés / 774-Revenus de placement,,,,7-Comptes de produits des activités ordinaires / 77-Revenus financiers et produits assimilés / 774-Revenus de placement / 7746-Revenus des titres de placement,
,775-Intérêts dans loyers de location acquisition,income,unspecified,credit,0,,7-Comptes de produits des activités ordinaires / 77-Revenus financiers et produits assimilés,,,,7-Comptes de produits des activités ordinaires / 77-Revenus financiers et produits assimilés / 775-Intérêts dans loyers de location acquisition,
,776-Gains de change financiers,income,unspecified,credit,0,,7-Comptes de produits des activités ordinaires / 77-Revenus financiers et produits assimilés,,,,7-Comptes de produits des activités ordinaires / 77-Revenus financiers et produits assimilés / 776-Gains de change financiers,
,777-Gains sur cessions de titres de placement,income,unspecified,credit,0,,7-Comptes de produits des activités ordinaires / 77-Revenus financiers et produits assimilés,,,,7-Comptes de produits des activités ordinaires / 77-Revenus financiers et produits assimilés / 777-Gains sur cessions de titres de placement,
,778-Gains sur risques financiers,income,group,credit,1,,7-Comptes de produits des activités ordinaires / 77-Revenus financiers et produits assimilés,,,,7-Comptes de produits des activités ordinaires / 77-Revenus financiers et produits assimilés / 778-Gains sur risques financiers,
,7781-Sur rentes viagères,income,unspecified,credit,0,,7-Comptes de produits des activités ordinaires / 77-Revenus financiers et produits assimilés / 778-Gains sur risques financiers,,,,7-Comptes de produits des activités ordinaires / 77-Revenus financiers et produits assimilés / 778-Gains sur risques financiers / 7781-Sur rentes viagères,
,7782-Sur opérations financières,income,unspecified,credit,0,,7-Comptes de produits des activités ordinaires / 77-Revenus financiers et produits assimilés / 778-Gains sur risques financiers,,,,7-Comptes de produits des activités ordinaires / 77-Revenus financiers et produits assimilés / 778-Gains sur risques financiers / 7782-Sur opérations financières,
,7784-Sur instruments de trésorerie,income,unspecified,credit,0,,7-Comptes de produits des activités ordinaires / 77-Revenus financiers et produits assimilés / 778-Gains sur risques financiers,,,,7-Comptes de produits des activités ordinaires / 77-Revenus financiers et produits assimilés / 778-Gains sur risques financiers / 7784-Sur instruments de trésorerie,
,779-Reprises de charges pour dépréciations et provisions à court terme financières,income,group,credit,1,,7-Comptes de produits des activités ordinaires / 77-Revenus financiers et produits assimilés,,,,7-Comptes de produits des activités ordinaires / 77-Revenus financiers et produits assimilés / 779-Reprises de charges pour dépréciations et provisions à court terme financières,
,7791-Sur risques financiers,income,unspecified,credit,0,,7-Comptes de produits des activités ordinaires / 77-Revenus financiers et produits assimilés / 779-Reprises de charges pour dépréciations et provisions à court terme financières,,,,7-Comptes de produits des activités ordinaires / 77-Revenus financiers et produits assimilés / 779-Reprises de charges pour dépréciations et provisions à court terme financières / 7791-Sur risques financiers,
,7795-Sur titres de placement,income,unspecified,credit,0,,7-Comptes de produits des activités ordinaires / 77-Revenus financiers et produits assimilés / 779-Reprises de charges pour dépréciations et provisions à court terme financières,,,,7-Comptes de produits des activités ordinaires / 77-Revenus financiers et produits assimilés / 779-Reprises de charges pour dépréciations et provisions à court terme financières / 7795-Sur titres de placement,
,7798-Sur autres charges pour dépréciations et provisions pour risques à court terme financières,income,unspecified,credit,0,,7-Comptes de produits des activités ordinaires / 77-Revenus financiers et produits assimilés / 779-Reprises de charges pour dépréciations et provisions à court terme financières,,,,7-Comptes de produits des activités ordinaires / 77-Revenus financiers et produits assimilés / 779-Reprises de charges pour dépréciations et provisions à court terme financières / 7798-Sur autres charges pour dépréciations et provisions pour risques à court terme financières,
,78-Transferts de charges,income,group,credit,1,,7-Comptes de produits des activités ordinaires,,,,7-Comptes de produits des activités ordinaires / 78-Transferts de charges,
,781-Transferts de charges d’exploitation,income,unspecified,credit,0,,7-Comptes de produits des activités ordinaires / 78-Transferts de charges,,,,7-Comptes de produits des activités ordinaires / 78-Transferts de charges / 781-Transferts de charges d’exploitation,
,787-Transferts de charges financières,income,unspecified,credit,0,,7-Comptes de produits des activités ordinaires / 78-Transferts de charges,,,,7-Comptes de produits des activités ordinaires / 78-Transferts de charges / 787-Transferts de charges financières,
,"79-Reprises de provisions, de dépréciations et autres",income,group,credit,1,,7-Comptes de produits des activités ordinaires,,,,"7-Comptes de produits des activités ordinaires / 79-Reprises de provisions, de dépréciations et autres",
,791-Reprises de provisions et dépréciations d’exploitation,income,group,credit,1,,"7-Comptes de produits des activités ordinaires / 79-Reprises de provisions, de dépréciations et autres",,,,"7-Comptes de produits des activités ordinaires / 79-Reprises de provisions, de dépréciations et autres / 791-Reprises de provisions et dépréciations d’exploitation",
,7911-Pour risques et charges,income,unspecified,credit,0,,"7-Comptes de produits des activités ordinaires / 79-Reprises de provisions, de dépréciations et autres / 791-Reprises de provisions et dépréciations d’exploitation",,,,"7-Comptes de produits des activités ordinaires / 79-Reprises de provisions, de dépréciations et autres / 791-Reprises de provisions et dépréciations d’exploitation / 7911-Pour risques et charges",
,7913-Des immobilisations incorporelles,income,unspecified,credit,0,,"7-Comptes de produits des activités ordinaires / 79-Reprises de provisions, de dépréciations et autres / 791-Reprises de provisions et dépréciations d’exploitation",,,,"7-Comptes de produits des activités ordinaires / 79-Reprises de provisions, de dépréciations et autres / 791-Reprises de provisions et dépréciations d’exploitation / 7913-Des immobilisations incorporelles",
,7914-Des immobilisations corporelles,income,unspecified,credit,0,,"7-Comptes de produits des activités ordinaires / 79-Reprises de provisions, de dépréciations et autres / 791-Reprises de provisions et dépréciations d’exploitation",,,,"7-Comptes de produits des activités ordinaires / 79-Reprises de provisions, de dépréciations et autres / 791-Reprises de provisions et dépréciations d’exploitation / 7914-Des immobilisations corporelles",
,797-Reprises de provisions et dépréciations financières,income,group,credit,1,,"7-Comptes de produits des activités ordinaires / 79-Reprises de provisions, de dépréciations et autres",,,,"7-Comptes de produits des activités ordinaires / 79-Reprises de provisions, de dépréciations et autres / 797-Reprises de provisions et dépréciations financières",
,7971-Pour risques et charges,income,unspecified,credit,0,,"7-Comptes de produits des activités ordinaires / 79-Reprises de provisions, de dépréciations et autres / 797-Reprises de provisions et dépréciations financières",,,,"7-Comptes de produits des activités ordinaires / 79-Reprises de provisions, de dépréciations et autres / 797-Reprises de provisions et dépréciations financières / 7971-Pour risques et charges",
,7972-Des immobilisations financières,income,unspecified,credit,0,,"7-Comptes de produits des activités ordinaires / 79-Reprises de provisions, de dépréciations et autres / 797-Reprises de provisions et dépréciations financières",,,,"7-Comptes de produits des activités ordinaires / 79-Reprises de provisions, de dépréciations et autres / 797-Reprises de provisions et dépréciations financières / 7972-Des immobilisations financières",
,798-Reprises d’amortissements,income,unspecified,credit,0,,"7-Comptes de produits des activités ordinaires / 79-Reprises de provisions, de dépréciations et autres",,,,"7-Comptes de produits des activités ordinaires / 79-Reprises de provisions, de dépréciations et autres / 798-Reprises d’amortissements",
,799-Reprises de subventions d’investissement,income,unspecified,credit,0,,"7-Comptes de produits des activités ordinaires / 79-Reprises de provisions, de dépréciations et autres",,,,"7-Comptes de produits des activités ordinaires / 79-Reprises de provisions, de dépréciations et autres / 799-Reprises de subventions d’investissement",
,8-Comptes des autres charges et des autres produits (CHARGES),expense,group,debit,1,,,,,,8-Comptes des autres charges et des autres produits (CHARGES),
,81-Valeurs comptables des cessions d’immobilisations,expense,group,debit,1,,8-Comptes des autres charges et des autres produits (CHARGES),,,,8-Comptes des autres charges et des autres produits (CHARGES) / 81-Valeurs comptables des cessions d’immobilisations,
,811-Immobilisations incorporelles,expense,unspecified,debit,0,,8-Comptes des autres charges et des autres produits (CHARGES) / 81-Valeurs comptables des cessions d’immobilisations,,,,8-Comptes des autres charges et des autres produits (CHARGES) / 81-Valeurs comptables des cessions d’immobilisations / 811-Immobilisations incorporelles,
,812-Immobilisations corporelles,expense,unspecified,debit,0,,8-Comptes des autres charges et des autres produits (CHARGES) / 81-Valeurs comptables des cessions d’immobilisations,,,,8-Comptes des autres charges et des autres produits (CHARGES) / 81-Valeurs comptables des cessions d’immobilisations / 812-Immobilisations corporelles,
,816-Immobilisations financières,expense,unspecified,debit,0,,8-Comptes des autres charges et des autres produits (CHARGES) / 81-Valeurs comptables des cessions d’immobilisations,,,,8-Comptes des autres charges et des autres produits (CHARGES) / 81-Valeurs comptables des cessions d’immobilisations / 816-Immobilisations financières,
,83-Charges hors activités ordinaires,expense,group,debit,1,,8-Comptes des autres charges et des autres produits (CHARGES),,,,8-Comptes des autres charges et des autres produits (CHARGES) / 83-Charges hors activités ordinaires,
,831-Charges HAO constatées,expense,unspecified,debit,0,,8-Comptes des autres charges et des autres produits (CHARGES) / 83-Charges hors activités ordinaires,,,,8-Comptes des autres charges et des autres produits (CHARGES) / 83-Charges hors activités ordinaires / 831-Charges HAO constatées,
,833-Charges liées aux opérations de restructuration,expense,unspecified,debit,0,,8-Comptes des autres charges et des autres produits (CHARGES) / 83-Charges hors activités ordinaires,,,,8-Comptes des autres charges et des autres produits (CHARGES) / 83-Charges hors activités ordinaires / 833-Charges liées aux opérations de restructuration,
,834-Pertes sur créances HAO,expense,unspecified,debit,0,,8-Comptes des autres charges et des autres produits (CHARGES) / 83-Charges hors activités ordinaires,,,,8-Comptes des autres charges et des autres produits (CHARGES) / 83-Charges hors activités ordinaires / 834-Pertes sur créances HAO,
,835-Dons et libéralités accordés,expense,unspecified,debit,0,,8-Comptes des autres charges et des autres produits (CHARGES) / 83-Charges hors activités ordinaires,,,,8-Comptes des autres charges et des autres produits (CHARGES) / 83-Charges hors activités ordinaires / 835-Dons et libéralités accordés,
,836-Abandons de créances consentis,expense,unspecified,debit,0,,8-Comptes des autres charges et des autres produits (CHARGES) / 83-Charges hors activités ordinaires,,,,8-Comptes des autres charges et des autres produits (CHARGES) / 83-Charges hors activités ordinaires / 836-Abandons de créances consentis,
,837-Charges liées aux opérations de liquidation,expense,unspecified,debit,0,,8-Comptes des autres charges et des autres produits (CHARGES) / 83-Charges hors activités ordinaires,,,,8-Comptes des autres charges et des autres produits (CHARGES) / 83-Charges hors activités ordinaires / 837-Charges liées aux opérations de liquidation,
,839-Charges pour dépréciations et provisions pour risques à court terme HAO,expense,unspecified,debit,0,,8-Comptes des autres charges et des autres produits (CHARGES) / 83-Charges hors activités ordinaires,,,,8-Comptes des autres charges et des autres produits (CHARGES) / 83-Charges hors activités ordinaires / 839-Charges pour dépréciations et provisions pour risques à court terme HAO,
,85-Dotations hors activités ordinaires,expense,group,debit,1,,8-Comptes des autres charges et des autres produits (CHARGES),,,,8-Comptes des autres charges et des autres produits (CHARGES) / 85-Dotations hors activités ordinaires,
,851-Dotations aux provisions réglementées,expense,unspecified,debit,0,,8-Comptes des autres charges et des autres produits (CHARGES) / 85-Dotations hors activités ordinaires,,,,8-Comptes des autres charges et des autres produits (CHARGES) / 85-Dotations hors activités ordinaires / 851-Dotations aux provisions réglementées,
,852-Dotations aux amortissements HAO,expense,unspecified,debit,0,,8-Comptes des autres charges et des autres produits (CHARGES) / 85-Dotations hors activités ordinaires,,,,8-Comptes des autres charges et des autres produits (CHARGES) / 85-Dotations hors activités ordinaires / 852-Dotations aux amortissements HAO,
,853-Dotations aux dépréciations HAO,expense,unspecified,debit,0,,8-Comptes des autres charges et des autres produits (CHARGES) / 85-Dotations hors activités ordinaires,,,,8-Comptes des autres charges et des autres produits (CHARGES) / 85-Dotations hors activités ordinaires / 853-Dotations aux dépréciations HAO,
,854-Dotations aux provisions pour risques et charges HAO,expense,unspecified,debit,0,,8-Comptes des autres charges et des autres produits (CHARGES) / 85-Dotations hors activités ordinaires,,,,8-Comptes des autres charges et des autres produits (CHARGES) / 85-Dotations hors activités ordinaires / 854-Dotations aux provisions pour risques et charges HAO,
,858-Autres dotations HAO,expense,unspecified,debit,0,,8-Comptes des autres charges et des autres produits (CHARGES) / 85-Dotations hors activités ordinaires,,,,8-Comptes des autres charges et des autres produits (CHARGES) / 85-Dotations hors activités ordinaires / 858-Autres dotations HAO,
,87-Participation des travailleurs,expense,group,debit,1,,8-Comptes des autres charges et des autres produits (CHARGES),,,,8-Comptes des autres charges et des autres produits (CHARGES) / 87-Participation des travailleurs,
,871-Participation légale aux bénéfices,expense,unspecified,debit,0,,8-Comptes des autres charges et des autres produits (CHARGES) / 87-Participation des travailleurs,,,,8-Comptes des autres charges et des autres produits (CHARGES) / 87-Participation des travailleurs / 871-Participation légale aux bénéfices,
,874-Participation contractuelle aux bénéfices,expense,unspecified,debit,0,,8-Comptes des autres charges et des autres produits (CHARGES) / 87-Participation des travailleurs,,,,8-Comptes des autres charges et des autres produits (CHARGES) / 87-Participation des travailleurs / 874-Participation contractuelle aux bénéfices,
,878-Autres participations,expense,unspecified,debit,0,,8-Comptes des autres charges et des autres produits (CHARGES) / 87-Participation des travailleurs,,,,8-Comptes des autres charges et des autres produits (CHARGES) / 87-Participation des travailleurs / 878-Autres participations,
,89-Impôts sur le résultat,expense,group,debit,1,,8-Comptes des autres charges et des autres produits (CHARGES),,,,8-Comptes des autres charges et des autres produits (CHARGES) / 89-Impôts sur le résultat,
,891-Impôts sur les bénéfices de l’exercice,expense,group,debit,1,,8-Comptes des autres charges et des autres produits (CHARGES) / 89-Impôts sur le résultat,,,,8-Comptes des autres charges et des autres produits (CHARGES) / 89-Impôts sur le résultat / 891-Impôts sur les bénéfices de l’exercice,
,8911-Activités exercées dans l’État,expense,unspecified,debit,0,,8-Comptes des autres charges et des autres produits (CHARGES) / 89-Impôts sur le résultat / 891-Impôts sur les bénéfices de l’exercice,,,,8-Comptes des autres charges et des autres produits (CHARGES) / 89-Impôts sur le résultat / 891-Impôts sur les bénéfices de l’exercice / 8911-Activités exercées dans l’État,
,8912-Activités exercées dans les autres États de la Région,expense,unspecified,debit,0,,8-Comptes des autres charges et des autres produits (CHARGES) / 89-Impôts sur le résultat / 891-Impôts sur les bénéfices de l’exercice,,,,8-Comptes des autres charges et des autres produits (CHARGES) / 89-Impôts sur le résultat / 891-Impôts sur les bénéfices de l’exercice / 8912-Activités exercées dans les autres États de la Région,
,8913-Activités exercées hors Région,expense,unspecified,debit,0,,8-Comptes des autres charges et des autres produits (CHARGES) / 89-Impôts sur le résultat / 891-Impôts sur les bénéfices de l’exercice,,,,8-Comptes des autres charges et des autres produits (CHARGES) / 89-Impôts sur le résultat / 891-Impôts sur les bénéfices de l’exercice / 8913-Activités exercées hors Région,
,892-Rappel d’impôts sur résultats antérieurs,expense,unspecified,debit,0,,8-Comptes des autres charges et des autres produits (CHARGES) / 89-Impôts sur le résultat,,,,8-Comptes des autres charges et des autres produits (CHARGES) / 89-Impôts sur le résultat / 892-Rappel d’impôts sur résultats antérieurs,
,895-Impôt minimum forfaitaire IMF,expense,unspecified,debit,0,,8-Comptes des autres charges et des autres produits (CHARGES) / 89-Impôts sur le résultat,,,,8-Comptes des autres charges et des autres produits (CHARGES) / 89-Impôts sur le résultat / 895-Impôt minimum forfaitaire IMF,
,899-Dégrèvements et annulations d’impôts sur résultats antérieurs,expense,group,debit,1,,8-Comptes des autres charges et des autres produits (CHARGES) / 89-Impôts sur le résultat,,,,8-Comptes des autres charges et des autres produits (CHARGES) / 89-Impôts sur le résultat / 899-Dégrèvements et annulations d’impôts sur résultats antérieurs,
,8991-Dégrèvements,expense,unspecified,debit,0,,8-Comptes des autres charges et des autres produits (CHARGES) / 89-Impôts sur le résultat / 899-Dégrèvements et annulations d’impôts sur résultats antérieurs,,,,8-Comptes des autres charges et des autres produits (CHARGES) / 89-Impôts sur le résultat / 899-Dégrèvements et annulations d’impôts sur résultats antérieurs / 8991-Dégrèvements,
,8994-Annulations pour pertes rétroactives,expense,unspecified,debit,0,,8-Comptes des autres charges et des autres produits (CHARGES) / 89-Impôts sur le résultat / 899-Dégrèvements et annulations d’impôts sur résultats antérieurs,,,,8-Comptes des autres charges et des autres produits (CHARGES) / 89-Impôts sur le résultat / 899-Dégrèvements et annulations d’impôts sur résultats antérieurs / 8994-Annulations pour pertes rétroactives,
,8-Comptes des autres charges et des autres produits (PRODUITS),income,group,credit,1,,,,,,8-Comptes des autres charges et des autres produits (PRODUITS),
,82-Produits des cessions d’immobilisations,income,group,credit,1,,8-Comptes des autres charges et des autres produits (PRODUITS),,,,8-Comptes des autres charges et des autres produits (PRODUITS) / 82-Produits des cessions d’immobilisations,
,821-Immobilisations incorporelles,income,unspecified,credit,0,,8-Comptes des autres charges et des autres produits (PRODUITS) / 82-Produits des cessions d’immobilisations,,,,8-Comptes des autres charges et des autres produits (PRODUITS) / 82-Produits des cessions d’immobilisations / 821-Immobilisations incorporelles,
,822-Immobilisations corporelles,income,unspecified,credit,0,,8-Comptes des autres charges et des autres produits (PRODUITS) / 82-Produits des cessions d’immobilisations,,,,8-Comptes des autres charges et des autres produits (PRODUITS) / 82-Produits des cessions d’immobilisations / 822-Immobilisations corporelles,
,826-Immobilisations financières,income,unspecified,credit,0,,8-Comptes des autres charges et des autres produits (PRODUITS) / 82-Produits des cessions d’immobilisations,,,,8-Comptes des autres charges et des autres produits (PRODUITS) / 82-Produits des cessions d’immobilisations / 826-Immobilisations financières,
,84-Produits hors activités ordinaires,income,group,credit,1,,8-Comptes des autres charges et des autres produits (PRODUITS),,,,8-Comptes des autres charges et des autres produits (PRODUITS) / 84-Produits hors activités ordinaires,
,841-Produits HAO constatés,income,unspecified,credit,0,,8-Comptes des autres charges et des autres produits (PRODUITS) / 84-Produits hors activités ordinaires,,,,8-Comptes des autres charges et des autres produits (PRODUITS) / 84-Produits hors activités ordinaires / 841-Produits HAO constatés,
,843-Produits liés aux opérations de restructuration,income,unspecified,credit,0,,8-Comptes des autres charges et des autres produits (PRODUITS) / 84-Produits hors activités ordinaires,,,,8-Comptes des autres charges et des autres produits (PRODUITS) / 84-Produits hors activités ordinaires / 843-Produits liés aux opérations de restructuration,
,844-Indemnités et subventions HAO (entité agricole),income,unspecified,credit,0,,8-Comptes des autres charges et des autres produits (PRODUITS) / 84-Produits hors activités ordinaires,,,,8-Comptes des autres charges et des autres produits (PRODUITS) / 84-Produits hors activités ordinaires / 844-Indemnités et subventions HAO (entité agricole),
,845-Dons et libéralités obtenus,income,unspecified,credit,0,,8-Comptes des autres charges et des autres produits (PRODUITS) / 84-Produits hors activités ordinaires,,,,8-Comptes des autres charges et des autres produits (PRODUITS) / 84-Produits hors activités ordinaires / 845-Dons et libéralités obtenus,
,846-Abandons de créances obtenus,income,unspecified,credit,0,,8-Comptes des autres charges et des autres produits (PRODUITS) / 84-Produits hors activités ordinaires,,,,8-Comptes des autres charges et des autres produits (PRODUITS) / 84-Produits hors activités ordinaires / 846-Abandons de créances obtenus,
,847-Produits liés aux opérations de liquidation,income,unspecified,credit,0,,8-Comptes des autres charges et des autres produits (PRODUITS) / 84-Produits hors activités ordinaires,,,,8-Comptes des autres charges et des autres produits (PRODUITS) / 84-Produits hors activités ordinaires / 847-Produits liés aux opérations de liquidation,
,848-Transferts de charges HAO,income,unspecified,credit,0,,8-Comptes des autres charges et des autres produits (PRODUITS) / 84-Produits hors activités ordinaires,,,,8-Comptes des autres charges et des autres produits (PRODUITS) / 84-Produits hors activités ordinaires / 848-Transferts de charges HAO,
,849-Reprises de charges pour dépréciations et provisions pour risques à court terme HAO,income,unspecified,credit,0,,8-Comptes des autres charges et des autres produits (PRODUITS) / 84-Produits hors activités ordinaires,,,,8-Comptes des autres charges et des autres produits (PRODUITS) / 84-Produits hors activités ordinaires / 849-Reprises de charges pour dépréciations et provisions pour risques à court terme HAO,
,"86-Reprises de charges, provisions et dépréciations HAO",income,group,credit,1,,8-Comptes des autres charges et des autres produits (PRODUITS),,,,"8-Comptes des autres charges et des autres produits (PRODUITS) / 86-Reprises de charges, provisions et dépréciations HAO",
,861-Reprises de provisions réglementées,income,unspecified,credit,0,,"8-Comptes des autres charges et des autres produits (PRODUITS) / 86-Reprises de charges, provisions et dépréciations HAO",,,,"8-Comptes des autres charges et des autres produits (PRODUITS) / 86-Reprises de charges, provisions et dépréciations HAO / 861-Reprises de provisions réglementées",
,862-Reprises d’amortissements HAO,income,unspecified,credit,0,,"8-Comptes des autres charges et des autres produits (PRODUITS) / 86-Reprises de charges, provisions et dépréciations HAO",,,,"8-Comptes des autres charges et des autres produits (PRODUITS) / 86-Reprises de charges, provisions et dépréciations HAO / 862-Reprises d’amortissements HAO",
,863-Reprises de dépréciations HAO,income,unspecified,credit,0,,"8-Comptes des autres charges et des autres produits (PRODUITS) / 86-Reprises de charges, provisions et dépréciations HAO",,,,"8-Comptes des autres charges et des autres produits (PRODUITS) / 86-Reprises de charges, provisions et dépréciations HAO / 863-Reprises de dépréciations HAO",
,864-Reprises de provisions pour risques et charges HAO,income,unspecified,credit,0,,"8-Comptes des autres charges et des autres produits (PRODUITS) / 86-Reprises de charges, provisions et dépréciations HAO",,,,"8-Comptes des autres charges et des autres produits (PRODUITS) / 86-Reprises de charges, provisions et dépréciations HAO / 864-Reprises de provisions pour risques et charges HAO",
,868-Autres reprises HAO,income,unspecified,credit,0,,"8-Comptes des autres charges et des autres produits (PRODUITS) / 86-Reprises de charges, provisions et dépréciations HAO",,,,"8-Comptes des autres charges et des autres produits (PRODUITS) / 86-Reprises de charges, provisions et dépréciations HAO / 868-Autres reprises HAO",
,88-Subventions d’équilibre,income,group,credit,1,,8-Comptes des autres charges et des autres produits (PRODUITS),,,,8-Comptes des autres charges et des autres produits (PRODUITS) / 88-Subventions d’équilibre,
,881-État,income,unspecified,credit,0,,8-Comptes des autres charges et des autres produits (PRODUITS) / 88-Subventions d’équilibre,,,,8-Comptes des autres charges et des autres produits (PRODUITS) / 88-Subventions d’équilibre / 881-État,
,884-Collectivités publiques,income,unspecified,credit,0,,8-Comptes des autres charges et des autres produits (PRODUITS) / 88-Subventions d’équilibre,,,,8-Comptes des autres charges et des autres produits (PRODUITS) / 88-Subventions d’équilibre / 884-Collectivités publiques,
,886-Groupe,income,unspecified,credit,0,,8-Comptes des autres charges et des autres produits (PRODUITS) / 88-Subventions d’équilibre,,,,8-Comptes des autres charges et des autres produits (PRODUITS) / 88-Subventions d’équilibre / 886-Groupe,
,888-Autres,income,unspecified,credit,0,,8-Comptes des autres charges et des autres produits (PRODUITS) / 88-Subventions d’équilibre,,,,8-Comptes des autres charges et des autres produits (PRODUITS) / 88-Subventions d’équilibre / 888-Autres,
