code,name,root_type,subtype,normal_balance,is_group,role_hint,parent_path,source_type,reconcile,description,source_id,flags
,Actif,asset,group,debit,1,,,,,,Actif,
,Actifs circulants,asset,group,debit,1,,Actif,,,,Actif / Actifs circulants,
,Actifs de régularisation,asset,group,debit,1,,Actif / Actifs circulants,,,,Actif / Actifs circulants / Actifs de régularisation,
,Actifs de régularisation (Actifs transitoires),asset,group,debit,1,,Actif / Actifs circulants / Actifs de régularisation,,,,Actif / Actifs circulants / Actifs de régularisation / Actifs de régularisation (Actifs transitoires),
,Charges constatées d'avance,asset,unspecified,debit,0,,Actif / Actifs circulants / Actifs de régularisation / Actifs de régularisation (Actifs transitoires),,,,Actif / Actifs circulants / Actifs de régularisation / Actifs de régularisation (Actifs transitoires) / Charges constatées d'avance,
,Produits à recevoir,asset,unspecified,debit,0,,Actif / Actifs circulants / Actifs de régularisation / Actifs de régularisation (Actifs transitoires),,,,Actif / Actifs circulants / Actifs de régularisation / Actifs de régularisation (Actifs transitoires) / Produits à recevoir,
,Créances,asset,group,debit,1,,Actif / Actifs circulants,,,,Actif / Actifs circulants / Créances,
,Autres créances à court terme,asset,group,debit,1,,Actif / Actifs circulants / Créances,,,,Actif / Actifs circulants / Créances / Autres créances à court terme,
,Autres créances à court terme,asset,group,debit,1,,Actif / Actifs circulants / Créances / Autres créances à court terme,,,,Actif / Actifs circulants / Créances / Autres créances à court terme / Autres créances à court terme,
,Acomptes aux fournisseurs,asset,unspecified,debit,0,,Actif / Actifs circulants / Créances / Autres créances à court terme / Autres créances à court terme,,,,Actif / Actifs circulants / Créances / Autres créances à court terme / Autres créances à court terme / Acomptes aux fournisseurs,
,Cautionnements en espèces,asset,unspecified,debit,0,,Actif / Actifs circulants / Créances / Autres créances à court terme / Autres créances à court terme,,,,Actif / Actifs circulants / Créances / Autres créances à court terme / Autres créances à court terme / Cautionnements en espèces,
,Compte courant de primes,asset,unspecified,debit,0,,Actif / Actifs circulants / Créances / Autres créances à court terme / Autres créances à court terme,,,,Actif / Actifs circulants / Créances / Autres créances à court terme / Autres créances à court terme / Compte courant de primes,
,Créances envers des sociétés de virement,asset,unspecified,debit,0,,Actif / Actifs circulants / Créances / Autres créances à court terme / Autres créances à court terme,,,,Actif / Actifs circulants / Créances / Autres créances à court terme / Autres créances à court terme / Créances envers des sociétés de virement,
,"Effets à recevoir, pas de remise à l'escompte",asset,unspecified,debit,0,,Actif / Actifs circulants / Créances / Autres créances à court terme / Autres créances à court terme,,,,"Actif / Actifs circulants / Créances / Autres créances à court terme / Autres créances à court terme / Effets à recevoir, pas de remise à l'escompte",
,Provisions pertes s/autres créances à court terme,asset,unspecified,debit,0,,Actif / Actifs circulants / Créances / Autres créances à court terme / Autres créances à court terme,,,,Actif / Actifs circulants / Créances / Autres créances à court terme / Autres créances à court terme / Provisions pertes s/autres créances à court terme,
,Autres créances à court terme envers actionnaires,asset,group,debit,1,,Actif / Actifs circulants / Créances / Autres créances à court terme,,,,Actif / Actifs circulants / Créances / Autres créances à court terme / Autres créances à court terme envers actionnaires,
,Créances d'emprunt envers l'actionnaire X,asset,unspecified,debit,0,,Actif / Actifs circulants / Créances / Autres créances à court terme / Autres créances à court terme envers actionnaires,,,,Actif / Actifs circulants / Créances / Autres créances à court terme / Autres créances à court terme envers actionnaires / Créances d'emprunt envers l'actionnaire X,
,Créances d'emprunt envers l'actionnaire Y,asset,unspecified,debit,0,,Actif / Actifs circulants / Créances / Autres créances à court terme / Autres créances à court terme envers actionnaires,,,,Actif / Actifs circulants / Créances / Autres créances à court terme / Autres créances à court terme envers actionnaires / Créances d'emprunt envers l'actionnaire Y,
,Provisions pertes s/autres créances actionnaires,asset,unspecified,debit,0,,Actif / Actifs circulants / Créances / Autres créances à court terme / Autres créances à court terme envers actionnaires,,,,Actif / Actifs circulants / Créances / Autres créances à court terme / Autres créances à court terme envers actionnaires / Provisions pertes s/autres créances actionnaires,
,Autres créances à court terme envers des sociétés du groupe,asset,group,debit,1,,Actif / Actifs circulants / Créances / Autres créances à court terme,,,,Actif / Actifs circulants / Créances / Autres créances à court terme / Autres créances à court terme envers des sociétés du groupe,
,Créances d'emprunt envers la filiale A,asset,unspecified,debit,0,,Actif / Actifs circulants / Créances / Autres créances à court terme / Autres créances à court terme envers des sociétés du groupe,,,,Actif / Actifs circulants / Créances / Autres créances à court terme / Autres créances à court terme envers des sociétés du groupe / Créances d'emprunt envers la filiale A,
,Créances d'emprunt envers la filiale B,asset,unspecified,debit,0,,Actif / Actifs circulants / Créances / Autres créances à court terme / Autres créances à court terme envers des sociétés du groupe,,,,Actif / Actifs circulants / Créances / Autres créances à court terme / Autres créances à court terme envers des sociétés du groupe / Créances d'emprunt envers la filiale B,
,Provisions pertes s/autres créances envers société,asset,unspecified,debit,0,,Actif / Actifs circulants / Créances / Autres créances à court terme / Autres créances à court terme envers des sociétés du groupe,,,,Actif / Actifs circulants / Créances / Autres créances à court terme / Autres créances à court terme envers des sociétés du groupe / Provisions pertes s/autres créances envers société,
,Autres créances à court terme envers des tiers,asset,group,debit,1,,Actif / Actifs circulants / Créances / Autres créances à court terme,,,,Actif / Actifs circulants / Créances / Autres créances à court terme / Autres créances à court terme envers des tiers,
,Avances de frais,asset,unspecified,debit,0,,Actif / Actifs circulants / Créances / Autres créances à court terme / Autres créances à court terme envers des tiers,,,,Actif / Actifs circulants / Créances / Autres créances à court terme / Autres créances à court terme envers des tiers / Avances de frais,
,Avances à court terme,asset,unspecified,debit,0,,Actif / Actifs circulants / Créances / Autres créances à court terme / Autres créances à court terme envers des tiers,,,,Actif / Actifs circulants / Créances / Autres créances à court terme / Autres créances à court terme envers des tiers / Avances à court terme,
,Créances d'emprunt à court terme,asset,unspecified,debit,0,,Actif / Actifs circulants / Créances / Autres créances à court terme / Autres créances à court terme envers des tiers,,,,Actif / Actifs circulants / Créances / Autres créances à court terme / Autres créances à court terme envers des tiers / Créances d'emprunt à court terme,
,Provisions pertes s/autres créances envers tiers,asset,unspecified,debit,0,,Actif / Actifs circulants / Créances / Autres créances à court terme / Autres créances à court terme envers des tiers,,,,Actif / Actifs circulants / Créances / Autres créances à court terme / Autres créances à court terme envers des tiers / Provisions pertes s/autres créances envers tiers,
,Capital-actions non libéré,asset,group,debit,1,,Actif / Actifs circulants / Créances / Autres créances à court terme,,,,Actif / Actifs circulants / Créances / Autres créances à court terme / Capital-actions non libéré,
,"Capital-actions non libéré, réclamé",asset,unspecified,debit,0,,Actif / Actifs circulants / Créances / Autres créances à court terme / Capital-actions non libéré,,,,"Actif / Actifs circulants / Créances / Autres créances à court terme / Capital-actions non libéré / Capital-actions non libéré, réclamé",
,Créances envers des institutions publiques,asset,group,debit,1,,Actif / Actifs circulants / Créances / Autres créances à court terme,,,,Actif / Actifs circulants / Créances / Autres créances à court terme / Créances envers des institutions publiques,
,Créances envers l'administration des douanes,asset,unspecified,debit,0,,Actif / Actifs circulants / Créances / Autres créances à court terme / Créances envers des institutions publiques,,,,Actif / Actifs circulants / Créances / Autres créances à court terme / Créances envers des institutions publiques / Créances envers l'administration des douanes,
,Créances envers la CNA,asset,unspecified,debit,0,,Actif / Actifs circulants / Créances / Autres créances à court terme / Créances envers des institutions publiques,,,,Actif / Actifs circulants / Créances / Autres créances à court terme / Créances envers des institutions publiques / Créances envers la CNA,
,Impôt anticipé à récupérer,asset,unspecified,debit,0,,Actif / Actifs circulants / Créances / Autres créances à court terme / Créances envers des institutions publiques,,,,Actif / Actifs circulants / Créances / Autres créances à court terme / Créances envers des institutions publiques / Impôt anticipé à récupérer,
,TVA: déductible s/achats de matières et services,asset,unspecified,debit,0,,Actif / Actifs circulants / Créances / Autres créances à court terme / Créances envers des institutions publiques,,,,Actif / Actifs circulants / Créances / Autres créances à court terme / Créances envers des institutions publiques / TVA: déductible s/achats de matières et services,
,TVA: déductible s/investissement et autres charges,asset,unspecified,debit,0,,Actif / Actifs circulants / Créances / Autres créances à court terme / Créances envers des institutions publiques,,,,Actif / Actifs circulants / Créances / Autres créances à court terme / Créances envers des institutions publiques / TVA: déductible s/investissement et autres charges,
,Créances résultant de vente et de prestations de services (débiteurs-clients),asset,group,debit,1,,Actif / Actifs circulants / Créances,,,,Actif / Actifs circulants / Créances / Créances résultant de vente et de prestations de services (débiteurs-clients),
,Créances résultant prestations envers actionnaires,asset,group,debit,1,,Actif / Actifs circulants / Créances / Créances résultant de vente et de prestations de services (débiteurs-clients),,,,Actif / Actifs circulants / Créances / Créances résultant de vente et de prestations de services (débiteurs-clients) / Créances résultant prestations envers actionnaires,
,Créances envers l'actionnaire X,asset,receivable,debit,0,receivables,Actif / Actifs circulants / Créances / Créances résultant de vente et de prestations de services (débiteurs-clients) / Créances résultant prestations envers actionnaires,Receivable,,,Actif / Actifs circulants / Créances / Créances résultant de vente et de prestations de services (débiteurs-clients) / Créances résultant prestations envers actionnaires / Créances envers l'actionnaire X,
,Créances envers l'actionnaire Y,asset,receivable,debit,0,receivables,Actif / Actifs circulants / Créances / Créances résultant de vente et de prestations de services (débiteurs-clients) / Créances résultant prestations envers actionnaires,Receivable,,,Actif / Actifs circulants / Créances / Créances résultant de vente et de prestations de services (débiteurs-clients) / Créances résultant prestations envers actionnaires / Créances envers l'actionnaire Y,
,Provisions pertes s/créances envers actionnaires,asset,unspecified,debit,0,,Actif / Actifs circulants / Créances / Créances résultant de vente et de prestations de services (débiteurs-clients) / Créances résultant prestations envers actionnaires,,,,Actif / Actifs circulants / Créances / Créances résultant de vente et de prestations de services (débiteurs-clients) / Créances résultant prestations envers actionnaires / Provisions pertes s/créances envers actionnaires,
,Créances résultant prestations envers des sociétés du groupe,asset,group,debit,1,,Actif / Actifs circulants / Créances / Créances résultant de vente et de prestations de services (débiteurs-clients),,,,Actif / Actifs circulants / Créances / Créances résultant de vente et de prestations de services (débiteurs-clients) / Créances résultant prestations envers des sociétés du groupe,
,Créances envers la filiale A,asset,receivable,debit,0,receivables,Actif / Actifs circulants / Créances / Créances résultant de vente et de prestations de services (débiteurs-clients) / Créances résultant prestations envers des sociétés du groupe,Receivable,,,Actif / Actifs circulants / Créances / Créances résultant de vente et de prestations de services (débiteurs-clients) / Créances résultant prestations envers des sociétés du groupe / Créances envers la filiale A,
,Créances envers la filiale B,asset,receivable,debit,0,receivables,Actif / Actifs circulants / Créances / Créances résultant de vente et de prestations de services (débiteurs-clients) / Créances résultant prestations envers des sociétés du groupe,Receivable,,,Actif / Actifs circulants / Créances / Créances résultant de vente et de prestations de services (débiteurs-clients) / Créances résultant prestations envers des sociétés du groupe / Créances envers la filiale B,
,Provisions pertes s/créances envers des sociétés du groupe,asset,unspecified,debit,0,,Actif / Actifs circulants / Créances / Créances résultant de vente et de prestations de services (débiteurs-clients) / Créances résultant prestations envers des sociétés du groupe,,,,Actif / Actifs circulants / Créances / Créances résultant de vente et de prestations de services (débiteurs-clients) / Créances résultant prestations envers des sociétés du groupe / Provisions pertes s/créances envers des sociétés du groupe,
,Créances résultant prestations envers des tiers,asset,group,debit,1,,Actif / Actifs circulants / Créances / Créances résultant de vente et de prestations de services (débiteurs-clients),,,,Actif / Actifs circulants / Créances / Créances résultant de vente et de prestations de services (débiteurs-clients) / Créances résultant prestations envers des tiers,
,Créances envers des tiers suisses,asset,receivable,debit,0,receivables,Actif / Actifs circulants / Créances / Créances résultant de vente et de prestations de services (débiteurs-clients) / Créances résultant prestations envers des tiers,Receivable,,,Actif / Actifs circulants / Créances / Créances résultant de vente et de prestations de services (débiteurs-clients) / Créances résultant prestations envers des tiers / Créances envers des tiers suisses,
,Créances envers des tiers étrangers,asset,receivable,debit,0,receivables,Actif / Actifs circulants / Créances / Créances résultant de vente et de prestations de services (débiteurs-clients) / Créances résultant prestations envers des tiers,Receivable,,,Actif / Actifs circulants / Créances / Créances résultant de vente et de prestations de services (débiteurs-clients) / Créances résultant prestations envers des tiers / Créances envers des tiers étrangers,
,Ducroire,asset,unspecified,debit,0,,Actif / Actifs circulants / Créances / Créances résultant de vente et de prestations de services (débiteurs-clients) / Créances résultant prestations envers des tiers,,,,Actif / Actifs circulants / Créances / Créances résultant de vente et de prestations de services (débiteurs-clients) / Créances résultant prestations envers des tiers / Ducroire,
,Liquidités et titres,asset,group,debit,1,,Actif / Actifs circulants,,,,Actif / Actifs circulants / Liquidités et titres,
,Autres placements à court terme,asset,group,debit,1,,Actif / Actifs circulants / Liquidités et titres,,,,Actif / Actifs circulants / Liquidités et titres / Autres placements à court terme,
,Actions propres (réalisables à court terme),asset,cash,debit,0,cash_bank,Actif / Actifs circulants / Liquidités et titres / Autres placements à court terme,Cash,,,Actif / Actifs circulants / Liquidités et titres / Autres placements à court terme / Actions propres (réalisables à court terme),
,Correction valeur s/actions propres,asset,cash,debit,0,cash_bank,Actif / Actifs circulants / Liquidités et titres / Autres placements à court terme,Cash,,,Actif / Actifs circulants / Liquidités et titres / Autres placements à court terme / Correction valeur s/actions propres,
,Correction valeur s/autres placements court terme,asset,cash,debit,0,cash_bank,Actif / Actifs circulants / Liquidités et titres / Autres placements à court terme,Cash,,,Actif / Actifs circulants / Liquidités et titres / Autres placements à court terme / Correction valeur s/autres placements court terme,
,Instruments financiers dérivés,asset,cash,debit,0,cash_bank,Actif / Actifs circulants / Liquidités et titres / Autres placements à court terme,Cash,,,Actif / Actifs circulants / Liquidités et titres / Autres placements à court terme / Instruments financiers dérivés,
,Avoirs à court terme,asset,group,debit,1,,Actif / Actifs circulants / Liquidités et titres,,,,Actif / Actifs circulants / Liquidités et titres / Avoirs à court terme,
,Placement fiduciaires en devises,asset,cash,debit,0,cash_bank,Actif / Actifs circulants / Liquidités et titres / Avoirs à court terme,Cash,,,Actif / Actifs circulants / Liquidités et titres / Avoirs à court terme / Placement fiduciaires en devises,
,Placements fiduciaires,asset,cash,debit,0,cash_bank,Actif / Actifs circulants / Liquidités et titres / Avoirs à court terme,Cash,,,Actif / Actifs circulants / Liquidités et titres / Avoirs à court terme / Placements fiduciaires,
,Placements fixes,asset,cash,debit,0,cash_bank,Actif / Actifs circulants / Liquidités et titres / Avoirs à court terme,Cash,,,Actif / Actifs circulants / Liquidités et titres / Avoirs à court terme / Placements fixes,
,Provision pour pertes s/avoirs à court terme,asset,cash,debit,0,cash_bank,Actif / Actifs circulants / Liquidités et titres / Avoirs à court terme,Cash,,,Actif / Actifs circulants / Liquidités et titres / Avoirs à court terme / Provision pour pertes s/avoirs à court terme,
,Banques,asset,group,debit,1,,Actif / Actifs circulants / Liquidités et titres,,,,Actif / Actifs circulants / Liquidités et titres / Banques,
,Compte courant exploitation accessoire,asset,cash,debit,0,cash_bank,Actif / Actifs circulants / Liquidités et titres / Banques,Cash,,,Actif / Actifs circulants / Liquidités et titres / Banques / Compte courant exploitation accessoire,
,Compte courant exploitation principale,asset,cash,debit,0,cash_bank,Actif / Actifs circulants / Liquidités et titres / Banques,Cash,,,Actif / Actifs circulants / Liquidités et titres / Banques / Compte courant exploitation principale,
,Compte d'épargne,asset,cash,debit,0,cash_bank,Actif / Actifs circulants / Liquidités et titres / Banques,Cash,,,Actif / Actifs circulants / Liquidités et titres / Banques / Compte d'épargne,
,Compte de placement,asset,cash,debit,0,cash_bank,Actif / Actifs circulants / Liquidités et titres / Banques,Cash,,,Actif / Actifs circulants / Liquidités et titres / Banques / Compte de placement,
,Compte en devise B,asset,cash,debit,0,cash_bank,Actif / Actifs circulants / Liquidités et titres / Banques,Cash,,,Actif / Actifs circulants / Liquidités et titres / Banques / Compte en devise B,
,Compte en devise EUR,asset,cash,debit,0,cash_bank,Actif / Actifs circulants / Liquidités et titres / Banques,Cash,,,Actif / Actifs circulants / Liquidités et titres / Banques / Compte en devise EUR,
,Provisions risques de change s/comptes en devises,asset,cash,debit,0,cash_bank,Actif / Actifs circulants / Liquidités et titres / Banques,Cash,,,Actif / Actifs circulants / Liquidités et titres / Banques / Provisions risques de change s/comptes en devises,
,Caisse,asset,group,debit,1,,Actif / Actifs circulants / Liquidités et titres,,,,Actif / Actifs circulants / Liquidités et titres / Caisse,
,Caisse auxiliaire,asset,cash,debit,0,cash_bank,Actif / Actifs circulants / Liquidités et titres / Caisse,Cash,,,Actif / Actifs circulants / Liquidités et titres / Caisse / Caisse auxiliaire,
,Caisse principale,asset,cash,debit,0,cash_bank,Actif / Actifs circulants / Liquidités et titres / Caisse,Cash,,,Actif / Actifs circulants / Liquidités et titres / Caisse / Caisse principale,
,Caisse succursale,asset,cash,debit,0,cash_bank,Actif / Actifs circulants / Liquidités et titres / Caisse,Cash,,,Actif / Actifs circulants / Liquidités et titres / Caisse / Caisse succursale,
,Devise A,asset,cash,debit,0,cash_bank,Actif / Actifs circulants / Liquidités et titres / Caisse,Cash,,,Actif / Actifs circulants / Liquidités et titres / Caisse / Devise A,
,Devise B,asset,cash,debit,0,cash_bank,Actif / Actifs circulants / Liquidités et titres / Caisse,Cash,,,Actif / Actifs circulants / Liquidités et titres / Caisse / Devise B,
,Provisions pour risques de change,asset,cash,debit,0,cash_bank,Actif / Actifs circulants / Liquidités et titres / Caisse,Cash,,,Actif / Actifs circulants / Liquidités et titres / Caisse / Provisions pour risques de change,
,"Chèques, effets à recevoir",asset,group,debit,1,,Actif / Actifs circulants / Liquidités et titres,,,,"Actif / Actifs circulants / Liquidités et titres / Chèques, effets à recevoir",
,Chèques,asset,cash,debit,0,cash_bank,"Actif / Actifs circulants / Liquidités et titres / Chèques, effets à recevoir",Cash,,,"Actif / Actifs circulants / Liquidités et titres / Chèques, effets à recevoir / Chèques",
,Effets à recevoir,asset,cash,debit,0,cash_bank,"Actif / Actifs circulants / Liquidités et titres / Chèques, effets à recevoir",Cash,,,"Actif / Actifs circulants / Liquidités et titres / Chèques, effets à recevoir / Effets à recevoir",
,Provisions pertes s/chèques et effets à recevoir,asset,cash,debit,0,cash_bank,"Actif / Actifs circulants / Liquidités et titres / Chèques, effets à recevoir",Cash,,,"Actif / Actifs circulants / Liquidités et titres / Chèques, effets à recevoir / Provisions pertes s/chèques et effets à recevoir",
,Compte d'attente en monnaie,asset,group,debit,1,,Actif / Actifs circulants / Liquidités et titres,,,,Actif / Actifs circulants / Liquidités et titres / Compte d'attente en monnaie,
,Compte d'attente en monnaie,asset,cash,debit,0,cash_bank,Actif / Actifs circulants / Liquidités et titres / Compte d'attente en monnaie,Cash,,,Actif / Actifs circulants / Liquidités et titres / Compte d'attente en monnaie / Compte d'attente en monnaie,
,Poste (CCP),asset,group,debit,1,,Actif / Actifs circulants / Liquidités et titres,,,,Actif / Actifs circulants / Liquidités et titres / Poste (CCP),
,Chèques postaux exploitation principale,asset,cash,debit,0,cash_bank,Actif / Actifs circulants / Liquidités et titres / Poste (CCP),Cash,,,Actif / Actifs circulants / Liquidités et titres / Poste (CCP) / Chèques postaux exploitation principale,
,Chèques postaux succursale,asset,cash,debit,0,cash_bank,Actif / Actifs circulants / Liquidités et titres / Poste (CCP),Cash,,,Actif / Actifs circulants / Liquidités et titres / Poste (CCP) / Chèques postaux succursale,
,Titres réalisables à court terme,asset,group,debit,1,,Actif / Actifs circulants / Liquidités et titres,,,,Actif / Actifs circulants / Liquidités et titres / Titres réalisables à court terme,
,Actions (cotées),asset,cash,debit,0,cash_bank,Actif / Actifs circulants / Liquidités et titres / Titres réalisables à court terme,Cash,,,Actif / Actifs circulants / Liquidités et titres / Titres réalisables à court terme / Actions (cotées),
,Bons de jouissance (cotés),asset,cash,debit,0,cash_bank,Actif / Actifs circulants / Liquidités et titres / Titres réalisables à court terme,Cash,,,Actif / Actifs circulants / Liquidités et titres / Titres réalisables à court terme / Bons de jouissance (cotés),
,Bons de participation (cotés),asset,cash,debit,0,cash_bank,Actif / Actifs circulants / Liquidités et titres / Titres réalisables à court terme,Cash,,,Actif / Actifs circulants / Liquidités et titres / Titres réalisables à court terme / Bons de participation (cotés),
,Correction valeur s/titres réalisables court terme,asset,cash,debit,0,cash_bank,Actif / Actifs circulants / Liquidités et titres / Titres réalisables à court terme,Cash,,,Actif / Actifs circulants / Liquidités et titres / Titres réalisables à court terme / Correction valeur s/titres réalisables court terme,
,Obligations (cotées),asset,cash,debit,0,cash_bank,Actif / Actifs circulants / Liquidités et titres / Titres réalisables à court terme,Cash,,,Actif / Actifs circulants / Liquidités et titres / Titres réalisables à court terme / Obligations (cotées),
,Stocks et travaux en cours,asset,group,debit,1,,Actif / Actifs circulants,,,,Actif / Actifs circulants / Stocks et travaux en cours,
,Marchandises en consignation,asset,group,debit,1,,Actif / Actifs circulants / Stocks et travaux en cours,,,,Actif / Actifs circulants / Stocks et travaux en cours / Marchandises en consignation,
,Marchandises en consignation,asset,unspecified,debit,0,,Actif / Actifs circulants / Stocks et travaux en cours / Marchandises en consignation,,,,Actif / Actifs circulants / Stocks et travaux en cours / Marchandises en consignation / Marchandises en consignation,
,Stocks d'autres approvisionnements,asset,group,debit,1,,Actif / Actifs circulants / Stocks et travaux en cours,,,,Actif / Actifs circulants / Stocks et travaux en cours / Stocks d'autres approvisionnements,
,Acomptes versés pour autres approvisionnements,asset,unspecified,debit,0,,Actif / Actifs circulants / Stocks et travaux en cours / Stocks d'autres approvisionnements,,,,Actif / Actifs circulants / Stocks et travaux en cours / Stocks d'autres approvisionnements / Acomptes versés pour autres approvisionnements,
,Corrections valeur s/stocks d'autres approvision.,asset,unspecified,debit,0,,Actif / Actifs circulants / Stocks et travaux en cours / Stocks d'autres approvisionnements,,,,Actif / Actifs circulants / Stocks et travaux en cours / Stocks d'autres approvisionnements / Corrections valeur s/stocks d'autres approvision.,
,Stocks de pièces semi-ouvrées,asset,unspecified,debit,0,,Actif / Actifs circulants / Stocks et travaux en cours / Stocks d'autres approvisionnements,,,,Actif / Actifs circulants / Stocks et travaux en cours / Stocks d'autres approvisionnements / Stocks de pièces semi-ouvrées,
,Stocks de pièces terminées,asset,unspecified,debit,0,,Actif / Actifs circulants / Stocks et travaux en cours / Stocks d'autres approvisionnements,,,,Actif / Actifs circulants / Stocks et travaux en cours / Stocks d'autres approvisionnements / Stocks de pièces terminées,
,Stocks de marchandises,asset,group,debit,1,,Actif / Actifs circulants / Stocks et travaux en cours,,,,Actif / Actifs circulants / Stocks et travaux en cours / Stocks de marchandises,
,Acomptes versés pour marchandises,asset,unspecified,debit,0,,Actif / Actifs circulants / Stocks et travaux en cours / Stocks de marchandises,,,,Actif / Actifs circulants / Stocks et travaux en cours / Stocks de marchandises / Acomptes versés pour marchandises,
,Corrections valeur s/stocks de marchandises,asset,unspecified,debit,0,,Actif / Actifs circulants / Stocks et travaux en cours / Stocks de marchandises,,,,Actif / Actifs circulants / Stocks et travaux en cours / Stocks de marchandises / Corrections valeur s/stocks de marchandises,
,Stocks de marchandises A,asset,unspecified,debit,0,,Actif / Actifs circulants / Stocks et travaux en cours / Stocks de marchandises,,,,Actif / Actifs circulants / Stocks et travaux en cours / Stocks de marchandises / Stocks de marchandises A,
,Stocks de marchandises B,asset,unspecified,debit,0,,Actif / Actifs circulants / Stocks et travaux en cours / Stocks de marchandises,,,,Actif / Actifs circulants / Stocks et travaux en cours / Stocks de marchandises / Stocks de marchandises B,
,Stocks de matières auxiliaires et de fournitures,asset,group,debit,1,,Actif / Actifs circulants / Stocks et travaux en cours,,,,Actif / Actifs circulants / Stocks et travaux en cours / Stocks de matières auxiliaires et de fournitures,
,Acomptes versés s/matières auxiliaires-fournitures,asset,unspecified,debit,0,,Actif / Actifs circulants / Stocks et travaux en cours / Stocks de matières auxiliaires et de fournitures,,,,Actif / Actifs circulants / Stocks et travaux en cours / Stocks de matières auxiliaires et de fournitures / Acomptes versés s/matières auxiliaires-fournitures,
,Réserve s/marchandises,asset,unspecified,debit,0,,Actif / Actifs circulants / Stocks et travaux en cours / Stocks de matières auxiliaires et de fournitures,,,,Actif / Actifs circulants / Stocks et travaux en cours / Stocks de matières auxiliaires et de fournitures / Réserve s/marchandises,
,Stocks,asset,unspecified,debit,0,,Actif / Actifs circulants / Stocks et travaux en cours / Stocks de matières auxiliaires et de fournitures,,,,Actif / Actifs circulants / Stocks et travaux en cours / Stocks de matières auxiliaires et de fournitures / Stocks,
,Stocks de fournitures d'exploitation,asset,unspecified,debit,0,,Actif / Actifs circulants / Stocks et travaux en cours / Stocks de matières auxiliaires et de fournitures,,,,Actif / Actifs circulants / Stocks et travaux en cours / Stocks de matières auxiliaires et de fournitures / Stocks de fournitures d'exploitation,
,Stocks de matières auxiliaires,asset,unspecified,debit,0,,Actif / Actifs circulants / Stocks et travaux en cours / Stocks de matières auxiliaires et de fournitures,,,,Actif / Actifs circulants / Stocks et travaux en cours / Stocks de matières auxiliaires et de fournitures / Stocks de matières auxiliaires,
,Stocks de matières premières,asset,group,debit,1,,Actif / Actifs circulants / Stocks et travaux en cours,,,,Actif / Actifs circulants / Stocks et travaux en cours / Stocks de matières premières,
,Acomptes versés pour matières premières,asset,unspecified,debit,0,,Actif / Actifs circulants / Stocks et travaux en cours / Stocks de matières premières,,,,Actif / Actifs circulants / Stocks et travaux en cours / Stocks de matières premières / Acomptes versés pour matières premières,
,Corrections valeur s/stocks de matières premières,asset,unspecified,debit,0,,Actif / Actifs circulants / Stocks et travaux en cours / Stocks de matières premières,,,,Actif / Actifs circulants / Stocks et travaux en cours / Stocks de matières premières / Corrections valeur s/stocks de matières premières,
,Stocks de matières premières A,asset,unspecified,debit,0,,Actif / Actifs circulants / Stocks et travaux en cours / Stocks de matières premières,,,,Actif / Actifs circulants / Stocks et travaux en cours / Stocks de matières premières / Stocks de matières premières A,
,Stocks de matières premières B,asset,unspecified,debit,0,,Actif / Actifs circulants / Stocks et travaux en cours / Stocks de matières premières,,,,Actif / Actifs circulants / Stocks et travaux en cours / Stocks de matières premières / Stocks de matières premières B,
,Stocks de produits en cours,asset,group,debit,1,,Actif / Actifs circulants / Stocks et travaux en cours,,,,Actif / Actifs circulants / Stocks et travaux en cours / Stocks de produits en cours,
,Corrections valeur s/stocks produits en cours,asset,unspecified,debit,0,,Actif / Actifs circulants / Stocks et travaux en cours / Stocks de produits en cours,,,,Actif / Actifs circulants / Stocks et travaux en cours / Stocks de produits en cours / Corrections valeur s/stocks produits en cours,
,Stocks de produits en cours,asset,unspecified,debit,0,,Actif / Actifs circulants / Stocks et travaux en cours / Stocks de produits en cours,,,,Actif / Actifs circulants / Stocks et travaux en cours / Stocks de produits en cours / Stocks de produits en cours,
,Stocks de produits finis,asset,group,debit,1,,Actif / Actifs circulants / Stocks et travaux en cours,,,,Actif / Actifs circulants / Stocks et travaux en cours / Stocks de produits finis,
,Corrections valeur s/stocks produits finis,asset,unspecified,debit,0,,Actif / Actifs circulants / Stocks et travaux en cours / Stocks de produits finis,,,,Actif / Actifs circulants / Stocks et travaux en cours / Stocks de produits finis / Corrections valeur s/stocks produits finis,
,Stocks de produits finis,asset,unspecified,debit,0,,Actif / Actifs circulants / Stocks et travaux en cours / Stocks de produits finis,,,,Actif / Actifs circulants / Stocks et travaux en cours / Stocks de produits finis / Stocks de produits finis,
,Stocks de produits semi-ouvrés,asset,group,debit,1,,Actif / Actifs circulants / Stocks et travaux en cours,,,,Actif / Actifs circulants / Stocks et travaux en cours / Stocks de produits semi-ouvrés,
,Corrections valeur s/stocks produits semi-ouvrés,asset,unspecified,debit,0,,Actif / Actifs circulants / Stocks et travaux en cours / Stocks de produits semi-ouvrés,,,,Actif / Actifs circulants / Stocks et travaux en cours / Stocks de produits semi-ouvrés / Corrections valeur s/stocks produits semi-ouvrés,
,Stocks de produits semi-ouvrés,asset,unspecified,debit,0,,Actif / Actifs circulants / Stocks et travaux en cours / Stocks de produits semi-ouvrés,,,,Actif / Actifs circulants / Stocks et travaux en cours / Stocks de produits semi-ouvrés / Stocks de produits semi-ouvrés,
,Stocks obligatoires,asset,group,debit,1,,Actif / Actifs circulants / Stocks et travaux en cours,,,,Actif / Actifs circulants / Stocks et travaux en cours / Stocks obligatoires,
,Acomptes versés pour stocks obligatoires,asset,unspecified,debit,0,,Actif / Actifs circulants / Stocks et travaux en cours / Stocks obligatoires,,,,Actif / Actifs circulants / Stocks et travaux en cours / Stocks obligatoires / Acomptes versés pour stocks obligatoires,
,Réserve s/marchandises,asset,unspecified,debit,0,,Actif / Actifs circulants / Stocks et travaux en cours / Stocks obligatoires,,,,Actif / Actifs circulants / Stocks et travaux en cours / Stocks obligatoires / Réserve s/marchandises,
,Stocks obligatoires,asset,unspecified,debit,0,,Actif / Actifs circulants / Stocks et travaux en cours / Stocks obligatoires,,,,Actif / Actifs circulants / Stocks et travaux en cours / Stocks obligatoires / Stocks obligatoires,
,Actifs hors exploitation,asset,group,debit,1,,Actif,,,,Actif / Actifs hors exploitation,
,Actifs hors exploitation,asset,group,debit,1,,Actif / Actifs hors exploitation,,,,Actif / Actifs hors exploitation / Actifs hors exploitation,
,Actifs de régularisation,asset,group,debit,1,,Actif / Actifs hors exploitation / Actifs hors exploitation,,,,Actif / Actifs hors exploitation / Actifs hors exploitation / Actifs de régularisation,
,Actifs de régularisation,asset,unspecified,debit,0,,Actif / Actifs hors exploitation / Actifs hors exploitation / Actifs de régularisation,,,,Actif / Actifs hors exploitation / Actifs hors exploitation / Actifs de régularisation / Actifs de régularisation,
,Charges activées,asset,group,debit,1,,Actif / Actifs hors exploitation / Actifs hors exploitation,,,,Actif / Actifs hors exploitation / Actifs hors exploitation / Charges activées,
,Amortissements cumulés s/charges activées,asset,unspecified,debit,0,,Actif / Actifs hors exploitation / Actifs hors exploitation / Charges activées,,,,Actif / Actifs hors exploitation / Actifs hors exploitation / Charges activées / Amortissements cumulés s/charges activées,
,Charges activées,asset,unspecified,debit,0,,Actif / Actifs hors exploitation / Actifs hors exploitation / Charges activées,,,,Actif / Actifs hors exploitation / Actifs hors exploitation / Charges activées / Charges activées,
,Créances à court terme,asset,group,debit,1,,Actif / Actifs hors exploitation / Actifs hors exploitation,,,,Actif / Actifs hors exploitation / Actifs hors exploitation / Créances à court terme,
,Corrections de valeur s/créances à court terme,asset,unspecified,debit,0,,Actif / Actifs hors exploitation / Actifs hors exploitation / Créances à court terme,,,,Actif / Actifs hors exploitation / Actifs hors exploitation / Créances à court terme / Corrections de valeur s/créances à court terme,
,Créances à court terme,asset,unspecified,debit,0,,Actif / Actifs hors exploitation / Actifs hors exploitation / Créances à court terme,,,,Actif / Actifs hors exploitation / Actifs hors exploitation / Créances à court terme / Créances à court terme,
,Immobilisations corporelles immeubles,asset,group,debit,1,,Actif / Actifs hors exploitation / Actifs hors exploitation,,,,Actif / Actifs hors exploitation / Actifs hors exploitation / Immobilisations corporelles immeubles,
,Acomptes pour immobilisations corporelles,asset,unspecified,debit,0,,Actif / Actifs hors exploitation / Actifs hors exploitation / Immobilisations corporelles immeubles,,,,Actif / Actifs hors exploitation / Actifs hors exploitation / Immobilisations corporelles immeubles / Acomptes pour immobilisations corporelles,
,Amortissement cumulé s/immobilisations corporelles,asset,unspecified,debit,0,,Actif / Actifs hors exploitation / Actifs hors exploitation / Immobilisations corporelles immeubles,,,,Actif / Actifs hors exploitation / Actifs hors exploitation / Immobilisations corporelles immeubles / Amortissement cumulé s/immobilisations corporelles,
,Biens-fonds non bâtis,asset,unspecified,debit,0,,Actif / Actifs hors exploitation / Actifs hors exploitation / Immobilisations corporelles immeubles,,,,Actif / Actifs hors exploitation / Actifs hors exploitation / Immobilisations corporelles immeubles / Biens-fonds non bâtis,
,Bâtiments d'habitation,asset,unspecified,debit,0,,Actif / Actifs hors exploitation / Actifs hors exploitation / Immobilisations corporelles immeubles,,,,Actif / Actifs hors exploitation / Actifs hors exploitation / Immobilisations corporelles immeubles / Bâtiments d'habitation,
,Immeubles en propriété par étage,asset,unspecified,debit,0,,Actif / Actifs hors exploitation / Actifs hors exploitation / Immobilisations corporelles immeubles,,,,Actif / Actifs hors exploitation / Actifs hors exploitation / Immobilisations corporelles immeubles / Immeubles en propriété par étage,
,Immobilisations corporelles meubles,asset,group,debit,1,,Actif / Actifs hors exploitation / Actifs hors exploitation,,,,Actif / Actifs hors exploitation / Actifs hors exploitation / Immobilisations corporelles meubles,
,Acomptes pour immobilisations corporelles meubles,asset,unspecified,debit,0,,Actif / Actifs hors exploitation / Actifs hors exploitation / Immobilisations corporelles meubles,,,,Actif / Actifs hors exploitation / Actifs hors exploitation / Immobilisations corporelles meubles / Acomptes pour immobilisations corporelles meubles,
,Amortissement cumulé s/immobilisations corporelles,asset,unspecified,debit,0,,Actif / Actifs hors exploitation / Actifs hors exploitation / Immobilisations corporelles meubles,,,,Actif / Actifs hors exploitation / Actifs hors exploitation / Immobilisations corporelles meubles / Amortissement cumulé s/immobilisations corporelles,
,Machines et appareils,asset,unspecified,debit,0,,Actif / Actifs hors exploitation / Actifs hors exploitation / Immobilisations corporelles meubles,,,,Actif / Actifs hors exploitation / Actifs hors exploitation / Immobilisations corporelles meubles / Machines et appareils,
,Mobilier et installations,asset,unspecified,debit,0,,Actif / Actifs hors exploitation / Actifs hors exploitation / Immobilisations corporelles meubles,,,,Actif / Actifs hors exploitation / Actifs hors exploitation / Immobilisations corporelles meubles / Mobilier et installations,
,Immobilisations financières,asset,group,debit,1,,Actif / Actifs hors exploitation / Actifs hors exploitation,,,,Actif / Actifs hors exploitation / Actifs hors exploitation / Immobilisations financières,
,Actions,asset,unspecified,debit,0,,Actif / Actifs hors exploitation / Actifs hors exploitation / Immobilisations financières,,,,Actif / Actifs hors exploitation / Actifs hors exploitation / Immobilisations financières / Actions,
,Corrections de valeur s/immobilisations,asset,unspecified,debit,0,,Actif / Actifs hors exploitation / Actifs hors exploitation / Immobilisations financières,,,,Actif / Actifs hors exploitation / Actifs hors exploitation / Immobilisations financières / Corrections de valeur s/immobilisations,
,Obligations,asset,unspecified,debit,0,,Actif / Actifs hors exploitation / Actifs hors exploitation / Immobilisations financières,,,,Actif / Actifs hors exploitation / Actifs hors exploitation / Immobilisations financières / Obligations,
,Immobilisations incorporelles,asset,group,debit,1,,Actif / Actifs hors exploitation / Actifs hors exploitation,,,,Actif / Actifs hors exploitation / Actifs hors exploitation / Immobilisations incorporelles,
,Amortissement cumulé s/immob. incorporelles,asset,unspecified,debit,0,,Actif / Actifs hors exploitation / Actifs hors exploitation / Immobilisations incorporelles,,,,Actif / Actifs hors exploitation / Actifs hors exploitation / Immobilisations incorporelles / Amortissement cumulé s/immob. incorporelles,
,"Brevets, know-how, recettes de fabrication",asset,unspecified,debit,0,,Actif / Actifs hors exploitation / Actifs hors exploitation / Immobilisations incorporelles,,,,"Actif / Actifs hors exploitation / Actifs hors exploitation / Immobilisations incorporelles / Brevets, know-how, recettes de fabrication",
,"Droits de licence, concessions, d'usage, commerce",asset,unspecified,debit,0,,Actif / Actifs hors exploitation / Actifs hors exploitation / Immobilisations incorporelles,,,,"Actif / Actifs hors exploitation / Actifs hors exploitation / Immobilisations incorporelles / Droits de licence, concessions, d'usage, commerce",
,"Droits de propriété, d'édition, conventionnels",asset,unspecified,debit,0,,Actif / Actifs hors exploitation / Actifs hors exploitation / Immobilisations incorporelles,,,,"Actif / Actifs hors exploitation / Actifs hors exploitation / Immobilisations incorporelles / Droits de propriété, d'édition, conventionnels",
,"Marques commerciales, échantillons, modèles, plans",asset,unspecified,debit,0,,Actif / Actifs hors exploitation / Actifs hors exploitation / Immobilisations incorporelles,,,,"Actif / Actifs hors exploitation / Actifs hors exploitation / Immobilisations incorporelles / Marques commerciales, échantillons, modèles, plans",
,Liquidités et titres,asset,group,debit,1,,Actif / Actifs hors exploitation / Actifs hors exploitation,,,,Actif / Actifs hors exploitation / Actifs hors exploitation / Liquidités et titres,
,Banques,asset,unspecified,debit,0,,Actif / Actifs hors exploitation / Actifs hors exploitation / Liquidités et titres,,,,Actif / Actifs hors exploitation / Actifs hors exploitation / Liquidités et titres / Banques,
,Caisse,asset,unspecified,debit,0,,Actif / Actifs hors exploitation / Actifs hors exploitation / Liquidités et titres,,,,Actif / Actifs hors exploitation / Actifs hors exploitation / Liquidités et titres / Caisse,
,Chèques postaux,asset,unspecified,debit,0,,Actif / Actifs hors exploitation / Actifs hors exploitation / Liquidités et titres,,,,Actif / Actifs hors exploitation / Actifs hors exploitation / Liquidités et titres / Chèques postaux,
,Corrections de valeur s/liquidités et titres,asset,unspecified,debit,0,,Actif / Actifs hors exploitation / Actifs hors exploitation / Liquidités et titres,,,,Actif / Actifs hors exploitation / Actifs hors exploitation / Liquidités et titres / Corrections de valeur s/liquidités et titres,
,Stocks et travaux en cours,asset,group,debit,1,,Actif / Actifs hors exploitation / Actifs hors exploitation,,,,Actif / Actifs hors exploitation / Actifs hors exploitation / Stocks et travaux en cours,
,Acomptes pour stocks,asset,unspecified,debit,0,,Actif / Actifs hors exploitation / Actifs hors exploitation / Stocks et travaux en cours,,,,Actif / Actifs hors exploitation / Actifs hors exploitation / Stocks et travaux en cours / Acomptes pour stocks,
,Corrections de valeur s/stocks et travaux en cours,asset,unspecified,debit,0,,Actif / Actifs hors exploitation / Actifs hors exploitation / Stocks et travaux en cours,,,,Actif / Actifs hors exploitation / Actifs hors exploitation / Stocks et travaux en cours / Corrections de valeur s/stocks et travaux en cours,
,Stocks,asset,unspecified,debit,0,,Actif / Actifs hors exploitation / Actifs hors exploitation / Stocks et travaux en cours,,,,Actif / Actifs hors exploitation / Actifs hors exploitation / Stocks et travaux en cours / Stocks,
,Travaux en cours,asset,unspecified,debit,0,,Actif / Actifs hors exploitation / Actifs hors exploitation / Stocks et travaux en cours,,,,Actif / Actifs hors exploitation / Actifs hors exploitation / Stocks et travaux en cours / Travaux en cours,
,Actifs immobilisés,asset,group,debit,1,,Actif,,,,Actif / Actifs immobilisés,
,Immobilisation corporelles immeubles,asset,group,debit,1,,Actif / Actifs immobilisés,,,,Actif / Actifs immobilisés / Immobilisation corporelles immeubles,
,Ateliers,asset,group,debit,1,,Actif / Actifs immobilisés / Immobilisation corporelles immeubles,,,,Actif / Actifs immobilisés / Immobilisation corporelles immeubles / Ateliers,
,Acomptes s/ateliers,asset,unspecified,debit,0,,Actif / Actifs immobilisés / Immobilisation corporelles immeubles / Ateliers,,,,Actif / Actifs immobilisés / Immobilisation corporelles immeubles / Ateliers / Acomptes s/ateliers,
,Amortissement cumulé s/ateliers,asset,unspecified,debit,0,,Actif / Actifs immobilisés / Immobilisation corporelles immeubles / Ateliers,,,,Actif / Actifs immobilisés / Immobilisation corporelles immeubles / Ateliers / Amortissement cumulé s/ateliers,
,Ateliers,asset,unspecified,debit,0,,Actif / Actifs immobilisés / Immobilisation corporelles immeubles / Ateliers,,,,Actif / Actifs immobilisés / Immobilisation corporelles immeubles / Ateliers / Ateliers,
,Terrains,asset,unspecified,debit,0,,Actif / Actifs immobilisés / Immobilisation corporelles immeubles / Ateliers,,,,Actif / Actifs immobilisés / Immobilisation corporelles immeubles / Ateliers / Terrains,
,Bâtiments administratifs,asset,group,debit,1,,Actif / Actifs immobilisés / Immobilisation corporelles immeubles,,,,Actif / Actifs immobilisés / Immobilisation corporelles immeubles / Bâtiments administratifs,
,Acomptes s/bâtiments administratifs,asset,unspecified,debit,0,,Actif / Actifs immobilisés / Immobilisation corporelles immeubles / Bâtiments administratifs,,,,Actif / Actifs immobilisés / Immobilisation corporelles immeubles / Bâtiments administratifs / Acomptes s/bâtiments administratifs,
,Amortissement cumulé s/bâtiments administratifs,asset,unspecified,debit,0,,Actif / Actifs immobilisés / Immobilisation corporelles immeubles / Bâtiments administratifs,,,,Actif / Actifs immobilisés / Immobilisation corporelles immeubles / Bâtiments administratifs / Amortissement cumulé s/bâtiments administratifs,
,Bâtiments d'administration,asset,unspecified,debit,0,,Actif / Actifs immobilisés / Immobilisation corporelles immeubles / Bâtiments administratifs,,,,Actif / Actifs immobilisés / Immobilisation corporelles immeubles / Bâtiments administratifs / Bâtiments d'administration,
,Bâtiments de bureau,asset,unspecified,debit,0,,Actif / Actifs immobilisés / Immobilisation corporelles immeubles / Bâtiments administratifs,,,,Actif / Actifs immobilisés / Immobilisation corporelles immeubles / Bâtiments administratifs / Bâtiments de bureau,
,Terrains,asset,unspecified,debit,0,,Actif / Actifs immobilisés / Immobilisation corporelles immeubles / Bâtiments administratifs,,,,Actif / Actifs immobilisés / Immobilisation corporelles immeubles / Bâtiments administratifs / Terrains,
,Bâtiments d'exploitation,asset,group,debit,1,,Actif / Actifs immobilisés / Immobilisation corporelles immeubles,,,,Actif / Actifs immobilisés / Immobilisation corporelles immeubles / Bâtiments d'exploitation,
,Acomptes s/bâtiments d'exploitation,asset,unspecified,debit,0,,Actif / Actifs immobilisés / Immobilisation corporelles immeubles / Bâtiments d'exploitation,,,,Actif / Actifs immobilisés / Immobilisation corporelles immeubles / Bâtiments d'exploitation / Acomptes s/bâtiments d'exploitation,
,Amortissement cumulé s/bâtiments d'exploitation,asset,unspecified,debit,0,,Actif / Actifs immobilisés / Immobilisation corporelles immeubles / Bâtiments d'exploitation,,,,Actif / Actifs immobilisés / Immobilisation corporelles immeubles / Bâtiments d'exploitation / Amortissement cumulé s/bâtiments d'exploitation,
,Bâtiments d'exploitation,asset,unspecified,debit,0,,Actif / Actifs immobilisés / Immobilisation corporelles immeubles / Bâtiments d'exploitation,,,,Actif / Actifs immobilisés / Immobilisation corporelles immeubles / Bâtiments d'exploitation / Bâtiments d'exploitation,
,Terrains,asset,unspecified,debit,0,,Actif / Actifs immobilisés / Immobilisation corporelles immeubles / Bâtiments d'exploitation,,,,Actif / Actifs immobilisés / Immobilisation corporelles immeubles / Bâtiments d'exploitation / Terrains,
,Bâtiments d'exposition et de vente,asset,group,debit,1,,Actif / Actifs immobilisés / Immobilisation corporelles immeubles,,,,Actif / Actifs immobilisés / Immobilisation corporelles immeubles / Bâtiments d'exposition et de vente,
,Acomptes s/bâtiments d'exposition et vente,asset,unspecified,debit,0,,Actif / Actifs immobilisés / Immobilisation corporelles immeubles / Bâtiments d'exposition et de vente,,,,Actif / Actifs immobilisés / Immobilisation corporelles immeubles / Bâtiments d'exposition et de vente / Acomptes s/bâtiments d'exposition et vente,
,"Amortissement cumulé s/bâtiments exposition, vente",asset,unspecified,debit,0,,Actif / Actifs immobilisés / Immobilisation corporelles immeubles / Bâtiments d'exposition et de vente,,,,"Actif / Actifs immobilisés / Immobilisation corporelles immeubles / Bâtiments d'exposition et de vente / Amortissement cumulé s/bâtiments exposition, vente",
,Halle de vente,asset,unspecified,debit,0,,Actif / Actifs immobilisés / Immobilisation corporelles immeubles / Bâtiments d'exposition et de vente,,,,Actif / Actifs immobilisés / Immobilisation corporelles immeubles / Bâtiments d'exposition et de vente / Halle de vente,
,Halles d'exposition,asset,unspecified,debit,0,,Actif / Actifs immobilisés / Immobilisation corporelles immeubles / Bâtiments d'exposition et de vente,,,,Actif / Actifs immobilisés / Immobilisation corporelles immeubles / Bâtiments d'exposition et de vente / Halles d'exposition,
,Terrains,asset,unspecified,debit,0,,Actif / Actifs immobilisés / Immobilisation corporelles immeubles / Bâtiments d'exposition et de vente,,,,Actif / Actifs immobilisés / Immobilisation corporelles immeubles / Bâtiments d'exposition et de vente / Terrains,
,Entrepôts,asset,group,debit,1,,Actif / Actifs immobilisés / Immobilisation corporelles immeubles,,,,Actif / Actifs immobilisés / Immobilisation corporelles immeubles / Entrepôts,
,Acomptes s/entrepôts,asset,unspecified,debit,0,,Actif / Actifs immobilisés / Immobilisation corporelles immeubles / Entrepôts,,,,Actif / Actifs immobilisés / Immobilisation corporelles immeubles / Entrepôts / Acomptes s/entrepôts,
,Amortissement cumulé s/entrepôts,asset,unspecified,debit,0,,Actif / Actifs immobilisés / Immobilisation corporelles immeubles / Entrepôts,,,,Actif / Actifs immobilisés / Immobilisation corporelles immeubles / Entrepôts / Amortissement cumulé s/entrepôts,
,Entrepôts,asset,unspecified,debit,0,,Actif / Actifs immobilisés / Immobilisation corporelles immeubles / Entrepôts,,,,Actif / Actifs immobilisés / Immobilisation corporelles immeubles / Entrepôts / Entrepôts,
,Terrains,asset,unspecified,debit,0,,Actif / Actifs immobilisés / Immobilisation corporelles immeubles / Entrepôts,,,,Actif / Actifs immobilisés / Immobilisation corporelles immeubles / Entrepôts / Terrains,
,Immeubles d'habitation,asset,group,debit,1,,Actif / Actifs immobilisés / Immobilisation corporelles immeubles,,,,Actif / Actifs immobilisés / Immobilisation corporelles immeubles / Immeubles d'habitation,
,Acomptes s/immeubles d'habitation,asset,unspecified,debit,0,,Actif / Actifs immobilisés / Immobilisation corporelles immeubles / Immeubles d'habitation,,,,Actif / Actifs immobilisés / Immobilisation corporelles immeubles / Immeubles d'habitation / Acomptes s/immeubles d'habitation,
,Amortissement cumulé s/biens-fonds non bâtis,asset,unspecified,debit,0,,Actif / Actifs immobilisés / Immobilisation corporelles immeubles / Immeubles d'habitation,,,,Actif / Actifs immobilisés / Immobilisation corporelles immeubles / Immeubles d'habitation / Amortissement cumulé s/biens-fonds non bâtis,
,Maisons d'habitation du personnel,asset,unspecified,debit,0,,Actif / Actifs immobilisés / Immobilisation corporelles immeubles / Immeubles d'habitation,,,,Actif / Actifs immobilisés / Immobilisation corporelles immeubles / Immeubles d'habitation / Maisons d'habitation du personnel,
,Maisons d'habitations de sociétés immobilières,asset,unspecified,debit,0,,Actif / Actifs immobilisés / Immobilisation corporelles immeubles / Immeubles d'habitation,,,,Actif / Actifs immobilisés / Immobilisation corporelles immeubles / Immeubles d'habitation / Maisons d'habitations de sociétés immobilières,
,Terrains,asset,unspecified,debit,0,,Actif / Actifs immobilisés / Immobilisation corporelles immeubles / Immeubles d'habitation,,,,Actif / Actifs immobilisés / Immobilisation corporelles immeubles / Immeubles d'habitation / Terrains,
,Usines,asset,group,debit,1,,Actif / Actifs immobilisés / Immobilisation corporelles immeubles,,,,Actif / Actifs immobilisés / Immobilisation corporelles immeubles / Usines,
,Acomptes s/usines,asset,unspecified,debit,0,,Actif / Actifs immobilisés / Immobilisation corporelles immeubles / Usines,,,,Actif / Actifs immobilisés / Immobilisation corporelles immeubles / Usines / Acomptes s/usines,
,Amortissement cumulé s/usines,asset,unspecified,debit,0,,Actif / Actifs immobilisés / Immobilisation corporelles immeubles / Usines,,,,Actif / Actifs immobilisés / Immobilisation corporelles immeubles / Usines / Amortissement cumulé s/usines,
,Terrains,asset,unspecified,debit,0,,Actif / Actifs immobilisés / Immobilisation corporelles immeubles / Usines,,,,Actif / Actifs immobilisés / Immobilisation corporelles immeubles / Usines / Terrains,
,Usines,asset,unspecified,debit,0,,Actif / Actifs immobilisés / Immobilisation corporelles immeubles / Usines,,,,Actif / Actifs immobilisés / Immobilisation corporelles immeubles / Usines / Usines,
,Immobilisation corporelles meubles,asset,group,debit,1,,Actif / Actifs immobilisés,,,,Actif / Actifs immobilisés / Immobilisation corporelles meubles,
,Autres immobilisations corporelles meubles,asset,group,debit,1,,Actif / Actifs immobilisés / Immobilisation corporelles meubles,,,,Actif / Actifs immobilisés / Immobilisation corporelles meubles / Autres immobilisations corporelles meubles,
,Acomptes s/autres immobilisations corporelles,asset,unspecified,debit,0,,Actif / Actifs immobilisés / Immobilisation corporelles meubles / Autres immobilisations corporelles meubles,,,,Actif / Actifs immobilisés / Immobilisation corporelles meubles / Autres immobilisations corporelles meubles / Acomptes s/autres immobilisations corporelles,
,Amortissement cumulé s/immobilisations corporelles,asset,unspecified,debit,0,,Actif / Actifs immobilisés / Immobilisation corporelles meubles / Autres immobilisations corporelles meubles,,,,Actif / Actifs immobilisés / Immobilisation corporelles meubles / Autres immobilisations corporelles meubles / Amortissement cumulé s/immobilisations corporelles,
,Lingerie et habits de travail,asset,unspecified,debit,0,,Actif / Actifs immobilisés / Immobilisation corporelles meubles / Autres immobilisations corporelles meubles,,,,Actif / Actifs immobilisés / Immobilisation corporelles meubles / Autres immobilisations corporelles meubles / Lingerie et habits de travail,
,Moules et modèles,asset,unspecified,debit,0,,Actif / Actifs immobilisés / Immobilisation corporelles meubles / Autres immobilisations corporelles meubles,,,,Actif / Actifs immobilisés / Immobilisation corporelles meubles / Autres immobilisations corporelles meubles / Moules et modèles,
,Equipements et installations,asset,group,debit,1,,Actif / Actifs immobilisés / Immobilisation corporelles meubles,,,,Actif / Actifs immobilisés / Immobilisation corporelles meubles / Equipements et installations,
,Acomptes s/équipements et installations,asset,unspecified,debit,0,,Actif / Actifs immobilisés / Immobilisation corporelles meubles / Equipements et installations,,,,Actif / Actifs immobilisés / Immobilisation corporelles meubles / Equipements et installations / Acomptes s/équipements et installations,
,Amortissement cumulé s/équipements et installation,asset,unspecified,debit,0,,Actif / Actifs immobilisés / Immobilisation corporelles meubles / Equipements et installations,,,,Actif / Actifs immobilisés / Immobilisation corporelles meubles / Equipements et installations / Amortissement cumulé s/équipements et installation,
,"Ascenseurs, escaliers roulants",asset,unspecified,debit,0,,Actif / Actifs immobilisés / Immobilisation corporelles meubles / Equipements et installations,,,,"Actif / Actifs immobilisés / Immobilisation corporelles meubles / Equipements et installations / Ascenseurs, escaliers roulants",
,Baraques,asset,unspecified,debit,0,,Actif / Actifs immobilisés / Immobilisation corporelles meubles / Equipements et installations,,,,Actif / Actifs immobilisés / Immobilisation corporelles meubles / Equipements et installations / Baraques,
,Constructions mobilières,asset,unspecified,debit,0,,Actif / Actifs immobilisés / Immobilisation corporelles meubles / Equipements et installations,,,,Actif / Actifs immobilisés / Immobilisation corporelles meubles / Equipements et installations / Constructions mobilières,
,Conteneurs,asset,unspecified,debit,0,,Actif / Actifs immobilisés / Immobilisation corporelles meubles / Equipements et installations,,,,Actif / Actifs immobilisés / Immobilisation corporelles meubles / Equipements et installations / Conteneurs,
,Réservoirs,asset,unspecified,debit,0,,Actif / Actifs immobilisés / Immobilisation corporelles meubles / Equipements et installations,,,,Actif / Actifs immobilisés / Immobilisation corporelles meubles / Equipements et installations / Réservoirs,
,Voies ferrées industrielles,asset,unspecified,debit,0,,Actif / Actifs immobilisés / Immobilisation corporelles meubles / Equipements et installations,,,,Actif / Actifs immobilisés / Immobilisation corporelles meubles / Equipements et installations / Voies ferrées industrielles,
,Installations de stockage,asset,group,debit,1,,Actif / Actifs immobilisés / Immobilisation corporelles meubles,,,,Actif / Actifs immobilisés / Immobilisation corporelles meubles / Installations de stockage,
,Acomptes s/installations de stockage,asset,unspecified,debit,0,,Actif / Actifs immobilisés / Immobilisation corporelles meubles / Installations de stockage,,,,Actif / Actifs immobilisés / Immobilisation corporelles meubles / Installations de stockage / Acomptes s/installations de stockage,
,Amortissement cumulé s/installations de stockage,asset,unspecified,debit,0,,Actif / Actifs immobilisés / Immobilisation corporelles meubles / Installations de stockage,,,,Actif / Actifs immobilisés / Immobilisation corporelles meubles / Installations de stockage / Amortissement cumulé s/installations de stockage,
,Entrepôts à hauts rayonnages,asset,unspecified,debit,0,,Actif / Actifs immobilisés / Immobilisation corporelles meubles / Installations de stockage,,,,Actif / Actifs immobilisés / Immobilisation corporelles meubles / Installations de stockage / Entrepôts à hauts rayonnages,
,Installations de stockage,asset,unspecified,debit,0,,Actif / Actifs immobilisés / Immobilisation corporelles meubles / Installations de stockage,,,,Actif / Actifs immobilisés / Immobilisation corporelles meubles / Installations de stockage / Installations de stockage,
,Instruments et outillage,asset,group,debit,1,,Actif / Actifs immobilisés / Immobilisation corporelles meubles,,,,Actif / Actifs immobilisés / Immobilisation corporelles meubles / Instruments et outillage,
,Acomptes s/instruments et outillage,asset,unspecified,debit,0,,Actif / Actifs immobilisés / Immobilisation corporelles meubles / Instruments et outillage,,,,Actif / Actifs immobilisés / Immobilisation corporelles meubles / Instruments et outillage / Acomptes s/instruments et outillage,
,Amortissement cumulé s/instruments et outillage,asset,unspecified,debit,0,,Actif / Actifs immobilisés / Immobilisation corporelles meubles / Instruments et outillage,,,,Actif / Actifs immobilisés / Immobilisation corporelles meubles / Instruments et outillage / Amortissement cumulé s/instruments et outillage,
,Instruments et outillage,asset,unspecified,debit,0,,Actif / Actifs immobilisés / Immobilisation corporelles meubles / Instruments et outillage,,,,Actif / Actifs immobilisés / Immobilisation corporelles meubles / Instruments et outillage / Instruments et outillage,
,"Machines de bureau, informatiques, communication",asset,group,debit,1,,Actif / Actifs immobilisés / Immobilisation corporelles meubles,,,,"Actif / Actifs immobilisés / Immobilisation corporelles meubles / Machines de bureau, informatiques, communication",
,"Acomptes s/machines, informatique, communication",asset,unspecified,debit,0,,"Actif / Actifs immobilisés / Immobilisation corporelles meubles / Machines de bureau, informatiques, communication",,,,"Actif / Actifs immobilisés / Immobilisation corporelles meubles / Machines de bureau, informatiques, communication / Acomptes s/machines, informatique, communication",
,"Amortissement cumulé machines, informatique, comm",asset,unspecified,debit,0,,"Actif / Actifs immobilisés / Immobilisation corporelles meubles / Machines de bureau, informatiques, communication",,,,"Actif / Actifs immobilisés / Immobilisation corporelles meubles / Machines de bureau, informatiques, communication / Amortissement cumulé machines, informatique, comm",
,Appareils électroniques de mesure et de contrôle,asset,unspecified,debit,0,,"Actif / Actifs immobilisés / Immobilisation corporelles meubles / Machines de bureau, informatiques, communication",,,,"Actif / Actifs immobilisés / Immobilisation corporelles meubles / Machines de bureau, informatiques, communication / Appareils électroniques de mesure et de contrôle",
,Infrastructures informatiques,asset,unspecified,debit,0,,"Actif / Actifs immobilisés / Immobilisation corporelles meubles / Machines de bureau, informatiques, communication",,,,"Actif / Actifs immobilisés / Immobilisation corporelles meubles / Machines de bureau, informatiques, communication / Infrastructures informatiques",
,Installations de sécurité,asset,unspecified,debit,0,,"Actif / Actifs immobilisés / Immobilisation corporelles meubles / Machines de bureau, informatiques, communication",,,,"Actif / Actifs immobilisés / Immobilisation corporelles meubles / Machines de bureau, informatiques, communication / Installations de sécurité",
,Logiciels,asset,unspecified,debit,0,,"Actif / Actifs immobilisés / Immobilisation corporelles meubles / Machines de bureau, informatiques, communication",,,,"Actif / Actifs immobilisés / Immobilisation corporelles meubles / Machines de bureau, informatiques, communication / Logiciels",
,Machines de bureau,asset,unspecified,debit,0,,"Actif / Actifs immobilisés / Immobilisation corporelles meubles / Machines de bureau, informatiques, communication",,,,"Actif / Actifs immobilisés / Immobilisation corporelles meubles / Machines de bureau, informatiques, communication / Machines de bureau",
,Systèmes de communication,asset,unspecified,debit,0,,"Actif / Actifs immobilisés / Immobilisation corporelles meubles / Machines de bureau, informatiques, communication",,,,"Actif / Actifs immobilisés / Immobilisation corporelles meubles / Machines de bureau, informatiques, communication / Systèmes de communication",
,Systèmes à commande automatique,asset,unspecified,debit,0,,"Actif / Actifs immobilisés / Immobilisation corporelles meubles / Machines de bureau, informatiques, communication",,,,"Actif / Actifs immobilisés / Immobilisation corporelles meubles / Machines de bureau, informatiques, communication / Systèmes à commande automatique",
,Machines et appareils destinés à la production,asset,group,debit,1,,Actif / Actifs immobilisés / Immobilisation corporelles meubles,,,,Actif / Actifs immobilisés / Immobilisation corporelles meubles / Machines et appareils destinés à la production,
,Acomptes s/machines et appareils de production,asset,unspecified,debit,0,,Actif / Actifs immobilisés / Immobilisation corporelles meubles / Machines et appareils destinés à la production,,,,Actif / Actifs immobilisés / Immobilisation corporelles meubles / Machines et appareils destinés à la production / Acomptes s/machines et appareils de production,
,Amortissement cumulé s/machines et appareils prod.,asset,unspecified,debit,0,,Actif / Actifs immobilisés / Immobilisation corporelles meubles / Machines et appareils destinés à la production,,,,Actif / Actifs immobilisés / Immobilisation corporelles meubles / Machines et appareils destinés à la production / Amortissement cumulé s/machines et appareils prod.,
,Chaînes de production,asset,unspecified,debit,0,,Actif / Actifs immobilisés / Immobilisation corporelles meubles / Machines et appareils destinés à la production,,,,Actif / Actifs immobilisés / Immobilisation corporelles meubles / Machines et appareils destinés à la production / Chaînes de production,
,Machines et appareils,asset,unspecified,debit,0,,Actif / Actifs immobilisés / Immobilisation corporelles meubles / Machines et appareils destinés à la production,,,,Actif / Actifs immobilisés / Immobilisation corporelles meubles / Machines et appareils destinés à la production / Machines et appareils,
,Mobilier et installations,asset,group,debit,1,,Actif / Actifs immobilisés / Immobilisation corporelles meubles,,,,Actif / Actifs immobilisés / Immobilisation corporelles meubles / Mobilier et installations,
,Acomptes sur mobilier et installations,asset,unspecified,debit,0,,Actif / Actifs immobilisés / Immobilisation corporelles meubles / Mobilier et installations,,,,Actif / Actifs immobilisés / Immobilisation corporelles meubles / Mobilier et installations / Acomptes sur mobilier et installations,
,Amortissement cumulé sur mobilier et installations,asset,unspecified,debit,0,,Actif / Actifs immobilisés / Immobilisation corporelles meubles / Mobilier et installations,,,,Actif / Actifs immobilisés / Immobilisation corporelles meubles / Mobilier et installations / Amortissement cumulé sur mobilier et installations,
,Installations d'ateliers,asset,unspecified,debit,0,,Actif / Actifs immobilisés / Immobilisation corporelles meubles / Mobilier et installations,,,,Actif / Actifs immobilisés / Immobilisation corporelles meubles / Mobilier et installations / Installations d'ateliers,
,Installations d'entrepôts,asset,unspecified,debit,0,,Actif / Actifs immobilisés / Immobilisation corporelles meubles / Mobilier et installations,,,,Actif / Actifs immobilisés / Immobilisation corporelles meubles / Mobilier et installations / Installations d'entrepôts,
,Mobilier d'exploitation,asset,unspecified,debit,0,,Actif / Actifs immobilisés / Immobilisation corporelles meubles / Mobilier et installations,,,,Actif / Actifs immobilisés / Immobilisation corporelles meubles / Mobilier et installations / Mobilier d'exploitation,
,Mobilier de bureau,asset,unspecified,debit,0,,Actif / Actifs immobilisés / Immobilisation corporelles meubles / Mobilier et installations,,,,Actif / Actifs immobilisés / Immobilisation corporelles meubles / Mobilier et installations / Mobilier de bureau,
,Véhicules,asset,group,debit,1,,Actif / Actifs immobilisés / Immobilisation corporelles meubles,,,,Actif / Actifs immobilisés / Immobilisation corporelles meubles / Véhicules,
,Acomptes s/véhicules,asset,unspecified,debit,0,,Actif / Actifs immobilisés / Immobilisation corporelles meubles / Véhicules,,,,Actif / Actifs immobilisés / Immobilisation corporelles meubles / Véhicules / Acomptes s/véhicules,
,Amortissement cumulé s/véhicules,asset,unspecified,debit,0,,Actif / Actifs immobilisés / Immobilisation corporelles meubles / Véhicules,,,,Actif / Actifs immobilisés / Immobilisation corporelles meubles / Véhicules / Amortissement cumulé s/véhicules,
,Automobiles,asset,unspecified,debit,0,,Actif / Actifs immobilisés / Immobilisation corporelles meubles / Véhicules,,,,Actif / Actifs immobilisés / Immobilisation corporelles meubles / Véhicules / Automobiles,
,Camionnettes,asset,unspecified,debit,0,,Actif / Actifs immobilisés / Immobilisation corporelles meubles / Véhicules,,,,Actif / Actifs immobilisés / Immobilisation corporelles meubles / Véhicules / Camionnettes,
,Camions,asset,unspecified,debit,0,,Actif / Actifs immobilisés / Immobilisation corporelles meubles / Véhicules,,,,Actif / Actifs immobilisés / Immobilisation corporelles meubles / Véhicules / Camions,
,Véhicules spéciaux,asset,unspecified,debit,0,,Actif / Actifs immobilisés / Immobilisation corporelles meubles / Véhicules,,,,Actif / Actifs immobilisés / Immobilisation corporelles meubles / Véhicules / Véhicules spéciaux,
,Immobilisations financières,asset,group,debit,1,,Actif / Actifs immobilisés,,,,Actif / Actifs immobilisés / Immobilisations financières,
,Actions propres,asset,group,debit,1,,Actif / Actifs immobilisés / Immobilisations financières,,,,Actif / Actifs immobilisés / Immobilisations financières / Actions propres,
,Actions propres,asset,unspecified,debit,0,,Actif / Actifs immobilisés / Immobilisations financières / Actions propres,,,,Actif / Actifs immobilisés / Immobilisations financières / Actions propres / Actions propres,
,Corrections valeur s/actions propres,asset,unspecified,debit,0,,Actif / Actifs immobilisés / Immobilisations financières / Actions propres,,,,Actif / Actifs immobilisés / Immobilisations financières / Actions propres / Corrections valeur s/actions propres,
,Autres placements à long terme,asset,group,debit,1,,Actif / Actifs immobilisés / Immobilisations financières,,,,Actif / Actifs immobilisés / Immobilisations financières / Autres placements à long terme,
,Comptes bloqués à titre de réserve de crise,asset,unspecified,debit,0,,Actif / Actifs immobilisés / Immobilisations financières / Autres placements à long terme,,,,Actif / Actifs immobilisés / Immobilisations financières / Autres placements à long terme / Comptes bloqués à titre de réserve de crise,
,Comptes de placement,asset,unspecified,debit,0,,Actif / Actifs immobilisés / Immobilisations financières / Autres placements à long terme,,,,Actif / Actifs immobilisés / Immobilisations financières / Autres placements à long terme / Comptes de placement,
,Corrections valeur s/autres placements long terme,asset,unspecified,debit,0,,Actif / Actifs immobilisés / Immobilisations financières / Autres placements à long terme,,,,Actif / Actifs immobilisés / Immobilisations financières / Autres placements à long terme / Corrections valeur s/autres placements long terme,
,Créances à long terme envers des actionnaires,asset,group,debit,1,,Actif / Actifs immobilisés / Immobilisations financières,,,,Actif / Actifs immobilisés / Immobilisations financières / Créances à long terme envers des actionnaires,
,Corrections valeur s/créances long terme à action.,asset,unspecified,debit,0,,Actif / Actifs immobilisés / Immobilisations financières / Créances à long terme envers des actionnaires,,,,Actif / Actifs immobilisés / Immobilisations financières / Créances à long terme envers des actionnaires / Corrections valeur s/créances long terme à action.,
,Prêts hypothécaires à des actionnaires,asset,unspecified,debit,0,,Actif / Actifs immobilisés / Immobilisations financières / Créances à long terme envers des actionnaires,,,,Actif / Actifs immobilisés / Immobilisations financières / Créances à long terme envers des actionnaires / Prêts hypothécaires à des actionnaires,
,Prêts à long terme à des actionnaires,asset,unspecified,debit,0,,Actif / Actifs immobilisés / Immobilisations financières / Créances à long terme envers des actionnaires,,,,Actif / Actifs immobilisés / Immobilisations financières / Créances à long terme envers des actionnaires / Prêts à long terme à des actionnaires,
,Créances à long terme envers des sociétés du groupe,asset,group,debit,1,,Actif / Actifs immobilisés / Immobilisations financières,,,,Actif / Actifs immobilisés / Immobilisations financières / Créances à long terme envers des sociétés du groupe,
,Corrections valeur s/créances long terme des sociétés du groupe,asset,unspecified,debit,0,,Actif / Actifs immobilisés / Immobilisations financières / Créances à long terme envers des sociétés du groupe,,,,Actif / Actifs immobilisés / Immobilisations financières / Créances à long terme envers des sociétés du groupe / Corrections valeur s/créances long terme des sociétés du groupe,
,Prêts hypothécaires à des sociétés du groupe,asset,unspecified,debit,0,,Actif / Actifs immobilisés / Immobilisations financières / Créances à long terme envers des sociétés du groupe,,,,Actif / Actifs immobilisés / Immobilisations financières / Créances à long terme envers des sociétés du groupe / Prêts hypothécaires à des sociétés du groupe,
,Prêts à long terme à des sociétés du groupe,asset,unspecified,debit,0,,Actif / Actifs immobilisés / Immobilisations financières / Créances à long terme envers des sociétés du groupe,,,,Actif / Actifs immobilisés / Immobilisations financières / Créances à long terme envers des sociétés du groupe / Prêts à long terme à des sociétés du groupe,
,Créances à long terme envers des tiers,asset,group,debit,1,,Actif / Actifs immobilisés / Immobilisations financières,,,,Actif / Actifs immobilisés / Immobilisations financières / Créances à long terme envers des tiers,
,Corrections valeur s/créances long terme à tiers,asset,unspecified,debit,0,,Actif / Actifs immobilisés / Immobilisations financières / Créances à long terme envers des tiers,,,,Actif / Actifs immobilisés / Immobilisations financières / Créances à long terme envers des tiers / Corrections valeur s/créances long terme à tiers,
,Prêts hypothécaires à des tiers,asset,unspecified,debit,0,,Actif / Actifs immobilisés / Immobilisations financières / Créances à long terme envers des tiers,,,,Actif / Actifs immobilisés / Immobilisations financières / Créances à long terme envers des tiers / Prêts hypothécaires à des tiers,
,Prêts à long terme à des sociétés du groupe,asset,unspecified,debit,0,,Actif / Actifs immobilisés / Immobilisations financières / Créances à long terme envers des tiers,,,,Actif / Actifs immobilisés / Immobilisations financières / Créances à long terme envers des tiers / Prêts à long terme à des sociétés du groupe,
,Participations,asset,group,debit,1,,Actif / Actifs immobilisés / Immobilisations financières,,,,Actif / Actifs immobilisés / Immobilisations financières / Participations,
,Autres participations,asset,unspecified,debit,0,,Actif / Actifs immobilisés / Immobilisations financières / Participations,,,,Actif / Actifs immobilisés / Immobilisations financières / Participations / Autres participations,
,Corrections valeur s/participations,asset,unspecified,debit,0,,Actif / Actifs immobilisés / Immobilisations financières / Participations,,,,Actif / Actifs immobilisés / Immobilisations financières / Participations / Corrections valeur s/participations,
,Participation dans la filiale A,asset,unspecified,debit,0,,Actif / Actifs immobilisés / Immobilisations financières / Participations,,,,Actif / Actifs immobilisés / Immobilisations financières / Participations / Participation dans la filiale A,
,Participation dans la filiale B,asset,unspecified,debit,0,,Actif / Actifs immobilisés / Immobilisations financières / Participations,,,,Actif / Actifs immobilisés / Immobilisations financières / Participations / Participation dans la filiale B,
,Titres à long terme,asset,group,debit,1,,Actif / Actifs immobilisés / Immobilisations financières,,,,Actif / Actifs immobilisés / Immobilisations financières / Titres à long terme,
,Actions,asset,unspecified,debit,0,,Actif / Actifs immobilisés / Immobilisations financières / Titres à long terme,,,,Actif / Actifs immobilisés / Immobilisations financières / Titres à long terme / Actions,
,Bons de jouissance,asset,unspecified,debit,0,,Actif / Actifs immobilisés / Immobilisations financières / Titres à long terme,,,,Actif / Actifs immobilisés / Immobilisations financières / Titres à long terme / Bons de jouissance,
,Bons de participation,asset,unspecified,debit,0,,Actif / Actifs immobilisés / Immobilisations financières / Titres à long terme,,,,Actif / Actifs immobilisés / Immobilisations financières / Titres à long terme / Bons de participation,
,Corrections valeur s/titres à long terme,asset,unspecified,debit,0,,Actif / Actifs immobilisés / Immobilisations financières / Titres à long terme,,,,Actif / Actifs immobilisés / Immobilisations financières / Titres à long terme / Corrections valeur s/titres à long terme,
,Obligations,asset,unspecified,debit,0,,Actif / Actifs immobilisés / Immobilisations financières / Titres à long terme,,,,Actif / Actifs immobilisés / Immobilisations financières / Titres à long terme / Obligations,
,Obligations de caisse,asset,unspecified,debit,0,,Actif / Actifs immobilisés / Immobilisations financières / Titres à long terme,,,,Actif / Actifs immobilisés / Immobilisations financières / Titres à long terme / Obligations de caisse,
,Immobilisations incorporelles,asset,group,debit,1,,Actif / Actifs immobilisés,,,,Actif / Actifs immobilisés / Immobilisations incorporelles,
,Autres immobilisations incorporelles,asset,group,debit,1,,Actif / Actifs immobilisés / Immobilisations incorporelles,,,,Actif / Actifs immobilisés / Immobilisations incorporelles / Autres immobilisations incorporelles,
,Amortissement cumulé s/autres immobilisations,asset,unspecified,debit,0,,Actif / Actifs immobilisés / Immobilisations incorporelles / Autres immobilisations incorporelles,,,,Actif / Actifs immobilisés / Immobilisations incorporelles / Autres immobilisations incorporelles / Amortissement cumulé s/autres immobilisations,
,Fichiers de clients,asset,unspecified,debit,0,,Actif / Actifs immobilisés / Immobilisations incorporelles / Autres immobilisations incorporelles,,,,Actif / Actifs immobilisés / Immobilisations incorporelles / Autres immobilisations incorporelles / Fichiers de clients,
,Interdiction de concurrence,asset,unspecified,debit,0,,Actif / Actifs immobilisés / Immobilisations incorporelles / Autres immobilisations incorporelles,,,,Actif / Actifs immobilisés / Immobilisations incorporelles / Autres immobilisations incorporelles / Interdiction de concurrence,
,Logiciels (développement interne),asset,unspecified,debit,0,,Actif / Actifs immobilisés / Immobilisations incorporelles / Autres immobilisations incorporelles,,,,Actif / Actifs immobilisés / Immobilisations incorporelles / Autres immobilisations incorporelles / Logiciels (développement interne),
,"Brevets, know-how, recettes de fabrication",asset,group,debit,1,,Actif / Actifs immobilisés / Immobilisations incorporelles,,,,"Actif / Actifs immobilisés / Immobilisations incorporelles / Brevets, know-how, recettes de fabrication",
,"Amortissement cumulé s/brevets, know-how, recettes",asset,unspecified,debit,0,,"Actif / Actifs immobilisés / Immobilisations incorporelles / Brevets, know-how, recettes de fabrication",,,,"Actif / Actifs immobilisés / Immobilisations incorporelles / Brevets, know-how, recettes de fabrication / Amortissement cumulé s/brevets, know-how, recettes",
,Brevets,asset,unspecified,debit,0,,"Actif / Actifs immobilisés / Immobilisations incorporelles / Brevets, know-how, recettes de fabrication",,,,"Actif / Actifs immobilisés / Immobilisations incorporelles / Brevets, know-how, recettes de fabrication / Brevets",
,Know-how,asset,unspecified,debit,0,,"Actif / Actifs immobilisés / Immobilisations incorporelles / Brevets, know-how, recettes de fabrication",,,,"Actif / Actifs immobilisés / Immobilisations incorporelles / Brevets, know-how, recettes de fabrication / Know-how",
,Recettes de fabrication,asset,unspecified,debit,0,,"Actif / Actifs immobilisés / Immobilisations incorporelles / Brevets, know-how, recettes de fabrication",,,,"Actif / Actifs immobilisés / Immobilisations incorporelles / Brevets, know-how, recettes de fabrication / Recettes de fabrication",
,"Droits de licences, concessions, etc.",asset,group,debit,1,,Actif / Actifs immobilisés / Immobilisations incorporelles,,,,"Actif / Actifs immobilisés / Immobilisations incorporelles / Droits de licences, concessions, etc.",
,Amortissement cumulé s/droits,asset,unspecified,debit,0,,"Actif / Actifs immobilisés / Immobilisations incorporelles / Droits de licences, concessions, etc.",,,,"Actif / Actifs immobilisés / Immobilisations incorporelles / Droits de licences, concessions, etc. / Amortissement cumulé s/droits",
,Concessions,asset,unspecified,debit,0,,"Actif / Actifs immobilisés / Immobilisations incorporelles / Droits de licences, concessions, etc.",,,,"Actif / Actifs immobilisés / Immobilisations incorporelles / Droits de licences, concessions, etc. / Concessions",
,Droits de jouissance,asset,unspecified,debit,0,,"Actif / Actifs immobilisés / Immobilisations incorporelles / Droits de licences, concessions, etc.",,,,"Actif / Actifs immobilisés / Immobilisations incorporelles / Droits de licences, concessions, etc. / Droits de jouissance",
,Droits de licences,asset,unspecified,debit,0,,"Actif / Actifs immobilisés / Immobilisations incorporelles / Droits de licences, concessions, etc.",,,,"Actif / Actifs immobilisés / Immobilisations incorporelles / Droits de licences, concessions, etc. / Droits de licences",
,Raisons de commerce,asset,unspecified,debit,0,,"Actif / Actifs immobilisés / Immobilisations incorporelles / Droits de licences, concessions, etc.",,,,"Actif / Actifs immobilisés / Immobilisations incorporelles / Droits de licences, concessions, etc. / Raisons de commerce",
,"Droits de propriétés, d'édition, conventionnels",asset,group,debit,1,,Actif / Actifs immobilisés / Immobilisations incorporelles,,,,"Actif / Actifs immobilisés / Immobilisations incorporelles / Droits de propriétés, d'édition, conventionnels",
,Amortissement cumulé s/droits,asset,unspecified,debit,0,,"Actif / Actifs immobilisés / Immobilisations incorporelles / Droits de propriétés, d'édition, conventionnels",,,,"Actif / Actifs immobilisés / Immobilisations incorporelles / Droits de propriétés, d'édition, conventionnels / Amortissement cumulé s/droits",
,Droits conventionnels,asset,unspecified,debit,0,,"Actif / Actifs immobilisés / Immobilisations incorporelles / Droits de propriétés, d'édition, conventionnels",,,,"Actif / Actifs immobilisés / Immobilisations incorporelles / Droits de propriétés, d'édition, conventionnels / Droits conventionnels",
,Droits d'édition,asset,unspecified,debit,0,,"Actif / Actifs immobilisés / Immobilisations incorporelles / Droits de propriétés, d'édition, conventionnels",,,,"Actif / Actifs immobilisés / Immobilisations incorporelles / Droits de propriétés, d'édition, conventionnels / Droits d'édition",
,Droits de propriété intellectuelle,asset,unspecified,debit,0,,"Actif / Actifs immobilisés / Immobilisations incorporelles / Droits de propriétés, d'édition, conventionnels",,,,"Actif / Actifs immobilisés / Immobilisations incorporelles / Droits de propriétés, d'édition, conventionnels / Droits de propriété intellectuelle",
,Goodwill,asset,group,debit,1,,Actif / Actifs immobilisés / Immobilisations incorporelles,,,,Actif / Actifs immobilisés / Immobilisations incorporelles / Goodwill,
,Amortissement cumulé sur goodwill,asset,unspecified,debit,0,,Actif / Actifs immobilisés / Immobilisations incorporelles / Goodwill,,,,Actif / Actifs immobilisés / Immobilisations incorporelles / Goodwill / Amortissement cumulé sur goodwill,
,Goodwill (survaleur),asset,unspecified,debit,0,,Actif / Actifs immobilisés / Immobilisations incorporelles / Goodwill,,,,Actif / Actifs immobilisés / Immobilisations incorporelles / Goodwill / Goodwill (survaleur),
,"Marques commerciales, échantillons, modèles, plans",asset,group,debit,1,,Actif / Actifs immobilisés / Immobilisations incorporelles,,,,"Actif / Actifs immobilisés / Immobilisations incorporelles / Marques commerciales, échantillons, modèles, plans",
,"Amortissement cumulé s/marques, échantillons, etc.",asset,unspecified,debit,0,,"Actif / Actifs immobilisés / Immobilisations incorporelles / Marques commerciales, échantillons, modèles, plans",,,,"Actif / Actifs immobilisés / Immobilisations incorporelles / Marques commerciales, échantillons, modèles, plans / Amortissement cumulé s/marques, échantillons, etc.",
,Echantillons,asset,unspecified,debit,0,,"Actif / Actifs immobilisés / Immobilisations incorporelles / Marques commerciales, échantillons, modèles, plans",,,,"Actif / Actifs immobilisés / Immobilisations incorporelles / Marques commerciales, échantillons, modèles, plans / Echantillons",
,Marques commerciales,asset,unspecified,debit,0,,"Actif / Actifs immobilisés / Immobilisations incorporelles / Marques commerciales, échantillons, modèles, plans",,,,"Actif / Actifs immobilisés / Immobilisations incorporelles / Marques commerciales, échantillons, modèles, plans / Marques commerciales",
,Modèles,asset,unspecified,debit,0,,"Actif / Actifs immobilisés / Immobilisations incorporelles / Marques commerciales, échantillons, modèles, plans",,,,"Actif / Actifs immobilisés / Immobilisations incorporelles / Marques commerciales, échantillons, modèles, plans / Modèles",
,Plans,asset,unspecified,debit,0,,"Actif / Actifs immobilisés / Immobilisations incorporelles / Marques commerciales, échantillons, modèles, plans",,,,"Actif / Actifs immobilisés / Immobilisations incorporelles / Marques commerciales, échantillons, modèles, plans / Plans",
,Charges activées et comptes d'actif de corrections de valeur,asset,group,debit,1,,Actif,,,,Actif / Charges activées et comptes d'actif de corrections de valeur,
,Charges activées et comptes d'actif de corrections de valeur,asset,group,debit,1,,Actif / Charges activées et comptes d'actif de corrections de valeur,,,,Actif / Charges activées et comptes d'actif de corrections de valeur / Charges activées et comptes d'actif de corrections de valeur,
,Charges activées,asset,group,debit,1,,Actif / Charges activées et comptes d'actif de corrections de valeur / Charges activées et comptes d'actif de corrections de valeur,,,,Actif / Charges activées et comptes d'actif de corrections de valeur / Charges activées et comptes d'actif de corrections de valeur / Charges activées,
,Autres charges activées,asset,group,debit,1,,Actif / Charges activées et comptes d'actif de corrections de valeur / Charges activées et comptes d'actif de corrections de valeur / Charges activées,,,,Actif / Charges activées et comptes d'actif de corrections de valeur / Charges activées et comptes d'actif de corrections de valeur / Charges activées / Autres charges activées,
,Amortissement cumulé s/autres charges activées,asset,unspecified,debit,0,,Actif / Charges activées et comptes d'actif de corrections de valeur / Charges activées et comptes d'actif de corrections de valeur / Charges activées / Autres charges activées,,,,Actif / Charges activées et comptes d'actif de corrections de valeur / Charges activées et comptes d'actif de corrections de valeur / Charges activées / Autres charges activées / Amortissement cumulé s/autres charges activées,
,Charges de procès,asset,unspecified,debit,0,,Actif / Charges activées et comptes d'actif de corrections de valeur / Charges activées et comptes d'actif de corrections de valeur / Charges activées / Autres charges activées,,,,Actif / Charges activées et comptes d'actif de corrections de valeur / Charges activées et comptes d'actif de corrections de valeur / Charges activées / Autres charges activées / Charges de procès,
,Disagio s/emprunts et s/emprunts par obligations,asset,group,debit,1,,Actif / Charges activées et comptes d'actif de corrections de valeur / Charges activées et comptes d'actif de corrections de valeur / Charges activées,,,,Actif / Charges activées et comptes d'actif de corrections de valeur / Charges activées et comptes d'actif de corrections de valeur / Charges activées / Disagio s/emprunts et s/emprunts par obligations,
,Disagio s/emprunts,asset,unspecified,debit,0,,Actif / Charges activées et comptes d'actif de corrections de valeur / Charges activées et comptes d'actif de corrections de valeur / Charges activées / Disagio s/emprunts et s/emprunts par obligations,,,,Actif / Charges activées et comptes d'actif de corrections de valeur / Charges activées et comptes d'actif de corrections de valeur / Charges activées / Disagio s/emprunts et s/emprunts par obligations / Disagio s/emprunts,
,Disagio s/emprunts par obligations,asset,unspecified,debit,0,,Actif / Charges activées et comptes d'actif de corrections de valeur / Charges activées et comptes d'actif de corrections de valeur / Charges activées / Disagio s/emprunts et s/emprunts par obligations,,,,Actif / Charges activées et comptes d'actif de corrections de valeur / Charges activées et comptes d'actif de corrections de valeur / Charges activées / Disagio s/emprunts et s/emprunts par obligations / Disagio s/emprunts par obligations,
,"Frais de fondation, augmentation de capital",asset,group,debit,1,,Actif / Charges activées et comptes d'actif de corrections de valeur / Charges activées et comptes d'actif de corrections de valeur / Charges activées,,,,"Actif / Charges activées et comptes d'actif de corrections de valeur / Charges activées et comptes d'actif de corrections de valeur / Charges activées / Frais de fondation, augmentation de capital",
,Amortissement cumulé s/frais,asset,unspecified,debit,0,,"Actif / Charges activées et comptes d'actif de corrections de valeur / Charges activées et comptes d'actif de corrections de valeur / Charges activées / Frais de fondation, augmentation de capital",,,,"Actif / Charges activées et comptes d'actif de corrections de valeur / Charges activées et comptes d'actif de corrections de valeur / Charges activées / Frais de fondation, augmentation de capital / Amortissement cumulé s/frais",
,Frais d'augmentation de capital,asset,unspecified,debit,0,,"Actif / Charges activées et comptes d'actif de corrections de valeur / Charges activées et comptes d'actif de corrections de valeur / Charges activées / Frais de fondation, augmentation de capital",,,,"Actif / Charges activées et comptes d'actif de corrections de valeur / Charges activées et comptes d'actif de corrections de valeur / Charges activées / Frais de fondation, augmentation de capital / Frais d'augmentation de capital",
,Frais d'organisation,asset,unspecified,debit,0,,"Actif / Charges activées et comptes d'actif de corrections de valeur / Charges activées et comptes d'actif de corrections de valeur / Charges activées / Frais de fondation, augmentation de capital",,,,"Actif / Charges activées et comptes d'actif de corrections de valeur / Charges activées et comptes d'actif de corrections de valeur / Charges activées / Frais de fondation, augmentation de capital / Frais d'organisation",
,Frais de fondation,asset,unspecified,debit,0,,"Actif / Charges activées et comptes d'actif de corrections de valeur / Charges activées et comptes d'actif de corrections de valeur / Charges activées / Frais de fondation, augmentation de capital",,,,"Actif / Charges activées et comptes d'actif de corrections de valeur / Charges activées et comptes d'actif de corrections de valeur / Charges activées / Frais de fondation, augmentation de capital / Frais de fondation",
,Frais de recherche et de développement,asset,group,debit,1,,Actif / Charges activées et comptes d'actif de corrections de valeur / Charges activées et comptes d'actif de corrections de valeur / Charges activées,,,,Actif / Charges activées et comptes d'actif de corrections de valeur / Charges activées et comptes d'actif de corrections de valeur / Charges activées / Frais de recherche et de développement,
,Amortissement cumulé s/frais rech./développement,asset,unspecified,debit,0,,Actif / Charges activées et comptes d'actif de corrections de valeur / Charges activées et comptes d'actif de corrections de valeur / Charges activées / Frais de recherche et de développement,,,,Actif / Charges activées et comptes d'actif de corrections de valeur / Charges activées et comptes d'actif de corrections de valeur / Charges activées / Frais de recherche et de développement / Amortissement cumulé s/frais rech./développement,
,Frais de développement,asset,unspecified,debit,0,,Actif / Charges activées et comptes d'actif de corrections de valeur / Charges activées et comptes d'actif de corrections de valeur / Charges activées / Frais de recherche et de développement,,,,Actif / Charges activées et comptes d'actif de corrections de valeur / Charges activées et comptes d'actif de corrections de valeur / Charges activées / Frais de recherche et de développement / Frais de développement,
,Frais de recherche,asset,unspecified,debit,0,,Actif / Charges activées et comptes d'actif de corrections de valeur / Charges activées et comptes d'actif de corrections de valeur / Charges activées / Frais de recherche et de développement,,,,Actif / Charges activées et comptes d'actif de corrections de valeur / Charges activées et comptes d'actif de corrections de valeur / Charges activées / Frais de recherche et de développement / Frais de recherche,
,Comptes d'actif de corrections de valeur,asset,group,debit,1,,Actif / Charges activées et comptes d'actif de corrections de valeur / Charges activées et comptes d'actif de corrections de valeur,,,,Actif / Charges activées et comptes d'actif de corrections de valeur / Charges activées et comptes d'actif de corrections de valeur / Comptes d'actif de corrections de valeur,
,Capital-actions non libéré,asset,group,debit,1,,Actif / Charges activées et comptes d'actif de corrections de valeur / Charges activées et comptes d'actif de corrections de valeur / Comptes d'actif de corrections de valeur,,,,Actif / Charges activées et comptes d'actif de corrections de valeur / Charges activées et comptes d'actif de corrections de valeur / Comptes d'actif de corrections de valeur / Capital-actions non libéré,
,Capital-actions non libéré,asset,unspecified,debit,0,,Actif / Charges activées et comptes d'actif de corrections de valeur / Charges activées et comptes d'actif de corrections de valeur / Comptes d'actif de corrections de valeur / Capital-actions non libéré,,,,Actif / Charges activées et comptes d'actif de corrections de valeur / Charges activées et comptes d'actif de corrections de valeur / Comptes d'actif de corrections de valeur / Capital-actions non libéré / Capital-actions non libéré,
,Corrections de valeur s/capital-actions non libéré,asset,unspecified,debit,0,,Actif / Charges activées et comptes d'actif de corrections de valeur / Charges activées et comptes d'actif de corrections de valeur / Comptes d'actif de corrections de valeur / Capital-actions non libéré,,,,Actif / Charges activées et comptes d'actif de corrections de valeur / Charges activées et comptes d'actif de corrections de valeur / Comptes d'actif de corrections de valeur / Capital-actions non libéré / Corrections de valeur s/capital-actions non libéré,
,Passif,liability,group,credit,1,,,,,,Passif,
,Capitaux propres,liability,group,credit,1,,Passif,,,,Passif / Capitaux propres,
,Capital/Privé,liability,group,credit,1,,Passif / Capitaux propres,,,,Passif / Capitaux propres / Capital/Privé,
,Capital,liability,group,credit,1,,Passif / Capitaux propres / Capital/Privé,,,,Passif / Capitaux propres / Capital/Privé / Capital,
,Capital de la société coopérative,liability,group,credit,1,,Passif / Capitaux propres / Capital/Privé / Capital,,,,Passif / Capitaux propres / Capital/Privé / Capital / Capital de la société coopérative,
,Capital de la société coopérative,liability,equity,credit,0,,Passif / Capitaux propres / Capital/Privé / Capital / Capital de la société coopérative,Equity,,,Passif / Capitaux propres / Capital/Privé / Capital / Capital de la société coopérative / Capital de la société coopérative,
,Capital propre des entreprises raison individuelle,liability,group,credit,1,,Passif / Capitaux propres / Capital/Privé / Capital,,,,Passif / Capitaux propres / Capital/Privé / Capital / Capital propre des entreprises raison individuelle,
,Capital propre,liability,equity,credit,0,,Passif / Capitaux propres / Capital/Privé / Capital / Capital propre des entreprises raison individuelle,Equity,,,Passif / Capitaux propres / Capital/Privé / Capital / Capital propre des entreprises raison individuelle / Capital propre,
,Capital propre du conjoint,liability,equity,credit,0,,Passif / Capitaux propres / Capital/Privé / Capital / Capital propre des entreprises raison individuelle,Equity,,,Passif / Capitaux propres / Capital/Privé / Capital / Capital propre des entreprises raison individuelle / Capital propre du conjoint,
,Capital propre des sociétés de personnes,liability,group,credit,1,,Passif / Capitaux propres / Capital/Privé / Capital,,,,Passif / Capitaux propres / Capital/Privé / Capital / Capital propre des sociétés de personnes,
,"Compte de capital, associé A",liability,equity,credit,0,,Passif / Capitaux propres / Capital/Privé / Capital / Capital propre des sociétés de personnes,Equity,,,"Passif / Capitaux propres / Capital/Privé / Capital / Capital propre des sociétés de personnes / Compte de capital, associé A",
,"Compte de capital, associé B",liability,equity,credit,0,,Passif / Capitaux propres / Capital/Privé / Capital / Capital propre des sociétés de personnes,Equity,,,"Passif / Capitaux propres / Capital/Privé / Capital / Capital propre des sociétés de personnes / Compte de capital, associé B",
,"Compte de commandite, commanditaire C",liability,equity,credit,0,,Passif / Capitaux propres / Capital/Privé / Capital / Capital propre des sociétés de personnes,Equity,,,"Passif / Capitaux propres / Capital/Privé / Capital / Capital propre des sociétés de personnes / Compte de commandite, commanditaire C",
,Capital social de la S.à.r.l,liability,group,credit,1,,Passif / Capitaux propres / Capital/Privé / Capital,,,,Passif / Capitaux propres / Capital/Privé / Capital / Capital social de la S.à.r.l,
,Capital social de la S.à.r.l,liability,equity,credit,0,,Passif / Capitaux propres / Capital/Privé / Capital / Capital social de la S.à.r.l,Equity,,,Passif / Capitaux propres / Capital/Privé / Capital / Capital social de la S.à.r.l / Capital social de la S.à.r.l,
,Capital-actions et participation,liability,group,credit,1,,Passif / Capitaux propres / Capital/Privé / Capital,,,,Passif / Capitaux propres / Capital/Privé / Capital / Capital-actions et participation,
,Capital-actions,liability,equity,credit,0,,Passif / Capitaux propres / Capital/Privé / Capital / Capital-actions et participation,Equity,,,Passif / Capitaux propres / Capital/Privé / Capital / Capital-actions et participation / Capital-actions,
,Capital-participation,liability,equity,credit,0,,Passif / Capitaux propres / Capital/Privé / Capital / Capital-actions et participation,Equity,,,Passif / Capitaux propres / Capital/Privé / Capital / Capital-actions et participation / Capital-participation,
,Privé,liability,group,credit,1,,Passif / Capitaux propres / Capital/Privé,,,,Passif / Capitaux propres / Capital/Privé / Privé,
,Compte privé,liability,group,credit,1,,Passif / Capitaux propres / Capital/Privé / Privé,,,,Passif / Capitaux propres / Capital/Privé / Privé / Compte privé,
,Cotisations privées à titre de prévoyance,liability,equity,credit,0,,Passif / Capitaux propres / Capital/Privé / Privé / Compte privé,Equity,,,Passif / Capitaux propres / Capital/Privé / Privé / Compte privé / Cotisations privées à titre de prévoyance,
,Impôts privés,liability,equity,credit,0,,Passif / Capitaux propres / Capital/Privé / Privé / Compte privé,Equity,,,Passif / Capitaux propres / Capital/Privé / Privé / Compte privé / Impôts privés,
,Participations privées aux charges d'exploitation,liability,equity,credit,0,,Passif / Capitaux propres / Capital/Privé / Privé / Compte privé,Equity,,,Passif / Capitaux propres / Capital/Privé / Privé / Compte privé / Participations privées aux charges d'exploitation,
,Primes d'assurance privées,liability,equity,credit,0,,Passif / Capitaux propres / Capital/Privé / Privé / Compte privé,Equity,,,Passif / Capitaux propres / Capital/Privé / Privé / Compte privé / Primes d'assurance privées,
,Prélèvements privés en espèces,liability,equity,credit,0,,Passif / Capitaux propres / Capital/Privé / Privé / Compte privé,Equity,,,Passif / Capitaux propres / Capital/Privé / Privé / Compte privé / Prélèvements privés en espèces,
,Prélèvements privés en nature,liability,equity,credit,0,,Passif / Capitaux propres / Capital/Privé / Privé / Compte privé,Equity,,,Passif / Capitaux propres / Capital/Privé / Privé / Compte privé / Prélèvements privés en nature,
,Valeur locative de l'appartement privé,liability,equity,credit,0,,Passif / Capitaux propres / Capital/Privé / Privé / Compte privé,Equity,,,Passif / Capitaux propres / Capital/Privé / Privé / Compte privé / Valeur locative de l'appartement privé,
,Comptes pour immeubles et biens-fonds privés,liability,group,credit,1,,Passif / Capitaux propres / Capital/Privé / Privé,,,,Passif / Capitaux propres / Capital/Privé / Privé / Comptes pour immeubles et biens-fonds privés,
,Immeuble privé A,liability,equity,credit,0,,Passif / Capitaux propres / Capital/Privé / Privé / Comptes pour immeubles et biens-fonds privés,Equity,,,Passif / Capitaux propres / Capital/Privé / Privé / Comptes pour immeubles et biens-fonds privés / Immeuble privé A,
,Immeuble privé B,liability,equity,credit,0,,Passif / Capitaux propres / Capital/Privé / Privé / Comptes pour immeubles et biens-fonds privés,Equity,,,Passif / Capitaux propres / Capital/Privé / Privé / Comptes pour immeubles et biens-fonds privés / Immeuble privé B,
,"Réserves, Bénéfice/Perte résultant du bilan",liability,group,credit,1,,Passif / Capitaux propres,,,,"Passif / Capitaux propres / Réserves, Bénéfice/Perte résultant du bilan",
,Bénéfice/Perte résultant du bilan,liability,group,credit,1,,"Passif / Capitaux propres / Réserves, Bénéfice/Perte résultant du bilan",,,,"Passif / Capitaux propres / Réserves, Bénéfice/Perte résultant du bilan / Bénéfice/Perte résultant du bilan",
,Bénéfice/Perte résultant du bilan,liability,group,credit,1,,"Passif / Capitaux propres / Réserves, Bénéfice/Perte résultant du bilan / Bénéfice/Perte résultant du bilan",,,,"Passif / Capitaux propres / Réserves, Bénéfice/Perte résultant du bilan / Bénéfice/Perte résultant du bilan / Bénéfice/Perte résultant du bilan",
,Bénéfice de l'exercice / Perte de l'exercice,liability,unspecified,credit,0,,"Passif / Capitaux propres / Réserves, Bénéfice/Perte résultant du bilan / Bénéfice/Perte résultant du bilan / Bénéfice/Perte résultant du bilan",,,,"Passif / Capitaux propres / Réserves, Bénéfice/Perte résultant du bilan / Bénéfice/Perte résultant du bilan / Bénéfice/Perte résultant du bilan / Bénéfice de l'exercice / Perte de l'exercice",
,Bénéfice reporté / Perte reportée,liability,unspecified,credit,0,,"Passif / Capitaux propres / Réserves, Bénéfice/Perte résultant du bilan / Bénéfice/Perte résultant du bilan / Bénéfice/Perte résultant du bilan",,,,"Passif / Capitaux propres / Réserves, Bénéfice/Perte résultant du bilan / Bénéfice/Perte résultant du bilan / Bénéfice/Perte résultant du bilan / Bénéfice reporté / Perte reportée",
,Réserves,liability,group,credit,1,,"Passif / Capitaux propres / Réserves, Bénéfice/Perte résultant du bilan",,,,"Passif / Capitaux propres / Réserves, Bénéfice/Perte résultant du bilan / Réserves",
,Autres réserves,liability,group,credit,1,,"Passif / Capitaux propres / Réserves, Bénéfice/Perte résultant du bilan / Réserves",,,,"Passif / Capitaux propres / Réserves, Bénéfice/Perte résultant du bilan / Réserves / Autres réserves",
,Fonds de secours pour les employés,liability,unspecified,credit,0,,"Passif / Capitaux propres / Réserves, Bénéfice/Perte résultant du bilan / Réserves / Autres réserves",,,,"Passif / Capitaux propres / Réserves, Bénéfice/Perte résultant du bilan / Réserves / Autres réserves / Fonds de secours pour les employés",
,Réserve de crise,liability,unspecified,credit,0,,"Passif / Capitaux propres / Réserves, Bénéfice/Perte résultant du bilan / Réserves / Autres réserves",,,,"Passif / Capitaux propres / Réserves, Bénéfice/Perte résultant du bilan / Réserves / Autres réserves / Réserve de crise",
,Réserve de remplacement,liability,unspecified,credit,0,,"Passif / Capitaux propres / Réserves, Bénéfice/Perte résultant du bilan / Réserves / Autres réserves",,,,"Passif / Capitaux propres / Réserves, Bénéfice/Perte résultant du bilan / Réserves / Autres réserves / Réserve de remplacement",
,Réserve pour répartition d'un dividende constant,liability,unspecified,credit,0,,"Passif / Capitaux propres / Réserves, Bénéfice/Perte résultant du bilan / Réserves / Autres réserves",,,,"Passif / Capitaux propres / Réserves, Bénéfice/Perte résultant du bilan / Réserves / Autres réserves / Réserve pour répartition d'un dividende constant",
,Réserves libres,liability,unspecified,credit,0,,"Passif / Capitaux propres / Réserves, Bénéfice/Perte résultant du bilan / Réserves / Autres réserves",,,,"Passif / Capitaux propres / Réserves, Bénéfice/Perte résultant du bilan / Réserves / Autres réserves / Réserves libres",
,Réserves statutaires,liability,unspecified,credit,0,,"Passif / Capitaux propres / Réserves, Bénéfice/Perte résultant du bilan / Réserves / Autres réserves",,,,"Passif / Capitaux propres / Réserves, Bénéfice/Perte résultant du bilan / Réserves / Autres réserves / Réserves statutaires",
,Réserves légales,liability,group,credit,1,,"Passif / Capitaux propres / Réserves, Bénéfice/Perte résultant du bilan / Réserves",,,,"Passif / Capitaux propres / Réserves, Bénéfice/Perte résultant du bilan / Réserves / Réserves légales",
,Agio,liability,unspecified,credit,0,,"Passif / Capitaux propres / Réserves, Bénéfice/Perte résultant du bilan / Réserves / Réserves légales",,,,"Passif / Capitaux propres / Réserves, Bénéfice/Perte résultant du bilan / Réserves / Réserves légales / Agio",
,Réserve de réévaluation,liability,unspecified,credit,0,,"Passif / Capitaux propres / Réserves, Bénéfice/Perte résultant du bilan / Réserves / Réserves légales",,,,"Passif / Capitaux propres / Réserves, Bénéfice/Perte résultant du bilan / Réserves / Réserves légales / Réserve de réévaluation",
,Réserve générale,liability,unspecified,credit,0,,"Passif / Capitaux propres / Réserves, Bénéfice/Perte résultant du bilan / Réserves / Réserves légales",,,,"Passif / Capitaux propres / Réserves, Bénéfice/Perte résultant du bilan / Réserves / Réserves légales / Réserve générale",
,Réserve pour actions propres,liability,unspecified,credit,0,,"Passif / Capitaux propres / Réserves, Bénéfice/Perte résultant du bilan / Réserves / Réserves légales",,,,"Passif / Capitaux propres / Réserves, Bénéfice/Perte résultant du bilan / Réserves / Réserves légales / Réserve pour actions propres",
,Dettes hors exploitation,liability,group,credit,1,,Passif,,,,Passif / Dettes hors exploitation,
,Dettes hors exploitation,liability,group,credit,1,,Passif / Dettes hors exploitation,,,,Passif / Dettes hors exploitation / Dettes hors exploitation,
,Autres dettes à court terme,liability,group,credit,1,,Passif / Dettes hors exploitation / Dettes hors exploitation,,,,Passif / Dettes hors exploitation / Dettes hors exploitation / Autres dettes à court terme,
,Dettes d'impôts,liability,unspecified,credit,0,,Passif / Dettes hors exploitation / Dettes hors exploitation / Autres dettes à court terme,,,,Passif / Dettes hors exploitation / Dettes hors exploitation / Autres dettes à court terme / Dettes d'impôts,
,Autres dettes à long terme,liability,group,credit,1,,Passif / Dettes hors exploitation / Dettes hors exploitation,,,,Passif / Dettes hors exploitation / Dettes hors exploitation / Autres dettes à long terme,
,Avances fermes à long terme,liability,unspecified,credit,0,,Passif / Dettes hors exploitation / Dettes hors exploitation / Autres dettes à long terme,,,,Passif / Dettes hors exploitation / Dettes hors exploitation / Autres dettes à long terme / Avances fermes à long terme,
,Dettes hypothécaires,liability,unspecified,credit,0,,Passif / Dettes hors exploitation / Dettes hors exploitation / Autres dettes à long terme,,,,Passif / Dettes hors exploitation / Dettes hors exploitation / Autres dettes à long terme / Dettes hypothécaires,
,Emprunts à long terme,liability,unspecified,credit,0,,Passif / Dettes hors exploitation / Dettes hors exploitation / Autres dettes à long terme,,,,Passif / Dettes hors exploitation / Dettes hors exploitation / Autres dettes à long terme / Emprunts à long terme,
,Dettes financières à court terme,liability,group,credit,1,,Passif / Dettes hors exploitation / Dettes hors exploitation,,,,Passif / Dettes hors exploitation / Dettes hors exploitation / Dettes financières à court terme,
,Dettes bancaires à court terme,liability,unspecified,credit,0,,Passif / Dettes hors exploitation / Dettes hors exploitation / Dettes financières à court terme,,,,Passif / Dettes hors exploitation / Dettes hors exploitation / Dettes financières à court terme / Dettes bancaires à court terme,
,Dettes envers les chèques postaux,liability,unspecified,credit,0,,Passif / Dettes hors exploitation / Dettes hors exploitation / Dettes financières à court terme,,,,Passif / Dettes hors exploitation / Dettes hors exploitation / Dettes financières à court terme / Dettes envers les chèques postaux,
,Effets à payer,liability,unspecified,credit,0,,Passif / Dettes hors exploitation / Dettes hors exploitation / Dettes financières à court terme,,,,Passif / Dettes hors exploitation / Dettes hors exploitation / Dettes financières à court terme / Effets à payer,
,Dettes financières à long terme,liability,group,credit,1,,Passif / Dettes hors exploitation / Dettes hors exploitation,,,,Passif / Dettes hors exploitation / Dettes hors exploitation / Dettes financières à long terme,
,Dettes bancaires à long terme,liability,unspecified,credit,0,,Passif / Dettes hors exploitation / Dettes hors exploitation / Dettes financières à long terme,,,,Passif / Dettes hors exploitation / Dettes hors exploitation / Dettes financières à long terme / Dettes bancaires à long terme,
,Dettes résultant d'opérations de crédit-bail,liability,unspecified,credit,0,,Passif / Dettes hors exploitation / Dettes hors exploitation / Dettes financières à long terme,,,,Passif / Dettes hors exploitation / Dettes hors exploitation / Dettes financières à long terme / Dettes résultant d'opérations de crédit-bail,
,Dettes à court terme résultant prestations service,liability,group,credit,1,,Passif / Dettes hors exploitation / Dettes hors exploitation,,,,Passif / Dettes hors exploitation / Dettes hors exploitation / Dettes à court terme résultant prestations service,
,Dettes à court terme résultant prestations service,liability,unspecified,credit,0,,Passif / Dettes hors exploitation / Dettes hors exploitation / Dettes à court terme résultant prestations service,,,,Passif / Dettes hors exploitation / Dettes hors exploitation / Dettes à court terme résultant prestations service / Dettes à court terme résultant prestations service,
,"Passifs de régularisation, provisions court terme",liability,group,credit,1,,Passif / Dettes hors exploitation / Dettes hors exploitation,,,,"Passif / Dettes hors exploitation / Dettes hors exploitation / Passifs de régularisation, provisions court terme",
,Passifs de régularisation,liability,unspecified,credit,0,,"Passif / Dettes hors exploitation / Dettes hors exploitation / Passifs de régularisation, provisions court terme",,,,"Passif / Dettes hors exploitation / Dettes hors exploitation / Passifs de régularisation, provisions court terme / Passifs de régularisation",
,Provisions à court terme,liability,unspecified,credit,0,,"Passif / Dettes hors exploitation / Dettes hors exploitation / Passifs de régularisation, provisions court terme",,,,"Passif / Dettes hors exploitation / Dettes hors exploitation / Passifs de régularisation, provisions court terme / Provisions à court terme",
,Provisions,liability,group,credit,1,,Passif / Dettes hors exploitation / Dettes hors exploitation,,,,Passif / Dettes hors exploitation / Dettes hors exploitation / Provisions,
,Provisions pour impôts,liability,unspecified,credit,0,,Passif / Dettes hors exploitation / Dettes hors exploitation / Provisions,,,,Passif / Dettes hors exploitation / Dettes hors exploitation / Provisions / Provisions pour impôts,
,Dettes à court terme,liability,group,credit,1,,Passif,,,,Passif / Dettes à court terme,
,Autres dettes à court terme,liability,group,credit,1,,Passif / Dettes à court terme,,,,Passif / Dettes à court terme / Autres dettes à court terme,
,Autres dettes à court terme c/fonds prévoyance,liability,group,credit,1,,Passif / Dettes à court terme / Autres dettes à court terme,,,,Passif / Dettes à court terme / Autres dettes à court terme / Autres dettes à court terme c/fonds prévoyance,
,Dettes à court terme envers fonds de prévoyance,liability,unspecified,credit,0,,Passif / Dettes à court terme / Autres dettes à court terme / Autres dettes à court terme c/fonds prévoyance,,,,Passif / Dettes à court terme / Autres dettes à court terme / Autres dettes à court terme c/fonds prévoyance / Dettes à court terme envers fonds de prévoyance,
,Autres dettes à court terme c/stés du groupe,liability,group,credit,1,,Passif / Dettes à court terme / Autres dettes à court terme,,,,Passif / Dettes à court terme / Autres dettes à court terme / Autres dettes à court terme c/stés du groupe,
,Dettes à court terme envers la filiale A,liability,unspecified,credit,0,,Passif / Dettes à court terme / Autres dettes à court terme / Autres dettes à court terme c/stés du groupe,,,,Passif / Dettes à court terme / Autres dettes à court terme / Autres dettes à court terme c/stés du groupe / Dettes à court terme envers la filiale A,
,Dettes à court terme envers la filiale B,liability,unspecified,credit,0,,Passif / Dettes à court terme / Autres dettes à court terme / Autres dettes à court terme c/stés du groupe,,,,Passif / Dettes à court terme / Autres dettes à court terme / Autres dettes à court terme c/stés du groupe / Dettes à court terme envers la filiale B,
,Autres dettes à court terme envers actionnaires,liability,group,credit,1,,Passif / Dettes à court terme / Autres dettes à court terme,,,,Passif / Dettes à court terme / Autres dettes à court terme / Autres dettes à court terme envers actionnaires,
,Dettes à court terme envers l'actionnaire X,liability,unspecified,credit,0,,Passif / Dettes à court terme / Autres dettes à court terme / Autres dettes à court terme envers actionnaires,,,,Passif / Dettes à court terme / Autres dettes à court terme / Autres dettes à court terme envers actionnaires / Dettes à court terme envers l'actionnaire X,
,Dettes à court terme envers l'actionnaire Y,liability,unspecified,credit,0,,Passif / Dettes à court terme / Autres dettes à court terme / Autres dettes à court terme envers actionnaires,,,,Passif / Dettes à court terme / Autres dettes à court terme / Autres dettes à court terme envers actionnaires / Dettes à court terme envers l'actionnaire Y,
,Autres dettes à court terme envers des tiers,liability,group,credit,1,,Passif / Dettes à court terme / Autres dettes à court terme,,,,Passif / Dettes à court terme / Autres dettes à court terme / Autres dettes à court terme envers des tiers,
,Acomptes à court terme de tiers,liability,unspecified,credit,0,,Passif / Dettes à court terme / Autres dettes à court terme / Autres dettes à court terme envers des tiers,,,,Passif / Dettes à court terme / Autres dettes à court terme / Autres dettes à court terme envers des tiers / Acomptes à court terme de tiers,
,Emprunts à court terme de tiers,liability,unspecified,credit,0,,Passif / Dettes à court terme / Autres dettes à court terme / Autres dettes à court terme envers des tiers,,,,Passif / Dettes à court terme / Autres dettes à court terme / Autres dettes à court terme envers des tiers / Emprunts à court terme de tiers,
,Dettes envers des institutions publiques,liability,group,credit,1,,Passif / Dettes à court terme / Autres dettes à court terme,,,,Passif / Dettes à court terme / Autres dettes à court terme / Dettes envers des institutions publiques,
,Droits de timbre dus,liability,unspecified,credit,0,,Passif / Dettes à court terme / Autres dettes à court terme / Dettes envers des institutions publiques,,,,Passif / Dettes à court terme / Autres dettes à court terme / Dettes envers des institutions publiques / Droits de timbre dus,
,Impôt anticipé dû,liability,unspecified,credit,0,,Passif / Dettes à court terme / Autres dettes à court terme / Dettes envers des institutions publiques,,,,Passif / Dettes à court terme / Autres dettes à court terme / Dettes envers des institutions publiques / Impôt anticipé dû,
,Impôts directs dus,liability,unspecified,credit,0,,Passif / Dettes à court terme / Autres dettes à court terme / Dettes envers des institutions publiques,,,,Passif / Dettes à court terme / Autres dettes à court terme / Dettes envers des institutions publiques / Impôts directs dus,
,TVA due,liability,unspecified,credit,0,,Passif / Dettes à court terme / Autres dettes à court terme / Dettes envers des institutions publiques,,,,Passif / Dettes à court terme / Autres dettes à court terme / Dettes envers des institutions publiques / TVA due,
,Dividendes et coupons d'obligations non encaissés,liability,group,credit,1,,Passif / Dettes à court terme / Autres dettes à court terme,,,,Passif / Dettes à court terme / Autres dettes à court terme / Dividendes et coupons d'obligations non encaissés,
,Coupons d'obligations non encaissés,liability,unspecified,credit,0,,Passif / Dettes à court terme / Autres dettes à court terme / Dividendes et coupons d'obligations non encaissés,,,,Passif / Dettes à court terme / Autres dettes à court terme / Dividendes et coupons d'obligations non encaissés / Coupons d'obligations non encaissés,
,Dividendes non encaissés de l'exercice,liability,unspecified,credit,0,,Passif / Dettes à court terme / Autres dettes à court terme / Dividendes et coupons d'obligations non encaissés,,,,Passif / Dettes à court terme / Autres dettes à court terme / Dividendes et coupons d'obligations non encaissés / Dividendes non encaissés de l'exercice,
,Dividendes non encaissés des exercices précédents,liability,unspecified,credit,0,,Passif / Dettes à court terme / Autres dettes à court terme / Dividendes et coupons d'obligations non encaissés,,,,Passif / Dettes à court terme / Autres dettes à court terme / Dividendes et coupons d'obligations non encaissés / Dividendes non encaissés des exercices précédents,
,Obligations à rembourser,liability,group,credit,1,,Passif / Dettes à court terme / Autres dettes à court terme,,,,Passif / Dettes à court terme / Autres dettes à court terme / Obligations à rembourser,
,Obligation à rembourser,liability,unspecified,credit,0,,Passif / Dettes à court terme / Autres dettes à court terme / Obligations à rembourser,,,,Passif / Dettes à court terme / Autres dettes à court terme / Obligations à rembourser / Obligation à rembourser,
,Résultat à verser,liability,group,credit,1,,Passif / Dettes à court terme / Autres dettes à court terme,,,,Passif / Dettes à court terme / Autres dettes à court terme / Résultat à verser,
,Résultat à verser à des tiers,liability,unspecified,credit,0,,Passif / Dettes à court terme / Autres dettes à court terme / Résultat à verser,,,,Passif / Dettes à court terme / Autres dettes à court terme / Résultat à verser / Résultat à verser à des tiers,
,Dettes financières à court terme,liability,group,credit,1,,Passif / Dettes à court terme,,,,Passif / Dettes à court terme / Dettes financières à court terme,
,Autres dettes financières à court terme à tiers,liability,group,credit,1,,Passif / Dettes à court terme / Dettes financières à court terme,,,,Passif / Dettes à court terme / Dettes financières à court terme / Autres dettes financières à court terme à tiers,
,Autres dettes financières à court terme à tiers,liability,unspecified,credit,0,,Passif / Dettes à court terme / Dettes financières à court terme / Autres dettes financières à court terme à tiers,,,,Passif / Dettes à court terme / Dettes financières à court terme / Autres dettes financières à court terme à tiers / Autres dettes financières à court terme à tiers,
,Dettes bancaires à court terme,liability,group,credit,1,,Passif / Dettes à court terme / Dettes financières à court terme,,,,Passif / Dettes à court terme / Dettes financières à court terme / Dettes bancaires à court terme,
,Dettes bancaires à court terme,liability,unspecified,credit,0,,Passif / Dettes à court terme / Dettes financières à court terme / Dettes bancaires à court terme,,,,Passif / Dettes à court terme / Dettes financières à court terme / Dettes bancaires à court terme / Dettes bancaires à court terme,
,"Dettes c/chèques postaux, sociétés de virement",liability,group,credit,1,,Passif / Dettes à court terme / Dettes financières à court terme,,,,"Passif / Dettes à court terme / Dettes financières à court terme / Dettes c/chèques postaux, sociétés de virement",
,Dettes envers les chèques postaux,liability,unspecified,credit,0,,"Passif / Dettes à court terme / Dettes financières à court terme / Dettes c/chèques postaux, sociétés de virement",,,,"Passif / Dettes à court terme / Dettes financières à court terme / Dettes c/chèques postaux, sociétés de virement / Dettes envers les chèques postaux",
,Dettes envers les sociétés de virement,liability,unspecified,credit,0,,"Passif / Dettes à court terme / Dettes financières à court terme / Dettes c/chèques postaux, sociétés de virement",,,,"Passif / Dettes à court terme / Dettes financières à court terme / Dettes c/chèques postaux, sociétés de virement / Dettes envers les sociétés de virement",
,Dettes financières à court terme actionnaires,liability,group,credit,1,,Passif / Dettes à court terme / Dettes financières à court terme,,,,Passif / Dettes à court terme / Dettes financières à court terme / Dettes financières à court terme actionnaires,
,Dettes financières à court terme c/actionnaire X,liability,unspecified,credit,0,,Passif / Dettes à court terme / Dettes financières à court terme / Dettes financières à court terme actionnaires,,,,Passif / Dettes à court terme / Dettes financières à court terme / Dettes financières à court terme actionnaires / Dettes financières à court terme c/actionnaire X,
,Dettes financières à court terme c/actionnaire Y,liability,unspecified,credit,0,,Passif / Dettes à court terme / Dettes financières à court terme / Dettes financières à court terme actionnaires,,,,Passif / Dettes à court terme / Dettes financières à court terme / Dettes financières à court terme actionnaires / Dettes financières à court terme c/actionnaire Y,
,Dettes financières à court terme fonds prévoyance,liability,group,credit,1,,Passif / Dettes à court terme / Dettes financières à court terme,,,,Passif / Dettes à court terme / Dettes financières à court terme / Dettes financières à court terme fonds prévoyance,
,Dettes financières à court terme fonds prévoyance,liability,unspecified,credit,0,,Passif / Dettes à court terme / Dettes financières à court terme / Dettes financières à court terme fonds prévoyance,,,,Passif / Dettes à court terme / Dettes financières à court terme / Dettes financières à court terme fonds prévoyance / Dettes financières à court terme fonds prévoyance,
,Dettes financières à court terme stés du groupe,liability,group,credit,1,,Passif / Dettes à court terme / Dettes financières à court terme,,,,Passif / Dettes à court terme / Dettes financières à court terme / Dettes financières à court terme stés du groupe,
,Dettes financières à court terme c/filiale B,liability,unspecified,credit,0,,Passif / Dettes à court terme / Dettes financières à court terme / Dettes financières à court terme stés du groupe,,,,Passif / Dettes à court terme / Dettes financières à court terme / Dettes financières à court terme stés du groupe / Dettes financières à court terme c/filiale B,
,Dettes financières à court terme c/la filiale A,liability,unspecified,credit,0,,Passif / Dettes à court terme / Dettes financières à court terme / Dettes financières à court terme stés du groupe,,,,Passif / Dettes à court terme / Dettes financières à court terme / Dettes financières à court terme stés du groupe / Dettes financières à court terme c/la filiale A,
,Effets à payer,liability,group,credit,1,,Passif / Dettes à court terme / Dettes financières à court terme,,,,Passif / Dettes à court terme / Dettes financières à court terme / Effets à payer,
,Effets destinés à financer les stocks obligatoires,liability,unspecified,credit,0,,Passif / Dettes à court terme / Dettes financières à court terme / Effets à payer,,,,Passif / Dettes à court terme / Dettes financières à court terme / Effets à payer / Effets destinés à financer les stocks obligatoires,
,Effets à payer,liability,unspecified,credit,0,,Passif / Dettes à court terme / Dettes financières à court terme / Effets à payer,,,,Passif / Dettes à court terme / Dettes financières à court terme / Effets à payer / Effets à payer,
,Part à rembourser dettes financières à long terme,liability,group,credit,1,,Passif / Dettes à court terme / Dettes financières à court terme,,,,Passif / Dettes à court terme / Dettes financières à court terme / Part à rembourser dettes financières à long terme,
,Hypothèque à rembourser,liability,unspecified,credit,0,,Passif / Dettes à court terme / Dettes financières à court terme / Part à rembourser dettes financières à long terme,,,,Passif / Dettes à court terme / Dettes financières à court terme / Part à rembourser dettes financières à long terme / Hypothèque à rembourser,
,Prêt à rembourser,liability,unspecified,credit,0,,Passif / Dettes à court terme / Dettes financières à court terme / Part à rembourser dettes financières à long terme,,,,Passif / Dettes à court terme / Dettes financières à court terme / Part à rembourser dettes financières à long terme / Prêt à rembourser,
,Dettes à court terme résultant d'achats et prestations services,liability,group,credit,1,,Passif / Dettes à court terme,,,,Passif / Dettes à court terme / Dettes à court terme résultant d'achats et prestations services,
,Acomptes de clients,liability,group,credit,1,,Passif / Dettes à court terme / Dettes à court terme résultant d'achats et prestations services,,,,Passif / Dettes à court terme / Dettes à court terme résultant d'achats et prestations services / Acomptes de clients,
,Acomptes de clients,liability,payable,credit,0,payables,Passif / Dettes à court terme / Dettes à court terme résultant d'achats et prestations services / Acomptes de clients,Payable,,,Passif / Dettes à court terme / Dettes à court terme résultant d'achats et prestations services / Acomptes de clients / Acomptes de clients,
,"Dettes c/achats, prestations services actionnaires",liability,group,credit,1,,Passif / Dettes à court terme / Dettes à court terme résultant d'achats et prestations services,,,,"Passif / Dettes à court terme / Dettes à court terme résultant d'achats et prestations services / Dettes c/achats, prestations services actionnaires",
,Dettes envers l'actionnaire X,liability,payable,credit,0,payables,"Passif / Dettes à court terme / Dettes à court terme résultant d'achats et prestations services / Dettes c/achats, prestations services actionnaires",Payable,,,"Passif / Dettes à court terme / Dettes à court terme résultant d'achats et prestations services / Dettes c/achats, prestations services actionnaires / Dettes envers l'actionnaire X",
,Dettes envers l'actionnaire Y,liability,payable,credit,0,payables,"Passif / Dettes à court terme / Dettes à court terme résultant d'achats et prestations services / Dettes c/achats, prestations services actionnaires",Payable,,,"Passif / Dettes à court terme / Dettes à court terme résultant d'achats et prestations services / Dettes c/achats, prestations services actionnaires / Dettes envers l'actionnaire Y",
,"Dettes c/achats, prestations services stés groupe",liability,group,credit,1,,Passif / Dettes à court terme / Dettes à court terme résultant d'achats et prestations services,,,,"Passif / Dettes à court terme / Dettes à court terme résultant d'achats et prestations services / Dettes c/achats, prestations services stés groupe",
,Dettes envers la filiale A,liability,payable,credit,0,payables,"Passif / Dettes à court terme / Dettes à court terme résultant d'achats et prestations services / Dettes c/achats, prestations services stés groupe",Payable,,,"Passif / Dettes à court terme / Dettes à court terme résultant d'achats et prestations services / Dettes c/achats, prestations services stés groupe / Dettes envers la filiale A",
,Dettes envers la filiale B,liability,payable,credit,0,payables,"Passif / Dettes à court terme / Dettes à court terme résultant d'achats et prestations services / Dettes c/achats, prestations services stés groupe",Payable,,,"Passif / Dettes à court terme / Dettes à court terme résultant d'achats et prestations services / Dettes c/achats, prestations services stés groupe / Dettes envers la filiale B",
,Dettes à court terme résultant d'achats et prestations services envers des tiers (fournisseurs),liability,group,credit,1,,Passif / Dettes à court terme / Dettes à court terme résultant d'achats et prestations services,,,,Passif / Dettes à court terme / Dettes à court terme résultant d'achats et prestations services / Dettes à court terme résultant d'achats et prestations services envers des tiers (fournisseurs),
,Dettes c/achats de matières et marchandises,liability,payable,credit,0,payables,Passif / Dettes à court terme / Dettes à court terme résultant d'achats et prestations services / Dettes à court terme résultant d'achats et prestations services envers des tiers (fournisseurs),Payable,,,Passif / Dettes à court terme / Dettes à court terme résultant d'achats et prestations services / Dettes à court terme résultant d'achats et prestations services envers des tiers (fournisseurs) / Dettes c/achats de matières et marchandises,
,Dettes c/assurances sociales,liability,payable,credit,0,payables,Passif / Dettes à court terme / Dettes à court terme résultant d'achats et prestations services / Dettes à court terme résultant d'achats et prestations services envers des tiers (fournisseurs),Payable,,,Passif / Dettes à court terme / Dettes à court terme résultant d'achats et prestations services / Dettes à court terme résultant d'achats et prestations services envers des tiers (fournisseurs) / Dettes c/assurances sociales,
,Dettes c/autres charges d'exploitation,liability,payable,credit,0,payables,Passif / Dettes à court terme / Dettes à court terme résultant d'achats et prestations services / Dettes à court terme résultant d'achats et prestations services envers des tiers (fournisseurs),Payable,,,Passif / Dettes à court terme / Dettes à court terme résultant d'achats et prestations services / Dettes à court terme résultant d'achats et prestations services envers des tiers (fournisseurs) / Dettes c/autres charges d'exploitation,
,Dettes c/charges de personnel,liability,payable,credit,0,payables,Passif / Dettes à court terme / Dettes à court terme résultant d'achats et prestations services / Dettes à court terme résultant d'achats et prestations services envers des tiers (fournisseurs),Payable,,,Passif / Dettes à court terme / Dettes à court terme résultant d'achats et prestations services / Dettes à court terme résultant d'achats et prestations services envers des tiers (fournisseurs) / Dettes c/charges de personnel,
,Dettes c/opérations de crédit-bail,liability,payable,credit,0,payables,Passif / Dettes à court terme / Dettes à court terme résultant d'achats et prestations services / Dettes à court terme résultant d'achats et prestations services envers des tiers (fournisseurs),Payable,,,Passif / Dettes à court terme / Dettes à court terme résultant d'achats et prestations services / Dettes à court terme résultant d'achats et prestations services envers des tiers (fournisseurs) / Dettes c/opérations de crédit-bail,
,Dettes c/prestations de services envers des tiers,liability,payable,credit,0,payables,Passif / Dettes à court terme / Dettes à court terme résultant d'achats et prestations services / Dettes à court terme résultant d'achats et prestations services envers des tiers (fournisseurs),Payable,,,Passif / Dettes à court terme / Dettes à court terme résultant d'achats et prestations services / Dettes à court terme résultant d'achats et prestations services envers des tiers (fournisseurs) / Dettes c/prestations de services envers des tiers,
,"Passifs de régularisation, provisions court terme",liability,group,credit,1,,Passif / Dettes à court terme,,,,"Passif / Dettes à court terme / Passifs de régularisation, provisions court terme",
,Passifs de régularisation,liability,group,credit,1,,"Passif / Dettes à court terme / Passifs de régularisation, provisions court terme",,,,"Passif / Dettes à court terme / Passifs de régularisation, provisions court terme / Passifs de régularisation",
,Charges à payer,liability,unspecified,credit,0,,"Passif / Dettes à court terme / Passifs de régularisation, provisions court terme / Passifs de régularisation",,,,"Passif / Dettes à court terme / Passifs de régularisation, provisions court terme / Passifs de régularisation / Charges à payer",
,Produits constatés d'avance,liability,unspecified,credit,0,,"Passif / Dettes à court terme / Passifs de régularisation, provisions court terme / Passifs de régularisation",,,,"Passif / Dettes à court terme / Passifs de régularisation, provisions court terme / Passifs de régularisation / Produits constatés d'avance",
,"Provisions à court terme c/ventes, services",liability,group,credit,1,,"Passif / Dettes à court terme / Passifs de régularisation, provisions court terme",,,,"Passif / Dettes à court terme / Passifs de régularisation, provisions court terme / Provisions à court terme c/ventes, services",
,Provisions pour risques liés aux engagements,liability,unspecified,credit,0,,"Passif / Dettes à court terme / Passifs de régularisation, provisions court terme / Provisions à court terme c/ventes, services",,,,"Passif / Dettes à court terme / Passifs de régularisation, provisions court terme / Provisions à court terme c/ventes, services / Provisions pour risques liés aux engagements",
,Provisions pour travaux de garantie à court terme,liability,unspecified,credit,0,,"Passif / Dettes à court terme / Passifs de régularisation, provisions court terme / Provisions à court terme c/ventes, services",,,,"Passif / Dettes à court terme / Passifs de régularisation, provisions court terme / Provisions à court terme c/ventes, services / Provisions pour travaux de garantie à court terme",
,Provisions à court terme pour impôts,liability,group,credit,1,,"Passif / Dettes à court terme / Passifs de régularisation, provisions court terme",,,,"Passif / Dettes à court terme / Passifs de régularisation, provisions court terme / Provisions à court terme pour impôts",
,Provisions pour impôts directs,liability,unspecified,credit,0,,"Passif / Dettes à court terme / Passifs de régularisation, provisions court terme / Provisions à court terme pour impôts",,,,"Passif / Dettes à court terme / Passifs de régularisation, provisions court terme / Provisions à court terme pour impôts / Provisions pour impôts directs",
,Provisions pour impôts indirects,liability,unspecified,credit,0,,"Passif / Dettes à court terme / Passifs de régularisation, provisions court terme / Provisions à court terme pour impôts",,,,"Passif / Dettes à court terme / Passifs de régularisation, provisions court terme / Provisions à court terme pour impôts / Provisions pour impôts indirects",
,Dettes à long terme,liability,group,credit,1,,Passif,,,,Passif / Dettes à long terme,
,Autres dettes à long terme,liability,group,credit,1,,Passif / Dettes à long terme,,,,Passif / Dettes à long terme / Autres dettes à long terme,
,Dettes à long terme envers des actionnaires,liability,group,credit,1,,Passif / Dettes à long terme / Autres dettes à long terme,,,,Passif / Dettes à long terme / Autres dettes à long terme / Dettes à long terme envers des actionnaires,
,Dettes hypothécaires envers des actionnaires,liability,unspecified,credit,0,,Passif / Dettes à long terme / Autres dettes à long terme / Dettes à long terme envers des actionnaires,,,,Passif / Dettes à long terme / Autres dettes à long terme / Dettes à long terme envers des actionnaires / Dettes hypothécaires envers des actionnaires,
,Emprunts à long terme à des actionnaires,liability,unspecified,credit,0,,Passif / Dettes à long terme / Autres dettes à long terme / Dettes à long terme envers des actionnaires,,,,Passif / Dettes à long terme / Autres dettes à long terme / Dettes à long terme envers des actionnaires / Emprunts à long terme à des actionnaires,
,Dettes à long terme envers des institutions LPP,liability,group,credit,1,,Passif / Dettes à long terme / Autres dettes à long terme,,,,Passif / Dettes à long terme / Autres dettes à long terme / Dettes à long terme envers des institutions LPP,
,Dettes hypothécaires envers des institutions LPP,liability,unspecified,credit,0,,Passif / Dettes à long terme / Autres dettes à long terme / Dettes à long terme envers des institutions LPP,,,,Passif / Dettes à long terme / Autres dettes à long terme / Dettes à long terme envers des institutions LPP / Dettes hypothécaires envers des institutions LPP,
,Emprunts à long terme à des institutions LPP,liability,unspecified,credit,0,,Passif / Dettes à long terme / Autres dettes à long terme / Dettes à long terme envers des institutions LPP,,,,Passif / Dettes à long terme / Autres dettes à long terme / Dettes à long terme envers des institutions LPP / Emprunts à long terme à des institutions LPP,
,Dettes à long terme envers des sociétés du groupe,liability,group,credit,1,,Passif / Dettes à long terme / Autres dettes à long terme,,,,Passif / Dettes à long terme / Autres dettes à long terme / Dettes à long terme envers des sociétés du groupe,
,Dettes hypothécaires envers des sociétés du groupe,liability,unspecified,credit,0,,Passif / Dettes à long terme / Autres dettes à long terme / Dettes à long terme envers des sociétés du groupe,,,,Passif / Dettes à long terme / Autres dettes à long terme / Dettes à long terme envers des sociétés du groupe / Dettes hypothécaires envers des sociétés du groupe,
,Emprunts à long terme à des sociétés du groupe,liability,unspecified,credit,0,,Passif / Dettes à long terme / Autres dettes à long terme / Dettes à long terme envers des sociétés du groupe,,,,Passif / Dettes à long terme / Autres dettes à long terme / Dettes à long terme envers des sociétés du groupe / Emprunts à long terme à des sociétés du groupe,
,Emprunts à long terme à des tiers,liability,group,credit,1,,Passif / Dettes à long terme / Autres dettes à long terme,,,,Passif / Dettes à long terme / Autres dettes à long terme / Emprunts à long terme à des tiers,
,Emprunts à long terme à des tiers,liability,unspecified,credit,0,,Passif / Dettes à long terme / Autres dettes à long terme / Emprunts à long terme à des tiers,,,,Passif / Dettes à long terme / Autres dettes à long terme / Emprunts à long terme à des tiers / Emprunts à long terme à des tiers,
,Dettes financière à long terme,liability,group,credit,1,,Passif / Dettes à long terme,,,,Passif / Dettes à long terme / Dettes financière à long terme,
,Dettes bancaires à long terme,liability,group,credit,1,,Passif / Dettes à long terme / Dettes financière à long terme,,,,Passif / Dettes à long terme / Dettes financière à long terme / Dettes bancaires à long terme,
,Dettes bancaires à long terme,liability,unspecified,credit,0,,Passif / Dettes à long terme / Dettes financière à long terme / Dettes bancaires à long terme,,,,Passif / Dettes à long terme / Dettes financière à long terme / Dettes bancaires à long terme / Dettes bancaires à long terme,
,Dettes hypothécaires,liability,group,credit,1,,Passif / Dettes à long terme / Dettes financière à long terme,,,,Passif / Dettes à long terme / Dettes financière à long terme / Dettes hypothécaires,
,Hypothèques sur ateliers,liability,unspecified,credit,0,,Passif / Dettes à long terme / Dettes financière à long terme / Dettes hypothécaires,,,,Passif / Dettes à long terme / Dettes financière à long terme / Dettes hypothécaires / Hypothèques sur ateliers,
,Hypothèques sur biens-fonds non bâtis,liability,unspecified,credit,0,,Passif / Dettes à long terme / Dettes financière à long terme / Dettes hypothécaires,,,,Passif / Dettes à long terme / Dettes financière à long terme / Dettes hypothécaires / Hypothèques sur biens-fonds non bâtis,
,Hypothèques sur bâtiments d'exploitation,liability,unspecified,credit,0,,Passif / Dettes à long terme / Dettes financière à long terme / Dettes hypothécaires,,,,Passif / Dettes à long terme / Dettes financière à long terme / Dettes hypothécaires / Hypothèques sur bâtiments d'exploitation,
,Hypothèques sur bâtiments d'exposition et de vente,liability,unspecified,credit,0,,Passif / Dettes à long terme / Dettes financière à long terme / Dettes hypothécaires,,,,Passif / Dettes à long terme / Dettes financière à long terme / Dettes hypothécaires / Hypothèques sur bâtiments d'exposition et de vente,
,Hypothèques sur bâtiments de bureau/administration,liability,unspecified,credit,0,,Passif / Dettes à long terme / Dettes financière à long terme / Dettes hypothécaires,,,,Passif / Dettes à long terme / Dettes financière à long terme / Dettes hypothécaires / Hypothèques sur bâtiments de bureau/administration,
,Hypothèques sur entrepôts,liability,unspecified,credit,0,,Passif / Dettes à long terme / Dettes financière à long terme / Dettes hypothécaires,,,,Passif / Dettes à long terme / Dettes financière à long terme / Dettes hypothécaires / Hypothèques sur entrepôts,
,Hypothèques sur immeubles d'habitation,liability,unspecified,credit,0,,Passif / Dettes à long terme / Dettes financière à long terme / Dettes hypothécaires,,,,Passif / Dettes à long terme / Dettes financière à long terme / Dettes hypothécaires / Hypothèques sur immeubles d'habitation,
,Hypothèques sur usines,liability,unspecified,credit,0,,Passif / Dettes à long terme / Dettes financière à long terme / Dettes hypothécaires,,,,Passif / Dettes à long terme / Dettes financière à long terme / Dettes hypothécaires / Hypothèques sur usines,
,Dettes résultant d'opérations de crédit-bail,liability,group,credit,1,,Passif / Dettes à long terme / Dettes financière à long terme,,,,Passif / Dettes à long terme / Dettes financière à long terme / Dettes résultant d'opérations de crédit-bail,
,Dettes résultant d'opérations de crédit-bail,liability,unspecified,credit,0,,Passif / Dettes à long terme / Dettes financière à long terme / Dettes résultant d'opérations de crédit-bail,,,,Passif / Dettes à long terme / Dettes financière à long terme / Dettes résultant d'opérations de crédit-bail / Dettes résultant d'opérations de crédit-bail,
,Emprunts par obligations,liability,group,credit,1,,Passif / Dettes à long terme / Dettes financière à long terme,,,,Passif / Dettes à long terme / Dettes financière à long terme / Emprunts par obligations,
,Emprunts par obligations,liability,unspecified,credit,0,,Passif / Dettes à long terme / Dettes financière à long terme / Emprunts par obligations,,,,Passif / Dettes à long terme / Dettes financière à long terme / Emprunts par obligations / Emprunts par obligations,
,Provisions à long terme,liability,group,credit,1,,Passif / Dettes à long terme,,,,Passif / Dettes à long terme / Provisions à long terme,
,Autres provisions,liability,group,credit,1,,Passif / Dettes à long terme / Provisions à long terme,,,,Passif / Dettes à long terme / Provisions à long terme / Autres provisions,
,Autres provisions,liability,unspecified,credit,0,,Passif / Dettes à long terme / Provisions à long terme / Autres provisions,,,,Passif / Dettes à long terme / Provisions à long terme / Autres provisions / Autres provisions,
,Provisions pour impôts (long terme),liability,group,credit,1,,Passif / Dettes à long terme / Provisions à long terme,,,,Passif / Dettes à long terme / Provisions à long terme / Provisions pour impôts (long terme),
,Provisions pour impôts latents,liability,unspecified,credit,0,,Passif / Dettes à long terme / Provisions à long terme / Provisions pour impôts (long terme),,,,Passif / Dettes à long terme / Provisions à long terme / Provisions pour impôts (long terme) / Provisions pour impôts latents,
,Provisions pour la protection de l'environnement,liability,group,credit,1,,Passif / Dettes à long terme / Provisions à long terme,,,,Passif / Dettes à long terme / Provisions à long terme / Provisions pour la protection de l'environnement,
,Provisions pour la protection de l'environnement,liability,unspecified,credit,0,,Passif / Dettes à long terme / Provisions à long terme / Provisions pour la protection de l'environnement,,,,Passif / Dettes à long terme / Provisions à long terme / Provisions pour la protection de l'environnement / Provisions pour la protection de l'environnement,
,Provisions pour prestations en cas de vieillesse,liability,group,credit,1,,Passif / Dettes à long terme / Provisions à long terme,,,,Passif / Dettes à long terme / Provisions à long terme / Provisions pour prestations en cas de vieillesse,
,Provisions pour prestations de retraite,liability,unspecified,credit,0,,Passif / Dettes à long terme / Provisions à long terme / Provisions pour prestations en cas de vieillesse,,,,Passif / Dettes à long terme / Provisions à long terme / Provisions pour prestations en cas de vieillesse / Provisions pour prestations de retraite,
,Provisions pour recherche et développement,liability,group,credit,1,,Passif / Dettes à long terme / Provisions à long terme,,,,Passif / Dettes à long terme / Provisions à long terme / Provisions pour recherche et développement,
,Provision pour développement,liability,unspecified,credit,0,,Passif / Dettes à long terme / Provisions à long terme / Provisions pour recherche et développement,,,,Passif / Dettes à long terme / Provisions à long terme / Provisions pour recherche et développement / Provision pour développement,
,Provision pour recherche,liability,unspecified,credit,0,,Passif / Dettes à long terme / Provisions à long terme / Provisions pour recherche et développement,,,,Passif / Dettes à long terme / Provisions à long terme / Provisions pour recherche et développement / Provision pour recherche,
,Provisions pour restructuration de l'entreprise,liability,group,credit,1,,Passif / Dettes à long terme / Provisions à long terme,,,,Passif / Dettes à long terme / Provisions à long terme / Provisions pour restructuration de l'entreprise,
,Provisions pour restructuration de l'entreprise,liability,unspecified,credit,0,,Passif / Dettes à long terme / Provisions à long terme / Provisions pour restructuration de l'entreprise,,,,Passif / Dettes à long terme / Provisions à long terme / Provisions pour restructuration de l'entreprise / Provisions pour restructuration de l'entreprise,
,"Provisions réparation, assainissements, rénovation",liability,group,credit,1,,Passif / Dettes à long terme / Provisions à long terme,,,,"Passif / Dettes à long terme / Provisions à long terme / Provisions réparation, assainissements, rénovation",
,Provision pour assainissements,liability,unspecified,credit,0,,"Passif / Dettes à long terme / Provisions à long terme / Provisions réparation, assainissements, rénovation",,,,"Passif / Dettes à long terme / Provisions à long terme / Provisions réparation, assainissements, rénovation / Provision pour assainissements",
,Provision pour rénovations,liability,unspecified,credit,0,,"Passif / Dettes à long terme / Provisions à long terme / Provisions réparation, assainissements, rénovation",,,,"Passif / Dettes à long terme / Provisions à long terme / Provisions réparation, assainissements, rénovation / Provision pour rénovations",
,Provision pour réparations,liability,unspecified,credit,0,,"Passif / Dettes à long terme / Provisions à long terme / Provisions réparation, assainissements, rénovation",,,,"Passif / Dettes à long terme / Provisions à long terme / Provisions réparation, assainissements, rénovation / Provision pour réparations",
,Provisions résultant de ventes/prestations service,liability,group,credit,1,,Passif / Dettes à long terme / Provisions à long terme,,,,Passif / Dettes à long terme / Provisions à long terme / Provisions résultant de ventes/prestations service,
,Provisions pour travaux de garantie,liability,unspecified,credit,0,,Passif / Dettes à long terme / Provisions à long terme / Provisions résultant de ventes/prestations service,,,,Passif / Dettes à long terme / Provisions à long terme / Provisions résultant de ventes/prestations service / Provisions pour travaux de garantie,
,Autres charges d'exploitation,expense,group,debit,1,,,,,,Autres charges d'exploitation,
,Amortissement,expense,group,debit,1,,Autres charges d'exploitation,,,,Autres charges d'exploitation / Amortissement,
,Amortissements s/charges activées,expense,group,debit,1,,Autres charges d'exploitation / Amortissement,,,,Autres charges d'exploitation / Amortissement / Amortissements s/charges activées,
,Amortissements s/charges de fondation,expense,unspecified,debit,0,,Autres charges d'exploitation / Amortissement / Amortissements s/charges activées,,,,Autres charges d'exploitation / Amortissement / Amortissements s/charges activées / Amortissements s/charges de fondation,
,"Amortissements s/charges de recherche, dévelop.",expense,unspecified,debit,0,,Autres charges d'exploitation / Amortissement / Amortissements s/charges activées,,,,"Autres charges d'exploitation / Amortissement / Amortissements s/charges activées / Amortissements s/charges de recherche, dévelop.",
,Amortissements s/immobilisations corporelles,expense,group,debit,1,,Autres charges d'exploitation / Amortissement,,,,Autres charges d'exploitation / Amortissement / Amortissements s/immobilisations corporelles,
,"Amortissements s/machines de bureau, informatique",expense,unspecified,debit,0,,Autres charges d'exploitation / Amortissement / Amortissements s/immobilisations corporelles,,,,"Autres charges d'exploitation / Amortissement / Amortissements s/immobilisations corporelles / Amortissements s/machines de bureau, informatique",
,Amortissements s/machines et appareil production,expense,unspecified,debit,0,,Autres charges d'exploitation / Amortissement / Amortissements s/immobilisations corporelles,,,,Autres charges d'exploitation / Amortissement / Amortissements s/immobilisations corporelles / Amortissements s/machines et appareil production,
,Amortissements s/mobilier et installations,expense,unspecified,debit,0,,Autres charges d'exploitation / Amortissement / Amortissements s/immobilisations corporelles,,,,Autres charges d'exploitation / Amortissement / Amortissements s/immobilisations corporelles / Amortissements s/mobilier et installations,
,Amortissements s/véhicules,expense,unspecified,debit,0,,Autres charges d'exploitation / Amortissement / Amortissements s/immobilisations corporelles,,,,Autres charges d'exploitation / Amortissement / Amortissements s/immobilisations corporelles / Amortissements s/véhicules,
,Amortissements s/immobilisations corporelles imm.,expense,group,debit,1,,Autres charges d'exploitation / Amortissement,,,,Autres charges d'exploitation / Amortissement / Amortissements s/immobilisations corporelles imm.,
,Amortissements s/bâtiments d'exploitation,expense,unspecified,debit,0,,Autres charges d'exploitation / Amortissement / Amortissements s/immobilisations corporelles imm.,,,,Autres charges d'exploitation / Amortissement / Amortissements s/immobilisations corporelles imm. / Amortissements s/bâtiments d'exploitation,
,Amortissements s/usines,expense,unspecified,debit,0,,Autres charges d'exploitation / Amortissement / Amortissements s/immobilisations corporelles imm.,,,,Autres charges d'exploitation / Amortissement / Amortissements s/immobilisations corporelles imm. / Amortissements s/usines,
,Amortissements s/immobilisations incorporelles,expense,group,debit,1,,Autres charges d'exploitation / Amortissement,,,,Autres charges d'exploitation / Amortissement / Amortissements s/immobilisations incorporelles,
,"Amortissement s/brevets, know-how",expense,unspecified,debit,0,,Autres charges d'exploitation / Amortissement / Amortissements s/immobilisations incorporelles,,,,"Autres charges d'exploitation / Amortissement / Amortissements s/immobilisations incorporelles / Amortissement s/brevets, know-how",
,Amortissements s/goodwill,expense,unspecified,debit,0,,Autres charges d'exploitation / Amortissement / Amortissements s/immobilisations incorporelles,,,,Autres charges d'exploitation / Amortissement / Amortissements s/immobilisations incorporelles / Amortissements s/goodwill,
,"Amortissements s/marques, échantillons, modèles",expense,unspecified,debit,0,,Autres charges d'exploitation / Amortissement / Amortissements s/immobilisations incorporelles,,,,"Autres charges d'exploitation / Amortissement / Amortissements s/immobilisations incorporelles / Amortissements s/marques, échantillons, modèles",
,Dépréciations s/immobilisations financières,expense,group,debit,1,,Autres charges d'exploitation / Amortissement,,,,Autres charges d'exploitation / Amortissement / Dépréciations s/immobilisations financières,
,Dépréciation s/titres des actifs immobilisés,expense,unspecified,debit,0,,Autres charges d'exploitation / Amortissement / Dépréciations s/immobilisations financières,,,,Autres charges d'exploitation / Amortissement / Dépréciations s/immobilisations financières / Dépréciation s/titres des actifs immobilisés,
,Dépréciations s/autres immobilisations financières,expense,unspecified,debit,0,,Autres charges d'exploitation / Amortissement / Dépréciations s/immobilisations financières,,,,Autres charges d'exploitation / Amortissement / Dépréciations s/immobilisations financières / Dépréciations s/autres immobilisations financières,
,Dépréciations s/participations à des stés groupe,expense,group,debit,1,,Autres charges d'exploitation / Amortissement,,,,Autres charges d'exploitation / Amortissement / Dépréciations s/participations à des stés groupe,
,Dépréciation s/créance envers la filiale B,expense,unspecified,debit,0,,Autres charges d'exploitation / Amortissement / Dépréciations s/participations à des stés groupe,,,,Autres charges d'exploitation / Amortissement / Dépréciations s/participations à des stés groupe / Dépréciation s/créance envers la filiale B,
,Dépréciation s/participation à la filiale A,expense,unspecified,debit,0,,Autres charges d'exploitation / Amortissement / Dépréciations s/participations à des stés groupe,,,,Autres charges d'exploitation / Amortissement / Dépréciations s/participations à des stés groupe / Dépréciation s/participation à la filiale A,
,"Assurances-choses, droits, taxes, autorisations",expense,group,debit,1,,Autres charges d'exploitation,,,,"Autres charges d'exploitation / Assurances-choses, droits, taxes, autorisations",
,Assurances-choses,expense,group,debit,1,,"Autres charges d'exploitation / Assurances-choses, droits, taxes, autorisations",,,,"Autres charges d'exploitation / Assurances-choses, droits, taxes, autorisations / Assurances-choses",
,Assurance pour bris de glace,expense,unspecified,debit,0,,"Autres charges d'exploitation / Assurances-choses, droits, taxes, autorisations / Assurances-choses",,,,"Autres charges d'exploitation / Assurances-choses, droits, taxes, autorisations / Assurances-choses / Assurance pour bris de glace",
,Assurance pour dommages,expense,unspecified,debit,0,,"Autres charges d'exploitation / Assurances-choses, droits, taxes, autorisations / Assurances-choses",,,,"Autres charges d'exploitation / Assurances-choses, droits, taxes, autorisations / Assurances-choses / Assurance pour dommages",
,Assurance vols,expense,unspecified,debit,0,,"Autres charges d'exploitation / Assurances-choses, droits, taxes, autorisations / Assurances-choses",,,,"Autres charges d'exploitation / Assurances-choses, droits, taxes, autorisations / Assurances-choses / Assurance vols",
,"Primes d'assurance c/dommages, bris de glace, vols",expense,unspecified,debit,0,,"Autres charges d'exploitation / Assurances-choses, droits, taxes, autorisations / Assurances-choses",,,,"Autres charges d'exploitation / Assurances-choses, droits, taxes, autorisations / Assurances-choses / Primes d'assurance c/dommages, bris de glace, vols",
,Primes d'assurance pour arrêts d'exploitation,expense,group,debit,1,,"Autres charges d'exploitation / Assurances-choses, droits, taxes, autorisations / Assurances-choses",,,,"Autres charges d'exploitation / Assurances-choses, droits, taxes, autorisations / Assurances-choses / Primes d'assurance pour arrêts d'exploitation",
,Assurance pour arrêts d'exploitation,expense,unspecified,debit,0,,"Autres charges d'exploitation / Assurances-choses, droits, taxes, autorisations / Assurances-choses / Primes d'assurance pour arrêts d'exploitation",,,,"Autres charges d'exploitation / Assurances-choses, droits, taxes, autorisations / Assurances-choses / Primes d'assurance pour arrêts d'exploitation / Assurance pour arrêts d'exploitation",
,Primes d'assurance responsabilité civile /garantie,expense,group,debit,1,,"Autres charges d'exploitation / Assurances-choses, droits, taxes, autorisations / Assurances-choses",,,,"Autres charges d'exploitation / Assurances-choses, droits, taxes, autorisations / Assurances-choses / Primes d'assurance responsabilité civile /garantie",
,Assurance garantie,expense,unspecified,debit,0,,"Autres charges d'exploitation / Assurances-choses, droits, taxes, autorisations / Assurances-choses / Primes d'assurance responsabilité civile /garantie",,,,"Autres charges d'exploitation / Assurances-choses, droits, taxes, autorisations / Assurances-choses / Primes d'assurance responsabilité civile /garantie / Assurance garantie",
,Assurance protection juridique,expense,unspecified,debit,0,,"Autres charges d'exploitation / Assurances-choses, droits, taxes, autorisations / Assurances-choses / Primes d'assurance responsabilité civile /garantie",,,,"Autres charges d'exploitation / Assurances-choses, droits, taxes, autorisations / Assurances-choses / Primes d'assurance responsabilité civile /garantie / Assurance protection juridique",
,Assurance responsabilité civile,expense,unspecified,debit,0,,"Autres charges d'exploitation / Assurances-choses, droits, taxes, autorisations / Assurances-choses / Primes d'assurance responsabilité civile /garantie",,,,"Autres charges d'exploitation / Assurances-choses, droits, taxes, autorisations / Assurances-choses / Primes d'assurance responsabilité civile /garantie / Assurance responsabilité civile",
,Primes pour assurances liées aux crédits,expense,group,debit,1,,"Autres charges d'exploitation / Assurances-choses, droits, taxes, autorisations / Assurances-choses",,,,"Autres charges d'exploitation / Assurances-choses, droits, taxes, autorisations / Assurances-choses / Primes pour assurances liées aux crédits",
,Primes pour assurance-vie,expense,unspecified,debit,0,,"Autres charges d'exploitation / Assurances-choses, droits, taxes, autorisations / Assurances-choses / Primes pour assurances liées aux crédits",,,,"Autres charges d'exploitation / Assurances-choses, droits, taxes, autorisations / Assurances-choses / Primes pour assurances liées aux crédits / Primes pour assurance-vie",
,Primes pour cautionnement,expense,unspecified,debit,0,,"Autres charges d'exploitation / Assurances-choses, droits, taxes, autorisations / Assurances-choses / Primes pour assurances liées aux crédits",,,,"Autres charges d'exploitation / Assurances-choses, droits, taxes, autorisations / Assurances-choses / Primes pour assurances liées aux crédits / Primes pour cautionnement",
,"Droits, taxes, autorisations, patentes",expense,group,debit,1,,"Autres charges d'exploitation / Assurances-choses, droits, taxes, autorisations",,,,"Autres charges d'exploitation / Assurances-choses, droits, taxes, autorisations / Droits, taxes, autorisations, patentes",
,Autorisations et patentes,expense,group,debit,1,,"Autres charges d'exploitation / Assurances-choses, droits, taxes, autorisations / Droits, taxes, autorisations, patentes",,,,"Autres charges d'exploitation / Assurances-choses, droits, taxes, autorisations / Droits, taxes, autorisations, patentes / Autorisations et patentes",
,Autorisations,expense,unspecified,debit,0,,"Autres charges d'exploitation / Assurances-choses, droits, taxes, autorisations / Droits, taxes, autorisations, patentes / Autorisations et patentes",,,,"Autres charges d'exploitation / Assurances-choses, droits, taxes, autorisations / Droits, taxes, autorisations, patentes / Autorisations et patentes / Autorisations",
,Patentes,expense,unspecified,debit,0,,"Autres charges d'exploitation / Assurances-choses, droits, taxes, autorisations / Droits, taxes, autorisations, patentes / Autorisations et patentes",,,,"Autres charges d'exploitation / Assurances-choses, droits, taxes, autorisations / Droits, taxes, autorisations, patentes / Autorisations et patentes / Patentes",
,Droits et taxes,expense,group,debit,1,,"Autres charges d'exploitation / Assurances-choses, droits, taxes, autorisations / Droits, taxes, autorisations, patentes",,,,"Autres charges d'exploitation / Assurances-choses, droits, taxes, autorisations / Droits, taxes, autorisations, patentes / Droits et taxes",
,Droits,expense,unspecified,debit,0,,"Autres charges d'exploitation / Assurances-choses, droits, taxes, autorisations / Droits, taxes, autorisations, patentes / Droits et taxes",,,,"Autres charges d'exploitation / Assurances-choses, droits, taxes, autorisations / Droits, taxes, autorisations, patentes / Droits et taxes / Droits",
,Taxes,expense,unspecified,debit,0,,"Autres charges d'exploitation / Assurances-choses, droits, taxes, autorisations / Droits, taxes, autorisations, patentes / Droits et taxes",,,,"Autres charges d'exploitation / Assurances-choses, droits, taxes, autorisations / Droits, taxes, autorisations, patentes / Droits et taxes / Taxes",
,Autres charges d'exploitation,expense,group,debit,1,,Autres charges d'exploitation,,,,Autres charges d'exploitation / Autres charges d'exploitation,
,"Informations économiques, poursuites",expense,group,debit,1,,Autres charges d'exploitation / Autres charges d'exploitation,,,,"Autres charges d'exploitation / Autres charges d'exploitation / Informations économiques, poursuites",
,Informations économiques,expense,unspecified,debit,0,,"Autres charges d'exploitation / Autres charges d'exploitation / Informations économiques, poursuites",,,,"Autres charges d'exploitation / Autres charges d'exploitation / Informations économiques, poursuites / Informations économiques",
,Poursuites,expense,unspecified,debit,0,,"Autres charges d'exploitation / Autres charges d'exploitation / Informations économiques, poursuites",,,,"Autres charges d'exploitation / Autres charges d'exploitation / Informations économiques, poursuites / Poursuites",
,Recherche et développement,expense,group,debit,1,,Autres charges d'exploitation / Autres charges d'exploitation,,,,Autres charges d'exploitation / Autres charges d'exploitation / Recherche et développement,
,Développement projet B,expense,unspecified,debit,0,,Autres charges d'exploitation / Autres charges d'exploitation / Recherche et développement,,,,Autres charges d'exploitation / Autres charges d'exploitation / Recherche et développement / Développement projet B,
,Recherche projet A,expense,unspecified,debit,0,,Autres charges d'exploitation / Autres charges d'exploitation / Recherche et développement,,,,Autres charges d'exploitation / Autres charges d'exploitation / Recherche et développement / Recherche projet A,
,Sécurité et surveillance,expense,group,debit,1,,Autres charges d'exploitation / Autres charges d'exploitation,,,,Autres charges d'exploitation / Autres charges d'exploitation / Sécurité et surveillance,
,Surveillance,expense,unspecified,debit,0,,Autres charges d'exploitation / Autres charges d'exploitation / Sécurité et surveillance,,,,Autres charges d'exploitation / Autres charges d'exploitation / Sécurité et surveillance / Surveillance,
,Sécurité,expense,unspecified,debit,0,,Autres charges d'exploitation / Autres charges d'exploitation / Sécurité et surveillance,,,,Autres charges d'exploitation / Autres charges d'exploitation / Sécurité et surveillance / Sécurité,
,Charges d'administration et d'informatique,expense,group,debit,1,,Autres charges d'exploitation,,,,Autres charges d'exploitation / Charges d'administration et d'informatique,
,Charges d'administration,expense,group,debit,1,,Autres charges d'exploitation / Charges d'administration et d'informatique,,,,Autres charges d'exploitation / Charges d'administration et d'informatique / Charges d'administration,
,Charges d'administration comme prélèvements privés,expense,group,debit,1,,Autres charges d'exploitation / Charges d'administration et d'informatique / Charges d'administration,,,,Autres charges d'exploitation / Charges d'administration et d'informatique / Charges d'administration / Charges d'administration comme prélèvements privés,
,Charges d'administration comme prélèvements privés,expense,unspecified,debit,0,,Autres charges d'exploitation / Charges d'administration et d'informatique / Charges d'administration / Charges d'administration comme prélèvements privés,,,,Autres charges d'exploitation / Charges d'administration et d'informatique / Charges d'administration / Charges d'administration comme prélèvements privés / Charges d'administration comme prélèvements privés,
,"Conseil d'administration, AG, OR",expense,group,debit,1,,Autres charges d'exploitation / Charges d'administration et d'informatique / Charges d'administration,,,,"Autres charges d'exploitation / Charges d'administration et d'informatique / Charges d'administration / Conseil d'administration, AG, OR",
,Charges pour assemblée générale,expense,unspecified,debit,0,,"Autres charges d'exploitation / Charges d'administration et d'informatique / Charges d'administration / Conseil d'administration, AG, OR",,,,"Autres charges d'exploitation / Charges d'administration et d'informatique / Charges d'administration / Conseil d'administration, AG, OR / Charges pour assemblée générale",
,Charges pour conseil d'administration,expense,unspecified,debit,0,,"Autres charges d'exploitation / Charges d'administration et d'informatique / Charges d'administration / Conseil d'administration, AG, OR",,,,"Autres charges d'exploitation / Charges d'administration et d'informatique / Charges d'administration / Conseil d'administration, AG, OR / Charges pour conseil d'administration",
,Charges pour organe de révision,expense,unspecified,debit,0,,"Autres charges d'exploitation / Charges d'administration et d'informatique / Charges d'administration / Conseil d'administration, AG, OR",,,,"Autres charges d'exploitation / Charges d'administration et d'informatique / Charges d'administration / Conseil d'administration, AG, OR / Charges pour organe de révision",
,"Cotisations, dons, cadeaux et pourboires",expense,group,debit,1,,Autres charges d'exploitation / Charges d'administration et d'informatique / Charges d'administration,,,,"Autres charges d'exploitation / Charges d'administration et d'informatique / Charges d'administration / Cotisations, dons, cadeaux et pourboires",
,Cotisations,expense,unspecified,debit,0,,"Autres charges d'exploitation / Charges d'administration et d'informatique / Charges d'administration / Cotisations, dons, cadeaux et pourboires",,,,"Autres charges d'exploitation / Charges d'administration et d'informatique / Charges d'administration / Cotisations, dons, cadeaux et pourboires / Cotisations",
,Dons et cadeaux,expense,unspecified,debit,0,,"Autres charges d'exploitation / Charges d'administration et d'informatique / Charges d'administration / Cotisations, dons, cadeaux et pourboires",,,,"Autres charges d'exploitation / Charges d'administration et d'informatique / Charges d'administration / Cotisations, dons, cadeaux et pourboires / Dons et cadeaux",
,Pourboires,expense,unspecified,debit,0,,"Autres charges d'exploitation / Charges d'administration et d'informatique / Charges d'administration / Cotisations, dons, cadeaux et pourboires",,,,"Autres charges d'exploitation / Charges d'administration et d'informatique / Charges d'administration / Cotisations, dons, cadeaux et pourboires / Pourboires",
,Honoraires pour fiduciaire et conseil,expense,group,debit,1,,Autres charges d'exploitation / Charges d'administration et d'informatique / Charges d'administration,,,,Autres charges d'exploitation / Charges d'administration et d'informatique / Charges d'administration / Honoraires pour fiduciaire et conseil,
,Honoraires pour conseil,expense,unspecified,debit,0,,Autres charges d'exploitation / Charges d'administration et d'informatique / Charges d'administration / Honoraires pour fiduciaire et conseil,,,,Autres charges d'exploitation / Charges d'administration et d'informatique / Charges d'administration / Honoraires pour fiduciaire et conseil / Honoraires pour conseil,
,Honoraires pour conseil juridique,expense,unspecified,debit,0,,Autres charges d'exploitation / Charges d'administration et d'informatique / Charges d'administration / Honoraires pour fiduciaire et conseil,,,,Autres charges d'exploitation / Charges d'administration et d'informatique / Charges d'administration / Honoraires pour fiduciaire et conseil / Honoraires pour conseil juridique,
,Honoraires pour fiduciaire,expense,unspecified,debit,0,,Autres charges d'exploitation / Charges d'administration et d'informatique / Charges d'administration / Honoraires pour fiduciaire et conseil,,,,Autres charges d'exploitation / Charges d'administration et d'informatique / Charges d'administration / Honoraires pour fiduciaire et conseil / Honoraires pour fiduciaire,
,"Matériel de bureau, imprimés, photocopies",expense,group,debit,1,,Autres charges d'exploitation / Charges d'administration et d'informatique / Charges d'administration,,,,"Autres charges d'exploitation / Charges d'administration et d'informatique / Charges d'administration / Matériel de bureau, imprimés, photocopies",
,Imprimés,expense,unspecified,debit,0,,"Autres charges d'exploitation / Charges d'administration et d'informatique / Charges d'administration / Matériel de bureau, imprimés, photocopies",,,,"Autres charges d'exploitation / Charges d'administration et d'informatique / Charges d'administration / Matériel de bureau, imprimés, photocopies / Imprimés",
,Littérature technique,expense,unspecified,debit,0,,"Autres charges d'exploitation / Charges d'administration et d'informatique / Charges d'administration / Matériel de bureau, imprimés, photocopies",,,,"Autres charges d'exploitation / Charges d'administration et d'informatique / Charges d'administration / Matériel de bureau, imprimés, photocopies / Littérature technique",
,Matériel de bureau,expense,unspecified,debit,0,,"Autres charges d'exploitation / Charges d'administration et d'informatique / Charges d'administration / Matériel de bureau, imprimés, photocopies",,,,"Autres charges d'exploitation / Charges d'administration et d'informatique / Charges d'administration / Matériel de bureau, imprimés, photocopies / Matériel de bureau",
,Photocopies,expense,unspecified,debit,0,,"Autres charges d'exploitation / Charges d'administration et d'informatique / Charges d'administration / Matériel de bureau, imprimés, photocopies",,,,"Autres charges d'exploitation / Charges d'administration et d'informatique / Charges d'administration / Matériel de bureau, imprimés, photocopies / Photocopies",
,"Téléphone, téléfax, Internet, frais de port",expense,group,debit,1,,Autres charges d'exploitation / Charges d'administration et d'informatique / Charges d'administration,,,,"Autres charges d'exploitation / Charges d'administration et d'informatique / Charges d'administration / Téléphone, téléfax, Internet, frais de port",
,Frais de port,expense,unspecified,debit,0,,"Autres charges d'exploitation / Charges d'administration et d'informatique / Charges d'administration / Téléphone, téléfax, Internet, frais de port",,,,"Autres charges d'exploitation / Charges d'administration et d'informatique / Charges d'administration / Téléphone, téléfax, Internet, frais de port / Frais de port",
,Internet,expense,unspecified,debit,0,,"Autres charges d'exploitation / Charges d'administration et d'informatique / Charges d'administration / Téléphone, téléfax, Internet, frais de port",,,,"Autres charges d'exploitation / Charges d'administration et d'informatique / Charges d'administration / Téléphone, téléfax, Internet, frais de port / Internet",
,Téléfax,expense,unspecified,debit,0,,"Autres charges d'exploitation / Charges d'administration et d'informatique / Charges d'administration / Téléphone, téléfax, Internet, frais de port",,,,"Autres charges d'exploitation / Charges d'administration et d'informatique / Charges d'administration / Téléphone, téléfax, Internet, frais de port / Téléfax",
,Téléphone,expense,unspecified,debit,0,,"Autres charges d'exploitation / Charges d'administration et d'informatique / Charges d'administration / Téléphone, téléfax, Internet, frais de port",,,,"Autres charges d'exploitation / Charges d'administration et d'informatique / Charges d'administration / Téléphone, téléfax, Internet, frais de port / Téléphone",
,Informatique,expense,group,debit,1,,Autres charges d'exploitation / Charges d'administration et d'informatique,,,,Autres charges d'exploitation / Charges d'administration et d'informatique / Informatique,
,Conseils et développements,expense,group,debit,1,,Autres charges d'exploitation / Charges d'administration et d'informatique / Informatique,,,,Autres charges d'exploitation / Charges d'administration et d'informatique / Informatique / Conseils et développements,
,Charges d'installation,expense,unspecified,debit,0,,Autres charges d'exploitation / Charges d'administration et d'informatique / Informatique / Conseils et développements,,,,Autres charges d'exploitation / Charges d'administration et d'informatique / Informatique / Conseils et développements / Charges d'installation,
,Conseils en développement de concepts,expense,unspecified,debit,0,,Autres charges d'exploitation / Charges d'administration et d'informatique / Informatique / Conseils et développements,,,,Autres charges d'exploitation / Charges d'administration et d'informatique / Informatique / Conseils et développements / Conseils en développement de concepts,
,"Développement individualisé, adaptation",expense,unspecified,debit,0,,Autres charges d'exploitation / Charges d'administration et d'informatique / Informatique / Conseils et développements,,,,"Autres charges d'exploitation / Charges d'administration et d'informatique / Informatique / Conseils et développements / Développement individualisé, adaptation",
,Développement projet informatique A,expense,unspecified,debit,0,,Autres charges d'exploitation / Charges d'administration et d'informatique / Informatique / Conseils et développements,,,,Autres charges d'exploitation / Charges d'administration et d'informatique / Informatique / Conseils et développements / Développement projet informatique A,
,Développement projet informatique B,expense,unspecified,debit,0,,Autres charges d'exploitation / Charges d'administration et d'informatique / Informatique / Conseils et développements,,,,Autres charges d'exploitation / Charges d'administration et d'informatique / Informatique / Conseils et développements / Développement projet informatique B,
,Licences et entretien,expense,group,debit,1,,Autres charges d'exploitation / Charges d'administration et d'informatique / Informatique,,,,Autres charges d'exploitation / Charges d'administration et d'informatique / Informatique / Licences et entretien,
,Charges de licence/Update,expense,unspecified,debit,0,,Autres charges d'exploitation / Charges d'administration et d'informatique / Informatique / Licences et entretien,,,,Autres charges d'exploitation / Charges d'administration et d'informatique / Informatique / Licences et entretien / Charges de licence/Update,
,"Disquettes, CD-Rom, cassettes, fournitures",expense,unspecified,debit,0,,Autres charges d'exploitation / Charges d'administration et d'informatique / Informatique / Licences et entretien,,,,"Autres charges d'exploitation / Charges d'administration et d'informatique / Informatique / Licences et entretien / Disquettes, CD-Rom, cassettes, fournitures",
,Entretien / Hotline Hardware,expense,unspecified,debit,0,,Autres charges d'exploitation / Charges d'administration et d'informatique / Informatique / Licences et entretien,,,,Autres charges d'exploitation / Charges d'administration et d'informatique / Informatique / Licences et entretien / Entretien / Hotline Hardware,
,Entretien / Hotline Software,expense,unspecified,debit,0,,Autres charges d'exploitation / Charges d'administration et d'informatique / Informatique / Licences et entretien,,,,Autres charges d'exploitation / Charges d'administration et d'informatique / Informatique / Licences et entretien / Entretien / Hotline Software,
,Frais de réseau,expense,unspecified,debit,0,,Autres charges d'exploitation / Charges d'administration et d'informatique / Informatique / Licences et entretien,,,,Autres charges d'exploitation / Charges d'administration et d'informatique / Informatique / Licences et entretien / Frais de réseau,
,Investissements de faible montant,expense,unspecified,debit,0,,Autres charges d'exploitation / Charges d'administration et d'informatique / Informatique / Licences et entretien,,,,Autres charges d'exploitation / Charges d'administration et d'informatique / Informatique / Licences et entretien / Investissements de faible montant,
,Locations en crédit-bail et locations de hard/soft,expense,group,debit,1,,Autres charges d'exploitation / Charges d'administration et d'informatique / Informatique,,,,Autres charges d'exploitation / Charges d'administration et d'informatique / Informatique / Locations en crédit-bail et locations de hard/soft,
,Location de matériel,expense,unspecified,debit,0,,Autres charges d'exploitation / Charges d'administration et d'informatique / Informatique / Locations en crédit-bail et locations de hard/soft,,,,Autres charges d'exploitation / Charges d'administration et d'informatique / Informatique / Locations en crédit-bail et locations de hard/soft / Location de matériel,
,Location en crédit-bail de logiciels,expense,unspecified,debit,0,,Autres charges d'exploitation / Charges d'administration et d'informatique / Informatique / Locations en crédit-bail et locations de hard/soft,,,,Autres charges d'exploitation / Charges d'administration et d'informatique / Informatique / Locations en crédit-bail et locations de hard/soft / Location en crédit-bail de logiciels,
,Location en crédit-bail de matériel,expense,unspecified,debit,0,,Autres charges d'exploitation / Charges d'administration et d'informatique / Informatique / Locations en crédit-bail et locations de hard/soft,,,,Autres charges d'exploitation / Charges d'administration et d'informatique / Informatique / Locations en crédit-bail et locations de hard/soft / Location en crédit-bail de matériel,
,Charges d'énergie et évacuation des déchets,expense,group,debit,1,,Autres charges d'exploitation,,,,Autres charges d'exploitation / Charges d'énergie et évacuation des déchets,
,Charges d'énergie,expense,group,debit,1,,Autres charges d'exploitation / Charges d'énergie et évacuation des déchets,,,,Autres charges d'exploitation / Charges d'énergie et évacuation des déchets / Charges d'énergie,
,Combustibles et matériaux de chauffage,expense,group,debit,1,,Autres charges d'exploitation / Charges d'énergie et évacuation des déchets / Charges d'énergie,,,,Autres charges d'exploitation / Charges d'énergie et évacuation des déchets / Charges d'énergie / Combustibles et matériaux de chauffage,
,"Charbon, briquettes, bois",expense,unspecified,debit,0,,Autres charges d'exploitation / Charges d'énergie et évacuation des déchets / Charges d'énergie / Combustibles et matériaux de chauffage,,,,"Autres charges d'exploitation / Charges d'énergie et évacuation des déchets / Charges d'énergie / Combustibles et matériaux de chauffage / Charbon, briquettes, bois",
,Mazout,expense,unspecified,debit,0,,Autres charges d'exploitation / Charges d'énergie et évacuation des déchets / Charges d'énergie / Combustibles et matériaux de chauffage,,,,Autres charges d'exploitation / Charges d'énergie et évacuation des déchets / Charges d'énergie / Combustibles et matériaux de chauffage / Mazout,
,Eau,expense,group,debit,1,,Autres charges d'exploitation / Charges d'énergie et évacuation des déchets / Charges d'énergie,,,,Autres charges d'exploitation / Charges d'énergie et évacuation des déchets / Charges d'énergie / Eau,
,Eau,expense,unspecified,debit,0,,Autres charges d'exploitation / Charges d'énergie et évacuation des déchets / Charges d'énergie / Eau,,,,Autres charges d'exploitation / Charges d'énergie et évacuation des déchets / Charges d'énergie / Eau / Eau,
,Electricité,expense,group,debit,1,,Autres charges d'exploitation / Charges d'énergie et évacuation des déchets / Charges d'énergie,,,,Autres charges d'exploitation / Charges d'énergie et évacuation des déchets / Charges d'énergie / Electricité,
,Flux d'éclairage,expense,unspecified,debit,0,,Autres charges d'exploitation / Charges d'énergie et évacuation des déchets / Charges d'énergie / Electricité,,,,Autres charges d'exploitation / Charges d'énergie et évacuation des déchets / Charges d'énergie / Electricité / Flux d'éclairage,
,Flux de chaleur,expense,unspecified,debit,0,,Autres charges d'exploitation / Charges d'énergie et évacuation des déchets / Charges d'énergie / Electricité,,,,Autres charges d'exploitation / Charges d'énergie et évacuation des déchets / Charges d'énergie / Electricité / Flux de chaleur,
,Force motrice,expense,unspecified,debit,0,,Autres charges d'exploitation / Charges d'énergie et évacuation des déchets / Charges d'énergie / Electricité,,,,Autres charges d'exploitation / Charges d'énergie et évacuation des déchets / Charges d'énergie / Electricité / Force motrice,
,Gaz,expense,group,debit,1,,Autres charges d'exploitation / Charges d'énergie et évacuation des déchets / Charges d'énergie,,,,Autres charges d'exploitation / Charges d'énergie et évacuation des déchets / Charges d'énergie / Gaz,
,Gaz liquide en bonbonnes,expense,unspecified,debit,0,,Autres charges d'exploitation / Charges d'énergie et évacuation des déchets / Charges d'énergie / Gaz,,,,Autres charges d'exploitation / Charges d'énergie et évacuation des déchets / Charges d'énergie / Gaz / Gaz liquide en bonbonnes,
,Gaz naturel,expense,unspecified,debit,0,,Autres charges d'exploitation / Charges d'énergie et évacuation des déchets / Charges d'énergie / Gaz,,,,Autres charges d'exploitation / Charges d'énergie et évacuation des déchets / Charges d'énergie / Gaz / Gaz naturel,
,Evacuation de déchets,expense,group,debit,1,,Autres charges d'exploitation / Charges d'énergie et évacuation des déchets,,,,Autres charges d'exploitation / Charges d'énergie et évacuation des déchets / Evacuation de déchets,
,Evacuation de déchets,expense,group,debit,1,,Autres charges d'exploitation / Charges d'énergie et évacuation des déchets / Evacuation de déchets,,,,Autres charges d'exploitation / Charges d'énergie et évacuation des déchets / Evacuation de déchets / Evacuation de déchets,
,Eaux usées,expense,unspecified,debit,0,,Autres charges d'exploitation / Charges d'énergie et évacuation des déchets / Evacuation de déchets / Evacuation de déchets,,,,Autres charges d'exploitation / Charges d'énergie et évacuation des déchets / Evacuation de déchets / Evacuation de déchets / Eaux usées,
,Evacuation de déchets,expense,unspecified,debit,0,,Autres charges d'exploitation / Charges d'énergie et évacuation des déchets / Evacuation de déchets / Evacuation de déchets,,,,Autres charges d'exploitation / Charges d'énergie et évacuation des déchets / Evacuation de déchets / Evacuation de déchets / Evacuation de déchets,
,Evacuation de déchets spéciaux,expense,unspecified,debit,0,,Autres charges d'exploitation / Charges d'énergie et évacuation des déchets / Evacuation de déchets / Evacuation de déchets,,,,Autres charges d'exploitation / Charges d'énergie et évacuation des déchets / Evacuation de déchets / Evacuation de déchets / Evacuation de déchets spéciaux,
,Charges de locaux,expense,group,debit,1,,Autres charges d'exploitation,,,,Autres charges d'exploitation / Charges de locaux,
,Charges accessoires,expense,group,debit,1,,Autres charges d'exploitation / Charges de locaux,,,,Autres charges d'exploitation / Charges de locaux / Charges accessoires,
,"Charges accessoires d'électricité, de gaz et d'eau",expense,unspecified,debit,0,,Autres charges d'exploitation / Charges de locaux / Charges accessoires,,,,"Autres charges d'exploitation / Charges de locaux / Charges accessoires / Charges accessoires d'électricité, de gaz et d'eau",
,Charges accessoires de chauffage,expense,unspecified,debit,0,,Autres charges d'exploitation / Charges de locaux / Charges accessoires,,,,Autres charges d'exploitation / Charges de locaux / Charges accessoires / Charges accessoires de chauffage,
,Charges accessoires de conciergerie,expense,unspecified,debit,0,,Autres charges d'exploitation / Charges de locaux / Charges accessoires,,,,Autres charges d'exploitation / Charges de locaux / Charges accessoires / Charges accessoires de conciergerie,
,Charges accessoires de garage,expense,unspecified,debit,0,,Autres charges d'exploitation / Charges de locaux / Charges accessoires,,,,Autres charges d'exploitation / Charges de locaux / Charges accessoires / Charges accessoires de garage,
,Charges accessoires des ateliers,expense,unspecified,debit,0,,Autres charges d'exploitation / Charges de locaux / Charges accessoires,,,,Autres charges d'exploitation / Charges de locaux / Charges accessoires / Charges accessoires des ateliers,
,Charges accessoires des bâtiments d'exposition,expense,unspecified,debit,0,,Autres charges d'exploitation / Charges de locaux / Charges accessoires,,,,Autres charges d'exploitation / Charges de locaux / Charges accessoires / Charges accessoires des bâtiments d'exposition,
,Charges accessoires des bâtiments de bureau et adm,expense,unspecified,debit,0,,Autres charges d'exploitation / Charges de locaux / Charges accessoires,,,,Autres charges d'exploitation / Charges de locaux / Charges accessoires / Charges accessoires des bâtiments de bureau et adm,
,Charges accessoires des entrepôts,expense,unspecified,debit,0,,Autres charges d'exploitation / Charges de locaux / Charges accessoires,,,,Autres charges d'exploitation / Charges de locaux / Charges accessoires / Charges accessoires des entrepôts,
,Charges accessoires des locaux de personnel,expense,unspecified,debit,0,,Autres charges d'exploitation / Charges de locaux / Charges accessoires,,,,Autres charges d'exploitation / Charges de locaux / Charges accessoires / Charges accessoires des locaux de personnel,
,Charges accessoires des usines,expense,unspecified,debit,0,,Autres charges d'exploitation / Charges de locaux / Charges accessoires,,,,Autres charges d'exploitation / Charges de locaux / Charges accessoires / Charges accessoires des usines,
,Charges d'entretien des locaux,expense,group,debit,1,,Autres charges d'exploitation / Charges de locaux,,,,Autres charges d'exploitation / Charges de locaux / Charges d'entretien des locaux,
,Abonnements d'entretien,expense,unspecified,debit,0,,Autres charges d'exploitation / Charges de locaux / Charges d'entretien des locaux,,,,Autres charges d'exploitation / Charges de locaux / Charges d'entretien des locaux / Abonnements d'entretien,
,Entretien des ateliers,expense,unspecified,debit,0,,Autres charges d'exploitation / Charges de locaux / Charges d'entretien des locaux,,,,Autres charges d'exploitation / Charges de locaux / Charges d'entretien des locaux / Entretien des ateliers,
,Entretien des bâtiments d'exposition et vente,expense,unspecified,debit,0,,Autres charges d'exploitation / Charges de locaux / Charges d'entretien des locaux,,,,Autres charges d'exploitation / Charges de locaux / Charges d'entretien des locaux / Entretien des bâtiments d'exposition et vente,
,Entretien des bâtiments de bureau et adm.,expense,unspecified,debit,0,,Autres charges d'exploitation / Charges de locaux / Charges d'entretien des locaux,,,,Autres charges d'exploitation / Charges de locaux / Charges d'entretien des locaux / Entretien des bâtiments de bureau et adm.,
,Entretien des entrepôts,expense,unspecified,debit,0,,Autres charges d'exploitation / Charges de locaux / Charges d'entretien des locaux,,,,Autres charges d'exploitation / Charges de locaux / Charges d'entretien des locaux / Entretien des entrepôts,
,Entretien des locaux de personnel,expense,unspecified,debit,0,,Autres charges d'exploitation / Charges de locaux / Charges d'entretien des locaux,,,,Autres charges d'exploitation / Charges de locaux / Charges d'entretien des locaux / Entretien des locaux de personnel,
,Entretien des usines,expense,unspecified,debit,0,,Autres charges d'exploitation / Charges de locaux / Charges d'entretien des locaux,,,,Autres charges d'exploitation / Charges de locaux / Charges d'entretien des locaux / Entretien des usines,
,Entretien du garage,expense,unspecified,debit,0,,Autres charges d'exploitation / Charges de locaux / Charges d'entretien des locaux,,,,Autres charges d'exploitation / Charges de locaux / Charges d'entretien des locaux / Entretien du garage,
,Frais de réparation,expense,unspecified,debit,0,,Autres charges d'exploitation / Charges de locaux / Charges d'entretien des locaux,,,,Autres charges d'exploitation / Charges de locaux / Charges d'entretien des locaux / Frais de réparation,
,Investissements de moindre importance,expense,unspecified,debit,0,,Autres charges d'exploitation / Charges de locaux / Charges d'entretien des locaux,,,,Autres charges d'exploitation / Charges de locaux / Charges d'entretien des locaux / Investissements de moindre importance,
,Charges de locaux comme prélèvements privés,expense,group,debit,1,,Autres charges d'exploitation / Charges de locaux,,,,Autres charges d'exploitation / Charges de locaux / Charges de locaux comme prélèvements privés,
,Charges de locaux comme prélèvements privés,expense,unspecified,debit,0,,Autres charges d'exploitation / Charges de locaux / Charges de locaux comme prélèvements privés,,,,Autres charges d'exploitation / Charges de locaux / Charges de locaux comme prélèvements privés / Charges de locaux comme prélèvements privés,
,Charges de nettoyage,expense,group,debit,1,,Autres charges d'exploitation / Charges de locaux,,,,Autres charges d'exploitation / Charges de locaux / Charges de nettoyage,
,Matériel de nettoyage,expense,unspecified,debit,0,,Autres charges d'exploitation / Charges de locaux / Charges de nettoyage,,,,Autres charges d'exploitation / Charges de locaux / Charges de nettoyage / Matériel de nettoyage,
,Nettoyage des ateliers,expense,unspecified,debit,0,,Autres charges d'exploitation / Charges de locaux / Charges de nettoyage,,,,Autres charges d'exploitation / Charges de locaux / Charges de nettoyage / Nettoyage des ateliers,
,Nettoyage des bâtiments d'exposition et vente,expense,unspecified,debit,0,,Autres charges d'exploitation / Charges de locaux / Charges de nettoyage,,,,Autres charges d'exploitation / Charges de locaux / Charges de nettoyage / Nettoyage des bâtiments d'exposition et vente,
,Nettoyage des bâtiments de bureau et adm.,expense,unspecified,debit,0,,Autres charges d'exploitation / Charges de locaux / Charges de nettoyage,,,,Autres charges d'exploitation / Charges de locaux / Charges de nettoyage / Nettoyage des bâtiments de bureau et adm.,
,Nettoyage des entrepôts,expense,unspecified,debit,0,,Autres charges d'exploitation / Charges de locaux / Charges de nettoyage,,,,Autres charges d'exploitation / Charges de locaux / Charges de nettoyage / Nettoyage des entrepôts,
,Nettoyage des locaux de personnel,expense,unspecified,debit,0,,Autres charges d'exploitation / Charges de locaux / Charges de nettoyage,,,,Autres charges d'exploitation / Charges de locaux / Charges de nettoyage / Nettoyage des locaux de personnel,
,Nettoyage des usines,expense,unspecified,debit,0,,Autres charges d'exploitation / Charges de locaux / Charges de nettoyage,,,,Autres charges d'exploitation / Charges de locaux / Charges de nettoyage / Nettoyage des usines,
,Nettoyage effectué par des tiers,expense,unspecified,debit,0,,Autres charges d'exploitation / Charges de locaux / Charges de nettoyage,,,,Autres charges d'exploitation / Charges de locaux / Charges de nettoyage / Nettoyage effectué par des tiers,
,Personnel de nettoyage,expense,unspecified,debit,0,,Autres charges d'exploitation / Charges de locaux / Charges de nettoyage,,,,Autres charges d'exploitation / Charges de locaux / Charges de nettoyage / Personnel de nettoyage,
,Charges pour immobilisations en crédit-bail,expense,group,debit,1,,Autres charges d'exploitation / Charges de locaux,,,,Autres charges d'exploitation / Charges de locaux / Charges pour immobilisations en crédit-bail,
,Charges pour atelier en crédit-bail,expense,unspecified,debit,0,,Autres charges d'exploitation / Charges de locaux / Charges pour immobilisations en crédit-bail,,,,Autres charges d'exploitation / Charges de locaux / Charges pour immobilisations en crédit-bail / Charges pour atelier en crédit-bail,
,Charges pour des bâtiments d'exposition et vente,expense,unspecified,debit,0,,Autres charges d'exploitation / Charges de locaux / Charges pour immobilisations en crédit-bail,,,,Autres charges d'exploitation / Charges de locaux / Charges pour immobilisations en crédit-bail / Charges pour des bâtiments d'exposition et vente,
,Charges pour des bâtiments de bureau et adm.,expense,unspecified,debit,0,,Autres charges d'exploitation / Charges de locaux / Charges pour immobilisations en crédit-bail,,,,Autres charges d'exploitation / Charges de locaux / Charges pour immobilisations en crédit-bail / Charges pour des bâtiments de bureau et adm.,
,Charges pour des locaux de personnel,expense,unspecified,debit,0,,Autres charges d'exploitation / Charges de locaux / Charges pour immobilisations en crédit-bail,,,,Autres charges d'exploitation / Charges de locaux / Charges pour immobilisations en crédit-bail / Charges pour des locaux de personnel,
,Charges pour entrepôt en crédit-bail,expense,unspecified,debit,0,,Autres charges d'exploitation / Charges de locaux / Charges pour immobilisations en crédit-bail,,,,Autres charges d'exploitation / Charges de locaux / Charges pour immobilisations en crédit-bail / Charges pour entrepôt en crédit-bail,
,Charges pour garage,expense,unspecified,debit,0,,Autres charges d'exploitation / Charges de locaux / Charges pour immobilisations en crédit-bail,,,,Autres charges d'exploitation / Charges de locaux / Charges pour immobilisations en crédit-bail / Charges pour garage,
,Charges pour usine en crédit-bail,expense,unspecified,debit,0,,Autres charges d'exploitation / Charges de locaux / Charges pour immobilisations en crédit-bail,,,,Autres charges d'exploitation / Charges de locaux / Charges pour immobilisations en crédit-bail / Charges pour usine en crédit-bail,
,Loyers pour locaux de tiers,expense,group,debit,1,,Autres charges d'exploitation / Charges de locaux,,,,Autres charges d'exploitation / Charges de locaux / Loyers pour locaux de tiers,
,Loyer des ateliers,expense,unspecified,debit,0,,Autres charges d'exploitation / Charges de locaux / Loyers pour locaux de tiers,,,,Autres charges d'exploitation / Charges de locaux / Loyers pour locaux de tiers / Loyer des ateliers,
,Loyer des bâtiments d'exposition et de vente,expense,unspecified,debit,0,,Autres charges d'exploitation / Charges de locaux / Loyers pour locaux de tiers,,,,Autres charges d'exploitation / Charges de locaux / Loyers pour locaux de tiers / Loyer des bâtiments d'exposition et de vente,
,Loyer des bâtiments de bureau et d'administration,expense,unspecified,debit,0,,Autres charges d'exploitation / Charges de locaux / Loyers pour locaux de tiers,,,,Autres charges d'exploitation / Charges de locaux / Loyers pour locaux de tiers / Loyer des bâtiments de bureau et d'administration,
,Loyer des entrepôts,expense,unspecified,debit,0,,Autres charges d'exploitation / Charges de locaux / Loyers pour locaux de tiers,,,,Autres charges d'exploitation / Charges de locaux / Loyers pour locaux de tiers / Loyer des entrepôts,
,Loyer des locaux de personnel,expense,unspecified,debit,0,,Autres charges d'exploitation / Charges de locaux / Loyers pour locaux de tiers,,,,Autres charges d'exploitation / Charges de locaux / Loyers pour locaux de tiers / Loyer des locaux de personnel,
,Loyer des usines,expense,unspecified,debit,0,,Autres charges d'exploitation / Charges de locaux / Loyers pour locaux de tiers,,,,Autres charges d'exploitation / Charges de locaux / Loyers pour locaux de tiers / Loyer des usines,
,"Loyer du garage, du parking",expense,unspecified,debit,0,,Autres charges d'exploitation / Charges de locaux / Loyers pour locaux de tiers,,,,"Autres charges d'exploitation / Charges de locaux / Loyers pour locaux de tiers / Loyer du garage, du parking",
,Loyers pour locaux propres,expense,group,debit,1,,Autres charges d'exploitation / Charges de locaux,,,,Autres charges d'exploitation / Charges de locaux / Loyers pour locaux propres,
,Loyer interne des ateliers,expense,unspecified,debit,0,,Autres charges d'exploitation / Charges de locaux / Loyers pour locaux propres,,,,Autres charges d'exploitation / Charges de locaux / Loyers pour locaux propres / Loyer interne des ateliers,
,Loyer interne des bâtiments d'exposition et vente,expense,unspecified,debit,0,,Autres charges d'exploitation / Charges de locaux / Loyers pour locaux propres,,,,Autres charges d'exploitation / Charges de locaux / Loyers pour locaux propres / Loyer interne des bâtiments d'exposition et vente,
,Loyer interne des bâtiments de bureau et adm.,expense,unspecified,debit,0,,Autres charges d'exploitation / Charges de locaux / Loyers pour locaux propres,,,,Autres charges d'exploitation / Charges de locaux / Loyers pour locaux propres / Loyer interne des bâtiments de bureau et adm.,
,Loyer interne des entrepôts,expense,unspecified,debit,0,,Autres charges d'exploitation / Charges de locaux / Loyers pour locaux propres,,,,Autres charges d'exploitation / Charges de locaux / Loyers pour locaux propres / Loyer interne des entrepôts,
,Loyer interne des locaux de personnel,expense,unspecified,debit,0,,Autres charges d'exploitation / Charges de locaux / Loyers pour locaux propres,,,,Autres charges d'exploitation / Charges de locaux / Loyers pour locaux propres / Loyer interne des locaux de personnel,
,Loyer interne des usines,expense,unspecified,debit,0,,Autres charges d'exploitation / Charges de locaux / Loyers pour locaux propres,,,,Autres charges d'exploitation / Charges de locaux / Loyers pour locaux propres / Loyer interne des usines,
,"Loyer interne du garage, du parking",expense,unspecified,debit,0,,Autres charges d'exploitation / Charges de locaux / Loyers pour locaux propres,,,,"Autres charges d'exploitation / Charges de locaux / Loyers pour locaux propres / Loyer interne du garage, du parking",
,Charges de véhicules et de transport,expense,group,debit,1,,Autres charges d'exploitation,,,,Autres charges d'exploitation / Charges de véhicules et de transport,
,Charges de transport,expense,group,debit,1,,Autres charges d'exploitation / Charges de véhicules et de transport,,,,Autres charges d'exploitation / Charges de véhicules et de transport / Charges de transport,
,"Frets, frais de transport, cargo domicile",expense,group,debit,1,,Autres charges d'exploitation / Charges de véhicules et de transport / Charges de transport,,,,"Autres charges d'exploitation / Charges de véhicules et de transport / Charges de transport / Frets, frais de transport, cargo domicile",
,Cargo domicile,expense,unspecified,debit,0,,"Autres charges d'exploitation / Charges de véhicules et de transport / Charges de transport / Frets, frais de transport, cargo domicile",,,,"Autres charges d'exploitation / Charges de véhicules et de transport / Charges de transport / Frets, frais de transport, cargo domicile / Cargo domicile",
,Frais de transport,expense,unspecified,debit,0,,"Autres charges d'exploitation / Charges de véhicules et de transport / Charges de transport / Frets, frais de transport, cargo domicile",,,,"Autres charges d'exploitation / Charges de véhicules et de transport / Charges de transport / Frets, frais de transport, cargo domicile / Frais de transport",
,Frets,expense,unspecified,debit,0,,"Autres charges d'exploitation / Charges de véhicules et de transport / Charges de transport / Frets, frais de transport, cargo domicile",,,,"Autres charges d'exploitation / Charges de véhicules et de transport / Charges de transport / Frets, frais de transport, cargo domicile / Frets",
,"Frets d'arrivage, de transport, cargo domicile",expense,unspecified,debit,0,,"Autres charges d'exploitation / Charges de véhicules et de transport / Charges de transport / Frets, frais de transport, cargo domicile",,,,"Autres charges d'exploitation / Charges de véhicules et de transport / Charges de transport / Frets, frais de transport, cargo domicile / Frets d'arrivage, de transport, cargo domicile",
,"Frets d'expédition, de transport, cargo domicile",expense,unspecified,debit,0,,"Autres charges d'exploitation / Charges de véhicules et de transport / Charges de transport / Frets, frais de transport, cargo domicile",,,,"Autres charges d'exploitation / Charges de véhicules et de transport / Charges de transport / Frets, frais de transport, cargo domicile / Frets d'expédition, de transport, cargo domicile",
,Charges de véhicules,expense,group,debit,1,,Autres charges d'exploitation / Charges de véhicules et de transport,,,,Autres charges d'exploitation / Charges de véhicules et de transport / Charges de véhicules,
,Assurances,expense,group,debit,1,,Autres charges d'exploitation / Charges de véhicules et de transport / Charges de véhicules,,,,Autres charges d'exploitation / Charges de véhicules et de transport / Charges de véhicules / Assurances,
,Assurance casco,expense,unspecified,debit,0,,Autres charges d'exploitation / Charges de véhicules et de transport / Charges de véhicules / Assurances,,,,Autres charges d'exploitation / Charges de véhicules et de transport / Charges de véhicules / Assurances / Assurance casco,
,Assurance protection juridique,expense,unspecified,debit,0,,Autres charges d'exploitation / Charges de véhicules et de transport / Charges de véhicules / Assurances,,,,Autres charges d'exploitation / Charges de véhicules et de transport / Charges de véhicules / Assurances / Assurance protection juridique,
,Assurance responsabilité civile,expense,unspecified,debit,0,,Autres charges d'exploitation / Charges de véhicules et de transport / Charges de véhicules / Assurances,,,,Autres charges d'exploitation / Charges de véhicules et de transport / Charges de véhicules / Assurances / Assurance responsabilité civile,
,Assurances pour camionnettes,expense,unspecified,debit,0,,Autres charges d'exploitation / Charges de véhicules et de transport / Charges de véhicules / Assurances,,,,Autres charges d'exploitation / Charges de véhicules et de transport / Charges de véhicules / Assurances / Assurances pour camionnettes,
,Assurances pour camions,expense,unspecified,debit,0,,Autres charges d'exploitation / Charges de véhicules et de transport / Charges de véhicules / Assurances,,,,Autres charges d'exploitation / Charges de véhicules et de transport / Charges de véhicules / Assurances / Assurances pour camions,
,Assurances pour voitures,expense,unspecified,debit,0,,Autres charges d'exploitation / Charges de véhicules et de transport / Charges de véhicules / Assurances,,,,Autres charges d'exploitation / Charges de véhicules et de transport / Charges de véhicules / Assurances / Assurances pour voitures,
,Assurances pour véhicules spéciaux,expense,unspecified,debit,0,,Autres charges d'exploitation / Charges de véhicules et de transport / Charges de véhicules / Assurances,,,,Autres charges d'exploitation / Charges de véhicules et de transport / Charges de véhicules / Assurances / Assurances pour véhicules spéciaux,
,Carburants,expense,group,debit,1,,Autres charges d'exploitation / Charges de véhicules et de transport / Charges de véhicules,,,,Autres charges d'exploitation / Charges de véhicules et de transport / Charges de véhicules / Carburants,
,Carburants pour camionnettes,expense,unspecified,debit,0,,Autres charges d'exploitation / Charges de véhicules et de transport / Charges de véhicules / Carburants,,,,Autres charges d'exploitation / Charges de véhicules et de transport / Charges de véhicules / Carburants / Carburants pour camionnettes,
,Carburants pour camions,expense,unspecified,debit,0,,Autres charges d'exploitation / Charges de véhicules et de transport / Charges de véhicules / Carburants,,,,Autres charges d'exploitation / Charges de véhicules et de transport / Charges de véhicules / Carburants / Carburants pour camions,
,Carburants pour voitures,expense,unspecified,debit,0,,Autres charges d'exploitation / Charges de véhicules et de transport / Charges de véhicules / Carburants,,,,Autres charges d'exploitation / Charges de véhicules et de transport / Charges de véhicules / Carburants / Carburants pour voitures,
,Carburants pour véhicules spéciaux,expense,unspecified,debit,0,,Autres charges d'exploitation / Charges de véhicules et de transport / Charges de véhicules / Carburants,,,,Autres charges d'exploitation / Charges de véhicules et de transport / Charges de véhicules / Carburants / Carburants pour véhicules spéciaux,
,Diesel,expense,unspecified,debit,0,,Autres charges d'exploitation / Charges de véhicules et de transport / Charges de véhicules / Carburants,,,,Autres charges d'exploitation / Charges de véhicules et de transport / Charges de véhicules / Carburants / Diesel,
,Essence,expense,unspecified,debit,0,,Autres charges d'exploitation / Charges de véhicules et de transport / Charges de véhicules / Carburants,,,,Autres charges d'exploitation / Charges de véhicules et de transport / Charges de véhicules / Carburants / Essence,
,Huile,expense,unspecified,debit,0,,Autres charges d'exploitation / Charges de véhicules et de transport / Charges de véhicules / Carburants,,,,Autres charges d'exploitation / Charges de véhicules et de transport / Charges de véhicules / Carburants / Huile,
,Charges de location pour véhicules en crédit-bail,expense,group,debit,1,,Autres charges d'exploitation / Charges de véhicules et de transport / Charges de véhicules,,,,Autres charges d'exploitation / Charges de véhicules et de transport / Charges de véhicules / Charges de location pour véhicules en crédit-bail,
,Charges de location pour camions en crédit-bail,expense,unspecified,debit,0,,Autres charges d'exploitation / Charges de véhicules et de transport / Charges de véhicules / Charges de location pour véhicules en crédit-bail,,,,Autres charges d'exploitation / Charges de véhicules et de transport / Charges de véhicules / Charges de location pour véhicules en crédit-bail / Charges de location pour camions en crédit-bail,
,Charges de location pour voitures en crédit-bail,expense,unspecified,debit,0,,Autres charges d'exploitation / Charges de véhicules et de transport / Charges de véhicules / Charges de location pour véhicules en crédit-bail,,,,Autres charges d'exploitation / Charges de véhicules et de transport / Charges de véhicules / Charges de location pour véhicules en crédit-bail / Charges de location pour voitures en crédit-bail,
,Charges de location pour véhicules en crédit-bail,expense,unspecified,debit,0,,Autres charges d'exploitation / Charges de véhicules et de transport / Charges de véhicules / Charges de location pour véhicules en crédit-bail,,,,Autres charges d'exploitation / Charges de véhicules et de transport / Charges de véhicules / Charges de location pour véhicules en crédit-bail / Charges de location pour véhicules en crédit-bail,
,Charges location pour camionnettes en crédit-bail,expense,unspecified,debit,0,,Autres charges d'exploitation / Charges de véhicules et de transport / Charges de véhicules / Charges de location pour véhicules en crédit-bail,,,,Autres charges d'exploitation / Charges de véhicules et de transport / Charges de véhicules / Charges de location pour véhicules en crédit-bail / Charges location pour camionnettes en crédit-bail,
,Location de véhicules,expense,unspecified,debit,0,,Autres charges d'exploitation / Charges de véhicules et de transport / Charges de véhicules / Charges de location pour véhicules en crédit-bail,,,,Autres charges d'exploitation / Charges de véhicules et de transport / Charges de véhicules / Charges de location pour véhicules en crédit-bail / Location de véhicules,
,Charges de véhicules comme prélèvements privés,expense,group,debit,1,,Autres charges d'exploitation / Charges de véhicules et de transport / Charges de véhicules,,,,Autres charges d'exploitation / Charges de véhicules et de transport / Charges de véhicules / Charges de véhicules comme prélèvements privés,
,Charges de véhicules comme prélèvements privés,expense,unspecified,debit,0,,Autres charges d'exploitation / Charges de véhicules et de transport / Charges de véhicules / Charges de véhicules comme prélèvements privés,,,,Autres charges d'exploitation / Charges de véhicules et de transport / Charges de véhicules / Charges de véhicules comme prélèvements privés / Charges de véhicules comme prélèvements privés,
,"Droits de circulation, cotisations, taxes",expense,group,debit,1,,Autres charges d'exploitation / Charges de véhicules et de transport / Charges de véhicules,,,,"Autres charges d'exploitation / Charges de véhicules et de transport / Charges de véhicules / Droits de circulation, cotisations, taxes",
,Cotisations,expense,unspecified,debit,0,,"Autres charges d'exploitation / Charges de véhicules et de transport / Charges de véhicules / Droits de circulation, cotisations, taxes",,,,"Autres charges d'exploitation / Charges de véhicules et de transport / Charges de véhicules / Droits de circulation, cotisations, taxes / Cotisations",
,Droits de circulation,expense,unspecified,debit,0,,"Autres charges d'exploitation / Charges de véhicules et de transport / Charges de véhicules / Droits de circulation, cotisations, taxes",,,,"Autres charges d'exploitation / Charges de véhicules et de transport / Charges de véhicules / Droits de circulation, cotisations, taxes / Droits de circulation",
,Droits de circulation pour camionnettes,expense,unspecified,debit,0,,"Autres charges d'exploitation / Charges de véhicules et de transport / Charges de véhicules / Droits de circulation, cotisations, taxes",,,,"Autres charges d'exploitation / Charges de véhicules et de transport / Charges de véhicules / Droits de circulation, cotisations, taxes / Droits de circulation pour camionnettes",
,Droits de circulation pour poids lourds,expense,unspecified,debit,0,,"Autres charges d'exploitation / Charges de véhicules et de transport / Charges de véhicules / Droits de circulation, cotisations, taxes",,,,"Autres charges d'exploitation / Charges de véhicules et de transport / Charges de véhicules / Droits de circulation, cotisations, taxes / Droits de circulation pour poids lourds",
,Droits de circulation pour voitures,expense,unspecified,debit,0,,"Autres charges d'exploitation / Charges de véhicules et de transport / Charges de véhicules / Droits de circulation, cotisations, taxes",,,,"Autres charges d'exploitation / Charges de véhicules et de transport / Charges de véhicules / Droits de circulation, cotisations, taxes / Droits de circulation pour voitures",
,Taxes,expense,unspecified,debit,0,,"Autres charges d'exploitation / Charges de véhicules et de transport / Charges de véhicules / Droits de circulation, cotisations, taxes",,,,"Autres charges d'exploitation / Charges de véhicules et de transport / Charges de véhicules / Droits de circulation, cotisations, taxes / Taxes",
,"Réparation, service et nettoyage des véhicules",expense,group,debit,1,,Autres charges d'exploitation / Charges de véhicules et de transport / Charges de véhicules,,,,"Autres charges d'exploitation / Charges de véhicules et de transport / Charges de véhicules / Réparation, service et nettoyage des véhicules",
,Nettoyage,expense,unspecified,debit,0,,"Autres charges d'exploitation / Charges de véhicules et de transport / Charges de véhicules / Réparation, service et nettoyage des véhicules",,,,"Autres charges d'exploitation / Charges de véhicules et de transport / Charges de véhicules / Réparation, service et nettoyage des véhicules / Nettoyage",
,Réparation,expense,unspecified,debit,0,,"Autres charges d'exploitation / Charges de véhicules et de transport / Charges de véhicules / Réparation, service et nettoyage des véhicules",,,,"Autres charges d'exploitation / Charges de véhicules et de transport / Charges de véhicules / Réparation, service et nettoyage des véhicules / Réparation",
,"Réparation, service et nettoyage des camionnettes",expense,unspecified,debit,0,,"Autres charges d'exploitation / Charges de véhicules et de transport / Charges de véhicules / Réparation, service et nettoyage des véhicules",,,,"Autres charges d'exploitation / Charges de véhicules et de transport / Charges de véhicules / Réparation, service et nettoyage des véhicules / Réparation, service et nettoyage des camionnettes",
,"Réparation, service et nettoyage des camions",expense,unspecified,debit,0,,"Autres charges d'exploitation / Charges de véhicules et de transport / Charges de véhicules / Réparation, service et nettoyage des véhicules",,,,"Autres charges d'exploitation / Charges de véhicules et de transport / Charges de véhicules / Réparation, service et nettoyage des véhicules / Réparation, service et nettoyage des camions",
,"Réparation, service et nettoyage des voitures",expense,unspecified,debit,0,,"Autres charges d'exploitation / Charges de véhicules et de transport / Charges de véhicules / Réparation, service et nettoyage des véhicules",,,,"Autres charges d'exploitation / Charges de véhicules et de transport / Charges de véhicules / Réparation, service et nettoyage des véhicules / Réparation, service et nettoyage des voitures",
,"Réparation, service et nettoyage des véhicules",expense,unspecified,debit,0,,"Autres charges d'exploitation / Charges de véhicules et de transport / Charges de véhicules / Réparation, service et nettoyage des véhicules",,,,"Autres charges d'exploitation / Charges de véhicules et de transport / Charges de véhicules / Réparation, service et nettoyage des véhicules / Réparation, service et nettoyage des véhicules",
,Service,expense,unspecified,debit,0,,"Autres charges d'exploitation / Charges de véhicules et de transport / Charges de véhicules / Réparation, service et nettoyage des véhicules",,,,"Autres charges d'exploitation / Charges de véhicules et de transport / Charges de véhicules / Réparation, service et nettoyage des véhicules / Service",
,"Entretien, réparations, remplacements (ERR)",expense,group,debit,1,,Autres charges d'exploitation,,,,"Autres charges d'exploitation / Entretien, réparations, remplacements (ERR)",
,Charges c/immobi. corporelles meubles crédit-bail,expense,group,debit,1,,"Autres charges d'exploitation / Entretien, réparations, remplacements (ERR)",,,,"Autres charges d'exploitation / Entretien, réparations, remplacements (ERR) / Charges c/immobi. corporelles meubles crédit-bail",
,Charges c/immobi. corporelles meubles crédit-bail,expense,group,debit,1,,"Autres charges d'exploitation / Entretien, réparations, remplacements (ERR) / Charges c/immobi. corporelles meubles crédit-bail",,,,"Autres charges d'exploitation / Entretien, réparations, remplacements (ERR) / Charges c/immobi. corporelles meubles crédit-bail / Charges c/immobi. corporelles meubles crédit-bail",
,Charges c/installations de stockage en crédit-bail,expense,unspecified,debit,0,,"Autres charges d'exploitation / Entretien, réparations, remplacements (ERR) / Charges c/immobi. corporelles meubles crédit-bail / Charges c/immobi. corporelles meubles crédit-bail",,,,"Autres charges d'exploitation / Entretien, réparations, remplacements (ERR) / Charges c/immobi. corporelles meubles crédit-bail / Charges c/immobi. corporelles meubles crédit-bail / Charges c/installations de stockage en crédit-bail",
,Charges c/installations production en crédit-bail,expense,unspecified,debit,0,,"Autres charges d'exploitation / Entretien, réparations, remplacements (ERR) / Charges c/immobi. corporelles meubles crédit-bail / Charges c/immobi. corporelles meubles crédit-bail",,,,"Autres charges d'exploitation / Entretien, réparations, remplacements (ERR) / Charges c/immobi. corporelles meubles crédit-bail / Charges c/immobi. corporelles meubles crédit-bail / Charges c/installations production en crédit-bail",
,Charges c/équipements de bureau en crédit-bail,expense,unspecified,debit,0,,"Autres charges d'exploitation / Entretien, réparations, remplacements (ERR) / Charges c/immobi. corporelles meubles crédit-bail / Charges c/immobi. corporelles meubles crédit-bail",,,,"Autres charges d'exploitation / Entretien, réparations, remplacements (ERR) / Charges c/immobi. corporelles meubles crédit-bail / Charges c/immobi. corporelles meubles crédit-bail / Charges c/équipements de bureau en crédit-bail",
,Charges c/équipements de vente en crédit-bail,expense,unspecified,debit,0,,"Autres charges d'exploitation / Entretien, réparations, remplacements (ERR) / Charges c/immobi. corporelles meubles crédit-bail / Charges c/immobi. corporelles meubles crédit-bail",,,,"Autres charges d'exploitation / Entretien, réparations, remplacements (ERR) / Charges c/immobi. corporelles meubles crédit-bail / Charges c/immobi. corporelles meubles crédit-bail / Charges c/équipements de vente en crédit-bail",
,Charges c/équipements destinés au personnel,expense,unspecified,debit,0,,"Autres charges d'exploitation / Entretien, réparations, remplacements (ERR) / Charges c/immobi. corporelles meubles crédit-bail / Charges c/immobi. corporelles meubles crédit-bail",,,,"Autres charges d'exploitation / Entretien, réparations, remplacements (ERR) / Charges c/immobi. corporelles meubles crédit-bail / Charges c/immobi. corporelles meubles crédit-bail / Charges c/équipements destinés au personnel",
,"Entretien, réparations, remplacements (ERR)",expense,group,debit,1,,"Autres charges d'exploitation / Entretien, réparations, remplacements (ERR)",,,,"Autres charges d'exploitation / Entretien, réparations, remplacements (ERR) / Entretien, réparations, remplacements (ERR)",
,ERR d'installations d'entreposage,expense,group,debit,1,,"Autres charges d'exploitation / Entretien, réparations, remplacements (ERR) / Entretien, réparations, remplacements (ERR)",,,,"Autres charges d'exploitation / Entretien, réparations, remplacements (ERR) / Entretien, réparations, remplacements (ERR) / ERR d'installations d'entreposage",
,ERR du dépôt central,expense,unspecified,debit,0,,"Autres charges d'exploitation / Entretien, réparations, remplacements (ERR) / Entretien, réparations, remplacements (ERR) / ERR d'installations d'entreposage",,,,"Autres charges d'exploitation / Entretien, réparations, remplacements (ERR) / Entretien, réparations, remplacements (ERR) / ERR d'installations d'entreposage / ERR du dépôt central",
,ERR du dépôt à A,expense,unspecified,debit,0,,"Autres charges d'exploitation / Entretien, réparations, remplacements (ERR) / Entretien, réparations, remplacements (ERR) / ERR d'installations d'entreposage",,,,"Autres charges d'exploitation / Entretien, réparations, remplacements (ERR) / Entretien, réparations, remplacements (ERR) / ERR d'installations d'entreposage / ERR du dépôt à A",
,ERR d'installations de bureau,expense,group,debit,1,,"Autres charges d'exploitation / Entretien, réparations, remplacements (ERR) / Entretien, réparations, remplacements (ERR)",,,,"Autres charges d'exploitation / Entretien, réparations, remplacements (ERR) / Entretien, réparations, remplacements (ERR) / ERR d'installations de bureau",
,ERR des machines de bureau,expense,unspecified,debit,0,,"Autres charges d'exploitation / Entretien, réparations, remplacements (ERR) / Entretien, réparations, remplacements (ERR) / ERR d'installations de bureau",,,,"Autres charges d'exploitation / Entretien, réparations, remplacements (ERR) / Entretien, réparations, remplacements (ERR) / ERR d'installations de bureau / ERR des machines de bureau",
,ERR du mobilier de bureau,expense,unspecified,debit,0,,"Autres charges d'exploitation / Entretien, réparations, remplacements (ERR) / Entretien, réparations, remplacements (ERR) / ERR d'installations de bureau",,,,"Autres charges d'exploitation / Entretien, réparations, remplacements (ERR) / Entretien, réparations, remplacements (ERR) / ERR d'installations de bureau / ERR du mobilier de bureau",
,ERR d'installations de production,expense,group,debit,1,,"Autres charges d'exploitation / Entretien, réparations, remplacements (ERR) / Entretien, réparations, remplacements (ERR)",,,,"Autres charges d'exploitation / Entretien, réparations, remplacements (ERR) / Entretien, réparations, remplacements (ERR) / ERR d'installations de production",
,ERR d'outils et matériel,expense,unspecified,debit,0,,"Autres charges d'exploitation / Entretien, réparations, remplacements (ERR) / Entretien, réparations, remplacements (ERR) / ERR d'installations de production",,,,"Autres charges d'exploitation / Entretien, réparations, remplacements (ERR) / Entretien, réparations, remplacements (ERR) / ERR d'installations de production / ERR d'outils et matériel",
,ERR de machines et appareils de production,expense,unspecified,debit,0,,"Autres charges d'exploitation / Entretien, réparations, remplacements (ERR) / Entretien, réparations, remplacements (ERR) / ERR d'installations de production",,,,"Autres charges d'exploitation / Entretien, réparations, remplacements (ERR) / Entretien, réparations, remplacements (ERR) / ERR d'installations de production / ERR de machines et appareils de production",
,ERR de mobilier et installations,expense,unspecified,debit,0,,"Autres charges d'exploitation / Entretien, réparations, remplacements (ERR) / Entretien, réparations, remplacements (ERR) / ERR d'installations de production",,,,"Autres charges d'exploitation / Entretien, réparations, remplacements (ERR) / Entretien, réparations, remplacements (ERR) / ERR d'installations de production / ERR de mobilier et installations",
,ERR d'installations pour le commerce des march.,expense,group,debit,1,,"Autres charges d'exploitation / Entretien, réparations, remplacements (ERR) / Entretien, réparations, remplacements (ERR)",,,,"Autres charges d'exploitation / Entretien, réparations, remplacements (ERR) / Entretien, réparations, remplacements (ERR) / ERR d'installations pour le commerce des march.",
,ERR d'installations de locaux d'exposition,expense,unspecified,debit,0,,"Autres charges d'exploitation / Entretien, réparations, remplacements (ERR) / Entretien, réparations, remplacements (ERR) / ERR d'installations pour le commerce des march.",,,,"Autres charges d'exploitation / Entretien, réparations, remplacements (ERR) / Entretien, réparations, remplacements (ERR) / ERR d'installations pour le commerce des march. / ERR d'installations de locaux d'exposition",
,ERR d'installations des magasins,expense,unspecified,debit,0,,"Autres charges d'exploitation / Entretien, réparations, remplacements (ERR) / Entretien, réparations, remplacements (ERR) / ERR d'installations pour le commerce des march.",,,,"Autres charges d'exploitation / Entretien, réparations, remplacements (ERR) / Entretien, réparations, remplacements (ERR) / ERR d'installations pour le commerce des march. / ERR d'installations des magasins",
,ERR d'installations pour le personnel,expense,group,debit,1,,"Autres charges d'exploitation / Entretien, réparations, remplacements (ERR) / Entretien, réparations, remplacements (ERR)",,,,"Autres charges d'exploitation / Entretien, réparations, remplacements (ERR) / Entretien, réparations, remplacements (ERR) / ERR d'installations pour le personnel",
,ERR du mobilier des chambres du personnel,expense,unspecified,debit,0,,"Autres charges d'exploitation / Entretien, réparations, remplacements (ERR) / Entretien, réparations, remplacements (ERR) / ERR d'installations pour le personnel",,,,"Autres charges d'exploitation / Entretien, réparations, remplacements (ERR) / Entretien, réparations, remplacements (ERR) / ERR d'installations pour le personnel / ERR du mobilier des chambres du personnel",
,ERR du mobilier du restaurant du personnel,expense,unspecified,debit,0,,"Autres charges d'exploitation / Entretien, réparations, remplacements (ERR) / Entretien, réparations, remplacements (ERR) / ERR d'installations pour le personnel",,,,"Autres charges d'exploitation / Entretien, réparations, remplacements (ERR) / Entretien, réparations, remplacements (ERR) / ERR d'installations pour le personnel / ERR du mobilier du restaurant du personnel",
,Publicité,expense,group,debit,1,,Autres charges d'exploitation,,,,Autres charges d'exploitation / Publicité,
,"Conseils en publicité, études de marché",expense,group,debit,1,,Autres charges d'exploitation / Publicité,,,,"Autres charges d'exploitation / Publicité / Conseils en publicité, études de marché",
,Conseils en publicité,expense,unspecified,debit,0,,"Autres charges d'exploitation / Publicité / Conseils en publicité, études de marché",,,,"Autres charges d'exploitation / Publicité / Conseils en publicité, études de marché / Conseils en publicité",
,Etudes de marché,expense,unspecified,debit,0,,"Autres charges d'exploitation / Publicité / Conseils en publicité, études de marché",,,,"Autres charges d'exploitation / Publicité / Conseils en publicité, études de marché / Etudes de marché",
,"Frais de voyage, conseils à la clientèle",expense,group,debit,1,,Autres charges d'exploitation / Publicité,,,,"Autres charges d'exploitation / Publicité / Frais de voyage, conseils à la clientèle",
,Cadeaux à la clientèle,expense,unspecified,debit,0,,"Autres charges d'exploitation / Publicité / Frais de voyage, conseils à la clientèle",,,,"Autres charges d'exploitation / Publicité / Frais de voyage, conseils à la clientèle / Cadeaux à la clientèle",
,Conseils à la clientèle,expense,unspecified,debit,0,,"Autres charges d'exploitation / Publicité / Frais de voyage, conseils à la clientèle",,,,"Autres charges d'exploitation / Publicité / Frais de voyage, conseils à la clientèle / Conseils à la clientèle",
,Frais de voyage,expense,unspecified,debit,0,,"Autres charges d'exploitation / Publicité / Frais de voyage, conseils à la clientèle",,,,"Autres charges d'exploitation / Publicité / Frais de voyage, conseils à la clientèle / Frais de voyage",
,"Imprimés, matériel, articles de publicité",expense,group,debit,1,,Autres charges d'exploitation / Publicité,,,,"Autres charges d'exploitation / Publicité / Imprimés, matériel, articles de publicité",
,"Articles de publicité, échantillons",expense,unspecified,debit,0,,"Autres charges d'exploitation / Publicité / Imprimés, matériel, articles de publicité",,,,"Autres charges d'exploitation / Publicité / Imprimés, matériel, articles de publicité / Articles de publicité, échantillons",
,"Imprimés publicitaires, matériel de publicité",expense,unspecified,debit,0,,"Autres charges d'exploitation / Publicité / Imprimés, matériel, articles de publicité",,,,"Autres charges d'exploitation / Publicité / Imprimés, matériel, articles de publicité / Imprimés publicitaires, matériel de publicité",
,"Publicité, médias électroniques",expense,group,debit,1,,Autres charges d'exploitation / Publicité,,,,"Autres charges d'exploitation / Publicité / Publicité, médias électroniques",
,Publicité dans les journaux,expense,unspecified,debit,0,,"Autres charges d'exploitation / Publicité / Publicité, médias électroniques",,,,"Autres charges d'exploitation / Publicité / Publicité, médias électroniques / Publicité dans les journaux",
,Publicité dans les journaux pour le produit X,expense,unspecified,debit,0,,"Autres charges d'exploitation / Publicité / Publicité, médias électroniques",,,,"Autres charges d'exploitation / Publicité / Publicité, médias électroniques / Publicité dans les journaux pour le produit X",
,Publicité dans les journaux pour le produit Y,expense,unspecified,debit,0,,"Autres charges d'exploitation / Publicité / Publicité, médias électroniques",,,,"Autres charges d'exploitation / Publicité / Publicité, médias électroniques / Publicité dans les journaux pour le produit Y",
,Publicité sur CD-ROM,expense,unspecified,debit,0,,"Autres charges d'exploitation / Publicité / Publicité, médias électroniques",,,,"Autres charges d'exploitation / Publicité / Publicité, médias électroniques / Publicité sur CD-ROM",
,Publicité sur Internet,expense,unspecified,debit,0,,"Autres charges d'exploitation / Publicité / Publicité, médias électroniques",,,,"Autres charges d'exploitation / Publicité / Publicité, médias électroniques / Publicité sur Internet",
,Publicité sur le Vidéotexte,expense,unspecified,debit,0,,"Autres charges d'exploitation / Publicité / Publicité, médias électroniques",,,,"Autres charges d'exploitation / Publicité / Publicité, médias électroniques / Publicité sur le Vidéotexte",
,Publicité à la radio,expense,unspecified,debit,0,,"Autres charges d'exploitation / Publicité / Publicité, médias électroniques",,,,"Autres charges d'exploitation / Publicité / Publicité, médias électroniques / Publicité à la radio",
,Publicité à la télévision,expense,unspecified,debit,0,,"Autres charges d'exploitation / Publicité / Publicité, médias électroniques",,,,"Autres charges d'exploitation / Publicité / Publicité, médias électroniques / Publicité à la télévision",
,Publicité à la télévision pour le produit X,expense,unspecified,debit,0,,"Autres charges d'exploitation / Publicité / Publicité, médias électroniques",,,,"Autres charges d'exploitation / Publicité / Publicité, médias électroniques / Publicité à la télévision pour le produit X",
,Publicité à la télévision pour le produit Y,expense,unspecified,debit,0,,"Autres charges d'exploitation / Publicité / Publicité, médias électroniques",,,,"Autres charges d'exploitation / Publicité / Publicité, médias électroniques / Publicité à la télévision pour le produit Y",
,"Publicité, sponsoring",expense,group,debit,1,,Autres charges d'exploitation / Publicité,,,,"Autres charges d'exploitation / Publicité / Publicité, sponsoring",
,Publicité,expense,unspecified,debit,0,,"Autres charges d'exploitation / Publicité / Publicité, sponsoring",,,,"Autres charges d'exploitation / Publicité / Publicité, sponsoring / Publicité",
,Sponsoring,expense,unspecified,debit,0,,"Autres charges d'exploitation / Publicité / Publicité, sponsoring",,,,"Autres charges d'exploitation / Publicité / Publicité, sponsoring / Sponsoring",
,Relations publiques,expense,group,debit,1,,Autres charges d'exploitation / Publicité,,,,Autres charges d'exploitation / Publicité / Relations publiques,
,Anniversaires de l'entreprise,expense,unspecified,debit,0,,Autres charges d'exploitation / Publicité / Relations publiques,,,,Autres charges d'exploitation / Publicité / Relations publiques / Anniversaires de l'entreprise,
,Contacts avec les médias,expense,unspecified,debit,0,,Autres charges d'exploitation / Publicité / Relations publiques,,,,Autres charges d'exploitation / Publicité / Relations publiques / Contacts avec les médias,
,Manifestations en faveur de la clientèle,expense,unspecified,debit,0,,Autres charges d'exploitation / Publicité / Relations publiques,,,,Autres charges d'exploitation / Publicité / Relations publiques / Manifestations en faveur de la clientèle,
,"Vitrines, décoration, foires, expositions",expense,group,debit,1,,Autres charges d'exploitation / Publicité,,,,"Autres charges d'exploitation / Publicité / Vitrines, décoration, foires, expositions",
,"Foires, expositions",expense,unspecified,debit,0,,"Autres charges d'exploitation / Publicité / Vitrines, décoration, foires, expositions",,,,"Autres charges d'exploitation / Publicité / Vitrines, décoration, foires, expositions / Foires, expositions",
,"Vitrines, décoration",expense,unspecified,debit,0,,"Autres charges d'exploitation / Publicité / Vitrines, décoration, foires, expositions",,,,"Autres charges d'exploitation / Publicité / Vitrines, décoration, foires, expositions / Vitrines, décoration",
,Résultat financier,expense,group,debit,1,,Autres charges d'exploitation,,,,Autres charges d'exploitation / Résultat financier,
,Charges financières,expense,group,debit,1,,Autres charges d'exploitation / Résultat financier,,,,Autres charges d'exploitation / Résultat financier / Charges financières,
,Autres charges financières,expense,group,debit,1,,Autres charges d'exploitation / Résultat financier / Charges financières,,,,Autres charges d'exploitation / Résultat financier / Charges financières / Autres charges financières,
,Escomptes accordés aux clients,expense,unspecified,debit,0,,Autres charges d'exploitation / Résultat financier / Charges financières / Autres charges financières,,,,Autres charges d'exploitation / Résultat financier / Charges financières / Autres charges financières / Escomptes accordés aux clients,
,Frais de banque et des chèques postaux,expense,unspecified,debit,0,,Autres charges d'exploitation / Résultat financier / Charges financières / Autres charges financières,,,,Autres charges d'exploitation / Résultat financier / Charges financières / Autres charges financières / Frais de banque et des chèques postaux,
,Frais de dépôt,expense,unspecified,debit,0,,Autres charges d'exploitation / Résultat financier / Charges financières / Autres charges financières,,,,Autres charges d'exploitation / Résultat financier / Charges financières / Autres charges financières / Frais de dépôt,
,Pertes de change s/dettes financières,expense,unspecified,debit,0,,Autres charges d'exploitation / Résultat financier / Charges financières / Autres charges financières,,,,Autres charges d'exploitation / Résultat financier / Charges financières / Autres charges financières / Pertes de change s/dettes financières,
,Pertes de change s/immobilisations financières,expense,unspecified,debit,0,,Autres charges d'exploitation / Résultat financier / Charges financières / Autres charges financières,,,,Autres charges d'exploitation / Résultat financier / Charges financières / Autres charges financières / Pertes de change s/immobilisations financières,
,Pertes de change s/liquidités et titres,expense,unspecified,debit,0,,Autres charges d'exploitation / Résultat financier / Charges financières / Autres charges financières,,,,Autres charges d'exploitation / Résultat financier / Charges financières / Autres charges financières / Pertes de change s/liquidités et titres,
,Charges financières pour financement LPP,expense,group,debit,1,,Autres charges d'exploitation / Résultat financier / Charges financières,,,,Autres charges d'exploitation / Résultat financier / Charges financières / Charges financières pour financement LPP,
,Charges financières pour financement LPP,expense,unspecified,debit,0,,Autres charges d'exploitation / Résultat financier / Charges financières / Charges financières pour financement LPP,,,,Autres charges d'exploitation / Résultat financier / Charges financières / Charges financières pour financement LPP / Charges financières pour financement LPP,
,Charges financières pour financement actionnaires,expense,group,debit,1,,Autres charges d'exploitation / Résultat financier / Charges financières,,,,Autres charges d'exploitation / Résultat financier / Charges financières / Charges financières pour financement actionnaires,
,Charges financières pour emprunts auprès filiale B,expense,unspecified,debit,0,,Autres charges d'exploitation / Résultat financier / Charges financières / Charges financières pour financement actionnaires,,,,Autres charges d'exploitation / Résultat financier / Charges financières / Charges financières pour financement actionnaires / Charges financières pour emprunts auprès filiale B,
,Charges financières s/compte courant actionnaire A,expense,unspecified,debit,0,,Autres charges d'exploitation / Résultat financier / Charges financières / Charges financières pour financement actionnaires,,,,Autres charges d'exploitation / Résultat financier / Charges financières / Charges financières pour financement actionnaires / Charges financières s/compte courant actionnaire A,
,Charges financières pour financement par des stés,expense,group,debit,1,,Autres charges d'exploitation / Résultat financier / Charges financières,,,,Autres charges d'exploitation / Résultat financier / Charges financières / Charges financières pour financement par des stés,
,Charges financières pour emprunts auprès filiale B,expense,unspecified,debit,0,,Autres charges d'exploitation / Résultat financier / Charges financières / Charges financières pour financement par des stés,,,,Autres charges d'exploitation / Résultat financier / Charges financières / Charges financières pour financement par des stés / Charges financières pour emprunts auprès filiale B,
,Charges financières s/le compte courant filiale A,expense,unspecified,debit,0,,Autres charges d'exploitation / Résultat financier / Charges financières / Charges financières pour financement par des stés,,,,Autres charges d'exploitation / Résultat financier / Charges financières / Charges financières pour financement par des stés / Charges financières s/le compte courant filiale A,
,Charges financières pour financement par des tiers,expense,group,debit,1,,Autres charges d'exploitation / Résultat financier / Charges financières,,,,Autres charges d'exploitation / Résultat financier / Charges financières / Charges financières pour financement par des tiers,
,Charges financières pour acomptes de clients,expense,unspecified,debit,0,,Autres charges d'exploitation / Résultat financier / Charges financières / Charges financières pour financement par des tiers,,,,Autres charges d'exploitation / Résultat financier / Charges financières / Charges financières pour financement par des tiers / Charges financières pour acomptes de clients,
,Charges financières pour crédit bancaire,expense,unspecified,debit,0,,Autres charges d'exploitation / Résultat financier / Charges financières / Charges financières pour financement par des tiers,,,,Autres charges d'exploitation / Résultat financier / Charges financières / Charges financières pour financement par des tiers / Charges financières pour crédit bancaire,
,Charges financières pour emprunts,expense,unspecified,debit,0,,Autres charges d'exploitation / Résultat financier / Charges financières / Charges financières pour financement par des tiers,,,,Autres charges d'exploitation / Résultat financier / Charges financières / Charges financières pour financement par des tiers / Charges financières pour emprunts,
,Charges financières pour emprunts hypothécaires,expense,unspecified,debit,0,,Autres charges d'exploitation / Résultat financier / Charges financières / Charges financières pour financement par des tiers,,,,Autres charges d'exploitation / Résultat financier / Charges financières / Charges financières pour financement par des tiers / Charges financières pour emprunts hypothécaires,
,Intérêts moratoires,expense,unspecified,debit,0,,Autres charges d'exploitation / Résultat financier / Charges financières / Charges financières pour financement par des tiers,,,,Autres charges d'exploitation / Résultat financier / Charges financières / Charges financières pour financement par des tiers / Intérêts moratoires,
,Produits financiers,expense,group,debit,1,,Autres charges d'exploitation / Résultat financier,,,,Autres charges d'exploitation / Résultat financier / Produits financiers,
,Autres produits financiers,expense,group,debit,1,,Autres charges d'exploitation / Résultat financier / Produits financiers,,,,Autres charges d'exploitation / Résultat financier / Produits financiers / Autres produits financiers,
,Escomptes obtenus des fournisseurs,expense,unspecified,debit,0,,Autres charges d'exploitation / Résultat financier / Produits financiers / Autres produits financiers,,,,Autres charges d'exploitation / Résultat financier / Produits financiers / Autres produits financiers / Escomptes obtenus des fournisseurs,
,Gains de change s/immobilisations financières,expense,unspecified,debit,0,,Autres charges d'exploitation / Résultat financier / Produits financiers / Autres produits financiers,,,,Autres charges d'exploitation / Résultat financier / Produits financiers / Autres produits financiers / Gains de change s/immobilisations financières,
,Gains de change sur dettes financières,expense,unspecified,debit,0,,Autres charges d'exploitation / Résultat financier / Produits financiers / Autres produits financiers,,,,Autres charges d'exploitation / Résultat financier / Produits financiers / Autres produits financiers / Gains de change sur dettes financières,
,Gains de change sur liquidités et titres,expense,unspecified,debit,0,,Autres charges d'exploitation / Résultat financier / Produits financiers / Autres produits financiers,,,,Autres charges d'exploitation / Résultat financier / Produits financiers / Autres produits financiers / Gains de change sur liquidités et titres,
,"Produits financiers c/intérêts moratoires, escptes",expense,unspecified,debit,0,,Autres charges d'exploitation / Résultat financier / Produits financiers / Autres produits financiers,,,,"Autres charges d'exploitation / Résultat financier / Produits financiers / Autres produits financiers / Produits financiers c/intérêts moratoires, escptes",
,Produits financiers s/acomptes versés,expense,unspecified,debit,0,,Autres charges d'exploitation / Résultat financier / Produits financiers / Autres produits financiers,,,,Autres charges d'exploitation / Résultat financier / Produits financiers / Autres produits financiers / Produits financiers s/acomptes versés,
,Produits financiers c/immobilisations financières,expense,group,debit,1,,Autres charges d'exploitation / Résultat financier / Produits financiers,,,,Autres charges d'exploitation / Résultat financier / Produits financiers / Produits financiers c/immobilisations financières,
,Produits financiers s/actions propres,expense,unspecified,debit,0,,Autres charges d'exploitation / Résultat financier / Produits financiers / Produits financiers c/immobilisations financières,,,,Autres charges d'exploitation / Résultat financier / Produits financiers / Produits financiers c/immobilisations financières / Produits financiers s/actions propres,
,Produits financiers s/autres immobilisations à l.t,expense,unspecified,debit,0,,Autres charges d'exploitation / Résultat financier / Produits financiers / Produits financiers c/immobilisations financières,,,,Autres charges d'exploitation / Résultat financier / Produits financiers / Produits financiers c/immobilisations financières / Produits financiers s/autres immobilisations à l.t,
,Produits financiers s/créances à l.t. envers tiers,expense,unspecified,debit,0,,Autres charges d'exploitation / Résultat financier / Produits financiers / Produits financiers c/immobilisations financières,,,,Autres charges d'exploitation / Résultat financier / Produits financiers / Produits financiers c/immobilisations financières / Produits financiers s/créances à l.t. envers tiers,
,Produits financiers s/participations,expense,unspecified,debit,0,,Autres charges d'exploitation / Résultat financier / Produits financiers / Produits financiers c/immobilisations financières,,,,Autres charges d'exploitation / Résultat financier / Produits financiers / Produits financiers c/immobilisations financières / Produits financiers s/participations,
,Produits financiers s/titres à long terme,expense,unspecified,debit,0,,Autres charges d'exploitation / Résultat financier / Produits financiers / Produits financiers c/immobilisations financières,,,,Autres charges d'exploitation / Résultat financier / Produits financiers / Produits financiers c/immobilisations financières / Produits financiers s/titres à long terme,
,Produits financiers de placement auprès des stés,expense,group,debit,1,,Autres charges d'exploitation / Résultat financier / Produits financiers,,,,Autres charges d'exploitation / Résultat financier / Produits financiers / Produits financiers de placement auprès des stés,
,Produits financiers s/cpte courant de la filiale A,expense,unspecified,debit,0,,Autres charges d'exploitation / Résultat financier / Produits financiers / Produits financiers de placement auprès des stés,,,,Autres charges d'exploitation / Résultat financier / Produits financiers / Produits financiers de placement auprès des stés / Produits financiers s/cpte courant de la filiale A,
,Produits financiers s/créances envers la filiale B,expense,unspecified,debit,0,,Autres charges d'exploitation / Résultat financier / Produits financiers / Produits financiers de placement auprès des stés,,,,Autres charges d'exploitation / Résultat financier / Produits financiers / Produits financiers de placement auprès des stés / Produits financiers s/créances envers la filiale B,
,Produits financiers des liquidités et des titres,expense,group,debit,1,,Autres charges d'exploitation / Résultat financier / Produits financiers,,,,Autres charges d'exploitation / Résultat financier / Produits financiers / Produits financiers des liquidités et des titres,
,Produits financiers s/actions propres,expense,unspecified,debit,0,,Autres charges d'exploitation / Résultat financier / Produits financiers / Produits financiers des liquidités et des titres,,,,Autres charges d'exploitation / Résultat financier / Produits financiers / Produits financiers des liquidités et des titres / Produits financiers s/actions propres,
,Produits financiers s/autres placements à c.t.,expense,unspecified,debit,0,,Autres charges d'exploitation / Résultat financier / Produits financiers / Produits financiers des liquidités et des titres,,,,Autres charges d'exploitation / Résultat financier / Produits financiers / Produits financiers des liquidités et des titres / Produits financiers s/autres placements à c.t.,
,"Produits financiers s/avoirs postaux, bancaires",expense,unspecified,debit,0,,Autres charges d'exploitation / Résultat financier / Produits financiers / Produits financiers des liquidités et des titres,,,,"Autres charges d'exploitation / Résultat financier / Produits financiers / Produits financiers des liquidités et des titres / Produits financiers s/avoirs postaux, bancaires",
,Produits financiers s/avoirs à court terme,expense,unspecified,debit,0,,Autres charges d'exploitation / Résultat financier / Produits financiers / Produits financiers des liquidités et des titres,,,,Autres charges d'exploitation / Résultat financier / Produits financiers / Produits financiers des liquidités et des titres / Produits financiers s/avoirs à court terme,
,Produits financiers s/titres réalisables à c. t.,expense,unspecified,debit,0,,Autres charges d'exploitation / Résultat financier / Produits financiers / Produits financiers des liquidités et des titres,,,,Autres charges d'exploitation / Résultat financier / Produits financiers / Produits financiers des liquidités et des titres / Produits financiers s/titres réalisables à c. t.,
,Produits financiers placement auprès actionnaires,expense,group,debit,1,,Autres charges d'exploitation / Résultat financier / Produits financiers,,,,Autres charges d'exploitation / Résultat financier / Produits financiers / Produits financiers placement auprès actionnaires,
,Produits financiers s/compte courant actionnaire X,expense,unspecified,debit,0,,Autres charges d'exploitation / Résultat financier / Produits financiers / Produits financiers placement auprès actionnaires,,,,Autres charges d'exploitation / Résultat financier / Produits financiers / Produits financiers placement auprès actionnaires / Produits financiers s/compte courant actionnaire X,
,Produits financiers s/créances envers filiale B,expense,unspecified,debit,0,,Autres charges d'exploitation / Résultat financier / Produits financiers / Produits financiers placement auprès actionnaires,,,,Autres charges d'exploitation / Résultat financier / Produits financiers / Produits financiers placement auprès actionnaires / Produits financiers s/créances envers filiale B,
,"Charges de matières, marchandises et services",expense,group,debit,1,,,,,,"Charges de matières, marchandises et services",
,Autres charges,expense,group,debit,1,,"Charges de matières, marchandises et services",,,,"Charges de matières, marchandises et services / Autres charges",
,Autres charges de marchandises,expense,group,debit,1,,"Charges de matières, marchandises et services / Autres charges",,,,"Charges de matières, marchandises et services / Autres charges / Autres charges de marchandises",
,Autres charges de marchandises,expense,unspecified,debit,0,,"Charges de matières, marchandises et services / Autres charges / Autres charges de marchandises",,,,"Charges de matières, marchandises et services / Autres charges / Autres charges de marchandises / Autres charges de marchandises",
,Autres charges de matières pour la production,expense,group,debit,1,,"Charges de matières, marchandises et services / Autres charges",,,,"Charges de matières, marchandises et services / Autres charges / Autres charges de matières pour la production",
,Autres charges de matières,expense,unspecified,debit,0,,"Charges de matières, marchandises et services / Autres charges / Autres charges de matières pour la production",,,,"Charges de matières, marchandises et services / Autres charges / Autres charges de matières pour la production / Autres charges de matières",
,Autres charges pour prestations de tiers,expense,group,debit,1,,"Charges de matières, marchandises et services / Autres charges",,,,"Charges de matières, marchandises et services / Autres charges / Autres charges pour prestations de tiers",
,Autres charges pour prestations de tiers,expense,unspecified,debit,0,,"Charges de matières, marchandises et services / Autres charges / Autres charges pour prestations de tiers",,,,"Charges de matières, marchandises et services / Autres charges / Autres charges pour prestations de tiers / Autres charges pour prestations de tiers",
,Charges d'emballage,expense,group,debit,1,,"Charges de matières, marchandises et services / Autres charges",,,,"Charges de matières, marchandises et services / Autres charges / Charges d'emballage",
,Charges d'emballage,expense,unspecified,debit,0,,"Charges de matières, marchandises et services / Autres charges / Charges d'emballage",,,,"Charges de matières, marchandises et services / Autres charges / Charges d'emballage / Charges d'emballage",
,Charges d'énergie,expense,group,debit,1,,"Charges de matières, marchandises et services",,,,"Charges de matières, marchandises et services / Charges d'énergie",
,Carburants,expense,group,debit,1,,"Charges de matières, marchandises et services / Charges d'énergie",,,,"Charges de matières, marchandises et services / Charges d'énergie / Carburants",
,Diesel,expense,unspecified,debit,0,,"Charges de matières, marchandises et services / Charges d'énergie / Carburants",,,,"Charges de matières, marchandises et services / Charges d'énergie / Carburants / Diesel",
,Essence,expense,unspecified,debit,0,,"Charges de matières, marchandises et services / Charges d'énergie / Carburants",,,,"Charges de matières, marchandises et services / Charges d'énergie / Carburants / Essence",
,Huile,expense,unspecified,debit,0,,"Charges de matières, marchandises et services / Charges d'énergie / Carburants",,,,"Charges de matières, marchandises et services / Charges d'énergie / Carburants / Huile",
,Combustibles,expense,group,debit,1,,"Charges de matières, marchandises et services / Charges d'énergie",,,,"Charges de matières, marchandises et services / Charges d'énergie / Combustibles",
,"Charbon, briquettes, bois",expense,unspecified,debit,0,,"Charges de matières, marchandises et services / Charges d'énergie / Combustibles",,,,"Charges de matières, marchandises et services / Charges d'énergie / Combustibles / Charbon, briquettes, bois",
,Mazout,expense,unspecified,debit,0,,"Charges de matières, marchandises et services / Charges d'énergie / Combustibles",,,,"Charges de matières, marchandises et services / Charges d'énergie / Combustibles / Mazout",
,Eau,expense,group,debit,1,,"Charges de matières, marchandises et services / Charges d'énergie",,,,"Charges de matières, marchandises et services / Charges d'énergie / Eau",
,Eau,expense,unspecified,debit,0,,"Charges de matières, marchandises et services / Charges d'énergie / Eau",,,,"Charges de matières, marchandises et services / Charges d'énergie / Eau / Eau",
,Electricité,expense,group,debit,1,,"Charges de matières, marchandises et services / Charges d'énergie",,,,"Charges de matières, marchandises et services / Charges d'énergie / Electricité",
,Courant faible,expense,unspecified,debit,0,,"Charges de matières, marchandises et services / Charges d'énergie / Electricité",,,,"Charges de matières, marchandises et services / Charges d'énergie / Electricité / Courant faible",
,Courant fort,expense,unspecified,debit,0,,"Charges de matières, marchandises et services / Charges d'énergie / Electricité",,,,"Charges de matières, marchandises et services / Charges d'énergie / Electricité / Courant fort",
,Gaz,expense,group,debit,1,,"Charges de matières, marchandises et services / Charges d'énergie",,,,"Charges de matières, marchandises et services / Charges d'énergie / Gaz",
,Gaz liquide en bonbonnes,expense,unspecified,debit,0,,"Charges de matières, marchandises et services / Charges d'énergie / Gaz",,,,"Charges de matières, marchandises et services / Charges d'énergie / Gaz / Gaz liquide en bonbonnes",
,Gaz naturel,expense,unspecified,debit,0,,"Charges de matières, marchandises et services / Charges d'énergie / Gaz",,,,"Charges de matières, marchandises et services / Charges d'énergie / Gaz / Gaz naturel",
,Charges de marchandises,expense,group,debit,1,,"Charges de matières, marchandises et services",,,,"Charges de matières, marchandises et services / Charges de marchandises",
,Charges de marchandises du secteur A,expense,group,debit,1,,"Charges de matières, marchandises et services / Charges de marchandises",,,,"Charges de matières, marchandises et services / Charges de marchandises / Charges de marchandises du secteur A",
,Achats de marchandises article X,expense,unspecified,debit,0,,"Charges de matières, marchandises et services / Charges de marchandises / Charges de marchandises du secteur A",,,,"Charges de matières, marchandises et services / Charges de marchandises / Charges de marchandises du secteur A / Achats de marchandises article X",
,Achats de marchandises article Y,expense,unspecified,debit,0,,"Charges de matières, marchandises et services / Charges de marchandises / Charges de marchandises du secteur A",,,,"Charges de matières, marchandises et services / Charges de marchandises / Charges de marchandises du secteur A / Achats de marchandises article Y",
,Déductions obtenues s/achats,expense,unspecified,debit,0,,"Charges de matières, marchandises et services / Charges de marchandises / Charges de marchandises du secteur A",,,,"Charges de matières, marchandises et services / Charges de marchandises / Charges de marchandises du secteur A / Déductions obtenues s/achats",
,Variations de stocks,expense,unspecified,debit,0,,"Charges de matières, marchandises et services / Charges de marchandises / Charges de marchandises du secteur A",,,,"Charges de matières, marchandises et services / Charges de marchandises / Charges de marchandises du secteur A / Variations de stocks",
,Charges de marchandises du secteur B,expense,group,debit,1,,"Charges de matières, marchandises et services / Charges de marchandises",,,,"Charges de matières, marchandises et services / Charges de marchandises / Charges de marchandises du secteur B",
,Achats de marchandises TVA taux normal,expense,unspecified,debit,0,,"Charges de matières, marchandises et services / Charges de marchandises / Charges de marchandises du secteur B",,,,"Charges de matières, marchandises et services / Charges de marchandises / Charges de marchandises du secteur B / Achats de marchandises TVA taux normal",
,Achats de marchandises TVA taux réduit,expense,unspecified,debit,0,,"Charges de matières, marchandises et services / Charges de marchandises / Charges de marchandises du secteur B",,,,"Charges de matières, marchandises et services / Charges de marchandises / Charges de marchandises du secteur B / Achats de marchandises TVA taux réduit",
,Achats de marchandises TVA taux zéro,expense,unspecified,debit,0,,"Charges de matières, marchandises et services / Charges de marchandises / Charges de marchandises du secteur B",,,,"Charges de matières, marchandises et services / Charges de marchandises / Charges de marchandises du secteur B / Achats de marchandises TVA taux zéro",
,Achats de matériel d'emballage,expense,unspecified,debit,0,,"Charges de matières, marchandises et services / Charges de marchandises / Charges de marchandises du secteur B",,,,"Charges de matières, marchandises et services / Charges de marchandises / Charges de marchandises du secteur B / Achats de matériel d'emballage",
,Charges directes d'achat,expense,unspecified,debit,0,,"Charges de matières, marchandises et services / Charges de marchandises / Charges de marchandises du secteur B",,,,"Charges de matières, marchandises et services / Charges de marchandises / Charges de marchandises du secteur B / Charges directes d'achat",
,Charges directes d'achat s/marchandises,expense,group,debit,1,,"Charges de matières, marchandises et services / Charges de marchandises",,,,"Charges de matières, marchandises et services / Charges de marchandises / Charges directes d'achat s/marchandises",
,Droits de douane à l'importation,expense,unspecified,debit,0,,"Charges de matières, marchandises et services / Charges de marchandises / Charges directes d'achat s/marchandises",,,,"Charges de matières, marchandises et services / Charges de marchandises / Charges directes d'achat s/marchandises / Droits de douane à l'importation",
,Frais de transport à l'achat,expense,unspecified,debit,0,,"Charges de matières, marchandises et services / Charges de marchandises / Charges directes d'achat s/marchandises",,,,"Charges de matières, marchandises et services / Charges de marchandises / Charges directes d'achat s/marchandises / Frais de transport à l'achat",
,Frets à l'achat,expense,unspecified,debit,0,,"Charges de matières, marchandises et services / Charges de marchandises / Charges directes d'achat s/marchandises",,,,"Charges de matières, marchandises et services / Charges de marchandises / Charges directes d'achat s/marchandises / Frets à l'achat",
,Déductions obtenues s/achats liés aux marchandises,expense,group,debit,1,,"Charges de matières, marchandises et services / Charges de marchandises",,,,"Charges de matières, marchandises et services / Charges de marchandises / Déductions obtenues s/achats liés aux marchandises",
,Différences de change s/achats,expense,unspecified,debit,0,,"Charges de matières, marchandises et services / Charges de marchandises / Déductions obtenues s/achats liés aux marchandises",,,,"Charges de matières, marchandises et services / Charges de marchandises / Déductions obtenues s/achats liés aux marchandises / Différences de change s/achats",
,Escomptes s/achats,expense,unspecified,debit,0,,"Charges de matières, marchandises et services / Charges de marchandises / Déductions obtenues s/achats liés aux marchandises",,,,"Charges de matières, marchandises et services / Charges de marchandises / Déductions obtenues s/achats liés aux marchandises / Escomptes s/achats",
,Rabais et réductions de prix s/achats,expense,unspecified,debit,0,,"Charges de matières, marchandises et services / Charges de marchandises / Déductions obtenues s/achats liés aux marchandises",,,,"Charges de matières, marchandises et services / Charges de marchandises / Déductions obtenues s/achats liés aux marchandises / Rabais et réductions de prix s/achats",
,Remises s/achats,expense,unspecified,debit,0,,"Charges de matières, marchandises et services / Charges de marchandises / Déductions obtenues s/achats liés aux marchandises",,,,"Charges de matières, marchandises et services / Charges de marchandises / Déductions obtenues s/achats liés aux marchandises / Remises s/achats",
,Ristournes obtenues s/achats,expense,unspecified,debit,0,,"Charges de matières, marchandises et services / Charges de marchandises / Déductions obtenues s/achats liés aux marchandises",,,,"Charges de matières, marchandises et services / Charges de marchandises / Déductions obtenues s/achats liés aux marchandises / Ristournes obtenues s/achats",
,"Variations de stocks de marchandises, pertes",expense,group,debit,1,,"Charges de matières, marchandises et services / Charges de marchandises",,,,"Charges de matières, marchandises et services / Charges de marchandises / Variations de stocks de marchandises, pertes",
,Pertes de marchandises secteur A,expense,unspecified,debit,0,,"Charges de matières, marchandises et services / Charges de marchandises / Variations de stocks de marchandises, pertes",,,,"Charges de matières, marchandises et services / Charges de marchandises / Variations de stocks de marchandises, pertes / Pertes de marchandises secteur A",
,Pertes de marchandises secteur B,expense,unspecified,debit,0,,"Charges de matières, marchandises et services / Charges de marchandises / Variations de stocks de marchandises, pertes",,,,"Charges de matières, marchandises et services / Charges de marchandises / Variations de stocks de marchandises, pertes / Pertes de marchandises secteur B",
,Pertes de marchandises secteur C,expense,unspecified,debit,0,,"Charges de matières, marchandises et services / Charges de marchandises / Variations de stocks de marchandises, pertes",,,,"Charges de matières, marchandises et services / Charges de marchandises / Variations de stocks de marchandises, pertes / Pertes de marchandises secteur C",
,Variations de stocks secteur A,expense,unspecified,debit,0,,"Charges de matières, marchandises et services / Charges de marchandises / Variations de stocks de marchandises, pertes",,,,"Charges de matières, marchandises et services / Charges de marchandises / Variations de stocks de marchandises, pertes / Variations de stocks secteur A",
,Variations de stocks secteur B,expense,unspecified,debit,0,,"Charges de matières, marchandises et services / Charges de marchandises / Variations de stocks de marchandises, pertes",,,,"Charges de matières, marchandises et services / Charges de marchandises / Variations de stocks de marchandises, pertes / Variations de stocks secteur B",
,Variations de stocks secteur C,expense,unspecified,debit,0,,"Charges de matières, marchandises et services / Charges de marchandises / Variations de stocks de marchandises, pertes",,,,"Charges de matières, marchandises et services / Charges de marchandises / Variations de stocks de marchandises, pertes / Variations de stocks secteur C",
,Charges de matières,expense,group,debit,1,,"Charges de matières, marchandises et services",,,,"Charges de matières, marchandises et services / Charges de matières",
,Charges de matières du secteur A,expense,group,debit,1,,"Charges de matières, marchandises et services / Charges de matières",,,,"Charges de matières, marchandises et services / Charges de matières / Charges de matières du secteur A",
,Achats de matières produit X,expense,unspecified,debit,0,,"Charges de matières, marchandises et services / Charges de matières / Charges de matières du secteur A",,,,"Charges de matières, marchandises et services / Charges de matières / Charges de matières du secteur A / Achats de matières produit X",
,Achats de matières produit Y,expense,unspecified,debit,0,,"Charges de matières, marchandises et services / Charges de matières / Charges de matières du secteur A",,,,"Charges de matières, marchandises et services / Charges de matières / Charges de matières du secteur A / Achats de matières produit Y",
,Déductions obtenues s/achats,expense,unspecified,debit,0,,"Charges de matières, marchandises et services / Charges de matières / Charges de matières du secteur A",,,,"Charges de matières, marchandises et services / Charges de matières / Charges de matières du secteur A / Déductions obtenues s/achats",
,Variations de stocks,expense,unspecified,debit,0,,"Charges de matières, marchandises et services / Charges de matières / Charges de matières du secteur A",,,,"Charges de matières, marchandises et services / Charges de matières / Charges de matières du secteur A / Variations de stocks",
,Charges de matières du secteur B,expense,group,debit,1,,"Charges de matières, marchandises et services / Charges de matières",,,,"Charges de matières, marchandises et services / Charges de matières / Charges de matières du secteur B",
,Achats d'accessoires,expense,unspecified,debit,0,,"Charges de matières, marchandises et services / Charges de matières / Charges de matières du secteur B",,,,"Charges de matières, marchandises et services / Charges de matières / Charges de matières du secteur B / Achats d'accessoires",
,Achats d'appareils,expense,unspecified,debit,0,,"Charges de matières, marchandises et services / Charges de matières / Charges de matières du secteur B",,,,"Charges de matières, marchandises et services / Charges de matières / Charges de matières du secteur B / Achats d'appareils",
,Achats d'autres matières,expense,unspecified,debit,0,,"Charges de matières, marchandises et services / Charges de matières / Charges de matières du secteur B",,,,"Charges de matières, marchandises et services / Charges de matières / Charges de matières du secteur B / Achats d'autres matières",
,Achats de composantes,expense,unspecified,debit,0,,"Charges de matières, marchandises et services / Charges de matières / Charges de matières du secteur B",,,,"Charges de matières, marchandises et services / Charges de matières / Charges de matières du secteur B / Achats de composantes",
,Achats de matières auxiliaires et fournitures,expense,unspecified,debit,0,,"Charges de matières, marchandises et services / Charges de matières / Charges de matières du secteur B",,,,"Charges de matières, marchandises et services / Charges de matières / Charges de matières du secteur B / Achats de matières auxiliaires et fournitures",
,Achats de matériel d'emballage,expense,unspecified,debit,0,,"Charges de matières, marchandises et services / Charges de matières / Charges de matières du secteur B",,,,"Charges de matières, marchandises et services / Charges de matières / Charges de matières du secteur B / Achats de matériel d'emballage",
,Charges de matières du secteur C,expense,group,debit,1,,"Charges de matières, marchandises et services / Charges de matières",,,,"Charges de matières, marchandises et services / Charges de matières / Charges de matières du secteur C",
,Achat de matériel d'emballage,expense,unspecified,debit,0,,"Charges de matières, marchandises et services / Charges de matières / Charges de matières du secteur C",,,,"Charges de matières, marchandises et services / Charges de matières / Charges de matières du secteur C / Achat de matériel d'emballage",
,Achats de matières TVA taux normal,expense,unspecified,debit,0,,"Charges de matières, marchandises et services / Charges de matières / Charges de matières du secteur C",,,,"Charges de matières, marchandises et services / Charges de matières / Charges de matières du secteur C / Achats de matières TVA taux normal",
,Achats de matières TVA taux réduit,expense,unspecified,debit,0,,"Charges de matières, marchandises et services / Charges de matières / Charges de matières du secteur C",,,,"Charges de matières, marchandises et services / Charges de matières / Charges de matières du secteur C / Achats de matières TVA taux réduit",
,Achats de matières TVA taux zéro,expense,unspecified,debit,0,,"Charges de matières, marchandises et services / Charges de matières / Charges de matières du secteur C",,,,"Charges de matières, marchandises et services / Charges de matières / Charges de matières du secteur C / Achats de matières TVA taux zéro",
,Charges directes d'achat,expense,unspecified,debit,0,,"Charges de matières, marchandises et services / Charges de matières / Charges de matières du secteur C",,,,"Charges de matières, marchandises et services / Charges de matières / Charges de matières du secteur C / Charges directes d'achat",
,Travaux de tiers,expense,unspecified,debit,0,,"Charges de matières, marchandises et services / Charges de matières / Charges de matières du secteur C",,,,"Charges de matières, marchandises et services / Charges de matières / Charges de matières du secteur C / Travaux de tiers",
,Charges directes d'achat,expense,group,debit,1,,"Charges de matières, marchandises et services / Charges de matières",,,,"Charges de matières, marchandises et services / Charges de matières / Charges directes d'achat",
,Droits de douane à l'importation,expense,unspecified,debit,0,,"Charges de matières, marchandises et services / Charges de matières / Charges directes d'achat",,,,"Charges de matières, marchandises et services / Charges de matières / Charges directes d'achat / Droits de douane à l'importation",
,Frais de transport à l'achat,expense,unspecified,debit,0,,"Charges de matières, marchandises et services / Charges de matières / Charges directes d'achat",,,,"Charges de matières, marchandises et services / Charges de matières / Charges directes d'achat / Frais de transport à l'achat",
,Frets à l'achat,expense,unspecified,debit,0,,"Charges de matières, marchandises et services / Charges de matières / Charges directes d'achat",,,,"Charges de matières, marchandises et services / Charges de matières / Charges directes d'achat / Frets à l'achat",
,Déductions obtenues s/achats de matières,expense,group,debit,1,,"Charges de matières, marchandises et services / Charges de matières",,,,"Charges de matières, marchandises et services / Charges de matières / Déductions obtenues s/achats de matières",
,Différences de change s/achats,expense,unspecified,debit,0,,"Charges de matières, marchandises et services / Charges de matières / Déductions obtenues s/achats de matières",,,,"Charges de matières, marchandises et services / Charges de matières / Déductions obtenues s/achats de matières / Différences de change s/achats",
,Escomptes s/achats,expense,unspecified,debit,0,,"Charges de matières, marchandises et services / Charges de matières / Déductions obtenues s/achats de matières",,,,"Charges de matières, marchandises et services / Charges de matières / Déductions obtenues s/achats de matières / Escomptes s/achats",
,Rabais et autres réductions de prix s/achats,expense,unspecified,debit,0,,"Charges de matières, marchandises et services / Charges de matières / Déductions obtenues s/achats de matières",,,,"Charges de matières, marchandises et services / Charges de matières / Déductions obtenues s/achats de matières / Rabais et autres réductions de prix s/achats",
,Remises s/achats,expense,unspecified,debit,0,,"Charges de matières, marchandises et services / Charges de matières / Déductions obtenues s/achats de matières",,,,"Charges de matières, marchandises et services / Charges de matières / Déductions obtenues s/achats de matières / Remises s/achats",
,Ristournes obtenues s/achats,expense,unspecified,debit,0,,"Charges de matières, marchandises et services / Charges de matières / Déductions obtenues s/achats de matières",,,,"Charges de matières, marchandises et services / Charges de matières / Déductions obtenues s/achats de matières / Ristournes obtenues s/achats",
,Travaux de tiers,expense,group,debit,1,,"Charges de matières, marchandises et services / Charges de matières",,,,"Charges de matières, marchandises et services / Charges de matières / Travaux de tiers",
,Travaux de tiers secteur A,expense,unspecified,debit,0,,"Charges de matières, marchandises et services / Charges de matières / Travaux de tiers",,,,"Charges de matières, marchandises et services / Charges de matières / Travaux de tiers / Travaux de tiers secteur A",
,Travaux de tiers secteur B,expense,unspecified,debit,0,,"Charges de matières, marchandises et services / Charges de matières / Travaux de tiers",,,,"Charges de matières, marchandises et services / Charges de matières / Travaux de tiers / Travaux de tiers secteur B",
,Travaux de tiers secteur C,expense,unspecified,debit,0,,"Charges de matières, marchandises et services / Charges de matières / Travaux de tiers",,,,"Charges de matières, marchandises et services / Charges de matières / Travaux de tiers / Travaux de tiers secteur C",
,"Variations de stocks, pertes de matières",expense,group,debit,1,,"Charges de matières, marchandises et services / Charges de matières",,,,"Charges de matières, marchandises et services / Charges de matières / Variations de stocks, pertes de matières",
,Pertes de matières secteur A,expense,unspecified,debit,0,,"Charges de matières, marchandises et services / Charges de matières / Variations de stocks, pertes de matières",,,,"Charges de matières, marchandises et services / Charges de matières / Variations de stocks, pertes de matières / Pertes de matières secteur A",
,Pertes de matières secteur B,expense,unspecified,debit,0,,"Charges de matières, marchandises et services / Charges de matières / Variations de stocks, pertes de matières",,,,"Charges de matières, marchandises et services / Charges de matières / Variations de stocks, pertes de matières / Pertes de matières secteur B",
,Pertes de matières secteur C,expense,unspecified,debit,0,,"Charges de matières, marchandises et services / Charges de matières / Variations de stocks, pertes de matières",,,,"Charges de matières, marchandises et services / Charges de matières / Variations de stocks, pertes de matières / Pertes de matières secteur C",
,Variations de stocks secteur A,expense,unspecified,debit,0,,"Charges de matières, marchandises et services / Charges de matières / Variations de stocks, pertes de matières",,,,"Charges de matières, marchandises et services / Charges de matières / Variations de stocks, pertes de matières / Variations de stocks secteur A",
,Variations de stocks secteur B,expense,unspecified,debit,0,,"Charges de matières, marchandises et services / Charges de matières / Variations de stocks, pertes de matières",,,,"Charges de matières, marchandises et services / Charges de matières / Variations de stocks, pertes de matières / Variations de stocks secteur B",
,Variations de stocks secteur C,expense,unspecified,debit,0,,"Charges de matières, marchandises et services / Charges de matières / Variations de stocks, pertes de matières",,,,"Charges de matières, marchandises et services / Charges de matières / Variations de stocks, pertes de matières / Variations de stocks secteur C",
,Charges directes d'achat,expense,group,debit,1,,"Charges de matières, marchandises et services",,,,"Charges de matières, marchandises et services / Charges directes d'achat",
,Charges directes d'achat,expense,group,debit,1,,"Charges de matières, marchandises et services / Charges directes d'achat",,,,"Charges de matières, marchandises et services / Charges directes d'achat / Charges directes d'achat",
,Droits de douane à l'importation,expense,unspecified,debit,0,,"Charges de matières, marchandises et services / Charges directes d'achat / Charges directes d'achat",,,,"Charges de matières, marchandises et services / Charges directes d'achat / Charges directes d'achat / Droits de douane à l'importation",
,Frais de transport à l'achat,expense,unspecified,debit,0,,"Charges de matières, marchandises et services / Charges directes d'achat / Charges directes d'achat",,,,"Charges de matières, marchandises et services / Charges directes d'achat / Charges directes d'achat / Frais de transport à l'achat",
,Frets à l'achat,expense,unspecified,debit,0,,"Charges de matières, marchandises et services / Charges directes d'achat / Charges directes d'achat",,,,"Charges de matières, marchandises et services / Charges directes d'achat / Charges directes d'achat / Frets à l'achat",
,Charges pour prestations de tiers (services),expense,group,debit,1,,"Charges de matières, marchandises et services",,,,"Charges de matières, marchandises et services / Charges pour prestations de tiers (services)",
,Charges directes d'achat s/prestations de services,expense,group,debit,1,,"Charges de matières, marchandises et services / Charges pour prestations de tiers (services)",,,,"Charges de matières, marchandises et services / Charges pour prestations de tiers (services) / Charges directes d'achat s/prestations de services",
,Droits de douane à l'importation,expense,unspecified,debit,0,,"Charges de matières, marchandises et services / Charges pour prestations de tiers (services) / Charges directes d'achat s/prestations de services",,,,"Charges de matières, marchandises et services / Charges pour prestations de tiers (services) / Charges directes d'achat s/prestations de services / Droits de douane à l'importation",
,Frais de transport à l'achat,expense,unspecified,debit,0,,"Charges de matières, marchandises et services / Charges pour prestations de tiers (services) / Charges directes d'achat s/prestations de services",,,,"Charges de matières, marchandises et services / Charges pour prestations de tiers (services) / Charges directes d'achat s/prestations de services / Frais de transport à l'achat",
,Frets à l'achat,expense,unspecified,debit,0,,"Charges de matières, marchandises et services / Charges pour prestations de tiers (services) / Charges directes d'achat s/prestations de services",,,,"Charges de matières, marchandises et services / Charges pour prestations de tiers (services) / Charges directes d'achat s/prestations de services / Frets à l'achat",
,Charges pour prestations de services de tiers A,expense,group,debit,1,,"Charges de matières, marchandises et services / Charges pour prestations de tiers (services)",,,,"Charges de matières, marchandises et services / Charges pour prestations de tiers (services) / Charges pour prestations de services de tiers A",
,Charges directes d'achat s/prestations de services,expense,unspecified,debit,0,,"Charges de matières, marchandises et services / Charges pour prestations de tiers (services) / Charges pour prestations de services de tiers A",,,,"Charges de matières, marchandises et services / Charges pour prestations de tiers (services) / Charges pour prestations de services de tiers A / Charges directes d'achat s/prestations de services",
,Charges pour prestation du service X,expense,unspecified,debit,0,,"Charges de matières, marchandises et services / Charges pour prestations de tiers (services) / Charges pour prestations de services de tiers A",,,,"Charges de matières, marchandises et services / Charges pour prestations de tiers (services) / Charges pour prestations de services de tiers A / Charges pour prestation du service X",
,Charges pour prestation du service Y,expense,unspecified,debit,0,,"Charges de matières, marchandises et services / Charges pour prestations de tiers (services) / Charges pour prestations de services de tiers A",,,,"Charges de matières, marchandises et services / Charges pour prestations de tiers (services) / Charges pour prestations de services de tiers A / Charges pour prestation du service Y",
,Déductions obtenues s/charges,expense,unspecified,debit,0,,"Charges de matières, marchandises et services / Charges pour prestations de tiers (services) / Charges pour prestations de services de tiers A",,,,"Charges de matières, marchandises et services / Charges pour prestations de tiers (services) / Charges pour prestations de services de tiers A / Déductions obtenues s/charges",
,Déductions obtenues s/achats de prestations tiers,expense,group,debit,1,,"Charges de matières, marchandises et services / Charges pour prestations de tiers (services)",,,,"Charges de matières, marchandises et services / Charges pour prestations de tiers (services) / Déductions obtenues s/achats de prestations tiers",
,Différences de change s/achats,expense,unspecified,debit,0,,"Charges de matières, marchandises et services / Charges pour prestations de tiers (services) / Déductions obtenues s/achats de prestations tiers",,,,"Charges de matières, marchandises et services / Charges pour prestations de tiers (services) / Déductions obtenues s/achats de prestations tiers / Différences de change s/achats",
,Escomptes s/achats,expense,unspecified,debit,0,,"Charges de matières, marchandises et services / Charges pour prestations de tiers (services) / Déductions obtenues s/achats de prestations tiers",,,,"Charges de matières, marchandises et services / Charges pour prestations de tiers (services) / Déductions obtenues s/achats de prestations tiers / Escomptes s/achats",
,Remises s/achats,expense,unspecified,debit,0,,"Charges de matières, marchandises et services / Charges pour prestations de tiers (services) / Déductions obtenues s/achats de prestations tiers",,,,"Charges de matières, marchandises et services / Charges pour prestations de tiers (services) / Déductions obtenues s/achats de prestations tiers / Remises s/achats",
,Ristournes obtenues s/achats,expense,unspecified,debit,0,,"Charges de matières, marchandises et services / Charges pour prestations de tiers (services) / Déductions obtenues s/achats de prestations tiers",,,,"Charges de matières, marchandises et services / Charges pour prestations de tiers (services) / Déductions obtenues s/achats de prestations tiers / Ristournes obtenues s/achats",
,Déductions obtenues s/charges,expense,group,debit,1,,"Charges de matières, marchandises et services",,,,"Charges de matières, marchandises et services / Déductions obtenues s/charges",
,Déductions s/charges,expense,group,debit,1,,"Charges de matières, marchandises et services / Déductions obtenues s/charges",,,,"Charges de matières, marchandises et services / Déductions obtenues s/charges / Déductions s/charges",
,Différences de change s/achats,expense,unspecified,debit,0,,"Charges de matières, marchandises et services / Déductions obtenues s/charges / Déductions s/charges",,,,"Charges de matières, marchandises et services / Déductions obtenues s/charges / Déductions s/charges / Différences de change s/achats",
,Escomptes s/achats,expense,unspecified,debit,0,,"Charges de matières, marchandises et services / Déductions obtenues s/charges / Déductions s/charges",,,,"Charges de matières, marchandises et services / Déductions obtenues s/charges / Déductions s/charges / Escomptes s/achats",
,Rabais et réductions de prix,expense,unspecified,debit,0,,"Charges de matières, marchandises et services / Déductions obtenues s/charges / Déductions s/charges",,,,"Charges de matières, marchandises et services / Déductions obtenues s/charges / Déductions s/charges / Rabais et réductions de prix",
,Remises s/achats,expense,unspecified,debit,0,,"Charges de matières, marchandises et services / Déductions obtenues s/charges / Déductions s/charges",,,,"Charges de matières, marchandises et services / Déductions obtenues s/charges / Déductions s/charges / Remises s/achats",
,Ristournes obtenues s/achats,expense,unspecified,debit,0,,"Charges de matières, marchandises et services / Déductions obtenues s/charges / Déductions s/charges",,,,"Charges de matières, marchandises et services / Déductions obtenues s/charges / Déductions s/charges / Ristournes obtenues s/achats",
,"Variations de stocks, pertes de matières et march.",expense,group,debit,1,,"Charges de matières, marchandises et services",,,,"Charges de matières, marchandises et services / Variations de stocks, pertes de matières et march.",
,Pertes de matières et de marchandises,expense,group,debit,1,,"Charges de matières, marchandises et services / Variations de stocks, pertes de matières et march.",,,,"Charges de matières, marchandises et services / Variations de stocks, pertes de matières et march. / Pertes de matières et de marchandises",
,Pertes de marchandises,expense,unspecified,debit,0,,"Charges de matières, marchandises et services / Variations de stocks, pertes de matières et march. / Pertes de matières et de marchandises",,,,"Charges de matières, marchandises et services / Variations de stocks, pertes de matières et march. / Pertes de matières et de marchandises / Pertes de marchandises",
,Pertes de matières,expense,unspecified,debit,0,,"Charges de matières, marchandises et services / Variations de stocks, pertes de matières et march. / Pertes de matières et de marchandises",,,,"Charges de matières, marchandises et services / Variations de stocks, pertes de matières et march. / Pertes de matières et de marchandises / Pertes de matières",
,Variations de stocks de marchandises,expense,group,debit,1,,"Charges de matières, marchandises et services / Variations de stocks, pertes de matières et march.",,,,"Charges de matières, marchandises et services / Variations de stocks, pertes de matières et march. / Variations de stocks de marchandises",
,Variations de stocks de marchandises,expense,unspecified,debit,0,,"Charges de matières, marchandises et services / Variations de stocks, pertes de matières et march. / Variations de stocks de marchandises",,,,"Charges de matières, marchandises et services / Variations de stocks, pertes de matières et march. / Variations de stocks de marchandises / Variations de stocks de marchandises",
,Variations de stocks des matières de production,expense,group,debit,1,,"Charges de matières, marchandises et services / Variations de stocks, pertes de matières et march.",,,,"Charges de matières, marchandises et services / Variations de stocks, pertes de matières et march. / Variations de stocks des matières de production",
,Variations de stocks des matières de production,expense,unspecified,debit,0,,"Charges de matières, marchandises et services / Variations de stocks, pertes de matières et march. / Variations de stocks des matières de production",,,,"Charges de matières, marchandises et services / Variations de stocks, pertes de matières et march. / Variations de stocks des matières de production / Variations de stocks des matières de production",
,Charges de personnel,expense,group,debit,1,,,,,,Charges de personnel,
,Autres charges de personnel,expense,group,debit,1,,Charges de personnel,,,,Charges de personnel / Autres charges de personnel,
,Autres charges de personnel,expense,group,debit,1,,Charges de personnel / Autres charges de personnel,,,,Charges de personnel / Autres charges de personnel / Autres charges de personnel,
,Frais de port,expense,unspecified,debit,0,,Charges de personnel / Autres charges de personnel / Autres charges de personnel,,,,Charges de personnel / Autres charges de personnel / Autres charges de personnel / Frais de port,
,Manifestations en faveur du personnel,expense,unspecified,debit,0,,Charges de personnel / Autres charges de personnel / Autres charges de personnel,,,,Charges de personnel / Autres charges de personnel / Autres charges de personnel / Manifestations en faveur du personnel,
,Charges de personnel comme prélèvements privés,expense,group,debit,1,,Charges de personnel / Autres charges de personnel,,,,Charges de personnel / Autres charges de personnel / Charges de personnel comme prélèvements privés,
,Charges de personnel comme prélèvements privés,expense,unspecified,debit,0,,Charges de personnel / Autres charges de personnel / Charges de personnel comme prélèvements privés,,,,Charges de personnel / Autres charges de personnel / Charges de personnel comme prélèvements privés / Charges de personnel comme prélèvements privés,
,Formation et formation continue,expense,group,debit,1,,Charges de personnel / Autres charges de personnel,,,,Charges de personnel / Autres charges de personnel / Formation et formation continue,
,Formation continue,expense,unspecified,debit,0,,Charges de personnel / Autres charges de personnel / Formation et formation continue,,,,Charges de personnel / Autres charges de personnel / Formation et formation continue / Formation continue,
,Recyclage,expense,unspecified,debit,0,,Charges de personnel / Autres charges de personnel / Formation et formation continue,,,,Charges de personnel / Autres charges de personnel / Formation et formation continue / Recyclage,
,Indemnités effectives,expense,group,debit,1,,Charges de personnel / Autres charges de personnel,,,,Charges de personnel / Autres charges de personnel / Indemnités effectives,
,Frais de logement,expense,unspecified,debit,0,,Charges de personnel / Autres charges de personnel / Indemnités effectives,,,,Charges de personnel / Autres charges de personnel / Indemnités effectives / Frais de logement,
,Frais de repas,expense,unspecified,debit,0,,Charges de personnel / Autres charges de personnel / Indemnités effectives,,,,Charges de personnel / Autres charges de personnel / Indemnités effectives / Frais de repas,
,Frais de voyages,expense,unspecified,debit,0,,Charges de personnel / Autres charges de personnel / Indemnités effectives,,,,Charges de personnel / Autres charges de personnel / Indemnités effectives / Frais de voyages,
,Indemnités forfaitaires,expense,group,debit,1,,Charges de personnel / Autres charges de personnel,,,,Charges de personnel / Autres charges de personnel / Indemnités forfaitaires,
,Indemnités forfaitaires pour la direction,expense,unspecified,debit,0,,Charges de personnel / Autres charges de personnel / Indemnités forfaitaires,,,,Charges de personnel / Autres charges de personnel / Indemnités forfaitaires / Indemnités forfaitaires pour la direction,
,Indemnités forfaitaires pour le conseil d'adm.,expense,unspecified,debit,0,,Charges de personnel / Autres charges de personnel / Indemnités forfaitaires,,,,Charges de personnel / Autres charges de personnel / Indemnités forfaitaires / Indemnités forfaitaires pour le conseil d'adm.,
,Indemnités forfaitaires pour les cadres,expense,unspecified,debit,0,,Charges de personnel / Autres charges de personnel / Indemnités forfaitaires,,,,Charges de personnel / Autres charges de personnel / Indemnités forfaitaires / Indemnités forfaitaires pour les cadres,
,Recherche de personnel,expense,group,debit,1,,Charges de personnel / Autres charges de personnel,,,,Charges de personnel / Autres charges de personnel / Recherche de personnel,
,Annonces pour recherche de personnel,expense,unspecified,debit,0,,Charges de personnel / Autres charges de personnel / Recherche de personnel,,,,Charges de personnel / Autres charges de personnel / Recherche de personnel / Annonces pour recherche de personnel,
,Commissions pour recherche de personnel,expense,unspecified,debit,0,,Charges de personnel / Autres charges de personnel / Recherche de personnel,,,,Charges de personnel / Autres charges de personnel / Recherche de personnel / Commissions pour recherche de personnel,
,Restaurant du personnel,expense,group,debit,1,,Charges de personnel / Autres charges de personnel,,,,Charges de personnel / Autres charges de personnel / Restaurant du personnel,
,Boissons,expense,unspecified,debit,0,,Charges de personnel / Autres charges de personnel / Restaurant du personnel,,,,Charges de personnel / Autres charges de personnel / Restaurant du personnel / Boissons,
,Produits des boissons (comme diminution charges),expense,unspecified,debit,0,,Charges de personnel / Autres charges de personnel / Restaurant du personnel,,,,Charges de personnel / Autres charges de personnel / Restaurant du personnel / Produits des boissons (comme diminution charges),
,Produits des repas (comme diminution charges),expense,unspecified,debit,0,,Charges de personnel / Autres charges de personnel / Restaurant du personnel,,,,Charges de personnel / Autres charges de personnel / Restaurant du personnel / Produits des repas (comme diminution charges),
,Repas,expense,unspecified,debit,0,,Charges de personnel / Autres charges de personnel / Restaurant du personnel,,,,Charges de personnel / Autres charges de personnel / Restaurant du personnel / Repas,
,Charges de personnel dans l'administration,expense,group,debit,1,,Charges de personnel,,,,Charges de personnel / Charges de personnel dans l'administration,
,Autres charges de personnel pour l'administration,expense,group,debit,1,,Charges de personnel / Charges de personnel dans l'administration,,,,Charges de personnel / Charges de personnel dans l'administration / Autres charges de personnel pour l'administration,
,Autres charges de personnel,expense,unspecified,debit,0,,Charges de personnel / Charges de personnel dans l'administration / Autres charges de personnel pour l'administration,,,,Charges de personnel / Charges de personnel dans l'administration / Autres charges de personnel pour l'administration / Autres charges de personnel,
,Formation et formation continue,expense,unspecified,debit,0,,Charges de personnel / Charges de personnel dans l'administration / Autres charges de personnel pour l'administration,,,,Charges de personnel / Charges de personnel dans l'administration / Autres charges de personnel pour l'administration / Formation et formation continue,
,Indemnités de frais forfaitaires,expense,unspecified,debit,0,,Charges de personnel / Charges de personnel dans l'administration / Autres charges de personnel pour l'administration,,,,Charges de personnel / Charges de personnel dans l'administration / Autres charges de personnel pour l'administration / Indemnités de frais forfaitaires,
,Indemnités effectives,expense,unspecified,debit,0,,Charges de personnel / Charges de personnel dans l'administration / Autres charges de personnel pour l'administration,,,,Charges de personnel / Charges de personnel dans l'administration / Autres charges de personnel pour l'administration / Indemnités effectives,
,Recherche de personnel,expense,unspecified,debit,0,,Charges de personnel / Charges de personnel dans l'administration / Autres charges de personnel pour l'administration,,,,Charges de personnel / Charges de personnel dans l'administration / Autres charges de personnel pour l'administration / Recherche de personnel,
,Charges sociales pour l'administration,expense,group,debit,1,,Charges de personnel / Charges de personnel dans l'administration,,,,Charges de personnel / Charges de personnel dans l'administration / Charges sociales pour l'administration,
,"AVS, AI, APG, assurance-chômage",expense,unspecified,debit,0,,Charges de personnel / Charges de personnel dans l'administration / Charges sociales pour l'administration,,,,"Charges de personnel / Charges de personnel dans l'administration / Charges sociales pour l'administration / AVS, AI, APG, assurance-chômage",
,Assurance indemnités journalières en cas maladie,expense,unspecified,debit,0,,Charges de personnel / Charges de personnel dans l'administration / Charges sociales pour l'administration,,,,Charges de personnel / Charges de personnel dans l'administration / Charges sociales pour l'administration / Assurance indemnités journalières en cas maladie,
,Assurance-accidents,expense,unspecified,debit,0,,Charges de personnel / Charges de personnel dans l'administration / Charges sociales pour l'administration,,,,Charges de personnel / Charges de personnel dans l'administration / Charges sociales pour l'administration / Assurance-accidents,
,Caisse de compensation familiale,expense,unspecified,debit,0,,Charges de personnel / Charges de personnel dans l'administration / Charges sociales pour l'administration,,,,Charges de personnel / Charges de personnel dans l'administration / Charges sociales pour l'administration / Caisse de compensation familiale,
,Impôts à la source,expense,unspecified,debit,0,,Charges de personnel / Charges de personnel dans l'administration / Charges sociales pour l'administration,,,,Charges de personnel / Charges de personnel dans l'administration / Charges sociales pour l'administration / Impôts à la source,
,Prévoyance professionnelle,expense,unspecified,debit,0,,Charges de personnel / Charges de personnel dans l'administration / Charges sociales pour l'administration,,,,Charges de personnel / Charges de personnel dans l'administration / Charges sociales pour l'administration / Prévoyance professionnelle,
,Prestations de travail de tiers c/l'administration,expense,group,debit,1,,Charges de personnel / Charges de personnel dans l'administration,,,,Charges de personnel / Charges de personnel dans l'administration / Prestations de travail de tiers c/l'administration,
,Employés temporaires,expense,unspecified,debit,0,,Charges de personnel / Charges de personnel dans l'administration / Prestations de travail de tiers c/l'administration,,,,Charges de personnel / Charges de personnel dans l'administration / Prestations de travail de tiers c/l'administration / Employés temporaires,
,Salaires pour l'administration,expense,group,debit,1,,Charges de personnel / Charges de personnel dans l'administration,,,,Charges de personnel / Charges de personnel dans l'administration / Salaires pour l'administration,
,Autres charges de personnel (administration),expense,unspecified,debit,0,,Charges de personnel / Charges de personnel dans l'administration / Salaires pour l'administration,,,,Charges de personnel / Charges de personnel dans l'administration / Salaires pour l'administration / Autres charges de personnel (administration),
,Charges sociales (administration),expense,unspecified,debit,0,,Charges de personnel / Charges de personnel dans l'administration / Salaires pour l'administration,,,,Charges de personnel / Charges de personnel dans l'administration / Salaires pour l'administration / Charges sociales (administration),
,Honoraires des membres du conseil d'administration,expense,unspecified,debit,0,,Charges de personnel / Charges de personnel dans l'administration / Salaires pour l'administration,,,,Charges de personnel / Charges de personnel dans l'administration / Salaires pour l'administration / Honoraires des membres du conseil d'administration,
,Mise à disposition de personnel,expense,unspecified,debit,0,,Charges de personnel / Charges de personnel dans l'administration / Salaires pour l'administration,,,,Charges de personnel / Charges de personnel dans l'administration / Salaires pour l'administration / Mise à disposition de personnel,
,Participations au bénéfice,expense,unspecified,debit,0,,Charges de personnel / Charges de personnel dans l'administration / Salaires pour l'administration,,,,Charges de personnel / Charges de personnel dans l'administration / Salaires pour l'administration / Participations au bénéfice,
,Prestations de travail de tiers,expense,unspecified,debit,0,,Charges de personnel / Charges de personnel dans l'administration / Salaires pour l'administration,,,,Charges de personnel / Charges de personnel dans l'administration / Salaires pour l'administration / Prestations de travail de tiers,
,Prestations des assurances sociales,expense,unspecified,debit,0,,Charges de personnel / Charges de personnel dans l'administration / Salaires pour l'administration,,,,Charges de personnel / Charges de personnel dans l'administration / Salaires pour l'administration / Prestations des assurances sociales,
,Salaires de la direction de l'entreprise,expense,unspecified,debit,0,,Charges de personnel / Charges de personnel dans l'administration / Salaires pour l'administration,,,,Charges de personnel / Charges de personnel dans l'administration / Salaires pour l'administration / Salaires de la direction de l'entreprise,
,Salaires pour l'administration,expense,unspecified,debit,0,,Charges de personnel / Charges de personnel dans l'administration / Salaires pour l'administration,,,,Charges de personnel / Charges de personnel dans l'administration / Salaires pour l'administration / Salaires pour l'administration,
,Suppléments,expense,unspecified,debit,0,,Charges de personnel / Charges de personnel dans l'administration / Salaires pour l'administration,,,,Charges de personnel / Charges de personnel dans l'administration / Salaires pour l'administration / Suppléments,
,Charges de personnel de production,expense,group,debit,1,,Charges de personnel,,,,Charges de personnel / Charges de personnel de production,
,Autres charges de personnel de production,expense,group,debit,1,,Charges de personnel / Charges de personnel de production,,,,Charges de personnel / Charges de personnel de production / Autres charges de personnel de production,
,Autres charges de personnel,expense,unspecified,debit,0,,Charges de personnel / Charges de personnel de production / Autres charges de personnel de production,,,,Charges de personnel / Charges de personnel de production / Autres charges de personnel de production / Autres charges de personnel,
,Formation et formation continue,expense,unspecified,debit,0,,Charges de personnel / Charges de personnel de production / Autres charges de personnel de production,,,,Charges de personnel / Charges de personnel de production / Autres charges de personnel de production / Formation et formation continue,
,Indemnités de frais forfaitaires,expense,unspecified,debit,0,,Charges de personnel / Charges de personnel de production / Autres charges de personnel de production,,,,Charges de personnel / Charges de personnel de production / Autres charges de personnel de production / Indemnités de frais forfaitaires,
,Indemnités effectives,expense,unspecified,debit,0,,Charges de personnel / Charges de personnel de production / Autres charges de personnel de production,,,,Charges de personnel / Charges de personnel de production / Autres charges de personnel de production / Indemnités effectives,
,Recherche de personnel,expense,unspecified,debit,0,,Charges de personnel / Charges de personnel de production / Autres charges de personnel de production,,,,Charges de personnel / Charges de personnel de production / Autres charges de personnel de production / Recherche de personnel,
,Charges de personnel de production du secteur A,expense,group,debit,1,,Charges de personnel / Charges de personnel de production,,,,Charges de personnel / Charges de personnel de production / Charges de personnel de production du secteur A,
,Autres charges de personnel,expense,unspecified,debit,0,,Charges de personnel / Charges de personnel de production / Charges de personnel de production du secteur A,,,,Charges de personnel / Charges de personnel de production / Charges de personnel de production du secteur A / Autres charges de personnel,
,Charges sociales,expense,unspecified,debit,0,,Charges de personnel / Charges de personnel de production / Charges de personnel de production du secteur A,,,,Charges de personnel / Charges de personnel de production / Charges de personnel de production du secteur A / Charges sociales,
,Commissions,expense,unspecified,debit,0,,Charges de personnel / Charges de personnel de production / Charges de personnel de production du secteur A,,,,Charges de personnel / Charges de personnel de production / Charges de personnel de production du secteur A / Commissions,
,Mise à disposition de personnel,expense,unspecified,debit,0,,Charges de personnel / Charges de personnel de production / Charges de personnel de production du secteur A,,,,Charges de personnel / Charges de personnel de production / Charges de personnel de production du secteur A / Mise à disposition de personnel,
,Participations au bénéfice,expense,unspecified,debit,0,,Charges de personnel / Charges de personnel de production / Charges de personnel de production du secteur A,,,,Charges de personnel / Charges de personnel de production / Charges de personnel de production du secteur A / Participations au bénéfice,
,Prestations de travail de tiers,expense,unspecified,debit,0,,Charges de personnel / Charges de personnel de production / Charges de personnel de production du secteur A,,,,Charges de personnel / Charges de personnel de production / Charges de personnel de production du secteur A / Prestations de travail de tiers,
,Prestations des assurances sociales,expense,unspecified,debit,0,,Charges de personnel / Charges de personnel de production / Charges de personnel de production du secteur A,,,,Charges de personnel / Charges de personnel de production / Charges de personnel de production du secteur A / Prestations des assurances sociales,
,Salaires de production,expense,unspecified,debit,0,,Charges de personnel / Charges de personnel de production / Charges de personnel de production du secteur A,,,,Charges de personnel / Charges de personnel de production / Charges de personnel de production du secteur A / Salaires de production,
,Suppléments,expense,unspecified,debit,0,,Charges de personnel / Charges de personnel de production / Charges de personnel de production du secteur A,,,,Charges de personnel / Charges de personnel de production / Charges de personnel de production du secteur A / Suppléments,
,Charges sociales de production,expense,group,debit,1,,Charges de personnel / Charges de personnel de production,,,,Charges de personnel / Charges de personnel de production / Charges sociales de production,
,"AVS, AI, APG, assurance-chômage",expense,unspecified,debit,0,,Charges de personnel / Charges de personnel de production / Charges sociales de production,,,,"Charges de personnel / Charges de personnel de production / Charges sociales de production / AVS, AI, APG, assurance-chômage",
,Assurance indemnités journalières en cas maladie,expense,unspecified,debit,0,,Charges de personnel / Charges de personnel de production / Charges sociales de production,,,,Charges de personnel / Charges de personnel de production / Charges sociales de production / Assurance indemnités journalières en cas maladie,
,Assurance-accidents,expense,unspecified,debit,0,,Charges de personnel / Charges de personnel de production / Charges sociales de production,,,,Charges de personnel / Charges de personnel de production / Charges sociales de production / Assurance-accidents,
,Caisse de compensation familiale,expense,unspecified,debit,0,,Charges de personnel / Charges de personnel de production / Charges sociales de production,,,,Charges de personnel / Charges de personnel de production / Charges sociales de production / Caisse de compensation familiale,
,Impôts à la source,expense,unspecified,debit,0,,Charges de personnel / Charges de personnel de production / Charges sociales de production,,,,Charges de personnel / Charges de personnel de production / Charges sociales de production / Impôts à la source,
,Prévoyance professionnelle,expense,unspecified,debit,0,,Charges de personnel / Charges de personnel de production / Charges sociales de production,,,,Charges de personnel / Charges de personnel de production / Charges sociales de production / Prévoyance professionnelle,
,Prestations de travail de tiers dans la production,expense,group,debit,1,,Charges de personnel / Charges de personnel de production,,,,Charges de personnel / Charges de personnel de production / Prestations de travail de tiers dans la production,
,Employés temporaires,expense,unspecified,debit,0,,Charges de personnel / Charges de personnel de production / Prestations de travail de tiers dans la production,,,,Charges de personnel / Charges de personnel de production / Prestations de travail de tiers dans la production / Employés temporaires,
,Employés à la tâche,expense,unspecified,debit,0,,Charges de personnel / Charges de personnel de production / Prestations de travail de tiers dans la production,,,,Charges de personnel / Charges de personnel de production / Prestations de travail de tiers dans la production / Employés à la tâche,
,Charges de personnel pour la fourniture,expense,group,debit,1,,Charges de personnel,,,,Charges de personnel / Charges de personnel pour la fourniture,
,Autres charges de personnel pour les prestations,expense,group,debit,1,,Charges de personnel / Charges de personnel pour la fourniture,,,,Charges de personnel / Charges de personnel pour la fourniture / Autres charges de personnel pour les prestations,
,Autres charges de personnel,expense,unspecified,debit,0,,Charges de personnel / Charges de personnel pour la fourniture / Autres charges de personnel pour les prestations,,,,Charges de personnel / Charges de personnel pour la fourniture / Autres charges de personnel pour les prestations / Autres charges de personnel,
,Formation et formation continue,expense,unspecified,debit,0,,Charges de personnel / Charges de personnel pour la fourniture / Autres charges de personnel pour les prestations,,,,Charges de personnel / Charges de personnel pour la fourniture / Autres charges de personnel pour les prestations / Formation et formation continue,
,Indemnités de frais forfaitaires,expense,unspecified,debit,0,,Charges de personnel / Charges de personnel pour la fourniture / Autres charges de personnel pour les prestations,,,,Charges de personnel / Charges de personnel pour la fourniture / Autres charges de personnel pour les prestations / Indemnités de frais forfaitaires,
,Indemnités effectives,expense,unspecified,debit,0,,Charges de personnel / Charges de personnel pour la fourniture / Autres charges de personnel pour les prestations,,,,Charges de personnel / Charges de personnel pour la fourniture / Autres charges de personnel pour les prestations / Indemnités effectives,
,Recherche de personnel,expense,unspecified,debit,0,,Charges de personnel / Charges de personnel pour la fourniture / Autres charges de personnel pour les prestations,,,,Charges de personnel / Charges de personnel pour la fourniture / Autres charges de personnel pour les prestations / Recherche de personnel,
,Charges sociales pour les prestations de services,expense,group,debit,1,,Charges de personnel / Charges de personnel pour la fourniture,,,,Charges de personnel / Charges de personnel pour la fourniture / Charges sociales pour les prestations de services,
,"AVS, AI, APG, assurance-chômage",expense,unspecified,debit,0,,Charges de personnel / Charges de personnel pour la fourniture / Charges sociales pour les prestations de services,,,,"Charges de personnel / Charges de personnel pour la fourniture / Charges sociales pour les prestations de services / AVS, AI, APG, assurance-chômage",
,Assurance indemnités journalières en cas maladie,expense,unspecified,debit,0,,Charges de personnel / Charges de personnel pour la fourniture / Charges sociales pour les prestations de services,,,,Charges de personnel / Charges de personnel pour la fourniture / Charges sociales pour les prestations de services / Assurance indemnités journalières en cas maladie,
,Assurance-accidents,expense,unspecified,debit,0,,Charges de personnel / Charges de personnel pour la fourniture / Charges sociales pour les prestations de services,,,,Charges de personnel / Charges de personnel pour la fourniture / Charges sociales pour les prestations de services / Assurance-accidents,
,Caisse de compensation familiale,expense,unspecified,debit,0,,Charges de personnel / Charges de personnel pour la fourniture / Charges sociales pour les prestations de services,,,,Charges de personnel / Charges de personnel pour la fourniture / Charges sociales pour les prestations de services / Caisse de compensation familiale,
,Impôts à la source,expense,unspecified,debit,0,,Charges de personnel / Charges de personnel pour la fourniture / Charges sociales pour les prestations de services,,,,Charges de personnel / Charges de personnel pour la fourniture / Charges sociales pour les prestations de services / Impôts à la source,
,Prévoyance professionnelle,expense,unspecified,debit,0,,Charges de personnel / Charges de personnel pour la fourniture / Charges sociales pour les prestations de services,,,,Charges de personnel / Charges de personnel pour la fourniture / Charges sociales pour les prestations de services / Prévoyance professionnelle,
,Prestations de tiers pour les prestations service,expense,group,debit,1,,Charges de personnel / Charges de personnel pour la fourniture,,,,Charges de personnel / Charges de personnel pour la fourniture / Prestations de tiers pour les prestations service,
,Employés temporaires,expense,unspecified,debit,0,,Charges de personnel / Charges de personnel pour la fourniture / Prestations de tiers pour les prestations service,,,,Charges de personnel / Charges de personnel pour la fourniture / Prestations de tiers pour les prestations service / Employés temporaires,
,Salaires pour la fourniture des prestations serv.,expense,group,debit,1,,Charges de personnel / Charges de personnel pour la fourniture,,,,Charges de personnel / Charges de personnel pour la fourniture / Salaires pour la fourniture des prestations serv.,
,Autres charges de personnel,expense,unspecified,debit,0,,Charges de personnel / Charges de personnel pour la fourniture / Salaires pour la fourniture des prestations serv.,,,,Charges de personnel / Charges de personnel pour la fourniture / Salaires pour la fourniture des prestations serv. / Autres charges de personnel,
,Charges sociales,expense,unspecified,debit,0,,Charges de personnel / Charges de personnel pour la fourniture / Salaires pour la fourniture des prestations serv.,,,,Charges de personnel / Charges de personnel pour la fourniture / Salaires pour la fourniture des prestations serv. / Charges sociales,
,Commissions,expense,unspecified,debit,0,,Charges de personnel / Charges de personnel pour la fourniture / Salaires pour la fourniture des prestations serv.,,,,Charges de personnel / Charges de personnel pour la fourniture / Salaires pour la fourniture des prestations serv. / Commissions,
,Mise à disposition de personnel,expense,unspecified,debit,0,,Charges de personnel / Charges de personnel pour la fourniture / Salaires pour la fourniture des prestations serv.,,,,Charges de personnel / Charges de personnel pour la fourniture / Salaires pour la fourniture des prestations serv. / Mise à disposition de personnel,
,Participations au bénéfice,expense,unspecified,debit,0,,Charges de personnel / Charges de personnel pour la fourniture / Salaires pour la fourniture des prestations serv.,,,,Charges de personnel / Charges de personnel pour la fourniture / Salaires pour la fourniture des prestations serv. / Participations au bénéfice,
,Prestations de travail de tiers,expense,unspecified,debit,0,,Charges de personnel / Charges de personnel pour la fourniture / Salaires pour la fourniture des prestations serv.,,,,Charges de personnel / Charges de personnel pour la fourniture / Salaires pour la fourniture des prestations serv. / Prestations de travail de tiers,
,Prestations des assurances sociales,expense,unspecified,debit,0,,Charges de personnel / Charges de personnel pour la fourniture / Salaires pour la fourniture des prestations serv.,,,,Charges de personnel / Charges de personnel pour la fourniture / Salaires pour la fourniture des prestations serv. / Prestations des assurances sociales,
,Salaires pour la fourniture des prestations serv.A,expense,unspecified,debit,0,,Charges de personnel / Charges de personnel pour la fourniture / Salaires pour la fourniture des prestations serv.,,,,Charges de personnel / Charges de personnel pour la fourniture / Salaires pour la fourniture des prestations serv. / Salaires pour la fourniture des prestations serv.A,
,Suppléments,expense,unspecified,debit,0,,Charges de personnel / Charges de personnel pour la fourniture / Salaires pour la fourniture des prestations serv.,,,,Charges de personnel / Charges de personnel pour la fourniture / Salaires pour la fourniture des prestations serv. / Suppléments,
,Charges de personnel pour le commerce des march.,expense,group,debit,1,,Charges de personnel,,,,Charges de personnel / Charges de personnel pour le commerce des march.,
,Autres charges de personnel pour le commerce march,expense,group,debit,1,,Charges de personnel / Charges de personnel pour le commerce des march.,,,,Charges de personnel / Charges de personnel pour le commerce des march. / Autres charges de personnel pour le commerce march,
,Autres charges de personnel,expense,unspecified,debit,0,,Charges de personnel / Charges de personnel pour le commerce des march. / Autres charges de personnel pour le commerce march,,,,Charges de personnel / Charges de personnel pour le commerce des march. / Autres charges de personnel pour le commerce march / Autres charges de personnel,
,Formation et formation continue,expense,unspecified,debit,0,,Charges de personnel / Charges de personnel pour le commerce des march. / Autres charges de personnel pour le commerce march,,,,Charges de personnel / Charges de personnel pour le commerce des march. / Autres charges de personnel pour le commerce march / Formation et formation continue,
,Indemnités de frais forfaitaires,expense,unspecified,debit,0,,Charges de personnel / Charges de personnel pour le commerce des march. / Autres charges de personnel pour le commerce march,,,,Charges de personnel / Charges de personnel pour le commerce des march. / Autres charges de personnel pour le commerce march / Indemnités de frais forfaitaires,
,Indemnités effectives,expense,unspecified,debit,0,,Charges de personnel / Charges de personnel pour le commerce des march. / Autres charges de personnel pour le commerce march,,,,Charges de personnel / Charges de personnel pour le commerce des march. / Autres charges de personnel pour le commerce march / Indemnités effectives,
,Recherche de personnel,expense,unspecified,debit,0,,Charges de personnel / Charges de personnel pour le commerce des march. / Autres charges de personnel pour le commerce march,,,,Charges de personnel / Charges de personnel pour le commerce des march. / Autres charges de personnel pour le commerce march / Recherche de personnel,
,Charges de personnel pour le commerce A,expense,group,debit,1,,Charges de personnel / Charges de personnel pour le commerce des march.,,,,Charges de personnel / Charges de personnel pour le commerce des march. / Charges de personnel pour le commerce A,
,Autres charges de personnel,expense,unspecified,debit,0,,Charges de personnel / Charges de personnel pour le commerce des march. / Charges de personnel pour le commerce A,,,,Charges de personnel / Charges de personnel pour le commerce des march. / Charges de personnel pour le commerce A / Autres charges de personnel,
,Charges sociales,expense,unspecified,debit,0,,Charges de personnel / Charges de personnel pour le commerce des march. / Charges de personnel pour le commerce A,,,,Charges de personnel / Charges de personnel pour le commerce des march. / Charges de personnel pour le commerce A / Charges sociales,
,Commissions,expense,unspecified,debit,0,,Charges de personnel / Charges de personnel pour le commerce des march. / Charges de personnel pour le commerce A,,,,Charges de personnel / Charges de personnel pour le commerce des march. / Charges de personnel pour le commerce A / Commissions,
,Mise à disposition de personnel,expense,unspecified,debit,0,,Charges de personnel / Charges de personnel pour le commerce des march. / Charges de personnel pour le commerce A,,,,Charges de personnel / Charges de personnel pour le commerce des march. / Charges de personnel pour le commerce A / Mise à disposition de personnel,
,Participations au bénéfice,expense,unspecified,debit,0,,Charges de personnel / Charges de personnel pour le commerce des march. / Charges de personnel pour le commerce A,,,,Charges de personnel / Charges de personnel pour le commerce des march. / Charges de personnel pour le commerce A / Participations au bénéfice,
,Prestations de travail de tiers,expense,unspecified,debit,0,,Charges de personnel / Charges de personnel pour le commerce des march. / Charges de personnel pour le commerce A,,,,Charges de personnel / Charges de personnel pour le commerce des march. / Charges de personnel pour le commerce A / Prestations de travail de tiers,
,Prestations des assurances sociales,expense,unspecified,debit,0,,Charges de personnel / Charges de personnel pour le commerce des march. / Charges de personnel pour le commerce A,,,,Charges de personnel / Charges de personnel pour le commerce des march. / Charges de personnel pour le commerce A / Prestations des assurances sociales,
,Salaires pour le commerce des marchandises,expense,unspecified,debit,0,,Charges de personnel / Charges de personnel pour le commerce des march. / Charges de personnel pour le commerce A,,,,Charges de personnel / Charges de personnel pour le commerce des march. / Charges de personnel pour le commerce A / Salaires pour le commerce des marchandises,
,Suppléments,expense,unspecified,debit,0,,Charges de personnel / Charges de personnel pour le commerce des march. / Charges de personnel pour le commerce A,,,,Charges de personnel / Charges de personnel pour le commerce des march. / Charges de personnel pour le commerce A / Suppléments,
,Charges sociales pour le commerce des marchandises,expense,group,debit,1,,Charges de personnel / Charges de personnel pour le commerce des march.,,,,Charges de personnel / Charges de personnel pour le commerce des march. / Charges sociales pour le commerce des marchandises,
,"AVS, AI, APG, assurance-chômage",expense,unspecified,debit,0,,Charges de personnel / Charges de personnel pour le commerce des march. / Charges sociales pour le commerce des marchandises,,,,"Charges de personnel / Charges de personnel pour le commerce des march. / Charges sociales pour le commerce des marchandises / AVS, AI, APG, assurance-chômage",
,Assurance indemnités journalières en cas maladie,expense,unspecified,debit,0,,Charges de personnel / Charges de personnel pour le commerce des march. / Charges sociales pour le commerce des marchandises,,,,Charges de personnel / Charges de personnel pour le commerce des march. / Charges sociales pour le commerce des marchandises / Assurance indemnités journalières en cas maladie,
,Assurance-accidents,expense,unspecified,debit,0,,Charges de personnel / Charges de personnel pour le commerce des march. / Charges sociales pour le commerce des marchandises,,,,Charges de personnel / Charges de personnel pour le commerce des march. / Charges sociales pour le commerce des marchandises / Assurance-accidents,
,Caisse de compensation familiale,expense,unspecified,debit,0,,Charges de personnel / Charges de personnel pour le commerce des march. / Charges sociales pour le commerce des marchandises,,,,Charges de personnel / Charges de personnel pour le commerce des march. / Charges sociales pour le commerce des marchandises / Caisse de compensation familiale,
,Impôts à la source,expense,unspecified,debit,0,,Charges de personnel / Charges de personnel pour le commerce des march. / Charges sociales pour le commerce des marchandises,,,,Charges de personnel / Charges de personnel pour le commerce des march. / Charges sociales pour le commerce des marchandises / Impôts à la source,
,Prévoyance professionnelle,expense,unspecified,debit,0,,Charges de personnel / Charges de personnel pour le commerce des march. / Charges sociales pour le commerce des marchandises,,,,Charges de personnel / Charges de personnel pour le commerce des march. / Charges sociales pour le commerce des marchandises / Prévoyance professionnelle,
,Prestations de travail de tiers dans le commerce,expense,group,debit,1,,Charges de personnel / Charges de personnel pour le commerce des march.,,,,Charges de personnel / Charges de personnel pour le commerce des march. / Prestations de travail de tiers dans le commerce,
,Employés temporaires,expense,unspecified,debit,0,,Charges de personnel / Charges de personnel pour le commerce des march. / Prestations de travail de tiers dans le commerce,,,,Charges de personnel / Charges de personnel pour le commerce des march. / Prestations de travail de tiers dans le commerce / Employés temporaires,
,Charges sociales,expense,group,debit,1,,Charges de personnel,,,,Charges de personnel / Charges sociales,
,"AVS, AI, APG, assurance-chômage",expense,group,debit,1,,Charges de personnel / Charges sociales,,,,"Charges de personnel / Charges sociales / AVS, AI, APG, assurance-chômage",
,"AVS, AI, APG, assurance-chômage",expense,unspecified,debit,0,,"Charges de personnel / Charges sociales / AVS, AI, APG, assurance-chômage",,,,"Charges de personnel / Charges sociales / AVS, AI, APG, assurance-chômage / AVS, AI, APG, assurance-chômage",
,Assurance indemnités journalières en cas maladie,expense,group,debit,1,,Charges de personnel / Charges sociales,,,,Charges de personnel / Charges sociales / Assurance indemnités journalières en cas maladie,
,Assurance indemnités journalières en cas maladie,expense,unspecified,debit,0,,Charges de personnel / Charges sociales / Assurance indemnités journalières en cas maladie,,,,Charges de personnel / Charges sociales / Assurance indemnités journalières en cas maladie / Assurance indemnités journalières en cas maladie,
,Assurance-accidents,expense,group,debit,1,,Charges de personnel / Charges sociales,,,,Charges de personnel / Charges sociales / Assurance-accidents,
,Assurance-accidents,expense,unspecified,debit,0,,Charges de personnel / Charges sociales / Assurance-accidents,,,,Charges de personnel / Charges sociales / Assurance-accidents / Assurance-accidents,
,Caisse de compensation familiale,expense,group,debit,1,,Charges de personnel / Charges sociales,,,,Charges de personnel / Charges sociales / Caisse de compensation familiale,
,Caisse de compensation familiale,expense,unspecified,debit,0,,Charges de personnel / Charges sociales / Caisse de compensation familiale,,,,Charges de personnel / Charges sociales / Caisse de compensation familiale / Caisse de compensation familiale,
,Impôts à la source,expense,group,debit,1,,Charges de personnel / Charges sociales,,,,Charges de personnel / Charges sociales / Impôts à la source,
,Impôts à la source,expense,unspecified,debit,0,,Charges de personnel / Charges sociales / Impôts à la source,,,,Charges de personnel / Charges sociales / Impôts à la source / Impôts à la source,
,Prévoyance professionnelle,expense,group,debit,1,,Charges de personnel / Charges sociales,,,,Charges de personnel / Charges sociales / Prévoyance professionnelle,
,Prévoyance professionnelle,expense,unspecified,debit,0,,Charges de personnel / Charges sociales / Prévoyance professionnelle,,,,Charges de personnel / Charges sociales / Prévoyance professionnelle / Prévoyance professionnelle,
,Prestations de travail de tiers,expense,group,debit,1,,Charges de personnel,,,,Charges de personnel / Prestations de travail de tiers,
,Prestations de travail de tiers,expense,group,debit,1,,Charges de personnel / Prestations de travail de tiers,,,,Charges de personnel / Prestations de travail de tiers / Prestations de travail de tiers,
,Employés temporaires,expense,unspecified,debit,0,,Charges de personnel / Prestations de travail de tiers / Prestations de travail de tiers,,,,Charges de personnel / Prestations de travail de tiers / Prestations de travail de tiers / Employés temporaires,
,Employés à la tâche,expense,unspecified,debit,0,,Charges de personnel / Prestations de travail de tiers / Prestations de travail de tiers,,,,Charges de personnel / Prestations de travail de tiers / Prestations de travail de tiers / Employés à la tâche,
,"Chiffre d'affaires ventes, prestations services",income,group,credit,1,,,,,,"Chiffre d'affaires ventes, prestations services",
,Autres produits,income,group,credit,1,,"Chiffre d'affaires ventes, prestations services",,,,"Chiffre d'affaires ventes, prestations services / Autres produits",
,Autres produits c/ventes et prestations services,income,group,credit,1,,"Chiffre d'affaires ventes, prestations services / Autres produits",,,,"Chiffre d'affaires ventes, prestations services / Autres produits / Autres produits c/ventes et prestations services",
,Déductions sur les produits accessoires,income,unspecified,credit,0,,"Chiffre d'affaires ventes, prestations services / Autres produits / Autres produits c/ventes et prestations services",,,,"Chiffre d'affaires ventes, prestations services / Autres produits / Autres produits c/ventes et prestations services / Déductions sur les produits accessoires",
,Produits de travaux annexes d'exploitation,income,unspecified,credit,0,,"Chiffre d'affaires ventes, prestations services / Autres produits / Autres produits c/ventes et prestations services",,,,"Chiffre d'affaires ventes, prestations services / Autres produits / Autres produits c/ventes et prestations services / Produits de travaux annexes d'exploitation",
,Variations des stocks de travaux en cours,income,unspecified,credit,0,,"Chiffre d'affaires ventes, prestations services / Autres produits / Autres produits c/ventes et prestations services",,,,"Chiffre d'affaires ventes, prestations services / Autres produits / Autres produits c/ventes et prestations services / Variations des stocks de travaux en cours",
,Ventes de déchets,income,unspecified,credit,0,,"Chiffre d'affaires ventes, prestations services / Autres produits / Autres produits c/ventes et prestations services",,,,"Chiffre d'affaires ventes, prestations services / Autres produits / Autres produits c/ventes et prestations services / Ventes de déchets",
,Ventes de matières auxiliaires,income,unspecified,credit,0,,"Chiffre d'affaires ventes, prestations services / Autres produits / Autres produits c/ventes et prestations services",,,,"Chiffre d'affaires ventes, prestations services / Autres produits / Autres produits c/ventes et prestations services / Ventes de matières auxiliaires",
,Ventes de matières premières,income,unspecified,credit,0,,"Chiffre d'affaires ventes, prestations services / Autres produits / Autres produits c/ventes et prestations services",,,,"Chiffre d'affaires ventes, prestations services / Autres produits / Autres produits c/ventes et prestations services / Ventes de matières premières",
,Autres produits prestations services stés groupe,income,group,credit,1,,"Chiffre d'affaires ventes, prestations services / Autres produits",,,,"Chiffre d'affaires ventes, prestations services / Autres produits / Autres produits prestations services stés groupe",
,Autres produits prestations services stés groupe,income,unspecified,credit,0,,"Chiffre d'affaires ventes, prestations services / Autres produits / Autres produits prestations services stés groupe",,,,"Chiffre d'affaires ventes, prestations services / Autres produits / Autres produits prestations services stés groupe / Autres produits prestations services stés groupe",
,Déductions s/les autres produits,income,group,credit,1,,"Chiffre d'affaires ventes, prestations services / Autres produits",,,,"Chiffre d'affaires ventes, prestations services / Autres produits / Déductions s/les autres produits",
,Escomptes s/ventes,income,unspecified,credit,0,,"Chiffre d'affaires ventes, prestations services / Autres produits / Déductions s/les autres produits",,,,"Chiffre d'affaires ventes, prestations services / Autres produits / Déductions s/les autres produits / Escomptes s/ventes",
,Rabais et réductions de prix,income,unspecified,credit,0,,"Chiffre d'affaires ventes, prestations services / Autres produits / Déductions s/les autres produits",,,,"Chiffre d'affaires ventes, prestations services / Autres produits / Déductions s/les autres produits / Rabais et réductions de prix",
,Produits c/mise à disposition du personnel,income,group,credit,1,,"Chiffre d'affaires ventes, prestations services / Autres produits",,,,"Chiffre d'affaires ventes, prestations services / Autres produits / Produits c/mise à disposition du personnel",
,Produits c/mise à disposition du personnel,income,unspecified,credit,0,,"Chiffre d'affaires ventes, prestations services / Autres produits / Produits c/mise à disposition du personnel",,,,"Chiffre d'affaires ventes, prestations services / Autres produits / Produits c/mise à disposition du personnel / Produits c/mise à disposition du personnel",
,"Produits des licences, des brevets, etc.",income,group,credit,1,,"Chiffre d'affaires ventes, prestations services / Autres produits",,,,"Chiffre d'affaires ventes, prestations services / Autres produits / Produits des licences, des brevets, etc.",
,Droits de douane,income,unspecified,credit,0,,"Chiffre d'affaires ventes, prestations services / Autres produits / Produits des licences, des brevets, etc.",,,,"Chiffre d'affaires ventes, prestations services / Autres produits / Produits des licences, des brevets, etc. / Droits de douane",
,"Déductions s/produits des licences, brevets.etc.",income,unspecified,credit,0,,"Chiffre d'affaires ventes, prestations services / Autres produits / Produits des licences, des brevets, etc.",,,,"Chiffre d'affaires ventes, prestations services / Autres produits / Produits des licences, des brevets, etc. / Déductions s/produits des licences, brevets.etc.",
,Produits de licence pour brevet X,income,unspecified,credit,0,,"Chiffre d'affaires ventes, prestations services / Autres produits / Produits des licences, des brevets, etc.",,,,"Chiffre d'affaires ventes, prestations services / Autres produits / Produits des licences, des brevets, etc. / Produits de licence pour brevet X",
,Produits de licence pour brevet Y,income,unspecified,credit,0,,"Chiffre d'affaires ventes, prestations services / Autres produits / Produits des licences, des brevets, etc.",,,,"Chiffre d'affaires ventes, prestations services / Autres produits / Produits des licences, des brevets, etc. / Produits de licence pour brevet Y",
,Chiffre d'affaires brut de la production vendue,income,group,credit,1,,"Chiffre d'affaires ventes, prestations services",,,,"Chiffre d'affaires ventes, prestations services / Chiffre d'affaires brut de la production vendue",
,Caf brut de la production livrée à des stés groupe,income,group,credit,1,,"Chiffre d'affaires ventes, prestations services / Chiffre d'affaires brut de la production vendue",,,,"Chiffre d'affaires ventes, prestations services / Chiffre d'affaires brut de la production vendue / Caf brut de la production livrée à des stés groupe",
,Retours de marchandises,income,unspecified,credit,0,,"Chiffre d'affaires ventes, prestations services / Chiffre d'affaires brut de la production vendue / Caf brut de la production livrée à des stés groupe",,,,"Chiffre d'affaires ventes, prestations services / Chiffre d'affaires brut de la production vendue / Caf brut de la production livrée à des stés groupe / Retours de marchandises",
,Caf brut de la production vendue secteur A,income,group,credit,1,,"Chiffre d'affaires ventes, prestations services / Chiffre d'affaires brut de la production vendue",,,,"Chiffre d'affaires ventes, prestations services / Chiffre d'affaires brut de la production vendue / Caf brut de la production vendue secteur A",
,Chiffre d'affaires brut du produit X,income,unspecified,credit,0,,"Chiffre d'affaires ventes, prestations services / Chiffre d'affaires brut de la production vendue / Caf brut de la production vendue secteur A",,,,"Chiffre d'affaires ventes, prestations services / Chiffre d'affaires brut de la production vendue / Caf brut de la production vendue secteur A / Chiffre d'affaires brut du produit X",
,Chiffre d'affaires brut du produit Y,income,unspecified,credit,0,,"Chiffre d'affaires ventes, prestations services / Chiffre d'affaires brut de la production vendue / Caf brut de la production vendue secteur A",,,,"Chiffre d'affaires ventes, prestations services / Chiffre d'affaires brut de la production vendue / Caf brut de la production vendue secteur A / Chiffre d'affaires brut du produit Y",
,Chiffre d'affaires brut prestations annexes,income,unspecified,credit,0,,"Chiffre d'affaires ventes, prestations services / Chiffre d'affaires brut de la production vendue / Caf brut de la production vendue secteur A",,,,"Chiffre d'affaires ventes, prestations services / Chiffre d'affaires brut de la production vendue / Caf brut de la production vendue secteur A / Chiffre d'affaires brut prestations annexes",
,Déductions sur le chiffre d'affaires,income,unspecified,credit,0,,"Chiffre d'affaires ventes, prestations services / Chiffre d'affaires brut de la production vendue / Caf brut de la production vendue secteur A",,,,"Chiffre d'affaires ventes, prestations services / Chiffre d'affaires brut de la production vendue / Caf brut de la production vendue secteur A / Déductions sur le chiffre d'affaires",
,Variations des stocks de produits en cours / finis,income,unspecified,credit,0,,"Chiffre d'affaires ventes, prestations services / Chiffre d'affaires brut de la production vendue / Caf brut de la production vendue secteur A",,,,"Chiffre d'affaires ventes, prestations services / Chiffre d'affaires brut de la production vendue / Caf brut de la production vendue secteur A / Variations des stocks de produits en cours / finis",
,Caf brut de la production vendue secteur B,income,group,credit,1,,"Chiffre d'affaires ventes, prestations services / Chiffre d'affaires brut de la production vendue",,,,"Chiffre d'affaires ventes, prestations services / Chiffre d'affaires brut de la production vendue / Caf brut de la production vendue secteur B",
,Chiffre d'affaires brut au comptant,income,unspecified,credit,0,,"Chiffre d'affaires ventes, prestations services / Chiffre d'affaires brut de la production vendue / Caf brut de la production vendue secteur B",,,,"Chiffre d'affaires ventes, prestations services / Chiffre d'affaires brut de la production vendue / Caf brut de la production vendue secteur B / Chiffre d'affaires brut au comptant",
,Chiffre d'affaires brut des ventes de détail,income,unspecified,credit,0,,"Chiffre d'affaires ventes, prestations services / Chiffre d'affaires brut de la production vendue / Caf brut de la production vendue secteur B",,,,"Chiffre d'affaires ventes, prestations services / Chiffre d'affaires brut de la production vendue / Caf brut de la production vendue secteur B / Chiffre d'affaires brut des ventes de détail",
,Chiffre d'affaires brut des ventes en gros,income,unspecified,credit,0,,"Chiffre d'affaires ventes, prestations services / Chiffre d'affaires brut de la production vendue / Caf brut de la production vendue secteur B",,,,"Chiffre d'affaires ventes, prestations services / Chiffre d'affaires brut de la production vendue / Caf brut de la production vendue secteur B / Chiffre d'affaires brut des ventes en gros",
,Caf brut de la production vendue secteur C,income,group,credit,1,,"Chiffre d'affaires ventes, prestations services / Chiffre d'affaires brut de la production vendue",,,,"Chiffre d'affaires ventes, prestations services / Chiffre d'affaires brut de la production vendue / Caf brut de la production vendue secteur C",
,Chiffre d'affaires brut TVA avec déduction IP,income,unspecified,credit,0,,"Chiffre d'affaires ventes, prestations services / Chiffre d'affaires brut de la production vendue / Caf brut de la production vendue secteur C",,,,"Chiffre d'affaires ventes, prestations services / Chiffre d'affaires brut de la production vendue / Caf brut de la production vendue secteur C / Chiffre d'affaires brut TVA avec déduction IP",
,Chiffre d'affaires brut TVA sans déduction IP,income,unspecified,credit,0,,"Chiffre d'affaires ventes, prestations services / Chiffre d'affaires brut de la production vendue / Caf brut de la production vendue secteur C",,,,"Chiffre d'affaires ventes, prestations services / Chiffre d'affaires brut de la production vendue / Caf brut de la production vendue secteur C / Chiffre d'affaires brut TVA sans déduction IP",
,Chiffre d'affaires brut TVA taux normal,income,unspecified,credit,0,,"Chiffre d'affaires ventes, prestations services / Chiffre d'affaires brut de la production vendue / Caf brut de la production vendue secteur C",,,,"Chiffre d'affaires ventes, prestations services / Chiffre d'affaires brut de la production vendue / Caf brut de la production vendue secteur C / Chiffre d'affaires brut TVA taux normal",
,Chiffre d'affaires brut TVA taux réduit,income,unspecified,credit,0,,"Chiffre d'affaires ventes, prestations services / Chiffre d'affaires brut de la production vendue / Caf brut de la production vendue secteur C",,,,"Chiffre d'affaires ventes, prestations services / Chiffre d'affaires brut de la production vendue / Caf brut de la production vendue secteur C / Chiffre d'affaires brut TVA taux réduit",
,Chiffre d'affaires brut TVA taux zéro,income,unspecified,credit,0,,"Chiffre d'affaires ventes, prestations services / Chiffre d'affaires brut de la production vendue / Caf brut de la production vendue secteur C",,,,"Chiffre d'affaires ventes, prestations services / Chiffre d'affaires brut de la production vendue / Caf brut de la production vendue secteur C / Chiffre d'affaires brut TVA taux zéro",
,Déductions sur le caf de la production vendue,income,group,credit,1,,"Chiffre d'affaires ventes, prestations services / Chiffre d'affaires brut de la production vendue",,,,"Chiffre d'affaires ventes, prestations services / Chiffre d'affaires brut de la production vendue / Déductions sur le caf de la production vendue",
,Commissions de tiers,income,unspecified,credit,0,,"Chiffre d'affaires ventes, prestations services / Chiffre d'affaires brut de la production vendue / Déductions sur le caf de la production vendue",,,,"Chiffre d'affaires ventes, prestations services / Chiffre d'affaires brut de la production vendue / Déductions sur le caf de la production vendue / Commissions de tiers",
,Différences de change s/vente,income,unspecified,credit,0,,"Chiffre d'affaires ventes, prestations services / Chiffre d'affaires brut de la production vendue / Déductions sur le caf de la production vendue",,,,"Chiffre d'affaires ventes, prestations services / Chiffre d'affaires brut de la production vendue / Déductions sur le caf de la production vendue / Différences de change s/vente",
,Escomptes s/ventes,income,unspecified,credit,0,,"Chiffre d'affaires ventes, prestations services / Chiffre d'affaires brut de la production vendue / Déductions sur le caf de la production vendue",,,,"Chiffre d'affaires ventes, prestations services / Chiffre d'affaires brut de la production vendue / Déductions sur le caf de la production vendue / Escomptes s/ventes",
,Frais d'encaissement,income,unspecified,credit,0,,"Chiffre d'affaires ventes, prestations services / Chiffre d'affaires brut de la production vendue / Déductions sur le caf de la production vendue",,,,"Chiffre d'affaires ventes, prestations services / Chiffre d'affaires brut de la production vendue / Déductions sur le caf de la production vendue / Frais d'encaissement",
,Frets et ports,income,unspecified,credit,0,,"Chiffre d'affaires ventes, prestations services / Chiffre d'affaires brut de la production vendue / Déductions sur le caf de la production vendue",,,,"Chiffre d'affaires ventes, prestations services / Chiffre d'affaires brut de la production vendue / Déductions sur le caf de la production vendue / Frets et ports",
,Pertes sur clients,income,unspecified,credit,0,,"Chiffre d'affaires ventes, prestations services / Chiffre d'affaires brut de la production vendue / Déductions sur le caf de la production vendue",,,,"Chiffre d'affaires ventes, prestations services / Chiffre d'affaires brut de la production vendue / Déductions sur le caf de la production vendue / Pertes sur clients",
,Rabais et réductions de prix,income,unspecified,credit,0,,"Chiffre d'affaires ventes, prestations services / Chiffre d'affaires brut de la production vendue / Déductions sur le caf de la production vendue",,,,"Chiffre d'affaires ventes, prestations services / Chiffre d'affaires brut de la production vendue / Déductions sur le caf de la production vendue / Rabais et réductions de prix",
,Remises s/ventes,income,unspecified,credit,0,,"Chiffre d'affaires ventes, prestations services / Chiffre d'affaires brut de la production vendue / Déductions sur le caf de la production vendue",,,,"Chiffre d'affaires ventes, prestations services / Chiffre d'affaires brut de la production vendue / Déductions sur le caf de la production vendue / Remises s/ventes",
,Variations des stocks de produits en cours/finis,income,group,credit,1,,"Chiffre d'affaires ventes, prestations services / Chiffre d'affaires brut de la production vendue",,,,"Chiffre d'affaires ventes, prestations services / Chiffre d'affaires brut de la production vendue / Variations des stocks de produits en cours/finis",
,Variations des stocks de produits en cours/finis,income,unspecified,credit,0,,"Chiffre d'affaires ventes, prestations services / Chiffre d'affaires brut de la production vendue / Variations des stocks de produits en cours/finis",,,,"Chiffre d'affaires ventes, prestations services / Chiffre d'affaires brut de la production vendue / Variations des stocks de produits en cours/finis / Variations des stocks de produits en cours/finis",
,Déductions s/produits des ventes,income,group,credit,1,,"Chiffre d'affaires ventes, prestations services",,,,"Chiffre d'affaires ventes, prestations services / Déductions s/produits des ventes",
,Déductions s/produits,income,group,credit,1,,"Chiffre d'affaires ventes, prestations services / Déductions s/produits des ventes",,,,"Chiffre d'affaires ventes, prestations services / Déductions s/produits des ventes / Déductions s/produits",
,Différences de change s/vente,income,unspecified,credit,0,,"Chiffre d'affaires ventes, prestations services / Déductions s/produits des ventes / Déductions s/produits",,,,"Chiffre d'affaires ventes, prestations services / Déductions s/produits des ventes / Déductions s/produits / Différences de change s/vente",
,Escomptes s/ventes,income,unspecified,credit,0,,"Chiffre d'affaires ventes, prestations services / Déductions s/produits des ventes / Déductions s/produits",,,,"Chiffre d'affaires ventes, prestations services / Déductions s/produits des ventes / Déductions s/produits / Escomptes s/ventes",
,Frets et ports,income,unspecified,credit,0,,"Chiffre d'affaires ventes, prestations services / Déductions s/produits des ventes / Déductions s/produits",,,,"Chiffre d'affaires ventes, prestations services / Déductions s/produits des ventes / Déductions s/produits / Frets et ports",
,Pertes s/clients,income,unspecified,credit,0,,"Chiffre d'affaires ventes, prestations services / Déductions s/produits des ventes / Déductions s/produits",,,,"Chiffre d'affaires ventes, prestations services / Déductions s/produits des ventes / Déductions s/produits / Pertes s/clients",
,Prestations propres et consommations propres,income,group,credit,1,,"Chiffre d'affaires ventes, prestations services",,,,"Chiffre d'affaires ventes, prestations services / Prestations propres et consommations propres",
,Consommations propres de marchandises,income,group,credit,1,,"Chiffre d'affaires ventes, prestations services / Prestations propres et consommations propres",,,,"Chiffre d'affaires ventes, prestations services / Prestations propres et consommations propres / Consommations propres de marchandises",
,Consommation propre article X,income,unspecified,credit,0,,"Chiffre d'affaires ventes, prestations services / Prestations propres et consommations propres / Consommations propres de marchandises",,,,"Chiffre d'affaires ventes, prestations services / Prestations propres et consommations propres / Consommations propres de marchandises / Consommation propre article X",
,Consommation propre article Y,income,unspecified,credit,0,,"Chiffre d'affaires ventes, prestations services / Prestations propres et consommations propres / Consommations propres de marchandises",,,,"Chiffre d'affaires ventes, prestations services / Prestations propres et consommations propres / Consommations propres de marchandises / Consommation propre article Y",
,Consommations propres de services,income,group,credit,1,,"Chiffre d'affaires ventes, prestations services / Prestations propres et consommations propres",,,,"Chiffre d'affaires ventes, prestations services / Prestations propres et consommations propres / Consommations propres de services",
,Consommation propre du service X,income,unspecified,credit,0,,"Chiffre d'affaires ventes, prestations services / Prestations propres et consommations propres / Consommations propres de services",,,,"Chiffre d'affaires ventes, prestations services / Prestations propres et consommations propres / Consommations propres de services / Consommation propre du service X",
,Consommation propre du service Y,income,unspecified,credit,0,,"Chiffre d'affaires ventes, prestations services / Prestations propres et consommations propres / Consommations propres de services",,,,"Chiffre d'affaires ventes, prestations services / Prestations propres et consommations propres / Consommations propres de services / Consommation propre du service Y",
,Consommations propres pour propre production,income,group,credit,1,,"Chiffre d'affaires ventes, prestations services / Prestations propres et consommations propres",,,,"Chiffre d'affaires ventes, prestations services / Prestations propres et consommations propres / Consommations propres pour propre production",
,Consommation propre produit X,income,unspecified,credit,0,,"Chiffre d'affaires ventes, prestations services / Prestations propres et consommations propres / Consommations propres pour propre production",,,,"Chiffre d'affaires ventes, prestations services / Prestations propres et consommations propres / Consommations propres pour propre production / Consommation propre produit X",
,Consommation propre produit Y,income,unspecified,credit,0,,"Chiffre d'affaires ventes, prestations services / Prestations propres et consommations propres / Consommations propres pour propre production",,,,"Chiffre d'affaires ventes, prestations services / Prestations propres et consommations propres / Consommations propres pour propre production / Consommation propre produit Y",
,Prestations propres,income,group,credit,1,,"Chiffre d'affaires ventes, prestations services / Prestations propres et consommations propres",,,,"Chiffre d'affaires ventes, prestations services / Prestations propres et consommations propres / Prestations propres",
,Production propre d'immobi. corporelles immeubles,income,unspecified,credit,0,,"Chiffre d'affaires ventes, prestations services / Prestations propres et consommations propres / Prestations propres",,,,"Chiffre d'affaires ventes, prestations services / Prestations propres et consommations propres / Prestations propres / Production propre d'immobi. corporelles immeubles",
,Production propre d'immobi. corporelles meubles,income,unspecified,credit,0,,"Chiffre d'affaires ventes, prestations services / Prestations propres et consommations propres / Prestations propres",,,,"Chiffre d'affaires ventes, prestations services / Prestations propres et consommations propres / Prestations propres / Production propre d'immobi. corporelles meubles",
,Réparations propres d'immobi. corporelles meubles,income,unspecified,credit,0,,"Chiffre d'affaires ventes, prestations services / Prestations propres et consommations propres / Prestations propres",,,,"Chiffre d'affaires ventes, prestations services / Prestations propres et consommations propres / Prestations propres / Réparations propres d'immobi. corporelles meubles",
,Réparations propres d'immobi.corporelles immeubles,income,unspecified,credit,0,,"Chiffre d'affaires ventes, prestations services / Prestations propres et consommations propres / Prestations propres",,,,"Chiffre d'affaires ventes, prestations services / Prestations propres et consommations propres / Prestations propres / Réparations propres d'immobi.corporelles immeubles",
,Variations de stocks de produits et services,income,group,credit,1,,"Chiffre d'affaires ventes, prestations services",,,,"Chiffre d'affaires ventes, prestations services / Variations de stocks de produits et services",
,Variations de stocks de produits et services,income,group,credit,1,,"Chiffre d'affaires ventes, prestations services / Variations de stocks de produits et services",,,,"Chiffre d'affaires ventes, prestations services / Variations de stocks de produits et services / Variations de stocks de produits et services",
,Variations de stocks de produits en cours,income,unspecified,credit,0,,"Chiffre d'affaires ventes, prestations services / Variations de stocks de produits et services / Variations de stocks de produits et services",,,,"Chiffre d'affaires ventes, prestations services / Variations de stocks de produits et services / Variations de stocks de produits et services / Variations de stocks de produits en cours",
,Variations de stocks de produits finis,income,unspecified,credit,0,,"Chiffre d'affaires ventes, prestations services / Variations de stocks de produits et services / Variations de stocks de produits et services",,,,"Chiffre d'affaires ventes, prestations services / Variations de stocks de produits et services / Variations de stocks de produits et services / Variations de stocks de produits finis",
,Variations de stocks de services,income,group,credit,1,,"Chiffre d'affaires ventes, prestations services / Variations de stocks de produits et services",,,,"Chiffre d'affaires ventes, prestations services / Variations de stocks de produits et services / Variations de stocks de services",
,Variations de stocks de services en cours,income,unspecified,credit,0,,"Chiffre d'affaires ventes, prestations services / Variations de stocks de produits et services / Variations de stocks de services",,,,"Chiffre d'affaires ventes, prestations services / Variations de stocks de produits et services / Variations de stocks de services / Variations de stocks de services en cours",
,Variations de stocks de services terminés,income,unspecified,credit,0,,"Chiffre d'affaires ventes, prestations services / Variations de stocks de produits et services / Variations de stocks de services",,,,"Chiffre d'affaires ventes, prestations services / Variations de stocks de produits et services / Variations de stocks de services / Variations de stocks de services terminés",
,Ventes de marchandises,income,group,credit,1,,"Chiffre d'affaires ventes, prestations services",,,,"Chiffre d'affaires ventes, prestations services / Ventes de marchandises",
,Déductions sur les ventes de marchandises,income,group,credit,1,,"Chiffre d'affaires ventes, prestations services / Ventes de marchandises",,,,"Chiffre d'affaires ventes, prestations services / Ventes de marchandises / Déductions sur les ventes de marchandises",
,Commissions de tiers,income,unspecified,credit,0,,"Chiffre d'affaires ventes, prestations services / Ventes de marchandises / Déductions sur les ventes de marchandises",,,,"Chiffre d'affaires ventes, prestations services / Ventes de marchandises / Déductions sur les ventes de marchandises / Commissions de tiers",
,Différences de change s/vente,income,unspecified,credit,0,,"Chiffre d'affaires ventes, prestations services / Ventes de marchandises / Déductions sur les ventes de marchandises",,,,"Chiffre d'affaires ventes, prestations services / Ventes de marchandises / Déductions sur les ventes de marchandises / Différences de change s/vente",
,Escomptes s/ventes,income,unspecified,credit,0,,"Chiffre d'affaires ventes, prestations services / Ventes de marchandises / Déductions sur les ventes de marchandises",,,,"Chiffre d'affaires ventes, prestations services / Ventes de marchandises / Déductions sur les ventes de marchandises / Escomptes s/ventes",
,Frais d'encaissement,income,unspecified,credit,0,,"Chiffre d'affaires ventes, prestations services / Ventes de marchandises / Déductions sur les ventes de marchandises",,,,"Chiffre d'affaires ventes, prestations services / Ventes de marchandises / Déductions sur les ventes de marchandises / Frais d'encaissement",
,Frets et ports,income,unspecified,credit,0,,"Chiffre d'affaires ventes, prestations services / Ventes de marchandises / Déductions sur les ventes de marchandises",,,,"Chiffre d'affaires ventes, prestations services / Ventes de marchandises / Déductions sur les ventes de marchandises / Frets et ports",
,Pertes sur clients,income,unspecified,credit,0,,"Chiffre d'affaires ventes, prestations services / Ventes de marchandises / Déductions sur les ventes de marchandises",,,,"Chiffre d'affaires ventes, prestations services / Ventes de marchandises / Déductions sur les ventes de marchandises / Pertes sur clients",
,Rabais et réductions de prix,income,unspecified,credit,0,,"Chiffre d'affaires ventes, prestations services / Ventes de marchandises / Déductions sur les ventes de marchandises",,,,"Chiffre d'affaires ventes, prestations services / Ventes de marchandises / Déductions sur les ventes de marchandises / Rabais et réductions de prix",
,Remises s/ventes,income,unspecified,credit,0,,"Chiffre d'affaires ventes, prestations services / Ventes de marchandises / Déductions sur les ventes de marchandises",,,,"Chiffre d'affaires ventes, prestations services / Ventes de marchandises / Déductions sur les ventes de marchandises / Remises s/ventes",
,Ventes brutes de marchandises secteur A,income,group,credit,1,,"Chiffre d'affaires ventes, prestations services / Ventes de marchandises",,,,"Chiffre d'affaires ventes, prestations services / Ventes de marchandises / Ventes brutes de marchandises secteur A",
,Déductions sur les ventes,income,unspecified,credit,0,,"Chiffre d'affaires ventes, prestations services / Ventes de marchandises / Ventes brutes de marchandises secteur A",,,,"Chiffre d'affaires ventes, prestations services / Ventes de marchandises / Ventes brutes de marchandises secteur A / Déductions sur les ventes",
,Ventes brutes de l'article X,income,unspecified,credit,0,,"Chiffre d'affaires ventes, prestations services / Ventes de marchandises / Ventes brutes de marchandises secteur A",,,,"Chiffre d'affaires ventes, prestations services / Ventes de marchandises / Ventes brutes de marchandises secteur A / Ventes brutes de l'article X",
,Ventes brutes de l'article Y,income,unspecified,credit,0,,"Chiffre d'affaires ventes, prestations services / Ventes de marchandises / Ventes brutes de marchandises secteur A",,,,"Chiffre d'affaires ventes, prestations services / Ventes de marchandises / Ventes brutes de marchandises secteur A / Ventes brutes de l'article Y",
,Ventes brutes de marchandises secteur B,income,group,credit,1,,"Chiffre d'affaires ventes, prestations services / Ventes de marchandises",,,,"Chiffre d'affaires ventes, prestations services / Ventes de marchandises / Ventes brutes de marchandises secteur B",
,Ventes brutes au comptant,income,unspecified,credit,0,,"Chiffre d'affaires ventes, prestations services / Ventes de marchandises / Ventes brutes de marchandises secteur B",,,,"Chiffre d'affaires ventes, prestations services / Ventes de marchandises / Ventes brutes de marchandises secteur B / Ventes brutes au comptant",
,Ventes de détail brutes à crédit,income,unspecified,credit,0,,"Chiffre d'affaires ventes, prestations services / Ventes de marchandises / Ventes brutes de marchandises secteur B",,,,"Chiffre d'affaires ventes, prestations services / Ventes de marchandises / Ventes brutes de marchandises secteur B / Ventes de détail brutes à crédit",
,Ventes en gros brutes à crédit,income,unspecified,credit,0,,"Chiffre d'affaires ventes, prestations services / Ventes de marchandises / Ventes brutes de marchandises secteur B",,,,"Chiffre d'affaires ventes, prestations services / Ventes de marchandises / Ventes brutes de marchandises secteur B / Ventes en gros brutes à crédit",
,Ventes brutes de marchandises secteur C,income,group,credit,1,,"Chiffre d'affaires ventes, prestations services / Ventes de marchandises",,,,"Chiffre d'affaires ventes, prestations services / Ventes de marchandises / Ventes brutes de marchandises secteur C",
,Ventes brutes TVA avec déduction IP,income,unspecified,credit,0,,"Chiffre d'affaires ventes, prestations services / Ventes de marchandises / Ventes brutes de marchandises secteur C",,,,"Chiffre d'affaires ventes, prestations services / Ventes de marchandises / Ventes brutes de marchandises secteur C / Ventes brutes TVA avec déduction IP",
,Ventes brutes TVA sans déduction IP,income,unspecified,credit,0,,"Chiffre d'affaires ventes, prestations services / Ventes de marchandises / Ventes brutes de marchandises secteur C",,,,"Chiffre d'affaires ventes, prestations services / Ventes de marchandises / Ventes brutes de marchandises secteur C / Ventes brutes TVA sans déduction IP",
,Ventes brutes TVA taux normal,income,unspecified,credit,0,,"Chiffre d'affaires ventes, prestations services / Ventes de marchandises / Ventes brutes de marchandises secteur C",,,,"Chiffre d'affaires ventes, prestations services / Ventes de marchandises / Ventes brutes de marchandises secteur C / Ventes brutes TVA taux normal",
,Ventes brutes TVA taux réduit,income,unspecified,credit,0,,"Chiffre d'affaires ventes, prestations services / Ventes de marchandises / Ventes brutes de marchandises secteur C",,,,"Chiffre d'affaires ventes, prestations services / Ventes de marchandises / Ventes brutes de marchandises secteur C / Ventes brutes TVA taux réduit",
,Ventes brutes de prestations annexes exploitation,income,unspecified,credit,0,,"Chiffre d'affaires ventes, prestations services / Ventes de marchandises / Ventes brutes de marchandises secteur C",,,,"Chiffre d'affaires ventes, prestations services / Ventes de marchandises / Ventes brutes de marchandises secteur C / Ventes brutes de prestations annexes exploitation",
,Ventes brutes de marchandises stés groupe,income,group,credit,1,,"Chiffre d'affaires ventes, prestations services / Ventes de marchandises",,,,"Chiffre d'affaires ventes, prestations services / Ventes de marchandises / Ventes brutes de marchandises stés groupe",
,Ventes brutes de marchandises stés groupe,income,unspecified,credit,0,,"Chiffre d'affaires ventes, prestations services / Ventes de marchandises / Ventes brutes de marchandises stés groupe",,,,"Chiffre d'affaires ventes, prestations services / Ventes de marchandises / Ventes brutes de marchandises stés groupe / Ventes brutes de marchandises stés groupe",
,Ventes de prestations de services,income,group,credit,1,,"Chiffre d'affaires ventes, prestations services",,,,"Chiffre d'affaires ventes, prestations services / Ventes de prestations de services",
,Déductions s/ventes prestations de services,income,group,credit,1,,"Chiffre d'affaires ventes, prestations services / Ventes de prestations de services",,,,"Chiffre d'affaires ventes, prestations services / Ventes de prestations de services / Déductions s/ventes prestations de services",
,Commissions de tiers,income,unspecified,credit,0,,"Chiffre d'affaires ventes, prestations services / Ventes de prestations de services / Déductions s/ventes prestations de services",,,,"Chiffre d'affaires ventes, prestations services / Ventes de prestations de services / Déductions s/ventes prestations de services / Commissions de tiers",
,Différences de change s/vente,income,unspecified,credit,0,,"Chiffre d'affaires ventes, prestations services / Ventes de prestations de services / Déductions s/ventes prestations de services",,,,"Chiffre d'affaires ventes, prestations services / Ventes de prestations de services / Déductions s/ventes prestations de services / Différences de change s/vente",
,Escomptes s/ventes,income,unspecified,credit,0,,"Chiffre d'affaires ventes, prestations services / Ventes de prestations de services / Déductions s/ventes prestations de services",,,,"Chiffre d'affaires ventes, prestations services / Ventes de prestations de services / Déductions s/ventes prestations de services / Escomptes s/ventes",
,Frais d'encaissement,income,unspecified,credit,0,,"Chiffre d'affaires ventes, prestations services / Ventes de prestations de services / Déductions s/ventes prestations de services",,,,"Chiffre d'affaires ventes, prestations services / Ventes de prestations de services / Déductions s/ventes prestations de services / Frais d'encaissement",
,Pertes sur clients,income,unspecified,credit,0,,"Chiffre d'affaires ventes, prestations services / Ventes de prestations de services / Déductions s/ventes prestations de services",,,,"Chiffre d'affaires ventes, prestations services / Ventes de prestations de services / Déductions s/ventes prestations de services / Pertes sur clients",
,Ports,income,unspecified,credit,0,,"Chiffre d'affaires ventes, prestations services / Ventes de prestations de services / Déductions s/ventes prestations de services",,,,"Chiffre d'affaires ventes, prestations services / Ventes de prestations de services / Déductions s/ventes prestations de services / Ports",
,Rabais et réductions de prix,income,unspecified,credit,0,,"Chiffre d'affaires ventes, prestations services / Ventes de prestations de services / Déductions s/ventes prestations de services",,,,"Chiffre d'affaires ventes, prestations services / Ventes de prestations de services / Déductions s/ventes prestations de services / Rabais et réductions de prix",
,Remises s/ventes,income,unspecified,credit,0,,"Chiffre d'affaires ventes, prestations services / Ventes de prestations de services / Déductions s/ventes prestations de services",,,,"Chiffre d'affaires ventes, prestations services / Ventes de prestations de services / Déductions s/ventes prestations de services / Remises s/ventes",
,Ventes brutes de prestations de service secteur A,income,group,credit,1,,"Chiffre d'affaires ventes, prestations services / Ventes de prestations de services",,,,"Chiffre d'affaires ventes, prestations services / Ventes de prestations de services / Ventes brutes de prestations de service secteur A",
,Déductions sur les ventes,income,unspecified,credit,0,,"Chiffre d'affaires ventes, prestations services / Ventes de prestations de services / Ventes brutes de prestations de service secteur A",,,,"Chiffre d'affaires ventes, prestations services / Ventes de prestations de services / Ventes brutes de prestations de service secteur A / Déductions sur les ventes",
,Variations stocks c/travaux en cours,income,unspecified,credit,0,,"Chiffre d'affaires ventes, prestations services / Ventes de prestations de services / Ventes brutes de prestations de service secteur A",,,,"Chiffre d'affaires ventes, prestations services / Ventes de prestations de services / Ventes brutes de prestations de service secteur A / Variations stocks c/travaux en cours",
,Ventes brutes de prestations de services X,income,unspecified,credit,0,,"Chiffre d'affaires ventes, prestations services / Ventes de prestations de services / Ventes brutes de prestations de service secteur A",,,,"Chiffre d'affaires ventes, prestations services / Ventes de prestations de services / Ventes brutes de prestations de service secteur A / Ventes brutes de prestations de services X",
,Ventes brutes de prestations de services Y,income,unspecified,credit,0,,"Chiffre d'affaires ventes, prestations services / Ventes de prestations de services / Ventes brutes de prestations de service secteur A",,,,"Chiffre d'affaires ventes, prestations services / Ventes de prestations de services / Ventes brutes de prestations de service secteur A / Ventes brutes de prestations de services Y",
,Ventes brutes de prestations de services secteur B,income,group,credit,1,,"Chiffre d'affaires ventes, prestations services / Ventes de prestations de services",,,,"Chiffre d'affaires ventes, prestations services / Ventes de prestations de services / Ventes brutes de prestations de services secteur B",
,Ventes brutes prestations de services au comptant,income,unspecified,credit,0,,"Chiffre d'affaires ventes, prestations services / Ventes de prestations de services / Ventes brutes de prestations de services secteur B",,,,"Chiffre d'affaires ventes, prestations services / Ventes de prestations de services / Ventes brutes de prestations de services secteur B / Ventes brutes prestations de services au comptant",
,Ventes brutes prestations de services à crédit,income,unspecified,credit,0,,"Chiffre d'affaires ventes, prestations services / Ventes de prestations de services / Ventes brutes de prestations de services secteur B",,,,"Chiffre d'affaires ventes, prestations services / Ventes de prestations de services / Ventes brutes de prestations de services secteur B / Ventes brutes prestations de services à crédit",
,Ventes brutes prestations de services du secteur C,income,group,credit,1,,"Chiffre d'affaires ventes, prestations services / Ventes de prestations de services",,,,"Chiffre d'affaires ventes, prestations services / Ventes de prestations de services / Ventes brutes prestations de services du secteur C",
,Ventes brutes prestations annexes d'exploitation,income,unspecified,credit,0,,"Chiffre d'affaires ventes, prestations services / Ventes de prestations de services / Ventes brutes prestations de services du secteur C",,,,"Chiffre d'affaires ventes, prestations services / Ventes de prestations de services / Ventes brutes prestations de services du secteur C / Ventes brutes prestations annexes d'exploitation",
,Ventes brutes prestations services TVA avec déd.IP,income,unspecified,credit,0,,"Chiffre d'affaires ventes, prestations services / Ventes de prestations de services / Ventes brutes prestations de services du secteur C",,,,"Chiffre d'affaires ventes, prestations services / Ventes de prestations de services / Ventes brutes prestations de services du secteur C / Ventes brutes prestations services TVA avec déd.IP",
,Ventes brutes prestations services TVA sans déd.IP,income,unspecified,credit,0,,"Chiffre d'affaires ventes, prestations services / Ventes de prestations de services / Ventes brutes prestations de services du secteur C",,,,"Chiffre d'affaires ventes, prestations services / Ventes de prestations de services / Ventes brutes prestations de services du secteur C / Ventes brutes prestations services TVA sans déd.IP",
,Ventes brutes prestations services TVA taux normal,income,unspecified,credit,0,,"Chiffre d'affaires ventes, prestations services / Ventes de prestations de services / Ventes brutes prestations de services du secteur C",,,,"Chiffre d'affaires ventes, prestations services / Ventes de prestations de services / Ventes brutes prestations de services du secteur C / Ventes brutes prestations services TVA taux normal",
,Ventes brutes prestations services TVA taux réduit,income,unspecified,credit,0,,"Chiffre d'affaires ventes, prestations services / Ventes de prestations de services / Ventes brutes prestations de services du secteur C",,,,"Chiffre d'affaires ventes, prestations services / Ventes de prestations de services / Ventes brutes prestations de services du secteur C / Ventes brutes prestations services TVA taux réduit",
,Ventes brutes prestations services à stés groupe,income,group,credit,1,,"Chiffre d'affaires ventes, prestations services / Ventes de prestations de services",,,,"Chiffre d'affaires ventes, prestations services / Ventes de prestations de services / Ventes brutes prestations services à stés groupe",
,Ventes brutes prestations services à stés groupe,income,unspecified,credit,0,,"Chiffre d'affaires ventes, prestations services / Ventes de prestations de services / Ventes brutes prestations services à stés groupe",,,,"Chiffre d'affaires ventes, prestations services / Ventes de prestations de services / Ventes brutes prestations services à stés groupe / Ventes brutes prestations services à stés groupe",
,Clôture,,group,,1,,,,,,Clôture,missing_root_type
,Bilan,,group,,1,,Clôture,,,,Clôture / Bilan,missing_root_type
,Bilan,,group,,1,,Clôture / Bilan,,,,Clôture / Bilan / Bilan,missing_root_type
,Bilan d'ouverture,,unspecified,,0,,Clôture / Bilan / Bilan,,,,Clôture / Bilan / Bilan / Bilan d'ouverture,missing_root_type
,Bilan de clôture,,unspecified,,0,,Clôture / Bilan / Bilan,,,,Clôture / Bilan / Bilan / Bilan de clôture,missing_root_type
,Compte de résultat,,group,,1,,Clôture,,,,Clôture / Compte de résultat,missing_root_type
,Compte de résultat,,group,,1,,Clôture / Compte de résultat,,,,Clôture / Compte de résultat / Compte de résultat,missing_root_type
,Compte de résultat,,unspecified,,0,,Clôture / Compte de résultat / Compte de résultat,,,,Clôture / Compte de résultat / Compte de résultat / Compte de résultat,missing_root_type
,Ecriture de regroupements et de corrections,,group,,1,,Clôture,,,,Clôture / Ecriture de regroupements et de corrections,missing_root_type
,Ecritures de corrections,,group,,1,,Clôture / Ecriture de regroupements et de corrections,,,,Clôture / Ecriture de regroupements et de corrections / Ecritures de corrections,missing_root_type
,Ecritures de corrections,,unspecified,,0,,Clôture / Ecriture de regroupements et de corrections / Ecritures de corrections,,,,Clôture / Ecriture de regroupements et de corrections / Ecritures de corrections / Ecritures de corrections,missing_root_type
,Ecritures de regroupements,,group,,1,,Clôture / Ecriture de regroupements et de corrections,,,,Clôture / Ecriture de regroupements et de corrections / Ecritures de regroupements,missing_root_type
,Ecritures de regroupements des créditeurs,,unspecified,,0,,Clôture / Ecriture de regroupements et de corrections / Ecritures de regroupements,,,,Clôture / Ecriture de regroupements et de corrections / Ecritures de regroupements / Ecritures de regroupements des créditeurs,missing_root_type
,Ecritures de regroupements des débiteurs,,unspecified,,0,,Clôture / Ecriture de regroupements et de corrections / Ecritures de regroupements,,,,Clôture / Ecriture de regroupements et de corrections / Ecritures de regroupements / Ecritures de regroupements des débiteurs,missing_root_type
,Utilisation du bénéfice,,group,,1,,Clôture,,,,Clôture / Utilisation du bénéfice,missing_root_type
,Utilisation du bénéfice,,group,,1,,Clôture / Utilisation du bénéfice,,,,Clôture / Utilisation du bénéfice / Utilisation du bénéfice,missing_root_type
,Participation au bénéfice de l'associé X,,unspecified,,0,,Clôture / Utilisation du bénéfice / Utilisation du bénéfice,,,,Clôture / Utilisation du bénéfice / Utilisation du bénéfice / Participation au bénéfice de l'associé X,missing_root_type
,Participation au bénéfice de l'associé Y,,unspecified,,0,,Clôture / Utilisation du bénéfice / Utilisation du bénéfice,,,,Clôture / Utilisation du bénéfice / Utilisation du bénéfice / Participation au bénéfice de l'associé Y,missing_root_type
,Résultat des activités annexes d'exploitation,,group,,1,,,,,,Résultat des activités annexes d'exploitation,missing_root_type
,Bénéfices provenant de l'aliénation d'actifs immob,,group,,1,,Résultat des activités annexes d'exploitation,,,,Résultat des activités annexes d'exploitation / Bénéfices provenant de l'aliénation d'actifs immob,missing_root_type
,Bénéfice s/immobilisations corporelles immeubles,,group,,1,,Résultat des activités annexes d'exploitation / Bénéfices provenant de l'aliénation d'actifs immob,,,,Résultat des activités annexes d'exploitation / Bénéfices provenant de l'aliénation d'actifs immob / Bénéfice s/immobilisations corporelles immeubles,missing_root_type
,Bénéfices s/ventes d'immeubles,,unspecified,,0,,Résultat des activités annexes d'exploitation / Bénéfices provenant de l'aliénation d'actifs immob / Bénéfice s/immobilisations corporelles immeubles,,,,Résultat des activités annexes d'exploitation / Bénéfices provenant de l'aliénation d'actifs immob / Bénéfice s/immobilisations corporelles immeubles / Bénéfices s/ventes d'immeubles,missing_root_type
,Bénéfices s/immobilisations corporelles meubles,,group,,1,,Résultat des activités annexes d'exploitation / Bénéfices provenant de l'aliénation d'actifs immob,,,,Résultat des activités annexes d'exploitation / Bénéfices provenant de l'aliénation d'actifs immob / Bénéfices s/immobilisations corporelles meubles,missing_root_type
,Bénéfices s/ventes d'équipements d'exploitation,,unspecified,,0,,Résultat des activités annexes d'exploitation / Bénéfices provenant de l'aliénation d'actifs immob / Bénéfices s/immobilisations corporelles meubles,,,,Résultat des activités annexes d'exploitation / Bénéfices provenant de l'aliénation d'actifs immob / Bénéfices s/immobilisations corporelles meubles / Bénéfices s/ventes d'équipements d'exploitation,missing_root_type
,Bénéfices s/immobilisations financières,,group,,1,,Résultat des activités annexes d'exploitation / Bénéfices provenant de l'aliénation d'actifs immob,,,,Résultat des activités annexes d'exploitation / Bénéfices provenant de l'aliénation d'actifs immob / Bénéfices s/immobilisations financières,missing_root_type
,Bénéfices s/autres immobilisations financières,,unspecified,,0,,Résultat des activités annexes d'exploitation / Bénéfices provenant de l'aliénation d'actifs immob / Bénéfices s/immobilisations financières,,,,Résultat des activités annexes d'exploitation / Bénéfices provenant de l'aliénation d'actifs immob / Bénéfices s/immobilisations financières / Bénéfices s/autres immobilisations financières,missing_root_type
,Bénéfices s/titres des actifs immobilisés,,unspecified,,0,,Résultat des activités annexes d'exploitation / Bénéfices provenant de l'aliénation d'actifs immob / Bénéfices s/immobilisations financières,,,,Résultat des activités annexes d'exploitation / Bénéfices provenant de l'aliénation d'actifs immob / Bénéfices s/immobilisations financières / Bénéfices s/titres des actifs immobilisés,missing_root_type
,Bénéfices s/ventes de participations,,unspecified,,0,,Résultat des activités annexes d'exploitation / Bénéfices provenant de l'aliénation d'actifs immob / Bénéfices s/immobilisations financières,,,,Résultat des activités annexes d'exploitation / Bénéfices provenant de l'aliénation d'actifs immob / Bénéfices s/immobilisations financières / Bénéfices s/ventes de participations,missing_root_type
,Bénéfices s/immobilisations incorporelles,,group,,1,,Résultat des activités annexes d'exploitation / Bénéfices provenant de l'aliénation d'actifs immob,,,,Résultat des activités annexes d'exploitation / Bénéfices provenant de l'aliénation d'actifs immob / Bénéfices s/immobilisations incorporelles,missing_root_type
,"Bénéfices s/ventes de brevets, droits de licence",,unspecified,,0,,Résultat des activités annexes d'exploitation / Bénéfices provenant de l'aliénation d'actifs immob / Bénéfices s/immobilisations incorporelles,,,,"Résultat des activités annexes d'exploitation / Bénéfices provenant de l'aliénation d'actifs immob / Bénéfices s/immobilisations incorporelles / Bénéfices s/ventes de brevets, droits de licence",missing_root_type
,Résultat d'immeuble,,group,,1,,Résultat des activités annexes d'exploitation,,,,Résultat des activités annexes d'exploitation / Résultat d'immeuble,missing_root_type
,Résultat de l'immeuble d'exploitation 1,,group,,1,,Résultat des activités annexes d'exploitation / Résultat d'immeuble,,,,Résultat des activités annexes d'exploitation / Résultat d'immeuble / Résultat de l'immeuble d'exploitation 1,missing_root_type
,Charges de l'immeuble d'exploitation 1,,group,,1,,Résultat des activités annexes d'exploitation / Résultat d'immeuble / Résultat de l'immeuble d'exploitation 1,,,,Résultat des activités annexes d'exploitation / Résultat d'immeuble / Résultat de l'immeuble d'exploitation 1 / Charges de l'immeuble d'exploitation 1,missing_root_type
,Charges d'administration,,unspecified,,0,,Résultat des activités annexes d'exploitation / Résultat d'immeuble / Résultat de l'immeuble d'exploitation 1 / Charges de l'immeuble d'exploitation 1,,,,Résultat des activités annexes d'exploitation / Résultat d'immeuble / Résultat de l'immeuble d'exploitation 1 / Charges de l'immeuble d'exploitation 1 / Charges d'administration,missing_root_type
,"Droits, taxes, impôts fonciers",,unspecified,,0,,Résultat des activités annexes d'exploitation / Résultat d'immeuble / Résultat de l'immeuble d'exploitation 1 / Charges de l'immeuble d'exploitation 1,,,,"Résultat des activités annexes d'exploitation / Résultat d'immeuble / Résultat de l'immeuble d'exploitation 1 / Charges de l'immeuble d'exploitation 1 / Droits, taxes, impôts fonciers",missing_root_type
,"Eau, eaux usées",,unspecified,,0,,Résultat des activités annexes d'exploitation / Résultat d'immeuble / Résultat de l'immeuble d'exploitation 1 / Charges de l'immeuble d'exploitation 1,,,,"Résultat des activités annexes d'exploitation / Résultat d'immeuble / Résultat de l'immeuble d'exploitation 1 / Charges de l'immeuble d'exploitation 1 / Eau, eaux usées",missing_root_type
,Entretien de l'immeuble,,unspecified,,0,,Résultat des activités annexes d'exploitation / Résultat d'immeuble / Résultat de l'immeuble d'exploitation 1 / Charges de l'immeuble d'exploitation 1,,,,Résultat des activités annexes d'exploitation / Résultat d'immeuble / Résultat de l'immeuble d'exploitation 1 / Charges de l'immeuble d'exploitation 1 / Entretien de l'immeuble,missing_root_type
,Intérêts hypothécaires,,unspecified,,0,,Résultat des activités annexes d'exploitation / Résultat d'immeuble / Résultat de l'immeuble d'exploitation 1 / Charges de l'immeuble d'exploitation 1,,,,Résultat des activités annexes d'exploitation / Résultat d'immeuble / Résultat de l'immeuble d'exploitation 1 / Charges de l'immeuble d'exploitation 1 / Intérêts hypothécaires,missing_root_type
,"Ordures, évacuation des déchets",,unspecified,,0,,Résultat des activités annexes d'exploitation / Résultat d'immeuble / Résultat de l'immeuble d'exploitation 1 / Charges de l'immeuble d'exploitation 1,,,,"Résultat des activités annexes d'exploitation / Résultat d'immeuble / Résultat de l'immeuble d'exploitation 1 / Charges de l'immeuble d'exploitation 1 / Ordures, évacuation des déchets",missing_root_type
,Primes d'assurance,,unspecified,,0,,Résultat des activités annexes d'exploitation / Résultat d'immeuble / Résultat de l'immeuble d'exploitation 1 / Charges de l'immeuble d'exploitation 1,,,,Résultat des activités annexes d'exploitation / Résultat d'immeuble / Résultat de l'immeuble d'exploitation 1 / Charges de l'immeuble d'exploitation 1 / Primes d'assurance,missing_root_type
,Produits de l'immeuble d'exploitation 1,,group,,1,,Résultat des activités annexes d'exploitation / Résultat d'immeuble / Résultat de l'immeuble d'exploitation 1,,,,Résultat des activités annexes d'exploitation / Résultat d'immeuble / Résultat de l'immeuble d'exploitation 1 / Produits de l'immeuble d'exploitation 1,missing_root_type
,Loyers de locaux d'exploitation,,unspecified,,0,,Résultat des activités annexes d'exploitation / Résultat d'immeuble / Résultat de l'immeuble d'exploitation 1 / Produits de l'immeuble d'exploitation 1,,,,Résultat des activités annexes d'exploitation / Résultat d'immeuble / Résultat de l'immeuble d'exploitation 1 / Produits de l'immeuble d'exploitation 1 / Loyers de locaux d'exploitation,missing_root_type
,Loyers des appartements,,unspecified,,0,,Résultat des activités annexes d'exploitation / Résultat d'immeuble / Résultat de l'immeuble d'exploitation 1 / Produits de l'immeuble d'exploitation 1,,,,Résultat des activités annexes d'exploitation / Résultat d'immeuble / Résultat de l'immeuble d'exploitation 1 / Produits de l'immeuble d'exploitation 1 / Loyers des appartements,missing_root_type
,Loyers des garages,,unspecified,,0,,Résultat des activités annexes d'exploitation / Résultat d'immeuble / Résultat de l'immeuble d'exploitation 1 / Produits de l'immeuble d'exploitation 1,,,,Résultat des activités annexes d'exploitation / Résultat d'immeuble / Résultat de l'immeuble d'exploitation 1 / Produits de l'immeuble d'exploitation 1 / Loyers des garages,missing_root_type
,Loyers internes pour locaux d'exploitation,,unspecified,,0,,Résultat des activités annexes d'exploitation / Résultat d'immeuble / Résultat de l'immeuble d'exploitation 1 / Produits de l'immeuble d'exploitation 1,,,,Résultat des activités annexes d'exploitation / Résultat d'immeuble / Résultat de l'immeuble d'exploitation 1 / Produits de l'immeuble d'exploitation 1 / Loyers internes pour locaux d'exploitation,missing_root_type
,Loyers privés,,unspecified,,0,,Résultat des activités annexes d'exploitation / Résultat d'immeuble / Résultat de l'immeuble d'exploitation 1 / Produits de l'immeuble d'exploitation 1,,,,Résultat des activités annexes d'exploitation / Résultat d'immeuble / Résultat de l'immeuble d'exploitation 1 / Produits de l'immeuble d'exploitation 1 / Loyers privés,missing_root_type
,Résultat des activités annexes,,group,,1,,Résultat des activités annexes d'exploitation,,,,Résultat des activités annexes d'exploitation / Résultat des activités annexes,missing_root_type
,Résultat de l'activité annexe 2,,group,,1,,Résultat des activités annexes d'exploitation / Résultat des activités annexes,,,,Résultat des activités annexes d'exploitation / Résultat des activités annexes / Résultat de l'activité annexe 2,missing_root_type
,Charges de l'activité annexe 1,,group,,1,,Résultat des activités annexes d'exploitation / Résultat des activités annexes / Résultat de l'activité annexe 2,,,,Résultat des activités annexes d'exploitation / Résultat des activités annexes / Résultat de l'activité annexe 2 / Charges de l'activité annexe 1,missing_root_type
,"Assurances-choses, droits, taxes, patentes",,unspecified,,0,,Résultat des activités annexes d'exploitation / Résultat des activités annexes / Résultat de l'activité annexe 2 / Charges de l'activité annexe 1,,,,"Résultat des activités annexes d'exploitation / Résultat des activités annexes / Résultat de l'activité annexe 2 / Charges de l'activité annexe 1 / Assurances-choses, droits, taxes, patentes",missing_root_type
,Autres charges,,unspecified,,0,,Résultat des activités annexes d'exploitation / Résultat des activités annexes / Résultat de l'activité annexe 2 / Charges de l'activité annexe 1,,,,Résultat des activités annexes d'exploitation / Résultat des activités annexes / Résultat de l'activité annexe 2 / Charges de l'activité annexe 1 / Autres charges,missing_root_type
,"Charges d'administration, d'informatique",,unspecified,,0,,Résultat des activités annexes d'exploitation / Résultat des activités annexes / Résultat de l'activité annexe 2 / Charges de l'activité annexe 1,,,,"Résultat des activités annexes d'exploitation / Résultat des activités annexes / Résultat de l'activité annexe 2 / Charges de l'activité annexe 1 / Charges d'administration, d'informatique",missing_root_type
,"Charges d'entretien, réparations, remplacements",,unspecified,,0,,Résultat des activités annexes d'exploitation / Résultat des activités annexes / Résultat de l'activité annexe 2 / Charges de l'activité annexe 1,,,,"Résultat des activités annexes d'exploitation / Résultat des activités annexes / Résultat de l'activité annexe 2 / Charges de l'activité annexe 1 / Charges d'entretien, réparations, remplacements",missing_root_type
,Charges d'énergie et évacuation des déchets,,unspecified,,0,,Résultat des activités annexes d'exploitation / Résultat des activités annexes / Résultat de l'activité annexe 2 / Charges de l'activité annexe 1,,,,Résultat des activités annexes d'exploitation / Résultat des activités annexes / Résultat de l'activité annexe 2 / Charges de l'activité annexe 1 / Charges d'énergie et évacuation des déchets,missing_root_type
,Charges de locaux,,unspecified,,0,,Résultat des activités annexes d'exploitation / Résultat des activités annexes / Résultat de l'activité annexe 2 / Charges de l'activité annexe 1,,,,Résultat des activités annexes d'exploitation / Résultat des activités annexes / Résultat de l'activité annexe 2 / Charges de l'activité annexe 1 / Charges de locaux,missing_root_type
,Charges de matières,,unspecified,,0,,Résultat des activités annexes d'exploitation / Résultat des activités annexes / Résultat de l'activité annexe 2 / Charges de l'activité annexe 1,,,,Résultat des activités annexes d'exploitation / Résultat des activités annexes / Résultat de l'activité annexe 2 / Charges de l'activité annexe 1 / Charges de matières,missing_root_type
,Charges de personnel,,unspecified,,0,,Résultat des activités annexes d'exploitation / Résultat des activités annexes / Résultat de l'activité annexe 2 / Charges de l'activité annexe 1,,,,Résultat des activités annexes d'exploitation / Résultat des activités annexes / Résultat de l'activité annexe 2 / Charges de l'activité annexe 1 / Charges de personnel,missing_root_type
,Charges de publicité,,unspecified,,0,,Résultat des activités annexes d'exploitation / Résultat des activités annexes / Résultat de l'activité annexe 2 / Charges de l'activité annexe 1,,,,Résultat des activités annexes d'exploitation / Résultat des activités annexes / Résultat de l'activité annexe 2 / Charges de l'activité annexe 1 / Charges de publicité,missing_root_type
,Charges de véhicules et de transport,,unspecified,,0,,Résultat des activités annexes d'exploitation / Résultat des activités annexes / Résultat de l'activité annexe 2 / Charges de l'activité annexe 1,,,,Résultat des activités annexes d'exploitation / Résultat des activités annexes / Résultat de l'activité annexe 2 / Charges de l'activité annexe 1 / Charges de véhicules et de transport,missing_root_type
,Charges de l'activité annexe 2,,group,,1,,Résultat des activités annexes d'exploitation / Résultat des activités annexes / Résultat de l'activité annexe 2,,,,Résultat des activités annexes d'exploitation / Résultat des activités annexes / Résultat de l'activité annexe 2 / Charges de l'activité annexe 2,missing_root_type
,"Assurances-choses, droits, taxes, patentes",,unspecified,,0,,Résultat des activités annexes d'exploitation / Résultat des activités annexes / Résultat de l'activité annexe 2 / Charges de l'activité annexe 2,,,,"Résultat des activités annexes d'exploitation / Résultat des activités annexes / Résultat de l'activité annexe 2 / Charges de l'activité annexe 2 / Assurances-choses, droits, taxes, patentes",missing_root_type
,Autres charges,,unspecified,,0,,Résultat des activités annexes d'exploitation / Résultat des activités annexes / Résultat de l'activité annexe 2 / Charges de l'activité annexe 2,,,,Résultat des activités annexes d'exploitation / Résultat des activités annexes / Résultat de l'activité annexe 2 / Charges de l'activité annexe 2 / Autres charges,missing_root_type
,"Charges d'administration, d'informatique",,unspecified,,0,,Résultat des activités annexes d'exploitation / Résultat des activités annexes / Résultat de l'activité annexe 2 / Charges de l'activité annexe 2,,,,"Résultat des activités annexes d'exploitation / Résultat des activités annexes / Résultat de l'activité annexe 2 / Charges de l'activité annexe 2 / Charges d'administration, d'informatique",missing_root_type
,"Charges d'entretien, réparations, remplacements",,unspecified,,0,,Résultat des activités annexes d'exploitation / Résultat des activités annexes / Résultat de l'activité annexe 2 / Charges de l'activité annexe 2,,,,"Résultat des activités annexes d'exploitation / Résultat des activités annexes / Résultat de l'activité annexe 2 / Charges de l'activité annexe 2 / Charges d'entretien, réparations, remplacements",missing_root_type
,Charges d'énergie et évacuation des déchets,,unspecified,,0,,Résultat des activités annexes d'exploitation / Résultat des activités annexes / Résultat de l'activité annexe 2 / Charges de l'activité annexe 2,,,,Résultat des activités annexes d'exploitation / Résultat des activités annexes / Résultat de l'activité annexe 2 / Charges de l'activité annexe 2 / Charges d'énergie et évacuation des déchets,missing_root_type
,Charges de locaux,,unspecified,,0,,Résultat des activités annexes d'exploitation / Résultat des activités annexes / Résultat de l'activité annexe 2 / Charges de l'activité annexe 2,,,,Résultat des activités annexes d'exploitation / Résultat des activités annexes / Résultat de l'activité annexe 2 / Charges de l'activité annexe 2 / Charges de locaux,missing_root_type
,Charges de matières,,unspecified,,0,,Résultat des activités annexes d'exploitation / Résultat des activités annexes / Résultat de l'activité annexe 2 / Charges de l'activité annexe 2,,,,Résultat des activités annexes d'exploitation / Résultat des activités annexes / Résultat de l'activité annexe 2 / Charges de l'activité annexe 2 / Charges de matières,missing_root_type
,Charges de personnel,,unspecified,,0,,Résultat des activités annexes d'exploitation / Résultat des activités annexes / Résultat de l'activité annexe 2 / Charges de l'activité annexe 2,,,,Résultat des activités annexes d'exploitation / Résultat des activités annexes / Résultat de l'activité annexe 2 / Charges de l'activité annexe 2 / Charges de personnel,missing_root_type
,Charges de publicité,,unspecified,,0,,Résultat des activités annexes d'exploitation / Résultat des activités annexes / Résultat de l'activité annexe 2 / Charges de l'activité annexe 2,,,,Résultat des activités annexes d'exploitation / Résultat des activités annexes / Résultat de l'activité annexe 2 / Charges de l'activité annexe 2 / Charges de publicité,missing_root_type
,Charges de véhicules et de transport,,unspecified,,0,,Résultat des activités annexes d'exploitation / Résultat des activités annexes / Résultat de l'activité annexe 2 / Charges de l'activité annexe 2,,,,Résultat des activités annexes d'exploitation / Résultat des activités annexes / Résultat de l'activité annexe 2 / Charges de l'activité annexe 2 / Charges de véhicules et de transport,missing_root_type
,Produits de l'activité annexe 1,,group,,1,,Résultat des activités annexes d'exploitation / Résultat des activités annexes / Résultat de l'activité annexe 2,,,,Résultat des activités annexes d'exploitation / Résultat des activités annexes / Résultat de l'activité annexe 2 / Produits de l'activité annexe 1,missing_root_type
,Diminutions de produits,,unspecified,,0,,Résultat des activités annexes d'exploitation / Résultat des activités annexes / Résultat de l'activité annexe 2 / Produits de l'activité annexe 1,,,,Résultat des activités annexes d'exploitation / Résultat des activités annexes / Résultat de l'activité annexe 2 / Produits de l'activité annexe 1 / Diminutions de produits,missing_root_type
,Produits bruts,,unspecified,,0,,Résultat des activités annexes d'exploitation / Résultat des activités annexes / Résultat de l'activité annexe 2 / Produits de l'activité annexe 1,,,,Résultat des activités annexes d'exploitation / Résultat des activités annexes / Résultat de l'activité annexe 2 / Produits de l'activité annexe 1 / Produits bruts,missing_root_type
,Résultat de l'activité annexe 2,,group,,1,,Résultat des activités annexes d'exploitation / Résultat des activités annexes / Résultat de l'activité annexe 2,,,,Résultat des activités annexes d'exploitation / Résultat des activités annexes / Résultat de l'activité annexe 2 / Résultat de l'activité annexe 2,missing_root_type
,Diminutions de produits,,unspecified,,0,,Résultat des activités annexes d'exploitation / Résultat des activités annexes / Résultat de l'activité annexe 2 / Résultat de l'activité annexe 2,,,,Résultat des activités annexes d'exploitation / Résultat des activités annexes / Résultat de l'activité annexe 2 / Résultat de l'activité annexe 2 / Diminutions de produits,missing_root_type
,Produits bruts,,unspecified,,0,,Résultat des activités annexes d'exploitation / Résultat des activités annexes / Résultat de l'activité annexe 2 / Résultat de l'activité annexe 2,,,,Résultat des activités annexes d'exploitation / Résultat des activités annexes / Résultat de l'activité annexe 2 / Résultat de l'activité annexe 2 / Produits bruts,missing_root_type
,Résultat des placements financiers,,group,,1,,Résultat des activités annexes d'exploitation,,,,Résultat des activités annexes d'exploitation / Résultat des placements financiers,missing_root_type
,Charges s/placements financiers,,group,,1,,Résultat des activités annexes d'exploitation / Résultat des placements financiers,,,,Résultat des activités annexes d'exploitation / Résultat des placements financiers / Charges s/placements financiers,missing_root_type
,Corrections de valeur s/placements financiers,,unspecified,,0,,Résultat des activités annexes d'exploitation / Résultat des placements financiers / Charges s/placements financiers,,,,Résultat des activités annexes d'exploitation / Résultat des placements financiers / Charges s/placements financiers / Corrections de valeur s/placements financiers,missing_root_type
,Frais de banque et de chèques postaux,,unspecified,,0,,Résultat des activités annexes d'exploitation / Résultat des placements financiers / Charges s/placements financiers,,,,Résultat des activités annexes d'exploitation / Résultat des placements financiers / Charges s/placements financiers / Frais de banque et de chèques postaux,missing_root_type
,Frais de dépôts,,unspecified,,0,,Résultat des activités annexes d'exploitation / Résultat des placements financiers / Charges s/placements financiers,,,,Résultat des activités annexes d'exploitation / Résultat des placements financiers / Charges s/placements financiers / Frais de dépôts,missing_root_type
,Pertes de change s/placements financiers,,unspecified,,0,,Résultat des activités annexes d'exploitation / Résultat des placements financiers / Charges s/placements financiers,,,,Résultat des activités annexes d'exploitation / Résultat des placements financiers / Charges s/placements financiers / Pertes de change s/placements financiers,missing_root_type
,Produits de placements financiers,,group,,1,,Résultat des activités annexes d'exploitation / Résultat des placements financiers,,,,Résultat des activités annexes d'exploitation / Résultat des placements financiers / Produits de placements financiers,missing_root_type
,Produits d'autres placements financiers,,unspecified,,0,,Résultat des activités annexes d'exploitation / Résultat des placements financiers / Produits de placements financiers,,,,Résultat des activités annexes d'exploitation / Résultat des placements financiers / Produits de placements financiers / Produits d'autres placements financiers,missing_root_type
,Produits de placements en liquidités et titres,,unspecified,,0,,Résultat des activités annexes d'exploitation / Résultat des placements financiers / Produits de placements financiers,,,,Résultat des activités annexes d'exploitation / Résultat des placements financiers / Produits de placements financiers / Produits de placements en liquidités et titres,missing_root_type
,Produits de placements financiers auprès stés,,unspecified,,0,,Résultat des activités annexes d'exploitation / Résultat des placements financiers / Produits de placements financiers,,,,Résultat des activités annexes d'exploitation / Résultat des placements financiers / Produits de placements financiers / Produits de placements financiers auprès stés,missing_root_type
,Produits de placements financiers c/actionnaires,,unspecified,,0,,Résultat des activités annexes d'exploitation / Résultat des placements financiers / Produits de placements financiers,,,,Résultat des activités annexes d'exploitation / Résultat des placements financiers / Produits de placements financiers / Produits de placements financiers c/actionnaires,missing_root_type
,Résultats exceptionnel et hors exploitation impôts,,group,,1,,,,,,Résultats exceptionnel et hors exploitation impôts,missing_root_type
,Charges d'impôt,,group,,1,,Résultats exceptionnel et hors exploitation impôts,,,,Résultats exceptionnel et hors exploitation impôts / Charges d'impôt,missing_root_type
,Impôts directs de l'entreprise,,group,,1,,Résultats exceptionnel et hors exploitation impôts / Charges d'impôt,,,,Résultats exceptionnel et hors exploitation impôts / Charges d'impôt / Impôts directs de l'entreprise,missing_root_type
,Impôts hors exercices,,unspecified,,0,,Résultats exceptionnel et hors exploitation impôts / Charges d'impôt / Impôts directs de l'entreprise,,,,Résultats exceptionnel et hors exploitation impôts / Charges d'impôt / Impôts directs de l'entreprise / Impôts hors exercices,missing_root_type
,Impôts sur le bénéfice,,unspecified,,0,,Résultats exceptionnel et hors exploitation impôts / Charges d'impôt / Impôts directs de l'entreprise,,,,Résultats exceptionnel et hors exploitation impôts / Charges d'impôt / Impôts directs de l'entreprise / Impôts sur le bénéfice,missing_root_type
,Impôts sur le capital,,unspecified,,0,,Résultats exceptionnel et hors exploitation impôts / Charges d'impôt / Impôts directs de l'entreprise,,,,Résultats exceptionnel et hors exploitation impôts / Charges d'impôt / Impôts directs de l'entreprise / Impôts sur le capital,missing_root_type
,Résultat exceptionnel,,group,,1,,Résultats exceptionnel et hors exploitation impôts,,,,Résultats exceptionnel et hors exploitation impôts / Résultat exceptionnel,missing_root_type
,Charges exceptionnelles,,group,,1,,Résultats exceptionnel et hors exploitation impôts / Résultat exceptionnel,,,,Résultats exceptionnel et hors exploitation impôts / Résultat exceptionnel / Charges exceptionnelles,missing_root_type
,Bilans d'ouverture,,unspecified,,0,,Résultats exceptionnel et hors exploitation impôts / Résultat exceptionnel / Charges exceptionnelles,,,,Résultats exceptionnel et hors exploitation impôts / Résultat exceptionnel / Charges exceptionnelles / Bilans d'ouverture,missing_root_type
,Bilans de clôture,,unspecified,,0,,Résultats exceptionnel et hors exploitation impôts / Résultat exceptionnel / Charges exceptionnelles,,,,Résultats exceptionnel et hors exploitation impôts / Résultat exceptionnel / Charges exceptionnelles / Bilans de clôture,missing_root_type
,Charges pour indemnités pour préjudices,,unspecified,,0,,Résultats exceptionnel et hors exploitation impôts / Résultat exceptionnel / Charges exceptionnelles,,,,Résultats exceptionnel et hors exploitation impôts / Résultat exceptionnel / Charges exceptionnelles / Charges pour indemnités pour préjudices,missing_root_type
,Dotations exceptionnelles aux amortissements,,unspecified,,0,,Résultats exceptionnel et hors exploitation impôts / Résultat exceptionnel / Charges exceptionnelles,,,,Résultats exceptionnel et hors exploitation impôts / Résultat exceptionnel / Charges exceptionnelles / Dotations exceptionnelles aux amortissements,missing_root_type
,Dotations exceptionnelles aux provisions,,unspecified,,0,,Résultats exceptionnel et hors exploitation impôts / Résultat exceptionnel / Charges exceptionnelles,,,,Résultats exceptionnel et hors exploitation impôts / Résultat exceptionnel / Charges exceptionnelles / Dotations exceptionnelles aux provisions,missing_root_type
,Dotations exceptionnelles aux réserves,,unspecified,,0,,Résultats exceptionnel et hors exploitation impôts / Résultat exceptionnel / Charges exceptionnelles,,,,Résultats exceptionnel et hors exploitation impôts / Résultat exceptionnel / Charges exceptionnelles / Dotations exceptionnelles aux réserves,missing_root_type
,Pertes exceptionnelles de change,,unspecified,,0,,Résultats exceptionnel et hors exploitation impôts / Résultat exceptionnel / Charges exceptionnelles,,,,Résultats exceptionnel et hors exploitation impôts / Résultat exceptionnel / Charges exceptionnelles / Pertes exceptionnelles de change,missing_root_type
,Pertes exceptionnelles s/aliénations actifs immob,,unspecified,,0,,Résultats exceptionnel et hors exploitation impôts / Résultat exceptionnel / Charges exceptionnelles,,,,Résultats exceptionnel et hors exploitation impôts / Résultat exceptionnel / Charges exceptionnelles / Pertes exceptionnelles s/aliénations actifs immob,missing_root_type
,Pertes exceptionnelles s/débiteurs,,unspecified,,0,,Résultats exceptionnel et hors exploitation impôts / Résultat exceptionnel / Charges exceptionnelles,,,,Résultats exceptionnel et hors exploitation impôts / Résultat exceptionnel / Charges exceptionnelles / Pertes exceptionnelles s/débiteurs,missing_root_type
,Produits exceptionnels,,group,,1,,Résultats exceptionnel et hors exploitation impôts / Résultat exceptionnel,,,,Résultats exceptionnel et hors exploitation impôts / Résultat exceptionnel / Produits exceptionnels,missing_root_type
,Bénéfices de change exceptionnels,,unspecified,,0,,Résultats exceptionnel et hors exploitation impôts / Résultat exceptionnel / Produits exceptionnels,,,,Résultats exceptionnel et hors exploitation impôts / Résultat exceptionnel / Produits exceptionnels / Bénéfices de change exceptionnels,missing_root_type
,Bénéfices exceptionnels s/aliénations actifs immob,,unspecified,,0,,Résultats exceptionnel et hors exploitation impôts / Résultat exceptionnel / Produits exceptionnels,,,,Résultats exceptionnel et hors exploitation impôts / Résultat exceptionnel / Produits exceptionnels / Bénéfices exceptionnels s/aliénations actifs immob,missing_root_type
,Dissolutions de provisions superflues,,unspecified,,0,,Résultats exceptionnel et hors exploitation impôts / Résultat exceptionnel / Produits exceptionnels,,,,Résultats exceptionnel et hors exploitation impôts / Résultat exceptionnel / Produits exceptionnels / Dissolutions de provisions superflues,missing_root_type
,Dissolutions de réserves,,unspecified,,0,,Résultats exceptionnel et hors exploitation impôts / Résultat exceptionnel / Produits exceptionnels,,,,Résultats exceptionnel et hors exploitation impôts / Résultat exceptionnel / Produits exceptionnels / Dissolutions de réserves,missing_root_type
,Produits pour indemnités pour préjudices,,unspecified,,0,,Résultats exceptionnel et hors exploitation impôts / Résultat exceptionnel / Produits exceptionnels,,,,Résultats exceptionnel et hors exploitation impôts / Résultat exceptionnel / Produits exceptionnels / Produits pour indemnités pour préjudices,missing_root_type
,Réévaluations comptables,,unspecified,,0,,Résultats exceptionnel et hors exploitation impôts / Résultat exceptionnel / Produits exceptionnels,,,,Résultats exceptionnel et hors exploitation impôts / Résultat exceptionnel / Produits exceptionnels / Réévaluations comptables,missing_root_type
,Subventions obtenues,,unspecified,,0,,Résultats exceptionnel et hors exploitation impôts / Résultat exceptionnel / Produits exceptionnels,,,,Résultats exceptionnel et hors exploitation impôts / Résultat exceptionnel / Produits exceptionnels / Subventions obtenues,missing_root_type
,Résultat hors exploitation,,group,,1,,Résultats exceptionnel et hors exploitation impôts,,,,Résultats exceptionnel et hors exploitation impôts / Résultat hors exploitation,missing_root_type
,Autres résultats hors exploitation,,group,,1,,Résultats exceptionnel et hors exploitation impôts / Résultat hors exploitation,,,,Résultats exceptionnel et hors exploitation impôts / Résultat hors exploitation / Autres résultats hors exploitation,missing_root_type
,Autres charges hors exploitation,,group,,1,,Résultats exceptionnel et hors exploitation impôts / Résultat hors exploitation / Autres résultats hors exploitation,,,,Résultats exceptionnel et hors exploitation impôts / Résultat hors exploitation / Autres résultats hors exploitation / Autres charges hors exploitation,missing_root_type
,Charges pour des activités hors exploitation,,unspecified,,0,,Résultats exceptionnel et hors exploitation impôts / Résultat hors exploitation / Autres résultats hors exploitation / Autres charges hors exploitation,,,,Résultats exceptionnel et hors exploitation impôts / Résultat hors exploitation / Autres résultats hors exploitation / Autres charges hors exploitation / Charges pour des activités hors exploitation,missing_root_type
,Autres produits hors exploitation,,group,,1,,Résultats exceptionnel et hors exploitation impôts / Résultat hors exploitation / Autres résultats hors exploitation,,,,Résultats exceptionnel et hors exploitation impôts / Résultat hors exploitation / Autres résultats hors exploitation / Autres produits hors exploitation,missing_root_type
,"Honoraires pour expertises, conférences, publica.",,unspecified,,0,,Résultats exceptionnel et hors exploitation impôts / Résultat hors exploitation / Autres résultats hors exploitation / Autres produits hors exploitation,,,,"Résultats exceptionnel et hors exploitation impôts / Résultat hors exploitation / Autres résultats hors exploitation / Autres produits hors exploitation / Honoraires pour expertises, conférences, publica.",missing_root_type
,Jetons de présence,,unspecified,,0,,Résultats exceptionnel et hors exploitation impôts / Résultat hors exploitation / Autres résultats hors exploitation / Autres produits hors exploitation,,,,Résultats exceptionnel et hors exploitation impôts / Résultat hors exploitation / Autres résultats hors exploitation / Autres produits hors exploitation / Jetons de présence,missing_root_type
,Résultat de l'activité hors exploitation,,group,,1,,Résultats exceptionnel et hors exploitation impôts / Résultat hors exploitation,,,,Résultats exceptionnel et hors exploitation impôts / Résultat hors exploitation / Résultat de l'activité hors exploitation,missing_root_type
,Résultat de l'activité hors exploitation 1,,group,,1,,Résultats exceptionnel et hors exploitation impôts / Résultat hors exploitation / Résultat de l'activité hors exploitation,,,,Résultats exceptionnel et hors exploitation impôts / Résultat hors exploitation / Résultat de l'activité hors exploitation / Résultat de l'activité hors exploitation 1,missing_root_type
,Charges de l'activité hors exploitation 1,,group,,1,,Résultats exceptionnel et hors exploitation impôts / Résultat hors exploitation / Résultat de l'activité hors exploitation / Résultat de l'activité hors exploitation 1,,,,Résultats exceptionnel et hors exploitation impôts / Résultat hors exploitation / Résultat de l'activité hors exploitation / Résultat de l'activité hors exploitation 1 / Charges de l'activité hors exploitation 1,missing_root_type
,"Assurances-choses, droits, taxes, autorisations",,unspecified,,0,,Résultats exceptionnel et hors exploitation impôts / Résultat hors exploitation / Résultat de l'activité hors exploitation / Résultat de l'activité hors exploitation 1 / Charges de l'activité hors exploitation 1,,,,"Résultats exceptionnel et hors exploitation impôts / Résultat hors exploitation / Résultat de l'activité hors exploitation / Résultat de l'activité hors exploitation 1 / Charges de l'activité hors exploitation 1 / Assurances-choses, droits, taxes, autorisations",missing_root_type
,Autres charges,,unspecified,,0,,Résultats exceptionnel et hors exploitation impôts / Résultat hors exploitation / Résultat de l'activité hors exploitation / Résultat de l'activité hors exploitation 1 / Charges de l'activité hors exploitation 1,,,,Résultats exceptionnel et hors exploitation impôts / Résultat hors exploitation / Résultat de l'activité hors exploitation / Résultat de l'activité hors exploitation 1 / Charges de l'activité hors exploitation 1 / Autres charges,missing_root_type
,"Charges d'administration, d'informatique",,unspecified,,0,,Résultats exceptionnel et hors exploitation impôts / Résultat hors exploitation / Résultat de l'activité hors exploitation / Résultat de l'activité hors exploitation 1 / Charges de l'activité hors exploitation 1,,,,"Résultats exceptionnel et hors exploitation impôts / Résultat hors exploitation / Résultat de l'activité hors exploitation / Résultat de l'activité hors exploitation 1 / Charges de l'activité hors exploitation 1 / Charges d'administration, d'informatique",missing_root_type
,"Charges d'entretien, réparations, remplacements",,unspecified,,0,,Résultats exceptionnel et hors exploitation impôts / Résultat hors exploitation / Résultat de l'activité hors exploitation / Résultat de l'activité hors exploitation 1 / Charges de l'activité hors exploitation 1,,,,"Résultats exceptionnel et hors exploitation impôts / Résultat hors exploitation / Résultat de l'activité hors exploitation / Résultat de l'activité hors exploitation 1 / Charges de l'activité hors exploitation 1 / Charges d'entretien, réparations, remplacements",missing_root_type
,"Charges d'énergie, évacuation des déchets",,unspecified,,0,,Résultats exceptionnel et hors exploitation impôts / Résultat hors exploitation / Résultat de l'activité hors exploitation / Résultat de l'activité hors exploitation 1 / Charges de l'activité hors exploitation 1,,,,"Résultats exceptionnel et hors exploitation impôts / Résultat hors exploitation / Résultat de l'activité hors exploitation / Résultat de l'activité hors exploitation 1 / Charges de l'activité hors exploitation 1 / Charges d'énergie, évacuation des déchets",missing_root_type
,Charges de locaux,,unspecified,,0,,Résultats exceptionnel et hors exploitation impôts / Résultat hors exploitation / Résultat de l'activité hors exploitation / Résultat de l'activité hors exploitation 1 / Charges de l'activité hors exploitation 1,,,,Résultats exceptionnel et hors exploitation impôts / Résultat hors exploitation / Résultat de l'activité hors exploitation / Résultat de l'activité hors exploitation 1 / Charges de l'activité hors exploitation 1 / Charges de locaux,missing_root_type
,Charges de matières,,unspecified,,0,,Résultats exceptionnel et hors exploitation impôts / Résultat hors exploitation / Résultat de l'activité hors exploitation / Résultat de l'activité hors exploitation 1 / Charges de l'activité hors exploitation 1,,,,Résultats exceptionnel et hors exploitation impôts / Résultat hors exploitation / Résultat de l'activité hors exploitation / Résultat de l'activité hors exploitation 1 / Charges de l'activité hors exploitation 1 / Charges de matières,missing_root_type
,Charges de personnel,,unspecified,,0,,Résultats exceptionnel et hors exploitation impôts / Résultat hors exploitation / Résultat de l'activité hors exploitation / Résultat de l'activité hors exploitation 1 / Charges de l'activité hors exploitation 1,,,,Résultats exceptionnel et hors exploitation impôts / Résultat hors exploitation / Résultat de l'activité hors exploitation / Résultat de l'activité hors exploitation 1 / Charges de l'activité hors exploitation 1 / Charges de personnel,missing_root_type
,Charges de publicité,,unspecified,,0,,Résultats exceptionnel et hors exploitation impôts / Résultat hors exploitation / Résultat de l'activité hors exploitation / Résultat de l'activité hors exploitation 1 / Charges de l'activité hors exploitation 1,,,,Résultats exceptionnel et hors exploitation impôts / Résultat hors exploitation / Résultat de l'activité hors exploitation / Résultat de l'activité hors exploitation 1 / Charges de l'activité hors exploitation 1 / Charges de publicité,missing_root_type
,Charges de véhicules et de transport,,unspecified,,0,,Résultats exceptionnel et hors exploitation impôts / Résultat hors exploitation / Résultat de l'activité hors exploitation / Résultat de l'activité hors exploitation 1 / Charges de l'activité hors exploitation 1,,,,Résultats exceptionnel et hors exploitation impôts / Résultat hors exploitation / Résultat de l'activité hors exploitation / Résultat de l'activité hors exploitation 1 / Charges de l'activité hors exploitation 1 / Charges de véhicules et de transport,missing_root_type
,Produits de l'activité hors exploitation 1,,group,,1,,Résultats exceptionnel et hors exploitation impôts / Résultat hors exploitation / Résultat de l'activité hors exploitation / Résultat de l'activité hors exploitation 1,,,,Résultats exceptionnel et hors exploitation impôts / Résultat hors exploitation / Résultat de l'activité hors exploitation / Résultat de l'activité hors exploitation 1 / Produits de l'activité hors exploitation 1,missing_root_type
,Chiffre d'affaires brut,,unspecified,,0,,Résultats exceptionnel et hors exploitation impôts / Résultat hors exploitation / Résultat de l'activité hors exploitation / Résultat de l'activité hors exploitation 1 / Produits de l'activité hors exploitation 1,,,,Résultats exceptionnel et hors exploitation impôts / Résultat hors exploitation / Résultat de l'activité hors exploitation / Résultat de l'activité hors exploitation 1 / Produits de l'activité hors exploitation 1 / Chiffre d'affaires brut,missing_root_type
,Diminution de produits,,unspecified,,0,,Résultats exceptionnel et hors exploitation impôts / Résultat hors exploitation / Résultat de l'activité hors exploitation / Résultat de l'activité hors exploitation 1 / Produits de l'activité hors exploitation 1,,,,Résultats exceptionnel et hors exploitation impôts / Résultat hors exploitation / Résultat de l'activité hors exploitation / Résultat de l'activité hors exploitation 1 / Produits de l'activité hors exploitation 1 / Diminution de produits,missing_root_type
,Résultat de l'immeuble hors exploitation,,group,,1,,Résultats exceptionnel et hors exploitation impôts / Résultat hors exploitation,,,,Résultats exceptionnel et hors exploitation impôts / Résultat hors exploitation / Résultat de l'immeuble hors exploitation,missing_root_type
,Résultat de l'immeuble hors exploitation 1,,group,,1,,Résultats exceptionnel et hors exploitation impôts / Résultat hors exploitation / Résultat de l'immeuble hors exploitation,,,,Résultats exceptionnel et hors exploitation impôts / Résultat hors exploitation / Résultat de l'immeuble hors exploitation / Résultat de l'immeuble hors exploitation 1,missing_root_type
,Charges de l'immeuble hors exploitation 1,,group,,1,,Résultats exceptionnel et hors exploitation impôts / Résultat hors exploitation / Résultat de l'immeuble hors exploitation / Résultat de l'immeuble hors exploitation 1,,,,Résultats exceptionnel et hors exploitation impôts / Résultat hors exploitation / Résultat de l'immeuble hors exploitation / Résultat de l'immeuble hors exploitation 1 / Charges de l'immeuble hors exploitation 1,missing_root_type
,Charges d'administration,,unspecified,,0,,Résultats exceptionnel et hors exploitation impôts / Résultat hors exploitation / Résultat de l'immeuble hors exploitation / Résultat de l'immeuble hors exploitation 1 / Charges de l'immeuble hors exploitation 1,,,,Résultats exceptionnel et hors exploitation impôts / Résultat hors exploitation / Résultat de l'immeuble hors exploitation / Résultat de l'immeuble hors exploitation 1 / Charges de l'immeuble hors exploitation 1 / Charges d'administration,missing_root_type
,"Droits, taxes, impôts fonciers",,unspecified,,0,,Résultats exceptionnel et hors exploitation impôts / Résultat hors exploitation / Résultat de l'immeuble hors exploitation / Résultat de l'immeuble hors exploitation 1 / Charges de l'immeuble hors exploitation 1,,,,"Résultats exceptionnel et hors exploitation impôts / Résultat hors exploitation / Résultat de l'immeuble hors exploitation / Résultat de l'immeuble hors exploitation 1 / Charges de l'immeuble hors exploitation 1 / Droits, taxes, impôts fonciers",missing_root_type
,"Eau, eaux usées",,unspecified,,0,,Résultats exceptionnel et hors exploitation impôts / Résultat hors exploitation / Résultat de l'immeuble hors exploitation / Résultat de l'immeuble hors exploitation 1 / Charges de l'immeuble hors exploitation 1,,,,"Résultats exceptionnel et hors exploitation impôts / Résultat hors exploitation / Résultat de l'immeuble hors exploitation / Résultat de l'immeuble hors exploitation 1 / Charges de l'immeuble hors exploitation 1 / Eau, eaux usées",missing_root_type
,Entretien d'immeuble,,unspecified,,0,,Résultats exceptionnel et hors exploitation impôts / Résultat hors exploitation / Résultat de l'immeuble hors exploitation / Résultat de l'immeuble hors exploitation 1 / Charges de l'immeuble hors exploitation 1,,,,Résultats exceptionnel et hors exploitation impôts / Résultat hors exploitation / Résultat de l'immeuble hors exploitation / Résultat de l'immeuble hors exploitation 1 / Charges de l'immeuble hors exploitation 1 / Entretien d'immeuble,missing_root_type
,Intérêts hypothécaires,,unspecified,,0,,Résultats exceptionnel et hors exploitation impôts / Résultat hors exploitation / Résultat de l'immeuble hors exploitation / Résultat de l'immeuble hors exploitation 1 / Charges de l'immeuble hors exploitation 1,,,,Résultats exceptionnel et hors exploitation impôts / Résultat hors exploitation / Résultat de l'immeuble hors exploitation / Résultat de l'immeuble hors exploitation 1 / Charges de l'immeuble hors exploitation 1 / Intérêts hypothécaires,missing_root_type
,"Ordures, évacuation des déchets",,unspecified,,0,,Résultats exceptionnel et hors exploitation impôts / Résultat hors exploitation / Résultat de l'immeuble hors exploitation / Résultat de l'immeuble hors exploitation 1 / Charges de l'immeuble hors exploitation 1,,,,"Résultats exceptionnel et hors exploitation impôts / Résultat hors exploitation / Résultat de l'immeuble hors exploitation / Résultat de l'immeuble hors exploitation 1 / Charges de l'immeuble hors exploitation 1 / Ordures, évacuation des déchets",missing_root_type
,Primes d'assurance,,unspecified,,0,,Résultats exceptionnel et hors exploitation impôts / Résultat hors exploitation / Résultat de l'immeuble hors exploitation / Résultat de l'immeuble hors exploitation 1 / Charges de l'immeuble hors exploitation 1,,,,Résultats exceptionnel et hors exploitation impôts / Résultat hors exploitation / Résultat de l'immeuble hors exploitation / Résultat de l'immeuble hors exploitation 1 / Charges de l'immeuble hors exploitation 1 / Primes d'assurance,missing_root_type
,Produits de l'immeuble hors exploitation 1,,group,,1,,Résultats exceptionnel et hors exploitation impôts / Résultat hors exploitation / Résultat de l'immeuble hors exploitation / Résultat de l'immeuble hors exploitation 1,,,,Résultats exceptionnel et hors exploitation impôts / Résultat hors exploitation / Résultat de l'immeuble hors exploitation / Résultat de l'immeuble hors exploitation 1 / Produits de l'immeuble hors exploitation 1,missing_root_type
,Loyer interne,,unspecified,,0,,Résultats exceptionnel et hors exploitation impôts / Résultat hors exploitation / Résultat de l'immeuble hors exploitation / Résultat de l'immeuble hors exploitation 1 / Produits de l'immeuble hors exploitation 1,,,,Résultats exceptionnel et hors exploitation impôts / Résultat hors exploitation / Résultat de l'immeuble hors exploitation / Résultat de l'immeuble hors exploitation 1 / Produits de l'immeuble hors exploitation 1 / Loyer interne,missing_root_type
,Loyers des appartements,,unspecified,,0,,Résultats exceptionnel et hors exploitation impôts / Résultat hors exploitation / Résultat de l'immeuble hors exploitation / Résultat de l'immeuble hors exploitation 1 / Produits de l'immeuble hors exploitation 1,,,,Résultats exceptionnel et hors exploitation impôts / Résultat hors exploitation / Résultat de l'immeuble hors exploitation / Résultat de l'immeuble hors exploitation 1 / Produits de l'immeuble hors exploitation 1 / Loyers des appartements,missing_root_type
,Loyers des garages,,unspecified,,0,,Résultats exceptionnel et hors exploitation impôts / Résultat hors exploitation / Résultat de l'immeuble hors exploitation / Résultat de l'immeuble hors exploitation 1 / Produits de l'immeuble hors exploitation 1,,,,Résultats exceptionnel et hors exploitation impôts / Résultat hors exploitation / Résultat de l'immeuble hors exploitation / Résultat de l'immeuble hors exploitation 1 / Produits de l'immeuble hors exploitation 1 / Loyers des garages,missing_root_type
,Loyers des locaux,,unspecified,,0,,Résultats exceptionnel et hors exploitation impôts / Résultat hors exploitation / Résultat de l'immeuble hors exploitation / Résultat de l'immeuble hors exploitation 1 / Produits de l'immeuble hors exploitation 1,,,,Résultats exceptionnel et hors exploitation impôts / Résultat hors exploitation / Résultat de l'immeuble hors exploitation / Résultat de l'immeuble hors exploitation 1 / Produits de l'immeuble hors exploitation 1 / Loyers des locaux,missing_root_type
,Résultat des placements financiers hors exploitation,,group,,1,,Résultats exceptionnel et hors exploitation impôts / Résultat hors exploitation,,,,Résultats exceptionnel et hors exploitation impôts / Résultat hors exploitation / Résultat des placements financiers hors exploitation,missing_root_type
,Charges financières s/placements financiers hors exploitation,,group,,1,,Résultats exceptionnel et hors exploitation impôts / Résultat hors exploitation / Résultat des placements financiers hors exploitation,,,,Résultats exceptionnel et hors exploitation impôts / Résultat hors exploitation / Résultat des placements financiers hors exploitation / Charges financières s/placements financiers hors exploitation,missing_root_type
,Corrections de valeur s/placements financiers hors,,unspecified,,0,,Résultats exceptionnel et hors exploitation impôts / Résultat hors exploitation / Résultat des placements financiers hors exploitation / Charges financières s/placements financiers hors exploitation,,,,Résultats exceptionnel et hors exploitation impôts / Résultat hors exploitation / Résultat des placements financiers hors exploitation / Charges financières s/placements financiers hors exploitation / Corrections de valeur s/placements financiers hors,missing_root_type
,Frais de banque et de chèque postaux,,unspecified,,0,,Résultats exceptionnel et hors exploitation impôts / Résultat hors exploitation / Résultat des placements financiers hors exploitation / Charges financières s/placements financiers hors exploitation,,,,Résultats exceptionnel et hors exploitation impôts / Résultat hors exploitation / Résultat des placements financiers hors exploitation / Charges financières s/placements financiers hors exploitation / Frais de banque et de chèque postaux,missing_root_type
,Frais de dépôt,,unspecified,,0,,Résultats exceptionnel et hors exploitation impôts / Résultat hors exploitation / Résultat des placements financiers hors exploitation / Charges financières s/placements financiers hors exploitation,,,,Résultats exceptionnel et hors exploitation impôts / Résultat hors exploitation / Résultat des placements financiers hors exploitation / Charges financières s/placements financiers hors exploitation / Frais de dépôt,missing_root_type
,Pertes de change s/placements financiers hors ex.,,unspecified,,0,,Résultats exceptionnel et hors exploitation impôts / Résultat hors exploitation / Résultat des placements financiers hors exploitation / Charges financières s/placements financiers hors exploitation,,,,Résultats exceptionnel et hors exploitation impôts / Résultat hors exploitation / Résultat des placements financiers hors exploitation / Charges financières s/placements financiers hors exploitation / Pertes de change s/placements financiers hors ex.,missing_root_type
,Produits financiers s/placements financiers hors exploitation,,group,,1,,Résultats exceptionnel et hors exploitation impôts / Résultat hors exploitation / Résultat des placements financiers hors exploitation,,,,Résultats exceptionnel et hors exploitation impôts / Résultat hors exploitation / Résultat des placements financiers hors exploitation / Produits financiers s/placements financiers hors exploitation,missing_root_type
,Produits d'autres placements financiers,,unspecified,,0,,Résultats exceptionnel et hors exploitation impôts / Résultat hors exploitation / Résultat des placements financiers hors exploitation / Produits financiers s/placements financiers hors exploitation,,,,Résultats exceptionnel et hors exploitation impôts / Résultat hors exploitation / Résultat des placements financiers hors exploitation / Produits financiers s/placements financiers hors exploitation / Produits d'autres placements financiers,missing_root_type
,Produits de placements en liquidités et titres,,unspecified,,0,,Résultats exceptionnel et hors exploitation impôts / Résultat hors exploitation / Résultat des placements financiers hors exploitation / Produits financiers s/placements financiers hors exploitation,,,,Résultats exceptionnel et hors exploitation impôts / Résultat hors exploitation / Résultat des placements financiers hors exploitation / Produits financiers s/placements financiers hors exploitation / Produits de placements en liquidités et titres,missing_root_type
