code,name,root_type,subtype,normal_balance,is_group,role_hint,parent_path,source_type,reconcile,description,source_id,flags
,Aktiva,asset,group,debit,1,,,,,,Aktiva,
,Abgrenzung latenter Steuern,asset,group,debit,1,,Aktiva,,,,Aktiva / Abgrenzung latenter Steuern,
,Abgrenzung aktive latente Steuern,asset,unspecified,debit,0,,Aktiva / Abgrenzung latenter Steuern,,,,Aktiva / Abgrenzung latenter Steuern / Abgrenzung aktive latente Steuern,
,Anlagevermögen,asset,group,debit,1,,Aktiva,,,,Aktiva / Anlagevermögen,
,Finanzanlagen,asset,group,debit,1,,Aktiva / Anlagevermögen,,,,Aktiva / Anlagevermögen / Finanzanlagen,
,Anteile an verbundenen Unternehmen,asset,group,debit,1,,Aktiva / Anlagevermögen / Finanzanlagen,,,,Aktiva / Anlagevermögen / Finanzanlagen / Anteile an verbundenen Unternehmen,
,Anteile a.herrschender Gesellschaft,asset,unspecified,debit,0,,Aktiva / Anlagevermögen / Finanzanlagen / Anteile an verbundenen Unternehmen,,,,Aktiva / Anlagevermögen / Finanzanlagen / Anteile an verbundenen Unternehmen / Anteile a.herrschender Gesellschaft,
,Anteile an verbundenen Unternehmen,asset,unspecified,debit,0,,Aktiva / Anlagevermögen / Finanzanlagen / Anteile an verbundenen Unternehmen,,,,Aktiva / Anlagevermögen / Finanzanlagen / Anteile an verbundenen Unternehmen / Anteile an verbundenen Unternehmen,
,"Ausleihungen an Unternehmen, mit denen ein Beteiligungsverhältnis besteht",asset,group,debit,1,,Aktiva / Anlagevermögen / Finanzanlagen,,,,"Aktiva / Anlagevermögen / Finanzanlagen / Ausleihungen an Unternehmen, mit denen ein Beteiligungsverhältnis besteht",
,Ausleih. an UN mit Beteiligungsverh.,asset,unspecified,debit,0,,"Aktiva / Anlagevermögen / Finanzanlagen / Ausleihungen an Unternehmen, mit denen ein Beteiligungsverhältnis besteht",,,,"Aktiva / Anlagevermögen / Finanzanlagen / Ausleihungen an Unternehmen, mit denen ein Beteiligungsverhältnis besteht / Ausleih. an UN mit Beteiligungsverh.",
,Ausleihungen an verbundene Unternehmen,asset,group,debit,1,,Aktiva / Anlagevermögen / Finanzanlagen,,,,Aktiva / Anlagevermögen / Finanzanlagen / Ausleihungen an verbundene Unternehmen,
,Ausleihungen an verbundene Unternehmen,asset,unspecified,debit,0,,Aktiva / Anlagevermögen / Finanzanlagen / Ausleihungen an verbundene Unternehmen,,,,Aktiva / Anlagevermögen / Finanzanlagen / Ausleihungen an verbundene Unternehmen / Ausleihungen an verbundene Unternehmen,
,Beteiligungen,asset,group,debit,1,,Aktiva / Anlagevermögen / Finanzanlagen,,,,Aktiva / Anlagevermögen / Finanzanlagen / Beteiligungen,
,Andere Beteiligungen an Kapitalges.,asset,unspecified,debit,0,,Aktiva / Anlagevermögen / Finanzanlagen / Beteiligungen,,,,Aktiva / Anlagevermögen / Finanzanlagen / Beteiligungen / Andere Beteiligungen an Kapitalges.,
,Andere Beteiligungen an Personenges.,asset,unspecified,debit,0,,Aktiva / Anlagevermögen / Finanzanlagen / Beteiligungen,,,,Aktiva / Anlagevermögen / Finanzanlagen / Beteiligungen / Andere Beteiligungen an Personenges.,
,Atypische stille Beteiligungen,asset,unspecified,debit,0,,Aktiva / Anlagevermögen / Finanzanlagen / Beteiligungen,,,,Aktiva / Anlagevermögen / Finanzanlagen / Beteiligungen / Atypische stille Beteiligungen,
,Beteiligung GmbH Co.an Komplementär GmbH,asset,unspecified,debit,0,,Aktiva / Anlagevermögen / Finanzanlagen / Beteiligungen,,,,Aktiva / Anlagevermögen / Finanzanlagen / Beteiligungen / Beteiligung GmbH Co.an Komplementär GmbH,
,Beteiligungen,asset,unspecified,debit,0,,Aktiva / Anlagevermögen / Finanzanlagen / Beteiligungen,,,,Aktiva / Anlagevermögen / Finanzanlagen / Beteiligungen / Beteiligungen,
,Typisch stille Beteiligungen,asset,unspecified,debit,0,,Aktiva / Anlagevermögen / Finanzanlagen / Beteiligungen,,,,Aktiva / Anlagevermögen / Finanzanlagen / Beteiligungen / Typisch stille Beteiligungen,
,Genossenschaftsanteile,asset,group,debit,1,,Aktiva / Anlagevermögen / Finanzanlagen,,,,Aktiva / Anlagevermögen / Finanzanlagen / Genossenschaftsanteile,
,Genossenschaftsanteile z.lfr.Verbleib,asset,unspecified,debit,0,,Aktiva / Anlagevermögen / Finanzanlagen / Genossenschaftsanteile,,,,Aktiva / Anlagevermögen / Finanzanlagen / Genossenschaftsanteile / Genossenschaftsanteile z.lfr.Verbleib,
,Rückdeckungsansprüche aus Lebensversicherungen,asset,group,debit,1,,Aktiva / Anlagevermögen / Finanzanlagen,,,,Aktiva / Anlagevermögen / Finanzanlagen / Rückdeckungsansprüche aus Lebensversicherungen,
,LV-Rückdeckungsansprüche z.lfr.Verbl.,asset,unspecified,debit,0,,Aktiva / Anlagevermögen / Finanzanlagen / Rückdeckungsansprüche aus Lebensversicherungen,,,,Aktiva / Anlagevermögen / Finanzanlagen / Rückdeckungsansprüche aus Lebensversicherungen / LV-Rückdeckungsansprüche z.lfr.Verbl.,
,Wertpapiere des Anlagevermögens,asset,group,debit,1,,Aktiva / Anlagevermögen / Finanzanlagen,,,,Aktiva / Anlagevermögen / Finanzanlagen / Wertpapiere des Anlagevermögens,
,Festverzinsliche Wertpapiere,asset,unspecified,debit,0,,Aktiva / Anlagevermögen / Finanzanlagen / Wertpapiere des Anlagevermögens,,,,Aktiva / Anlagevermögen / Finanzanlagen / Wertpapiere des Anlagevermögens / Festverzinsliche Wertpapiere,
,Wertpapiere des Anlagevermögens,asset,unspecified,debit,0,,Aktiva / Anlagevermögen / Finanzanlagen / Wertpapiere des Anlagevermögens,,,,Aktiva / Anlagevermögen / Finanzanlagen / Wertpapiere des Anlagevermögens / Wertpapiere des Anlagevermögens,
,Wertpapiere mit Gewinnbeteil.ansprüch.,asset,unspecified,debit,0,,Aktiva / Anlagevermögen / Finanzanlagen / Wertpapiere des Anlagevermögens,,,,Aktiva / Anlagevermögen / Finanzanlagen / Wertpapiere des Anlagevermögens / Wertpapiere mit Gewinnbeteil.ansprüch.,
,sonstige Ausleihungen,asset,group,debit,1,,Aktiva / Anlagevermögen / Finanzanlagen,,,,Aktiva / Anlagevermögen / Finanzanlagen / sonstige Ausleihungen,
,Ausleihungen an Gesellschafter,asset,unspecified,debit,0,,Aktiva / Anlagevermögen / Finanzanlagen / sonstige Ausleihungen,,,,Aktiva / Anlagevermögen / Finanzanlagen / sonstige Ausleihungen / Ausleihungen an Gesellschafter,
,Ausleihungen an nahe stehende Personen,asset,unspecified,debit,0,,Aktiva / Anlagevermögen / Finanzanlagen / sonstige Ausleihungen,,,,Aktiva / Anlagevermögen / Finanzanlagen / sonstige Ausleihungen / Ausleihungen an nahe stehende Personen,
,Darlehen,asset,unspecified,debit,0,,Aktiva / Anlagevermögen / Finanzanlagen / sonstige Ausleihungen,,,,Aktiva / Anlagevermögen / Finanzanlagen / sonstige Ausleihungen / Darlehen,
,Sonstige Ausleihungen,asset,unspecified,debit,0,,Aktiva / Anlagevermögen / Finanzanlagen / sonstige Ausleihungen,,,,Aktiva / Anlagevermögen / Finanzanlagen / sonstige Ausleihungen / Sonstige Ausleihungen,
,Immaterielle Vermögensgegenstände,asset,group,debit,1,,Aktiva / Anlagevermögen,,,,Aktiva / Anlagevermögen / Immaterielle Vermögensgegenstände,
,Geschäfts- oder Firmenwert,asset,group,debit,1,,Aktiva / Anlagevermögen / Immaterielle Vermögensgegenstände,,,,Aktiva / Anlagevermögen / Immaterielle Vermögensgegenstände / Geschäfts- oder Firmenwert,
,Geschäfts- oder Firmenwert,asset,unspecified,debit,0,,Aktiva / Anlagevermögen / Immaterielle Vermögensgegenstände / Geschäfts- oder Firmenwert,,,,Aktiva / Anlagevermögen / Immaterielle Vermögensgegenstände / Geschäfts- oder Firmenwert / Geschäfts- oder Firmenwert,
,Verschmelzungsmehrwert,asset,unspecified,debit,0,,Aktiva / Anlagevermögen / Immaterielle Vermögensgegenstände / Geschäfts- oder Firmenwert,,,,Aktiva / Anlagevermögen / Immaterielle Vermögensgegenstände / Geschäfts- oder Firmenwert / Verschmelzungsmehrwert,
,"Konzessionen, gewerbliche Schutzrechte und ähnliche Rechte und Werte sowie Lizenzen an solchen Rechten und Werten",asset,group,debit,1,,Aktiva / Anlagevermögen / Immaterielle Vermögensgegenstände,,,,"Aktiva / Anlagevermögen / Immaterielle Vermögensgegenstände / Konzessionen, gewerbliche Schutzrechte und ähnliche Rechte und Werte sowie Lizenzen an solchen Rechten und Werten",
,EDV-Software,asset,unspecified,debit,0,,"Aktiva / Anlagevermögen / Immaterielle Vermögensgegenstände / Konzessionen, gewerbliche Schutzrechte und ähnliche Rechte und Werte sowie Lizenzen an solchen Rechten und Werten",,,,"Aktiva / Anlagevermögen / Immaterielle Vermögensgegenstände / Konzessionen, gewerbliche Schutzrechte und ähnliche Rechte und Werte sowie Lizenzen an solchen Rechten und Werten / EDV-Software",
,Gewerbliche Schutzrechte,asset,unspecified,debit,0,,"Aktiva / Anlagevermögen / Immaterielle Vermögensgegenstände / Konzessionen, gewerbliche Schutzrechte und ähnliche Rechte und Werte sowie Lizenzen an solchen Rechten und Werten",,,,"Aktiva / Anlagevermögen / Immaterielle Vermögensgegenstände / Konzessionen, gewerbliche Schutzrechte und ähnliche Rechte und Werte sowie Lizenzen an solchen Rechten und Werten / Gewerbliche Schutzrechte",
,Konzessionen,asset,unspecified,debit,0,,"Aktiva / Anlagevermögen / Immaterielle Vermögensgegenstände / Konzessionen, gewerbliche Schutzrechte und ähnliche Rechte und Werte sowie Lizenzen an solchen Rechten und Werten",,,,"Aktiva / Anlagevermögen / Immaterielle Vermögensgegenstände / Konzessionen, gewerbliche Schutzrechte und ähnliche Rechte und Werte sowie Lizenzen an solchen Rechten und Werten / Konzessionen",
,Konzessionen und gewerbl.Schutzrechte,asset,unspecified,debit,0,,"Aktiva / Anlagevermögen / Immaterielle Vermögensgegenstände / Konzessionen, gewerbliche Schutzrechte und ähnliche Rechte und Werte sowie Lizenzen an solchen Rechten und Werten",,,,"Aktiva / Anlagevermögen / Immaterielle Vermögensgegenstände / Konzessionen, gewerbliche Schutzrechte und ähnliche Rechte und Werte sowie Lizenzen an solchen Rechten und Werten / Konzessionen und gewerbl.Schutzrechte",
,Lizenzen an gewerblichen Schutzrechten,asset,unspecified,debit,0,,"Aktiva / Anlagevermögen / Immaterielle Vermögensgegenstände / Konzessionen, gewerbliche Schutzrechte und ähnliche Rechte und Werte sowie Lizenzen an solchen Rechten und Werten",,,,"Aktiva / Anlagevermögen / Immaterielle Vermögensgegenstände / Konzessionen, gewerbliche Schutzrechte und ähnliche Rechte und Werte sowie Lizenzen an solchen Rechten und Werten / Lizenzen an gewerblichen Schutzrechten",
,Ähnliche Rechte und Werte,asset,unspecified,debit,0,,"Aktiva / Anlagevermögen / Immaterielle Vermögensgegenstände / Konzessionen, gewerbliche Schutzrechte und ähnliche Rechte und Werte sowie Lizenzen an solchen Rechten und Werten",,,,"Aktiva / Anlagevermögen / Immaterielle Vermögensgegenstände / Konzessionen, gewerbliche Schutzrechte und ähnliche Rechte und Werte sowie Lizenzen an solchen Rechten und Werten / Ähnliche Rechte und Werte",
,geleistete Anzahlungen,asset,group,debit,1,,Aktiva / Anlagevermögen / Immaterielle Vermögensgegenstände,,,,Aktiva / Anlagevermögen / Immaterielle Vermögensgegenstände / geleistete Anzahlungen,
,"Anzahlungen auf Geschäfts-, Firmenwert",asset,unspecified,debit,0,,Aktiva / Anlagevermögen / Immaterielle Vermögensgegenstände / geleistete Anzahlungen,,,,"Aktiva / Anlagevermögen / Immaterielle Vermögensgegenstände / geleistete Anzahlungen / Anzahlungen auf Geschäfts-, Firmenwert",
,Anzahlungen immaterielle VermG,asset,unspecified,debit,0,,Aktiva / Anlagevermögen / Immaterielle Vermögensgegenstände / geleistete Anzahlungen,,,,Aktiva / Anlagevermögen / Immaterielle Vermögensgegenstände / geleistete Anzahlungen / Anzahlungen immaterielle VermG,
,Sachanlagen,asset,group,debit,1,,Aktiva / Anlagevermögen,,,,Aktiva / Anlagevermögen / Sachanlagen,
,"Grundstücke, grundstücksgleiche Rechte und Bauten einschließlich der Bauten auf fremden Grundstücken",asset,group,debit,1,,Aktiva / Anlagevermögen / Sachanlagen,,,,"Aktiva / Anlagevermögen / Sachanlagen / Grundstücke, grundstücksgleiche Rechte und Bauten einschließlich der Bauten auf fremden Grundstücken",
,Andere Bauten,asset,unspecified,debit,0,,"Aktiva / Anlagevermögen / Sachanlagen / Grundstücke, grundstücksgleiche Rechte und Bauten einschließlich der Bauten auf fremden Grundstücken",,,,"Aktiva / Anlagevermögen / Sachanlagen / Grundstücke, grundstücksgleiche Rechte und Bauten einschließlich der Bauten auf fremden Grundstücken / Andere Bauten",
,Außenanlagen,asset,unspecified,debit,0,,"Aktiva / Anlagevermögen / Sachanlagen / Grundstücke, grundstücksgleiche Rechte und Bauten einschließlich der Bauten auf fremden Grundstücken",,,,"Aktiva / Anlagevermögen / Sachanlagen / Grundstücke, grundstücksgleiche Rechte und Bauten einschließlich der Bauten auf fremden Grundstücken / Außenanlagen",
,Bauten auf eigenen Grundstücken,asset,unspecified,debit,0,,"Aktiva / Anlagevermögen / Sachanlagen / Grundstücke, grundstücksgleiche Rechte und Bauten einschließlich der Bauten auf fremden Grundstücken",,,,"Aktiva / Anlagevermögen / Sachanlagen / Grundstücke, grundstücksgleiche Rechte und Bauten einschließlich der Bauten auf fremden Grundstücken / Bauten auf eigenen Grundstücken",
,Bauten auf fremden Grundstücken,asset,unspecified,debit,0,,"Aktiva / Anlagevermögen / Sachanlagen / Grundstücke, grundstücksgleiche Rechte und Bauten einschließlich der Bauten auf fremden Grundstücken",,,,"Aktiva / Anlagevermögen / Sachanlagen / Grundstücke, grundstücksgleiche Rechte und Bauten einschließlich der Bauten auf fremden Grundstücken / Bauten auf fremden Grundstücken",
,Einrichtung Fabrik- und Geschäftsbauten,asset,unspecified,debit,0,,"Aktiva / Anlagevermögen / Sachanlagen / Grundstücke, grundstücksgleiche Rechte und Bauten einschließlich der Bauten auf fremden Grundstücken",,,,"Aktiva / Anlagevermögen / Sachanlagen / Grundstücke, grundstücksgleiche Rechte und Bauten einschließlich der Bauten auf fremden Grundstücken / Einrichtung Fabrik- und Geschäftsbauten",
,Einrichtungen für Wohnbauten,asset,unspecified,debit,0,,"Aktiva / Anlagevermögen / Sachanlagen / Grundstücke, grundstücksgleiche Rechte und Bauten einschließlich der Bauten auf fremden Grundstücken",,,,"Aktiva / Anlagevermögen / Sachanlagen / Grundstücke, grundstücksgleiche Rechte und Bauten einschließlich der Bauten auf fremden Grundstücken / Einrichtungen für Wohnbauten",
,Fabrikbauten,asset,unspecified,debit,0,,"Aktiva / Anlagevermögen / Sachanlagen / Grundstücke, grundstücksgleiche Rechte und Bauten einschließlich der Bauten auf fremden Grundstücken",,,,"Aktiva / Anlagevermögen / Sachanlagen / Grundstücke, grundstücksgleiche Rechte und Bauten einschließlich der Bauten auf fremden Grundstücken / Fabrikbauten",
,Garagen,asset,unspecified,debit,0,,"Aktiva / Anlagevermögen / Sachanlagen / Grundstücke, grundstücksgleiche Rechte und Bauten einschließlich der Bauten auf fremden Grundstücken",,,,"Aktiva / Anlagevermögen / Sachanlagen / Grundstücke, grundstücksgleiche Rechte und Bauten einschließlich der Bauten auf fremden Grundstücken / Garagen",
,Gebäudeteil häusliches Arbeitszimmer,asset,unspecified,debit,0,,"Aktiva / Anlagevermögen / Sachanlagen / Grundstücke, grundstücksgleiche Rechte und Bauten einschließlich der Bauten auf fremden Grundstücken",,,,"Aktiva / Anlagevermögen / Sachanlagen / Grundstücke, grundstücksgleiche Rechte und Bauten einschließlich der Bauten auf fremden Grundstücken / Gebäudeteil häusliches Arbeitszimmer",
,Geschäftsbauten,asset,unspecified,debit,0,,"Aktiva / Anlagevermögen / Sachanlagen / Grundstücke, grundstücksgleiche Rechte und Bauten einschließlich der Bauten auf fremden Grundstücken",,,,"Aktiva / Anlagevermögen / Sachanlagen / Grundstücke, grundstücksgleiche Rechte und Bauten einschließlich der Bauten auf fremden Grundstücken / Geschäftsbauten",
,Grundstücke mit Substanzverzehr,asset,unspecified,debit,0,,"Aktiva / Anlagevermögen / Sachanlagen / Grundstücke, grundstücksgleiche Rechte und Bauten einschließlich der Bauten auf fremden Grundstücken",,,,"Aktiva / Anlagevermögen / Sachanlagen / Grundstücke, grundstücksgleiche Rechte und Bauten einschließlich der Bauten auf fremden Grundstücken / Grundstücke mit Substanzverzehr",
,"Grundstücke, grundstücksgl. Rechte",asset,unspecified,debit,0,,"Aktiva / Anlagevermögen / Sachanlagen / Grundstücke, grundstücksgleiche Rechte und Bauten einschließlich der Bauten auf fremden Grundstücken",,,,"Aktiva / Anlagevermögen / Sachanlagen / Grundstücke, grundstücksgleiche Rechte und Bauten einschließlich der Bauten auf fremden Grundstücken / Grundstücke, grundstücksgl. Rechte",
,"Grundstücke,grndst.Rechte und Bauten",asset,unspecified,debit,0,,"Aktiva / Anlagevermögen / Sachanlagen / Grundstücke, grundstücksgleiche Rechte und Bauten einschließlich der Bauten auf fremden Grundstücken",,,,"Aktiva / Anlagevermögen / Sachanlagen / Grundstücke, grundstücksgleiche Rechte und Bauten einschließlich der Bauten auf fremden Grundstücken / Grundstücke,grndst.Rechte und Bauten",
,Grundstücksanteil häusl. Arbeitszimmer,asset,unspecified,debit,0,,"Aktiva / Anlagevermögen / Sachanlagen / Grundstücke, grundstücksgleiche Rechte und Bauten einschließlich der Bauten auf fremden Grundstücken",,,,"Aktiva / Anlagevermögen / Sachanlagen / Grundstücke, grundstücksgleiche Rechte und Bauten einschließlich der Bauten auf fremden Grundstücken / Grundstücksanteil häusl. Arbeitszimmer",
,Grundstücksgleiche Rechte,asset,unspecified,debit,0,,"Aktiva / Anlagevermögen / Sachanlagen / Grundstücke, grundstücksgleiche Rechte und Bauten einschließlich der Bauten auf fremden Grundstücken",,,,"Aktiva / Anlagevermögen / Sachanlagen / Grundstücke, grundstücksgleiche Rechte und Bauten einschließlich der Bauten auf fremden Grundstücken / Grundstücksgleiche Rechte",
,Grundstückswert bebauter Grundstücke,asset,unspecified,debit,0,,"Aktiva / Anlagevermögen / Sachanlagen / Grundstücke, grundstücksgleiche Rechte und Bauten einschließlich der Bauten auf fremden Grundstücken",,,,"Aktiva / Anlagevermögen / Sachanlagen / Grundstücke, grundstücksgleiche Rechte und Bauten einschließlich der Bauten auf fremden Grundstücken / Grundstückswert bebauter Grundstücke",
,Hof- und Wegebefestigungen,asset,unspecified,debit,0,,"Aktiva / Anlagevermögen / Sachanlagen / Grundstücke, grundstücksgleiche Rechte und Bauten einschließlich der Bauten auf fremden Grundstücken",,,,"Aktiva / Anlagevermögen / Sachanlagen / Grundstücke, grundstücksgleiche Rechte und Bauten einschließlich der Bauten auf fremden Grundstücken / Hof- und Wegebefestigungen",
,Unbebaute Grundstücke,asset,unspecified,debit,0,,"Aktiva / Anlagevermögen / Sachanlagen / Grundstücke, grundstücksgleiche Rechte und Bauten einschließlich der Bauten auf fremden Grundstücken",,,,"Aktiva / Anlagevermögen / Sachanlagen / Grundstücke, grundstücksgleiche Rechte und Bauten einschließlich der Bauten auf fremden Grundstücken / Unbebaute Grundstücke",
,Wohnbauten,asset,unspecified,debit,0,,"Aktiva / Anlagevermögen / Sachanlagen / Grundstücke, grundstücksgleiche Rechte und Bauten einschließlich der Bauten auf fremden Grundstücken",,,,"Aktiva / Anlagevermögen / Sachanlagen / Grundstücke, grundstücksgleiche Rechte und Bauten einschließlich der Bauten auf fremden Grundstücken / Wohnbauten",
,"andere Anlagen, Betriebs- und Geschäftsausstattung",asset,group,debit,1,,Aktiva / Anlagevermögen / Sachanlagen,,,,"Aktiva / Anlagevermögen / Sachanlagen / andere Anlagen, Betriebs- und Geschäftsausstattung",
,Andere Anlagen,asset,unspecified,debit,0,,"Aktiva / Anlagevermögen / Sachanlagen / andere Anlagen, Betriebs- und Geschäftsausstattung",,,,"Aktiva / Anlagevermögen / Sachanlagen / andere Anlagen, Betriebs- und Geschäftsausstattung / Andere Anlagen",
,Betriebs- und Geschäftsausstattung,asset,unspecified,debit,0,,"Aktiva / Anlagevermögen / Sachanlagen / andere Anlagen, Betriebs- und Geschäftsausstattung",,,,"Aktiva / Anlagevermögen / Sachanlagen / andere Anlagen, Betriebs- und Geschäftsausstattung / Betriebs- und Geschäftsausstattung",
,Betriebsausstattung,asset,unspecified,debit,0,,"Aktiva / Anlagevermögen / Sachanlagen / andere Anlagen, Betriebs- und Geschäftsausstattung",,,,"Aktiva / Anlagevermögen / Sachanlagen / andere Anlagen, Betriebs- und Geschäftsausstattung / Betriebsausstattung",
,Büroeinrichtung,asset,unspecified,debit,0,,"Aktiva / Anlagevermögen / Sachanlagen / andere Anlagen, Betriebs- und Geschäftsausstattung",,,,"Aktiva / Anlagevermögen / Sachanlagen / andere Anlagen, Betriebs- und Geschäftsausstattung / Büroeinrichtung",
,Einbauten,asset,unspecified,debit,0,,"Aktiva / Anlagevermögen / Sachanlagen / andere Anlagen, Betriebs- und Geschäftsausstattung",,,,"Aktiva / Anlagevermögen / Sachanlagen / andere Anlagen, Betriebs- und Geschäftsausstattung / Einbauten",
,Geringwertige WG Sammelposten,asset,unspecified,debit,0,,"Aktiva / Anlagevermögen / Sachanlagen / andere Anlagen, Betriebs- und Geschäftsausstattung",,,,"Aktiva / Anlagevermögen / Sachanlagen / andere Anlagen, Betriebs- und Geschäftsausstattung / Geringwertige WG Sammelposten",
,Geringwertige Wirtschaftsgüter,asset,unspecified,debit,0,,"Aktiva / Anlagevermögen / Sachanlagen / andere Anlagen, Betriebs- und Geschäftsausstattung",,,,"Aktiva / Anlagevermögen / Sachanlagen / andere Anlagen, Betriebs- und Geschäftsausstattung / Geringwertige Wirtschaftsgüter",
,Gerüst- und Schalungsmaterial,asset,unspecified,debit,0,,"Aktiva / Anlagevermögen / Sachanlagen / andere Anlagen, Betriebs- und Geschäftsausstattung",,,,"Aktiva / Anlagevermögen / Sachanlagen / andere Anlagen, Betriebs- und Geschäftsausstattung / Gerüst- und Schalungsmaterial",
,Geschäftsausstattung,asset,unspecified,debit,0,,"Aktiva / Anlagevermögen / Sachanlagen / andere Anlagen, Betriebs- und Geschäftsausstattung",,,,"Aktiva / Anlagevermögen / Sachanlagen / andere Anlagen, Betriebs- und Geschäftsausstattung / Geschäftsausstattung",
,LKW,asset,unspecified,debit,0,,"Aktiva / Anlagevermögen / Sachanlagen / andere Anlagen, Betriebs- und Geschäftsausstattung",,,,"Aktiva / Anlagevermögen / Sachanlagen / andere Anlagen, Betriebs- und Geschäftsausstattung / LKW",
,Ladeneinrichtung,asset,unspecified,debit,0,,"Aktiva / Anlagevermögen / Sachanlagen / andere Anlagen, Betriebs- und Geschäftsausstattung",,,,"Aktiva / Anlagevermögen / Sachanlagen / andere Anlagen, Betriebs- und Geschäftsausstattung / Ladeneinrichtung",
,PKW,asset,unspecified,debit,0,,"Aktiva / Anlagevermögen / Sachanlagen / andere Anlagen, Betriebs- und Geschäftsausstattung",,,,"Aktiva / Anlagevermögen / Sachanlagen / andere Anlagen, Betriebs- und Geschäftsausstattung / PKW",
,Sonstige Betriebs-u.Gesch.ausstattung,asset,unspecified,debit,0,,"Aktiva / Anlagevermögen / Sachanlagen / andere Anlagen, Betriebs- und Geschäftsausstattung",,,,"Aktiva / Anlagevermögen / Sachanlagen / andere Anlagen, Betriebs- und Geschäftsausstattung / Sonstige Betriebs-u.Gesch.ausstattung",
,Sonstige Transportmittel,asset,unspecified,debit,0,,"Aktiva / Anlagevermögen / Sachanlagen / andere Anlagen, Betriebs- und Geschäftsausstattung",,,,"Aktiva / Anlagevermögen / Sachanlagen / andere Anlagen, Betriebs- und Geschäftsausstattung / Sonstige Transportmittel",
,Werkzeuge,asset,unspecified,debit,0,,"Aktiva / Anlagevermögen / Sachanlagen / andere Anlagen, Betriebs- und Geschäftsausstattung",,,,"Aktiva / Anlagevermögen / Sachanlagen / andere Anlagen, Betriebs- und Geschäftsausstattung / Werkzeuge",
,geleistete Anzahlungen und Anlagen im Bau,asset,group,debit,1,,Aktiva / Anlagevermögen / Sachanlagen,,,,Aktiva / Anlagevermögen / Sachanlagen / geleistete Anzahlungen und Anlagen im Bau,
,Anzahlg. auf Bauten eigen. Grundstücken,asset,unspecified,debit,0,,Aktiva / Anlagevermögen / Sachanlagen / geleistete Anzahlungen und Anlagen im Bau,,,,Aktiva / Anlagevermögen / Sachanlagen / geleistete Anzahlungen und Anlagen im Bau / Anzahlg. auf Bauten eigen. Grundstücken,
,Anzahlg. auf Bauten fremd. Grundstücken,asset,unspecified,debit,0,,Aktiva / Anlagevermögen / Sachanlagen / geleistete Anzahlungen und Anlagen im Bau,,,,Aktiva / Anlagevermögen / Sachanlagen / geleistete Anzahlungen und Anlagen im Bau / Anzahlg. auf Bauten fremd. Grundstücken,
,Anzahlg. auf Wohnbauten a.eig.Grundst,asset,unspecified,debit,0,,Aktiva / Anlagevermögen / Sachanlagen / geleistete Anzahlungen und Anlagen im Bau,,,,Aktiva / Anlagevermögen / Sachanlagen / geleistete Anzahlungen und Anlagen im Bau / Anzahlg. auf Wohnbauten a.eig.Grundst,
,Anzahlung Betriebs- u. Gesch.ausstattung,asset,unspecified,debit,0,,Aktiva / Anlagevermögen / Sachanlagen / geleistete Anzahlungen und Anlagen im Bau,,,,Aktiva / Anlagevermögen / Sachanlagen / geleistete Anzahlungen und Anlagen im Bau / Anzahlung Betriebs- u. Gesch.ausstattung,
,Anzahlungen a. Wohnbauten a. fremd. Gr.,asset,unspecified,debit,0,,Aktiva / Anlagevermögen / Sachanlagen / geleistete Anzahlungen und Anlagen im Bau,,,,Aktiva / Anlagevermögen / Sachanlagen / geleistete Anzahlungen und Anlagen im Bau / Anzahlungen a. Wohnbauten a. fremd. Gr.,
,Anzahlungen a.Grundstücke ohne Bauten,asset,unspecified,debit,0,,Aktiva / Anlagevermögen / Sachanlagen / geleistete Anzahlungen und Anlagen im Bau,,,,Aktiva / Anlagevermögen / Sachanlagen / geleistete Anzahlungen und Anlagen im Bau / Anzahlungen a.Grundstücke ohne Bauten,
,Anzahlungen auf technische Anlagen,asset,unspecified,debit,0,,Aktiva / Anlagevermögen / Sachanlagen / geleistete Anzahlungen und Anlagen im Bau,,,,Aktiva / Anlagevermögen / Sachanlagen / geleistete Anzahlungen und Anlagen im Bau / Anzahlungen auf technische Anlagen,
,Betriebs- u. Gesch.ausstattung im Bau,asset,unspecified,debit,0,,Aktiva / Anlagevermögen / Sachanlagen / geleistete Anzahlungen und Anlagen im Bau,,,,Aktiva / Anlagevermögen / Sachanlagen / geleistete Anzahlungen und Anlagen im Bau / Betriebs- u. Gesch.ausstattung im Bau,
,"Geschäfts-,Fabrik-u.and. Bauten im Bau",asset,unspecified,debit,0,,Aktiva / Anlagevermögen / Sachanlagen / geleistete Anzahlungen und Anlagen im Bau,,,,"Aktiva / Anlagevermögen / Sachanlagen / geleistete Anzahlungen und Anlagen im Bau / Geschäfts-,Fabrik-u.and. Bauten im Bau",
,Technische Anlagen und Maschinen im Bau,asset,unspecified,debit,0,,Aktiva / Anlagevermögen / Sachanlagen / geleistete Anzahlungen und Anlagen im Bau,,,,Aktiva / Anlagevermögen / Sachanlagen / geleistete Anzahlungen und Anlagen im Bau / Technische Anlagen und Maschinen im Bau,
,Wohnbauten im Bau,asset,unspecified,debit,0,,Aktiva / Anlagevermögen / Sachanlagen / geleistete Anzahlungen und Anlagen im Bau,,,,Aktiva / Anlagevermögen / Sachanlagen / geleistete Anzahlungen und Anlagen im Bau / Wohnbauten im Bau,
,technische Anlagen und Maschinen,asset,group,debit,1,,Aktiva / Anlagevermögen / Sachanlagen,,,,Aktiva / Anlagevermögen / Sachanlagen / technische Anlagen und Maschinen,
,Betriebsvorrichtungen,asset,unspecified,debit,0,,Aktiva / Anlagevermögen / Sachanlagen / technische Anlagen und Maschinen,,,,Aktiva / Anlagevermögen / Sachanlagen / technische Anlagen und Maschinen / Betriebsvorrichtungen,
,Maschinelle Anlagen,asset,unspecified,debit,0,,Aktiva / Anlagevermögen / Sachanlagen / technische Anlagen und Maschinen,,,,Aktiva / Anlagevermögen / Sachanlagen / technische Anlagen und Maschinen / Maschinelle Anlagen,
,Maschinen,asset,unspecified,debit,0,,Aktiva / Anlagevermögen / Sachanlagen / technische Anlagen und Maschinen,,,,Aktiva / Anlagevermögen / Sachanlagen / technische Anlagen und Maschinen / Maschinen,
,Maschinengebundene Werkzeuge,asset,unspecified,debit,0,,Aktiva / Anlagevermögen / Sachanlagen / technische Anlagen und Maschinen,,,,Aktiva / Anlagevermögen / Sachanlagen / technische Anlagen und Maschinen / Maschinengebundene Werkzeuge,
,Technische Anlagen und Maschinen,asset,unspecified,debit,0,,Aktiva / Anlagevermögen / Sachanlagen / technische Anlagen und Maschinen,,,,Aktiva / Anlagevermögen / Sachanlagen / technische Anlagen und Maschinen / Technische Anlagen und Maschinen,
,Transportanlagen und Ähnliches,asset,unspecified,debit,0,,Aktiva / Anlagevermögen / Sachanlagen / technische Anlagen und Maschinen,,,,Aktiva / Anlagevermögen / Sachanlagen / technische Anlagen und Maschinen / Transportanlagen und Ähnliches,
,Aufwendungen für die Ingangsetzung und Erweiterung des Geschäftsbetriebs,asset,group,debit,1,,Aktiva,,,,Aktiva / Aufwendungen für die Ingangsetzung und Erweiterung des Geschäftsbetriebs,
,Ingangsetzungs- und Erweiterungsaufwand,asset,unspecified,debit,0,,Aktiva / Aufwendungen für die Ingangsetzung und Erweiterung des Geschäftsbetriebs,,,,Aktiva / Aufwendungen für die Ingangsetzung und Erweiterung des Geschäftsbetriebs / Ingangsetzungs- und Erweiterungsaufwand,
,Aufwendungen für die Währungsumstellung auf den Euro,asset,unspecified,debit,0,,Aktiva,,,,Aktiva / Aufwendungen für die Währungsumstellung auf den Euro,
,Ausstehende Einlagen,asset,group,debit,1,,Aktiva,,,,Aktiva / Ausstehende Einlagen,
,davon eingefordert,asset,unspecified,debit,0,,Aktiva / Ausstehende Einlagen,,,,Aktiva / Ausstehende Einlagen / davon eingefordert,
,Rechnungsabgrenzungsposten,asset,group,debit,1,,Aktiva,,,,Aktiva / Rechnungsabgrenzungsposten,
,Aktive Rechnungsabgrenzung,asset,unspecified,debit,0,,Aktiva / Rechnungsabgrenzungsposten,,,,Aktiva / Rechnungsabgrenzungsposten / Aktive Rechnungsabgrenzung,
,Aufwand Umsatzsteuer auf Anzahlungen,asset,unspecified,debit,0,,Aktiva / Rechnungsabgrenzungsposten,,,,Aktiva / Rechnungsabgrenzungsposten / Aufwand Umsatzsteuer auf Anzahlungen,
,Aufwand Zölle und Verbrauchsteuern,asset,unspecified,debit,0,,Aktiva / Rechnungsabgrenzungsposten,,,,Aktiva / Rechnungsabgrenzungsposten / Aufwand Zölle und Verbrauchsteuern,
,Damnum/Disagio,asset,unspecified,debit,0,,Aktiva / Rechnungsabgrenzungsposten,,,,Aktiva / Rechnungsabgrenzungsposten / Damnum/Disagio,
,Umlaufvermögen,asset,group,debit,1,,Aktiva,,,,Aktiva / Umlaufvermögen,
,Forderungen und sonstige Vermögensgegenstände,asset,group,debit,1,,Aktiva / Umlaufvermögen,,,,Aktiva / Umlaufvermögen / Forderungen und sonstige Vermögensgegenstände,
,Forderungen aus Lieferungen und Leistungen,asset,group,debit,1,,Aktiva / Umlaufvermögen / Forderungen und sonstige Vermögensgegenstände,,,,Aktiva / Umlaufvermögen / Forderungen und sonstige Vermögensgegenstände / Forderungen aus Lieferungen und Leistungen,
,Einzelwertberichtigung Forderung(b.1J),asset,unspecified,debit,0,,Aktiva / Umlaufvermögen / Forderungen und sonstige Vermögensgegenstände / Forderungen aus Lieferungen und Leistungen,,,,Aktiva / Umlaufvermögen / Forderungen und sonstige Vermögensgegenstände / Forderungen aus Lieferungen und Leistungen / Einzelwertberichtigung Forderung(b.1J),
,Forderg. aus L+L gg.Gesellschafter b.1 J,asset,unspecified,debit,0,,Aktiva / Umlaufvermögen / Forderungen und sonstige Vermögensgegenstände / Forderungen aus Lieferungen und Leistungen,,,,Aktiva / Umlaufvermögen / Forderungen und sonstige Vermögensgegenstände / Forderungen aus Lieferungen und Leistungen / Forderg. aus L+L gg.Gesellschafter b.1 J,
,"Forderg. aus stfr., n. steuerbaren L+L",asset,receivable,debit,0,receivables,Aktiva / Umlaufvermögen / Forderungen und sonstige Vermögensgegenstände / Forderungen aus Lieferungen und Leistungen,Receivable,,,"Aktiva / Umlaufvermögen / Forderungen und sonstige Vermögensgegenstände / Forderungen aus Lieferungen und Leistungen / Forderg. aus stfr., n. steuerbaren L+L",
,Forderg.a. Lieferungen/Leistungen b.1 J,asset,unspecified,debit,0,,Aktiva / Umlaufvermögen / Forderungen und sonstige Vermögensgegenstände / Forderungen aus Lieferungen und Leistungen,,,,Aktiva / Umlaufvermögen / Forderungen und sonstige Vermögensgegenstände / Forderungen aus Lieferungen und Leistungen / Forderg.a. Lieferungen/Leistungen b.1 J,
,Forderungen aus L+L allgem. Steuersatz,asset,unspecified,debit,0,,Aktiva / Umlaufvermögen / Forderungen und sonstige Vermögensgegenstände / Forderungen aus Lieferungen und Leistungen,,,,Aktiva / Umlaufvermögen / Forderungen und sonstige Vermögensgegenstände / Forderungen aus Lieferungen und Leistungen / Forderungen aus L+L allgem. Steuersatz,
,Forderungen aus L+L ermäßigt. Steuersatz,asset,receivable,debit,0,receivables,Aktiva / Umlaufvermögen / Forderungen und sonstige Vermögensgegenstände / Forderungen aus Lieferungen und Leistungen,Receivable,,,Aktiva / Umlaufvermögen / Forderungen und sonstige Vermögensgegenstände / Forderungen aus Lieferungen und Leistungen / Forderungen aus L+L ermäßigt. Steuersatz,
,Forderungen aus L+L gemäß § 24 UStG,asset,unspecified,debit,0,,Aktiva / Umlaufvermögen / Forderungen und sonstige Vermögensgegenstände / Forderungen aus Lieferungen und Leistungen,,,,Aktiva / Umlaufvermögen / Forderungen und sonstige Vermögensgegenstände / Forderungen aus Lieferungen und Leistungen / Forderungen aus L+L gemäß § 24 UStG,
,Forderungen aus L+L gg. Gesellschafter,asset,receivable,debit,0,receivables,Aktiva / Umlaufvermögen / Forderungen und sonstige Vermögensgegenstände / Forderungen aus Lieferungen und Leistungen,Receivable,,,Aktiva / Umlaufvermögen / Forderungen und sonstige Vermögensgegenstände / Forderungen aus Lieferungen und Leistungen / Forderungen aus L+L gg. Gesellschafter,
,Forderungen aus Lieferungen u.Leistung,asset,receivable,debit,0,receivables,Aktiva / Umlaufvermögen / Forderungen und sonstige Vermögensgegenstände / Forderungen aus Lieferungen und Leistungen,Receivable,,,Aktiva / Umlaufvermögen / Forderungen und sonstige Vermögensgegenstände / Forderungen aus Lieferungen und Leistungen / Forderungen aus Lieferungen u.Leistung,
,Forderungen nach § 11 EStG für § 4/3,asset,receivable,debit,0,receivables,Aktiva / Umlaufvermögen / Forderungen und sonstige Vermögensgegenstände / Forderungen aus Lieferungen und Leistungen,Receivable,,,Aktiva / Umlaufvermögen / Forderungen und sonstige Vermögensgegenstände / Forderungen aus Lieferungen und Leistungen / Forderungen nach § 11 EStG für § 4/3,
,Gegenkonto bei Aufteilung Debitoren,asset,unspecified,debit,0,,Aktiva / Umlaufvermögen / Forderungen und sonstige Vermögensgegenstände / Forderungen aus Lieferungen und Leistungen,,,,Aktiva / Umlaufvermögen / Forderungen und sonstige Vermögensgegenstände / Forderungen aus Lieferungen und Leistungen / Gegenkonto bei Aufteilung Debitoren,
,Gegenkonto sonst.VG bei Buchung Debitor,asset,unspecified,debit,0,,Aktiva / Umlaufvermögen / Forderungen und sonstige Vermögensgegenstände / Forderungen aus Lieferungen und Leistungen,,,,Aktiva / Umlaufvermögen / Forderungen und sonstige Vermögensgegenstände / Forderungen aus Lieferungen und Leistungen / Gegenkonto sonst.VG bei Buchung Debitor,
,Gegenkto Aufteilung der Forderungen L+L,asset,unspecified,debit,0,,Aktiva / Umlaufvermögen / Forderungen und sonstige Vermögensgegenstände / Forderungen aus Lieferungen und Leistungen,,,,Aktiva / Umlaufvermögen / Forderungen und sonstige Vermögensgegenstände / Forderungen aus Lieferungen und Leistungen / Gegenkto Aufteilung der Forderungen L+L,
,Pauschalwertberichtigung Forderg./b.1J,asset,unspecified,debit,0,,Aktiva / Umlaufvermögen / Forderungen und sonstige Vermögensgegenstände / Forderungen aus Lieferungen und Leistungen,,,,Aktiva / Umlaufvermögen / Forderungen und sonstige Vermögensgegenstände / Forderungen aus Lieferungen und Leistungen / Pauschalwertberichtigung Forderg./b.1J,
,Wechsel a. Lieferungen/Leistungen b.1 J,asset,unspecified,debit,0,,Aktiva / Umlaufvermögen / Forderungen und sonstige Vermögensgegenstände / Forderungen aus Lieferungen und Leistungen,,,,Aktiva / Umlaufvermögen / Forderungen und sonstige Vermögensgegenstände / Forderungen aus Lieferungen und Leistungen / Wechsel a. Lieferungen/Leistungen b.1 J,
,Wechsel a. Lieferungen/Leistungen bbf.,asset,unspecified,debit,0,,Aktiva / Umlaufvermögen / Forderungen und sonstige Vermögensgegenstände / Forderungen aus Lieferungen und Leistungen,,,,Aktiva / Umlaufvermögen / Forderungen und sonstige Vermögensgegenstände / Forderungen aus Lieferungen und Leistungen / Wechsel a. Lieferungen/Leistungen bbf.,
,Wechsel aus Lieferung und Leistung,asset,unspecified,debit,0,,Aktiva / Umlaufvermögen / Forderungen und sonstige Vermögensgegenstände / Forderungen aus Lieferungen und Leistungen,,,,Aktiva / Umlaufvermögen / Forderungen und sonstige Vermögensgegenstände / Forderungen aus Lieferungen und Leistungen / Wechsel aus Lieferung und Leistung,
,Zweifelhafte Forderungen,asset,unspecified,debit,0,,Aktiva / Umlaufvermögen / Forderungen und sonstige Vermögensgegenstände / Forderungen aus Lieferungen und Leistungen,,,,Aktiva / Umlaufvermögen / Forderungen und sonstige Vermögensgegenstände / Forderungen aus Lieferungen und Leistungen / Zweifelhafte Forderungen,
,Zweifelhafte Forderungen (bis 1 Jahr),asset,unspecified,debit,0,,Aktiva / Umlaufvermögen / Forderungen und sonstige Vermögensgegenstände / Forderungen aus Lieferungen und Leistungen,,,,Aktiva / Umlaufvermögen / Forderungen und sonstige Vermögensgegenstände / Forderungen aus Lieferungen und Leistungen / Zweifelhafte Forderungen (bis 1 Jahr),
,davon mit einer Restlaufzeit von mehr als einem Jahr,asset,group,debit,1,,Aktiva / Umlaufvermögen / Forderungen und sonstige Vermögensgegenstände / Forderungen aus Lieferungen und Leistungen,,,,Aktiva / Umlaufvermögen / Forderungen und sonstige Vermögensgegenstände / Forderungen aus Lieferungen und Leistungen / davon mit einer Restlaufzeit von mehr als einem Jahr,
,Einzelwertberichtigung Forderung(g.1J),asset,unspecified,debit,0,,Aktiva / Umlaufvermögen / Forderungen und sonstige Vermögensgegenstände / Forderungen aus Lieferungen und Leistungen / davon mit einer Restlaufzeit von mehr als einem Jahr,,,,Aktiva / Umlaufvermögen / Forderungen und sonstige Vermögensgegenstände / Forderungen aus Lieferungen und Leistungen / davon mit einer Restlaufzeit von mehr als einem Jahr / Einzelwertberichtigung Forderung(g.1J),
,Forderg. aus L+L gg.Gesellschafter g.1 J,asset,unspecified,debit,0,,Aktiva / Umlaufvermögen / Forderungen und sonstige Vermögensgegenstände / Forderungen aus Lieferungen und Leistungen / davon mit einer Restlaufzeit von mehr als einem Jahr,,,,Aktiva / Umlaufvermögen / Forderungen und sonstige Vermögensgegenstände / Forderungen aus Lieferungen und Leistungen / davon mit einer Restlaufzeit von mehr als einem Jahr / Forderg. aus L+L gg.Gesellschafter g.1 J,
,Forderg.a. Lieferungen/Leistungen g.1 J,asset,unspecified,debit,0,,Aktiva / Umlaufvermögen / Forderungen und sonstige Vermögensgegenstände / Forderungen aus Lieferungen und Leistungen / davon mit einer Restlaufzeit von mehr als einem Jahr,,,,Aktiva / Umlaufvermögen / Forderungen und sonstige Vermögensgegenstände / Forderungen aus Lieferungen und Leistungen / davon mit einer Restlaufzeit von mehr als einem Jahr / Forderg.a. Lieferungen/Leistungen g.1 J,
,Pauschalwertberichtigung Forderg./g.1J,asset,unspecified,debit,0,,Aktiva / Umlaufvermögen / Forderungen und sonstige Vermögensgegenstände / Forderungen aus Lieferungen und Leistungen / davon mit einer Restlaufzeit von mehr als einem Jahr,,,,Aktiva / Umlaufvermögen / Forderungen und sonstige Vermögensgegenstände / Forderungen aus Lieferungen und Leistungen / davon mit einer Restlaufzeit von mehr als einem Jahr / Pauschalwertberichtigung Forderg./g.1J,
,Wechsel a. Lieferungen/Leistungen g.1 J,asset,unspecified,debit,0,,Aktiva / Umlaufvermögen / Forderungen und sonstige Vermögensgegenstände / Forderungen aus Lieferungen und Leistungen / davon mit einer Restlaufzeit von mehr als einem Jahr,,,,Aktiva / Umlaufvermögen / Forderungen und sonstige Vermögensgegenstände / Forderungen aus Lieferungen und Leistungen / davon mit einer Restlaufzeit von mehr als einem Jahr / Wechsel a. Lieferungen/Leistungen g.1 J,
,Zweifelhafte Forderungen (g. 1 Jahr),asset,unspecified,debit,0,,Aktiva / Umlaufvermögen / Forderungen und sonstige Vermögensgegenstände / Forderungen aus Lieferungen und Leistungen / davon mit einer Restlaufzeit von mehr als einem Jahr,,,,Aktiva / Umlaufvermögen / Forderungen und sonstige Vermögensgegenstände / Forderungen aus Lieferungen und Leistungen / davon mit einer Restlaufzeit von mehr als einem Jahr / Zweifelhafte Forderungen (g. 1 Jahr),
,"Forderungen gegen Unternehmen, mit denen ein Beteiligungsverhältnis besteht",asset,group,debit,1,,Aktiva / Umlaufvermögen / Forderungen und sonstige Vermögensgegenstände,,,,"Aktiva / Umlaufvermögen / Forderungen und sonstige Vermögensgegenstände / Forderungen gegen Unternehmen, mit denen ein Beteiligungsverhältnis besteht",
,Besitzwechsel gg.UN m. Beteiligungsverh.,asset,unspecified,debit,0,,"Aktiva / Umlaufvermögen / Forderungen und sonstige Vermögensgegenstände / Forderungen gegen Unternehmen, mit denen ein Beteiligungsverhältnis besteht",,,,"Aktiva / Umlaufvermögen / Forderungen und sonstige Vermögensgegenstände / Forderungen gegen Unternehmen, mit denen ein Beteiligungsverhältnis besteht / Besitzwechsel gg.UN m. Beteiligungsverh.",
,Besitzwechsel gg.UN m.Beteiligg.verh.b1J,asset,unspecified,debit,0,,"Aktiva / Umlaufvermögen / Forderungen und sonstige Vermögensgegenstände / Forderungen gegen Unternehmen, mit denen ein Beteiligungsverhältnis besteht",,,,"Aktiva / Umlaufvermögen / Forderungen und sonstige Vermögensgegenstände / Forderungen gegen Unternehmen, mit denen ein Beteiligungsverhältnis besteht / Besitzwechsel gg.UN m.Beteiligg.verh.b1J",
,Besitzwechsel gg.UN m.Beteiligg.verh.bbf,asset,unspecified,debit,0,,"Aktiva / Umlaufvermögen / Forderungen und sonstige Vermögensgegenstände / Forderungen gegen Unternehmen, mit denen ein Beteiligungsverhältnis besteht",,,,"Aktiva / Umlaufvermögen / Forderungen und sonstige Vermögensgegenstände / Forderungen gegen Unternehmen, mit denen ein Beteiligungsverhältnis besteht / Besitzwechsel gg.UN m.Beteiligg.verh.bbf",
,Forderg. L+L gg.UN m. Beteiligungsverh.,asset,receivable,debit,0,receivables,"Aktiva / Umlaufvermögen / Forderungen und sonstige Vermögensgegenstände / Forderungen gegen Unternehmen, mit denen ein Beteiligungsverhältnis besteht",Receivable,,,"Aktiva / Umlaufvermögen / Forderungen und sonstige Vermögensgegenstände / Forderungen gegen Unternehmen, mit denen ein Beteiligungsverhältnis besteht / Forderg. L+L gg.UN m. Beteiligungsverh.",
,Forderg. L+L gg.UN m.Beteiligg.verh.b1J,asset,unspecified,debit,0,,"Aktiva / Umlaufvermögen / Forderungen und sonstige Vermögensgegenstände / Forderungen gegen Unternehmen, mit denen ein Beteiligungsverhältnis besteht",,,,"Aktiva / Umlaufvermögen / Forderungen und sonstige Vermögensgegenstände / Forderungen gegen Unternehmen, mit denen ein Beteiligungsverhältnis besteht / Forderg. L+L gg.UN m.Beteiligg.verh.b1J",
,Forderg. gg. UN mit Beteiligg.verh. b.1J,asset,unspecified,debit,0,,"Aktiva / Umlaufvermögen / Forderungen und sonstige Vermögensgegenstände / Forderungen gegen Unternehmen, mit denen ein Beteiligungsverhältnis besteht",,,,"Aktiva / Umlaufvermögen / Forderungen und sonstige Vermögensgegenstände / Forderungen gegen Unternehmen, mit denen ein Beteiligungsverhältnis besteht / Forderg. gg. UN mit Beteiligg.verh. b.1J",
,Forderungen gg. UN m. Beteiligungsverh.,asset,unspecified,debit,0,,"Aktiva / Umlaufvermögen / Forderungen und sonstige Vermögensgegenstände / Forderungen gegen Unternehmen, mit denen ein Beteiligungsverhältnis besteht",,,,"Aktiva / Umlaufvermögen / Forderungen und sonstige Vermögensgegenstände / Forderungen gegen Unternehmen, mit denen ein Beteiligungsverhältnis besteht / Forderungen gg. UN m. Beteiligungsverh.",
,WB Forderg.gg.UN m.Beteiligg.verh. b.1J,asset,unspecified,debit,0,,"Aktiva / Umlaufvermögen / Forderungen und sonstige Vermögensgegenstände / Forderungen gegen Unternehmen, mit denen ein Beteiligungsverhältnis besteht",,,,"Aktiva / Umlaufvermögen / Forderungen und sonstige Vermögensgegenstände / Forderungen gegen Unternehmen, mit denen ein Beteiligungsverhältnis besteht / WB Forderg.gg.UN m.Beteiligg.verh. b.1J",
,davon mit einer Restlaufzeit von mehr als einem Jahr,asset,group,debit,1,,"Aktiva / Umlaufvermögen / Forderungen und sonstige Vermögensgegenstände / Forderungen gegen Unternehmen, mit denen ein Beteiligungsverhältnis besteht",,,,"Aktiva / Umlaufvermögen / Forderungen und sonstige Vermögensgegenstände / Forderungen gegen Unternehmen, mit denen ein Beteiligungsverhältnis besteht / davon mit einer Restlaufzeit von mehr als einem Jahr",
,Besitzwechsel gg.UN m.Beteiligg.verh.g1J,asset,unspecified,debit,0,,"Aktiva / Umlaufvermögen / Forderungen und sonstige Vermögensgegenstände / Forderungen gegen Unternehmen, mit denen ein Beteiligungsverhältnis besteht / davon mit einer Restlaufzeit von mehr als einem Jahr",,,,"Aktiva / Umlaufvermögen / Forderungen und sonstige Vermögensgegenstände / Forderungen gegen Unternehmen, mit denen ein Beteiligungsverhältnis besteht / davon mit einer Restlaufzeit von mehr als einem Jahr / Besitzwechsel gg.UN m.Beteiligg.verh.g1J",
,Forderg. L+L gg.UN m.Beteiligg.verh.g1J,asset,unspecified,debit,0,,"Aktiva / Umlaufvermögen / Forderungen und sonstige Vermögensgegenstände / Forderungen gegen Unternehmen, mit denen ein Beteiligungsverhältnis besteht / davon mit einer Restlaufzeit von mehr als einem Jahr",,,,"Aktiva / Umlaufvermögen / Forderungen und sonstige Vermögensgegenstände / Forderungen gegen Unternehmen, mit denen ein Beteiligungsverhältnis besteht / davon mit einer Restlaufzeit von mehr als einem Jahr / Forderg. L+L gg.UN m.Beteiligg.verh.g1J",
,Forderg. gg. UN mit Beteiligg.verh. g.1J,asset,unspecified,debit,0,,"Aktiva / Umlaufvermögen / Forderungen und sonstige Vermögensgegenstände / Forderungen gegen Unternehmen, mit denen ein Beteiligungsverhältnis besteht / davon mit einer Restlaufzeit von mehr als einem Jahr",,,,"Aktiva / Umlaufvermögen / Forderungen und sonstige Vermögensgegenstände / Forderungen gegen Unternehmen, mit denen ein Beteiligungsverhältnis besteht / davon mit einer Restlaufzeit von mehr als einem Jahr / Forderg. gg. UN mit Beteiligg.verh. g.1J",
,WB Forderg.gg.UN m.Beteiligg.verh. g.1J,asset,unspecified,debit,0,,"Aktiva / Umlaufvermögen / Forderungen und sonstige Vermögensgegenstände / Forderungen gegen Unternehmen, mit denen ein Beteiligungsverhältnis besteht / davon mit einer Restlaufzeit von mehr als einem Jahr",,,,"Aktiva / Umlaufvermögen / Forderungen und sonstige Vermögensgegenstände / Forderungen gegen Unternehmen, mit denen ein Beteiligungsverhältnis besteht / davon mit einer Restlaufzeit von mehr als einem Jahr / WB Forderg.gg.UN m.Beteiligg.verh. g.1J",
,Forderungen gegen verbundene Unternehmen,asset,group,debit,1,,Aktiva / Umlaufvermögen / Forderungen und sonstige Vermögensgegenstände,,,,Aktiva / Umlaufvermögen / Forderungen und sonstige Vermögensgegenstände / Forderungen gegen verbundene Unternehmen,
,"Besitzwechs.gg.verb.UN, bundesbankfähig",asset,unspecified,debit,0,,Aktiva / Umlaufvermögen / Forderungen und sonstige Vermögensgegenstände / Forderungen gegen verbundene Unternehmen,,,,"Aktiva / Umlaufvermögen / Forderungen und sonstige Vermögensgegenstände / Forderungen gegen verbundene Unternehmen / Besitzwechs.gg.verb.UN, bundesbankfähig",
,Besitzwechsel gegen verbund. Unternehmen,asset,unspecified,debit,0,,Aktiva / Umlaufvermögen / Forderungen und sonstige Vermögensgegenstände / Forderungen gegen verbundene Unternehmen,,,,Aktiva / Umlaufvermögen / Forderungen und sonstige Vermögensgegenstände / Forderungen gegen verbundene Unternehmen / Besitzwechsel gegen verbund. Unternehmen,
,Besitzwechsel gegen verbundene UN (b.1J),asset,unspecified,debit,0,,Aktiva / Umlaufvermögen / Forderungen und sonstige Vermögensgegenstände / Forderungen gegen verbundene Unternehmen,,,,Aktiva / Umlaufvermögen / Forderungen und sonstige Vermögensgegenstände / Forderungen gegen verbundene Unternehmen / Besitzwechsel gegen verbundene UN (b.1J),
,Forderungen aus L+L gg. verbund. UN b.1J,asset,unspecified,debit,0,,Aktiva / Umlaufvermögen / Forderungen und sonstige Vermögensgegenstände / Forderungen gegen verbundene Unternehmen,,,,Aktiva / Umlaufvermögen / Forderungen und sonstige Vermögensgegenstände / Forderungen gegen verbundene Unternehmen / Forderungen aus L+L gg. verbund. UN b.1J,
,Forderungen aus L+L gg. verbundenen UN,asset,receivable,debit,0,receivables,Aktiva / Umlaufvermögen / Forderungen und sonstige Vermögensgegenstände / Forderungen gegen verbundene Unternehmen,Receivable,,,Aktiva / Umlaufvermögen / Forderungen und sonstige Vermögensgegenstände / Forderungen gegen verbundene Unternehmen / Forderungen aus L+L gg. verbundenen UN,
,Forderungen gegen verbund.Unternehmen,asset,unspecified,debit,0,,Aktiva / Umlaufvermögen / Forderungen und sonstige Vermögensgegenstände / Forderungen gegen verbundene Unternehmen,,,,Aktiva / Umlaufvermögen / Forderungen und sonstige Vermögensgegenstände / Forderungen gegen verbundene Unternehmen / Forderungen gegen verbund.Unternehmen,
,Forderungen gg. verbundene UN(b. 1 J),asset,unspecified,debit,0,,Aktiva / Umlaufvermögen / Forderungen und sonstige Vermögensgegenstände / Forderungen gegen verbundene Unternehmen,,,,Aktiva / Umlaufvermögen / Forderungen und sonstige Vermögensgegenstände / Forderungen gegen verbundene Unternehmen / Forderungen gg. verbundene UN(b. 1 J),
,WB Forderungen gg. verbundene UN (b.1J),asset,unspecified,debit,0,,Aktiva / Umlaufvermögen / Forderungen und sonstige Vermögensgegenstände / Forderungen gegen verbundene Unternehmen,,,,Aktiva / Umlaufvermögen / Forderungen und sonstige Vermögensgegenstände / Forderungen gegen verbundene Unternehmen / WB Forderungen gg. verbundene UN (b.1J),
,davon mit einer Restlaufzeit von mehr als einem Jahr,asset,group,debit,1,,Aktiva / Umlaufvermögen / Forderungen und sonstige Vermögensgegenstände / Forderungen gegen verbundene Unternehmen,,,,Aktiva / Umlaufvermögen / Forderungen und sonstige Vermögensgegenstände / Forderungen gegen verbundene Unternehmen / davon mit einer Restlaufzeit von mehr als einem Jahr,
,Besitzwechsel gegen verbundene UN (g.1J),asset,unspecified,debit,0,,Aktiva / Umlaufvermögen / Forderungen und sonstige Vermögensgegenstände / Forderungen gegen verbundene Unternehmen / davon mit einer Restlaufzeit von mehr als einem Jahr,,,,Aktiva / Umlaufvermögen / Forderungen und sonstige Vermögensgegenstände / Forderungen gegen verbundene Unternehmen / davon mit einer Restlaufzeit von mehr als einem Jahr / Besitzwechsel gegen verbundene UN (g.1J),
,Forderungen aus L+L gg. verbund. UN g.1J,asset,unspecified,debit,0,,Aktiva / Umlaufvermögen / Forderungen und sonstige Vermögensgegenstände / Forderungen gegen verbundene Unternehmen / davon mit einer Restlaufzeit von mehr als einem Jahr,,,,Aktiva / Umlaufvermögen / Forderungen und sonstige Vermögensgegenstände / Forderungen gegen verbundene Unternehmen / davon mit einer Restlaufzeit von mehr als einem Jahr / Forderungen aus L+L gg. verbund. UN g.1J,
,Forderungen gg. verbundene UN(g. 1 J),asset,unspecified,debit,0,,Aktiva / Umlaufvermögen / Forderungen und sonstige Vermögensgegenstände / Forderungen gegen verbundene Unternehmen / davon mit einer Restlaufzeit von mehr als einem Jahr,,,,Aktiva / Umlaufvermögen / Forderungen und sonstige Vermögensgegenstände / Forderungen gegen verbundene Unternehmen / davon mit einer Restlaufzeit von mehr als einem Jahr / Forderungen gg. verbundene UN(g. 1 J),
,WB Forderungen gg. verbundene UN (g.1J),asset,unspecified,debit,0,,Aktiva / Umlaufvermögen / Forderungen und sonstige Vermögensgegenstände / Forderungen gegen verbundene Unternehmen / davon mit einer Restlaufzeit von mehr als einem Jahr,,,,Aktiva / Umlaufvermögen / Forderungen und sonstige Vermögensgegenstände / Forderungen gegen verbundene Unternehmen / davon mit einer Restlaufzeit von mehr als einem Jahr / WB Forderungen gg. verbundene UN (g.1J),
,sonstige Vermögensgegenstände,asset,group,debit,1,,Aktiva / Umlaufvermögen / Forderungen und sonstige Vermögensgegenstände,,,,Aktiva / Umlaufvermögen / Forderungen und sonstige Vermögensgegenstände / sonstige Vermögensgegenstände,
,Abziehbare Vorsteuer,asset,unspecified,debit,0,,Aktiva / Umlaufvermögen / Forderungen und sonstige Vermögensgegenstände / sonstige Vermögensgegenstände,,,,Aktiva / Umlaufvermögen / Forderungen und sonstige Vermögensgegenstände / sonstige Vermögensgegenstände / Abziehbare Vorsteuer,
,Abziehbare Vorsteuer 16%,asset,unspecified,debit,0,,Aktiva / Umlaufvermögen / Forderungen und sonstige Vermögensgegenstände / sonstige Vermögensgegenstände,,,,Aktiva / Umlaufvermögen / Forderungen und sonstige Vermögensgegenstände / sonstige Vermögensgegenstände / Abziehbare Vorsteuer 16%,
,Abziehbare Vorsteuer 19%,asset,unspecified,debit,0,,Aktiva / Umlaufvermögen / Forderungen und sonstige Vermögensgegenstände / sonstige Vermögensgegenstände,,,,Aktiva / Umlaufvermögen / Forderungen und sonstige Vermögensgegenstände / sonstige Vermögensgegenstände / Abziehbare Vorsteuer 19%,
,Abziehbare Vorsteuer 7%,asset,unspecified,debit,0,,Aktiva / Umlaufvermögen / Forderungen und sonstige Vermögensgegenstände / sonstige Vermögensgegenstände,,,,Aktiva / Umlaufvermögen / Forderungen und sonstige Vermögensgegenstände / sonstige Vermögensgegenstände / Abziehbare Vorsteuer 7%,
,Abziehbare Vorsteuer aus EG-Erwerb,asset,unspecified,debit,0,,Aktiva / Umlaufvermögen / Forderungen und sonstige Vermögensgegenstände / sonstige Vermögensgegenstände,,,,Aktiva / Umlaufvermögen / Forderungen und sonstige Vermögensgegenstände / sonstige Vermögensgegenstände / Abziehbare Vorsteuer aus EG-Erwerb,
,Abziehbare Vorsteuer aus EG-Erwerb 16%,asset,unspecified,debit,0,,Aktiva / Umlaufvermögen / Forderungen und sonstige Vermögensgegenstände / sonstige Vermögensgegenstände,,,,Aktiva / Umlaufvermögen / Forderungen und sonstige Vermögensgegenstände / sonstige Vermögensgegenstände / Abziehbare Vorsteuer aus EG-Erwerb 16%,
,Abziehbare Vorsteuer aus EG-Erwerb 19%,asset,unspecified,debit,0,,Aktiva / Umlaufvermögen / Forderungen und sonstige Vermögensgegenstände / sonstige Vermögensgegenstände,,,,Aktiva / Umlaufvermögen / Forderungen und sonstige Vermögensgegenstände / sonstige Vermögensgegenstände / Abziehbare Vorsteuer aus EG-Erwerb 19%,
,Abziehbare Vorsteuer § 13a UStG,asset,unspecified,debit,0,,Aktiva / Umlaufvermögen / Forderungen und sonstige Vermögensgegenstände / sonstige Vermögensgegenstände,,,,Aktiva / Umlaufvermögen / Forderungen und sonstige Vermögensgegenstände / sonstige Vermögensgegenstände / Abziehbare Vorsteuer § 13a UStG,
,Abziehbare Vorsteuer § 13b UStG,asset,unspecified,debit,0,,Aktiva / Umlaufvermögen / Forderungen und sonstige Vermögensgegenstände / sonstige Vermögensgegenstände,,,,Aktiva / Umlaufvermögen / Forderungen und sonstige Vermögensgegenstände / sonstige Vermögensgegenstände / Abziehbare Vorsteuer § 13b UStG,
,Abziehbare Vorsteuer § 13b UStG 16%,asset,unspecified,debit,0,,Aktiva / Umlaufvermögen / Forderungen und sonstige Vermögensgegenstände / sonstige Vermögensgegenstände,,,,Aktiva / Umlaufvermögen / Forderungen und sonstige Vermögensgegenstände / sonstige Vermögensgegenstände / Abziehbare Vorsteuer § 13b UStG 16%,
,Abziehbare Vorsteuer § 13b UStG 19%,asset,unspecified,debit,0,,Aktiva / Umlaufvermögen / Forderungen und sonstige Vermögensgegenstände / sonstige Vermögensgegenstände,,,,Aktiva / Umlaufvermögen / Forderungen und sonstige Vermögensgegenstände / sonstige Vermögensgegenstände / Abziehbare Vorsteuer § 13b UStG 19%,
,Agenturwarenabrechnung,asset,unspecified,debit,0,,Aktiva / Umlaufvermögen / Forderungen und sonstige Vermögensgegenstände / sonstige Vermögensgegenstände,,,,Aktiva / Umlaufvermögen / Forderungen und sonstige Vermögensgegenstände / sonstige Vermögensgegenstände / Agenturwarenabrechnung,
,Ansprüche a. Rückdeckungsversicherung,asset,unspecified,debit,0,,Aktiva / Umlaufvermögen / Forderungen und sonstige Vermögensgegenstände / sonstige Vermögensgegenstände,,,,Aktiva / Umlaufvermögen / Forderungen und sonstige Vermögensgegenstände / sonstige Vermögensgegenstände / Ansprüche a. Rückdeckungsversicherung,
,Auflösung Vorsteuer Vorjahr § 4/3 EStG,asset,unspecified,debit,0,,Aktiva / Umlaufvermögen / Forderungen und sonstige Vermögensgegenstände / sonstige Vermögensgegenstände,,,,Aktiva / Umlaufvermögen / Forderungen und sonstige Vermögensgegenstände / sonstige Vermögensgegenstände / Auflösung Vorsteuer Vorjahr § 4/3 EStG,
,Aufzuteil. Vorsteuer aus EG-Erwerb 19%,asset,unspecified,debit,0,,Aktiva / Umlaufvermögen / Forderungen und sonstige Vermögensgegenstände / sonstige Vermögensgegenstände,,,,Aktiva / Umlaufvermögen / Forderungen und sonstige Vermögensgegenstände / sonstige Vermögensgegenstände / Aufzuteil. Vorsteuer aus EG-Erwerb 19%,
,Aufzuteil. Vorsteuer §§ 13a/13b UStG,asset,unspecified,debit,0,,Aktiva / Umlaufvermögen / Forderungen und sonstige Vermögensgegenstände / sonstige Vermögensgegenstände,,,,Aktiva / Umlaufvermögen / Forderungen und sonstige Vermögensgegenstände / sonstige Vermögensgegenstände / Aufzuteil. Vorsteuer §§ 13a/13b UStG,
,Aufzuteil. Vorsteuer §§13a/13b USt 16%,asset,unspecified,debit,0,,Aktiva / Umlaufvermögen / Forderungen und sonstige Vermögensgegenstände / sonstige Vermögensgegenstände,,,,Aktiva / Umlaufvermögen / Forderungen und sonstige Vermögensgegenstände / sonstige Vermögensgegenstände / Aufzuteil. Vorsteuer §§13a/13b USt 16%,
,Aufzuteil. Vorsteuer §§13a/13b USt 19%,asset,unspecified,debit,0,,Aktiva / Umlaufvermögen / Forderungen und sonstige Vermögensgegenstände / sonstige Vermögensgegenstände,,,,Aktiva / Umlaufvermögen / Forderungen und sonstige Vermögensgegenstände / sonstige Vermögensgegenstände / Aufzuteil. Vorsteuer §§13a/13b USt 19%,
,Aufzuteilende Vorsteuer,asset,unspecified,debit,0,,Aktiva / Umlaufvermögen / Forderungen und sonstige Vermögensgegenstände / sonstige Vermögensgegenstände,,,,Aktiva / Umlaufvermögen / Forderungen und sonstige Vermögensgegenstände / sonstige Vermögensgegenstände / Aufzuteilende Vorsteuer,
,Aufzuteilende Vorsteuer 16%,asset,unspecified,debit,0,,Aktiva / Umlaufvermögen / Forderungen und sonstige Vermögensgegenstände / sonstige Vermögensgegenstände,,,,Aktiva / Umlaufvermögen / Forderungen und sonstige Vermögensgegenstände / sonstige Vermögensgegenstände / Aufzuteilende Vorsteuer 16%,
,Aufzuteilende Vorsteuer 19%,asset,unspecified,debit,0,,Aktiva / Umlaufvermögen / Forderungen und sonstige Vermögensgegenstände / sonstige Vermögensgegenstände,,,,Aktiva / Umlaufvermögen / Forderungen und sonstige Vermögensgegenstände / sonstige Vermögensgegenstände / Aufzuteilende Vorsteuer 19%,
,Aufzuteilende Vorsteuer 7%,asset,unspecified,debit,0,,Aktiva / Umlaufvermögen / Forderungen und sonstige Vermögensgegenstände / sonstige Vermögensgegenstände,,,,Aktiva / Umlaufvermögen / Forderungen und sonstige Vermögensgegenstände / sonstige Vermögensgegenstände / Aufzuteilende Vorsteuer 7%,
,Aufzuteilende Vorsteuer aus EG-Erwerb,asset,unspecified,debit,0,,Aktiva / Umlaufvermögen / Forderungen und sonstige Vermögensgegenstände / sonstige Vermögensgegenstände,,,,Aktiva / Umlaufvermögen / Forderungen und sonstige Vermögensgegenstände / sonstige Vermögensgegenstände / Aufzuteilende Vorsteuer aus EG-Erwerb,
,Darlehen,asset,unspecified,debit,0,,Aktiva / Umlaufvermögen / Forderungen und sonstige Vermögensgegenstände / sonstige Vermögensgegenstände,,,,Aktiva / Umlaufvermögen / Forderungen und sonstige Vermögensgegenstände / sonstige Vermögensgegenstände / Darlehen,
,Darlehen bis 1 Jahr,asset,unspecified,debit,0,,Aktiva / Umlaufvermögen / Forderungen und sonstige Vermögensgegenstände / sonstige Vermögensgegenstände,,,,Aktiva / Umlaufvermögen / Forderungen und sonstige Vermögensgegenstände / sonstige Vermögensgegenstände / Darlehen bis 1 Jahr,
,Durchlaufende Posten,asset,unspecified,debit,0,,Aktiva / Umlaufvermögen / Forderungen und sonstige Vermögensgegenstände / sonstige Vermögensgegenstände,,,,Aktiva / Umlaufvermögen / Forderungen und sonstige Vermögensgegenstände / sonstige Vermögensgegenstände / Durchlaufende Posten,
,Einfuhr-Umsatzsteuer,asset,unspecified,debit,0,,Aktiva / Umlaufvermögen / Forderungen und sonstige Vermögensgegenstände / sonstige Vermögensgegenstände,,,,Aktiva / Umlaufvermögen / Forderungen und sonstige Vermögensgegenstände / sonstige Vermögensgegenstände / Einfuhr-Umsatzsteuer,
,Forderg. an FA aus abgeführtem Bauabzug,asset,unspecified,debit,0,,Aktiva / Umlaufvermögen / Forderungen und sonstige Vermögensgegenstände / sonstige Vermögensgegenstände,,,,Aktiva / Umlaufvermögen / Forderungen und sonstige Vermögensgegenstände / sonstige Vermögensgegenstände / Forderg. an FA aus abgeführtem Bauabzug,
,Forderg. gg. Personal Lohn- u. Gehalt,asset,unspecified,debit,0,,Aktiva / Umlaufvermögen / Forderungen und sonstige Vermögensgegenstände / sonstige Vermögensgegenstände,,,,Aktiva / Umlaufvermögen / Forderungen und sonstige Vermögensgegenstände / sonstige Vermögensgegenstände / Forderg. gg. Personal Lohn- u. Gehalt,
,Forderungen aus Verbrauchsteuern,asset,unspecified,debit,0,,Aktiva / Umlaufvermögen / Forderungen und sonstige Vermögensgegenstände / sonstige Vermögensgegenstände,,,,Aktiva / Umlaufvermögen / Forderungen und sonstige Vermögensgegenstände / sonstige Vermögensgegenstände / Forderungen aus Verbrauchsteuern,
,Forderungen gegen Personal (bis 1Jahr),asset,unspecified,debit,0,,Aktiva / Umlaufvermögen / Forderungen und sonstige Vermögensgegenstände / sonstige Vermögensgegenstände,,,,Aktiva / Umlaufvermögen / Forderungen und sonstige Vermögensgegenstände / sonstige Vermögensgegenstände / Forderungen gegen Personal (bis 1Jahr),
,Forderungen gg. Aufsichtsratsm. (b.1 J),asset,unspecified,debit,0,,Aktiva / Umlaufvermögen / Forderungen und sonstige Vermögensgegenstände / sonstige Vermögensgegenstände,,,,Aktiva / Umlaufvermögen / Forderungen und sonstige Vermögensgegenstände / sonstige Vermögensgegenstände / Forderungen gg. Aufsichtsratsm. (b.1 J),
,Forderungen gg. Geschäftsf.(b.1J),asset,unspecified,debit,0,,Aktiva / Umlaufvermögen / Forderungen und sonstige Vermögensgegenstände / sonstige Vermögensgegenstände,,,,Aktiva / Umlaufvermögen / Forderungen und sonstige Vermögensgegenstände / sonstige Vermögensgegenstände / Forderungen gg. Geschäftsf.(b.1J),
,Forderungen gg. Gesellschafter (b.1J),asset,unspecified,debit,0,,Aktiva / Umlaufvermögen / Forderungen und sonstige Vermögensgegenstände / sonstige Vermögensgegenstände,,,,Aktiva / Umlaufvermögen / Forderungen und sonstige Vermögensgegenstände / sonstige Vermögensgegenstände / Forderungen gg. Gesellschafter (b.1J),
,Fremdgeld,asset,unspecified,debit,0,,Aktiva / Umlaufvermögen / Forderungen und sonstige Vermögensgegenstände / sonstige Vermögensgegenstände,,,,Aktiva / Umlaufvermögen / Forderungen und sonstige Vermögensgegenstände / sonstige Vermögensgegenstände / Fremdgeld,
,Gegenkonto Vorsteuer § 4/3 EStG,asset,unspecified,debit,0,,Aktiva / Umlaufvermögen / Forderungen und sonstige Vermögensgegenstände / sonstige Vermögensgegenstände,,,,Aktiva / Umlaufvermögen / Forderungen und sonstige Vermögensgegenstände / sonstige Vermögensgegenstände / Gegenkonto Vorsteuer § 4/3 EStG,
,Gegenkto. Vorsteuer Durchschnittssätze,asset,unspecified,debit,0,,Aktiva / Umlaufvermögen / Forderungen und sonstige Vermögensgegenstände / sonstige Vermögensgegenstände,,,,Aktiva / Umlaufvermögen / Forderungen und sonstige Vermögensgegenstände / sonstige Vermögensgegenstände / Gegenkto. Vorsteuer Durchschnittssätze,
,Geldtransit,asset,unspecified,debit,0,,Aktiva / Umlaufvermögen / Forderungen und sonstige Vermögensgegenstände / sonstige Vermögensgegenstände,,,,Aktiva / Umlaufvermögen / Forderungen und sonstige Vermögensgegenstände / sonstige Vermögensgegenstände / Geldtransit,
,Genossenschaftsanteile z.kfr.Verbleib,asset,unspecified,debit,0,,Aktiva / Umlaufvermögen / Forderungen und sonstige Vermögensgegenstände / sonstige Vermögensgegenstände,,,,Aktiva / Umlaufvermögen / Forderungen und sonstige Vermögensgegenstände / sonstige Vermögensgegenstände / Genossenschaftsanteile z.kfr.Verbleib,
,Gewinnermittlung §4/3 ergebniswirksam,asset,unspecified,debit,0,,Aktiva / Umlaufvermögen / Forderungen und sonstige Vermögensgegenstände / sonstige Vermögensgegenstände,,,,Aktiva / Umlaufvermögen / Forderungen und sonstige Vermögensgegenstände / sonstige Vermögensgegenstände / Gewinnermittlung §4/3 ergebniswirksam,
,Gewinnermittlung §4/3 nicht ergebnisw.,asset,unspecified,debit,0,,Aktiva / Umlaufvermögen / Forderungen und sonstige Vermögensgegenstände / sonstige Vermögensgegenstände,,,,Aktiva / Umlaufvermögen / Forderungen und sonstige Vermögensgegenstände / sonstige Vermögensgegenstände / Gewinnermittlung §4/3 nicht ergebnisw.,
,GmbH-Anteile z.kurzfristigen Verbleib,asset,unspecified,debit,0,,Aktiva / Umlaufvermögen / Forderungen und sonstige Vermögensgegenstände / sonstige Vermögensgegenstände,,,,Aktiva / Umlaufvermögen / Forderungen und sonstige Vermögensgegenstände / sonstige Vermögensgegenstände / GmbH-Anteile z.kurzfristigen Verbleib,
,Kautionen,asset,unspecified,debit,0,,Aktiva / Umlaufvermögen / Forderungen und sonstige Vermögensgegenstände / sonstige Vermögensgegenstände,,,,Aktiva / Umlaufvermögen / Forderungen und sonstige Vermögensgegenstände / sonstige Vermögensgegenstände / Kautionen,
,Kautionen (bis 1 J),asset,unspecified,debit,0,,Aktiva / Umlaufvermögen / Forderungen und sonstige Vermögensgegenstände / sonstige Vermögensgegenstände,,,,Aktiva / Umlaufvermögen / Forderungen und sonstige Vermögensgegenstände / sonstige Vermögensgegenstände / Kautionen (bis 1 J),
,Körperschaftsteuerguthaben §37 (b.1 J),asset,unspecified,debit,0,,Aktiva / Umlaufvermögen / Forderungen und sonstige Vermögensgegenstände / sonstige Vermögensgegenstände,,,,Aktiva / Umlaufvermögen / Forderungen und sonstige Vermögensgegenstände / sonstige Vermögensgegenstände / Körperschaftsteuerguthaben §37 (b.1 J),
,Körperschaftsteuerrückforderung,asset,unspecified,debit,0,,Aktiva / Umlaufvermögen / Forderungen und sonstige Vermögensgegenstände / sonstige Vermögensgegenstände,,,,Aktiva / Umlaufvermögen / Forderungen und sonstige Vermögensgegenstände / sonstige Vermögensgegenstände / Körperschaftsteuerrückforderung,
,Nachträgl. abz. Vorsteuer § 15a Abs. 2,asset,unspecified,debit,0,,Aktiva / Umlaufvermögen / Forderungen und sonstige Vermögensgegenstände / sonstige Vermögensgegenstände,,,,Aktiva / Umlaufvermögen / Forderungen und sonstige Vermögensgegenstände / sonstige Vermögensgegenstände / Nachträgl. abz. Vorsteuer § 15a Abs. 2,
,"Nachträgl. abz. Vorsteuer, bewegl. WG",asset,unspecified,debit,0,,Aktiva / Umlaufvermögen / Forderungen und sonstige Vermögensgegenstände / sonstige Vermögensgegenstände,,,,"Aktiva / Umlaufvermögen / Forderungen und sonstige Vermögensgegenstände / sonstige Vermögensgegenstände / Nachträgl. abz. Vorsteuer, bewegl. WG",
,"Nachträgl. abz. Vorsteuer, unbewegl. WG",asset,unspecified,debit,0,,Aktiva / Umlaufvermögen / Forderungen und sonstige Vermögensgegenstände / sonstige Vermögensgegenstände,,,,"Aktiva / Umlaufvermögen / Forderungen und sonstige Vermögensgegenstände / sonstige Vermögensgegenstände / Nachträgl. abz. Vorsteuer, unbewegl. WG",
,Sonstige Vermögensgegenstände,asset,unspecified,debit,0,,Aktiva / Umlaufvermögen / Forderungen und sonstige Vermögensgegenstände / sonstige Vermögensgegenstände,,,,Aktiva / Umlaufvermögen / Forderungen und sonstige Vermögensgegenstände / sonstige Vermögensgegenstände / Sonstige Vermögensgegenstände,
,Sonstige Vermögensgegenstände (b.1 J),asset,unspecified,debit,0,,Aktiva / Umlaufvermögen / Forderungen und sonstige Vermögensgegenstände / sonstige Vermögensgegenstände,,,,Aktiva / Umlaufvermögen / Forderungen und sonstige Vermögensgegenstände / sonstige Vermögensgegenstände / Sonstige Vermögensgegenstände (b.1 J),
,Steuererst.anspruch gegen ander. EG-Land,asset,unspecified,debit,0,,Aktiva / Umlaufvermögen / Forderungen und sonstige Vermögensgegenstände / sonstige Vermögensgegenstände,,,,Aktiva / Umlaufvermögen / Forderungen und sonstige Vermögensgegenstände / sonstige Vermögensgegenstände / Steuererst.anspruch gegen ander. EG-Land,
,Steuerüberzahlungen,asset,unspecified,debit,0,,Aktiva / Umlaufvermögen / Forderungen und sonstige Vermögensgegenstände / sonstige Vermögensgegenstände,,,,Aktiva / Umlaufvermögen / Forderungen und sonstige Vermögensgegenstände / sonstige Vermögensgegenstände / Steuerüberzahlungen,
,USt-Forderungen,asset,unspecified,debit,0,,Aktiva / Umlaufvermögen / Forderungen und sonstige Vermögensgegenstände / sonstige Vermögensgegenstände,,,,Aktiva / Umlaufvermögen / Forderungen und sonstige Vermögensgegenstände / sonstige Vermögensgegenstände / USt-Forderungen,
,Verrechnung Ist-Versteuerung,asset,unspecified,debit,0,,Aktiva / Umlaufvermögen / Forderungen und sonstige Vermögensgegenstände / sonstige Vermögensgegenstände,,,,Aktiva / Umlaufvermögen / Forderungen und sonstige Vermögensgegenstände / sonstige Vermögensgegenstände / Verrechnung Ist-Versteuerung,
,Verrechnung geleistete Anzahlungen,asset,unspecified,debit,0,,Aktiva / Umlaufvermögen / Forderungen und sonstige Vermögensgegenstände / sonstige Vermögensgegenstände,,,,Aktiva / Umlaufvermögen / Forderungen und sonstige Vermögensgegenstände / sonstige Vermögensgegenstände / Verrechnung geleistete Anzahlungen,
,Vorsteuer EG-Erwerb neue Kfz ohne UStID,asset,unspecified,debit,0,,Aktiva / Umlaufvermögen / Forderungen und sonstige Vermögensgegenstände / sonstige Vermögensgegenstände,,,,Aktiva / Umlaufvermögen / Forderungen und sonstige Vermögensgegenstände / sonstige Vermögensgegenstände / Vorsteuer EG-Erwerb neue Kfz ohne UStID,
,Vorsteuer allgem. Durchschnittssätze,asset,unspecified,debit,0,,Aktiva / Umlaufvermögen / Forderungen und sonstige Vermögensgegenstände / sonstige Vermögensgegenstände,,,,Aktiva / Umlaufvermögen / Forderungen und sonstige Vermögensgegenstände / sonstige Vermögensgegenstände / Vorsteuer allgem. Durchschnittssätze,
,Vorsteuer aus Investitionen § 4/3 EStG,asset,unspecified,debit,0,,Aktiva / Umlaufvermögen / Forderungen und sonstige Vermögensgegenstände / sonstige Vermögensgegenstände,,,,Aktiva / Umlaufvermögen / Forderungen und sonstige Vermögensgegenstände / sonstige Vermögensgegenstände / Vorsteuer aus Investitionen § 4/3 EStG,
,Vorsteuer im Folgejahr abziehbar,asset,unspecified,debit,0,,Aktiva / Umlaufvermögen / Forderungen und sonstige Vermögensgegenstände / sonstige Vermögensgegenstände,,,,Aktiva / Umlaufvermögen / Forderungen und sonstige Vermögensgegenstände / sonstige Vermögensgegenstände / Vorsteuer im Folgejahr abziehbar,
,Wirtschaftsgüter Umlaufverm. § 4/3 EStG,asset,unspecified,debit,0,,Aktiva / Umlaufvermögen / Forderungen und sonstige Vermögensgegenstände / sonstige Vermögensgegenstände,,,,Aktiva / Umlaufvermögen / Forderungen und sonstige Vermögensgegenstände / sonstige Vermögensgegenstände / Wirtschaftsgüter Umlaufverm. § 4/3 EStG,
,"Zurückzuzahl. Vorsteuer, unbewegl. WG",asset,unspecified,debit,0,,Aktiva / Umlaufvermögen / Forderungen und sonstige Vermögensgegenstände / sonstige Vermögensgegenstände,,,,"Aktiva / Umlaufvermögen / Forderungen und sonstige Vermögensgegenstände / sonstige Vermögensgegenstände / Zurückzuzahl. Vorsteuer, unbewegl. WG",
,Zurückzuzahlende Vorsteuer §15a Abs.2,asset,unspecified,debit,0,,Aktiva / Umlaufvermögen / Forderungen und sonstige Vermögensgegenstände / sonstige Vermögensgegenstände,,,,Aktiva / Umlaufvermögen / Forderungen und sonstige Vermögensgegenstände / sonstige Vermögensgegenstände / Zurückzuzahlende Vorsteuer §15a Abs.2,
,"Zurückzuzahlende Vorsteuer, bewegl.WG",asset,unspecified,debit,0,,Aktiva / Umlaufvermögen / Forderungen und sonstige Vermögensgegenstände / sonstige Vermögensgegenstände,,,,"Aktiva / Umlaufvermögen / Forderungen und sonstige Vermögensgegenstände / sonstige Vermögensgegenstände / Zurückzuzahlende Vorsteuer, bewegl.WG",
,davon mit einer Restlaufzeit von mehr als einem Jahr,asset,group,debit,1,,Aktiva / Umlaufvermögen / Forderungen und sonstige Vermögensgegenstände / sonstige Vermögensgegenstände,,,,Aktiva / Umlaufvermögen / Forderungen und sonstige Vermögensgegenstände / sonstige Vermögensgegenstände / davon mit einer Restlaufzeit von mehr als einem Jahr,
,Darlehen g. 1 Jahr,asset,unspecified,debit,0,,Aktiva / Umlaufvermögen / Forderungen und sonstige Vermögensgegenstände / sonstige Vermögensgegenstände / davon mit einer Restlaufzeit von mehr als einem Jahr,,,,Aktiva / Umlaufvermögen / Forderungen und sonstige Vermögensgegenstände / sonstige Vermögensgegenstände / davon mit einer Restlaufzeit von mehr als einem Jahr / Darlehen g. 1 Jahr,
,Forderungen gegen Personal (g. 1Jahr),asset,unspecified,debit,0,,Aktiva / Umlaufvermögen / Forderungen und sonstige Vermögensgegenstände / sonstige Vermögensgegenstände / davon mit einer Restlaufzeit von mehr als einem Jahr,,,,Aktiva / Umlaufvermögen / Forderungen und sonstige Vermögensgegenstände / sonstige Vermögensgegenstände / davon mit einer Restlaufzeit von mehr als einem Jahr / Forderungen gegen Personal (g. 1Jahr),
,Forderungen gg. Aufsichtsratsm. (g.1 J),asset,unspecified,debit,0,,Aktiva / Umlaufvermögen / Forderungen und sonstige Vermögensgegenstände / sonstige Vermögensgegenstände / davon mit einer Restlaufzeit von mehr als einem Jahr,,,,Aktiva / Umlaufvermögen / Forderungen und sonstige Vermögensgegenstände / sonstige Vermögensgegenstände / davon mit einer Restlaufzeit von mehr als einem Jahr / Forderungen gg. Aufsichtsratsm. (g.1 J),
,Forderungen gg. Geschäftsf.(g.1J),asset,unspecified,debit,0,,Aktiva / Umlaufvermögen / Forderungen und sonstige Vermögensgegenstände / sonstige Vermögensgegenstände / davon mit einer Restlaufzeit von mehr als einem Jahr,,,,Aktiva / Umlaufvermögen / Forderungen und sonstige Vermögensgegenstände / sonstige Vermögensgegenstände / davon mit einer Restlaufzeit von mehr als einem Jahr / Forderungen gg. Geschäftsf.(g.1J),
,Forderungen gg. Gesellschafter (g.1J),asset,unspecified,debit,0,,Aktiva / Umlaufvermögen / Forderungen und sonstige Vermögensgegenstände / sonstige Vermögensgegenstände / davon mit einer Restlaufzeit von mehr als einem Jahr,,,,Aktiva / Umlaufvermögen / Forderungen und sonstige Vermögensgegenstände / sonstige Vermögensgegenstände / davon mit einer Restlaufzeit von mehr als einem Jahr / Forderungen gg. Gesellschafter (g.1J),
,Kautionen (g. 1 J),asset,unspecified,debit,0,,Aktiva / Umlaufvermögen / Forderungen und sonstige Vermögensgegenstände / sonstige Vermögensgegenstände / davon mit einer Restlaufzeit von mehr als einem Jahr,,,,Aktiva / Umlaufvermögen / Forderungen und sonstige Vermögensgegenstände / sonstige Vermögensgegenstände / davon mit einer Restlaufzeit von mehr als einem Jahr / Kautionen (g. 1 J),
,Körperschaftsteuerguthaben §37 (g.1 J),asset,unspecified,debit,0,,Aktiva / Umlaufvermögen / Forderungen und sonstige Vermögensgegenstände / sonstige Vermögensgegenstände / davon mit einer Restlaufzeit von mehr als einem Jahr,,,,Aktiva / Umlaufvermögen / Forderungen und sonstige Vermögensgegenstände / sonstige Vermögensgegenstände / davon mit einer Restlaufzeit von mehr als einem Jahr / Körperschaftsteuerguthaben §37 (g.1 J),
,Sonstige Vermögensgegenstände (g.1 J),asset,unspecified,debit,0,,Aktiva / Umlaufvermögen / Forderungen und sonstige Vermögensgegenstände / sonstige Vermögensgegenstände / davon mit einer Restlaufzeit von mehr als einem Jahr,,,,Aktiva / Umlaufvermögen / Forderungen und sonstige Vermögensgegenstände / sonstige Vermögensgegenstände / davon mit einer Restlaufzeit von mehr als einem Jahr / Sonstige Vermögensgegenstände (g.1 J),
,Überleitung Kostenstellen,asset,unspecified,debit,0,,Aktiva / Umlaufvermögen / Forderungen und sonstige Vermögensgegenstände / sonstige Vermögensgegenstände,,,,Aktiva / Umlaufvermögen / Forderungen und sonstige Vermögensgegenstände / sonstige Vermögensgegenstände / Überleitung Kostenstellen,
,"Kassenbestand, Bundesbankguthaben, Guthaben bei Kreditinstituten und Schecks",asset,group,debit,1,,Aktiva / Umlaufvermögen,,,,"Aktiva / Umlaufvermögen / Kassenbestand, Bundesbankguthaben, Guthaben bei Kreditinstituten und Schecks",
,Bank,asset,unspecified,debit,0,,"Aktiva / Umlaufvermögen / Kassenbestand, Bundesbankguthaben, Guthaben bei Kreditinstituten und Schecks",,,,"Aktiva / Umlaufvermögen / Kassenbestand, Bundesbankguthaben, Guthaben bei Kreditinstituten und Schecks / Bank",
,Bank 1,asset,unspecified,debit,0,,"Aktiva / Umlaufvermögen / Kassenbestand, Bundesbankguthaben, Guthaben bei Kreditinstituten und Schecks",,,,"Aktiva / Umlaufvermögen / Kassenbestand, Bundesbankguthaben, Guthaben bei Kreditinstituten und Schecks / Bank 1",
,Bank 2,asset,unspecified,debit,0,,"Aktiva / Umlaufvermögen / Kassenbestand, Bundesbankguthaben, Guthaben bei Kreditinstituten und Schecks",,,,"Aktiva / Umlaufvermögen / Kassenbestand, Bundesbankguthaben, Guthaben bei Kreditinstituten und Schecks / Bank 2",
,Bank 3,asset,unspecified,debit,0,,"Aktiva / Umlaufvermögen / Kassenbestand, Bundesbankguthaben, Guthaben bei Kreditinstituten und Schecks",,,,"Aktiva / Umlaufvermögen / Kassenbestand, Bundesbankguthaben, Guthaben bei Kreditinstituten und Schecks / Bank 3",
,Bank 4,asset,unspecified,debit,0,,"Aktiva / Umlaufvermögen / Kassenbestand, Bundesbankguthaben, Guthaben bei Kreditinstituten und Schecks",,,,"Aktiva / Umlaufvermögen / Kassenbestand, Bundesbankguthaben, Guthaben bei Kreditinstituten und Schecks / Bank 4",
,Bank 5,asset,unspecified,debit,0,,"Aktiva / Umlaufvermögen / Kassenbestand, Bundesbankguthaben, Guthaben bei Kreditinstituten und Schecks",,,,"Aktiva / Umlaufvermögen / Kassenbestand, Bundesbankguthaben, Guthaben bei Kreditinstituten und Schecks / Bank 5",
,Bundesbankguthaben,asset,unspecified,debit,0,,"Aktiva / Umlaufvermögen / Kassenbestand, Bundesbankguthaben, Guthaben bei Kreditinstituten und Schecks",,,,"Aktiva / Umlaufvermögen / Kassenbestand, Bundesbankguthaben, Guthaben bei Kreditinstituten und Schecks / Bundesbankguthaben",
,Finanzmittelanlagen kurzfr. Disposition,asset,unspecified,debit,0,,"Aktiva / Umlaufvermögen / Kassenbestand, Bundesbankguthaben, Guthaben bei Kreditinstituten und Schecks",,,,"Aktiva / Umlaufvermögen / Kassenbestand, Bundesbankguthaben, Guthaben bei Kreditinstituten und Schecks / Finanzmittelanlagen kurzfr. Disposition",
,Kasse,asset,unspecified,debit,0,,"Aktiva / Umlaufvermögen / Kassenbestand, Bundesbankguthaben, Guthaben bei Kreditinstituten und Schecks",,,,"Aktiva / Umlaufvermögen / Kassenbestand, Bundesbankguthaben, Guthaben bei Kreditinstituten und Schecks / Kasse",
,LZB-Guthaben,asset,unspecified,debit,0,,"Aktiva / Umlaufvermögen / Kassenbestand, Bundesbankguthaben, Guthaben bei Kreditinstituten und Schecks",,,,"Aktiva / Umlaufvermögen / Kassenbestand, Bundesbankguthaben, Guthaben bei Kreditinstituten und Schecks / LZB-Guthaben",
,Nebenkasse 1,asset,unspecified,debit,0,,"Aktiva / Umlaufvermögen / Kassenbestand, Bundesbankguthaben, Guthaben bei Kreditinstituten und Schecks",,,,"Aktiva / Umlaufvermögen / Kassenbestand, Bundesbankguthaben, Guthaben bei Kreditinstituten und Schecks / Nebenkasse 1",
,Nebenkasse 2,asset,unspecified,debit,0,,"Aktiva / Umlaufvermögen / Kassenbestand, Bundesbankguthaben, Guthaben bei Kreditinstituten und Schecks",,,,"Aktiva / Umlaufvermögen / Kassenbestand, Bundesbankguthaben, Guthaben bei Kreditinstituten und Schecks / Nebenkasse 2",
,Postbank,asset,unspecified,debit,0,,"Aktiva / Umlaufvermögen / Kassenbestand, Bundesbankguthaben, Guthaben bei Kreditinstituten und Schecks",,,,"Aktiva / Umlaufvermögen / Kassenbestand, Bundesbankguthaben, Guthaben bei Kreditinstituten und Schecks / Postbank",
,Postbank 1,asset,unspecified,debit,0,,"Aktiva / Umlaufvermögen / Kassenbestand, Bundesbankguthaben, Guthaben bei Kreditinstituten und Schecks",,,,"Aktiva / Umlaufvermögen / Kassenbestand, Bundesbankguthaben, Guthaben bei Kreditinstituten und Schecks / Postbank 1",
,Postbank 2,asset,unspecified,debit,0,,"Aktiva / Umlaufvermögen / Kassenbestand, Bundesbankguthaben, Guthaben bei Kreditinstituten und Schecks",,,,"Aktiva / Umlaufvermögen / Kassenbestand, Bundesbankguthaben, Guthaben bei Kreditinstituten und Schecks / Postbank 2",
,Postbank 3,asset,unspecified,debit,0,,"Aktiva / Umlaufvermögen / Kassenbestand, Bundesbankguthaben, Guthaben bei Kreditinstituten und Schecks",,,,"Aktiva / Umlaufvermögen / Kassenbestand, Bundesbankguthaben, Guthaben bei Kreditinstituten und Schecks / Postbank 3",
,Schecks,asset,unspecified,debit,0,,"Aktiva / Umlaufvermögen / Kassenbestand, Bundesbankguthaben, Guthaben bei Kreditinstituten und Schecks",,,,"Aktiva / Umlaufvermögen / Kassenbestand, Bundesbankguthaben, Guthaben bei Kreditinstituten und Schecks / Schecks",
,Verbindlichkeiten gg. Kreditinstituten,asset,unspecified,debit,0,,"Aktiva / Umlaufvermögen / Kassenbestand, Bundesbankguthaben, Guthaben bei Kreditinstituten und Schecks",,,,"Aktiva / Umlaufvermögen / Kassenbestand, Bundesbankguthaben, Guthaben bei Kreditinstituten und Schecks / Verbindlichkeiten gg. Kreditinstituten",
,Vorräte,asset,group,debit,1,,Aktiva / Umlaufvermögen,,,,Aktiva / Umlaufvermögen / Vorräte,
,"Roh-, Hilfs- und Betriebsstoffe",asset,group,debit,1,,Aktiva / Umlaufvermögen / Vorräte,,,,"Aktiva / Umlaufvermögen / Vorräte / Roh-, Hilfs- und Betriebsstoffe",
,"Bestand Roh-,Hilfs- und Betriebsstoffe",asset,unspecified,debit,0,,"Aktiva / Umlaufvermögen / Vorräte / Roh-, Hilfs- und Betriebsstoffe",,,,"Aktiva / Umlaufvermögen / Vorräte / Roh-, Hilfs- und Betriebsstoffe / Bestand Roh-,Hilfs- und Betriebsstoffe",
,erhaltene Anzahlungen auf Bestellungen,asset,group,debit,1,,Aktiva / Umlaufvermögen / Vorräte,,,,Aktiva / Umlaufvermögen / Vorräte / erhaltene Anzahlungen auf Bestellungen,
,Erhaltene Anzahlungen,asset,unspecified,debit,0,,Aktiva / Umlaufvermögen / Vorräte / erhaltene Anzahlungen auf Bestellungen,,,,Aktiva / Umlaufvermögen / Vorräte / erhaltene Anzahlungen auf Bestellungen / Erhaltene Anzahlungen,
,fertige Erzeugnisse und Waren,asset,group,debit,1,,Aktiva / Umlaufvermögen / Vorräte,,,,Aktiva / Umlaufvermögen / Vorräte / fertige Erzeugnisse und Waren,
,Bestand Waren,asset,unspecified,debit,0,,Aktiva / Umlaufvermögen / Vorräte / fertige Erzeugnisse und Waren,,,,Aktiva / Umlaufvermögen / Vorräte / fertige Erzeugnisse und Waren / Bestand Waren,
,Fertige Erzeugnisse,asset,unspecified,debit,0,,Aktiva / Umlaufvermögen / Vorräte / fertige Erzeugnisse und Waren,,,,Aktiva / Umlaufvermögen / Vorräte / fertige Erzeugnisse und Waren / Fertige Erzeugnisse,
,Fertige Erzeugnisse und Waren,asset,unspecified,debit,0,,Aktiva / Umlaufvermögen / Vorräte / fertige Erzeugnisse und Waren,,,,Aktiva / Umlaufvermögen / Vorräte / fertige Erzeugnisse und Waren / Fertige Erzeugnisse und Waren,
,Waren,asset,unspecified,debit,0,,Aktiva / Umlaufvermögen / Vorräte / fertige Erzeugnisse und Waren,,,,Aktiva / Umlaufvermögen / Vorräte / fertige Erzeugnisse und Waren / Waren,
,geleistete Anzahlungen,asset,group,debit,1,,Aktiva / Umlaufvermögen / Vorräte,,,,Aktiva / Umlaufvermögen / Vorräte / geleistete Anzahlungen,
,Geleistete Anzahlungen 15% Vorsteuer,asset,unspecified,debit,0,,Aktiva / Umlaufvermögen / Vorräte / geleistete Anzahlungen,,,,Aktiva / Umlaufvermögen / Vorräte / geleistete Anzahlungen / Geleistete Anzahlungen 15% Vorsteuer,
,Geleistete Anzahlungen 16% Vorsteuer,asset,unspecified,debit,0,,Aktiva / Umlaufvermögen / Vorräte / geleistete Anzahlungen,,,,Aktiva / Umlaufvermögen / Vorräte / geleistete Anzahlungen / Geleistete Anzahlungen 16% Vorsteuer,
,Geleistete Anzahlungen 19% Vorsteuer,asset,unspecified,debit,0,,Aktiva / Umlaufvermögen / Vorräte / geleistete Anzahlungen,,,,Aktiva / Umlaufvermögen / Vorräte / geleistete Anzahlungen / Geleistete Anzahlungen 19% Vorsteuer,
,Geleistete Anzahlungen 7% Vorsteuer,asset,unspecified,debit,0,,Aktiva / Umlaufvermögen / Vorräte / geleistete Anzahlungen,,,,Aktiva / Umlaufvermögen / Vorräte / geleistete Anzahlungen / Geleistete Anzahlungen 7% Vorsteuer,
,Geleistete Anzahlungen auf Vorräte,asset,unspecified,debit,0,,Aktiva / Umlaufvermögen / Vorräte / geleistete Anzahlungen,,,,Aktiva / Umlaufvermögen / Vorräte / geleistete Anzahlungen / Geleistete Anzahlungen auf Vorräte,
,in Arbeit befindliche Aufträge,asset,group,debit,1,,Aktiva / Umlaufvermögen / Vorräte,,,,Aktiva / Umlaufvermögen / Vorräte / in Arbeit befindliche Aufträge,
,In Arbeit befindliche Aufträge,asset,unspecified,debit,0,,Aktiva / Umlaufvermögen / Vorräte / in Arbeit befindliche Aufträge,,,,Aktiva / Umlaufvermögen / Vorräte / in Arbeit befindliche Aufträge / In Arbeit befindliche Aufträge,
,in Ausführung befindliche Bauaufträge,asset,group,debit,1,,Aktiva / Umlaufvermögen / Vorräte,,,,Aktiva / Umlaufvermögen / Vorräte / in Ausführung befindliche Bauaufträge,
,In Ausführung befindl. Bauaufträge,asset,unspecified,debit,0,,Aktiva / Umlaufvermögen / Vorräte / in Ausführung befindliche Bauaufträge,,,,Aktiva / Umlaufvermögen / Vorräte / in Ausführung befindliche Bauaufträge / In Ausführung befindl. Bauaufträge,
,"unfertige Erzeugnisse, unfertige Leistungen",asset,group,debit,1,,Aktiva / Umlaufvermögen / Vorräte,,,,"Aktiva / Umlaufvermögen / Vorräte / unfertige Erzeugnisse, unfertige Leistungen",
,Unfertige Erzeugnisse,asset,unspecified,debit,0,,"Aktiva / Umlaufvermögen / Vorräte / unfertige Erzeugnisse, unfertige Leistungen",,,,"Aktiva / Umlaufvermögen / Vorräte / unfertige Erzeugnisse, unfertige Leistungen / Unfertige Erzeugnisse",
,Unfertige Erzeugnisse und Leistungen,asset,unspecified,debit,0,,"Aktiva / Umlaufvermögen / Vorräte / unfertige Erzeugnisse, unfertige Leistungen",,,,"Aktiva / Umlaufvermögen / Vorräte / unfertige Erzeugnisse, unfertige Leistungen / Unfertige Erzeugnisse und Leistungen",
,Unfertige Leistungen,asset,unspecified,debit,0,,"Aktiva / Umlaufvermögen / Vorräte / unfertige Erzeugnisse, unfertige Leistungen",,,,"Aktiva / Umlaufvermögen / Vorräte / unfertige Erzeugnisse, unfertige Leistungen / Unfertige Leistungen",
,Wertpapiere,asset,group,debit,1,,Aktiva / Umlaufvermögen,,,,Aktiva / Umlaufvermögen / Wertpapiere,
,Anteile an verbundenen Unternehmen,asset,group,debit,1,,Aktiva / Umlaufvermögen / Wertpapiere,,,,Aktiva / Umlaufvermögen / Wertpapiere / Anteile an verbundenen Unternehmen,
,Anteile a.herrschender Gesellschaft,asset,unspecified,debit,0,,Aktiva / Umlaufvermögen / Wertpapiere / Anteile an verbundenen Unternehmen,,,,Aktiva / Umlaufvermögen / Wertpapiere / Anteile an verbundenen Unternehmen / Anteile a.herrschender Gesellschaft,
,Anteile an verbundenen Unternehmen,asset,unspecified,debit,0,,Aktiva / Umlaufvermögen / Wertpapiere / Anteile an verbundenen Unternehmen,,,,Aktiva / Umlaufvermögen / Wertpapiere / Anteile an verbundenen Unternehmen / Anteile an verbundenen Unternehmen,
,eigene Anteile,asset,group,debit,1,,Aktiva / Umlaufvermögen / Wertpapiere,,,,Aktiva / Umlaufvermögen / Wertpapiere / eigene Anteile,
,Eigene Anteile,asset,unspecified,debit,0,,Aktiva / Umlaufvermögen / Wertpapiere / eigene Anteile,,,,Aktiva / Umlaufvermögen / Wertpapiere / eigene Anteile / Eigene Anteile,
,sonstige Wertpapiere,asset,group,debit,1,,Aktiva / Umlaufvermögen / Wertpapiere,,,,Aktiva / Umlaufvermögen / Wertpapiere / sonstige Wertpapiere,
,Finanzwechsel,asset,unspecified,debit,0,,Aktiva / Umlaufvermögen / Wertpapiere / sonstige Wertpapiere,,,,Aktiva / Umlaufvermögen / Wertpapiere / sonstige Wertpapiere / Finanzwechsel,
,Sonstige Wertpapiere,asset,unspecified,debit,0,,Aktiva / Umlaufvermögen / Wertpapiere / sonstige Wertpapiere,,,,Aktiva / Umlaufvermögen / Wertpapiere / sonstige Wertpapiere / Sonstige Wertpapiere,
,Wertpap. mit geringen Wertschwankungen,asset,unspecified,debit,0,,Aktiva / Umlaufvermögen / Wertpapiere / sonstige Wertpapiere,,,,Aktiva / Umlaufvermögen / Wertpapiere / sonstige Wertpapiere / Wertpap. mit geringen Wertschwankungen,
,Wertpapieranlagen kurzfr. Disposition,asset,unspecified,debit,0,,Aktiva / Umlaufvermögen / Wertpapiere / sonstige Wertpapiere,,,,Aktiva / Umlaufvermögen / Wertpapiere / sonstige Wertpapiere / Wertpapieranlagen kurzfr. Disposition,
,Passiva,liability,group,credit,1,,,,,,Passiva,
,Einlagen stiller Gesellschafter,liability,unspecified,credit,0,,Passiva,,,,Passiva / Einlagen stiller Gesellschafter,
,Kapital,liability,group,credit,1,,Passiva,,,,Passiva / Kapital,
,Anfangskapital,liability,group,credit,1,,Passiva / Kapital,,,,Passiva / Kapital / Anfangskapital,
,Festkapital (EK),liability,unspecified,credit,0,,Passiva / Kapital / Anfangskapital,,,,Passiva / Kapital / Anfangskapital / Festkapital (EK),
,Gesellschafter-Darlehen (FK),liability,unspecified,credit,0,,Passiva / Kapital / Anfangskapital,,,,Passiva / Kapital / Anfangskapital / Gesellschafter-Darlehen (FK),
,Kommandit-Kapital (EK),liability,unspecified,credit,0,,Passiva / Kapital / Anfangskapital,,,,Passiva / Kapital / Anfangskapital / Kommandit-Kapital (EK),
,Variables Kapital (EK),liability,unspecified,credit,0,,Passiva / Kapital / Anfangskapital,,,,Passiva / Kapital / Anfangskapital / Variables Kapital (EK),
,Verlustausgleich (EK),liability,unspecified,credit,0,,Passiva / Kapital / Anfangskapital,,,,Passiva / Kapital / Anfangskapital / Verlustausgleich (EK),
,Einlagen,liability,unspecified,credit,0,,Passiva / Kapital,,,,Passiva / Kapital / Einlagen,
,Entnahmen,liability,group,credit,1,,Passiva / Kapital,,,,Passiva / Kapital / Entnahmen,
,Außergewöhnliche Belastungen,liability,unspecified,credit,0,,Passiva / Kapital / Entnahmen,,,,Passiva / Kapital / Entnahmen / Außergewöhnliche Belastungen,
,Außergewöhnliche Belastungen TH,liability,unspecified,credit,0,,Passiva / Kapital / Entnahmen,,,,Passiva / Kapital / Entnahmen / Außergewöhnliche Belastungen TH,
,Grundstücksaufwand,liability,unspecified,credit,0,,Passiva / Kapital / Entnahmen,,,,Passiva / Kapital / Entnahmen / Grundstücksaufwand,
,Grundstücksaufwand TH,liability,unspecified,credit,0,,Passiva / Kapital / Entnahmen,,,,Passiva / Kapital / Entnahmen / Grundstücksaufwand TH,
,Grundstücksertrag,liability,unspecified,credit,0,,Passiva / Kapital / Entnahmen,,,,Passiva / Kapital / Entnahmen / Grundstücksertrag,
,Grundstücksertrag TH,liability,unspecified,credit,0,,Passiva / Kapital / Entnahmen,,,,Passiva / Kapital / Entnahmen / Grundstücksertrag TH,
,Privateinlagen,liability,unspecified,credit,0,,Passiva / Kapital / Entnahmen,,,,Passiva / Kapital / Entnahmen / Privateinlagen,
,Privateinlagen TH,liability,unspecified,credit,0,,Passiva / Kapital / Entnahmen,,,,Passiva / Kapital / Entnahmen / Privateinlagen TH,
,Privatentnahmen allgemein,liability,unspecified,credit,0,,Passiva / Kapital / Entnahmen,,,,Passiva / Kapital / Entnahmen / Privatentnahmen allgemein,
,Privatentnahmen allgemein TH,liability,unspecified,credit,0,,Passiva / Kapital / Entnahmen,,,,Passiva / Kapital / Entnahmen / Privatentnahmen allgemein TH,
,Privatsteuern,liability,unspecified,credit,0,,Passiva / Kapital / Entnahmen,,,,Passiva / Kapital / Entnahmen / Privatsteuern,
,Privatsteuern TH,liability,unspecified,credit,0,,Passiva / Kapital / Entnahmen,,,,Passiva / Kapital / Entnahmen / Privatsteuern TH,
,Sonderausgaben beschränkt abzugsf. TH,liability,unspecified,credit,0,,Passiva / Kapital / Entnahmen,,,,Passiva / Kapital / Entnahmen / Sonderausgaben beschränkt abzugsf. TH,
,Sonderausgaben beschränkt abzugsfähig,liability,unspecified,credit,0,,Passiva / Kapital / Entnahmen,,,,Passiva / Kapital / Entnahmen / Sonderausgaben beschränkt abzugsfähig,
,Sonderausgaben unbeschränkt abzugsf. TH,liability,unspecified,credit,0,,Passiva / Kapital / Entnahmen,,,,Passiva / Kapital / Entnahmen / Sonderausgaben unbeschränkt abzugsf. TH,
,Sonderausgaben unbeschränkt abzugsfähig,liability,unspecified,credit,0,,Passiva / Kapital / Entnahmen,,,,Passiva / Kapital / Entnahmen / Sonderausgaben unbeschränkt abzugsfähig,
,Unentgeltliche Wertabgaben,liability,unspecified,credit,0,,Passiva / Kapital / Entnahmen,,,,Passiva / Kapital / Entnahmen / Unentgeltliche Wertabgaben,
,Unentgeltliche Wertabgaben TH,liability,unspecified,credit,0,,Passiva / Kapital / Entnahmen,,,,Passiva / Kapital / Entnahmen / Unentgeltliche Wertabgaben TH,
,"Zuwendungen, Spenden",liability,unspecified,credit,0,,Passiva / Kapital / Entnahmen,,,,"Passiva / Kapital / Entnahmen / Zuwendungen, Spenden",
,"Zuwendungen, Spenden TH",liability,unspecified,credit,0,,Passiva / Kapital / Entnahmen,,,,"Passiva / Kapital / Entnahmen / Zuwendungen, Spenden TH",
,Jahresüberschuss Jahresfehlbetrag,liability,unspecified,credit,0,,Passiva / Kapital,,,,Passiva / Kapital / Jahresüberschuss Jahresfehlbetrag,
,Rechnungsabgrenzungsposten,liability,group,credit,1,,Passiva,,,,Passiva / Rechnungsabgrenzungsposten,
,Passive Rechnungsabgrenzung,liability,unspecified,credit,0,,Passiva / Rechnungsabgrenzungsposten,,,,Passiva / Rechnungsabgrenzungsposten / Passive Rechnungsabgrenzung,
,Rückstellungen,liability,group,credit,1,,Passiva,,,,Passiva / Rückstellungen,
,Rückstellungen für Pensionen und ähnliche Verpflichtungen,liability,group,credit,1,,Passiva / Rückstellungen,,,,Passiva / Rückstellungen / Rückstellungen für Pensionen und ähnliche Verpflichtungen,
,Pensions-und ähnliche Rückstellungen,liability,unspecified,credit,0,,Passiva / Rückstellungen / Rückstellungen für Pensionen und ähnliche Verpflichtungen,,,,Passiva / Rückstellungen / Rückstellungen für Pensionen und ähnliche Verpflichtungen / Pensions-und ähnliche Rückstellungen,
,Steuerrückstellungen,liability,group,credit,1,,Passiva / Rückstellungen,,,,Passiva / Rückstellungen / Steuerrückstellungen,
,Gewerbesteuerrückstellung,liability,unspecified,credit,0,,Passiva / Rückstellungen / Steuerrückstellungen,,,,Passiva / Rückstellungen / Steuerrückstellungen / Gewerbesteuerrückstellung,
,Gewerbesteuerrückstellung § 4 Abs. 5b,liability,unspecified,credit,0,,Passiva / Rückstellungen / Steuerrückstellungen,,,,Passiva / Rückstellungen / Steuerrückstellungen / Gewerbesteuerrückstellung § 4 Abs. 5b,
,Körperschaftsteuerrückstellung,liability,unspecified,credit,0,,Passiva / Rückstellungen / Steuerrückstellungen,,,,Passiva / Rückstellungen / Steuerrückstellungen / Körperschaftsteuerrückstellung,
,Rückstellungen für latente Steuern,liability,unspecified,credit,0,,Passiva / Rückstellungen / Steuerrückstellungen,,,,Passiva / Rückstellungen / Steuerrückstellungen / Rückstellungen für latente Steuern,
,Steuerrückstellungen,liability,unspecified,credit,0,,Passiva / Rückstellungen / Steuerrückstellungen,,,,Passiva / Rückstellungen / Steuerrückstellungen / Steuerrückstellungen,
,"USt nicht fällig, EG-Lieferungen",liability,unspecified,credit,0,,Passiva / Rückstellungen / Steuerrückstellungen,,,,"Passiva / Rückstellungen / Steuerrückstellungen / USt nicht fällig, EG-Lieferungen",
,"USt nicht fällig, EG-Lieferungen 16%",liability,unspecified,credit,0,,Passiva / Rückstellungen / Steuerrückstellungen,,,,"Passiva / Rückstellungen / Steuerrückstellungen / USt nicht fällig, EG-Lieferungen 16%",
,"USt nicht fällig, EG-Lieferungen 19%",liability,unspecified,credit,0,,Passiva / Rückstellungen / Steuerrückstellungen,,,,"Passiva / Rückstellungen / Steuerrückstellungen / USt nicht fällig, EG-Lieferungen 19%",
,Umsatzsteuer nicht fällig,liability,unspecified,credit,0,,Passiva / Rückstellungen / Steuerrückstellungen,,,,Passiva / Rückstellungen / Steuerrückstellungen / Umsatzsteuer nicht fällig,
,Umsatzsteuer nicht fällig 16%,liability,unspecified,credit,0,,Passiva / Rückstellungen / Steuerrückstellungen,,,,Passiva / Rückstellungen / Steuerrückstellungen / Umsatzsteuer nicht fällig 16%,
,Umsatzsteuer nicht fällig 19%,liability,unspecified,credit,0,,Passiva / Rückstellungen / Steuerrückstellungen,,,,Passiva / Rückstellungen / Steuerrückstellungen / Umsatzsteuer nicht fällig 19%,
,Umsatzsteuer nicht fällig 7%,liability,unspecified,credit,0,,Passiva / Rückstellungen / Steuerrückstellungen,,,,Passiva / Rückstellungen / Steuerrückstellungen / Umsatzsteuer nicht fällig 7%,
,sonstige Rückstellungen,liability,group,credit,1,,Passiva / Rückstellungen,,,,Passiva / Rückstellungen / sonstige Rückstellungen,
,Aufwandsrückstellungen § 249 II HGB,liability,unspecified,credit,0,,Passiva / Rückstellungen / sonstige Rückstellungen,,,,Passiva / Rückstellungen / sonstige Rückstellungen / Aufwandsrückstellungen § 249 II HGB,
,Rückstellungen Abraum-/Abfallbeseit.,liability,unspecified,credit,0,,Passiva / Rückstellungen / sonstige Rückstellungen,,,,Passiva / Rückstellungen / sonstige Rückstellungen / Rückstellungen Abraum-/Abfallbeseit.,
,Rückstellungen Instandhaltung 4-12 Mon.,liability,unspecified,credit,0,,Passiva / Rückstellungen / sonstige Rückstellungen,,,,Passiva / Rückstellungen / sonstige Rückstellungen / Rückstellungen Instandhaltung 4-12 Mon.,
,Rückstellungen Instandhaltung bis 3 Mon.,liability,unspecified,credit,0,,Passiva / Rückstellungen / sonstige Rückstellungen,,,,Passiva / Rückstellungen / sonstige Rückstellungen / Rückstellungen Instandhaltung bis 3 Mon.,
,Rückstellungen f. Gewährleistungen,liability,unspecified,credit,0,,Passiva / Rückstellungen / sonstige Rückstellungen,,,,Passiva / Rückstellungen / sonstige Rückstellungen / Rückstellungen f. Gewährleistungen,
,Rückstellungen f. drohende Verluste,liability,unspecified,credit,0,,Passiva / Rückstellungen / sonstige Rückstellungen,,,,Passiva / Rückstellungen / sonstige Rückstellungen / Rückstellungen f. drohende Verluste,
,Rückstellungen für Abschluss u. Prüfung,liability,unspecified,credit,0,,Passiva / Rückstellungen / sonstige Rückstellungen,,,,Passiva / Rückstellungen / sonstige Rückstellungen / Rückstellungen für Abschluss u. Prüfung,
,Rückstellungen für Aufbewahrungspflicht,liability,unspecified,credit,0,,Passiva / Rückstellungen / sonstige Rückstellungen,,,,Passiva / Rückstellungen / sonstige Rückstellungen / Rückstellungen für Aufbewahrungspflicht,
,Rückstellungen für Personalkosten,liability,unspecified,credit,0,,Passiva / Rückstellungen / sonstige Rückstellungen,,,,Passiva / Rückstellungen / sonstige Rückstellungen / Rückstellungen für Personalkosten,
,Rückstellungen für Umweltschutz,liability,unspecified,credit,0,,Passiva / Rückstellungen / sonstige Rückstellungen,,,,Passiva / Rückstellungen / sonstige Rückstellungen / Rückstellungen für Umweltschutz,
,Sonstige Rückstellungen,liability,unspecified,credit,0,,Passiva / Rückstellungen / sonstige Rückstellungen,,,,Passiva / Rückstellungen / sonstige Rückstellungen / Sonstige Rückstellungen,
,Sonderposten aus der Währungsumstellung auf den Euro,liability,unspecified,credit,0,,Passiva,,,,Passiva / Sonderposten aus der Währungsumstellung auf den Euro,
,Sonderposten für Zuschüsse und Zulagen,liability,group,credit,1,,Passiva,,,,Passiva / Sonderposten für Zuschüsse und Zulagen,
,Sonderposten für Zuschüsse u. Zulagen,liability,unspecified,credit,0,,Passiva / Sonderposten für Zuschüsse und Zulagen,,,,Passiva / Sonderposten für Zuschüsse und Zulagen / Sonderposten für Zuschüsse u. Zulagen,
,Sonderposten mit Rücklageanteil,liability,group,credit,1,,Passiva,,,,Passiva / Sonderposten mit Rücklageanteil,
,SoPo mit Rücklageanteil EStR R 6.6,liability,unspecified,credit,0,,Passiva / Sonderposten mit Rücklageanteil,,,,Passiva / Sonderposten mit Rücklageanteil / SoPo mit Rücklageanteil EStR R 6.6,
,SoPo mit Rücklageanteil Sonder-AfA § 7g,liability,unspecified,credit,0,,Passiva / Sonderposten mit Rücklageanteil,,,,Passiva / Sonderposten mit Rücklageanteil / SoPo mit Rücklageanteil Sonder-AfA § 7g,
,SoPo mit Rücklageanteil § 6b EStG,liability,unspecified,credit,0,,Passiva / Sonderposten mit Rücklageanteil,,,,Passiva / Sonderposten mit Rücklageanteil / SoPo mit Rücklageanteil § 6b EStG,
,"SoPo mit Rücklageanteil § 7g /3, 7 a.F.",liability,unspecified,credit,0,,Passiva / Sonderposten mit Rücklageanteil,,,,"Passiva / Sonderposten mit Rücklageanteil / SoPo mit Rücklageanteil § 7g /3, 7 a.F.",
,SoPo mit Rücklageanteil § 7g Abs.2 n.F.,liability,unspecified,credit,0,,Passiva / Sonderposten mit Rücklageanteil,,,,Passiva / Sonderposten mit Rücklageanteil / SoPo mit Rücklageanteil § 7g Abs.2 n.F.,
,SoPo mit Rücklageanteil §52 Abs.16 EStG,liability,unspecified,credit,0,,Passiva / Sonderposten mit Rücklageanteil,,,,Passiva / Sonderposten mit Rücklageanteil / SoPo mit Rücklageanteil §52 Abs.16 EStG,
,"SoPo mit Rücklageanteil, Sonder-AfA",liability,unspecified,credit,0,,Passiva / Sonderposten mit Rücklageanteil,,,,"Passiva / Sonderposten mit Rücklageanteil / SoPo mit Rücklageanteil, Sonder-AfA",
,"SoPo mit Rücklageanteil, stfr. Rücklage",liability,unspecified,credit,0,,Passiva / Sonderposten mit Rücklageanteil,,,,"Passiva / Sonderposten mit Rücklageanteil / SoPo mit Rücklageanteil, stfr. Rücklage",
,Verbindlichkeiten,liability,group,credit,1,,Passiva,,,,Passiva / Verbindlichkeiten,
,Anleihen,liability,group,credit,1,,Passiva / Verbindlichkeiten,,,,Passiva / Verbindlichkeiten / Anleihen,
,"Anleihen, nicht konvertibel (1-5 Jahre)",liability,unspecified,credit,0,,Passiva / Verbindlichkeiten / Anleihen,,,,"Passiva / Verbindlichkeiten / Anleihen / Anleihen, nicht konvertibel (1-5 Jahre)",
,"Anleihen, nicht konvertibel (g.5 Jahre)",liability,unspecified,credit,0,,Passiva / Verbindlichkeiten / Anleihen,,,,"Passiva / Verbindlichkeiten / Anleihen / Anleihen, nicht konvertibel (g.5 Jahre)",
,davon konvertibel,liability,group,credit,1,,Passiva / Verbindlichkeiten / Anleihen,,,,Passiva / Verbindlichkeiten / Anleihen / davon konvertibel,
,Anleihen konvertibel,liability,unspecified,credit,0,,Passiva / Verbindlichkeiten / Anleihen / davon konvertibel,,,,Passiva / Verbindlichkeiten / Anleihen / davon konvertibel / Anleihen konvertibel,
,Anleihen konvertibel(1-5 Jahre),liability,unspecified,credit,0,,Passiva / Verbindlichkeiten / Anleihen / davon konvertibel,,,,Passiva / Verbindlichkeiten / Anleihen / davon konvertibel / Anleihen konvertibel(1-5 Jahre),
,Anleihen konvertibel(bis 1 Jahr),liability,unspecified,credit,0,,Passiva / Verbindlichkeiten / Anleihen / davon konvertibel,,,,Passiva / Verbindlichkeiten / Anleihen / davon konvertibel / Anleihen konvertibel(bis 1 Jahr),
,Anleihen konvertibel(größer 5 Jahre),liability,unspecified,credit,0,,Passiva / Verbindlichkeiten / Anleihen / davon konvertibel,,,,Passiva / Verbindlichkeiten / Anleihen / davon konvertibel / Anleihen konvertibel(größer 5 Jahre),
,davon mit einer Restlaufzeit bis zu einem Jahr,liability,group,credit,1,,Passiva / Verbindlichkeiten / Anleihen,,,,Passiva / Verbindlichkeiten / Anleihen / davon mit einer Restlaufzeit bis zu einem Jahr,
,"Anleihen, nicht konvertibel",liability,unspecified,credit,0,,Passiva / Verbindlichkeiten / Anleihen / davon mit einer Restlaufzeit bis zu einem Jahr,,,,"Passiva / Verbindlichkeiten / Anleihen / davon mit einer Restlaufzeit bis zu einem Jahr / Anleihen, nicht konvertibel",
,"Anleihen, nicht konvertibel (b. 1 Jahr)",liability,unspecified,credit,0,,Passiva / Verbindlichkeiten / Anleihen / davon mit einer Restlaufzeit bis zu einem Jahr,,,,"Passiva / Verbindlichkeiten / Anleihen / davon mit einer Restlaufzeit bis zu einem Jahr / Anleihen, nicht konvertibel (b. 1 Jahr)",
,Verbindlichkeiten aus Lieferungen und Leistungen,liability,group,credit,1,,Passiva / Verbindlichkeiten,,,,Passiva / Verbindlichkeiten / Verbindlichkeiten aus Lieferungen und Leistungen,
,Verbindl. aus L+L gg. Gesellsch. 1-5 J,liability,unspecified,credit,0,,Passiva / Verbindlichkeiten / Verbindlichkeiten aus Lieferungen und Leistungen,,,,Passiva / Verbindlichkeiten / Verbindlichkeiten aus Lieferungen und Leistungen / Verbindl. aus L+L gg. Gesellsch. 1-5 J,
,Verbindl. aus L+L gg. Gesellsch. g. 5J,liability,unspecified,credit,0,,Passiva / Verbindlichkeiten / Verbindlichkeiten aus Lieferungen und Leistungen,,,,Passiva / Verbindlichkeiten / Verbindlichkeiten aus Lieferungen und Leistungen / Verbindl. aus L+L gg. Gesellsch. g. 5J,
,Verbindl.a.Lieferungen/Leistungen 1-5 J,liability,unspecified,credit,0,,Passiva / Verbindlichkeiten / Verbindlichkeiten aus Lieferungen und Leistungen,,,,Passiva / Verbindlichkeiten / Verbindlichkeiten aus Lieferungen und Leistungen / Verbindl.a.Lieferungen/Leistungen 1-5 J,
,Verbindl.a.Lieferungen/Leistungen g.5 J,liability,unspecified,credit,0,,Passiva / Verbindlichkeiten / Verbindlichkeiten aus Lieferungen und Leistungen,,,,Passiva / Verbindlichkeiten / Verbindlichkeiten aus Lieferungen und Leistungen / Verbindl.a.Lieferungen/Leistungen g.5 J,
,davon mit einer Restlaufzeit bis zu einem Jahr,liability,group,credit,1,,Passiva / Verbindlichkeiten / Verbindlichkeiten aus Lieferungen und Leistungen,,,,Passiva / Verbindlichkeiten / Verbindlichkeiten aus Lieferungen und Leistungen / davon mit einer Restlaufzeit bis zu einem Jahr,
,Gegenkonto bei Aufteilung Kreditoren,liability,unspecified,credit,0,,Passiva / Verbindlichkeiten / Verbindlichkeiten aus Lieferungen und Leistungen / davon mit einer Restlaufzeit bis zu einem Jahr,,,,Passiva / Verbindlichkeiten / Verbindlichkeiten aus Lieferungen und Leistungen / davon mit einer Restlaufzeit bis zu einem Jahr / Gegenkonto bei Aufteilung Kreditoren,
,Gegenkto Aufteilung Verbindlichk. L+L,liability,unspecified,credit,0,,Passiva / Verbindlichkeiten / Verbindlichkeiten aus Lieferungen und Leistungen / davon mit einer Restlaufzeit bis zu einem Jahr,,,,Passiva / Verbindlichkeiten / Verbindlichkeiten aus Lieferungen und Leistungen / davon mit einer Restlaufzeit bis zu einem Jahr / Gegenkto Aufteilung Verbindlichk. L+L,
,Verbindl. aus L+L allgem. Steuersatz,liability,payable,credit,0,payables,Passiva / Verbindlichkeiten / Verbindlichkeiten aus Lieferungen und Leistungen / davon mit einer Restlaufzeit bis zu einem Jahr,Payable,,,Passiva / Verbindlichkeiten / Verbindlichkeiten aus Lieferungen und Leistungen / davon mit einer Restlaufzeit bis zu einem Jahr / Verbindl. aus L+L allgem. Steuersatz,
,Verbindl. aus L+L ermäßigt. Steuersatz,liability,payable,credit,0,payables,Passiva / Verbindlichkeiten / Verbindlichkeiten aus Lieferungen und Leistungen / davon mit einer Restlaufzeit bis zu einem Jahr,Payable,,,Passiva / Verbindlichkeiten / Verbindlichkeiten aus Lieferungen und Leistungen / davon mit einer Restlaufzeit bis zu einem Jahr / Verbindl. aus L+L ermäßigt. Steuersatz,
,Verbindl. aus L+L gg. Gesellsch. b. 1J,liability,unspecified,credit,0,,Passiva / Verbindlichkeiten / Verbindlichkeiten aus Lieferungen und Leistungen / davon mit einer Restlaufzeit bis zu einem Jahr,,,,Passiva / Verbindlichkeiten / Verbindlichkeiten aus Lieferungen und Leistungen / davon mit einer Restlaufzeit bis zu einem Jahr / Verbindl. aus L+L gg. Gesellsch. b. 1J,
,Verbindl. aus L+L gg. Gesellschaftern,liability,payable,credit,0,payables,Passiva / Verbindlichkeiten / Verbindlichkeiten aus Lieferungen und Leistungen / davon mit einer Restlaufzeit bis zu einem Jahr,Payable,,,Passiva / Verbindlichkeiten / Verbindlichkeiten aus Lieferungen und Leistungen / davon mit einer Restlaufzeit bis zu einem Jahr / Verbindl. aus L+L gg. Gesellschaftern,
,Verbindl. aus L+L gg. verbundenen UN,liability,payable,credit,0,payables,Passiva / Verbindlichkeiten / Verbindlichkeiten aus Lieferungen und Leistungen / davon mit einer Restlaufzeit bis zu einem Jahr,Payable,,,Passiva / Verbindlichkeiten / Verbindlichkeiten aus Lieferungen und Leistungen / davon mit einer Restlaufzeit bis zu einem Jahr / Verbindl. aus L+L gg. verbundenen UN,
,Verbindl. aus L+L ohne Vorsteuerabzug,liability,payable,credit,0,payables,Passiva / Verbindlichkeiten / Verbindlichkeiten aus Lieferungen und Leistungen / davon mit einer Restlaufzeit bis zu einem Jahr,Payable,,,Passiva / Verbindlichkeiten / Verbindlichkeiten aus Lieferungen und Leistungen / davon mit einer Restlaufzeit bis zu einem Jahr / Verbindl. aus L+L ohne Vorsteuerabzug,
,Verbindl. aus Lieferungen u. Leistungen,liability,payable,credit,0,payables,Passiva / Verbindlichkeiten / Verbindlichkeiten aus Lieferungen und Leistungen / davon mit einer Restlaufzeit bis zu einem Jahr,Payable,,,Passiva / Verbindlichkeiten / Verbindlichkeiten aus Lieferungen und Leistungen / davon mit einer Restlaufzeit bis zu einem Jahr / Verbindl. aus Lieferungen u. Leistungen,
,Verbindl.a.Lieferungen/Leistungen b.1 J,liability,unspecified,credit,0,,Passiva / Verbindlichkeiten / Verbindlichkeiten aus Lieferungen und Leistungen / davon mit einer Restlaufzeit bis zu einem Jahr,,,,Passiva / Verbindlichkeiten / Verbindlichkeiten aus Lieferungen und Leistungen / davon mit einer Restlaufzeit bis zu einem Jahr / Verbindl.a.Lieferungen/Leistungen b.1 J,
,Verbindl.aus L+L gg.UN m.Beteiligg.verh.,liability,payable,credit,0,payables,Passiva / Verbindlichkeiten / Verbindlichkeiten aus Lieferungen und Leistungen / davon mit einer Restlaufzeit bis zu einem Jahr,Payable,,,Passiva / Verbindlichkeiten / Verbindlichkeiten aus Lieferungen und Leistungen / davon mit einer Restlaufzeit bis zu einem Jahr / Verbindl.aus L+L gg.UN m.Beteiligg.verh.,
,Verbindlichk. Investitionen § 4/3 EStG,liability,unspecified,credit,0,,Passiva / Verbindlichkeiten / Verbindlichkeiten aus Lieferungen und Leistungen / davon mit einer Restlaufzeit bis zu einem Jahr,,,,Passiva / Verbindlichkeiten / Verbindlichkeiten aus Lieferungen und Leistungen / davon mit einer Restlaufzeit bis zu einem Jahr / Verbindlichk. Investitionen § 4/3 EStG,
,Verbindlichkeiten aus der Annahme gezogener Wechsel und der Ausstellung eigener Wechsel,liability,group,credit,1,,Passiva / Verbindlichkeiten,,,,Passiva / Verbindlichkeiten / Verbindlichkeiten aus der Annahme gezogener Wechsel und der Ausstellung eigener Wechsel,
,Schuldwechsel (1-5 Jahre),liability,unspecified,credit,0,,Passiva / Verbindlichkeiten / Verbindlichkeiten aus der Annahme gezogener Wechsel und der Ausstellung eigener Wechsel,,,,Passiva / Verbindlichkeiten / Verbindlichkeiten aus der Annahme gezogener Wechsel und der Ausstellung eigener Wechsel / Schuldwechsel (1-5 Jahre),
,Schuldwechsel (größer 5 Jahre),liability,unspecified,credit,0,,Passiva / Verbindlichkeiten / Verbindlichkeiten aus der Annahme gezogener Wechsel und der Ausstellung eigener Wechsel,,,,Passiva / Verbindlichkeiten / Verbindlichkeiten aus der Annahme gezogener Wechsel und der Ausstellung eigener Wechsel / Schuldwechsel (größer 5 Jahre),
,davon mit einer Restlaufzeit bis zu einem Jahr,liability,group,credit,1,,Passiva / Verbindlichkeiten / Verbindlichkeiten aus der Annahme gezogener Wechsel und der Ausstellung eigener Wechsel,,,,Passiva / Verbindlichkeiten / Verbindlichkeiten aus der Annahme gezogener Wechsel und der Ausstellung eigener Wechsel / davon mit einer Restlaufzeit bis zu einem Jahr,
,Schuldwechsel,liability,unspecified,credit,0,,Passiva / Verbindlichkeiten / Verbindlichkeiten aus der Annahme gezogener Wechsel und der Ausstellung eigener Wechsel / davon mit einer Restlaufzeit bis zu einem Jahr,,,,Passiva / Verbindlichkeiten / Verbindlichkeiten aus der Annahme gezogener Wechsel und der Ausstellung eigener Wechsel / davon mit einer Restlaufzeit bis zu einem Jahr / Schuldwechsel,
,Schuldwechsel (bis 1 Jahr),liability,unspecified,credit,0,,Passiva / Verbindlichkeiten / Verbindlichkeiten aus der Annahme gezogener Wechsel und der Ausstellung eigener Wechsel / davon mit einer Restlaufzeit bis zu einem Jahr,,,,Passiva / Verbindlichkeiten / Verbindlichkeiten aus der Annahme gezogener Wechsel und der Ausstellung eigener Wechsel / davon mit einer Restlaufzeit bis zu einem Jahr / Schuldwechsel (bis 1 Jahr),
,Verbindlichkeiten gegenüber Kreditinstituten,liability,group,credit,1,,Passiva / Verbindlichkeiten,,,,Passiva / Verbindlichkeiten / Verbindlichkeiten gegenüber Kreditinstituten,
,Gegenkonto bei Aufteilung Kto 0690-98,liability,unspecified,credit,0,,Passiva / Verbindlichkeiten / Verbindlichkeiten gegenüber Kreditinstituten,,,,Passiva / Verbindlichkeiten / Verbindlichkeiten gegenüber Kreditinstituten / Gegenkonto bei Aufteilung Kto 0690-98,
,"TZ-Verbindlichkeit. Kreditinstitut,1-5 J",liability,unspecified,credit,0,,Passiva / Verbindlichkeiten / Verbindlichkeiten gegenüber Kreditinstituten,,,,"Passiva / Verbindlichkeiten / Verbindlichkeiten gegenüber Kreditinstituten / TZ-Verbindlichkeit. Kreditinstitut,1-5 J",
,"TZ-Verbindlichkeit. Kreditinstitut,g.5 J",liability,unspecified,credit,0,,Passiva / Verbindlichkeiten / Verbindlichkeiten gegenüber Kreditinstituten,,,,"Passiva / Verbindlichkeiten / Verbindlichkeiten gegenüber Kreditinstituten / TZ-Verbindlichkeit. Kreditinstitut,g.5 J",
,Verbindlichkeiten Kreditinstitut(1-5J),liability,unspecified,credit,0,,Passiva / Verbindlichkeiten / Verbindlichkeiten gegenüber Kreditinstituten,,,,Passiva / Verbindlichkeiten / Verbindlichkeiten gegenüber Kreditinstituten / Verbindlichkeiten Kreditinstitut(1-5J),
,Verbindlichkeiten Kreditinstitut(g.5J),liability,unspecified,credit,0,,Passiva / Verbindlichkeiten / Verbindlichkeiten gegenüber Kreditinstituten,,,,Passiva / Verbindlichkeiten / Verbindlichkeiten gegenüber Kreditinstituten / Verbindlichkeiten Kreditinstitut(g.5J),
,davon mit einer Restlaufzeit bis zu einem Jahr,liability,group,credit,1,,Passiva / Verbindlichkeiten / Verbindlichkeiten gegenüber Kreditinstituten,,,,Passiva / Verbindlichkeiten / Verbindlichkeiten gegenüber Kreditinstituten / davon mit einer Restlaufzeit bis zu einem Jahr,
,"TZ-Verbindlichkeit. Kreditinstitut,b.1 J",liability,unspecified,credit,0,,Passiva / Verbindlichkeiten / Verbindlichkeiten gegenüber Kreditinstituten / davon mit einer Restlaufzeit bis zu einem Jahr,,,,"Passiva / Verbindlichkeiten / Verbindlichkeiten gegenüber Kreditinstituten / davon mit einer Restlaufzeit bis zu einem Jahr / TZ-Verbindlichkeit. Kreditinstitut,b.1 J",
,TZ-Verbindlichkeit. gg. Kreditinstituten,liability,unspecified,credit,0,,Passiva / Verbindlichkeiten / Verbindlichkeiten gegenüber Kreditinstituten / davon mit einer Restlaufzeit bis zu einem Jahr,,,,Passiva / Verbindlichkeiten / Verbindlichkeiten gegenüber Kreditinstituten / davon mit einer Restlaufzeit bis zu einem Jahr / TZ-Verbindlichkeit. gg. Kreditinstituten,
,Verbindlichkeiten Kreditinstitut(b.1J),liability,unspecified,credit,0,,Passiva / Verbindlichkeiten / Verbindlichkeiten gegenüber Kreditinstituten / davon mit einer Restlaufzeit bis zu einem Jahr,,,,Passiva / Verbindlichkeiten / Verbindlichkeiten gegenüber Kreditinstituten / davon mit einer Restlaufzeit bis zu einem Jahr / Verbindlichkeiten Kreditinstitut(b.1J),
,Verbindlichkeiten gg. Kreditinstituten,liability,unspecified,credit,0,,Passiva / Verbindlichkeiten / Verbindlichkeiten gegenüber Kreditinstituten / davon mit einer Restlaufzeit bis zu einem Jahr,,,,Passiva / Verbindlichkeiten / Verbindlichkeiten gegenüber Kreditinstituten / davon mit einer Restlaufzeit bis zu einem Jahr / Verbindlichkeiten gg. Kreditinstituten,
,"Verbindlichkeiten gegenüber Unternehmen, mit denen ein Beteiligungsverhältnis besteht",liability,group,credit,1,,Passiva / Verbindlichkeiten,,,,"Passiva / Verbindlichkeiten / Verbindlichkeiten gegenüber Unternehmen, mit denen ein Beteiligungsverhältnis besteht",
,Verbindl. gg.UN mit Beteiligg.verh. 1-5J,liability,unspecified,credit,0,,"Passiva / Verbindlichkeiten / Verbindlichkeiten gegenüber Unternehmen, mit denen ein Beteiligungsverhältnis besteht",,,,"Passiva / Verbindlichkeiten / Verbindlichkeiten gegenüber Unternehmen, mit denen ein Beteiligungsverhältnis besteht / Verbindl. gg.UN mit Beteiligg.verh. 1-5J",
,Verbindl. gg.UN mit Beteiligg.verh. g.5J,liability,unspecified,credit,0,,"Passiva / Verbindlichkeiten / Verbindlichkeiten gegenüber Unternehmen, mit denen ein Beteiligungsverhältnis besteht",,,,"Passiva / Verbindlichkeiten / Verbindlichkeiten gegenüber Unternehmen, mit denen ein Beteiligungsverhältnis besteht / Verbindl. gg.UN mit Beteiligg.verh. g.5J",
,Verbindl.aus L+L gg.UN m. Bet.verh. 1-5J,liability,unspecified,credit,0,,"Passiva / Verbindlichkeiten / Verbindlichkeiten gegenüber Unternehmen, mit denen ein Beteiligungsverhältnis besteht",,,,"Passiva / Verbindlichkeiten / Verbindlichkeiten gegenüber Unternehmen, mit denen ein Beteiligungsverhältnis besteht / Verbindl.aus L+L gg.UN m. Bet.verh. 1-5J",
,Verbindl.aus L+L gg.UN m. Bet.verh. g.5J,liability,unspecified,credit,0,,"Passiva / Verbindlichkeiten / Verbindlichkeiten gegenüber Unternehmen, mit denen ein Beteiligungsverhältnis besteht",,,,"Passiva / Verbindlichkeiten / Verbindlichkeiten gegenüber Unternehmen, mit denen ein Beteiligungsverhältnis besteht / Verbindl.aus L+L gg.UN m. Bet.verh. g.5J",
,davon mit einer Restlaufzeit bis zu einem Jahr,liability,group,credit,1,,"Passiva / Verbindlichkeiten / Verbindlichkeiten gegenüber Unternehmen, mit denen ein Beteiligungsverhältnis besteht",,,,"Passiva / Verbindlichkeiten / Verbindlichkeiten gegenüber Unternehmen, mit denen ein Beteiligungsverhältnis besteht / davon mit einer Restlaufzeit bis zu einem Jahr",
,Verbindl. gg.UN mit Beteiligg.verh. b.1J,liability,unspecified,credit,0,,"Passiva / Verbindlichkeiten / Verbindlichkeiten gegenüber Unternehmen, mit denen ein Beteiligungsverhältnis besteht / davon mit einer Restlaufzeit bis zu einem Jahr",,,,"Passiva / Verbindlichkeiten / Verbindlichkeiten gegenüber Unternehmen, mit denen ein Beteiligungsverhältnis besteht / davon mit einer Restlaufzeit bis zu einem Jahr / Verbindl. gg.UN mit Beteiligg.verh. b.1J",
,Verbindl. gg.UN mit Beteiligungsverh.,liability,unspecified,credit,0,,"Passiva / Verbindlichkeiten / Verbindlichkeiten gegenüber Unternehmen, mit denen ein Beteiligungsverhältnis besteht / davon mit einer Restlaufzeit bis zu einem Jahr",,,,"Passiva / Verbindlichkeiten / Verbindlichkeiten gegenüber Unternehmen, mit denen ein Beteiligungsverhältnis besteht / davon mit einer Restlaufzeit bis zu einem Jahr / Verbindl. gg.UN mit Beteiligungsverh.",
,Verbindl.aus L+L gg.UN m. Bet.verh. b.1J,liability,unspecified,credit,0,,"Passiva / Verbindlichkeiten / Verbindlichkeiten gegenüber Unternehmen, mit denen ein Beteiligungsverhältnis besteht / davon mit einer Restlaufzeit bis zu einem Jahr",,,,"Passiva / Verbindlichkeiten / Verbindlichkeiten gegenüber Unternehmen, mit denen ein Beteiligungsverhältnis besteht / davon mit einer Restlaufzeit bis zu einem Jahr / Verbindl.aus L+L gg.UN m. Bet.verh. b.1J",
,Verbindlichkeiten gegenüber verbundenen Unternehmen,liability,group,credit,1,,Passiva / Verbindlichkeiten,,,,Passiva / Verbindlichkeiten / Verbindlichkeiten gegenüber verbundenen Unternehmen,
,Verbindl.aus L+L gg.verbundenen UN 1-5 J,liability,unspecified,credit,0,,Passiva / Verbindlichkeiten / Verbindlichkeiten gegenüber verbundenen Unternehmen,,,,Passiva / Verbindlichkeiten / Verbindlichkeiten gegenüber verbundenen Unternehmen / Verbindl.aus L+L gg.verbundenen UN 1-5 J,
,Verbindl.aus L+L gg.verbundenen UN g.5 J,liability,unspecified,credit,0,,Passiva / Verbindlichkeiten / Verbindlichkeiten gegenüber verbundenen Unternehmen,,,,Passiva / Verbindlichkeiten / Verbindlichkeiten gegenüber verbundenen Unternehmen / Verbindl.aus L+L gg.verbundenen UN g.5 J,
,Verbindlichkeit. gg.verbundene UN(1-5 J),liability,unspecified,credit,0,,Passiva / Verbindlichkeiten / Verbindlichkeiten gegenüber verbundenen Unternehmen,,,,Passiva / Verbindlichkeiten / Verbindlichkeiten gegenüber verbundenen Unternehmen / Verbindlichkeit. gg.verbundene UN(1-5 J),
,Verbindlichkeit. gg.verbundene UN(g.5 J),liability,unspecified,credit,0,,Passiva / Verbindlichkeiten / Verbindlichkeiten gegenüber verbundenen Unternehmen,,,,Passiva / Verbindlichkeiten / Verbindlichkeiten gegenüber verbundenen Unternehmen / Verbindlichkeit. gg.verbundene UN(g.5 J),
,davon mit einer Restlaufzeit bis zu einem Jahr,liability,group,credit,1,,Passiva / Verbindlichkeiten / Verbindlichkeiten gegenüber verbundenen Unternehmen,,,,Passiva / Verbindlichkeiten / Verbindlichkeiten gegenüber verbundenen Unternehmen / davon mit einer Restlaufzeit bis zu einem Jahr,
,Verbindl.aus L+L gg.verbundenen UN b. 1J,liability,unspecified,credit,0,,Passiva / Verbindlichkeiten / Verbindlichkeiten gegenüber verbundenen Unternehmen / davon mit einer Restlaufzeit bis zu einem Jahr,,,,Passiva / Verbindlichkeiten / Verbindlichkeiten gegenüber verbundenen Unternehmen / davon mit einer Restlaufzeit bis zu einem Jahr / Verbindl.aus L+L gg.verbundenen UN b. 1J,
,Verbindlichk.gegenüber verbundenen UN,liability,unspecified,credit,0,,Passiva / Verbindlichkeiten / Verbindlichkeiten gegenüber verbundenen Unternehmen / davon mit einer Restlaufzeit bis zu einem Jahr,,,,Passiva / Verbindlichkeiten / Verbindlichkeiten gegenüber verbundenen Unternehmen / davon mit einer Restlaufzeit bis zu einem Jahr / Verbindlichk.gegenüber verbundenen UN,
,Verbindlichkeit. gg.verbundene UN(b.1 J),liability,unspecified,credit,0,,Passiva / Verbindlichkeiten / Verbindlichkeiten gegenüber verbundenen Unternehmen / davon mit einer Restlaufzeit bis zu einem Jahr,,,,Passiva / Verbindlichkeiten / Verbindlichkeiten gegenüber verbundenen Unternehmen / davon mit einer Restlaufzeit bis zu einem Jahr / Verbindlichkeit. gg.verbundene UN(b.1 J),
,erhaltene Anzahlungen auf Bestellungen,liability,group,credit,1,,Passiva / Verbindlichkeiten,,,,Passiva / Verbindlichkeiten / erhaltene Anzahlungen auf Bestellungen,
,Erhaltene Anzahlungen (1-5 Jahre),liability,unspecified,credit,0,,Passiva / Verbindlichkeiten / erhaltene Anzahlungen auf Bestellungen,,,,Passiva / Verbindlichkeiten / erhaltene Anzahlungen auf Bestellungen / Erhaltene Anzahlungen (1-5 Jahre),
,Erhaltene Anzahlungen (g. 5 Jahre),liability,unspecified,credit,0,,Passiva / Verbindlichkeiten / erhaltene Anzahlungen auf Bestellungen,,,,Passiva / Verbindlichkeiten / erhaltene Anzahlungen auf Bestellungen / Erhaltene Anzahlungen (g. 5 Jahre),
,davon mit einer Restlaufzeit bis zu einem Jahr,liability,group,credit,1,,Passiva / Verbindlichkeiten / erhaltene Anzahlungen auf Bestellungen,,,,Passiva / Verbindlichkeiten / erhaltene Anzahlungen auf Bestellungen / davon mit einer Restlaufzeit bis zu einem Jahr,
,Erhaltene Anzahlungen,liability,unspecified,credit,0,,Passiva / Verbindlichkeiten / erhaltene Anzahlungen auf Bestellungen / davon mit einer Restlaufzeit bis zu einem Jahr,,,,Passiva / Verbindlichkeiten / erhaltene Anzahlungen auf Bestellungen / davon mit einer Restlaufzeit bis zu einem Jahr / Erhaltene Anzahlungen,
,Erhaltene Anzahlungen (bis 1 Jahr),liability,unspecified,credit,0,,Passiva / Verbindlichkeiten / erhaltene Anzahlungen auf Bestellungen / davon mit einer Restlaufzeit bis zu einem Jahr,,,,Passiva / Verbindlichkeiten / erhaltene Anzahlungen auf Bestellungen / davon mit einer Restlaufzeit bis zu einem Jahr / Erhaltene Anzahlungen (bis 1 Jahr),
,Erhaltene Anzahlungen 15% USt,liability,unspecified,credit,0,,Passiva / Verbindlichkeiten / erhaltene Anzahlungen auf Bestellungen / davon mit einer Restlaufzeit bis zu einem Jahr,,,,Passiva / Verbindlichkeiten / erhaltene Anzahlungen auf Bestellungen / davon mit einer Restlaufzeit bis zu einem Jahr / Erhaltene Anzahlungen 15% USt,
,Erhaltene Anzahlungen 16% USt,liability,unspecified,credit,0,,Passiva / Verbindlichkeiten / erhaltene Anzahlungen auf Bestellungen / davon mit einer Restlaufzeit bis zu einem Jahr,,,,Passiva / Verbindlichkeiten / erhaltene Anzahlungen auf Bestellungen / davon mit einer Restlaufzeit bis zu einem Jahr / Erhaltene Anzahlungen 16% USt,
,Erhaltene Anzahlungen 19% USt,liability,unspecified,credit,0,,Passiva / Verbindlichkeiten / erhaltene Anzahlungen auf Bestellungen / davon mit einer Restlaufzeit bis zu einem Jahr,,,,Passiva / Verbindlichkeiten / erhaltene Anzahlungen auf Bestellungen / davon mit einer Restlaufzeit bis zu einem Jahr / Erhaltene Anzahlungen 19% USt,
,Erhaltene Anzahlungen 7% USt,liability,unspecified,credit,0,,Passiva / Verbindlichkeiten / erhaltene Anzahlungen auf Bestellungen / davon mit einer Restlaufzeit bis zu einem Jahr,,,,Passiva / Verbindlichkeiten / erhaltene Anzahlungen auf Bestellungen / davon mit einer Restlaufzeit bis zu einem Jahr / Erhaltene Anzahlungen 7% USt,
,sonstige Verbindlichkeiten,liability,group,credit,1,,Passiva / Verbindlichkeiten,,,,Passiva / Verbindlichkeiten / sonstige Verbindlichkeiten,
,Darlehen 1-5 Jahre,liability,unspecified,credit,0,,Passiva / Verbindlichkeiten / sonstige Verbindlichkeiten,,,,Passiva / Verbindlichkeiten / sonstige Verbindlichkeiten / Darlehen 1-5 Jahre,
,Darlehen atyp. stiller Gesellsch.(1-5J),liability,unspecified,credit,0,,Passiva / Verbindlichkeiten / sonstige Verbindlichkeiten,,,,Passiva / Verbindlichkeiten / sonstige Verbindlichkeiten / Darlehen atyp. stiller Gesellsch.(1-5J),
,Darlehen atyp. stiller Gesellsch.(g.5J),liability,unspecified,credit,0,,Passiva / Verbindlichkeiten / sonstige Verbindlichkeiten,,,,Passiva / Verbindlichkeiten / sonstige Verbindlichkeiten / Darlehen atyp. stiller Gesellsch.(g.5J),
,Darlehen g. 5 Jahre,liability,unspecified,credit,0,,Passiva / Verbindlichkeiten / sonstige Verbindlichkeiten,,,,Passiva / Verbindlichkeiten / sonstige Verbindlichkeiten / Darlehen g. 5 Jahre,
,Darlehen typ. stiller Gesellsch.(1-5J),liability,unspecified,credit,0,,Passiva / Verbindlichkeiten / sonstige Verbindlichkeiten,,,,Passiva / Verbindlichkeiten / sonstige Verbindlichkeiten / Darlehen typ. stiller Gesellsch.(1-5J),
,Darlehen typ. stiller Gesellsch.(g.5J),liability,unspecified,credit,0,,Passiva / Verbindlichkeiten / sonstige Verbindlichkeiten,,,,Passiva / Verbindlichkeiten / sonstige Verbindlichkeiten / Darlehen typ. stiller Gesellsch.(g.5J),
,Erhaltene Kautionen (1-5 Jahre),liability,unspecified,credit,0,,Passiva / Verbindlichkeiten / sonstige Verbindlichkeiten,,,,Passiva / Verbindlichkeiten / sonstige Verbindlichkeiten / Erhaltene Kautionen (1-5 Jahre),
,Erhaltene Kautionen (größer 5 Jahre),liability,unspecified,credit,0,,Passiva / Verbindlichkeiten / sonstige Verbindlichkeiten,,,,Passiva / Verbindlichkeiten / sonstige Verbindlichkeiten / Erhaltene Kautionen (größer 5 Jahre),
,Gegenkonto bei Aufteilung Kto 0790-98,liability,unspecified,credit,0,,Passiva / Verbindlichkeiten / sonstige Verbindlichkeiten,,,,Passiva / Verbindlichkeiten / sonstige Verbindlichkeiten / Gegenkonto bei Aufteilung Kto 0790-98,
,Partiarische Darlehen(1-5 Jahre),liability,unspecified,credit,0,,Passiva / Verbindlichkeiten / sonstige Verbindlichkeiten,,,,Passiva / Verbindlichkeiten / sonstige Verbindlichkeiten / Partiarische Darlehen(1-5 Jahre),
,Partiarische Darlehen(g. 5 Jahre),liability,unspecified,credit,0,,Passiva / Verbindlichkeiten / sonstige Verbindlichkeiten,,,,Passiva / Verbindlichkeiten / sonstige Verbindlichkeiten / Partiarische Darlehen(g. 5 Jahre),
,Sonst. Verbindlichkeiten nach §11 EStG,liability,unspecified,credit,0,,Passiva / Verbindlichkeiten / sonstige Verbindlichkeiten,,,,Passiva / Verbindlichkeiten / sonstige Verbindlichkeiten / Sonst. Verbindlichkeiten nach §11 EStG,
,Sonstige Verbindlichkeiten (1-5 J),liability,unspecified,credit,0,,Passiva / Verbindlichkeiten / sonstige Verbindlichkeiten,,,,Passiva / Verbindlichkeiten / sonstige Verbindlichkeiten / Sonstige Verbindlichkeiten (1-5 J),
,Sonstige Verbindlichkeiten (g. 5 J),liability,unspecified,credit,0,,Passiva / Verbindlichkeiten / sonstige Verbindlichkeiten,,,,Passiva / Verbindlichkeiten / sonstige Verbindlichkeiten / Sonstige Verbindlichkeiten (g. 5 J),
,Verbindlichkeit.gg. Gesellschaftern 1-5J,liability,unspecified,credit,0,,Passiva / Verbindlichkeiten / sonstige Verbindlichkeiten,,,,Passiva / Verbindlichkeiten / sonstige Verbindlichkeiten / Verbindlichkeit.gg. Gesellschaftern 1-5J,
,Verbindlichkeit.gg. Gesellschaftern g.5J,liability,unspecified,credit,0,,Passiva / Verbindlichkeiten / sonstige Verbindlichkeiten,,,,Passiva / Verbindlichkeiten / sonstige Verbindlichkeiten / Verbindlichkeit.gg. Gesellschaftern g.5J,
,davon aus Steuern,liability,group,credit,1,,Passiva / Verbindlichkeiten / sonstige Verbindlichkeiten,,,,Passiva / Verbindlichkeiten / sonstige Verbindlichkeiten / davon aus Steuern,
,Aufgeschobene Einfuhr-Umsatzsteuer,liability,unspecified,credit,0,,Passiva / Verbindlichkeiten / sonstige Verbindlichkeiten / davon aus Steuern,,,,Passiva / Verbindlichkeiten / sonstige Verbindlichkeiten / davon aus Steuern / Aufgeschobene Einfuhr-Umsatzsteuer,
,Nachsteuer,liability,unspecified,credit,0,,Passiva / Verbindlichkeiten / sonstige Verbindlichkeiten / davon aus Steuern,,,,Passiva / Verbindlichkeiten / sonstige Verbindlichkeiten / davon aus Steuern / Nachsteuer,
,Steuerzahlungen an andere EG-Länder,liability,unspecified,credit,0,,Passiva / Verbindlichkeiten / sonstige Verbindlichkeiten / davon aus Steuern,,,,Passiva / Verbindlichkeiten / sonstige Verbindlichkeiten / davon aus Steuern / Steuerzahlungen an andere EG-Länder,
,USt EG-Erwerb Neufahrzeuge ohne UStID,liability,unspecified,credit,0,,Passiva / Verbindlichkeiten / sonstige Verbindlichkeiten / davon aus Steuern,,,,Passiva / Verbindlichkeiten / sonstige Verbindlichkeiten / davon aus Steuern / USt EG-Erwerb Neufahrzeuge ohne UStID,
,USt aus EG-Erwerb ohne Vorsteuerabzug,liability,unspecified,credit,0,,Passiva / Verbindlichkeiten / sonstige Verbindlichkeiten / davon aus Steuern,,,,Passiva / Verbindlichkeiten / sonstige Verbindlichkeiten / davon aus Steuern / USt aus EG-Erwerb ohne Vorsteuerabzug,
,USt im anderen EG-Land s.Leist./Werkl.,liability,unspecified,credit,0,,Passiva / Verbindlichkeiten / sonstige Verbindlichkeiten / davon aus Steuern,,,,Passiva / Verbindlichkeiten / sonstige Verbindlichkeiten / davon aus Steuern / USt im anderen EG-Land s.Leist./Werkl.,
,USt im anderen EG-Land stpfl.Lieferung,liability,unspecified,credit,0,,Passiva / Verbindlichkeiten / sonstige Verbindlichkeiten / davon aus Steuern,,,,Passiva / Verbindlichkeiten / sonstige Verbindlichkeiten / davon aus Steuern / USt im anderen EG-Land stpfl.Lieferung,
,Umsatzsteuer,liability,unspecified,credit,0,,Passiva / Verbindlichkeiten / sonstige Verbindlichkeiten / davon aus Steuern,,,,Passiva / Verbindlichkeiten / sonstige Verbindlichkeiten / davon aus Steuern / Umsatzsteuer,
,Umsatzsteuer 16%,liability,unspecified,credit,0,,Passiva / Verbindlichkeiten / sonstige Verbindlichkeiten / davon aus Steuern,,,,Passiva / Verbindlichkeiten / sonstige Verbindlichkeiten / davon aus Steuern / Umsatzsteuer 16%,
,Umsatzsteuer 19%,liability,unspecified,credit,0,,Passiva / Verbindlichkeiten / sonstige Verbindlichkeiten / davon aus Steuern,,,,Passiva / Verbindlichkeiten / sonstige Verbindlichkeiten / davon aus Steuern / Umsatzsteuer 19%,
,Umsatzsteuer 7%,liability,unspecified,credit,0,,Passiva / Verbindlichkeiten / sonstige Verbindlichkeiten / davon aus Steuern,,,,Passiva / Verbindlichkeiten / sonstige Verbindlichkeiten / davon aus Steuern / Umsatzsteuer 7%,
,Umsatzsteuer EG-Lieferungen,liability,unspecified,credit,0,,Passiva / Verbindlichkeiten / sonstige Verbindlichkeiten / davon aus Steuern,,,,Passiva / Verbindlichkeiten / sonstige Verbindlichkeiten / davon aus Steuern / Umsatzsteuer EG-Lieferungen,
,Umsatzsteuer EG-Lieferungen 19%,liability,unspecified,credit,0,,Passiva / Verbindlichkeiten / sonstige Verbindlichkeiten / davon aus Steuern,,,,Passiva / Verbindlichkeiten / sonstige Verbindlichkeiten / davon aus Steuern / Umsatzsteuer EG-Lieferungen 19%,
,Umsatzsteuer Vorjahr,liability,unspecified,credit,0,,Passiva / Verbindlichkeiten / sonstige Verbindlichkeiten / davon aus Steuern,,,,Passiva / Verbindlichkeiten / sonstige Verbindlichkeiten / davon aus Steuern / Umsatzsteuer Vorjahr,
,Umsatzsteuer aus EG-Erwerb,liability,unspecified,credit,0,,Passiva / Verbindlichkeiten / sonstige Verbindlichkeiten / davon aus Steuern,,,,Passiva / Verbindlichkeiten / sonstige Verbindlichkeiten / davon aus Steuern / Umsatzsteuer aus EG-Erwerb,
,Umsatzsteuer aus EG-Erwerb 16%,liability,unspecified,credit,0,,Passiva / Verbindlichkeiten / sonstige Verbindlichkeiten / davon aus Steuern,,,,Passiva / Verbindlichkeiten / sonstige Verbindlichkeiten / davon aus Steuern / Umsatzsteuer aus EG-Erwerb 16%,
,Umsatzsteuer aus EG-Erwerb 19%,liability,unspecified,credit,0,,Passiva / Verbindlichkeiten / sonstige Verbindlichkeiten / davon aus Steuern,,,,Passiva / Verbindlichkeiten / sonstige Verbindlichkeiten / davon aus Steuern / Umsatzsteuer aus EG-Erwerb 19%,
,Umsatzsteuer frühere Jahre,liability,unspecified,credit,0,,Passiva / Verbindlichkeiten / sonstige Verbindlichkeiten / davon aus Steuern,,,,Passiva / Verbindlichkeiten / sonstige Verbindlichkeiten / davon aus Steuern / Umsatzsteuer frühere Jahre,
,Umsatzsteuer laufendes Jahr,liability,unspecified,credit,0,,Passiva / Verbindlichkeiten / sonstige Verbindlichkeiten / davon aus Steuern,,,,Passiva / Verbindlichkeiten / sonstige Verbindlichkeiten / davon aus Steuern / Umsatzsteuer laufendes Jahr,
,Umsatzsteuer nach § 13a UStG,liability,unspecified,credit,0,,Passiva / Verbindlichkeiten / sonstige Verbindlichkeiten / davon aus Steuern,,,,Passiva / Verbindlichkeiten / sonstige Verbindlichkeiten / davon aus Steuern / Umsatzsteuer nach § 13a UStG,
,Umsatzsteuer nach § 13b UStG,liability,unspecified,credit,0,,Passiva / Verbindlichkeiten / sonstige Verbindlichkeiten / davon aus Steuern,,,,Passiva / Verbindlichkeiten / sonstige Verbindlichkeiten / davon aus Steuern / Umsatzsteuer nach § 13b UStG,
,Umsatzsteuer nach § 13b UStG 16%,liability,unspecified,credit,0,,Passiva / Verbindlichkeiten / sonstige Verbindlichkeiten / davon aus Steuern,,,,Passiva / Verbindlichkeiten / sonstige Verbindlichkeiten / davon aus Steuern / Umsatzsteuer nach § 13b UStG 16%,
,Umsatzsteuer nach § 13b UStG 19%,liability,unspecified,credit,0,,Passiva / Verbindlichkeiten / sonstige Verbindlichkeiten / davon aus Steuern,,,,Passiva / Verbindlichkeiten / sonstige Verbindlichkeiten / davon aus Steuern / Umsatzsteuer nach § 13b UStG 19%,
,Umsatzsteuervorauszahlungen,liability,unspecified,credit,0,,Passiva / Verbindlichkeiten / sonstige Verbindlichkeiten / davon aus Steuern,,,,Passiva / Verbindlichkeiten / sonstige Verbindlichkeiten / davon aus Steuern / Umsatzsteuervorauszahlungen,
,Umsatzsteuervorauszahlungen 1/11,liability,unspecified,credit,0,,Passiva / Verbindlichkeiten / sonstige Verbindlichkeiten / davon aus Steuern,,,,Passiva / Verbindlichkeiten / sonstige Verbindlichkeiten / davon aus Steuern / Umsatzsteuervorauszahlungen 1/11,
,Unrichtig oder unberechtigt ausgew. USt,liability,unspecified,credit,0,,Passiva / Verbindlichkeiten / sonstige Verbindlichkeiten / davon aus Steuern,,,,Passiva / Verbindlichkeiten / sonstige Verbindlichkeiten / davon aus Steuern / Unrichtig oder unberechtigt ausgew. USt,
,Verbindl. Steuern und Abgaben,liability,unspecified,credit,0,,Passiva / Verbindlichkeiten / sonstige Verbindlichkeiten / davon aus Steuern,,,,Passiva / Verbindlichkeiten / sonstige Verbindlichkeiten / davon aus Steuern / Verbindl. Steuern und Abgaben,
,Verbindl. Steuern und Abgaben (1-5 J),liability,unspecified,credit,0,,Passiva / Verbindlichkeiten / sonstige Verbindlichkeiten / davon aus Steuern,,,,Passiva / Verbindlichkeiten / sonstige Verbindlichkeiten / davon aus Steuern / Verbindl. Steuern und Abgaben (1-5 J),
,Verbindl. Steuern und Abgaben (b. 1 J),liability,unspecified,credit,0,,Passiva / Verbindlichkeiten / sonstige Verbindlichkeiten / davon aus Steuern,,,,Passiva / Verbindlichkeiten / sonstige Verbindlichkeiten / davon aus Steuern / Verbindl. Steuern und Abgaben (b. 1 J),
,Verbindl. Steuern und Abgaben (g. 5 J),liability,unspecified,credit,0,,Passiva / Verbindlichkeiten / sonstige Verbindlichkeiten / davon aus Steuern,,,,Passiva / Verbindlichkeiten / sonstige Verbindlichkeiten / davon aus Steuern / Verbindl. Steuern und Abgaben (g. 5 J),
,Verbindl. an FA abzuführender Bauabzug,liability,unspecified,credit,0,,Passiva / Verbindlichkeiten / sonstige Verbindlichkeiten / davon aus Steuern,,,,Passiva / Verbindlichkeiten / sonstige Verbindlichkeiten / davon aus Steuern / Verbindl. an FA abzuführender Bauabzug,
,Verbindlichk. Lohn- und Kirchensteuer,liability,unspecified,credit,0,,Passiva / Verbindlichkeiten / sonstige Verbindlichkeiten / davon aus Steuern,,,,Passiva / Verbindlichkeiten / sonstige Verbindlichkeiten / davon aus Steuern / Verbindlichk. Lohn- und Kirchensteuer,
,Verbindlichk. a.Einbehaltung (KapESt),liability,unspecified,credit,0,,Passiva / Verbindlichkeiten / sonstige Verbindlichkeiten / davon aus Steuern,,,,Passiva / Verbindlichkeiten / sonstige Verbindlichkeiten / davon aus Steuern / Verbindlichk. a.Einbehaltung (KapESt),
,Verbindlichkeiten für Verbrauchsteuern,liability,unspecified,credit,0,,Passiva / Verbindlichkeiten / sonstige Verbindlichkeiten / davon aus Steuern,,,,Passiva / Verbindlichkeiten / sonstige Verbindlichkeiten / davon aus Steuern / Verbindlichkeiten für Verbrauchsteuern,
,davon im Rahmen der sozialen Sicherheit,liability,group,credit,1,,Passiva / Verbindlichkeiten / sonstige Verbindlichkeiten,,,,Passiva / Verbindlichkeiten / sonstige Verbindlichkeiten / davon im Rahmen der sozialen Sicherheit,
,Verbindl. soziale Sicherheit §4/3 EStG,liability,unspecified,credit,0,,Passiva / Verbindlichkeiten / sonstige Verbindlichkeiten / davon im Rahmen der sozialen Sicherheit,,,,Passiva / Verbindlichkeiten / sonstige Verbindlichkeiten / davon im Rahmen der sozialen Sicherheit / Verbindl. soziale Sicherheit §4/3 EStG,
,Verbindlichk. Vermögensbildung(1-5J),liability,unspecified,credit,0,,Passiva / Verbindlichkeiten / sonstige Verbindlichkeiten / davon im Rahmen der sozialen Sicherheit,,,,Passiva / Verbindlichkeiten / sonstige Verbindlichkeiten / davon im Rahmen der sozialen Sicherheit / Verbindlichk. Vermögensbildung(1-5J),
,Verbindlichk. Vermögensbildung(b.1J),liability,unspecified,credit,0,,Passiva / Verbindlichkeiten / sonstige Verbindlichkeiten / davon im Rahmen der sozialen Sicherheit,,,,Passiva / Verbindlichkeiten / sonstige Verbindlichkeiten / davon im Rahmen der sozialen Sicherheit / Verbindlichk. Vermögensbildung(b.1J),
,Verbindlichk. Vermögensbildung(g.5J),liability,unspecified,credit,0,,Passiva / Verbindlichkeiten / sonstige Verbindlichkeiten / davon im Rahmen der sozialen Sicherheit,,,,Passiva / Verbindlichkeiten / sonstige Verbindlichkeiten / davon im Rahmen der sozialen Sicherheit / Verbindlichk. Vermögensbildung(g.5J),
,Verbindlichk. soziale Sicherheit(1-5J),liability,unspecified,credit,0,,Passiva / Verbindlichkeiten / sonstige Verbindlichkeiten / davon im Rahmen der sozialen Sicherheit,,,,Passiva / Verbindlichkeiten / sonstige Verbindlichkeiten / davon im Rahmen der sozialen Sicherheit / Verbindlichk. soziale Sicherheit(1-5J),
,Verbindlichk. soziale Sicherheit(b.1J),liability,unspecified,credit,0,,Passiva / Verbindlichkeiten / sonstige Verbindlichkeiten / davon im Rahmen der sozialen Sicherheit,,,,Passiva / Verbindlichkeiten / sonstige Verbindlichkeiten / davon im Rahmen der sozialen Sicherheit / Verbindlichk. soziale Sicherheit(b.1J),
,Verbindlichk. soziale Sicherheit(g.5J),liability,unspecified,credit,0,,Passiva / Verbindlichkeiten / sonstige Verbindlichkeiten / davon im Rahmen der sozialen Sicherheit,,,,Passiva / Verbindlichkeiten / sonstige Verbindlichkeiten / davon im Rahmen der sozialen Sicherheit / Verbindlichk. soziale Sicherheit(g.5J),
,Verbindlichkeiten a. Vermögensbildung,liability,unspecified,credit,0,,Passiva / Verbindlichkeiten / sonstige Verbindlichkeiten / davon im Rahmen der sozialen Sicherheit,,,,Passiva / Verbindlichkeiten / sonstige Verbindlichkeiten / davon im Rahmen der sozialen Sicherheit / Verbindlichkeiten a. Vermögensbildung,
,Verbindlichkeiten soziale Sicherheit,liability,unspecified,credit,0,,Passiva / Verbindlichkeiten / sonstige Verbindlichkeiten / davon im Rahmen der sozialen Sicherheit,,,,Passiva / Verbindlichkeiten / sonstige Verbindlichkeiten / davon im Rahmen der sozialen Sicherheit / Verbindlichkeiten soziale Sicherheit,
,Voraus.Beitrag ggb. Sozialversich.träger,liability,unspecified,credit,0,,Passiva / Verbindlichkeiten / sonstige Verbindlichkeiten / davon im Rahmen der sozialen Sicherheit,,,,Passiva / Verbindlichkeiten / sonstige Verbindlichkeiten / davon im Rahmen der sozialen Sicherheit / Voraus.Beitrag ggb. Sozialversich.träger,
,davon mit einer Restlaufzeit bis zu einem Jahr,liability,group,credit,1,,Passiva / Verbindlichkeiten / sonstige Verbindlichkeiten,,,,Passiva / Verbindlichkeiten / sonstige Verbindlichkeiten / davon mit einer Restlaufzeit bis zu einem Jahr,
,Agenturwarenabrechnung,liability,unspecified,credit,0,,Passiva / Verbindlichkeiten / sonstige Verbindlichkeiten / davon mit einer Restlaufzeit bis zu einem Jahr,,,,Passiva / Verbindlichkeiten / sonstige Verbindlichkeiten / davon mit einer Restlaufzeit bis zu einem Jahr / Agenturwarenabrechnung,
,Darlehen,liability,unspecified,credit,0,,Passiva / Verbindlichkeiten / sonstige Verbindlichkeiten / davon mit einer Restlaufzeit bis zu einem Jahr,,,,Passiva / Verbindlichkeiten / sonstige Verbindlichkeiten / davon mit einer Restlaufzeit bis zu einem Jahr / Darlehen,
,Darlehen atyp. stiller Gesellsch.(b.1J),liability,unspecified,credit,0,,Passiva / Verbindlichkeiten / sonstige Verbindlichkeiten / davon mit einer Restlaufzeit bis zu einem Jahr,,,,Passiva / Verbindlichkeiten / sonstige Verbindlichkeiten / davon mit einer Restlaufzeit bis zu einem Jahr / Darlehen atyp. stiller Gesellsch.(b.1J),
,Darlehen atyp. stiller Gesellschafter,liability,unspecified,credit,0,,Passiva / Verbindlichkeiten / sonstige Verbindlichkeiten / davon mit einer Restlaufzeit bis zu einem Jahr,,,,Passiva / Verbindlichkeiten / sonstige Verbindlichkeiten / davon mit einer Restlaufzeit bis zu einem Jahr / Darlehen atyp. stiller Gesellschafter,
,Darlehen bis 1 Jahr,liability,unspecified,credit,0,,Passiva / Verbindlichkeiten / sonstige Verbindlichkeiten / davon mit einer Restlaufzeit bis zu einem Jahr,,,,Passiva / Verbindlichkeiten / sonstige Verbindlichkeiten / davon mit einer Restlaufzeit bis zu einem Jahr / Darlehen bis 1 Jahr,
,Darlehen typ. stiller Gesellsch.(b.1J),liability,unspecified,credit,0,,Passiva / Verbindlichkeiten / sonstige Verbindlichkeiten / davon mit einer Restlaufzeit bis zu einem Jahr,,,,Passiva / Verbindlichkeiten / sonstige Verbindlichkeiten / davon mit einer Restlaufzeit bis zu einem Jahr / Darlehen typ. stiller Gesellsch.(b.1J),
,Darlehen typ. stiller Gesellschafter,liability,unspecified,credit,0,,Passiva / Verbindlichkeiten / sonstige Verbindlichkeiten / davon mit einer Restlaufzeit bis zu einem Jahr,,,,Passiva / Verbindlichkeiten / sonstige Verbindlichkeiten / davon mit einer Restlaufzeit bis zu einem Jahr / Darlehen typ. stiller Gesellschafter,
,Erhaltene Kautionen,liability,unspecified,credit,0,,Passiva / Verbindlichkeiten / sonstige Verbindlichkeiten / davon mit einer Restlaufzeit bis zu einem Jahr,,,,Passiva / Verbindlichkeiten / sonstige Verbindlichkeiten / davon mit einer Restlaufzeit bis zu einem Jahr / Erhaltene Kautionen,
,Erhaltene Kautionen (bis 1 Jahr),liability,unspecified,credit,0,,Passiva / Verbindlichkeiten / sonstige Verbindlichkeiten / davon mit einer Restlaufzeit bis zu einem Jahr,,,,Passiva / Verbindlichkeiten / sonstige Verbindlichkeiten / davon mit einer Restlaufzeit bis zu einem Jahr / Erhaltene Kautionen (bis 1 Jahr),
,Gewinnverfügung stille Gesellschaft.,liability,unspecified,credit,0,,Passiva / Verbindlichkeiten / sonstige Verbindlichkeiten / davon mit einer Restlaufzeit bis zu einem Jahr,,,,Passiva / Verbindlichkeiten / sonstige Verbindlichkeiten / davon mit einer Restlaufzeit bis zu einem Jahr / Gewinnverfügung stille Gesellschaft.,
,Kreditkartenabrechnung,liability,unspecified,credit,0,,Passiva / Verbindlichkeiten / sonstige Verbindlichkeiten / davon mit einer Restlaufzeit bis zu einem Jahr,,,,Passiva / Verbindlichkeiten / sonstige Verbindlichkeiten / davon mit einer Restlaufzeit bis zu einem Jahr / Kreditkartenabrechnung,
,Lohn- und Gehaltsverrechnungen,liability,unspecified,credit,0,,Passiva / Verbindlichkeiten / sonstige Verbindlichkeiten / davon mit einer Restlaufzeit bis zu einem Jahr,,,,Passiva / Verbindlichkeiten / sonstige Verbindlichkeiten / davon mit einer Restlaufzeit bis zu einem Jahr / Lohn- und Gehaltsverrechnungen,
,Lohn/Gehaltsverrechnung §11 f. 4/3 EStG,liability,unspecified,credit,0,,Passiva / Verbindlichkeiten / sonstige Verbindlichkeiten / davon mit einer Restlaufzeit bis zu einem Jahr,,,,Passiva / Verbindlichkeiten / sonstige Verbindlichkeiten / davon mit einer Restlaufzeit bis zu einem Jahr / Lohn/Gehaltsverrechnung §11 f. 4/3 EStG,
,Partiarische Darlehen,liability,unspecified,credit,0,,Passiva / Verbindlichkeiten / sonstige Verbindlichkeiten / davon mit einer Restlaufzeit bis zu einem Jahr,,,,Passiva / Verbindlichkeiten / sonstige Verbindlichkeiten / davon mit einer Restlaufzeit bis zu einem Jahr / Partiarische Darlehen,
,Partiarische Darlehen(bis 1 Jahr),liability,unspecified,credit,0,,Passiva / Verbindlichkeiten / sonstige Verbindlichkeiten / davon mit einer Restlaufzeit bis zu einem Jahr,,,,Passiva / Verbindlichkeiten / sonstige Verbindlichkeiten / davon mit einer Restlaufzeit bis zu einem Jahr / Partiarische Darlehen(bis 1 Jahr),
,Sonstige Verbindlichkeiten,liability,unspecified,credit,0,,Passiva / Verbindlichkeiten / sonstige Verbindlichkeiten / davon mit einer Restlaufzeit bis zu einem Jahr,,,,Passiva / Verbindlichkeiten / sonstige Verbindlichkeiten / davon mit einer Restlaufzeit bis zu einem Jahr / Sonstige Verbindlichkeiten,
,Sonstige Verbindlichkeiten (bis 1 J),liability,unspecified,credit,0,,Passiva / Verbindlichkeiten / sonstige Verbindlichkeiten / davon mit einer Restlaufzeit bis zu einem Jahr,,,,Passiva / Verbindlichkeiten / sonstige Verbindlichkeiten / davon mit einer Restlaufzeit bis zu einem Jahr / Sonstige Verbindlichkeiten (bis 1 J),
,Sonstige Verrechnung,liability,unspecified,credit,0,,Passiva / Verbindlichkeiten / sonstige Verbindlichkeiten / davon mit einer Restlaufzeit bis zu einem Jahr,,,,Passiva / Verbindlichkeiten / sonstige Verbindlichkeiten / davon mit einer Restlaufzeit bis zu einem Jahr / Sonstige Verrechnung,
,Verb.gg.Gesellschaftern off.Ausschüttg.,liability,unspecified,credit,0,,Passiva / Verbindlichkeiten / sonstige Verbindlichkeiten / davon mit einer Restlaufzeit bis zu einem Jahr,,,,Passiva / Verbindlichkeiten / sonstige Verbindlichkeiten / davon mit einer Restlaufzeit bis zu einem Jahr / Verb.gg.Gesellschaftern off.Ausschüttg.,
,Verbindlichk. Einbehaltung Arbeitnehmer,liability,unspecified,credit,0,,Passiva / Verbindlichkeiten / sonstige Verbindlichkeiten / davon mit einer Restlaufzeit bis zu einem Jahr,,,,Passiva / Verbindlichkeiten / sonstige Verbindlichkeiten / davon mit einer Restlaufzeit bis zu einem Jahr / Verbindlichk. Einbehaltung Arbeitnehmer,
,Verbindlichkeit.gg. Gesellschaftern,liability,unspecified,credit,0,,Passiva / Verbindlichkeiten / sonstige Verbindlichkeiten / davon mit einer Restlaufzeit bis zu einem Jahr,,,,Passiva / Verbindlichkeiten / sonstige Verbindlichkeiten / davon mit einer Restlaufzeit bis zu einem Jahr / Verbindlichkeit.gg. Gesellschaftern,
,Verbindlichkeit.gg. Gesellschaftern b.1J,liability,unspecified,credit,0,,Passiva / Verbindlichkeiten / sonstige Verbindlichkeiten / davon mit einer Restlaufzeit bis zu einem Jahr,,,,Passiva / Verbindlichkeiten / sonstige Verbindlichkeiten / davon mit einer Restlaufzeit bis zu einem Jahr / Verbindlichkeit.gg. Gesellschaftern b.1J,
,Verbindlichkeiten aus Lohn und Gehalt,liability,unspecified,credit,0,,Passiva / Verbindlichkeiten / sonstige Verbindlichkeiten / davon mit einer Restlaufzeit bis zu einem Jahr,,,,Passiva / Verbindlichkeiten / sonstige Verbindlichkeiten / davon mit einer Restlaufzeit bis zu einem Jahr / Verbindlichkeiten aus Lohn und Gehalt,
,Verrechnung erhaltene Anzahlungen,liability,unspecified,credit,0,,Passiva / Verbindlichkeiten / sonstige Verbindlichkeiten / davon mit einer Restlaufzeit bis zu einem Jahr,,,,Passiva / Verbindlichkeiten / sonstige Verbindlichkeiten / davon mit einer Restlaufzeit bis zu einem Jahr / Verrechnung erhaltene Anzahlungen,
,Ergebnis vor Steuern,,group,,1,,,,,,Ergebnis vor Steuern,missing_root_type
,Betriebsergebnis,,group,,1,,Ergebnis vor Steuern,,,,Ergebnis vor Steuern / Betriebsergebnis,missing_root_type
,Betriebl. Rohertrag,,group,,1,,Ergebnis vor Steuern / Betriebsergebnis,,,,Ergebnis vor Steuern / Betriebsergebnis / Betriebl. Rohertrag,missing_root_type
,Rohertrag,,group,,1,,Ergebnis vor Steuern / Betriebsergebnis / Betriebl. Rohertrag,,,,Ergebnis vor Steuern / Betriebsergebnis / Betriebl. Rohertrag / Rohertrag,missing_root_type
,Gesamtleistung,,group,,1,,Ergebnis vor Steuern / Betriebsergebnis / Betriebl. Rohertrag / Rohertrag,,,,Ergebnis vor Steuern / Betriebsergebnis / Betriebl. Rohertrag / Rohertrag / Gesamtleistung,missing_root_type
,Akt.Eigenleistungen,,group,,1,,Ergebnis vor Steuern / Betriebsergebnis / Betriebl. Rohertrag / Rohertrag / Gesamtleistung,,,,Ergebnis vor Steuern / Betriebsergebnis / Betriebl. Rohertrag / Rohertrag / Gesamtleistung / Akt.Eigenleistungen,missing_root_type
,Andere aktivierte Eigenleistungen,,unspecified,,0,,Ergebnis vor Steuern / Betriebsergebnis / Betriebl. Rohertrag / Rohertrag / Gesamtleistung / Akt.Eigenleistungen,,,,Ergebnis vor Steuern / Betriebsergebnis / Betriebl. Rohertrag / Rohertrag / Gesamtleistung / Akt.Eigenleistungen / Andere aktivierte Eigenleistungen,missing_root_type
,Best.Verdg. FE/UE,,group,,1,,Ergebnis vor Steuern / Betriebsergebnis / Betriebl. Rohertrag / Rohertrag / Gesamtleistung,,,,Ergebnis vor Steuern / Betriebsergebnis / Betriebl. Rohertrag / Rohertrag / Gesamtleistung / Best.Verdg. FE/UE,missing_root_type
,Bestandsveränd.unfertige Erzeugnisse,,unspecified,,0,,Ergebnis vor Steuern / Betriebsergebnis / Betriebl. Rohertrag / Rohertrag / Gesamtleistung / Best.Verdg. FE/UE,,,,Ergebnis vor Steuern / Betriebsergebnis / Betriebl. Rohertrag / Rohertrag / Gesamtleistung / Best.Verdg. FE/UE / Bestandsveränd.unfertige Erzeugnisse,missing_root_type
,Bestandsveränderung Aufträge in Arbeit,,unspecified,,0,,Ergebnis vor Steuern / Betriebsergebnis / Betriebl. Rohertrag / Rohertrag / Gesamtleistung / Best.Verdg. FE/UE,,,,Ergebnis vor Steuern / Betriebsergebnis / Betriebl. Rohertrag / Rohertrag / Gesamtleistung / Best.Verdg. FE/UE / Bestandsveränderung Aufträge in Arbeit,missing_root_type
,Bestandsveränderung Bauaufträge,,unspecified,,0,,Ergebnis vor Steuern / Betriebsergebnis / Betriebl. Rohertrag / Rohertrag / Gesamtleistung / Best.Verdg. FE/UE,,,,Ergebnis vor Steuern / Betriebsergebnis / Betriebl. Rohertrag / Rohertrag / Gesamtleistung / Best.Verdg. FE/UE / Bestandsveränderung Bauaufträge,missing_root_type
,Bestandsveränderung fertige Erzeugnisse,,unspecified,,0,,Ergebnis vor Steuern / Betriebsergebnis / Betriebl. Rohertrag / Rohertrag / Gesamtleistung / Best.Verdg. FE/UE,,,,Ergebnis vor Steuern / Betriebsergebnis / Betriebl. Rohertrag / Rohertrag / Gesamtleistung / Best.Verdg. FE/UE / Bestandsveränderung fertige Erzeugnisse,missing_root_type
,Bestandsveränderung unfertige Leistung,,unspecified,,0,,Ergebnis vor Steuern / Betriebsergebnis / Betriebl. Rohertrag / Rohertrag / Gesamtleistung / Best.Verdg. FE/UE,,,,Ergebnis vor Steuern / Betriebsergebnis / Betriebl. Rohertrag / Rohertrag / Gesamtleistung / Best.Verdg. FE/UE / Bestandsveränderung unfertige Leistung,missing_root_type
,Umsatzerlöse,,group,,1,,Ergebnis vor Steuern / Betriebsergebnis / Betriebl. Rohertrag / Rohertrag / Gesamtleistung,,,,Ergebnis vor Steuern / Betriebsergebnis / Betriebl. Rohertrag / Rohertrag / Gesamtleistung / Umsatzerlöse,missing_root_type
,Entnahme Unternehmer (Waren) 19% USt,,unspecified,,0,,Ergebnis vor Steuern / Betriebsergebnis / Betriebl. Rohertrag / Rohertrag / Gesamtleistung / Umsatzerlöse,,,,Ergebnis vor Steuern / Betriebsergebnis / Betriebl. Rohertrag / Rohertrag / Gesamtleistung / Umsatzerlöse / Entnahme Unternehmer (Waren) 19% USt,missing_root_type
,Entnahme Unternehmer (Waren) 7% USt,,unspecified,,0,,Ergebnis vor Steuern / Betriebsergebnis / Betriebl. Rohertrag / Rohertrag / Gesamtleistung / Umsatzerlöse,,,,Ergebnis vor Steuern / Betriebsergebnis / Betriebl. Rohertrag / Rohertrag / Gesamtleistung / Umsatzerlöse / Entnahme Unternehmer (Waren) 7% USt,missing_root_type
,Entnahme Unternehmer (Waren) ohne USt,,unspecified,,0,,Ergebnis vor Steuern / Betriebsergebnis / Betriebl. Rohertrag / Rohertrag / Gesamtleistung / Umsatzerlöse,,,,Ergebnis vor Steuern / Betriebsergebnis / Betriebl. Rohertrag / Rohertrag / Gesamtleistung / Umsatzerlöse / Entnahme Unternehmer (Waren) ohne USt,missing_root_type
,Entnahme von Gegenständen ohne USt,,unspecified,,0,,Ergebnis vor Steuern / Betriebsergebnis / Betriebl. Rohertrag / Rohertrag / Gesamtleistung / Umsatzerlöse,,,,Ergebnis vor Steuern / Betriebsergebnis / Betriebl. Rohertrag / Rohertrag / Gesamtleistung / Umsatzerlöse / Entnahme von Gegenständen ohne USt,missing_root_type
,Erlöse,,unspecified,,0,,Ergebnis vor Steuern / Betriebsergebnis / Betriebl. Rohertrag / Rohertrag / Gesamtleistung / Umsatzerlöse,,,,Ergebnis vor Steuern / Betriebsergebnis / Betriebl. Rohertrag / Rohertrag / Gesamtleistung / Umsatzerlöse / Erlöse,missing_root_type
,Erlöse 16% USt,,unspecified,,0,,Ergebnis vor Steuern / Betriebsergebnis / Betriebl. Rohertrag / Rohertrag / Gesamtleistung / Umsatzerlöse,,,,Ergebnis vor Steuern / Betriebsergebnis / Betriebl. Rohertrag / Rohertrag / Gesamtleistung / Umsatzerlöse / Erlöse 16% USt,missing_root_type
,Erlöse 19% USt,,unspecified,,0,,Ergebnis vor Steuern / Betriebsergebnis / Betriebl. Rohertrag / Rohertrag / Gesamtleistung / Umsatzerlöse,,,,Ergebnis vor Steuern / Betriebsergebnis / Betriebl. Rohertrag / Rohertrag / Gesamtleistung / Umsatzerlöse / Erlöse 19% USt,missing_root_type
,Erlöse EG-Lieferungen 16% USt,,unspecified,,0,,Ergebnis vor Steuern / Betriebsergebnis / Betriebl. Rohertrag / Rohertrag / Gesamtleistung / Umsatzerlöse,,,,Ergebnis vor Steuern / Betriebsergebnis / Betriebl. Rohertrag / Rohertrag / Gesamtleistung / Umsatzerlöse / Erlöse EG-Lieferungen 16% USt,missing_root_type
,Erlöse EG-Lieferungen 19% USt,,unspecified,,0,,Ergebnis vor Steuern / Betriebsergebnis / Betriebl. Rohertrag / Rohertrag / Gesamtleistung / Umsatzerlöse,,,,Ergebnis vor Steuern / Betriebsergebnis / Betriebl. Rohertrag / Rohertrag / Gesamtleistung / Umsatzerlöse / Erlöse EG-Lieferungen 19% USt,missing_root_type
,Erlöse EG-Lieferungen 7% USt,,unspecified,,0,,Ergebnis vor Steuern / Betriebsergebnis / Betriebl. Rohertrag / Rohertrag / Gesamtleistung / Umsatzerlöse,,,,Ergebnis vor Steuern / Betriebsergebnis / Betriebl. Rohertrag / Rohertrag / Gesamtleistung / Umsatzerlöse / Erlöse EG-Lieferungen 7% USt,missing_root_type
,Erlöse Kleinunternehmer § 19 UStG,,unspecified,,0,,Ergebnis vor Steuern / Betriebsergebnis / Betriebl. Rohertrag / Rohertrag / Gesamtleistung / Umsatzerlöse,,,,Ergebnis vor Steuern / Betriebsergebnis / Betriebl. Rohertrag / Rohertrag / Gesamtleistung / Umsatzerlöse / Erlöse Kleinunternehmer § 19 UStG,missing_root_type
,Erlöse aus Leistungen nach § 13b UStG,,unspecified,,0,,Ergebnis vor Steuern / Betriebsergebnis / Betriebl. Rohertrag / Rohertrag / Gesamtleistung / Umsatzerlöse,,,,Ergebnis vor Steuern / Betriebsergebnis / Betriebl. Rohertrag / Rohertrag / Gesamtleistung / Umsatzerlöse / Erlöse aus Leistungen nach § 13b UStG,missing_root_type
,Erlöse gemäß § 24 UStG,,unspecified,,0,,Ergebnis vor Steuern / Betriebsergebnis / Betriebl. Rohertrag / Rohertrag / Gesamtleistung / Umsatzerlöse,,,,Ergebnis vor Steuern / Betriebsergebnis / Betriebl. Rohertrag / Rohertrag / Gesamtleistung / Umsatzerlöse / Erlöse gemäß § 24 UStG,missing_root_type
,Erlösschmäl.i.and. EG-Land stpfl. Lief.,,unspecified,,0,,Ergebnis vor Steuern / Betriebsergebnis / Betriebl. Rohertrag / Rohertrag / Gesamtleistung / Umsatzerlöse,,,,Ergebnis vor Steuern / Betriebsergebnis / Betriebl. Rohertrag / Rohertrag / Gesamtleistung / Umsatzerlöse / Erlösschmäl.i.and. EG-Land stpfl. Lief.,missing_root_type
,Erlösschmälerung EG-Lieferung 16% USt,,unspecified,,0,,Ergebnis vor Steuern / Betriebsergebnis / Betriebl. Rohertrag / Rohertrag / Gesamtleistung / Umsatzerlöse,,,,Ergebnis vor Steuern / Betriebsergebnis / Betriebl. Rohertrag / Rohertrag / Gesamtleistung / Umsatzerlöse / Erlösschmälerung EG-Lieferung 16% USt,missing_root_type
,Erlösschmälerung EG-Lieferung 19% USt,,unspecified,,0,,Ergebnis vor Steuern / Betriebsergebnis / Betriebl. Rohertrag / Rohertrag / Gesamtleistung / Umsatzerlöse,,,,Ergebnis vor Steuern / Betriebsergebnis / Betriebl. Rohertrag / Rohertrag / Gesamtleistung / Umsatzerlöse / Erlösschmälerung EG-Lieferung 19% USt,missing_root_type
,Erlösschmälerung EG-Lieferung 7% USt,,unspecified,,0,,Ergebnis vor Steuern / Betriebsergebnis / Betriebl. Rohertrag / Rohertrag / Gesamtleistung / Umsatzerlöse,,,,Ergebnis vor Steuern / Betriebsergebnis / Betriebl. Rohertrag / Rohertrag / Gesamtleistung / Umsatzerlöse / Erlösschmälerung EG-Lieferung 7% USt,missing_root_type
,Erlösschmälerung EG-Lieferung steuerfrei,,unspecified,,0,,Ergebnis vor Steuern / Betriebsergebnis / Betriebl. Rohertrag / Rohertrag / Gesamtleistung / Umsatzerlöse,,,,Ergebnis vor Steuern / Betriebsergebnis / Betriebl. Rohertrag / Rohertrag / Gesamtleistung / Umsatzerlöse / Erlösschmälerung EG-Lieferung steuerfrei,missing_root_type
,Erlösschmälerungen,,unspecified,,0,,Ergebnis vor Steuern / Betriebsergebnis / Betriebl. Rohertrag / Rohertrag / Gesamtleistung / Umsatzerlöse,,,,Ergebnis vor Steuern / Betriebsergebnis / Betriebl. Rohertrag / Rohertrag / Gesamtleistung / Umsatzerlöse / Erlösschmälerungen,missing_root_type
,Erlösschmälerungen 16% USt,,unspecified,,0,,Ergebnis vor Steuern / Betriebsergebnis / Betriebl. Rohertrag / Rohertrag / Gesamtleistung / Umsatzerlöse,,,,Ergebnis vor Steuern / Betriebsergebnis / Betriebl. Rohertrag / Rohertrag / Gesamtleistung / Umsatzerlöse / Erlösschmälerungen 16% USt,missing_root_type
,Erlösschmälerungen 19% USt,,unspecified,,0,,Ergebnis vor Steuern / Betriebsergebnis / Betriebl. Rohertrag / Rohertrag / Gesamtleistung / Umsatzerlöse,,,,Ergebnis vor Steuern / Betriebsergebnis / Betriebl. Rohertrag / Rohertrag / Gesamtleistung / Umsatzerlöse / Erlösschmälerungen 19% USt,missing_root_type
,Erlösschmälerungen 7% USt,,unspecified,,0,,Ergebnis vor Steuern / Betriebsergebnis / Betriebl. Rohertrag / Rohertrag / Gesamtleistung / Umsatzerlöse,,,,Ergebnis vor Steuern / Betriebsergebnis / Betriebl. Rohertrag / Rohertrag / Gesamtleistung / Umsatzerlöse / Erlösschmälerungen 7% USt,missing_root_type
,Erlösschmälerungen steuerfrei §4 Nr. 1a,,unspecified,,0,,Ergebnis vor Steuern / Betriebsergebnis / Betriebl. Rohertrag / Rohertrag / Gesamtleistung / Umsatzerlöse,,,,Ergebnis vor Steuern / Betriebsergebnis / Betriebl. Rohertrag / Rohertrag / Gesamtleistung / Umsatzerlöse / Erlösschmälerungen steuerfrei §4 Nr. 1a,missing_root_type
,Gewährte Boni,,unspecified,,0,,Ergebnis vor Steuern / Betriebsergebnis / Betriebl. Rohertrag / Rohertrag / Gesamtleistung / Umsatzerlöse,,,,Ergebnis vor Steuern / Betriebsergebnis / Betriebl. Rohertrag / Rohertrag / Gesamtleistung / Umsatzerlöse / Gewährte Boni,missing_root_type
,Gewährte Boni 16% USt,,unspecified,,0,,Ergebnis vor Steuern / Betriebsergebnis / Betriebl. Rohertrag / Rohertrag / Gesamtleistung / Umsatzerlöse,,,,Ergebnis vor Steuern / Betriebsergebnis / Betriebl. Rohertrag / Rohertrag / Gesamtleistung / Umsatzerlöse / Gewährte Boni 16% USt,missing_root_type
,Gewährte Boni 19% USt,,unspecified,,0,,Ergebnis vor Steuern / Betriebsergebnis / Betriebl. Rohertrag / Rohertrag / Gesamtleistung / Umsatzerlöse,,,,Ergebnis vor Steuern / Betriebsergebnis / Betriebl. Rohertrag / Rohertrag / Gesamtleistung / Umsatzerlöse / Gewährte Boni 19% USt,missing_root_type
,Gewährte Boni 7% USt,,unspecified,,0,,Ergebnis vor Steuern / Betriebsergebnis / Betriebl. Rohertrag / Rohertrag / Gesamtleistung / Umsatzerlöse,,,,Ergebnis vor Steuern / Betriebsergebnis / Betriebl. Rohertrag / Rohertrag / Gesamtleistung / Umsatzerlöse / Gewährte Boni 7% USt,missing_root_type
,Gewährte Rabatte,,unspecified,,0,,Ergebnis vor Steuern / Betriebsergebnis / Betriebl. Rohertrag / Rohertrag / Gesamtleistung / Umsatzerlöse,,,,Ergebnis vor Steuern / Betriebsergebnis / Betriebl. Rohertrag / Rohertrag / Gesamtleistung / Umsatzerlöse / Gewährte Rabatte,missing_root_type
,Gewährte Rabatte 16% USt,,unspecified,,0,,Ergebnis vor Steuern / Betriebsergebnis / Betriebl. Rohertrag / Rohertrag / Gesamtleistung / Umsatzerlöse,,,,Ergebnis vor Steuern / Betriebsergebnis / Betriebl. Rohertrag / Rohertrag / Gesamtleistung / Umsatzerlöse / Gewährte Rabatte 16% USt,missing_root_type
,Gewährte Rabatte 19% USt,,unspecified,,0,,Ergebnis vor Steuern / Betriebsergebnis / Betriebl. Rohertrag / Rohertrag / Gesamtleistung / Umsatzerlöse,,,,Ergebnis vor Steuern / Betriebsergebnis / Betriebl. Rohertrag / Rohertrag / Gesamtleistung / Umsatzerlöse / Gewährte Rabatte 19% USt,missing_root_type
,Gewährte Rabatte 7% USt,,unspecified,,0,,Ergebnis vor Steuern / Betriebsergebnis / Betriebl. Rohertrag / Rohertrag / Gesamtleistung / Umsatzerlöse,,,,Ergebnis vor Steuern / Betriebsergebnis / Betriebl. Rohertrag / Rohertrag / Gesamtleistung / Umsatzerlöse / Gewährte Rabatte 7% USt,missing_root_type
,Gewährte Skonti,,unspecified,,0,,Ergebnis vor Steuern / Betriebsergebnis / Betriebl. Rohertrag / Rohertrag / Gesamtleistung / Umsatzerlöse,,,,Ergebnis vor Steuern / Betriebsergebnis / Betriebl. Rohertrag / Rohertrag / Gesamtleistung / Umsatzerlöse / Gewährte Skonti,missing_root_type
,Gewährte Skonti 16% USt,,unspecified,,0,,Ergebnis vor Steuern / Betriebsergebnis / Betriebl. Rohertrag / Rohertrag / Gesamtleistung / Umsatzerlöse,,,,Ergebnis vor Steuern / Betriebsergebnis / Betriebl. Rohertrag / Rohertrag / Gesamtleistung / Umsatzerlöse / Gewährte Skonti 16% USt,missing_root_type
,Gewährte Skonti 19% USt,,unspecified,,0,,Ergebnis vor Steuern / Betriebsergebnis / Betriebl. Rohertrag / Rohertrag / Gesamtleistung / Umsatzerlöse,,,,Ergebnis vor Steuern / Betriebsergebnis / Betriebl. Rohertrag / Rohertrag / Gesamtleistung / Umsatzerlöse / Gewährte Skonti 19% USt,missing_root_type
,Gewährte Skonti 7% USt,,unspecified,,0,,Ergebnis vor Steuern / Betriebsergebnis / Betriebl. Rohertrag / Rohertrag / Gesamtleistung / Umsatzerlöse,,,,Ergebnis vor Steuern / Betriebsergebnis / Betriebl. Rohertrag / Rohertrag / Gesamtleistung / Umsatzerlöse / Gewährte Skonti 7% USt,missing_root_type
,Gewährte Skonti EG-Lieferung 16% USt,,unspecified,,0,,Ergebnis vor Steuern / Betriebsergebnis / Betriebl. Rohertrag / Rohertrag / Gesamtleistung / Umsatzerlöse,,,,Ergebnis vor Steuern / Betriebsergebnis / Betriebl. Rohertrag / Rohertrag / Gesamtleistung / Umsatzerlöse / Gewährte Skonti EG-Lieferung 16% USt,missing_root_type
,Gewährte Skonti EG-Lieferung 19% USt,,unspecified,,0,,Ergebnis vor Steuern / Betriebsergebnis / Betriebl. Rohertrag / Rohertrag / Gesamtleistung / Umsatzerlöse,,,,Ergebnis vor Steuern / Betriebsergebnis / Betriebl. Rohertrag / Rohertrag / Gesamtleistung / Umsatzerlöse / Gewährte Skonti EG-Lieferung 19% USt,missing_root_type
,Gewährte Skonti EG-Lieferung 7% USt,,unspecified,,0,,Ergebnis vor Steuern / Betriebsergebnis / Betriebl. Rohertrag / Rohertrag / Gesamtleistung / Umsatzerlöse,,,,Ergebnis vor Steuern / Betriebsergebnis / Betriebl. Rohertrag / Rohertrag / Gesamtleistung / Umsatzerlöse / Gewährte Skonti EG-Lieferung 7% USt,missing_root_type
,Gewährte Skonti Leistungen §13b UStG,,unspecified,,0,,Ergebnis vor Steuern / Betriebsergebnis / Betriebl. Rohertrag / Rohertrag / Gesamtleistung / Umsatzerlöse,,,,Ergebnis vor Steuern / Betriebsergebnis / Betriebl. Rohertrag / Rohertrag / Gesamtleistung / Umsatzerlöse / Gewährte Skonti Leistungen §13b UStG,missing_root_type
,Gewährte Skonti stfr. EG-Lieferung,,unspecified,,0,,Ergebnis vor Steuern / Betriebsergebnis / Betriebl. Rohertrag / Rohertrag / Gesamtleistung / Umsatzerlöse,,,,Ergebnis vor Steuern / Betriebsergebnis / Betriebl. Rohertrag / Rohertrag / Gesamtleistung / Umsatzerlöse / Gewährte Skonti stfr. EG-Lieferung,missing_root_type
,Gewährte Skonti stpfl. EG-Lieferung,,unspecified,,0,,Ergebnis vor Steuern / Betriebsergebnis / Betriebl. Rohertrag / Rohertrag / Gesamtleistung / Umsatzerlöse,,,,Ergebnis vor Steuern / Betriebsergebnis / Betriebl. Rohertrag / Rohertrag / Gesamtleistung / Umsatzerlöse / Gewährte Skonti stpfl. EG-Lieferung,missing_root_type
,Im anderen EG-Land stpfl. Lieferungen,,unspecified,,0,,Ergebnis vor Steuern / Betriebsergebnis / Betriebl. Rohertrag / Rohertrag / Gesamtleistung / Umsatzerlöse,,,,Ergebnis vor Steuern / Betriebsergebnis / Betriebl. Rohertrag / Rohertrag / Gesamtleistung / Umsatzerlöse / Im anderen EG-Land stpfl. Lieferungen,missing_root_type
,Innergemeinschaftl. Dreiecksgeschäft,,unspecified,,0,,Ergebnis vor Steuern / Betriebsergebnis / Betriebl. Rohertrag / Rohertrag / Gesamtleistung / Umsatzerlöse,,,,Ergebnis vor Steuern / Betriebsergebnis / Betriebl. Rohertrag / Rohertrag / Gesamtleistung / Umsatzerlöse / Innergemeinschaftl. Dreiecksgeschäft,missing_root_type
,Nicht steuerbare Umsätze,,unspecified,,0,,Ergebnis vor Steuern / Betriebsergebnis / Betriebl. Rohertrag / Rohertrag / Gesamtleistung / Umsatzerlöse,,,,Ergebnis vor Steuern / Betriebsergebnis / Betriebl. Rohertrag / Rohertrag / Gesamtleistung / Umsatzerlöse / Nicht steuerbare Umsätze,missing_root_type
,Nicht steuerbare Umsätze Drittland,,unspecified,,0,,Ergebnis vor Steuern / Betriebsergebnis / Betriebl. Rohertrag / Rohertrag / Gesamtleistung / Umsatzerlöse,,,,Ergebnis vor Steuern / Betriebsergebnis / Betriebl. Rohertrag / Rohertrag / Gesamtleistung / Umsatzerlöse / Nicht steuerbare Umsätze Drittland,missing_root_type
,Nicht steuerbare Umsätze EG-Land,,unspecified,,0,,Ergebnis vor Steuern / Betriebsergebnis / Betriebl. Rohertrag / Rohertrag / Gesamtleistung / Umsatzerlöse,,,,Ergebnis vor Steuern / Betriebsergebnis / Betriebl. Rohertrag / Rohertrag / Gesamtleistung / Umsatzerlöse / Nicht steuerbare Umsätze EG-Land,missing_root_type
,Provisionsumsätze,,unspecified,,0,,Ergebnis vor Steuern / Betriebsergebnis / Betriebl. Rohertrag / Rohertrag / Gesamtleistung / Umsatzerlöse,,,,Ergebnis vor Steuern / Betriebsergebnis / Betriebl. Rohertrag / Rohertrag / Gesamtleistung / Umsatzerlöse / Provisionsumsätze,missing_root_type
,Provisionsumsätze 16% USt,,unspecified,,0,,Ergebnis vor Steuern / Betriebsergebnis / Betriebl. Rohertrag / Rohertrag / Gesamtleistung / Umsatzerlöse,,,,Ergebnis vor Steuern / Betriebsergebnis / Betriebl. Rohertrag / Rohertrag / Gesamtleistung / Umsatzerlöse / Provisionsumsätze 16% USt,missing_root_type
,Provisionsumsätze 19% USt,,unspecified,,0,,Ergebnis vor Steuern / Betriebsergebnis / Betriebl. Rohertrag / Rohertrag / Gesamtleistung / Umsatzerlöse,,,,Ergebnis vor Steuern / Betriebsergebnis / Betriebl. Rohertrag / Rohertrag / Gesamtleistung / Umsatzerlöse / Provisionsumsätze 19% USt,missing_root_type
,Provisionsumsätze 7% USt,,unspecified,,0,,Ergebnis vor Steuern / Betriebsergebnis / Betriebl. Rohertrag / Rohertrag / Gesamtleistung / Umsatzerlöse,,,,Ergebnis vor Steuern / Betriebsergebnis / Betriebl. Rohertrag / Rohertrag / Gesamtleistung / Umsatzerlöse / Provisionsumsätze 7% USt,missing_root_type
,"Provisionsumsätze, steuerfrei § 4 Nr.5",,unspecified,,0,,Ergebnis vor Steuern / Betriebsergebnis / Betriebl. Rohertrag / Rohertrag / Gesamtleistung / Umsatzerlöse,,,,"Ergebnis vor Steuern / Betriebsergebnis / Betriebl. Rohertrag / Rohertrag / Gesamtleistung / Umsatzerlöse / Provisionsumsätze, steuerfrei § 4 Nr.5",missing_root_type
,"Provisionsumsätze, steuerfrei §4 Nr.8ff",,unspecified,,0,,Ergebnis vor Steuern / Betriebsergebnis / Betriebl. Rohertrag / Rohertrag / Gesamtleistung / Umsatzerlöse,,,,"Ergebnis vor Steuern / Betriebsergebnis / Betriebl. Rohertrag / Rohertrag / Gesamtleistung / Umsatzerlöse / Provisionsumsätze, steuerfrei §4 Nr.8ff",missing_root_type
,Sonstige steuerfr. Umsätze Inland,,unspecified,,0,,Ergebnis vor Steuern / Betriebsergebnis / Betriebl. Rohertrag / Rohertrag / Gesamtleistung / Umsatzerlöse,,,,Ergebnis vor Steuern / Betriebsergebnis / Betriebl. Rohertrag / Rohertrag / Gesamtleistung / Umsatzerlöse / Sonstige steuerfr. Umsätze Inland,missing_root_type
,Steuerfr. EG-Lief.v.Neufahrzg.ohne UStID,,unspecified,,0,,Ergebnis vor Steuern / Betriebsergebnis / Betriebl. Rohertrag / Rohertrag / Gesamtleistung / Umsatzerlöse,,,,Ergebnis vor Steuern / Betriebsergebnis / Betriebl. Rohertrag / Rohertrag / Gesamtleistung / Umsatzerlöse / Steuerfr. EG-Lief.v.Neufahrzg.ohne UStID,missing_root_type
,"Steuerfreie EG-Lieferungen §4, 1b UStG",,unspecified,,0,,Ergebnis vor Steuern / Betriebsergebnis / Betriebl. Rohertrag / Rohertrag / Gesamtleistung / Umsatzerlöse,,,,"Ergebnis vor Steuern / Betriebsergebnis / Betriebl. Rohertrag / Rohertrag / Gesamtleistung / Umsatzerlöse / Steuerfreie EG-Lieferungen §4, 1b UStG",missing_root_type
,Steuerfreie Umsätze Offshore usw.,,unspecified,,0,,Ergebnis vor Steuern / Betriebsergebnis / Betriebl. Rohertrag / Rohertrag / Gesamtleistung / Umsatzerlöse,,,,Ergebnis vor Steuern / Betriebsergebnis / Betriebl. Rohertrag / Rohertrag / Gesamtleistung / Umsatzerlöse / Steuerfreie Umsätze Offshore usw.,missing_root_type
,Steuerfreie Umsätze ohne Vorsteuerabzug,,unspecified,,0,,Ergebnis vor Steuern / Betriebsergebnis / Betriebl. Rohertrag / Rohertrag / Gesamtleistung / Umsatzerlöse,,,,Ergebnis vor Steuern / Betriebsergebnis / Betriebl. Rohertrag / Rohertrag / Gesamtleistung / Umsatzerlöse / Steuerfreie Umsätze ohne Vorsteuerabzug,missing_root_type
,Steuerfreie Umsätze § 4 Nr. 1a UStG,,unspecified,,0,,Ergebnis vor Steuern / Betriebsergebnis / Betriebl. Rohertrag / Rohertrag / Gesamtleistung / Umsatzerlöse,,,,Ergebnis vor Steuern / Betriebsergebnis / Betriebl. Rohertrag / Rohertrag / Gesamtleistung / Umsatzerlöse / Steuerfreie Umsätze § 4 Nr. 1a UStG,missing_root_type
,Steuerfreie Umsätze § 4 Nr. 2-7 UStG,,unspecified,,0,,Ergebnis vor Steuern / Betriebsergebnis / Betriebl. Rohertrag / Rohertrag / Gesamtleistung / Umsatzerlöse,,,,Ergebnis vor Steuern / Betriebsergebnis / Betriebl. Rohertrag / Rohertrag / Gesamtleistung / Umsatzerlöse / Steuerfreie Umsätze § 4 Nr. 2-7 UStG,missing_root_type
,Steuerfreie Umsätze §4 Nr. 8 ff UStG,,unspecified,,0,,Ergebnis vor Steuern / Betriebsergebnis / Betriebl. Rohertrag / Rohertrag / Gesamtleistung / Umsatzerlöse,,,,Ergebnis vor Steuern / Betriebsergebnis / Betriebl. Rohertrag / Rohertrag / Gesamtleistung / Umsatzerlöse / Steuerfreie Umsätze §4 Nr. 8 ff UStG,missing_root_type
,Stfr. Umsätze aus V. § 4 Nr. 12 UStG,,unspecified,,0,,Ergebnis vor Steuern / Betriebsergebnis / Betriebl. Rohertrag / Rohertrag / Gesamtleistung / Umsatzerlöse,,,,Ergebnis vor Steuern / Betriebsergebnis / Betriebl. Rohertrag / Rohertrag / Gesamtleistung / Umsatzerlöse / Stfr. Umsätze aus V. § 4 Nr. 12 UStG,missing_root_type
,Umsatzsteuer-Vergütungen,,unspecified,,0,,Ergebnis vor Steuern / Betriebsergebnis / Betriebl. Rohertrag / Rohertrag / Gesamtleistung / Umsatzerlöse,,,,Ergebnis vor Steuern / Betriebsergebnis / Betriebl. Rohertrag / Rohertrag / Gesamtleistung / Umsatzerlöse / Umsatzsteuer-Vergütungen,missing_root_type
,Unentgeltl. Zuwend. von Waren 19% USt,,unspecified,,0,,Ergebnis vor Steuern / Betriebsergebnis / Betriebl. Rohertrag / Rohertrag / Gesamtleistung / Umsatzerlöse,,,,Ergebnis vor Steuern / Betriebsergebnis / Betriebl. Rohertrag / Rohertrag / Gesamtleistung / Umsatzerlöse / Unentgeltl. Zuwend. von Waren 19% USt,missing_root_type
,Unentgeltl. Zuwend. von Waren 7% USt,,unspecified,,0,,Ergebnis vor Steuern / Betriebsergebnis / Betriebl. Rohertrag / Rohertrag / Gesamtleistung / Umsatzerlöse,,,,Ergebnis vor Steuern / Betriebsergebnis / Betriebl. Rohertrag / Rohertrag / Gesamtleistung / Umsatzerlöse / Unentgeltl. Zuwend. von Waren 7% USt,missing_root_type
,Unentgeltl. Zuwend. von Waren ohne USt,,unspecified,,0,,Ergebnis vor Steuern / Betriebsergebnis / Betriebl. Rohertrag / Rohertrag / Gesamtleistung / Umsatzerlöse,,,,Ergebnis vor Steuern / Betriebsergebnis / Betriebl. Rohertrag / Rohertrag / Gesamtleistung / Umsatzerlöse / Unentgeltl. Zuwend. von Waren ohne USt,missing_root_type
,Unentgeltliche Wertabgaben,,unspecified,,0,,Ergebnis vor Steuern / Betriebsergebnis / Betriebl. Rohertrag / Rohertrag / Gesamtleistung / Umsatzerlöse,,,,Ergebnis vor Steuern / Betriebsergebnis / Betriebl. Rohertrag / Rohertrag / Gesamtleistung / Umsatzerlöse / Unentgeltliche Wertabgaben,missing_root_type
,Mat./Wareneinkauf,,group,,1,,Ergebnis vor Steuern / Betriebsergebnis / Betriebl. Rohertrag / Rohertrag,,,,Ergebnis vor Steuern / Betriebsergebnis / Betriebl. Rohertrag / Rohertrag / Mat./Wareneinkauf,missing_root_type
,"Bauleistungen § 13b 19% Vorst., 19% USt",,unspecified,,0,,Ergebnis vor Steuern / Betriebsergebnis / Betriebl. Rohertrag / Rohertrag / Mat./Wareneinkauf,,,,"Ergebnis vor Steuern / Betriebsergebnis / Betriebl. Rohertrag / Rohertrag / Mat./Wareneinkauf / Bauleistungen § 13b 19% Vorst., 19% USt",missing_root_type
,"Bauleistungen § 13b 7% Vorsteuer, 7% USt",,unspecified,,0,,Ergebnis vor Steuern / Betriebsergebnis / Betriebl. Rohertrag / Rohertrag / Mat./Wareneinkauf,,,,"Ergebnis vor Steuern / Betriebsergebnis / Betriebl. Rohertrag / Rohertrag / Mat./Wareneinkauf / Bauleistungen § 13b 7% Vorsteuer, 7% USt",missing_root_type
,"Bauleistungen § 13b ohne Vorst., 19% USt",,unspecified,,0,,Ergebnis vor Steuern / Betriebsergebnis / Betriebl. Rohertrag / Rohertrag / Mat./Wareneinkauf,,,,"Ergebnis vor Steuern / Betriebsergebnis / Betriebl. Rohertrag / Rohertrag / Mat./Wareneinkauf / Bauleistungen § 13b ohne Vorst., 19% USt",missing_root_type
,"Bauleistungen § 13b ohne Vorst., 7% USt",,unspecified,,0,,Ergebnis vor Steuern / Betriebsergebnis / Betriebl. Rohertrag / Rohertrag / Mat./Wareneinkauf,,,,"Ergebnis vor Steuern / Betriebsergebnis / Betriebl. Rohertrag / Rohertrag / Mat./Wareneinkauf / Bauleistungen § 13b ohne Vorst., 7% USt",missing_root_type
,Bestandsveränd.RHB-Stoffe/bezogene Ware,,unspecified,,0,,Ergebnis vor Steuern / Betriebsergebnis / Betriebl. Rohertrag / Rohertrag / Mat./Wareneinkauf,,,,Ergebnis vor Steuern / Betriebsergebnis / Betriebl. Rohertrag / Rohertrag / Mat./Wareneinkauf / Bestandsveränd.RHB-Stoffe/bezogene Ware,missing_root_type
,Bezugsnebenkosten,,unspecified,,0,,Ergebnis vor Steuern / Betriebsergebnis / Betriebl. Rohertrag / Rohertrag / Mat./Wareneinkauf,,,,Ergebnis vor Steuern / Betriebsergebnis / Betriebl. Rohertrag / Rohertrag / Mat./Wareneinkauf / Bezugsnebenkosten,missing_root_type
,EG-Erw. Nfz o.UStID 19% Vorsteuer/USt,,unspecified,,0,,Ergebnis vor Steuern / Betriebsergebnis / Betriebl. Rohertrag / Rohertrag / Mat./Wareneinkauf,,,,Ergebnis vor Steuern / Betriebsergebnis / Betriebl. Rohertrag / Rohertrag / Mat./Wareneinkauf / EG-Erw. Nfz o.UStID 19% Vorsteuer/USt,missing_root_type
,EG-Erwerb 19% Vorsteuer und 19% USt,,unspecified,,0,,Ergebnis vor Steuern / Betriebsergebnis / Betriebl. Rohertrag / Rohertrag / Mat./Wareneinkauf,,,,Ergebnis vor Steuern / Betriebsergebnis / Betriebl. Rohertrag / Rohertrag / Mat./Wareneinkauf / EG-Erwerb 19% Vorsteuer und 19% USt,missing_root_type
,EG-Erwerb 7% Vorsteuer und 7% USt,,unspecified,,0,,Ergebnis vor Steuern / Betriebsergebnis / Betriebl. Rohertrag / Rohertrag / Mat./Wareneinkauf,,,,Ergebnis vor Steuern / Betriebsergebnis / Betriebl. Rohertrag / Rohertrag / Mat./Wareneinkauf / EG-Erwerb 7% Vorsteuer und 7% USt,missing_root_type
,EG-Erwerb ohne Vorsteuer und 19% USt,,unspecified,,0,,Ergebnis vor Steuern / Betriebsergebnis / Betriebl. Rohertrag / Rohertrag / Mat./Wareneinkauf,,,,Ergebnis vor Steuern / Betriebsergebnis / Betriebl. Rohertrag / Rohertrag / Mat./Wareneinkauf / EG-Erwerb ohne Vorsteuer und 19% USt,missing_root_type
,EG-Erwerb ohne Vorsteuer und 7% USt,,unspecified,,0,,Ergebnis vor Steuern / Betriebsergebnis / Betriebl. Rohertrag / Rohertrag / Mat./Wareneinkauf,,,,Ergebnis vor Steuern / Betriebsergebnis / Betriebl. Rohertrag / Rohertrag / Mat./Wareneinkauf / EG-Erwerb ohne Vorsteuer und 7% USt,missing_root_type
,Energiestoffe,,unspecified,,0,,Ergebnis vor Steuern / Betriebsergebnis / Betriebl. Rohertrag / Rohertrag / Mat./Wareneinkauf,,,,Ergebnis vor Steuern / Betriebsergebnis / Betriebl. Rohertrag / Rohertrag / Mat./Wareneinkauf / Energiestoffe,missing_root_type
,Erh. Skonti Leistg. § 13b 16% Vorst/USt,,unspecified,,0,,Ergebnis vor Steuern / Betriebsergebnis / Betriebl. Rohertrag / Rohertrag / Mat./Wareneinkauf,,,,Ergebnis vor Steuern / Betriebsergebnis / Betriebl. Rohertrag / Rohertrag / Mat./Wareneinkauf / Erh. Skonti Leistg. § 13b 16% Vorst/USt,missing_root_type
,Erh. Skonti Leistg. § 13b 19% Vorst/USt,,unspecified,,0,,Ergebnis vor Steuern / Betriebsergebnis / Betriebl. Rohertrag / Rohertrag / Mat./Wareneinkauf,,,,Ergebnis vor Steuern / Betriebsergebnis / Betriebl. Rohertrag / Rohertrag / Mat./Wareneinkauf / Erh. Skonti Leistg. § 13b 19% Vorst/USt,missing_root_type
,Erh. Skonti Leistg. § 13b o.Vorst/16%USt,,unspecified,,0,,Ergebnis vor Steuern / Betriebsergebnis / Betriebl. Rohertrag / Rohertrag / Mat./Wareneinkauf,,,,Ergebnis vor Steuern / Betriebsergebnis / Betriebl. Rohertrag / Rohertrag / Mat./Wareneinkauf / Erh. Skonti Leistg. § 13b o.Vorst/16%USt,missing_root_type
,Erh. Skonti Leistg. § 13b o.Vorst/19%USt,,unspecified,,0,,Ergebnis vor Steuern / Betriebsergebnis / Betriebl. Rohertrag / Rohertrag / Mat./Wareneinkauf,,,,Ergebnis vor Steuern / Betriebsergebnis / Betriebl. Rohertrag / Rohertrag / Mat./Wareneinkauf / Erh. Skonti Leistg. § 13b o.Vorst/19%USt,missing_root_type
,Erh. Skonti Leistg. § 13b o.Vorst/m.USt,,unspecified,,0,,Ergebnis vor Steuern / Betriebsergebnis / Betriebl. Rohertrag / Rohertrag / Mat./Wareneinkauf,,,,Ergebnis vor Steuern / Betriebsergebnis / Betriebl. Rohertrag / Rohertrag / Mat./Wareneinkauf / Erh. Skonti Leistg. § 13b o.Vorst/m.USt,missing_root_type
,Erhalt. Skonti EG-Erwerb 16% Vorst/USt,,unspecified,,0,,Ergebnis vor Steuern / Betriebsergebnis / Betriebl. Rohertrag / Rohertrag / Mat./Wareneinkauf,,,,Ergebnis vor Steuern / Betriebsergebnis / Betriebl. Rohertrag / Rohertrag / Mat./Wareneinkauf / Erhalt. Skonti EG-Erwerb 16% Vorst/USt,missing_root_type
,Erhalt. Skonti EG-Erwerb 19% Vorst/USt,,unspecified,,0,,Ergebnis vor Steuern / Betriebsergebnis / Betriebl. Rohertrag / Rohertrag / Mat./Wareneinkauf,,,,Ergebnis vor Steuern / Betriebsergebnis / Betriebl. Rohertrag / Rohertrag / Mat./Wareneinkauf / Erhalt. Skonti EG-Erwerb 19% Vorst/USt,missing_root_type
,Erhalt. Skonti EG-Erwerb 7% Vorst/USt,,unspecified,,0,,Ergebnis vor Steuern / Betriebsergebnis / Betriebl. Rohertrag / Rohertrag / Mat./Wareneinkauf,,,,Ergebnis vor Steuern / Betriebsergebnis / Betriebl. Rohertrag / Rohertrag / Mat./Wareneinkauf / Erhalt. Skonti EG-Erwerb 7% Vorst/USt,missing_root_type
,Erhaltene Boni,,unspecified,,0,,Ergebnis vor Steuern / Betriebsergebnis / Betriebl. Rohertrag / Rohertrag / Mat./Wareneinkauf,,,,Ergebnis vor Steuern / Betriebsergebnis / Betriebl. Rohertrag / Rohertrag / Mat./Wareneinkauf / Erhaltene Boni,missing_root_type
,Erhaltene Boni 16% Vorsteuer,,unspecified,,0,,Ergebnis vor Steuern / Betriebsergebnis / Betriebl. Rohertrag / Rohertrag / Mat./Wareneinkauf,,,,Ergebnis vor Steuern / Betriebsergebnis / Betriebl. Rohertrag / Rohertrag / Mat./Wareneinkauf / Erhaltene Boni 16% Vorsteuer,missing_root_type
,Erhaltene Boni 19% Vorsteuer,,unspecified,,0,,Ergebnis vor Steuern / Betriebsergebnis / Betriebl. Rohertrag / Rohertrag / Mat./Wareneinkauf,,,,Ergebnis vor Steuern / Betriebsergebnis / Betriebl. Rohertrag / Rohertrag / Mat./Wareneinkauf / Erhaltene Boni 19% Vorsteuer,missing_root_type
,Erhaltene Boni 7% Vorsteuer,,unspecified,,0,,Ergebnis vor Steuern / Betriebsergebnis / Betriebl. Rohertrag / Rohertrag / Mat./Wareneinkauf,,,,Ergebnis vor Steuern / Betriebsergebnis / Betriebl. Rohertrag / Rohertrag / Mat./Wareneinkauf / Erhaltene Boni 7% Vorsteuer,missing_root_type
,Erhaltene Rabatte,,unspecified,,0,,Ergebnis vor Steuern / Betriebsergebnis / Betriebl. Rohertrag / Rohertrag / Mat./Wareneinkauf,,,,Ergebnis vor Steuern / Betriebsergebnis / Betriebl. Rohertrag / Rohertrag / Mat./Wareneinkauf / Erhaltene Rabatte,missing_root_type
,Erhaltene Rabatte 16% Vorsteuer,,unspecified,,0,,Ergebnis vor Steuern / Betriebsergebnis / Betriebl. Rohertrag / Rohertrag / Mat./Wareneinkauf,,,,Ergebnis vor Steuern / Betriebsergebnis / Betriebl. Rohertrag / Rohertrag / Mat./Wareneinkauf / Erhaltene Rabatte 16% Vorsteuer,missing_root_type
,Erhaltene Rabatte 19% Vorsteuer,,unspecified,,0,,Ergebnis vor Steuern / Betriebsergebnis / Betriebl. Rohertrag / Rohertrag / Mat./Wareneinkauf,,,,Ergebnis vor Steuern / Betriebsergebnis / Betriebl. Rohertrag / Rohertrag / Mat./Wareneinkauf / Erhaltene Rabatte 19% Vorsteuer,missing_root_type
,Erhaltene Rabatte 7% Vorsteuer,,unspecified,,0,,Ergebnis vor Steuern / Betriebsergebnis / Betriebl. Rohertrag / Rohertrag / Mat./Wareneinkauf,,,,Ergebnis vor Steuern / Betriebsergebnis / Betriebl. Rohertrag / Rohertrag / Mat./Wareneinkauf / Erhaltene Rabatte 7% Vorsteuer,missing_root_type
,Erhaltene Skonti,,unspecified,,0,,Ergebnis vor Steuern / Betriebsergebnis / Betriebl. Rohertrag / Rohertrag / Mat./Wareneinkauf,,,,Ergebnis vor Steuern / Betriebsergebnis / Betriebl. Rohertrag / Rohertrag / Mat./Wareneinkauf / Erhaltene Skonti,missing_root_type
,Erhaltene Skonti 16% Vorsteuer,,unspecified,,0,,Ergebnis vor Steuern / Betriebsergebnis / Betriebl. Rohertrag / Rohertrag / Mat./Wareneinkauf,,,,Ergebnis vor Steuern / Betriebsergebnis / Betriebl. Rohertrag / Rohertrag / Mat./Wareneinkauf / Erhaltene Skonti 16% Vorsteuer,missing_root_type
,Erhaltene Skonti 19% Vorsteuer,,unspecified,,0,,Ergebnis vor Steuern / Betriebsergebnis / Betriebl. Rohertrag / Rohertrag / Mat./Wareneinkauf,,,,Ergebnis vor Steuern / Betriebsergebnis / Betriebl. Rohertrag / Rohertrag / Mat./Wareneinkauf / Erhaltene Skonti 19% Vorsteuer,missing_root_type
,Erhaltene Skonti 7% Vorsteuer,,unspecified,,0,,Ergebnis vor Steuern / Betriebsergebnis / Betriebl. Rohertrag / Rohertrag / Mat./Wareneinkauf,,,,Ergebnis vor Steuern / Betriebsergebnis / Betriebl. Rohertrag / Rohertrag / Mat./Wareneinkauf / Erhaltene Skonti 7% Vorsteuer,missing_root_type
,Erhaltene Skonti EG-Erwerb,,unspecified,,0,,Ergebnis vor Steuern / Betriebsergebnis / Betriebl. Rohertrag / Rohertrag / Mat./Wareneinkauf,,,,Ergebnis vor Steuern / Betriebsergebnis / Betriebl. Rohertrag / Rohertrag / Mat./Wareneinkauf / Erhaltene Skonti EG-Erwerb,missing_root_type
,Erhaltene Skonti Leistungen §13b UStG,,unspecified,,0,,Ergebnis vor Steuern / Betriebsergebnis / Betriebl. Rohertrag / Rohertrag / Mat./Wareneinkauf,,,,Ergebnis vor Steuern / Betriebsergebnis / Betriebl. Rohertrag / Rohertrag / Mat./Wareneinkauf / Erhaltene Skonti Leistungen §13b UStG,missing_root_type
,Erwerb 1. Abnehmer im Dreiecksgeschäft,,unspecified,,0,,Ergebnis vor Steuern / Betriebsergebnis / Betriebl. Rohertrag / Rohertrag / Mat./Wareneinkauf,,,,Ergebnis vor Steuern / Betriebsergebnis / Betriebl. Rohertrag / Rohertrag / Mat./Wareneinkauf / Erwerb 1. Abnehmer im Dreiecksgeschäft,missing_root_type
,Fremdleistungen,,unspecified,,0,,Ergebnis vor Steuern / Betriebsergebnis / Betriebl. Rohertrag / Rohertrag / Mat./Wareneinkauf,,,,Ergebnis vor Steuern / Betriebsergebnis / Betriebl. Rohertrag / Rohertrag / Mat./Wareneinkauf / Fremdleistungen,missing_root_type
,Leergut,,unspecified,,0,,Ergebnis vor Steuern / Betriebsergebnis / Betriebl. Rohertrag / Rohertrag / Mat./Wareneinkauf,,,,Ergebnis vor Steuern / Betriebsergebnis / Betriebl. Rohertrag / Rohertrag / Mat./Wareneinkauf / Leergut,missing_root_type
,"Leistungen ausl. UN 19% Vorst., 19% USt",,unspecified,,0,,Ergebnis vor Steuern / Betriebsergebnis / Betriebl. Rohertrag / Rohertrag / Mat./Wareneinkauf,,,,"Ergebnis vor Steuern / Betriebsergebnis / Betriebl. Rohertrag / Rohertrag / Mat./Wareneinkauf / Leistungen ausl. UN 19% Vorst., 19% USt",missing_root_type
,"Leistungen ausl. UN 7% Vorsteuer, 7% USt",,unspecified,,0,,Ergebnis vor Steuern / Betriebsergebnis / Betriebl. Rohertrag / Rohertrag / Mat./Wareneinkauf,,,,"Ergebnis vor Steuern / Betriebsergebnis / Betriebl. Rohertrag / Rohertrag / Mat./Wareneinkauf / Leistungen ausl. UN 7% Vorsteuer, 7% USt",missing_root_type
,"Leistungen ausl. UN ohne Vorst., 19% USt",,unspecified,,0,,Ergebnis vor Steuern / Betriebsergebnis / Betriebl. Rohertrag / Rohertrag / Mat./Wareneinkauf,,,,"Ergebnis vor Steuern / Betriebsergebnis / Betriebl. Rohertrag / Rohertrag / Mat./Wareneinkauf / Leistungen ausl. UN ohne Vorst., 19% USt",missing_root_type
,"Leistungen ausl. UN ohne Vorst., 7% USt",,unspecified,,0,,Ergebnis vor Steuern / Betriebsergebnis / Betriebl. Rohertrag / Rohertrag / Mat./Wareneinkauf,,,,"Ergebnis vor Steuern / Betriebsergebnis / Betriebl. Rohertrag / Rohertrag / Mat./Wareneinkauf / Leistungen ausl. UN ohne Vorst., 7% USt",missing_root_type
,Nachlässe,,unspecified,,0,,Ergebnis vor Steuern / Betriebsergebnis / Betriebl. Rohertrag / Rohertrag / Mat./Wareneinkauf,,,,Ergebnis vor Steuern / Betriebsergebnis / Betriebl. Rohertrag / Rohertrag / Mat./Wareneinkauf / Nachlässe,missing_root_type
,Nachlässe 15% Vorsteuer,,unspecified,,0,,Ergebnis vor Steuern / Betriebsergebnis / Betriebl. Rohertrag / Rohertrag / Mat./Wareneinkauf,,,,Ergebnis vor Steuern / Betriebsergebnis / Betriebl. Rohertrag / Rohertrag / Mat./Wareneinkauf / Nachlässe 15% Vorsteuer,missing_root_type
,Nachlässe 16% Vorsteuer,,unspecified,,0,,Ergebnis vor Steuern / Betriebsergebnis / Betriebl. Rohertrag / Rohertrag / Mat./Wareneinkauf,,,,Ergebnis vor Steuern / Betriebsergebnis / Betriebl. Rohertrag / Rohertrag / Mat./Wareneinkauf / Nachlässe 16% Vorsteuer,missing_root_type
,Nachlässe 19% Vorsteuer,,unspecified,,0,,Ergebnis vor Steuern / Betriebsergebnis / Betriebl. Rohertrag / Rohertrag / Mat./Wareneinkauf,,,,Ergebnis vor Steuern / Betriebsergebnis / Betriebl. Rohertrag / Rohertrag / Mat./Wareneinkauf / Nachlässe 19% Vorsteuer,missing_root_type
,Nachlässe 7% Vorsteuer,,unspecified,,0,,Ergebnis vor Steuern / Betriebsergebnis / Betriebl. Rohertrag / Rohertrag / Mat./Wareneinkauf,,,,Ergebnis vor Steuern / Betriebsergebnis / Betriebl. Rohertrag / Rohertrag / Mat./Wareneinkauf / Nachlässe 7% Vorsteuer,missing_root_type
,Nachlässe EG-Erwerb 15% Vorsteuer/USt,,unspecified,,0,,Ergebnis vor Steuern / Betriebsergebnis / Betriebl. Rohertrag / Rohertrag / Mat./Wareneinkauf,,,,Ergebnis vor Steuern / Betriebsergebnis / Betriebl. Rohertrag / Rohertrag / Mat./Wareneinkauf / Nachlässe EG-Erwerb 15% Vorsteuer/USt,missing_root_type
,Nachlässe EG-Erwerb 16% Vorsteuer/USt,,unspecified,,0,,Ergebnis vor Steuern / Betriebsergebnis / Betriebl. Rohertrag / Rohertrag / Mat./Wareneinkauf,,,,Ergebnis vor Steuern / Betriebsergebnis / Betriebl. Rohertrag / Rohertrag / Mat./Wareneinkauf / Nachlässe EG-Erwerb 16% Vorsteuer/USt,missing_root_type
,Nachlässe EG-Erwerb 19% Vorsteuer/USt,,unspecified,,0,,Ergebnis vor Steuern / Betriebsergebnis / Betriebl. Rohertrag / Rohertrag / Mat./Wareneinkauf,,,,Ergebnis vor Steuern / Betriebsergebnis / Betriebl. Rohertrag / Rohertrag / Mat./Wareneinkauf / Nachlässe EG-Erwerb 19% Vorsteuer/USt,missing_root_type
,Nachlässe EG-Erwerb 7% Vorsteuer/USt,,unspecified,,0,,Ergebnis vor Steuern / Betriebsergebnis / Betriebl. Rohertrag / Rohertrag / Mat./Wareneinkauf,,,,Ergebnis vor Steuern / Betriebsergebnis / Betriebl. Rohertrag / Rohertrag / Mat./Wareneinkauf / Nachlässe EG-Erwerb 7% Vorsteuer/USt,missing_root_type
,Nicht abziehbare Vorsteuer,,unspecified,,0,,Ergebnis vor Steuern / Betriebsergebnis / Betriebl. Rohertrag / Rohertrag / Mat./Wareneinkauf,,,,Ergebnis vor Steuern / Betriebsergebnis / Betriebl. Rohertrag / Rohertrag / Mat./Wareneinkauf / Nicht abziehbare Vorsteuer,missing_root_type
,Nicht abziehbare Vorsteuer 19%,,unspecified,,0,,Ergebnis vor Steuern / Betriebsergebnis / Betriebl. Rohertrag / Rohertrag / Mat./Wareneinkauf,,,,Ergebnis vor Steuern / Betriebsergebnis / Betriebl. Rohertrag / Rohertrag / Mat./Wareneinkauf / Nicht abziehbare Vorsteuer 19%,missing_root_type
,Nicht abziehbare Vorsteuer 7%,,unspecified,,0,,Ergebnis vor Steuern / Betriebsergebnis / Betriebl. Rohertrag / Rohertrag / Mat./Wareneinkauf,,,,Ergebnis vor Steuern / Betriebsergebnis / Betriebl. Rohertrag / Rohertrag / Mat./Wareneinkauf / Nicht abziehbare Vorsteuer 7%,missing_root_type
,"Roh-, Hilfs- und Betriebsstoffe",,unspecified,,0,,Ergebnis vor Steuern / Betriebsergebnis / Betriebl. Rohertrag / Rohertrag / Mat./Wareneinkauf,,,,"Ergebnis vor Steuern / Betriebsergebnis / Betriebl. Rohertrag / Rohertrag / Mat./Wareneinkauf / Roh-, Hilfs- und Betriebsstoffe",missing_root_type
,Steuerfreie Einfuhren,,unspecified,,0,,Ergebnis vor Steuern / Betriebsergebnis / Betriebl. Rohertrag / Rohertrag / Mat./Wareneinkauf,,,,Ergebnis vor Steuern / Betriebsergebnis / Betriebl. Rohertrag / Rohertrag / Mat./Wareneinkauf / Steuerfreie Einfuhren,missing_root_type
,Steuerfreier EG-Erwerb,,unspecified,,0,,Ergebnis vor Steuern / Betriebsergebnis / Betriebl. Rohertrag / Rohertrag / Mat./Wareneinkauf,,,,Ergebnis vor Steuern / Betriebsergebnis / Betriebl. Rohertrag / Rohertrag / Mat./Wareneinkauf / Steuerfreier EG-Erwerb,missing_root_type
,"Waren aus USt-Lager 19% Vorst., 19% USt",,unspecified,,0,,Ergebnis vor Steuern / Betriebsergebnis / Betriebl. Rohertrag / Rohertrag / Mat./Wareneinkauf,,,,"Ergebnis vor Steuern / Betriebsergebnis / Betriebl. Rohertrag / Rohertrag / Mat./Wareneinkauf / Waren aus USt-Lager 19% Vorst., 19% USt",missing_root_type
,"Waren aus USt-Lager 7% Vorsteuer, 7% USt",,unspecified,,0,,Ergebnis vor Steuern / Betriebsergebnis / Betriebl. Rohertrag / Rohertrag / Mat./Wareneinkauf,,,,"Ergebnis vor Steuern / Betriebsergebnis / Betriebl. Rohertrag / Rohertrag / Mat./Wareneinkauf / Waren aus USt-Lager 7% Vorsteuer, 7% USt",missing_root_type
,Wareneingang,,unspecified,,0,,Ergebnis vor Steuern / Betriebsergebnis / Betriebl. Rohertrag / Rohertrag / Mat./Wareneinkauf,,,,Ergebnis vor Steuern / Betriebsergebnis / Betriebl. Rohertrag / Rohertrag / Mat./Wareneinkauf / Wareneingang,missing_root_type
,"Wareneingang 10,7% Vorsteuer",,unspecified,,0,,Ergebnis vor Steuern / Betriebsergebnis / Betriebl. Rohertrag / Rohertrag / Mat./Wareneinkauf,,,,"Ergebnis vor Steuern / Betriebsergebnis / Betriebl. Rohertrag / Rohertrag / Mat./Wareneinkauf / Wareneingang 10,7% Vorsteuer",missing_root_type
,Wareneingang 19% Vorsteuer,,unspecified,,0,,Ergebnis vor Steuern / Betriebsergebnis / Betriebl. Rohertrag / Rohertrag / Mat./Wareneinkauf,,,,Ergebnis vor Steuern / Betriebsergebnis / Betriebl. Rohertrag / Rohertrag / Mat./Wareneinkauf / Wareneingang 19% Vorsteuer,missing_root_type
,"Wareneingang 5,5% Vorsteuer",,unspecified,,0,,Ergebnis vor Steuern / Betriebsergebnis / Betriebl. Rohertrag / Rohertrag / Mat./Wareneinkauf,,,,"Ergebnis vor Steuern / Betriebsergebnis / Betriebl. Rohertrag / Rohertrag / Mat./Wareneinkauf / Wareneingang 5,5% Vorsteuer",missing_root_type
,Wareneingang 7% Vorsteuer,,unspecified,,0,,Ergebnis vor Steuern / Betriebsergebnis / Betriebl. Rohertrag / Rohertrag / Mat./Wareneinkauf,,,,Ergebnis vor Steuern / Betriebsergebnis / Betriebl. Rohertrag / Rohertrag / Mat./Wareneinkauf / Wareneingang 7% Vorsteuer,missing_root_type
,"Wareneingang, im Drittland steuerbar",,unspecified,,0,,Ergebnis vor Steuern / Betriebsergebnis / Betriebl. Rohertrag / Rohertrag / Mat./Wareneinkauf,,,,"Ergebnis vor Steuern / Betriebsergebnis / Betriebl. Rohertrag / Rohertrag / Mat./Wareneinkauf / Wareneingang, im Drittland steuerbar",missing_root_type
,"Wareneingang, im anderen EG-Land stb.",,unspecified,,0,,Ergebnis vor Steuern / Betriebsergebnis / Betriebl. Rohertrag / Rohertrag / Mat./Wareneinkauf,,,,"Ergebnis vor Steuern / Betriebsergebnis / Betriebl. Rohertrag / Rohertrag / Mat./Wareneinkauf / Wareneingang, im anderen EG-Land stb.",missing_root_type
,Zölle und Einfuhrabgaben,,unspecified,,0,,Ergebnis vor Steuern / Betriebsergebnis / Betriebl. Rohertrag / Rohertrag / Mat./Wareneinkauf,,,,Ergebnis vor Steuern / Betriebsergebnis / Betriebl. Rohertrag / Rohertrag / Mat./Wareneinkauf / Zölle und Einfuhrabgaben,missing_root_type
,So. betr. Erlöse,,group,,1,,Ergebnis vor Steuern / Betriebsergebnis / Betriebl. Rohertrag,,,,Ergebnis vor Steuern / Betriebsergebnis / Betriebl. Rohertrag / So. betr. Erlöse,missing_root_type
,Erlöse 7% USt,,unspecified,,0,,Ergebnis vor Steuern / Betriebsergebnis / Betriebl. Rohertrag / So. betr. Erlöse,,,,Ergebnis vor Steuern / Betriebsergebnis / Betriebl. Rohertrag / So. betr. Erlöse / Erlöse 7% USt,missing_root_type
,Erlöse Abfallverwertung,,unspecified,,0,,Ergebnis vor Steuern / Betriebsergebnis / Betriebl. Rohertrag / So. betr. Erlöse,,,,Ergebnis vor Steuern / Betriebsergebnis / Betriebl. Rohertrag / So. betr. Erlöse / Erlöse Abfallverwertung,missing_root_type
,Erlöse Geldspielautomaten 19% USt,,unspecified,,0,,Ergebnis vor Steuern / Betriebsergebnis / Betriebl. Rohertrag / So. betr. Erlöse,,,,Ergebnis vor Steuern / Betriebsergebnis / Betriebl. Rohertrag / So. betr. Erlöse / Erlöse Geldspielautomaten 19% USt,missing_root_type
,Erlöse Leergut,,unspecified,,0,,Ergebnis vor Steuern / Betriebsergebnis / Betriebl. Rohertrag / So. betr. Erlöse,,,,Ergebnis vor Steuern / Betriebsergebnis / Betriebl. Rohertrag / So. betr. Erlöse / Erlöse Leergut,missing_root_type
,Erträge Bewertung Finanzmittelfonds,,unspecified,,0,,Ergebnis vor Steuern / Betriebsergebnis / Betriebl. Rohertrag / So. betr. Erlöse,,,,Ergebnis vor Steuern / Betriebsergebnis / Betriebl. Rohertrag / So. betr. Erlöse / Erträge Bewertung Finanzmittelfonds,missing_root_type
,Erträge aus Kursdifferenzen,,unspecified,,0,,Ergebnis vor Steuern / Betriebsergebnis / Betriebl. Rohertrag / So. betr. Erlöse,,,,Ergebnis vor Steuern / Betriebsergebnis / Betriebl. Rohertrag / So. betr. Erlöse / Erträge aus Kursdifferenzen,missing_root_type
,Gegenkto Aufteilung Erlöse Steuersatz,,unspecified,,0,,Ergebnis vor Steuern / Betriebsergebnis / Betriebl. Rohertrag / So. betr. Erlöse,,,,Ergebnis vor Steuern / Betriebsergebnis / Betriebl. Rohertrag / So. betr. Erlöse / Gegenkto Aufteilung Erlöse Steuersatz,missing_root_type
,"Provision, sonst.Erträge stfrei §4 Nr.5",,unspecified,,0,,Ergebnis vor Steuern / Betriebsergebnis / Betriebl. Rohertrag / So. betr. Erlöse,,,,"Ergebnis vor Steuern / Betriebsergebnis / Betriebl. Rohertrag / So. betr. Erlöse / Provision, sonst.Erträge stfrei §4 Nr.5",missing_root_type
,"Provision, sonst.Erträge stfrei §4Nr8ff",,unspecified,,0,,Ergebnis vor Steuern / Betriebsergebnis / Betriebl. Rohertrag / So. betr. Erlöse,,,,"Ergebnis vor Steuern / Betriebsergebnis / Betriebl. Rohertrag / So. betr. Erlöse / Provision, sonst.Erträge stfrei §4Nr8ff",missing_root_type
,"Provision, sonstige Erträge",,unspecified,,0,,Ergebnis vor Steuern / Betriebsergebnis / Betriebl. Rohertrag / So. betr. Erlöse,,,,"Ergebnis vor Steuern / Betriebsergebnis / Betriebl. Rohertrag / So. betr. Erlöse / Provision, sonstige Erträge",missing_root_type
,"Provision, sonstige Erträge 19% USt",,unspecified,,0,,Ergebnis vor Steuern / Betriebsergebnis / Betriebl. Rohertrag / So. betr. Erlöse,,,,"Ergebnis vor Steuern / Betriebsergebnis / Betriebl. Rohertrag / So. betr. Erlöse / Provision, sonstige Erträge 19% USt",missing_root_type
,"Provision, sonstige Erträge 7% USt",,unspecified,,0,,Ergebnis vor Steuern / Betriebsergebnis / Betriebl. Rohertrag / So. betr. Erlöse,,,,"Ergebnis vor Steuern / Betriebsergebnis / Betriebl. Rohertrag / So. betr. Erlöse / Provision, sonstige Erträge 7% USt",missing_root_type
,Sachbezüge 19% USt,,unspecified,,0,,Ergebnis vor Steuern / Betriebsergebnis / Betriebl. Rohertrag / So. betr. Erlöse,,,,Ergebnis vor Steuern / Betriebsergebnis / Betriebl. Rohertrag / So. betr. Erlöse / Sachbezüge 19% USt,missing_root_type
,Sachbezüge 7% USt,,unspecified,,0,,Ergebnis vor Steuern / Betriebsergebnis / Betriebl. Rohertrag / So. betr. Erlöse,,,,Ergebnis vor Steuern / Betriebsergebnis / Betriebl. Rohertrag / So. betr. Erlöse / Sachbezüge 7% USt,missing_root_type
,Sonst. Erlöse betr. u. regelmäßig,,unspecified,,0,,Ergebnis vor Steuern / Betriebsergebnis / Betriebl. Rohertrag / So. betr. Erlöse,,,,Ergebnis vor Steuern / Betriebsergebnis / Betriebl. Rohertrag / So. betr. Erlöse / Sonst. Erlöse betr. u. regelmäßig,missing_root_type
,Sonst. Erlöse betr. u. regelmäßig stfr.,,unspecified,,0,,Ergebnis vor Steuern / Betriebsergebnis / Betriebl. Rohertrag / So. betr. Erlöse,,,,Ergebnis vor Steuern / Betriebsergebnis / Betriebl. Rohertrag / So. betr. Erlöse / Sonst. Erlöse betr. u. regelmäßig stfr.,missing_root_type
,Sonst. Erlöse betr. u. regelmäßig stfrei,,unspecified,,0,,Ergebnis vor Steuern / Betriebsergebnis / Betriebl. Rohertrag / So. betr. Erlöse,,,,Ergebnis vor Steuern / Betriebsergebnis / Betriebl. Rohertrag / So. betr. Erlöse / Sonst. Erlöse betr. u. regelmäßig stfrei,missing_root_type
,Sonst. Erlöse betr. und regelmäßig 16%,,unspecified,,0,,Ergebnis vor Steuern / Betriebsergebnis / Betriebl. Rohertrag / So. betr. Erlöse,,,,Ergebnis vor Steuern / Betriebsergebnis / Betriebl. Rohertrag / So. betr. Erlöse / Sonst. Erlöse betr. und regelmäßig 16%,missing_root_type
,Sonst. Erlöse betr. und regelmäßig 19%,,unspecified,,0,,Ergebnis vor Steuern / Betriebsergebnis / Betriebl. Rohertrag / So. betr. Erlöse,,,,Ergebnis vor Steuern / Betriebsergebnis / Betriebl. Rohertrag / So. betr. Erlöse / Sonst. Erlöse betr. und regelmäßig 19%,missing_root_type
,Sonst. Erlöse betr. und regelmäßig 7%,,unspecified,,0,,Ergebnis vor Steuern / Betriebsergebnis / Betriebl. Rohertrag / So. betr. Erlöse,,,,Ergebnis vor Steuern / Betriebsergebnis / Betriebl. Rohertrag / So. betr. Erlöse / Sonst. Erlöse betr. und regelmäßig 7%,missing_root_type
,Sonst. Erträge betriebl. und regelm.,,unspecified,,0,,Ergebnis vor Steuern / Betriebsergebnis / Betriebl. Rohertrag / So. betr. Erlöse,,,,Ergebnis vor Steuern / Betriebsergebnis / Betriebl. Rohertrag / So. betr. Erlöse / Sonst. Erträge betriebl. und regelm.,missing_root_type
,Unentgeltl. Erbringung Leist. 19% USt,,unspecified,,0,,Ergebnis vor Steuern / Betriebsergebnis / Betriebl. Rohertrag / So. betr. Erlöse,,,,Ergebnis vor Steuern / Betriebsergebnis / Betriebl. Rohertrag / So. betr. Erlöse / Unentgeltl. Erbringung Leist. 19% USt,missing_root_type
,Unentgeltl. Erbringung Leist. 7% USt,,unspecified,,0,,Ergebnis vor Steuern / Betriebsergebnis / Betriebl. Rohertrag / So. betr. Erlöse,,,,Ergebnis vor Steuern / Betriebsergebnis / Betriebl. Rohertrag / So. betr. Erlöse / Unentgeltl. Erbringung Leist. 7% USt,missing_root_type
,Unentgeltl. Erbringung Leist. ohne USt,,unspecified,,0,,Ergebnis vor Steuern / Betriebsergebnis / Betriebl. Rohertrag / So. betr. Erlöse,,,,Ergebnis vor Steuern / Betriebsergebnis / Betriebl. Rohertrag / So. betr. Erlöse / Unentgeltl. Erbringung Leist. ohne USt,missing_root_type
,Unentgeltl. Zuwend. Gegenstände 19% USt,,unspecified,,0,,Ergebnis vor Steuern / Betriebsergebnis / Betriebl. Rohertrag / So. betr. Erlöse,,,,Ergebnis vor Steuern / Betriebsergebnis / Betriebl. Rohertrag / So. betr. Erlöse / Unentgeltl. Zuwend. Gegenstände 19% USt,missing_root_type
,Unentgeltl. Zuwend. Gegenstände ohne USt,,unspecified,,0,,Ergebnis vor Steuern / Betriebsergebnis / Betriebl. Rohertrag / So. betr. Erlöse,,,,Ergebnis vor Steuern / Betriebsergebnis / Betriebl. Rohertrag / So. betr. Erlöse / Unentgeltl. Zuwend. Gegenstände ohne USt,missing_root_type
,Verrechn. sonstige Sachbezüge 19% USt,,unspecified,,0,,Ergebnis vor Steuern / Betriebsergebnis / Betriebl. Rohertrag / So. betr. Erlöse,,,,Ergebnis vor Steuern / Betriebsergebnis / Betriebl. Rohertrag / So. betr. Erlöse / Verrechn. sonstige Sachbezüge 19% USt,missing_root_type
,Verrechn. sonstige Sachbezüge ohne USt,,unspecified,,0,,Ergebnis vor Steuern / Betriebsergebnis / Betriebl. Rohertrag / So. betr. Erlöse,,,,Ergebnis vor Steuern / Betriebsergebnis / Betriebl. Rohertrag / So. betr. Erlöse / Verrechn. sonstige Sachbezüge ohne USt,missing_root_type
,Verrechnete sonstige Sachbezüge,,unspecified,,0,,Ergebnis vor Steuern / Betriebsergebnis / Betriebl. Rohertrag / So. betr. Erlöse,,,,Ergebnis vor Steuern / Betriebsergebnis / Betriebl. Rohertrag / So. betr. Erlöse / Verrechnete sonstige Sachbezüge,missing_root_type
,Verwendung von Gegenst. (Kfz) 19% USt,,unspecified,,0,,Ergebnis vor Steuern / Betriebsergebnis / Betriebl. Rohertrag / So. betr. Erlöse,,,,Ergebnis vor Steuern / Betriebsergebnis / Betriebl. Rohertrag / So. betr. Erlöse / Verwendung von Gegenst. (Kfz) 19% USt,missing_root_type
,Verwendung von Gegenst. (Tel) 19% USt,,unspecified,,0,,Ergebnis vor Steuern / Betriebsergebnis / Betriebl. Rohertrag / So. betr. Erlöse,,,,Ergebnis vor Steuern / Betriebsergebnis / Betriebl. Rohertrag / So. betr. Erlöse / Verwendung von Gegenst. (Tel) 19% USt,missing_root_type
,Verwendung von Gegenst.(Kfz) ohne USt,,unspecified,,0,,Ergebnis vor Steuern / Betriebsergebnis / Betriebl. Rohertrag / So. betr. Erlöse,,,,Ergebnis vor Steuern / Betriebsergebnis / Betriebl. Rohertrag / So. betr. Erlöse / Verwendung von Gegenst.(Kfz) ohne USt,missing_root_type
,Verwendung von Gegenst.(Tel) ohne USt,,unspecified,,0,,Ergebnis vor Steuern / Betriebsergebnis / Betriebl. Rohertrag / So. betr. Erlöse,,,,Ergebnis vor Steuern / Betriebsergebnis / Betriebl. Rohertrag / So. betr. Erlöse / Verwendung von Gegenst.(Tel) ohne USt,missing_root_type
,Verwendung von Gegenständen 19% USt,,unspecified,,0,,Ergebnis vor Steuern / Betriebsergebnis / Betriebl. Rohertrag / So. betr. Erlöse,,,,Ergebnis vor Steuern / Betriebsergebnis / Betriebl. Rohertrag / So. betr. Erlöse / Verwendung von Gegenständen 19% USt,missing_root_type
,Verwendung von Gegenständen 7% USt,,unspecified,,0,,Ergebnis vor Steuern / Betriebsergebnis / Betriebl. Rohertrag / So. betr. Erlöse,,,,Ergebnis vor Steuern / Betriebsergebnis / Betriebl. Rohertrag / So. betr. Erlöse / Verwendung von Gegenständen 7% USt,missing_root_type
,Verwendung von Gegenständen ohne USt,,unspecified,,0,,Ergebnis vor Steuern / Betriebsergebnis / Betriebl. Rohertrag / So. betr. Erlöse,,,,Ergebnis vor Steuern / Betriebsergebnis / Betriebl. Rohertrag / So. betr. Erlöse / Verwendung von Gegenständen ohne USt,missing_root_type
,Gesamtkosten,,group,,1,,Ergebnis vor Steuern / Betriebsergebnis,,,,Ergebnis vor Steuern / Betriebsergebnis / Gesamtkosten,missing_root_type
,Abschreibungen,,group,,1,,Ergebnis vor Steuern / Betriebsergebnis / Gesamtkosten,,,,Ergebnis vor Steuern / Betriebsergebnis / Gesamtkosten / Abschreibungen,missing_root_type
,Abschr. Geschäfts- oder Firmenwert,,unspecified,,0,,Ergebnis vor Steuern / Betriebsergebnis / Gesamtkosten / Abschreibungen,,,,Ergebnis vor Steuern / Betriebsergebnis / Gesamtkosten / Abschreibungen / Abschr. Geschäfts- oder Firmenwert,missing_root_type
,Abschr.Verl.Ant.Mituntern.sch.§8 GewStG,,unspecified,,0,,Ergebnis vor Steuern / Betriebsergebnis / Gesamtkosten / Abschreibungen,,,,Ergebnis vor Steuern / Betriebsergebnis / Gesamtkosten / Abschreibungen / Abschr.Verl.Ant.Mituntern.sch.§8 GewStG,missing_root_type
,Abschreib.Finanzanlagen/stl.So-Vorsch.,,unspecified,,0,,Ergebnis vor Steuern / Betriebsergebnis / Gesamtkosten / Abschreibungen,,,,Ergebnis vor Steuern / Betriebsergebnis / Gesamtkosten / Abschreibungen / Abschreib.Finanzanlagen/stl.So-Vorsch.,missing_root_type
,Abschreib.Sachanlagen/stl. So-Vorschr.,,unspecified,,0,,Ergebnis vor Steuern / Betriebsergebnis / Gesamtkosten / Abschreibungen,,,,Ergebnis vor Steuern / Betriebsergebnis / Gesamtkosten / Abschreibungen / Abschreib.Sachanlagen/stl. So-Vorschr.,missing_root_type
,Abschreibung Arbeitszimmer,,unspecified,,0,,Ergebnis vor Steuern / Betriebsergebnis / Gesamtkosten / Abschreibungen,,,,Ergebnis vor Steuern / Betriebsergebnis / Gesamtkosten / Abschreibungen / Abschreibung Arbeitszimmer,missing_root_type
,"Abschreibung Ingangsetzung, Erweiterung",,unspecified,,0,,Ergebnis vor Steuern / Betriebsergebnis / Gesamtkosten / Abschreibungen,,,,"Ergebnis vor Steuern / Betriebsergebnis / Gesamtkosten / Abschreibungen / Abschreibung Ingangsetzung, Erweiterung",missing_root_type
,Abschreibung Sammelposten GWG,,unspecified,,0,,Ergebnis vor Steuern / Betriebsergebnis / Gesamtkosten / Abschreibungen,,,,Ergebnis vor Steuern / Betriebsergebnis / Gesamtkosten / Abschreibungen / Abschreibung Sammelposten GWG,missing_root_type
,Abschreibung immaterielle VermG,,unspecified,,0,,Ergebnis vor Steuern / Betriebsergebnis / Gesamtkosten / Abschreibungen,,,,Ergebnis vor Steuern / Betriebsergebnis / Gesamtkosten / Abschreibungen / Abschreibung immaterielle VermG,missing_root_type
,Abschreibungen Finanzanl. z.T. n.abz.,,unspecified,,0,,Ergebnis vor Steuern / Betriebsergebnis / Gesamtkosten / Abschreibungen,,,,Ergebnis vor Steuern / Betriebsergebnis / Gesamtkosten / Abschreibungen / Abschreibungen Finanzanl. z.T. n.abz.,missing_root_type
,Abschreibungen Wertpap. UV z.T. n.abz.,,unspecified,,0,,Ergebnis vor Steuern / Betriebsergebnis / Gesamtkosten / Abschreibungen,,,,Ergebnis vor Steuern / Betriebsergebnis / Gesamtkosten / Abschreibungen / Abschreibungen Wertpap. UV z.T. n.abz.,missing_root_type
,Abschreibungen Wertpapiere des UV,,unspecified,,0,,Ergebnis vor Steuern / Betriebsergebnis / Gesamtkosten / Abschreibungen,,,,Ergebnis vor Steuern / Betriebsergebnis / Gesamtkosten / Abschreibungen / Abschreibungen Wertpapiere des UV,missing_root_type
,Abschreibungen auf Finanzanlagen,,unspecified,,0,,Ergebnis vor Steuern / Betriebsergebnis / Gesamtkosten / Abschreibungen,,,,Ergebnis vor Steuern / Betriebsergebnis / Gesamtkosten / Abschreibungen / Abschreibungen auf Finanzanlagen,missing_root_type
,Abschreibungen auf Gebäude,,unspecified,,0,,Ergebnis vor Steuern / Betriebsergebnis / Gesamtkosten / Abschreibungen,,,,Ergebnis vor Steuern / Betriebsergebnis / Gesamtkosten / Abschreibungen / Abschreibungen auf Gebäude,missing_root_type
,Abschreibungen auf Kfz,,unspecified,,0,,Ergebnis vor Steuern / Betriebsergebnis / Gesamtkosten / Abschreibungen,,,,Ergebnis vor Steuern / Betriebsergebnis / Gesamtkosten / Abschreibungen / Abschreibungen auf Kfz,missing_root_type
,Abschreibungen auf Sachanlagen,,unspecified,,0,,Ergebnis vor Steuern / Betriebsergebnis / Gesamtkosten / Abschreibungen,,,,Ergebnis vor Steuern / Betriebsergebnis / Gesamtkosten / Abschreibungen / Abschreibungen auf Sachanlagen,missing_root_type
,"Abschreibungen auf UV, steuerr. bedingt",,unspecified,,0,,Ergebnis vor Steuern / Betriebsergebnis / Gesamtkosten / Abschreibungen,,,,"Ergebnis vor Steuern / Betriebsergebnis / Gesamtkosten / Abschreibungen / Abschreibungen auf UV, steuerr. bedingt",missing_root_type
,Abschreibungen auf Umlaufvermögen,,unspecified,,0,,Ergebnis vor Steuern / Betriebsergebnis / Gesamtkosten / Abschreibungen,,,,Ergebnis vor Steuern / Betriebsergebnis / Gesamtkosten / Abschreibungen / Abschreibungen auf Umlaufvermögen,missing_root_type
,Abschreibungen auf aktivierte GWG,,unspecified,,0,,Ergebnis vor Steuern / Betriebsergebnis / Gesamtkosten / Abschreibungen,,,,Ergebnis vor Steuern / Betriebsergebnis / Gesamtkosten / Abschreibungen / Abschreibungen auf aktivierte GWG,missing_root_type
,Apl. Abschreibungen auf Sachanlagen,,unspecified,,0,,Ergebnis vor Steuern / Betriebsergebnis / Gesamtkosten / Abschreibungen,,,,Ergebnis vor Steuern / Betriebsergebnis / Gesamtkosten / Abschreibungen / Apl. Abschreibungen auf Sachanlagen,missing_root_type
,Apl. Abschreibungen auf aktivierte GWG,,unspecified,,0,,Ergebnis vor Steuern / Betriebsergebnis / Gesamtkosten / Abschreibungen,,,,Ergebnis vor Steuern / Betriebsergebnis / Gesamtkosten / Abschreibungen / Apl. Abschreibungen auf aktivierte GWG,missing_root_type
,Apl. Abschreibungen immaterielle VermG,,unspecified,,0,,Ergebnis vor Steuern / Betriebsergebnis / Gesamtkosten / Abschreibungen,,,,Ergebnis vor Steuern / Betriebsergebnis / Gesamtkosten / Abschreibungen / Apl. Abschreibungen immaterielle VermG,missing_root_type
,Außergewöhnliche Abschreibung Gebäude,,unspecified,,0,,Ergebnis vor Steuern / Betriebsergebnis / Gesamtkosten / Abschreibungen,,,,Ergebnis vor Steuern / Betriebsergebnis / Gesamtkosten / Abschreibungen / Außergewöhnliche Abschreibung Gebäude,missing_root_type
,Außergewöhnliche Abschreibung auf Kfz,,unspecified,,0,,Ergebnis vor Steuern / Betriebsergebnis / Gesamtkosten / Abschreibungen,,,,Ergebnis vor Steuern / Betriebsergebnis / Gesamtkosten / Abschreibungen / Außergewöhnliche Abschreibung auf Kfz,missing_root_type
,Außergewöhnliche Abschreibung so. WG,,unspecified,,0,,Ergebnis vor Steuern / Betriebsergebnis / Gesamtkosten / Abschreibungen,,,,Ergebnis vor Steuern / Betriebsergebnis / Gesamtkosten / Abschreibungen / Außergewöhnliche Abschreibung so. WG,missing_root_type
,Forder.verlust aus stfr. EG-Lieferungen,,unspecified,,0,,Ergebnis vor Steuern / Betriebsergebnis / Gesamtkosten / Abschreibungen,,,,Ergebnis vor Steuern / Betriebsergebnis / Gesamtkosten / Abschreibungen / Forder.verlust aus stfr. EG-Lieferungen,missing_root_type
,Forderungsverlust EG-Lieferung 16% USt,,unspecified,,0,,Ergebnis vor Steuern / Betriebsergebnis / Gesamtkosten / Abschreibungen,,,,Ergebnis vor Steuern / Betriebsergebnis / Gesamtkosten / Abschreibungen / Forderungsverlust EG-Lieferung 16% USt,missing_root_type
,Forderungsverluste,,unspecified,,0,,Ergebnis vor Steuern / Betriebsergebnis / Gesamtkosten / Abschreibungen,,,,Ergebnis vor Steuern / Betriebsergebnis / Gesamtkosten / Abschreibungen / Forderungsverluste,missing_root_type
,Forderungsverluste 15% USt,,unspecified,,0,,Ergebnis vor Steuern / Betriebsergebnis / Gesamtkosten / Abschreibungen,,,,Ergebnis vor Steuern / Betriebsergebnis / Gesamtkosten / Abschreibungen / Forderungsverluste 15% USt,missing_root_type
,Forderungsverluste 16% USt,,unspecified,,0,,Ergebnis vor Steuern / Betriebsergebnis / Gesamtkosten / Abschreibungen,,,,Ergebnis vor Steuern / Betriebsergebnis / Gesamtkosten / Abschreibungen / Forderungsverluste 16% USt,missing_root_type
,Forderungsverluste 19% USt,,unspecified,,0,,Ergebnis vor Steuern / Betriebsergebnis / Gesamtkosten / Abschreibungen,,,,Ergebnis vor Steuern / Betriebsergebnis / Gesamtkosten / Abschreibungen / Forderungsverluste 19% USt,missing_root_type
,Forderungsverluste 7% USt,,unspecified,,0,,Ergebnis vor Steuern / Betriebsergebnis / Gesamtkosten / Abschreibungen,,,,Ergebnis vor Steuern / Betriebsergebnis / Gesamtkosten / Abschreibungen / Forderungsverluste 7% USt,missing_root_type
,Forderungsverluste EG-Lieferung 15% USt,,unspecified,,0,,Ergebnis vor Steuern / Betriebsergebnis / Gesamtkosten / Abschreibungen,,,,Ergebnis vor Steuern / Betriebsergebnis / Gesamtkosten / Abschreibungen / Forderungsverluste EG-Lieferung 15% USt,missing_root_type
,Forderungsverluste EG-Lieferung 19% USt,,unspecified,,0,,Ergebnis vor Steuern / Betriebsergebnis / Gesamtkosten / Abschreibungen,,,,Ergebnis vor Steuern / Betriebsergebnis / Gesamtkosten / Abschreibungen / Forderungsverluste EG-Lieferung 19% USt,missing_root_type
,Forderungsverluste EG-Lieferungen 7%,,unspecified,,0,,Ergebnis vor Steuern / Betriebsergebnis / Gesamtkosten / Abschreibungen,,,,Ergebnis vor Steuern / Betriebsergebnis / Gesamtkosten / Abschreibungen / Forderungsverluste EG-Lieferungen 7%,missing_root_type
,Kalkulatorische Abschreibungen,,unspecified,,0,,Ergebnis vor Steuern / Betriebsergebnis / Gesamtkosten / Abschreibungen,,,,Ergebnis vor Steuern / Betriebsergebnis / Gesamtkosten / Abschreibungen / Kalkulatorische Abschreibungen,missing_root_type
,Kaufleasing,,unspecified,,0,,Ergebnis vor Steuern / Betriebsergebnis / Gesamtkosten / Abschreibungen,,,,Ergebnis vor Steuern / Betriebsergebnis / Gesamtkosten / Abschreibungen / Kaufleasing,missing_root_type
,Kürzung AHK für Kfz § 7g Abs. 2 n.F.,,unspecified,,0,,Ergebnis vor Steuern / Betriebsergebnis / Gesamtkosten / Abschreibungen,,,,Ergebnis vor Steuern / Betriebsergebnis / Gesamtkosten / Abschreibungen / Kürzung AHK für Kfz § 7g Abs. 2 n.F.,missing_root_type
,Kürzung AHK § 7g Abs. 2 EStG n.F.,,unspecified,,0,,Ergebnis vor Steuern / Betriebsergebnis / Gesamtkosten / Abschreibungen,,,,Ergebnis vor Steuern / Betriebsergebnis / Gesamtkosten / Abschreibungen / Kürzung AHK § 7g Abs. 2 EStG n.F.,missing_root_type
,Sofortabschreibung GWG,,unspecified,,0,,Ergebnis vor Steuern / Betriebsergebnis / Gesamtkosten / Abschreibungen,,,,Ergebnis vor Steuern / Betriebsergebnis / Gesamtkosten / Abschreibungen / Sofortabschreibung GWG,missing_root_type
,"Sonder-AfA Kfz § 7g/1,2 a.F., §7g/5 n.F.",,unspecified,,0,,Ergebnis vor Steuern / Betriebsergebnis / Gesamtkosten / Abschreibungen,,,,"Ergebnis vor Steuern / Betriebsergebnis / Gesamtkosten / Abschreibungen / Sonder-AfA Kfz § 7g/1,2 a.F., §7g/5 n.F.",missing_root_type
,"Sonder-AfA § 7g/1, 2 a.F., § 7g/5 n.F.",,unspecified,,0,,Ergebnis vor Steuern / Betriebsergebnis / Gesamtkosten / Abschreibungen,,,,"Ergebnis vor Steuern / Betriebsergebnis / Gesamtkosten / Abschreibungen / Sonder-AfA § 7g/1, 2 a.F., § 7g/5 n.F.",missing_root_type
,Vorwegn.künft.Wertschwankg. b.Wertp.UV,,unspecified,,0,,Ergebnis vor Steuern / Betriebsergebnis / Gesamtkosten / Abschreibungen,,,,Ergebnis vor Steuern / Betriebsergebnis / Gesamtkosten / Abschreibungen / Vorwegn.künft.Wertschwankg. b.Wertp.UV,missing_root_type
,Vorwegnahme künftiger UV-Wertschwankg.,,unspecified,,0,,Ergebnis vor Steuern / Betriebsergebnis / Gesamtkosten / Abschreibungen,,,,Ergebnis vor Steuern / Betriebsergebnis / Gesamtkosten / Abschreibungen / Vorwegnahme künftiger UV-Wertschwankg.,missing_root_type
,Besondere Kosten,,unspecified,,0,,Ergebnis vor Steuern / Betriebsergebnis / Gesamtkosten,,,,Ergebnis vor Steuern / Betriebsergebnis / Gesamtkosten / Besondere Kosten,missing_root_type
,Betriebl. Steuern,,group,,1,,Ergebnis vor Steuern / Betriebsergebnis / Gesamtkosten,,,,Ergebnis vor Steuern / Betriebsergebnis / Gesamtkosten / Betriebl. Steuern,missing_root_type
,Auflösung Rückstellung s. Steuern,,unspecified,,0,,Ergebnis vor Steuern / Betriebsergebnis / Gesamtkosten / Betriebl. Steuern,,,,Ergebnis vor Steuern / Betriebsergebnis / Gesamtkosten / Betriebl. Steuern / Auflösung Rückstellung s. Steuern,missing_root_type
,Erstattung VJ für sonstige Steuern,,unspecified,,0,,Ergebnis vor Steuern / Betriebsergebnis / Gesamtkosten / Betriebl. Steuern,,,,Ergebnis vor Steuern / Betriebsergebnis / Gesamtkosten / Betriebl. Steuern / Erstattung VJ für sonstige Steuern,missing_root_type
,Grundsteuer,,unspecified,,0,,Ergebnis vor Steuern / Betriebsergebnis / Gesamtkosten / Betriebl. Steuern,,,,Ergebnis vor Steuern / Betriebsergebnis / Gesamtkosten / Betriebl. Steuern / Grundsteuer,missing_root_type
,Kfz-Steuern,,unspecified,,0,,Ergebnis vor Steuern / Betriebsergebnis / Gesamtkosten / Betriebl. Steuern,,,,Ergebnis vor Steuern / Betriebsergebnis / Gesamtkosten / Betriebl. Steuern / Kfz-Steuern,missing_root_type
,Sonstige Betriebssteuern,,unspecified,,0,,Ergebnis vor Steuern / Betriebsergebnis / Gesamtkosten / Betriebl. Steuern,,,,Ergebnis vor Steuern / Betriebsergebnis / Gesamtkosten / Betriebl. Steuern / Sonstige Betriebssteuern,missing_root_type
,Steuernachzahlg. VJ sonstige Steuern,,unspecified,,0,,Ergebnis vor Steuern / Betriebsergebnis / Gesamtkosten / Betriebl. Steuern,,,,Ergebnis vor Steuern / Betriebsergebnis / Gesamtkosten / Betriebl. Steuern / Steuernachzahlg. VJ sonstige Steuern,missing_root_type
,Verbrauchsteuer,,unspecified,,0,,Ergebnis vor Steuern / Betriebsergebnis / Gesamtkosten / Betriebl. Steuern,,,,Ergebnis vor Steuern / Betriebsergebnis / Gesamtkosten / Betriebl. Steuern / Verbrauchsteuer,missing_root_type
,Ökosteuer,,unspecified,,0,,Ergebnis vor Steuern / Betriebsergebnis / Gesamtkosten / Betriebl. Steuern,,,,Ergebnis vor Steuern / Betriebsergebnis / Gesamtkosten / Betriebl. Steuern / Ökosteuer,missing_root_type
,Kfz-Kosten (o. St.),,group,,1,,Ergebnis vor Steuern / Betriebsergebnis / Gesamtkosten,,,,Ergebnis vor Steuern / Betriebsergebnis / Gesamtkosten / Kfz-Kosten (o. St.),missing_root_type
,Fahrzeugkosten,,unspecified,,0,,Ergebnis vor Steuern / Betriebsergebnis / Gesamtkosten / Kfz-Kosten (o. St.),,,,Ergebnis vor Steuern / Betriebsergebnis / Gesamtkosten / Kfz-Kosten (o. St.) / Fahrzeugkosten,missing_root_type
,Fremdfahrzeugkosten,,unspecified,,0,,Ergebnis vor Steuern / Betriebsergebnis / Gesamtkosten / Kfz-Kosten (o. St.),,,,Ergebnis vor Steuern / Betriebsergebnis / Gesamtkosten / Kfz-Kosten (o. St.) / Fremdfahrzeugkosten,missing_root_type
,Garagenmieten,,unspecified,,0,,Ergebnis vor Steuern / Betriebsergebnis / Gesamtkosten / Kfz-Kosten (o. St.),,,,Ergebnis vor Steuern / Betriebsergebnis / Gesamtkosten / Kfz-Kosten (o. St.) / Garagenmieten,missing_root_type
,Kfz-Kosten betriebl.Nutzung Kfz im PV,,unspecified,,0,,Ergebnis vor Steuern / Betriebsergebnis / Gesamtkosten / Kfz-Kosten (o. St.),,,,Ergebnis vor Steuern / Betriebsergebnis / Gesamtkosten / Kfz-Kosten (o. St.) / Kfz-Kosten betriebl.Nutzung Kfz im PV,missing_root_type
,Kfz-Reparaturen,,unspecified,,0,,Ergebnis vor Steuern / Betriebsergebnis / Gesamtkosten / Kfz-Kosten (o. St.),,,,Ergebnis vor Steuern / Betriebsergebnis / Gesamtkosten / Kfz-Kosten (o. St.) / Kfz-Reparaturen,missing_root_type
,Kfz-Versicherungen,,unspecified,,0,,Ergebnis vor Steuern / Betriebsergebnis / Gesamtkosten / Kfz-Kosten (o. St.),,,,Ergebnis vor Steuern / Betriebsergebnis / Gesamtkosten / Kfz-Kosten (o. St.) / Kfz-Versicherungen,missing_root_type
,Laufende Kfz-Betriebskosten,,unspecified,,0,,Ergebnis vor Steuern / Betriebsergebnis / Gesamtkosten / Kfz-Kosten (o. St.),,,,Ergebnis vor Steuern / Betriebsergebnis / Gesamtkosten / Kfz-Kosten (o. St.) / Laufende Kfz-Betriebskosten,missing_root_type
,Mautgebühren,,unspecified,,0,,Ergebnis vor Steuern / Betriebsergebnis / Gesamtkosten / Kfz-Kosten (o. St.),,,,Ergebnis vor Steuern / Betriebsergebnis / Gesamtkosten / Kfz-Kosten (o. St.) / Mautgebühren,missing_root_type
,Mietleasing Kfz,,unspecified,,0,,Ergebnis vor Steuern / Betriebsergebnis / Gesamtkosten / Kfz-Kosten (o. St.),,,,Ergebnis vor Steuern / Betriebsergebnis / Gesamtkosten / Kfz-Kosten (o. St.) / Mietleasing Kfz,missing_root_type
,Sonstige Kfz-Kosten,,unspecified,,0,,Ergebnis vor Steuern / Betriebsergebnis / Gesamtkosten / Kfz-Kosten (o. St.),,,,Ergebnis vor Steuern / Betriebsergebnis / Gesamtkosten / Kfz-Kosten (o. St.) / Sonstige Kfz-Kosten,missing_root_type
,Kosten Warenabgabe,,group,,1,,Ergebnis vor Steuern / Betriebsergebnis / Gesamtkosten,,,,Ergebnis vor Steuern / Betriebsergebnis / Gesamtkosten / Kosten Warenabgabe,missing_root_type
,Aufwand für Gewährleistungen,,unspecified,,0,,Ergebnis vor Steuern / Betriebsergebnis / Gesamtkosten / Kosten Warenabgabe,,,,Ergebnis vor Steuern / Betriebsergebnis / Gesamtkosten / Kosten Warenabgabe / Aufwand für Gewährleistungen,missing_root_type
,Ausgangsfrachten,,unspecified,,0,,Ergebnis vor Steuern / Betriebsergebnis / Gesamtkosten / Kosten Warenabgabe,,,,Ergebnis vor Steuern / Betriebsergebnis / Gesamtkosten / Kosten Warenabgabe / Ausgangsfrachten,missing_root_type
,Fremdarbeiten (Vertrieb),,unspecified,,0,,Ergebnis vor Steuern / Betriebsergebnis / Gesamtkosten / Kosten Warenabgabe,,,,Ergebnis vor Steuern / Betriebsergebnis / Gesamtkosten / Kosten Warenabgabe / Fremdarbeiten (Vertrieb),missing_root_type
,Kosten Warenabgabe,,unspecified,,0,,Ergebnis vor Steuern / Betriebsergebnis / Gesamtkosten / Kosten Warenabgabe,,,,Ergebnis vor Steuern / Betriebsergebnis / Gesamtkosten / Kosten Warenabgabe / Kosten Warenabgabe,missing_root_type
,Transportversicherungen,,unspecified,,0,,Ergebnis vor Steuern / Betriebsergebnis / Gesamtkosten / Kosten Warenabgabe,,,,Ergebnis vor Steuern / Betriebsergebnis / Gesamtkosten / Kosten Warenabgabe / Transportversicherungen,missing_root_type
,Verkaufsprovisionen,,unspecified,,0,,Ergebnis vor Steuern / Betriebsergebnis / Gesamtkosten / Kosten Warenabgabe,,,,Ergebnis vor Steuern / Betriebsergebnis / Gesamtkosten / Kosten Warenabgabe / Verkaufsprovisionen,missing_root_type
,Verpackungsmaterial,,unspecified,,0,,Ergebnis vor Steuern / Betriebsergebnis / Gesamtkosten / Kosten Warenabgabe,,,,Ergebnis vor Steuern / Betriebsergebnis / Gesamtkosten / Kosten Warenabgabe / Verpackungsmaterial,missing_root_type
,Personalkosten,,group,,1,,Ergebnis vor Steuern / Betriebsergebnis / Gesamtkosten,,,,Ergebnis vor Steuern / Betriebsergebnis / Gesamtkosten / Personalkosten,missing_root_type
,Aufw. Altersversorg. Mituntern. §15 EStG,,unspecified,,0,,Ergebnis vor Steuern / Betriebsergebnis / Gesamtkosten / Personalkosten,,,,Ergebnis vor Steuern / Betriebsergebnis / Gesamtkosten / Personalkosten / Aufw. Altersversorg. Mituntern. §15 EStG,missing_root_type
,Aufwendungen für Altersversorgung,,unspecified,,0,,Ergebnis vor Steuern / Betriebsergebnis / Gesamtkosten / Personalkosten,,,,Ergebnis vor Steuern / Betriebsergebnis / Gesamtkosten / Personalkosten / Aufwendungen für Altersversorgung,missing_root_type
,Aufwendungen für Unterstützung,,unspecified,,0,,Ergebnis vor Steuern / Betriebsergebnis / Gesamtkosten / Personalkosten,,,,Ergebnis vor Steuern / Betriebsergebnis / Gesamtkosten / Personalkosten / Aufwendungen für Unterstützung,missing_root_type
,Aushilfslöhne,,unspecified,,0,,Ergebnis vor Steuern / Betriebsergebnis / Gesamtkosten / Personalkosten,,,,Ergebnis vor Steuern / Betriebsergebnis / Gesamtkosten / Personalkosten / Aushilfslöhne,missing_root_type
,Bedienungsgelder,,unspecified,,0,,Ergebnis vor Steuern / Betriebsergebnis / Gesamtkosten / Personalkosten,,,,Ergebnis vor Steuern / Betriebsergebnis / Gesamtkosten / Personalkosten / Bedienungsgelder,missing_root_type
,Beiträge zur Berufsgenossenschaft,,unspecified,,0,,Ergebnis vor Steuern / Betriebsergebnis / Gesamtkosten / Personalkosten,,,,Ergebnis vor Steuern / Betriebsergebnis / Gesamtkosten / Personalkosten / Beiträge zur Berufsgenossenschaft,missing_root_type
,Ehegattengehalt,,unspecified,,0,,Ergebnis vor Steuern / Betriebsergebnis / Gesamtkosten / Personalkosten,,,,Ergebnis vor Steuern / Betriebsergebnis / Gesamtkosten / Personalkosten / Ehegattengehalt,missing_root_type
,Fahrtkostenerstatt. Whg./Arbeitsstätte,,unspecified,,0,,Ergebnis vor Steuern / Betriebsergebnis / Gesamtkosten / Personalkosten,,,,Ergebnis vor Steuern / Betriebsergebnis / Gesamtkosten / Personalkosten / Fahrtkostenerstatt. Whg./Arbeitsstätte,missing_root_type
,Freiwillige soziale Aufwendung. LSt-frei,,unspecified,,0,,Ergebnis vor Steuern / Betriebsergebnis / Gesamtkosten / Personalkosten,,,,Ergebnis vor Steuern / Betriebsergebnis / Gesamtkosten / Personalkosten / Freiwillige soziale Aufwendung. LSt-frei,missing_root_type
,Freiwillige soziale Aufwendung. LSt-pfl.,,unspecified,,0,,Ergebnis vor Steuern / Betriebsergebnis / Gesamtkosten / Personalkosten,,,,Ergebnis vor Steuern / Betriebsergebnis / Gesamtkosten / Personalkosten / Freiwillige soziale Aufwendung. LSt-pfl.,missing_root_type
,Gehälter,,unspecified,,0,,Ergebnis vor Steuern / Betriebsergebnis / Gesamtkosten / Personalkosten,,,,Ergebnis vor Steuern / Betriebsergebnis / Gesamtkosten / Personalkosten / Gehälter,missing_root_type
,Ges. soz. Aufwendg. Mituntern. §15 EStG,,unspecified,,0,,Ergebnis vor Steuern / Betriebsergebnis / Gesamtkosten / Personalkosten,,,,Ergebnis vor Steuern / Betriebsergebnis / Gesamtkosten / Personalkosten / Ges. soz. Aufwendg. Mituntern. §15 EStG,missing_root_type
,Geschäftsführergehälter,,unspecified,,0,,Ergebnis vor Steuern / Betriebsergebnis / Gesamtkosten / Personalkosten,,,,Ergebnis vor Steuern / Betriebsergebnis / Gesamtkosten / Personalkosten / Geschäftsführergehälter,missing_root_type
,Geschäftsführergehälter GmbH-Gesells.,,unspecified,,0,,Ergebnis vor Steuern / Betriebsergebnis / Gesamtkosten / Personalkosten,,,,Ergebnis vor Steuern / Betriebsergebnis / Gesamtkosten / Personalkosten / Geschäftsführergehälter GmbH-Gesells.,missing_root_type
,Gesetzliche Sozialaufwendungen,,unspecified,,0,,Ergebnis vor Steuern / Betriebsergebnis / Gesamtkosten / Personalkosten,,,,Ergebnis vor Steuern / Betriebsergebnis / Gesamtkosten / Personalkosten / Gesetzliche Sozialaufwendungen,missing_root_type
,"Kalkulatorischer Lohn, unentgeltl. AN",,unspecified,,0,,Ergebnis vor Steuern / Betriebsergebnis / Gesamtkosten / Personalkosten,,,,"Ergebnis vor Steuern / Betriebsergebnis / Gesamtkosten / Personalkosten / Kalkulatorischer Lohn, unentgeltl. AN",missing_root_type
,Kalkulatorischer Unternehmerlohn,,unspecified,,0,,Ergebnis vor Steuern / Betriebsergebnis / Gesamtkosten / Personalkosten,,,,Ergebnis vor Steuern / Betriebsergebnis / Gesamtkosten / Personalkosten / Kalkulatorischer Unternehmerlohn,missing_root_type
,Krankengeldzuschüsse,,unspecified,,0,,Ergebnis vor Steuern / Betriebsergebnis / Gesamtkosten / Personalkosten,,,,Ergebnis vor Steuern / Betriebsergebnis / Gesamtkosten / Personalkosten / Krankengeldzuschüsse,missing_root_type
,Löhne,,unspecified,,0,,Ergebnis vor Steuern / Betriebsergebnis / Gesamtkosten / Personalkosten,,,,Ergebnis vor Steuern / Betriebsergebnis / Gesamtkosten / Personalkosten / Löhne,missing_root_type
,Löhne und Gehälter,,unspecified,,0,,Ergebnis vor Steuern / Betriebsergebnis / Gesamtkosten / Personalkosten,,,,Ergebnis vor Steuern / Betriebsergebnis / Gesamtkosten / Personalkosten / Löhne und Gehälter,missing_root_type
,Pausch. Abgaben für Zuwendungen an AN,,unspecified,,0,,Ergebnis vor Steuern / Betriebsergebnis / Gesamtkosten / Personalkosten,,,,Ergebnis vor Steuern / Betriebsergebnis / Gesamtkosten / Personalkosten / Pausch. Abgaben für Zuwendungen an AN,missing_root_type
,Pauschale Steuer für Aushilfen,,unspecified,,0,,Ergebnis vor Steuern / Betriebsergebnis / Gesamtkosten / Personalkosten,,,,Ergebnis vor Steuern / Betriebsergebnis / Gesamtkosten / Personalkosten / Pauschale Steuer für Aushilfen,missing_root_type
,Pauschale Steuer für Versicherungen,,unspecified,,0,,Ergebnis vor Steuern / Betriebsergebnis / Gesamtkosten / Personalkosten,,,,Ergebnis vor Steuern / Betriebsergebnis / Gesamtkosten / Personalkosten / Pauschale Steuer für Versicherungen,missing_root_type
,Pauschale Steuer für Zuschüsse,,unspecified,,0,,Ergebnis vor Steuern / Betriebsergebnis / Gesamtkosten / Personalkosten,,,,Ergebnis vor Steuern / Betriebsergebnis / Gesamtkosten / Personalkosten / Pauschale Steuer für Zuschüsse,missing_root_type
,Sachzuwendungen und Dienstleistg. an AN,,unspecified,,0,,Ergebnis vor Steuern / Betriebsergebnis / Gesamtkosten / Personalkosten,,,,Ergebnis vor Steuern / Betriebsergebnis / Gesamtkosten / Personalkosten / Sachzuwendungen und Dienstleistg. an AN,missing_root_type
,Tantiemen,,unspecified,,0,,Ergebnis vor Steuern / Betriebsergebnis / Gesamtkosten / Personalkosten,,,,Ergebnis vor Steuern / Betriebsergebnis / Gesamtkosten / Personalkosten / Tantiemen,missing_root_type
,Vergütg. angestellte Mituntern. §15 EStG,,unspecified,,0,,Ergebnis vor Steuern / Betriebsergebnis / Gesamtkosten / Personalkosten,,,,Ergebnis vor Steuern / Betriebsergebnis / Gesamtkosten / Personalkosten / Vergütg. angestellte Mituntern. §15 EStG,missing_root_type
,Vermögenswirksame Leistungen,,unspecified,,0,,Ergebnis vor Steuern / Betriebsergebnis / Gesamtkosten / Personalkosten,,,,Ergebnis vor Steuern / Betriebsergebnis / Gesamtkosten / Personalkosten / Vermögenswirksame Leistungen,missing_root_type
,Versorgungskassen,,unspecified,,0,,Ergebnis vor Steuern / Betriebsergebnis / Gesamtkosten / Personalkosten,,,,Ergebnis vor Steuern / Betriebsergebnis / Gesamtkosten / Personalkosten / Versorgungskassen,missing_root_type
,Zuschüsse Agenturen für Arbeit,,unspecified,,0,,Ergebnis vor Steuern / Betriebsergebnis / Gesamtkosten / Personalkosten,,,,Ergebnis vor Steuern / Betriebsergebnis / Gesamtkosten / Personalkosten / Zuschüsse Agenturen für Arbeit,missing_root_type
,Raumkosten,,group,,1,,Ergebnis vor Steuern / Betriebsergebnis / Gesamtkosten,,,,Ergebnis vor Steuern / Betriebsergebnis / Gesamtkosten / Raumkosten,missing_root_type
,Abgaben betrieblich genutzt. Grundbesitz,,unspecified,,0,,Ergebnis vor Steuern / Betriebsergebnis / Gesamtkosten / Raumkosten,,,,Ergebnis vor Steuern / Betriebsergebnis / Gesamtkosten / Raumkosten / Abgaben betrieblich genutzt. Grundbesitz,missing_root_type
,Aufwendung. Arbeitszimmer n.abz. Anteil,,unspecified,,0,,Ergebnis vor Steuern / Betriebsergebnis / Gesamtkosten / Raumkosten,,,,Ergebnis vor Steuern / Betriebsergebnis / Gesamtkosten / Raumkosten / Aufwendung. Arbeitszimmer n.abz. Anteil,missing_root_type
,"Aufwendung. Arbeitszimmer, abz. Anteil",,unspecified,,0,,Ergebnis vor Steuern / Betriebsergebnis / Gesamtkosten / Raumkosten,,,,"Ergebnis vor Steuern / Betriebsergebnis / Gesamtkosten / Raumkosten / Aufwendung. Arbeitszimmer, abz. Anteil",missing_root_type
,"Gas, Strom, Wasser",,unspecified,,0,,Ergebnis vor Steuern / Betriebsergebnis / Gesamtkosten / Raumkosten,,,,"Ergebnis vor Steuern / Betriebsergebnis / Gesamtkosten / Raumkosten / Gas, Strom, Wasser",missing_root_type
,"Grundstücksaufwendungen, betrieblich",,unspecified,,0,,Ergebnis vor Steuern / Betriebsergebnis / Gesamtkosten / Raumkosten,,,,"Ergebnis vor Steuern / Betriebsergebnis / Gesamtkosten / Raumkosten / Grundstücksaufwendungen, betrieblich",missing_root_type
,Heizung,,unspecified,,0,,Ergebnis vor Steuern / Betriebsergebnis / Gesamtkosten / Raumkosten,,,,Ergebnis vor Steuern / Betriebsergebnis / Gesamtkosten / Raumkosten / Heizung,missing_root_type
,Instandhaltung betrieblicher Räume,,unspecified,,0,,Ergebnis vor Steuern / Betriebsergebnis / Gesamtkosten / Raumkosten,,,,Ergebnis vor Steuern / Betriebsergebnis / Gesamtkosten / Raumkosten / Instandhaltung betrieblicher Räume,missing_root_type
,Kalkulatorische Miete und Pacht,,unspecified,,0,,Ergebnis vor Steuern / Betriebsergebnis / Gesamtkosten / Raumkosten,,,,Ergebnis vor Steuern / Betriebsergebnis / Gesamtkosten / Raumkosten / Kalkulatorische Miete und Pacht,missing_root_type
,"Leasing, unbewegliche Wirtschaftsgüter",,unspecified,,0,,Ergebnis vor Steuern / Betriebsergebnis / Gesamtkosten / Raumkosten,,,,"Ergebnis vor Steuern / Betriebsergebnis / Gesamtkosten / Raumkosten / Leasing, unbewegliche Wirtschaftsgüter",missing_root_type
,Miet- und Pachtnebenkosten,,unspecified,,0,,Ergebnis vor Steuern / Betriebsergebnis / Gesamtkosten / Raumkosten,,,,Ergebnis vor Steuern / Betriebsergebnis / Gesamtkosten / Raumkosten / Miet- und Pachtnebenkosten,missing_root_type
,"Miete, unbewegliche Wirtschaftsgüter",,unspecified,,0,,Ergebnis vor Steuern / Betriebsergebnis / Gesamtkosten / Raumkosten,,,,"Ergebnis vor Steuern / Betriebsergebnis / Gesamtkosten / Raumkosten / Miete, unbewegliche Wirtschaftsgüter",missing_root_type
,"Pacht, unbewegliche Wirtschaftsgüter",,unspecified,,0,,Ergebnis vor Steuern / Betriebsergebnis / Gesamtkosten / Raumkosten,,,,"Ergebnis vor Steuern / Betriebsergebnis / Gesamtkosten / Raumkosten / Pacht, unbewegliche Wirtschaftsgüter",missing_root_type
,Raumkosten,,unspecified,,0,,Ergebnis vor Steuern / Betriebsergebnis / Gesamtkosten / Raumkosten,,,,Ergebnis vor Steuern / Betriebsergebnis / Gesamtkosten / Raumkosten / Raumkosten,missing_root_type
,Reinigung,,unspecified,,0,,Ergebnis vor Steuern / Betriebsergebnis / Gesamtkosten / Raumkosten,,,,Ergebnis vor Steuern / Betriebsergebnis / Gesamtkosten / Raumkosten / Reinigung,missing_root_type
,Sonstige Raumkosten,,unspecified,,0,,Ergebnis vor Steuern / Betriebsergebnis / Gesamtkosten / Raumkosten,,,,Ergebnis vor Steuern / Betriebsergebnis / Gesamtkosten / Raumkosten / Sonstige Raumkosten,missing_root_type
,Vergütung Mituntern. Miete WG § 15 EStG,,unspecified,,0,,Ergebnis vor Steuern / Betriebsergebnis / Gesamtkosten / Raumkosten,,,,Ergebnis vor Steuern / Betriebsergebnis / Gesamtkosten / Raumkosten / Vergütung Mituntern. Miete WG § 15 EStG,missing_root_type
,Vergütung Mituntern. Pacht WG § 15 EStG,,unspecified,,0,,Ergebnis vor Steuern / Betriebsergebnis / Gesamtkosten / Raumkosten,,,,Ergebnis vor Steuern / Betriebsergebnis / Gesamtkosten / Raumkosten / Vergütung Mituntern. Pacht WG § 15 EStG,missing_root_type
,Reparatur/Instandh.,,group,,1,,Ergebnis vor Steuern / Betriebsergebnis / Gesamtkosten,,,,Ergebnis vor Steuern / Betriebsergebnis / Gesamtkosten / Reparatur/Instandh.,missing_root_type
,Reparatur/Instandh. Anlagen u. Maschinen,,unspecified,,0,,Ergebnis vor Steuern / Betriebsergebnis / Gesamtkosten / Reparatur/Instandh.,,,,Ergebnis vor Steuern / Betriebsergebnis / Gesamtkosten / Reparatur/Instandh. / Reparatur/Instandh. Anlagen u. Maschinen,missing_root_type
,Reparatur/Instandh. Betriebs- u. Gesch.,,unspecified,,0,,Ergebnis vor Steuern / Betriebsergebnis / Gesamtkosten / Reparatur/Instandh.,,,,Ergebnis vor Steuern / Betriebsergebnis / Gesamtkosten / Reparatur/Instandh. / Reparatur/Instandh. Betriebs- u. Gesch.,missing_root_type
,Sonst. Reparaturen und Instandhaltungen,,unspecified,,0,,Ergebnis vor Steuern / Betriebsergebnis / Gesamtkosten / Reparatur/Instandh.,,,,Ergebnis vor Steuern / Betriebsergebnis / Gesamtkosten / Reparatur/Instandh. / Sonst. Reparaturen und Instandhaltungen,missing_root_type
,Wartungskosten für Hard- und Software,,unspecified,,0,,Ergebnis vor Steuern / Betriebsergebnis / Gesamtkosten / Reparatur/Instandh.,,,,Ergebnis vor Steuern / Betriebsergebnis / Gesamtkosten / Reparatur/Instandh. / Wartungskosten für Hard- und Software,missing_root_type
,Sonstige Kosten,,group,,1,,Ergebnis vor Steuern / Betriebsergebnis / Gesamtkosten,,,,Ergebnis vor Steuern / Betriebsergebnis / Gesamtkosten / Sonstige Kosten,missing_root_type
,Abschluss- und Prüfungskosten,,unspecified,,0,,Ergebnis vor Steuern / Betriebsergebnis / Gesamtkosten / Sonstige Kosten,,,,Ergebnis vor Steuern / Betriebsergebnis / Gesamtkosten / Sonstige Kosten / Abschluss- und Prüfungskosten,missing_root_type
,Aufw. Veräuß. Ant. KapG z.T. nicht abz.,,unspecified,,0,,Ergebnis vor Steuern / Betriebsergebnis / Gesamtkosten / Sonstige Kosten,,,,Ergebnis vor Steuern / Betriebsergebnis / Gesamtkosten / Sonstige Kosten / Aufw. Veräuß. Ant. KapG z.T. nicht abz.,missing_root_type
,Aufwand Abraum-/Abfallbeseitigung,,unspecified,,0,,Ergebnis vor Steuern / Betriebsergebnis / Gesamtkosten / Sonstige Kosten,,,,Ergebnis vor Steuern / Betriebsergebnis / Gesamtkosten / Sonstige Kosten / Aufwand Abraum-/Abfallbeseitigung,missing_root_type
,Aufwendg. Anteile KapGes z.T. n. abz.,,unspecified,,0,,Ergebnis vor Steuern / Betriebsergebnis / Gesamtkosten / Sonstige Kosten,,,,Ergebnis vor Steuern / Betriebsergebnis / Gesamtkosten / Sonstige Kosten / Aufwendg. Anteile KapGes z.T. n. abz.,missing_root_type
,Aufwendg. Bewertung Finanzmittelfonds,,unspecified,,0,,Ergebnis vor Steuern / Betriebsergebnis / Gesamtkosten / Sonstige Kosten,,,,Ergebnis vor Steuern / Betriebsergebnis / Gesamtkosten / Sonstige Kosten / Aufwendg. Bewertung Finanzmittelfonds,missing_root_type
,Aufwendungen aus Kursdifferenzen,,unspecified,,0,,Ergebnis vor Steuern / Betriebsergebnis / Gesamtkosten / Sonstige Kosten,,,,Ergebnis vor Steuern / Betriebsergebnis / Gesamtkosten / Sonstige Kosten / Aufwendungen aus Kursdifferenzen,missing_root_type
,"Aufwendungen für Lizenzen, Konzessionen",,unspecified,,0,,Ergebnis vor Steuern / Betriebsergebnis / Gesamtkosten / Sonstige Kosten,,,,"Ergebnis vor Steuern / Betriebsergebnis / Gesamtkosten / Sonstige Kosten / Aufwendungen für Lizenzen, Konzessionen",missing_root_type
,Ausgleichsabgabe SchwerbehindertenG,,unspecified,,0,,Ergebnis vor Steuern / Betriebsergebnis / Gesamtkosten / Sonstige Kosten,,,,Ergebnis vor Steuern / Betriebsergebnis / Gesamtkosten / Sonstige Kosten / Ausgleichsabgabe SchwerbehindertenG,missing_root_type
,Betriebsbedarf,,unspecified,,0,,Ergebnis vor Steuern / Betriebsergebnis / Gesamtkosten / Sonstige Kosten,,,,Ergebnis vor Steuern / Betriebsergebnis / Gesamtkosten / Sonstige Kosten / Betriebsbedarf,missing_root_type
,Buchführungskosten,,unspecified,,0,,Ergebnis vor Steuern / Betriebsergebnis / Gesamtkosten / Sonstige Kosten,,,,Ergebnis vor Steuern / Betriebsergebnis / Gesamtkosten / Sonstige Kosten / Buchführungskosten,missing_root_type
,Bürobedarf,,unspecified,,0,,Ergebnis vor Steuern / Betriebsergebnis / Gesamtkosten / Sonstige Kosten,,,,Ergebnis vor Steuern / Betriebsergebnis / Gesamtkosten / Sonstige Kosten / Bürobedarf,missing_root_type
,Fortbildungskosten,,unspecified,,0,,Ergebnis vor Steuern / Betriebsergebnis / Gesamtkosten / Sonstige Kosten,,,,Ergebnis vor Steuern / Betriebsergebnis / Gesamtkosten / Sonstige Kosten / Fortbildungskosten,missing_root_type
,Freiwillige Sozialleistungen,,unspecified,,0,,Ergebnis vor Steuern / Betriebsergebnis / Gesamtkosten / Sonstige Kosten,,,,Ergebnis vor Steuern / Betriebsergebnis / Gesamtkosten / Sonstige Kosten / Freiwillige Sozialleistungen,missing_root_type
,Fremdleistungen und Fremdarbeiten,,unspecified,,0,,Ergebnis vor Steuern / Betriebsergebnis / Gesamtkosten / Sonstige Kosten,,,,Ergebnis vor Steuern / Betriebsergebnis / Gesamtkosten / Sonstige Kosten / Fremdleistungen und Fremdarbeiten,missing_root_type
,Gegenkonto zu 4996 bis 4998,,unspecified,,0,,Ergebnis vor Steuern / Betriebsergebnis / Gesamtkosten / Sonstige Kosten,,,,Ergebnis vor Steuern / Betriebsergebnis / Gesamtkosten / Sonstige Kosten / Gegenkonto zu 4996 bis 4998,missing_root_type
,Haftungsvergütung an Mitunternehmer,,unspecified,,0,,Ergebnis vor Steuern / Betriebsergebnis / Gesamtkosten / Sonstige Kosten,,,,Ergebnis vor Steuern / Betriebsergebnis / Gesamtkosten / Sonstige Kosten / Haftungsvergütung an Mitunternehmer,missing_root_type
,Herstellungskosten,,unspecified,,0,,Ergebnis vor Steuern / Betriebsergebnis / Gesamtkosten / Sonstige Kosten,,,,Ergebnis vor Steuern / Betriebsergebnis / Gesamtkosten / Sonstige Kosten / Herstellungskosten,missing_root_type
,Kalkulatorische Wagnisse,,unspecified,,0,,Ergebnis vor Steuern / Betriebsergebnis / Gesamtkosten / Sonstige Kosten,,,,Ergebnis vor Steuern / Betriebsergebnis / Gesamtkosten / Sonstige Kosten / Kalkulatorische Wagnisse,missing_root_type
,Kalkulatorische Zinsen,,unspecified,,0,,Ergebnis vor Steuern / Betriebsergebnis / Gesamtkosten / Sonstige Kosten,,,,Ergebnis vor Steuern / Betriebsergebnis / Gesamtkosten / Sonstige Kosten / Kalkulatorische Zinsen,missing_root_type
,Mieten für Einrichtungen bewegliche WG,,unspecified,,0,,Ergebnis vor Steuern / Betriebsergebnis / Gesamtkosten / Sonstige Kosten,,,,Ergebnis vor Steuern / Betriebsergebnis / Gesamtkosten / Sonstige Kosten / Mieten für Einrichtungen bewegliche WG,missing_root_type
,Mietleasing bewegliche Wirtschaftsgüter,,unspecified,,0,,Ergebnis vor Steuern / Betriebsergebnis / Gesamtkosten / Sonstige Kosten,,,,Ergebnis vor Steuern / Betriebsergebnis / Gesamtkosten / Sonstige Kosten / Mietleasing bewegliche Wirtschaftsgüter,missing_root_type
,Nebenkosten des Geldverkehrs,,unspecified,,0,,Ergebnis vor Steuern / Betriebsergebnis / Gesamtkosten / Sonstige Kosten,,,,Ergebnis vor Steuern / Betriebsergebnis / Gesamtkosten / Sonstige Kosten / Nebenkosten des Geldverkehrs,missing_root_type
,Nicht abziehbare Vorsteuer,,unspecified,,0,,Ergebnis vor Steuern / Betriebsergebnis / Gesamtkosten / Sonstige Kosten,,,,Ergebnis vor Steuern / Betriebsergebnis / Gesamtkosten / Sonstige Kosten / Nicht abziehbare Vorsteuer,missing_root_type
,Nicht abziehbare Vorsteuer 19%,,unspecified,,0,,Ergebnis vor Steuern / Betriebsergebnis / Gesamtkosten / Sonstige Kosten,,,,Ergebnis vor Steuern / Betriebsergebnis / Gesamtkosten / Sonstige Kosten / Nicht abziehbare Vorsteuer 19%,missing_root_type
,Nicht abziehbare Vorsteuer 7%,,unspecified,,0,,Ergebnis vor Steuern / Betriebsergebnis / Gesamtkosten / Sonstige Kosten,,,,Ergebnis vor Steuern / Betriebsergebnis / Gesamtkosten / Sonstige Kosten / Nicht abziehbare Vorsteuer 7%,missing_root_type
,Pacht (bewegliche Wirtschaftsgüter),,unspecified,,0,,Ergebnis vor Steuern / Betriebsergebnis / Gesamtkosten / Sonstige Kosten,,,,Ergebnis vor Steuern / Betriebsergebnis / Gesamtkosten / Sonstige Kosten / Pacht (bewegliche Wirtschaftsgüter),missing_root_type
,Porto,,unspecified,,0,,Ergebnis vor Steuern / Betriebsergebnis / Gesamtkosten / Sonstige Kosten,,,,Ergebnis vor Steuern / Betriebsergebnis / Gesamtkosten / Sonstige Kosten / Porto,missing_root_type
,Rechts- und Beratungskosten,,unspecified,,0,,Ergebnis vor Steuern / Betriebsergebnis / Gesamtkosten / Sonstige Kosten,,,,Ergebnis vor Steuern / Betriebsergebnis / Gesamtkosten / Sonstige Kosten / Rechts- und Beratungskosten,missing_root_type
,Sonstige betriebl.u.regelm.Aufwendungen,,unspecified,,0,,Ergebnis vor Steuern / Betriebsergebnis / Gesamtkosten / Sonstige Kosten,,,,Ergebnis vor Steuern / Betriebsergebnis / Gesamtkosten / Sonstige Kosten / Sonstige betriebl.u.regelm.Aufwendungen,missing_root_type
,Sonstige betriebliche Aufwendungen,,unspecified,,0,,Ergebnis vor Steuern / Betriebsergebnis / Gesamtkosten / Sonstige Kosten,,,,Ergebnis vor Steuern / Betriebsergebnis / Gesamtkosten / Sonstige Kosten / Sonstige betriebliche Aufwendungen,missing_root_type
,Telefax und Internetkosten,,unspecified,,0,,Ergebnis vor Steuern / Betriebsergebnis / Gesamtkosten / Sonstige Kosten,,,,Ergebnis vor Steuern / Betriebsergebnis / Gesamtkosten / Sonstige Kosten / Telefax und Internetkosten,missing_root_type
,Telefon,,unspecified,,0,,Ergebnis vor Steuern / Betriebsergebnis / Gesamtkosten / Sonstige Kosten,,,,Ergebnis vor Steuern / Betriebsergebnis / Gesamtkosten / Sonstige Kosten / Telefon,missing_root_type
,Vergütungen an Mitunternehmer §15 EStG,,unspecified,,0,,Ergebnis vor Steuern / Betriebsergebnis / Gesamtkosten / Sonstige Kosten,,,,Ergebnis vor Steuern / Betriebsergebnis / Gesamtkosten / Sonstige Kosten / Vergütungen an Mitunternehmer §15 EStG,missing_root_type
,Vertriebskosten,,unspecified,,0,,Ergebnis vor Steuern / Betriebsergebnis / Gesamtkosten / Sonstige Kosten,,,,Ergebnis vor Steuern / Betriebsergebnis / Gesamtkosten / Sonstige Kosten / Vertriebskosten,missing_root_type
,Verwaltungskosten,,unspecified,,0,,Ergebnis vor Steuern / Betriebsergebnis / Gesamtkosten / Sonstige Kosten,,,,Ergebnis vor Steuern / Betriebsergebnis / Gesamtkosten / Sonstige Kosten / Verwaltungskosten,missing_root_type
,Werkzeuge und Kleingeräte,,unspecified,,0,,Ergebnis vor Steuern / Betriebsergebnis / Gesamtkosten / Sonstige Kosten,,,,Ergebnis vor Steuern / Betriebsergebnis / Gesamtkosten / Sonstige Kosten / Werkzeuge und Kleingeräte,missing_root_type
,"Zeitschriften, Bücher",,unspecified,,0,,Ergebnis vor Steuern / Betriebsergebnis / Gesamtkosten / Sonstige Kosten,,,,"Ergebnis vor Steuern / Betriebsergebnis / Gesamtkosten / Sonstige Kosten / Zeitschriften, Bücher",missing_root_type
,Versich./Beiträge,,group,,1,,Ergebnis vor Steuern / Betriebsergebnis / Gesamtkosten,,,,Ergebnis vor Steuern / Betriebsergebnis / Gesamtkosten / Versich./Beiträge,missing_root_type
,Abzugsf.Verspätungszuschlag/Zwangsgeld,,unspecified,,0,,Ergebnis vor Steuern / Betriebsergebnis / Gesamtkosten / Versich./Beiträge,,,,Ergebnis vor Steuern / Betriebsergebnis / Gesamtkosten / Versich./Beiträge / Abzugsf.Verspätungszuschlag/Zwangsgeld,missing_root_type
,Beiträge,,unspecified,,0,,Ergebnis vor Steuern / Betriebsergebnis / Gesamtkosten / Versich./Beiträge,,,,Ergebnis vor Steuern / Betriebsergebnis / Gesamtkosten / Versich./Beiträge / Beiträge,missing_root_type
,Nicht abzf.Verspät.zuschlag/Zwangsgeld,,unspecified,,0,,Ergebnis vor Steuern / Betriebsergebnis / Gesamtkosten / Versich./Beiträge,,,,Ergebnis vor Steuern / Betriebsergebnis / Gesamtkosten / Versich./Beiträge / Nicht abzf.Verspät.zuschlag/Zwangsgeld,missing_root_type
,Prämie Rückdeckung f. Versorgungsleistg,,unspecified,,0,,Ergebnis vor Steuern / Betriebsergebnis / Gesamtkosten / Versich./Beiträge,,,,Ergebnis vor Steuern / Betriebsergebnis / Gesamtkosten / Versich./Beiträge / Prämie Rückdeckung f. Versorgungsleistg,missing_root_type
,Sonstige Abgaben,,unspecified,,0,,Ergebnis vor Steuern / Betriebsergebnis / Gesamtkosten / Versich./Beiträge,,,,Ergebnis vor Steuern / Betriebsergebnis / Gesamtkosten / Versich./Beiträge / Sonstige Abgaben,missing_root_type
,Versicherung für Gebäude,,unspecified,,0,,Ergebnis vor Steuern / Betriebsergebnis / Gesamtkosten / Versich./Beiträge,,,,Ergebnis vor Steuern / Betriebsergebnis / Gesamtkosten / Versich./Beiträge / Versicherung für Gebäude,missing_root_type
,Versicherungen,,unspecified,,0,,Ergebnis vor Steuern / Betriebsergebnis / Gesamtkosten / Versich./Beiträge,,,,Ergebnis vor Steuern / Betriebsergebnis / Gesamtkosten / Versich./Beiträge / Versicherungen,missing_root_type
,Werbe-/Reisekosten,,group,,1,,Ergebnis vor Steuern / Betriebsergebnis / Gesamtkosten,,,,Ergebnis vor Steuern / Betriebsergebnis / Gesamtkosten / Werbe-/Reisekosten,missing_root_type
,Aufmerksamkeiten,,unspecified,,0,,Ergebnis vor Steuern / Betriebsergebnis / Gesamtkosten / Werbe-/Reisekosten,,,,Ergebnis vor Steuern / Betriebsergebnis / Gesamtkosten / Werbe-/Reisekosten / Aufmerksamkeiten,missing_root_type
,Bewirtungskosten,,unspecified,,0,,Ergebnis vor Steuern / Betriebsergebnis / Gesamtkosten / Werbe-/Reisekosten,,,,Ergebnis vor Steuern / Betriebsergebnis / Gesamtkosten / Werbe-/Reisekosten / Bewirtungskosten,missing_root_type
,"Eingeschr. abziehb.BA, abz. Anteil",,unspecified,,0,,Ergebnis vor Steuern / Betriebsergebnis / Gesamtkosten / Werbe-/Reisekosten,,,,"Ergebnis vor Steuern / Betriebsergebnis / Gesamtkosten / Werbe-/Reisekosten / Eingeschr. abziehb.BA, abz. Anteil",missing_root_type
,"Eingeschr. abziehb.BA, n. abz. Anteil",,unspecified,,0,,Ergebnis vor Steuern / Betriebsergebnis / Gesamtkosten / Werbe-/Reisekosten,,,,"Ergebnis vor Steuern / Betriebsergebnis / Gesamtkosten / Werbe-/Reisekosten / Eingeschr. abziehb.BA, n. abz. Anteil",missing_root_type
,"Fahrten Wohnung/Betrieb, abz. Anteil",,unspecified,,0,,Ergebnis vor Steuern / Betriebsergebnis / Gesamtkosten / Werbe-/Reisekosten,,,,"Ergebnis vor Steuern / Betriebsergebnis / Gesamtkosten / Werbe-/Reisekosten / Fahrten Wohnung/Betrieb, abz. Anteil",missing_root_type
,"Fahrten Wohnung/Betrieb, n.abz. Anteil",,unspecified,,0,,Ergebnis vor Steuern / Betriebsergebnis / Gesamtkosten / Werbe-/Reisekosten,,,,"Ergebnis vor Steuern / Betriebsergebnis / Gesamtkosten / Werbe-/Reisekosten / Fahrten Wohnung/Betrieb, n.abz. Anteil",missing_root_type
,Fahrten Wohnung/Betriebsstätte (Haben),,unspecified,,0,,Ergebnis vor Steuern / Betriebsergebnis / Gesamtkosten / Werbe-/Reisekosten,,,,Ergebnis vor Steuern / Betriebsergebnis / Gesamtkosten / Werbe-/Reisekosten / Fahrten Wohnung/Betriebsstätte (Haben),missing_root_type
,Geschenke abzugsfähig,,unspecified,,0,,Ergebnis vor Steuern / Betriebsergebnis / Gesamtkosten / Werbe-/Reisekosten,,,,Ergebnis vor Steuern / Betriebsergebnis / Gesamtkosten / Werbe-/Reisekosten / Geschenke abzugsfähig,missing_root_type
,Geschenke ausschl.betrieblich genutzt,,unspecified,,0,,Ergebnis vor Steuern / Betriebsergebnis / Gesamtkosten / Werbe-/Reisekosten,,,,Ergebnis vor Steuern / Betriebsergebnis / Gesamtkosten / Werbe-/Reisekosten / Geschenke ausschl.betrieblich genutzt,missing_root_type
,Geschenke nicht abzugsfähig,,unspecified,,0,,Ergebnis vor Steuern / Betriebsergebnis / Gesamtkosten / Werbe-/Reisekosten,,,,Ergebnis vor Steuern / Betriebsergebnis / Gesamtkosten / Werbe-/Reisekosten / Geschenke nicht abzugsfähig,missing_root_type
,Kilometergelderstattung Arbeitnehmer,,unspecified,,0,,Ergebnis vor Steuern / Betriebsergebnis / Gesamtkosten / Werbe-/Reisekosten,,,,Ergebnis vor Steuern / Betriebsergebnis / Gesamtkosten / Werbe-/Reisekosten / Kilometergelderstattung Arbeitnehmer,missing_root_type
,Nicht abzugsfähige Betriebsausgaben,,unspecified,,0,,Ergebnis vor Steuern / Betriebsergebnis / Gesamtkosten / Werbe-/Reisekosten,,,,Ergebnis vor Steuern / Betriebsergebnis / Gesamtkosten / Werbe-/Reisekosten / Nicht abzugsfähige Betriebsausgaben,missing_root_type
,Nicht abzugsfähige Bewirtungskosten,,unspecified,,0,,Ergebnis vor Steuern / Betriebsergebnis / Gesamtkosten / Werbe-/Reisekosten,,,,Ergebnis vor Steuern / Betriebsergebnis / Gesamtkosten / Werbe-/Reisekosten / Nicht abzugsfähige Bewirtungskosten,missing_root_type
,Pausch. Abgaben für Zuwendungen abzugsf.,,unspecified,,0,,Ergebnis vor Steuern / Betriebsergebnis / Gesamtkosten / Werbe-/Reisekosten,,,,Ergebnis vor Steuern / Betriebsergebnis / Gesamtkosten / Werbe-/Reisekosten / Pausch. Abgaben für Zuwendungen abzugsf.,missing_root_type
,Pausch. Abgaben für Zuwendungen n. abz.,,unspecified,,0,,Ergebnis vor Steuern / Betriebsergebnis / Gesamtkosten / Werbe-/Reisekosten,,,,Ergebnis vor Steuern / Betriebsergebnis / Gesamtkosten / Werbe-/Reisekosten / Pausch. Abgaben für Zuwendungen n. abz.,missing_root_type
,Reisekosten AN Verpfleg.mehraufwand,,unspecified,,0,,Ergebnis vor Steuern / Betriebsergebnis / Gesamtkosten / Werbe-/Reisekosten,,,,Ergebnis vor Steuern / Betriebsergebnis / Gesamtkosten / Werbe-/Reisekosten / Reisekosten AN Verpfleg.mehraufwand,missing_root_type
,Reisekosten AN Übernachtungsaufwand,,unspecified,,0,,Ergebnis vor Steuern / Betriebsergebnis / Gesamtkosten / Werbe-/Reisekosten,,,,Ergebnis vor Steuern / Betriebsergebnis / Gesamtkosten / Werbe-/Reisekosten / Reisekosten AN Übernachtungsaufwand,missing_root_type
,Reisekosten Arbeitnehmer,,unspecified,,0,,Ergebnis vor Steuern / Betriebsergebnis / Gesamtkosten / Werbe-/Reisekosten,,,,Ergebnis vor Steuern / Betriebsergebnis / Gesamtkosten / Werbe-/Reisekosten / Reisekosten Arbeitnehmer,missing_root_type
,"Reisekosten Arbeitnehmer, Fahrtkosten",,unspecified,,0,,Ergebnis vor Steuern / Betriebsergebnis / Gesamtkosten / Werbe-/Reisekosten,,,,"Ergebnis vor Steuern / Betriebsergebnis / Gesamtkosten / Werbe-/Reisekosten / Reisekosten Arbeitnehmer, Fahrtkosten",missing_root_type
,"Reisekosten Arbeitnehmer, n.abz.Anteil",,unspecified,,0,,Ergebnis vor Steuern / Betriebsergebnis / Gesamtkosten / Werbe-/Reisekosten,,,,"Ergebnis vor Steuern / Betriebsergebnis / Gesamtkosten / Werbe-/Reisekosten / Reisekosten Arbeitnehmer, n.abz.Anteil",missing_root_type
,Reisekosten UN Verpfleg.mehraufwand,,unspecified,,0,,Ergebnis vor Steuern / Betriebsergebnis / Gesamtkosten / Werbe-/Reisekosten,,,,Ergebnis vor Steuern / Betriebsergebnis / Gesamtkosten / Werbe-/Reisekosten / Reisekosten UN Verpfleg.mehraufwand,missing_root_type
,Reisekosten UN Übernachtungsaufwand,,unspecified,,0,,Ergebnis vor Steuern / Betriebsergebnis / Gesamtkosten / Werbe-/Reisekosten,,,,Ergebnis vor Steuern / Betriebsergebnis / Gesamtkosten / Werbe-/Reisekosten / Reisekosten UN Übernachtungsaufwand,missing_root_type
,Reisekosten Unternehmer,,unspecified,,0,,Ergebnis vor Steuern / Betriebsergebnis / Gesamtkosten / Werbe-/Reisekosten,,,,Ergebnis vor Steuern / Betriebsergebnis / Gesamtkosten / Werbe-/Reisekosten / Reisekosten Unternehmer,missing_root_type
,"Reisekosten Unternehmer, Fahrtkosten",,unspecified,,0,,Ergebnis vor Steuern / Betriebsergebnis / Gesamtkosten / Werbe-/Reisekosten,,,,"Ergebnis vor Steuern / Betriebsergebnis / Gesamtkosten / Werbe-/Reisekosten / Reisekosten Unternehmer, Fahrtkosten",missing_root_type
,"Reisekosten Unternehmer, n.abz.Anteil",,unspecified,,0,,Ergebnis vor Steuern / Betriebsergebnis / Gesamtkosten / Werbe-/Reisekosten,,,,"Ergebnis vor Steuern / Betriebsergebnis / Gesamtkosten / Werbe-/Reisekosten / Reisekosten Unternehmer, n.abz.Anteil",missing_root_type
,Repräsentationskosten,,unspecified,,0,,Ergebnis vor Steuern / Betriebsergebnis / Gesamtkosten / Werbe-/Reisekosten,,,,Ergebnis vor Steuern / Betriebsergebnis / Gesamtkosten / Werbe-/Reisekosten / Repräsentationskosten,missing_root_type
,Werbekosten,,unspecified,,0,,Ergebnis vor Steuern / Betriebsergebnis / Gesamtkosten / Werbe-/Reisekosten,,,,Ergebnis vor Steuern / Betriebsergebnis / Gesamtkosten / Werbe-/Reisekosten / Werbekosten,missing_root_type
,Zuwendungen an Dritte abzugsfähig,,unspecified,,0,,Ergebnis vor Steuern / Betriebsergebnis / Gesamtkosten / Werbe-/Reisekosten,,,,Ergebnis vor Steuern / Betriebsergebnis / Gesamtkosten / Werbe-/Reisekosten / Zuwendungen an Dritte abzugsfähig,missing_root_type
,Zuwendungen an Dritte nicht abzugsf,,unspecified,,0,,Ergebnis vor Steuern / Betriebsergebnis / Gesamtkosten / Werbe-/Reisekosten,,,,Ergebnis vor Steuern / Betriebsergebnis / Gesamtkosten / Werbe-/Reisekosten / Zuwendungen an Dritte nicht abzugsf,missing_root_type
,Kontenkl. unbesetzt,,unspecified,,0,,Ergebnis vor Steuern,,,,Ergebnis vor Steuern / Kontenkl. unbesetzt,missing_root_type
,Neutraler Aufwand,,group,,1,,Ergebnis vor Steuern,,,,Ergebnis vor Steuern / Neutraler Aufwand,missing_root_type
,Sonst. neutr. Aufw,,group,,1,,Ergebnis vor Steuern / Neutraler Aufwand,,,,Ergebnis vor Steuern / Neutraler Aufwand / Sonst. neutr. Aufw,missing_root_type
,"Abgang Finanzanlagen z.T. n.abz., RBW (Verlust)",,unspecified,,0,,Ergebnis vor Steuern / Neutraler Aufwand / Sonst. neutr. Aufw,,,,"Ergebnis vor Steuern / Neutraler Aufwand / Sonst. neutr. Aufw / Abgang Finanzanlagen z.T. n.abz., RBW (Verlust)",missing_root_type
,Abgang WG des UV § 4 Abs. 3 EStG,,unspecified,,0,,Ergebnis vor Steuern / Neutraler Aufwand / Sonst. neutr. Aufw,,,,Ergebnis vor Steuern / Neutraler Aufwand / Sonst. neutr. Aufw / Abgang WG des UV § 4 Abs. 3 EStG,missing_root_type
,Abgang WG des UV § 4/3 z.T. nicht abz,,unspecified,,0,,Ergebnis vor Steuern / Neutraler Aufwand / Sonst. neutr. Aufw,,,,Ergebnis vor Steuern / Neutraler Aufwand / Sonst. neutr. Aufw / Abgang WG des UV § 4/3 z.T. nicht abz,missing_root_type
,Abgef. Gewinne / Gewinn-/Teilgewinnabf.,,unspecified,,0,,Ergebnis vor Steuern / Neutraler Aufwand / Sonst. neutr. Aufw,,,,Ergebnis vor Steuern / Neutraler Aufwand / Sonst. neutr. Aufw / Abgef. Gewinne / Gewinn-/Teilgewinnabf.,missing_root_type
,Abgef. Gewinne / Gewinngemeinschaft,,unspecified,,0,,Ergebnis vor Steuern / Neutraler Aufwand / Sonst. neutr. Aufw,,,,Ergebnis vor Steuern / Neutraler Aufwand / Sonst. neutr. Aufw / Abgef. Gewinne / Gewinngemeinschaft,missing_root_type
,Abgef. Gewinne stille Gesellschafter §8,,unspecified,,0,,Ergebnis vor Steuern / Neutraler Aufwand / Sonst. neutr. Aufw,,,,Ergebnis vor Steuern / Neutraler Aufwand / Sonst. neutr. Aufw / Abgef. Gewinne stille Gesellschafter §8,missing_root_type
,Abgänge Finanzanlagen Restbuchwert (Verlust),,unspecified,,0,,Ergebnis vor Steuern / Neutraler Aufwand / Sonst. neutr. Aufw,,,,Ergebnis vor Steuern / Neutraler Aufwand / Sonst. neutr. Aufw / Abgänge Finanzanlagen Restbuchwert (Verlust),missing_root_type
,Abgänge Sachanlagen Restbuchwert,,unspecified,,0,,Ergebnis vor Steuern / Neutraler Aufwand / Sonst. neutr. Aufw,,,,Ergebnis vor Steuern / Neutraler Aufwand / Sonst. neutr. Aufw / Abgänge Sachanlagen Restbuchwert,missing_root_type
,Abgänge immat. Vermögensgegenst. RBW (Verlust),,unspecified,,0,,Ergebnis vor Steuern / Neutraler Aufwand / Sonst. neutr. Aufw,,,,Ergebnis vor Steuern / Neutraler Aufwand / Sonst. neutr. Aufw / Abgänge immat. Vermögensgegenst. RBW (Verlust),missing_root_type
,Abziehbare Aufsichtsratsvergütung,,unspecified,,0,,Ergebnis vor Steuern / Neutraler Aufwand / Sonst. neutr. Aufw,,,,Ergebnis vor Steuern / Neutraler Aufwand / Sonst. neutr. Aufw / Abziehbare Aufsichtsratsvergütung,missing_root_type
,Ao. Aufwendungen finanzwirksam,,unspecified,,0,,Ergebnis vor Steuern / Neutraler Aufwand / Sonst. neutr. Aufw,,,,Ergebnis vor Steuern / Neutraler Aufwand / Sonst. neutr. Aufw / Ao. Aufwendungen finanzwirksam,missing_root_type
,Ao. Aufwendungen nicht finanzwirksam,,unspecified,,0,,Ergebnis vor Steuern / Neutraler Aufwand / Sonst. neutr. Aufw,,,,Ergebnis vor Steuern / Neutraler Aufwand / Sonst. neutr. Aufw / Ao. Aufwendungen nicht finanzwirksam,missing_root_type
,Aufwend. Zuschreibung Rückstellungen,,unspecified,,0,,Ergebnis vor Steuern / Neutraler Aufwand / Sonst. neutr. Aufw,,,,Ergebnis vor Steuern / Neutraler Aufwand / Sonst. neutr. Aufw / Aufwend. Zuschreibung Rückstellungen,missing_root_type
,Aufwend. Zuschreibung Verbindlichk.,,unspecified,,0,,Ergebnis vor Steuern / Neutraler Aufwand / Sonst. neutr. Aufw,,,,Ergebnis vor Steuern / Neutraler Aufwand / Sonst. neutr. Aufw / Aufwend. Zuschreibung Verbindlichk.,missing_root_type
,Aufwendungen aus Verlustübernahme,,unspecified,,0,,Ergebnis vor Steuern / Neutraler Aufwand / Sonst. neutr. Aufw,,,,Ergebnis vor Steuern / Neutraler Aufwand / Sonst. neutr. Aufw / Aufwendungen aus Verlustübernahme,missing_root_type
,Außerordentliche Aufwendungen,,unspecified,,0,,Ergebnis vor Steuern / Neutraler Aufwand / Sonst. neutr. Aufw,,,,Ergebnis vor Steuern / Neutraler Aufwand / Sonst. neutr. Aufw / Außerordentliche Aufwendungen,missing_root_type
,Betriebsfremde Aufwendungen,,unspecified,,0,,Ergebnis vor Steuern / Neutraler Aufwand / Sonst. neutr. Aufw,,,,Ergebnis vor Steuern / Neutraler Aufwand / Sonst. neutr. Aufw / Betriebsfremde Aufwendungen,missing_root_type
,Einstellung in die EWB zu Forderungen,,unspecified,,0,,Ergebnis vor Steuern / Neutraler Aufwand / Sonst. neutr. Aufw,,,,Ergebnis vor Steuern / Neutraler Aufwand / Sonst. neutr. Aufw / Einstellung in die EWB zu Forderungen,missing_root_type
,Einstellung in die PWB zu Forderungen,,unspecified,,0,,Ergebnis vor Steuern / Neutraler Aufwand / Sonst. neutr. Aufw,,,,Ergebnis vor Steuern / Neutraler Aufwand / Sonst. neutr. Aufw / Einstellung in die PWB zu Forderungen,missing_root_type
,Einstellungen SoPo mit Rücklage-Anteil,,unspecified,,0,,Ergebnis vor Steuern / Neutraler Aufwand / Sonst. neutr. Aufw,,,,Ergebnis vor Steuern / Neutraler Aufwand / Sonst. neutr. Aufw / Einstellungen SoPo mit Rücklage-Anteil,missing_root_type
,Einstellungen SoPo § 7g Abs.2 EStG n.F.,,unspecified,,0,,Ergebnis vor Steuern / Neutraler Aufwand / Sonst. neutr. Aufw,,,,Ergebnis vor Steuern / Neutraler Aufwand / Sonst. neutr. Aufw / Einstellungen SoPo § 7g Abs.2 EStG n.F.,missing_root_type
,"Grundstücksaufwendungen, neutral",,unspecified,,0,,Ergebnis vor Steuern / Neutraler Aufwand / Sonst. neutr. Aufw,,,,"Ergebnis vor Steuern / Neutraler Aufwand / Sonst. neutr. Aufw / Grundstücksaufwendungen, neutral",missing_root_type
,Nicht abziehbare AR-Vergütungen,,unspecified,,0,,Ergebnis vor Steuern / Neutraler Aufwand / Sonst. neutr. Aufw,,,,Ergebnis vor Steuern / Neutraler Aufwand / Sonst. neutr. Aufw / Nicht abziehbare AR-Vergütungen,missing_root_type
,Nicht abziehbare Vorsteuer,,unspecified,,0,,Ergebnis vor Steuern / Neutraler Aufwand / Sonst. neutr. Aufw,,,,Ergebnis vor Steuern / Neutraler Aufwand / Sonst. neutr. Aufw / Nicht abziehbare Vorsteuer,missing_root_type
,Nicht abziehbare Vorsteuer 19%,,unspecified,,0,,Ergebnis vor Steuern / Neutraler Aufwand / Sonst. neutr. Aufw,,,,Ergebnis vor Steuern / Neutraler Aufwand / Sonst. neutr. Aufw / Nicht abziehbare Vorsteuer 19%,missing_root_type
,Nicht abziehbare Vorsteuer 7%,,unspecified,,0,,Ergebnis vor Steuern / Neutraler Aufwand / Sonst. neutr. Aufw,,,,Ergebnis vor Steuern / Neutraler Aufwand / Sonst. neutr. Aufw / Nicht abziehbare Vorsteuer 7%,missing_root_type
,Periodenfremde Aufwendungen,,unspecified,,0,,Ergebnis vor Steuern / Neutraler Aufwand / Sonst. neutr. Aufw,,,,Ergebnis vor Steuern / Neutraler Aufwand / Sonst. neutr. Aufw / Periodenfremde Aufwendungen,missing_root_type
,"Sonst.Aufwendungen, betriebsfr.u.regelm.",,unspecified,,0,,Ergebnis vor Steuern / Neutraler Aufwand / Sonst. neutr. Aufw,,,,"Ergebnis vor Steuern / Neutraler Aufwand / Sonst. neutr. Aufw / Sonst.Aufwendungen, betriebsfr.u.regelm.",missing_root_type
,Sonstige Aufwendungen,,unspecified,,0,,Ergebnis vor Steuern / Neutraler Aufwand / Sonst. neutr. Aufw,,,,Ergebnis vor Steuern / Neutraler Aufwand / Sonst. neutr. Aufw / Sonstige Aufwendungen,missing_root_type
,Sonstige Aufwendungen unregelmäßig,,unspecified,,0,,Ergebnis vor Steuern / Neutraler Aufwand / Sonst. neutr. Aufw,,,,Ergebnis vor Steuern / Neutraler Aufwand / Sonst. neutr. Aufw / Sonstige Aufwendungen unregelmäßig,missing_root_type
,Verlust Veräuß.Ant. KapGes z.T. n. abz.,,unspecified,,0,,Ergebnis vor Steuern / Neutraler Aufwand / Sonst. neutr. Aufw,,,,Ergebnis vor Steuern / Neutraler Aufwand / Sonst. neutr. Aufw / Verlust Veräuß.Ant. KapGes z.T. n. abz.,missing_root_type
,Verluste aus Abgang UV z.T. n. abziehbar,,unspecified,,0,,Ergebnis vor Steuern / Neutraler Aufwand / Sonst. neutr. Aufw,,,,Ergebnis vor Steuern / Neutraler Aufwand / Sonst. neutr. Aufw / Verluste aus Abgang UV z.T. n. abziehbar,missing_root_type
,Verluste aus Abgang von Umlaufvermögen,,unspecified,,0,,Ergebnis vor Steuern / Neutraler Aufwand / Sonst. neutr. Aufw,,,,Ergebnis vor Steuern / Neutraler Aufwand / Sonst. neutr. Aufw / Verluste aus Abgang von Umlaufvermögen,missing_root_type
,Verluste aus Anlagenabgang,,unspecified,,0,,Ergebnis vor Steuern / Neutraler Aufwand / Sonst. neutr. Aufw,,,,Ergebnis vor Steuern / Neutraler Aufwand / Sonst. neutr. Aufw / Verluste aus Anlagenabgang,missing_root_type
,Zuwendg. an Stiftg. gem. § 52/2/1-3 AO,,unspecified,,0,,Ergebnis vor Steuern / Neutraler Aufwand / Sonst. neutr. Aufw,,,,Ergebnis vor Steuern / Neutraler Aufwand / Sonst. neutr. Aufw / Zuwendg. an Stiftg. gem. § 52/2/1-3 AO,missing_root_type
,Zuwendg. an Stiftg. gem. § 52/2/4 AO,,unspecified,,0,,Ergebnis vor Steuern / Neutraler Aufwand / Sonst. neutr. Aufw,,,,Ergebnis vor Steuern / Neutraler Aufwand / Sonst. neutr. Aufw / Zuwendg. an Stiftg. gem. § 52/2/4 AO,missing_root_type
,Zuwendg. an Stiftg. kirchl./rel./gemein.,,unspecified,,0,,Ergebnis vor Steuern / Neutraler Aufwand / Sonst. neutr. Aufw,,,,Ergebnis vor Steuern / Neutraler Aufwand / Sonst. neutr. Aufw / Zuwendg. an Stiftg. kirchl./rel./gemein.,missing_root_type
,Zuwendg. an Stiftg. wiss./mildt./kultur.,,unspecified,,0,,Ergebnis vor Steuern / Neutraler Aufwand / Sonst. neutr. Aufw,,,,Ergebnis vor Steuern / Neutraler Aufwand / Sonst. neutr. Aufw / Zuwendg. an Stiftg. wiss./mildt./kultur.,missing_root_type
,Zuwendg.Spenden wissensch./kult. Zweck,,unspecified,,0,,Ergebnis vor Steuern / Neutraler Aufwand / Sonst. neutr. Aufw,,,,Ergebnis vor Steuern / Neutraler Aufwand / Sonst. neutr. Aufw / Zuwendg.Spenden wissensch./kult. Zweck,missing_root_type
,"Zuwendungen,Spenden an politische Partei",,unspecified,,0,,Ergebnis vor Steuern / Neutraler Aufwand / Sonst. neutr. Aufw,,,,"Ergebnis vor Steuern / Neutraler Aufwand / Sonst. neutr. Aufw / Zuwendungen,Spenden an politische Partei",missing_root_type
,"Zuwendungen,Spenden kirchl./rel./gemein.",,unspecified,,0,,Ergebnis vor Steuern / Neutraler Aufwand / Sonst. neutr. Aufw,,,,"Ergebnis vor Steuern / Neutraler Aufwand / Sonst. neutr. Aufw / Zuwendungen,Spenden kirchl./rel./gemein.",missing_root_type
,"Zuwendungen,Spenden mildtätige Zwecke",,unspecified,,0,,Ergebnis vor Steuern / Neutraler Aufwand / Sonst. neutr. Aufw,,,,"Ergebnis vor Steuern / Neutraler Aufwand / Sonst. neutr. Aufw / Zuwendungen,Spenden mildtätige Zwecke",missing_root_type
,"Zuwendungen,Spenden steuerl. n. abziehb.",,unspecified,,0,,Ergebnis vor Steuern / Neutraler Aufwand / Sonst. neutr. Aufw,,,,"Ergebnis vor Steuern / Neutraler Aufwand / Sonst. neutr. Aufw / Zuwendungen,Spenden steuerl. n. abziehb.",missing_root_type
,Zinsaufwand,,group,,1,,Ergebnis vor Steuern / Neutraler Aufwand,,,,Ergebnis vor Steuern / Neutraler Aufwand / Zinsaufwand,missing_root_type
,Abzinsung KSt-Erhöhungsbetrag § 38,,unspecified,,0,,Ergebnis vor Steuern / Neutraler Aufwand / Zinsaufwand,,,,Ergebnis vor Steuern / Neutraler Aufwand / Zinsaufwand / Abzinsung KSt-Erhöhungsbetrag § 38,missing_root_type
,Abzugsfäh. and. Nebenleist. zu Steuern,,unspecified,,0,,Ergebnis vor Steuern / Neutraler Aufwand / Zinsaufwand,,,,Ergebnis vor Steuern / Neutraler Aufwand / Zinsaufwand / Abzugsfäh. and. Nebenleist. zu Steuern,missing_root_type
,Diskontaufwendungen,,unspecified,,0,,Ergebnis vor Steuern / Neutraler Aufwand / Zinsaufwand,,,,Ergebnis vor Steuern / Neutraler Aufwand / Zinsaufwand / Diskontaufwendungen,missing_root_type
,Diskontaufwendungen an verbundene UN,,unspecified,,0,,Ergebnis vor Steuern / Neutraler Aufwand / Zinsaufwand,,,,Ergebnis vor Steuern / Neutraler Aufwand / Zinsaufwand / Diskontaufwendungen an verbundene UN,missing_root_type
,Nicht abzugsf. Schuldzinsen § 4/4a,,unspecified,,0,,Ergebnis vor Steuern / Neutraler Aufwand / Zinsaufwand,,,,Ergebnis vor Steuern / Neutraler Aufwand / Zinsaufwand / Nicht abzugsf. Schuldzinsen § 4/4a,missing_root_type
,Nicht abzugsfäh.and.Nebenleist.z.Steuern,,unspecified,,0,,Ergebnis vor Steuern / Neutraler Aufwand / Zinsaufwand,,,,Ergebnis vor Steuern / Neutraler Aufwand / Zinsaufwand / Nicht abzugsfäh.and.Nebenleist.z.Steuern,missing_root_type
,Renten und dauernde Lasten,,unspecified,,0,,Ergebnis vor Steuern / Neutraler Aufwand / Zinsaufwand,,,,Ergebnis vor Steuern / Neutraler Aufwand / Zinsaufwand / Renten und dauernde Lasten,missing_root_type
,Zinsaufw. für lfr. Verbindlichk.verb.UN,,unspecified,,0,,Ergebnis vor Steuern / Neutraler Aufwand / Zinsaufwand,,,,Ergebnis vor Steuern / Neutraler Aufwand / Zinsaufwand / Zinsaufw. für lfr. Verbindlichk.verb.UN,missing_root_type
,Zinsaufw. § 233a AO betriebliche Steuern,,unspecified,,0,,Ergebnis vor Steuern / Neutraler Aufwand / Zinsaufwand,,,,Ergebnis vor Steuern / Neutraler Aufwand / Zinsaufwand / Zinsaufw. § 233a AO betriebliche Steuern,missing_root_type
,"Zinsaufw. § 233a AO,§ 4 Abs. 5b EStG",,unspecified,,0,,Ergebnis vor Steuern / Neutraler Aufwand / Zinsaufwand,,,,"Ergebnis vor Steuern / Neutraler Aufwand / Zinsaufwand / Zinsaufw. § 233a AO,§ 4 Abs. 5b EStG",missing_root_type
,Zinsaufwend. f.kfr. Verb.an verbund. UN,,unspecified,,0,,Ergebnis vor Steuern / Neutraler Aufwand / Zinsaufwand,,,,Ergebnis vor Steuern / Neutraler Aufwand / Zinsaufwand / Zinsaufwend. f.kfr. Verb.an verbund. UN,missing_root_type
,Zinsaufwendungen an verb.Unternehmen,,unspecified,,0,,Ergebnis vor Steuern / Neutraler Aufwand / Zinsaufwand,,,,Ergebnis vor Steuern / Neutraler Aufwand / Zinsaufwand / Zinsaufwendungen an verb.Unternehmen,missing_root_type
,Zinsaufwendungen f.kfr.Verbindlichkeit.,,unspecified,,0,,Ergebnis vor Steuern / Neutraler Aufwand / Zinsaufwand,,,,Ergebnis vor Steuern / Neutraler Aufwand / Zinsaufwand / Zinsaufwendungen f.kfr.Verbindlichkeit.,missing_root_type
,Zinsaufwendungen f.lfr.Verbindlichkeit.,,unspecified,,0,,Ergebnis vor Steuern / Neutraler Aufwand / Zinsaufwand,,,,Ergebnis vor Steuern / Neutraler Aufwand / Zinsaufwand / Zinsaufwendungen f.lfr.Verbindlichkeit.,missing_root_type
,Zinsaufwendungen §§ 233a bis 237 AO,,unspecified,,0,,Ergebnis vor Steuern / Neutraler Aufwand / Zinsaufwand,,,,Ergebnis vor Steuern / Neutraler Aufwand / Zinsaufwand / Zinsaufwendungen §§ 233a bis 237 AO,missing_root_type
,Zinsen an Mitunternehmer § 15 EStG,,unspecified,,0,,Ergebnis vor Steuern / Neutraler Aufwand / Zinsaufwand,,,,Ergebnis vor Steuern / Neutraler Aufwand / Zinsaufwand / Zinsen an Mitunternehmer § 15 EStG,missing_root_type
,Zinsen auf Kontokorrentkonten,,unspecified,,0,,Ergebnis vor Steuern / Neutraler Aufwand / Zinsaufwand,,,,Ergebnis vor Steuern / Neutraler Aufwand / Zinsaufwand / Zinsen auf Kontokorrentkonten,missing_root_type
,Zinsen für Gebäude im Betriebsvermögen,,unspecified,,0,,Ergebnis vor Steuern / Neutraler Aufwand / Zinsaufwand,,,,Ergebnis vor Steuern / Neutraler Aufwand / Zinsaufwand / Zinsen für Gebäude im Betriebsvermögen,missing_root_type
,Zinsen und ähnliche Aufw. z.T. nicht abz.,,unspecified,,0,,Ergebnis vor Steuern / Neutraler Aufwand / Zinsaufwand,,,,Ergebnis vor Steuern / Neutraler Aufwand / Zinsaufwand / Zinsen und ähnliche Aufw. z.T. nicht abz.,missing_root_type
,Zinsen und ähnliche Aufwendungen,,unspecified,,0,,Ergebnis vor Steuern / Neutraler Aufwand / Zinsaufwand,,,,Ergebnis vor Steuern / Neutraler Aufwand / Zinsaufwand / Zinsen und ähnliche Aufwendungen,missing_root_type
,Zinsen zur Finanzierung Anlagevermögen,,unspecified,,0,,Ergebnis vor Steuern / Neutraler Aufwand / Zinsaufwand,,,,Ergebnis vor Steuern / Neutraler Aufwand / Zinsaufwand / Zinsen zur Finanzierung Anlagevermögen,missing_root_type
,"Zinsen, Aufwendg. verb. UN z.T. n.abz.",,unspecified,,0,,Ergebnis vor Steuern / Neutraler Aufwand / Zinsaufwand,,,,"Ergebnis vor Steuern / Neutraler Aufwand / Zinsaufwand / Zinsen, Aufwendg. verb. UN z.T. n.abz.",missing_root_type
,Zinsähnliche Aufwendungen,,unspecified,,0,,Ergebnis vor Steuern / Neutraler Aufwand / Zinsaufwand,,,,Ergebnis vor Steuern / Neutraler Aufwand / Zinsaufwand / Zinsähnliche Aufwendungen,missing_root_type
,Zinsähnliche Aufwendungen an verb.UN,,unspecified,,0,,Ergebnis vor Steuern / Neutraler Aufwand / Zinsaufwand,,,,Ergebnis vor Steuern / Neutraler Aufwand / Zinsaufwand / Zinsähnliche Aufwendungen an verb.UN,missing_root_type
,Neutraler Ertrag,,group,,1,,Ergebnis vor Steuern,,,,Ergebnis vor Steuern / Neutraler Ertrag,missing_root_type
,Sonst. neutr. Ertr,,group,,1,,Ergebnis vor Steuern / Neutraler Ertrag,,,,Ergebnis vor Steuern / Neutraler Ertrag / Sonst. neutr. Ertr,missing_root_type
,"Abgang Finanzanlagen z.T. stfrei, RBW",,unspecified,,0,,Ergebnis vor Steuern / Neutraler Ertrag / Sonst. neutr. Ertr,,,,"Ergebnis vor Steuern / Neutraler Ertrag / Sonst. neutr. Ertr / Abgang Finanzanlagen z.T. stfrei, RBW",missing_root_type
,Abgänge Finanzanlagen Restbuchwert (Gewinn),,unspecified,,0,,Ergebnis vor Steuern / Neutraler Ertrag / Sonst. neutr. Ertr,,,,Ergebnis vor Steuern / Neutraler Ertrag / Sonst. neutr. Ertr / Abgänge Finanzanlagen Restbuchwert (Gewinn),missing_root_type
,Abgänge Sachanlagen Restbuchwert,,unspecified,,0,,Ergebnis vor Steuern / Neutraler Ertrag / Sonst. neutr. Ertr,,,,Ergebnis vor Steuern / Neutraler Ertrag / Sonst. neutr. Ertr / Abgänge Sachanlagen Restbuchwert,missing_root_type
,Abgänge immat. Vermögensgegenst. RBW (Gewinn),,unspecified,,0,,Ergebnis vor Steuern / Neutraler Ertrag / Sonst. neutr. Ertr,,,,Ergebnis vor Steuern / Neutraler Ertrag / Sonst. neutr. Ertr / Abgänge immat. Vermögensgegenst. RBW (Gewinn),missing_root_type
,Ao. Erträge finanzwirksam,,unspecified,,0,,Ergebnis vor Steuern / Neutraler Ertrag / Sonst. neutr. Ertr,,,,Ergebnis vor Steuern / Neutraler Ertrag / Sonst. neutr. Ertr / Ao. Erträge finanzwirksam,missing_root_type
,Ao. Erträge nicht finanzwirksam,,unspecified,,0,,Ergebnis vor Steuern / Neutraler Ertrag / Sonst. neutr. Ertr,,,,Ergebnis vor Steuern / Neutraler Ertrag / Sonst. neutr. Ertr / Ao. Erträge nicht finanzwirksam,missing_root_type
,Aufw./Erträge aus Umrechnungsdifferenz,,unspecified,,0,,Ergebnis vor Steuern / Neutraler Ertrag / Sonst. neutr. Ertr,,,,Ergebnis vor Steuern / Neutraler Ertrag / Sonst. neutr. Ertr / Aufw./Erträge aus Umrechnungsdifferenz,missing_root_type
,Außerordentliche Erträge,,unspecified,,0,,Ergebnis vor Steuern / Neutraler Ertrag / Sonst. neutr. Ertr,,,,Ergebnis vor Steuern / Neutraler Ertrag / Sonst. neutr. Ertr / Außerordentliche Erträge,missing_root_type
,Betriebsfremde Erträge,,unspecified,,0,,Ergebnis vor Steuern / Neutraler Ertrag / Sonst. neutr. Ertr,,,,Ergebnis vor Steuern / Neutraler Ertrag / Sonst. neutr. Ertr / Betriebsfremde Erträge,missing_root_type
,Erlöse Sachanlageverkäufe,,unspecified,,0,,Ergebnis vor Steuern / Neutraler Ertrag / Sonst. neutr. Ertr,,,,Ergebnis vor Steuern / Neutraler Ertrag / Sonst. neutr. Ertr / Erlöse Sachanlageverkäufe,missing_root_type
,Erlöse Sachanlageverkäufe 19% USt,,unspecified,,0,,Ergebnis vor Steuern / Neutraler Ertrag / Sonst. neutr. Ertr,,,,Ergebnis vor Steuern / Neutraler Ertrag / Sonst. neutr. Ertr / Erlöse Sachanlageverkäufe 19% USt,missing_root_type
,Erlöse Sachanlageverkäufe § 4 Nr. 1a,,unspecified,,0,,Ergebnis vor Steuern / Neutraler Ertrag / Sonst. neutr. Ertr,,,,Ergebnis vor Steuern / Neutraler Ertrag / Sonst. neutr. Ertr / Erlöse Sachanlageverkäufe § 4 Nr. 1a,missing_root_type
,Erlöse Sachanlageverkäufe § 4 Nr. 1b,,unspecified,,0,,Ergebnis vor Steuern / Neutraler Ertrag / Sonst. neutr. Ertr,,,,Ergebnis vor Steuern / Neutraler Ertrag / Sonst. neutr. Ertr / Erlöse Sachanlageverkäufe § 4 Nr. 1b,missing_root_type
,Erlöse Verkauf Finanzanl. z.T. n.abz.,,unspecified,,0,,Ergebnis vor Steuern / Neutraler Ertrag / Sonst. neutr. Ertr,,,,Ergebnis vor Steuern / Neutraler Ertrag / Sonst. neutr. Ertr / Erlöse Verkauf Finanzanl. z.T. n.abz.,missing_root_type
,Erlöse Verkauf Finanzanl. z.T. stfrei,,unspecified,,0,,Ergebnis vor Steuern / Neutraler Ertrag / Sonst. neutr. Ertr,,,,Ergebnis vor Steuern / Neutraler Ertrag / Sonst. neutr. Ertr / Erlöse Verkauf Finanzanl. z.T. stfrei,missing_root_type
,Erlöse Verkauf WG des UV § 4/3 EStG,,unspecified,,0,,Ergebnis vor Steuern / Neutraler Ertrag / Sonst. neutr. Ertr,,,,Ergebnis vor Steuern / Neutraler Ertrag / Sonst. neutr. Ertr / Erlöse Verkauf WG des UV § 4/3 EStG,missing_root_type
,"Erlöse Verkauf WG des UV §4/3, 19% USt",,unspecified,,0,,Ergebnis vor Steuern / Neutraler Ertrag / Sonst. neutr. Ertr,,,,"Ergebnis vor Steuern / Neutraler Ertrag / Sonst. neutr. Ertr / Erlöse Verkauf WG des UV §4/3, 19% USt",missing_root_type
,"Erlöse Verkauf WG des UV §4/3, stfrei",,unspecified,,0,,Ergebnis vor Steuern / Neutraler Ertrag / Sonst. neutr. Ertr,,,,"Ergebnis vor Steuern / Neutraler Ertrag / Sonst. neutr. Ertr / Erlöse Verkauf WG des UV §4/3, stfrei",missing_root_type
,Erlöse Verkäufe immat.Vermögensgegenst,,unspecified,,0,,Ergebnis vor Steuern / Neutraler Ertrag / Sonst. neutr. Ertr,,,,Ergebnis vor Steuern / Neutraler Ertrag / Sonst. neutr. Ertr / Erlöse Verkäufe immat.Vermögensgegenst,missing_root_type
,Erlöse a. Verkäufen Finanzanlagen,,unspecified,,0,,Ergebnis vor Steuern / Neutraler Ertrag / Sonst. neutr. Ertr,,,,Ergebnis vor Steuern / Neutraler Ertrag / Sonst. neutr. Ertr / Erlöse a. Verkäufen Finanzanlagen,missing_root_type
,Ertr. Aufl. SoPo m. Rückl.ant.§52/16EStG,,unspecified,,0,,Ergebnis vor Steuern / Neutraler Ertrag / Sonst. neutr. Ertr,,,,Ergebnis vor Steuern / Neutraler Ertrag / Sonst. neutr. Ertr / Ertr. Aufl. SoPo m. Rückl.ant.§52/16EStG,missing_root_type
,Erträge Aufl. SoPo Existenzgründerrückl,,unspecified,,0,,Ergebnis vor Steuern / Neutraler Ertrag / Sonst. neutr. Ertr,,,,Ergebnis vor Steuern / Neutraler Ertrag / Sonst. neutr. Ertr / Erträge Aufl. SoPo Existenzgründerrückl,missing_root_type
,"Erträge Aufl. SoPo § 7g/3 a.F, 7g/2 n.F",,unspecified,,0,,Ergebnis vor Steuern / Neutraler Ertrag / Sonst. neutr. Ertr,,,,"Ergebnis vor Steuern / Neutraler Ertrag / Sonst. neutr. Ertr / Erträge Aufl. SoPo § 7g/3 a.F, 7g/2 n.F",missing_root_type
,Erträge Auflösung SoPo m. Rücklageant.,,unspecified,,0,,Ergebnis vor Steuern / Neutraler Ertrag / Sonst. neutr. Ertr,,,,Ergebnis vor Steuern / Neutraler Ertrag / Sonst. neutr. Ertr / Erträge Auflösung SoPo m. Rücklageant.,missing_root_type
,Erträge Auflösung von Rückstellungen,,unspecified,,0,,Ergebnis vor Steuern / Neutraler Ertrag / Sonst. neutr. Ertr,,,,Ergebnis vor Steuern / Neutraler Ertrag / Sonst. neutr. Ertr / Erträge Auflösung von Rückstellungen,missing_root_type
,Erträge Bewertung Verbindlichkeiten,,unspecified,,0,,Ergebnis vor Steuern / Neutraler Ertrag / Sonst. neutr. Ertr,,,,Ergebnis vor Steuern / Neutraler Ertrag / Sonst. neutr. Ertr / Erträge Bewertung Verbindlichkeiten,missing_root_type
,Erträge Veräuß.Ant. KapGes z.T. stfrei,,unspecified,,0,,Ergebnis vor Steuern / Neutraler Ertrag / Sonst. neutr. Ertr,,,,Ergebnis vor Steuern / Neutraler Ertrag / Sonst. neutr. Ertr / Erträge Veräuß.Ant. KapGes z.T. stfrei,missing_root_type
,Erträge Zuschreibg. FAV z.T. steuerfrei,,unspecified,,0,,Ergebnis vor Steuern / Neutraler Ertrag / Sonst. neutr. Ertr,,,,Ergebnis vor Steuern / Neutraler Ertrag / Sonst. neutr. Ertr / Erträge Zuschreibg. FAV z.T. steuerfrei,missing_root_type
,Erträge Zuschreibg. Finanzanlagevermögen,,unspecified,,0,,Ergebnis vor Steuern / Neutraler Ertrag / Sonst. neutr. Ertr,,,,Ergebnis vor Steuern / Neutraler Ertrag / Sonst. neutr. Ertr / Erträge Zuschreibg. Finanzanlagevermögen,missing_root_type
,Erträge Zuschreibg. Sachanlagevermögen,,unspecified,,0,,Ergebnis vor Steuern / Neutraler Ertrag / Sonst. neutr. Ertr,,,,Ergebnis vor Steuern / Neutraler Ertrag / Sonst. neutr. Ertr / Erträge Zuschreibg. Sachanlagevermögen,missing_root_type
,Erträge Zuschreibg. UV z.T. steuerfrei,,unspecified,,0,,Ergebnis vor Steuern / Neutraler Ertrag / Sonst. neutr. Ertr,,,,Ergebnis vor Steuern / Neutraler Ertrag / Sonst. neutr. Ertr / Erträge Zuschreibg. UV z.T. steuerfrei,missing_root_type
,Erträge Zuschreibg. anderes AV z.T. stfr,,unspecified,,0,,Ergebnis vor Steuern / Neutraler Ertrag / Sonst. neutr. Ertr,,,,Ergebnis vor Steuern / Neutraler Ertrag / Sonst. neutr. Ertr / Erträge Zuschreibg. anderes AV z.T. stfr,missing_root_type
,Erträge Zuschreibg. immat. Anlagevermög.,,unspecified,,0,,Ergebnis vor Steuern / Neutraler Ertrag / Sonst. neutr. Ertr,,,,Ergebnis vor Steuern / Neutraler Ertrag / Sonst. neutr. Ertr / Erträge Zuschreibg. immat. Anlagevermög.,missing_root_type
,Erträge Zuschreibung Umlaufvermögen,,unspecified,,0,,Ergebnis vor Steuern / Neutraler Ertrag / Sonst. neutr. Ertr,,,,Ergebnis vor Steuern / Neutraler Ertrag / Sonst. neutr. Ertr / Erträge Zuschreibung Umlaufvermögen,missing_root_type
,Erträge aus Abgang UV z.T. steuerfrei,,unspecified,,0,,Ergebnis vor Steuern / Neutraler Ertrag / Sonst. neutr. Ertr,,,,Ergebnis vor Steuern / Neutraler Ertrag / Sonst. neutr. Ertr / Erträge aus Abgang UV z.T. steuerfrei,missing_root_type
,Erträge aus Abgang von AV-Gegenständen,,unspecified,,0,,Ergebnis vor Steuern / Neutraler Ertrag / Sonst. neutr. Ertr,,,,Ergebnis vor Steuern / Neutraler Ertrag / Sonst. neutr. Ertr / Erträge aus Abgang von AV-Gegenständen,missing_root_type
,Erträge aus Abgang von UV-Gegenständen,,unspecified,,0,,Ergebnis vor Steuern / Neutraler Ertrag / Sonst. neutr. Ertr,,,,Ergebnis vor Steuern / Neutraler Ertrag / Sonst. neutr. Ertr / Erträge aus Abgang von UV-Gegenständen,missing_root_type
,Erträge aus Herabsetzung EWB zu Ford.,,unspecified,,0,,Ergebnis vor Steuern / Neutraler Ertrag / Sonst. neutr. Ertr,,,,Ergebnis vor Steuern / Neutraler Ertrag / Sonst. neutr. Ertr / Erträge aus Herabsetzung EWB zu Ford.,missing_root_type
,Erträge aus Herabsetzung PWB zu Ford.,,unspecified,,0,,Ergebnis vor Steuern / Neutraler Ertrag / Sonst. neutr. Ertr,,,,Ergebnis vor Steuern / Neutraler Ertrag / Sonst. neutr. Ertr / Erträge aus Herabsetzung PWB zu Ford.,missing_root_type
,Erträge aus Verlustübernahme,,unspecified,,0,,Ergebnis vor Steuern / Neutraler Ertrag / Sonst. neutr. Ertr,,,,Ergebnis vor Steuern / Neutraler Ertrag / Sonst. neutr. Ertr / Erträge aus Verlustübernahme,missing_root_type
,Erträge aus abgeschriebenen Forderg.,,unspecified,,0,,Ergebnis vor Steuern / Neutraler Ertrag / Sonst. neutr. Ertr,,,,Ergebnis vor Steuern / Neutraler Ertrag / Sonst. neutr. Ertr / Erträge aus abgeschriebenen Forderg.,missing_root_type
,Erträge steuerl. Bewertung Rückstellung,,unspecified,,0,,Ergebnis vor Steuern / Neutraler Ertrag / Sonst. neutr. Ertr,,,,Ergebnis vor Steuern / Neutraler Ertrag / Sonst. neutr. Ertr / Erträge steuerl. Bewertung Rückstellung,missing_root_type
,Gewinne auf Grund Gewinn/Teilgewinnabf,,unspecified,,0,,Ergebnis vor Steuern / Neutraler Ertrag / Sonst. neutr. Ertr,,,,Ergebnis vor Steuern / Neutraler Ertrag / Sonst. neutr. Ertr / Gewinne auf Grund Gewinn/Teilgewinnabf,missing_root_type
,Gewinne auf Grund Gewinngemeinschaft,,unspecified,,0,,Ergebnis vor Steuern / Neutraler Ertrag / Sonst. neutr. Ertr,,,,Ergebnis vor Steuern / Neutraler Ertrag / Sonst. neutr. Ertr / Gewinne auf Grund Gewinngemeinschaft,missing_root_type
,Grundstückserträge,,unspecified,,0,,Ergebnis vor Steuern / Neutraler Ertrag / Sonst. neutr. Ertr,,,,Ergebnis vor Steuern / Neutraler Ertrag / Sonst. neutr. Ertr / Grundstückserträge,missing_root_type
,Investitionszulage,,unspecified,,0,,Ergebnis vor Steuern / Neutraler Ertrag / Sonst. neutr. Ertr,,,,Ergebnis vor Steuern / Neutraler Ertrag / Sonst. neutr. Ertr / Investitionszulage,missing_root_type
,Investitionszuschüsse,,unspecified,,0,,Ergebnis vor Steuern / Neutraler Ertrag / Sonst. neutr. Ertr,,,,Ergebnis vor Steuern / Neutraler Ertrag / Sonst. neutr. Ertr / Investitionszuschüsse,missing_root_type
,Periodenfremde Erträge,,unspecified,,0,,Ergebnis vor Steuern / Neutraler Ertrag / Sonst. neutr. Ertr,,,,Ergebnis vor Steuern / Neutraler Ertrag / Sonst. neutr. Ertr / Periodenfremde Erträge,missing_root_type
,Sonstige Erträge,,unspecified,,0,,Ergebnis vor Steuern / Neutraler Ertrag / Sonst. neutr. Ertr,,,,Ergebnis vor Steuern / Neutraler Ertrag / Sonst. neutr. Ertr / Sonstige Erträge,missing_root_type
,Sonstige Erträge unregelmäßig,,unspecified,,0,,Ergebnis vor Steuern / Neutraler Ertrag / Sonst. neutr. Ertr,,,,Ergebnis vor Steuern / Neutraler Ertrag / Sonst. neutr. Ertr / Sonstige Erträge unregelmäßig,missing_root_type
,Sonstige betriebl. regelm. Erträge,,unspecified,,0,,Ergebnis vor Steuern / Neutraler Ertrag / Sonst. neutr. Ertr,,,,Ergebnis vor Steuern / Neutraler Ertrag / Sonst. neutr. Ertr / Sonstige betriebl. regelm. Erträge,missing_root_type
,Sonstige betriebsfr.regelm. Erträge,,unspecified,,0,,Ergebnis vor Steuern / Neutraler Ertrag / Sonst. neutr. Ertr,,,,Ergebnis vor Steuern / Neutraler Ertrag / Sonst. neutr. Ertr / Sonstige betriebsfr.regelm. Erträge,missing_root_type
,Sonstige steuerfr. Betriebseinnahmen,,unspecified,,0,,Ergebnis vor Steuern / Neutraler Ertrag / Sonst. neutr. Ertr,,,,Ergebnis vor Steuern / Neutraler Ertrag / Sonst. neutr. Ertr / Sonstige steuerfr. Betriebseinnahmen,missing_root_type
,Steuerfreie Erträge aus Auflösung SoPo,,unspecified,,0,,Ergebnis vor Steuern / Neutraler Ertrag / Sonst. neutr. Ertr,,,,Ergebnis vor Steuern / Neutraler Ertrag / Sonst. neutr. Ertr / Steuerfreie Erträge aus Auflösung SoPo,missing_root_type
,"Verkauf WG UV § 4/3 ustfrei, z.T. stfrei",,unspecified,,0,,Ergebnis vor Steuern / Neutraler Ertrag / Sonst. neutr. Ertr,,,,"Ergebnis vor Steuern / Neutraler Ertrag / Sonst. neutr. Ertr / Verkauf WG UV § 4/3 ustfrei, z.T. stfrei",missing_root_type
,Versicherungsentschädigungen,,unspecified,,0,,Ergebnis vor Steuern / Neutraler Ertrag / Sonst. neutr. Ertr,,,,Ergebnis vor Steuern / Neutraler Ertrag / Sonst. neutr. Ertr / Versicherungsentschädigungen,missing_root_type
,Verr. kalk. Kosten,,group,,1,,Ergebnis vor Steuern / Neutraler Ertrag,,,,Ergebnis vor Steuern / Neutraler Ertrag / Verr. kalk. Kosten,missing_root_type
,Verrechnete kalkul. Abschreibungen,,unspecified,,0,,Ergebnis vor Steuern / Neutraler Ertrag / Verr. kalk. Kosten,,,,Ergebnis vor Steuern / Neutraler Ertrag / Verr. kalk. Kosten / Verrechnete kalkul. Abschreibungen,missing_root_type
,Verrechnete kalkul. Miete und Pacht,,unspecified,,0,,Ergebnis vor Steuern / Neutraler Ertrag / Verr. kalk. Kosten,,,,Ergebnis vor Steuern / Neutraler Ertrag / Verr. kalk. Kosten / Verrechnete kalkul. Miete und Pacht,missing_root_type
,Verrechnete kalkulatorische Wagnisse,,unspecified,,0,,Ergebnis vor Steuern / Neutraler Ertrag / Verr. kalk. Kosten,,,,Ergebnis vor Steuern / Neutraler Ertrag / Verr. kalk. Kosten / Verrechnete kalkulatorische Wagnisse,missing_root_type
,Verrechnete kalkulatorische Zinsen,,unspecified,,0,,Ergebnis vor Steuern / Neutraler Ertrag / Verr. kalk. Kosten,,,,Ergebnis vor Steuern / Neutraler Ertrag / Verr. kalk. Kosten / Verrechnete kalkulatorische Zinsen,missing_root_type
,"Verrechneter kalk. Lohn, unentgeltl. AN",,unspecified,,0,,Ergebnis vor Steuern / Neutraler Ertrag / Verr. kalk. Kosten,,,,"Ergebnis vor Steuern / Neutraler Ertrag / Verr. kalk. Kosten / Verrechneter kalk. Lohn, unentgeltl. AN",missing_root_type
,Verrechneter kalkul.Unternehmerlohn,,unspecified,,0,,Ergebnis vor Steuern / Neutraler Ertrag / Verr. kalk. Kosten,,,,Ergebnis vor Steuern / Neutraler Ertrag / Verr. kalk. Kosten / Verrechneter kalkul.Unternehmerlohn,missing_root_type
,Zinserträge,,group,,1,,Ergebnis vor Steuern / Neutraler Ertrag,,,,Ergebnis vor Steuern / Neutraler Ertrag / Zinserträge,missing_root_type
,Diskonterträge,,unspecified,,0,,Ergebnis vor Steuern / Neutraler Ertrag / Zinserträge,,,,Ergebnis vor Steuern / Neutraler Ertrag / Zinserträge / Diskonterträge,missing_root_type
,Diskonterträge verbundene Unternehmen,,unspecified,,0,,Ergebnis vor Steuern / Neutraler Ertrag / Zinserträge,,,,Ergebnis vor Steuern / Neutraler Ertrag / Zinserträge / Diskonterträge verbundene Unternehmen,missing_root_type
,Erl.Zinsen /Diskontspesen aus verb.UN,,unspecified,,0,,Ergebnis vor Steuern / Neutraler Ertrag / Zinserträge,,,,Ergebnis vor Steuern / Neutraler Ertrag / Zinserträge / Erl.Zinsen /Diskontspesen aus verb.UN,missing_root_type
,Erlöse Zinsen und Diskontspesen,,unspecified,,0,,Ergebnis vor Steuern / Neutraler Ertrag / Zinserträge,,,,Ergebnis vor Steuern / Neutraler Ertrag / Zinserträge / Erlöse Zinsen und Diskontspesen,missing_root_type
,Erträge Wertpapiere/Ausleihungen FAV,,unspecified,,0,,Ergebnis vor Steuern / Neutraler Ertrag / Zinserträge,,,,Ergebnis vor Steuern / Neutraler Ertrag / Zinserträge / Erträge Wertpapiere/Ausleihungen FAV,missing_root_type
,Erträge Wertpapiere/Ausleihungen UV,,unspecified,,0,,Ergebnis vor Steuern / Neutraler Ertrag / Zinserträge,,,,Ergebnis vor Steuern / Neutraler Ertrag / Zinserträge / Erträge Wertpapiere/Ausleihungen UV,missing_root_type
,Erträge Wertpapiere/FAV-Ausl.verb.UN,,unspecified,,0,,Ergebnis vor Steuern / Neutraler Ertrag / Zinserträge,,,,Ergebnis vor Steuern / Neutraler Ertrag / Zinserträge / Erträge Wertpapiere/FAV-Ausl.verb.UN,missing_root_type
,Erträge a.Beteilig. FAV z.T. steuerfrei,,unspecified,,0,,Ergebnis vor Steuern / Neutraler Ertrag / Zinserträge,,,,Ergebnis vor Steuern / Neutraler Ertrag / Zinserträge / Erträge a.Beteilig. FAV z.T. steuerfrei,missing_root_type
,Erträge a.Beteilig. UV z.T. steuerfrei,,unspecified,,0,,Ergebnis vor Steuern / Neutraler Ertrag / Zinserträge,,,,Ergebnis vor Steuern / Neutraler Ertrag / Zinserträge / Erträge a.Beteilig. UV z.T. steuerfrei,missing_root_type
,Erträge a.Beteilig. an verbundenen UN,,unspecified,,0,,Ergebnis vor Steuern / Neutraler Ertrag / Zinserträge,,,,Ergebnis vor Steuern / Neutraler Ertrag / Zinserträge / Erträge a.Beteilig. an verbundenen UN,missing_root_type
,Erträge a.Beteilig. verb. UN z.T. stfrei,,unspecified,,0,,Ergebnis vor Steuern / Neutraler Ertrag / Zinserträge,,,,Ergebnis vor Steuern / Neutraler Ertrag / Zinserträge / Erträge a.Beteilig. verb. UN z.T. stfrei,missing_root_type
,Erträge a.Beteilig. verb.UN z.T. stfrei,,unspecified,,0,,Ergebnis vor Steuern / Neutraler Ertrag / Zinserträge,,,,Ergebnis vor Steuern / Neutraler Ertrag / Zinserträge / Erträge a.Beteilig. verb.UN z.T. stfrei,missing_root_type
,Erträge aus Beteiligungen,,unspecified,,0,,Ergebnis vor Steuern / Neutraler Ertrag / Zinserträge,,,,Ergebnis vor Steuern / Neutraler Ertrag / Zinserträge / Erträge aus Beteiligungen,missing_root_type
,Erträge aus Beteiligungen z.T. steuerfr,,unspecified,,0,,Ergebnis vor Steuern / Neutraler Ertrag / Zinserträge,,,,Ergebnis vor Steuern / Neutraler Ertrag / Zinserträge / Erträge aus Beteiligungen z.T. steuerfr,missing_root_type
,Gewinnant. aus Mituntern.sch.§9 GewStG,,unspecified,,0,,Ergebnis vor Steuern / Neutraler Ertrag / Zinserträge,,,,Ergebnis vor Steuern / Neutraler Ertrag / Zinserträge / Gewinnant. aus Mituntern.sch.§9 GewStG,missing_root_type
,Sonst. Zinsen u.ä. Erträge aus verb.UN,,unspecified,,0,,Ergebnis vor Steuern / Neutraler Ertrag / Zinserträge,,,,Ergebnis vor Steuern / Neutraler Ertrag / Zinserträge / Sonst. Zinsen u.ä. Erträge aus verb.UN,missing_root_type
,Sonst.GewStfreie Gewinne Anteile KapGes,,unspecified,,0,,Ergebnis vor Steuern / Neutraler Ertrag / Zinserträge,,,,Ergebnis vor Steuern / Neutraler Ertrag / Zinserträge / Sonst.GewStfreie Gewinne Anteile KapGes,missing_root_type
,Sonstige Zinsen und ähnliche Erträge,,unspecified,,0,,Ergebnis vor Steuern / Neutraler Ertrag / Zinserträge,,,,Ergebnis vor Steuern / Neutraler Ertrag / Zinserträge / Sonstige Zinsen und ähnliche Erträge,missing_root_type
,Stfr. Aufzinsung Körperschaftsteuerguth.,,unspecified,,0,,Ergebnis vor Steuern / Neutraler Ertrag / Zinserträge,,,,Ergebnis vor Steuern / Neutraler Ertrag / Zinserträge / Stfr. Aufzinsung Körperschaftsteuerguth.,missing_root_type
,Zinserträge Rückzahlung KSt-Erhöhg. §38,,unspecified,,0,,Ergebnis vor Steuern / Neutraler Ertrag / Zinserträge,,,,Ergebnis vor Steuern / Neutraler Ertrag / Zinserträge / Zinserträge Rückzahlung KSt-Erhöhg. §38,missing_root_type
,Zinserträge § 233a AO,,unspecified,,0,,Ergebnis vor Steuern / Neutraler Ertrag / Zinserträge,,,,Ergebnis vor Steuern / Neutraler Ertrag / Zinserträge / Zinserträge § 233a AO,missing_root_type
,"Zinserträge § 233a AO, Anlage A KSt",,unspecified,,0,,Ergebnis vor Steuern / Neutraler Ertrag / Zinserträge,,,,"Ergebnis vor Steuern / Neutraler Ertrag / Zinserträge / Zinserträge § 233a AO, Anlage A KSt",missing_root_type
,"Zinserträge § 233a AO, § 4 Abs. 5b EStG",,unspecified,,0,,Ergebnis vor Steuern / Neutraler Ertrag / Zinserträge,,,,"Ergebnis vor Steuern / Neutraler Ertrag / Zinserträge / Zinserträge § 233a AO, § 4 Abs. 5b EStG",missing_root_type
,Zinsähnliche Erträge,,unspecified,,0,,Ergebnis vor Steuern / Neutraler Ertrag / Zinserträge,,,,Ergebnis vor Steuern / Neutraler Ertrag / Zinserträge / Zinsähnliche Erträge,missing_root_type
,Zinsähnliche Erträge verbundene UN,,unspecified,,0,,Ergebnis vor Steuern / Neutraler Ertrag / Zinserträge,,,,Ergebnis vor Steuern / Neutraler Ertrag / Zinserträge / Zinsähnliche Erträge verbundene UN,missing_root_type
,Steuern Eink.u.Ertr,,group,,1,,,,,,Steuern Eink.u.Ertr,missing_root_type
,Anzurechn. ausländische Quellensteuer,,unspecified,,0,,Steuern Eink.u.Ertr,,,,Steuern Eink.u.Ertr / Anzurechn. ausländische Quellensteuer,missing_root_type
,Auflösung GewSt-Rückstellg. § 4/5b,,unspecified,,0,,Steuern Eink.u.Ertr,,,,Steuern Eink.u.Ertr / Auflösung GewSt-Rückstellg. § 4/5b,missing_root_type
,Auflösung Gewerbesteuerrückstellung,,unspecified,,0,,Steuern Eink.u.Ertr,,,,Steuern Eink.u.Ertr / Auflösung Gewerbesteuerrückstellung,missing_root_type
,Aufw. Zuführg/Auflösung latente Steuern,,unspecified,,0,,Steuern Eink.u.Ertr,,,,Steuern Eink.u.Ertr / Aufw. Zuführg/Auflösung latente Steuern,missing_root_type
,Erträge Zuführg/Auflösg latente Steuern,,unspecified,,0,,Steuern Eink.u.Ertr,,,,Steuern Eink.u.Ertr / Erträge Zuführg/Auflösg latente Steuern,missing_root_type
,GewSt-Erstattung Vorjahre,,unspecified,,0,,Steuern Eink.u.Ertr,,,,Steuern Eink.u.Ertr / GewSt-Erstattung Vorjahre,missing_root_type
,GewSt-Nachzahlung Vorjahre,,unspecified,,0,,Steuern Eink.u.Ertr,,,,Steuern Eink.u.Ertr / GewSt-Nachzahlung Vorjahre,missing_root_type
,GewSt-Nachzahlung/-Erstattung VJ §4/5b,,unspecified,,0,,Steuern Eink.u.Ertr,,,,Steuern Eink.u.Ertr / GewSt-Nachzahlung/-Erstattung VJ §4/5b,missing_root_type
,Gewerbesteuer,,unspecified,,0,,Steuern Eink.u.Ertr,,,,Steuern Eink.u.Ertr / Gewerbesteuer,missing_root_type
,Kapitalertragsteuer 20%,,unspecified,,0,,Steuern Eink.u.Ertr,,,,Steuern Eink.u.Ertr / Kapitalertragsteuer 20%,missing_root_type
,Kapitalertragsteuer 25%,,unspecified,,0,,Steuern Eink.u.Ertr,,,,Steuern Eink.u.Ertr / Kapitalertragsteuer 25%,missing_root_type
,Körperschaftsteuer,,unspecified,,0,,Steuern Eink.u.Ertr,,,,Steuern Eink.u.Ertr / Körperschaftsteuer,missing_root_type
,Körperschaftsteuer für Vorjahre,,unspecified,,0,,Steuern Eink.u.Ertr,,,,Steuern Eink.u.Ertr / Körperschaftsteuer für Vorjahre,missing_root_type
,Körperschaftsteuer-Erhöhung § 38 Abs. 5,,unspecified,,0,,Steuern Eink.u.Ertr,,,,Steuern Eink.u.Ertr / Körperschaftsteuer-Erhöhung § 38 Abs. 5,missing_root_type
,Körperschaftsteuererstattung VJ § 37,,unspecified,,0,,Steuern Eink.u.Ertr,,,,Steuern Eink.u.Ertr / Körperschaftsteuererstattung VJ § 37,missing_root_type
,Körperschaftsteuererstattung Vorjahre,,unspecified,,0,,Steuern Eink.u.Ertr,,,,Steuern Eink.u.Ertr / Körperschaftsteuererstattung Vorjahre,missing_root_type
,Sol. auf Kapitalertragsteuer 20%,,unspecified,,0,,Steuern Eink.u.Ertr,,,,Steuern Eink.u.Ertr / Sol. auf Kapitalertragsteuer 20%,missing_root_type
,Sol.z. auf Kapitalertragsteuer 25%,,unspecified,,0,,Steuern Eink.u.Ertr,,,,Steuern Eink.u.Ertr / Sol.z. auf Kapitalertragsteuer 25%,missing_root_type
,Solidaritätszuschl. auf Zinsabschlagst.,,unspecified,,0,,Steuern Eink.u.Ertr,,,,Steuern Eink.u.Ertr / Solidaritätszuschl. auf Zinsabschlagst.,missing_root_type
,Solidaritätszuschl.-Erstattung Vorjahre,,unspecified,,0,,Steuern Eink.u.Ertr,,,,Steuern Eink.u.Ertr / Solidaritätszuschl.-Erstattung Vorjahre,missing_root_type
,Solidaritätszuschlag,,unspecified,,0,,Steuern Eink.u.Ertr,,,,Steuern Eink.u.Ertr / Solidaritätszuschlag,missing_root_type
,Solidaritätszuschlag für Vorjahre,,unspecified,,0,,Steuern Eink.u.Ertr,,,,Steuern Eink.u.Ertr / Solidaritätszuschlag für Vorjahre,missing_root_type
,Zinsabschlagsteuer,,unspecified,,0,,Steuern Eink.u.Ertr,,,,Steuern Eink.u.Ertr / Zinsabschlagsteuer,missing_root_type
,Vortrags- Kapital- und Statistische Konten,asset,group,debit,1,,,,,,Vortrags- Kapital- und Statistische Konten,
,Aufgliederung der Rückstellungen,asset,group,debit,1,,Vortrags- Kapital- und Statistische Konten,,,,Vortrags- Kapital- und Statistische Konten / Aufgliederung der Rückstellungen,
,Gegenkonto zu Konto 9260 - 9268,asset,unspecified,debit,0,,Vortrags- Kapital- und Statistische Konten / Aufgliederung der Rückstellungen,,,,Vortrags- Kapital- und Statistische Konten / Aufgliederung der Rückstellungen / Gegenkonto zu Konto 9260 - 9268,
,Kurzfristige Rückstellungen,asset,unspecified,debit,0,,Vortrags- Kapital- und Statistische Konten / Aufgliederung der Rückstellungen,,,,Vortrags- Kapital- und Statistische Konten / Aufgliederung der Rückstellungen / Kurzfristige Rückstellungen,
,Langfristige Rückstellungen- außer Pensionen,asset,unspecified,debit,0,,Vortrags- Kapital- und Statistische Konten / Aufgliederung der Rückstellungen,,,,Vortrags- Kapital- und Statistische Konten / Aufgliederung der Rückstellungen / Langfristige Rückstellungen- außer Pensionen,
,Mittelfristige Rückstellungen,asset,unspecified,debit,0,,Vortrags- Kapital- und Statistische Konten / Aufgliederung der Rückstellungen,,,,Vortrags- Kapital- und Statistische Konten / Aufgliederung der Rückstellungen / Mittelfristige Rückstellungen,
,Ausgleichsposten für aktivierte eigene Anteile und Bilanzierungshilfen,asset,group,debit,1,,Vortrags- Kapital- und Statistische Konten,,,,Vortrags- Kapital- und Statistische Konten / Ausgleichsposten für aktivierte eigene Anteile und Bilanzierungshilfen,
,Ausgleichsposten für aktivierte Bilanzierungshilfen,asset,unspecified,debit,0,,Vortrags- Kapital- und Statistische Konten / Ausgleichsposten für aktivierte eigene Anteile und Bilanzierungshilfen,,,,Vortrags- Kapital- und Statistische Konten / Ausgleichsposten für aktivierte eigene Anteile und Bilanzierungshilfen / Ausgleichsposten für aktivierte Bilanzierungshilfen,
,Ausgleichsposten für aktivierte eigene Anteile,asset,unspecified,debit,0,,Vortrags- Kapital- und Statistische Konten / Ausgleichsposten für aktivierte eigene Anteile und Bilanzierungshilfen,,,,Vortrags- Kapital- und Statistische Konten / Ausgleichsposten für aktivierte eigene Anteile und Bilanzierungshilfen / Ausgleichsposten für aktivierte eigene Anteile,
,Eigenkapitalersetzende Gesellschafterdarlehen,asset,group,debit,1,,Vortrags- Kapital- und Statistische Konten,,,,Vortrags- Kapital- und Statistische Konten / Eigenkapitalersetzende Gesellschafterdarlehen,
,Eigenkapitalersetzende Gesellschafterdarlehen,asset,unspecified,debit,0,,Vortrags- Kapital- und Statistische Konten / Eigenkapitalersetzende Gesellschafterdarlehen,,,,Vortrags- Kapital- und Statistische Konten / Eigenkapitalersetzende Gesellschafterdarlehen / Eigenkapitalersetzende Gesellschafterdarlehen,
,Gegenkonto zu 9250 und 9255,asset,unspecified,debit,0,,Vortrags- Kapital- und Statistische Konten / Eigenkapitalersetzende Gesellschafterdarlehen,,,,Vortrags- Kapital- und Statistische Konten / Eigenkapitalersetzende Gesellschafterdarlehen / Gegenkonto zu 9250 und 9255,
,Ungesicherte Gesellschafterdarlehen mit Restlaufzeit größer 5 Jahre,asset,unspecified,debit,0,,Vortrags- Kapital- und Statistische Konten / Eigenkapitalersetzende Gesellschafterdarlehen,,,,Vortrags- Kapital- und Statistische Konten / Eigenkapitalersetzende Gesellschafterdarlehen / Ungesicherte Gesellschafterdarlehen mit Restlaufzeit größer 5 Jahre,
,Einzahlungsverpflichtungen im Bereich der Forderungen,asset,group,debit,1,,Vortrags- Kapital- und Statistische Konten,,,,Vortrags- Kapital- und Statistische Konten / Einzahlungsverpflichtungen im Bereich der Forderungen,
,Einzahlungsverpflichtungen Kommanditisten,asset,unspecified,debit,0,,Vortrags- Kapital- und Statistische Konten / Einzahlungsverpflichtungen im Bereich der Forderungen,,,,Vortrags- Kapital- und Statistische Konten / Einzahlungsverpflichtungen im Bereich der Forderungen / Einzahlungsverpflichtungen Kommanditisten,
,Einzahlungsverpflichtungen persönlich haftender Gesellschafter,asset,unspecified,debit,0,,Vortrags- Kapital- und Statistische Konten / Einzahlungsverpflichtungen im Bereich der Forderungen,,,,Vortrags- Kapital- und Statistische Konten / Einzahlungsverpflichtungen im Bereich der Forderungen / Einzahlungsverpflichtungen persönlich haftender Gesellschafter,
,Kapital Personenhandelsgesellschaft Teilhafter,asset,group,debit,1,,Vortrags- Kapital- und Statistische Konten,,,,Vortrags- Kapital- und Statistische Konten / Kapital Personenhandelsgesellschaft Teilhafter,
,Gesellschafter-Darlehen,asset,unspecified,debit,0,,Vortrags- Kapital- und Statistische Konten / Kapital Personenhandelsgesellschaft Teilhafter,,,,Vortrags- Kapital- und Statistische Konten / Kapital Personenhandelsgesellschaft Teilhafter / Gesellschafter-Darlehen,
,Verrechnungskonto für Einzahlungsverpflichtungen,asset,unspecified,debit,0,,Vortrags- Kapital- und Statistische Konten / Kapital Personenhandelsgesellschaft Teilhafter,,,,Vortrags- Kapital- und Statistische Konten / Kapital Personenhandelsgesellschaft Teilhafter / Verrechnungskonto für Einzahlungsverpflichtungen,
,Kapital Personenhandelsgesellschaft Vollhafter,asset,group,debit,1,,Vortrags- Kapital- und Statistische Konten,,,,Vortrags- Kapital- und Statistische Konten / Kapital Personenhandelsgesellschaft Vollhafter,
,Gesellschafter-Darlehen,asset,unspecified,debit,0,,Vortrags- Kapital- und Statistische Konten / Kapital Personenhandelsgesellschaft Vollhafter,,,,Vortrags- Kapital- und Statistische Konten / Kapital Personenhandelsgesellschaft Vollhafter / Gesellschafter-Darlehen,
,Verlust-/ Vortragskonto,asset,unspecified,debit,0,,Vortrags- Kapital- und Statistische Konten / Kapital Personenhandelsgesellschaft Vollhafter,,,,Vortrags- Kapital- und Statistische Konten / Kapital Personenhandelsgesellschaft Vollhafter / Verlust-/ Vortragskonto,
,Verrechnungskonto für Einzahlungsverpflichtungen,asset,unspecified,debit,0,,Vortrags- Kapital- und Statistische Konten / Kapital Personenhandelsgesellschaft Vollhafter,,,,Vortrags- Kapital- und Statistische Konten / Kapital Personenhandelsgesellschaft Vollhafter / Verrechnungskonto für Einzahlungsverpflichtungen,
,Nicht durch Vermögenseinlagen gedeckte Entnahmen,asset,group,debit,1,,Vortrags- Kapital- und Statistische Konten,,,,Vortrags- Kapital- und Statistische Konten / Nicht durch Vermögenseinlagen gedeckte Entnahmen,
,Nicht durch Vermögenseinlagen gedeckte Entnahmen Kommanditisten,asset,unspecified,debit,0,,Vortrags- Kapital- und Statistische Konten / Nicht durch Vermögenseinlagen gedeckte Entnahmen,,,,Vortrags- Kapital- und Statistische Konten / Nicht durch Vermögenseinlagen gedeckte Entnahmen / Nicht durch Vermögenseinlagen gedeckte Entnahmen Kommanditisten,
,Nicht durch Vermögenseinlagen gedeckte Entnahmen persönlich haftender Gesellschafter,asset,unspecified,debit,0,,Vortrags- Kapital- und Statistische Konten / Nicht durch Vermögenseinlagen gedeckte Entnahmen,,,,Vortrags- Kapital- und Statistische Konten / Nicht durch Vermögenseinlagen gedeckte Entnahmen / Nicht durch Vermögenseinlagen gedeckte Entnahmen persönlich haftender Gesellschafter,
,Passive Rechnungsabgrenzung,asset,group,debit,1,,Vortrags- Kapital- und Statistische Konten,,,,Vortrags- Kapital- und Statistische Konten / Passive Rechnungsabgrenzung,
,Baukostenzuschüsse,asset,unspecified,debit,0,,Vortrags- Kapital- und Statistische Konten / Passive Rechnungsabgrenzung,,,,Vortrags- Kapital- und Statistische Konten / Passive Rechnungsabgrenzung / Baukostenzuschüsse,
,Forderungen aus Sachanlagenverkäufen bei sonstigen Vermögensgegenständen,asset,unspecified,debit,0,,Vortrags- Kapital- und Statistische Konten / Passive Rechnungsabgrenzung,,,,Vortrags- Kapital- und Statistische Konten / Passive Rechnungsabgrenzung / Forderungen aus Sachanlagenverkäufen bei sonstigen Vermögensgegenständen,
,Forderungen aus Verkäufen immaterielle Vermögensgegenstände bei sonstigen Vermögensgegenständen,asset,unspecified,debit,0,,Vortrags- Kapital- und Statistische Konten / Passive Rechnungsabgrenzung,,,,Vortrags- Kapital- und Statistische Konten / Passive Rechnungsabgrenzung / Forderungen aus Verkäufen immaterielle Vermögensgegenstände bei sonstigen Vermögensgegenständen,
,Forderungen aus Verkäufen von Finanzanlagen bei sonstigen Vermögensgegenständen,asset,unspecified,debit,0,,Vortrags- Kapital- und Statistische Konten / Passive Rechnungsabgrenzung,,,,Vortrags- Kapital- und Statistische Konten / Passive Rechnungsabgrenzung / Forderungen aus Verkäufen von Finanzanlagen bei sonstigen Vermögensgegenständen,
,Gegenkonto zu Konten 9230- 9238,asset,unspecified,debit,0,,Vortrags- Kapital- und Statistische Konten / Passive Rechnungsabgrenzung,,,,Vortrags- Kapital- und Statistische Konten / Passive Rechnungsabgrenzung / Gegenkonto zu Konten 9230- 9238,
,Gegenkonto zu Konto 9240-43,asset,unspecified,debit,0,,Vortrags- Kapital- und Statistische Konten / Passive Rechnungsabgrenzung,,,,Vortrags- Kapital- und Statistische Konten / Passive Rechnungsabgrenzung / Gegenkonto zu Konto 9240-43,
,Gegenkonto zu Konto 9245-47,asset,unspecified,debit,0,,Vortrags- Kapital- und Statistische Konten / Passive Rechnungsabgrenzung,,,,Vortrags- Kapital- und Statistische Konten / Passive Rechnungsabgrenzung / Gegenkonto zu Konto 9245-47,
,Investitionsverbindlichkeiten aus Käufen von Finanzanlagen bei Leistungsverbindlichkeiten,asset,unspecified,debit,0,,Vortrags- Kapital- und Statistische Konten / Passive Rechnungsabgrenzung,,,,Vortrags- Kapital- und Statistische Konten / Passive Rechnungsabgrenzung / Investitionsverbindlichkeiten aus Käufen von Finanzanlagen bei Leistungsverbindlichkeiten,
,Investitionsverbindlichkeiten aus Käufen von immateriellen Vermögensgegenständen bei Leistungsverbindlichkeiten,asset,unspecified,debit,0,,Vortrags- Kapital- und Statistische Konten / Passive Rechnungsabgrenzung,,,,Vortrags- Kapital- und Statistische Konten / Passive Rechnungsabgrenzung / Investitionsverbindlichkeiten aus Käufen von immateriellen Vermögensgegenständen bei Leistungsverbindlichkeiten,
,Investitionsverbindlichkeiten aus Sachanlagenkäufen bei Leistungsverbindlichkeiten,asset,unspecified,debit,0,,Vortrags- Kapital- und Statistische Konten / Passive Rechnungsabgrenzung,,,,Vortrags- Kapital- und Statistische Konten / Passive Rechnungsabgrenzung / Investitionsverbindlichkeiten aus Sachanlagenkäufen bei Leistungsverbindlichkeiten,
,Investitionsverbindlichkeiten bei den Leistungsverbindlichkeiten,asset,unspecified,debit,0,,Vortrags- Kapital- und Statistische Konten / Passive Rechnungsabgrenzung,,,,Vortrags- Kapital- und Statistische Konten / Passive Rechnungsabgrenzung / Investitionsverbindlichkeiten bei den Leistungsverbindlichkeiten,
,Investitionszulagen,asset,unspecified,debit,0,,Vortrags- Kapital- und Statistische Konten / Passive Rechnungsabgrenzung,,,,Vortrags- Kapital- und Statistische Konten / Passive Rechnungsabgrenzung / Investitionszulagen,
,Investitionszuschüsse,asset,unspecified,debit,0,,Vortrags- Kapital- und Statistische Konten / Passive Rechnungsabgrenzung,,,,Vortrags- Kapital- und Statistische Konten / Passive Rechnungsabgrenzung / Investitionszuschüsse,
,Privat Teilhafter (für Verrechnung Gesellschafterdarlehen mit Eigenkapitalcharakter- Konto 9840-9849),asset,group,debit,1,,Vortrags- Kapital- und Statistische Konten,,,,Vortrags- Kapital- und Statistische Konten / Privat Teilhafter (für Verrechnung Gesellschafterdarlehen mit Eigenkapitalcharakter- Konto 9840-9849),
,Außergewöhnliche Belastungen,asset,unspecified,debit,0,,Vortrags- Kapital- und Statistische Konten / Privat Teilhafter (für Verrechnung Gesellschafterdarlehen mit Eigenkapitalcharakter- Konto 9840-9849),,,,Vortrags- Kapital- und Statistische Konten / Privat Teilhafter (für Verrechnung Gesellschafterdarlehen mit Eigenkapitalcharakter- Konto 9840-9849) / Außergewöhnliche Belastungen,
,Grundstücksaufwand,asset,unspecified,debit,0,,Vortrags- Kapital- und Statistische Konten / Privat Teilhafter (für Verrechnung Gesellschafterdarlehen mit Eigenkapitalcharakter- Konto 9840-9849),,,,Vortrags- Kapital- und Statistische Konten / Privat Teilhafter (für Verrechnung Gesellschafterdarlehen mit Eigenkapitalcharakter- Konto 9840-9849) / Grundstücksaufwand,
,Grundstücksertrag,asset,unspecified,debit,0,,Vortrags- Kapital- und Statistische Konten / Privat Teilhafter (für Verrechnung Gesellschafterdarlehen mit Eigenkapitalcharakter- Konto 9840-9849),,,,Vortrags- Kapital- und Statistische Konten / Privat Teilhafter (für Verrechnung Gesellschafterdarlehen mit Eigenkapitalcharakter- Konto 9840-9849) / Grundstücksertrag,
,Privateinlagen,asset,unspecified,debit,0,,Vortrags- Kapital- und Statistische Konten / Privat Teilhafter (für Verrechnung Gesellschafterdarlehen mit Eigenkapitalcharakter- Konto 9840-9849),,,,Vortrags- Kapital- und Statistische Konten / Privat Teilhafter (für Verrechnung Gesellschafterdarlehen mit Eigenkapitalcharakter- Konto 9840-9849) / Privateinlagen,
,Privatentnahmen allgemein,asset,unspecified,debit,0,,Vortrags- Kapital- und Statistische Konten / Privat Teilhafter (für Verrechnung Gesellschafterdarlehen mit Eigenkapitalcharakter- Konto 9840-9849),,,,Vortrags- Kapital- und Statistische Konten / Privat Teilhafter (für Verrechnung Gesellschafterdarlehen mit Eigenkapitalcharakter- Konto 9840-9849) / Privatentnahmen allgemein,
,Privatsteuern,asset,unspecified,debit,0,,Vortrags- Kapital- und Statistische Konten / Privat Teilhafter (für Verrechnung Gesellschafterdarlehen mit Eigenkapitalcharakter- Konto 9840-9849),,,,Vortrags- Kapital- und Statistische Konten / Privat Teilhafter (für Verrechnung Gesellschafterdarlehen mit Eigenkapitalcharakter- Konto 9840-9849) / Privatsteuern,
,Sonderausgaben beschränkt abzugsfähig,asset,unspecified,debit,0,,Vortrags- Kapital- und Statistische Konten / Privat Teilhafter (für Verrechnung Gesellschafterdarlehen mit Eigenkapitalcharakter- Konto 9840-9849),,,,Vortrags- Kapital- und Statistische Konten / Privat Teilhafter (für Verrechnung Gesellschafterdarlehen mit Eigenkapitalcharakter- Konto 9840-9849) / Sonderausgaben beschränkt abzugsfähig,
,Sonderausgaben unbeschränkt abzugsfähig,asset,unspecified,debit,0,,Vortrags- Kapital- und Statistische Konten / Privat Teilhafter (für Verrechnung Gesellschafterdarlehen mit Eigenkapitalcharakter- Konto 9840-9849),,,,Vortrags- Kapital- und Statistische Konten / Privat Teilhafter (für Verrechnung Gesellschafterdarlehen mit Eigenkapitalcharakter- Konto 9840-9849) / Sonderausgaben unbeschränkt abzugsfähig,
,Unentgeltliche Wertabgaben,asset,unspecified,debit,0,,Vortrags- Kapital- und Statistische Konten / Privat Teilhafter (für Verrechnung Gesellschafterdarlehen mit Eigenkapitalcharakter- Konto 9840-9849),,,,Vortrags- Kapital- und Statistische Konten / Privat Teilhafter (für Verrechnung Gesellschafterdarlehen mit Eigenkapitalcharakter- Konto 9840-9849) / Unentgeltliche Wertabgaben,
,Zuwendungen- Spenden,asset,unspecified,debit,0,,Vortrags- Kapital- und Statistische Konten / Privat Teilhafter (für Verrechnung Gesellschafterdarlehen mit Eigenkapitalcharakter- Konto 9840-9849),,,,Vortrags- Kapital- und Statistische Konten / Privat Teilhafter (für Verrechnung Gesellschafterdarlehen mit Eigenkapitalcharakter- Konto 9840-9849) / Zuwendungen- Spenden,
,Statistische Konten für 4 Abs. 3 EStG,asset,group,debit,1,,Vortrags- Kapital- und Statistische Konten,,,,Vortrags- Kapital- und Statistische Konten / Statistische Konten für 4 Abs. 3 EStG,
,Einlagen stiller Gesellschafter,asset,group,debit,1,,Vortrags- Kapital- und Statistische Konten / Statistische Konten für 4 Abs. 3 EStG,,,,Vortrags- Kapital- und Statistische Konten / Statistische Konten für 4 Abs. 3 EStG / Einlagen stiller Gesellschafter,
,Einlagen stiller Gesellschafter,asset,unspecified,debit,0,,Vortrags- Kapital- und Statistische Konten / Statistische Konten für 4 Abs. 3 EStG / Einlagen stiller Gesellschafter,,,,Vortrags- Kapital- und Statistische Konten / Statistische Konten für 4 Abs. 3 EStG / Einlagen stiller Gesellschafter / Einlagen stiller Gesellschafter,
,Gegenkonto zu 9287 und 9288,asset,unspecified,debit,0,,Vortrags- Kapital- und Statistische Konten / Statistische Konten für 4 Abs. 3 EStG,,,,Vortrags- Kapital- und Statistische Konten / Statistische Konten für 4 Abs. 3 EStG / Gegenkonto zu 9287 und 9288,
,Gegenkonto zu 9290,asset,unspecified,debit,0,,Vortrags- Kapital- und Statistische Konten / Statistische Konten für 4 Abs. 3 EStG,,,,Vortrags- Kapital- und Statistische Konten / Statistische Konten für 4 Abs. 3 EStG / Gegenkonto zu 9290,
,Gegenkonto zu 9292,asset,unspecified,debit,0,,Vortrags- Kapital- und Statistische Konten / Statistische Konten für 4 Abs. 3 EStG,,,,Vortrags- Kapital- und Statistische Konten / Statistische Konten für 4 Abs. 3 EStG / Gegenkonto zu 9292,
,Mahngebühren bei Buchungen über Debitoren bei § 4 Abs. 3 EStG,asset,unspecified,debit,0,,Vortrags- Kapital- und Statistische Konten / Statistische Konten für 4 Abs. 3 EStG,,,,Vortrags- Kapital- und Statistische Konten / Statistische Konten für 4 Abs. 3 EStG / Mahngebühren bei Buchungen über Debitoren bei § 4 Abs. 3 EStG,
,Statistisches Konto Fremdgeld,asset,unspecified,debit,0,,Vortrags- Kapital- und Statistische Konten / Statistische Konten für 4 Abs. 3 EStG,,,,Vortrags- Kapital- und Statistische Konten / Statistische Konten für 4 Abs. 3 EStG / Statistisches Konto Fremdgeld,
,Statistisches Konto steuerfreie Auslagen,asset,unspecified,debit,0,,Vortrags- Kapital- und Statistische Konten / Statistische Konten für 4 Abs. 3 EStG,,,,Vortrags- Kapital- und Statistische Konten / Statistische Konten für 4 Abs. 3 EStG / Statistisches Konto steuerfreie Auslagen,
,Steuerrechtlicher Ausgleichsposten,asset,group,debit,1,,Vortrags- Kapital- und Statistische Konten / Statistische Konten für 4 Abs. 3 EStG,,,,Vortrags- Kapital- und Statistische Konten / Statistische Konten für 4 Abs. 3 EStG / Steuerrechtlicher Ausgleichsposten,
,Steuerrechtlicher Ausgleichsposten,asset,unspecified,debit,0,,Vortrags- Kapital- und Statistische Konten / Statistische Konten für 4 Abs. 3 EStG / Steuerrechtlicher Ausgleichsposten,,,,Vortrags- Kapital- und Statistische Konten / Statistische Konten für 4 Abs. 3 EStG / Steuerrechtlicher Ausgleichsposten / Steuerrechtlicher Ausgleichsposten,
,Zinsen bei Buchungen über Debitoren bei § 4 Abs. 3 EStG,asset,unspecified,debit,0,,Vortrags- Kapital- und Statistische Konten / Statistische Konten für 4 Abs. 3 EStG,,,,Vortrags- Kapital- und Statistische Konten / Statistische Konten für 4 Abs. 3 EStG / Zinsen bei Buchungen über Debitoren bei § 4 Abs. 3 EStG,
,Statistische Konten für Betriebswirtschaftliche Auswertungen (BWA),asset,group,debit,1,,Vortrags- Kapital- und Statistische Konten,,,,Vortrags- Kapital- und Statistische Konten / Statistische Konten für Betriebswirtschaftliche Auswertungen (BWA),
,Anzahl Kreditkunden aufgelaufen,asset,unspecified,debit,0,,Vortrags- Kapital- und Statistische Konten / Statistische Konten für Betriebswirtschaftliche Auswertungen (BWA),,,,Vortrags- Kapital- und Statistische Konten / Statistische Konten für Betriebswirtschaftliche Auswertungen (BWA) / Anzahl Kreditkunden aufgelaufen,
,Anzahl Kreditkunden monatlich,asset,unspecified,debit,0,,Vortrags- Kapital- und Statistische Konten / Statistische Konten für Betriebswirtschaftliche Auswertungen (BWA),,,,Vortrags- Kapital- und Statistische Konten / Statistische Konten für Betriebswirtschaftliche Auswertungen (BWA) / Anzahl Kreditkunden monatlich,
,Anzahl Rechnungen,asset,unspecified,debit,0,,Vortrags- Kapital- und Statistische Konten / Statistische Konten für Betriebswirtschaftliche Auswertungen (BWA),,,,Vortrags- Kapital- und Statistische Konten / Statistische Konten für Betriebswirtschaftliche Auswertungen (BWA) / Anzahl Rechnungen,
,Anzahl der Barkunden,asset,unspecified,debit,0,,Vortrags- Kapital- und Statistische Konten / Statistische Konten für Betriebswirtschaftliche Auswertungen (BWA),,,,Vortrags- Kapital- und Statistische Konten / Statistische Konten für Betriebswirtschaftliche Auswertungen (BWA) / Anzahl der Barkunden,
,Auftragsbestand,asset,unspecified,debit,0,,Vortrags- Kapital- und Statistische Konten / Statistische Konten für Betriebswirtschaftliche Auswertungen (BWA),,,,Vortrags- Kapital- und Statistische Konten / Statistische Konten für Betriebswirtschaftliche Auswertungen (BWA) / Auftragsbestand,
,Auftragseingang im Geschäftsjahr,asset,unspecified,debit,0,,Vortrags- Kapital- und Statistische Konten / Statistische Konten für Betriebswirtschaftliche Auswertungen (BWA),,,,Vortrags- Kapital- und Statistische Konten / Statistische Konten für Betriebswirtschaftliche Auswertungen (BWA) / Auftragseingang im Geschäftsjahr,
,Beschäftigte Personen,asset,unspecified,debit,0,,Vortrags- Kapital- und Statistische Konten / Statistische Konten für Betriebswirtschaftliche Auswertungen (BWA),,,,Vortrags- Kapital- und Statistische Konten / Statistische Konten für Betriebswirtschaftliche Auswertungen (BWA) / Beschäftigte Personen,
,Erweiterungsinvestitionen,asset,unspecified,debit,0,,Vortrags- Kapital- und Statistische Konten / Statistische Konten für Betriebswirtschaftliche Auswertungen (BWA),,,,Vortrags- Kapital- und Statistische Konten / Statistische Konten für Betriebswirtschaftliche Auswertungen (BWA) / Erweiterungsinvestitionen,
,Gegenkonto für statistische Mengeneinheiten Konten 9101-9107 und Konten 9116-9118,asset,unspecified,debit,0,,Vortrags- Kapital- und Statistische Konten / Statistische Konten für Betriebswirtschaftliche Auswertungen (BWA),,,,Vortrags- Kapital- und Statistische Konten / Statistische Konten für Betriebswirtschaftliche Auswertungen (BWA) / Gegenkonto für statistische Mengeneinheiten Konten 9101-9107 und Konten 9116-9118,
,Gegenkonto zu Konten 9120- 9135-9140,asset,unspecified,debit,0,,Vortrags- Kapital- und Statistische Konten / Statistische Konten für Betriebswirtschaftliche Auswertungen (BWA),,,,Vortrags- Kapital- und Statistische Konten / Statistische Konten für Betriebswirtschaftliche Auswertungen (BWA) / Gegenkonto zu Konten 9120- 9135-9140,
,Geschäftsraum m2,asset,unspecified,debit,0,,Vortrags- Kapital- und Statistische Konten / Statistische Konten für Betriebswirtschaftliche Auswertungen (BWA),,,,Vortrags- Kapital- und Statistische Konten / Statistische Konten für Betriebswirtschaftliche Auswertungen (BWA) / Geschäftsraum m2,
,Unbezahlte Personen,asset,unspecified,debit,0,,Vortrags- Kapital- und Statistische Konten / Statistische Konten für Betriebswirtschaftliche Auswertungen (BWA),,,,Vortrags- Kapital- und Statistische Konten / Statistische Konten für Betriebswirtschaftliche Auswertungen (BWA) / Unbezahlte Personen,
,Verkaufskräfte,asset,unspecified,debit,0,,Vortrags- Kapital- und Statistische Konten / Statistische Konten für Betriebswirtschaftliche Auswertungen (BWA),,,,Vortrags- Kapital- und Statistische Konten / Statistische Konten für Betriebswirtschaftliche Auswertungen (BWA) / Verkaufskräfte,
,Verkaufsraum m2,asset,unspecified,debit,0,,Vortrags- Kapital- und Statistische Konten / Statistische Konten für Betriebswirtschaftliche Auswertungen (BWA),,,,Vortrags- Kapital- und Statistische Konten / Statistische Konten für Betriebswirtschaftliche Auswertungen (BWA) / Verkaufsraum m2,
,Verkaufstage,asset,unspecified,debit,0,,Vortrags- Kapital- und Statistische Konten / Statistische Konten für Betriebswirtschaftliche Auswertungen (BWA),,,,Vortrags- Kapital- und Statistische Konten / Statistische Konten für Betriebswirtschaftliche Auswertungen (BWA) / Verkaufstage,
,Statistische Konten für Gewinnzuschlag,asset,group,debit,1,,Vortrags- Kapital- und Statistische Konten,,,,Vortrags- Kapital- und Statistische Konten / Statistische Konten für Gewinnzuschlag,
,Statistische Konten für den Gewinnzuschlag nach §§ 6b- 6c und 7g EStG (Haben-Buchung),asset,unspecified,debit,0,,Vortrags- Kapital- und Statistische Konten / Statistische Konten für Gewinnzuschlag,,,,Vortrags- Kapital- und Statistische Konten / Statistische Konten für Gewinnzuschlag / Statistische Konten für den Gewinnzuschlag nach §§ 6b- 6c und 7g EStG (Haben-Buchung),
,Statistische Konten für den Gewinnzuschlag- Gegenkonto zu 9890,asset,unspecified,debit,0,,Vortrags- Kapital- und Statistische Konten / Statistische Konten für Gewinnzuschlag,,,,Vortrags- Kapital- und Statistische Konten / Statistische Konten für Gewinnzuschlag / Statistische Konten für den Gewinnzuschlag- Gegenkonto zu 9890,
,Statistische Konten für den Kennziffernteil der Bilanz,asset,group,debit,1,,Vortrags- Kapital- und Statistische Konten,,,,Vortrags- Kapital- und Statistische Konten / Statistische Konten für den Kennziffernteil der Bilanz,
,Beschäftigte Personen,asset,unspecified,debit,0,,Vortrags- Kapital- und Statistische Konten / Statistische Konten für den Kennziffernteil der Bilanz,,,,Vortrags- Kapital- und Statistische Konten / Statistische Konten für den Kennziffernteil der Bilanz / Beschäftigte Personen,
,Gegenkonto zu 9200,asset,unspecified,debit,0,,Vortrags- Kapital- und Statistische Konten / Statistische Konten für den Kennziffernteil der Bilanz,,,,Vortrags- Kapital- und Statistische Konten / Statistische Konten für den Kennziffernteil der Bilanz / Gegenkonto zu 9200,
,Gegenkonto zu 9210,asset,unspecified,debit,0,,Vortrags- Kapital- und Statistische Konten / Statistische Konten für den Kennziffernteil der Bilanz,,,,Vortrags- Kapital- und Statistische Konten / Statistische Konten für den Kennziffernteil der Bilanz / Gegenkonto zu 9210,
,Produktive Löhne,asset,unspecified,debit,0,,Vortrags- Kapital- und Statistische Konten / Statistische Konten für den Kennziffernteil der Bilanz,,,,Vortrags- Kapital- und Statistische Konten / Statistische Konten für den Kennziffernteil der Bilanz / Produktive Löhne,
,Statistische Konten für die Kapitalkontenentwicklung,asset,group,debit,1,,Vortrags- Kapital- und Statistische Konten,,,,Vortrags- Kapital- und Statistische Konten / Statistische Konten für die Kapitalkontenentwicklung,
,Anteil für Konto 9840-49 Teilhafter,asset,unspecified,debit,0,,Vortrags- Kapital- und Statistische Konten / Statistische Konten für die Kapitalkontenentwicklung,,,,Vortrags- Kapital- und Statistische Konten / Statistische Konten für die Kapitalkontenentwicklung / Anteil für Konto 9840-49 Teilhafter,
,Anteil für Konto Teilhafter 0080,asset,unspecified,debit,0,,Vortrags- Kapital- und Statistische Konten / Statistische Konten für die Kapitalkontenentwicklung,,,,Vortrags- Kapital- und Statistische Konten / Statistische Konten für die Kapitalkontenentwicklung / Anteil für Konto Teilhafter 0080,
,Anteil für Konto Teilhafter 0081,asset,unspecified,debit,0,,Vortrags- Kapital- und Statistische Konten / Statistische Konten für die Kapitalkontenentwicklung,,,,Vortrags- Kapital- und Statistische Konten / Statistische Konten für die Kapitalkontenentwicklung / Anteil für Konto Teilhafter 0081,
,Anteil für Konto Teilhafter 0082,asset,unspecified,debit,0,,Vortrags- Kapital- und Statistische Konten / Statistische Konten für die Kapitalkontenentwicklung,,,,Vortrags- Kapital- und Statistische Konten / Statistische Konten für die Kapitalkontenentwicklung / Anteil für Konto Teilhafter 0082,
,Anteil für Konto Teilhafter 0083,asset,unspecified,debit,0,,Vortrags- Kapital- und Statistische Konten / Statistische Konten für die Kapitalkontenentwicklung,,,,Vortrags- Kapital- und Statistische Konten / Statistische Konten für die Kapitalkontenentwicklung / Anteil für Konto Teilhafter 0083,
,Anteil für Konto Teilhafter 0084,asset,unspecified,debit,0,,Vortrags- Kapital- und Statistische Konten / Statistische Konten für die Kapitalkontenentwicklung,,,,Vortrags- Kapital- und Statistische Konten / Statistische Konten für die Kapitalkontenentwicklung / Anteil für Konto Teilhafter 0084,
,Anteil für Konto Teilhafter 0085,asset,unspecified,debit,0,,Vortrags- Kapital- und Statistische Konten / Statistische Konten für die Kapitalkontenentwicklung,,,,Vortrags- Kapital- und Statistische Konten / Statistische Konten für die Kapitalkontenentwicklung / Anteil für Konto Teilhafter 0085,
,Anteil für Konto Teilhafter 0086,asset,unspecified,debit,0,,Vortrags- Kapital- und Statistische Konten / Statistische Konten für die Kapitalkontenentwicklung,,,,Vortrags- Kapital- und Statistische Konten / Statistische Konten für die Kapitalkontenentwicklung / Anteil für Konto Teilhafter 0086,
,Anteil für Konto Teilhafter 0087,asset,unspecified,debit,0,,Vortrags- Kapital- und Statistische Konten / Statistische Konten für die Kapitalkontenentwicklung,,,,Vortrags- Kapital- und Statistische Konten / Statistische Konten für die Kapitalkontenentwicklung / Anteil für Konto Teilhafter 0087,
,Anteil für Konto Teilhafter 0088,asset,unspecified,debit,0,,Vortrags- Kapital- und Statistische Konten / Statistische Konten für die Kapitalkontenentwicklung,,,,Vortrags- Kapital- und Statistische Konten / Statistische Konten für die Kapitalkontenentwicklung / Anteil für Konto Teilhafter 0088,
,Anteil für Konto Teilhafter 0089,asset,unspecified,debit,0,,Vortrags- Kapital- und Statistische Konten / Statistische Konten für die Kapitalkontenentwicklung,,,,Vortrags- Kapital- und Statistische Konten / Statistische Konten für die Kapitalkontenentwicklung / Anteil für Konto Teilhafter 0089,
,Anteil für Konto Teilhafter 2050,asset,unspecified,debit,0,,Vortrags- Kapital- und Statistische Konten / Statistische Konten für die Kapitalkontenentwicklung,,,,Vortrags- Kapital- und Statistische Konten / Statistische Konten für die Kapitalkontenentwicklung / Anteil für Konto Teilhafter 2050,
,Anteil für Konto Teilhafter 2051,asset,unspecified,debit,0,,Vortrags- Kapital- und Statistische Konten / Statistische Konten für die Kapitalkontenentwicklung,,,,Vortrags- Kapital- und Statistische Konten / Statistische Konten für die Kapitalkontenentwicklung / Anteil für Konto Teilhafter 2051,
,Anteil für Konto Teilhafter 2052,asset,unspecified,debit,0,,Vortrags- Kapital- und Statistische Konten / Statistische Konten für die Kapitalkontenentwicklung,,,,Vortrags- Kapital- und Statistische Konten / Statistische Konten für die Kapitalkontenentwicklung / Anteil für Konto Teilhafter 2052,
,Anteil für Konto Teilhafter 2053,asset,unspecified,debit,0,,Vortrags- Kapital- und Statistische Konten / Statistische Konten für die Kapitalkontenentwicklung,,,,Vortrags- Kapital- und Statistische Konten / Statistische Konten für die Kapitalkontenentwicklung / Anteil für Konto Teilhafter 2053,
,Anteil für Konto Teilhafter 2054,asset,unspecified,debit,0,,Vortrags- Kapital- und Statistische Konten / Statistische Konten für die Kapitalkontenentwicklung,,,,Vortrags- Kapital- und Statistische Konten / Statistische Konten für die Kapitalkontenentwicklung / Anteil für Konto Teilhafter 2054,
,Anteil für Konto Teilhafter 2055,asset,unspecified,debit,0,,Vortrags- Kapital- und Statistische Konten / Statistische Konten für die Kapitalkontenentwicklung,,,,Vortrags- Kapital- und Statistische Konten / Statistische Konten für die Kapitalkontenentwicklung / Anteil für Konto Teilhafter 2055,
,Anteil für Konto Teilhafter 2056,asset,unspecified,debit,0,,Vortrags- Kapital- und Statistische Konten / Statistische Konten für die Kapitalkontenentwicklung,,,,Vortrags- Kapital- und Statistische Konten / Statistische Konten für die Kapitalkontenentwicklung / Anteil für Konto Teilhafter 2056,
,Anteil für Konto Teilhafter 2057,asset,unspecified,debit,0,,Vortrags- Kapital- und Statistische Konten / Statistische Konten für die Kapitalkontenentwicklung,,,,Vortrags- Kapital- und Statistische Konten / Statistische Konten für die Kapitalkontenentwicklung / Anteil für Konto Teilhafter 2057,
,Anteil für Konto Teilhafter 2058,asset,unspecified,debit,0,,Vortrags- Kapital- und Statistische Konten / Statistische Konten für die Kapitalkontenentwicklung,,,,Vortrags- Kapital- und Statistische Konten / Statistische Konten für die Kapitalkontenentwicklung / Anteil für Konto Teilhafter 2058,
,Anteil für Konto Teilhafter 2059,asset,unspecified,debit,0,,Vortrags- Kapital- und Statistische Konten / Statistische Konten für die Kapitalkontenentwicklung,,,,Vortrags- Kapital- und Statistische Konten / Statistische Konten für die Kapitalkontenentwicklung / Anteil für Konto Teilhafter 2059,
,Anteil für Konto Teilhafter 2060,asset,unspecified,debit,0,,Vortrags- Kapital- und Statistische Konten / Statistische Konten für die Kapitalkontenentwicklung,,,,Vortrags- Kapital- und Statistische Konten / Statistische Konten für die Kapitalkontenentwicklung / Anteil für Konto Teilhafter 2060,
,Anteil für Konto Teilhafter 2061,asset,unspecified,debit,0,,Vortrags- Kapital- und Statistische Konten / Statistische Konten für die Kapitalkontenentwicklung,,,,Vortrags- Kapital- und Statistische Konten / Statistische Konten für die Kapitalkontenentwicklung / Anteil für Konto Teilhafter 2061,
,Anteil für Konto Teilhafter 2062,asset,unspecified,debit,0,,Vortrags- Kapital- und Statistische Konten / Statistische Konten für die Kapitalkontenentwicklung,,,,Vortrags- Kapital- und Statistische Konten / Statistische Konten für die Kapitalkontenentwicklung / Anteil für Konto Teilhafter 2062,
,Anteil für Konto Teilhafter 2063,asset,unspecified,debit,0,,Vortrags- Kapital- und Statistische Konten / Statistische Konten für die Kapitalkontenentwicklung,,,,Vortrags- Kapital- und Statistische Konten / Statistische Konten für die Kapitalkontenentwicklung / Anteil für Konto Teilhafter 2063,
,Anteil für Konto Teilhafter 2064,asset,unspecified,debit,0,,Vortrags- Kapital- und Statistische Konten / Statistische Konten für die Kapitalkontenentwicklung,,,,Vortrags- Kapital- und Statistische Konten / Statistische Konten für die Kapitalkontenentwicklung / Anteil für Konto Teilhafter 2064,
,Anteil für Konto Teilhafter 2065,asset,unspecified,debit,0,,Vortrags- Kapital- und Statistische Konten / Statistische Konten für die Kapitalkontenentwicklung,,,,Vortrags- Kapital- und Statistische Konten / Statistische Konten für die Kapitalkontenentwicklung / Anteil für Konto Teilhafter 2065,
,Anteil für Konto Teilhafter 2066,asset,unspecified,debit,0,,Vortrags- Kapital- und Statistische Konten / Statistische Konten für die Kapitalkontenentwicklung,,,,Vortrags- Kapital- und Statistische Konten / Statistische Konten für die Kapitalkontenentwicklung / Anteil für Konto Teilhafter 2066,
,Anteil für Konto Teilhafter 2067,asset,unspecified,debit,0,,Vortrags- Kapital- und Statistische Konten / Statistische Konten für die Kapitalkontenentwicklung,,,,Vortrags- Kapital- und Statistische Konten / Statistische Konten für die Kapitalkontenentwicklung / Anteil für Konto Teilhafter 2067,
,Anteil für Konto Teilhafter 2068,asset,unspecified,debit,0,,Vortrags- Kapital- und Statistische Konten / Statistische Konten für die Kapitalkontenentwicklung,,,,Vortrags- Kapital- und Statistische Konten / Statistische Konten für die Kapitalkontenentwicklung / Anteil für Konto Teilhafter 2068,
,Anteil für Konto Teilhafter 2069,asset,unspecified,debit,0,,Vortrags- Kapital- und Statistische Konten / Statistische Konten für die Kapitalkontenentwicklung,,,,Vortrags- Kapital- und Statistische Konten / Statistische Konten für die Kapitalkontenentwicklung / Anteil für Konto Teilhafter 2069,
,Anteil für Konto Teilhafter 2070,asset,unspecified,debit,0,,Vortrags- Kapital- und Statistische Konten / Statistische Konten für die Kapitalkontenentwicklung,,,,Vortrags- Kapital- und Statistische Konten / Statistische Konten für die Kapitalkontenentwicklung / Anteil für Konto Teilhafter 2070,
,Anteil für Konto Teilhafter 2071,asset,unspecified,debit,0,,Vortrags- Kapital- und Statistische Konten / Statistische Konten für die Kapitalkontenentwicklung,,,,Vortrags- Kapital- und Statistische Konten / Statistische Konten für die Kapitalkontenentwicklung / Anteil für Konto Teilhafter 2071,
,Anteil für Konto Teilhafter 2072,asset,unspecified,debit,0,,Vortrags- Kapital- und Statistische Konten / Statistische Konten für die Kapitalkontenentwicklung,,,,Vortrags- Kapital- und Statistische Konten / Statistische Konten für die Kapitalkontenentwicklung / Anteil für Konto Teilhafter 2072,
,Anteil für Konto Teilhafter 2073,asset,unspecified,debit,0,,Vortrags- Kapital- und Statistische Konten / Statistische Konten für die Kapitalkontenentwicklung,,,,Vortrags- Kapital- und Statistische Konten / Statistische Konten für die Kapitalkontenentwicklung / Anteil für Konto Teilhafter 2073,
,Anteil für Konto Teilhafter 2074,asset,unspecified,debit,0,,Vortrags- Kapital- und Statistische Konten / Statistische Konten für die Kapitalkontenentwicklung,,,,Vortrags- Kapital- und Statistische Konten / Statistische Konten für die Kapitalkontenentwicklung / Anteil für Konto Teilhafter 2074,
,Anteil für Konto Teilhafter 2075,asset,unspecified,debit,0,,Vortrags- Kapital- und Statistische Konten / Statistische Konten für die Kapitalkontenentwicklung,,,,Vortrags- Kapital- und Statistische Konten / Statistische Konten für die Kapitalkontenentwicklung / Anteil für Konto Teilhafter 2075,
,Anteil für Konto Teilhafter 2076,asset,unspecified,debit,0,,Vortrags- Kapital- und Statistische Konten / Statistische Konten für die Kapitalkontenentwicklung,,,,Vortrags- Kapital- und Statistische Konten / Statistische Konten für die Kapitalkontenentwicklung / Anteil für Konto Teilhafter 2076,
,Anteil für Konto Teilhafter 2077,asset,unspecified,debit,0,,Vortrags- Kapital- und Statistische Konten / Statistische Konten für die Kapitalkontenentwicklung,,,,Vortrags- Kapital- und Statistische Konten / Statistische Konten für die Kapitalkontenentwicklung / Anteil für Konto Teilhafter 2077,
,Anteil für Konto Teilhafter 2078,asset,unspecified,debit,0,,Vortrags- Kapital- und Statistische Konten / Statistische Konten für die Kapitalkontenentwicklung,,,,Vortrags- Kapital- und Statistische Konten / Statistische Konten für die Kapitalkontenentwicklung / Anteil für Konto Teilhafter 2078,
,Anteil für Konto Teilhafter 2079,asset,unspecified,debit,0,,Vortrags- Kapital- und Statistische Konten / Statistische Konten für die Kapitalkontenentwicklung,,,,Vortrags- Kapital- und Statistische Konten / Statistische Konten für die Kapitalkontenentwicklung / Anteil für Konto Teilhafter 2079,
,Anteil für Konto Vollhafter 0060,asset,unspecified,debit,0,,Vortrags- Kapital- und Statistische Konten / Statistische Konten für die Kapitalkontenentwicklung,,,,Vortrags- Kapital- und Statistische Konten / Statistische Konten für die Kapitalkontenentwicklung / Anteil für Konto Vollhafter 0060,
,Anteil für Konto Vollhafter 0061,asset,unspecified,debit,0,,Vortrags- Kapital- und Statistische Konten / Statistische Konten für die Kapitalkontenentwicklung,,,,Vortrags- Kapital- und Statistische Konten / Statistische Konten für die Kapitalkontenentwicklung / Anteil für Konto Vollhafter 0061,
,Anteil für Konto Vollhafter 0062,asset,unspecified,debit,0,,Vortrags- Kapital- und Statistische Konten / Statistische Konten für die Kapitalkontenentwicklung,,,,Vortrags- Kapital- und Statistische Konten / Statistische Konten für die Kapitalkontenentwicklung / Anteil für Konto Vollhafter 0062,
,Anteil für Konto Vollhafter 0063,asset,unspecified,debit,0,,Vortrags- Kapital- und Statistische Konten / Statistische Konten für die Kapitalkontenentwicklung,,,,Vortrags- Kapital- und Statistische Konten / Statistische Konten für die Kapitalkontenentwicklung / Anteil für Konto Vollhafter 0063,
,Anteil für Konto Vollhafter 0064,asset,unspecified,debit,0,,Vortrags- Kapital- und Statistische Konten / Statistische Konten für die Kapitalkontenentwicklung,,,,Vortrags- Kapital- und Statistische Konten / Statistische Konten für die Kapitalkontenentwicklung / Anteil für Konto Vollhafter 0064,
,Anteil für Konto Vollhafter 0065,asset,unspecified,debit,0,,Vortrags- Kapital- und Statistische Konten / Statistische Konten für die Kapitalkontenentwicklung,,,,Vortrags- Kapital- und Statistische Konten / Statistische Konten für die Kapitalkontenentwicklung / Anteil für Konto Vollhafter 0065,
,Anteil für Konto Vollhafter 0066,asset,unspecified,debit,0,,Vortrags- Kapital- und Statistische Konten / Statistische Konten für die Kapitalkontenentwicklung,,,,Vortrags- Kapital- und Statistische Konten / Statistische Konten für die Kapitalkontenentwicklung / Anteil für Konto Vollhafter 0066,
,Anteil für Konto Vollhafter 0067,asset,unspecified,debit,0,,Vortrags- Kapital- und Statistische Konten / Statistische Konten für die Kapitalkontenentwicklung,,,,Vortrags- Kapital- und Statistische Konten / Statistische Konten für die Kapitalkontenentwicklung / Anteil für Konto Vollhafter 0067,
,Anteil für Konto Vollhafter 0068,asset,unspecified,debit,0,,Vortrags- Kapital- und Statistische Konten / Statistische Konten für die Kapitalkontenentwicklung,,,,Vortrags- Kapital- und Statistische Konten / Statistische Konten für die Kapitalkontenentwicklung / Anteil für Konto Vollhafter 0068,
,Anteil für Konto Vollhafter 0069,asset,unspecified,debit,0,,Vortrags- Kapital- und Statistische Konten / Statistische Konten für die Kapitalkontenentwicklung,,,,Vortrags- Kapital- und Statistische Konten / Statistische Konten für die Kapitalkontenentwicklung / Anteil für Konto Vollhafter 0069,
,Anteil für Konto Vollhafter 2000,asset,unspecified,debit,0,,Vortrags- Kapital- und Statistische Konten / Statistische Konten für die Kapitalkontenentwicklung,,,,Vortrags- Kapital- und Statistische Konten / Statistische Konten für die Kapitalkontenentwicklung / Anteil für Konto Vollhafter 2000,
,Anteil für Konto Vollhafter 2001,asset,unspecified,debit,0,,Vortrags- Kapital- und Statistische Konten / Statistische Konten für die Kapitalkontenentwicklung,,,,Vortrags- Kapital- und Statistische Konten / Statistische Konten für die Kapitalkontenentwicklung / Anteil für Konto Vollhafter 2001,
,Anteil für Konto Vollhafter 2002,asset,unspecified,debit,0,,Vortrags- Kapital- und Statistische Konten / Statistische Konten für die Kapitalkontenentwicklung,,,,Vortrags- Kapital- und Statistische Konten / Statistische Konten für die Kapitalkontenentwicklung / Anteil für Konto Vollhafter 2002,
,Anteil für Konto Vollhafter 2003,asset,unspecified,debit,0,,Vortrags- Kapital- und Statistische Konten / Statistische Konten für die Kapitalkontenentwicklung,,,,Vortrags- Kapital- und Statistische Konten / Statistische Konten für die Kapitalkontenentwicklung / Anteil für Konto Vollhafter 2003,
,Anteil für Konto Vollhafter 2004,asset,unspecified,debit,0,,Vortrags- Kapital- und Statistische Konten / Statistische Konten für die Kapitalkontenentwicklung,,,,Vortrags- Kapital- und Statistische Konten / Statistische Konten für die Kapitalkontenentwicklung / Anteil für Konto Vollhafter 2004,
,Anteil für Konto Vollhafter 2005,asset,unspecified,debit,0,,Vortrags- Kapital- und Statistische Konten / Statistische Konten für die Kapitalkontenentwicklung,,,,Vortrags- Kapital- und Statistische Konten / Statistische Konten für die Kapitalkontenentwicklung / Anteil für Konto Vollhafter 2005,
,Anteil für Konto Vollhafter 2006,asset,unspecified,debit,0,,Vortrags- Kapital- und Statistische Konten / Statistische Konten für die Kapitalkontenentwicklung,,,,Vortrags- Kapital- und Statistische Konten / Statistische Konten für die Kapitalkontenentwicklung / Anteil für Konto Vollhafter 2006,
,Anteil für Konto Vollhafter 2007,asset,unspecified,debit,0,,Vortrags- Kapital- und Statistische Konten / Statistische Konten für die Kapitalkontenentwicklung,,,,Vortrags- Kapital- und Statistische Konten / Statistische Konten für die Kapitalkontenentwicklung / Anteil für Konto Vollhafter 2007,
,Anteil für Konto Vollhafter 2008,asset,unspecified,debit,0,,Vortrags- Kapital- und Statistische Konten / Statistische Konten für die Kapitalkontenentwicklung,,,,Vortrags- Kapital- und Statistische Konten / Statistische Konten für die Kapitalkontenentwicklung / Anteil für Konto Vollhafter 2008,
,Anteil für Konto Vollhafter 2009,asset,unspecified,debit,0,,Vortrags- Kapital- und Statistische Konten / Statistische Konten für die Kapitalkontenentwicklung,,,,Vortrags- Kapital- und Statistische Konten / Statistische Konten für die Kapitalkontenentwicklung / Anteil für Konto Vollhafter 2009,
,Anteil für Konto Vollhafter 2010,asset,unspecified,debit,0,,Vortrags- Kapital- und Statistische Konten / Statistische Konten für die Kapitalkontenentwicklung,,,,Vortrags- Kapital- und Statistische Konten / Statistische Konten für die Kapitalkontenentwicklung / Anteil für Konto Vollhafter 2010,
,Anteil für Konto Vollhafter 2011,asset,unspecified,debit,0,,Vortrags- Kapital- und Statistische Konten / Statistische Konten für die Kapitalkontenentwicklung,,,,Vortrags- Kapital- und Statistische Konten / Statistische Konten für die Kapitalkontenentwicklung / Anteil für Konto Vollhafter 2011,
,Anteil für Konto Vollhafter 2012,asset,unspecified,debit,0,,Vortrags- Kapital- und Statistische Konten / Statistische Konten für die Kapitalkontenentwicklung,,,,Vortrags- Kapital- und Statistische Konten / Statistische Konten für die Kapitalkontenentwicklung / Anteil für Konto Vollhafter 2012,
,Anteil für Konto Vollhafter 2013,asset,unspecified,debit,0,,Vortrags- Kapital- und Statistische Konten / Statistische Konten für die Kapitalkontenentwicklung,,,,Vortrags- Kapital- und Statistische Konten / Statistische Konten für die Kapitalkontenentwicklung / Anteil für Konto Vollhafter 2013,
,Anteil für Konto Vollhafter 2014,asset,unspecified,debit,0,,Vortrags- Kapital- und Statistische Konten / Statistische Konten für die Kapitalkontenentwicklung,,,,Vortrags- Kapital- und Statistische Konten / Statistische Konten für die Kapitalkontenentwicklung / Anteil für Konto Vollhafter 2014,
,Anteil für Konto Vollhafter 2015,asset,unspecified,debit,0,,Vortrags- Kapital- und Statistische Konten / Statistische Konten für die Kapitalkontenentwicklung,,,,Vortrags- Kapital- und Statistische Konten / Statistische Konten für die Kapitalkontenentwicklung / Anteil für Konto Vollhafter 2015,
,Anteil für Konto Vollhafter 2016,asset,unspecified,debit,0,,Vortrags- Kapital- und Statistische Konten / Statistische Konten für die Kapitalkontenentwicklung,,,,Vortrags- Kapital- und Statistische Konten / Statistische Konten für die Kapitalkontenentwicklung / Anteil für Konto Vollhafter 2016,
,Anteil für Konto Vollhafter 2017,asset,unspecified,debit,0,,Vortrags- Kapital- und Statistische Konten / Statistische Konten für die Kapitalkontenentwicklung,,,,Vortrags- Kapital- und Statistische Konten / Statistische Konten für die Kapitalkontenentwicklung / Anteil für Konto Vollhafter 2017,
,Anteil für Konto Vollhafter 2018,asset,unspecified,debit,0,,Vortrags- Kapital- und Statistische Konten / Statistische Konten für die Kapitalkontenentwicklung,,,,Vortrags- Kapital- und Statistische Konten / Statistische Konten für die Kapitalkontenentwicklung / Anteil für Konto Vollhafter 2018,
,Anteil für Konto Vollhafter 2019,asset,unspecified,debit,0,,Vortrags- Kapital- und Statistische Konten / Statistische Konten für die Kapitalkontenentwicklung,,,,Vortrags- Kapital- und Statistische Konten / Statistische Konten für die Kapitalkontenentwicklung / Anteil für Konto Vollhafter 2019,
,Anteil für Konto Vollhafter 2020,asset,unspecified,debit,0,,Vortrags- Kapital- und Statistische Konten / Statistische Konten für die Kapitalkontenentwicklung,,,,Vortrags- Kapital- und Statistische Konten / Statistische Konten für die Kapitalkontenentwicklung / Anteil für Konto Vollhafter 2020,
,Anteil für Konto Vollhafter 2021,asset,unspecified,debit,0,,Vortrags- Kapital- und Statistische Konten / Statistische Konten für die Kapitalkontenentwicklung,,,,Vortrags- Kapital- und Statistische Konten / Statistische Konten für die Kapitalkontenentwicklung / Anteil für Konto Vollhafter 2021,
,Anteil für Konto Vollhafter 2022,asset,unspecified,debit,0,,Vortrags- Kapital- und Statistische Konten / Statistische Konten für die Kapitalkontenentwicklung,,,,Vortrags- Kapital- und Statistische Konten / Statistische Konten für die Kapitalkontenentwicklung / Anteil für Konto Vollhafter 2022,
,Anteil für Konto Vollhafter 2023,asset,unspecified,debit,0,,Vortrags- Kapital- und Statistische Konten / Statistische Konten für die Kapitalkontenentwicklung,,,,Vortrags- Kapital- und Statistische Konten / Statistische Konten für die Kapitalkontenentwicklung / Anteil für Konto Vollhafter 2023,
,Anteil für Konto Vollhafter 2024,asset,unspecified,debit,0,,Vortrags- Kapital- und Statistische Konten / Statistische Konten für die Kapitalkontenentwicklung,,,,Vortrags- Kapital- und Statistische Konten / Statistische Konten für die Kapitalkontenentwicklung / Anteil für Konto Vollhafter 2024,
,Anteil für Konto Vollhafter 2025,asset,unspecified,debit,0,,Vortrags- Kapital- und Statistische Konten / Statistische Konten für die Kapitalkontenentwicklung,,,,Vortrags- Kapital- und Statistische Konten / Statistische Konten für die Kapitalkontenentwicklung / Anteil für Konto Vollhafter 2025,
,Anteil für Konto Vollhafter 2026,asset,unspecified,debit,0,,Vortrags- Kapital- und Statistische Konten / Statistische Konten für die Kapitalkontenentwicklung,,,,Vortrags- Kapital- und Statistische Konten / Statistische Konten für die Kapitalkontenentwicklung / Anteil für Konto Vollhafter 2026,
,Anteil für Konto Vollhafter 2027,asset,unspecified,debit,0,,Vortrags- Kapital- und Statistische Konten / Statistische Konten für die Kapitalkontenentwicklung,,,,Vortrags- Kapital- und Statistische Konten / Statistische Konten für die Kapitalkontenentwicklung / Anteil für Konto Vollhafter 2027,
,Anteil für Konto Vollhafter 2028,asset,unspecified,debit,0,,Vortrags- Kapital- und Statistische Konten / Statistische Konten für die Kapitalkontenentwicklung,,,,Vortrags- Kapital- und Statistische Konten / Statistische Konten für die Kapitalkontenentwicklung / Anteil für Konto Vollhafter 2028,
,Anteil für Konto Vollhafter 2029,asset,unspecified,debit,0,,Vortrags- Kapital- und Statistische Konten / Statistische Konten für die Kapitalkontenentwicklung,,,,Vortrags- Kapital- und Statistische Konten / Statistische Konten für die Kapitalkontenentwicklung / Anteil für Konto Vollhafter 2029,
,Anteil für Konto Vollhafter 9810,asset,unspecified,debit,0,,Vortrags- Kapital- und Statistische Konten / Statistische Konten für die Kapitalkontenentwicklung,,,,Vortrags- Kapital- und Statistische Konten / Statistische Konten für die Kapitalkontenentwicklung / Anteil für Konto Vollhafter 9810,
,Anteil für Konto Vollhafter 9811,asset,unspecified,debit,0,,Vortrags- Kapital- und Statistische Konten / Statistische Konten für die Kapitalkontenentwicklung,,,,Vortrags- Kapital- und Statistische Konten / Statistische Konten für die Kapitalkontenentwicklung / Anteil für Konto Vollhafter 9811,
,Anteil für Konto Vollhafter 9812,asset,unspecified,debit,0,,Vortrags- Kapital- und Statistische Konten / Statistische Konten für die Kapitalkontenentwicklung,,,,Vortrags- Kapital- und Statistische Konten / Statistische Konten für die Kapitalkontenentwicklung / Anteil für Konto Vollhafter 9812,
,Anteil für Konto Vollhafter 9813,asset,unspecified,debit,0,,Vortrags- Kapital- und Statistische Konten / Statistische Konten für die Kapitalkontenentwicklung,,,,Vortrags- Kapital- und Statistische Konten / Statistische Konten für die Kapitalkontenentwicklung / Anteil für Konto Vollhafter 9813,
,Anteil für Konto Vollhafter 9814,asset,unspecified,debit,0,,Vortrags- Kapital- und Statistische Konten / Statistische Konten für die Kapitalkontenentwicklung,,,,Vortrags- Kapital- und Statistische Konten / Statistische Konten für die Kapitalkontenentwicklung / Anteil für Konto Vollhafter 9814,
,Anteil für Konto Vollhafter 9815,asset,unspecified,debit,0,,Vortrags- Kapital- und Statistische Konten / Statistische Konten für die Kapitalkontenentwicklung,,,,Vortrags- Kapital- und Statistische Konten / Statistische Konten für die Kapitalkontenentwicklung / Anteil für Konto Vollhafter 9815,
,Anteil für Konto Vollhafter 9816,asset,unspecified,debit,0,,Vortrags- Kapital- und Statistische Konten / Statistische Konten für die Kapitalkontenentwicklung,,,,Vortrags- Kapital- und Statistische Konten / Statistische Konten für die Kapitalkontenentwicklung / Anteil für Konto Vollhafter 9816,
,Anteil für Konto Vollhafter 9817,asset,unspecified,debit,0,,Vortrags- Kapital- und Statistische Konten / Statistische Konten für die Kapitalkontenentwicklung,,,,Vortrags- Kapital- und Statistische Konten / Statistische Konten für die Kapitalkontenentwicklung / Anteil für Konto Vollhafter 9817,
,Anteil für Konto Vollhafter 9818,asset,unspecified,debit,0,,Vortrags- Kapital- und Statistische Konten / Statistische Konten für die Kapitalkontenentwicklung,,,,Vortrags- Kapital- und Statistische Konten / Statistische Konten für die Kapitalkontenentwicklung / Anteil für Konto Vollhafter 9818,
,Anteil für Konto Vollhafter 9819,asset,unspecified,debit,0,,Vortrags- Kapital- und Statistische Konten / Statistische Konten für die Kapitalkontenentwicklung,,,,Vortrags- Kapital- und Statistische Konten / Statistische Konten für die Kapitalkontenentwicklung / Anteil für Konto Vollhafter 9819,
,Anteil für Konto Vollhafter 9820,asset,unspecified,debit,0,,Vortrags- Kapital- und Statistische Konten / Statistische Konten für die Kapitalkontenentwicklung,,,,Vortrags- Kapital- und Statistische Konten / Statistische Konten für die Kapitalkontenentwicklung / Anteil für Konto Vollhafter 9820,
,Anteil für Konto Vollhafter 9821,asset,unspecified,debit,0,,Vortrags- Kapital- und Statistische Konten / Statistische Konten für die Kapitalkontenentwicklung,,,,Vortrags- Kapital- und Statistische Konten / Statistische Konten für die Kapitalkontenentwicklung / Anteil für Konto Vollhafter 9821,
,Anteil für Konto Vollhafter 9822,asset,unspecified,debit,0,,Vortrags- Kapital- und Statistische Konten / Statistische Konten für die Kapitalkontenentwicklung,,,,Vortrags- Kapital- und Statistische Konten / Statistische Konten für die Kapitalkontenentwicklung / Anteil für Konto Vollhafter 9822,
,Anteil für Konto Vollhafter 9823,asset,unspecified,debit,0,,Vortrags- Kapital- und Statistische Konten / Statistische Konten für die Kapitalkontenentwicklung,,,,Vortrags- Kapital- und Statistische Konten / Statistische Konten für die Kapitalkontenentwicklung / Anteil für Konto Vollhafter 9823,
,Anteil für Konto Vollhafter 9824,asset,unspecified,debit,0,,Vortrags- Kapital- und Statistische Konten / Statistische Konten für die Kapitalkontenentwicklung,,,,Vortrags- Kapital- und Statistische Konten / Statistische Konten für die Kapitalkontenentwicklung / Anteil für Konto Vollhafter 9824,
,Anteil für Konto Vollhafter 9825,asset,unspecified,debit,0,,Vortrags- Kapital- und Statistische Konten / Statistische Konten für die Kapitalkontenentwicklung,,,,Vortrags- Kapital- und Statistische Konten / Statistische Konten für die Kapitalkontenentwicklung / Anteil für Konto Vollhafter 9825,
,Anteil für Konto Vollhafter 9826,asset,unspecified,debit,0,,Vortrags- Kapital- und Statistische Konten / Statistische Konten für die Kapitalkontenentwicklung,,,,Vortrags- Kapital- und Statistische Konten / Statistische Konten für die Kapitalkontenentwicklung / Anteil für Konto Vollhafter 9826,
,Anteil für Konto Vollhafter 9827,asset,unspecified,debit,0,,Vortrags- Kapital- und Statistische Konten / Statistische Konten für die Kapitalkontenentwicklung,,,,Vortrags- Kapital- und Statistische Konten / Statistische Konten für die Kapitalkontenentwicklung / Anteil für Konto Vollhafter 9827,
,Anteil für Konto Vollhafter 9828,asset,unspecified,debit,0,,Vortrags- Kapital- und Statistische Konten / Statistische Konten für die Kapitalkontenentwicklung,,,,Vortrags- Kapital- und Statistische Konten / Statistische Konten für die Kapitalkontenentwicklung / Anteil für Konto Vollhafter 9828,
,Anteil für Konto Vollhafter 9829,asset,unspecified,debit,0,,Vortrags- Kapital- und Statistische Konten / Statistische Konten für die Kapitalkontenentwicklung,,,,Vortrags- Kapital- und Statistische Konten / Statistische Konten für die Kapitalkontenentwicklung / Anteil für Konto Vollhafter 9829,
,Darlehensverzinsung Teillhafter,asset,unspecified,debit,0,,Vortrags- Kapital- und Statistische Konten / Statistische Konten für die Kapitalkontenentwicklung,,,,Vortrags- Kapital- und Statistische Konten / Statistische Konten für die Kapitalkontenentwicklung / Darlehensverzinsung Teillhafter,
,Darlehensverzinsung Vollhafter,asset,unspecified,debit,0,,Vortrags- Kapital- und Statistische Konten / Statistische Konten für die Kapitalkontenentwicklung,,,,Vortrags- Kapital- und Statistische Konten / Statistische Konten für die Kapitalkontenentwicklung / Darlehensverzinsung Vollhafter,
,Gebrauchsüberlassung Teillhafter,asset,unspecified,debit,0,,Vortrags- Kapital- und Statistische Konten / Statistische Konten für die Kapitalkontenentwicklung,,,,Vortrags- Kapital- und Statistische Konten / Statistische Konten für die Kapitalkontenentwicklung / Gebrauchsüberlassung Teillhafter,
,Gebrauchsüberlassung Vollhafter,asset,unspecified,debit,0,,Vortrags- Kapital- und Statistische Konten / Statistische Konten für die Kapitalkontenentwicklung,,,,Vortrags- Kapital- und Statistische Konten / Statistische Konten für die Kapitalkontenentwicklung / Gebrauchsüberlassung Vollhafter,
,Lösch- und Korrekturschlüssel,asset,unspecified,debit,0,,Vortrags- Kapital- und Statistische Konten / Statistische Konten für die Kapitalkontenentwicklung,,,,Vortrags- Kapital- und Statistische Konten / Statistische Konten für die Kapitalkontenentwicklung / Lösch- und Korrekturschlüssel,
,Name des Gesellschafters Teillhafter,asset,unspecified,debit,0,,Vortrags- Kapital- und Statistische Konten / Statistische Konten für die Kapitalkontenentwicklung,,,,Vortrags- Kapital- und Statistische Konten / Statistische Konten für die Kapitalkontenentwicklung / Name des Gesellschafters Teillhafter,
,Name des Gesellschafters Vollhafter,asset,unspecified,debit,0,,Vortrags- Kapital- und Statistische Konten / Statistische Konten für die Kapitalkontenentwicklung,,,,Vortrags- Kapital- und Statistische Konten / Statistische Konten für die Kapitalkontenentwicklung / Name des Gesellschafters Vollhafter,
,Restanteil Teillhafter,asset,unspecified,debit,0,,Vortrags- Kapital- und Statistische Konten / Statistische Konten für die Kapitalkontenentwicklung,,,,Vortrags- Kapital- und Statistische Konten / Statistische Konten für die Kapitalkontenentwicklung / Restanteil Teillhafter,
,Restanteil Vollhafter,asset,unspecified,debit,0,,Vortrags- Kapital- und Statistische Konten / Statistische Konten für die Kapitalkontenentwicklung,,,,Vortrags- Kapital- und Statistische Konten / Statistische Konten für die Kapitalkontenentwicklung / Restanteil Vollhafter,
,Sonstige Vergütungen Teillhafter,asset,unspecified,debit,0,,Vortrags- Kapital- und Statistische Konten / Statistische Konten für die Kapitalkontenentwicklung,,,,Vortrags- Kapital- und Statistische Konten / Statistische Konten für die Kapitalkontenentwicklung / Sonstige Vergütungen Teillhafter,
,Sonstige Vergütungen Vollhafter,asset,unspecified,debit,0,,Vortrags- Kapital- und Statistische Konten / Statistische Konten für die Kapitalkontenentwicklung,,,,Vortrags- Kapital- und Statistische Konten / Statistische Konten für die Kapitalkontenentwicklung / Sonstige Vergütungen Vollhafter,
,Tantieme Teillhafter,asset,unspecified,debit,0,,Vortrags- Kapital- und Statistische Konten / Statistische Konten für die Kapitalkontenentwicklung,,,,Vortrags- Kapital- und Statistische Konten / Statistische Konten für die Kapitalkontenentwicklung / Tantieme Teillhafter,
,Tantieme Vollhafter,asset,unspecified,debit,0,,Vortrags- Kapital- und Statistische Konten / Statistische Konten für die Kapitalkontenentwicklung,,,,Vortrags- Kapital- und Statistische Konten / Statistische Konten für die Kapitalkontenentwicklung / Tantieme Vollhafter,
,Tätigkeitsvergütung Teillhafter,asset,unspecified,debit,0,,Vortrags- Kapital- und Statistische Konten / Statistische Konten für die Kapitalkontenentwicklung,,,,Vortrags- Kapital- und Statistische Konten / Statistische Konten für die Kapitalkontenentwicklung / Tätigkeitsvergütung Teillhafter,
,Tätigkeitsvergütung Vollhafter,asset,unspecified,debit,0,,Vortrags- Kapital- und Statistische Konten / Statistische Konten für die Kapitalkontenentwicklung,,,,Vortrags- Kapital- und Statistische Konten / Statistische Konten für die Kapitalkontenentwicklung / Tätigkeitsvergütung Vollhafter,
,Statistische Konten für die im Anhang anzugebenden sonstigen finanziellen Verpflichtungen,asset,group,debit,1,,Vortrags- Kapital- und Statistische Konten,,,,Vortrags- Kapital- und Statistische Konten / Statistische Konten für die im Anhang anzugebenden sonstigen finanziellen Verpflichtungen,
,Andere Verpflichtungen gemäß § 285 Nr. 3 HGB,asset,unspecified,debit,0,,Vortrags- Kapital- und Statistische Konten / Statistische Konten für die im Anhang anzugebenden sonstigen finanziellen Verpflichtungen,,,,Vortrags- Kapital- und Statistische Konten / Statistische Konten für die im Anhang anzugebenden sonstigen finanziellen Verpflichtungen / Andere Verpflichtungen gemäß § 285 Nr. 3 HGB,
,Andere Verpflichtungen gemäß § 285 Nr. 3 HGB gegenüber verbundenen Unternehmen,asset,unspecified,debit,0,,Vortrags- Kapital- und Statistische Konten / Statistische Konten für die im Anhang anzugebenden sonstigen finanziellen Verpflichtungen,,,,Vortrags- Kapital- und Statistische Konten / Statistische Konten für die im Anhang anzugebenden sonstigen finanziellen Verpflichtungen / Andere Verpflichtungen gemäß § 285 Nr. 3 HGB gegenüber verbundenen Unternehmen,
,Gegenkonto zu 9281-9284,asset,unspecified,debit,0,,Vortrags- Kapital- und Statistische Konten / Statistische Konten für die im Anhang anzugebenden sonstigen finanziellen Verpflichtungen,,,,Vortrags- Kapital- und Statistische Konten / Statistische Konten für die im Anhang anzugebenden sonstigen finanziellen Verpflichtungen / Gegenkonto zu 9281-9284,
,Verpflichtungen aus Miet- und Leasingsverträgen,asset,unspecified,debit,0,,Vortrags- Kapital- und Statistische Konten / Statistische Konten für die im Anhang anzugebenden sonstigen finanziellen Verpflichtungen,,,,Vortrags- Kapital- und Statistische Konten / Statistische Konten für die im Anhang anzugebenden sonstigen finanziellen Verpflichtungen / Verpflichtungen aus Miet- und Leasingsverträgen,
,Verpflichtungen aus Miet- und Leasingsverträgen gegenüber verbundenen Unternehmen,asset,unspecified,debit,0,,Vortrags- Kapital- und Statistische Konten / Statistische Konten für die im Anhang anzugebenden sonstigen finanziellen Verpflichtungen,,,,Vortrags- Kapital- und Statistische Konten / Statistische Konten für die im Anhang anzugebenden sonstigen finanziellen Verpflichtungen / Verpflichtungen aus Miet- und Leasingsverträgen gegenüber verbundenen Unternehmen,
,Statistische Konten für in der Bilanz auszuweisende Haftungsverhältnisse,asset,group,debit,1,,Vortrags- Kapital- und Statistische Konten,,,,Vortrags- Kapital- und Statistische Konten / Statistische Konten für in der Bilanz auszuweisende Haftungsverhältnisse,
,Gegenkonto zu 9271 - 9279 (Soll-Buchung),asset,unspecified,debit,0,,Vortrags- Kapital- und Statistische Konten / Statistische Konten für in der Bilanz auszuweisende Haftungsverhältnisse,,,,Vortrags- Kapital- und Statistische Konten / Statistische Konten für in der Bilanz auszuweisende Haftungsverhältnisse / Gegenkonto zu 9271 - 9279 (Soll-Buchung),
,Haftung aus der Bestellung von Sicherheiten für fremde Verbindlichkeiten,asset,unspecified,debit,0,,Vortrags- Kapital- und Statistische Konten / Statistische Konten für in der Bilanz auszuweisende Haftungsverhältnisse,,,,Vortrags- Kapital- und Statistische Konten / Statistische Konten für in der Bilanz auszuweisende Haftungsverhältnisse / Haftung aus der Bestellung von Sicherheiten für fremde Verbindlichkeiten,
,Haftung aus der Bestellung von Sicherheiten für fremde Verbindlichkeiten gegenüber verbundenen Unternehmen,asset,unspecified,debit,0,,Vortrags- Kapital- und Statistische Konten / Statistische Konten für in der Bilanz auszuweisende Haftungsverhältnisse,,,,Vortrags- Kapital- und Statistische Konten / Statistische Konten für in der Bilanz auszuweisende Haftungsverhältnisse / Haftung aus der Bestellung von Sicherheiten für fremde Verbindlichkeiten gegenüber verbundenen Unternehmen,
,Verbindlichkeiten aus Bürgschaften- Wechsel- und Scheckbürgschaften,asset,unspecified,debit,0,,Vortrags- Kapital- und Statistische Konten / Statistische Konten für in der Bilanz auszuweisende Haftungsverhältnisse,,,,Vortrags- Kapital- und Statistische Konten / Statistische Konten für in der Bilanz auszuweisende Haftungsverhältnisse / Verbindlichkeiten aus Bürgschaften- Wechsel- und Scheckbürgschaften,
,Verbindlichkeiten aus Bürgschaften- Wechsel- und Scheckbürgschaften gegenüber verbundenen Unternehmen,asset,unspecified,debit,0,,Vortrags- Kapital- und Statistische Konten / Statistische Konten für in der Bilanz auszuweisende Haftungsverhältnisse,,,,Vortrags- Kapital- und Statistische Konten / Statistische Konten für in der Bilanz auszuweisende Haftungsverhältnisse / Verbindlichkeiten aus Bürgschaften- Wechsel- und Scheckbürgschaften gegenüber verbundenen Unternehmen,
,Verbindlichkeiten aus Gewährleistungsverträgen,asset,unspecified,debit,0,,Vortrags- Kapital- und Statistische Konten / Statistische Konten für in der Bilanz auszuweisende Haftungsverhältnisse,,,,Vortrags- Kapital- und Statistische Konten / Statistische Konten für in der Bilanz auszuweisende Haftungsverhältnisse / Verbindlichkeiten aus Gewährleistungsverträgen,
,Verbindlichkeiten aus Gewährleistungsverträgen gegenüber verbundenen Unternehmen,asset,unspecified,debit,0,,Vortrags- Kapital- und Statistische Konten / Statistische Konten für in der Bilanz auszuweisende Haftungsverhältnisse,,,,Vortrags- Kapital- und Statistische Konten / Statistische Konten für in der Bilanz auszuweisende Haftungsverhältnisse / Verbindlichkeiten aus Gewährleistungsverträgen gegenüber verbundenen Unternehmen,
,Verbindlichkeiten aus der Begebung und übertragung von Wechseln,asset,unspecified,debit,0,,Vortrags- Kapital- und Statistische Konten / Statistische Konten für in der Bilanz auszuweisende Haftungsverhältnisse,,,,Vortrags- Kapital- und Statistische Konten / Statistische Konten für in der Bilanz auszuweisende Haftungsverhältnisse / Verbindlichkeiten aus der Begebung und übertragung von Wechseln,
,Verbindlichkeiten aus der Begebung und übertragung von Wechseln gegenüber verbundenen Unternehmen,asset,unspecified,debit,0,,Vortrags- Kapital- und Statistische Konten / Statistische Konten für in der Bilanz auszuweisende Haftungsverhältnisse,,,,Vortrags- Kapital- und Statistische Konten / Statistische Konten für in der Bilanz auszuweisende Haftungsverhältnisse / Verbindlichkeiten aus der Begebung und übertragung von Wechseln gegenüber verbundenen Unternehmen,
,Verpflichtungen aus Treuhandvermögen,asset,unspecified,debit,0,,Vortrags- Kapital- und Statistische Konten / Statistische Konten für in der Bilanz auszuweisende Haftungsverhältnisse,,,,Vortrags- Kapital- und Statistische Konten / Statistische Konten für in der Bilanz auszuweisende Haftungsverhältnisse / Verpflichtungen aus Treuhandvermögen,
,Statistische Konten zu § 4 (4a) EStG,asset,group,debit,1,,Vortrags- Kapital- und Statistische Konten,,,,Vortrags- Kapital- und Statistische Konten / Statistische Konten zu § 4 (4a) EStG,
,Erhöhung der Entnahmen §4 (4a) EStG,asset,unspecified,debit,0,,Vortrags- Kapital- und Statistische Konten / Statistische Konten zu § 4 (4a) EStG,,,,Vortrags- Kapital- und Statistische Konten / Statistische Konten zu § 4 (4a) EStG / Erhöhung der Entnahmen §4 (4a) EStG,
,Gegenkonto zur Erhöhung der Entnahmen §4 (4a) EStG (Haben),asset,unspecified,debit,0,,Vortrags- Kapital- und Statistische Konten / Statistische Konten zu § 4 (4a) EStG,,,,Vortrags- Kapital- und Statistische Konten / Statistische Konten zu § 4 (4a) EStG / Gegenkonto zur Erhöhung der Entnahmen §4 (4a) EStG (Haben),
,Gegenkonto zur Minderung der Entnahmen §4 (4a) EStG,asset,unspecified,debit,0,,Vortrags- Kapital- und Statistische Konten / Statistische Konten zu § 4 (4a) EStG,,,,Vortrags- Kapital- und Statistische Konten / Statistische Konten zu § 4 (4a) EStG / Gegenkonto zur Minderung der Entnahmen §4 (4a) EStG,
,Minderung der Entnahmen §4 (4a) EStG (Haben),asset,unspecified,debit,0,,Vortrags- Kapital- und Statistische Konten / Statistische Konten zu § 4 (4a) EStG,,,,Vortrags- Kapital- und Statistische Konten / Statistische Konten zu § 4 (4a) EStG / Minderung der Entnahmen §4 (4a) EStG (Haben),
,Statistische Konten zur informativen Angabe des gezeichneten Kapitals in anderer Währung,asset,group,debit,1,,Vortrags- Kapital- und Statistische Konten,,,,Vortrags- Kapital- und Statistische Konten / Statistische Konten zur informativen Angabe des gezeichneten Kapitals in anderer Währung,
,Gezeichnetes Kapital in DM,asset,group,debit,1,,Vortrags- Kapital- und Statistische Konten / Statistische Konten zur informativen Angabe des gezeichneten Kapitals in anderer Währung,,,,Vortrags- Kapital- und Statistische Konten / Statistische Konten zur informativen Angabe des gezeichneten Kapitals in anderer Währung / Gezeichnetes Kapital in DM,
,Gezeichnetes Kapital in DM (Art. 42 Abs. 3 S. 1 EGHGB),asset,unspecified,debit,0,,Vortrags- Kapital- und Statistische Konten / Statistische Konten zur informativen Angabe des gezeichneten Kapitals in anderer Währung / Gezeichnetes Kapital in DM,,,,Vortrags- Kapital- und Statistische Konten / Statistische Konten zur informativen Angabe des gezeichneten Kapitals in anderer Währung / Gezeichnetes Kapital in DM / Gezeichnetes Kapital in DM (Art. 42 Abs. 3 S. 1 EGHGB),
,Gezeichnetes Kapital in Euro,asset,group,debit,1,,Vortrags- Kapital- und Statistische Konten / Statistische Konten zur informativen Angabe des gezeichneten Kapitals in anderer Währung,,,,Vortrags- Kapital- und Statistische Konten / Statistische Konten zur informativen Angabe des gezeichneten Kapitals in anderer Währung / Gezeichnetes Kapital in Euro,
,Gegenkonto zu 9220-9221,asset,unspecified,debit,0,,Vortrags- Kapital- und Statistische Konten / Statistische Konten zur informativen Angabe des gezeichneten Kapitals in anderer Währung / Gezeichnetes Kapital in Euro,,,,Vortrags- Kapital- und Statistische Konten / Statistische Konten zur informativen Angabe des gezeichneten Kapitals in anderer Währung / Gezeichnetes Kapital in Euro / Gegenkonto zu 9220-9221,
,Gezeichnetes Kapital in Euro (Art. 42 Abs. 3 S. 2 EGHGB),asset,unspecified,debit,0,,Vortrags- Kapital- und Statistische Konten / Statistische Konten zur informativen Angabe des gezeichneten Kapitals in anderer Währung / Gezeichnetes Kapital in Euro,,,,Vortrags- Kapital- und Statistische Konten / Statistische Konten zur informativen Angabe des gezeichneten Kapitals in anderer Währung / Gezeichnetes Kapital in Euro / Gezeichnetes Kapital in Euro (Art. 42 Abs. 3 S. 2 EGHGB),
,Statistische konten für Kinderbetreuungskosten,asset,group,debit,1,,Vortrags- Kapital- und Statistische Konten,,,,Vortrags- Kapital- und Statistische Konten / Statistische konten für Kinderbetreuungskosten,
,Gegenkonto zu 9918 (Haben),asset,unspecified,debit,0,,Vortrags- Kapital- und Statistische Konten / Statistische konten für Kinderbetreuungskosten,,,,Vortrags- Kapital- und Statistische Konten / Statistische konten für Kinderbetreuungskosten / Gegenkonto zu 9918 (Haben),
,Kinderbetreuungskosten (wie Betriebsausgaben steuerlich anzusetzender Betrag),asset,unspecified,debit,0,,Vortrags- Kapital- und Statistische Konten / Statistische konten für Kinderbetreuungskosten,,,,Vortrags- Kapital- und Statistische Konten / Statistische konten für Kinderbetreuungskosten / Kinderbetreuungskosten (wie Betriebsausgaben steuerlich anzusetzender Betrag),
,Steueraufwand der Gesellschafter,asset,group,debit,1,,Vortrags- Kapital- und Statistische Konten,,,,Vortrags- Kapital- und Statistische Konten / Steueraufwand der Gesellschafter,
,Gegenkonto zu 9887,asset,unspecified,debit,0,,Vortrags- Kapital- und Statistische Konten / Steueraufwand der Gesellschafter,,,,Vortrags- Kapital- und Statistische Konten / Steueraufwand der Gesellschafter / Gegenkonto zu 9887,
,Steueraufwand der Gesellschafter,asset,unspecified,debit,0,,Vortrags- Kapital- und Statistische Konten / Steueraufwand der Gesellschafter,,,,Vortrags- Kapital- und Statistische Konten / Steueraufwand der Gesellschafter / Steueraufwand der Gesellschafter,
,Verrechnungskonto für nicht durch Vermögenseinlagen gedeckte Entnahmen,asset,group,debit,1,,Vortrags- Kapital- und Statistische Konten,,,,Vortrags- Kapital- und Statistische Konten / Verrechnungskonto für nicht durch Vermögenseinlagen gedeckte Entnahmen,
,Verrechnungskonto für nicht durch Vermögenseinlagen gedeckte Entnahmen Kommanditisten,asset,unspecified,debit,0,,Vortrags- Kapital- und Statistische Konten / Verrechnungskonto für nicht durch Vermögenseinlagen gedeckte Entnahmen,,,,Vortrags- Kapital- und Statistische Konten / Verrechnungskonto für nicht durch Vermögenseinlagen gedeckte Entnahmen / Verrechnungskonto für nicht durch Vermögenseinlagen gedeckte Entnahmen Kommanditisten,
,Verrechnungskonto für nicht durch Vermögenseinlagen gedeckte Entnahmen persönlich haftender Gesellschafter,asset,unspecified,debit,0,,Vortrags- Kapital- und Statistische Konten / Verrechnungskonto für nicht durch Vermögenseinlagen gedeckte Entnahmen,,,,Vortrags- Kapital- und Statistische Konten / Verrechnungskonto für nicht durch Vermögenseinlagen gedeckte Entnahmen / Verrechnungskonto für nicht durch Vermögenseinlagen gedeckte Entnahmen persönlich haftender Gesellschafter,
,Vorsteuer-/Umsatzsteuerkonten zur Korrektur der Forderungen/ Verbindlichkeiten (EüR),asset,group,debit,1,,Vortrags- Kapital- und Statistische Konten,,,,Vortrags- Kapital- und Statistische Konten / Vorsteuer-/Umsatzsteuerkonten zur Korrektur der Forderungen/ Verbindlichkeiten (EüR),
,Gegenkonto 9893-9894 für die Aufteilung der Umsatzsteuersatz (EüR),asset,unspecified,debit,0,,Vortrags- Kapital- und Statistische Konten / Vorsteuer-/Umsatzsteuerkonten zur Korrektur der Forderungen/ Verbindlichkeiten (EüR),,,,Vortrags- Kapital- und Statistische Konten / Vorsteuer-/Umsatzsteuerkonten zur Korrektur der Forderungen/ Verbindlichkeiten (EüR) / Gegenkonto 9893-9894 für die Aufteilung der Umsatzsteuersatz (EüR),
,Gegenkonto 9896-9897 für die Aufteilung der Vorsteuer (EüR),asset,unspecified,debit,0,,Vortrags- Kapital- und Statistische Konten / Vorsteuer-/Umsatzsteuerkonten zur Korrektur der Forderungen/ Verbindlichkeiten (EüR),,,,Vortrags- Kapital- und Statistische Konten / Vorsteuer-/Umsatzsteuerkonten zur Korrektur der Forderungen/ Verbindlichkeiten (EüR) / Gegenkonto 9896-9897 für die Aufteilung der Vorsteuer (EüR),
,SO Commitment,asset,unspecified,debit,0,,Vortrags- Kapital- und Statistische Konten / Vorsteuer-/Umsatzsteuerkonten zur Korrektur der Forderungen/ Verbindlichkeiten (EüR),,,,Vortrags- Kapital- und Statistische Konten / Vorsteuer-/Umsatzsteuerkonten zur Korrektur der Forderungen/ Verbindlichkeiten (EüR) / SO Commitment,
,Umsatzsteuer in den Forderungen zum allgemeinen Umsatzsteuersatz (EüR),asset,unspecified,debit,0,,Vortrags- Kapital- und Statistische Konten / Vorsteuer-/Umsatzsteuerkonten zur Korrektur der Forderungen/ Verbindlichkeiten (EüR),,,,Vortrags- Kapital- und Statistische Konten / Vorsteuer-/Umsatzsteuerkonten zur Korrektur der Forderungen/ Verbindlichkeiten (EüR) / Umsatzsteuer in den Forderungen zum allgemeinen Umsatzsteuersatz (EüR),
,Umsatzsteuer in den Forderungen zum ermäßigten Umsatzsteuersatz (EüR),asset,unspecified,debit,0,,Vortrags- Kapital- und Statistische Konten / Vorsteuer-/Umsatzsteuerkonten zur Korrektur der Forderungen/ Verbindlichkeiten (EüR),,,,Vortrags- Kapital- und Statistische Konten / Vorsteuer-/Umsatzsteuerkonten zur Korrektur der Forderungen/ Verbindlichkeiten (EüR) / Umsatzsteuer in den Forderungen zum ermäßigten Umsatzsteuersatz (EüR),
,Vorsteuer in den Verbindlichkeiten zum allgemeinen Umsatzsteuersatz (EüR),asset,unspecified,debit,0,,Vortrags- Kapital- und Statistische Konten / Vorsteuer-/Umsatzsteuerkonten zur Korrektur der Forderungen/ Verbindlichkeiten (EüR),,,,Vortrags- Kapital- und Statistische Konten / Vorsteuer-/Umsatzsteuerkonten zur Korrektur der Forderungen/ Verbindlichkeiten (EüR) / Vorsteuer in den Verbindlichkeiten zum allgemeinen Umsatzsteuersatz (EüR),
,Vorsteuer in den Verbindlichkeiten zum ermäßigten Umsatzsteuersatz (EüR),asset,unspecified,debit,0,,Vortrags- Kapital- und Statistische Konten / Vorsteuer-/Umsatzsteuerkonten zur Korrektur der Forderungen/ Verbindlichkeiten (EüR),,,,Vortrags- Kapital- und Statistische Konten / Vorsteuer-/Umsatzsteuerkonten zur Korrektur der Forderungen/ Verbindlichkeiten (EüR) / Vorsteuer in den Verbindlichkeiten zum ermäßigten Umsatzsteuersatz (EüR),
,Vortragskonten,asset,group,debit,1,,Vortrags- Kapital- und Statistische Konten,,,,Vortrags- Kapital- und Statistische Konten / Vortragskonten,
,Offene Posten aus 1990,asset,unspecified,debit,0,,Vortrags- Kapital- und Statistische Konten / Vortragskonten,,,,Vortrags- Kapital- und Statistische Konten / Vortragskonten / Offene Posten aus 1990,
,Offene Posten aus 1991,asset,unspecified,debit,0,,Vortrags- Kapital- und Statistische Konten / Vortragskonten,,,,Vortrags- Kapital- und Statistische Konten / Vortragskonten / Offene Posten aus 1991,
,Offene Posten aus 1992,asset,unspecified,debit,0,,Vortrags- Kapital- und Statistische Konten / Vortragskonten,,,,Vortrags- Kapital- und Statistische Konten / Vortragskonten / Offene Posten aus 1992,
,Offene Posten aus 1993,asset,unspecified,debit,0,,Vortrags- Kapital- und Statistische Konten / Vortragskonten,,,,Vortrags- Kapital- und Statistische Konten / Vortragskonten / Offene Posten aus 1993,
,Offene Posten aus 1994,asset,unspecified,debit,0,,Vortrags- Kapital- und Statistische Konten / Vortragskonten,,,,Vortrags- Kapital- und Statistische Konten / Vortragskonten / Offene Posten aus 1994,
,Offene Posten aus 1995,asset,unspecified,debit,0,,Vortrags- Kapital- und Statistische Konten / Vortragskonten,,,,Vortrags- Kapital- und Statistische Konten / Vortragskonten / Offene Posten aus 1995,
,Offene Posten aus 1996,asset,unspecified,debit,0,,Vortrags- Kapital- und Statistische Konten / Vortragskonten,,,,Vortrags- Kapital- und Statistische Konten / Vortragskonten / Offene Posten aus 1996,
,Offene Posten aus 1997,asset,unspecified,debit,0,,Vortrags- Kapital- und Statistische Konten / Vortragskonten,,,,Vortrags- Kapital- und Statistische Konten / Vortragskonten / Offene Posten aus 1997,
,Offene Posten aus 1998,asset,unspecified,debit,0,,Vortrags- Kapital- und Statistische Konten / Vortragskonten,,,,Vortrags- Kapital- und Statistische Konten / Vortragskonten / Offene Posten aus 1998,
,Offene Posten aus 1999,asset,unspecified,debit,0,,Vortrags- Kapital- und Statistische Konten / Vortragskonten,,,,Vortrags- Kapital- und Statistische Konten / Vortragskonten / Offene Posten aus 1999,
,Offene Posten aus 2000,asset,unspecified,debit,0,,Vortrags- Kapital- und Statistische Konten / Vortragskonten,,,,Vortrags- Kapital- und Statistische Konten / Vortragskonten / Offene Posten aus 2000,
,Offene Posten aus 2001,asset,unspecified,debit,0,,Vortrags- Kapital- und Statistische Konten / Vortragskonten,,,,Vortrags- Kapital- und Statistische Konten / Vortragskonten / Offene Posten aus 2001,
,Offene Posten aus 2002,asset,unspecified,debit,0,,Vortrags- Kapital- und Statistische Konten / Vortragskonten,,,,Vortrags- Kapital- und Statistische Konten / Vortragskonten / Offene Posten aus 2002,
,Offene Posten aus 2003,asset,unspecified,debit,0,,Vortrags- Kapital- und Statistische Konten / Vortragskonten,,,,Vortrags- Kapital- und Statistische Konten / Vortragskonten / Offene Posten aus 2003,
,Offene Posten aus 2004,asset,unspecified,debit,0,,Vortrags- Kapital- und Statistische Konten / Vortragskonten,,,,Vortrags- Kapital- und Statistische Konten / Vortragskonten / Offene Posten aus 2004,
,Offene Posten aus 2005,asset,unspecified,debit,0,,Vortrags- Kapital- und Statistische Konten / Vortragskonten,,,,Vortrags- Kapital- und Statistische Konten / Vortragskonten / Offene Posten aus 2005,
,Offene Posten aus 2006,asset,unspecified,debit,0,,Vortrags- Kapital- und Statistische Konten / Vortragskonten,,,,Vortrags- Kapital- und Statistische Konten / Vortragskonten / Offene Posten aus 2006,
,Offene Posten aus 2007,asset,unspecified,debit,0,,Vortrags- Kapital- und Statistische Konten / Vortragskonten,,,,Vortrags- Kapital- und Statistische Konten / Vortragskonten / Offene Posten aus 2007,
,Offene Posten aus 2008,asset,unspecified,debit,0,,Vortrags- Kapital- und Statistische Konten / Vortragskonten,,,,Vortrags- Kapital- und Statistische Konten / Vortragskonten / Offene Posten aus 2008,
,Offene Posten aus 2009,asset,unspecified,debit,0,,Vortrags- Kapital- und Statistische Konten / Vortragskonten,,,,Vortrags- Kapital- und Statistische Konten / Vortragskonten / Offene Posten aus 2009,
,Saldenvorträge,asset,unspecified,debit,0,,Vortrags- Kapital- und Statistische Konten / Vortragskonten,,,,Vortrags- Kapital- und Statistische Konten / Vortragskonten / Saldenvorträge,
,Saldenvorträge Debitoren,asset,unspecified,debit,0,,Vortrags- Kapital- und Statistische Konten / Vortragskonten,,,,Vortrags- Kapital- und Statistische Konten / Vortragskonten / Saldenvorträge Debitoren,
,Saldenvorträge Kreditoren,asset,unspecified,debit,0,,Vortrags- Kapital- und Statistische Konten / Vortragskonten,,,,Vortrags- Kapital- und Statistische Konten / Vortragskonten / Saldenvorträge Kreditoren,
,Saldenvorträge- Sachkonten,asset,unspecified,debit,0,,Vortrags- Kapital- und Statistische Konten / Vortragskonten,,,,Vortrags- Kapital- und Statistische Konten / Vortragskonten / Saldenvorträge- Sachkonten,
,Summenvortragskonto,asset,unspecified,debit,0,,Vortrags- Kapital- und Statistische Konten / Vortragskonten,,,,Vortrags- Kapital- und Statistische Konten / Vortragskonten / Summenvortragskonto,
