code,name,root_type,subtype,normal_balance,is_group,role_hint,parent_path,source_type,reconcile,description,source_id,flags
,ΑΠΑΙΤΗΣΕΙΣ ΚΑΙ ΔΙΑΘΕΣΙΜΑ,,group,,1,,,,,,ΑΠΑΙΤΗΣΕΙΣ ΚΑΙ ΔΙΑΘΕΣΙΜΑ,missing_root_type
,ΑΠΑΙΤΗΣΕΙΣ ΚΑΙ ΔΙΑΘΕΣΙΜΑ ΥΠΟΚΑΤΑΣΤΗΜΑΤΩΝ Ή ΑΛΛΩΝ ΚΕΝΤΡΩΝ,,receivable,,1,,ΑΠΑΙΤΗΣΕΙΣ ΚΑΙ ΔΙΑΘΕΣΙΜΑ,Receivable,,,ΑΠΑΙΤΗΣΕΙΣ ΚΑΙ ΔΙΑΘΕΣΙΜΑ / ΑΠΑΙΤΗΣΕΙΣ ΚΑΙ ΔΙΑΘΕΣΙΜΑ ΥΠΟΚΑΤΑΣΤΗΜΑΤΩΝ Ή ΑΛΛΩΝ ΚΕΝΤΡΩΝ,missing_root_type
,Γραμμάτια εισπρακτέα,,receivable,,0,receivables,ΑΠΑΙΤΗΣΕΙΣ ΚΑΙ ΔΙΑΘΕΣΙΜΑ / ΑΠΑΙΤΗΣΕΙΣ ΚΑΙ ΔΙΑΘΕΣΙΜΑ ΥΠΟΚΑΤΑΣΤΗΜΑΤΩΝ Ή ΑΛΛΩΝ ΚΕΝΤΡΩΝ,Receivable,,,ΑΠΑΙΤΗΣΕΙΣ ΚΑΙ ΔΙΑΘΕΣΙΜΑ / ΑΠΑΙΤΗΣΕΙΣ ΚΑΙ ΔΙΑΘΕΣΙΜΑ ΥΠΟΚΑΤΑΣΤΗΜΑΤΩΝ Ή ΑΛΛΩΝ ΚΕΝΤΡΩΝ / Γραμμάτια εισπρακτέα,missing_root_type
,Λογαρ.διαχειρίσεως Προκατ/λών και πιστώσεων,,receivable,,0,receivables,ΑΠΑΙΤΗΣΕΙΣ ΚΑΙ ΔΙΑΘΕΣΙΜΑ / ΑΠΑΙΤΗΣΕΙΣ ΚΑΙ ΔΙΑΘΕΣΙΜΑ ΥΠΟΚΑΤΑΣΤΗΜΑΤΩΝ Ή ΑΛΛΩΝ ΚΕΝΤΡΩΝ,Receivable,,,ΑΠΑΙΤΗΣΕΙΣ ΚΑΙ ΔΙΑΘΕΣΙΜΑ / ΑΠΑΙΤΗΣΕΙΣ ΚΑΙ ΔΙΑΘΕΣΙΜΑ ΥΠΟΚΑΤΑΣΤΗΜΑΤΩΝ Ή ΑΛΛΩΝ ΚΕΝΤΡΩΝ / Λογαρ.διαχειρίσεως Προκατ/λών και πιστώσεων,missing_root_type
,Μεταβατικοί λογαριασμοί Ενεργητικού,,receivable,,0,receivables,ΑΠΑΙΤΗΣΕΙΣ ΚΑΙ ΔΙΑΘΕΣΙΜΑ / ΑΠΑΙΤΗΣΕΙΣ ΚΑΙ ΔΙΑΘΕΣΙΜΑ ΥΠΟΚΑΤΑΣΤΗΜΑΤΩΝ Ή ΑΛΛΩΝ ΚΕΝΤΡΩΝ,Receivable,,,ΑΠΑΙΤΗΣΕΙΣ ΚΑΙ ΔΙΑΘΕΣΙΜΑ / ΑΠΑΙΤΗΣΕΙΣ ΚΑΙ ΔΙΑΘΕΣΙΜΑ ΥΠΟΚΑΤΑΣΤΗΜΑΤΩΝ Ή ΑΛΛΩΝ ΚΕΝΤΡΩΝ / Μεταβατικοί λογαριασμοί Ενεργητικού,missing_root_type
,Παραγγελίες στο εξωτερικό,,receivable,,0,receivables,ΑΠΑΙΤΗΣΕΙΣ ΚΑΙ ΔΙΑΘΕΣΙΜΑ / ΑΠΑΙΤΗΣΕΙΣ ΚΑΙ ΔΙΑΘΕΣΙΜΑ ΥΠΟΚΑΤΑΣΤΗΜΑΤΩΝ Ή ΑΛΛΩΝ ΚΕΝΤΡΩΝ,Receivable,,,ΑΠΑΙΤΗΣΕΙΣ ΚΑΙ ΔΙΑΘΕΣΙΜΑ / ΑΠΑΙΤΗΣΕΙΣ ΚΑΙ ΔΙΑΘΕΣΙΜΑ ΥΠΟΚΑΤΑΣΤΗΜΑΤΩΝ Ή ΑΛΛΩΝ ΚΕΝΤΡΩΝ / Παραγγελίες στο εξωτερικό,missing_root_type
,Πελάτες,,receivable,,0,receivables,ΑΠΑΙΤΗΣΕΙΣ ΚΑΙ ΔΙΑΘΕΣΙΜΑ / ΑΠΑΙΤΗΣΕΙΣ ΚΑΙ ΔΙΑΘΕΣΙΜΑ ΥΠΟΚΑΤΑΣΤΗΜΑΤΩΝ Ή ΑΛΛΩΝ ΚΕΝΤΡΩΝ,Receivable,,,ΑΠΑΙΤΗΣΕΙΣ ΚΑΙ ΔΙΑΘΕΣΙΜΑ / ΑΠΑΙΤΗΣΕΙΣ ΚΑΙ ΔΙΑΘΕΣΙΜΑ ΥΠΟΚΑΤΑΣΤΗΜΑΤΩΝ Ή ΑΛΛΩΝ ΚΕΝΤΡΩΝ / Πελάτες,missing_root_type
,Χρεώγραφα,,receivable,,0,receivables,ΑΠΑΙΤΗΣΕΙΣ ΚΑΙ ΔΙΑΘΕΣΙΜΑ / ΑΠΑΙΤΗΣΕΙΣ ΚΑΙ ΔΙΑΘΕΣΙΜΑ ΥΠΟΚΑΤΑΣΤΗΜΑΤΩΝ Ή ΑΛΛΩΝ ΚΕΝΤΡΩΝ,Receivable,,,ΑΠΑΙΤΗΣΕΙΣ ΚΑΙ ΔΙΑΘΕΣΙΜΑ / ΑΠΑΙΤΗΣΕΙΣ ΚΑΙ ΔΙΑΘΕΣΙΜΑ ΥΠΟΚΑΤΑΣΤΗΜΑΤΩΝ Ή ΑΛΛΩΝ ΚΕΝΤΡΩΝ / Χρεώγραφα,missing_root_type
,Χρεώστες Διάφοροι,,receivable,,0,receivables,ΑΠΑΙΤΗΣΕΙΣ ΚΑΙ ΔΙΑΘΕΣΙΜΑ / ΑΠΑΙΤΗΣΕΙΣ ΚΑΙ ΔΙΑΘΕΣΙΜΑ ΥΠΟΚΑΤΑΣΤΗΜΑΤΩΝ Ή ΑΛΛΩΝ ΚΕΝΤΡΩΝ,Receivable,,,ΑΠΑΙΤΗΣΕΙΣ ΚΑΙ ΔΙΑΘΕΣΙΜΑ / ΑΠΑΙΤΗΣΕΙΣ ΚΑΙ ΔΙΑΘΕΣΙΜΑ ΥΠΟΚΑΤΑΣΤΗΜΑΤΩΝ Ή ΑΛΛΩΝ ΚΕΝΤΡΩΝ / Χρεώστες Διάφοροι,missing_root_type
,Χρηματικά Διαθέσιμα,,receivable,,0,receivables,ΑΠΑΙΤΗΣΕΙΣ ΚΑΙ ΔΙΑΘΕΣΙΜΑ / ΑΠΑΙΤΗΣΕΙΣ ΚΑΙ ΔΙΑΘΕΣΙΜΑ ΥΠΟΚΑΤΑΣΤΗΜΑΤΩΝ Ή ΑΛΛΩΝ ΚΕΝΤΡΩΝ,Receivable,,,ΑΠΑΙΤΗΣΕΙΣ ΚΑΙ ΔΙΑΘΕΣΙΜΑ / ΑΠΑΙΤΗΣΕΙΣ ΚΑΙ ΔΙΑΘΕΣΙΜΑ ΥΠΟΚΑΤΑΣΤΗΜΑΤΩΝ Ή ΑΛΛΩΝ ΚΕΝΤΡΩΝ / Χρηματικά Διαθέσιμα,missing_root_type
,ΓΡΑΜΜΑΤΙΑ ΕΙΣΠΡΑΚΤΕΑ,,receivable,,1,,ΑΠΑΙΤΗΣΕΙΣ ΚΑΙ ΔΙΑΘΕΣΙΜΑ,Receivable,,,ΑΠΑΙΤΗΣΕΙΣ ΚΑΙ ΔΙΑΘΕΣΙΜΑ / ΓΡΑΜΜΑΤΙΑ ΕΙΣΠΡΑΚΤΕΑ,missing_root_type
,Γραμμάτια μεταβιβασμένα σε τρίτους,,receivable,,0,receivables,ΑΠΑΙΤΗΣΕΙΣ ΚΑΙ ΔΙΑΘΕΣΙΜΑ / ΓΡΑΜΜΑΤΙΑ ΕΙΣΠΡΑΚΤΕΑ,Receivable,,,ΑΠΑΙΤΗΣΕΙΣ ΚΑΙ ΔΙΑΘΕΣΙΜΑ / ΓΡΑΜΜΑΤΙΑ ΕΙΣΠΡΑΚΤΕΑ / Γραμμάτια μεταβιβασμένα σε τρίτους,missing_root_type
,Γραμμάτια προεξοφλημένα,,receivable,,0,receivables,ΑΠΑΙΤΗΣΕΙΣ ΚΑΙ ΔΙΑΘΕΣΙΜΑ / ΓΡΑΜΜΑΤΙΑ ΕΙΣΠΡΑΚΤΕΑ,Receivable,,,ΑΠΑΙΤΗΣΕΙΣ ΚΑΙ ΔΙΑΘΕΣΙΜΑ / ΓΡΑΜΜΑΤΙΑ ΕΙΣΠΡΑΚΤΕΑ / Γραμμάτια προεξοφλημένα,missing_root_type
,Γραμμάτια σε Ξ.Ν μεταβιβασμένα σε τρίτους,,receivable,,0,receivables,ΑΠΑΙΤΗΣΕΙΣ ΚΑΙ ΔΙΑΘΕΣΙΜΑ / ΓΡΑΜΜΑΤΙΑ ΕΙΣΠΡΑΚΤΕΑ,Receivable,,,ΑΠΑΙΤΗΣΕΙΣ ΚΑΙ ΔΙΑΘΕΣΙΜΑ / ΓΡΑΜΜΑΤΙΑ ΕΙΣΠΡΑΚΤΕΑ / Γραμμάτια σε Ξ.Ν μεταβιβασμένα σε τρίτους,missing_root_type
,Γραμμάτια σε Ξ.Ν προεξοφλημένα,,receivable,,0,receivables,ΑΠΑΙΤΗΣΕΙΣ ΚΑΙ ΔΙΑΘΕΣΙΜΑ / ΓΡΑΜΜΑΤΙΑ ΕΙΣΠΡΑΚΤΕΑ,Receivable,,,ΑΠΑΙΤΗΣΕΙΣ ΚΑΙ ΔΙΑΘΕΣΙΜΑ / ΓΡΑΜΜΑΤΙΑ ΕΙΣΠΡΑΚΤΕΑ / Γραμμάτια σε Ξ.Ν προεξοφλημένα,missing_root_type
,Γραμμάτια σε Ξ.Ν σε καθυστέρηση,,receivable,,0,receivables,ΑΠΑΙΤΗΣΕΙΣ ΚΑΙ ΔΙΑΘΕΣΙΜΑ / ΓΡΑΜΜΑΤΙΑ ΕΙΣΠΡΑΚΤΕΑ,Receivable,,,ΑΠΑΙΤΗΣΕΙΣ ΚΑΙ ΔΙΑΘΕΣΙΜΑ / ΓΡΑΜΜΑΤΙΑ ΕΙΣΠΡΑΚΤΕΑ / Γραμμάτια σε Ξ.Ν σε καθυστέρηση,missing_root_type
,Γραμμάτια σε Ξ.Ν στις Τράπεζες για είσπραξη,,receivable,,0,receivables,ΑΠΑΙΤΗΣΕΙΣ ΚΑΙ ΔΙΑΘΕΣΙΜΑ / ΓΡΑΜΜΑΤΙΑ ΕΙΣΠΡΑΚΤΕΑ,Receivable,,,ΑΠΑΙΤΗΣΕΙΣ ΚΑΙ ΔΙΑΘΕΣΙΜΑ / ΓΡΑΜΜΑΤΙΑ ΕΙΣΠΡΑΚΤΕΑ / Γραμμάτια σε Ξ.Ν στις Τράπεζες για είσπραξη,missing_root_type
,Γραμμάτια σε Ξ.Ν στις Τράπεζες σε εγγύηση,,receivable,,0,receivables,ΑΠΑΙΤΗΣΕΙΣ ΚΑΙ ΔΙΑΘΕΣΙΜΑ / ΓΡΑΜΜΑΤΙΑ ΕΙΣΠΡΑΚΤΕΑ,Receivable,,,ΑΠΑΙΤΗΣΕΙΣ ΚΑΙ ΔΙΑΘΕΣΙΜΑ / ΓΡΑΜΜΑΤΙΑ ΕΙΣΠΡΑΚΤΕΑ / Γραμμάτια σε Ξ.Ν στις Τράπεζες σε εγγύηση,missing_root_type
,Γραμμάτια σε Ξ.Ν στο χαρτοφυλάκιο,,receivable,,0,receivables,ΑΠΑΙΤΗΣΕΙΣ ΚΑΙ ΔΙΑΘΕΣΙΜΑ / ΓΡΑΜΜΑΤΙΑ ΕΙΣΠΡΑΚΤΕΑ,Receivable,,,ΑΠΑΙΤΗΣΕΙΣ ΚΑΙ ΔΙΑΘΕΣΙΜΑ / ΓΡΑΜΜΑΤΙΑ ΕΙΣΠΡΑΚΤΕΑ / Γραμμάτια σε Ξ.Ν στο χαρτοφυλάκιο,missing_root_type
,Γραμμάτια σε καθυστέρηση,,receivable,,0,receivables,ΑΠΑΙΤΗΣΕΙΣ ΚΑΙ ΔΙΑΘΕΣΙΜΑ / ΓΡΑΜΜΑΤΙΑ ΕΙΣΠΡΑΚΤΕΑ,Receivable,,,ΑΠΑΙΤΗΣΕΙΣ ΚΑΙ ΔΙΑΘΕΣΙΜΑ / ΓΡΑΜΜΑΤΙΑ ΕΙΣΠΡΑΚΤΕΑ / Γραμμάτια σε καθυστέρηση,missing_root_type
,Γραμμάτια στις Τράπεζες για είσπραξη,,receivable,,0,receivables,ΑΠΑΙΤΗΣΕΙΣ ΚΑΙ ΔΙΑΘΕΣΙΜΑ / ΓΡΑΜΜΑΤΙΑ ΕΙΣΠΡΑΚΤΕΑ,Receivable,,,ΑΠΑΙΤΗΣΕΙΣ ΚΑΙ ΔΙΑΘΕΣΙΜΑ / ΓΡΑΜΜΑΤΙΑ ΕΙΣΠΡΑΚΤΕΑ / Γραμμάτια στις Τράπεζες για είσπραξη,missing_root_type
,Γραμμάτια στις Τράπεζες για είσπραξη (Factoring),,receivable,,0,receivables,ΑΠΑΙΤΗΣΕΙΣ ΚΑΙ ΔΙΑΘΕΣΙΜΑ / ΓΡΑΜΜΑΤΙΑ ΕΙΣΠΡΑΚΤΕΑ,Receivable,,,ΑΠΑΙΤΗΣΕΙΣ ΚΑΙ ΔΙΑΘΕΣΙΜΑ / ΓΡΑΜΜΑΤΙΑ ΕΙΣΠΡΑΚΤΕΑ / Γραμμάτια στις Τράπεζες για είσπραξη (Factoring),missing_root_type
,Γραμμάτια στις Τράπεζες σε εγγύηση,,receivable,,0,receivables,ΑΠΑΙΤΗΣΕΙΣ ΚΑΙ ΔΙΑΘΕΣΙΜΑ / ΓΡΑΜΜΑΤΙΑ ΕΙΣΠΡΑΚΤΕΑ,Receivable,,,ΑΠΑΙΤΗΣΕΙΣ ΚΑΙ ΔΙΑΘΕΣΙΜΑ / ΓΡΑΜΜΑΤΙΑ ΕΙΣΠΡΑΚΤΕΑ / Γραμμάτια στις Τράπεζες σε εγγύηση,missing_root_type
,Γραμμάτια στο χαρτοφυλάκιο,,receivable,,0,receivables,ΑΠΑΙΤΗΣΕΙΣ ΚΑΙ ΔΙΑΘΕΣΙΜΑ / ΓΡΑΜΜΑΤΙΑ ΕΙΣΠΡΑΚΤΕΑ,Receivable,,,ΑΠΑΙΤΗΣΕΙΣ ΚΑΙ ΔΙΑΘΕΣΙΜΑ / ΓΡΑΜΜΑΤΙΑ ΕΙΣΠΡΑΚΤΕΑ / Γραμμάτια στο χαρτοφυλάκιο,missing_root_type
,Διάμεσος λογ.ελένχου διακίνησης γραμματίων εισπρακτέων,,receivable,,0,receivables,ΑΠΑΙΤΗΣΕΙΣ ΚΑΙ ΔΙΑΘΕΣΙΜΑ / ΓΡΑΜΜΑΤΙΑ ΕΙΣΠΡΑΚΤΕΑ,Receivable,,,ΑΠΑΙΤΗΣΕΙΣ ΚΑΙ ΔΙΑΘΕΣΙΜΑ / ΓΡΑΜΜΑΤΙΑ ΕΙΣΠΡΑΚΤΕΑ / Διάμεσος λογ.ελένχου διακίνησης γραμματίων εισπρακτέων,missing_root_type
,Μη δεδουλευμένοι τόκοι γραμματίων εισπρακτέων,,receivable,,0,receivables,ΑΠΑΙΤΗΣΕΙΣ ΚΑΙ ΔΙΑΘΕΣΙΜΑ / ΓΡΑΜΜΑΤΙΑ ΕΙΣΠΡΑΚΤΕΑ,Receivable,,,ΑΠΑΙΤΗΣΕΙΣ ΚΑΙ ΔΙΑΘΕΣΙΜΑ / ΓΡΑΜΜΑΤΙΑ ΕΙΣΠΡΑΚΤΕΑ / Μη δεδουλευμένοι τόκοι γραμματίων εισπρακτέων,missing_root_type
,Μη δεδουλευμένοι τόκοι γραμματίων εισπρακτέων σε Ξ.Ν.,,receivable,,0,receivables,ΑΠΑΙΤΗΣΕΙΣ ΚΑΙ ΔΙΑΘΕΣΙΜΑ / ΓΡΑΜΜΑΤΙΑ ΕΙΣΠΡΑΚΤΕΑ,Receivable,,,ΑΠΑΙΤΗΣΕΙΣ ΚΑΙ ΔΙΑΘΕΣΙΜΑ / ΓΡΑΜΜΑΤΙΑ ΕΙΣΠΡΑΚΤΕΑ / Μη δεδουλευμένοι τόκοι γραμματίων εισπρακτέων σε Ξ.Ν.,missing_root_type
,Τίτλοι trade credit,,receivable,,0,receivables,ΑΠΑΙΤΗΣΕΙΣ ΚΑΙ ΔΙΑΘΕΣΙΜΑ / ΓΡΑΜΜΑΤΙΑ ΕΙΣΠΡΑΚΤΕΑ,Receivable,,,ΑΠΑΙΤΗΣΕΙΣ ΚΑΙ ΔΙΑΘΕΣΙΜΑ / ΓΡΑΜΜΑΤΙΑ ΕΙΣΠΡΑΚΤΕΑ / Τίτλοι trade credit,missing_root_type
,Υποσχετικές επιστολές εισπρακτέες σε Ξ.Ν.,,receivable,,0,receivables,ΑΠΑΙΤΗΣΕΙΣ ΚΑΙ ΔΙΑΘΕΣΙΜΑ / ΓΡΑΜΜΑΤΙΑ ΕΙΣΠΡΑΚΤΕΑ,Receivable,,,ΑΠΑΙΤΗΣΕΙΣ ΚΑΙ ΔΙΑΘΕΣΙΜΑ / ΓΡΑΜΜΑΤΙΑ ΕΙΣΠΡΑΚΤΕΑ / Υποσχετικές επιστολές εισπρακτέες σε Ξ.Ν.,missing_root_type
,Υποσχετικές επιστολές εισπρακτέες σε δρχ.,,receivable,,0,receivables,ΑΠΑΙΤΗΣΕΙΣ ΚΑΙ ΔΙΑΘΕΣΙΜΑ / ΓΡΑΜΜΑΤΙΑ ΕΙΣΠΡΑΚΤΕΑ,Receivable,,,ΑΠΑΙΤΗΣΕΙΣ ΚΑΙ ΔΙΑΘΕΣΙΜΑ / ΓΡΑΜΜΑΤΙΑ ΕΙΣΠΡΑΚΤΕΑ / Υποσχετικές επιστολές εισπρακτέες σε δρχ.,missing_root_type
,ΛΟΓΑΡΙΑΣΜΟΙ ΔΙΑΧΕΙΡΙΣΕΙΣ ΠΡΟΚΑΤΑΒΟΛΩΝ ΚΑΙ ΠΙΣΤΩΣΕΩΝ,,receivable,,1,,ΑΠΑΙΤΗΣΕΙΣ ΚΑΙ ΔΙΑΘΕΣΙΜΑ,Receivable,,,ΑΠΑΙΤΗΣΕΙΣ ΚΑΙ ΔΙΑΘΕΣΙΜΑ / ΛΟΓΑΡΙΑΣΜΟΙ ΔΙΑΧΕΙΡΙΣΕΙΣ ΠΡΟΚΑΤΑΒΟΛΩΝ ΚΑΙ ΠΙΣΤΩΣΕΩΝ,missing_root_type
,Εκτελωνιστές - Λογ/σμοι πρός απόδοση,,receivable,,0,receivables,ΑΠΑΙΤΗΣΕΙΣ ΚΑΙ ΔΙΑΘΕΣΙΜΑ / ΛΟΓΑΡΙΑΣΜΟΙ ΔΙΑΧΕΙΡΙΣΕΙΣ ΠΡΟΚΑΤΑΒΟΛΩΝ ΚΑΙ ΠΙΣΤΩΣΕΩΝ,Receivable,,,ΑΠΑΙΤΗΣΕΙΣ ΚΑΙ ΔΙΑΘΕΣΙΜΑ / ΛΟΓΑΡΙΑΣΜΟΙ ΔΙΑΧΕΙΡΙΣΕΙΣ ΠΡΟΚΑΤΑΒΟΛΩΝ ΚΑΙ ΠΙΣΤΩΣΕΩΝ / Εκτελωνιστές - Λογ/σμοι πρός απόδοση,missing_root_type
,Λοιποί συνεργάτες τρίτοι - Λογ/σμοι πρός απόδοση,,receivable,,0,receivables,ΑΠΑΙΤΗΣΕΙΣ ΚΑΙ ΔΙΑΘΕΣΙΜΑ / ΛΟΓΑΡΙΑΣΜΟΙ ΔΙΑΧΕΙΡΙΣΕΙΣ ΠΡΟΚΑΤΑΒΟΛΩΝ ΚΑΙ ΠΙΣΤΩΣΕΩΝ,Receivable,,,ΑΠΑΙΤΗΣΕΙΣ ΚΑΙ ΔΙΑΘΕΣΙΜΑ / ΛΟΓΑΡΙΑΣΜΟΙ ΔΙΑΧΕΙΡΙΣΕΙΣ ΠΡΟΚΑΤΑΒΟΛΩΝ ΚΑΙ ΠΙΣΤΩΣΕΩΝ / Λοιποί συνεργάτες τρίτοι - Λογ/σμοι πρός απόδοση,missing_root_type
,Πάγιες προκαταβολές,,receivable,,0,receivables,ΑΠΑΙΤΗΣΕΙΣ ΚΑΙ ΔΙΑΘΕΣΙΜΑ / ΛΟΓΑΡΙΑΣΜΟΙ ΔΙΑΧΕΙΡΙΣΕΙΣ ΠΡΟΚΑΤΑΒΟΛΩΝ ΚΑΙ ΠΙΣΤΩΣΕΩΝ,Receivable,,,ΑΠΑΙΤΗΣΕΙΣ ΚΑΙ ΔΙΑΘΕΣΙΜΑ / ΛΟΓΑΡΙΑΣΜΟΙ ΔΙΑΧΕΙΡΙΣΕΙΣ ΠΡΟΚΑΤΑΒΟΛΩΝ ΚΑΙ ΠΙΣΤΩΣΕΩΝ / Πάγιες προκαταβολές,missing_root_type
,Πιστώσεις υπέρ τρίτων,,receivable,,0,receivables,ΑΠΑΙΤΗΣΕΙΣ ΚΑΙ ΔΙΑΘΕΣΙΜΑ / ΛΟΓΑΡΙΑΣΜΟΙ ΔΙΑΧΕΙΡΙΣΕΙΣ ΠΡΟΚΑΤΑΒΟΛΩΝ ΚΑΙ ΠΙΣΤΩΣΕΩΝ,Receivable,,,ΑΠΑΙΤΗΣΕΙΣ ΚΑΙ ΔΙΑΘΕΣΙΜΑ / ΛΟΓΑΡΙΑΣΜΟΙ ΔΙΑΧΕΙΡΙΣΕΙΣ ΠΡΟΚΑΤΑΒΟΛΩΝ ΚΑΙ ΠΙΣΤΩΣΕΩΝ / Πιστώσεις υπέρ τρίτων,missing_root_type
,Προσωπικό - Λογ/σμοι πρός απόδοση,,receivable,,0,receivables,ΑΠΑΙΤΗΣΕΙΣ ΚΑΙ ΔΙΑΘΕΣΙΜΑ / ΛΟΓΑΡΙΑΣΜΟΙ ΔΙΑΧΕΙΡΙΣΕΙΣ ΠΡΟΚΑΤΑΒΟΛΩΝ ΚΑΙ ΠΙΣΤΩΣΕΩΝ,Receivable,,,ΑΠΑΙΤΗΣΕΙΣ ΚΑΙ ΔΙΑΘΕΣΙΜΑ / ΛΟΓΑΡΙΑΣΜΟΙ ΔΙΑΧΕΙΡΙΣΕΙΣ ΠΡΟΚΑΤΑΒΟΛΩΝ ΚΑΙ ΠΙΣΤΩΣΕΩΝ / Προσωπικό - Λογ/σμοι πρός απόδοση,missing_root_type
,ΜΕΤΑΒΑΤΙΚΟΙ ΛΟΓΑΡΙΑΣΜΟΙ ΕΝΕΡΓΗΤΙΚΟΥ,,receivable,,1,,ΑΠΑΙΤΗΣΕΙΣ ΚΑΙ ΔΙΑΘΕΣΙΜΑ,Receivable,,,ΑΠΑΙΤΗΣΕΙΣ ΚΑΙ ΔΙΑΘΕΣΙΜΑ / ΜΕΤΑΒΑΤΙΚΟΙ ΛΟΓΑΡΙΑΣΜΟΙ ΕΝΕΡΓΗΤΙΚΟΥ,missing_root_type
,Έξοδα επομένων χρήσεων,,receivable,,0,receivables,ΑΠΑΙΤΗΣΕΙΣ ΚΑΙ ΔΙΑΘΕΣΙΜΑ / ΜΕΤΑΒΑΤΙΚΟΙ ΛΟΓΑΡΙΑΣΜΟΙ ΕΝΕΡΓΗΤΙΚΟΥ,Receivable,,,ΑΠΑΙΤΗΣΕΙΣ ΚΑΙ ΔΙΑΘΕΣΙΜΑ / ΜΕΤΑΒΑΤΙΚΟΙ ΛΟΓΑΡΙΑΣΜΟΙ ΕΝΕΡΓΗΤΙΚΟΥ / Έξοδα επομένων χρήσεων,missing_root_type
,Έσοδα χρήσης εισπρακτέα,,receivable,,0,receivables,ΑΠΑΙΤΗΣΕΙΣ ΚΑΙ ΔΙΑΘΕΣΙΜΑ / ΜΕΤΑΒΑΤΙΚΟΙ ΛΟΓΑΡΙΑΣΜΟΙ ΕΝΕΡΓΗΤΙΚΟΥ,Receivable,,,ΑΠΑΙΤΗΣΕΙΣ ΚΑΙ ΔΙΑΘΕΣΙΜΑ / ΜΕΤΑΒΑΤΙΚΟΙ ΛΟΓΑΡΙΑΣΜΟΙ ΕΝΕΡΓΗΤΙΚΟΥ / Έσοδα χρήσης εισπρακτέα,missing_root_type
,Αγορές υπό παραλαβή,,receivable,,0,receivables,ΑΠΑΙΤΗΣΕΙΣ ΚΑΙ ΔΙΑΘΕΣΙΜΑ / ΜΕΤΑΒΑΤΙΚΟΙ ΛΟΓΑΡΙΑΣΜΟΙ ΕΝΕΡΓΗΤΙΚΟΥ,Receivable,,,ΑΠΑΙΤΗΣΕΙΣ ΚΑΙ ΔΙΑΘΕΣΙΜΑ / ΜΕΤΑΒΑΤΙΚΟΙ ΛΟΓΑΡΙΑΣΜΟΙ ΕΝΕΡΓΗΤΙΚΟΥ / Αγορές υπό παραλαβή,missing_root_type
,Εκπτώσεις επί αγορών χρήσης υπό διακανονισμό,,receivable,,0,receivables,ΑΠΑΙΤΗΣΕΙΣ ΚΑΙ ΔΙΑΘΕΣΙΜΑ / ΜΕΤΑΒΑΤΙΚΟΙ ΛΟΓΑΡΙΑΣΜΟΙ ΕΝΕΡΓΗΤΙΚΟΥ,Receivable,,,ΑΠΑΙΤΗΣΕΙΣ ΚΑΙ ΔΙΑΘΕΣΙΜΑ / ΜΕΤΑΒΑΤΙΚΟΙ ΛΟΓΑΡΙΑΣΜΟΙ ΕΝΕΡΓΗΤΙΚΟΥ / Εκπτώσεις επί αγορών χρήσης υπό διακανονισμό,missing_root_type
,ΠΑΡΑΓΓΕΛΙΕΣ ΣΤΟ ΕΞΩΤΕΡΙΚΟ,,receivable,,1,,ΑΠΑΙΤΗΣΕΙΣ ΚΑΙ ΔΙΑΘΕΣΙΜΑ,Receivable,,,ΑΠΑΙΤΗΣΕΙΣ ΚΑΙ ΔΙΑΘΕΣΙΜΑ / ΠΑΡΑΓΓΕΛΙΕΣ ΣΤΟ ΕΞΩΤΕΡΙΚΟ,missing_root_type
,Ανέκκλητες πιστώσεις μέσω Τραπεζών,,receivable,,0,receivables,ΑΠΑΙΤΗΣΕΙΣ ΚΑΙ ΔΙΑΘΕΣΙΜΑ / ΠΑΡΑΓΓΕΛΙΕΣ ΣΤΟ ΕΞΩΤΕΡΙΚΟ,Receivable,,,ΑΠΑΙΤΗΣΕΙΣ ΚΑΙ ΔΙΑΘΕΣΙΜΑ / ΠΑΡΑΓΓΕΛΙΕΣ ΣΤΟ ΕΞΩΤΕΡΙΚΟ / Ανέκκλητες πιστώσεις μέσω Τραπεζών,missing_root_type
,Δεσμευμένα περιθώρια και δασμοί εισαγωγής,,receivable,,0,receivables,ΑΠΑΙΤΗΣΕΙΣ ΚΑΙ ΔΙΑΘΕΣΙΜΑ / ΠΑΡΑΓΓΕΛΙΕΣ ΣΤΟ ΕΞΩΤΕΡΙΚΟ,Receivable,,,ΑΠΑΙΤΗΣΕΙΣ ΚΑΙ ΔΙΑΘΕΣΙΜΑ / ΠΑΡΑΓΓΕΛΙΕΣ ΣΤΟ ΕΞΩΤΕΡΙΚΟ / Δεσμευμένα περιθώρια και δασμοί εισαγωγής,missing_root_type
,Κόστος Παραγγελιών εξωτ.λογισμένο,,receivable,,0,receivables,ΑΠΑΙΤΗΣΕΙΣ ΚΑΙ ΔΙΑΘΕΣΙΜΑ / ΠΑΡΑΓΓΕΛΙΕΣ ΣΤΟ ΕΞΩΤΕΡΙΚΟ,Receivable,,,ΑΠΑΙΤΗΣΕΙΣ ΚΑΙ ΔΙΑΘΕΣΙΜΑ / ΠΑΡΑΓΓΕΛΙΕΣ ΣΤΟ ΕΞΩΤΕΡΙΚΟ / Κόστος Παραγγελιών εξωτ.λογισμένο,missing_root_type
,Παραγγελίες κυκλοφορούντων στοιχείων,,receivable,,0,receivables,ΑΠΑΙΤΗΣΕΙΣ ΚΑΙ ΔΙΑΘΕΣΙΜΑ / ΠΑΡΑΓΓΕΛΙΕΣ ΣΤΟ ΕΞΩΤΕΡΙΚΟ,Receivable,,,ΑΠΑΙΤΗΣΕΙΣ ΚΑΙ ΔΙΑΘΕΣΙΜΑ / ΠΑΡΑΓΓΕΛΙΕΣ ΣΤΟ ΕΞΩΤΕΡΙΚΟ / Παραγγελίες κυκλοφορούντων στοιχείων,missing_root_type
,Παραγγελίες παγίων στοιχείων,,receivable,,0,receivables,ΑΠΑΙΤΗΣΕΙΣ ΚΑΙ ΔΙΑΘΕΣΙΜΑ / ΠΑΡΑΓΓΕΛΙΕΣ ΣΤΟ ΕΞΩΤΕΡΙΚΟ,Receivable,,,ΑΠΑΙΤΗΣΕΙΣ ΚΑΙ ΔΙΑΘΕΣΙΜΑ / ΠΑΡΑΓΓΕΛΙΕΣ ΣΤΟ ΕΞΩΤΕΡΙΚΟ / Παραγγελίες παγίων στοιχείων,missing_root_type
,Προεμβάσματα μέσω Τραπεζών,,receivable,,0,receivables,ΑΠΑΙΤΗΣΕΙΣ ΚΑΙ ΔΙΑΘΕΣΙΜΑ / ΠΑΡΑΓΓΕΛΙΕΣ ΣΤΟ ΕΞΩΤΕΡΙΚΟ,Receivable,,,ΑΠΑΙΤΗΣΕΙΣ ΚΑΙ ΔΙΑΘΕΣΙΜΑ / ΠΑΡΑΓΓΕΛΙΕΣ ΣΤΟ ΕΞΩΤΕΡΙΚΟ / Προεμβάσματα μέσω Τραπεζών,missing_root_type
,ΠΕΛΑΤΕΣ,,receivable,,1,,ΑΠΑΙΤΗΣΕΙΣ ΚΑΙ ΔΙΑΘΕΣΙΜΑ,Receivable,,,ΑΠΑΙΤΗΣΕΙΣ ΚΑΙ ΔΙΑΘΕΣΙΜΑ / ΠΕΛΑΤΕΣ,missing_root_type
,Έξοδα για λογαριασμό Πελατών,,receivable,,0,receivables,ΑΠΑΙΤΗΣΕΙΣ ΚΑΙ ΔΙΑΘΕΣΙΜΑ / ΠΕΛΑΤΕΣ,Receivable,,,ΑΠΑΙΤΗΣΕΙΣ ΚΑΙ ΔΙΑΘΕΣΙΜΑ / ΠΕΛΑΤΕΣ / Έξοδα για λογαριασμό Πελατών,missing_root_type
,Ελληνικό Δημόσιο,,receivable,,0,receivables,ΑΠΑΙΤΗΣΕΙΣ ΚΑΙ ΔΙΑΘΕΣΙΜΑ / ΠΕΛΑΤΕΣ,Receivable,,,ΑΠΑΙΤΗΣΕΙΣ ΚΑΙ ΔΙΑΘΕΣΙΜΑ / ΠΕΛΑΤΕΣ / Ελληνικό Δημόσιο,missing_root_type
,Ελληνικό Δημόσιο (με την ιδιότητα του πελάτη) λογ. επίδικων απαιτήσεων,,receivable,,0,receivables,ΑΠΑΙΤΗΣΕΙΣ ΚΑΙ ΔΙΑΘΕΣΙΜΑ / ΠΕΛΑΤΕΣ,Receivable,,,ΑΠΑΙΤΗΣΕΙΣ ΚΑΙ ΔΙΑΘΕΣΙΜΑ / ΠΕΛΑΤΕΣ / Ελληνικό Δημόσιο (με την ιδιότητα του πελάτη) λογ. επίδικων απαιτήσεων,missing_root_type
,Λοιποί πελάτες λογ/σμός επίδικων απαιτήσεων,,receivable,,0,receivables,ΑΠΑΙΤΗΣΕΙΣ ΚΑΙ ΔΙΑΘΕΣΙΜΑ / ΠΕΛΑΤΕΣ,Receivable,,,ΑΠΑΙΤΗΣΕΙΣ ΚΑΙ ΔΙΑΘΕΣΙΜΑ / ΠΕΛΑΤΕΣ / Λοιποί πελάτες λογ/σμός επίδικων απαιτήσεων,missing_root_type
,Ν.Π.Δ.Δ. Και Δημόσιες Επιχειρήσεις,,receivable,,0,receivables,ΑΠΑΙΤΗΣΕΙΣ ΚΑΙ ΔΙΑΘΕΣΙΜΑ / ΠΕΛΑΤΕΣ,Receivable,,,ΑΠΑΙΤΗΣΕΙΣ ΚΑΙ ΔΙΑΘΕΣΙΜΑ / ΠΕΛΑΤΕΣ / Ν.Π.Δ.Δ. Και Δημόσιες Επιχειρήσεις,missing_root_type
,Πελάτες - Εγγυήσεις ειδών συσκευασίας,,receivable,,0,receivables,ΑΠΑΙΤΗΣΕΙΣ ΚΑΙ ΔΙΑΘΕΣΙΜΑ / ΠΕΛΑΤΕΣ,Receivable,,,ΑΠΑΙΤΗΣΕΙΣ ΚΑΙ ΔΙΑΘΕΣΙΜΑ / ΠΕΛΑΤΕΣ / Πελάτες - Εγγυήσεις ειδών συσκευασίας,missing_root_type
,Πελάτες - Παρακρατημένες εγγυήσεις,,receivable,,0,receivables,ΑΠΑΙΤΗΣΕΙΣ ΚΑΙ ΔΙΑΘΕΣΙΜΑ / ΠΕΛΑΤΕΣ,Receivable,,,ΑΠΑΙΤΗΣΕΙΣ ΚΑΙ ΔΙΑΘΕΣΙΜΑ / ΠΕΛΑΤΕΣ / Πελάτες - Παρακρατημένες εγγυήσεις,missing_root_type
,Πελάτες N.Π.Δ.Δ. εκχώρηθέντες  με σύμβαση Factoring,,receivable,,0,receivables,ΑΠΑΙΤΗΣΕΙΣ ΚΑΙ ΔΙΑΘΕΣΙΜΑ / ΠΕΛΑΤΕΣ,Receivable,,,ΑΠΑΙΤΗΣΕΙΣ ΚΑΙ ΔΙΑΘΕΣΙΜΑ / ΠΕΛΑΤΕΣ / Πελάτες N.Π.Δ.Δ. εκχώρηθέντες  με σύμβαση Factoring,missing_root_type
,Πελάτες Ελλ.Δημόσιο εκχώρ με σύμβαση Factoring,,receivable,,0,receivables,ΑΠΑΙΤΗΣΕΙΣ ΚΑΙ ΔΙΑΘΕΣΙΜΑ / ΠΕΛΑΤΕΣ,Receivable,,,ΑΠΑΙΤΗΣΕΙΣ ΚΑΙ ΔΙΑΘΕΣΙΜΑ / ΠΕΛΑΤΕΣ / Πελάτες Ελλ.Δημόσιο εκχώρ με σύμβαση Factoring,missing_root_type
,Πελάτες αντίθετος λογ. αξίας ειδών συσκευασίας,,receivable,,0,receivables,ΑΠΑΙΤΗΣΕΙΣ ΚΑΙ ΔΙΑΘΕΣΙΜΑ / ΠΕΛΑΤΕΣ,Receivable,,,ΑΠΑΙΤΗΣΕΙΣ ΚΑΙ ΔΙΑΘΕΣΙΜΑ / ΠΕΛΑΤΕΣ / Πελάτες αντίθετος λογ. αξίας ειδών συσκευασίας,missing_root_type
,Πελάτες εξωτερικού,,receivable,,0,receivables,ΑΠΑΙΤΗΣΕΙΣ ΚΑΙ ΔΙΑΘΕΣΙΜΑ / ΠΕΛΑΤΕΣ,Receivable,,,ΑΠΑΙΤΗΣΕΙΣ ΚΑΙ ΔΙΑΘΕΣΙΜΑ / ΠΕΛΑΤΕΣ / Πελάτες εξωτερικού,missing_root_type
,Πελάτες εξωτερικού εκχωρ. με σύμβαση Factoring,,receivable,,0,receivables,ΑΠΑΙΤΗΣΕΙΣ ΚΑΙ ΔΙΑΘΕΣΙΜΑ / ΠΕΛΑΤΕΣ,Receivable,,,ΑΠΑΙΤΗΣΕΙΣ ΚΑΙ ΔΙΑΘΕΣΙΜΑ / ΠΕΛΑΤΕΣ / Πελάτες εξωτερικού εκχωρ. με σύμβαση Factoring,missing_root_type
,Πελάτες επισφαλείς,,receivable,,0,receivables,ΑΠΑΙΤΗΣΕΙΣ ΚΑΙ ΔΙΑΘΕΣΙΜΑ / ΠΕΛΑΤΕΣ,Receivable,,,ΑΠΑΙΤΗΣΕΙΣ ΚΑΙ ΔΙΑΘΕΣΙΜΑ / ΠΕΛΑΤΕΣ / Πελάτες επισφαλείς,missing_root_type
,Πελάτες εσωτερικού,,receivable,,0,receivables,ΑΠΑΙΤΗΣΕΙΣ ΚΑΙ ΔΙΑΘΕΣΙΜΑ / ΠΕΛΑΤΕΣ,Receivable,,,ΑΠΑΙΤΗΣΕΙΣ ΚΑΙ ΔΙΑΘΕΣΙΜΑ / ΠΕΛΑΤΕΣ / Πελάτες εσωτερικού,missing_root_type
,Πελάτες εσωτερικού εκχωρ. με σύμβαση Factoring,,receivable,,0,receivables,ΑΠΑΙΤΗΣΕΙΣ ΚΑΙ ΔΙΑΘΕΣΙΜΑ / ΠΕΛΑΤΕΣ,Receivable,,,ΑΠΑΙΤΗΣΕΙΣ ΚΑΙ ΔΙΑΘΕΣΙΜΑ / ΠΕΛΑΤΕΣ / Πελάτες εσωτερικού εκχωρ. με σύμβαση Factoring,missing_root_type
,Προκαταβολές πελατών,,receivable,,0,receivables,ΑΠΑΙΤΗΣΕΙΣ ΚΑΙ ΔΙΑΘΕΣΙΜΑ / ΠΕΛΑΤΕΣ,Receivable,,,ΑΠΑΙΤΗΣΕΙΣ ΚΑΙ ΔΙΑΘΕΣΙΜΑ / ΠΕΛΑΤΕΣ / Προκαταβολές πελατών,missing_root_type
,ΧΡΕΩΓΡΑΦΑ,,receivable,,1,,ΑΠΑΙΤΗΣΕΙΣ ΚΑΙ ΔΙΑΘΕΣΙΜΑ,Receivable,,,ΑΠΑΙΤΗΣΕΙΣ ΚΑΙ ΔΙΑΘΕΣΙΜΑ / ΧΡΕΩΓΡΑΦΑ,missing_root_type
,Έντοκα γραμμάτια Ελληνικού Δημοσίου,,receivable,,0,receivables,ΑΠΑΙΤΗΣΕΙΣ ΚΑΙ ΔΙΑΘΕΣΙΜΑ / ΧΡΕΩΓΡΑΦΑ,Receivable,,,ΑΠΑΙΤΗΣΕΙΣ ΚΑΙ ΔΙΑΘΕΣΙΜΑ / ΧΡΕΩΓΡΑΦΑ / Έντοκα γραμμάτια Ελληνικού Δημοσίου,missing_root_type
,Ίδιες μετοχές,,receivable,,0,receivables,ΑΠΑΙΤΗΣΕΙΣ ΚΑΙ ΔΙΑΘΕΣΙΜΑ / ΧΡΕΩΓΡΑΦΑ,Receivable,,,ΑΠΑΙΤΗΣΕΙΣ ΚΑΙ ΔΙΑΘΕΣΙΜΑ / ΧΡΕΩΓΡΑΦΑ / Ίδιες μετοχές,missing_root_type
,Όμολογα Ελληνικού Δημοσίου,,receivable,,0,receivables,ΑΠΑΙΤΗΣΕΙΣ ΚΑΙ ΔΙΑΘΕΣΙΜΑ / ΧΡΕΩΓΡΑΦΑ,Receivable,,,ΑΠΑΙΤΗΣΕΙΣ ΚΑΙ ΔΙΑΘΕΣΙΜΑ / ΧΡΕΩΓΡΑΦΑ / Όμολογα Ελληνικού Δημοσίου,missing_root_type
,Ανεξόφλητες μετοχές εισηγμένες στο Χρηματιστήριο εταιριών εξωτερικού,,receivable,,0,receivables,ΑΠΑΙΤΗΣΕΙΣ ΚΑΙ ΔΙΑΘΕΣΙΜΑ / ΧΡΕΩΓΡΑΦΑ,Receivable,,,ΑΠΑΙΤΗΣΕΙΣ ΚΑΙ ΔΙΑΘΕΣΙΜΑ / ΧΡΕΩΓΡΑΦΑ / Ανεξόφλητες μετοχές εισηγμένες στο Χρηματιστήριο εταιριών εξωτερικού,missing_root_type
,Ανεξόφλητες μετοχές εισηγμένες στο Χρηματιστήριο εταιριών εσωτερικού,,receivable,,0,receivables,ΑΠΑΙΤΗΣΕΙΣ ΚΑΙ ΔΙΑΘΕΣΙΜΑ / ΧΡΕΩΓΡΑΦΑ,Receivable,,,ΑΠΑΙΤΗΣΕΙΣ ΚΑΙ ΔΙΑΘΕΣΙΜΑ / ΧΡΕΩΓΡΑΦΑ / Ανεξόφλητες μετοχές εισηγμένες στο Χρηματιστήριο εταιριών εσωτερικού,missing_root_type
,Ανεξόφλητες μετοχές μη εισηγμένες στο Χρηματιστήριο εταιριών εξωτερικού,,receivable,,0,receivables,ΑΠΑΙΤΗΣΕΙΣ ΚΑΙ ΔΙΑΘΕΣΙΜΑ / ΧΡΕΩΓΡΑΦΑ,Receivable,,,ΑΠΑΙΤΗΣΕΙΣ ΚΑΙ ΔΙΑΘΕΣΙΜΑ / ΧΡΕΩΓΡΑΦΑ / Ανεξόφλητες μετοχές μη εισηγμένες στο Χρηματιστήριο εταιριών εξωτερικού,missing_root_type
,Ανεξόφλητες μετοχές μη εισηγμένες στο Χρηματιστήριο εταιριών εσωτερικού,,receivable,,0,receivables,ΑΠΑΙΤΗΣΕΙΣ ΚΑΙ ΔΙΑΘΕΣΙΜΑ / ΧΡΕΩΓΡΑΦΑ,Receivable,,,ΑΠΑΙΤΗΣΕΙΣ ΚΑΙ ΔΙΑΘΕΣΙΜΑ / ΧΡΕΩΓΡΑΦΑ / Ανεξόφλητες μετοχές μη εισηγμένες στο Χρηματιστήριο εταιριών εσωτερικού,missing_root_type
,Ανεξόφλητες ομολογίες αλλοδαπών δανείων,,receivable,,0,receivables,ΑΠΑΙΤΗΣΕΙΣ ΚΑΙ ΔΙΑΘΕΣΙΜΑ / ΧΡΕΩΓΡΑΦΑ,Receivable,,,ΑΠΑΙΤΗΣΕΙΣ ΚΑΙ ΔΙΑΘΕΣΙΜΑ / ΧΡΕΩΓΡΑΦΑ / Ανεξόφλητες ομολογίες αλλοδαπών δανείων,missing_root_type
,Ανεξόφλητες ομολογίες ελληνικών δανείων,,receivable,,0,receivables,ΑΠΑΙΤΗΣΕΙΣ ΚΑΙ ΔΙΑΘΕΣΙΜΑ / ΧΡΕΩΓΡΑΦΑ,Receivable,,,ΑΠΑΙΤΗΣΕΙΣ ΚΑΙ ΔΙΑΘΕΣΙΜΑ / ΧΡΕΩΓΡΑΦΑ / Ανεξόφλητες ομολογίες ελληνικών δανείων,missing_root_type
,Λοιπά χρεώγραφα εξωτερικού,,receivable,,0,receivables,ΑΠΑΙΤΗΣΕΙΣ ΚΑΙ ΔΙΑΘΕΣΙΜΑ / ΧΡΕΩΓΡΑΦΑ,Receivable,,,ΑΠΑΙΤΗΣΕΙΣ ΚΑΙ ΔΙΑΘΕΣΙΜΑ / ΧΡΕΩΓΡΑΦΑ / Λοιπά χρεώγραφα εξωτερικού,missing_root_type
,Λοιπά χρεώγραφα εσωτερικού,,receivable,,0,receivables,ΑΠΑΙΤΗΣΕΙΣ ΚΑΙ ΔΙΑΘΕΣΙΜΑ / ΧΡΕΩΓΡΑΦΑ,Receivable,,,ΑΠΑΙΤΗΣΕΙΣ ΚΑΙ ΔΙΑΘΕΣΙΜΑ / ΧΡΕΩΓΡΑΦΑ / Λοιπά χρεώγραφα εσωτερικού,missing_root_type
,Μερίδια αμοιβαίων κεφαλαίων εξωτερικού,,receivable,,0,receivables,ΑΠΑΙΤΗΣΕΙΣ ΚΑΙ ΔΙΑΘΕΣΙΜΑ / ΧΡΕΩΓΡΑΦΑ,Receivable,,,ΑΠΑΙΤΗΣΕΙΣ ΚΑΙ ΔΙΑΘΕΣΙΜΑ / ΧΡΕΩΓΡΑΦΑ / Μερίδια αμοιβαίων κεφαλαίων εξωτερικού,missing_root_type
,Μερίδια αμοιβαίων κεφαλαίων εσωτερικού,,receivable,,0,receivables,ΑΠΑΙΤΗΣΕΙΣ ΚΑΙ ΔΙΑΘΕΣΙΜΑ / ΧΡΕΩΓΡΑΦΑ,Receivable,,,ΑΠΑΙΤΗΣΕΙΣ ΚΑΙ ΔΙΑΘΕΣΙΜΑ / ΧΡΕΩΓΡΑΦΑ / Μερίδια αμοιβαίων κεφαλαίων εσωτερικού,missing_root_type
,Μερισματοαποδείξεις εισπρακτέες μετοχών εταιριών εξωτερικού,,receivable,,0,receivables,ΑΠΑΙΤΗΣΕΙΣ ΚΑΙ ΔΙΑΘΕΣΙΜΑ / ΧΡΕΩΓΡΑΦΑ,Receivable,,,ΑΠΑΙΤΗΣΕΙΣ ΚΑΙ ΔΙΑΘΕΣΙΜΑ / ΧΡΕΩΓΡΑΦΑ / Μερισματοαποδείξεις εισπρακτέες μετοχών εταιριών εξωτερικού,missing_root_type
,Μερισματοαποδείξεις εισπρακτέες μετοχών εταιριών εσωτερικού,,receivable,,0,receivables,ΑΠΑΙΤΗΣΕΙΣ ΚΑΙ ΔΙΑΘΕΣΙΜΑ / ΧΡΕΩΓΡΑΦΑ,Receivable,,,ΑΠΑΙΤΗΣΕΙΣ ΚΑΙ ΔΙΑΘΕΣΙΜΑ / ΧΡΕΩΓΡΑΦΑ / Μερισματοαποδείξεις εισπρακτέες μετοχών εταιριών εσωτερικού,missing_root_type
,Μετοχές εισηγμένες στο Χρηματιστήριο εταιριών εξωτερικού,,receivable,,0,receivables,ΑΠΑΙΤΗΣΕΙΣ ΚΑΙ ΔΙΑΘΕΣΙΜΑ / ΧΡΕΩΓΡΑΦΑ,Receivable,,,ΑΠΑΙΤΗΣΕΙΣ ΚΑΙ ΔΙΑΘΕΣΙΜΑ / ΧΡΕΩΓΡΑΦΑ / Μετοχές εισηγμένες στο Χρηματιστήριο εταιριών εξωτερικού,missing_root_type
,Μετοχές εισηγμένες στο Χρηματιστήριο εταιριών εσωτερικού,,receivable,,0,receivables,ΑΠΑΙΤΗΣΕΙΣ ΚΑΙ ΔΙΑΘΕΣΙΜΑ / ΧΡΕΩΓΡΑΦΑ,Receivable,,,ΑΠΑΙΤΗΣΕΙΣ ΚΑΙ ΔΙΑΘΕΣΙΜΑ / ΧΡΕΩΓΡΑΦΑ / Μετοχές εισηγμένες στο Χρηματιστήριο εταιριών εσωτερικού,missing_root_type
,Μετοχές μη εισηγμένες στο Χρηματιστήριο εταιριών εξωτερικού,,receivable,,0,receivables,ΑΠΑΙΤΗΣΕΙΣ ΚΑΙ ΔΙΑΘΕΣΙΜΑ / ΧΡΕΩΓΡΑΦΑ,Receivable,,,ΑΠΑΙΤΗΣΕΙΣ ΚΑΙ ΔΙΑΘΕΣΙΜΑ / ΧΡΕΩΓΡΑΦΑ / Μετοχές μη εισηγμένες στο Χρηματιστήριο εταιριών εξωτερικού,missing_root_type
,Μετοχές μη εισηγμένες στο Χρηματιστήριο εταιριών εσωτερικού,,receivable,,0,receivables,ΑΠΑΙΤΗΣΕΙΣ ΚΑΙ ΔΙΑΘΕΣΙΜΑ / ΧΡΕΩΓΡΑΦΑ,Receivable,,,ΑΠΑΙΤΗΣΕΙΣ ΚΑΙ ΔΙΑΘΕΣΙΜΑ / ΧΡΕΩΓΡΑΦΑ / Μετοχές μη εισηγμένες στο Χρηματιστήριο εταιριών εσωτερικού,missing_root_type
,Ομολογίες αλλοδαπών δανείων,,receivable,,0,receivables,ΑΠΑΙΤΗΣΕΙΣ ΚΑΙ ΔΙΑΘΕΣΙΜΑ / ΧΡΕΩΓΡΑΦΑ,Receivable,,,ΑΠΑΙΤΗΣΕΙΣ ΚΑΙ ΔΙΑΘΕΣΙΜΑ / ΧΡΕΩΓΡΑΦΑ / Ομολογίες αλλοδαπών δανείων,missing_root_type
,Ομολογίες ελληνικών δανείων,,receivable,,0,receivables,ΑΠΑΙΤΗΣΕΙΣ ΚΑΙ ΔΙΑΘΕΣΙΜΑ / ΧΡΕΩΓΡΑΦΑ,Receivable,,,ΑΠΑΙΤΗΣΕΙΣ ΚΑΙ ΔΙΑΘΕΣΙΜΑ / ΧΡΕΩΓΡΑΦΑ / Ομολογίες ελληνικών δανείων,missing_root_type
,Προβλέψεις για υποτιμήσεις,,receivable,,0,receivables,ΑΠΑΙΤΗΣΕΙΣ ΚΑΙ ΔΙΑΘΕΣΙΜΑ / ΧΡΕΩΓΡΑΦΑ,Receivable,,,ΑΠΑΙΤΗΣΕΙΣ ΚΑΙ ΔΙΑΘΕΣΙΜΑ / ΧΡΕΩΓΡΑΦΑ / Προβλέψεις για υποτιμήσεις,missing_root_type
,Προεγγραφές σε ομολογιακά δάνεια εξωτερικού,,receivable,,0,receivables,ΑΠΑΙΤΗΣΕΙΣ ΚΑΙ ΔΙΑΘΕΣΙΜΑ / ΧΡΕΩΓΡΑΦΑ,Receivable,,,ΑΠΑΙΤΗΣΕΙΣ ΚΑΙ ΔΙΑΘΕΣΙΜΑ / ΧΡΕΩΓΡΑΦΑ / Προεγγραφές σε ομολογιακά δάνεια εξωτερικού,missing_root_type
,Προεγγραφές σε ομολογιακά δάνεια εσωτερικού,,receivable,,0,receivables,ΑΠΑΙΤΗΣΕΙΣ ΚΑΙ ΔΙΑΘΕΣΙΜΑ / ΧΡΕΩΓΡΑΦΑ,Receivable,,,ΑΠΑΙΤΗΣΕΙΣ ΚΑΙ ΔΙΑΘΕΣΙΜΑ / ΧΡΕΩΓΡΑΦΑ / Προεγγραφές σε ομολογιακά δάνεια εσωτερικού,missing_root_type
,Προεγγραφές σε υπό έκδοση μετοχές εταιριών εξωτερικού,,receivable,,0,receivables,ΑΠΑΙΤΗΣΕΙΣ ΚΑΙ ΔΙΑΘΕΣΙΜΑ / ΧΡΕΩΓΡΑΦΑ,Receivable,,,ΑΠΑΙΤΗΣΕΙΣ ΚΑΙ ΔΙΑΘΕΣΙΜΑ / ΧΡΕΩΓΡΑΦΑ / Προεγγραφές σε υπό έκδοση μετοχές εταιριών εξωτερικού,missing_root_type
,Προεγγραφές σε υπό έκδοση μετοχές εταιριών εσωτερικού,,receivable,,0,receivables,ΑΠΑΙΤΗΣΕΙΣ ΚΑΙ ΔΙΑΘΕΣΙΜΑ / ΧΡΕΩΓΡΑΦΑ,Receivable,,,ΑΠΑΙΤΗΣΕΙΣ ΚΑΙ ΔΙΑΘΕΣΙΜΑ / ΧΡΕΩΓΡΑΦΑ / Προεγγραφές σε υπό έκδοση μετοχές εταιριών εσωτερικού,missing_root_type
,Τραπεζικά Ομόλογα,,receivable,,0,receivables,ΑΠΑΙΤΗΣΕΙΣ ΚΑΙ ΔΙΑΘΕΣΙΜΑ / ΧΡΕΩΓΡΑΦΑ,Receivable,,,ΑΠΑΙΤΗΣΕΙΣ ΚΑΙ ΔΙΑΘΕΣΙΜΑ / ΧΡΕΩΓΡΑΦΑ / Τραπεζικά Ομόλογα,missing_root_type
,Χρεώγραφα σε τρίτους για εγγύηση,,receivable,,0,receivables,ΑΠΑΙΤΗΣΕΙΣ ΚΑΙ ΔΙΑΘΕΣΙΜΑ / ΧΡΕΩΓΡΑΦΑ,Receivable,,,ΑΠΑΙΤΗΣΕΙΣ ΚΑΙ ΔΙΑΘΕΣΙΜΑ / ΧΡΕΩΓΡΑΦΑ / Χρεώγραφα σε τρίτους για εγγύηση,missing_root_type
,ΧΡΕΩΣΤΕΣ ΔΙΑΦΟΡΟΙ,,receivable,,1,,ΑΠΑΙΤΗΣΕΙΣ ΚΑΙ ΔΙΑΘΕΣΙΜΑ,Receivable,,,ΑΠΑΙΤΗΣΕΙΣ ΚΑΙ ΔΙΑΘΕΣΙΜΑ / ΧΡΕΩΣΤΕΣ ΔΙΑΦΟΡΟΙ,missing_root_type
,Βραχ/σμες απαιτήσεις κατά συγγενών (συνδεδεμένων) επιχ/σεων σε Ξ.Ν.,,receivable,,0,receivables,ΑΠΑΙΤΗΣΕΙΣ ΚΑΙ ΔΙΑΘΕΣΙΜΑ / ΧΡΕΩΣΤΕΣ ΔΙΑΦΟΡΟΙ,Receivable,,,ΑΠΑΙΤΗΣΕΙΣ ΚΑΙ ΔΙΑΘΕΣΙΜΑ / ΧΡΕΩΣΤΕΣ ΔΙΑΦΟΡΟΙ / Βραχ/σμες απαιτήσεις κατά συγγενών (συνδεδεμένων) επιχ/σεων σε Ξ.Ν.,missing_root_type
,Βραχ/σμες απαιτήσεις κατά συγγενών (συνδεδεμένων) επιχ/σεων σε δρχ.,,receivable,,0,receivables,ΑΠΑΙΤΗΣΕΙΣ ΚΑΙ ΔΙΑΘΕΣΙΜΑ / ΧΡΕΩΣΤΕΣ ΔΙΑΦΟΡΟΙ,Receivable,,,ΑΠΑΙΤΗΣΕΙΣ ΚΑΙ ΔΙΑΘΕΣΙΜΑ / ΧΡΕΩΣΤΕΣ ΔΙΑΦΟΡΟΙ / Βραχ/σμες απαιτήσεις κατά συγγενών (συνδεδεμένων) επιχ/σεων σε δρχ.,missing_root_type
,Βραχυπρόθεσμες απαιτήσεις κατά λοιπών συμμετοχικού ενδιαφέροντος επιχειρήσεων σε Ξ.Ν.,,receivable,,0,receivables,ΑΠΑΙΤΗΣΕΙΣ ΚΑΙ ΔΙΑΘΕΣΙΜΑ / ΧΡΕΩΣΤΕΣ ΔΙΑΦΟΡΟΙ,Receivable,,,ΑΠΑΙΤΗΣΕΙΣ ΚΑΙ ΔΙΑΘΕΣΙΜΑ / ΧΡΕΩΣΤΕΣ ΔΙΑΦΟΡΟΙ / Βραχυπρόθεσμες απαιτήσεις κατά λοιπών συμμετοχικού ενδιαφέροντος επιχειρήσεων σε Ξ.Ν.,missing_root_type
,Βραχυπρόθεσμες απαιτήσεις κατά λοιπών συμμετοχικού ενδιαφέροντος επιχειρήσεων σε δρχ,,receivable,,0,receivables,ΑΠΑΙΤΗΣΕΙΣ ΚΑΙ ΔΙΑΘΕΣΙΜΑ / ΧΡΕΩΣΤΕΣ ΔΙΑΦΟΡΟΙ,Receivable,,,ΑΠΑΙΤΗΣΕΙΣ ΚΑΙ ΔΙΑΘΕΣΙΜΑ / ΧΡΕΩΣΤΕΣ ΔΙΑΦΟΡΟΙ / Βραχυπρόθεσμες απαιτήσεις κατά λοιπών συμμετοχικού ενδιαφέροντος επιχειρήσεων σε δρχ,missing_root_type
,Δάνεια προσωπικού,,receivable,,0,receivables,ΑΠΑΙΤΗΣΕΙΣ ΚΑΙ ΔΙΑΘΕΣΙΜΑ / ΧΡΕΩΣΤΕΣ ΔΙΑΦΟΡΟΙ,Receivable,,,ΑΠΑΙΤΗΣΕΙΣ ΚΑΙ ΔΙΑΘΕΣΙΜΑ / ΧΡΕΩΣΤΕΣ ΔΙΑΦΟΡΟΙ / Δάνεια προσωπικού,missing_root_type
,Δοσοληπτικοί λογ/σμοί,,receivable,,0,receivables,ΑΠΑΙΤΗΣΕΙΣ ΚΑΙ ΔΙΑΘΕΣΙΜΑ / ΧΡΕΩΣΤΕΣ ΔΙΑΦΟΡΟΙ,Receivable,,,ΑΠΑΙΤΗΣΕΙΣ ΚΑΙ ΔΙΑΘΕΣΙΜΑ / ΧΡΕΩΣΤΕΣ ΔΙΑΦΟΡΟΙ / Δοσοληπτικοί λογ/σμοί,missing_root_type
,Δοσοληπτικοί λογ/σμοί διαχειριστών,,receivable,,0,receivables,ΑΠΑΙΤΗΣΕΙΣ ΚΑΙ ΔΙΑΘΕΣΙΜΑ / ΧΡΕΩΣΤΕΣ ΔΙΑΦΟΡΟΙ,Receivable,,,ΑΠΑΙΤΗΣΕΙΣ ΚΑΙ ΔΙΑΘΕΣΙΜΑ / ΧΡΕΩΣΤΕΣ ΔΙΑΦΟΡΟΙ / Δοσοληπτικοί λογ/σμοί διαχειριστών,missing_root_type
,Δοσοληπτικοί λογ/σμοί εταίρων,,receivable,,0,receivables,ΑΠΑΙΤΗΣΕΙΣ ΚΑΙ ΔΙΑΘΕΣΙΜΑ / ΧΡΕΩΣΤΕΣ ΔΙΑΦΟΡΟΙ,Receivable,,,ΑΠΑΙΤΗΣΕΙΣ ΚΑΙ ΔΙΑΘΕΣΙΜΑ / ΧΡΕΩΣΤΕΣ ΔΙΑΦΟΡΟΙ / Δοσοληπτικοί λογ/σμοί εταίρων,missing_root_type
,Δοσοληπτικοί λογ/σμοί ιδρυτών ΑΕ και μελών διοικητικού συμβουλίου,,receivable,,0,receivables,ΑΠΑΙΤΗΣΕΙΣ ΚΑΙ ΔΙΑΘΕΣΙΜΑ / ΧΡΕΩΣΤΕΣ ΔΙΑΦΟΡΟΙ,Receivable,,,ΑΠΑΙΤΗΣΕΙΣ ΚΑΙ ΔΙΑΘΕΣΙΜΑ / ΧΡΕΩΣΤΕΣ ΔΙΑΦΟΡΟΙ / Δοσοληπτικοί λογ/σμοί ιδρυτών ΑΕ και μελών διοικητικού συμβουλίου,missing_root_type
,Δόσεις μετοχικού κεφαλαίου σε καθυστέρηση,,receivable,,0,receivables,ΑΠΑΙΤΗΣΕΙΣ ΚΑΙ ΔΙΑΘΕΣΙΜΑ / ΧΡΕΩΣΤΕΣ ΔΙΑΦΟΡΟΙ,Receivable,,,ΑΠΑΙΤΗΣΕΙΣ ΚΑΙ ΔΙΑΘΕΣΙΜΑ / ΧΡΕΩΣΤΕΣ ΔΙΑΦΟΡΟΙ / Δόσεις μετοχικού κεφαλαίου σε καθυστέρηση,missing_root_type
,Ελληνικό Δημόσιο - Λοιπές απαιτήσεις,,receivable,,1,,ΑΠΑΙΤΗΣΕΙΣ ΚΑΙ ΔΙΑΘΕΣΙΜΑ / ΧΡΕΩΣΤΕΣ ΔΙΑΦΟΡΟΙ,Receivable,,,ΑΠΑΙΤΗΣΕΙΣ ΚΑΙ ΔΙΑΘΕΣΙΜΑ / ΧΡΕΩΣΤΕΣ ΔΙΑΦΟΡΟΙ / Ελληνικό Δημόσιο - Λοιπές απαιτήσεις,missing_root_type
,Απαιτήσεις από ειδικές επιχορηγήσεις,,receivable,,0,receivables,ΑΠΑΙΤΗΣΕΙΣ ΚΑΙ ΔΙΑΘΕΣΙΜΑ / ΧΡΕΩΣΤΕΣ ΔΙΑΦΟΡΟΙ / Ελληνικό Δημόσιο - Λοιπές απαιτήσεις,Receivable,,,ΑΠΑΙΤΗΣΕΙΣ ΚΑΙ ΔΙΑΘΕΣΙΜΑ / ΧΡΕΩΣΤΕΣ ΔΙΑΦΟΡΟΙ / Ελληνικό Δημόσιο - Λοιπές απαιτήσεις / Απαιτήσεις από ειδικές επιχορηγήσεις,missing_root_type
,Δασμοί και λοιποί φόροι εισαγωγής προς επιστροφή,,receivable,,0,receivables,ΑΠΑΙΤΗΣΕΙΣ ΚΑΙ ΔΙΑΘΕΣΙΜΑ / ΧΡΕΩΣΤΕΣ ΔΙΑΦΟΡΟΙ / Ελληνικό Δημόσιο - Λοιπές απαιτήσεις,Receivable,,,ΑΠΑΙΤΗΣΕΙΣ ΚΑΙ ΔΙΑΘΕΣΙΜΑ / ΧΡΕΩΣΤΕΣ ΔΙΑΦΟΡΟΙ / Ελληνικό Δημόσιο - Λοιπές απαιτήσεις / Δασμοί και λοιποί φόροι εισαγωγής προς επιστροφή,missing_root_type
,Ελληνικό Δημόσιο - Προκαταβλημένοι και παρακρατημένοι φόροι,,receivable,,1,,ΑΠΑΙΤΗΣΕΙΣ ΚΑΙ ΔΙΑΘΕΣΙΜΑ / ΧΡΕΩΣΤΕΣ ΔΙΑΦΟΡΟΙ,Receivable,,,ΑΠΑΙΤΗΣΕΙΣ ΚΑΙ ΔΙΑΘΕΣΙΜΑ / ΧΡΕΩΣΤΕΣ ΔΙΑΦΟΡΟΙ / Ελληνικό Δημόσιο - Προκαταβλημένοι και παρακρατημένοι φόροι,missing_root_type
,Λοιποί παρακρατημένοι φόροι εισοδήματος,,receivable,,0,receivables,ΑΠΑΙΤΗΣΕΙΣ ΚΑΙ ΔΙΑΘΕΣΙΜΑ / ΧΡΕΩΣΤΕΣ ΔΙΑΦΟΡΟΙ / Ελληνικό Δημόσιο - Προκαταβλημένοι και παρακρατημένοι φόροι,Receivable,,,ΑΠΑΙΤΗΣΕΙΣ ΚΑΙ ΔΙΑΘΕΣΙΜΑ / ΧΡΕΩΣΤΕΣ ΔΙΑΦΟΡΟΙ / Ελληνικό Δημόσιο - Προκαταβλημένοι και παρακρατημένοι φόροι / Λοιποί παρακρατημένοι φόροι εισοδήματος,missing_root_type
,Παρακρατημένος φόρος εισοδήματος από μερίδια αμοιβαίων κεφαλαίων,,receivable,,0,receivables,ΑΠΑΙΤΗΣΕΙΣ ΚΑΙ ΔΙΑΘΕΣΙΜΑ / ΧΡΕΩΣΤΕΣ ΔΙΑΦΟΡΟΙ / Ελληνικό Δημόσιο - Προκαταβλημένοι και παρακρατημένοι φόροι,Receivable,,,ΑΠΑΙΤΗΣΕΙΣ ΚΑΙ ΔΙΑΘΕΣΙΜΑ / ΧΡΕΩΣΤΕΣ ΔΙΑΦΟΡΟΙ / Ελληνικό Δημόσιο - Προκαταβλημένοι και παρακρατημένοι φόροι / Παρακρατημένος φόρος εισοδήματος από μερίδια αμοιβαίων κεφαλαίων,missing_root_type
,Παρακρατημένος φόρος εισοδήματος από μερίσματα μετοχών  μη  εισαγμένων στο Χρηματιστήριο,,receivable,,0,receivables,ΑΠΑΙΤΗΣΕΙΣ ΚΑΙ ΔΙΑΘΕΣΙΜΑ / ΧΡΕΩΣΤΕΣ ΔΙΑΦΟΡΟΙ / Ελληνικό Δημόσιο - Προκαταβλημένοι και παρακρατημένοι φόροι,Receivable,,,ΑΠΑΙΤΗΣΕΙΣ ΚΑΙ ΔΙΑΘΕΣΙΜΑ / ΧΡΕΩΣΤΕΣ ΔΙΑΦΟΡΟΙ / Ελληνικό Δημόσιο - Προκαταβλημένοι και παρακρατημένοι φόροι / Παρακρατημένος φόρος εισοδήματος από μερίσματα μετοχών  μη  εισαγμένων στο Χρηματιστήριο,missing_root_type
,Παρακρατημένος φόρος εισοδήματος από μερίσματα μετοχών αλλοδαπής,,receivable,,0,receivables,ΑΠΑΙΤΗΣΕΙΣ ΚΑΙ ΔΙΑΘΕΣΙΜΑ / ΧΡΕΩΣΤΕΣ ΔΙΑΦΟΡΟΙ / Ελληνικό Δημόσιο - Προκαταβλημένοι και παρακρατημένοι φόροι,Receivable,,,ΑΠΑΙΤΗΣΕΙΣ ΚΑΙ ΔΙΑΘΕΣΙΜΑ / ΧΡΕΩΣΤΕΣ ΔΙΑΦΟΡΟΙ / Ελληνικό Δημόσιο - Προκαταβλημένοι και παρακρατημένοι φόροι / Παρακρατημένος φόρος εισοδήματος από μερίσματα μετοχών αλλοδαπής,missing_root_type
,Παρακρατημένος φόρος εισοδήματος από μερίσματα μετοχών εισαγμένων στο Χρηματιστήριο,,receivable,,0,receivables,ΑΠΑΙΤΗΣΕΙΣ ΚΑΙ ΔΙΑΘΕΣΙΜΑ / ΧΡΕΩΣΤΕΣ ΔΙΑΦΟΡΟΙ / Ελληνικό Δημόσιο - Προκαταβλημένοι και παρακρατημένοι φόροι,Receivable,,,ΑΠΑΙΤΗΣΕΙΣ ΚΑΙ ΔΙΑΘΕΣΙΜΑ / ΧΡΕΩΣΤΕΣ ΔΙΑΦΟΡΟΙ / Ελληνικό Δημόσιο - Προκαταβλημένοι και παρακρατημένοι φόροι / Παρακρατημένος φόρος εισοδήματος από μερίσματα μετοχών εισαγμένων στο Χρηματιστήριο,missing_root_type
,Παρακρατημένος φόρος εισοδήματος από πωλήσεις στο Ελλ.Δημόσιο,,receivable,,0,receivables,ΑΠΑΙΤΗΣΕΙΣ ΚΑΙ ΔΙΑΘΕΣΙΜΑ / ΧΡΕΩΣΤΕΣ ΔΙΑΦΟΡΟΙ / Ελληνικό Δημόσιο - Προκαταβλημένοι και παρακρατημένοι φόροι,Receivable,,,ΑΠΑΙΤΗΣΕΙΣ ΚΑΙ ΔΙΑΘΕΣΙΜΑ / ΧΡΕΩΣΤΕΣ ΔΙΑΦΟΡΟΙ / Ελληνικό Δημόσιο - Προκαταβλημένοι και παρακρατημένοι φόροι / Παρακρατημένος φόρος εισοδήματος από πωλήσεις στο Ελλ.Δημόσιο,missing_root_type
,Παρακρατημένος φόρος εισοδήματος από συμμετοχές σε ΕΠΕ αλλοδαπής,,receivable,,0,receivables,ΑΠΑΙΤΗΣΕΙΣ ΚΑΙ ΔΙΑΘΕΣΙΜΑ / ΧΡΕΩΣΤΕΣ ΔΙΑΦΟΡΟΙ / Ελληνικό Δημόσιο - Προκαταβλημένοι και παρακρατημένοι φόροι,Receivable,,,ΑΠΑΙΤΗΣΕΙΣ ΚΑΙ ΔΙΑΘΕΣΙΜΑ / ΧΡΕΩΣΤΕΣ ΔΙΑΦΟΡΟΙ / Ελληνικό Δημόσιο - Προκαταβλημένοι και παρακρατημένοι φόροι / Παρακρατημένος φόρος εισοδήματος από συμμετοχές σε ΕΠΕ αλλοδαπής,missing_root_type
,"Παρακρατημένος φόρος εισοδήματος από συμμετοχές σε ΕΠΕ, ΟΕ και ΕΕ και κοινοπραξίες εκτέλεσης τεχνικών έργων ημεδαπής",,receivable,,0,receivables,ΑΠΑΙΤΗΣΕΙΣ ΚΑΙ ΔΙΑΘΕΣΙΜΑ / ΧΡΕΩΣΤΕΣ ΔΙΑΦΟΡΟΙ / Ελληνικό Δημόσιο - Προκαταβλημένοι και παρακρατημένοι φόροι,Receivable,,,"ΑΠΑΙΤΗΣΕΙΣ ΚΑΙ ΔΙΑΘΕΣΙΜΑ / ΧΡΕΩΣΤΕΣ ΔΙΑΦΟΡΟΙ / Ελληνικό Δημόσιο - Προκαταβλημένοι και παρακρατημένοι φόροι / Παρακρατημένος φόρος εισοδήματος από συμμετοχές σε ΕΠΕ, ΟΕ και ΕΕ και κοινοπραξίες εκτέλεσης τεχνικών έργων ημεδαπής",missing_root_type
,Παρακρατημένος φόρος εισοδήματος από τόκους,,receivable,,0,receivables,ΑΠΑΙΤΗΣΕΙΣ ΚΑΙ ΔΙΑΘΕΣΙΜΑ / ΧΡΕΩΣΤΕΣ ΔΙΑΦΟΡΟΙ / Ελληνικό Δημόσιο - Προκαταβλημένοι και παρακρατημένοι φόροι,Receivable,,,ΑΠΑΙΤΗΣΕΙΣ ΚΑΙ ΔΙΑΘΕΣΙΜΑ / ΧΡΕΩΣΤΕΣ ΔΙΑΦΟΡΟΙ / Ελληνικό Δημόσιο - Προκαταβλημένοι και παρακρατημένοι φόροι / Παρακρατημένος φόρος εισοδήματος από τόκους,missing_root_type
,Προκαταβολή φόρου εισοδήματος,,receivable,,0,receivables,ΑΠΑΙΤΗΣΕΙΣ ΚΑΙ ΔΙΑΘΕΣΙΜΑ / ΧΡΕΩΣΤΕΣ ΔΙΑΦΟΡΟΙ / Ελληνικό Δημόσιο - Προκαταβλημένοι και παρακρατημένοι φόροι,Receivable,,,ΑΠΑΙΤΗΣΕΙΣ ΚΑΙ ΔΙΑΘΕΣΙΜΑ / ΧΡΕΩΣΤΕΣ ΔΙΑΦΟΡΟΙ / Ελληνικό Δημόσιο - Προκαταβλημένοι και παρακρατημένοι φόροι / Προκαταβολή φόρου εισοδήματος,missing_root_type
,Συμψηφιστέος στην επόμενη χρήση Φ.Π.Α.,,receivable,,0,receivables,ΑΠΑΙΤΗΣΕΙΣ ΚΑΙ ΔΙΑΘΕΣΙΜΑ / ΧΡΕΩΣΤΕΣ ΔΙΑΦΟΡΟΙ / Ελληνικό Δημόσιο - Προκαταβλημένοι και παρακρατημένοι φόροι,Receivable,,,ΑΠΑΙΤΗΣΕΙΣ ΚΑΙ ΔΙΑΘΕΣΙΜΑ / ΧΡΕΩΣΤΕΣ ΔΙΑΦΟΡΟΙ / Ελληνικό Δημόσιο - Προκαταβλημένοι και παρακρατημένοι φόροι / Συμψηφιστέος στην επόμενη χρήση Φ.Π.Α.,missing_root_type
,Επίδικες απαιτήσεις κατά Ελληνικού Δημοσίου,,receivable,,0,receivables,ΑΠΑΙΤΗΣΕΙΣ ΚΑΙ ΔΙΑΘΕΣΙΜΑ / ΧΡΕΩΣΤΕΣ ΔΙΑΦΟΡΟΙ,Receivable,,,ΑΠΑΙΤΗΣΕΙΣ ΚΑΙ ΔΙΑΘΕΣΙΜΑ / ΧΡΕΩΣΤΕΣ ΔΙΑΦΟΡΟΙ / Επίδικες απαιτήσεις κατά Ελληνικού Δημοσίου,missing_root_type
,Επιταγές εισπρακτέες μεταχρονολογημένες,,receivable,,0,receivables,ΑΠΑΙΤΗΣΕΙΣ ΚΑΙ ΔΙΑΘΕΣΙΜΑ / ΧΡΕΩΣΤΕΣ ΔΙΑΦΟΡΟΙ,Receivable,,,ΑΠΑΙΤΗΣΕΙΣ ΚΑΙ ΔΙΑΘΕΣΙΜΑ / ΧΡΕΩΣΤΕΣ ΔΙΑΦΟΡΟΙ / Επιταγές εισπρακτέες μεταχρονολογημένες,missing_root_type
,Επιταγές σε καθυστέρηση,,receivable,,0,receivables,ΑΠΑΙΤΗΣΕΙΣ ΚΑΙ ΔΙΑΘΕΣΙΜΑ / ΧΡΕΩΣΤΕΣ ΔΙΑΦΟΡΟΙ,Receivable,,,ΑΠΑΙΤΗΣΕΙΣ ΚΑΙ ΔΙΑΘΕΣΙΜΑ / ΧΡΕΩΣΤΕΣ ΔΙΑΦΟΡΟΙ / Επιταγές σε καθυστέρηση,missing_root_type
,Λογαριασμοί δεσμευμένων (BLOQUE) καταθέσεων σε Ξ.Ν.,,receivable,,0,receivables,ΑΠΑΙΤΗΣΕΙΣ ΚΑΙ ΔΙΑΘΕΣΙΜΑ / ΧΡΕΩΣΤΕΣ ΔΙΑΦΟΡΟΙ,Receivable,,,ΑΠΑΙΤΗΣΕΙΣ ΚΑΙ ΔΙΑΘΕΣΙΜΑ / ΧΡΕΩΣΤΕΣ ΔΙΑΦΟΡΟΙ / Λογαριασμοί δεσμευμένων (BLOQUE) καταθέσεων σε Ξ.Ν.,missing_root_type
,Λογαριασμοί δεσμευμένων (BLOQUE) καταθέσεων σε δρχ,,receivable,,0,receivables,ΑΠΑΙΤΗΣΕΙΣ ΚΑΙ ΔΙΑΘΕΣΙΜΑ / ΧΡΕΩΣΤΕΣ ΔΙΑΦΟΡΟΙ,Receivable,,,ΑΠΑΙΤΗΣΕΙΣ ΚΑΙ ΔΙΑΘΕΣΙΜΑ / ΧΡΕΩΣΤΕΣ ΔΙΑΦΟΡΟΙ / Λογαριασμοί δεσμευμένων (BLOQUE) καταθέσεων σε δρχ,missing_root_type
,Λογαριασμοί ενεργοποίησης εγγυήσεων προμηθευτών σε Ξ.Ν. (Guarantie),,receivable,,0,receivables,ΑΠΑΙΤΗΣΕΙΣ ΚΑΙ ΔΙΑΘΕΣΙΜΑ / ΧΡΕΩΣΤΕΣ ΔΙΑΦΟΡΟΙ,Receivable,,,ΑΠΑΙΤΗΣΕΙΣ ΚΑΙ ΔΙΑΘΕΣΙΜΑ / ΧΡΕΩΣΤΕΣ ΔΙΑΦΟΡΟΙ / Λογαριασμοί ενεργοποίησης εγγυήσεων προμηθευτών σε Ξ.Ν. (Guarantie),missing_root_type
,Λογαριασμοί ενεργοποίησης εγγυήσεων προμηθευτών σε δρχ. (Guarantie),,receivable,,0,receivables,ΑΠΑΙΤΗΣΕΙΣ ΚΑΙ ΔΙΑΘΕΣΙΜΑ / ΧΡΕΩΣΤΕΣ ΔΙΑΦΟΡΟΙ,Receivable,,,ΑΠΑΙΤΗΣΕΙΣ ΚΑΙ ΔΙΑΘΕΣΙΜΑ / ΧΡΕΩΣΤΕΣ ΔΙΑΦΟΡΟΙ / Λογαριασμοί ενεργοποίησης εγγυήσεων προμηθευτών σε δρχ. (Guarantie),missing_root_type
,"Λοιποί χρεώστες διάφοροι, Ξ.Ν.",,receivable,,0,receivables,ΑΠΑΙΤΗΣΕΙΣ ΚΑΙ ΔΙΑΘΕΣΙΜΑ / ΧΡΕΩΣΤΕΣ ΔΙΑΦΟΡΟΙ,Receivable,,,"ΑΠΑΙΤΗΣΕΙΣ ΚΑΙ ΔΙΑΘΕΣΙΜΑ / ΧΡΕΩΣΤΕΣ ΔΙΑΦΟΡΟΙ / Λοιποί χρεώστες διάφοροι, Ξ.Ν.",missing_root_type
,"Λοιποί χρεώστες διάφοροι, δρχ.",,receivable,,0,receivables,ΑΠΑΙΤΗΣΕΙΣ ΚΑΙ ΔΙΑΘΕΣΙΜΑ / ΧΡΕΩΣΤΕΣ ΔΙΑΦΟΡΟΙ,Receivable,,,"ΑΠΑΙΤΗΣΕΙΣ ΚΑΙ ΔΙΑΘΕΣΙΜΑ / ΧΡΕΩΣΤΕΣ ΔΙΑΦΟΡΟΙ / Λοιποί χρεώστες διάφοροι, δρχ.",missing_root_type
,Λοιποί χρεώστες επίδικοι,,receivable,,0,receivables,ΑΠΑΙΤΗΣΕΙΣ ΚΑΙ ΔΙΑΘΕΣΙΜΑ / ΧΡΕΩΣΤΕΣ ΔΙΑΦΟΡΟΙ,Receivable,,,ΑΠΑΙΤΗΣΕΙΣ ΚΑΙ ΔΙΑΘΕΣΙΜΑ / ΧΡΕΩΣΤΕΣ ΔΙΑΦΟΡΟΙ / Λοιποί χρεώστες επίδικοι,missing_root_type
,Μέτοχοι (ή έταιροι) λογ/σμός κάλυψης κεφαλαίου,,receivable,,0,receivables,ΑΠΑΙΤΗΣΕΙΣ ΚΑΙ ΔΙΑΘΕΣΙΜΑ / ΧΡΕΩΣΤΕΣ ΔΙΑΦΟΡΟΙ,Receivable,,,ΑΠΑΙΤΗΣΕΙΣ ΚΑΙ ΔΙΑΘΕΣΙΜΑ / ΧΡΕΩΣΤΕΣ ΔΙΑΦΟΡΟΙ / Μέτοχοι (ή έταιροι) λογ/σμός κάλυψης κεφαλαίου,missing_root_type
,Μακροπρόθεσμες απαιτήσεις εισπρακτέες στην επόμενη χρήση σε Ξ.Ν.,,receivable,,0,receivables,ΑΠΑΙΤΗΣΕΙΣ ΚΑΙ ΔΙΑΘΕΣΙΜΑ / ΧΡΕΩΣΤΕΣ ΔΙΑΦΟΡΟΙ,Receivable,,,ΑΠΑΙΤΗΣΕΙΣ ΚΑΙ ΔΙΑΘΕΣΙΜΑ / ΧΡΕΩΣΤΕΣ ΔΙΑΦΟΡΟΙ / Μακροπρόθεσμες απαιτήσεις εισπρακτέες στην επόμενη χρήση σε Ξ.Ν.,missing_root_type
,Μακροπρόθεσμες απαιτήσεις εισπρακτέες στην επόμενη χρήση σε δρχ,,receivable,,0,receivables,ΑΠΑΙΤΗΣΕΙΣ ΚΑΙ ΔΙΑΘΕΣΙΜΑ / ΧΡΕΩΣΤΕΣ ΔΙΑΦΟΡΟΙ,Receivable,,,ΑΠΑΙΤΗΣΕΙΣ ΚΑΙ ΔΙΑΘΕΣΙΜΑ / ΧΡΕΩΣΤΕΣ ΔΙΑΦΟΡΟΙ / Μακροπρόθεσμες απαιτήσεις εισπρακτέες στην επόμενη χρήση σε δρχ,missing_root_type
,Οφειλόμενο κεφάλαιο,,receivable,,0,receivables,ΑΠΑΙΤΗΣΕΙΣ ΚΑΙ ΔΙΑΘΕΣΙΜΑ / ΧΡΕΩΣΤΕΣ ΔΙΑΦΟΡΟΙ,Receivable,,,ΑΠΑΙΤΗΣΕΙΣ ΚΑΙ ΔΙΑΘΕΣΙΜΑ / ΧΡΕΩΣΤΕΣ ΔΙΑΦΟΡΟΙ / Οφειλόμενο κεφάλαιο,missing_root_type
,Προκαταβολές προσωπικού,,receivable,,0,receivables,ΑΠΑΙΤΗΣΕΙΣ ΚΑΙ ΔΙΑΘΕΣΙΜΑ / ΧΡΕΩΣΤΕΣ ΔΙΑΦΟΡΟΙ,Receivable,,,ΑΠΑΙΤΗΣΕΙΣ ΚΑΙ ΔΙΑΘΕΣΙΜΑ / ΧΡΕΩΣΤΕΣ ΔΙΑΦΟΡΟΙ / Προκαταβολές προσωπικού,missing_root_type
,Προμερίσματα,,receivable,,0,receivables,ΑΠΑΙΤΗΣΕΙΣ ΚΑΙ ΔΙΑΘΕΣΙΜΑ / ΧΡΕΩΣΤΕΣ ΔΙΑΦΟΡΟΙ,Receivable,,,ΑΠΑΙΤΗΣΕΙΣ ΚΑΙ ΔΙΑΘΕΣΙΜΑ / ΧΡΕΩΣΤΕΣ ΔΙΑΦΟΡΟΙ / Προμερίσματα,missing_root_type
,Χρεώστες επισφαλείς,,receivable,,0,receivables,ΑΠΑΙΤΗΣΕΙΣ ΚΑΙ ΔΙΑΘΕΣΙΜΑ / ΧΡΕΩΣΤΕΣ ΔΙΑΦΟΡΟΙ,Receivable,,,ΑΠΑΙΤΗΣΕΙΣ ΚΑΙ ΔΙΑΘΕΣΙΜΑ / ΧΡΕΩΣΤΕΣ ΔΙΑΦΟΡΟΙ / Χρεώστες επισφαλείς,missing_root_type
,Χρηματικές διευκολύνσεις προσωπικού,,receivable,,0,receivables,ΑΠΑΙΤΗΣΕΙΣ ΚΑΙ ΔΙΑΘΕΣΙΜΑ / ΧΡΕΩΣΤΕΣ ΔΙΑΦΟΡΟΙ,Receivable,,,ΑΠΑΙΤΗΣΕΙΣ ΚΑΙ ΔΙΑΘΕΣΙΜΑ / ΧΡΕΩΣΤΕΣ ΔΙΑΦΟΡΟΙ / Χρηματικές διευκολύνσεις προσωπικού,missing_root_type
,ΧΡΗΜΑΤΙΚΑ ΔΙΑΘΕΣΙΜΑ,,cash,,1,,ΑΠΑΙΤΗΣΕΙΣ ΚΑΙ ΔΙΑΘΕΣΙΜΑ,Cash,,,ΑΠΑΙΤΗΣΕΙΣ ΚΑΙ ΔΙΑΘΕΣΙΜΑ / ΧΡΗΜΑΤΙΚΑ ΔΙΑΘΕΣΙΜΑ,missing_root_type
,Διάμεσος λογ/σμός πρός απόδοση,,cash,,0,cash_bank,ΑΠΑΙΤΗΣΕΙΣ ΚΑΙ ΔΙΑΘΕΣΙΜΑ / ΧΡΗΜΑΤΙΚΑ ΔΙΑΘΕΣΙΜΑ,Cash,,,ΑΠΑΙΤΗΣΕΙΣ ΚΑΙ ΔΙΑΘΕΣΙΜΑ / ΧΡΗΜΑΤΙΚΑ ΔΙΑΘΕΣΙΜΑ / Διάμεσος λογ/σμός πρός απόδοση,missing_root_type
,Καταθέσεις προθεσμίας σε Ξ.Ν.,,cash,,0,cash_bank,ΑΠΑΙΤΗΣΕΙΣ ΚΑΙ ΔΙΑΘΕΣΙΜΑ / ΧΡΗΜΑΤΙΚΑ ΔΙΑΘΕΣΙΜΑ,Cash,,,ΑΠΑΙΤΗΣΕΙΣ ΚΑΙ ΔΙΑΘΕΣΙΜΑ / ΧΡΗΜΑΤΙΚΑ ΔΙΑΘΕΣΙΜΑ / Καταθέσεις προθεσμίας σε Ξ.Ν.,missing_root_type
,Καταθέσεις προθεσμίας σε δρχ.,,cash,,0,cash_bank,ΑΠΑΙΤΗΣΕΙΣ ΚΑΙ ΔΙΑΘΕΣΙΜΑ / ΧΡΗΜΑΤΙΚΑ ΔΙΑΘΕΣΙΜΑ,Cash,,,ΑΠΑΙΤΗΣΕΙΣ ΚΑΙ ΔΙΑΘΕΣΙΜΑ / ΧΡΗΜΑΤΙΚΑ ΔΙΑΘΕΣΙΜΑ / Καταθέσεις προθεσμίας σε δρχ.,missing_root_type
,Καταθέσεις όψης σε Ξ.Ν.,,cash,,0,cash_bank,ΑΠΑΙΤΗΣΕΙΣ ΚΑΙ ΔΙΑΘΕΣΙΜΑ / ΧΡΗΜΑΤΙΚΑ ΔΙΑΘΕΣΙΜΑ,Cash,,,ΑΠΑΙΤΗΣΕΙΣ ΚΑΙ ΔΙΑΘΕΣΙΜΑ / ΧΡΗΜΑΤΙΚΑ ΔΙΑΘΕΣΙΜΑ / Καταθέσεις όψης σε Ξ.Ν.,missing_root_type
,Καταθέσεις όψης σε δρχ,,cash,,0,cash_bank,ΑΠΑΙΤΗΣΕΙΣ ΚΑΙ ΔΙΑΘΕΣΙΜΑ / ΧΡΗΜΑΤΙΚΑ ΔΙΑΘΕΣΙΜΑ,Cash,,,ΑΠΑΙΤΗΣΕΙΣ ΚΑΙ ΔΙΑΘΕΣΙΜΑ / ΧΡΗΜΑΤΙΚΑ ΔΙΑΘΕΣΙΜΑ / Καταθέσεις όψης σε δρχ,missing_root_type
,Ληγμένα τοκομερίδια για είσπραξη,,cash,,0,cash_bank,ΑΠΑΙΤΗΣΕΙΣ ΚΑΙ ΔΙΑΘΕΣΙΜΑ / ΧΡΗΜΑΤΙΚΑ ΔΙΑΘΕΣΙΜΑ,Cash,,,ΑΠΑΙΤΗΣΕΙΣ ΚΑΙ ΔΙΑΘΕΣΙΜΑ / ΧΡΗΜΑΤΙΚΑ ΔΙΑΘΕΣΙΜΑ / Ληγμένα τοκομερίδια για είσπραξη,missing_root_type
,Ταμείο,,cash,,0,cash_bank,ΑΠΑΙΤΗΣΕΙΣ ΚΑΙ ΔΙΑΘΕΣΙΜΑ / ΧΡΗΜΑΤΙΚΑ ΔΙΑΘΕΣΙΜΑ,Cash,,,ΑΠΑΙΤΗΣΕΙΣ ΚΑΙ ΔΙΑΘΕΣΙΜΑ / ΧΡΗΜΑΤΙΚΑ ΔΙΑΘΕΣΙΜΑ / Ταμείο,missing_root_type
,ΑΠΟΘΕΜΑΤΑ,,group,,1,,,,,,ΑΠΟΘΕΜΑΤΑ,missing_root_type
,ΑΝΑΛΩΣΙΜΑ ΥΛΙΚΑ,,group,,1,,ΑΠΟΘΕΜΑΤΑ,,,,ΑΠΟΘΕΜΑΤΑ / ΑΝΑΛΩΣΙΜΑ ΥΛΙΚΑ,missing_root_type
,Διάφορα αναλώσιμα υλικά,,unspecified,,0,,ΑΠΟΘΕΜΑΤΑ / ΑΝΑΛΩΣΙΜΑ ΥΛΙΚΑ,,,,ΑΠΟΘΕΜΑΤΑ / ΑΝΑΛΩΣΙΜΑ ΥΛΙΚΑ / Διάφορα αναλώσιμα υλικά,missing_root_type
,Εκπτώσεις αγορών,,unspecified,,0,,ΑΠΟΘΕΜΑΤΑ / ΑΝΑΛΩΣΙΜΑ ΥΛΙΚΑ,,,,ΑΠΟΘΕΜΑΤΑ / ΑΝΑΛΩΣΙΜΑ ΥΛΙΚΑ / Εκπτώσεις αγορών,missing_root_type
,Λιγνίτης,,unspecified,,0,,ΑΠΟΘΕΜΑΤΑ / ΑΝΑΛΩΣΙΜΑ ΥΛΙΚΑ,,,,ΑΠΟΘΕΜΑΤΑ / ΑΝΑΛΩΣΙΜΑ ΥΛΙΚΑ / Λιγνίτης,missing_root_type
,Λοιπά καυσιμα και λιπαντικά,,unspecified,,0,,ΑΠΟΘΕΜΑΤΑ / ΑΝΑΛΩΣΙΜΑ ΥΛΙΚΑ,,,,ΑΠΟΘΕΜΑΤΑ / ΑΝΑΛΩΣΙΜΑ ΥΛΙΚΑ / Λοιπά καυσιμα και λιπαντικά,missing_root_type
,Μαζούτ,,unspecified,,0,,ΑΠΟΘΕΜΑΤΑ / ΑΝΑΛΩΣΙΜΑ ΥΛΙΚΑ,,,,ΑΠΟΘΕΜΑΤΑ / ΑΝΑΛΩΣΙΜΑ ΥΛΙΚΑ / Μαζούτ,missing_root_type
,Μικρά εργαλεία,,unspecified,,0,,ΑΠΟΘΕΜΑΤΑ / ΑΝΑΛΩΣΙΜΑ ΥΛΙΚΑ,,,,ΑΠΟΘΕΜΑΤΑ / ΑΝΑΛΩΣΙΜΑ ΥΛΙΚΑ / Μικρά εργαλεία,missing_root_type
,Οικοδομικά υλικά,,unspecified,,0,,ΑΠΟΘΕΜΑΤΑ / ΑΝΑΛΩΣΙΜΑ ΥΛΙΚΑ,,,,ΑΠΟΘΕΜΑΤΑ / ΑΝΑΛΩΣΙΜΑ ΥΛΙΚΑ / Οικοδομικά υλικά,missing_root_type
,Πετρέλειο,,unspecified,,0,,ΑΠΟΘΕΜΑΤΑ / ΑΝΑΛΩΣΙΜΑ ΥΛΙΚΑ,,,,ΑΠΟΘΕΜΑΤΑ / ΑΝΑΛΩΣΙΜΑ ΥΛΙΚΑ / Πετρέλειο,missing_root_type
,Προυπολογισμένες αγορές(Λ/58.16),,unspecified,,0,,ΑΠΟΘΕΜΑΤΑ / ΑΝΑΛΩΣΙΜΑ ΥΛΙΚΑ,,,,ΑΠΟΘΕΜΑΤΑ / ΑΝΑΛΩΣΙΜΑ ΥΛΙΚΑ / Προυπολογισμένες αγορές(Λ/58.16),missing_root_type
,ΑΝΤΑΛΛΑΚΤΙΚΑ ΠΑΓΙΩΝ ΣΤΟΙΧΕΙΩΝ,,group,,1,,ΑΠΟΘΕΜΑΤΑ,,,,ΑΠΟΘΕΜΑΤΑ / ΑΝΤΑΛΛΑΚΤΙΚΑ ΠΑΓΙΩΝ ΣΤΟΙΧΕΙΩΝ,missing_root_type
,Εκπτώσεις Αγορών,,unspecified,,0,,ΑΠΟΘΕΜΑΤΑ / ΑΝΤΑΛΛΑΚΤΙΚΑ ΠΑΓΙΩΝ ΣΤΟΙΧΕΙΩΝ,,,,ΑΠΟΘΕΜΑΤΑ / ΑΝΤΑΛΛΑΚΤΙΚΑ ΠΑΓΙΩΝ ΣΤΟΙΧΕΙΩΝ / Εκπτώσεις Αγορών,missing_root_type
,Προυπολογισμένες αγορές,,unspecified,,0,,ΑΠΟΘΕΜΑΤΑ / ΑΝΤΑΛΛΑΚΤΙΚΑ ΠΑΓΙΩΝ ΣΤΟΙΧΕΙΩΝ,,,,ΑΠΟΘΕΜΑΤΑ / ΑΝΤΑΛΛΑΚΤΙΚΑ ΠΑΓΙΩΝ ΣΤΟΙΧΕΙΩΝ / Προυπολογισμένες αγορές,missing_root_type
,κ.λ.π.,,unspecified,,0,,ΑΠΟΘΕΜΑΤΑ / ΑΝΤΑΛΛΑΚΤΙΚΑ ΠΑΓΙΩΝ ΣΤΟΙΧΕΙΩΝ,,,,ΑΠΟΘΕΜΑΤΑ / ΑΝΤΑΛΛΑΚΤΙΚΑ ΠΑΓΙΩΝ ΣΤΟΙΧΕΙΩΝ / κ.λ.π.,missing_root_type
,ΑΠΟΘΕΜΑΤΑ ΥΠΟΚΑΤΑΣΤΗΜΑΤΩΝ ή ΑΛΛΩΝ ΚΕΝΤΡΩΝ,,group,,1,,ΑΠΟΘΕΜΑΤΑ,,,,ΑΠΟΘΕΜΑΤΑ / ΑΠΟΘΕΜΑΤΑ ΥΠΟΚΑΤΑΣΤΗΜΑΤΩΝ ή ΑΛΛΩΝ ΚΕΝΤΡΩΝ,missing_root_type
,Αναλώσιμα υλικά,,unspecified,,0,,ΑΠΟΘΕΜΑΤΑ / ΑΠΟΘΕΜΑΤΑ ΥΠΟΚΑΤΑΣΤΗΜΑΤΩΝ ή ΑΛΛΩΝ ΚΕΝΤΡΩΝ,,,,ΑΠΟΘΕΜΑΤΑ / ΑΠΟΘΕΜΑΤΑ ΥΠΟΚΑΤΑΣΤΗΜΑΤΩΝ ή ΑΛΛΩΝ ΚΕΝΤΡΩΝ / Αναλώσιμα υλικά,missing_root_type
,Ανταλλακτικά παγείων,,unspecified,,0,,ΑΠΟΘΕΜΑΤΑ / ΑΠΟΘΕΜΑΤΑ ΥΠΟΚΑΤΑΣΤΗΜΑΤΩΝ ή ΑΛΛΩΝ ΚΕΝΤΡΩΝ,,,,ΑΠΟΘΕΜΑΤΑ / ΑΠΟΘΕΜΑΤΑ ΥΠΟΚΑΤΑΣΤΗΜΑΤΩΝ ή ΑΛΛΩΝ ΚΕΝΤΡΩΝ / Ανταλλακτικά παγείων,missing_root_type
,Είδη συσκευασίας,,unspecified,,0,,ΑΠΟΘΕΜΑΤΑ / ΑΠΟΘΕΜΑΤΑ ΥΠΟΚΑΤΑΣΤΗΜΑΤΩΝ ή ΑΛΛΩΝ ΚΕΝΤΡΩΝ,,,,ΑΠΟΘΕΜΑΤΑ / ΑΠΟΘΕΜΑΤΑ ΥΠΟΚΑΤΑΣΤΗΜΑΤΩΝ ή ΑΛΛΩΝ ΚΕΝΤΡΩΝ / Είδη συσκευασίας,missing_root_type
,Εμπορεύματα,,unspecified,,0,,ΑΠΟΘΕΜΑΤΑ / ΑΠΟΘΕΜΑΤΑ ΥΠΟΚΑΤΑΣΤΗΜΑΤΩΝ ή ΑΛΛΩΝ ΚΕΝΤΡΩΝ,,,,ΑΠΟΘΕΜΑΤΑ / ΑΠΟΘΕΜΑΤΑ ΥΠΟΚΑΤΑΣΤΗΜΑΤΩΝ ή ΑΛΛΩΝ ΚΕΝΤΡΩΝ / Εμπορεύματα,missing_root_type
,Παραγωγή σε εξέλιξη,,unspecified,,0,,ΑΠΟΘΕΜΑΤΑ / ΑΠΟΘΕΜΑΤΑ ΥΠΟΚΑΤΑΣΤΗΜΑΤΩΝ ή ΑΛΛΩΝ ΚΕΝΤΡΩΝ,,,,ΑΠΟΘΕΜΑΤΑ / ΑΠΟΘΕΜΑΤΑ ΥΠΟΚΑΤΑΣΤΗΜΑΤΩΝ ή ΑΛΛΩΝ ΚΕΝΤΡΩΝ / Παραγωγή σε εξέλιξη,missing_root_type
,Προϊόντα έτοιμα και ημιτελή,,unspecified,,0,,ΑΠΟΘΕΜΑΤΑ / ΑΠΟΘΕΜΑΤΑ ΥΠΟΚΑΤΑΣΤΗΜΑΤΩΝ ή ΑΛΛΩΝ ΚΕΝΤΡΩΝ,,,,ΑΠΟΘΕΜΑΤΑ / ΑΠΟΘΕΜΑΤΑ ΥΠΟΚΑΤΑΣΤΗΜΑΤΩΝ ή ΑΛΛΩΝ ΚΕΝΤΡΩΝ / Προϊόντα έτοιμα και ημιτελή,missing_root_type
,Πρώτες βοηθητικές ύλες - υλικά συσκευασίας,,unspecified,,0,,ΑΠΟΘΕΜΑΤΑ / ΑΠΟΘΕΜΑΤΑ ΥΠΟΚΑΤΑΣΤΗΜΑΤΩΝ ή ΑΛΛΩΝ ΚΕΝΤΡΩΝ,,,,ΑΠΟΘΕΜΑΤΑ / ΑΠΟΘΕΜΑΤΑ ΥΠΟΚΑΤΑΣΤΗΜΑΤΩΝ ή ΑΛΛΩΝ ΚΕΝΤΡΩΝ / Πρώτες βοηθητικές ύλες - υλικά συσκευασίας,missing_root_type
,Υποπροϊόντα και υπολείμματα,,unspecified,,0,,ΑΠΟΘΕΜΑΤΑ / ΑΠΟΘΕΜΑΤΑ ΥΠΟΚΑΤΑΣΤΗΜΑΤΩΝ ή ΑΛΛΩΝ ΚΕΝΤΡΩΝ,,,,ΑΠΟΘΕΜΑΤΑ / ΑΠΟΘΕΜΑΤΑ ΥΠΟΚΑΤΑΣΤΗΜΑΤΩΝ ή ΑΛΛΩΝ ΚΕΝΤΡΩΝ / Υποπροϊόντα και υπολείμματα,missing_root_type
,ΕΙΔΗ ΣΥΣΚΕΥΑΣΙΑΣ,,group,,1,,ΑΠΟΘΕΜΑΤΑ,,,,ΑΠΟΘΕΜΑΤΑ / ΕΙΔΗ ΣΥΣΚΕΥΑΣΙΑΣ,missing_root_type
,Εκπτώσεις αγορών,,unspecified,,0,,ΑΠΟΘΕΜΑΤΑ / ΕΙΔΗ ΣΥΣΚΕΥΑΣΙΑΣ,,,,ΑΠΟΘΕΜΑΤΑ / ΕΙΔΗ ΣΥΣΚΕΥΑΣΙΑΣ / Εκπτώσεις αγορών,missing_root_type
,Προύπολογισμένες αγορές (Λ/58.18),,unspecified,,0,,ΑΠΟΘΕΜΑΤΑ / ΕΙΔΗ ΣΥΣΚΕΥΑΣΙΑΣ,,,,ΑΠΟΘΕΜΑΤΑ / ΕΙΔΗ ΣΥΣΚΕΥΑΣΙΑΣ / Προύπολογισμένες αγορές (Λ/58.18),missing_root_type
,κ.λ.π.,,unspecified,,0,,ΑΠΟΘΕΜΑΤΑ / ΕΙΔΗ ΣΥΣΚΕΥΑΣΙΑΣ,,,,ΑΠΟΘΕΜΑΤΑ / ΕΙΔΗ ΣΥΣΚΕΥΑΣΙΑΣ / κ.λ.π.,missing_root_type
,ΕΜΠΟΡΕΥΜΑΤΑ,,group,,1,,ΑΠΟΘΕΜΑΤΑ,,,,ΑΠΟΘΕΜΑΤΑ / ΕΜΠΟΡΕΥΜΑΤΑ,missing_root_type
,Είδος Α (ή ομάδα Α),,group,,1,,ΑΠΟΘΕΜΑΤΑ / ΕΜΠΟΡΕΥΜΑΤΑ,,,,ΑΠΟΘΕΜΑΤΑ / ΕΜΠΟΡΕΥΜΑΤΑ / Είδος Α (ή ομάδα Α),missing_root_type
,Αγορές χρήσης με 8%,,unspecified,,0,,ΑΠΟΘΕΜΑΤΑ / ΕΜΠΟΡΕΥΜΑΤΑ / Είδος Α (ή ομάδα Α),,,,ΑΠΟΘΕΜΑΤΑ / ΕΜΠΟΡΕΥΜΑΤΑ / Είδος Α (ή ομάδα Α) / Αγορές χρήσης με 8%,missing_root_type
,Αποθέματα με 8%,,unspecified,,0,,ΑΠΟΘΕΜΑΤΑ / ΕΜΠΟΡΕΥΜΑΤΑ / Είδος Α (ή ομάδα Α),,,,ΑΠΟΘΕΜΑΤΑ / ΕΜΠΟΡΕΥΜΑΤΑ / Είδος Α (ή ομάδα Α) / Αποθέματα με 8%,missing_root_type
,Είδος Β (ή ομάδα Β),,group,,1,,ΑΠΟΘΕΜΑΤΑ / ΕΜΠΟΡΕΥΜΑΤΑ,,,,ΑΠΟΘΕΜΑΤΑ / ΕΜΠΟΡΕΥΜΑΤΑ / Είδος Β (ή ομάδα Β),missing_root_type
,Αγορές χρήσης με 8%,,unspecified,,0,,ΑΠΟΘΕΜΑΤΑ / ΕΜΠΟΡΕΥΜΑΤΑ / Είδος Β (ή ομάδα Β),,,,ΑΠΟΘΕΜΑΤΑ / ΕΜΠΟΡΕΥΜΑΤΑ / Είδος Β (ή ομάδα Β) / Αγορές χρήσης με 8%,missing_root_type
,Αποθέματα με 8%,,unspecified,,0,,ΑΠΟΘΕΜΑΤΑ / ΕΜΠΟΡΕΥΜΑΤΑ / Είδος Β (ή ομάδα Β),,,,ΑΠΟΘΕΜΑΤΑ / ΕΜΠΟΡΕΥΜΑΤΑ / Είδος Β (ή ομάδα Β) / Αποθέματα με 8%,missing_root_type
,Εκπτώσεις Αγορών,,unspecified,,0,,ΑΠΟΘΕΜΑΤΑ / ΕΜΠΟΡΕΥΜΑΤΑ,,,,ΑΠΟΘΕΜΑΤΑ / ΕΜΠΟΡΕΥΜΑΤΑ / Εκπτώσεις Αγορών,missing_root_type
,Προϋπολογισμένες αγορές,,unspecified,,0,,ΑΠΟΘΕΜΑΤΑ / ΕΜΠΟΡΕΥΜΑΤΑ,,,,ΑΠΟΘΕΜΑΤΑ / ΕΜΠΟΡΕΥΜΑΤΑ / Προϋπολογισμένες αγορές,missing_root_type
,ΠΑΡΑΓΩΓΗ ΣΕ ΕΞΕΛΙΞΗ,,unspecified,,0,,ΑΠΟΘΕΜΑΤΑ,,,,ΑΠΟΘΕΜΑΤΑ / ΠΑΡΑΓΩΓΗ ΣΕ ΕΞΕΛΙΞΗ,missing_root_type
,ΠΡΏΤΕΣ ΚΑΙ ΒΟΗΘΗΤΙΚΕΣ ΥΛΕΣ - ΥΛΙΚΑ ΣΥΣΚΕΥΑΣΙΑΣ,,group,,1,,ΑΠΟΘΕΜΑΤΑ,,,,ΑΠΟΘΕΜΑΤΑ / ΠΡΏΤΕΣ ΚΑΙ ΒΟΗΘΗΤΙΚΕΣ ΥΛΕΣ - ΥΛΙΚΑ ΣΥΣΚΕΥΑΣΙΑΣ,missing_root_type
,Εκπτώσεις αγορών,,unspecified,,0,,ΑΠΟΘΕΜΑΤΑ / ΠΡΏΤΕΣ ΚΑΙ ΒΟΗΘΗΤΙΚΕΣ ΥΛΕΣ - ΥΛΙΚΑ ΣΥΣΚΕΥΑΣΙΑΣ,,,,ΑΠΟΘΕΜΑΤΑ / ΠΡΏΤΕΣ ΚΑΙ ΒΟΗΘΗΤΙΚΕΣ ΥΛΕΣ - ΥΛΙΚΑ ΣΥΣΚΕΥΑΣΙΑΣ / Εκπτώσεις αγορών,missing_root_type
,Προϋπολογισμένες αγορές,,unspecified,,0,,ΑΠΟΘΕΜΑΤΑ / ΠΡΏΤΕΣ ΚΑΙ ΒΟΗΘΗΤΙΚΕΣ ΥΛΕΣ - ΥΛΙΚΑ ΣΥΣΚΕΥΑΣΙΑΣ,,,,ΑΠΟΘΕΜΑΤΑ / ΠΡΏΤΕΣ ΚΑΙ ΒΟΗΘΗΤΙΚΕΣ ΥΛΕΣ - ΥΛΙΚΑ ΣΥΣΚΕΥΑΣΙΑΣ / Προϋπολογισμένες αγορές,missing_root_type
,Πρώτες και βοηθητικές ύλες,,unspecified,,0,,ΑΠΟΘΕΜΑΤΑ / ΠΡΏΤΕΣ ΚΑΙ ΒΟΗΘΗΤΙΚΕΣ ΥΛΕΣ - ΥΛΙΚΑ ΣΥΣΚΕΥΑΣΙΑΣ,,,,ΑΠΟΘΕΜΑΤΑ / ΠΡΏΤΕΣ ΚΑΙ ΒΟΗΘΗΤΙΚΕΣ ΥΛΕΣ - ΥΛΙΚΑ ΣΥΣΚΕΥΑΣΙΑΣ / Πρώτες και βοηθητικές ύλες,missing_root_type
,ΠΡΟΪΟΝΤΑ ΕΤΟΙΜΑ ΚΑΙ ΗΜΙΤΕΛΗ,,unspecified,,0,,ΑΠΟΘΕΜΑΤΑ,,,,ΑΠΟΘΕΜΑΤΑ / ΠΡΟΪΟΝΤΑ ΕΤΟΙΜΑ ΚΑΙ ΗΜΙΤΕΛΗ,missing_root_type
,ΥΠΟΠΡΟΪΟΝΤΑ ΚΑΙ ΥΠΟΛΕΙΜΜΑΤΑ,,unspecified,,0,,ΑΠΟΘΕΜΑΤΑ,,,,ΑΠΟΘΕΜΑΤΑ / ΥΠΟΠΡΟΪΟΝΤΑ ΚΑΙ ΥΠΟΛΕΙΜΜΑΤΑ,missing_root_type
,ΒΡΑΧΥΠΡΟΘΕΣΜΕΣ ΥΠΟΧΡΕΩΣΕΙΣ,,group,,1,,,,,,ΒΡΑΧΥΠΡΟΘΕΣΜΕΣ ΥΠΟΧΡΕΩΣΕΙΣ,missing_root_type
,ΑΣΦΑΛΙΣΤΙΚΟΙ ΟΡΓΑΝΙΣΜΟΙ,,payable,,1,,ΒΡΑΧΥΠΡΟΘΕΣΜΕΣ ΥΠΟΧΡΕΩΣΕΙΣ,Payable,,,ΒΡΑΧΥΠΡΟΘΕΣΜΕΣ ΥΠΟΧΡΕΩΣΕΙΣ / ΑΣΦΑΛΙΣΤΙΚΟΙ ΟΡΓΑΝΙΣΜΟΙ,missing_root_type
,Ίδρυμα Κοινωνικών Ασφαλίσεων (ΙΚΑ),,payable,,1,,ΒΡΑΧΥΠΡΟΘΕΣΜΕΣ ΥΠΟΧΡΕΩΣΕΙΣ / ΑΣΦΑΛΙΣΤΙΚΟΙ ΟΡΓΑΝΙΣΜΟΙ,Payable,,,ΒΡΑΧΥΠΡΟΘΕΣΜΕΣ ΥΠΟΧΡΕΩΣΕΙΣ / ΑΣΦΑΛΙΣΤΙΚΟΙ ΟΡΓΑΝΙΣΜΟΙ / Ίδρυμα Κοινωνικών Ασφαλίσεων (ΙΚΑ),missing_root_type
,Λογαριασμός δωρόσημου ημερισίων οικοδομικών εργασίων,,payable,,0,payables,ΒΡΑΧΥΠΡΟΘΕΣΜΕΣ ΥΠΟΧΡΕΩΣΕΙΣ / ΑΣΦΑΛΙΣΤΙΚΟΙ ΟΡΓΑΝΙΣΜΟΙ / Ίδρυμα Κοινωνικών Ασφαλίσεων (ΙΚΑ),Payable,,,ΒΡΑΧΥΠΡΟΘΕΣΜΕΣ ΥΠΟΧΡΕΩΣΕΙΣ / ΑΣΦΑΛΙΣΤΙΚΟΙ ΟΡΓΑΝΙΣΜΟΙ / Ίδρυμα Κοινωνικών Ασφαλίσεων (ΙΚΑ) / Λογαριασμός δωρόσημου ημερισίων οικοδομικών εργασίων,missing_root_type
,Λογαριασμός δόσεων καθυστερούμενων κρατήσεων και εισφορών,,payable,,0,payables,ΒΡΑΧΥΠΡΟΘΕΣΜΕΣ ΥΠΟΧΡΕΩΣΕΙΣ / ΑΣΦΑΛΙΣΤΙΚΟΙ ΟΡΓΑΝΙΣΜΟΙ / Ίδρυμα Κοινωνικών Ασφαλίσεων (ΙΚΑ),Payable,,,ΒΡΑΧΥΠΡΟΘΕΣΜΕΣ ΥΠΟΧΡΕΩΣΕΙΣ / ΑΣΦΑΛΙΣΤΙΚΟΙ ΟΡΓΑΝΙΣΜΟΙ / Ίδρυμα Κοινωνικών Ασφαλίσεων (ΙΚΑ) / Λογαριασμός δόσεων καθυστερούμενων κρατήσεων και εισφορών,missing_root_type
,Λογαριασμός τρέχουσας κίνησης,,payable,,0,payables,ΒΡΑΧΥΠΡΟΘΕΣΜΕΣ ΥΠΟΧΡΕΩΣΕΙΣ / ΑΣΦΑΛΙΣΤΙΚΟΙ ΟΡΓΑΝΙΣΜΟΙ / Ίδρυμα Κοινωνικών Ασφαλίσεων (ΙΚΑ),Payable,,,ΒΡΑΧΥΠΡΟΘΕΣΜΕΣ ΥΠΟΧΡΕΩΣΕΙΣ / ΑΣΦΑΛΙΣΤΙΚΟΙ ΟΡΓΑΝΙΣΜΟΙ / Ίδρυμα Κοινωνικών Ασφαλίσεων (ΙΚΑ) / Λογαριασμός τρέχουσας κίνησης,missing_root_type
,Λογαριασμός τρέχουσας κίνησης εισφορών ανεγειρόμενων οικοδομών,,payable,,0,payables,ΒΡΑΧΥΠΡΟΘΕΣΜΕΣ ΥΠΟΧΡΕΩΣΕΙΣ / ΑΣΦΑΛΙΣΤΙΚΟΙ ΟΡΓΑΝΙΣΜΟΙ / Ίδρυμα Κοινωνικών Ασφαλίσεων (ΙΚΑ),Payable,,,ΒΡΑΧΥΠΡΟΘΕΣΜΕΣ ΥΠΟΧΡΕΩΣΕΙΣ / ΑΣΦΑΛΙΣΤΙΚΟΙ ΟΡΓΑΝΙΣΜΟΙ / Ίδρυμα Κοινωνικών Ασφαλίσεων (ΙΚΑ) / Λογαριασμός τρέχουσας κίνησης εισφορών ανεγειρόμενων οικοδομών,missing_root_type
,Επικουρικά Ταμεία,,payable,,0,payables,ΒΡΑΧΥΠΡΟΘΕΣΜΕΣ ΥΠΟΧΡΕΩΣΕΙΣ / ΑΣΦΑΛΙΣΤΙΚΟΙ ΟΡΓΑΝΙΣΜΟΙ,Payable,,,ΒΡΑΧΥΠΡΟΘΕΣΜΕΣ ΥΠΟΧΡΕΩΣΕΙΣ / ΑΣΦΑΛΙΣΤΙΚΟΙ ΟΡΓΑΝΙΣΜΟΙ / Επικουρικά Ταμεία,missing_root_type
,Εργατική Εστία,,payable,,0,payables,ΒΡΑΧΥΠΡΟΘΕΣΜΕΣ ΥΠΟΧΡΕΩΣΕΙΣ / ΑΣΦΑΛΙΣΤΙΚΟΙ ΟΡΓΑΝΙΣΜΟΙ,Payable,,,ΒΡΑΧΥΠΡΟΘΕΣΜΕΣ ΥΠΟΧΡΕΩΣΕΙΣ / ΑΣΦΑΛΙΣΤΙΚΟΙ ΟΡΓΑΝΙΣΜΟΙ / Εργατική Εστία,missing_root_type
,Κρατήσεις & εισφορές καθηστερούμενες προηγουμένων χρήσεων,,payable,,0,payables,ΒΡΑΧΥΠΡΟΘΕΣΜΕΣ ΥΠΟΧΡΕΩΣΕΙΣ / ΑΣΦΑΛΙΣΤΙΚΟΙ ΟΡΓΑΝΙΣΜΟΙ,Payable,,,ΒΡΑΧΥΠΡΟΘΕΣΜΕΣ ΥΠΟΧΡΕΩΣΕΙΣ / ΑΣΦΑΛΙΣΤΙΚΟΙ ΟΡΓΑΝΙΣΜΟΙ / Κρατήσεις & εισφορές καθηστερούμενες προηγουμένων χρήσεων,missing_root_type
,Λοιπά Ταμεία κύριας ασφάλισης,,payable,,0,payables,ΒΡΑΧΥΠΡΟΘΕΣΜΕΣ ΥΠΟΧΡΕΩΣΕΙΣ / ΑΣΦΑΛΙΣΤΙΚΟΙ ΟΡΓΑΝΙΣΜΟΙ,Payable,,,ΒΡΑΧΥΠΡΟΘΕΣΜΕΣ ΥΠΟΧΡΕΩΣΕΙΣ / ΑΣΦΑΛΙΣΤΙΚΟΙ ΟΡΓΑΝΙΣΜΟΙ / Λοιπά Ταμεία κύριας ασφάλισης,missing_root_type
,ΒΡΑΧΥΠΡΟΘΕΣΜΕΣ ΥΠΟΧΡΕΩΣΕΙΣ ΥΠΟΚΑΤΑΣΤΗΜΑΤΩΝ Ή ΑΛΛΩΝ ΚΕΝΤΡΩΝ,,payable,,1,,ΒΡΑΧΥΠΡΟΘΕΣΜΕΣ ΥΠΟΧΡΕΩΣΕΙΣ,Payable,,,ΒΡΑΧΥΠΡΟΘΕΣΜΕΣ ΥΠΟΧΡΕΩΣΕΙΣ / ΒΡΑΧΥΠΡΟΘΕΣΜΕΣ ΥΠΟΧΡΕΩΣΕΙΣ ΥΠΟΚΑΤΑΣΤΗΜΑΤΩΝ Ή ΑΛΛΩΝ ΚΕΝΤΡΩΝ,missing_root_type
,Ασφαλιστικοί οργανισμοί,,payable,,0,payables,ΒΡΑΧΥΠΡΟΘΕΣΜΕΣ ΥΠΟΧΡΕΩΣΕΙΣ / ΒΡΑΧΥΠΡΟΘΕΣΜΕΣ ΥΠΟΧΡΕΩΣΕΙΣ ΥΠΟΚΑΤΑΣΤΗΜΑΤΩΝ Ή ΑΛΛΩΝ ΚΕΝΤΡΩΝ,Payable,,,ΒΡΑΧΥΠΡΟΘΕΣΜΕΣ ΥΠΟΧΡΕΩΣΕΙΣ / ΒΡΑΧΥΠΡΟΘΕΣΜΕΣ ΥΠΟΧΡΕΩΣΕΙΣ ΥΠΟΚΑΤΑΣΤΗΜΑΤΩΝ Ή ΑΛΛΩΝ ΚΕΝΤΡΩΝ / Ασφαλιστικοί οργανισμοί,missing_root_type
,Γραμμάτια πληρωτέα,,payable,,0,payables,ΒΡΑΧΥΠΡΟΘΕΣΜΕΣ ΥΠΟΧΡΕΩΣΕΙΣ / ΒΡΑΧΥΠΡΟΘΕΣΜΕΣ ΥΠΟΧΡΕΩΣΕΙΣ ΥΠΟΚΑΤΑΣΤΗΜΑΤΩΝ Ή ΑΛΛΩΝ ΚΕΝΤΡΩΝ,Payable,,,ΒΡΑΧΥΠΡΟΘΕΣΜΕΣ ΥΠΟΧΡΕΩΣΕΙΣ / ΒΡΑΧΥΠΡΟΘΕΣΜΕΣ ΥΠΟΧΡΕΩΣΕΙΣ ΥΠΟΚΑΤΑΣΤΗΜΑΤΩΝ Ή ΑΛΛΩΝ ΚΕΝΤΡΩΝ / Γραμμάτια πληρωτέα,missing_root_type
,Λογαριασμοί περιοδικής κατανομής,,payable,,0,payables,ΒΡΑΧΥΠΡΟΘΕΣΜΕΣ ΥΠΟΧΡΕΩΣΕΙΣ / ΒΡΑΧΥΠΡΟΘΕΣΜΕΣ ΥΠΟΧΡΕΩΣΕΙΣ ΥΠΟΚΑΤΑΣΤΗΜΑΤΩΝ Ή ΑΛΛΩΝ ΚΕΝΤΡΩΝ,Payable,,,ΒΡΑΧΥΠΡΟΘΕΣΜΕΣ ΥΠΟΧΡΕΩΣΕΙΣ / ΒΡΑΧΥΠΡΟΘΕΣΜΕΣ ΥΠΟΧΡΕΩΣΕΙΣ ΥΠΟΚΑΤΑΣΤΗΜΑΤΩΝ Ή ΑΛΛΩΝ ΚΕΝΤΡΩΝ / Λογαριασμοί περιοδικής κατανομής,missing_root_type
,Μεταβατικοί λογαριασμοί παθητικού,,payable,,0,payables,ΒΡΑΧΥΠΡΟΘΕΣΜΕΣ ΥΠΟΧΡΕΩΣΕΙΣ / ΒΡΑΧΥΠΡΟΘΕΣΜΕΣ ΥΠΟΧΡΕΩΣΕΙΣ ΥΠΟΚΑΤΑΣΤΗΜΑΤΩΝ Ή ΑΛΛΩΝ ΚΕΝΤΡΩΝ,Payable,,,ΒΡΑΧΥΠΡΟΘΕΣΜΕΣ ΥΠΟΧΡΕΩΣΕΙΣ / ΒΡΑΧΥΠΡΟΘΕΣΜΕΣ ΥΠΟΧΡΕΩΣΕΙΣ ΥΠΟΚΑΤΑΣΤΗΜΑΤΩΝ Ή ΑΛΛΩΝ ΚΕΝΤΡΩΝ / Μεταβατικοί λογαριασμοί παθητικού,missing_root_type
,Πιστωτές διάφοροι,,payable,,0,payables,ΒΡΑΧΥΠΡΟΘΕΣΜΕΣ ΥΠΟΧΡΕΩΣΕΙΣ / ΒΡΑΧΥΠΡΟΘΕΣΜΕΣ ΥΠΟΧΡΕΩΣΕΙΣ ΥΠΟΚΑΤΑΣΤΗΜΑΤΩΝ Ή ΑΛΛΩΝ ΚΕΝΤΡΩΝ,Payable,,,ΒΡΑΧΥΠΡΟΘΕΣΜΕΣ ΥΠΟΧΡΕΩΣΕΙΣ / ΒΡΑΧΥΠΡΟΘΕΣΜΕΣ ΥΠΟΧΡΕΩΣΕΙΣ ΥΠΟΚΑΤΑΣΤΗΜΑΤΩΝ Ή ΑΛΛΩΝ ΚΕΝΤΡΩΝ / Πιστωτές διάφοροι,missing_root_type
,Προμηθευτές,,payable,,0,payables,ΒΡΑΧΥΠΡΟΘΕΣΜΕΣ ΥΠΟΧΡΕΩΣΕΙΣ / ΒΡΑΧΥΠΡΟΘΕΣΜΕΣ ΥΠΟΧΡΕΩΣΕΙΣ ΥΠΟΚΑΤΑΣΤΗΜΑΤΩΝ Ή ΑΛΛΩΝ ΚΕΝΤΡΩΝ,Payable,,,ΒΡΑΧΥΠΡΟΘΕΣΜΕΣ ΥΠΟΧΡΕΩΣΕΙΣ / ΒΡΑΧΥΠΡΟΘΕΣΜΕΣ ΥΠΟΧΡΕΩΣΕΙΣ ΥΠΟΚΑΤΑΣΤΗΜΑΤΩΝ Ή ΑΛΛΩΝ ΚΕΝΤΡΩΝ / Προμηθευτές,missing_root_type
,Τράπεζες λογαριασμοί βραχυπρόθεσμων υποχρεώσεων,,payable,,0,payables,ΒΡΑΧΥΠΡΟΘΕΣΜΕΣ ΥΠΟΧΡΕΩΣΕΙΣ / ΒΡΑΧΥΠΡΟΘΕΣΜΕΣ ΥΠΟΧΡΕΩΣΕΙΣ ΥΠΟΚΑΤΑΣΤΗΜΑΤΩΝ Ή ΑΛΛΩΝ ΚΕΝΤΡΩΝ,Payable,,,ΒΡΑΧΥΠΡΟΘΕΣΜΕΣ ΥΠΟΧΡΕΩΣΕΙΣ / ΒΡΑΧΥΠΡΟΘΕΣΜΕΣ ΥΠΟΧΡΕΩΣΕΙΣ ΥΠΟΚΑΤΑΣΤΗΜΑΤΩΝ Ή ΑΛΛΩΝ ΚΕΝΤΡΩΝ / Τράπεζες λογαριασμοί βραχυπρόθεσμων υποχρεώσεων,missing_root_type
,Υποχρεώσεις από φόρους - τέλη,,payable,,0,payables,ΒΡΑΧΥΠΡΟΘΕΣΜΕΣ ΥΠΟΧΡΕΩΣΕΙΣ / ΒΡΑΧΥΠΡΟΘΕΣΜΕΣ ΥΠΟΧΡΕΩΣΕΙΣ ΥΠΟΚΑΤΑΣΤΗΜΑΤΩΝ Ή ΑΛΛΩΝ ΚΕΝΤΡΩΝ,Payable,,,ΒΡΑΧΥΠΡΟΘΕΣΜΕΣ ΥΠΟΧΡΕΩΣΕΙΣ / ΒΡΑΧΥΠΡΟΘΕΣΜΕΣ ΥΠΟΧΡΕΩΣΕΙΣ ΥΠΟΚΑΤΑΣΤΗΜΑΤΩΝ Ή ΑΛΛΩΝ ΚΕΝΤΡΩΝ / Υποχρεώσεις από φόρους - τέλη,missing_root_type
,ΓΡΑΜΜΑΤΙΑ ΠΛΗΡΩΤΕΑ,,payable,,1,,ΒΡΑΧΥΠΡΟΘΕΣΜΕΣ ΥΠΟΧΡΕΩΣΕΙΣ,Payable,,,ΒΡΑΧΥΠΡΟΘΕΣΜΕΣ ΥΠΟΧΡΕΩΣΕΙΣ / ΓΡΑΜΜΑΤΙΑ ΠΛΗΡΩΤΕΑ,missing_root_type
,Γραμμάτια πληρωτέα εκδόσης Ν.Π.Δ.Δ. Και Δημοσίων Επιχειρήσεων,,payable,,0,payables,ΒΡΑΧΥΠΡΟΘΕΣΜΕΣ ΥΠΟΧΡΕΩΣΕΙΣ / ΓΡΑΜΜΑΤΙΑ ΠΛΗΡΩΤΕΑ,Payable,,,ΒΡΑΧΥΠΡΟΘΕΣΜΕΣ ΥΠΟΧΡΕΩΣΕΙΣ / ΓΡΑΜΜΑΤΙΑ ΠΛΗΡΩΤΕΑ / Γραμμάτια πληρωτέα εκδόσης Ν.Π.Δ.Δ. Και Δημοσίων Επιχειρήσεων,missing_root_type
,Γραμμάτια πληρωτέα σε Ξ.Ν.,,payable,,0,payables,ΒΡΑΧΥΠΡΟΘΕΣΜΕΣ ΥΠΟΧΡΕΩΣΕΙΣ / ΓΡΑΜΜΑΤΙΑ ΠΛΗΡΩΤΕΑ,Payable,,,ΒΡΑΧΥΠΡΟΘΕΣΜΕΣ ΥΠΟΧΡΕΩΣΕΙΣ / ΓΡΑΜΜΑΤΙΑ ΠΛΗΡΩΤΕΑ / Γραμμάτια πληρωτέα σε Ξ.Ν.,missing_root_type
,Γραμμάτια πληρωτέα σε δρχ.,,payable,,0,payables,ΒΡΑΧΥΠΡΟΘΕΣΜΕΣ ΥΠΟΧΡΕΩΣΕΙΣ / ΓΡΑΜΜΑΤΙΑ ΠΛΗΡΩΤΕΑ,Payable,,,ΒΡΑΧΥΠΡΟΘΕΣΜΕΣ ΥΠΟΧΡΕΩΣΕΙΣ / ΓΡΑΜΜΑΤΙΑ ΠΛΗΡΩΤΕΑ / Γραμμάτια πληρωτέα σε δρχ.,missing_root_type
,Μη δεδουλευμένοι τόκοι γραμματίων πληρωτέων  εκδόσης Ν.Π.Δ.Δ.  και Δημοσίων Επιχειρήσεων (αντίθετος λογαριασμός),,payable,,0,payables,ΒΡΑΧΥΠΡΟΘΕΣΜΕΣ ΥΠΟΧΡΕΩΣΕΙΣ / ΓΡΑΜΜΑΤΙΑ ΠΛΗΡΩΤΕΑ,Payable,,,ΒΡΑΧΥΠΡΟΘΕΣΜΕΣ ΥΠΟΧΡΕΩΣΕΙΣ / ΓΡΑΜΜΑΤΙΑ ΠΛΗΡΩΤΕΑ / Μη δεδουλευμένοι τόκοι γραμματίων πληρωτέων  εκδόσης Ν.Π.Δ.Δ.  και Δημοσίων Επιχειρήσεων (αντίθετος λογαριασμός),missing_root_type
,Μη δεδουλευμένοι τόκοι γραμματίων πληρωτέων σε Ξ.Ν.,,payable,,0,payables,ΒΡΑΧΥΠΡΟΘΕΣΜΕΣ ΥΠΟΧΡΕΩΣΕΙΣ / ΓΡΑΜΜΑΤΙΑ ΠΛΗΡΩΤΕΑ,Payable,,,ΒΡΑΧΥΠΡΟΘΕΣΜΕΣ ΥΠΟΧΡΕΩΣΕΙΣ / ΓΡΑΜΜΑΤΙΑ ΠΛΗΡΩΤΕΑ / Μη δεδουλευμένοι τόκοι γραμματίων πληρωτέων σε Ξ.Ν.,missing_root_type
,Μη δεδουλευμένοι τόκοι γραμματίων πληρωτέων σε δρχ,,payable,,0,payables,ΒΡΑΧΥΠΡΟΘΕΣΜΕΣ ΥΠΟΧΡΕΩΣΕΙΣ / ΓΡΑΜΜΑΤΙΑ ΠΛΗΡΩΤΕΑ,Payable,,,ΒΡΑΧΥΠΡΟΘΕΣΜΕΣ ΥΠΟΧΡΕΩΣΕΙΣ / ΓΡΑΜΜΑΤΙΑ ΠΛΗΡΩΤΕΑ / Μη δεδουλευμένοι τόκοι γραμματίων πληρωτέων σε δρχ,missing_root_type
,Υποχρεωτικές επιστολές πληρωτέες σε Ξ.Ν.,,payable,,0,payables,ΒΡΑΧΥΠΡΟΘΕΣΜΕΣ ΥΠΟΧΡΕΩΣΕΙΣ / ΓΡΑΜΜΑΤΙΑ ΠΛΗΡΩΤΕΑ,Payable,,,ΒΡΑΧΥΠΡΟΘΕΣΜΕΣ ΥΠΟΧΡΕΩΣΕΙΣ / ΓΡΑΜΜΑΤΙΑ ΠΛΗΡΩΤΕΑ / Υποχρεωτικές επιστολές πληρωτέες σε Ξ.Ν.,missing_root_type
,Υποχρεωτικές επιστολές πληρωτέες σε δρχ,,payable,,0,payables,ΒΡΑΧΥΠΡΟΘΕΣΜΕΣ ΥΠΟΧΡΕΩΣΕΙΣ / ΓΡΑΜΜΑΤΙΑ ΠΛΗΡΩΤΕΑ,Payable,,,ΒΡΑΧΥΠΡΟΘΕΣΜΕΣ ΥΠΟΧΡΕΩΣΕΙΣ / ΓΡΑΜΜΑΤΙΑ ΠΛΗΡΩΤΕΑ / Υποχρεωτικές επιστολές πληρωτέες σε δρχ,missing_root_type
,ΛΟΓΑΡΙΑΣΜΟΙ ΠΕΡΙΟΔΙΚΗΣ ΚΑΤΑΝΟΜΗΣ,,payable,,0,payables,ΒΡΑΧΥΠΡΟΘΕΣΜΕΣ ΥΠΟΧΡΕΩΣΕΙΣ,Payable,,,ΒΡΑΧΥΠΡΟΘΕΣΜΕΣ ΥΠΟΧΡΕΩΣΕΙΣ / ΛΟΓΑΡΙΑΣΜΟΙ ΠΕΡΙΟΔΙΚΗΣ ΚΑΤΑΝΟΜΗΣ,missing_root_type
,ΜΕΤΑΒΑΤΙΚΟΙ ΛΟΓΑΡΙΑΣΜΟΙ ΠΑΘΗΤΙΚΟΥ,,payable,,1,,ΒΡΑΧΥΠΡΟΘΕΣΜΕΣ ΥΠΟΧΡΕΩΣΕΙΣ,Payable,,,ΒΡΑΧΥΠΡΟΘΕΣΜΕΣ ΥΠΟΧΡΕΩΣΕΙΣ / ΜΕΤΑΒΑΤΙΚΟΙ ΛΟΓΑΡΙΑΣΜΟΙ ΠΑΘΗΤΙΚΟΥ,missing_root_type
,Έξοδα χρήσης δεδουλευμένα (πληρωτέα),,payable,,0,payables,ΒΡΑΧΥΠΡΟΘΕΣΜΕΣ ΥΠΟΧΡΕΩΣΕΙΣ / ΜΕΤΑΒΑΤΙΚΟΙ ΛΟΓΑΡΙΑΣΜΟΙ ΠΑΘΗΤΙΚΟΥ,Payable,,,ΒΡΑΧΥΠΡΟΘΕΣΜΕΣ ΥΠΟΧΡΕΩΣΕΙΣ / ΜΕΤΑΒΑΤΙΚΟΙ ΛΟΓΑΡΙΑΣΜΟΙ ΠΑΘΗΤΙΚΟΥ / Έξοδα χρήσης δεδουλευμένα (πληρωτέα),missing_root_type
,Έσοδα επομένων χρήσεων,,payable,,0,payables,ΒΡΑΧΥΠΡΟΘΕΣΜΕΣ ΥΠΟΧΡΕΩΣΕΙΣ / ΜΕΤΑΒΑΤΙΚΟΙ ΛΟΓΑΡΙΑΣΜΟΙ ΠΑΘΗΤΙΚΟΥ,Payable,,,ΒΡΑΧΥΠΡΟΘΕΣΜΕΣ ΥΠΟΧΡΕΩΣΕΙΣ / ΜΕΤΑΒΑΤΙΚΟΙ ΛΟΓΑΡΙΑΣΜΟΙ ΠΑΘΗΤΙΚΟΥ / Έσοδα επομένων χρήσεων,missing_root_type
,Αγορές υπό τακτοποίηση,,payable,,0,payables,ΒΡΑΧΥΠΡΟΘΕΣΜΕΣ ΥΠΟΧΡΕΩΣΕΙΣ / ΜΕΤΑΒΑΤΙΚΟΙ ΛΟΓΑΡΙΑΣΜΟΙ ΠΑΘΗΤΙΚΟΥ,Payable,,,ΒΡΑΧΥΠΡΟΘΕΣΜΕΣ ΥΠΟΧΡΕΩΣΕΙΣ / ΜΕΤΑΒΑΤΙΚΟΙ ΛΟΓΑΡΙΑΣΜΟΙ ΠΑΘΗΤΙΚΟΥ / Αγορές υπό τακτοποίηση,missing_root_type
,Εκπτώσεις επί πωλήσεων χρήσης υπό διακανονισμό,,payable,,0,payables,ΒΡΑΧΥΠΡΟΘΕΣΜΕΣ ΥΠΟΧΡΕΩΣΕΙΣ / ΜΕΤΑΒΑΤΙΚΟΙ ΛΟΓΑΡΙΑΣΜΟΙ ΠΑΘΗΤΙΚΟΥ,Payable,,,ΒΡΑΧΥΠΡΟΘΕΣΜΕΣ ΥΠΟΧΡΕΩΣΕΙΣ / ΜΕΤΑΒΑΤΙΚΟΙ ΛΟΓΑΡΙΑΣΜΟΙ ΠΑΘΗΤΙΚΟΥ / Εκπτώσεις επί πωλήσεων χρήσης υπό διακανονισμό,missing_root_type
,Πωλήσης ανεγειρόμενων οικοδομών υπό διακανονισμό,,payable,,0,payables,ΒΡΑΧΥΠΡΟΘΕΣΜΕΣ ΥΠΟΧΡΕΩΣΕΙΣ / ΜΕΤΑΒΑΤΙΚΟΙ ΛΟΓΑΡΙΑΣΜΟΙ ΠΑΘΗΤΙΚΟΥ,Payable,,,ΒΡΑΧΥΠΡΟΘΕΣΜΕΣ ΥΠΟΧΡΕΩΣΕΙΣ / ΜΕΤΑΒΑΤΙΚΟΙ ΛΟΓΑΡΙΑΣΜΟΙ ΠΑΘΗΤΙΚΟΥ / Πωλήσης ανεγειρόμενων οικοδομών υπό διακανονισμό,missing_root_type
,ΠΙΣΤΩΤΕΣ ΔΙΑΦΟΡΟΙ,,payable,,1,,ΒΡΑΧΥΠΡΟΘΕΣΜΕΣ ΥΠΟΧΡΕΩΣΕΙΣ,Payable,,,ΒΡΑΧΥΠΡΟΘΕΣΜΕΣ ΥΠΟΧΡΕΩΣΕΙΣ / ΠΙΣΤΩΤΕΣ ΔΙΑΦΟΡΟΙ,missing_root_type
,Αποδοχές προσωπικού πληρωτέες,,payable,,0,payables,ΒΡΑΧΥΠΡΟΘΕΣΜΕΣ ΥΠΟΧΡΕΩΣΕΙΣ / ΠΙΣΤΩΤΕΣ ΔΙΑΦΟΡΟΙ,Payable,,,ΒΡΑΧΥΠΡΟΘΕΣΜΕΣ ΥΠΟΧΡΕΩΣΕΙΣ / ΠΙΣΤΩΤΕΣ ΔΙΑΦΟΡΟΙ / Αποδοχές προσωπικού πληρωτέες,missing_root_type
,Βραχυπρόθεσμες υποχρεώσεις προς εταίρους,,payable,,0,payables,ΒΡΑΧΥΠΡΟΘΕΣΜΕΣ ΥΠΟΧΡΕΩΣΕΙΣ / ΠΙΣΤΩΤΕΣ ΔΙΑΦΟΡΟΙ,Payable,,,ΒΡΑΧΥΠΡΟΘΕΣΜΕΣ ΥΠΟΧΡΕΩΣΕΙΣ / ΠΙΣΤΩΤΕΣ ΔΙΑΦΟΡΟΙ / Βραχυπρόθεσμες υποχρεώσεις προς εταίρους,missing_root_type
,Βραχυπρόθεσμες υποχρεώσεις προς λοιπές συμμετοχικού ενδιαφέροντος  επιχειρήσεις σε Ξ.Ν.,,payable,,0,payables,ΒΡΑΧΥΠΡΟΘΕΣΜΕΣ ΥΠΟΧΡΕΩΣΕΙΣ / ΠΙΣΤΩΤΕΣ ΔΙΑΦΟΡΟΙ,Payable,,,ΒΡΑΧΥΠΡΟΘΕΣΜΕΣ ΥΠΟΧΡΕΩΣΕΙΣ / ΠΙΣΤΩΤΕΣ ΔΙΑΦΟΡΟΙ / Βραχυπρόθεσμες υποχρεώσεις προς λοιπές συμμετοχικού ενδιαφέροντος  επιχειρήσεις σε Ξ.Ν.,missing_root_type
,Βραχυπρόθεσμες υποχρεώσεις προς λοιπές συμμετοχικού ενδιαφέροντος  επιχειρήσεις σε δρχ,,payable,,0,payables,ΒΡΑΧΥΠΡΟΘΕΣΜΕΣ ΥΠΟΧΡΕΩΣΕΙΣ / ΠΙΣΤΩΤΕΣ ΔΙΑΦΟΡΟΙ,Payable,,,ΒΡΑΧΥΠΡΟΘΕΣΜΕΣ ΥΠΟΧΡΕΩΣΕΙΣ / ΠΙΣΤΩΤΕΣ ΔΙΑΦΟΡΟΙ / Βραχυπρόθεσμες υποχρεώσεις προς λοιπές συμμετοχικού ενδιαφέροντος  επιχειρήσεις σε δρχ,missing_root_type
,Βραχυπρόθεσμες υποχρεώσεις προς συνδεδεμένες επιχειρήσεις σε Ξ.Ν.,,payable,,0,payables,ΒΡΑΧΥΠΡΟΘΕΣΜΕΣ ΥΠΟΧΡΕΩΣΕΙΣ / ΠΙΣΤΩΤΕΣ ΔΙΑΦΟΡΟΙ,Payable,,,ΒΡΑΧΥΠΡΟΘΕΣΜΕΣ ΥΠΟΧΡΕΩΣΕΙΣ / ΠΙΣΤΩΤΕΣ ΔΙΑΦΟΡΟΙ / Βραχυπρόθεσμες υποχρεώσεις προς συνδεδεμένες επιχειρήσεις σε Ξ.Ν.,missing_root_type
,Βραχυπρόθεσμες υποχρεώσεις προς συνδεδεμένες επιχειρήσεις σε δρχ,,payable,,0,payables,ΒΡΑΧΥΠΡΟΘΕΣΜΕΣ ΥΠΟΧΡΕΩΣΕΙΣ / ΠΙΣΤΩΤΕΣ ΔΙΑΦΟΡΟΙ,Payable,,,ΒΡΑΧΥΠΡΟΘΕΣΜΕΣ ΥΠΟΧΡΕΩΣΕΙΣ / ΠΙΣΤΩΤΕΣ ΔΙΑΦΟΡΟΙ / Βραχυπρόθεσμες υποχρεώσεις προς συνδεδεμένες επιχειρήσεις σε δρχ,missing_root_type
,Δικαιούχοι αμοιβών,,payable,,0,payables,ΒΡΑΧΥΠΡΟΘΕΣΜΕΣ ΥΠΟΧΡΕΩΣΕΙΣ / ΠΙΣΤΩΤΕΣ ΔΙΑΦΟΡΟΙ,Payable,,,ΒΡΑΧΥΠΡΟΘΕΣΜΕΣ ΥΠΟΧΡΕΩΣΕΙΣ / ΠΙΣΤΩΤΕΣ ΔΙΑΦΟΡΟΙ / Δικαιούχοι αμοιβών,missing_root_type
,Δικαιούχοι ομολογιούχοι παροχών επί πλέον τόκου,,payable,,0,payables,ΒΡΑΧΥΠΡΟΘΕΣΜΕΣ ΥΠΟΧΡΕΩΣΕΙΣ / ΠΙΣΤΩΤΕΣ ΔΙΑΦΟΡΟΙ,Payable,,,ΒΡΑΧΥΠΡΟΘΕΣΜΕΣ ΥΠΟΧΡΕΩΣΕΙΣ / ΠΙΣΤΩΤΕΣ ΔΙΑΦΟΡΟΙ / Δικαιούχοι ομολογιούχοι παροχών επί πλέον τόκου,missing_root_type
,Δικαιούχοι χρηματικών εγγυήσεων,,payable,,0,payables,ΒΡΑΧΥΠΡΟΘΕΣΜΕΣ ΥΠΟΧΡΕΩΣΕΙΣ / ΠΙΣΤΩΤΕΣ ΔΙΑΦΟΡΟΙ,Payable,,,ΒΡΑΧΥΠΡΟΘΕΣΜΕΣ ΥΠΟΧΡΕΩΣΕΙΣ / ΠΙΣΤΩΤΕΣ ΔΙΑΦΟΡΟΙ / Δικαιούχοι χρηματικών εγγυήσεων,missing_root_type
,Επιταγές πληρωτέες (μεταχρονολογημένες),,payable,,0,payables,ΒΡΑΧΥΠΡΟΘΕΣΜΕΣ ΥΠΟΧΡΕΩΣΕΙΣ / ΠΙΣΤΩΤΕΣ ΔΙΑΦΟΡΟΙ,Payable,,,ΒΡΑΧΥΠΡΟΘΕΣΜΕΣ ΥΠΟΧΡΕΩΣΕΙΣ / ΠΙΣΤΩΤΕΣ ΔΙΑΦΟΡΟΙ / Επιταγές πληρωτέες (μεταχρονολογημένες),missing_root_type
,Λοιπές βραχυπρόθεσμες υποχρεώσεις σε Ξ.Ν.,,payable,,0,payables,ΒΡΑΧΥΠΡΟΘΕΣΜΕΣ ΥΠΟΧΡΕΩΣΕΙΣ / ΠΙΣΤΩΤΕΣ ΔΙΑΦΟΡΟΙ,Payable,,,ΒΡΑΧΥΠΡΟΘΕΣΜΕΣ ΥΠΟΧΡΕΩΣΕΙΣ / ΠΙΣΤΩΤΕΣ ΔΙΑΦΟΡΟΙ / Λοιπές βραχυπρόθεσμες υποχρεώσεις σε Ξ.Ν.,missing_root_type
,Λοιπές βραχυπρόθεσμες υποχρεώσεις σε δρχ.,,payable,,0,payables,ΒΡΑΧΥΠΡΟΘΕΣΜΕΣ ΥΠΟΧΡΕΩΣΕΙΣ / ΠΙΣΤΩΤΕΣ ΔΙΑΦΟΡΟΙ,Payable,,,ΒΡΑΧΥΠΡΟΘΕΣΜΕΣ ΥΠΟΧΡΕΩΣΕΙΣ / ΠΙΣΤΩΤΕΣ ΔΙΑΦΟΡΟΙ / Λοιπές βραχυπρόθεσμες υποχρεώσεις σε δρχ.,missing_root_type
,Μέτοχοι - αξία μετοχών τους προς απόδοση λόγω απόσβεσης ή μείωση  του κεφαλαίου,,payable,,0,payables,ΒΡΑΧΥΠΡΟΘΕΣΜΕΣ ΥΠΟΧΡΕΩΣΕΙΣ / ΠΙΣΤΩΤΕΣ ΔΙΑΦΟΡΟΙ,Payable,,,ΒΡΑΧΥΠΡΟΘΕΣΜΕΣ ΥΠΟΧΡΕΩΣΕΙΣ / ΠΙΣΤΩΤΕΣ ΔΙΑΦΟΡΟΙ / Μέτοχοι - αξία μετοχών τους προς απόδοση λόγω απόσβεσης ή μείωση  του κεφαλαίου,missing_root_type
,Μακροπρόθεσμες  υποχρεώσεις πληρωτέες στην επόμενη χρήση σε Ξ.Ν.,,payable,,0,payables,ΒΡΑΧΥΠΡΟΘΕΣΜΕΣ ΥΠΟΧΡΕΩΣΕΙΣ / ΠΙΣΤΩΤΕΣ ΔΙΑΦΟΡΟΙ,Payable,,,ΒΡΑΧΥΠΡΟΘΕΣΜΕΣ ΥΠΟΧΡΕΩΣΕΙΣ / ΠΙΣΤΩΤΕΣ ΔΙΑΦΟΡΟΙ / Μακροπρόθεσμες  υποχρεώσεις πληρωτέες στην επόμενη χρήση σε Ξ.Ν.,missing_root_type
,Μακροπρόθεσμες  υποχρεώσεις πληρωτέες στην επόμενη χρήση σε δρχ.,,payable,,0,payables,ΒΡΑΧΥΠΡΟΘΕΣΜΕΣ ΥΠΟΧΡΕΩΣΕΙΣ / ΠΙΣΤΩΤΕΣ ΔΙΑΦΟΡΟΙ,Payable,,,ΒΡΑΧΥΠΡΟΘΕΣΜΕΣ ΥΠΟΧΡΕΩΣΕΙΣ / ΠΙΣΤΩΤΕΣ ΔΙΑΦΟΡΟΙ / Μακροπρόθεσμες  υποχρεώσεις πληρωτέες στην επόμενη χρήση σε δρχ.,missing_root_type
,Μερίσματα πληρωτέα,,payable,,0,payables,ΒΡΑΧΥΠΡΟΘΕΣΜΕΣ ΥΠΟΧΡΕΩΣΕΙΣ / ΠΙΣΤΩΤΕΣ ΔΙΑΦΟΡΟΙ,Payable,,,ΒΡΑΧΥΠΡΟΘΕΣΜΕΣ ΥΠΟΧΡΕΩΣΕΙΣ / ΠΙΣΤΩΤΕΣ ΔΙΑΦΟΡΟΙ / Μερίσματα πληρωτέα,missing_root_type
,Ομολογίες πληρωτέες,,payable,,0,payables,ΒΡΑΧΥΠΡΟΘΕΣΜΕΣ ΥΠΟΧΡΕΩΣΕΙΣ / ΠΙΣΤΩΤΕΣ ΔΙΑΦΟΡΟΙ,Payable,,,ΒΡΑΧΥΠΡΟΘΕΣΜΕΣ ΥΠΟΧΡΕΩΣΕΙΣ / ΠΙΣΤΩΤΕΣ ΔΙΑΦΟΡΟΙ / Ομολογίες πληρωτέες,missing_root_type
,Οφειλόμενες αμοιβές προσωπικού,,payable,,0,payables,ΒΡΑΧΥΠΡΟΘΕΣΜΕΣ ΥΠΟΧΡΕΩΣΕΙΣ / ΠΙΣΤΩΤΕΣ ΔΙΑΦΟΡΟΙ,Payable,,,ΒΡΑΧΥΠΡΟΘΕΣΜΕΣ ΥΠΟΧΡΕΩΣΕΙΣ / ΠΙΣΤΩΤΕΣ ΔΙΑΦΟΡΟΙ / Οφειλόμενες αμοιβές προσωπικού,missing_root_type
,Οφειλόμενες δόσεις ομολογιών και λοιπών χρεωγράφων,,payable,,0,payables,ΒΡΑΧΥΠΡΟΘΕΣΜΕΣ ΥΠΟΧΡΕΩΣΕΙΣ / ΠΙΣΤΩΤΕΣ ΔΙΑΦΟΡΟΙ,Payable,,,ΒΡΑΧΥΠΡΟΘΕΣΜΕΣ ΥΠΟΧΡΕΩΣΕΙΣ / ΠΙΣΤΩΤΕΣ ΔΙΑΦΟΡΟΙ / Οφειλόμενες δόσεις ομολογιών και λοιπών χρεωγράφων,missing_root_type
,Οφειλόμενες δόσεις προσωπικού,,payable,,0,payables,ΒΡΑΧΥΠΡΟΘΕΣΜΕΣ ΥΠΟΧΡΕΩΣΕΙΣ / ΠΙΣΤΩΤΕΣ ΔΙΑΦΟΡΟΙ,Payable,,,ΒΡΑΧΥΠΡΟΘΕΣΜΕΣ ΥΠΟΧΡΕΩΣΕΙΣ / ΠΙΣΤΩΤΕΣ ΔΙΑΦΟΡΟΙ / Οφειλόμενες δόσεις προσωπικού,missing_root_type
,Προμερίσματα πληρωτέα,,payable,,0,payables,ΒΡΑΧΥΠΡΟΘΕΣΜΕΣ ΥΠΟΧΡΕΩΣΕΙΣ / ΠΙΣΤΩΤΕΣ ΔΙΑΦΟΡΟΙ,Payable,,,ΒΡΑΧΥΠΡΟΘΕΣΜΕΣ ΥΠΟΧΡΕΩΣΕΙΣ / ΠΙΣΤΩΤΕΣ ΔΙΑΦΟΡΟΙ / Προμερίσματα πληρωτέα,missing_root_type
,Τοκομερίδια πληρωτέα,,payable,,0,payables,ΒΡΑΧΥΠΡΟΘΕΣΜΕΣ ΥΠΟΧΡΕΩΣΕΙΣ / ΠΙΣΤΩΤΕΣ ΔΙΑΦΟΡΟΙ,Payable,,,ΒΡΑΧΥΠΡΟΘΕΣΜΕΣ ΥΠΟΧΡΕΩΣΕΙΣ / ΠΙΣΤΩΤΕΣ ΔΙΑΦΟΡΟΙ / Τοκομερίδια πληρωτέα,missing_root_type
,ΠΡΟΜΗΘΕΥΤΕΣ,,payable,,1,,ΒΡΑΧΥΠΡΟΘΕΣΜΕΣ ΥΠΟΧΡΕΩΣΕΙΣ,Payable,,,ΒΡΑΧΥΠΡΟΘΕΣΜΕΣ ΥΠΟΧΡΕΩΣΕΙΣ / ΠΡΟΜΗΘΕΥΤΕΣ,missing_root_type
,Ελληνικό Δημόσιο,,payable,,0,payables,ΒΡΑΧΥΠΡΟΘΕΣΜΕΣ ΥΠΟΧΡΕΩΣΕΙΣ / ΠΡΟΜΗΘΕΥΤΕΣ,Payable,,,ΒΡΑΧΥΠΡΟΘΕΣΜΕΣ ΥΠΟΧΡΕΩΣΕΙΣ / ΠΡΟΜΗΘΕΥΤΕΣ / Ελληνικό Δημόσιο,missing_root_type
,ΝΠΔΔ και Δημόσιες Επιχειρήσεις,,payable,,0,payables,ΒΡΑΧΥΠΡΟΘΕΣΜΕΣ ΥΠΟΧΡΕΩΣΕΙΣ / ΠΡΟΜΗΘΕΥΤΕΣ,Payable,,,ΒΡΑΧΥΠΡΟΘΕΣΜΕΣ ΥΠΟΧΡΕΩΣΕΙΣ / ΠΡΟΜΗΘΕΥΤΕΣ / ΝΠΔΔ και Δημόσιες Επιχειρήσεις,missing_root_type
,Προκαταβολές σε προμηθευτές,,payable,,0,payables,ΒΡΑΧΥΠΡΟΘΕΣΜΕΣ ΥΠΟΧΡΕΩΣΕΙΣ / ΠΡΟΜΗΘΕΥΤΕΣ,Payable,,,ΒΡΑΧΥΠΡΟΘΕΣΜΕΣ ΥΠΟΧΡΕΩΣΕΙΣ / ΠΡΟΜΗΘΕΥΤΕΣ / Προκαταβολές σε προμηθευτές,missing_root_type
,Προμηθευτές -  Εγγυήσεις ειδών συσκευασίας,,payable,,0,payables,ΒΡΑΧΥΠΡΟΘΕΣΜΕΣ ΥΠΟΧΡΕΩΣΕΙΣ / ΠΡΟΜΗΘΕΥΤΕΣ,Payable,,,ΒΡΑΧΥΠΡΟΘΕΣΜΕΣ ΥΠΟΧΡΕΩΣΕΙΣ / ΠΡΟΜΗΘΕΥΤΕΣ / Προμηθευτές -  Εγγυήσεις ειδών συσκευασίας,missing_root_type
,Προμηθευτές - Παρακρατημένες εγγυήσεις,,payable,,0,payables,ΒΡΑΧΥΠΡΟΘΕΣΜΕΣ ΥΠΟΧΡΕΩΣΕΙΣ / ΠΡΟΜΗΘΕΥΤΕΣ,Payable,,,ΒΡΑΧΥΠΡΟΘΕΣΜΕΣ ΥΠΟΧΡΕΩΣΕΙΣ / ΠΡΟΜΗΘΕΥΤΕΣ / Προμηθευτές - Παρακρατημένες εγγυήσεις,missing_root_type
,"Προμηθευτές αντίθετος λοαριασμός, ειδών συσκευασίας",,payable,,0,payables,ΒΡΑΧΥΠΡΟΘΕΣΜΕΣ ΥΠΟΧΡΕΩΣΕΙΣ / ΠΡΟΜΗΘΕΥΤΕΣ,Payable,,,"ΒΡΑΧΥΠΡΟΘΕΣΜΕΣ ΥΠΟΧΡΕΩΣΕΙΣ / ΠΡΟΜΗΘΕΥΤΕΣ / Προμηθευτές αντίθετος λοαριασμός, ειδών συσκευασίας",missing_root_type
,"Προμηθευτές αντίθετος λοαριασμός, παγίων στοιχείων",,payable,,0,payables,ΒΡΑΧΥΠΡΟΘΕΣΜΕΣ ΥΠΟΧΡΕΩΣΕΙΣ / ΠΡΟΜΗΘΕΥΤΕΣ,Payable,,,"ΒΡΑΧΥΠΡΟΘΕΣΜΕΣ ΥΠΟΧΡΕΩΣΕΙΣ / ΠΡΟΜΗΘΕΥΤΕΣ / Προμηθευτές αντίθετος λοαριασμός, παγίων στοιχείων",missing_root_type
,Προμηθευτές εξωτερικού,,payable,,0,payables,ΒΡΑΧΥΠΡΟΘΕΣΜΕΣ ΥΠΟΧΡΕΩΣΕΙΣ / ΠΡΟΜΗΘΕΥΤΕΣ,Payable,,,ΒΡΑΧΥΠΡΟΘΕΣΜΕΣ ΥΠΟΧΡΕΩΣΕΙΣ / ΠΡΟΜΗΘΕΥΤΕΣ / Προμηθευτές εξωτερικού,missing_root_type
,Προμηθευτές εσωτερικού,,payable,,0,payables,ΒΡΑΧΥΠΡΟΘΕΣΜΕΣ ΥΠΟΧΡΕΩΣΕΙΣ / ΠΡΟΜΗΘΕΥΤΕΣ,Payable,,,ΒΡΑΧΥΠΡΟΘΕΣΜΕΣ ΥΠΟΧΡΕΩΣΕΙΣ / ΠΡΟΜΗΘΕΥΤΕΣ / Προμηθευτές εσωτερικού,missing_root_type
,Τρίτοι λογ/σμοί πωλήσεων εμπορευμάτων για λογαριασμό τους,,payable,,0,payables,ΒΡΑΧΥΠΡΟΘΕΣΜΕΣ ΥΠΟΧΡΕΩΣΕΙΣ / ΠΡΟΜΗΘΕΥΤΕΣ,Payable,,,ΒΡΑΧΥΠΡΟΘΕΣΜΕΣ ΥΠΟΧΡΕΩΣΕΙΣ / ΠΡΟΜΗΘΕΥΤΕΣ / Τρίτοι λογ/σμοί πωλήσεων εμπορευμάτων για λογαριασμό τους,missing_root_type
,ΤΡΑΠΕΖΕΣ ΛΟΓΑΡΙΑΣΜΟΙ ΒΡΑΧΥΠΡΟΘΕΣΜΩΝ ΥΠΟΧΡΕΩΣΕΩΝ,,payable,,1,,ΒΡΑΧΥΠΡΟΘΕΣΜΕΣ ΥΠΟΧΡΕΩΣΕΙΣ,Payable,,,ΒΡΑΧΥΠΡΟΘΕΣΜΕΣ ΥΠΟΧΡΕΩΣΕΙΣ / ΤΡΑΠΕΖΕΣ ΛΟΓΑΡΙΑΣΜΟΙ ΒΡΑΧΥΠΡΟΘΕΣΜΩΝ ΥΠΟΧΡΕΩΣΕΩΝ,missing_root_type
,Λοιπές τράπεζες,,payable,,0,payables,ΒΡΑΧΥΠΡΟΘΕΣΜΕΣ ΥΠΟΧΡΕΩΣΕΙΣ / ΤΡΑΠΕΖΕΣ ΛΟΓΑΡΙΑΣΜΟΙ ΒΡΑΧΥΠΡΟΘΕΣΜΩΝ ΥΠΟΧΡΕΩΣΕΩΝ,Payable,,,ΒΡΑΧΥΠΡΟΘΕΣΜΕΣ ΥΠΟΧΡΕΩΣΕΙΣ / ΤΡΑΠΕΖΕΣ ΛΟΓΑΡΙΑΣΜΟΙ ΒΡΑΧΥΠΡΟΘΕΣΜΩΝ ΥΠΟΧΡΕΩΣΕΩΝ / Λοιπές τράπεζες,missing_root_type
,Τράπεζα Α',,payable,,0,payables,ΒΡΑΧΥΠΡΟΘΕΣΜΕΣ ΥΠΟΧΡΕΩΣΕΙΣ / ΤΡΑΠΕΖΕΣ ΛΟΓΑΡΙΑΣΜΟΙ ΒΡΑΧΥΠΡΟΘΕΣΜΩΝ ΥΠΟΧΡΕΩΣΕΩΝ,Payable,,,ΒΡΑΧΥΠΡΟΘΕΣΜΕΣ ΥΠΟΧΡΕΩΣΕΙΣ / ΤΡΑΠΕΖΕΣ ΛΟΓΑΡΙΑΣΜΟΙ ΒΡΑΧΥΠΡΟΘΕΣΜΩΝ ΥΠΟΧΡΕΩΣΕΩΝ / Τράπεζα Α',missing_root_type
,Τράπεζα Β',,payable,,0,payables,ΒΡΑΧΥΠΡΟΘΕΣΜΕΣ ΥΠΟΧΡΕΩΣΕΙΣ / ΤΡΑΠΕΖΕΣ ΛΟΓΑΡΙΑΣΜΟΙ ΒΡΑΧΥΠΡΟΘΕΣΜΩΝ ΥΠΟΧΡΕΩΣΕΩΝ,Payable,,,ΒΡΑΧΥΠΡΟΘΕΣΜΕΣ ΥΠΟΧΡΕΩΣΕΙΣ / ΤΡΑΠΕΖΕΣ ΛΟΓΑΡΙΑΣΜΟΙ ΒΡΑΧΥΠΡΟΘΕΣΜΩΝ ΥΠΟΧΡΕΩΣΕΩΝ / Τράπεζα Β',missing_root_type
,ΥΠΟΧΡΕΩΣΕΙΣ ΑΠΟ ΦΟΡΟΥΣ - ΤΕΛΗ,,payable,,1,,ΒΡΑΧΥΠΡΟΘΕΣΜΕΣ ΥΠΟΧΡΕΩΣΕΙΣ,Payable,,,ΒΡΑΧΥΠΡΟΘΕΣΜΕΣ ΥΠΟΧΡΕΩΣΕΙΣ / ΥΠΟΧΡΕΩΣΕΙΣ ΑΠΟ ΦΟΡΟΥΣ - ΤΕΛΗ,missing_root_type
,Αγγελιόσημο υπέρ Τ.ΣΠ.ΕΑΘ.,,payable,,0,payables,ΒΡΑΧΥΠΡΟΘΕΣΜΕΣ ΥΠΟΧΡΕΩΣΕΙΣ / ΥΠΟΧΡΕΩΣΕΙΣ ΑΠΟ ΦΟΡΟΥΣ - ΤΕΛΗ,Payable,,,ΒΡΑΧΥΠΡΟΘΕΣΜΕΣ ΥΠΟΧΡΕΩΣΕΙΣ / ΥΠΟΧΡΕΩΣΕΙΣ ΑΠΟ ΦΟΡΟΥΣ - ΤΕΛΗ / Αγγελιόσημο υπέρ Τ.ΣΠ.ΕΑΘ.,missing_root_type
,Ειδικός φόρος κατανάλωσης,,payable,,0,payables,ΒΡΑΧΥΠΡΟΘΕΣΜΕΣ ΥΠΟΧΡΕΩΣΕΙΣ / ΥΠΟΧΡΕΩΣΕΙΣ ΑΠΟ ΦΟΡΟΥΣ - ΤΕΛΗ,Payable,,,ΒΡΑΧΥΠΡΟΘΕΣΜΕΣ ΥΠΟΧΡΕΩΣΕΙΣ / ΥΠΟΧΡΕΩΣΕΙΣ ΑΠΟ ΦΟΡΟΥΣ - ΤΕΛΗ / Ειδικός φόρος κατανάλωσης,missing_root_type
,Λογ/σμός εκκαθάρισης φόρων-τελών ετήσιας δήλωσης φόρου εισοδήματος,,payable,,0,payables,ΒΡΑΧΥΠΡΟΘΕΣΜΕΣ ΥΠΟΧΡΕΩΣΕΙΣ / ΥΠΟΧΡΕΩΣΕΙΣ ΑΠΟ ΦΟΡΟΥΣ - ΤΕΛΗ,Payable,,,ΒΡΑΧΥΠΡΟΘΕΣΜΕΣ ΥΠΟΧΡΕΩΣΕΙΣ / ΥΠΟΧΡΕΩΣΕΙΣ ΑΠΟ ΦΟΡΟΥΣ - ΤΕΛΗ / Λογ/σμός εκκαθάρισης φόρων-τελών ετήσιας δήλωσης φόρου εισοδήματος,missing_root_type
,Λοιποί φόροι και τέλη,,payable,,1,,ΒΡΑΧΥΠΡΟΘΕΣΜΕΣ ΥΠΟΧΡΕΩΣΕΙΣ / ΥΠΟΧΡΕΩΣΕΙΣ ΑΠΟ ΦΟΡΟΥΣ - ΤΕΛΗ,Payable,,,ΒΡΑΧΥΠΡΟΘΕΣΜΕΣ ΥΠΟΧΡΕΩΣΕΙΣ / ΥΠΟΧΡΕΩΣΕΙΣ ΑΠΟ ΦΟΡΟΥΣ - ΤΕΛΗ / Λοιποί φόροι και τέλη,missing_root_type
,Τέλη καθαριότητας και φωτισμού,,payable,,0,payables,ΒΡΑΧΥΠΡΟΘΕΣΜΕΣ ΥΠΟΧΡΕΩΣΕΙΣ / ΥΠΟΧΡΕΩΣΕΙΣ ΑΠΟ ΦΟΡΟΥΣ - ΤΕΛΗ / Λοιποί φόροι και τέλη,Payable,,,ΒΡΑΧΥΠΡΟΘΕΣΜΕΣ ΥΠΟΧΡΕΩΣΕΙΣ / ΥΠΟΧΡΕΩΣΕΙΣ ΑΠΟ ΦΟΡΟΥΣ - ΤΕΛΗ / Λοιποί φόροι και τέλη / Τέλη καθαριότητας και φωτισμού,missing_root_type
,Τέλη ύδρευσης εισοδημάτωναπό οικοδομές,,payable,,0,payables,ΒΡΑΧΥΠΡΟΘΕΣΜΕΣ ΥΠΟΧΡΕΩΣΕΙΣ / ΥΠΟΧΡΕΩΣΕΙΣ ΑΠΟ ΦΟΡΟΥΣ - ΤΕΛΗ / Λοιποί φόροι και τέλη,Payable,,,ΒΡΑΧΥΠΡΟΘΕΣΜΕΣ ΥΠΟΧΡΕΩΣΕΙΣ / ΥΠΟΧΡΕΩΣΕΙΣ ΑΠΟ ΦΟΡΟΥΣ - ΤΕΛΗ / Λοιποί φόροι και τέλη / Τέλη ύδρευσης εισοδημάτωναπό οικοδομές,missing_root_type
,Φόροι - Τέλη αναγειρόμενων οικοδομών,,payable,,0,payables,ΒΡΑΧΥΠΡΟΘΕΣΜΕΣ ΥΠΟΧΡΕΩΣΕΙΣ / ΥΠΟΧΡΕΩΣΕΙΣ ΑΠΟ ΦΟΡΟΥΣ - ΤΕΛΗ / Λοιποί φόροι και τέλη,Payable,,,ΒΡΑΧΥΠΡΟΘΕΣΜΕΣ ΥΠΟΧΡΕΩΣΕΙΣ / ΥΠΟΧΡΕΩΣΕΙΣ ΑΠΟ ΦΟΡΟΥΣ - ΤΕΛΗ / Λοιποί φόροι και τέλη / Φόροι - Τέλη αναγειρόμενων οικοδομών,missing_root_type
,Φόροι ακίνητης περιουσίας,,payable,,0,payables,ΒΡΑΧΥΠΡΟΘΕΣΜΕΣ ΥΠΟΧΡΕΩΣΕΙΣ / ΥΠΟΧΡΕΩΣΕΙΣ ΑΠΟ ΦΟΡΟΥΣ - ΤΕΛΗ / Λοιποί φόροι και τέλη,Payable,,,ΒΡΑΧΥΠΡΟΘΕΣΜΕΣ ΥΠΟΧΡΕΩΣΕΙΣ / ΥΠΟΧΡΕΩΣΕΙΣ ΑΠΟ ΦΟΡΟΥΣ - ΤΕΛΗ / Λοιποί φόροι και τέλη / Φόροι ακίνητης περιουσίας,missing_root_type
,Φόρος αμοιβών διοικιτικού συμβουλίου,,payable,,0,payables,ΒΡΑΧΥΠΡΟΘΕΣΜΕΣ ΥΠΟΧΡΕΩΣΕΙΣ / ΥΠΟΧΡΕΩΣΕΙΣ ΑΠΟ ΦΟΡΟΥΣ - ΤΕΛΗ / Λοιποί φόροι και τέλη,Payable,,,ΒΡΑΧΥΠΡΟΘΕΣΜΕΣ ΥΠΟΧΡΕΩΣΕΙΣ / ΥΠΟΧΡΕΩΣΕΙΣ ΑΠΟ ΦΟΡΟΥΣ - ΤΕΛΗ / Λοιποί φόροι και τέλη / Φόρος αμοιβών διοικιτικού συμβουλίου,missing_root_type
,Φόρος αμοιβών εργολάβων,,payable,,0,payables,ΒΡΑΧΥΠΡΟΘΕΣΜΕΣ ΥΠΟΧΡΕΩΣΕΙΣ / ΥΠΟΧΡΕΩΣΕΙΣ ΑΠΟ ΦΟΡΟΥΣ - ΤΕΛΗ / Λοιποί φόροι και τέλη,Payable,,,ΒΡΑΧΥΠΡΟΘΕΣΜΕΣ ΥΠΟΧΡΕΩΣΕΙΣ / ΥΠΟΧΡΕΩΣΕΙΣ ΑΠΟ ΦΟΡΟΥΣ - ΤΕΛΗ / Λοιποί φόροι και τέλη / Φόρος αμοιβών εργολάβων,missing_root_type
,Φόρος μερισμάτων,,payable,,0,payables,ΒΡΑΧΥΠΡΟΘΕΣΜΕΣ ΥΠΟΧΡΕΩΣΕΙΣ / ΥΠΟΧΡΕΩΣΕΙΣ ΑΠΟ ΦΟΡΟΥΣ - ΤΕΛΗ / Λοιποί φόροι και τέλη,Payable,,,ΒΡΑΧΥΠΡΟΘΕΣΜΕΣ ΥΠΟΧΡΕΩΣΕΙΣ / ΥΠΟΧΡΕΩΣΕΙΣ ΑΠΟ ΦΟΡΟΥΣ - ΤΕΛΗ / Λοιποί φόροι και τέλη / Φόρος μερισμάτων,missing_root_type
,Φόρος τόκων,,payable,,0,payables,ΒΡΑΧΥΠΡΟΘΕΣΜΕΣ ΥΠΟΧΡΕΩΣΕΙΣ / ΥΠΟΧΡΕΩΣΕΙΣ ΑΠΟ ΦΟΡΟΥΣ - ΤΕΛΗ / Λοιποί φόροι και τέλη,Payable,,,ΒΡΑΧΥΠΡΟΘΕΣΜΕΣ ΥΠΟΧΡΕΩΣΕΙΣ / ΥΠΟΧΡΕΩΣΕΙΣ ΑΠΟ ΦΟΡΟΥΣ - ΤΕΛΗ / Λοιποί φόροι και τέλη / Φόρος τόκων,missing_root_type
,Χαρτόσημα και ΟΓΑ αμοιβών διοικιτικού συμβουλίου,,payable,,0,payables,ΒΡΑΧΥΠΡΟΘΕΣΜΕΣ ΥΠΟΧΡΕΩΣΕΙΣ / ΥΠΟΧΡΕΩΣΕΙΣ ΑΠΟ ΦΟΡΟΥΣ - ΤΕΛΗ / Λοιποί φόροι και τέλη,Payable,,,ΒΡΑΧΥΠΡΟΘΕΣΜΕΣ ΥΠΟΧΡΕΩΣΕΙΣ / ΥΠΟΧΡΕΩΣΕΙΣ ΑΠΟ ΦΟΡΟΥΣ - ΤΕΛΗ / Λοιποί φόροι και τέλη / Χαρτόσημα και ΟΓΑ αμοιβών διοικιτικού συμβουλίου,missing_root_type
,Χαρτόσημα και ΟΓΑ εισοδημάτων από οικοδομές,,payable,,0,payables,ΒΡΑΧΥΠΡΟΘΕΣΜΕΣ ΥΠΟΧΡΕΩΣΕΙΣ / ΥΠΟΧΡΕΩΣΕΙΣ ΑΠΟ ΦΟΡΟΥΣ - ΤΕΛΗ / Λοιποί φόροι και τέλη,Payable,,,ΒΡΑΧΥΠΡΟΘΕΣΜΕΣ ΥΠΟΧΡΕΩΣΕΙΣ / ΥΠΟΧΡΕΩΣΕΙΣ ΑΠΟ ΦΟΡΟΥΣ - ΤΕΛΗ / Λοιποί φόροι και τέλη / Χαρτόσημα και ΟΓΑ εισοδημάτων από οικοδομές,missing_root_type
,Χαρτόσημα και ΟΓΑ τόκων,,payable,,0,payables,ΒΡΑΧΥΠΡΟΘΕΣΜΕΣ ΥΠΟΧΡΕΩΣΕΙΣ / ΥΠΟΧΡΕΩΣΕΙΣ ΑΠΟ ΦΟΡΟΥΣ - ΤΕΛΗ / Λοιποί φόροι και τέλη,Payable,,,ΒΡΑΧΥΠΡΟΘΕΣΜΕΣ ΥΠΟΧΡΕΩΣΕΙΣ / ΥΠΟΧΡΕΩΣΕΙΣ ΑΠΟ ΦΟΡΟΥΣ - ΤΕΛΗ / Λοιποί φόροι και τέλη / Χαρτόσημα και ΟΓΑ τόκων,missing_root_type
,Χαρτόσημο και ΟΓΑ δανείων,,payable,,0,payables,ΒΡΑΧΥΠΡΟΘΕΣΜΕΣ ΥΠΟΧΡΕΩΣΕΙΣ / ΥΠΟΧΡΕΩΣΕΙΣ ΑΠΟ ΦΟΡΟΥΣ - ΤΕΛΗ / Λοιποί φόροι και τέλη,Payable,,,ΒΡΑΧΥΠΡΟΘΕΣΜΕΣ ΥΠΟΧΡΕΩΣΕΙΣ / ΥΠΟΧΡΕΩΣΕΙΣ ΑΠΟ ΦΟΡΟΥΣ - ΤΕΛΗ / Λοιποί φόροι και τέλη / Χαρτόσημο και ΟΓΑ δανείων,missing_root_type
,Χαρτόσημο και ΟΓΑ κερδών προσωπικών εταιριών,,payable,,0,payables,ΒΡΑΧΥΠΡΟΘΕΣΜΕΣ ΥΠΟΧΡΕΩΣΕΙΣ / ΥΠΟΧΡΕΩΣΕΙΣ ΑΠΟ ΦΟΡΟΥΣ - ΤΕΛΗ / Λοιποί φόροι και τέλη,Payable,,,ΒΡΑΧΥΠΡΟΘΕΣΜΕΣ ΥΠΟΧΡΕΩΣΕΙΣ / ΥΠΟΧΡΕΩΣΕΙΣ ΑΠΟ ΦΟΡΟΥΣ - ΤΕΛΗ / Λοιποί φόροι και τέλη / Χαρτόσημο και ΟΓΑ κερδών προσωπικών εταιριών,missing_root_type
,Φόροι - Τέλη αμοιβών προσωπικού,,payable,,1,,ΒΡΑΧΥΠΡΟΘΕΣΜΕΣ ΥΠΟΧΡΕΩΣΕΙΣ / ΥΠΟΧΡΕΩΣΕΙΣ ΑΠΟ ΦΟΡΟΥΣ - ΤΕΛΗ,Payable,,,ΒΡΑΧΥΠΡΟΘΕΣΜΕΣ ΥΠΟΧΡΕΩΣΕΙΣ / ΥΠΟΧΡΕΩΣΕΙΣ ΑΠΟ ΦΟΡΟΥΣ - ΤΕΛΗ / Φόροι - Τέλη αμοιβών προσωπικού,missing_root_type
,Φόρος αποζημιώσεων απολυομένων,,payable,,0,payables,ΒΡΑΧΥΠΡΟΘΕΣΜΕΣ ΥΠΟΧΡΕΩΣΕΙΣ / ΥΠΟΧΡΕΩΣΕΙΣ ΑΠΟ ΦΟΡΟΥΣ - ΤΕΛΗ / Φόροι - Τέλη αμοιβών προσωπικού,Payable,,,ΒΡΑΧΥΠΡΟΘΕΣΜΕΣ ΥΠΟΧΡΕΩΣΕΙΣ / ΥΠΟΧΡΕΩΣΕΙΣ ΑΠΟ ΦΟΡΟΥΣ - ΤΕΛΗ / Φόροι - Τέλη αμοιβών προσωπικού / Φόρος αποζημιώσεων απολυομένων,missing_root_type
,Φόρος μισθωτών υπηρεσιών,,payable,,0,payables,ΒΡΑΧΥΠΡΟΘΕΣΜΕΣ ΥΠΟΧΡΕΩΣΕΙΣ / ΥΠΟΧΡΕΩΣΕΙΣ ΑΠΟ ΦΟΡΟΥΣ - ΤΕΛΗ / Φόροι - Τέλη αμοιβών προσωπικού,Payable,,,ΒΡΑΧΥΠΡΟΘΕΣΜΕΣ ΥΠΟΧΡΕΩΣΕΙΣ / ΥΠΟΧΡΕΩΣΕΙΣ ΑΠΟ ΦΟΡΟΥΣ - ΤΕΛΗ / Φόροι - Τέλη αμοιβών προσωπικού / Φόρος μισθωτών υπηρεσιών,missing_root_type
,Χαρτόσημο και ΟΓΑ αποζημιώσεων απολυομένων,,payable,,0,payables,ΒΡΑΧΥΠΡΟΘΕΣΜΕΣ ΥΠΟΧΡΕΩΣΕΙΣ / ΥΠΟΧΡΕΩΣΕΙΣ ΑΠΟ ΦΟΡΟΥΣ - ΤΕΛΗ / Φόροι - Τέλη αμοιβών προσωπικού,Payable,,,ΒΡΑΧΥΠΡΟΘΕΣΜΕΣ ΥΠΟΧΡΕΩΣΕΙΣ / ΥΠΟΧΡΕΩΣΕΙΣ ΑΠΟ ΦΟΡΟΥΣ - ΤΕΛΗ / Φόροι - Τέλη αμοιβών προσωπικού / Χαρτόσημο και ΟΓΑ αποζημιώσεων απολυομένων,missing_root_type
,Χαρτόσημο και ΟΓΑ μισθωτών υπηρεσιών,,payable,,0,payables,ΒΡΑΧΥΠΡΟΘΕΣΜΕΣ ΥΠΟΧΡΕΩΣΕΙΣ / ΥΠΟΧΡΕΩΣΕΙΣ ΑΠΟ ΦΟΡΟΥΣ - ΤΕΛΗ / Φόροι - Τέλη αμοιβών προσωπικού,Payable,,,ΒΡΑΧΥΠΡΟΘΕΣΜΕΣ ΥΠΟΧΡΕΩΣΕΙΣ / ΥΠΟΧΡΕΩΣΕΙΣ ΑΠΟ ΦΟΡΟΥΣ - ΤΕΛΗ / Φόροι - Τέλη αμοιβών προσωπικού / Χαρτόσημο και ΟΓΑ μισθωτών υπηρεσιών,missing_root_type
,Φόροι - Τέλη αμοιβών τρίτων,,payable,,1,,ΒΡΑΧΥΠΡΟΘΕΣΜΕΣ ΥΠΟΧΡΕΩΣΕΙΣ / ΥΠΟΧΡΕΩΣΕΙΣ ΑΠΟ ΦΟΡΟΥΣ - ΤΕΛΗ,Payable,,,ΒΡΑΧΥΠΡΟΘΕΣΜΕΣ ΥΠΟΧΡΕΩΣΕΙΣ / ΥΠΟΧΡΕΩΣΕΙΣ ΑΠΟ ΦΟΡΟΥΣ - ΤΕΛΗ / Φόροι - Τέλη αμοιβών τρίτων,missing_root_type
,Φόρος αμοιβών ελευθέρων επαγγελματιών,,payable,,0,payables,ΒΡΑΧΥΠΡΟΘΕΣΜΕΣ ΥΠΟΧΡΕΩΣΕΙΣ / ΥΠΟΧΡΕΩΣΕΙΣ ΑΠΟ ΦΟΡΟΥΣ - ΤΕΛΗ / Φόροι - Τέλη αμοιβών τρίτων,Payable,,,ΒΡΑΧΥΠΡΟΘΕΣΜΕΣ ΥΠΟΧΡΕΩΣΕΙΣ / ΥΠΟΧΡΕΩΣΕΙΣ ΑΠΟ ΦΟΡΟΥΣ - ΤΕΛΗ / Φόροι - Τέλη αμοιβών τρίτων / Φόρος αμοιβών ελευθέρων επαγγελματιών,missing_root_type
,Χαρτόσημο και ΟΓΑ αμοιβών ελευθέρων επαγγελματιών,,payable,,0,payables,ΒΡΑΧΥΠΡΟΘΕΣΜΕΣ ΥΠΟΧΡΕΩΣΕΙΣ / ΥΠΟΧΡΕΩΣΕΙΣ ΑΠΟ ΦΟΡΟΥΣ - ΤΕΛΗ / Φόροι - Τέλη αμοιβών τρίτων,Payable,,,ΒΡΑΧΥΠΡΟΘΕΣΜΕΣ ΥΠΟΧΡΕΩΣΕΙΣ / ΥΠΟΧΡΕΩΣΕΙΣ ΑΠΟ ΦΟΡΟΥΣ - ΤΕΛΗ / Φόροι - Τέλη αμοιβών τρίτων / Χαρτόσημο και ΟΓΑ αμοιβών ελευθέρων επαγγελματιών,missing_root_type
,Χαρτόσημο και ΟΓΑ λοιπών αμοιβών τρίτων,,payable,,0,payables,ΒΡΑΧΥΠΡΟΘΕΣΜΕΣ ΥΠΟΧΡΕΩΣΕΙΣ / ΥΠΟΧΡΕΩΣΕΙΣ ΑΠΟ ΦΟΡΟΥΣ - ΤΕΛΗ / Φόροι - Τέλη αμοιβών τρίτων,Payable,,,ΒΡΑΧΥΠΡΟΘΕΣΜΕΣ ΥΠΟΧΡΕΩΣΕΙΣ / ΥΠΟΧΡΕΩΣΕΙΣ ΑΠΟ ΦΟΡΟΥΣ - ΤΕΛΗ / Φόροι - Τέλη αμοιβών τρίτων / Χαρτόσημο και ΟΓΑ λοιπών αμοιβών τρίτων,missing_root_type
,Φόροι - Τέλη κυκλοφορίας μεταφορικών μέσων,,payable,,0,payables,ΒΡΑΧΥΠΡΟΘΕΣΜΕΣ ΥΠΟΧΡΕΩΣΕΙΣ / ΥΠΟΧΡΕΩΣΕΙΣ ΑΠΟ ΦΟΡΟΥΣ - ΤΕΛΗ,Payable,,,ΒΡΑΧΥΠΡΟΘΕΣΜΕΣ ΥΠΟΧΡΕΩΣΕΙΣ / ΥΠΟΧΡΕΩΣΕΙΣ ΑΠΟ ΦΟΡΟΥΣ - ΤΕΛΗ / Φόροι - Τέλη κυκλοφορίας μεταφορικών μέσων,missing_root_type
,Φόροι - Τέλη πρηγούμενων χρήσεων,,payable,,0,payables,ΒΡΑΧΥΠΡΟΘΕΣΜΕΣ ΥΠΟΧΡΕΩΣΕΙΣ / ΥΠΟΧΡΕΩΣΕΙΣ ΑΠΟ ΦΟΡΟΥΣ - ΤΕΛΗ,Payable,,,ΒΡΑΧΥΠΡΟΘΕΣΜΕΣ ΥΠΟΧΡΕΩΣΕΙΣ / ΥΠΟΧΡΕΩΣΕΙΣ ΑΠΟ ΦΟΡΟΥΣ - ΤΕΛΗ / Φόροι - Τέλη πρηγούμενων χρήσεων,missing_root_type
,Φόροι - Τέλη τιμολογιών αγοράς,,payable,,0,payables,ΒΡΑΧΥΠΡΟΘΕΣΜΕΣ ΥΠΟΧΡΕΩΣΕΙΣ / ΥΠΟΧΡΕΩΣΕΙΣ ΑΠΟ ΦΟΡΟΥΣ - ΤΕΛΗ,Payable,,,ΒΡΑΧΥΠΡΟΘΕΣΜΕΣ ΥΠΟΧΡΕΩΣΕΙΣ / ΥΠΟΧΡΕΩΣΕΙΣ ΑΠΟ ΦΟΡΟΥΣ - ΤΕΛΗ / Φόροι - Τέλη τιμολογιών αγοράς,missing_root_type
,Φόρος Προστιθέμενης Αξίας,,payable,,0,payables,ΒΡΑΧΥΠΡΟΘΕΣΜΕΣ ΥΠΟΧΡΕΩΣΕΙΣ / ΥΠΟΧΡΕΩΣΕΙΣ ΑΠΟ ΦΟΡΟΥΣ - ΤΕΛΗ,Payable,,,ΒΡΑΧΥΠΡΟΘΕΣΜΕΣ ΥΠΟΧΡΕΩΣΕΙΣ / ΥΠΟΧΡΕΩΣΕΙΣ ΑΠΟ ΦΟΡΟΥΣ - ΤΕΛΗ / Φόρος Προστιθέμενης Αξίας,missing_root_type
,Φόρος εισοδήματος φορολογητέων κερδών,,payable,,0,payables,ΒΡΑΧΥΠΡΟΘΕΣΜΕΣ ΥΠΟΧΡΕΩΣΕΙΣ / ΥΠΟΧΡΕΩΣΕΙΣ ΑΠΟ ΦΟΡΟΥΣ - ΤΕΛΗ,Payable,,,ΒΡΑΧΥΠΡΟΘΕΣΜΕΣ ΥΠΟΧΡΕΩΣΕΙΣ / ΥΠΟΧΡΕΩΣΕΙΣ ΑΠΟ ΦΟΡΟΥΣ - ΤΕΛΗ / Φόρος εισοδήματος φορολογητέων κερδών,missing_root_type
,ΚΑΘΑΡΗ ΘΕΣΗ - ΠΡΟΒΛΕΨΕΙΣ -ΜΑΚΡ/ΣΜΕΣ ΥΠΟΧΡΕΩΣΕΙΣ,,group,,1,,,,,,ΚΑΘΑΡΗ ΘΕΣΗ - ΠΡΟΒΛΕΨΕΙΣ -ΜΑΚΡ/ΣΜΕΣ ΥΠΟΧΡΕΩΣΕΙΣ,missing_root_type
,ΑΠΟΘΕΜΑΤΑ - ΔΙΑΦΟΡΕΣ ΑΝΑΠΡΟΣΑΡΜΟΓΗΣ - ΕΠΙΧΟΡΗΓΗΣΕΙΣ ΕΠΕΝΔΥΣΕΩΝ,,equity,,1,,ΚΑΘΑΡΗ ΘΕΣΗ - ΠΡΟΒΛΕΨΕΙΣ -ΜΑΚΡ/ΣΜΕΣ ΥΠΟΧΡΕΩΣΕΙΣ,Equity,,,ΚΑΘΑΡΗ ΘΕΣΗ - ΠΡΟΒΛΕΨΕΙΣ -ΜΑΚΡ/ΣΜΕΣ ΥΠΟΧΡΕΩΣΕΙΣ / ΑΠΟΘΕΜΑΤΑ - ΔΙΑΦΟΡΕΣ ΑΝΑΠΡΟΣΑΡΜΟΓΗΣ - ΕΠΙΧΟΡΗΓΗΣΕΙΣ ΕΠΕΝΔΥΣΕΩΝ,missing_root_type
,Έκτακτα αποθεματικά,,equity,,0,,ΚΑΘΑΡΗ ΘΕΣΗ - ΠΡΟΒΛΕΨΕΙΣ -ΜΑΚΡ/ΣΜΕΣ ΥΠΟΧΡΕΩΣΕΙΣ / ΑΠΟΘΕΜΑΤΑ - ΔΙΑΦΟΡΕΣ ΑΝΑΠΡΟΣΑΡΜΟΓΗΣ - ΕΠΙΧΟΡΗΓΗΣΕΙΣ ΕΠΕΝΔΥΣΕΩΝ,Equity,,,ΚΑΘΑΡΗ ΘΕΣΗ - ΠΡΟΒΛΕΨΕΙΣ -ΜΑΚΡ/ΣΜΕΣ ΥΠΟΧΡΕΩΣΕΙΣ / ΑΠΟΘΕΜΑΤΑ - ΔΙΑΦΟΡΕΣ ΑΝΑΠΡΟΣΑΡΜΟΓΗΣ - ΕΠΙΧΟΡΗΓΗΣΕΙΣ ΕΠΕΝΔΥΣΕΩΝ / Έκτακτα αποθεματικά,missing_root_type
,Όφειλόμενη διαφορά από έκδοση μετοχών υπέρ άρτιο,,equity,,0,,ΚΑΘΑΡΗ ΘΕΣΗ - ΠΡΟΒΛΕΨΕΙΣ -ΜΑΚΡ/ΣΜΕΣ ΥΠΟΧΡΕΩΣΕΙΣ / ΑΠΟΘΕΜΑΤΑ - ΔΙΑΦΟΡΕΣ ΑΝΑΠΡΟΣΑΡΜΟΓΗΣ - ΕΠΙΧΟΡΗΓΗΣΕΙΣ ΕΠΕΝΔΥΣΕΩΝ,Equity,,,ΚΑΘΑΡΗ ΘΕΣΗ - ΠΡΟΒΛΕΨΕΙΣ -ΜΑΚΡ/ΣΜΕΣ ΥΠΟΧΡΕΩΣΕΙΣ / ΑΠΟΘΕΜΑΤΑ - ΔΙΑΦΟΡΕΣ ΑΝΑΠΡΟΣΑΡΜΟΓΗΣ - ΕΠΙΧΟΡΗΓΗΣΕΙΣ ΕΠΕΝΔΥΣΕΩΝ / Όφειλόμενη διαφορά από έκδοση μετοχών υπέρ άρτιο,missing_root_type
,Αποθεματικά από έσοδα φορολογηθέντα κατ'ειδικό τρόπο,,equity,,0,,ΚΑΘΑΡΗ ΘΕΣΗ - ΠΡΟΒΛΕΨΕΙΣ -ΜΑΚΡ/ΣΜΕΣ ΥΠΟΧΡΕΩΣΕΙΣ / ΑΠΟΘΕΜΑΤΑ - ΔΙΑΦΟΡΕΣ ΑΝΑΠΡΟΣΑΡΜΟΓΗΣ - ΕΠΙΧΟΡΗΓΗΣΕΙΣ ΕΠΕΝΔΥΣΕΩΝ,Equity,,,ΚΑΘΑΡΗ ΘΕΣΗ - ΠΡΟΒΛΕΨΕΙΣ -ΜΑΚΡ/ΣΜΕΣ ΥΠΟΧΡΕΩΣΕΙΣ / ΑΠΟΘΕΜΑΤΑ - ΔΙΑΦΟΡΕΣ ΑΝΑΠΡΟΣΑΡΜΟΓΗΣ - ΕΠΙΧΟΡΗΓΗΣΕΙΣ ΕΠΕΝΔΥΣΕΩΝ / Αποθεματικά από έσοδα φορολογηθέντα κατ'ειδικό τρόπο,missing_root_type
,Αποθεματικά από απαλλασσόμενα της φορολογίας έσοδα,,equity,,0,,ΚΑΘΑΡΗ ΘΕΣΗ - ΠΡΟΒΛΕΨΕΙΣ -ΜΑΚΡ/ΣΜΕΣ ΥΠΟΧΡΕΩΣΕΙΣ / ΑΠΟΘΕΜΑΤΑ - ΔΙΑΦΟΡΕΣ ΑΝΑΠΡΟΣΑΡΜΟΓΗΣ - ΕΠΙΧΟΡΗΓΗΣΕΙΣ ΕΠΕΝΔΥΣΕΩΝ,Equity,,,ΚΑΘΑΡΗ ΘΕΣΗ - ΠΡΟΒΛΕΨΕΙΣ -ΜΑΚΡ/ΣΜΕΣ ΥΠΟΧΡΕΩΣΕΙΣ / ΑΠΟΘΕΜΑΤΑ - ΔΙΑΦΟΡΕΣ ΑΝΑΠΡΟΣΑΡΜΟΓΗΣ - ΕΠΙΧΟΡΗΓΗΣΕΙΣ ΕΠΕΝΔΥΣΕΩΝ / Αποθεματικά από απαλλασσόμενα της φορολογίας έσοδα,missing_root_type
,Αποθεματικά καταστατικού,,equity,,0,,ΚΑΘΑΡΗ ΘΕΣΗ - ΠΡΟΒΛΕΨΕΙΣ -ΜΑΚΡ/ΣΜΕΣ ΥΠΟΧΡΕΩΣΕΙΣ / ΑΠΟΘΕΜΑΤΑ - ΔΙΑΦΟΡΕΣ ΑΝΑΠΡΟΣΑΡΜΟΓΗΣ - ΕΠΙΧΟΡΗΓΗΣΕΙΣ ΕΠΕΝΔΥΣΕΩΝ,Equity,,,ΚΑΘΑΡΗ ΘΕΣΗ - ΠΡΟΒΛΕΨΕΙΣ -ΜΑΚΡ/ΣΜΕΣ ΥΠΟΧΡΕΩΣΕΙΣ / ΑΠΟΘΕΜΑΤΑ - ΔΙΑΦΟΡΕΣ ΑΝΑΠΡΟΣΑΡΜΟΓΗΣ - ΕΠΙΧΟΡΗΓΗΣΕΙΣ ΕΠΕΝΔΥΣΕΩΝ / Αποθεματικά καταστατικού,missing_root_type
,Αποθεματικό για ίδιες μετοχές,,equity,,0,,ΚΑΘΑΡΗ ΘΕΣΗ - ΠΡΟΒΛΕΨΕΙΣ -ΜΑΚΡ/ΣΜΕΣ ΥΠΟΧΡΕΩΣΕΙΣ / ΑΠΟΘΕΜΑΤΑ - ΔΙΑΦΟΡΕΣ ΑΝΑΠΡΟΣΑΡΜΟΓΗΣ - ΕΠΙΧΟΡΗΓΗΣΕΙΣ ΕΠΕΝΔΥΣΕΩΝ,Equity,,,ΚΑΘΑΡΗ ΘΕΣΗ - ΠΡΟΒΛΕΨΕΙΣ -ΜΑΚΡ/ΣΜΕΣ ΥΠΟΧΡΕΩΣΕΙΣ / ΑΠΟΘΕΜΑΤΑ - ΔΙΑΦΟΡΕΣ ΑΝΑΠΡΟΣΑΡΜΟΓΗΣ - ΕΠΙΧΟΡΗΓΗΣΕΙΣ ΕΠΕΝΔΥΣΕΩΝ / Αποθεματικό για ίδιες μετοχές,missing_root_type
,Αφορολόγητα αποθεματικά ειδικών διατάξεων νόμων,,equity,,0,,ΚΑΘΑΡΗ ΘΕΣΗ - ΠΡΟΒΛΕΨΕΙΣ -ΜΑΚΡ/ΣΜΕΣ ΥΠΟΧΡΕΩΣΕΙΣ / ΑΠΟΘΕΜΑΤΑ - ΔΙΑΦΟΡΕΣ ΑΝΑΠΡΟΣΑΡΜΟΓΗΣ - ΕΠΙΧΟΡΗΓΗΣΕΙΣ ΕΠΕΝΔΥΣΕΩΝ,Equity,,,ΚΑΘΑΡΗ ΘΕΣΗ - ΠΡΟΒΛΕΨΕΙΣ -ΜΑΚΡ/ΣΜΕΣ ΥΠΟΧΡΕΩΣΕΙΣ / ΑΠΟΘΕΜΑΤΑ - ΔΙΑΦΟΡΕΣ ΑΝΑΠΡΟΣΑΡΜΟΓΗΣ - ΕΠΙΧΟΡΗΓΗΣΕΙΣ ΕΠΕΝΔΥΣΕΩΝ / Αφορολόγητα αποθεματικά ειδικών διατάξεων νόμων,missing_root_type
,Αφορολόγητα κέρδη τεχνικών και οικοδομικών επιχειρήσεων,,equity,,0,,ΚΑΘΑΡΗ ΘΕΣΗ - ΠΡΟΒΛΕΨΕΙΣ -ΜΑΚΡ/ΣΜΕΣ ΥΠΟΧΡΕΩΣΕΙΣ / ΑΠΟΘΕΜΑΤΑ - ΔΙΑΦΟΡΕΣ ΑΝΑΠΡΟΣΑΡΜΟΓΗΣ - ΕΠΙΧΟΡΗΓΗΣΕΙΣ ΕΠΕΝΔΥΣΕΩΝ,Equity,,,ΚΑΘΑΡΗ ΘΕΣΗ - ΠΡΟΒΛΕΨΕΙΣ -ΜΑΚΡ/ΣΜΕΣ ΥΠΟΧΡΕΩΣΕΙΣ / ΑΠΟΘΕΜΑΤΑ - ΔΙΑΦΟΡΕΣ ΑΝΑΠΡΟΣΑΡΜΟΓΗΣ - ΕΠΙΧΟΡΗΓΗΣΕΙΣ ΕΠΕΝΔΥΣΕΩΝ / Αφορολόγητα κέρδη τεχνικών και οικοδομικών επιχειρήσεων,missing_root_type
,Διαφορά από εισφορά μηχανολογικού εξοπλισμού ως συμμετοχή μας σε εταιρία εξωτερικού,,equity,,0,,ΚΑΘΑΡΗ ΘΕΣΗ - ΠΡΟΒΛΕΨΕΙΣ -ΜΑΚΡ/ΣΜΕΣ ΥΠΟΧΡΕΩΣΕΙΣ / ΑΠΟΘΕΜΑΤΑ - ΔΙΑΦΟΡΕΣ ΑΝΑΠΡΟΣΑΡΜΟΓΗΣ - ΕΠΙΧΟΡΗΓΗΣΕΙΣ ΕΠΕΝΔΥΣΕΩΝ,Equity,,,ΚΑΘΑΡΗ ΘΕΣΗ - ΠΡΟΒΛΕΨΕΙΣ -ΜΑΚΡ/ΣΜΕΣ ΥΠΟΧΡΕΩΣΕΙΣ / ΑΠΟΘΕΜΑΤΑ - ΔΙΑΦΟΡΕΣ ΑΝΑΠΡΟΣΑΡΜΟΓΗΣ - ΕΠΙΧΟΡΗΓΗΣΕΙΣ ΕΠΕΝΔΥΣΕΩΝ / Διαφορά από εισφορά μηχανολογικού εξοπλισμού ως συμμετοχή μας σε εταιρία εξωτερικού,missing_root_type
,Διαφορές από αναπροσασμογή αξίας λοιπών περιουσιακών στοιχείων,,equity,,0,,ΚΑΘΑΡΗ ΘΕΣΗ - ΠΡΟΒΛΕΨΕΙΣ -ΜΑΚΡ/ΣΜΕΣ ΥΠΟΧΡΕΩΣΕΙΣ / ΑΠΟΘΕΜΑΤΑ - ΔΙΑΦΟΡΕΣ ΑΝΑΠΡΟΣΑΡΜΟΓΗΣ - ΕΠΙΧΟΡΗΓΗΣΕΙΣ ΕΠΕΝΔΥΣΕΩΝ,Equity,,,ΚΑΘΑΡΗ ΘΕΣΗ - ΠΡΟΒΛΕΨΕΙΣ -ΜΑΚΡ/ΣΜΕΣ ΥΠΟΧΡΕΩΣΕΙΣ / ΑΠΟΘΕΜΑΤΑ - ΔΙΑΦΟΡΕΣ ΑΝΑΠΡΟΣΑΡΜΟΓΗΣ - ΕΠΙΧΟΡΗΓΗΣΕΙΣ ΕΠΕΝΔΥΣΕΩΝ / Διαφορές από αναπροσασμογή αξίας λοιπών περιουσιακών στοιχείων,missing_root_type
,Διαφορές από αναπροσασμογή αξίας συμμετοχών και χρεωγράφων,,equity,,0,,ΚΑΘΑΡΗ ΘΕΣΗ - ΠΡΟΒΛΕΨΕΙΣ -ΜΑΚΡ/ΣΜΕΣ ΥΠΟΧΡΕΩΣΕΙΣ / ΑΠΟΘΕΜΑΤΑ - ΔΙΑΦΟΡΕΣ ΑΝΑΠΡΟΣΑΡΜΟΓΗΣ - ΕΠΙΧΟΡΗΓΗΣΕΙΣ ΕΠΕΝΔΥΣΕΩΝ,Equity,,,ΚΑΘΑΡΗ ΘΕΣΗ - ΠΡΟΒΛΕΨΕΙΣ -ΜΑΚΡ/ΣΜΕΣ ΥΠΟΧΡΕΩΣΕΙΣ / ΑΠΟΘΕΜΑΤΑ - ΔΙΑΦΟΡΕΣ ΑΝΑΠΡΟΣΑΡΜΟΓΗΣ - ΕΠΙΧΟΡΗΓΗΣΕΙΣ ΕΠΕΝΔΥΣΕΩΝ / Διαφορές από αναπροσασμογή αξίας συμμετοχών και χρεωγράφων,missing_root_type
,Ειδικά αποθεματικά,,equity,,0,,ΚΑΘΑΡΗ ΘΕΣΗ - ΠΡΟΒΛΕΨΕΙΣ -ΜΑΚΡ/ΣΜΕΣ ΥΠΟΧΡΕΩΣΕΙΣ / ΑΠΟΘΕΜΑΤΑ - ΔΙΑΦΟΡΕΣ ΑΝΑΠΡΟΣΑΡΜΟΓΗΣ - ΕΠΙΧΟΡΗΓΗΣΕΙΣ ΕΠΕΝΔΥΣΕΩΝ,Equity,,,ΚΑΘΑΡΗ ΘΕΣΗ - ΠΡΟΒΛΕΨΕΙΣ -ΜΑΚΡ/ΣΜΕΣ ΥΠΟΧΡΕΩΣΕΙΣ / ΑΠΟΘΕΜΑΤΑ - ΔΙΑΦΟΡΕΣ ΑΝΑΠΡΟΣΑΡΜΟΓΗΣ - ΕΠΙΧΟΡΗΓΗΣΕΙΣ ΕΠΕΝΔΥΣΕΩΝ / Ειδικά αποθεματικά,missing_root_type
,Επιχορηγήσεις παγίων επενδύσεων,,equity,,0,,ΚΑΘΑΡΗ ΘΕΣΗ - ΠΡΟΒΛΕΨΕΙΣ -ΜΑΚΡ/ΣΜΕΣ ΥΠΟΧΡΕΩΣΕΙΣ / ΑΠΟΘΕΜΑΤΑ - ΔΙΑΦΟΡΕΣ ΑΝΑΠΡΟΣΑΡΜΟΓΗΣ - ΕΠΙΧΟΡΗΓΗΣΕΙΣ ΕΠΕΝΔΥΣΕΩΝ,Equity,,,ΚΑΘΑΡΗ ΘΕΣΗ - ΠΡΟΒΛΕΨΕΙΣ -ΜΑΚΡ/ΣΜΕΣ ΥΠΟΧΡΕΩΣΕΙΣ / ΑΠΟΘΕΜΑΤΑ - ΔΙΑΦΟΡΕΣ ΑΝΑΠΡΟΣΑΡΜΟΓΗΣ - ΕΠΙΧΟΡΗΓΗΣΕΙΣ ΕΠΕΝΔΥΣΕΩΝ / Επιχορηγήσεις παγίων επενδύσεων,missing_root_type
,Καταβλημένη διαφορά από έκδοση μετοχών υπέρ άρτιο,,equity,,0,,ΚΑΘΑΡΗ ΘΕΣΗ - ΠΡΟΒΛΕΨΕΙΣ -ΜΑΚΡ/ΣΜΕΣ ΥΠΟΧΡΕΩΣΕΙΣ / ΑΠΟΘΕΜΑΤΑ - ΔΙΑΦΟΡΕΣ ΑΝΑΠΡΟΣΑΡΜΟΓΗΣ - ΕΠΙΧΟΡΗΓΗΣΕΙΣ ΕΠΕΝΔΥΣΕΩΝ,Equity,,,ΚΑΘΑΡΗ ΘΕΣΗ - ΠΡΟΒΛΕΨΕΙΣ -ΜΑΚΡ/ΣΜΕΣ ΥΠΟΧΡΕΩΣΕΙΣ / ΑΠΟΘΕΜΑΤΑ - ΔΙΑΦΟΡΕΣ ΑΝΑΠΡΟΣΑΡΜΟΓΗΣ - ΕΠΙΧΟΡΗΓΗΣΕΙΣ ΕΠΕΝΔΥΣΕΩΝ / Καταβλημένη διαφορά από έκδοση μετοχών υπέρ άρτιο,missing_root_type
,Τακτικό αποθεματικό,,equity,,0,,ΚΑΘΑΡΗ ΘΕΣΗ - ΠΡΟΒΛΕΨΕΙΣ -ΜΑΚΡ/ΣΜΕΣ ΥΠΟΧΡΕΩΣΕΙΣ / ΑΠΟΘΕΜΑΤΑ - ΔΙΑΦΟΡΕΣ ΑΝΑΠΡΟΣΑΡΜΟΓΗΣ - ΕΠΙΧΟΡΗΓΗΣΕΙΣ ΕΠΕΝΔΥΣΕΩΝ,Equity,,,ΚΑΘΑΡΗ ΘΕΣΗ - ΠΡΟΒΛΕΨΕΙΣ -ΜΑΚΡ/ΣΜΕΣ ΥΠΟΧΡΕΩΣΕΙΣ / ΑΠΟΘΕΜΑΤΑ - ΔΙΑΦΟΡΕΣ ΑΝΑΠΡΟΣΑΡΜΟΓΗΣ - ΕΠΙΧΟΡΗΓΗΣΕΙΣ ΕΠΕΝΔΥΣΕΩΝ / Τακτικό αποθεματικό,missing_root_type
,ΑΠΟΤΕΛΕΣΜΑΤΑ ΕΙΣ ΝΕΟ,,equity,,1,,ΚΑΘΑΡΗ ΘΕΣΗ - ΠΡΟΒΛΕΨΕΙΣ -ΜΑΚΡ/ΣΜΕΣ ΥΠΟΧΡΕΩΣΕΙΣ,Equity,,,ΚΑΘΑΡΗ ΘΕΣΗ - ΠΡΟΒΛΕΨΕΙΣ -ΜΑΚΡ/ΣΜΕΣ ΥΠΟΧΡΕΩΣΕΙΣ / ΑΠΟΤΕΛΕΣΜΑΤΑ ΕΙΣ ΝΕΟ,missing_root_type
,Διαφορές φορολογικού ελένχου,,equity,,0,,ΚΑΘΑΡΗ ΘΕΣΗ - ΠΡΟΒΛΕΨΕΙΣ -ΜΑΚΡ/ΣΜΕΣ ΥΠΟΧΡΕΩΣΕΙΣ / ΑΠΟΤΕΛΕΣΜΑΤΑ ΕΙΣ ΝΕΟ,Equity,,,ΚΑΘΑΡΗ ΘΕΣΗ - ΠΡΟΒΛΕΨΕΙΣ -ΜΑΚΡ/ΣΜΕΣ ΥΠΟΧΡΕΩΣΕΙΣ / ΑΠΟΤΕΛΕΣΜΑΤΑ ΕΙΣ ΝΕΟ / Διαφορές φορολογικού ελένχου,missing_root_type
,Ζημιές πολυετούς απόσβεσης,,equity,,0,,ΚΑΘΑΡΗ ΘΕΣΗ - ΠΡΟΒΛΕΨΕΙΣ -ΜΑΚΡ/ΣΜΕΣ ΥΠΟΧΡΕΩΣΕΙΣ / ΑΠΟΤΕΛΕΣΜΑΤΑ ΕΙΣ ΝΕΟ,Equity,,,ΚΑΘΑΡΗ ΘΕΣΗ - ΠΡΟΒΛΕΨΕΙΣ -ΜΑΚΡ/ΣΜΕΣ ΥΠΟΧΡΕΩΣΕΙΣ / ΑΠΟΤΕΛΕΣΜΑΤΑ ΕΙΣ ΝΕΟ / Ζημιές πολυετούς απόσβεσης,missing_root_type
,Υπόλοιπο ζημιών προηγουμένων χρήσεων,,equity,,0,,ΚΑΘΑΡΗ ΘΕΣΗ - ΠΡΟΒΛΕΨΕΙΣ -ΜΑΚΡ/ΣΜΕΣ ΥΠΟΧΡΕΩΣΕΙΣ / ΑΠΟΤΕΛΕΣΜΑΤΑ ΕΙΣ ΝΕΟ,Equity,,,ΚΑΘΑΡΗ ΘΕΣΗ - ΠΡΟΒΛΕΨΕΙΣ -ΜΑΚΡ/ΣΜΕΣ ΥΠΟΧΡΕΩΣΕΙΣ / ΑΠΟΤΕΛΕΣΜΑΤΑ ΕΙΣ ΝΕΟ / Υπόλοιπο ζημιών προηγουμένων χρήσεων,missing_root_type
,Υπόλοιπο ζημιών χρήσης εις νέο,,equity,,0,,ΚΑΘΑΡΗ ΘΕΣΗ - ΠΡΟΒΛΕΨΕΙΣ -ΜΑΚΡ/ΣΜΕΣ ΥΠΟΧΡΕΩΣΕΙΣ / ΑΠΟΤΕΛΕΣΜΑΤΑ ΕΙΣ ΝΕΟ,Equity,,,ΚΑΘΑΡΗ ΘΕΣΗ - ΠΡΟΒΛΕΨΕΙΣ -ΜΑΚΡ/ΣΜΕΣ ΥΠΟΧΡΕΩΣΕΙΣ / ΑΠΟΤΕΛΕΣΜΑΤΑ ΕΙΣ ΝΕΟ / Υπόλοιπο ζημιών χρήσης εις νέο,missing_root_type
,Υπόλοιπο κερδών εις νέο,,equity,,0,,ΚΑΘΑΡΗ ΘΕΣΗ - ΠΡΟΒΛΕΨΕΙΣ -ΜΑΚΡ/ΣΜΕΣ ΥΠΟΧΡΕΩΣΕΙΣ / ΑΠΟΤΕΛΕΣΜΑΤΑ ΕΙΣ ΝΕΟ,Equity,,,ΚΑΘΑΡΗ ΘΕΣΗ - ΠΡΟΒΛΕΨΕΙΣ -ΜΑΚΡ/ΣΜΕΣ ΥΠΟΧΡΕΩΣΕΙΣ / ΑΠΟΤΕΛΕΣΜΑΤΑ ΕΙΣ ΝΕΟ / Υπόλοιπο κερδών εις νέο,missing_root_type
,ΚΕΦΑΛΑΙΟ,,equity,,1,,ΚΑΘΑΡΗ ΘΕΣΗ - ΠΡΟΒΛΕΨΕΙΣ -ΜΑΚΡ/ΣΜΕΣ ΥΠΟΧΡΕΩΣΕΙΣ,Equity,,,ΚΑΘΑΡΗ ΘΕΣΗ - ΠΡΟΒΛΕΨΕΙΣ -ΜΑΚΡ/ΣΜΕΣ ΥΠΟΧΡΕΩΣΕΙΣ / ΚΕΦΑΛΑΙΟ,missing_root_type
,Αμοιβαίο κεφάλαιο,,equity,,0,,ΚΑΘΑΡΗ ΘΕΣΗ - ΠΡΟΒΛΕΨΕΙΣ -ΜΑΚΡ/ΣΜΕΣ ΥΠΟΧΡΕΩΣΕΙΣ / ΚΕΦΑΛΑΙΟ,Equity,,,ΚΑΘΑΡΗ ΘΕΣΗ - ΠΡΟΒΛΕΨΕΙΣ -ΜΑΚΡ/ΣΜΕΣ ΥΠΟΧΡΕΩΣΕΙΣ / ΚΕΦΑΛΑΙΟ / Αμοιβαίο κεφάλαιο,missing_root_type
,Εταιρικό κεφάλαιο,,equity,,0,,ΚΑΘΑΡΗ ΘΕΣΗ - ΠΡΟΒΛΕΨΕΙΣ -ΜΑΚΡ/ΣΜΕΣ ΥΠΟΧΡΕΩΣΕΙΣ / ΚΕΦΑΛΑΙΟ,Equity,,,ΚΑΘΑΡΗ ΘΕΣΗ - ΠΡΟΒΛΕΨΕΙΣ -ΜΑΚΡ/ΣΜΕΣ ΥΠΟΧΡΕΩΣΕΙΣ / ΚΕΦΑΛΑΙΟ / Εταιρικό κεφάλαιο,missing_root_type
,Καταβεβλημένο μετοχικό κεφάλαιο κοινών μετοχών,,equity,,0,,ΚΑΘΑΡΗ ΘΕΣΗ - ΠΡΟΒΛΕΨΕΙΣ -ΜΑΚΡ/ΣΜΕΣ ΥΠΟΧΡΕΩΣΕΙΣ / ΚΕΦΑΛΑΙΟ,Equity,,,ΚΑΘΑΡΗ ΘΕΣΗ - ΠΡΟΒΛΕΨΕΙΣ -ΜΑΚΡ/ΣΜΕΣ ΥΠΟΧΡΕΩΣΕΙΣ / ΚΕΦΑΛΑΙΟ / Καταβεβλημένο μετοχικό κεφάλαιο κοινών μετοχών,missing_root_type
,Καταβεβλημένο μετοχικό κεφάλαιο προνομιούχων μετοχών,,equity,,0,,ΚΑΘΑΡΗ ΘΕΣΗ - ΠΡΟΒΛΕΨΕΙΣ -ΜΑΚΡ/ΣΜΕΣ ΥΠΟΧΡΕΩΣΕΙΣ / ΚΕΦΑΛΑΙΟ,Equity,,,ΚΑΘΑΡΗ ΘΕΣΗ - ΠΡΟΒΛΕΨΕΙΣ -ΜΑΚΡ/ΣΜΕΣ ΥΠΟΧΡΕΩΣΕΙΣ / ΚΕΦΑΛΑΙΟ / Καταβεβλημένο μετοχικό κεφάλαιο προνομιούχων μετοχών,missing_root_type
,Καταβλήμενο συνεταιρικό κεφάλαιο,,equity,,0,,ΚΑΘΑΡΗ ΘΕΣΗ - ΠΡΟΒΛΕΨΕΙΣ -ΜΑΚΡ/ΣΜΕΣ ΥΠΟΧΡΕΩΣΕΙΣ / ΚΕΦΑΛΑΙΟ,Equity,,,ΚΑΘΑΡΗ ΘΕΣΗ - ΠΡΟΒΛΕΨΕΙΣ -ΜΑΚΡ/ΣΜΕΣ ΥΠΟΧΡΕΩΣΕΙΣ / ΚΕΦΑΛΑΙΟ / Καταβλήμενο συνεταιρικό κεφάλαιο,missing_root_type
,Κεφάλαιο ατομικών επιχειρήσεων,,equity,,0,,ΚΑΘΑΡΗ ΘΕΣΗ - ΠΡΟΒΛΕΨΕΙΣ -ΜΑΚΡ/ΣΜΕΣ ΥΠΟΧΡΕΩΣΕΙΣ / ΚΕΦΑΛΑΙΟ,Equity,,,ΚΑΘΑΡΗ ΘΕΣΗ - ΠΡΟΒΛΕΨΕΙΣ -ΜΑΚΡ/ΣΜΕΣ ΥΠΟΧΡΕΩΣΕΙΣ / ΚΕΦΑΛΑΙΟ / Κεφάλαιο ατομικών επιχειρήσεων,missing_root_type
,Κοινό μετοχικό κεφάλαιο αποσβεσμένο,,equity,,0,,ΚΑΘΑΡΗ ΘΕΣΗ - ΠΡΟΒΛΕΨΕΙΣ -ΜΑΚΡ/ΣΜΕΣ ΥΠΟΧΡΕΩΣΕΙΣ / ΚΕΦΑΛΑΙΟ,Equity,,,ΚΑΘΑΡΗ ΘΕΣΗ - ΠΡΟΒΛΕΨΕΙΣ -ΜΑΚΡ/ΣΜΕΣ ΥΠΟΧΡΕΩΣΕΙΣ / ΚΕΦΑΛΑΙΟ / Κοινό μετοχικό κεφάλαιο αποσβεσμένο,missing_root_type
,Οφειλόμενο μετοχικό κεφάλαιο κοινών μετοχών,,equity,,0,,ΚΑΘΑΡΗ ΘΕΣΗ - ΠΡΟΒΛΕΨΕΙΣ -ΜΑΚΡ/ΣΜΕΣ ΥΠΟΧΡΕΩΣΕΙΣ / ΚΕΦΑΛΑΙΟ,Equity,,,ΚΑΘΑΡΗ ΘΕΣΗ - ΠΡΟΒΛΕΨΕΙΣ -ΜΑΚΡ/ΣΜΕΣ ΥΠΟΧΡΕΩΣΕΙΣ / ΚΕΦΑΛΑΙΟ / Οφειλόμενο μετοχικό κεφάλαιο κοινών μετοχών,missing_root_type
,Οφειλόμενο μετοχικό κεφάλαιο προνομιούχων μετοχών,,equity,,0,,ΚΑΘΑΡΗ ΘΕΣΗ - ΠΡΟΒΛΕΨΕΙΣ -ΜΑΚΡ/ΣΜΕΣ ΥΠΟΧΡΕΩΣΕΙΣ / ΚΕΦΑΛΑΙΟ,Equity,,,ΚΑΘΑΡΗ ΘΕΣΗ - ΠΡΟΒΛΕΨΕΙΣ -ΜΑΚΡ/ΣΜΕΣ ΥΠΟΧΡΕΩΣΕΙΣ / ΚΕΦΑΛΑΙΟ / Οφειλόμενο μετοχικό κεφάλαιο προνομιούχων μετοχών,missing_root_type
,Οφειλόμενο συνεταιρικό κεφάλαιο,,equity,,0,,ΚΑΘΑΡΗ ΘΕΣΗ - ΠΡΟΒΛΕΨΕΙΣ -ΜΑΚΡ/ΣΜΕΣ ΥΠΟΧΡΕΩΣΕΙΣ / ΚΕΦΑΛΑΙΟ,Equity,,,ΚΑΘΑΡΗ ΘΕΣΗ - ΠΡΟΒΛΕΨΕΙΣ -ΜΑΚΡ/ΣΜΕΣ ΥΠΟΧΡΕΩΣΕΙΣ / ΚΕΦΑΛΑΙΟ / Οφειλόμενο συνεταιρικό κεφάλαιο,missing_root_type
,Προνομιούχο μετοχικό κεφάλαιο αποσβεσμένο,,equity,,0,,ΚΑΘΑΡΗ ΘΕΣΗ - ΠΡΟΒΛΕΨΕΙΣ -ΜΑΚΡ/ΣΜΕΣ ΥΠΟΧΡΕΩΣΕΙΣ / ΚΕΦΑΛΑΙΟ,Equity,,,ΚΑΘΑΡΗ ΘΕΣΗ - ΠΡΟΒΛΕΨΕΙΣ -ΜΑΚΡ/ΣΜΕΣ ΥΠΟΧΡΕΩΣΕΙΣ / ΚΕΦΑΛΑΙΟ / Προνομιούχο μετοχικό κεφάλαιο αποσβεσμένο,missing_root_type
,ΛΟΓΑΡΙΑΣΜΟΙ ΣΥΝΔΕΣΜΟΥ ΜΕ ΥΠΟΚΑΤΑΣΤΗΜΑΤΑ,,equity,,0,,ΚΑΘΑΡΗ ΘΕΣΗ - ΠΡΟΒΛΕΨΕΙΣ -ΜΑΚΡ/ΣΜΕΣ ΥΠΟΧΡΕΩΣΕΙΣ,Equity,,,ΚΑΘΑΡΗ ΘΕΣΗ - ΠΡΟΒΛΕΨΕΙΣ -ΜΑΚΡ/ΣΜΕΣ ΥΠΟΧΡΕΩΣΕΙΣ / ΛΟΓΑΡΙΑΣΜΟΙ ΣΥΝΔΕΣΜΟΥ ΜΕ ΥΠΟΚΑΤΑΣΤΗΜΑΤΑ,missing_root_type
,ΜΑΚΡΟΠΡΟΘΕΣΜΕΣ ΥΠΟΧΡΕΩΣΕΙΣ,,equity,,1,,ΚΑΘΑΡΗ ΘΕΣΗ - ΠΡΟΒΛΕΨΕΙΣ -ΜΑΚΡ/ΣΜΕΣ ΥΠΟΧΡΕΩΣΕΙΣ,Equity,,,ΚΑΘΑΡΗ ΘΕΣΗ - ΠΡΟΒΛΕΨΕΙΣ -ΜΑΚΡ/ΣΜΕΣ ΥΠΟΧΡΕΩΣΕΙΣ / ΜΑΚΡΟΠΡΟΘΕΣΜΕΣ ΥΠΟΧΡΕΩΣΕΙΣ,missing_root_type
,Ασφαλιστικοί Οργανισμοί,,equity,,0,,ΚΑΘΑΡΗ ΘΕΣΗ - ΠΡΟΒΛΕΨΕΙΣ -ΜΑΚΡ/ΣΜΕΣ ΥΠΟΧΡΕΩΣΕΙΣ / ΜΑΚΡΟΠΡΟΘΕΣΜΕΣ ΥΠΟΧΡΕΩΣΕΙΣ,Equity,,,ΚΑΘΑΡΗ ΘΕΣΗ - ΠΡΟΒΛΕΨΕΙΣ -ΜΑΚΡ/ΣΜΕΣ ΥΠΟΧΡΕΩΣΕΙΣ / ΜΑΚΡΟΠΡΟΘΕΣΜΕΣ ΥΠΟΧΡΕΩΣΕΙΣ / Ασφαλιστικοί Οργανισμοί,missing_root_type
,Γραμμάτια πληρωτέα έκδοσης Ν.Π.Δ.Δ. Και Δημοσίων Επιχειρήσεων,,equity,,0,,ΚΑΘΑΡΗ ΘΕΣΗ - ΠΡΟΒΛΕΨΕΙΣ -ΜΑΚΡ/ΣΜΕΣ ΥΠΟΧΡΕΩΣΕΙΣ / ΜΑΚΡΟΠΡΟΘΕΣΜΕΣ ΥΠΟΧΡΕΩΣΕΙΣ,Equity,,,ΚΑΘΑΡΗ ΘΕΣΗ - ΠΡΟΒΛΕΨΕΙΣ -ΜΑΚΡ/ΣΜΕΣ ΥΠΟΧΡΕΩΣΕΙΣ / ΜΑΚΡΟΠΡΟΘΕΣΜΕΣ ΥΠΟΧΡΕΩΣΕΙΣ / Γραμμάτια πληρωτέα έκδοσης Ν.Π.Δ.Δ. Και Δημοσίων Επιχειρήσεων,missing_root_type
,Γραμμάτια πληρωτέα σε Ξ.Ν.,,equity,,0,,ΚΑΘΑΡΗ ΘΕΣΗ - ΠΡΟΒΛΕΨΕΙΣ -ΜΑΚΡ/ΣΜΕΣ ΥΠΟΧΡΕΩΣΕΙΣ / ΜΑΚΡΟΠΡΟΘΕΣΜΕΣ ΥΠΟΧΡΕΩΣΕΙΣ,Equity,,,ΚΑΘΑΡΗ ΘΕΣΗ - ΠΡΟΒΛΕΨΕΙΣ -ΜΑΚΡ/ΣΜΕΣ ΥΠΟΧΡΕΩΣΕΙΣ / ΜΑΚΡΟΠΡΟΘΕΣΜΕΣ ΥΠΟΧΡΕΩΣΕΙΣ / Γραμμάτια πληρωτέα σε Ξ.Ν.,missing_root_type
,Γραμμάτια πληρωτέα σε δρχ.,,equity,,0,,ΚΑΘΑΡΗ ΘΕΣΗ - ΠΡΟΒΛΕΨΕΙΣ -ΜΑΚΡ/ΣΜΕΣ ΥΠΟΧΡΕΩΣΕΙΣ / ΜΑΚΡΟΠΡΟΘΕΣΜΕΣ ΥΠΟΧΡΕΩΣΕΙΣ,Equity,,,ΚΑΘΑΡΗ ΘΕΣΗ - ΠΡΟΒΛΕΨΕΙΣ -ΜΑΚΡ/ΣΜΕΣ ΥΠΟΧΡΕΩΣΕΙΣ / ΜΑΚΡΟΠΡΟΘΕΣΜΕΣ ΥΠΟΧΡΕΩΣΕΙΣ / Γραμμάτια πληρωτέα σε δρχ.,missing_root_type
,Ελληνικό Δημόσιο (οφειλόμενη φόροι),,equity,,0,,ΚΑΘΑΡΗ ΘΕΣΗ - ΠΡΟΒΛΕΨΕΙΣ -ΜΑΚΡ/ΣΜΕΣ ΥΠΟΧΡΕΩΣΕΙΣ / ΜΑΚΡΟΠΡΟΘΕΣΜΕΣ ΥΠΟΧΡΕΩΣΕΙΣ,Equity,,,ΚΑΘΑΡΗ ΘΕΣΗ - ΠΡΟΒΛΕΨΕΙΣ -ΜΑΚΡ/ΣΜΕΣ ΥΠΟΧΡΕΩΣΕΙΣ / ΜΑΚΡΟΠΡΟΘΕΣΜΕΣ ΥΠΟΧΡΕΩΣΕΙΣ / Ελληνικό Δημόσιο (οφειλόμενη φόροι),missing_root_type
,Λοιπές μακροπρόθεσμες υποχρεώσεις σε Ξ.Ν.,,equity,,0,,ΚΑΘΑΡΗ ΘΕΣΗ - ΠΡΟΒΛΕΨΕΙΣ -ΜΑΚΡ/ΣΜΕΣ ΥΠΟΧΡΕΩΣΕΙΣ / ΜΑΚΡΟΠΡΟΘΕΣΜΕΣ ΥΠΟΧΡΕΩΣΕΙΣ,Equity,,,ΚΑΘΑΡΗ ΘΕΣΗ - ΠΡΟΒΛΕΨΕΙΣ -ΜΑΚΡ/ΣΜΕΣ ΥΠΟΧΡΕΩΣΕΙΣ / ΜΑΚΡΟΠΡΟΘΕΣΜΕΣ ΥΠΟΧΡΕΩΣΕΙΣ / Λοιπές μακροπρόθεσμες υποχρεώσεις σε Ξ.Ν.,missing_root_type
,Λοιπές μακροπρόθεσμες υποχρεώσεις σε δρχ.,,equity,,0,,ΚΑΘΑΡΗ ΘΕΣΗ - ΠΡΟΒΛΕΨΕΙΣ -ΜΑΚΡ/ΣΜΕΣ ΥΠΟΧΡΕΩΣΕΙΣ / ΜΑΚΡΟΠΡΟΘΕΣΜΕΣ ΥΠΟΧΡΕΩΣΕΙΣ,Equity,,,ΚΑΘΑΡΗ ΘΕΣΗ - ΠΡΟΒΛΕΨΕΙΣ -ΜΑΚΡ/ΣΜΕΣ ΥΠΟΧΡΕΩΣΕΙΣ / ΜΑΚΡΟΠΡΟΘΕΣΜΕΣ ΥΠΟΧΡΕΩΣΕΙΣ / Λοιπές μακροπρόθεσμες υποχρεώσεις σε δρχ.,missing_root_type
,Μακροπρόθεσμες υποχρεώσεις προς εταίρους και διοικούντες,,equity,,0,,ΚΑΘΑΡΗ ΘΕΣΗ - ΠΡΟΒΛΕΨΕΙΣ -ΜΑΚΡ/ΣΜΕΣ ΥΠΟΧΡΕΩΣΕΙΣ / ΜΑΚΡΟΠΡΟΘΕΣΜΕΣ ΥΠΟΧΡΕΩΣΕΙΣ,Equity,,,ΚΑΘΑΡΗ ΘΕΣΗ - ΠΡΟΒΛΕΨΕΙΣ -ΜΑΚΡ/ΣΜΕΣ ΥΠΟΧΡΕΩΣΕΙΣ / ΜΑΚΡΟΠΡΟΘΕΣΜΕΣ ΥΠΟΧΡΕΩΣΕΙΣ / Μακροπρόθεσμες υποχρεώσεις προς εταίρους και διοικούντες,missing_root_type
,Μακροπρόθεσμες υποχρεώσεις προς λοιπές συμμετοχικού ενδιαφέροντος επιχειρήσεις σε Ξ.Ν.,,equity,,0,,ΚΑΘΑΡΗ ΘΕΣΗ - ΠΡΟΒΛΕΨΕΙΣ -ΜΑΚΡ/ΣΜΕΣ ΥΠΟΧΡΕΩΣΕΙΣ / ΜΑΚΡΟΠΡΟΘΕΣΜΕΣ ΥΠΟΧΡΕΩΣΕΙΣ,Equity,,,ΚΑΘΑΡΗ ΘΕΣΗ - ΠΡΟΒΛΕΨΕΙΣ -ΜΑΚΡ/ΣΜΕΣ ΥΠΟΧΡΕΩΣΕΙΣ / ΜΑΚΡΟΠΡΟΘΕΣΜΕΣ ΥΠΟΧΡΕΩΣΕΙΣ / Μακροπρόθεσμες υποχρεώσεις προς λοιπές συμμετοχικού ενδιαφέροντος επιχειρήσεις σε Ξ.Ν.,missing_root_type
,Μακροπρόθεσμες υποχρεώσεις προς λοιπές συμμετοχικού ενδιαφέροντος επιχειρήσεις σε δρχ.,,equity,,0,,ΚΑΘΑΡΗ ΘΕΣΗ - ΠΡΟΒΛΕΨΕΙΣ -ΜΑΚΡ/ΣΜΕΣ ΥΠΟΧΡΕΩΣΕΙΣ / ΜΑΚΡΟΠΡΟΘΕΣΜΕΣ ΥΠΟΧΡΕΩΣΕΙΣ,Equity,,,ΚΑΘΑΡΗ ΘΕΣΗ - ΠΡΟΒΛΕΨΕΙΣ -ΜΑΚΡ/ΣΜΕΣ ΥΠΟΧΡΕΩΣΕΙΣ / ΜΑΚΡΟΠΡΟΘΕΣΜΕΣ ΥΠΟΧΡΕΩΣΕΙΣ / Μακροπρόθεσμες υποχρεώσεις προς λοιπές συμμετοχικού ενδιαφέροντος επιχειρήσεις σε δρχ.,missing_root_type
,Μακροπρόθεσμες υποχρεώσεις προς συνδεδεμένες επιχειρήσεις σε Ξ.Ν.,,equity,,0,,ΚΑΘΑΡΗ ΘΕΣΗ - ΠΡΟΒΛΕΨΕΙΣ -ΜΑΚΡ/ΣΜΕΣ ΥΠΟΧΡΕΩΣΕΙΣ / ΜΑΚΡΟΠΡΟΘΕΣΜΕΣ ΥΠΟΧΡΕΩΣΕΙΣ,Equity,,,ΚΑΘΑΡΗ ΘΕΣΗ - ΠΡΟΒΛΕΨΕΙΣ -ΜΑΚΡ/ΣΜΕΣ ΥΠΟΧΡΕΩΣΕΙΣ / ΜΑΚΡΟΠΡΟΘΕΣΜΕΣ ΥΠΟΧΡΕΩΣΕΙΣ / Μακροπρόθεσμες υποχρεώσεις προς συνδεδεμένες επιχειρήσεις σε Ξ.Ν.,missing_root_type
,Μακροπρόθεσμες υποχρεώσεις προς συνδεδεμένες επιχειρήσεις σε δρχ.,,equity,,0,,ΚΑΘΑΡΗ ΘΕΣΗ - ΠΡΟΒΛΕΨΕΙΣ -ΜΑΚΡ/ΣΜΕΣ ΥΠΟΧΡΕΩΣΕΙΣ / ΜΑΚΡΟΠΡΟΘΕΣΜΕΣ ΥΠΟΧΡΕΩΣΕΙΣ,Equity,,,ΚΑΘΑΡΗ ΘΕΣΗ - ΠΡΟΒΛΕΨΕΙΣ -ΜΑΚΡ/ΣΜΕΣ ΥΠΟΧΡΕΩΣΕΙΣ / ΜΑΚΡΟΠΡΟΘΕΣΜΕΣ ΥΠΟΧΡΕΩΣΕΙΣ / Μακροπρόθεσμες υποχρεώσεις προς συνδεδεμένες επιχειρήσεις σε δρχ.,missing_root_type
,Μη δεδουλευμένοι τόκοι γραμματίων πληρωτέων έκδοσης Ν.Π.Δ.Δ. και Δημοσίων Επιχειρήσεων (αντίθετος λογ/σμός),,equity,,0,,ΚΑΘΑΡΗ ΘΕΣΗ - ΠΡΟΒΛΕΨΕΙΣ -ΜΑΚΡ/ΣΜΕΣ ΥΠΟΧΡΕΩΣΕΙΣ / ΜΑΚΡΟΠΡΟΘΕΣΜΕΣ ΥΠΟΧΡΕΩΣΕΙΣ,Equity,,,ΚΑΘΑΡΗ ΘΕΣΗ - ΠΡΟΒΛΕΨΕΙΣ -ΜΑΚΡ/ΣΜΕΣ ΥΠΟΧΡΕΩΣΕΙΣ / ΜΑΚΡΟΠΡΟΘΕΣΜΕΣ ΥΠΟΧΡΕΩΣΕΙΣ / Μη δεδουλευμένοι τόκοι γραμματίων πληρωτέων έκδοσης Ν.Π.Δ.Δ. και Δημοσίων Επιχειρήσεων (αντίθετος λογ/σμός),missing_root_type
,Μη δεδουλευμένοι τόκοι γραμματίων πληρωτέων σε Ξ.Ν.,,equity,,0,,ΚΑΘΑΡΗ ΘΕΣΗ - ΠΡΟΒΛΕΨΕΙΣ -ΜΑΚΡ/ΣΜΕΣ ΥΠΟΧΡΕΩΣΕΙΣ / ΜΑΚΡΟΠΡΟΘΕΣΜΕΣ ΥΠΟΧΡΕΩΣΕΙΣ,Equity,,,ΚΑΘΑΡΗ ΘΕΣΗ - ΠΡΟΒΛΕΨΕΙΣ -ΜΑΚΡ/ΣΜΕΣ ΥΠΟΧΡΕΩΣΕΙΣ / ΜΑΚΡΟΠΡΟΘΕΣΜΕΣ ΥΠΟΧΡΕΩΣΕΙΣ / Μη δεδουλευμένοι τόκοι γραμματίων πληρωτέων σε Ξ.Ν.,missing_root_type
,Μη δεδουλευμένοι τόκοι γραμματίων πληρωτέων σε δρχ.,,equity,,0,,ΚΑΘΑΡΗ ΘΕΣΗ - ΠΡΟΒΛΕΨΕΙΣ -ΜΑΚΡ/ΣΜΕΣ ΥΠΟΧΡΕΩΣΕΙΣ / ΜΑΚΡΟΠΡΟΘΕΣΜΕΣ ΥΠΟΧΡΕΩΣΕΙΣ,Equity,,,ΚΑΘΑΡΗ ΘΕΣΗ - ΠΡΟΒΛΕΨΕΙΣ -ΜΑΚΡ/ΣΜΕΣ ΥΠΟΧΡΕΩΣΕΙΣ / ΜΑΚΡΟΠΡΟΘΕΣΜΕΣ ΥΠΟΧΡΕΩΣΕΙΣ / Μη δεδουλευμένοι τόκοι γραμματίων πληρωτέων σε δρχ.,missing_root_type
,Ομολογιακά δάνεια σε Ξ.Ν. μετατρέψιμα σε μετοχές,,equity,,0,,ΚΑΘΑΡΗ ΘΕΣΗ - ΠΡΟΒΛΕΨΕΙΣ -ΜΑΚΡ/ΣΜΕΣ ΥΠΟΧΡΕΩΣΕΙΣ / ΜΑΚΡΟΠΡΟΘΕΣΜΕΣ ΥΠΟΧΡΕΩΣΕΙΣ,Equity,,,ΚΑΘΑΡΗ ΘΕΣΗ - ΠΡΟΒΛΕΨΕΙΣ -ΜΑΚΡ/ΣΜΕΣ ΥΠΟΧΡΕΩΣΕΙΣ / ΜΑΚΡΟΠΡΟΘΕΣΜΕΣ ΥΠΟΧΡΕΩΣΕΙΣ / Ομολογιακά δάνεια σε Ξ.Ν. μετατρέψιμα σε μετοχές,missing_root_type
,Ομολογιακά δάνεια σε Ξ.Ν. μη μετατρέψιμα σε μετοχές,,equity,,0,,ΚΑΘΑΡΗ ΘΕΣΗ - ΠΡΟΒΛΕΨΕΙΣ -ΜΑΚΡ/ΣΜΕΣ ΥΠΟΧΡΕΩΣΕΙΣ / ΜΑΚΡΟΠΡΟΘΕΣΜΕΣ ΥΠΟΧΡΕΩΣΕΙΣ,Equity,,,ΚΑΘΑΡΗ ΘΕΣΗ - ΠΡΟΒΛΕΨΕΙΣ -ΜΑΚΡ/ΣΜΕΣ ΥΠΟΧΡΕΩΣΕΙΣ / ΜΑΚΡΟΠΡΟΘΕΣΜΕΣ ΥΠΟΧΡΕΩΣΕΙΣ / Ομολογιακά δάνεια σε Ξ.Ν. μη μετατρέψιμα σε μετοχές,missing_root_type
,Ομολογιακά δάνεια σε δρχ. μετατρέψιμα σε μετοχές,,equity,,0,,ΚΑΘΑΡΗ ΘΕΣΗ - ΠΡΟΒΛΕΨΕΙΣ -ΜΑΚΡ/ΣΜΕΣ ΥΠΟΧΡΕΩΣΕΙΣ / ΜΑΚΡΟΠΡΟΘΕΣΜΕΣ ΥΠΟΧΡΕΩΣΕΙΣ,Equity,,,ΚΑΘΑΡΗ ΘΕΣΗ - ΠΡΟΒΛΕΨΕΙΣ -ΜΑΚΡ/ΣΜΕΣ ΥΠΟΧΡΕΩΣΕΙΣ / ΜΑΚΡΟΠΡΟΘΕΣΜΕΣ ΥΠΟΧΡΕΩΣΕΙΣ / Ομολογιακά δάνεια σε δρχ. μετατρέψιμα σε μετοχές,missing_root_type
,Ομολογιακά δάνεια σε δρχ. μη μετατρέψιμα σε μετοχές,,equity,,0,,ΚΑΘΑΡΗ ΘΕΣΗ - ΠΡΟΒΛΕΨΕΙΣ -ΜΑΚΡ/ΣΜΕΣ ΥΠΟΧΡΕΩΣΕΙΣ / ΜΑΚΡΟΠΡΟΘΕΣΜΕΣ ΥΠΟΧΡΕΩΣΕΙΣ,Equity,,,ΚΑΘΑΡΗ ΘΕΣΗ - ΠΡΟΒΛΕΨΕΙΣ -ΜΑΚΡ/ΣΜΕΣ ΥΠΟΧΡΕΩΣΕΙΣ / ΜΑΚΡΟΠΡΟΘΕΣΜΕΣ ΥΠΟΧΡΕΩΣΕΙΣ / Ομολογιακά δάνεια σε δρχ. μη μετατρέψιμα σε μετοχές,missing_root_type
,Ομολογιακά δάνεια σε δρχ.με ρήτρα Ξ.Ν. μετατρέψιμα σε μετοχές,,equity,,0,,ΚΑΘΑΡΗ ΘΕΣΗ - ΠΡΟΒΛΕΨΕΙΣ -ΜΑΚΡ/ΣΜΕΣ ΥΠΟΧΡΕΩΣΕΙΣ / ΜΑΚΡΟΠΡΟΘΕΣΜΕΣ ΥΠΟΧΡΕΩΣΕΙΣ,Equity,,,ΚΑΘΑΡΗ ΘΕΣΗ - ΠΡΟΒΛΕΨΕΙΣ -ΜΑΚΡ/ΣΜΕΣ ΥΠΟΧΡΕΩΣΕΙΣ / ΜΑΚΡΟΠΡΟΘΕΣΜΕΣ ΥΠΟΧΡΕΩΣΕΙΣ / Ομολογιακά δάνεια σε δρχ.με ρήτρα Ξ.Ν. μετατρέψιμα σε μετοχές,missing_root_type
,Ομολογιακά δάνεια σε δρχ.με ρήτρα Ξ.Ν. μη μετατρέψιμα σε μετοχές,,equity,,0,,ΚΑΘΑΡΗ ΘΕΣΗ - ΠΡΟΒΛΕΨΕΙΣ -ΜΑΚΡ/ΣΜΕΣ ΥΠΟΧΡΕΩΣΕΙΣ / ΜΑΚΡΟΠΡΟΘΕΣΜΕΣ ΥΠΟΧΡΕΩΣΕΙΣ,Equity,,,ΚΑΘΑΡΗ ΘΕΣΗ - ΠΡΟΒΛΕΨΕΙΣ -ΜΑΚΡ/ΣΜΕΣ ΥΠΟΧΡΕΩΣΕΙΣ / ΜΑΚΡΟΠΡΟΘΕΣΜΕΣ ΥΠΟΧΡΕΩΣΕΙΣ / Ομολογιακά δάνεια σε δρχ.με ρήτρα Ξ.Ν. μη μετατρέψιμα σε μετοχές,missing_root_type
,Ταμιευτήρια - λογ/σμοί μακροπροθέσμων υποχρεώσεων,,equity,,0,,ΚΑΘΑΡΗ ΘΕΣΗ - ΠΡΟΒΛΕΨΕΙΣ -ΜΑΚΡ/ΣΜΕΣ ΥΠΟΧΡΕΩΣΕΙΣ / ΜΑΚΡΟΠΡΟΘΕΣΜΕΣ ΥΠΟΧΡΕΩΣΕΙΣ,Equity,,,ΚΑΘΑΡΗ ΘΕΣΗ - ΠΡΟΒΛΕΨΕΙΣ -ΜΑΚΡ/ΣΜΕΣ ΥΠΟΧΡΕΩΣΕΙΣ / ΜΑΚΡΟΠΡΟΘΕΣΜΕΣ ΥΠΟΧΡΕΩΣΕΙΣ / Ταμιευτήρια - λογ/σμοί μακροπροθέσμων υποχρεώσεων,missing_root_type
,Τράπεζες - λογ/σμοί μακρ/σμων υποχρεώσεων σε δρχ.με ρήτρα Ξ.Ν.,,equity,,0,,ΚΑΘΑΡΗ ΘΕΣΗ - ΠΡΟΒΛΕΨΕΙΣ -ΜΑΚΡ/ΣΜΕΣ ΥΠΟΧΡΕΩΣΕΙΣ / ΜΑΚΡΟΠΡΟΘΕΣΜΕΣ ΥΠΟΧΡΕΩΣΕΙΣ,Equity,,,ΚΑΘΑΡΗ ΘΕΣΗ - ΠΡΟΒΛΕΨΕΙΣ -ΜΑΚΡ/ΣΜΕΣ ΥΠΟΧΡΕΩΣΕΙΣ / ΜΑΚΡΟΠΡΟΘΕΣΜΕΣ ΥΠΟΧΡΕΩΣΕΙΣ / Τράπεζες - λογ/σμοί μακρ/σμων υποχρεώσεων σε δρχ.με ρήτρα Ξ.Ν.,missing_root_type
,Τράπεζες - λογ/σμοί μακροπροθέσμων υποχρεώσεων σε Ξ.Ν.,,equity,,0,,ΚΑΘΑΡΗ ΘΕΣΗ - ΠΡΟΒΛΕΨΕΙΣ -ΜΑΚΡ/ΣΜΕΣ ΥΠΟΧΡΕΩΣΕΙΣ / ΜΑΚΡΟΠΡΟΘΕΣΜΕΣ ΥΠΟΧΡΕΩΣΕΙΣ,Equity,,,ΚΑΘΑΡΗ ΘΕΣΗ - ΠΡΟΒΛΕΨΕΙΣ -ΜΑΚΡ/ΣΜΕΣ ΥΠΟΧΡΕΩΣΕΙΣ / ΜΑΚΡΟΠΡΟΘΕΣΜΕΣ ΥΠΟΧΡΕΩΣΕΙΣ / Τράπεζες - λογ/σμοί μακροπροθέσμων υποχρεώσεων σε Ξ.Ν.,missing_root_type
,Τράπεζες - λογ/σμοί μακροπροθέσμων υποχρεώσεων σε δρχ.,,equity,,0,,ΚΑΘΑΡΗ ΘΕΣΗ - ΠΡΟΒΛΕΨΕΙΣ -ΜΑΚΡ/ΣΜΕΣ ΥΠΟΧΡΕΩΣΕΙΣ / ΜΑΚΡΟΠΡΟΘΕΣΜΕΣ ΥΠΟΧΡΕΩΣΕΙΣ,Equity,,,ΚΑΘΑΡΗ ΘΕΣΗ - ΠΡΟΒΛΕΨΕΙΣ -ΜΑΚΡ/ΣΜΕΣ ΥΠΟΧΡΕΩΣΕΙΣ / ΜΑΚΡΟΠΡΟΘΕΣΜΕΣ ΥΠΟΧΡΕΩΣΕΙΣ / Τράπεζες - λογ/σμοί μακροπροθέσμων υποχρεώσεων σε δρχ.,missing_root_type
,ΠΟΣΑ ΠΡΟΟΡΙΣΜΕΝΑ ΓΙΑ ΑΥΞΗΣΗ ΚΕΦΑΛΑΙΟΥ,,equity,,1,,ΚΑΘΑΡΗ ΘΕΣΗ - ΠΡΟΒΛΕΨΕΙΣ -ΜΑΚΡ/ΣΜΕΣ ΥΠΟΧΡΕΩΣΕΙΣ,Equity,,,ΚΑΘΑΡΗ ΘΕΣΗ - ΠΡΟΒΛΕΨΕΙΣ -ΜΑΚΡ/ΣΜΕΣ ΥΠΟΧΡΕΩΣΕΙΣ / ΠΟΣΑ ΠΡΟΟΡΙΣΜΕΝΑ ΓΙΑ ΑΥΞΗΣΗ ΚΕΦΑΛΑΙΟΥ,missing_root_type
,Αποθεματικά διατιθέμενα για αύξηση κεφαλαίου,,equity,,0,,ΚΑΘΑΡΗ ΘΕΣΗ - ΠΡΟΒΛΕΨΕΙΣ -ΜΑΚΡ/ΣΜΕΣ ΥΠΟΧΡΕΩΣΕΙΣ / ΠΟΣΑ ΠΡΟΟΡΙΣΜΕΝΑ ΓΙΑ ΑΥΞΗΣΗ ΚΕΦΑΛΑΙΟΥ,Equity,,,ΚΑΘΑΡΗ ΘΕΣΗ - ΠΡΟΒΛΕΨΕΙΣ -ΜΑΚΡ/ΣΜΕΣ ΥΠΟΧΡΕΩΣΕΙΣ / ΠΟΣΑ ΠΡΟΟΡΙΣΜΕΝΑ ΓΙΑ ΑΥΞΗΣΗ ΚΕΦΑΛΑΙΟΥ / Αποθεματικά διατιθέμενα για αύξηση κεφαλαίου,missing_root_type
,Διαθέσιμα μερίσματα χρήσης για αύξηση μετοχικού κεφαλαίου,,equity,,0,,ΚΑΘΑΡΗ ΘΕΣΗ - ΠΡΟΒΛΕΨΕΙΣ -ΜΑΚΡ/ΣΜΕΣ ΥΠΟΧΡΕΩΣΕΙΣ / ΠΟΣΑ ΠΡΟΟΡΙΣΜΕΝΑ ΓΙΑ ΑΥΞΗΣΗ ΚΕΦΑΛΑΙΟΥ,Equity,,,ΚΑΘΑΡΗ ΘΕΣΗ - ΠΡΟΒΛΕΨΕΙΣ -ΜΑΚΡ/ΣΜΕΣ ΥΠΟΧΡΕΩΣΕΙΣ / ΠΟΣΑ ΠΡΟΟΡΙΣΜΕΝΑ ΓΙΑ ΑΥΞΗΣΗ ΚΕΦΑΛΑΙΟΥ / Διαθέσιμα μερίσματα χρήσης για αύξηση μετοχικού κεφαλαίου,missing_root_type
,Καταθέσεις εταίρων,,equity,,0,,ΚΑΘΑΡΗ ΘΕΣΗ - ΠΡΟΒΛΕΨΕΙΣ -ΜΑΚΡ/ΣΜΕΣ ΥΠΟΧΡΕΩΣΕΙΣ / ΠΟΣΑ ΠΡΟΟΡΙΣΜΕΝΑ ΓΙΑ ΑΥΞΗΣΗ ΚΕΦΑΛΑΙΟΥ,Equity,,,ΚΑΘΑΡΗ ΘΕΣΗ - ΠΡΟΒΛΕΨΕΙΣ -ΜΑΚΡ/ΣΜΕΣ ΥΠΟΧΡΕΩΣΕΙΣ / ΠΟΣΑ ΠΡΟΟΡΙΣΜΕΝΑ ΓΙΑ ΑΥΞΗΣΗ ΚΕΦΑΛΑΙΟΥ / Καταθέσεις εταίρων,missing_root_type
,Καταθέσεις μετόχων,,equity,,0,,ΚΑΘΑΡΗ ΘΕΣΗ - ΠΡΟΒΛΕΨΕΙΣ -ΜΑΚΡ/ΣΜΕΣ ΥΠΟΧΡΕΩΣΕΙΣ / ΠΟΣΑ ΠΡΟΟΡΙΣΜΕΝΑ ΓΙΑ ΑΥΞΗΣΗ ΚΕΦΑΛΑΙΟΥ,Equity,,,ΚΑΘΑΡΗ ΘΕΣΗ - ΠΡΟΒΛΕΨΕΙΣ -ΜΑΚΡ/ΣΜΕΣ ΥΠΟΧΡΕΩΣΕΙΣ / ΠΟΣΑ ΠΡΟΟΡΙΣΜΕΝΑ ΓΙΑ ΑΥΞΗΣΗ ΚΕΦΑΛΑΙΟΥ / Καταθέσεις μετόχων,missing_root_type
,ΠΡΟΒΛΕΨΕΙΣ,,equity,,1,,ΚΑΘΑΡΗ ΘΕΣΗ - ΠΡΟΒΛΕΨΕΙΣ -ΜΑΚΡ/ΣΜΕΣ ΥΠΟΧΡΕΩΣΕΙΣ,Equity,,,ΚΑΘΑΡΗ ΘΕΣΗ - ΠΡΟΒΛΕΨΕΙΣ -ΜΑΚΡ/ΣΜΕΣ ΥΠΟΧΡΕΩΣΕΙΣ / ΠΡΟΒΛΕΨΕΙΣ,missing_root_type
,Λοιπές έκτακτες προβλέψεις,,equity,,0,,ΚΑΘΑΡΗ ΘΕΣΗ - ΠΡΟΒΛΕΨΕΙΣ -ΜΑΚΡ/ΣΜΕΣ ΥΠΟΧΡΕΩΣΕΙΣ / ΠΡΟΒΛΕΨΕΙΣ,Equity,,,ΚΑΘΑΡΗ ΘΕΣΗ - ΠΡΟΒΛΕΨΕΙΣ -ΜΑΚΡ/ΣΜΕΣ ΥΠΟΧΡΕΩΣΕΙΣ / ΠΡΟΒΛΕΨΕΙΣ / Λοιπές έκτακτες προβλέψεις,missing_root_type
,Λοιπές προβλέψεις εκμετάλλευσης,,equity,,1,,ΚΑΘΑΡΗ ΘΕΣΗ - ΠΡΟΒΛΕΨΕΙΣ -ΜΑΚΡ/ΣΜΕΣ ΥΠΟΧΡΕΩΣΕΙΣ / ΠΡΟΒΛΕΨΕΙΣ,Equity,,,ΚΑΘΑΡΗ ΘΕΣΗ - ΠΡΟΒΛΕΨΕΙΣ -ΜΑΚΡ/ΣΜΕΣ ΥΠΟΧΡΕΩΣΕΙΣ / ΠΡΟΒΛΕΨΕΙΣ / Λοιπές προβλέψεις εκμετάλλευσης,missing_root_type
,Σχηματισμένες προβλέψεις,,equity,,0,,ΚΑΘΑΡΗ ΘΕΣΗ - ΠΡΟΒΛΕΨΕΙΣ -ΜΑΚΡ/ΣΜΕΣ ΥΠΟΧΡΕΩΣΕΙΣ / ΠΡΟΒΛΕΨΕΙΣ / Λοιπές προβλέψεις εκμετάλλευσης,Equity,,,ΚΑΘΑΡΗ ΘΕΣΗ - ΠΡΟΒΛΕΨΕΙΣ -ΜΑΚΡ/ΣΜΕΣ ΥΠΟΧΡΕΩΣΕΙΣ / ΠΡΟΒΛΕΨΕΙΣ / Λοιπές προβλέψεις εκμετάλλευσης / Σχηματισμένες προβλέψεις,missing_root_type
,Χρησιμοποιημένες προβλέψεις,,equity,,0,,ΚΑΘΑΡΗ ΘΕΣΗ - ΠΡΟΒΛΕΨΕΙΣ -ΜΑΚΡ/ΣΜΕΣ ΥΠΟΧΡΕΩΣΕΙΣ / ΠΡΟΒΛΕΨΕΙΣ / Λοιπές προβλέψεις εκμετάλλευσης,Equity,,,ΚΑΘΑΡΗ ΘΕΣΗ - ΠΡΟΒΛΕΨΕΙΣ -ΜΑΚΡ/ΣΜΕΣ ΥΠΟΧΡΕΩΣΕΙΣ / ΠΡΟΒΛΕΨΕΙΣ / Λοιπές προβλέψεις εκμετάλλευσης / Χρησιμοποιημένες προβλέψεις,missing_root_type
,Προβλέψεις απαξιώσεων και υποτιμήσεων γηπέδων,,equity,,0,,ΚΑΘΑΡΗ ΘΕΣΗ - ΠΡΟΒΛΕΨΕΙΣ -ΜΑΚΡ/ΣΜΕΣ ΥΠΟΧΡΕΩΣΕΙΣ / ΠΡΟΒΛΕΨΕΙΣ,Equity,,,ΚΑΘΑΡΗ ΘΕΣΗ - ΠΡΟΒΛΕΨΕΙΣ -ΜΑΚΡ/ΣΜΕΣ ΥΠΟΧΡΕΩΣΕΙΣ / ΠΡΟΒΛΕΨΕΙΣ / Προβλέψεις απαξιώσεων και υποτιμήσεων γηπέδων,missing_root_type
,Προβλέψεις για έξοδα προηγουμένων χρήσεων,,equity,,0,,ΚΑΘΑΡΗ ΘΕΣΗ - ΠΡΟΒΛΕΨΕΙΣ -ΜΑΚΡ/ΣΜΕΣ ΥΠΟΧΡΕΩΣΕΙΣ / ΠΡΟΒΛΕΨΕΙΣ,Equity,,,ΚΑΘΑΡΗ ΘΕΣΗ - ΠΡΟΒΛΕΨΕΙΣ -ΜΑΚΡ/ΣΜΕΣ ΥΠΟΧΡΕΩΣΕΙΣ / ΠΡΟΒΛΕΨΕΙΣ / Προβλέψεις για έξοδα προηγουμένων χρήσεων,missing_root_type
,Προβλέψεις για αποζημίωση προσωπικού λόγω εξόδου από την υπηρεσία,,equity,,1,,ΚΑΘΑΡΗ ΘΕΣΗ - ΠΡΟΒΛΕΨΕΙΣ -ΜΑΚΡ/ΣΜΕΣ ΥΠΟΧΡΕΩΣΕΙΣ / ΠΡΟΒΛΕΨΕΙΣ,Equity,,,ΚΑΘΑΡΗ ΘΕΣΗ - ΠΡΟΒΛΕΨΕΙΣ -ΜΑΚΡ/ΣΜΕΣ ΥΠΟΧΡΕΩΣΕΙΣ / ΠΡΟΒΛΕΨΕΙΣ / Προβλέψεις για αποζημίωση προσωπικού λόγω εξόδου από την υπηρεσία,missing_root_type
,Σχηματισμένες προβλέψεις,,equity,,0,,ΚΑΘΑΡΗ ΘΕΣΗ - ΠΡΟΒΛΕΨΕΙΣ -ΜΑΚΡ/ΣΜΕΣ ΥΠΟΧΡΕΩΣΕΙΣ / ΠΡΟΒΛΕΨΕΙΣ / Προβλέψεις για αποζημίωση προσωπικού λόγω εξόδου από την υπηρεσία,Equity,,,ΚΑΘΑΡΗ ΘΕΣΗ - ΠΡΟΒΛΕΨΕΙΣ -ΜΑΚΡ/ΣΜΕΣ ΥΠΟΧΡΕΩΣΕΙΣ / ΠΡΟΒΛΕΨΕΙΣ / Προβλέψεις για αποζημίωση προσωπικού λόγω εξόδου από την υπηρεσία / Σχηματισμένες προβλέψεις,missing_root_type
,Χρησιμοποιημένες προβλέψεις,,equity,,0,,ΚΑΘΑΡΗ ΘΕΣΗ - ΠΡΟΒΛΕΨΕΙΣ -ΜΑΚΡ/ΣΜΕΣ ΥΠΟΧΡΕΩΣΕΙΣ / ΠΡΟΒΛΕΨΕΙΣ / Προβλέψεις για αποζημίωση προσωπικού λόγω εξόδου από την υπηρεσία,Equity,,,ΚΑΘΑΡΗ ΘΕΣΗ - ΠΡΟΒΛΕΨΕΙΣ -ΜΑΚΡ/ΣΜΕΣ ΥΠΟΧΡΕΩΣΕΙΣ / ΠΡΟΒΛΕΨΕΙΣ / Προβλέψεις για αποζημίωση προσωπικού λόγω εξόδου από την υπηρεσία / Χρησιμοποιημένες προβλέψεις,missing_root_type
,Προβλέψεις για εξειρετικούς κινδύνους και έκτακτα έξοδα,,equity,,0,,ΚΑΘΑΡΗ ΘΕΣΗ - ΠΡΟΒΛΕΨΕΙΣ -ΜΑΚΡ/ΣΜΕΣ ΥΠΟΧΡΕΩΣΕΙΣ / ΠΡΟΒΛΕΨΕΙΣ,Equity,,,ΚΑΘΑΡΗ ΘΕΣΗ - ΠΡΟΒΛΕΨΕΙΣ -ΜΑΚΡ/ΣΜΕΣ ΥΠΟΧΡΕΩΣΕΙΣ / ΠΡΟΒΛΕΨΕΙΣ / Προβλέψεις για εξειρετικούς κινδύνους και έκτακτα έξοδα,missing_root_type
,Προβλέψεις για επισφαλείς απαιτήσεις,,equity,,0,,ΚΑΘΑΡΗ ΘΕΣΗ - ΠΡΟΒΛΕΨΕΙΣ -ΜΑΚΡ/ΣΜΕΣ ΥΠΟΧΡΕΩΣΕΙΣ / ΠΡΟΒΛΕΨΕΙΣ,Equity,,,ΚΑΘΑΡΗ ΘΕΣΗ - ΠΡΟΒΛΕΨΕΙΣ -ΜΑΚΡ/ΣΜΕΣ ΥΠΟΧΡΕΩΣΕΙΣ / ΠΡΟΒΛΕΨΕΙΣ / Προβλέψεις για επισφαλείς απαιτήσεις,missing_root_type
,Προβλέψεις για συναλλαγματικές διαφορές από αποτίμηση απαιτήσεων και λοιπών υποχρεώσεων,,equity,,0,,ΚΑΘΑΡΗ ΘΕΣΗ - ΠΡΟΒΛΕΨΕΙΣ -ΜΑΚΡ/ΣΜΕΣ ΥΠΟΧΡΕΩΣΕΙΣ / ΠΡΟΒΛΕΨΕΙΣ,Equity,,,ΚΑΘΑΡΗ ΘΕΣΗ - ΠΡΟΒΛΕΨΕΙΣ -ΜΑΚΡ/ΣΜΕΣ ΥΠΟΧΡΕΩΣΕΙΣ / ΠΡΟΒΛΕΨΕΙΣ / Προβλέψεις για συναλλαγματικές διαφορές από αποτίμηση απαιτήσεων και λοιπών υποχρεώσεων,missing_root_type
,Προβλέψεις για συναλλαγματικές διαφορές από πιστώσεις και δάνεια για κτήση παγίων,,equity,,0,,ΚΑΘΑΡΗ ΘΕΣΗ - ΠΡΟΒΛΕΨΕΙΣ -ΜΑΚΡ/ΣΜΕΣ ΥΠΟΧΡΕΩΣΕΙΣ / ΠΡΟΒΛΕΨΕΙΣ,Equity,,,ΚΑΘΑΡΗ ΘΕΣΗ - ΠΡΟΒΛΕΨΕΙΣ -ΜΑΚΡ/ΣΜΕΣ ΥΠΟΧΡΕΩΣΕΙΣ / ΠΡΟΒΛΕΨΕΙΣ / Προβλέψεις για συναλλαγματικές διαφορές από πιστώσεις και δάνεια για κτήση παγίων,missing_root_type
,ΠΡΟΒΛΕΨΕΙΣ - ΜΑΚΡΟΠΡΟΘΕΣΜΕΣ ΥΠΟΧΡΕΩΣΕΙΣ  ΥΠΟΚΑΤΑΣΤΗΜΑΤΩΝ ή ΑΛΛΩΝ ΚΕΝΤΡΩΝ,,equity,,1,,ΚΑΘΑΡΗ ΘΕΣΗ - ΠΡΟΒΛΕΨΕΙΣ -ΜΑΚΡ/ΣΜΕΣ ΥΠΟΧΡΕΩΣΕΙΣ,Equity,,,ΚΑΘΑΡΗ ΘΕΣΗ - ΠΡΟΒΛΕΨΕΙΣ -ΜΑΚΡ/ΣΜΕΣ ΥΠΟΧΡΕΩΣΕΙΣ / ΠΡΟΒΛΕΨΕΙΣ - ΜΑΚΡΟΠΡΟΘΕΣΜΕΣ ΥΠΟΧΡΕΩΣΕΙΣ  ΥΠΟΚΑΤΑΣΤΗΜΑΤΩΝ ή ΑΛΛΩΝ ΚΕΝΤΡΩΝ,missing_root_type
,Λογαριασμοί Συνδέσμου με λοιπά υποκαταστήματα,,equity,,0,,ΚΑΘΑΡΗ ΘΕΣΗ - ΠΡΟΒΛΕΨΕΙΣ -ΜΑΚΡ/ΣΜΕΣ ΥΠΟΧΡΕΩΣΕΙΣ / ΠΡΟΒΛΕΨΕΙΣ - ΜΑΚΡΟΠΡΟΘΕΣΜΕΣ ΥΠΟΧΡΕΩΣΕΙΣ  ΥΠΟΚΑΤΑΣΤΗΜΑΤΩΝ ή ΑΛΛΩΝ ΚΕΝΤΡΩΝ,Equity,,,ΚΑΘΑΡΗ ΘΕΣΗ - ΠΡΟΒΛΕΨΕΙΣ -ΜΑΚΡ/ΣΜΕΣ ΥΠΟΧΡΕΩΣΕΙΣ / ΠΡΟΒΛΕΨΕΙΣ - ΜΑΚΡΟΠΡΟΘΕΣΜΕΣ ΥΠΟΧΡΕΩΣΕΙΣ  ΥΠΟΚΑΤΑΣΤΗΜΑΤΩΝ ή ΑΛΛΩΝ ΚΕΝΤΡΩΝ / Λογαριασμοί Συνδέσμου με λοιπά υποκαταστήματα,missing_root_type
,Μακροπρόθεσμες υποχρεώσεις,,equity,,0,,ΚΑΘΑΡΗ ΘΕΣΗ - ΠΡΟΒΛΕΨΕΙΣ -ΜΑΚΡ/ΣΜΕΣ ΥΠΟΧΡΕΩΣΕΙΣ / ΠΡΟΒΛΕΨΕΙΣ - ΜΑΚΡΟΠΡΟΘΕΣΜΕΣ ΥΠΟΧΡΕΩΣΕΙΣ  ΥΠΟΚΑΤΑΣΤΗΜΑΤΩΝ ή ΑΛΛΩΝ ΚΕΝΤΡΩΝ,Equity,,,ΚΑΘΑΡΗ ΘΕΣΗ - ΠΡΟΒΛΕΨΕΙΣ -ΜΑΚΡ/ΣΜΕΣ ΥΠΟΧΡΕΩΣΕΙΣ / ΠΡΟΒΛΕΨΕΙΣ - ΜΑΚΡΟΠΡΟΘΕΣΜΕΣ ΥΠΟΧΡΕΩΣΕΙΣ  ΥΠΟΚΑΤΑΣΤΗΜΑΤΩΝ ή ΑΛΛΩΝ ΚΕΝΤΡΩΝ / Μακροπρόθεσμες υποχρεώσεις,missing_root_type
,Προβλέψεις,,equity,,0,,ΚΑΘΑΡΗ ΘΕΣΗ - ΠΡΟΒΛΕΨΕΙΣ -ΜΑΚΡ/ΣΜΕΣ ΥΠΟΧΡΕΩΣΕΙΣ / ΠΡΟΒΛΕΨΕΙΣ - ΜΑΚΡΟΠΡΟΘΕΣΜΕΣ ΥΠΟΧΡΕΩΣΕΙΣ  ΥΠΟΚΑΤΑΣΤΗΜΑΤΩΝ ή ΑΛΛΩΝ ΚΕΝΤΡΩΝ,Equity,,,ΚΑΘΑΡΗ ΘΕΣΗ - ΠΡΟΒΛΕΨΕΙΣ -ΜΑΚΡ/ΣΜΕΣ ΥΠΟΧΡΕΩΣΕΙΣ / ΠΡΟΒΛΕΨΕΙΣ - ΜΑΚΡΟΠΡΟΘΕΣΜΕΣ ΥΠΟΧΡΕΩΣΕΙΣ  ΥΠΟΚΑΤΑΣΤΗΜΑΤΩΝ ή ΑΛΛΩΝ ΚΕΝΤΡΩΝ / Προβλέψεις,missing_root_type
,ΛΟΓΑΡΙΑΣΜΟΙ ΑΝΑΛΥΤΙΚΗΣ ΛΟΓΙΣΤΙΚΗΣ ΕΚΜΕΤΑΛΕΥΣΕΩΣ,,group,,1,,,,,,ΛΟΓΑΡΙΑΣΜΟΙ ΑΝΑΛΥΤΙΚΗΣ ΛΟΓΙΣΤΙΚΗΣ ΕΚΜΕΤΑΛΕΥΣΕΩΣ,missing_root_type
,ΑΝΑΚΑΤΑΤΑΞΗ ΕΞΟΔΩΝ - ΑΓΟΡΩΝ ΚΑΙ ΕΣΟΔΩΝ,,unspecified,,0,,ΛΟΓΑΡΙΑΣΜΟΙ ΑΝΑΛΥΤΙΚΗΣ ΛΟΓΙΣΤΙΚΗΣ ΕΚΜΕΤΑΛΕΥΣΕΩΣ,,,,ΛΟΓΑΡΙΑΣΜΟΙ ΑΝΑΛΥΤΙΚΗΣ ΛΟΓΙΣΤΙΚΗΣ ΕΚΜΕΤΑΛΕΥΣΕΩΣ / ΑΝΑΚΑΤΑΤΑΞΗ ΕΞΟΔΩΝ - ΑΓΟΡΩΝ ΚΑΙ ΕΣΟΔΩΝ,missing_root_type
,ΑΝΑΛΥΤΙΚΑ ΑΠΟΤΕΛΕΣΜΑΤΑ,,unspecified,,0,,ΛΟΓΑΡΙΑΣΜΟΙ ΑΝΑΛΥΤΙΚΗΣ ΛΟΓΙΣΤΙΚΗΣ ΕΚΜΕΤΑΛΕΥΣΕΩΣ,,,,ΛΟΓΑΡΙΑΣΜΟΙ ΑΝΑΛΥΤΙΚΗΣ ΛΟΓΙΣΤΙΚΗΣ ΕΚΜΕΤΑΛΕΥΣΕΩΣ / ΑΝΑΛΥΤΙΚΑ ΑΠΟΤΕΛΕΣΜΑΤΑ,missing_root_type
,ΑΠΟΘΕΜΑΤΑ,,group,,1,,ΛΟΓΑΡΙΑΣΜΟΙ ΑΝΑΛΥΤΙΚΗΣ ΛΟΓΙΣΤΙΚΗΣ ΕΚΜΕΤΑΛΕΥΣΕΩΣ,,,,ΛΟΓΑΡΙΑΣΜΟΙ ΑΝΑΛΥΤΙΚΗΣ ΛΟΓΙΣΤΙΚΗΣ ΕΚΜΕΤΑΛΕΥΣΕΩΣ / ΑΠΟΘΕΜΑΤΑ,missing_root_type
,Αναλώσιμα υλικά,,group,,1,,ΛΟΓΑΡΙΑΣΜΟΙ ΑΝΑΛΥΤΙΚΗΣ ΛΟΓΙΣΤΙΚΗΣ ΕΚΜΕΤΑΛΕΥΣΕΩΣ / ΑΠΟΘΕΜΑΤΑ,,,,ΛΟΓΑΡΙΑΣΜΟΙ ΑΝΑΛΥΤΙΚΗΣ ΛΟΓΙΣΤΙΚΗΣ ΕΚΜΕΤΑΛΕΥΣΕΩΣ / ΑΠΟΘΕΜΑΤΑ / Αναλώσιμα υλικά,missing_root_type
,Αναλώσιμα υλικά σε τριτούς,,unspecified,,0,,ΛΟΓΑΡΙΑΣΜΟΙ ΑΝΑΛΥΤΙΚΗΣ ΛΟΓΙΣΤΙΚΗΣ ΕΚΜΕΤΑΛΕΥΣΕΩΣ / ΑΠΟΘΕΜΑΤΑ / Αναλώσιμα υλικά,,,,ΛΟΓΑΡΙΑΣΜΟΙ ΑΝΑΛΥΤΙΚΗΣ ΛΟΓΙΣΤΙΚΗΣ ΕΚΜΕΤΑΛΕΥΣΕΩΣ / ΑΠΟΘΕΜΑΤΑ / Αναλώσιμα υλικά / Αναλώσιμα υλικά σε τριτούς,missing_root_type
,Λιγνίτης,,unspecified,,0,,ΛΟΓΑΡΙΑΣΜΟΙ ΑΝΑΛΥΤΙΚΗΣ ΛΟΓΙΣΤΙΚΗΣ ΕΚΜΕΤΑΛΕΥΣΕΩΣ / ΑΠΟΘΕΜΑΤΑ / Αναλώσιμα υλικά,,,,ΛΟΓΑΡΙΑΣΜΟΙ ΑΝΑΛΥΤΙΚΗΣ ΛΟΓΙΣΤΙΚΗΣ ΕΚΜΕΤΑΛΕΥΣΕΩΣ / ΑΠΟΘΕΜΑΤΑ / Αναλώσιμα υλικά / Λιγνίτης,missing_root_type
,Μαζούτ,,unspecified,,0,,ΛΟΓΑΡΙΑΣΜΟΙ ΑΝΑΛΥΤΙΚΗΣ ΛΟΓΙΣΤΙΚΗΣ ΕΚΜΕΤΑΛΕΥΣΕΩΣ / ΑΠΟΘΕΜΑΤΑ / Αναλώσιμα υλικά,,,,ΛΟΓΑΡΙΑΣΜΟΙ ΑΝΑΛΥΤΙΚΗΣ ΛΟΓΙΣΤΙΚΗΣ ΕΚΜΕΤΑΛΕΥΣΕΩΣ / ΑΠΟΘΕΜΑΤΑ / Αναλώσιμα υλικά / Μαζούτ,missing_root_type
,Μικρά εργαλεία,,unspecified,,0,,ΛΟΓΑΡΙΑΣΜΟΙ ΑΝΑΛΥΤΙΚΗΣ ΛΟΓΙΣΤΙΚΗΣ ΕΚΜΕΤΑΛΕΥΣΕΩΣ / ΑΠΟΘΕΜΑΤΑ / Αναλώσιμα υλικά,,,,ΛΟΓΑΡΙΑΣΜΟΙ ΑΝΑΛΥΤΙΚΗΣ ΛΟΓΙΣΤΙΚΗΣ ΕΚΜΕΤΑΛΕΥΣΕΩΣ / ΑΠΟΘΕΜΑΤΑ / Αναλώσιμα υλικά / Μικρά εργαλεία,missing_root_type
,Πετρέλαιο,,unspecified,,0,,ΛΟΓΑΡΙΑΣΜΟΙ ΑΝΑΛΥΤΙΚΗΣ ΛΟΓΙΣΤΙΚΗΣ ΕΚΜΕΤΑΛΕΥΣΕΩΣ / ΑΠΟΘΕΜΑΤΑ / Αναλώσιμα υλικά,,,,ΛΟΓΑΡΙΑΣΜΟΙ ΑΝΑΛΥΤΙΚΗΣ ΛΟΓΙΣΤΙΚΗΣ ΕΚΜΕΤΑΛΕΥΣΕΩΣ / ΑΠΟΘΕΜΑΤΑ / Αναλώσιμα υλικά / Πετρέλαιο,missing_root_type
,Ανταλλακτικά παγίων στοιχείων,,group,,1,,ΛΟΓΑΡΙΑΣΜΟΙ ΑΝΑΛΥΤΙΚΗΣ ΛΟΓΙΣΤΙΚΗΣ ΕΚΜΕΤΑΛΕΥΣΕΩΣ / ΑΠΟΘΕΜΑΤΑ,,,,ΛΟΓΑΡΙΑΣΜΟΙ ΑΝΑΛΥΤΙΚΗΣ ΛΟΓΙΣΤΙΚΗΣ ΕΚΜΕΤΑΛΕΥΣΕΩΣ / ΑΠΟΘΕΜΑΤΑ / Ανταλλακτικά παγίων στοιχείων,missing_root_type
,Ανταλλακτικά παγίων στοιχείων σε τρίτους,,unspecified,,0,,ΛΟΓΑΡΙΑΣΜΟΙ ΑΝΑΛΥΤΙΚΗΣ ΛΟΓΙΣΤΙΚΗΣ ΕΚΜΕΤΑΛΕΥΣΕΩΣ / ΑΠΟΘΕΜΑΤΑ / Ανταλλακτικά παγίων στοιχείων,,,,ΛΟΓΑΡΙΑΣΜΟΙ ΑΝΑΛΥΤΙΚΗΣ ΛΟΓΙΣΤΙΚΗΣ ΕΚΜΕΤΑΛΕΥΣΕΩΣ / ΑΠΟΘΕΜΑΤΑ / Ανταλλακτικά παγίων στοιχείων / Ανταλλακτικά παγίων στοιχείων σε τρίτους,missing_root_type
,Είδη συσκευασίας,,group,,1,,ΛΟΓΑΡΙΑΣΜΟΙ ΑΝΑΛΥΤΙΚΗΣ ΛΟΓΙΣΤΙΚΗΣ ΕΚΜΕΤΑΛΕΥΣΕΩΣ / ΑΠΟΘΕΜΑΤΑ,,,,ΛΟΓΑΡΙΑΣΜΟΙ ΑΝΑΛΥΤΙΚΗΣ ΛΟΓΙΣΤΙΚΗΣ ΕΚΜΕΤΑΛΕΥΣΕΩΣ / ΑΠΟΘΕΜΑΤΑ / Είδη συσκευασίας,missing_root_type
,Είδη συσκευασίας σε τρίτους (ως παρακαταθήκη),,unspecified,,0,,ΛΟΓΑΡΙΑΣΜΟΙ ΑΝΑΛΥΤΙΚΗΣ ΛΟΓΙΣΤΙΚΗΣ ΕΚΜΕΤΑΛΕΥΣΕΩΣ / ΑΠΟΘΕΜΑΤΑ / Είδη συσκευασίας,,,,ΛΟΓΑΡΙΑΣΜΟΙ ΑΝΑΛΥΤΙΚΗΣ ΛΟΓΙΣΤΙΚΗΣ ΕΚΜΕΤΑΛΕΥΣΕΩΣ / ΑΠΟΘΕΜΑΤΑ / Είδη συσκευασίας / Είδη συσκευασίας σε τρίτους (ως παρακαταθήκη),missing_root_type
,Είδη συσκευασίας σε τρίτους επιστρεπτέα,,unspecified,,0,,ΛΟΓΑΡΙΑΣΜΟΙ ΑΝΑΛΥΤΙΚΗΣ ΛΟΓΙΣΤΙΚΗΣ ΕΚΜΕΤΑΛΕΥΣΕΩΣ / ΑΠΟΘΕΜΑΤΑ / Είδη συσκευασίας,,,,ΛΟΓΑΡΙΑΣΜΟΙ ΑΝΑΛΥΤΙΚΗΣ ΛΟΓΙΣΤΙΚΗΣ ΕΚΜΕΤΑΛΕΥΣΕΩΣ / ΑΠΟΘΕΜΑΤΑ / Είδη συσκευασίας / Είδη συσκευασίας σε τρίτους επιστρεπτέα,missing_root_type
,Είδη συσκευασίας στις αποθήκες,,unspecified,,0,,ΛΟΓΑΡΙΑΣΜΟΙ ΑΝΑΛΥΤΙΚΗΣ ΛΟΓΙΣΤΙΚΗΣ ΕΚΜΕΤΑΛΕΥΣΕΩΣ / ΑΠΟΘΕΜΑΤΑ / Είδη συσκευασίας,,,,ΛΟΓΑΡΙΑΣΜΟΙ ΑΝΑΛΥΤΙΚΗΣ ΛΟΓΙΣΤΙΚΗΣ ΕΚΜΕΤΑΛΕΥΣΕΩΣ / ΑΠΟΘΕΜΑΤΑ / Είδη συσκευασίας / Είδη συσκευασίας στις αποθήκες,missing_root_type
,Εμπορεύματα,,group,,1,,ΛΟΓΑΡΙΑΣΜΟΙ ΑΝΑΛΥΤΙΚΗΣ ΛΟΓΙΣΤΙΚΗΣ ΕΚΜΕΤΑΛΕΥΣΕΩΣ / ΑΠΟΘΕΜΑΤΑ,,,,ΛΟΓΑΡΙΑΣΜΟΙ ΑΝΑΛΥΤΙΚΗΣ ΛΟΓΙΣΤΙΚΗΣ ΕΚΜΕΤΑΛΕΥΣΕΩΣ / ΑΠΟΘΕΜΑΤΑ / Εμπορεύματα,missing_root_type
,Εμπορεύματα σε τρίτους,,unspecified,,0,,ΛΟΓΑΡΙΑΣΜΟΙ ΑΝΑΛΥΤΙΚΗΣ ΛΟΓΙΣΤΙΚΗΣ ΕΚΜΕΤΑΛΕΥΣΕΩΣ / ΑΠΟΘΕΜΑΤΑ / Εμπορεύματα,,,,ΛΟΓΑΡΙΑΣΜΟΙ ΑΝΑΛΥΤΙΚΗΣ ΛΟΓΙΣΤΙΚΗΣ ΕΚΜΕΤΑΛΕΥΣΕΩΣ / ΑΠΟΘΕΜΑΤΑ / Εμπορεύματα / Εμπορεύματα σε τρίτους,missing_root_type
,Παραγωγή σε εξέλιξη,,group,,1,,ΛΟΓΑΡΙΑΣΜΟΙ ΑΝΑΛΥΤΙΚΗΣ ΛΟΓΙΣΤΙΚΗΣ ΕΚΜΕΤΑΛΕΥΣΕΩΣ / ΑΠΟΘΕΜΑΤΑ,,,,ΛΟΓΑΡΙΑΣΜΟΙ ΑΝΑΛΥΤΙΚΗΣ ΛΟΓΙΣΤΙΚΗΣ ΕΚΜΕΤΑΛΕΥΣΕΩΣ / ΑΠΟΘΕΜΑΤΑ / Παραγωγή σε εξέλιξη,missing_root_type
,Παραγωγή σε εξέλιξη σε τρίτους,,unspecified,,0,,ΛΟΓΑΡΙΑΣΜΟΙ ΑΝΑΛΥΤΙΚΗΣ ΛΟΓΙΣΤΙΚΗΣ ΕΚΜΕΤΑΛΕΥΣΕΩΣ / ΑΠΟΘΕΜΑΤΑ / Παραγωγή σε εξέλιξη,,,,ΛΟΓΑΡΙΑΣΜΟΙ ΑΝΑΛΥΤΙΚΗΣ ΛΟΓΙΣΤΙΚΗΣ ΕΚΜΕΤΑΛΕΥΣΕΩΣ / ΑΠΟΘΕΜΑΤΑ / Παραγωγή σε εξέλιξη / Παραγωγή σε εξέλιξη σε τρίτους,missing_root_type
,Προϊόντα έτοιμα και ημιτελή,,group,,1,,ΛΟΓΑΡΙΑΣΜΟΙ ΑΝΑΛΥΤΙΚΗΣ ΛΟΓΙΣΤΙΚΗΣ ΕΚΜΕΤΑΛΕΥΣΕΩΣ / ΑΠΟΘΕΜΑΤΑ,,,,ΛΟΓΑΡΙΑΣΜΟΙ ΑΝΑΛΥΤΙΚΗΣ ΛΟΓΙΣΤΙΚΗΣ ΕΚΜΕΤΑΛΕΥΣΕΩΣ / ΑΠΟΘΕΜΑΤΑ / Προϊόντα έτοιμα και ημιτελή,missing_root_type
,Προϊόντα έτοιμα και ημιτελή σε τρίτους,,unspecified,,0,,ΛΟΓΑΡΙΑΣΜΟΙ ΑΝΑΛΥΤΙΚΗΣ ΛΟΓΙΣΤΙΚΗΣ ΕΚΜΕΤΑΛΕΥΣΕΩΣ / ΑΠΟΘΕΜΑΤΑ / Προϊόντα έτοιμα και ημιτελή,,,,ΛΟΓΑΡΙΑΣΜΟΙ ΑΝΑΛΥΤΙΚΗΣ ΛΟΓΙΣΤΙΚΗΣ ΕΚΜΕΤΑΛΕΥΣΕΩΣ / ΑΠΟΘΕΜΑΤΑ / Προϊόντα έτοιμα και ημιτελή / Προϊόντα έτοιμα και ημιτελή σε τρίτους,missing_root_type
,Πρώτες και βοηθητικές ύλες - Υλικά συσκευασίας,,group,,1,,ΛΟΓΑΡΙΑΣΜΟΙ ΑΝΑΛΥΤΙΚΗΣ ΛΟΓΙΣΤΙΚΗΣ ΕΚΜΕΤΑΛΕΥΣΕΩΣ / ΑΠΟΘΕΜΑΤΑ,,,,ΛΟΓΑΡΙΑΣΜΟΙ ΑΝΑΛΥΤΙΚΗΣ ΛΟΓΙΣΤΙΚΗΣ ΕΚΜΕΤΑΛΕΥΣΕΩΣ / ΑΠΟΘΕΜΑΤΑ / Πρώτες και βοηθητικές ύλες - Υλικά συσκευασίας,missing_root_type
,Πρώτες και βοηθητικές ύλες - Υλικά συσκευασίας σε τρίτους,,unspecified,,0,,ΛΟΓΑΡΙΑΣΜΟΙ ΑΝΑΛΥΤΙΚΗΣ ΛΟΓΙΣΤΙΚΗΣ ΕΚΜΕΤΑΛΕΥΣΕΩΣ / ΑΠΟΘΕΜΑΤΑ / Πρώτες και βοηθητικές ύλες - Υλικά συσκευασίας,,,,ΛΟΓΑΡΙΑΣΜΟΙ ΑΝΑΛΥΤΙΚΗΣ ΛΟΓΙΣΤΙΚΗΣ ΕΚΜΕΤΑΛΕΥΣΕΩΣ / ΑΠΟΘΕΜΑΤΑ / Πρώτες και βοηθητικές ύλες - Υλικά συσκευασίας / Πρώτες και βοηθητικές ύλες - Υλικά συσκευασίας σε τρίτους,missing_root_type
,Υποπροϊόντα και υπολείμματα,,group,,1,,ΛΟΓΑΡΙΑΣΜΟΙ ΑΝΑΛΥΤΙΚΗΣ ΛΟΓΙΣΤΙΚΗΣ ΕΚΜΕΤΑΛΕΥΣΕΩΣ / ΑΠΟΘΕΜΑΤΑ,,,,ΛΟΓΑΡΙΑΣΜΟΙ ΑΝΑΛΥΤΙΚΗΣ ΛΟΓΙΣΤΙΚΗΣ ΕΚΜΕΤΑΛΕΥΣΕΩΣ / ΑΠΟΘΕΜΑΤΑ / Υποπροϊόντα και υπολείμματα,missing_root_type
,Υποπροϊόντα και υπολείμματα σε τρίτους,,unspecified,,0,,ΛΟΓΑΡΙΑΣΜΟΙ ΑΝΑΛΥΤΙΚΗΣ ΛΟΓΙΣΤΙΚΗΣ ΕΚΜΕΤΑΛΕΥΣΕΩΣ / ΑΠΟΘΕΜΑΤΑ / Υποπροϊόντα και υπολείμματα,,,,ΛΟΓΑΡΙΑΣΜΟΙ ΑΝΑΛΥΤΙΚΗΣ ΛΟΓΙΣΤΙΚΗΣ ΕΚΜΕΤΑΛΕΥΣΕΩΣ / ΑΠΟΘΕΜΑΤΑ / Υποπροϊόντα και υπολείμματα / Υποπροϊόντα και υπολείμματα σε τρίτους,missing_root_type
,ΑΠΟΚΛΙΣΕΙΣ ΑΠΟ ΠΡΟΤΥΠΟ ΚΟΣΤΟΥΣ,,unspecified,,0,,ΛΟΓΑΡΙΑΣΜΟΙ ΑΝΑΛΥΤΙΚΗΣ ΛΟΓΙΣΤΙΚΗΣ ΕΚΜΕΤΑΛΕΥΣΕΩΣ,,,,ΛΟΓΑΡΙΑΣΜΟΙ ΑΝΑΛΥΤΙΚΗΣ ΛΟΓΙΣΤΙΚΗΣ ΕΚΜΕΤΑΛΕΥΣΕΩΣ / ΑΠΟΚΛΙΣΕΙΣ ΑΠΟ ΠΡΟΤΥΠΟ ΚΟΣΤΟΥΣ,missing_root_type
,ΔΙΑΜΕΣΟΙ ΑΝΤΙΚΡΥΖΟΜΕΝΟΙ ΛΟΓΑΡΙΑΣΜΟΙ,,unspecified,,0,,ΛΟΓΑΡΙΑΣΜΟΙ ΑΝΑΛΥΤΙΚΗΣ ΛΟΓΙΣΤΙΚΗΣ ΕΚΜΕΤΑΛΕΥΣΕΩΣ,,,,ΛΟΓΑΡΙΑΣΜΟΙ ΑΝΑΛΥΤΙΚΗΣ ΛΟΓΙΣΤΙΚΗΣ ΕΚΜΕΤΑΛΕΥΣΕΩΣ / ΔΙΑΜΕΣΟΙ ΑΝΤΙΚΡΥΖΟΜΕΝΟΙ ΛΟΓΑΡΙΑΣΜΟΙ,missing_root_type
,ΔΙΑΦΟΡΕΣ ΕΝΣΩΜΑΤΩΜΕΝΕΣ ΚΑΙ ΚΑΤΑΛΟΓΙΣΜΟΥ,,unspecified,,0,,ΛΟΓΑΡΙΑΣΜΟΙ ΑΝΑΛΥΤΙΚΗΣ ΛΟΓΙΣΤΙΚΗΣ ΕΚΜΕΤΑΛΕΥΣΕΩΣ,,,,ΛΟΓΑΡΙΑΣΜΟΙ ΑΝΑΛΥΤΙΚΗΣ ΛΟΓΙΣΤΙΚΗΣ ΕΚΜΕΤΑΛΕΥΣΕΩΣ / ΔΙΑΦΟΡΕΣ ΕΝΣΩΜΑΤΩΜΕΝΕΣ ΚΑΙ ΚΑΤΑΛΟΓΙΣΜΟΥ,missing_root_type
,ΕΣΟΔΑ - ΜΙΚΤΑ ΑΝΑΛΥΤΙΚΑ ΑΠΟΤΕΛΕΣΜΑΤΑ,,unspecified,,0,,ΛΟΓΑΡΙΑΣΜΟΙ ΑΝΑΛΥΤΙΚΗΣ ΛΟΓΙΣΤΙΚΗΣ ΕΚΜΕΤΑΛΕΥΣΕΩΣ,,,,ΛΟΓΑΡΙΑΣΜΟΙ ΑΝΑΛΥΤΙΚΗΣ ΛΟΓΙΣΤΙΚΗΣ ΕΚΜΕΤΑΛΕΥΣΕΩΣ / ΕΣΟΔΑ - ΜΙΚΤΑ ΑΝΑΛΥΤΙΚΑ ΑΠΟΤΕΛΕΣΜΑΤΑ,missing_root_type
,ΚΕΝΤΡΑ (ΘΕΣΕΙΣ) ΚΟΣΤΟΥΣ,,group,,1,,ΛΟΓΑΡΙΑΣΜΟΙ ΑΝΑΛΥΤΙΚΗΣ ΛΟΓΙΣΤΙΚΗΣ ΕΚΜΕΤΑΛΕΥΣΕΩΣ,,,,ΛΟΓΑΡΙΑΣΜΟΙ ΑΝΑΛΥΤΙΚΗΣ ΛΟΓΙΣΤΙΚΗΣ ΕΚΜΕΤΑΛΕΥΣΕΩΣ / ΚΕΝΤΡΑ (ΘΕΣΕΙΣ) ΚΟΣΤΟΥΣ,missing_root_type
,Έξοδα Διοικητικής λειτουργίας,,unspecified,,0,,ΛΟΓΑΡΙΑΣΜΟΙ ΑΝΑΛΥΤΙΚΗΣ ΛΟΓΙΣΤΙΚΗΣ ΕΚΜΕΤΑΛΕΥΣΕΩΣ / ΚΕΝΤΡΑ (ΘΕΣΕΙΣ) ΚΟΣΤΟΥΣ,,,,ΛΟΓΑΡΙΑΣΜΟΙ ΑΝΑΛΥΤΙΚΗΣ ΛΟΓΙΣΤΙΚΗΣ ΕΚΜΕΤΑΛΕΥΣΕΩΣ / ΚΕΝΤΡΑ (ΘΕΣΕΙΣ) ΚΟΣΤΟΥΣ / Έξοδα Διοικητικής λειτουργίας,missing_root_type
,Έξοδα λειτουργίας διαθέσεως,,unspecified,,0,,ΛΟΓΑΡΙΑΣΜΟΙ ΑΝΑΛΥΤΙΚΗΣ ΛΟΓΙΣΤΙΚΗΣ ΕΚΜΕΤΑΛΕΥΣΕΩΣ / ΚΕΝΤΡΑ (ΘΕΣΕΙΣ) ΚΟΣΤΟΥΣ,,,,ΛΟΓΑΡΙΑΣΜΟΙ ΑΝΑΛΥΤΙΚΗΣ ΛΟΓΙΣΤΙΚΗΣ ΕΚΜΕΤΑΛΕΥΣΕΩΣ / ΚΕΝΤΡΑ (ΘΕΣΕΙΣ) ΚΟΣΤΟΥΣ / Έξοδα λειτουργίας διαθέσεως,missing_root_type
,Έξοδα λειτουργίας ερευνών και ανάπτυξης,,unspecified,,0,,ΛΟΓΑΡΙΑΣΜΟΙ ΑΝΑΛΥΤΙΚΗΣ ΛΟΓΙΣΤΙΚΗΣ ΕΚΜΕΤΑΛΕΥΣΕΩΣ / ΚΕΝΤΡΑ (ΘΕΣΕΙΣ) ΚΟΣΤΟΥΣ,,,,ΛΟΓΑΡΙΑΣΜΟΙ ΑΝΑΛΥΤΙΚΗΣ ΛΟΓΙΣΤΙΚΗΣ ΕΚΜΕΤΑΛΕΥΣΕΩΣ / ΚΕΝΤΡΑ (ΘΕΣΕΙΣ) ΚΟΣΤΟΥΣ / Έξοδα λειτουργίας ερευνών και ανάπτυξης,missing_root_type
,Έξοδα λειτουργίας παραγωγής,,unspecified,,0,,ΛΟΓΑΡΙΑΣΜΟΙ ΑΝΑΛΥΤΙΚΗΣ ΛΟΓΙΣΤΙΚΗΣ ΕΚΜΕΤΑΛΕΥΣΕΩΣ / ΚΕΝΤΡΑ (ΘΕΣΕΙΣ) ΚΟΣΤΟΥΣ,,,,ΛΟΓΑΡΙΑΣΜΟΙ ΑΝΑΛΥΤΙΚΗΣ ΛΟΓΙΣΤΙΚΗΣ ΕΚΜΕΤΑΛΕΥΣΕΩΣ / ΚΕΝΤΡΑ (ΘΕΣΕΙΣ) ΚΟΣΤΟΥΣ / Έξοδα λειτουργίας παραγωγής,missing_root_type
,Έξοδα χρηματοοικονομικής λειτουργίας,,unspecified,,0,,ΛΟΓΑΡΙΑΣΜΟΙ ΑΝΑΛΥΤΙΚΗΣ ΛΟΓΙΣΤΙΚΗΣ ΕΚΜΕΤΑΛΕΥΣΕΩΣ / ΚΕΝΤΡΑ (ΘΕΣΕΙΣ) ΚΟΣΤΟΥΣ,,,,ΛΟΓΑΡΙΑΣΜΟΙ ΑΝΑΛΥΤΙΚΗΣ ΛΟΓΙΣΤΙΚΗΣ ΕΚΜΕΤΑΛΕΥΣΕΩΣ / ΚΕΝΤΡΑ (ΘΕΣΕΙΣ) ΚΟΣΤΟΥΣ / Έξοδα χρηματοοικονομικής λειτουργίας,missing_root_type
,ΚΟΣΤΟΣ ΠΑΡΑΓΩΓΗΣ (Παραγωγή σε εξέλιξη),,unspecified,,0,,ΛΟΓΑΡΙΑΣΜΟΙ ΑΝΑΛΥΤΙΚΗΣ ΛΟΓΙΣΤΙΚΗΣ ΕΚΜΕΤΑΛΕΥΣΕΩΣ,,,,ΛΟΓΑΡΙΑΣΜΟΙ ΑΝΑΛΥΤΙΚΗΣ ΛΟΓΙΣΤΙΚΗΣ ΕΚΜΕΤΑΛΕΥΣΕΩΣ / ΚΟΣΤΟΣ ΠΑΡΑΓΩΓΗΣ (Παραγωγή σε εξέλιξη),missing_root_type
,ΛΟΓΑΡΙΑΣΜΟΙ ΑΠΟΤΕΛΕΣΜΑΤΩΝ,,group,,1,,,,,,ΛΟΓΑΡΙΑΣΜΟΙ ΑΠΟΤΕΛΕΣΜΑΤΩΝ,missing_root_type
,ΑΠΟΣΒΕΣΕΙΣ ΠΑΓΙΩΝ ΜΗ ΕΝΣΩΜΑΤΩΜΕΝΕΣ ΣΤΟ ΛΕΙΤΟΥΡΓΙΚΟ ΚΟΣΤΟΣ,,group,,1,,ΛΟΓΑΡΙΑΣΜΟΙ ΑΠΟΤΕΛΕΣΜΑΤΩΝ,,,,ΛΟΓΑΡΙΑΣΜΟΙ ΑΠΟΤΕΛΕΣΜΑΤΩΝ / ΑΠΟΣΒΕΣΕΙΣ ΠΑΓΙΩΝ ΜΗ ΕΝΣΩΜΑΤΩΜΕΝΕΣ ΣΤΟ ΛΕΙΤΟΥΡΓΙΚΟ ΚΟΣΤΟΣ,missing_root_type
,Αποσβέσεις ασώματων ακινητοποιήσεων και εξόδων πολυετούς απόσβεσης,,group,,1,,ΛΟΓΑΡΙΑΣΜΟΙ ΑΠΟΤΕΛΕΣΜΑΤΩΝ / ΑΠΟΣΒΕΣΕΙΣ ΠΑΓΙΩΝ ΜΗ ΕΝΣΩΜΑΤΩΜΕΝΕΣ ΣΤΟ ΛΕΙΤΟΥΡΓΙΚΟ ΚΟΣΤΟΣ,,,,ΛΟΓΑΡΙΑΣΜΟΙ ΑΠΟΤΕΛΕΣΜΑΤΩΝ / ΑΠΟΣΒΕΣΕΙΣ ΠΑΓΙΩΝ ΜΗ ΕΝΣΩΜΑΤΩΜΕΝΕΣ ΣΤΟ ΛΕΙΤΟΥΡΓΙΚΟ ΚΟΣΤΟΣ / Αποσβέσεις ασώματων ακινητοποιήσεων και εξόδων πολυετούς απόσβεσης,missing_root_type
,Αποσβέσεις διαφορών έκδοσης και εξόφλησης ομολογιών,,unspecified,,0,,ΛΟΓΑΡΙΑΣΜΟΙ ΑΠΟΤΕΛΕΣΜΑΤΩΝ / ΑΠΟΣΒΕΣΕΙΣ ΠΑΓΙΩΝ ΜΗ ΕΝΣΩΜΑΤΩΜΕΝΕΣ ΣΤΟ ΛΕΙΤΟΥΡΓΙΚΟ ΚΟΣΤΟΣ / Αποσβέσεις ασώματων ακινητοποιήσεων και εξόδων πολυετούς απόσβεσης,,,,ΛΟΓΑΡΙΑΣΜΟΙ ΑΠΟΤΕΛΕΣΜΑΤΩΝ / ΑΠΟΣΒΕΣΕΙΣ ΠΑΓΙΩΝ ΜΗ ΕΝΣΩΜΑΤΩΜΕΝΕΣ ΣΤΟ ΛΕΙΤΟΥΡΓΙΚΟ ΚΟΣΤΟΣ / Αποσβέσεις ασώματων ακινητοποιήσεων και εξόδων πολυετούς απόσβεσης / Αποσβέσεις διαφορών έκδοσης και εξόφλησης ομολογιών,missing_root_type
,Αποσβέσεις δικαιωμάτων βιομηχανικής ιδιοκτησίας,,unspecified,,0,,ΛΟΓΑΡΙΑΣΜΟΙ ΑΠΟΤΕΛΕΣΜΑΤΩΝ / ΑΠΟΣΒΕΣΕΙΣ ΠΑΓΙΩΝ ΜΗ ΕΝΣΩΜΑΤΩΜΕΝΕΣ ΣΤΟ ΛΕΙΤΟΥΡΓΙΚΟ ΚΟΣΤΟΣ / Αποσβέσεις ασώματων ακινητοποιήσεων και εξόδων πολυετούς απόσβεσης,,,,ΛΟΓΑΡΙΑΣΜΟΙ ΑΠΟΤΕΛΕΣΜΑΤΩΝ / ΑΠΟΣΒΕΣΕΙΣ ΠΑΓΙΩΝ ΜΗ ΕΝΣΩΜΑΤΩΜΕΝΕΣ ΣΤΟ ΛΕΙΤΟΥΡΓΙΚΟ ΚΟΣΤΟΣ / Αποσβέσεις ασώματων ακινητοποιήσεων και εξόδων πολυετούς απόσβεσης / Αποσβέσεις δικαιωμάτων βιομηχανικής ιδιοκτησίας,missing_root_type
,Αποσβέσεις δικαιωμάτων εκμετ/σης ορυχείων - μεταλλείων - λατομείων,,unspecified,,0,,ΛΟΓΑΡΙΑΣΜΟΙ ΑΠΟΤΕΛΕΣΜΑΤΩΝ / ΑΠΟΣΒΕΣΕΙΣ ΠΑΓΙΩΝ ΜΗ ΕΝΣΩΜΑΤΩΜΕΝΕΣ ΣΤΟ ΛΕΙΤΟΥΡΓΙΚΟ ΚΟΣΤΟΣ / Αποσβέσεις ασώματων ακινητοποιήσεων και εξόδων πολυετούς απόσβεσης,,,,ΛΟΓΑΡΙΑΣΜΟΙ ΑΠΟΤΕΛΕΣΜΑΤΩΝ / ΑΠΟΣΒΕΣΕΙΣ ΠΑΓΙΩΝ ΜΗ ΕΝΣΩΜΑΤΩΜΕΝΕΣ ΣΤΟ ΛΕΙΤΟΥΡΓΙΚΟ ΚΟΣΤΟΣ / Αποσβέσεις ασώματων ακινητοποιήσεων και εξόδων πολυετούς απόσβεσης / Αποσβέσεις δικαιωμάτων εκμετ/σης ορυχείων - μεταλλείων - λατομείων,missing_root_type
,Αποσβέσεις δικαιωμάτων χρήσης ενσώματων παγίων στοιχείων,,unspecified,,0,,ΛΟΓΑΡΙΑΣΜΟΙ ΑΠΟΤΕΛΕΣΜΑΤΩΝ / ΑΠΟΣΒΕΣΕΙΣ ΠΑΓΙΩΝ ΜΗ ΕΝΣΩΜΑΤΩΜΕΝΕΣ ΣΤΟ ΛΕΙΤΟΥΡΓΙΚΟ ΚΟΣΤΟΣ / Αποσβέσεις ασώματων ακινητοποιήσεων και εξόδων πολυετούς απόσβεσης,,,,ΛΟΓΑΡΙΑΣΜΟΙ ΑΠΟΤΕΛΕΣΜΑΤΩΝ / ΑΠΟΣΒΕΣΕΙΣ ΠΑΓΙΩΝ ΜΗ ΕΝΣΩΜΑΤΩΜΕΝΕΣ ΣΤΟ ΛΕΙΤΟΥΡΓΙΚΟ ΚΟΣΤΟΣ / Αποσβέσεις ασώματων ακινητοποιήσεων και εξόδων πολυετούς απόσβεσης / Αποσβέσεις δικαιωμάτων χρήσης ενσώματων παγίων στοιχείων,missing_root_type
,Αποσβέσεις εξόδων ίδρυσης και α' εγκατάστασης,,unspecified,,0,,ΛΟΓΑΡΙΑΣΜΟΙ ΑΠΟΤΕΛΕΣΜΑΤΩΝ / ΑΠΟΣΒΕΣΕΙΣ ΠΑΓΙΩΝ ΜΗ ΕΝΣΩΜΑΤΩΜΕΝΕΣ ΣΤΟ ΛΕΙΤΟΥΡΓΙΚΟ ΚΟΣΤΟΣ / Αποσβέσεις ασώματων ακινητοποιήσεων και εξόδων πολυετούς απόσβεσης,,,,ΛΟΓΑΡΙΑΣΜΟΙ ΑΠΟΤΕΛΕΣΜΑΤΩΝ / ΑΠΟΣΒΕΣΕΙΣ ΠΑΓΙΩΝ ΜΗ ΕΝΣΩΜΑΤΩΜΕΝΕΣ ΣΤΟ ΛΕΙΤΟΥΡΓΙΚΟ ΚΟΣΤΟΣ / Αποσβέσεις ασώματων ακινητοποιήσεων και εξόδων πολυετούς απόσβεσης / Αποσβέσεις εξόδων ίδρυσης και α' εγκατάστασης,missing_root_type
,Αποσβέσεις εξόδων αύξησης κεφαλαίου και έκδοσης ομολογιακών δανείων,,unspecified,,0,,ΛΟΓΑΡΙΑΣΜΟΙ ΑΠΟΤΕΛΕΣΜΑΤΩΝ / ΑΠΟΣΒΕΣΕΙΣ ΠΑΓΙΩΝ ΜΗ ΕΝΣΩΜΑΤΩΜΕΝΕΣ ΣΤΟ ΛΕΙΤΟΥΡΓΙΚΟ ΚΟΣΤΟΣ / Αποσβέσεις ασώματων ακινητοποιήσεων και εξόδων πολυετούς απόσβεσης,,,,ΛΟΓΑΡΙΑΣΜΟΙ ΑΠΟΤΕΛΕΣΜΑΤΩΝ / ΑΠΟΣΒΕΣΕΙΣ ΠΑΓΙΩΝ ΜΗ ΕΝΣΩΜΑΤΩΜΕΝΕΣ ΣΤΟ ΛΕΙΤΟΥΡΓΙΚΟ ΚΟΣΤΟΣ / Αποσβέσεις ασώματων ακινητοποιήσεων και εξόδων πολυετούς απόσβεσης / Αποσβέσεις εξόδων αύξησης κεφαλαίου και έκδοσης ομολογιακών δανείων,missing_root_type
,Αποσβέσεις εξόδων ερευνών ορυχείων - μεταλλείων - λατομείων,,unspecified,,0,,ΛΟΓΑΡΙΑΣΜΟΙ ΑΠΟΤΕΛΕΣΜΑΤΩΝ / ΑΠΟΣΒΕΣΕΙΣ ΠΑΓΙΩΝ ΜΗ ΕΝΣΩΜΑΤΩΜΕΝΕΣ ΣΤΟ ΛΕΙΤΟΥΡΓΙΚΟ ΚΟΣΤΟΣ / Αποσβέσεις ασώματων ακινητοποιήσεων και εξόδων πολυετούς απόσβεσης,,,,ΛΟΓΑΡΙΑΣΜΟΙ ΑΠΟΤΕΛΕΣΜΑΤΩΝ / ΑΠΟΣΒΕΣΕΙΣ ΠΑΓΙΩΝ ΜΗ ΕΝΣΩΜΑΤΩΜΕΝΕΣ ΣΤΟ ΛΕΙΤΟΥΡΓΙΚΟ ΚΟΣΤΟΣ / Αποσβέσεις ασώματων ακινητοποιήσεων και εξόδων πολυετούς απόσβεσης / Αποσβέσεις εξόδων ερευνών ορυχείων - μεταλλείων - λατομείων,missing_root_type
,Αποσβέσεις εξόδων κτήσης ακινητοποίσεων,,unspecified,,0,,ΛΟΓΑΡΙΑΣΜΟΙ ΑΠΟΤΕΛΕΣΜΑΤΩΝ / ΑΠΟΣΒΕΣΕΙΣ ΠΑΓΙΩΝ ΜΗ ΕΝΣΩΜΑΤΩΜΕΝΕΣ ΣΤΟ ΛΕΙΤΟΥΡΓΙΚΟ ΚΟΣΤΟΣ / Αποσβέσεις ασώματων ακινητοποιήσεων και εξόδων πολυετούς απόσβεσης,,,,ΛΟΓΑΡΙΑΣΜΟΙ ΑΠΟΤΕΛΕΣΜΑΤΩΝ / ΑΠΟΣΒΕΣΕΙΣ ΠΑΓΙΩΝ ΜΗ ΕΝΣΩΜΑΤΩΜΕΝΕΣ ΣΤΟ ΛΕΙΤΟΥΡΓΙΚΟ ΚΟΣΤΟΣ / Αποσβέσεις ασώματων ακινητοποιήσεων και εξόδων πολυετούς απόσβεσης / Αποσβέσεις εξόδων κτήσης ακινητοποίσεων,missing_root_type
,Αποσβέσεις εξόδων λοιπών ερευνών,,unspecified,,0,,ΛΟΓΑΡΙΑΣΜΟΙ ΑΠΟΤΕΛΕΣΜΑΤΩΝ / ΑΠΟΣΒΕΣΕΙΣ ΠΑΓΙΩΝ ΜΗ ΕΝΣΩΜΑΤΩΜΕΝΕΣ ΣΤΟ ΛΕΙΤΟΥΡΓΙΚΟ ΚΟΣΤΟΣ / Αποσβέσεις ασώματων ακινητοποιήσεων και εξόδων πολυετούς απόσβεσης,,,,ΛΟΓΑΡΙΑΣΜΟΙ ΑΠΟΤΕΛΕΣΜΑΤΩΝ / ΑΠΟΣΒΕΣΕΙΣ ΠΑΓΙΩΝ ΜΗ ΕΝΣΩΜΑΤΩΜΕΝΕΣ ΣΤΟ ΛΕΙΤΟΥΡΓΙΚΟ ΚΟΣΤΟΣ / Αποσβέσεις ασώματων ακινητοποιήσεων και εξόδων πολυετούς απόσβεσης / Αποσβέσεις εξόδων λοιπών ερευνών,missing_root_type
,Αποσβέσεις λοιπών δικαιωμάτων,,unspecified,,0,,ΛΟΓΑΡΙΑΣΜΟΙ ΑΠΟΤΕΛΕΣΜΑΤΩΝ / ΑΠΟΣΒΕΣΕΙΣ ΠΑΓΙΩΝ ΜΗ ΕΝΣΩΜΑΤΩΜΕΝΕΣ ΣΤΟ ΛΕΙΤΟΥΡΓΙΚΟ ΚΟΣΤΟΣ / Αποσβέσεις ασώματων ακινητοποιήσεων και εξόδων πολυετούς απόσβεσης,,,,ΛΟΓΑΡΙΑΣΜΟΙ ΑΠΟΤΕΛΕΣΜΑΤΩΝ / ΑΠΟΣΒΕΣΕΙΣ ΠΑΓΙΩΝ ΜΗ ΕΝΣΩΜΑΤΩΜΕΝΕΣ ΣΤΟ ΛΕΙΤΟΥΡΓΙΚΟ ΚΟΣΤΟΣ / Αποσβέσεις ασώματων ακινητοποιήσεων και εξόδων πολυετούς απόσβεσης / Αποσβέσεις λοιπών δικαιωμάτων,missing_root_type
,Αποσβέσεις λοιπών εξόδων πολυετούς απόσβεσης,,unspecified,,0,,ΛΟΓΑΡΙΑΣΜΟΙ ΑΠΟΤΕΛΕΣΜΑΤΩΝ / ΑΠΟΣΒΕΣΕΙΣ ΠΑΓΙΩΝ ΜΗ ΕΝΣΩΜΑΤΩΜΕΝΕΣ ΣΤΟ ΛΕΙΤΟΥΡΓΙΚΟ ΚΟΣΤΟΣ / Αποσβέσεις ασώματων ακινητοποιήσεων και εξόδων πολυετούς απόσβεσης,,,,ΛΟΓΑΡΙΑΣΜΟΙ ΑΠΟΤΕΛΕΣΜΑΤΩΝ / ΑΠΟΣΒΕΣΕΙΣ ΠΑΓΙΩΝ ΜΗ ΕΝΣΩΜΑΤΩΜΕΝΕΣ ΣΤΟ ΛΕΙΤΟΥΡΓΙΚΟ ΚΟΣΤΟΣ / Αποσβέσεις ασώματων ακινητοποιήσεων και εξόδων πολυετούς απόσβεσης / Αποσβέσεις λοιπών εξόδων πολυετούς απόσβεσης,missing_root_type
,Αποσβέσεις λοιπών παραχωρήσεων,,unspecified,,0,,ΛΟΓΑΡΙΑΣΜΟΙ ΑΠΟΤΕΛΕΣΜΑΤΩΝ / ΑΠΟΣΒΕΣΕΙΣ ΠΑΓΙΩΝ ΜΗ ΕΝΣΩΜΑΤΩΜΕΝΕΣ ΣΤΟ ΛΕΙΤΟΥΡΓΙΚΟ ΚΟΣΤΟΣ / Αποσβέσεις ασώματων ακινητοποιήσεων και εξόδων πολυετούς απόσβεσης,,,,ΛΟΓΑΡΙΑΣΜΟΙ ΑΠΟΤΕΛΕΣΜΑΤΩΝ / ΑΠΟΣΒΕΣΕΙΣ ΠΑΓΙΩΝ ΜΗ ΕΝΣΩΜΑΤΩΜΕΝΕΣ ΣΤΟ ΛΕΙΤΟΥΡΓΙΚΟ ΚΟΣΤΟΣ / Αποσβέσεις ασώματων ακινητοποιήσεων και εξόδων πολυετούς απόσβεσης / Αποσβέσεις λοιπών παραχωρήσεων,missing_root_type
,Αποσβέσεις τόκων δανείων κατασκευαστικής περιόδου,,unspecified,,0,,ΛΟΓΑΡΙΑΣΜΟΙ ΑΠΟΤΕΛΕΣΜΑΤΩΝ / ΑΠΟΣΒΕΣΕΙΣ ΠΑΓΙΩΝ ΜΗ ΕΝΣΩΜΑΤΩΜΕΝΕΣ ΣΤΟ ΛΕΙΤΟΥΡΓΙΚΟ ΚΟΣΤΟΣ / Αποσβέσεις ασώματων ακινητοποιήσεων και εξόδων πολυετούς απόσβεσης,,,,ΛΟΓΑΡΙΑΣΜΟΙ ΑΠΟΤΕΛΕΣΜΑΤΩΝ / ΑΠΟΣΒΕΣΕΙΣ ΠΑΓΙΩΝ ΜΗ ΕΝΣΩΜΑΤΩΜΕΝΕΣ ΣΤΟ ΛΕΙΤΟΥΡΓΙΚΟ ΚΟΣΤΟΣ / Αποσβέσεις ασώματων ακινητοποιήσεων και εξόδων πολυετούς απόσβεσης / Αποσβέσεις τόκων δανείων κατασκευαστικής περιόδου,missing_root_type
,Αποσβέσεις υπεραξίας επιχείρησης,,unspecified,,0,,ΛΟΓΑΡΙΑΣΜΟΙ ΑΠΟΤΕΛΕΣΜΑΤΩΝ / ΑΠΟΣΒΕΣΕΙΣ ΠΑΓΙΩΝ ΜΗ ΕΝΣΩΜΑΤΩΜΕΝΕΣ ΣΤΟ ΛΕΙΤΟΥΡΓΙΚΟ ΚΟΣΤΟΣ / Αποσβέσεις ασώματων ακινητοποιήσεων και εξόδων πολυετούς απόσβεσης,,,,ΛΟΓΑΡΙΑΣΜΟΙ ΑΠΟΤΕΛΕΣΜΑΤΩΝ / ΑΠΟΣΒΕΣΕΙΣ ΠΑΓΙΩΝ ΜΗ ΕΝΣΩΜΑΤΩΜΕΝΕΣ ΣΤΟ ΛΕΙΤΟΥΡΓΙΚΟ ΚΟΣΤΟΣ / Αποσβέσεις ασώματων ακινητοποιήσεων και εξόδων πολυετούς απόσβεσης / Αποσβέσεις υπεραξίας επιχείρησης,missing_root_type
,Αποσβέσεις εδαφικών εκτάσεων,,group,,1,,ΛΟΓΑΡΙΑΣΜΟΙ ΑΠΟΤΕΛΕΣΜΑΤΩΝ / ΑΠΟΣΒΕΣΕΙΣ ΠΑΓΙΩΝ ΜΗ ΕΝΣΩΜΑΤΩΜΕΝΕΣ ΣΤΟ ΛΕΙΤΟΥΡΓΙΚΟ ΚΟΣΤΟΣ,,,,ΛΟΓΑΡΙΑΣΜΟΙ ΑΠΟΤΕΛΕΣΜΑΤΩΝ / ΑΠΟΣΒΕΣΕΙΣ ΠΑΓΙΩΝ ΜΗ ΕΝΣΩΜΑΤΩΜΕΝΕΣ ΣΤΟ ΛΕΙΤΟΥΡΓΙΚΟ ΚΟΣΤΟΣ / Αποσβέσεις εδαφικών εκτάσεων,missing_root_type
,Αποσβέσεις Δασών,,unspecified,,0,,ΛΟΓΑΡΙΑΣΜΟΙ ΑΠΟΤΕΛΕΣΜΑΤΩΝ / ΑΠΟΣΒΕΣΕΙΣ ΠΑΓΙΩΝ ΜΗ ΕΝΣΩΜΑΤΩΜΕΝΕΣ ΣΤΟ ΛΕΙΤΟΥΡΓΙΚΟ ΚΟΣΤΟΣ / Αποσβέσεις εδαφικών εκτάσεων,,,,ΛΟΓΑΡΙΑΣΜΟΙ ΑΠΟΤΕΛΕΣΜΑΤΩΝ / ΑΠΟΣΒΕΣΕΙΣ ΠΑΓΙΩΝ ΜΗ ΕΝΣΩΜΑΤΩΜΕΝΕΣ ΣΤΟ ΛΕΙΤΟΥΡΓΙΚΟ ΚΟΣΤΟΣ / Αποσβέσεις εδαφικών εκτάσεων / Αποσβέσεις Δασών,missing_root_type
,Αποσβέσεις Δασών εκτός εκμεττάλευσης,,unspecified,,0,,ΛΟΓΑΡΙΑΣΜΟΙ ΑΠΟΤΕΛΕΣΜΑΤΩΝ / ΑΠΟΣΒΕΣΕΙΣ ΠΑΓΙΩΝ ΜΗ ΕΝΣΩΜΑΤΩΜΕΝΕΣ ΣΤΟ ΛΕΙΤΟΥΡΓΙΚΟ ΚΟΣΤΟΣ / Αποσβέσεις εδαφικών εκτάσεων,,,,ΛΟΓΑΡΙΑΣΜΟΙ ΑΠΟΤΕΛΕΣΜΑΤΩΝ / ΑΠΟΣΒΕΣΕΙΣ ΠΑΓΙΩΝ ΜΗ ΕΝΣΩΜΑΤΩΜΕΝΕΣ ΣΤΟ ΛΕΙΤΟΥΡΓΙΚΟ ΚΟΣΤΟΣ / Αποσβέσεις εδαφικών εκτάσεων / Αποσβέσεις Δασών εκτός εκμεττάλευσης,missing_root_type
,Αποσβέσεις Λατομείων,,unspecified,,0,,ΛΟΓΑΡΙΑΣΜΟΙ ΑΠΟΤΕΛΕΣΜΑΤΩΝ / ΑΠΟΣΒΕΣΕΙΣ ΠΑΓΙΩΝ ΜΗ ΕΝΣΩΜΑΤΩΜΕΝΕΣ ΣΤΟ ΛΕΙΤΟΥΡΓΙΚΟ ΚΟΣΤΟΣ / Αποσβέσεις εδαφικών εκτάσεων,,,,ΛΟΓΑΡΙΑΣΜΟΙ ΑΠΟΤΕΛΕΣΜΑΤΩΝ / ΑΠΟΣΒΕΣΕΙΣ ΠΑΓΙΩΝ ΜΗ ΕΝΣΩΜΑΤΩΜΕΝΕΣ ΣΤΟ ΛΕΙΤΟΥΡΓΙΚΟ ΚΟΣΤΟΣ / Αποσβέσεις εδαφικών εκτάσεων / Αποσβέσεις Λατομείων,missing_root_type
,Αποσβέσεις Λατομείων εκτός εκμεττάλευσης,,unspecified,,0,,ΛΟΓΑΡΙΑΣΜΟΙ ΑΠΟΤΕΛΕΣΜΑΤΩΝ / ΑΠΟΣΒΕΣΕΙΣ ΠΑΓΙΩΝ ΜΗ ΕΝΣΩΜΑΤΩΜΕΝΕΣ ΣΤΟ ΛΕΙΤΟΥΡΓΙΚΟ ΚΟΣΤΟΣ / Αποσβέσεις εδαφικών εκτάσεων,,,,ΛΟΓΑΡΙΑΣΜΟΙ ΑΠΟΤΕΛΕΣΜΑΤΩΝ / ΑΠΟΣΒΕΣΕΙΣ ΠΑΓΙΩΝ ΜΗ ΕΝΣΩΜΑΤΩΜΕΝΕΣ ΣΤΟ ΛΕΙΤΟΥΡΓΙΚΟ ΚΟΣΤΟΣ / Αποσβέσεις εδαφικών εκτάσεων / Αποσβέσεις Λατομείων εκτός εκμεττάλευσης,missing_root_type
,Αποσβέσεις Μεταλλείων,,unspecified,,0,,ΛΟΓΑΡΙΑΣΜΟΙ ΑΠΟΤΕΛΕΣΜΑΤΩΝ / ΑΠΟΣΒΕΣΕΙΣ ΠΑΓΙΩΝ ΜΗ ΕΝΣΩΜΑΤΩΜΕΝΕΣ ΣΤΟ ΛΕΙΤΟΥΡΓΙΚΟ ΚΟΣΤΟΣ / Αποσβέσεις εδαφικών εκτάσεων,,,,ΛΟΓΑΡΙΑΣΜΟΙ ΑΠΟΤΕΛΕΣΜΑΤΩΝ / ΑΠΟΣΒΕΣΕΙΣ ΠΑΓΙΩΝ ΜΗ ΕΝΣΩΜΑΤΩΜΕΝΕΣ ΣΤΟ ΛΕΙΤΟΥΡΓΙΚΟ ΚΟΣΤΟΣ / Αποσβέσεις εδαφικών εκτάσεων / Αποσβέσεις Μεταλλείων,missing_root_type
,Αποσβέσεις Μεταλλείων εκτός εκμεττάλευσης,,unspecified,,0,,ΛΟΓΑΡΙΑΣΜΟΙ ΑΠΟΤΕΛΕΣΜΑΤΩΝ / ΑΠΟΣΒΕΣΕΙΣ ΠΑΓΙΩΝ ΜΗ ΕΝΣΩΜΑΤΩΜΕΝΕΣ ΣΤΟ ΛΕΙΤΟΥΡΓΙΚΟ ΚΟΣΤΟΣ / Αποσβέσεις εδαφικών εκτάσεων,,,,ΛΟΓΑΡΙΑΣΜΟΙ ΑΠΟΤΕΛΕΣΜΑΤΩΝ / ΑΠΟΣΒΕΣΕΙΣ ΠΑΓΙΩΝ ΜΗ ΕΝΣΩΜΑΤΩΜΕΝΕΣ ΣΤΟ ΛΕΙΤΟΥΡΓΙΚΟ ΚΟΣΤΟΣ / Αποσβέσεις εδαφικών εκτάσεων / Αποσβέσεις Μεταλλείων εκτός εκμεττάλευσης,missing_root_type
,Αποσβέσεις Ορυχείων,,unspecified,,0,,ΛΟΓΑΡΙΑΣΜΟΙ ΑΠΟΤΕΛΕΣΜΑΤΩΝ / ΑΠΟΣΒΕΣΕΙΣ ΠΑΓΙΩΝ ΜΗ ΕΝΣΩΜΑΤΩΜΕΝΕΣ ΣΤΟ ΛΕΙΤΟΥΡΓΙΚΟ ΚΟΣΤΟΣ / Αποσβέσεις εδαφικών εκτάσεων,,,,ΛΟΓΑΡΙΑΣΜΟΙ ΑΠΟΤΕΛΕΣΜΑΤΩΝ / ΑΠΟΣΒΕΣΕΙΣ ΠΑΓΙΩΝ ΜΗ ΕΝΣΩΜΑΤΩΜΕΝΕΣ ΣΤΟ ΛΕΙΤΟΥΡΓΙΚΟ ΚΟΣΤΟΣ / Αποσβέσεις εδαφικών εκτάσεων / Αποσβέσεις Ορυχείων,missing_root_type
,Αποσβέσεις Ορυχείων εκτός εκμεττάλευσης,,unspecified,,0,,ΛΟΓΑΡΙΑΣΜΟΙ ΑΠΟΤΕΛΕΣΜΑΤΩΝ / ΑΠΟΣΒΕΣΕΙΣ ΠΑΓΙΩΝ ΜΗ ΕΝΣΩΜΑΤΩΜΕΝΕΣ ΣΤΟ ΛΕΙΤΟΥΡΓΙΚΟ ΚΟΣΤΟΣ / Αποσβέσεις εδαφικών εκτάσεων,,,,ΛΟΓΑΡΙΑΣΜΟΙ ΑΠΟΤΕΛΕΣΜΑΤΩΝ / ΑΠΟΣΒΕΣΕΙΣ ΠΑΓΙΩΝ ΜΗ ΕΝΣΩΜΑΤΩΜΕΝΕΣ ΣΤΟ ΛΕΙΤΟΥΡΓΙΚΟ ΚΟΣΤΟΣ / Αποσβέσεις εδαφικών εκτάσεων / Αποσβέσεις Ορυχείων εκτός εκμεττάλευσης,missing_root_type
,Αποσβέσεις Φυτειών,,unspecified,,0,,ΛΟΓΑΡΙΑΣΜΟΙ ΑΠΟΤΕΛΕΣΜΑΤΩΝ / ΑΠΟΣΒΕΣΕΙΣ ΠΑΓΙΩΝ ΜΗ ΕΝΣΩΜΑΤΩΜΕΝΕΣ ΣΤΟ ΛΕΙΤΟΥΡΓΙΚΟ ΚΟΣΤΟΣ / Αποσβέσεις εδαφικών εκτάσεων,,,,ΛΟΓΑΡΙΑΣΜΟΙ ΑΠΟΤΕΛΕΣΜΑΤΩΝ / ΑΠΟΣΒΕΣΕΙΣ ΠΑΓΙΩΝ ΜΗ ΕΝΣΩΜΑΤΩΜΕΝΕΣ ΣΤΟ ΛΕΙΤΟΥΡΓΙΚΟ ΚΟΣΤΟΣ / Αποσβέσεις εδαφικών εκτάσεων / Αποσβέσεις Φυτειών,missing_root_type
,Αποσβέσεις Φυτειών εκτός εκμεττάλευσης,,unspecified,,0,,ΛΟΓΑΡΙΑΣΜΟΙ ΑΠΟΤΕΛΕΣΜΑΤΩΝ / ΑΠΟΣΒΕΣΕΙΣ ΠΑΓΙΩΝ ΜΗ ΕΝΣΩΜΑΤΩΜΕΝΕΣ ΣΤΟ ΛΕΙΤΟΥΡΓΙΚΟ ΚΟΣΤΟΣ / Αποσβέσεις εδαφικών εκτάσεων,,,,ΛΟΓΑΡΙΑΣΜΟΙ ΑΠΟΤΕΛΕΣΜΑΤΩΝ / ΑΠΟΣΒΕΣΕΙΣ ΠΑΓΙΩΝ ΜΗ ΕΝΣΩΜΑΤΩΜΕΝΕΣ ΣΤΟ ΛΕΙΤΟΥΡΓΙΚΟ ΚΟΣΤΟΣ / Αποσβέσεις εδαφικών εκτάσεων / Αποσβέσεις Φυτειών εκτός εκμεττάλευσης,missing_root_type
,Αποσβέσεις επίπλων και λοιπού εξοπλισμού,,group,,1,,ΛΟΓΑΡΙΑΣΜΟΙ ΑΠΟΤΕΛΕΣΜΑΤΩΝ / ΑΠΟΣΒΕΣΕΙΣ ΠΑΓΙΩΝ ΜΗ ΕΝΣΩΜΑΤΩΜΕΝΕΣ ΣΤΟ ΛΕΙΤΟΥΡΓΙΚΟ ΚΟΣΤΟΣ,,,,ΛΟΓΑΡΙΑΣΜΟΙ ΑΠΟΤΕΛΕΣΜΑΤΩΝ / ΑΠΟΣΒΕΣΕΙΣ ΠΑΓΙΩΝ ΜΗ ΕΝΣΩΜΑΤΩΜΕΝΕΣ ΣΤΟ ΛΕΙΤΟΥΡΓΙΚΟ ΚΟΣΤΟΣ / Αποσβέσεις επίπλων και λοιπού εξοπλισμού,missing_root_type
,Αποσβέσεις εξοπλισμού τηλεπικοινωνιών,,unspecified,,0,,ΛΟΓΑΡΙΑΣΜΟΙ ΑΠΟΤΕΛΕΣΜΑΤΩΝ / ΑΠΟΣΒΕΣΕΙΣ ΠΑΓΙΩΝ ΜΗ ΕΝΣΩΜΑΤΩΜΕΝΕΣ ΣΤΟ ΛΕΙΤΟΥΡΓΙΚΟ ΚΟΣΤΟΣ / Αποσβέσεις επίπλων και λοιπού εξοπλισμού,,,,ΛΟΓΑΡΙΑΣΜΟΙ ΑΠΟΤΕΛΕΣΜΑΤΩΝ / ΑΠΟΣΒΕΣΕΙΣ ΠΑΓΙΩΝ ΜΗ ΕΝΣΩΜΑΤΩΜΕΝΕΣ ΣΤΟ ΛΕΙΤΟΥΡΓΙΚΟ ΚΟΣΤΟΣ / Αποσβέσεις επίπλων και λοιπού εξοπλισμού / Αποσβέσεις εξοπλισμού τηλεπικοινωνιών,missing_root_type
,Αποσβέσεις εξοπλισμού τηλεπικοινωνιών εκτός εκμετάλλευσης,,unspecified,,0,,ΛΟΓΑΡΙΑΣΜΟΙ ΑΠΟΤΕΛΕΣΜΑΤΩΝ / ΑΠΟΣΒΕΣΕΙΣ ΠΑΓΙΩΝ ΜΗ ΕΝΣΩΜΑΤΩΜΕΝΕΣ ΣΤΟ ΛΕΙΤΟΥΡΓΙΚΟ ΚΟΣΤΟΣ / Αποσβέσεις επίπλων και λοιπού εξοπλισμού,,,,ΛΟΓΑΡΙΑΣΜΟΙ ΑΠΟΤΕΛΕΣΜΑΤΩΝ / ΑΠΟΣΒΕΣΕΙΣ ΠΑΓΙΩΝ ΜΗ ΕΝΣΩΜΑΤΩΜΕΝΕΣ ΣΤΟ ΛΕΙΤΟΥΡΓΙΚΟ ΚΟΣΤΟΣ / Αποσβέσεις επίπλων και λοιπού εξοπλισμού / Αποσβέσεις εξοπλισμού τηλεπικοινωνιών εκτός εκμετάλλευσης,missing_root_type
,Αποσβέσεις επίπλων,,unspecified,,0,,ΛΟΓΑΡΙΑΣΜΟΙ ΑΠΟΤΕΛΕΣΜΑΤΩΝ / ΑΠΟΣΒΕΣΕΙΣ ΠΑΓΙΩΝ ΜΗ ΕΝΣΩΜΑΤΩΜΕΝΕΣ ΣΤΟ ΛΕΙΤΟΥΡΓΙΚΟ ΚΟΣΤΟΣ / Αποσβέσεις επίπλων και λοιπού εξοπλισμού,,,,ΛΟΓΑΡΙΑΣΜΟΙ ΑΠΟΤΕΛΕΣΜΑΤΩΝ / ΑΠΟΣΒΕΣΕΙΣ ΠΑΓΙΩΝ ΜΗ ΕΝΣΩΜΑΤΩΜΕΝΕΣ ΣΤΟ ΛΕΙΤΟΥΡΓΙΚΟ ΚΟΣΤΟΣ / Αποσβέσεις επίπλων και λοιπού εξοπλισμού / Αποσβέσεις επίπλων,missing_root_type
,Αποσβέσεις επίπλων εκτός εκμετάλλευσης,,unspecified,,0,,ΛΟΓΑΡΙΑΣΜΟΙ ΑΠΟΤΕΛΕΣΜΑΤΩΝ / ΑΠΟΣΒΕΣΕΙΣ ΠΑΓΙΩΝ ΜΗ ΕΝΣΩΜΑΤΩΜΕΝΕΣ ΣΤΟ ΛΕΙΤΟΥΡΓΙΚΟ ΚΟΣΤΟΣ / Αποσβέσεις επίπλων και λοιπού εξοπλισμού,,,,ΛΟΓΑΡΙΑΣΜΟΙ ΑΠΟΤΕΛΕΣΜΑΤΩΝ / ΑΠΟΣΒΕΣΕΙΣ ΠΑΓΙΩΝ ΜΗ ΕΝΣΩΜΑΤΩΜΕΝΕΣ ΣΤΟ ΛΕΙΤΟΥΡΓΙΚΟ ΚΟΣΤΟΣ / Αποσβέσεις επίπλων και λοιπού εξοπλισμού / Αποσβέσεις επίπλων εκτός εκμετάλλευσης,missing_root_type
,Αποσβέσεις επιστημονικών οργάνων,,unspecified,,0,,ΛΟΓΑΡΙΑΣΜΟΙ ΑΠΟΤΕΛΕΣΜΑΤΩΝ / ΑΠΟΣΒΕΣΕΙΣ ΠΑΓΙΩΝ ΜΗ ΕΝΣΩΜΑΤΩΜΕΝΕΣ ΣΤΟ ΛΕΙΤΟΥΡΓΙΚΟ ΚΟΣΤΟΣ / Αποσβέσεις επίπλων και λοιπού εξοπλισμού,,,,ΛΟΓΑΡΙΑΣΜΟΙ ΑΠΟΤΕΛΕΣΜΑΤΩΝ / ΑΠΟΣΒΕΣΕΙΣ ΠΑΓΙΩΝ ΜΗ ΕΝΣΩΜΑΤΩΜΕΝΕΣ ΣΤΟ ΛΕΙΤΟΥΡΓΙΚΟ ΚΟΣΤΟΣ / Αποσβέσεις επίπλων και λοιπού εξοπλισμού / Αποσβέσεις επιστημονικών οργάνων,missing_root_type
,Αποσβέσεις επιστημονικών οργάνων εκτός εκμετάλλευσης,,unspecified,,0,,ΛΟΓΑΡΙΑΣΜΟΙ ΑΠΟΤΕΛΕΣΜΑΤΩΝ / ΑΠΟΣΒΕΣΕΙΣ ΠΑΓΙΩΝ ΜΗ ΕΝΣΩΜΑΤΩΜΕΝΕΣ ΣΤΟ ΛΕΙΤΟΥΡΓΙΚΟ ΚΟΣΤΟΣ / Αποσβέσεις επίπλων και λοιπού εξοπλισμού,,,,ΛΟΓΑΡΙΑΣΜΟΙ ΑΠΟΤΕΛΕΣΜΑΤΩΝ / ΑΠΟΣΒΕΣΕΙΣ ΠΑΓΙΩΝ ΜΗ ΕΝΣΩΜΑΤΩΜΕΝΕΣ ΣΤΟ ΛΕΙΤΟΥΡΓΙΚΟ ΚΟΣΤΟΣ / Αποσβέσεις επίπλων και λοιπού εξοπλισμού / Αποσβέσεις επιστημονικών οργάνων εκτός εκμετάλλευσης,missing_root_type
,Αποσβέσεις ζώων για πάγια εκμετάλλευση,,unspecified,,0,,ΛΟΓΑΡΙΑΣΜΟΙ ΑΠΟΤΕΛΕΣΜΑΤΩΝ / ΑΠΟΣΒΕΣΕΙΣ ΠΑΓΙΩΝ ΜΗ ΕΝΣΩΜΑΤΩΜΕΝΕΣ ΣΤΟ ΛΕΙΤΟΥΡΓΙΚΟ ΚΟΣΤΟΣ / Αποσβέσεις επίπλων και λοιπού εξοπλισμού,,,,ΛΟΓΑΡΙΑΣΜΟΙ ΑΠΟΤΕΛΕΣΜΑΤΩΝ / ΑΠΟΣΒΕΣΕΙΣ ΠΑΓΙΩΝ ΜΗ ΕΝΣΩΜΑΤΩΜΕΝΕΣ ΣΤΟ ΛΕΙΤΟΥΡΓΙΚΟ ΚΟΣΤΟΣ / Αποσβέσεις επίπλων και λοιπού εξοπλισμού / Αποσβέσεις ζώων για πάγια εκμετάλλευση,missing_root_type
,Αποσβέσεις ζώων για πάγια εκμετάλλευση εκτός εκμετάλλευσης,,unspecified,,0,,ΛΟΓΑΡΙΑΣΜΟΙ ΑΠΟΤΕΛΕΣΜΑΤΩΝ / ΑΠΟΣΒΕΣΕΙΣ ΠΑΓΙΩΝ ΜΗ ΕΝΣΩΜΑΤΩΜΕΝΕΣ ΣΤΟ ΛΕΙΤΟΥΡΓΙΚΟ ΚΟΣΤΟΣ / Αποσβέσεις επίπλων και λοιπού εξοπλισμού,,,,ΛΟΓΑΡΙΑΣΜΟΙ ΑΠΟΤΕΛΕΣΜΑΤΩΝ / ΑΠΟΣΒΕΣΕΙΣ ΠΑΓΙΩΝ ΜΗ ΕΝΣΩΜΑΤΩΜΕΝΕΣ ΣΤΟ ΛΕΙΤΟΥΡΓΙΚΟ ΚΟΣΤΟΣ / Αποσβέσεις επίπλων και λοιπού εξοπλισμού / Αποσβέσεις ζώων για πάγια εκμετάλλευση εκτός εκμετάλλευσης,missing_root_type
,Αποσβέσεις ηλεκτρονικών υπολογιστών και ηλεκτρονικών συγκροτημάτων,,unspecified,,0,,ΛΟΓΑΡΙΑΣΜΟΙ ΑΠΟΤΕΛΕΣΜΑΤΩΝ / ΑΠΟΣΒΕΣΕΙΣ ΠΑΓΙΩΝ ΜΗ ΕΝΣΩΜΑΤΩΜΕΝΕΣ ΣΤΟ ΛΕΙΤΟΥΡΓΙΚΟ ΚΟΣΤΟΣ / Αποσβέσεις επίπλων και λοιπού εξοπλισμού,,,,ΛΟΓΑΡΙΑΣΜΟΙ ΑΠΟΤΕΛΕΣΜΑΤΩΝ / ΑΠΟΣΒΕΣΕΙΣ ΠΑΓΙΩΝ ΜΗ ΕΝΣΩΜΑΤΩΜΕΝΕΣ ΣΤΟ ΛΕΙΤΟΥΡΓΙΚΟ ΚΟΣΤΟΣ / Αποσβέσεις επίπλων και λοιπού εξοπλισμού / Αποσβέσεις ηλεκτρονικών υπολογιστών και ηλεκτρονικών συγκροτημάτων,missing_root_type
,Αποσβέσεις ηλεκτρονικών υπολογιστών και ηλεκτρονικών συγκροτημάτων εκτός εκμετάλλευσης,,unspecified,,0,,ΛΟΓΑΡΙΑΣΜΟΙ ΑΠΟΤΕΛΕΣΜΑΤΩΝ / ΑΠΟΣΒΕΣΕΙΣ ΠΑΓΙΩΝ ΜΗ ΕΝΣΩΜΑΤΩΜΕΝΕΣ ΣΤΟ ΛΕΙΤΟΥΡΓΙΚΟ ΚΟΣΤΟΣ / Αποσβέσεις επίπλων και λοιπού εξοπλισμού,,,,ΛΟΓΑΡΙΑΣΜΟΙ ΑΠΟΤΕΛΕΣΜΑΤΩΝ / ΑΠΟΣΒΕΣΕΙΣ ΠΑΓΙΩΝ ΜΗ ΕΝΣΩΜΑΤΩΜΕΝΕΣ ΣΤΟ ΛΕΙΤΟΥΡΓΙΚΟ ΚΟΣΤΟΣ / Αποσβέσεις επίπλων και λοιπού εξοπλισμού / Αποσβέσεις ηλεκτρονικών υπολογιστών και ηλεκτρονικών συγκροτημάτων εκτός εκμετάλλευσης,missing_root_type
,Αποσβέσεις λοιπού εξοπλισμού,,unspecified,,0,,ΛΟΓΑΡΙΑΣΜΟΙ ΑΠΟΤΕΛΕΣΜΑΤΩΝ / ΑΠΟΣΒΕΣΕΙΣ ΠΑΓΙΩΝ ΜΗ ΕΝΣΩΜΑΤΩΜΕΝΕΣ ΣΤΟ ΛΕΙΤΟΥΡΓΙΚΟ ΚΟΣΤΟΣ / Αποσβέσεις επίπλων και λοιπού εξοπλισμού,,,,ΛΟΓΑΡΙΑΣΜΟΙ ΑΠΟΤΕΛΕΣΜΑΤΩΝ / ΑΠΟΣΒΕΣΕΙΣ ΠΑΓΙΩΝ ΜΗ ΕΝΣΩΜΑΤΩΜΕΝΕΣ ΣΤΟ ΛΕΙΤΟΥΡΓΙΚΟ ΚΟΣΤΟΣ / Αποσβέσεις επίπλων και λοιπού εξοπλισμού / Αποσβέσεις λοιπού εξοπλισμού,missing_root_type
,Αποσβέσεις λοιπού εξοπλισμού εκτός εκμετάλλευσης,,unspecified,,0,,ΛΟΓΑΡΙΑΣΜΟΙ ΑΠΟΤΕΛΕΣΜΑΤΩΝ / ΑΠΟΣΒΕΣΕΙΣ ΠΑΓΙΩΝ ΜΗ ΕΝΣΩΜΑΤΩΜΕΝΕΣ ΣΤΟ ΛΕΙΤΟΥΡΓΙΚΟ ΚΟΣΤΟΣ / Αποσβέσεις επίπλων και λοιπού εξοπλισμού,,,,ΛΟΓΑΡΙΑΣΜΟΙ ΑΠΟΤΕΛΕΣΜΑΤΩΝ / ΑΠΟΣΒΕΣΕΙΣ ΠΑΓΙΩΝ ΜΗ ΕΝΣΩΜΑΤΩΜΕΝΕΣ ΣΤΟ ΛΕΙΤΟΥΡΓΙΚΟ ΚΟΣΤΟΣ / Αποσβέσεις επίπλων και λοιπού εξοπλισμού / Αποσβέσεις λοιπού εξοπλισμού εκτός εκμετάλλευσης,missing_root_type
,Αποσβέσεις μέσων αποθήσευσης και μεταφοράς,,unspecified,,0,,ΛΟΓΑΡΙΑΣΜΟΙ ΑΠΟΤΕΛΕΣΜΑΤΩΝ / ΑΠΟΣΒΕΣΕΙΣ ΠΑΓΙΩΝ ΜΗ ΕΝΣΩΜΑΤΩΜΕΝΕΣ ΣΤΟ ΛΕΙΤΟΥΡΓΙΚΟ ΚΟΣΤΟΣ / Αποσβέσεις επίπλων και λοιπού εξοπλισμού,,,,ΛΟΓΑΡΙΑΣΜΟΙ ΑΠΟΤΕΛΕΣΜΑΤΩΝ / ΑΠΟΣΒΕΣΕΙΣ ΠΑΓΙΩΝ ΜΗ ΕΝΣΩΜΑΤΩΜΕΝΕΣ ΣΤΟ ΛΕΙΤΟΥΡΓΙΚΟ ΚΟΣΤΟΣ / Αποσβέσεις επίπλων και λοιπού εξοπλισμού / Αποσβέσεις μέσων αποθήσευσης και μεταφοράς,missing_root_type
,Αποσβέσεις μέσων αποθήσευσης και μεταφοράς εκτός εκμετάλλευσης,,unspecified,,0,,ΛΟΓΑΡΙΑΣΜΟΙ ΑΠΟΤΕΛΕΣΜΑΤΩΝ / ΑΠΟΣΒΕΣΕΙΣ ΠΑΓΙΩΝ ΜΗ ΕΝΣΩΜΑΤΩΜΕΝΕΣ ΣΤΟ ΛΕΙΤΟΥΡΓΙΚΟ ΚΟΣΤΟΣ / Αποσβέσεις επίπλων και λοιπού εξοπλισμού,,,,ΛΟΓΑΡΙΑΣΜΟΙ ΑΠΟΤΕΛΕΣΜΑΤΩΝ / ΑΠΟΣΒΕΣΕΙΣ ΠΑΓΙΩΝ ΜΗ ΕΝΣΩΜΑΤΩΜΕΝΕΣ ΣΤΟ ΛΕΙΤΟΥΡΓΙΚΟ ΚΟΣΤΟΣ / Αποσβέσεις επίπλων και λοιπού εξοπλισμού / Αποσβέσεις μέσων αποθήσευσης και μεταφοράς εκτός εκμετάλλευσης,missing_root_type
,Αποσβέσεις μηχανών γραφείων,,unspecified,,0,,ΛΟΓΑΡΙΑΣΜΟΙ ΑΠΟΤΕΛΕΣΜΑΤΩΝ / ΑΠΟΣΒΕΣΕΙΣ ΠΑΓΙΩΝ ΜΗ ΕΝΣΩΜΑΤΩΜΕΝΕΣ ΣΤΟ ΛΕΙΤΟΥΡΓΙΚΟ ΚΟΣΤΟΣ / Αποσβέσεις επίπλων και λοιπού εξοπλισμού,,,,ΛΟΓΑΡΙΑΣΜΟΙ ΑΠΟΤΕΛΕΣΜΑΤΩΝ / ΑΠΟΣΒΕΣΕΙΣ ΠΑΓΙΩΝ ΜΗ ΕΝΣΩΜΑΤΩΜΕΝΕΣ ΣΤΟ ΛΕΙΤΟΥΡΓΙΚΟ ΚΟΣΤΟΣ / Αποσβέσεις επίπλων και λοιπού εξοπλισμού / Αποσβέσεις μηχανών γραφείων,missing_root_type
,Αποσβέσεις μηχανών γραφείων εκτός εκμετάλλευσης,,unspecified,,0,,ΛΟΓΑΡΙΑΣΜΟΙ ΑΠΟΤΕΛΕΣΜΑΤΩΝ / ΑΠΟΣΒΕΣΕΙΣ ΠΑΓΙΩΝ ΜΗ ΕΝΣΩΜΑΤΩΜΕΝΕΣ ΣΤΟ ΛΕΙΤΟΥΡΓΙΚΟ ΚΟΣΤΟΣ / Αποσβέσεις επίπλων και λοιπού εξοπλισμού,,,,ΛΟΓΑΡΙΑΣΜΟΙ ΑΠΟΤΕΛΕΣΜΑΤΩΝ / ΑΠΟΣΒΕΣΕΙΣ ΠΑΓΙΩΝ ΜΗ ΕΝΣΩΜΑΤΩΜΕΝΕΣ ΣΤΟ ΛΕΙΤΟΥΡΓΙΚΟ ΚΟΣΤΟΣ / Αποσβέσεις επίπλων και λοιπού εξοπλισμού / Αποσβέσεις μηχανών γραφείων εκτός εκμετάλλευσης,missing_root_type
,Αποσβέσεις σκευών,,unspecified,,0,,ΛΟΓΑΡΙΑΣΜΟΙ ΑΠΟΤΕΛΕΣΜΑΤΩΝ / ΑΠΟΣΒΕΣΕΙΣ ΠΑΓΙΩΝ ΜΗ ΕΝΣΩΜΑΤΩΜΕΝΕΣ ΣΤΟ ΛΕΙΤΟΥΡΓΙΚΟ ΚΟΣΤΟΣ / Αποσβέσεις επίπλων και λοιπού εξοπλισμού,,,,ΛΟΓΑΡΙΑΣΜΟΙ ΑΠΟΤΕΛΕΣΜΑΤΩΝ / ΑΠΟΣΒΕΣΕΙΣ ΠΑΓΙΩΝ ΜΗ ΕΝΣΩΜΑΤΩΜΕΝΕΣ ΣΤΟ ΛΕΙΤΟΥΡΓΙΚΟ ΚΟΣΤΟΣ / Αποσβέσεις επίπλων και λοιπού εξοπλισμού / Αποσβέσεις σκευών,missing_root_type
,Αποσβέσεις σκευών εκτός εκμετάλλευσης,,unspecified,,0,,ΛΟΓΑΡΙΑΣΜΟΙ ΑΠΟΤΕΛΕΣΜΑΤΩΝ / ΑΠΟΣΒΕΣΕΙΣ ΠΑΓΙΩΝ ΜΗ ΕΝΣΩΜΑΤΩΜΕΝΕΣ ΣΤΟ ΛΕΙΤΟΥΡΓΙΚΟ ΚΟΣΤΟΣ / Αποσβέσεις επίπλων και λοιπού εξοπλισμού,,,,ΛΟΓΑΡΙΑΣΜΟΙ ΑΠΟΤΕΛΕΣΜΑΤΩΝ / ΑΠΟΣΒΕΣΕΙΣ ΠΑΓΙΩΝ ΜΗ ΕΝΣΩΜΑΤΩΜΕΝΕΣ ΣΤΟ ΛΕΙΤΟΥΡΓΙΚΟ ΚΟΣΤΟΣ / Αποσβέσεις επίπλων και λοιπού εξοπλισμού / Αποσβέσεις σκευών εκτός εκμετάλλευσης,missing_root_type
,Αποσβέσεις κτιρίων - εγκαταστάσεων κτιρίων - τεχνικών έργων,,group,,1,,ΛΟΓΑΡΙΑΣΜΟΙ ΑΠΟΤΕΛΕΣΜΑΤΩΝ / ΑΠΟΣΒΕΣΕΙΣ ΠΑΓΙΩΝ ΜΗ ΕΝΣΩΜΑΤΩΜΕΝΕΣ ΣΤΟ ΛΕΙΤΟΥΡΓΙΚΟ ΚΟΣΤΟΣ,,,,ΛΟΓΑΡΙΑΣΜΟΙ ΑΠΟΤΕΛΕΣΜΑΤΩΝ / ΑΠΟΣΒΕΣΕΙΣ ΠΑΓΙΩΝ ΜΗ ΕΝΣΩΜΑΤΩΜΕΝΕΣ ΣΤΟ ΛΕΙΤΟΥΡΓΙΚΟ ΚΟΣΤΟΣ / Αποσβέσεις κτιρίων - εγκαταστάσεων κτιρίων - τεχνικών έργων,missing_root_type
,Αποσβέσεις Τεχνικών έργων εξυπηρ. μεταφορών εκτός εκμετάλλευσης,,unspecified,,0,,ΛΟΓΑΡΙΑΣΜΟΙ ΑΠΟΤΕΛΕΣΜΑΤΩΝ / ΑΠΟΣΒΕΣΕΙΣ ΠΑΓΙΩΝ ΜΗ ΕΝΣΩΜΑΤΩΜΕΝΕΣ ΣΤΟ ΛΕΙΤΟΥΡΓΙΚΟ ΚΟΣΤΟΣ / Αποσβέσεις κτιρίων - εγκαταστάσεων κτιρίων - τεχνικών έργων,,,,ΛΟΓΑΡΙΑΣΜΟΙ ΑΠΟΤΕΛΕΣΜΑΤΩΝ / ΑΠΟΣΒΕΣΕΙΣ ΠΑΓΙΩΝ ΜΗ ΕΝΣΩΜΑΤΩΜΕΝΕΣ ΣΤΟ ΛΕΙΤΟΥΡΓΙΚΟ ΚΟΣΤΟΣ / Αποσβέσεις κτιρίων - εγκαταστάσεων κτιρίων - τεχνικών έργων / Αποσβέσεις Τεχνικών έργων εξυπηρ. μεταφορών εκτός εκμετάλλευσης,missing_root_type
,Αποσβέσεις Τεχνικών έργων εξυπηρέτησης μεταφορών,,unspecified,,0,,ΛΟΓΑΡΙΑΣΜΟΙ ΑΠΟΤΕΛΕΣΜΑΤΩΝ / ΑΠΟΣΒΕΣΕΙΣ ΠΑΓΙΩΝ ΜΗ ΕΝΣΩΜΑΤΩΜΕΝΕΣ ΣΤΟ ΛΕΙΤΟΥΡΓΙΚΟ ΚΟΣΤΟΣ / Αποσβέσεις κτιρίων - εγκαταστάσεων κτιρίων - τεχνικών έργων,,,,ΛΟΓΑΡΙΑΣΜΟΙ ΑΠΟΤΕΛΕΣΜΑΤΩΝ / ΑΠΟΣΒΕΣΕΙΣ ΠΑΓΙΩΝ ΜΗ ΕΝΣΩΜΑΤΩΜΕΝΕΣ ΣΤΟ ΛΕΙΤΟΥΡΓΙΚΟ ΚΟΣΤΟΣ / Αποσβέσεις κτιρίων - εγκαταστάσεων κτιρίων - τεχνικών έργων / Αποσβέσεις Τεχνικών έργων εξυπηρέτησης μεταφορών,missing_root_type
,Αποσβέσεις Τεχνικών έργων εξυπηρέτησης μεταφορών σε ακίνητα τρίτων,,unspecified,,0,,ΛΟΓΑΡΙΑΣΜΟΙ ΑΠΟΤΕΛΕΣΜΑΤΩΝ / ΑΠΟΣΒΕΣΕΙΣ ΠΑΓΙΩΝ ΜΗ ΕΝΣΩΜΑΤΩΜΕΝΕΣ ΣΤΟ ΛΕΙΤΟΥΡΓΙΚΟ ΚΟΣΤΟΣ / Αποσβέσεις κτιρίων - εγκαταστάσεων κτιρίων - τεχνικών έργων,,,,ΛΟΓΑΡΙΑΣΜΟΙ ΑΠΟΤΕΛΕΣΜΑΤΩΝ / ΑΠΟΣΒΕΣΕΙΣ ΠΑΓΙΩΝ ΜΗ ΕΝΣΩΜΑΤΩΜΕΝΕΣ ΣΤΟ ΛΕΙΤΟΥΡΓΙΚΟ ΚΟΣΤΟΣ / Αποσβέσεις κτιρίων - εγκαταστάσεων κτιρίων - τεχνικών έργων / Αποσβέσεις Τεχνικών έργων εξυπηρέτησης μεταφορών σε ακίνητα τρίτων,missing_root_type
,Αποσβέσεις Τεχνικών έργων εξυπηρέτησης μεταφορών σε ακίνητα τρίτων εκτός εκμετάλλευσης,,unspecified,,0,,ΛΟΓΑΡΙΑΣΜΟΙ ΑΠΟΤΕΛΕΣΜΑΤΩΝ / ΑΠΟΣΒΕΣΕΙΣ ΠΑΓΙΩΝ ΜΗ ΕΝΣΩΜΑΤΩΜΕΝΕΣ ΣΤΟ ΛΕΙΤΟΥΡΓΙΚΟ ΚΟΣΤΟΣ / Αποσβέσεις κτιρίων - εγκαταστάσεων κτιρίων - τεχνικών έργων,,,,ΛΟΓΑΡΙΑΣΜΟΙ ΑΠΟΤΕΛΕΣΜΑΤΩΝ / ΑΠΟΣΒΕΣΕΙΣ ΠΑΓΙΩΝ ΜΗ ΕΝΣΩΜΑΤΩΜΕΝΕΣ ΣΤΟ ΛΕΙΤΟΥΡΓΙΚΟ ΚΟΣΤΟΣ / Αποσβέσεις κτιρίων - εγκαταστάσεων κτιρίων - τεχνικών έργων / Αποσβέσεις Τεχνικών έργων εξυπηρέτησης μεταφορών σε ακίνητα τρίτων εκτός εκμετάλλευσης,missing_root_type
,Αποσβέσεις διαμορφώσεως γηπέδων εκτός εκμετάλλευσης,,unspecified,,0,,ΛΟΓΑΡΙΑΣΜΟΙ ΑΠΟΤΕΛΕΣΜΑΤΩΝ / ΑΠΟΣΒΕΣΕΙΣ ΠΑΓΙΩΝ ΜΗ ΕΝΣΩΜΑΤΩΜΕΝΕΣ ΣΤΟ ΛΕΙΤΟΥΡΓΙΚΟ ΚΟΣΤΟΣ / Αποσβέσεις κτιρίων - εγκαταστάσεων κτιρίων - τεχνικών έργων,,,,ΛΟΓΑΡΙΑΣΜΟΙ ΑΠΟΤΕΛΕΣΜΑΤΩΝ / ΑΠΟΣΒΕΣΕΙΣ ΠΑΓΙΩΝ ΜΗ ΕΝΣΩΜΑΤΩΜΕΝΕΣ ΣΤΟ ΛΕΙΤΟΥΡΓΙΚΟ ΚΟΣΤΟΣ / Αποσβέσεις κτιρίων - εγκαταστάσεων κτιρίων - τεχνικών έργων / Αποσβέσεις διαμορφώσεως γηπέδων εκτός εκμετάλλευσης,missing_root_type
,Αποσβέσεις διαμόρφωσης γηπέδων,,unspecified,,0,,ΛΟΓΑΡΙΑΣΜΟΙ ΑΠΟΤΕΛΕΣΜΑΤΩΝ / ΑΠΟΣΒΕΣΕΙΣ ΠΑΓΙΩΝ ΜΗ ΕΝΣΩΜΑΤΩΜΕΝΕΣ ΣΤΟ ΛΕΙΤΟΥΡΓΙΚΟ ΚΟΣΤΟΣ / Αποσβέσεις κτιρίων - εγκαταστάσεων κτιρίων - τεχνικών έργων,,,,ΛΟΓΑΡΙΑΣΜΟΙ ΑΠΟΤΕΛΕΣΜΑΤΩΝ / ΑΠΟΣΒΕΣΕΙΣ ΠΑΓΙΩΝ ΜΗ ΕΝΣΩΜΑΤΩΜΕΝΕΣ ΣΤΟ ΛΕΙΤΟΥΡΓΙΚΟ ΚΟΣΤΟΣ / Αποσβέσεις κτιρίων - εγκαταστάσεων κτιρίων - τεχνικών έργων / Αποσβέσεις διαμόρφωσης γηπέδων,missing_root_type
,Αποσβέσεις διαμόρφωσης γηπέδων τρίτων,,unspecified,,0,,ΛΟΓΑΡΙΑΣΜΟΙ ΑΠΟΤΕΛΕΣΜΑΤΩΝ / ΑΠΟΣΒΕΣΕΙΣ ΠΑΓΙΩΝ ΜΗ ΕΝΣΩΜΑΤΩΜΕΝΕΣ ΣΤΟ ΛΕΙΤΟΥΡΓΙΚΟ ΚΟΣΤΟΣ / Αποσβέσεις κτιρίων - εγκαταστάσεων κτιρίων - τεχνικών έργων,,,,ΛΟΓΑΡΙΑΣΜΟΙ ΑΠΟΤΕΛΕΣΜΑΤΩΝ / ΑΠΟΣΒΕΣΕΙΣ ΠΑΓΙΩΝ ΜΗ ΕΝΣΩΜΑΤΩΜΕΝΕΣ ΣΤΟ ΛΕΙΤΟΥΡΓΙΚΟ ΚΟΣΤΟΣ / Αποσβέσεις κτιρίων - εγκαταστάσεων κτιρίων - τεχνικών έργων / Αποσβέσεις διαμόρφωσης γηπέδων τρίτων,missing_root_type
,Αποσβέσεις διαμόρφωσης γηπέδων τρίτων  εκτός εκμετάλλευσης,,unspecified,,0,,ΛΟΓΑΡΙΑΣΜΟΙ ΑΠΟΤΕΛΕΣΜΑΤΩΝ / ΑΠΟΣΒΕΣΕΙΣ ΠΑΓΙΩΝ ΜΗ ΕΝΣΩΜΑΤΩΜΕΝΕΣ ΣΤΟ ΛΕΙΤΟΥΡΓΙΚΟ ΚΟΣΤΟΣ / Αποσβέσεις κτιρίων - εγκαταστάσεων κτιρίων - τεχνικών έργων,,,,ΛΟΓΑΡΙΑΣΜΟΙ ΑΠΟΤΕΛΕΣΜΑΤΩΝ / ΑΠΟΣΒΕΣΕΙΣ ΠΑΓΙΩΝ ΜΗ ΕΝΣΩΜΑΤΩΜΕΝΕΣ ΣΤΟ ΛΕΙΤΟΥΡΓΙΚΟ ΚΟΣΤΟΣ / Αποσβέσεις κτιρίων - εγκαταστάσεων κτιρίων - τεχνικών έργων / Αποσβέσεις διαμόρφωσης γηπέδων τρίτων  εκτός εκμετάλλευσης,missing_root_type
,Αποσβέσεις κτιρίων - εγκαταστάσεις κτιρίων σε ακίνητα τρίτων,,unspecified,,0,,ΛΟΓΑΡΙΑΣΜΟΙ ΑΠΟΤΕΛΕΣΜΑΤΩΝ / ΑΠΟΣΒΕΣΕΙΣ ΠΑΓΙΩΝ ΜΗ ΕΝΣΩΜΑΤΩΜΕΝΕΣ ΣΤΟ ΛΕΙΤΟΥΡΓΙΚΟ ΚΟΣΤΟΣ / Αποσβέσεις κτιρίων - εγκαταστάσεων κτιρίων - τεχνικών έργων,,,,ΛΟΓΑΡΙΑΣΜΟΙ ΑΠΟΤΕΛΕΣΜΑΤΩΝ / ΑΠΟΣΒΕΣΕΙΣ ΠΑΓΙΩΝ ΜΗ ΕΝΣΩΜΑΤΩΜΕΝΕΣ ΣΤΟ ΛΕΙΤΟΥΡΓΙΚΟ ΚΟΣΤΟΣ / Αποσβέσεις κτιρίων - εγκαταστάσεων κτιρίων - τεχνικών έργων / Αποσβέσεις κτιρίων - εγκαταστάσεις κτιρίων σε ακίνητα τρίτων,missing_root_type
,Αποσβέσεις κτιρίων - εγκαταστάσεις κτιρίων σε ακίνητα τρίτων εκτός εκμετάλλευσης,,unspecified,,0,,ΛΟΓΑΡΙΑΣΜΟΙ ΑΠΟΤΕΛΕΣΜΑΤΩΝ / ΑΠΟΣΒΕΣΕΙΣ ΠΑΓΙΩΝ ΜΗ ΕΝΣΩΜΑΤΩΜΕΝΕΣ ΣΤΟ ΛΕΙΤΟΥΡΓΙΚΟ ΚΟΣΤΟΣ / Αποσβέσεις κτιρίων - εγκαταστάσεων κτιρίων - τεχνικών έργων,,,,ΛΟΓΑΡΙΑΣΜΟΙ ΑΠΟΤΕΛΕΣΜΑΤΩΝ / ΑΠΟΣΒΕΣΕΙΣ ΠΑΓΙΩΝ ΜΗ ΕΝΣΩΜΑΤΩΜΕΝΕΣ ΣΤΟ ΛΕΙΤΟΥΡΓΙΚΟ ΚΟΣΤΟΣ / Αποσβέσεις κτιρίων - εγκαταστάσεων κτιρίων - τεχνικών έργων / Αποσβέσεις κτιρίων - εγκαταστάσεις κτιρίων σε ακίνητα τρίτων εκτός εκμετάλλευσης,missing_root_type
,Αποσβέσεις κτιρίων - εγκαταστάσεων κτιρίων,,unspecified,,0,,ΛΟΓΑΡΙΑΣΜΟΙ ΑΠΟΤΕΛΕΣΜΑΤΩΝ / ΑΠΟΣΒΕΣΕΙΣ ΠΑΓΙΩΝ ΜΗ ΕΝΣΩΜΑΤΩΜΕΝΕΣ ΣΤΟ ΛΕΙΤΟΥΡΓΙΚΟ ΚΟΣΤΟΣ / Αποσβέσεις κτιρίων - εγκαταστάσεων κτιρίων - τεχνικών έργων,,,,ΛΟΓΑΡΙΑΣΜΟΙ ΑΠΟΤΕΛΕΣΜΑΤΩΝ / ΑΠΟΣΒΕΣΕΙΣ ΠΑΓΙΩΝ ΜΗ ΕΝΣΩΜΑΤΩΜΕΝΕΣ ΣΤΟ ΛΕΙΤΟΥΡΓΙΚΟ ΚΟΣΤΟΣ / Αποσβέσεις κτιρίων - εγκαταστάσεων κτιρίων - τεχνικών έργων / Αποσβέσεις κτιρίων - εγκαταστάσεων κτιρίων,missing_root_type
,Αποσβέσεις κτιρίων - εγκαταστάσεων κτιρίων εκτός εκμετάλλευσης,,unspecified,,0,,ΛΟΓΑΡΙΑΣΜΟΙ ΑΠΟΤΕΛΕΣΜΑΤΩΝ / ΑΠΟΣΒΕΣΕΙΣ ΠΑΓΙΩΝ ΜΗ ΕΝΣΩΜΑΤΩΜΕΝΕΣ ΣΤΟ ΛΕΙΤΟΥΡΓΙΚΟ ΚΟΣΤΟΣ / Αποσβέσεις κτιρίων - εγκαταστάσεων κτιρίων - τεχνικών έργων,,,,ΛΟΓΑΡΙΑΣΜΟΙ ΑΠΟΤΕΛΕΣΜΑΤΩΝ / ΑΠΟΣΒΕΣΕΙΣ ΠΑΓΙΩΝ ΜΗ ΕΝΣΩΜΑΤΩΜΕΝΕΣ ΣΤΟ ΛΕΙΤΟΥΡΓΙΚΟ ΚΟΣΤΟΣ / Αποσβέσεις κτιρίων - εγκαταστάσεων κτιρίων - τεχνικών έργων / Αποσβέσεις κτιρίων - εγκαταστάσεων κτιρίων εκτός εκμετάλλευσης,missing_root_type
,Αποσβέσεις λοιπών τεχνικών έργων,,unspecified,,0,,ΛΟΓΑΡΙΑΣΜΟΙ ΑΠΟΤΕΛΕΣΜΑΤΩΝ / ΑΠΟΣΒΕΣΕΙΣ ΠΑΓΙΩΝ ΜΗ ΕΝΣΩΜΑΤΩΜΕΝΕΣ ΣΤΟ ΛΕΙΤΟΥΡΓΙΚΟ ΚΟΣΤΟΣ / Αποσβέσεις κτιρίων - εγκαταστάσεων κτιρίων - τεχνικών έργων,,,,ΛΟΓΑΡΙΑΣΜΟΙ ΑΠΟΤΕΛΕΣΜΑΤΩΝ / ΑΠΟΣΒΕΣΕΙΣ ΠΑΓΙΩΝ ΜΗ ΕΝΣΩΜΑΤΩΜΕΝΕΣ ΣΤΟ ΛΕΙΤΟΥΡΓΙΚΟ ΚΟΣΤΟΣ / Αποσβέσεις κτιρίων - εγκαταστάσεων κτιρίων - τεχνικών έργων / Αποσβέσεις λοιπών τεχνικών έργων,missing_root_type
,Αποσβέσεις λοιπών τεχνικών έργων εκτός εκμετάλλευσης,,unspecified,,0,,ΛΟΓΑΡΙΑΣΜΟΙ ΑΠΟΤΕΛΕΣΜΑΤΩΝ / ΑΠΟΣΒΕΣΕΙΣ ΠΑΓΙΩΝ ΜΗ ΕΝΣΩΜΑΤΩΜΕΝΕΣ ΣΤΟ ΛΕΙΤΟΥΡΓΙΚΟ ΚΟΣΤΟΣ / Αποσβέσεις κτιρίων - εγκαταστάσεων κτιρίων - τεχνικών έργων,,,,ΛΟΓΑΡΙΑΣΜΟΙ ΑΠΟΤΕΛΕΣΜΑΤΩΝ / ΑΠΟΣΒΕΣΕΙΣ ΠΑΓΙΩΝ ΜΗ ΕΝΣΩΜΑΤΩΜΕΝΕΣ ΣΤΟ ΛΕΙΤΟΥΡΓΙΚΟ ΚΟΣΤΟΣ / Αποσβέσεις κτιρίων - εγκαταστάσεων κτιρίων - τεχνικών έργων / Αποσβέσεις λοιπών τεχνικών έργων εκτός εκμετάλλευσης,missing_root_type
,Αποσβέσεις λοιπών τεχνικών έργων σε ακίνητα τρίτων,,unspecified,,0,,ΛΟΓΑΡΙΑΣΜΟΙ ΑΠΟΤΕΛΕΣΜΑΤΩΝ / ΑΠΟΣΒΕΣΕΙΣ ΠΑΓΙΩΝ ΜΗ ΕΝΣΩΜΑΤΩΜΕΝΕΣ ΣΤΟ ΛΕΙΤΟΥΡΓΙΚΟ ΚΟΣΤΟΣ / Αποσβέσεις κτιρίων - εγκαταστάσεων κτιρίων - τεχνικών έργων,,,,ΛΟΓΑΡΙΑΣΜΟΙ ΑΠΟΤΕΛΕΣΜΑΤΩΝ / ΑΠΟΣΒΕΣΕΙΣ ΠΑΓΙΩΝ ΜΗ ΕΝΣΩΜΑΤΩΜΕΝΕΣ ΣΤΟ ΛΕΙΤΟΥΡΓΙΚΟ ΚΟΣΤΟΣ / Αποσβέσεις κτιρίων - εγκαταστάσεων κτιρίων - τεχνικών έργων / Αποσβέσεις λοιπών τεχνικών έργων σε ακίνητα τρίτων,missing_root_type
,Αποσβέσεις λοιπών τεχνικών έργων σε ακίνητα τρίτων εκτός εκμετάλλευσης,,unspecified,,0,,ΛΟΓΑΡΙΑΣΜΟΙ ΑΠΟΤΕΛΕΣΜΑΤΩΝ / ΑΠΟΣΒΕΣΕΙΣ ΠΑΓΙΩΝ ΜΗ ΕΝΣΩΜΑΤΩΜΕΝΕΣ ΣΤΟ ΛΕΙΤΟΥΡΓΙΚΟ ΚΟΣΤΟΣ / Αποσβέσεις κτιρίων - εγκαταστάσεων κτιρίων - τεχνικών έργων,,,,ΛΟΓΑΡΙΑΣΜΟΙ ΑΠΟΤΕΛΕΣΜΑΤΩΝ / ΑΠΟΣΒΕΣΕΙΣ ΠΑΓΙΩΝ ΜΗ ΕΝΣΩΜΑΤΩΜΕΝΕΣ ΣΤΟ ΛΕΙΤΟΥΡΓΙΚΟ ΚΟΣΤΟΣ / Αποσβέσεις κτιρίων - εγκαταστάσεων κτιρίων - τεχνικών έργων / Αποσβέσεις λοιπών τεχνικών έργων σε ακίνητα τρίτων εκτός εκμετάλλευσης,missing_root_type
,Αποσβέσεις μεταφορικών μέσων,,group,,1,,ΛΟΓΑΡΙΑΣΜΟΙ ΑΠΟΤΕΛΕΣΜΑΤΩΝ / ΑΠΟΣΒΕΣΕΙΣ ΠΑΓΙΩΝ ΜΗ ΕΝΣΩΜΑΤΩΜΕΝΕΣ ΣΤΟ ΛΕΙΤΟΥΡΓΙΚΟ ΚΟΣΤΟΣ,,,,ΛΟΓΑΡΙΑΣΜΟΙ ΑΠΟΤΕΛΕΣΜΑΤΩΝ / ΑΠΟΣΒΕΣΕΙΣ ΠΑΓΙΩΝ ΜΗ ΕΝΣΩΜΑΤΩΜΕΝΕΣ ΣΤΟ ΛΕΙΤΟΥΡΓΙΚΟ ΚΟΣΤΟΣ / Αποσβέσεις μεταφορικών μέσων,missing_root_type
,Αποσβέσεις αυτοκινήτων λεωφορείων,,unspecified,,0,,ΛΟΓΑΡΙΑΣΜΟΙ ΑΠΟΤΕΛΕΣΜΑΤΩΝ / ΑΠΟΣΒΕΣΕΙΣ ΠΑΓΙΩΝ ΜΗ ΕΝΣΩΜΑΤΩΜΕΝΕΣ ΣΤΟ ΛΕΙΤΟΥΡΓΙΚΟ ΚΟΣΤΟΣ / Αποσβέσεις μεταφορικών μέσων,,,,ΛΟΓΑΡΙΑΣΜΟΙ ΑΠΟΤΕΛΕΣΜΑΤΩΝ / ΑΠΟΣΒΕΣΕΙΣ ΠΑΓΙΩΝ ΜΗ ΕΝΣΩΜΑΤΩΜΕΝΕΣ ΣΤΟ ΛΕΙΤΟΥΡΓΙΚΟ ΚΟΣΤΟΣ / Αποσβέσεις μεταφορικών μέσων / Αποσβέσεις αυτοκινήτων λεωφορείων,missing_root_type
,Αποσβέσεις αυτοκινήτων λεωφορείων εκτός εκμετάλλευσης,,unspecified,,0,,ΛΟΓΑΡΙΑΣΜΟΙ ΑΠΟΤΕΛΕΣΜΑΤΩΝ / ΑΠΟΣΒΕΣΕΙΣ ΠΑΓΙΩΝ ΜΗ ΕΝΣΩΜΑΤΩΜΕΝΕΣ ΣΤΟ ΛΕΙΤΟΥΡΓΙΚΟ ΚΟΣΤΟΣ / Αποσβέσεις μεταφορικών μέσων,,,,ΛΟΓΑΡΙΑΣΜΟΙ ΑΠΟΤΕΛΕΣΜΑΤΩΝ / ΑΠΟΣΒΕΣΕΙΣ ΠΑΓΙΩΝ ΜΗ ΕΝΣΩΜΑΤΩΜΕΝΕΣ ΣΤΟ ΛΕΙΤΟΥΡΓΙΚΟ ΚΟΣΤΟΣ / Αποσβέσεις μεταφορικών μέσων / Αποσβέσεις αυτοκινήτων λεωφορείων εκτός εκμετάλλευσης,missing_root_type
,Αποσβέσεις αυτοκινήτων φορτηγών - ρυμουλκών - Ειδικής χρήσης,,unspecified,,0,,ΛΟΓΑΡΙΑΣΜΟΙ ΑΠΟΤΕΛΕΣΜΑΤΩΝ / ΑΠΟΣΒΕΣΕΙΣ ΠΑΓΙΩΝ ΜΗ ΕΝΣΩΜΑΤΩΜΕΝΕΣ ΣΤΟ ΛΕΙΤΟΥΡΓΙΚΟ ΚΟΣΤΟΣ / Αποσβέσεις μεταφορικών μέσων,,,,ΛΟΓΑΡΙΑΣΜΟΙ ΑΠΟΤΕΛΕΣΜΑΤΩΝ / ΑΠΟΣΒΕΣΕΙΣ ΠΑΓΙΩΝ ΜΗ ΕΝΣΩΜΑΤΩΜΕΝΕΣ ΣΤΟ ΛΕΙΤΟΥΡΓΙΚΟ ΚΟΣΤΟΣ / Αποσβέσεις μεταφορικών μέσων / Αποσβέσεις αυτοκινήτων φορτηγών - ρυμουλκών - Ειδικής χρήσης,missing_root_type
,Αποσβέσεις αυτοκινήτων φορτηγών - ρυμουλκών - Ειδικής χρήσης εκτός εκμετάλλευσης,,unspecified,,0,,ΛΟΓΑΡΙΑΣΜΟΙ ΑΠΟΤΕΛΕΣΜΑΤΩΝ / ΑΠΟΣΒΕΣΕΙΣ ΠΑΓΙΩΝ ΜΗ ΕΝΣΩΜΑΤΩΜΕΝΕΣ ΣΤΟ ΛΕΙΤΟΥΡΓΙΚΟ ΚΟΣΤΟΣ / Αποσβέσεις μεταφορικών μέσων,,,,ΛΟΓΑΡΙΑΣΜΟΙ ΑΠΟΤΕΛΕΣΜΑΤΩΝ / ΑΠΟΣΒΕΣΕΙΣ ΠΑΓΙΩΝ ΜΗ ΕΝΣΩΜΑΤΩΜΕΝΕΣ ΣΤΟ ΛΕΙΤΟΥΡΓΙΚΟ ΚΟΣΤΟΣ / Αποσβέσεις μεταφορικών μέσων / Αποσβέσεις αυτοκινήτων φορτηγών - ρυμουλκών - Ειδικής χρήσης εκτός εκμετάλλευσης,missing_root_type
,Αποσβέσεις εναέριων μέσων,,unspecified,,0,,ΛΟΓΑΡΙΑΣΜΟΙ ΑΠΟΤΕΛΕΣΜΑΤΩΝ / ΑΠΟΣΒΕΣΕΙΣ ΠΑΓΙΩΝ ΜΗ ΕΝΣΩΜΑΤΩΜΕΝΕΣ ΣΤΟ ΛΕΙΤΟΥΡΓΙΚΟ ΚΟΣΤΟΣ / Αποσβέσεις μεταφορικών μέσων,,,,ΛΟΓΑΡΙΑΣΜΟΙ ΑΠΟΤΕΛΕΣΜΑΤΩΝ / ΑΠΟΣΒΕΣΕΙΣ ΠΑΓΙΩΝ ΜΗ ΕΝΣΩΜΑΤΩΜΕΝΕΣ ΣΤΟ ΛΕΙΤΟΥΡΓΙΚΟ ΚΟΣΤΟΣ / Αποσβέσεις μεταφορικών μέσων / Αποσβέσεις εναέριων μέσων,missing_root_type
,Αποσβέσεις εναέριων μέσων εκτός εκμετάλλευσης,,unspecified,,0,,ΛΟΓΑΡΙΑΣΜΟΙ ΑΠΟΤΕΛΕΣΜΑΤΩΝ / ΑΠΟΣΒΕΣΕΙΣ ΠΑΓΙΩΝ ΜΗ ΕΝΣΩΜΑΤΩΜΕΝΕΣ ΣΤΟ ΛΕΙΤΟΥΡΓΙΚΟ ΚΟΣΤΟΣ / Αποσβέσεις μεταφορικών μέσων,,,,ΛΟΓΑΡΙΑΣΜΟΙ ΑΠΟΤΕΛΕΣΜΑΤΩΝ / ΑΠΟΣΒΕΣΕΙΣ ΠΑΓΙΩΝ ΜΗ ΕΝΣΩΜΑΤΩΜΕΝΕΣ ΣΤΟ ΛΕΙΤΟΥΡΓΙΚΟ ΚΟΣΤΟΣ / Αποσβέσεις μεταφορικών μέσων / Αποσβέσεις εναέριων μέσων εκτός εκμετάλλευσης,missing_root_type
,Αποσβέσεις λοιπων μέσων μεταφοράς,,unspecified,,0,,ΛΟΓΑΡΙΑΣΜΟΙ ΑΠΟΤΕΛΕΣΜΑΤΩΝ / ΑΠΟΣΒΕΣΕΙΣ ΠΑΓΙΩΝ ΜΗ ΕΝΣΩΜΑΤΩΜΕΝΕΣ ΣΤΟ ΛΕΙΤΟΥΡΓΙΚΟ ΚΟΣΤΟΣ / Αποσβέσεις μεταφορικών μέσων,,,,ΛΟΓΑΡΙΑΣΜΟΙ ΑΠΟΤΕΛΕΣΜΑΤΩΝ / ΑΠΟΣΒΕΣΕΙΣ ΠΑΓΙΩΝ ΜΗ ΕΝΣΩΜΑΤΩΜΕΝΕΣ ΣΤΟ ΛΕΙΤΟΥΡΓΙΚΟ ΚΟΣΤΟΣ / Αποσβέσεις μεταφορικών μέσων / Αποσβέσεις λοιπων μέσων μεταφοράς,missing_root_type
,Αποσβέσεις λοιπων μέσων μεταφοράς εκτός εκμετάλλευσης,,unspecified,,0,,ΛΟΓΑΡΙΑΣΜΟΙ ΑΠΟΤΕΛΕΣΜΑΤΩΝ / ΑΠΟΣΒΕΣΕΙΣ ΠΑΓΙΩΝ ΜΗ ΕΝΣΩΜΑΤΩΜΕΝΕΣ ΣΤΟ ΛΕΙΤΟΥΡΓΙΚΟ ΚΟΣΤΟΣ / Αποσβέσεις μεταφορικών μέσων,,,,ΛΟΓΑΡΙΑΣΜΟΙ ΑΠΟΤΕΛΕΣΜΑΤΩΝ / ΑΠΟΣΒΕΣΕΙΣ ΠΑΓΙΩΝ ΜΗ ΕΝΣΩΜΑΤΩΜΕΝΕΣ ΣΤΟ ΛΕΙΤΟΥΡΓΙΚΟ ΚΟΣΤΟΣ / Αποσβέσεις μεταφορικών μέσων / Αποσβέσεις λοιπων μέσων μεταφοράς εκτός εκμετάλλευσης,missing_root_type
,Αποσβέσεις λοιπών επιβατικών αυτοκινήτων,,unspecified,,0,,ΛΟΓΑΡΙΑΣΜΟΙ ΑΠΟΤΕΛΕΣΜΑΤΩΝ / ΑΠΟΣΒΕΣΕΙΣ ΠΑΓΙΩΝ ΜΗ ΕΝΣΩΜΑΤΩΜΕΝΕΣ ΣΤΟ ΛΕΙΤΟΥΡΓΙΚΟ ΚΟΣΤΟΣ / Αποσβέσεις μεταφορικών μέσων,,,,ΛΟΓΑΡΙΑΣΜΟΙ ΑΠΟΤΕΛΕΣΜΑΤΩΝ / ΑΠΟΣΒΕΣΕΙΣ ΠΑΓΙΩΝ ΜΗ ΕΝΣΩΜΑΤΩΜΕΝΕΣ ΣΤΟ ΛΕΙΤΟΥΡΓΙΚΟ ΚΟΣΤΟΣ / Αποσβέσεις μεταφορικών μέσων / Αποσβέσεις λοιπών επιβατικών αυτοκινήτων,missing_root_type
,Αποσβέσεις λοιπών επιβατικών αυτοκινήτων εκτός εκμετάλλευσης,,unspecified,,0,,ΛΟΓΑΡΙΑΣΜΟΙ ΑΠΟΤΕΛΕΣΜΑΤΩΝ / ΑΠΟΣΒΕΣΕΙΣ ΠΑΓΙΩΝ ΜΗ ΕΝΣΩΜΑΤΩΜΕΝΕΣ ΣΤΟ ΛΕΙΤΟΥΡΓΙΚΟ ΚΟΣΤΟΣ / Αποσβέσεις μεταφορικών μέσων,,,,ΛΟΓΑΡΙΑΣΜΟΙ ΑΠΟΤΕΛΕΣΜΑΤΩΝ / ΑΠΟΣΒΕΣΕΙΣ ΠΑΓΙΩΝ ΜΗ ΕΝΣΩΜΑΤΩΜΕΝΕΣ ΣΤΟ ΛΕΙΤΟΥΡΓΙΚΟ ΚΟΣΤΟΣ / Αποσβέσεις μεταφορικών μέσων / Αποσβέσεις λοιπών επιβατικών αυτοκινήτων εκτός εκμετάλλευσης,missing_root_type
,Αποσβέσεις μέσων εσωτερικών μεταφορών,,unspecified,,0,,ΛΟΓΑΡΙΑΣΜΟΙ ΑΠΟΤΕΛΕΣΜΑΤΩΝ / ΑΠΟΣΒΕΣΕΙΣ ΠΑΓΙΩΝ ΜΗ ΕΝΣΩΜΑΤΩΜΕΝΕΣ ΣΤΟ ΛΕΙΤΟΥΡΓΙΚΟ ΚΟΣΤΟΣ / Αποσβέσεις μεταφορικών μέσων,,,,ΛΟΓΑΡΙΑΣΜΟΙ ΑΠΟΤΕΛΕΣΜΑΤΩΝ / ΑΠΟΣΒΕΣΕΙΣ ΠΑΓΙΩΝ ΜΗ ΕΝΣΩΜΑΤΩΜΕΝΕΣ ΣΤΟ ΛΕΙΤΟΥΡΓΙΚΟ ΚΟΣΤΟΣ / Αποσβέσεις μεταφορικών μέσων / Αποσβέσεις μέσων εσωτερικών μεταφορών,missing_root_type
,Αποσβέσεις μέσων εσωτερικών μεταφορών εκτός εκμετάλλευσης,,unspecified,,0,,ΛΟΓΑΡΙΑΣΜΟΙ ΑΠΟΤΕΛΕΣΜΑΤΩΝ / ΑΠΟΣΒΕΣΕΙΣ ΠΑΓΙΩΝ ΜΗ ΕΝΣΩΜΑΤΩΜΕΝΕΣ ΣΤΟ ΛΕΙΤΟΥΡΓΙΚΟ ΚΟΣΤΟΣ / Αποσβέσεις μεταφορικών μέσων,,,,ΛΟΓΑΡΙΑΣΜΟΙ ΑΠΟΤΕΛΕΣΜΑΤΩΝ / ΑΠΟΣΒΕΣΕΙΣ ΠΑΓΙΩΝ ΜΗ ΕΝΣΩΜΑΤΩΜΕΝΕΣ ΣΤΟ ΛΕΙΤΟΥΡΓΙΚΟ ΚΟΣΤΟΣ / Αποσβέσεις μεταφορικών μέσων / Αποσβέσεις μέσων εσωτερικών μεταφορών εκτός εκμετάλλευσης,missing_root_type
,Αποσβέσεις πλωτών μέσων,,unspecified,,0,,ΛΟΓΑΡΙΑΣΜΟΙ ΑΠΟΤΕΛΕΣΜΑΤΩΝ / ΑΠΟΣΒΕΣΕΙΣ ΠΑΓΙΩΝ ΜΗ ΕΝΣΩΜΑΤΩΜΕΝΕΣ ΣΤΟ ΛΕΙΤΟΥΡΓΙΚΟ ΚΟΣΤΟΣ / Αποσβέσεις μεταφορικών μέσων,,,,ΛΟΓΑΡΙΑΣΜΟΙ ΑΠΟΤΕΛΕΣΜΑΤΩΝ / ΑΠΟΣΒΕΣΕΙΣ ΠΑΓΙΩΝ ΜΗ ΕΝΣΩΜΑΤΩΜΕΝΕΣ ΣΤΟ ΛΕΙΤΟΥΡΓΙΚΟ ΚΟΣΤΟΣ / Αποσβέσεις μεταφορικών μέσων / Αποσβέσεις πλωτών μέσων,missing_root_type
,Αποσβέσεις πλωτών μέσων εκτός εκμετάλλευσης,,unspecified,,0,,ΛΟΓΑΡΙΑΣΜΟΙ ΑΠΟΤΕΛΕΣΜΑΤΩΝ / ΑΠΟΣΒΕΣΕΙΣ ΠΑΓΙΩΝ ΜΗ ΕΝΣΩΜΑΤΩΜΕΝΕΣ ΣΤΟ ΛΕΙΤΟΥΡΓΙΚΟ ΚΟΣΤΟΣ / Αποσβέσεις μεταφορικών μέσων,,,,ΛΟΓΑΡΙΑΣΜΟΙ ΑΠΟΤΕΛΕΣΜΑΤΩΝ / ΑΠΟΣΒΕΣΕΙΣ ΠΑΓΙΩΝ ΜΗ ΕΝΣΩΜΑΤΩΜΕΝΕΣ ΣΤΟ ΛΕΙΤΟΥΡΓΙΚΟ ΚΟΣΤΟΣ / Αποσβέσεις μεταφορικών μέσων / Αποσβέσεις πλωτών μέσων εκτός εκμετάλλευσης,missing_root_type
,Αποσβέσεις σιδηροδρομικών οχημάτων,,unspecified,,0,,ΛΟΓΑΡΙΑΣΜΟΙ ΑΠΟΤΕΛΕΣΜΑΤΩΝ / ΑΠΟΣΒΕΣΕΙΣ ΠΑΓΙΩΝ ΜΗ ΕΝΣΩΜΑΤΩΜΕΝΕΣ ΣΤΟ ΛΕΙΤΟΥΡΓΙΚΟ ΚΟΣΤΟΣ / Αποσβέσεις μεταφορικών μέσων,,,,ΛΟΓΑΡΙΑΣΜΟΙ ΑΠΟΤΕΛΕΣΜΑΤΩΝ / ΑΠΟΣΒΕΣΕΙΣ ΠΑΓΙΩΝ ΜΗ ΕΝΣΩΜΑΤΩΜΕΝΕΣ ΣΤΟ ΛΕΙΤΟΥΡΓΙΚΟ ΚΟΣΤΟΣ / Αποσβέσεις μεταφορικών μέσων / Αποσβέσεις σιδηροδρομικών οχημάτων,missing_root_type
,Αποσβέσεις σιδηροδρομικών οχημάτων εκτός εκμετάλλευσης,,unspecified,,0,,ΛΟΓΑΡΙΑΣΜΟΙ ΑΠΟΤΕΛΕΣΜΑΤΩΝ / ΑΠΟΣΒΕΣΕΙΣ ΠΑΓΙΩΝ ΜΗ ΕΝΣΩΜΑΤΩΜΕΝΕΣ ΣΤΟ ΛΕΙΤΟΥΡΓΙΚΟ ΚΟΣΤΟΣ / Αποσβέσεις μεταφορικών μέσων,,,,ΛΟΓΑΡΙΑΣΜΟΙ ΑΠΟΤΕΛΕΣΜΑΤΩΝ / ΑΠΟΣΒΕΣΕΙΣ ΠΑΓΙΩΝ ΜΗ ΕΝΣΩΜΑΤΩΜΕΝΕΣ ΣΤΟ ΛΕΙΤΟΥΡΓΙΚΟ ΚΟΣΤΟΣ / Αποσβέσεις μεταφορικών μέσων / Αποσβέσεις σιδηροδρομικών οχημάτων εκτός εκμετάλλευσης,missing_root_type
,Αποσβέσεις μηχανημάτων - τεχνικών εγκαταστάσεων - λοιπών  μηχανολογικού εξοπλισμού,,group,,1,,ΛΟΓΑΡΙΑΣΜΟΙ ΑΠΟΤΕΛΕΣΜΑΤΩΝ / ΑΠΟΣΒΕΣΕΙΣ ΠΑΓΙΩΝ ΜΗ ΕΝΣΩΜΑΤΩΜΕΝΕΣ ΣΤΟ ΛΕΙΤΟΥΡΓΙΚΟ ΚΟΣΤΟΣ,,,,ΛΟΓΑΡΙΑΣΜΟΙ ΑΠΟΤΕΛΕΣΜΑΤΩΝ / ΑΠΟΣΒΕΣΕΙΣ ΠΑΓΙΩΝ ΜΗ ΕΝΣΩΜΑΤΩΜΕΝΕΣ ΣΤΟ ΛΕΙΤΟΥΡΓΙΚΟ ΚΟΣΤΟΣ / Αποσβέσεις μηχανημάτων - τεχνικών εγκαταστάσεων - λοιπών  μηχανολογικού εξοπλισμού,missing_root_type
,Αποσβέσεις εργαλείων,,unspecified,,0,,ΛΟΓΑΡΙΑΣΜΟΙ ΑΠΟΤΕΛΕΣΜΑΤΩΝ / ΑΠΟΣΒΕΣΕΙΣ ΠΑΓΙΩΝ ΜΗ ΕΝΣΩΜΑΤΩΜΕΝΕΣ ΣΤΟ ΛΕΙΤΟΥΡΓΙΚΟ ΚΟΣΤΟΣ / Αποσβέσεις μηχανημάτων - τεχνικών εγκαταστάσεων - λοιπών  μηχανολογικού εξοπλισμού,,,,ΛΟΓΑΡΙΑΣΜΟΙ ΑΠΟΤΕΛΕΣΜΑΤΩΝ / ΑΠΟΣΒΕΣΕΙΣ ΠΑΓΙΩΝ ΜΗ ΕΝΣΩΜΑΤΩΜΕΝΕΣ ΣΤΟ ΛΕΙΤΟΥΡΓΙΚΟ ΚΟΣΤΟΣ / Αποσβέσεις μηχανημάτων - τεχνικών εγκαταστάσεων - λοιπών  μηχανολογικού εξοπλισμού / Αποσβέσεις εργαλείων,missing_root_type
,Αποσβέσεις εργαλείων εκτός εκμετάλλευσης,,unspecified,,0,,ΛΟΓΑΡΙΑΣΜΟΙ ΑΠΟΤΕΛΕΣΜΑΤΩΝ / ΑΠΟΣΒΕΣΕΙΣ ΠΑΓΙΩΝ ΜΗ ΕΝΣΩΜΑΤΩΜΕΝΕΣ ΣΤΟ ΛΕΙΤΟΥΡΓΙΚΟ ΚΟΣΤΟΣ / Αποσβέσεις μηχανημάτων - τεχνικών εγκαταστάσεων - λοιπών  μηχανολογικού εξοπλισμού,,,,ΛΟΓΑΡΙΑΣΜΟΙ ΑΠΟΤΕΛΕΣΜΑΤΩΝ / ΑΠΟΣΒΕΣΕΙΣ ΠΑΓΙΩΝ ΜΗ ΕΝΣΩΜΑΤΩΜΕΝΕΣ ΣΤΟ ΛΕΙΤΟΥΡΓΙΚΟ ΚΟΣΤΟΣ / Αποσβέσεις μηχανημάτων - τεχνικών εγκαταστάσεων - λοιπών  μηχανολογικού εξοπλισμού / Αποσβέσεις εργαλείων εκτός εκμετάλλευσης,missing_root_type
,Αποσβέσεις καλουπιών - ιδιοκατασκευών,,unspecified,,0,,ΛΟΓΑΡΙΑΣΜΟΙ ΑΠΟΤΕΛΕΣΜΑΤΩΝ / ΑΠΟΣΒΕΣΕΙΣ ΠΑΓΙΩΝ ΜΗ ΕΝΣΩΜΑΤΩΜΕΝΕΣ ΣΤΟ ΛΕΙΤΟΥΡΓΙΚΟ ΚΟΣΤΟΣ / Αποσβέσεις μηχανημάτων - τεχνικών εγκαταστάσεων - λοιπών  μηχανολογικού εξοπλισμού,,,,ΛΟΓΑΡΙΑΣΜΟΙ ΑΠΟΤΕΛΕΣΜΑΤΩΝ / ΑΠΟΣΒΕΣΕΙΣ ΠΑΓΙΩΝ ΜΗ ΕΝΣΩΜΑΤΩΜΕΝΕΣ ΣΤΟ ΛΕΙΤΟΥΡΓΙΚΟ ΚΟΣΤΟΣ / Αποσβέσεις μηχανημάτων - τεχνικών εγκαταστάσεων - λοιπών  μηχανολογικού εξοπλισμού / Αποσβέσεις καλουπιών - ιδιοκατασκευών,missing_root_type
,Αποσβέσεις καλουπιών - ιδιοκατασκευών εκτός εκμετάλλευσης,,unspecified,,0,,ΛΟΓΑΡΙΑΣΜΟΙ ΑΠΟΤΕΛΕΣΜΑΤΩΝ / ΑΠΟΣΒΕΣΕΙΣ ΠΑΓΙΩΝ ΜΗ ΕΝΣΩΜΑΤΩΜΕΝΕΣ ΣΤΟ ΛΕΙΤΟΥΡΓΙΚΟ ΚΟΣΤΟΣ / Αποσβέσεις μηχανημάτων - τεχνικών εγκαταστάσεων - λοιπών  μηχανολογικού εξοπλισμού,,,,ΛΟΓΑΡΙΑΣΜΟΙ ΑΠΟΤΕΛΕΣΜΑΤΩΝ / ΑΠΟΣΒΕΣΕΙΣ ΠΑΓΙΩΝ ΜΗ ΕΝΣΩΜΑΤΩΜΕΝΕΣ ΣΤΟ ΛΕΙΤΟΥΡΓΙΚΟ ΚΟΣΤΟΣ / Αποσβέσεις μηχανημάτων - τεχνικών εγκαταστάσεων - λοιπών  μηχανολογικού εξοπλισμού / Αποσβέσεις καλουπιών - ιδιοκατασκευών εκτός εκμετάλλευσης,missing_root_type
,Αποσβέσεις λοιπού μηχανολογικού εξοπλισμού,,unspecified,,0,,ΛΟΓΑΡΙΑΣΜΟΙ ΑΠΟΤΕΛΕΣΜΑΤΩΝ / ΑΠΟΣΒΕΣΕΙΣ ΠΑΓΙΩΝ ΜΗ ΕΝΣΩΜΑΤΩΜΕΝΕΣ ΣΤΟ ΛΕΙΤΟΥΡΓΙΚΟ ΚΟΣΤΟΣ / Αποσβέσεις μηχανημάτων - τεχνικών εγκαταστάσεων - λοιπών  μηχανολογικού εξοπλισμού,,,,ΛΟΓΑΡΙΑΣΜΟΙ ΑΠΟΤΕΛΕΣΜΑΤΩΝ / ΑΠΟΣΒΕΣΕΙΣ ΠΑΓΙΩΝ ΜΗ ΕΝΣΩΜΑΤΩΜΕΝΕΣ ΣΤΟ ΛΕΙΤΟΥΡΓΙΚΟ ΚΟΣΤΟΣ / Αποσβέσεις μηχανημάτων - τεχνικών εγκαταστάσεων - λοιπών  μηχανολογικού εξοπλισμού / Αποσβέσεις λοιπού μηχανολογικού εξοπλισμού,missing_root_type
,Αποσβέσεις λοιπού μηχανολογικού εξοπλισμού εκτός εκμετάλλευσης,,unspecified,,0,,ΛΟΓΑΡΙΑΣΜΟΙ ΑΠΟΤΕΛΕΣΜΑΤΩΝ / ΑΠΟΣΒΕΣΕΙΣ ΠΑΓΙΩΝ ΜΗ ΕΝΣΩΜΑΤΩΜΕΝΕΣ ΣΤΟ ΛΕΙΤΟΥΡΓΙΚΟ ΚΟΣΤΟΣ / Αποσβέσεις μηχανημάτων - τεχνικών εγκαταστάσεων - λοιπών  μηχανολογικού εξοπλισμού,,,,ΛΟΓΑΡΙΑΣΜΟΙ ΑΠΟΤΕΛΕΣΜΑΤΩΝ / ΑΠΟΣΒΕΣΕΙΣ ΠΑΓΙΩΝ ΜΗ ΕΝΣΩΜΑΤΩΜΕΝΕΣ ΣΤΟ ΛΕΙΤΟΥΡΓΙΚΟ ΚΟΣΤΟΣ / Αποσβέσεις μηχανημάτων - τεχνικών εγκαταστάσεων - λοιπών  μηχανολογικού εξοπλισμού / Αποσβέσεις λοιπού μηχανολογικού εξοπλισμού εκτός εκμετάλλευσης,missing_root_type
,Αποσβέσεις λοιπού μηχανολογικού εξοπλισμού σε ακίνητα τρίτων,,unspecified,,0,,ΛΟΓΑΡΙΑΣΜΟΙ ΑΠΟΤΕΛΕΣΜΑΤΩΝ / ΑΠΟΣΒΕΣΕΙΣ ΠΑΓΙΩΝ ΜΗ ΕΝΣΩΜΑΤΩΜΕΝΕΣ ΣΤΟ ΛΕΙΤΟΥΡΓΙΚΟ ΚΟΣΤΟΣ / Αποσβέσεις μηχανημάτων - τεχνικών εγκαταστάσεων - λοιπών  μηχανολογικού εξοπλισμού,,,,ΛΟΓΑΡΙΑΣΜΟΙ ΑΠΟΤΕΛΕΣΜΑΤΩΝ / ΑΠΟΣΒΕΣΕΙΣ ΠΑΓΙΩΝ ΜΗ ΕΝΣΩΜΑΤΩΜΕΝΕΣ ΣΤΟ ΛΕΙΤΟΥΡΓΙΚΟ ΚΟΣΤΟΣ / Αποσβέσεις μηχανημάτων - τεχνικών εγκαταστάσεων - λοιπών  μηχανολογικού εξοπλισμού / Αποσβέσεις λοιπού μηχανολογικού εξοπλισμού σε ακίνητα τρίτων,missing_root_type
,Αποσβέσεις λοιπού μηχανολογικού εξοπλισμού σε ακίνητα τρίτων εκτός εκμετάλλευσης,,unspecified,,0,,ΛΟΓΑΡΙΑΣΜΟΙ ΑΠΟΤΕΛΕΣΜΑΤΩΝ / ΑΠΟΣΒΕΣΕΙΣ ΠΑΓΙΩΝ ΜΗ ΕΝΣΩΜΑΤΩΜΕΝΕΣ ΣΤΟ ΛΕΙΤΟΥΡΓΙΚΟ ΚΟΣΤΟΣ / Αποσβέσεις μηχανημάτων - τεχνικών εγκαταστάσεων - λοιπών  μηχανολογικού εξοπλισμού,,,,ΛΟΓΑΡΙΑΣΜΟΙ ΑΠΟΤΕΛΕΣΜΑΤΩΝ / ΑΠΟΣΒΕΣΕΙΣ ΠΑΓΙΩΝ ΜΗ ΕΝΣΩΜΑΤΩΜΕΝΕΣ ΣΤΟ ΛΕΙΤΟΥΡΓΙΚΟ ΚΟΣΤΟΣ / Αποσβέσεις μηχανημάτων - τεχνικών εγκαταστάσεων - λοιπών  μηχανολογικού εξοπλισμού / Αποσβέσεις λοιπού μηχανολογικού εξοπλισμού σε ακίνητα τρίτων εκτός εκμετάλλευσης,missing_root_type
,Αποσβέσεις μηχανημάτων,,unspecified,,0,,ΛΟΓΑΡΙΑΣΜΟΙ ΑΠΟΤΕΛΕΣΜΑΤΩΝ / ΑΠΟΣΒΕΣΕΙΣ ΠΑΓΙΩΝ ΜΗ ΕΝΣΩΜΑΤΩΜΕΝΕΣ ΣΤΟ ΛΕΙΤΟΥΡΓΙΚΟ ΚΟΣΤΟΣ / Αποσβέσεις μηχανημάτων - τεχνικών εγκαταστάσεων - λοιπών  μηχανολογικού εξοπλισμού,,,,ΛΟΓΑΡΙΑΣΜΟΙ ΑΠΟΤΕΛΕΣΜΑΤΩΝ / ΑΠΟΣΒΕΣΕΙΣ ΠΑΓΙΩΝ ΜΗ ΕΝΣΩΜΑΤΩΜΕΝΕΣ ΣΤΟ ΛΕΙΤΟΥΡΓΙΚΟ ΚΟΣΤΟΣ / Αποσβέσεις μηχανημάτων - τεχνικών εγκαταστάσεων - λοιπών  μηχανολογικού εξοπλισμού / Αποσβέσεις μηχανημάτων,missing_root_type
,Αποσβέσεις μηχανημάτων εκτός εκμετάλλευσης,,unspecified,,0,,ΛΟΓΑΡΙΑΣΜΟΙ ΑΠΟΤΕΛΕΣΜΑΤΩΝ / ΑΠΟΣΒΕΣΕΙΣ ΠΑΓΙΩΝ ΜΗ ΕΝΣΩΜΑΤΩΜΕΝΕΣ ΣΤΟ ΛΕΙΤΟΥΡΓΙΚΟ ΚΟΣΤΟΣ / Αποσβέσεις μηχανημάτων - τεχνικών εγκαταστάσεων - λοιπών  μηχανολογικού εξοπλισμού,,,,ΛΟΓΑΡΙΑΣΜΟΙ ΑΠΟΤΕΛΕΣΜΑΤΩΝ / ΑΠΟΣΒΕΣΕΙΣ ΠΑΓΙΩΝ ΜΗ ΕΝΣΩΜΑΤΩΜΕΝΕΣ ΣΤΟ ΛΕΙΤΟΥΡΓΙΚΟ ΚΟΣΤΟΣ / Αποσβέσεις μηχανημάτων - τεχνικών εγκαταστάσεων - λοιπών  μηχανολογικού εξοπλισμού / Αποσβέσεις μηχανημάτων εκτός εκμετάλλευσης,missing_root_type
,Αποσβέσεις μηχανημάτων σε ακίνητα τρίτων,,unspecified,,0,,ΛΟΓΑΡΙΑΣΜΟΙ ΑΠΟΤΕΛΕΣΜΑΤΩΝ / ΑΠΟΣΒΕΣΕΙΣ ΠΑΓΙΩΝ ΜΗ ΕΝΣΩΜΑΤΩΜΕΝΕΣ ΣΤΟ ΛΕΙΤΟΥΡΓΙΚΟ ΚΟΣΤΟΣ / Αποσβέσεις μηχανημάτων - τεχνικών εγκαταστάσεων - λοιπών  μηχανολογικού εξοπλισμού,,,,ΛΟΓΑΡΙΑΣΜΟΙ ΑΠΟΤΕΛΕΣΜΑΤΩΝ / ΑΠΟΣΒΕΣΕΙΣ ΠΑΓΙΩΝ ΜΗ ΕΝΣΩΜΑΤΩΜΕΝΕΣ ΣΤΟ ΛΕΙΤΟΥΡΓΙΚΟ ΚΟΣΤΟΣ / Αποσβέσεις μηχανημάτων - τεχνικών εγκαταστάσεων - λοιπών  μηχανολογικού εξοπλισμού / Αποσβέσεις μηχανημάτων σε ακίνητα τρίτων,missing_root_type
,Αποσβέσεις μηχανημάτων σε ακίνητα τρίτων εκτός εκμετάλλευσης,,unspecified,,0,,ΛΟΓΑΡΙΑΣΜΟΙ ΑΠΟΤΕΛΕΣΜΑΤΩΝ / ΑΠΟΣΒΕΣΕΙΣ ΠΑΓΙΩΝ ΜΗ ΕΝΣΩΜΑΤΩΜΕΝΕΣ ΣΤΟ ΛΕΙΤΟΥΡΓΙΚΟ ΚΟΣΤΟΣ / Αποσβέσεις μηχανημάτων - τεχνικών εγκαταστάσεων - λοιπών  μηχανολογικού εξοπλισμού,,,,ΛΟΓΑΡΙΑΣΜΟΙ ΑΠΟΤΕΛΕΣΜΑΤΩΝ / ΑΠΟΣΒΕΣΕΙΣ ΠΑΓΙΩΝ ΜΗ ΕΝΣΩΜΑΤΩΜΕΝΕΣ ΣΤΟ ΛΕΙΤΟΥΡΓΙΚΟ ΚΟΣΤΟΣ / Αποσβέσεις μηχανημάτων - τεχνικών εγκαταστάσεων - λοιπών  μηχανολογικού εξοπλισμού / Αποσβέσεις μηχανημάτων σε ακίνητα τρίτων εκτός εκμετάλλευσης,missing_root_type
,Αποσβέσεις μηχανολογικών οργάνων,,unspecified,,0,,ΛΟΓΑΡΙΑΣΜΟΙ ΑΠΟΤΕΛΕΣΜΑΤΩΝ / ΑΠΟΣΒΕΣΕΙΣ ΠΑΓΙΩΝ ΜΗ ΕΝΣΩΜΑΤΩΜΕΝΕΣ ΣΤΟ ΛΕΙΤΟΥΡΓΙΚΟ ΚΟΣΤΟΣ / Αποσβέσεις μηχανημάτων - τεχνικών εγκαταστάσεων - λοιπών  μηχανολογικού εξοπλισμού,,,,ΛΟΓΑΡΙΑΣΜΟΙ ΑΠΟΤΕΛΕΣΜΑΤΩΝ / ΑΠΟΣΒΕΣΕΙΣ ΠΑΓΙΩΝ ΜΗ ΕΝΣΩΜΑΤΩΜΕΝΕΣ ΣΤΟ ΛΕΙΤΟΥΡΓΙΚΟ ΚΟΣΤΟΣ / Αποσβέσεις μηχανημάτων - τεχνικών εγκαταστάσεων - λοιπών  μηχανολογικού εξοπλισμού / Αποσβέσεις μηχανολογικών οργάνων,missing_root_type
,Αποσβέσεις μηχανολογικών οργάνων εκτός εκμετάλλευσης,,unspecified,,0,,ΛΟΓΑΡΙΑΣΜΟΙ ΑΠΟΤΕΛΕΣΜΑΤΩΝ / ΑΠΟΣΒΕΣΕΙΣ ΠΑΓΙΩΝ ΜΗ ΕΝΣΩΜΑΤΩΜΕΝΕΣ ΣΤΟ ΛΕΙΤΟΥΡΓΙΚΟ ΚΟΣΤΟΣ / Αποσβέσεις μηχανημάτων - τεχνικών εγκαταστάσεων - λοιπών  μηχανολογικού εξοπλισμού,,,,ΛΟΓΑΡΙΑΣΜΟΙ ΑΠΟΤΕΛΕΣΜΑΤΩΝ / ΑΠΟΣΒΕΣΕΙΣ ΠΑΓΙΩΝ ΜΗ ΕΝΣΩΜΑΤΩΜΕΝΕΣ ΣΤΟ ΛΕΙΤΟΥΡΓΙΚΟ ΚΟΣΤΟΣ / Αποσβέσεις μηχανημάτων - τεχνικών εγκαταστάσεων - λοιπών  μηχανολογικού εξοπλισμού / Αποσβέσεις μηχανολογικών οργάνων εκτός εκμετάλλευσης,missing_root_type
,Αποσβέσεις τεχνικών εγκαταστάσεων,,unspecified,,0,,ΛΟΓΑΡΙΑΣΜΟΙ ΑΠΟΤΕΛΕΣΜΑΤΩΝ / ΑΠΟΣΒΕΣΕΙΣ ΠΑΓΙΩΝ ΜΗ ΕΝΣΩΜΑΤΩΜΕΝΕΣ ΣΤΟ ΛΕΙΤΟΥΡΓΙΚΟ ΚΟΣΤΟΣ / Αποσβέσεις μηχανημάτων - τεχνικών εγκαταστάσεων - λοιπών  μηχανολογικού εξοπλισμού,,,,ΛΟΓΑΡΙΑΣΜΟΙ ΑΠΟΤΕΛΕΣΜΑΤΩΝ / ΑΠΟΣΒΕΣΕΙΣ ΠΑΓΙΩΝ ΜΗ ΕΝΣΩΜΑΤΩΜΕΝΕΣ ΣΤΟ ΛΕΙΤΟΥΡΓΙΚΟ ΚΟΣΤΟΣ / Αποσβέσεις μηχανημάτων - τεχνικών εγκαταστάσεων - λοιπών  μηχανολογικού εξοπλισμού / Αποσβέσεις τεχνικών εγκαταστάσεων,missing_root_type
,Αποσβέσεις τεχνικών εγκαταστάσεων εκτός εκμετάλλευσης,,unspecified,,0,,ΛΟΓΑΡΙΑΣΜΟΙ ΑΠΟΤΕΛΕΣΜΑΤΩΝ / ΑΠΟΣΒΕΣΕΙΣ ΠΑΓΙΩΝ ΜΗ ΕΝΣΩΜΑΤΩΜΕΝΕΣ ΣΤΟ ΛΕΙΤΟΥΡΓΙΚΟ ΚΟΣΤΟΣ / Αποσβέσεις μηχανημάτων - τεχνικών εγκαταστάσεων - λοιπών  μηχανολογικού εξοπλισμού,,,,ΛΟΓΑΡΙΑΣΜΟΙ ΑΠΟΤΕΛΕΣΜΑΤΩΝ / ΑΠΟΣΒΕΣΕΙΣ ΠΑΓΙΩΝ ΜΗ ΕΝΣΩΜΑΤΩΜΕΝΕΣ ΣΤΟ ΛΕΙΤΟΥΡΓΙΚΟ ΚΟΣΤΟΣ / Αποσβέσεις μηχανημάτων - τεχνικών εγκαταστάσεων - λοιπών  μηχανολογικού εξοπλισμού / Αποσβέσεις τεχνικών εγκαταστάσεων εκτός εκμετάλλευσης,missing_root_type
,Αποσβέσεις τεχνικών εγκαταστάσεων σε ακίνητα τρίτων,,unspecified,,0,,ΛΟΓΑΡΙΑΣΜΟΙ ΑΠΟΤΕΛΕΣΜΑΤΩΝ / ΑΠΟΣΒΕΣΕΙΣ ΠΑΓΙΩΝ ΜΗ ΕΝΣΩΜΑΤΩΜΕΝΕΣ ΣΤΟ ΛΕΙΤΟΥΡΓΙΚΟ ΚΟΣΤΟΣ / Αποσβέσεις μηχανημάτων - τεχνικών εγκαταστάσεων - λοιπών  μηχανολογικού εξοπλισμού,,,,ΛΟΓΑΡΙΑΣΜΟΙ ΑΠΟΤΕΛΕΣΜΑΤΩΝ / ΑΠΟΣΒΕΣΕΙΣ ΠΑΓΙΩΝ ΜΗ ΕΝΣΩΜΑΤΩΜΕΝΕΣ ΣΤΟ ΛΕΙΤΟΥΡΓΙΚΟ ΚΟΣΤΟΣ / Αποσβέσεις μηχανημάτων - τεχνικών εγκαταστάσεων - λοιπών  μηχανολογικού εξοπλισμού / Αποσβέσεις τεχνικών εγκαταστάσεων σε ακίνητα τρίτων,missing_root_type
,Αποσβέσεις τεχνικών εγκαταστάσεων σε ακίνητα τρίτων εκτός εκμετάλλευσης,,unspecified,,0,,ΛΟΓΑΡΙΑΣΜΟΙ ΑΠΟΤΕΛΕΣΜΑΤΩΝ / ΑΠΟΣΒΕΣΕΙΣ ΠΑΓΙΩΝ ΜΗ ΕΝΣΩΜΑΤΩΜΕΝΕΣ ΣΤΟ ΛΕΙΤΟΥΡΓΙΚΟ ΚΟΣΤΟΣ / Αποσβέσεις μηχανημάτων - τεχνικών εγκαταστάσεων - λοιπών  μηχανολογικού εξοπλισμού,,,,ΛΟΓΑΡΙΑΣΜΟΙ ΑΠΟΤΕΛΕΣΜΑΤΩΝ / ΑΠΟΣΒΕΣΕΙΣ ΠΑΓΙΩΝ ΜΗ ΕΝΣΩΜΑΤΩΜΕΝΕΣ ΣΤΟ ΛΕΙΤΟΥΡΓΙΚΟ ΚΟΣΤΟΣ / Αποσβέσεις μηχανημάτων - τεχνικών εγκαταστάσεων - λοιπών  μηχανολογικού εξοπλισμού / Αποσβέσεις τεχνικών εγκαταστάσεων σε ακίνητα τρίτων εκτός εκμετάλλευσης,missing_root_type
,"Αποσβέσεις φορητών μηχανημάτων ""χειρός""",,unspecified,,0,,ΛΟΓΑΡΙΑΣΜΟΙ ΑΠΟΤΕΛΕΣΜΑΤΩΝ / ΑΠΟΣΒΕΣΕΙΣ ΠΑΓΙΩΝ ΜΗ ΕΝΣΩΜΑΤΩΜΕΝΕΣ ΣΤΟ ΛΕΙΤΟΥΡΓΙΚΟ ΚΟΣΤΟΣ / Αποσβέσεις μηχανημάτων - τεχνικών εγκαταστάσεων - λοιπών  μηχανολογικού εξοπλισμού,,,,"ΛΟΓΑΡΙΑΣΜΟΙ ΑΠΟΤΕΛΕΣΜΑΤΩΝ / ΑΠΟΣΒΕΣΕΙΣ ΠΑΓΙΩΝ ΜΗ ΕΝΣΩΜΑΤΩΜΕΝΕΣ ΣΤΟ ΛΕΙΤΟΥΡΓΙΚΟ ΚΟΣΤΟΣ / Αποσβέσεις μηχανημάτων - τεχνικών εγκαταστάσεων - λοιπών  μηχανολογικού εξοπλισμού / Αποσβέσεις φορητών μηχανημάτων ""χειρός""",missing_root_type
,"Αποσβέσεις φορητών μηχανημάτων ""χειρός"" εκτός εκμετάλλευσης",,unspecified,,0,,ΛΟΓΑΡΙΑΣΜΟΙ ΑΠΟΤΕΛΕΣΜΑΤΩΝ / ΑΠΟΣΒΕΣΕΙΣ ΠΑΓΙΩΝ ΜΗ ΕΝΣΩΜΑΤΩΜΕΝΕΣ ΣΤΟ ΛΕΙΤΟΥΡΓΙΚΟ ΚΟΣΤΟΣ / Αποσβέσεις μηχανημάτων - τεχνικών εγκαταστάσεων - λοιπών  μηχανολογικού εξοπλισμού,,,,"ΛΟΓΑΡΙΑΣΜΟΙ ΑΠΟΤΕΛΕΣΜΑΤΩΝ / ΑΠΟΣΒΕΣΕΙΣ ΠΑΓΙΩΝ ΜΗ ΕΝΣΩΜΑΤΩΜΕΝΕΣ ΣΤΟ ΛΕΙΤΟΥΡΓΙΚΟ ΚΟΣΤΟΣ / Αποσβέσεις μηχανημάτων - τεχνικών εγκαταστάσεων - λοιπών  μηχανολογικού εξοπλισμού / Αποσβέσεις φορητών μηχανημάτων ""χειρός"" εκτός εκμετάλλευσης",missing_root_type
,ΑΠΟΤΕΛΕΣΜΑΤΑ ΠΡΟΣ ΔΙΑΘΕΣΗ,,group,,1,,ΛΟΓΑΡΙΑΣΜΟΙ ΑΠΟΤΕΛΕΣΜΑΤΩΝ,,,,ΛΟΓΑΡΙΑΣΜΟΙ ΑΠΟΤΕΛΕΣΜΑΤΩΝ / ΑΠΟΤΕΛΕΣΜΑΤΑ ΠΡΟΣ ΔΙΑΘΕΣΗ,missing_root_type
,Διαφορές φορολογικού ελένχου προηγουμένων χρήσεων,,unspecified,,0,,ΛΟΓΑΡΙΑΣΜΟΙ ΑΠΟΤΕΛΕΣΜΑΤΩΝ / ΑΠΟΤΕΛΕΣΜΑΤΑ ΠΡΟΣ ΔΙΑΘΕΣΗ,,,,ΛΟΓΑΡΙΑΣΜΟΙ ΑΠΟΤΕΛΕΣΜΑΤΩΝ / ΑΠΟΤΕΛΕΣΜΑΤΑ ΠΡΟΣ ΔΙΑΘΕΣΗ / Διαφορές φορολογικού ελένχου προηγουμένων χρήσεων,missing_root_type
,Ζημιές εις νέο,,unspecified,,0,,ΛΟΓΑΡΙΑΣΜΟΙ ΑΠΟΤΕΛΕΣΜΑΤΩΝ / ΑΠΟΤΕΛΕΣΜΑΤΑ ΠΡΟΣ ΔΙΑΘΕΣΗ,,,,ΛΟΓΑΡΙΑΣΜΟΙ ΑΠΟΤΕΛΕΣΜΑΤΩΝ / ΑΠΟΤΕΛΕΣΜΑΤΑ ΠΡΟΣ ΔΙΑΘΕΣΗ / Ζημιές εις νέο,missing_root_type
,Ζημιές προηγούμενης χρήσης προς κάλυψη,,unspecified,,0,,ΛΟΓΑΡΙΑΣΜΟΙ ΑΠΟΤΕΛΕΣΜΑΤΩΝ / ΑΠΟΤΕΛΕΣΜΑΤΑ ΠΡΟΣ ΔΙΑΘΕΣΗ,,,,ΛΟΓΑΡΙΑΣΜΟΙ ΑΠΟΤΕΛΕΣΜΑΤΩΝ / ΑΠΟΤΕΛΕΣΜΑΤΑ ΠΡΟΣ ΔΙΑΘΕΣΗ / Ζημιές προηγούμενης χρήσης προς κάλυψη,missing_root_type
,Ζημιές προηγούμενων χρήσεων προς κάλυψη,,unspecified,,0,,ΛΟΓΑΡΙΑΣΜΟΙ ΑΠΟΤΕΛΕΣΜΑΤΩΝ / ΑΠΟΤΕΛΕΣΜΑΤΑ ΠΡΟΣ ΔΙΑΘΕΣΗ,,,,ΛΟΓΑΡΙΑΣΜΟΙ ΑΠΟΤΕΛΕΣΜΑΤΩΝ / ΑΠΟΤΕΛΕΣΜΑΤΑ ΠΡΟΣ ΔΙΑΘΕΣΗ / Ζημιές προηγούμενων χρήσεων προς κάλυψη,missing_root_type
,Ζημιές χρήσης,,unspecified,,0,,ΛΟΓΑΡΙΑΣΜΟΙ ΑΠΟΤΕΛΕΣΜΑΤΩΝ / ΑΠΟΤΕΛΕΣΜΑΤΑ ΠΡΟΣ ΔΙΑΘΕΣΗ,,,,ΛΟΓΑΡΙΑΣΜΟΙ ΑΠΟΤΕΛΕΣΜΑΤΩΝ / ΑΠΟΤΕΛΕΣΜΑΤΑ ΠΡΟΣ ΔΙΑΘΕΣΗ / Ζημιές χρήσης,missing_root_type
,Κέρδη εις νέο,,unspecified,,0,,ΛΟΓΑΡΙΑΣΜΟΙ ΑΠΟΤΕΛΕΣΜΑΤΩΝ / ΑΠΟΤΕΛΕΣΜΑΤΑ ΠΡΟΣ ΔΙΑΘΕΣΗ,,,,ΛΟΓΑΡΙΑΣΜΟΙ ΑΠΟΤΕΛΕΣΜΑΤΩΝ / ΑΠΟΤΕΛΕΣΜΑΤΑ ΠΡΟΣ ΔΙΑΘΕΣΗ / Κέρδη εις νέο,missing_root_type
,Καθαρά κέρδη χρήσης,,unspecified,,0,,ΛΟΓΑΡΙΑΣΜΟΙ ΑΠΟΤΕΛΕΣΜΑΤΩΝ / ΑΠΟΤΕΛΕΣΜΑΤΑ ΠΡΟΣ ΔΙΑΘΕΣΗ,,,,ΛΟΓΑΡΙΑΣΜΟΙ ΑΠΟΤΕΛΕΣΜΑΤΩΝ / ΑΠΟΤΕΛΕΣΜΑΤΑ ΠΡΟΣ ΔΙΑΘΕΣΗ / Καθαρά κέρδη χρήσης,missing_root_type
,Λογαριασμός αποθεματικών προς διάθεση,,unspecified,,0,,ΛΟΓΑΡΙΑΣΜΟΙ ΑΠΟΤΕΛΕΣΜΑΤΩΝ / ΑΠΟΤΕΛΕΣΜΑΤΑ ΠΡΟΣ ΔΙΑΘΕΣΗ,,,,ΛΟΓΑΡΙΑΣΜΟΙ ΑΠΟΤΕΛΕΣΜΑΤΩΝ / ΑΠΟΤΕΛΕΣΜΑΤΑ ΠΡΟΣ ΔΙΑΘΕΣΗ / Λογαριασμός αποθεματικών προς διάθεση,missing_root_type
,Λοιποί μη ενσωματωμένοι στο λειτουργικό κόστος φόροι,,unspecified,,0,,ΛΟΓΑΡΙΑΣΜΟΙ ΑΠΟΤΕΛΕΣΜΑΤΩΝ / ΑΠΟΤΕΛΕΣΜΑΤΑ ΠΡΟΣ ΔΙΑΘΕΣΗ,,,,ΛΟΓΑΡΙΑΣΜΟΙ ΑΠΟΤΕΛΕΣΜΑΤΩΝ / ΑΠΟΤΕΛΕΣΜΑΤΑ ΠΡΟΣ ΔΙΑΘΕΣΗ / Λοιποί μη ενσωματωμένοι στο λειτουργικό κόστος φόροι,missing_root_type
,Υπόλοιπο κερδών προηγούμενης χρήσης,,unspecified,,0,,ΛΟΓΑΡΙΑΣΜΟΙ ΑΠΟΤΕΛΕΣΜΑΤΩΝ / ΑΠΟΤΕΛΕΣΜΑΤΑ ΠΡΟΣ ΔΙΑΘΕΣΗ,,,,ΛΟΓΑΡΙΑΣΜΟΙ ΑΠΟΤΕΛΕΣΜΑΤΩΝ / ΑΠΟΤΕΛΕΣΜΑΤΑ ΠΡΟΣ ΔΙΑΘΕΣΗ / Υπόλοιπο κερδών προηγούμενης χρήσης,missing_root_type
,Φόρος εισοδήματος και εισφορά ΟΓΑ,,unspecified,,0,,ΛΟΓΑΡΙΑΣΜΟΙ ΑΠΟΤΕΛΕΣΜΑΤΩΝ / ΑΠΟΤΕΛΕΣΜΑΤΑ ΠΡΟΣ ΔΙΑΘΕΣΗ,,,,ΛΟΓΑΡΙΑΣΜΟΙ ΑΠΟΤΕΛΕΣΜΑΤΩΝ / ΑΠΟΤΕΛΕΣΜΑΤΑ ΠΡΟΣ ΔΙΑΘΕΣΗ / Φόρος εισοδήματος και εισφορά ΟΓΑ,missing_root_type
,ΑΠΟΤΕΛΕΣΜΑΤΑ ΧΡΗΣΗΣ,,group,,1,,ΛΟΓΑΡΙΑΣΜΟΙ ΑΠΟΤΕΛΕΣΜΑΤΩΝ,,,,ΛΟΓΑΡΙΑΣΜΟΙ ΑΠΟΤΕΛΕΣΜΑΤΩΝ / ΑΠΟΤΕΛΕΣΜΑΤΑ ΧΡΗΣΗΣ,missing_root_type
,Έκτακτα και ανόργανα αποτελέσματα,,group,,1,,ΛΟΓΑΡΙΑΣΜΟΙ ΑΠΟΤΕΛΕΣΜΑΤΩΝ / ΑΠΟΤΕΛΕΣΜΑΤΑ ΧΡΗΣΗΣ,,,,ΛΟΓΑΡΙΑΣΜΟΙ ΑΠΟΤΕΛΕΣΜΑΤΩΝ / ΑΠΟΤΕΛΕΣΜΑΤΑ ΧΡΗΣΗΣ / Έκτακτα και ανόργανα αποτελέσματα,missing_root_type
,Έκτακτα κέρδη,,unspecified,,0,,ΛΟΓΑΡΙΑΣΜΟΙ ΑΠΟΤΕΛΕΣΜΑΤΩΝ / ΑΠΟΤΕΛΕΣΜΑΤΑ ΧΡΗΣΗΣ / Έκτακτα και ανόργανα αποτελέσματα,,,,ΛΟΓΑΡΙΑΣΜΟΙ ΑΠΟΤΕΛΕΣΜΑΤΩΝ / ΑΠΟΤΕΛΕΣΜΑΤΑ ΧΡΗΣΗΣ / Έκτακτα και ανόργανα αποτελέσματα / Έκτακτα κέρδη,missing_root_type
,Έκτακτα και ανόργανα έξοδα,,unspecified,,0,,ΛΟΓΑΡΙΑΣΜΟΙ ΑΠΟΤΕΛΕΣΜΑΤΩΝ / ΑΠΟΤΕΛΕΣΜΑΤΑ ΧΡΗΣΗΣ / Έκτακτα και ανόργανα αποτελέσματα,,,,ΛΟΓΑΡΙΑΣΜΟΙ ΑΠΟΤΕΛΕΣΜΑΤΩΝ / ΑΠΟΤΕΛΕΣΜΑΤΑ ΧΡΗΣΗΣ / Έκτακτα και ανόργανα αποτελέσματα / Έκτακτα και ανόργανα έξοδα,missing_root_type
,Έκτακτα και ανόργανα έσοδα,,unspecified,,0,,ΛΟΓΑΡΙΑΣΜΟΙ ΑΠΟΤΕΛΕΣΜΑΤΩΝ / ΑΠΟΤΕΛΕΣΜΑΤΑ ΧΡΗΣΗΣ / Έκτακτα και ανόργανα αποτελέσματα,,,,ΛΟΓΑΡΙΑΣΜΟΙ ΑΠΟΤΕΛΕΣΜΑΤΩΝ / ΑΠΟΤΕΛΕΣΜΑΤΑ ΧΡΗΣΗΣ / Έκτακτα και ανόργανα αποτελέσματα / Έκτακτα και ανόργανα έσοδα,missing_root_type
,Έκτακτες ζημιές,,unspecified,,0,,ΛΟΓΑΡΙΑΣΜΟΙ ΑΠΟΤΕΛΕΣΜΑΤΩΝ / ΑΠΟΤΕΛΕΣΜΑΤΑ ΧΡΗΣΗΣ / Έκτακτα και ανόργανα αποτελέσματα,,,,ΛΟΓΑΡΙΑΣΜΟΙ ΑΠΟΤΕΛΕΣΜΑΤΩΝ / ΑΠΟΤΕΛΕΣΜΑΤΑ ΧΡΗΣΗΣ / Έκτακτα και ανόργανα αποτελέσματα / Έκτακτες ζημιές,missing_root_type
,Έξοδα προηγουμένων χρήσεων,,unspecified,,0,,ΛΟΓΑΡΙΑΣΜΟΙ ΑΠΟΤΕΛΕΣΜΑΤΩΝ / ΑΠΟΤΕΛΕΣΜΑΤΑ ΧΡΗΣΗΣ / Έκτακτα και ανόργανα αποτελέσματα,,,,ΛΟΓΑΡΙΑΣΜΟΙ ΑΠΟΤΕΛΕΣΜΑΤΩΝ / ΑΠΟΤΕΛΕΣΜΑΤΑ ΧΡΗΣΗΣ / Έκτακτα και ανόργανα αποτελέσματα / Έξοδα προηγουμένων χρήσεων,missing_root_type
,Έσοδα και προβλέψεις προηγουμένων χρήσεων,,unspecified,,0,,ΛΟΓΑΡΙΑΣΜΟΙ ΑΠΟΤΕΛΕΣΜΑΤΩΝ / ΑΠΟΤΕΛΕΣΜΑΤΑ ΧΡΗΣΗΣ / Έκτακτα και ανόργανα αποτελέσματα,,,,ΛΟΓΑΡΙΑΣΜΟΙ ΑΠΟΤΕΛΕΣΜΑΤΩΝ / ΑΠΟΤΕΛΕΣΜΑΤΑ ΧΡΗΣΗΣ / Έκτακτα και ανόργανα αποτελέσματα / Έσοδα και προβλέψεις προηγουμένων χρήσεων,missing_root_type
,Έσοδα προηγουμένων χρήσεων,,unspecified,,0,,ΛΟΓΑΡΙΑΣΜΟΙ ΑΠΟΤΕΛΕΣΜΑΤΩΝ / ΑΠΟΤΕΛΕΣΜΑΤΑ ΧΡΗΣΗΣ / Έκτακτα και ανόργανα αποτελέσματα,,,,ΛΟΓΑΡΙΑΣΜΟΙ ΑΠΟΤΕΛΕΣΜΑΤΩΝ / ΑΠΟΤΕΛΕΣΜΑΤΑ ΧΡΗΣΗΣ / Έκτακτα και ανόργανα αποτελέσματα / Έσοδα προηγουμένων χρήσεων,missing_root_type
,Προβλέψεις για έκτακτους κινδύνους,,unspecified,,0,,ΛΟΓΑΡΙΑΣΜΟΙ ΑΠΟΤΕΛΕΣΜΑΤΩΝ / ΑΠΟΤΕΛΕΣΜΑΤΑ ΧΡΗΣΗΣ / Έκτακτα και ανόργανα αποτελέσματα,,,,ΛΟΓΑΡΙΑΣΜΟΙ ΑΠΟΤΕΛΕΣΜΑΤΩΝ / ΑΠΟΤΕΛΕΣΜΑΤΑ ΧΡΗΣΗΣ / Έκτακτα και ανόργανα αποτελέσματα / Προβλέψεις για έκτακτους κινδύνους,missing_root_type
,Αποτελέσματα εκμετάλλευση,,group,,1,,ΛΟΓΑΡΙΑΣΜΟΙ ΑΠΟΤΕΛΕΣΜΑΤΩΝ / ΑΠΟΤΕΛΕΣΜΑΤΑ ΧΡΗΣΗΣ,,,,ΛΟΓΑΡΙΑΣΜΟΙ ΑΠΟΤΕΛΕΣΜΑΤΩΝ / ΑΠΟΤΕΛΕΣΜΑΤΑ ΧΡΗΣΗΣ / Αποτελέσματα εκμετάλλευση,missing_root_type
,Άλλα έσοδα εκμετάλλευσης,,unspecified,,0,,ΛΟΓΑΡΙΑΣΜΟΙ ΑΠΟΤΕΛΕΣΜΑΤΩΝ / ΑΠΟΤΕΛΕΣΜΑΤΑ ΧΡΗΣΗΣ / Αποτελέσματα εκμετάλλευση,,,,ΛΟΓΑΡΙΑΣΜΟΙ ΑΠΟΤΕΛΕΣΜΑΤΩΝ / ΑΠΟΤΕΛΕΣΜΑΤΑ ΧΡΗΣΗΣ / Αποτελέσματα εκμετάλλευση / Άλλα έσοδα εκμετάλλευσης,missing_root_type
,Έξοδα διοικητικής λειτουργίας,,unspecified,,0,,ΛΟΓΑΡΙΑΣΜΟΙ ΑΠΟΤΕΛΕΣΜΑΤΩΝ / ΑΠΟΤΕΛΕΣΜΑΤΑ ΧΡΗΣΗΣ / Αποτελέσματα εκμετάλλευση,,,,ΛΟΓΑΡΙΑΣΜΟΙ ΑΠΟΤΕΛΕΣΜΑΤΩΝ / ΑΠΟΤΕΛΕΣΜΑΤΑ ΧΡΗΣΗΣ / Αποτελέσματα εκμετάλλευση / Έξοδα διοικητικής λειτουργίας,missing_root_type
,Έξοδα λειτουργίας διάθεσης,,unspecified,,0,,ΛΟΓΑΡΙΑΣΜΟΙ ΑΠΟΤΕΛΕΣΜΑΤΩΝ / ΑΠΟΤΕΛΕΣΜΑΤΑ ΧΡΗΣΗΣ / Αποτελέσματα εκμετάλλευση,,,,ΛΟΓΑΡΙΑΣΜΟΙ ΑΠΟΤΕΛΕΣΜΑΤΩΝ / ΑΠΟΤΕΛΕΣΜΑΤΑ ΧΡΗΣΗΣ / Αποτελέσματα εκμετάλλευση / Έξοδα λειτουργίας διάθεσης,missing_root_type
,Έξοδα λειτουργίας εραυνών - ανάπτυξης,,unspecified,,0,,ΛΟΓΑΡΙΑΣΜΟΙ ΑΠΟΤΕΛΕΣΜΑΤΩΝ / ΑΠΟΤΕΛΕΣΜΑΤΑ ΧΡΗΣΗΣ / Αποτελέσματα εκμετάλλευση,,,,ΛΟΓΑΡΙΑΣΜΟΙ ΑΠΟΤΕΛΕΣΜΑΤΩΝ / ΑΠΟΤΕΛΕΣΜΑΤΑ ΧΡΗΣΗΣ / Αποτελέσματα εκμετάλλευση / Έξοδα λειτουργίας εραυνών - ανάπτυξης,missing_root_type
,Κόστος αδράνειας,,unspecified,,0,,ΛΟΓΑΡΙΑΣΜΟΙ ΑΠΟΤΕΛΕΣΜΑΤΩΝ / ΑΠΟΤΕΛΕΣΜΑΤΑ ΧΡΗΣΗΣ / Αποτελέσματα εκμετάλλευση,,,,ΛΟΓΑΡΙΑΣΜΟΙ ΑΠΟΤΕΛΕΣΜΑΤΩΝ / ΑΠΟΤΕΛΕΣΜΑΤΑ ΧΡΗΣΗΣ / Αποτελέσματα εκμετάλλευση / Κόστος αδράνειας,missing_root_type
,Μικτά αποτελέσματα (κέρδη ή ζημιές) εκμετάλλευσης,,unspecified,,0,,ΛΟΓΑΡΙΑΣΜΟΙ ΑΠΟΤΕΛΕΣΜΑΤΩΝ / ΑΠΟΤΕΛΕΣΜΑΤΑ ΧΡΗΣΗΣ / Αποτελέσματα εκμετάλλευση,,,,ΛΟΓΑΡΙΑΣΜΟΙ ΑΠΟΤΕΛΕΣΜΑΤΩΝ / ΑΠΟΤΕΛΕΣΜΑΤΑ ΧΡΗΣΗΣ / Αποτελέσματα εκμετάλλευση / Μικτά αποτελέσματα (κέρδη ή ζημιές) εκμετάλλευσης,missing_root_type
,Καθαρά αποτελέσματα χρήσης,,unspecified,,0,,ΛΟΓΑΡΙΑΣΜΟΙ ΑΠΟΤΕΛΕΣΜΑΤΩΝ / ΑΠΟΤΕΛΕΣΜΑΤΑ ΧΡΗΣΗΣ,,,,ΛΟΓΑΡΙΑΣΜΟΙ ΑΠΟΤΕΛΕΣΜΑΤΩΝ / ΑΠΟΤΕΛΕΣΜΑΤΑ ΧΡΗΣΗΣ / Καθαρά αποτελέσματα χρήσης,missing_root_type
,Μη ενσωματωμένες στο λειτουργικό κόστος αποσβέσεις παγίων,,group,,1,,ΛΟΓΑΡΙΑΣΜΟΙ ΑΠΟΤΕΛΕΣΜΑΤΩΝ / ΑΠΟΤΕΛΕΣΜΑΤΑ ΧΡΗΣΗΣ,,,,ΛΟΓΑΡΙΑΣΜΟΙ ΑΠΟΤΕΛΕΣΜΑΤΩΝ / ΑΠΟΤΕΛΕΣΜΑΤΑ ΧΡΗΣΗΣ / Μη ενσωματωμένες στο λειτουργικό κόστος αποσβέσεις παγίων,missing_root_type
,Ασώματων ακινητοποιήσεων και εξόδων πολυετούς απόσβεσης,,unspecified,,0,,ΛΟΓΑΡΙΑΣΜΟΙ ΑΠΟΤΕΛΕΣΜΑΤΩΝ / ΑΠΟΤΕΛΕΣΜΑΤΑ ΧΡΗΣΗΣ / Μη ενσωματωμένες στο λειτουργικό κόστος αποσβέσεις παγίων,,,,ΛΟΓΑΡΙΑΣΜΟΙ ΑΠΟΤΕΛΕΣΜΑΤΩΝ / ΑΠΟΤΕΛΕΣΜΑΤΑ ΧΡΗΣΗΣ / Μη ενσωματωμένες στο λειτουργικό κόστος αποσβέσεις παγίων / Ασώματων ακινητοποιήσεων και εξόδων πολυετούς απόσβεσης,missing_root_type
,Εδαφικών εκτάσεων,,unspecified,,0,,ΛΟΓΑΡΙΑΣΜΟΙ ΑΠΟΤΕΛΕΣΜΑΤΩΝ / ΑΠΟΤΕΛΕΣΜΑΤΑ ΧΡΗΣΗΣ / Μη ενσωματωμένες στο λειτουργικό κόστος αποσβέσεις παγίων,,,,ΛΟΓΑΡΙΑΣΜΟΙ ΑΠΟΤΕΛΕΣΜΑΤΩΝ / ΑΠΟΤΕΛΕΣΜΑΤΑ ΧΡΗΣΗΣ / Μη ενσωματωμένες στο λειτουργικό κόστος αποσβέσεις παγίων / Εδαφικών εκτάσεων,missing_root_type
,Επίπλων και λοιπού εξοπλισμού,,unspecified,,0,,ΛΟΓΑΡΙΑΣΜΟΙ ΑΠΟΤΕΛΕΣΜΑΤΩΝ / ΑΠΟΤΕΛΕΣΜΑΤΑ ΧΡΗΣΗΣ / Μη ενσωματωμένες στο λειτουργικό κόστος αποσβέσεις παγίων,,,,ΛΟΓΑΡΙΑΣΜΟΙ ΑΠΟΤΕΛΕΣΜΑΤΩΝ / ΑΠΟΤΕΛΕΣΜΑΤΑ ΧΡΗΣΗΣ / Μη ενσωματωμένες στο λειτουργικό κόστος αποσβέσεις παγίων / Επίπλων και λοιπού εξοπλισμού,missing_root_type
,Κτιρίων - εγκαταστάσεων κτιρίων - τεχνικών έργων,,unspecified,,0,,ΛΟΓΑΡΙΑΣΜΟΙ ΑΠΟΤΕΛΕΣΜΑΤΩΝ / ΑΠΟΤΕΛΕΣΜΑΤΑ ΧΡΗΣΗΣ / Μη ενσωματωμένες στο λειτουργικό κόστος αποσβέσεις παγίων,,,,ΛΟΓΑΡΙΑΣΜΟΙ ΑΠΟΤΕΛΕΣΜΑΤΩΝ / ΑΠΟΤΕΛΕΣΜΑΤΑ ΧΡΗΣΗΣ / Μη ενσωματωμένες στο λειτουργικό κόστος αποσβέσεις παγίων / Κτιρίων - εγκαταστάσεων κτιρίων - τεχνικών έργων,missing_root_type
,Μεταφορικών μέσων,,unspecified,,0,,ΛΟΓΑΡΙΑΣΜΟΙ ΑΠΟΤΕΛΕΣΜΑΤΩΝ / ΑΠΟΤΕΛΕΣΜΑΤΑ ΧΡΗΣΗΣ / Μη ενσωματωμένες στο λειτουργικό κόστος αποσβέσεις παγίων,,,,ΛΟΓΑΡΙΑΣΜΟΙ ΑΠΟΤΕΛΕΣΜΑΤΩΝ / ΑΠΟΤΕΛΕΣΜΑΤΑ ΧΡΗΣΗΣ / Μη ενσωματωμένες στο λειτουργικό κόστος αποσβέσεις παγίων / Μεταφορικών μέσων,missing_root_type
,Μηχανημάτων - τεχνικών εγκαταστάσεων - λοιπού μηχανολογικού εξοπλισμού,,unspecified,,0,,ΛΟΓΑΡΙΑΣΜΟΙ ΑΠΟΤΕΛΕΣΜΑΤΩΝ / ΑΠΟΤΕΛΕΣΜΑΤΑ ΧΡΗΣΗΣ / Μη ενσωματωμένες στο λειτουργικό κόστος αποσβέσεις παγίων,,,,ΛΟΓΑΡΙΑΣΜΟΙ ΑΠΟΤΕΛΕΣΜΑΤΩΝ / ΑΠΟΤΕΛΕΣΜΑΤΑ ΧΡΗΣΗΣ / Μη ενσωματωμένες στο λειτουργικό κόστος αποσβέσεις παγίων / Μηχανημάτων - τεχνικών εγκαταστάσεων - λοιπού μηχανολογικού εξοπλισμού,missing_root_type
,Χρηματοοικονομικά αποτελέσματα,,group,,1,,ΛΟΓΑΡΙΑΣΜΟΙ ΑΠΟΤΕΛΕΣΜΑΤΩΝ / ΑΠΟΤΕΛΕΣΜΑΤΑ ΧΡΗΣΗΣ,,,,ΛΟΓΑΡΙΑΣΜΟΙ ΑΠΟΤΕΛΕΣΜΑΤΩΝ / ΑΠΟΤΕΛΕΣΜΑΤΑ ΧΡΗΣΗΣ / Χρηματοοικονομικά αποτελέσματα,missing_root_type
,Έξοδα και ζημιές συμμετοχών και χρεογράφων,,unspecified,,0,,ΛΟΓΑΡΙΑΣΜΟΙ ΑΠΟΤΕΛΕΣΜΑΤΩΝ / ΑΠΟΤΕΛΕΣΜΑΤΑ ΧΡΗΣΗΣ / Χρηματοοικονομικά αποτελέσματα,,,,ΛΟΓΑΡΙΑΣΜΟΙ ΑΠΟΤΕΛΕΣΜΑΤΩΝ / ΑΠΟΤΕΛΕΣΜΑΤΑ ΧΡΗΣΗΣ / Χρηματοοικονομικά αποτελέσματα / Έξοδα και ζημιές συμμετοχών και χρεογράφων,missing_root_type
,Έσοδα συμμετοχων,,unspecified,,0,,ΛΟΓΑΡΙΑΣΜΟΙ ΑΠΟΤΕΛΕΣΜΑΤΩΝ / ΑΠΟΤΕΛΕΣΜΑΤΑ ΧΡΗΣΗΣ / Χρηματοοικονομικά αποτελέσματα,,,,ΛΟΓΑΡΙΑΣΜΟΙ ΑΠΟΤΕΛΕΣΜΑΤΩΝ / ΑΠΟΤΕΛΕΣΜΑΤΑ ΧΡΗΣΗΣ / Χρηματοοικονομικά αποτελέσματα / Έσοδα συμμετοχων,missing_root_type
,Έσοδα χρεογράφων,,unspecified,,0,,ΛΟΓΑΡΙΑΣΜΟΙ ΑΠΟΤΕΛΕΣΜΑΤΩΝ / ΑΠΟΤΕΛΕΣΜΑΤΑ ΧΡΗΣΗΣ / Χρηματοοικονομικά αποτελέσματα,,,,ΛΟΓΑΡΙΑΣΜΟΙ ΑΠΟΤΕΛΕΣΜΑΤΩΝ / ΑΠΟΤΕΛΕΣΜΑΤΑ ΧΡΗΣΗΣ / Χρηματοοικονομικά αποτελέσματα / Έσοδα χρεογράφων,missing_root_type
,Κέρδη πώλησης συμμετοχών και χρεογράφων,,unspecified,,0,,ΛΟΓΑΡΙΑΣΜΟΙ ΑΠΟΤΕΛΕΣΜΑΤΩΝ / ΑΠΟΤΕΛΕΣΜΑΤΑ ΧΡΗΣΗΣ / Χρηματοοικονομικά αποτελέσματα,,,,ΛΟΓΑΡΙΑΣΜΟΙ ΑΠΟΤΕΛΕΣΜΑΤΩΝ / ΑΠΟΤΕΛΕΣΜΑΤΑ ΧΡΗΣΗΣ / Χρηματοοικονομικά αποτελέσματα / Κέρδη πώλησης συμμετοχών και χρεογράφων,missing_root_type
,Πιστωτικοί τόκοι και συναφή έσοδα,,unspecified,,0,,ΛΟΓΑΡΙΑΣΜΟΙ ΑΠΟΤΕΛΕΣΜΑΤΩΝ / ΑΠΟΤΕΛΕΣΜΑΤΑ ΧΡΗΣΗΣ / Χρηματοοικονομικά αποτελέσματα,,,,ΛΟΓΑΡΙΑΣΜΟΙ ΑΠΟΤΕΛΕΣΜΑΤΩΝ / ΑΠΟΤΕΛΕΣΜΑΤΑ ΧΡΗΣΗΣ / Χρηματοοικονομικά αποτελέσματα / Πιστωτικοί τόκοι και συναφή έσοδα,missing_root_type
,Προβλέψεις αποτίμησης συμμετοχών και χρεογράφων,,unspecified,,0,,ΛΟΓΑΡΙΑΣΜΟΙ ΑΠΟΤΕΛΕΣΜΑΤΩΝ / ΑΠΟΤΕΛΕΣΜΑΤΑ ΧΡΗΣΗΣ / Χρηματοοικονομικά αποτελέσματα,,,,ΛΟΓΑΡΙΑΣΜΟΙ ΑΠΟΤΕΛΕΣΜΑΤΩΝ / ΑΠΟΤΕΛΕΣΜΑΤΑ ΧΡΗΣΗΣ / Χρηματοοικονομικά αποτελέσματα / Προβλέψεις αποτίμησης συμμετοχών και χρεογράφων,missing_root_type
,Χρεωστικοί τόκοι και συναφή έξοδα,,unspecified,,0,,ΛΟΓΑΡΙΑΣΜΟΙ ΑΠΟΤΕΛΕΣΜΑΤΩΝ / ΑΠΟΤΕΛΕΣΜΑΤΑ ΧΡΗΣΗΣ / Χρηματοοικονομικά αποτελέσματα,,,,ΛΟΓΑΡΙΑΣΜΟΙ ΑΠΟΤΕΛΕΣΜΑΤΩΝ / ΑΠΟΤΕΛΕΣΜΑΤΑ ΧΡΗΣΗΣ / Χρηματοοικονομικά αποτελέσματα / Χρεωστικοί τόκοι και συναφή έξοδα,missing_root_type
,ΓΕΝΙΚΗ ΕΚΜΕΤΑΛΛΕΥΣΗ,,group,,1,,ΛΟΓΑΡΙΑΣΜΟΙ ΑΠΟΤΕΛΕΣΜΑΤΩΝ,,,,ΛΟΓΑΡΙΑΣΜΟΙ ΑΠΟΤΕΛΕΣΜΑΤΩΝ / ΓΕΝΙΚΗ ΕΚΜΕΤΑΛΛΕΥΣΗ,missing_root_type
,Έξοδα μη προσδιοριστικά των μικτών αποτελεσμάτων,,group,,1,,ΛΟΓΑΡΙΑΣΜΟΙ ΑΠΟΤΕΛΕΣΜΑΤΩΝ / ΓΕΝΙΚΗ ΕΚΜΕΤΑΛΛΕΥΣΗ,,,,ΛΟΓΑΡΙΑΣΜΟΙ ΑΠΟΤΕΛΕΣΜΑΤΩΝ / ΓΕΝΙΚΗ ΕΚΜΕΤΑΛΛΕΥΣΗ / Έξοδα μη προσδιοριστικά των μικτών αποτελεσμάτων,missing_root_type
,Άλλα έσοδα εκμετάλλευσης,,unspecified,,0,,ΛΟΓΑΡΙΑΣΜΟΙ ΑΠΟΤΕΛΕΣΜΑΤΩΝ / ΓΕΝΙΚΗ ΕΚΜΕΤΑΛΛΕΥΣΗ / Έξοδα μη προσδιοριστικά των μικτών αποτελεσμάτων,,,,ΛΟΓΑΡΙΑΣΜΟΙ ΑΠΟΤΕΛΕΣΜΑΤΩΝ / ΓΕΝΙΚΗ ΕΚΜΕΤΑΛΛΕΥΣΗ / Έξοδα μη προσδιοριστικά των μικτών αποτελεσμάτων / Άλλα έσοδα εκμετάλλευσης,missing_root_type
,Έσοδα συμμετοχών,,unspecified,,0,,ΛΟΓΑΡΙΑΣΜΟΙ ΑΠΟΤΕΛΕΣΜΑΤΩΝ / ΓΕΝΙΚΗ ΕΚΜΕΤΑΛΛΕΥΣΗ / Έξοδα μη προσδιοριστικά των μικτών αποτελεσμάτων,,,,ΛΟΓΑΡΙΑΣΜΟΙ ΑΠΟΤΕΛΕΣΜΑΤΩΝ / ΓΕΝΙΚΗ ΕΚΜΕΤΑΛΛΕΥΣΗ / Έξοδα μη προσδιοριστικά των μικτών αποτελεσμάτων / Έσοδα συμμετοχών,missing_root_type
,Έσοδα χρεογράφων,,unspecified,,0,,ΛΟΓΑΡΙΑΣΜΟΙ ΑΠΟΤΕΛΕΣΜΑΤΩΝ / ΓΕΝΙΚΗ ΕΚΜΕΤΑΛΛΕΥΣΗ / Έξοδα μη προσδιοριστικά των μικτών αποτελεσμάτων,,,,ΛΟΓΑΡΙΑΣΜΟΙ ΑΠΟΤΕΛΕΣΜΑΤΩΝ / ΓΕΝΙΚΗ ΕΚΜΕΤΑΛΛΕΥΣΗ / Έξοδα μη προσδιοριστικά των μικτών αποτελεσμάτων / Έσοδα χρεογράφων,missing_root_type
,Κέρδη πώλησης συμμετοχών και χρεογράφων,,unspecified,,0,,ΛΟΓΑΡΙΑΣΜΟΙ ΑΠΟΤΕΛΕΣΜΑΤΩΝ / ΓΕΝΙΚΗ ΕΚΜΕΤΑΛΛΕΥΣΗ / Έξοδα μη προσδιοριστικά των μικτών αποτελεσμάτων,,,,ΛΟΓΑΡΙΑΣΜΟΙ ΑΠΟΤΕΛΕΣΜΑΤΩΝ / ΓΕΝΙΚΗ ΕΚΜΕΤΑΛΛΕΥΣΗ / Έξοδα μη προσδιοριστικά των μικτών αποτελεσμάτων / Κέρδη πώλησης συμμετοχών και χρεογράφων,missing_root_type
,Πιστωτικοί τόκοι και συναφή έσοδα,,unspecified,,0,,ΛΟΓΑΡΙΑΣΜΟΙ ΑΠΟΤΕΛΕΣΜΑΤΩΝ / ΓΕΝΙΚΗ ΕΚΜΕΤΑΛΛΕΥΣΗ / Έξοδα μη προσδιοριστικά των μικτών αποτελεσμάτων,,,,ΛΟΓΑΡΙΑΣΜΟΙ ΑΠΟΤΕΛΕΣΜΑΤΩΝ / ΓΕΝΙΚΗ ΕΚΜΕΤΑΛΛΕΥΣΗ / Έξοδα μη προσδιοριστικά των μικτών αποτελεσμάτων / Πιστωτικοί τόκοι και συναφή έσοδα,missing_root_type
,Λογαριασμός Γενικής Εκμετάλλευσης,,unspecified,,0,,ΛΟΓΑΡΙΑΣΜΟΙ ΑΠΟΤΕΛΕΣΜΑΤΩΝ / ΓΕΝΙΚΗ ΕΚΜΕΤΑΛΛΕΥΣΗ,,,,ΛΟΓΑΡΙΑΣΜΟΙ ΑΠΟΤΕΛΕΣΜΑΤΩΝ / ΓΕΝΙΚΗ ΕΚΜΕΤΑΛΛΕΥΣΗ / Λογαριασμός Γενικής Εκμετάλλευσης,missing_root_type
,Μικτά Αποτελέσματα (κέρδη ή ζημιές) Εκμετάλλευσης,,unspecified,,0,,ΛΟΓΑΡΙΑΣΜΟΙ ΑΠΟΤΕΛΕΣΜΑΤΩΝ / ΓΕΝΙΚΗ ΕΚΜΕΤΑΛΛΕΥΣΗ,,,,ΛΟΓΑΡΙΑΣΜΟΙ ΑΠΟΤΕΛΕΣΜΑΤΩΝ / ΓΕΝΙΚΗ ΕΚΜΕΤΑΛΛΕΥΣΗ / Μικτά Αποτελέσματα (κέρδη ή ζημιές) Εκμετάλλευσης,missing_root_type
,ΕΚΤΑΚΤΑ ΚΑΙ ΑΝΟΡΓΑΝΑ ΑΠΟΤΕΛΕΣΜΑΤΑ,,group,,1,,ΛΟΓΑΡΙΑΣΜΟΙ ΑΠΟΤΕΛΕΣΜΑΤΩΝ,,,,ΛΟΓΑΡΙΑΣΜΟΙ ΑΠΟΤΕΛΕΣΜΑΤΩΝ / ΕΚΤΑΚΤΑ ΚΑΙ ΑΝΟΡΓΑΝΑ ΑΠΟΤΕΛΕΣΜΑΤΑ,missing_root_type
,Έκτακτα κέρδη,,group,,1,,ΛΟΓΑΡΙΑΣΜΟΙ ΑΠΟΤΕΛΕΣΜΑΤΩΝ / ΕΚΤΑΚΤΑ ΚΑΙ ΑΝΟΡΓΑΝΑ ΑΠΟΤΕΛΕΣΜΑΤΑ,,,,ΛΟΓΑΡΙΑΣΜΟΙ ΑΠΟΤΕΛΕΣΜΑΤΩΝ / ΕΚΤΑΚΤΑ ΚΑΙ ΑΝΟΡΓΑΝΑ ΑΠΟΤΕΛΕΣΜΑΤΑ / Έκτακτα κέρδη,missing_root_type
,Κέρδη από εκποίηση ακινήτων,,unspecified,,0,,ΛΟΓΑΡΙΑΣΜΟΙ ΑΠΟΤΕΛΕΣΜΑΤΩΝ / ΕΚΤΑΚΤΑ ΚΑΙ ΑΝΟΡΓΑΝΑ ΑΠΟΤΕΛΕΣΜΑΤΑ / Έκτακτα κέρδη,,,,ΛΟΓΑΡΙΑΣΜΟΙ ΑΠΟΤΕΛΕΣΜΑΤΩΝ / ΕΚΤΑΚΤΑ ΚΑΙ ΑΝΟΡΓΑΝΑ ΑΠΟΤΕΛΕΣΜΑΤΑ / Έκτακτα κέρδη / Κέρδη από εκποίηση ακινήτων,missing_root_type
,Κέρδη από εκποίηση επίπλων και λοιπού εξοπλισμού,,unspecified,,0,,ΛΟΓΑΡΙΑΣΜΟΙ ΑΠΟΤΕΛΕΣΜΑΤΩΝ / ΕΚΤΑΚΤΑ ΚΑΙ ΑΝΟΡΓΑΝΑ ΑΠΟΤΕΛΕΣΜΑΤΑ / Έκτακτα κέρδη,,,,ΛΟΓΑΡΙΑΣΜΟΙ ΑΠΟΤΕΛΕΣΜΑΤΩΝ / ΕΚΤΑΚΤΑ ΚΑΙ ΑΝΟΡΓΑΝΑ ΑΠΟΤΕΛΕΣΜΑΤΑ / Έκτακτα κέρδη / Κέρδη από εκποίηση επίπλων και λοιπού εξοπλισμού,missing_root_type
,Κέρδη από εκποίηση μεταφορικών μέσων,,unspecified,,0,,ΛΟΓΑΡΙΑΣΜΟΙ ΑΠΟΤΕΛΕΣΜΑΤΩΝ / ΕΚΤΑΚΤΑ ΚΑΙ ΑΝΟΡΓΑΝΑ ΑΠΟΤΕΛΕΣΜΑΤΑ / Έκτακτα κέρδη,,,,ΛΟΓΑΡΙΑΣΜΟΙ ΑΠΟΤΕΛΕΣΜΑΤΩΝ / ΕΚΤΑΚΤΑ ΚΑΙ ΑΝΟΡΓΑΝΑ ΑΠΟΤΕΛΕΣΜΑΤΑ / Έκτακτα κέρδη / Κέρδη από εκποίηση μεταφορικών μέσων,missing_root_type
,Κέρδη από εκποίηση μηχανημάτων - τεχνικών εγκατ/σεων – λοιπού μηχανολ.εξοπλισμού,,unspecified,,0,,ΛΟΓΑΡΙΑΣΜΟΙ ΑΠΟΤΕΛΕΣΜΑΤΩΝ / ΕΚΤΑΚΤΑ ΚΑΙ ΑΝΟΡΓΑΝΑ ΑΠΟΤΕΛΕΣΜΑΤΑ / Έκτακτα κέρδη,,,,ΛΟΓΑΡΙΑΣΜΟΙ ΑΠΟΤΕΛΕΣΜΑΤΩΝ / ΕΚΤΑΚΤΑ ΚΑΙ ΑΝΟΡΓΑΝΑ ΑΠΟΤΕΛΕΣΜΑΤΑ / Έκτακτα κέρδη / Κέρδη από εκποίηση μηχανημάτων - τεχνικών εγκατ/σεων – λοιπού μηχανολ.εξοπλισμού,missing_root_type
,Κέρδη από εκποίηση τεχνικών έργων,,unspecified,,0,,ΛΟΓΑΡΙΑΣΜΟΙ ΑΠΟΤΕΛΕΣΜΑΤΩΝ / ΕΚΤΑΚΤΑ ΚΑΙ ΑΝΟΡΓΑΝΑ ΑΠΟΤΕΛΕΣΜΑΤΑ / Έκτακτα κέρδη,,,,ΛΟΓΑΡΙΑΣΜΟΙ ΑΠΟΤΕΛΕΣΜΑΤΩΝ / ΕΚΤΑΚΤΑ ΚΑΙ ΑΝΟΡΓΑΝΑ ΑΠΟΤΕΛΕΣΜΑΤΑ / Έκτακτα κέρδη / Κέρδη από εκποίηση τεχνικών έργων,missing_root_type
,Κέρδη από λαχνούς ομολογιακών δανείων,,unspecified,,0,,ΛΟΓΑΡΙΑΣΜΟΙ ΑΠΟΤΕΛΕΣΜΑΤΩΝ / ΕΚΤΑΚΤΑ ΚΑΙ ΑΝΟΡΓΑΝΑ ΑΠΟΤΕΛΕΣΜΑΤΑ / Έκτακτα κέρδη,,,,ΛΟΓΑΡΙΑΣΜΟΙ ΑΠΟΤΕΛΕΣΜΑΤΩΝ / ΕΚΤΑΚΤΑ ΚΑΙ ΑΝΟΡΓΑΝΑ ΑΠΟΤΕΛΕΣΜΑΤΑ / Έκτακτα κέρδη / Κέρδη από λαχνούς ομολογιακών δανείων,missing_root_type
,Κέρδη από μεταβίβαση δικαιωμάτων και λοιπών ασώματων ακινητοποιήσεων,,unspecified,,0,,ΛΟΓΑΡΙΑΣΜΟΙ ΑΠΟΤΕΛΕΣΜΑΤΩΝ / ΕΚΤΑΚΤΑ ΚΑΙ ΑΝΟΡΓΑΝΑ ΑΠΟΤΕΛΕΣΜΑΤΑ / Έκτακτα κέρδη,,,,ΛΟΓΑΡΙΑΣΜΟΙ ΑΠΟΤΕΛΕΣΜΑΤΩΝ / ΕΚΤΑΚΤΑ ΚΑΙ ΑΝΟΡΓΑΝΑ ΑΠΟΤΕΛΕΣΜΑΤΑ / Έκτακτα κέρδη / Κέρδη από μεταβίβαση δικαιωμάτων και λοιπών ασώματων ακινητοποιήσεων,missing_root_type
,Λοιπά έκτακτα κέρδη,,unspecified,,0,,ΛΟΓΑΡΙΑΣΜΟΙ ΑΠΟΤΕΛΕΣΜΑΤΩΝ / ΕΚΤΑΚΤΑ ΚΑΙ ΑΝΟΡΓΑΝΑ ΑΠΟΤΕΛΕΣΜΑΤΑ / Έκτακτα κέρδη,,,,ΛΟΓΑΡΙΑΣΜΟΙ ΑΠΟΤΕΛΕΣΜΑΤΩΝ / ΕΚΤΑΚΤΑ ΚΑΙ ΑΝΟΡΓΑΝΑ ΑΠΟΤΕΛΕΣΜΑΤΑ / Έκτακτα κέρδη / Λοιπά έκτακτα κέρδη,missing_root_type
,Έκτακτα και ανόργανα έξοδα,,group,,1,,ΛΟΓΑΡΙΑΣΜΟΙ ΑΠΟΤΕΛΕΣΜΑΤΩΝ / ΕΚΤΑΚΤΑ ΚΑΙ ΑΝΟΡΓΑΝΑ ΑΠΟΤΕΛΕΣΜΑΤΑ,,,,ΛΟΓΑΡΙΑΣΜΟΙ ΑΠΟΤΕΛΕΣΜΑΤΩΝ / ΕΚΤΑΚΤΑ ΚΑΙ ΑΝΟΡΓΑΝΑ ΑΠΟΤΕΛΕΣΜΑΤΑ / Έκτακτα και ανόργανα έξοδα,missing_root_type
,Αξία σημαντικών δωρεών,,unspecified,,0,,ΛΟΓΑΡΙΑΣΜΟΙ ΑΠΟΤΕΛΕΣΜΑΤΩΝ / ΕΚΤΑΚΤΑ ΚΑΙ ΑΝΟΡΓΑΝΑ ΑΠΟΤΕΛΕΣΜΑΤΑ / Έκτακτα και ανόργανα έξοδα,,,,ΛΟΓΑΡΙΑΣΜΟΙ ΑΠΟΤΕΛΕΣΜΑΤΩΝ / ΕΚΤΑΚΤΑ ΚΑΙ ΑΝΟΡΓΑΝΑ ΑΠΟΤΕΛΕΣΜΑΤΑ / Έκτακτα και ανόργανα έξοδα / Αξία σημαντικών δωρεών,missing_root_type
,Καταπτώσεις εγγυήσεων - ποινικών ρητρών,,unspecified,,0,,ΛΟΓΑΡΙΑΣΜΟΙ ΑΠΟΤΕΛΕΣΜΑΤΩΝ / ΕΚΤΑΚΤΑ ΚΑΙ ΑΝΟΡΓΑΝΑ ΑΠΟΤΕΛΕΣΜΑΤΑ / Έκτακτα και ανόργανα έξοδα,,,,ΛΟΓΑΡΙΑΣΜΟΙ ΑΠΟΤΕΛΕΣΜΑΤΩΝ / ΕΚΤΑΚΤΑ ΚΑΙ ΑΝΟΡΓΑΝΑ ΑΠΟΤΕΛΕΣΜΑΤΑ / Έκτακτα και ανόργανα έξοδα / Καταπτώσεις εγγυήσεων - ποινικών ρητρών,missing_root_type
,Κλοπές - Υπεξαιρέσεις,,unspecified,,0,,ΛΟΓΑΡΙΑΣΜΟΙ ΑΠΟΤΕΛΕΣΜΑΤΩΝ / ΕΚΤΑΚΤΑ ΚΑΙ ΑΝΟΡΓΑΝΑ ΑΠΟΤΕΛΕΣΜΑΤΑ / Έκτακτα και ανόργανα έξοδα,,,,ΛΟΓΑΡΙΑΣΜΟΙ ΑΠΟΤΕΛΕΣΜΑΤΩΝ / ΕΚΤΑΚΤΑ ΚΑΙ ΑΝΟΡΓΑΝΑ ΑΠΟΤΕΛΕΣΜΑΤΑ / Έκτακτα και ανόργανα έξοδα / Κλοπές - Υπεξαιρέσεις,missing_root_type
,Λοιπά έκτακτα και ανόργανα έξοδα,,unspecified,,0,,ΛΟΓΑΡΙΑΣΜΟΙ ΑΠΟΤΕΛΕΣΜΑΤΩΝ / ΕΚΤΑΚΤΑ ΚΑΙ ΑΝΟΡΓΑΝΑ ΑΠΟΤΕΛΕΣΜΑΤΑ / Έκτακτα και ανόργανα έξοδα,,,,ΛΟΓΑΡΙΑΣΜΟΙ ΑΠΟΤΕΛΕΣΜΑΤΩΝ / ΕΚΤΑΚΤΑ ΚΑΙ ΑΝΟΡΓΑΝΑ ΑΠΟΤΕΛΕΣΜΑΤΑ / Έκτακτα και ανόργανα έξοδα / Λοιπά έκτακτα και ανόργανα έξοδα,missing_root_type
,Προσαυξήσεις εισφορών ασφαλιστικών ταμείων,,unspecified,,0,,ΛΟΓΑΡΙΑΣΜΟΙ ΑΠΟΤΕΛΕΣΜΑΤΩΝ / ΕΚΤΑΚΤΑ ΚΑΙ ΑΝΟΡΓΑΝΑ ΑΠΟΤΕΛΕΣΜΑΤΑ / Έκτακτα και ανόργανα έξοδα,,,,ΛΟΓΑΡΙΑΣΜΟΙ ΑΠΟΤΕΛΕΣΜΑΤΩΝ / ΕΚΤΑΚΤΑ ΚΑΙ ΑΝΟΡΓΑΝΑ ΑΠΟΤΕΛΕΣΜΑΤΑ / Έκτακτα και ανόργανα έξοδα / Προσαυξήσεις εισφορών ασφαλιστικών ταμείων,missing_root_type
,Συναλλαγματικές διαφορές,,unspecified,,0,,ΛΟΓΑΡΙΑΣΜΟΙ ΑΠΟΤΕΛΕΣΜΑΤΩΝ / ΕΚΤΑΚΤΑ ΚΑΙ ΑΝΟΡΓΑΝΑ ΑΠΟΤΕΛΕΣΜΑΤΑ / Έκτακτα και ανόργανα έξοδα,,,,ΛΟΓΑΡΙΑΣΜΟΙ ΑΠΟΤΕΛΕΣΜΑΤΩΝ / ΕΚΤΑΚΤΑ ΚΑΙ ΑΝΟΡΓΑΝΑ ΑΠΟΤΕΛΕΣΜΑΤΑ / Έκτακτα και ανόργανα έξοδα / Συναλλαγματικές διαφορές,missing_root_type
,Φορολογικά πρόστιμα και προσαυξήσεις,,unspecified,,0,,ΛΟΓΑΡΙΑΣΜΟΙ ΑΠΟΤΕΛΕΣΜΑΤΩΝ / ΕΚΤΑΚΤΑ ΚΑΙ ΑΝΟΡΓΑΝΑ ΑΠΟΤΕΛΕΣΜΑΤΑ / Έκτακτα και ανόργανα έξοδα,,,,ΛΟΓΑΡΙΑΣΜΟΙ ΑΠΟΤΕΛΕΣΜΑΤΩΝ / ΕΚΤΑΚΤΑ ΚΑΙ ΑΝΟΡΓΑΝΑ ΑΠΟΤΕΛΕΣΜΑΤΑ / Έκτακτα και ανόργανα έξοδα / Φορολογικά πρόστιμα και προσαυξήσεις,missing_root_type
,Έκτακτα και ανόργανα έσοδα,,group,,1,,ΛΟΓΑΡΙΑΣΜΟΙ ΑΠΟΤΕΛΕΣΜΑΤΩΝ / ΕΚΤΑΚΤΑ ΚΑΙ ΑΝΟΡΓΑΝΑ ΑΠΟΤΕΛΕΣΜΑΤΑ,,,,ΛΟΓΑΡΙΑΣΜΟΙ ΑΠΟΤΕΛΕΣΜΑΤΩΝ / ΕΚΤΑΚΤΑ ΚΑΙ ΑΝΟΡΓΑΝΑ ΑΠΟΤΕΛΕΣΜΑΤΑ / Έκτακτα και ανόργανα έσοδα,missing_root_type
,Αναλογούσες στη χρήση επιχορηγήσεις παγίων επενδύσεων,,unspecified,,0,,ΛΟΓΑΡΙΑΣΜΟΙ ΑΠΟΤΕΛΕΣΜΑΤΩΝ / ΕΚΤΑΚΤΑ ΚΑΙ ΑΝΟΡΓΑΝΑ ΑΠΟΤΕΛΕΣΜΑΤΑ / Έκτακτα και ανόργανα έσοδα,,,,ΛΟΓΑΡΙΑΣΜΟΙ ΑΠΟΤΕΛΕΣΜΑΤΩΝ / ΕΚΤΑΚΤΑ ΚΑΙ ΑΝΟΡΓΑΝΑ ΑΠΟΤΕΛΕΣΜΑΤΑ / Έκτακτα και ανόργανα έσοδα / Αναλογούσες στη χρήση επιχορηγήσεις παγίων επενδύσεων,missing_root_type
,Καταπτώσεις εγγυήσεων - ποινικών ρητρών,,unspecified,,0,,ΛΟΓΑΡΙΑΣΜΟΙ ΑΠΟΤΕΛΕΣΜΑΤΩΝ / ΕΚΤΑΚΤΑ ΚΑΙ ΑΝΟΡΓΑΝΑ ΑΠΟΤΕΛΕΣΜΑΤΑ / Έκτακτα και ανόργανα έσοδα,,,,ΛΟΓΑΡΙΑΣΜΟΙ ΑΠΟΤΕΛΕΣΜΑΤΩΝ / ΕΚΤΑΚΤΑ ΚΑΙ ΑΝΟΡΓΑΝΑ ΑΠΟΤΕΛΕΣΜΑΤΑ / Έκτακτα και ανόργανα έσοδα / Καταπτώσεις εγγυήσεων - ποινικών ρητρών,missing_root_type
,Λοιπά έκτακτα και ανόργανα έσοδα,,unspecified,,0,,ΛΟΓΑΡΙΑΣΜΟΙ ΑΠΟΤΕΛΕΣΜΑΤΩΝ / ΕΚΤΑΚΤΑ ΚΑΙ ΑΝΟΡΓΑΝΑ ΑΠΟΤΕΛΕΣΜΑΤΑ / Έκτακτα και ανόργανα έσοδα,,,,ΛΟΓΑΡΙΑΣΜΟΙ ΑΠΟΤΕΛΕΣΜΑΤΩΝ / ΕΚΤΑΚΤΑ ΚΑΙ ΑΝΟΡΓΑΝΑ ΑΠΟΤΕΛΕΣΜΑΤΑ / Έκτακτα και ανόργανα έσοδα / Λοιπά έκτακτα και ανόργανα έσοδα,missing_root_type
,Συναλλαγματικές διαφορές,,unspecified,,0,,ΛΟΓΑΡΙΑΣΜΟΙ ΑΠΟΤΕΛΕΣΜΑΤΩΝ / ΕΚΤΑΚΤΑ ΚΑΙ ΑΝΟΡΓΑΝΑ ΑΠΟΤΕΛΕΣΜΑΤΑ / Έκτακτα και ανόργανα έσοδα,,,,ΛΟΓΑΡΙΑΣΜΟΙ ΑΠΟΤΕΛΕΣΜΑΤΩΝ / ΕΚΤΑΚΤΑ ΚΑΙ ΑΝΟΡΓΑΝΑ ΑΠΟΤΕΛΕΣΜΑΤΑ / Έκτακτα και ανόργανα έσοδα / Συναλλαγματικές διαφορές,missing_root_type
,Έκτακτες ζημιές,,group,,1,,ΛΟΓΑΡΙΑΣΜΟΙ ΑΠΟΤΕΛΕΣΜΑΤΩΝ / ΕΚΤΑΚΤΑ ΚΑΙ ΑΝΟΡΓΑΝΑ ΑΠΟΤΕΛΕΣΜΑΤΑ,,,,ΛΟΓΑΡΙΑΣΜΟΙ ΑΠΟΤΕΛΕΣΜΑΤΩΝ / ΕΚΤΑΚΤΑ ΚΑΙ ΑΝΟΡΓΑΝΑ ΑΠΟΤΕΛΕΣΜΑΤΑ / Έκτακτες ζημιές,missing_root_type
,Ζημιές από ανεπίδεκτες είσπραξης απαιτήσεις,,unspecified,,0,,ΛΟΓΑΡΙΑΣΜΟΙ ΑΠΟΤΕΛΕΣΜΑΤΩΝ / ΕΚΤΑΚΤΑ ΚΑΙ ΑΝΟΡΓΑΝΑ ΑΠΟΤΕΛΕΣΜΑΤΑ / Έκτακτες ζημιές,,,,ΛΟΓΑΡΙΑΣΜΟΙ ΑΠΟΤΕΛΕΣΜΑΤΩΝ / ΕΚΤΑΚΤΑ ΚΑΙ ΑΝΟΡΓΑΝΑ ΑΠΟΤΕΛΕΣΜΑΤΑ / Έκτακτες ζημιές / Ζημιές από ανεπίδεκτες είσπραξης απαιτήσεις,missing_root_type
,Ζημιές από απώλεια ή κλοπή ανασφάλιστων αποθεμάτων,,unspecified,,0,,ΛΟΓΑΡΙΑΣΜΟΙ ΑΠΟΤΕΛΕΣΜΑΤΩΝ / ΕΚΤΑΚΤΑ ΚΑΙ ΑΝΟΡΓΑΝΑ ΑΠΟΤΕΛΕΣΜΑΤΑ / Έκτακτες ζημιές,,,,ΛΟΓΑΡΙΑΣΜΟΙ ΑΠΟΤΕΛΕΣΜΑΤΩΝ / ΕΚΤΑΚΤΑ ΚΑΙ ΑΝΟΡΓΑΝΑ ΑΠΟΤΕΛΕΣΜΑΤΑ / Έκτακτες ζημιές / Ζημιές από απώλεια ή κλοπή ανασφάλιστων αποθεμάτων,missing_root_type
,Ζημιές από εκποίηση ακινήτων,,unspecified,,0,,ΛΟΓΑΡΙΑΣΜΟΙ ΑΠΟΤΕΛΕΣΜΑΤΩΝ / ΕΚΤΑΚΤΑ ΚΑΙ ΑΝΟΡΓΑΝΑ ΑΠΟΤΕΛΕΣΜΑΤΑ / Έκτακτες ζημιές,,,,ΛΟΓΑΡΙΑΣΜΟΙ ΑΠΟΤΕΛΕΣΜΑΤΩΝ / ΕΚΤΑΚΤΑ ΚΑΙ ΑΝΟΡΓΑΝΑ ΑΠΟΤΕΛΕΣΜΑΤΑ / Έκτακτες ζημιές / Ζημιές από εκποίηση ακινήτων,missing_root_type
,Ζημιές από εκποίηση επίπλων και λοιπού εξοπλισμού,,unspecified,,0,,ΛΟΓΑΡΙΑΣΜΟΙ ΑΠΟΤΕΛΕΣΜΑΤΩΝ / ΕΚΤΑΚΤΑ ΚΑΙ ΑΝΟΡΓΑΝΑ ΑΠΟΤΕΛΕΣΜΑΤΑ / Έκτακτες ζημιές,,,,ΛΟΓΑΡΙΑΣΜΟΙ ΑΠΟΤΕΛΕΣΜΑΤΩΝ / ΕΚΤΑΚΤΑ ΚΑΙ ΑΝΟΡΓΑΝΑ ΑΠΟΤΕΛΕΣΜΑΤΑ / Έκτακτες ζημιές / Ζημιές από εκποίηση επίπλων και λοιπού εξοπλισμού,missing_root_type
,Ζημιές από εκποίηση μεταφορικών μέσων,,unspecified,,0,,ΛΟΓΑΡΙΑΣΜΟΙ ΑΠΟΤΕΛΕΣΜΑΤΩΝ / ΕΚΤΑΚΤΑ ΚΑΙ ΑΝΟΡΓΑΝΑ ΑΠΟΤΕΛΕΣΜΑΤΑ / Έκτακτες ζημιές,,,,ΛΟΓΑΡΙΑΣΜΟΙ ΑΠΟΤΕΛΕΣΜΑΤΩΝ / ΕΚΤΑΚΤΑ ΚΑΙ ΑΝΟΡΓΑΝΑ ΑΠΟΤΕΛΕΣΜΑΤΑ / Έκτακτες ζημιές / Ζημιές από εκποίηση μεταφορικών μέσων,missing_root_type
,Ζημιές από εκποίηση μηχανημάτων - τεχνικών εγκαταστάσεων – λοιπού μηχανολ.εξοπλισμού,,unspecified,,0,,ΛΟΓΑΡΙΑΣΜΟΙ ΑΠΟΤΕΛΕΣΜΑΤΩΝ / ΕΚΤΑΚΤΑ ΚΑΙ ΑΝΟΡΓΑΝΑ ΑΠΟΤΕΛΕΣΜΑΤΑ / Έκτακτες ζημιές,,,,ΛΟΓΑΡΙΑΣΜΟΙ ΑΠΟΤΕΛΕΣΜΑΤΩΝ / ΕΚΤΑΚΤΑ ΚΑΙ ΑΝΟΡΓΑΝΑ ΑΠΟΤΕΛΕΣΜΑΤΑ / Έκτακτες ζημιές / Ζημιές από εκποίηση μηχανημάτων - τεχνικών εγκαταστάσεων – λοιπού μηχανολ.εξοπλισμού,missing_root_type
,Ζημιές από εκποίηση τεχνικών έργων,,unspecified,,0,,ΛΟΓΑΡΙΑΣΜΟΙ ΑΠΟΤΕΛΕΣΜΑΤΩΝ / ΕΚΤΑΚΤΑ ΚΑΙ ΑΝΟΡΓΑΝΑ ΑΠΟΤΕΛΕΣΜΑΤΑ / Έκτακτες ζημιές,,,,ΛΟΓΑΡΙΑΣΜΟΙ ΑΠΟΤΕΛΕΣΜΑΤΩΝ / ΕΚΤΑΚΤΑ ΚΑΙ ΑΝΟΡΓΑΝΑ ΑΠΟΤΕΛΕΣΜΑΤΑ / Έκτακτες ζημιές / Ζημιές από εκποίηση τεχνικών έργων,missing_root_type
,Ζημιές από καταστροφή ακατάλληλων αποθεμάτων,,unspecified,,0,,ΛΟΓΑΡΙΑΣΜΟΙ ΑΠΟΤΕΛΕΣΜΑΤΩΝ / ΕΚΤΑΚΤΑ ΚΑΙ ΑΝΟΡΓΑΝΑ ΑΠΟΤΕΛΕΣΜΑΤΑ / Έκτακτες ζημιές,,,,ΛΟΓΑΡΙΑΣΜΟΙ ΑΠΟΤΕΛΕΣΜΑΤΩΝ / ΕΚΤΑΚΤΑ ΚΑΙ ΑΝΟΡΓΑΝΑ ΑΠΟΤΕΛΕΣΜΑΤΑ / Έκτακτες ζημιές / Ζημιές από καταστροφή ακατάλληλων αποθεμάτων,missing_root_type
,Ζημιές από καταστροφή ανασφάλιστων αποθεμάτων,,unspecified,,0,,ΛΟΓΑΡΙΑΣΜΟΙ ΑΠΟΤΕΛΕΣΜΑΤΩΝ / ΕΚΤΑΚΤΑ ΚΑΙ ΑΝΟΡΓΑΝΑ ΑΠΟΤΕΛΕΣΜΑΤΑ / Έκτακτες ζημιές,,,,ΛΟΓΑΡΙΑΣΜΟΙ ΑΠΟΤΕΛΕΣΜΑΤΩΝ / ΕΚΤΑΚΤΑ ΚΑΙ ΑΝΟΡΓΑΝΑ ΑΠΟΤΕΛΕΣΜΑΤΑ / Έκτακτες ζημιές / Ζημιές από καταστροφή ανασφάλιστων αποθεμάτων,missing_root_type
,Ζημιές από μεταβίβαση δικαιωμάτων και λοιπών ασώματων ακινητοποιήσεων,,unspecified,,0,,ΛΟΓΑΡΙΑΣΜΟΙ ΑΠΟΤΕΛΕΣΜΑΤΩΝ / ΕΚΤΑΚΤΑ ΚΑΙ ΑΝΟΡΓΑΝΑ ΑΠΟΤΕΛΕΣΜΑΤΑ / Έκτακτες ζημιές,,,,ΛΟΓΑΡΙΑΣΜΟΙ ΑΠΟΤΕΛΕΣΜΑΤΩΝ / ΕΚΤΑΚΤΑ ΚΑΙ ΑΝΟΡΓΑΝΑ ΑΠΟΤΕΛΕΣΜΑΤΑ / Έκτακτες ζημιές / Ζημιές από μεταβίβαση δικαιωμάτων και λοιπών ασώματων ακινητοποιήσεων,missing_root_type
,Λοιπές έκτακτες ζημιές,,unspecified,,0,,ΛΟΓΑΡΙΑΣΜΟΙ ΑΠΟΤΕΛΕΣΜΑΤΩΝ / ΕΚΤΑΚΤΑ ΚΑΙ ΑΝΟΡΓΑΝΑ ΑΠΟΤΕΛΕΣΜΑΤΑ / Έκτακτες ζημιές,,,,ΛΟΓΑΡΙΑΣΜΟΙ ΑΠΟΤΕΛΕΣΜΑΤΩΝ / ΕΚΤΑΚΤΑ ΚΑΙ ΑΝΟΡΓΑΝΑ ΑΠΟΤΕΛΕΣΜΑΤΑ / Έκτακτες ζημιές / Λοιπές έκτακτες ζημιές,missing_root_type
,ΕΞΟΔΑ ΚΑΙ ΕΣΟΔΑ ΠΡΟΗΓΟΥΜΕΝΩΝ ΧΡΗΣΕΩΝ,,group,,1,,ΛΟΓΑΡΙΑΣΜΟΙ ΑΠΟΤΕΛΕΣΜΑΤΩΝ,,,,ΛΟΓΑΡΙΑΣΜΟΙ ΑΠΟΤΕΛΕΣΜΑΤΩΝ / ΕΞΟΔΑ ΚΑΙ ΕΣΟΔΑ ΠΡΟΗΓΟΥΜΕΝΩΝ ΧΡΗΣΕΩΝ,missing_root_type
,Έξοδα προηγουμένων χρήσεων,,group,,1,,ΛΟΓΑΡΙΑΣΜΟΙ ΑΠΟΤΕΛΕΣΜΑΤΩΝ / ΕΞΟΔΑ ΚΑΙ ΕΣΟΔΑ ΠΡΟΗΓΟΥΜΕΝΩΝ ΧΡΗΣΕΩΝ,,,,ΛΟΓΑΡΙΑΣΜΟΙ ΑΠΟΤΕΛΕΣΜΑΤΩΝ / ΕΞΟΔΑ ΚΑΙ ΕΣΟΔΑ ΠΡΟΗΓΟΥΜΕΝΩΝ ΧΡΗΣΕΩΝ / Έξοδα προηγουμένων χρήσεων,missing_root_type
,Εισφορές ασφαλιστικών ταμείων προηγουμένων χρήσεων,,unspecified,,0,,ΛΟΓΑΡΙΑΣΜΟΙ ΑΠΟΤΕΛΕΣΜΑΤΩΝ / ΕΞΟΔΑ ΚΑΙ ΕΣΟΔΑ ΠΡΟΗΓΟΥΜΕΝΩΝ ΧΡΗΣΕΩΝ / Έξοδα προηγουμένων χρήσεων,,,,ΛΟΓΑΡΙΑΣΜΟΙ ΑΠΟΤΕΛΕΣΜΑΤΩΝ / ΕΞΟΔΑ ΚΑΙ ΕΣΟΔΑ ΠΡΟΗΓΟΥΜΕΝΩΝ ΧΡΗΣΕΩΝ / Έξοδα προηγουμένων χρήσεων / Εισφορές ασφαλιστικών ταμείων προηγουμένων χρήσεων,missing_root_type
,Καταπτώσεις εγγυήσεων - ποινικών ρητρών,,unspecified,,0,,ΛΟΓΑΡΙΑΣΜΟΙ ΑΠΟΤΕΛΕΣΜΑΤΩΝ / ΕΞΟΔΑ ΚΑΙ ΕΣΟΔΑ ΠΡΟΗΓΟΥΜΕΝΩΝ ΧΡΗΣΕΩΝ / Έξοδα προηγουμένων χρήσεων,,,,ΛΟΓΑΡΙΑΣΜΟΙ ΑΠΟΤΕΛΕΣΜΑΤΩΝ / ΕΞΟΔΑ ΚΑΙ ΕΣΟΔΑ ΠΡΟΗΓΟΥΜΕΝΩΝ ΧΡΗΣΕΩΝ / Έξοδα προηγουμένων χρήσεων / Καταπτώσεις εγγυήσεων - ποινικών ρητρών,missing_root_type
,Κλοπές - Υπεξαιρέσεις,,unspecified,,0,,ΛΟΓΑΡΙΑΣΜΟΙ ΑΠΟΤΕΛΕΣΜΑΤΩΝ / ΕΞΟΔΑ ΚΑΙ ΕΣΟΔΑ ΠΡΟΗΓΟΥΜΕΝΩΝ ΧΡΗΣΕΩΝ / Έξοδα προηγουμένων χρήσεων,,,,ΛΟΓΑΡΙΑΣΜΟΙ ΑΠΟΤΕΛΕΣΜΑΤΩΝ / ΕΞΟΔΑ ΚΑΙ ΕΣΟΔΑ ΠΡΟΗΓΟΥΜΕΝΩΝ ΧΡΗΣΕΩΝ / Έξοδα προηγουμένων χρήσεων / Κλοπές - Υπεξαιρέσεις,missing_root_type
,Λοιπά έξοδα προηγουμένων χρήσεων,,unspecified,,0,,ΛΟΓΑΡΙΑΣΜΟΙ ΑΠΟΤΕΛΕΣΜΑΤΩΝ / ΕΞΟΔΑ ΚΑΙ ΕΣΟΔΑ ΠΡΟΗΓΟΥΜΕΝΩΝ ΧΡΗΣΕΩΝ / Έξοδα προηγουμένων χρήσεων,,,,ΛΟΓΑΡΙΑΣΜΟΙ ΑΠΟΤΕΛΕΣΜΑΤΩΝ / ΕΞΟΔΑ ΚΑΙ ΕΣΟΔΑ ΠΡΟΗΓΟΥΜΕΝΩΝ ΧΡΗΣΕΩΝ / Έξοδα προηγουμένων χρήσεων / Λοιπά έξοδα προηγουμένων χρήσεων,missing_root_type
,Οριστικοποιημένοι επίδικοι φόροι Δημοσίου (πλην φόρου εισοδηματος),,unspecified,,0,,ΛΟΓΑΡΙΑΣΜΟΙ ΑΠΟΤΕΛΕΣΜΑΤΩΝ / ΕΞΟΔΑ ΚΑΙ ΕΣΟΔΑ ΠΡΟΗΓΟΥΜΕΝΩΝ ΧΡΗΣΕΩΝ / Έξοδα προηγουμένων χρήσεων,,,,ΛΟΓΑΡΙΑΣΜΟΙ ΑΠΟΤΕΛΕΣΜΑΤΩΝ / ΕΞΟΔΑ ΚΑΙ ΕΣΟΔΑ ΠΡΟΗΓΟΥΜΕΝΩΝ ΧΡΗΣΕΩΝ / Έξοδα προηγουμένων χρήσεων / Οριστικοποιημένοι επίδικοι φόροι Δημοσίου (πλην φόρου εισοδηματος),missing_root_type
,Προσαυξήσεις εισφορών ασφαλιστικών ταμείων,,unspecified,,0,,ΛΟΓΑΡΙΑΣΜΟΙ ΑΠΟΤΕΛΕΣΜΑΤΩΝ / ΕΞΟΔΑ ΚΑΙ ΕΣΟΔΑ ΠΡΟΗΓΟΥΜΕΝΩΝ ΧΡΗΣΕΩΝ / Έξοδα προηγουμένων χρήσεων,,,,ΛΟΓΑΡΙΑΣΜΟΙ ΑΠΟΤΕΛΕΣΜΑΤΩΝ / ΕΞΟΔΑ ΚΑΙ ΕΣΟΔΑ ΠΡΟΗΓΟΥΜΕΝΩΝ ΧΡΗΣΕΩΝ / Έξοδα προηγουμένων χρήσεων / Προσαυξήσεις εισφορών ασφαλιστικών ταμείων,missing_root_type
,Φορολογικά πρόστιμα και προσαυξήσεις,,unspecified,,0,,ΛΟΓΑΡΙΑΣΜΟΙ ΑΠΟΤΕΛΕΣΜΑΤΩΝ / ΕΞΟΔΑ ΚΑΙ ΕΣΟΔΑ ΠΡΟΗΓΟΥΜΕΝΩΝ ΧΡΗΣΕΩΝ / Έξοδα προηγουμένων χρήσεων,,,,ΛΟΓΑΡΙΑΣΜΟΙ ΑΠΟΤΕΛΕΣΜΑΤΩΝ / ΕΞΟΔΑ ΚΑΙ ΕΣΟΔΑ ΠΡΟΗΓΟΥΜΕΝΩΝ ΧΡΗΣΕΩΝ / Έξοδα προηγουμένων χρήσεων / Φορολογικά πρόστιμα και προσαυξήσεις,missing_root_type
,Φόροι τέλη προηγούμενων χρήσεων (πλην φόρου εισοδήματος),,unspecified,,0,,ΛΟΓΑΡΙΑΣΜΟΙ ΑΠΟΤΕΛΕΣΜΑΤΩΝ / ΕΞΟΔΑ ΚΑΙ ΕΣΟΔΑ ΠΡΟΗΓΟΥΜΕΝΩΝ ΧΡΗΣΕΩΝ / Έξοδα προηγουμένων χρήσεων,,,,ΛΟΓΑΡΙΑΣΜΟΙ ΑΠΟΤΕΛΕΣΜΑΤΩΝ / ΕΞΟΔΑ ΚΑΙ ΕΣΟΔΑ ΠΡΟΗΓΟΥΜΕΝΩΝ ΧΡΗΣΕΩΝ / Έξοδα προηγουμένων χρήσεων / Φόροι τέλη προηγούμενων χρήσεων (πλην φόρου εισοδήματος),missing_root_type
,Έσοδα προηγουμένων χρήσεων,,group,,1,,ΛΟΓΑΡΙΑΣΜΟΙ ΑΠΟΤΕΛΕΣΜΑΤΩΝ / ΕΞΟΔΑ ΚΑΙ ΕΣΟΔΑ ΠΡΟΗΓΟΥΜΕΝΩΝ ΧΡΗΣΕΩΝ,,,,ΛΟΓΑΡΙΑΣΜΟΙ ΑΠΟΤΕΛΕΣΜΑΤΩΝ / ΕΞΟΔΑ ΚΑΙ ΕΣΟΔΑ ΠΡΟΗΓΟΥΜΕΝΩΝ ΧΡΗΣΕΩΝ / Έσοδα προηγουμένων χρήσεων,missing_root_type
,Εισπράξεις αποσβεσμένων απαιτήσεων,,unspecified,,0,,ΛΟΓΑΡΙΑΣΜΟΙ ΑΠΟΤΕΛΕΣΜΑΤΩΝ / ΕΞΟΔΑ ΚΑΙ ΕΣΟΔΑ ΠΡΟΗΓΟΥΜΕΝΩΝ ΧΡΗΣΕΩΝ / Έσοδα προηγουμένων χρήσεων,,,,ΛΟΓΑΡΙΑΣΜΟΙ ΑΠΟΤΕΛΕΣΜΑΤΩΝ / ΕΞΟΔΑ ΚΑΙ ΕΣΟΔΑ ΠΡΟΗΓΟΥΜΕΝΩΝ ΧΡΗΣΕΩΝ / Έσοδα προηγουμένων χρήσεων / Εισπράξεις αποσβεσμένων απαιτήσεων,missing_root_type
,Επιστροφές αχρεωστήτως καταβλημένων φόρων και τελών (πλην φόρου εισοδ.),,unspecified,,0,,ΛΟΓΑΡΙΑΣΜΟΙ ΑΠΟΤΕΛΕΣΜΑΤΩΝ / ΕΞΟΔΑ ΚΑΙ ΕΣΟΔΑ ΠΡΟΗΓΟΥΜΕΝΩΝ ΧΡΗΣΕΩΝ / Έσοδα προηγουμένων χρήσεων,,,,ΛΟΓΑΡΙΑΣΜΟΙ ΑΠΟΤΕΛΕΣΜΑΤΩΝ / ΕΞΟΔΑ ΚΑΙ ΕΣΟΔΑ ΠΡΟΗΓΟΥΜΕΝΩΝ ΧΡΗΣΕΩΝ / Έσοδα προηγουμένων χρήσεων / Επιστροφές αχρεωστήτως καταβλημένων φόρων και τελών (πλην φόρου εισοδ.),missing_root_type
,Επιστροφές δασμών και λοιπών επιβαρύνσεων,,unspecified,,0,,ΛΟΓΑΡΙΑΣΜΟΙ ΑΠΟΤΕΛΕΣΜΑΤΩΝ / ΕΞΟΔΑ ΚΑΙ ΕΣΟΔΑ ΠΡΟΗΓΟΥΜΕΝΩΝ ΧΡΗΣΕΩΝ / Έσοδα προηγουμένων χρήσεων,,,,ΛΟΓΑΡΙΑΣΜΟΙ ΑΠΟΤΕΛΕΣΜΑΤΩΝ / ΕΞΟΔΑ ΚΑΙ ΕΣΟΔΑ ΠΡΟΗΓΟΥΜΕΝΩΝ ΧΡΗΣΕΩΝ / Έσοδα προηγουμένων χρήσεων / Επιστροφές δασμών και λοιπών επιβαρύνσεων,missing_root_type
,Επιστροφές τόκων λόγω εξαγωγών,,unspecified,,0,,ΛΟΓΑΡΙΑΣΜΟΙ ΑΠΟΤΕΛΕΣΜΑΤΩΝ / ΕΞΟΔΑ ΚΑΙ ΕΣΟΔΑ ΠΡΟΗΓΟΥΜΕΝΩΝ ΧΡΗΣΕΩΝ / Έσοδα προηγουμένων χρήσεων,,,,ΛΟΓΑΡΙΑΣΜΟΙ ΑΠΟΤΕΛΕΣΜΑΤΩΝ / ΕΞΟΔΑ ΚΑΙ ΕΣΟΔΑ ΠΡΟΗΓΟΥΜΕΝΩΝ ΧΡΗΣΕΩΝ / Έσοδα προηγουμένων χρήσεων / Επιστροφές τόκων λόγω εξαγωγών,missing_root_type
,Επιχορηγήσεις πωλήσεων,,unspecified,,0,,ΛΟΓΑΡΙΑΣΜΟΙ ΑΠΟΤΕΛΕΣΜΑΤΩΝ / ΕΞΟΔΑ ΚΑΙ ΕΣΟΔΑ ΠΡΟΗΓΟΥΜΕΝΩΝ ΧΡΗΣΕΩΝ / Έσοδα προηγουμένων χρήσεων,,,,ΛΟΓΑΡΙΑΣΜΟΙ ΑΠΟΤΕΛΕΣΜΑΤΩΝ / ΕΞΟΔΑ ΚΑΙ ΕΣΟΔΑ ΠΡΟΗΓΟΥΜΕΝΩΝ ΧΡΗΣΕΩΝ / Έσοδα προηγουμένων χρήσεων / Επιχορηγήσεις πωλήσεων,missing_root_type
,Λοιπά έσοδα προηγουμένων χρήσεων,,unspecified,,0,,ΛΟΓΑΡΙΑΣΜΟΙ ΑΠΟΤΕΛΕΣΜΑΤΩΝ / ΕΞΟΔΑ ΚΑΙ ΕΣΟΔΑ ΠΡΟΗΓΟΥΜΕΝΩΝ ΧΡΗΣΕΩΝ / Έσοδα προηγουμένων χρήσεων,,,,ΛΟΓΑΡΙΑΣΜΟΙ ΑΠΟΤΕΛΕΣΜΑΤΩΝ / ΕΞΟΔΑ ΚΑΙ ΕΣΟΔΑ ΠΡΟΗΓΟΥΜΕΝΩΝ ΧΡΗΣΕΩΝ / Έσοδα προηγουμένων χρήσεων / Λοιπά έσοδα προηγουμένων χρήσεων,missing_root_type
,ΕΣΟΔΑ ΑΠΟ ΠΡΟΒΛΕΨΕΙΣ ΠΡΟΗΓΟΥΜΕΝΩΝ ΧΡΗΣΕΩΝ,,group,,1,,ΛΟΓΑΡΙΑΣΜΟΙ ΑΠΟΤΕΛΕΣΜΑΤΩΝ,,,,ΛΟΓΑΡΙΑΣΜΟΙ ΑΠΟΤΕΛΕΣΜΑΤΩΝ / ΕΣΟΔΑ ΑΠΟ ΠΡΟΒΛΕΨΕΙΣ ΠΡΟΗΓΟΥΜΕΝΩΝ ΧΡΗΣΕΩΝ,missing_root_type
,Έσοδα από αχρησιμοποίητες προβλέψεις προηγουμένων χρήσεων,,group,,1,,ΛΟΓΑΡΙΑΣΜΟΙ ΑΠΟΤΕΛΕΣΜΑΤΩΝ / ΕΣΟΔΑ ΑΠΟ ΠΡΟΒΛΕΨΕΙΣ ΠΡΟΗΓΟΥΜΕΝΩΝ ΧΡΗΣΕΩΝ,,,,ΛΟΓΑΡΙΑΣΜΟΙ ΑΠΟΤΕΛΕΣΜΑΤΩΝ / ΕΣΟΔΑ ΑΠΟ ΠΡΟΒΛΕΨΕΙΣ ΠΡΟΗΓΟΥΜΕΝΩΝ ΧΡΗΣΕΩΝ / Έσοδα από αχρησιμοποίητες προβλέψεις προηγουμένων χρήσεων,missing_root_type
,Από λοιπές έκτακτες προβλέψεις,,unspecified,,0,,ΛΟΓΑΡΙΑΣΜΟΙ ΑΠΟΤΕΛΕΣΜΑΤΩΝ / ΕΣΟΔΑ ΑΠΟ ΠΡΟΒΛΕΨΕΙΣ ΠΡΟΗΓΟΥΜΕΝΩΝ ΧΡΗΣΕΩΝ / Έσοδα από αχρησιμοποίητες προβλέψεις προηγουμένων χρήσεων,,,,ΛΟΓΑΡΙΑΣΜΟΙ ΑΠΟΤΕΛΕΣΜΑΤΩΝ / ΕΣΟΔΑ ΑΠΟ ΠΡΟΒΛΕΨΕΙΣ ΠΡΟΗΓΟΥΜΕΝΩΝ ΧΡΗΣΕΩΝ / Έσοδα από αχρησιμοποίητες προβλέψεις προηγουμένων χρήσεων / Από λοιπές έκτακτες προβλέψεις,missing_root_type
,Από λοιπές προβλέψεις εκμετάλλευσης,,unspecified,,0,,ΛΟΓΑΡΙΑΣΜΟΙ ΑΠΟΤΕΛΕΣΜΑΤΩΝ / ΕΣΟΔΑ ΑΠΟ ΠΡΟΒΛΕΨΕΙΣ ΠΡΟΗΓΟΥΜΕΝΩΝ ΧΡΗΣΕΩΝ / Έσοδα από αχρησιμοποίητες προβλέψεις προηγουμένων χρήσεων,,,,ΛΟΓΑΡΙΑΣΜΟΙ ΑΠΟΤΕΛΕΣΜΑΤΩΝ / ΕΣΟΔΑ ΑΠΟ ΠΡΟΒΛΕΨΕΙΣ ΠΡΟΗΓΟΥΜΕΝΩΝ ΧΡΗΣΕΩΝ / Έσοδα από αχρησιμοποίητες προβλέψεις προηγουμένων χρήσεων / Από λοιπές προβλέψεις εκμετάλλευσης,missing_root_type
,Από προβλέψεις για έξοδα προηγουμένων χρήσεων,,unspecified,,0,,ΛΟΓΑΡΙΑΣΜΟΙ ΑΠΟΤΕΛΕΣΜΑΤΩΝ / ΕΣΟΔΑ ΑΠΟ ΠΡΟΒΛΕΨΕΙΣ ΠΡΟΗΓΟΥΜΕΝΩΝ ΧΡΗΣΕΩΝ / Έσοδα από αχρησιμοποίητες προβλέψεις προηγουμένων χρήσεων,,,,ΛΟΓΑΡΙΑΣΜΟΙ ΑΠΟΤΕΛΕΣΜΑΤΩΝ / ΕΣΟΔΑ ΑΠΟ ΠΡΟΒΛΕΨΕΙΣ ΠΡΟΗΓΟΥΜΕΝΩΝ ΧΡΗΣΕΩΝ / Έσοδα από αχρησιμοποίητες προβλέψεις προηγουμένων χρήσεων / Από προβλέψεις για έξοδα προηγουμένων χρήσεων,missing_root_type
,Από προβλέψεις για απαξιώσεων και υποτιμήσεις παγίων στοιχείων,,unspecified,,0,,ΛΟΓΑΡΙΑΣΜΟΙ ΑΠΟΤΕΛΕΣΜΑΤΩΝ / ΕΣΟΔΑ ΑΠΟ ΠΡΟΒΛΕΨΕΙΣ ΠΡΟΗΓΟΥΜΕΝΩΝ ΧΡΗΣΕΩΝ / Έσοδα από αχρησιμοποίητες προβλέψεις προηγουμένων χρήσεων,,,,ΛΟΓΑΡΙΑΣΜΟΙ ΑΠΟΤΕΛΕΣΜΑΤΩΝ / ΕΣΟΔΑ ΑΠΟ ΠΡΟΒΛΕΨΕΙΣ ΠΡΟΗΓΟΥΜΕΝΩΝ ΧΡΗΣΕΩΝ / Έσοδα από αχρησιμοποίητες προβλέψεις προηγουμένων χρήσεων / Από προβλέψεις για απαξιώσεων και υποτιμήσεις παγίων στοιχείων,missing_root_type
,Από προβλέψεις για αποζημίωση προσωπικού λόγω εξόδου από την υπηρεσία,,unspecified,,0,,ΛΟΓΑΡΙΑΣΜΟΙ ΑΠΟΤΕΛΕΣΜΑΤΩΝ / ΕΣΟΔΑ ΑΠΟ ΠΡΟΒΛΕΨΕΙΣ ΠΡΟΗΓΟΥΜΕΝΩΝ ΧΡΗΣΕΩΝ / Έσοδα από αχρησιμοποίητες προβλέψεις προηγουμένων χρήσεων,,,,ΛΟΓΑΡΙΑΣΜΟΙ ΑΠΟΤΕΛΕΣΜΑΤΩΝ / ΕΣΟΔΑ ΑΠΟ ΠΡΟΒΛΕΨΕΙΣ ΠΡΟΗΓΟΥΜΕΝΩΝ ΧΡΗΣΕΩΝ / Έσοδα από αχρησιμοποίητες προβλέψεις προηγουμένων χρήσεων / Από προβλέψεις για αποζημίωση προσωπικού λόγω εξόδου από την υπηρεσία,missing_root_type
,Από προβλέψεις για εξαίρετους κινδύνους και έκτακτα έξοδα,,unspecified,,0,,ΛΟΓΑΡΙΑΣΜΟΙ ΑΠΟΤΕΛΕΣΜΑΤΩΝ / ΕΣΟΔΑ ΑΠΟ ΠΡΟΒΛΕΨΕΙΣ ΠΡΟΗΓΟΥΜΕΝΩΝ ΧΡΗΣΕΩΝ / Έσοδα από αχρησιμοποίητες προβλέψεις προηγουμένων χρήσεων,,,,ΛΟΓΑΡΙΑΣΜΟΙ ΑΠΟΤΕΛΕΣΜΑΤΩΝ / ΕΣΟΔΑ ΑΠΟ ΠΡΟΒΛΕΨΕΙΣ ΠΡΟΗΓΟΥΜΕΝΩΝ ΧΡΗΣΕΩΝ / Έσοδα από αχρησιμοποίητες προβλέψεις προηγουμένων χρήσεων / Από προβλέψεις για εξαίρετους κινδύνους και έκτακτα έξοδα,missing_root_type
,Από προβλέψεις για επισφαλείς απαιτήσεις,,unspecified,,0,,ΛΟΓΑΡΙΑΣΜΟΙ ΑΠΟΤΕΛΕΣΜΑΤΩΝ / ΕΣΟΔΑ ΑΠΟ ΠΡΟΒΛΕΨΕΙΣ ΠΡΟΗΓΟΥΜΕΝΩΝ ΧΡΗΣΕΩΝ / Έσοδα από αχρησιμοποίητες προβλέψεις προηγουμένων χρήσεων,,,,ΛΟΓΑΡΙΑΣΜΟΙ ΑΠΟΤΕΛΕΣΜΑΤΩΝ / ΕΣΟΔΑ ΑΠΟ ΠΡΟΒΛΕΨΕΙΣ ΠΡΟΗΓΟΥΜΕΝΩΝ ΧΡΗΣΕΩΝ / Έσοδα από αχρησιμοποίητες προβλέψεις προηγουμένων χρήσεων / Από προβλέψεις για επισφαλείς απαιτήσεις,missing_root_type
,Από προβλέψεις για υποτιμήσεις συμμετοχών και χρεογράφων,,unspecified,,0,,ΛΟΓΑΡΙΑΣΜΟΙ ΑΠΟΤΕΛΕΣΜΑΤΩΝ / ΕΣΟΔΑ ΑΠΟ ΠΡΟΒΛΕΨΕΙΣ ΠΡΟΗΓΟΥΜΕΝΩΝ ΧΡΗΣΕΩΝ / Έσοδα από αχρησιμοποίητες προβλέψεις προηγουμένων χρήσεων,,,,ΛΟΓΑΡΙΑΣΜΟΙ ΑΠΟΤΕΛΕΣΜΑΤΩΝ / ΕΣΟΔΑ ΑΠΟ ΠΡΟΒΛΕΨΕΙΣ ΠΡΟΗΓΟΥΜΕΝΩΝ ΧΡΗΣΕΩΝ / Έσοδα από αχρησιμοποίητες προβλέψεις προηγουμένων χρήσεων / Από προβλέψεις για υποτιμήσεις συμμετοχών και χρεογράφων,missing_root_type
,Έσοδα από χρησιμοποιημένες προβλέψεις προηγουμένων χρήσεων για  έκτακτους κινδύνους,,group,,1,,ΛΟΓΑΡΙΑΣΜΟΙ ΑΠΟΤΕΛΕΣΜΑΤΩΝ / ΕΣΟΔΑ ΑΠΟ ΠΡΟΒΛΕΨΕΙΣ ΠΡΟΗΓΟΥΜΕΝΩΝ ΧΡΗΣΕΩΝ,,,,ΛΟΓΑΡΙΑΣΜΟΙ ΑΠΟΤΕΛΕΣΜΑΤΩΝ / ΕΣΟΔΑ ΑΠΟ ΠΡΟΒΛΕΨΕΙΣ ΠΡΟΗΓΟΥΜΕΝΩΝ ΧΡΗΣΕΩΝ / Έσοδα από χρησιμοποιημένες προβλέψεις προηγουμένων χρήσεων για  έκτακτους κινδύνους,missing_root_type
,Από λοιπές έκτακτες προβλέψεις,,unspecified,,0,,ΛΟΓΑΡΙΑΣΜΟΙ ΑΠΟΤΕΛΕΣΜΑΤΩΝ / ΕΣΟΔΑ ΑΠΟ ΠΡΟΒΛΕΨΕΙΣ ΠΡΟΗΓΟΥΜΕΝΩΝ ΧΡΗΣΕΩΝ / Έσοδα από χρησιμοποιημένες προβλέψεις προηγουμένων χρήσεων για  έκτακτους κινδύνους,,,,ΛΟΓΑΡΙΑΣΜΟΙ ΑΠΟΤΕΛΕΣΜΑΤΩΝ / ΕΣΟΔΑ ΑΠΟ ΠΡΟΒΛΕΨΕΙΣ ΠΡΟΗΓΟΥΜΕΝΩΝ ΧΡΗΣΕΩΝ / Έσοδα από χρησιμοποιημένες προβλέψεις προηγουμένων χρήσεων για  έκτακτους κινδύνους / Από λοιπές έκτακτες προβλέψεις,missing_root_type
,Από προβλέψεις για έξοδα προηγουμένων χρήσεων,,unspecified,,0,,ΛΟΓΑΡΙΑΣΜΟΙ ΑΠΟΤΕΛΕΣΜΑΤΩΝ / ΕΣΟΔΑ ΑΠΟ ΠΡΟΒΛΕΨΕΙΣ ΠΡΟΗΓΟΥΜΕΝΩΝ ΧΡΗΣΕΩΝ / Έσοδα από χρησιμοποιημένες προβλέψεις προηγουμένων χρήσεων για  έκτακτους κινδύνους,,,,ΛΟΓΑΡΙΑΣΜΟΙ ΑΠΟΤΕΛΕΣΜΑΤΩΝ / ΕΣΟΔΑ ΑΠΟ ΠΡΟΒΛΕΨΕΙΣ ΠΡΟΗΓΟΥΜΕΝΩΝ ΧΡΗΣΕΩΝ / Έσοδα από χρησιμοποιημένες προβλέψεις προηγουμένων χρήσεων για  έκτακτους κινδύνους / Από προβλέψεις για έξοδα προηγουμένων χρήσεων,missing_root_type
,Από προβλέψεις για εξαίρετους κινδύνους και έκτακτα έξοδα,,unspecified,,0,,ΛΟΓΑΡΙΑΣΜΟΙ ΑΠΟΤΕΛΕΣΜΑΤΩΝ / ΕΣΟΔΑ ΑΠΟ ΠΡΟΒΛΕΨΕΙΣ ΠΡΟΗΓΟΥΜΕΝΩΝ ΧΡΗΣΕΩΝ / Έσοδα από χρησιμοποιημένες προβλέψεις προηγουμένων χρήσεων για  έκτακτους κινδύνους,,,,ΛΟΓΑΡΙΑΣΜΟΙ ΑΠΟΤΕΛΕΣΜΑΤΩΝ / ΕΣΟΔΑ ΑΠΟ ΠΡΟΒΛΕΨΕΙΣ ΠΡΟΗΓΟΥΜΕΝΩΝ ΧΡΗΣΕΩΝ / Έσοδα από χρησιμοποιημένες προβλέψεις προηγουμένων χρήσεων για  έκτακτους κινδύνους / Από προβλέψεις για εξαίρετους κινδύνους και έκτακτα έξοδα,missing_root_type
,Έσοδα από χρησιμοποιημένες προβλέψεις προηγουμένων χρήσεων πρός κάλυψη εξόδων εκμετάλλευσης,,group,,1,,ΛΟΓΑΡΙΑΣΜΟΙ ΑΠΟΤΕΛΕΣΜΑΤΩΝ / ΕΣΟΔΑ ΑΠΟ ΠΡΟΒΛΕΨΕΙΣ ΠΡΟΗΓΟΥΜΕΝΩΝ ΧΡΗΣΕΩΝ,,,,ΛΟΓΑΡΙΑΣΜΟΙ ΑΠΟΤΕΛΕΣΜΑΤΩΝ / ΕΣΟΔΑ ΑΠΟ ΠΡΟΒΛΕΨΕΙΣ ΠΡΟΗΓΟΥΜΕΝΩΝ ΧΡΗΣΕΩΝ / Έσοδα από χρησιμοποιημένες προβλέψεις προηγουμένων χρήσεων πρός κάλυψη εξόδων εκμετάλλευσης,missing_root_type
,Από λοιπές προβλέψεις εκμετάλλευσης,,unspecified,,0,,ΛΟΓΑΡΙΑΣΜΟΙ ΑΠΟΤΕΛΕΣΜΑΤΩΝ / ΕΣΟΔΑ ΑΠΟ ΠΡΟΒΛΕΨΕΙΣ ΠΡΟΗΓΟΥΜΕΝΩΝ ΧΡΗΣΕΩΝ / Έσοδα από χρησιμοποιημένες προβλέψεις προηγουμένων χρήσεων πρός κάλυψη εξόδων εκμετάλλευσης,,,,ΛΟΓΑΡΙΑΣΜΟΙ ΑΠΟΤΕΛΕΣΜΑΤΩΝ / ΕΣΟΔΑ ΑΠΟ ΠΡΟΒΛΕΨΕΙΣ ΠΡΟΗΓΟΥΜΕΝΩΝ ΧΡΗΣΕΩΝ / Έσοδα από χρησιμοποιημένες προβλέψεις προηγουμένων χρήσεων πρός κάλυψη εξόδων εκμετάλλευσης / Από λοιπές προβλέψεις εκμετάλλευσης,missing_root_type
,Από προβλέψεις για εξαίρετους κινδύνους και έκτακτα έξοδα,,unspecified,,0,,ΛΟΓΑΡΙΑΣΜΟΙ ΑΠΟΤΕΛΕΣΜΑΤΩΝ / ΕΣΟΔΑ ΑΠΟ ΠΡΟΒΛΕΨΕΙΣ ΠΡΟΗΓΟΥΜΕΝΩΝ ΧΡΗΣΕΩΝ / Έσοδα από χρησιμοποιημένες προβλέψεις προηγουμένων χρήσεων πρός κάλυψη εξόδων εκμετάλλευσης,,,,ΛΟΓΑΡΙΑΣΜΟΙ ΑΠΟΤΕΛΕΣΜΑΤΩΝ / ΕΣΟΔΑ ΑΠΟ ΠΡΟΒΛΕΨΕΙΣ ΠΡΟΗΓΟΥΜΕΝΩΝ ΧΡΗΣΕΩΝ / Έσοδα από χρησιμοποιημένες προβλέψεις προηγουμένων χρήσεων πρός κάλυψη εξόδων εκμετάλλευσης / Από προβλέψεις για εξαίρετους κινδύνους και έκτακτα έξοδα,missing_root_type
,ΙΣΟΛΟΓΙΣΜΟΣ,,group,,1,,ΛΟΓΑΡΙΑΣΜΟΙ ΑΠΟΤΕΛΕΣΜΑΤΩΝ,,,,ΛΟΓΑΡΙΑΣΜΟΙ ΑΠΟΤΕΛΕΣΜΑΤΩΝ / ΙΣΟΛΟΓΙΣΜΟΣ,missing_root_type
,Ισολογισμός ανοίγματος χρήσης,,unspecified,,0,,ΛΟΓΑΡΙΑΣΜΟΙ ΑΠΟΤΕΛΕΣΜΑΤΩΝ / ΙΣΟΛΟΓΙΣΜΟΣ,,,,ΛΟΓΑΡΙΑΣΜΟΙ ΑΠΟΤΕΛΕΣΜΑΤΩΝ / ΙΣΟΛΟΓΙΣΜΟΣ / Ισολογισμός ανοίγματος χρήσης,missing_root_type
,Ισολογισμός κλεισίματος χρήσης,,unspecified,,0,,ΛΟΓΑΡΙΑΣΜΟΙ ΑΠΟΤΕΛΕΣΜΑΤΩΝ / ΙΣΟΛΟΓΙΣΜΟΣ,,,,ΛΟΓΑΡΙΑΣΜΟΙ ΑΠΟΤΕΛΕΣΜΑΤΩΝ / ΙΣΟΛΟΓΙΣΜΟΣ / Ισολογισμός κλεισίματος χρήσης,missing_root_type
,ΠΡΟΒΛΕΨΕΙΣ ΓΙΑ ΕΚΤΑΚΤΟΥΣ ΚΙΝΔΥΝΟΥΣ,,group,,1,,ΛΟΓΑΡΙΑΣΜΟΙ ΑΠΟΤΕΛΕΣΜΑΤΩΝ,,,,ΛΟΓΑΡΙΑΣΜΟΙ ΑΠΟΤΕΛΕΣΜΑΤΩΝ / ΠΡΟΒΛΕΨΕΙΣ ΓΙΑ ΕΚΤΑΚΤΟΥΣ ΚΙΝΔΥΝΟΥΣ,missing_root_type
,Λοιπές έκτακτες προβλέψεις,,unspecified,,0,,ΛΟΓΑΡΙΑΣΜΟΙ ΑΠΟΤΕΛΕΣΜΑΤΩΝ / ΠΡΟΒΛΕΨΕΙΣ ΓΙΑ ΕΚΤΑΚΤΟΥΣ ΚΙΝΔΥΝΟΥΣ,,,,ΛΟΓΑΡΙΑΣΜΟΙ ΑΠΟΤΕΛΕΣΜΑΤΩΝ / ΠΡΟΒΛΕΨΕΙΣ ΓΙΑ ΕΚΤΑΚΤΟΥΣ ΚΙΝΔΥΝΟΥΣ / Λοιπές έκτακτες προβλέψεις,missing_root_type
,Προβλέψεις απαξειώσεων και υποτιμήσεων παγίων στοιχείων,,group,,1,,ΛΟΓΑΡΙΑΣΜΟΙ ΑΠΟΤΕΛΕΣΜΑΤΩΝ / ΠΡΟΒΛΕΨΕΙΣ ΓΙΑ ΕΚΤΑΚΤΟΥΣ ΚΙΝΔΥΝΟΥΣ,,,,ΛΟΓΑΡΙΑΣΜΟΙ ΑΠΟΤΕΛΕΣΜΑΤΩΝ / ΠΡΟΒΛΕΨΕΙΣ ΓΙΑ ΕΚΤΑΚΤΟΥΣ ΚΙΝΔΥΝΟΥΣ / Προβλέψεις απαξειώσεων και υποτιμήσεων παγίων στοιχείων,missing_root_type
,Προβλέψεις για κάλυψη ζημιάς από συμμετοχή σε κοινοπραξία ή ΟΕ ή ΕΕ,,unspecified,,0,,ΛΟΓΑΡΙΑΣΜΟΙ ΑΠΟΤΕΛΕΣΜΑΤΩΝ / ΠΡΟΒΛΕΨΕΙΣ ΓΙΑ ΕΚΤΑΚΤΟΥΣ ΚΙΝΔΥΝΟΥΣ / Προβλέψεις απαξειώσεων και υποτιμήσεων παγίων στοιχείων,,,,ΛΟΓΑΡΙΑΣΜΟΙ ΑΠΟΤΕΛΕΣΜΑΤΩΝ / ΠΡΟΒΛΕΨΕΙΣ ΓΙΑ ΕΚΤΑΚΤΟΥΣ ΚΙΝΔΥΝΟΥΣ / Προβλέψεις απαξειώσεων και υποτιμήσεων παγίων στοιχείων / Προβλέψεις για κάλυψη ζημιάς από συμμετοχή σε κοινοπραξία ή ΟΕ ή ΕΕ,missing_root_type
,Προβλέψεις για έξοδα προηγούμενων χρήσεων,,unspecified,,0,,ΛΟΓΑΡΙΑΣΜΟΙ ΑΠΟΤΕΛΕΣΜΑΤΩΝ / ΠΡΟΒΛΕΨΕΙΣ ΓΙΑ ΕΚΤΑΚΤΟΥΣ ΚΙΝΔΥΝΟΥΣ,,,,ΛΟΓΑΡΙΑΣΜΟΙ ΑΠΟΤΕΛΕΣΜΑΤΩΝ / ΠΡΟΒΛΕΨΕΙΣ ΓΙΑ ΕΚΤΑΚΤΟΥΣ ΚΙΝΔΥΝΟΥΣ / Προβλέψεις για έξοδα προηγούμενων χρήσεων,missing_root_type
,Προβλέψεις για εξαιρετικούς κινδύνους και έκτακτα έξοδα,,unspecified,,0,,ΛΟΓΑΡΙΑΣΜΟΙ ΑΠΟΤΕΛΕΣΜΑΤΩΝ / ΠΡΟΒΛΕΨΕΙΣ ΓΙΑ ΕΚΤΑΚΤΟΥΣ ΚΙΝΔΥΝΟΥΣ,,,,ΛΟΓΑΡΙΑΣΜΟΙ ΑΠΟΤΕΛΕΣΜΑΤΩΝ / ΠΡΟΒΛΕΨΕΙΣ ΓΙΑ ΕΚΤΑΚΤΟΥΣ ΚΙΝΔΥΝΟΥΣ / Προβλέψεις για εξαιρετικούς κινδύνους και έκτακτα έξοδα,missing_root_type
,Προβλέψεις για επισφαλείς απαιτήσεις,,unspecified,,0,,ΛΟΓΑΡΙΑΣΜΟΙ ΑΠΟΤΕΛΕΣΜΑΤΩΝ / ΠΡΟΒΛΕΨΕΙΣ ΓΙΑ ΕΚΤΑΚΤΟΥΣ ΚΙΝΔΥΝΟΥΣ,,,,ΛΟΓΑΡΙΑΣΜΟΙ ΑΠΟΤΕΛΕΣΜΑΤΩΝ / ΠΡΟΒΛΕΨΕΙΣ ΓΙΑ ΕΚΤΑΚΤΟΥΣ ΚΙΝΔΥΝΟΥΣ / Προβλέψεις για επισφαλείς απαιτήσεις,missing_root_type
,ΟΡΓΑΝΙΚΑ ΈΞΟΔΑ ΚΑΤΑ ΕΙΔΟΣ,,group,,1,,,,,,ΟΡΓΑΝΙΚΑ ΈΞΟΔΑ ΚΑΤΑ ΕΙΔΟΣ,missing_root_type
,ΑΜΟΙΒΕΣ ΚΑΙ ΕΞΟΔΑ ΠΡΟΣΩΠΙΚΟΥ,,group,,1,,ΟΡΓΑΝΙΚΑ ΈΞΟΔΑ ΚΑΤΑ ΕΙΔΟΣ,,,,ΟΡΓΑΝΙΚΑ ΈΞΟΔΑ ΚΑΤΑ ΕΙΔΟΣ / ΑΜΟΙΒΕΣ ΚΑΙ ΕΞΟΔΑ ΠΡΟΣΩΠΙΚΟΥ,missing_root_type
,Αμοιβές έμμισθου προσωπικού,,group,,1,,ΟΡΓΑΝΙΚΑ ΈΞΟΔΑ ΚΑΤΑ ΕΙΔΟΣ / ΑΜΟΙΒΕΣ ΚΑΙ ΕΞΟΔΑ ΠΡΟΣΩΠΙΚΟΥ,,,,ΟΡΓΑΝΙΚΑ ΈΞΟΔΑ ΚΑΤΑ ΕΙΔΟΣ / ΑΜΟΙΒΕΣ ΚΑΙ ΕΞΟΔΑ ΠΡΟΣΩΠΙΚΟΥ / Αμοιβές έμμισθου προσωπικού,missing_root_type
,Έκτακτες αμοιβές,,unspecified,,0,,ΟΡΓΑΝΙΚΑ ΈΞΟΔΑ ΚΑΤΑ ΕΙΔΟΣ / ΑΜΟΙΒΕΣ ΚΑΙ ΕΞΟΔΑ ΠΡΟΣΩΠΙΚΟΥ / Αμοιβές έμμισθου προσωπικού,,,,ΟΡΓΑΝΙΚΑ ΈΞΟΔΑ ΚΑΤΑ ΕΙΔΟΣ / ΑΜΟΙΒΕΣ ΚΑΙ ΕΞΟΔΑ ΠΡΟΣΩΠΙΚΟΥ / Αμοιβές έμμισθου προσωπικού / Έκτακτες αμοιβές,missing_root_type
,Αμοιβές εκτός έδρας,,unspecified,,0,,ΟΡΓΑΝΙΚΑ ΈΞΟΔΑ ΚΑΤΑ ΕΙΔΟΣ / ΑΜΟΙΒΕΣ ΚΑΙ ΕΞΟΔΑ ΠΡΟΣΩΠΙΚΟΥ / Αμοιβές έμμισθου προσωπικού,,,,ΟΡΓΑΝΙΚΑ ΈΞΟΔΑ ΚΑΤΑ ΕΙΔΟΣ / ΑΜΟΙΒΕΣ ΚΑΙ ΕΞΟΔΑ ΠΡΟΣΩΠΙΚΟΥ / Αμοιβές έμμισθου προσωπικού / Αμοιβές εκτός έδρας,missing_root_type
,Αμοιβές μαθητευομένων,,unspecified,,0,,ΟΡΓΑΝΙΚΑ ΈΞΟΔΑ ΚΑΤΑ ΕΙΔΟΣ / ΑΜΟΙΒΕΣ ΚΑΙ ΕΞΟΔΑ ΠΡΟΣΩΠΙΚΟΥ / Αμοιβές έμμισθου προσωπικού,,,,ΟΡΓΑΝΙΚΑ ΈΞΟΔΑ ΚΑΤΑ ΕΙΔΟΣ / ΑΜΟΙΒΕΣ ΚΑΙ ΕΞΟΔΑ ΠΡΟΣΩΠΙΚΟΥ / Αμοιβές έμμισθου προσωπικού / Αμοιβές μαθητευομένων,missing_root_type
,Αμοιβές υπερωριάκης απασχόλησης,,unspecified,,0,,ΟΡΓΑΝΙΚΑ ΈΞΟΔΑ ΚΑΤΑ ΕΙΔΟΣ / ΑΜΟΙΒΕΣ ΚΑΙ ΕΞΟΔΑ ΠΡΟΣΩΠΙΚΟΥ / Αμοιβές έμμισθου προσωπικού,,,,ΟΡΓΑΝΙΚΑ ΈΞΟΔΑ ΚΑΤΑ ΕΙΔΟΣ / ΑΜΟΙΒΕΣ ΚΑΙ ΕΞΟΔΑ ΠΡΟΣΩΠΙΚΟΥ / Αμοιβές έμμισθου προσωπικού / Αμοιβές υπερωριάκης απασχόλησης,missing_root_type
,Αποδοχές ασθενείας,,unspecified,,0,,ΟΡΓΑΝΙΚΑ ΈΞΟΔΑ ΚΑΤΑ ΕΙΔΟΣ / ΑΜΟΙΒΕΣ ΚΑΙ ΕΞΟΔΑ ΠΡΟΣΩΠΙΚΟΥ / Αμοιβές έμμισθου προσωπικού,,,,ΟΡΓΑΝΙΚΑ ΈΞΟΔΑ ΚΑΤΑ ΕΙΔΟΣ / ΑΜΟΙΒΕΣ ΚΑΙ ΕΞΟΔΑ ΠΡΟΣΩΠΙΚΟΥ / Αμοιβές έμμισθου προσωπικού / Αποδοχές ασθενείας,missing_root_type
,Αποδοχές επισήμων αργιών,,unspecified,,0,,ΟΡΓΑΝΙΚΑ ΈΞΟΔΑ ΚΑΤΑ ΕΙΔΟΣ / ΑΜΟΙΒΕΣ ΚΑΙ ΕΞΟΔΑ ΠΡΟΣΩΠΙΚΟΥ / Αμοιβές έμμισθου προσωπικού,,,,ΟΡΓΑΝΙΚΑ ΈΞΟΔΑ ΚΑΤΑ ΕΙΔΟΣ / ΑΜΟΙΒΕΣ ΚΑΙ ΕΞΟΔΑ ΠΡΟΣΩΠΙΚΟΥ / Αμοιβές έμμισθου προσωπικού / Αποδοχές επισήμων αργιών,missing_root_type
,Αποδοχές κανονικής άδειας,,unspecified,,0,,ΟΡΓΑΝΙΚΑ ΈΞΟΔΑ ΚΑΤΑ ΕΙΔΟΣ / ΑΜΟΙΒΕΣ ΚΑΙ ΕΞΟΔΑ ΠΡΟΣΩΠΙΚΟΥ / Αμοιβές έμμισθου προσωπικού,,,,ΟΡΓΑΝΙΚΑ ΈΞΟΔΑ ΚΑΤΑ ΕΙΔΟΣ / ΑΜΟΙΒΕΣ ΚΑΙ ΕΞΟΔΑ ΠΡΟΣΩΠΙΚΟΥ / Αμοιβές έμμισθου προσωπικού / Αποδοχές κανονικής άδειας,missing_root_type
,Αποζημιώσεις μη χορηγούμενων αδειών,,unspecified,,0,,ΟΡΓΑΝΙΚΑ ΈΞΟΔΑ ΚΑΤΑ ΕΙΔΟΣ / ΑΜΟΙΒΕΣ ΚΑΙ ΕΞΟΔΑ ΠΡΟΣΩΠΙΚΟΥ / Αμοιβές έμμισθου προσωπικού,,,,ΟΡΓΑΝΙΚΑ ΈΞΟΔΑ ΚΑΤΑ ΕΙΔΟΣ / ΑΜΟΙΒΕΣ ΚΑΙ ΕΞΟΔΑ ΠΡΟΣΩΠΙΚΟΥ / Αμοιβές έμμισθου προσωπικού / Αποζημιώσεις μη χορηγούμενων αδειών,missing_root_type
,Δώρα εορτών (Χριστουγέννων και Πάσχα),,unspecified,,0,,ΟΡΓΑΝΙΚΑ ΈΞΟΔΑ ΚΑΤΑ ΕΙΔΟΣ / ΑΜΟΙΒΕΣ ΚΑΙ ΕΞΟΔΑ ΠΡΟΣΩΠΙΚΟΥ / Αμοιβές έμμισθου προσωπικού,,,,ΟΡΓΑΝΙΚΑ ΈΞΟΔΑ ΚΑΤΑ ΕΙΔΟΣ / ΑΜΟΙΒΕΣ ΚΑΙ ΕΞΟΔΑ ΠΡΟΣΩΠΙΚΟΥ / Αμοιβές έμμισθου προσωπικού / Δώρα εορτών (Χριστουγέννων και Πάσχα),missing_root_type
,Επιδόματα κανονικής άδειας,,unspecified,,0,,ΟΡΓΑΝΙΚΑ ΈΞΟΔΑ ΚΑΤΑ ΕΙΔΟΣ / ΑΜΟΙΒΕΣ ΚΑΙ ΕΞΟΔΑ ΠΡΟΣΩΠΙΚΟΥ / Αμοιβές έμμισθου προσωπικού,,,,ΟΡΓΑΝΙΚΑ ΈΞΟΔΑ ΚΑΤΑ ΕΙΔΟΣ / ΑΜΟΙΒΕΣ ΚΑΙ ΕΞΟΔΑ ΠΡΟΣΩΠΙΚΟΥ / Αμοιβές έμμισθου προσωπικού / Επιδόματα κανονικής άδειας,missing_root_type
,Οικογενιακά επιδόματα,,unspecified,,0,,ΟΡΓΑΝΙΚΑ ΈΞΟΔΑ ΚΑΤΑ ΕΙΔΟΣ / ΑΜΟΙΒΕΣ ΚΑΙ ΕΞΟΔΑ ΠΡΟΣΩΠΙΚΟΥ / Αμοιβές έμμισθου προσωπικού,,,,ΟΡΓΑΝΙΚΑ ΈΞΟΔΑ ΚΑΤΑ ΕΙΔΟΣ / ΑΜΟΙΒΕΣ ΚΑΙ ΕΞΟΔΑ ΠΡΟΣΩΠΙΚΟΥ / Αμοιβές έμμισθου προσωπικού / Οικογενιακά επιδόματα,missing_root_type
,Ποσοστά για πωλήσεις και αγορές,,unspecified,,0,,ΟΡΓΑΝΙΚΑ ΈΞΟΔΑ ΚΑΤΑ ΕΙΔΟΣ / ΑΜΟΙΒΕΣ ΚΑΙ ΕΞΟΔΑ ΠΡΟΣΩΠΙΚΟΥ / Αμοιβές έμμισθου προσωπικού,,,,ΟΡΓΑΝΙΚΑ ΈΞΟΔΑ ΚΑΤΑ ΕΙΔΟΣ / ΑΜΟΙΒΕΣ ΚΑΙ ΕΞΟΔΑ ΠΡΟΣΩΠΙΚΟΥ / Αμοιβές έμμισθου προσωπικού / Ποσοστά για πωλήσεις και αγορές,missing_root_type
,Τακτικές αποδοχές,,unspecified,,0,,ΟΡΓΑΝΙΚΑ ΈΞΟΔΑ ΚΑΤΑ ΕΙΔΟΣ / ΑΜΟΙΒΕΣ ΚΑΙ ΕΞΟΔΑ ΠΡΟΣΩΠΙΚΟΥ / Αμοιβές έμμισθου προσωπικού,,,,ΟΡΓΑΝΙΚΑ ΈΞΟΔΑ ΚΑΤΑ ΕΙΔΟΣ / ΑΜΟΙΒΕΣ ΚΑΙ ΕΞΟΔΑ ΠΡΟΣΩΠΙΚΟΥ / Αμοιβές έμμισθου προσωπικού / Τακτικές αποδοχές,missing_root_type
,Αποζημιώσεις απόλυσεις ή εξόδου από την υπηρεσία,,group,,1,,ΟΡΓΑΝΙΚΑ ΈΞΟΔΑ ΚΑΤΑ ΕΙΔΟΣ / ΑΜΟΙΒΕΣ ΚΑΙ ΕΞΟΔΑ ΠΡΟΣΩΠΙΚΟΥ,,,,ΟΡΓΑΝΙΚΑ ΈΞΟΔΑ ΚΑΤΑ ΕΙΔΟΣ / ΑΜΟΙΒΕΣ ΚΑΙ ΕΞΟΔΑ ΠΡΟΣΩΠΙΚΟΥ / Αποζημιώσεις απόλυσεις ή εξόδου από την υπηρεσία,missing_root_type
,Αποζ/σεις απόλυσεις ή εξόδου από την υπηρεσία έμμισθου  προσωπ.,,unspecified,,0,,ΟΡΓΑΝΙΚΑ ΈΞΟΔΑ ΚΑΤΑ ΕΙΔΟΣ / ΑΜΟΙΒΕΣ ΚΑΙ ΕΞΟΔΑ ΠΡΟΣΩΠΙΚΟΥ / Αποζημιώσεις απόλυσεις ή εξόδου από την υπηρεσία,,,,ΟΡΓΑΝΙΚΑ ΈΞΟΔΑ ΚΑΤΑ ΕΙΔΟΣ / ΑΜΟΙΒΕΣ ΚΑΙ ΕΞΟΔΑ ΠΡΟΣΩΠΙΚΟΥ / Αποζημιώσεις απόλυσεις ή εξόδου από την υπηρεσία / Αποζ/σεις απόλυσεις ή εξόδου από την υπηρεσία έμμισθου  προσωπ.,missing_root_type
,Αποζ/σεις απόλυσεις ή εξόδου από την υπηρεσία ημ/σθιου  προσωπ.,,unspecified,,0,,ΟΡΓΑΝΙΚΑ ΈΞΟΔΑ ΚΑΤΑ ΕΙΔΟΣ / ΑΜΟΙΒΕΣ ΚΑΙ ΕΞΟΔΑ ΠΡΟΣΩΠΙΚΟΥ / Αποζημιώσεις απόλυσεις ή εξόδου από την υπηρεσία,,,,ΟΡΓΑΝΙΚΑ ΈΞΟΔΑ ΚΑΤΑ ΕΙΔΟΣ / ΑΜΟΙΒΕΣ ΚΑΙ ΕΞΟΔΑ ΠΡΟΣΩΠΙΚΟΥ / Αποζημιώσεις απόλυσεις ή εξόδου από την υπηρεσία / Αποζ/σεις απόλυσεις ή εξόδου από την υπηρεσία ημ/σθιου  προσωπ.,missing_root_type
,Εργοδοτικές εισφορές και επιβαρύνσεις έμμισθου προσωπικού,,group,,1,,ΟΡΓΑΝΙΚΑ ΈΞΟΔΑ ΚΑΤΑ ΕΙΔΟΣ / ΑΜΟΙΒΕΣ ΚΑΙ ΕΞΟΔΑ ΠΡΟΣΩΠΙΚΟΥ,,,,ΟΡΓΑΝΙΚΑ ΈΞΟΔΑ ΚΑΤΑ ΕΙΔΟΣ / ΑΜΟΙΒΕΣ ΚΑΙ ΕΞΟΔΑ ΠΡΟΣΩΠΙΚΟΥ / Εργοδοτικές εισφορές και επιβαρύνσεις έμμισθου προσωπικού,missing_root_type
,Εργοδοτικές εισφορές  ΙΚΑ,,unspecified,,0,,ΟΡΓΑΝΙΚΑ ΈΞΟΔΑ ΚΑΤΑ ΕΙΔΟΣ / ΑΜΟΙΒΕΣ ΚΑΙ ΕΞΟΔΑ ΠΡΟΣΩΠΙΚΟΥ / Εργοδοτικές εισφορές και επιβαρύνσεις έμμισθου προσωπικού,,,,ΟΡΓΑΝΙΚΑ ΈΞΟΔΑ ΚΑΤΑ ΕΙΔΟΣ / ΑΜΟΙΒΕΣ ΚΑΙ ΕΞΟΔΑ ΠΡΟΣΩΠΙΚΟΥ / Εργοδοτικές εισφορές και επιβαρύνσεις έμμισθου προσωπικού / Εργοδοτικές εισφορές  ΙΚΑ,missing_root_type
,Εργοδοτικές εισφορές λοιπών ταμείων κύριας ασφάλειας,,unspecified,,0,,ΟΡΓΑΝΙΚΑ ΈΞΟΔΑ ΚΑΤΑ ΕΙΔΟΣ / ΑΜΟΙΒΕΣ ΚΑΙ ΕΞΟΔΑ ΠΡΟΣΩΠΙΚΟΥ / Εργοδοτικές εισφορές και επιβαρύνσεις έμμισθου προσωπικού,,,,ΟΡΓΑΝΙΚΑ ΈΞΟΔΑ ΚΑΤΑ ΕΙΔΟΣ / ΑΜΟΙΒΕΣ ΚΑΙ ΕΞΟΔΑ ΠΡΟΣΩΠΙΚΟΥ / Εργοδοτικές εισφορές και επιβαρύνσεις έμμισθου προσωπικού / Εργοδοτικές εισφορές λοιπών ταμείων κύριας ασφάλειας,missing_root_type
,Εργοδοτικές εισφορές ταμείων επικουρικής ασφάλισης,,unspecified,,0,,ΟΡΓΑΝΙΚΑ ΈΞΟΔΑ ΚΑΤΑ ΕΙΔΟΣ / ΑΜΟΙΒΕΣ ΚΑΙ ΕΞΟΔΑ ΠΡΟΣΩΠΙΚΟΥ / Εργοδοτικές εισφορές και επιβαρύνσεις έμμισθου προσωπικού,,,,ΟΡΓΑΝΙΚΑ ΈΞΟΔΑ ΚΑΤΑ ΕΙΔΟΣ / ΑΜΟΙΒΕΣ ΚΑΙ ΕΞΟΔΑ ΠΡΟΣΩΠΙΚΟΥ / Εργοδοτικές εισφορές και επιβαρύνσεις έμμισθου προσωπικού / Εργοδοτικές εισφορές ταμείων επικουρικής ασφάλισης,missing_root_type
,Χαρτόσημο μισθοδοσίας,,unspecified,,0,,ΟΡΓΑΝΙΚΑ ΈΞΟΔΑ ΚΑΤΑ ΕΙΔΟΣ / ΑΜΟΙΒΕΣ ΚΑΙ ΕΞΟΔΑ ΠΡΟΣΩΠΙΚΟΥ / Εργοδοτικές εισφορές και επιβαρύνσεις έμμισθου προσωπικού,,,,ΟΡΓΑΝΙΚΑ ΈΞΟΔΑ ΚΑΤΑ ΕΙΔΟΣ / ΑΜΟΙΒΕΣ ΚΑΙ ΕΞΟΔΑ ΠΡΟΣΩΠΙΚΟΥ / Εργοδοτικές εισφορές και επιβαρύνσεις έμμισθου προσωπικού / Χαρτόσημο μισθοδοσίας,missing_root_type
,Εργοδοτικές εισφορές και επιβαρύνσεις ημερομίσθιου προσωπ.,,group,,1,,ΟΡΓΑΝΙΚΑ ΈΞΟΔΑ ΚΑΤΑ ΕΙΔΟΣ / ΑΜΟΙΒΕΣ ΚΑΙ ΕΞΟΔΑ ΠΡΟΣΩΠΙΚΟΥ,,,,ΟΡΓΑΝΙΚΑ ΈΞΟΔΑ ΚΑΤΑ ΕΙΔΟΣ / ΑΜΟΙΒΕΣ ΚΑΙ ΕΞΟΔΑ ΠΡΟΣΩΠΙΚΟΥ / Εργοδοτικές εισφορές και επιβαρύνσεις ημερομίσθιου προσωπ.,missing_root_type
,Δωρόσημο οικοδομών,,unspecified,,0,,ΟΡΓΑΝΙΚΑ ΈΞΟΔΑ ΚΑΤΑ ΕΙΔΟΣ / ΑΜΟΙΒΕΣ ΚΑΙ ΕΞΟΔΑ ΠΡΟΣΩΠΙΚΟΥ / Εργοδοτικές εισφορές και επιβαρύνσεις ημερομίσθιου προσωπ.,,,,ΟΡΓΑΝΙΚΑ ΈΞΟΔΑ ΚΑΤΑ ΕΙΔΟΣ / ΑΜΟΙΒΕΣ ΚΑΙ ΕΞΟΔΑ ΠΡΟΣΩΠΙΚΟΥ / Εργοδοτικές εισφορές και επιβαρύνσεις ημερομίσθιου προσωπ. / Δωρόσημο οικοδομών,missing_root_type
,Εργοδοτικές εισφορές  ΙΚΑ,,unspecified,,0,,ΟΡΓΑΝΙΚΑ ΈΞΟΔΑ ΚΑΤΑ ΕΙΔΟΣ / ΑΜΟΙΒΕΣ ΚΑΙ ΕΞΟΔΑ ΠΡΟΣΩΠΙΚΟΥ / Εργοδοτικές εισφορές και επιβαρύνσεις ημερομίσθιου προσωπ.,,,,ΟΡΓΑΝΙΚΑ ΈΞΟΔΑ ΚΑΤΑ ΕΙΔΟΣ / ΑΜΟΙΒΕΣ ΚΑΙ ΕΞΟΔΑ ΠΡΟΣΩΠΙΚΟΥ / Εργοδοτικές εισφορές και επιβαρύνσεις ημερομίσθιου προσωπ. / Εργοδοτικές εισφορές  ΙΚΑ,missing_root_type
,Εργοδοτικές εισφορές λοιπών ταμείων κύριας ασφάλειας,,unspecified,,0,,ΟΡΓΑΝΙΚΑ ΈΞΟΔΑ ΚΑΤΑ ΕΙΔΟΣ / ΑΜΟΙΒΕΣ ΚΑΙ ΕΞΟΔΑ ΠΡΟΣΩΠΙΚΟΥ / Εργοδοτικές εισφορές και επιβαρύνσεις ημερομίσθιου προσωπ.,,,,ΟΡΓΑΝΙΚΑ ΈΞΟΔΑ ΚΑΤΑ ΕΙΔΟΣ / ΑΜΟΙΒΕΣ ΚΑΙ ΕΞΟΔΑ ΠΡΟΣΩΠΙΚΟΥ / Εργοδοτικές εισφορές και επιβαρύνσεις ημερομίσθιου προσωπ. / Εργοδοτικές εισφορές λοιπών ταμείων κύριας ασφάλειας,missing_root_type
,Εργοδοτικές εισφορές ταμείων επικουρικής ασφάλισης,,unspecified,,0,,ΟΡΓΑΝΙΚΑ ΈΞΟΔΑ ΚΑΤΑ ΕΙΔΟΣ / ΑΜΟΙΒΕΣ ΚΑΙ ΕΞΟΔΑ ΠΡΟΣΩΠΙΚΟΥ / Εργοδοτικές εισφορές και επιβαρύνσεις ημερομίσθιου προσωπ.,,,,ΟΡΓΑΝΙΚΑ ΈΞΟΔΑ ΚΑΤΑ ΕΙΔΟΣ / ΑΜΟΙΒΕΣ ΚΑΙ ΕΞΟΔΑ ΠΡΟΣΩΠΙΚΟΥ / Εργοδοτικές εισφορές και επιβαρύνσεις ημερομίσθιου προσωπ. / Εργοδοτικές εισφορές ταμείων επικουρικής ασφάλισης,missing_root_type
,Χαρτόσημο μισθοδοσίας,,unspecified,,0,,ΟΡΓΑΝΙΚΑ ΈΞΟΔΑ ΚΑΤΑ ΕΙΔΟΣ / ΑΜΟΙΒΕΣ ΚΑΙ ΕΞΟΔΑ ΠΡΟΣΩΠΙΚΟΥ / Εργοδοτικές εισφορές και επιβαρύνσεις ημερομίσθιου προσωπ.,,,,ΟΡΓΑΝΙΚΑ ΈΞΟΔΑ ΚΑΤΑ ΕΙΔΟΣ / ΑΜΟΙΒΕΣ ΚΑΙ ΕΞΟΔΑ ΠΡΟΣΩΠΙΚΟΥ / Εργοδοτικές εισφορές και επιβαρύνσεις ημερομίσθιου προσωπ. / Χαρτόσημο μισθοδοσίας,missing_root_type
,Παρεπόμενες παροχές και έξοδα προσωπικού,,group,,1,,ΟΡΓΑΝΙΚΑ ΈΞΟΔΑ ΚΑΤΑ ΕΙΔΟΣ / ΑΜΟΙΒΕΣ ΚΑΙ ΕΞΟΔΑ ΠΡΟΣΩΠΙΚΟΥ,,,,ΟΡΓΑΝΙΚΑ ΈΞΟΔΑ ΚΑΤΑ ΕΙΔΟΣ / ΑΜΟΙΒΕΣ ΚΑΙ ΕΞΟΔΑ ΠΡΟΣΩΠΙΚΟΥ / Παρεπόμενες παροχές και έξοδα προσωπικού,missing_root_type
,Έξοδα επιμόρφωσης προσωπικού,,unspecified,,0,,ΟΡΓΑΝΙΚΑ ΈΞΟΔΑ ΚΑΤΑ ΕΙΔΟΣ / ΑΜΟΙΒΕΣ ΚΑΙ ΕΞΟΔΑ ΠΡΟΣΩΠΙΚΟΥ / Παρεπόμενες παροχές και έξοδα προσωπικού,,,,ΟΡΓΑΝΙΚΑ ΈΞΟΔΑ ΚΑΤΑ ΕΙΔΟΣ / ΑΜΟΙΒΕΣ ΚΑΙ ΕΞΟΔΑ ΠΡΟΣΩΠΙΚΟΥ / Παρεπόμενες παροχές και έξοδα προσωπικού / Έξοδα επιμόρφωσης προσωπικού,missing_root_type
,Έξοδα ιατροφαρμακευτικής περίθαλψης,,unspecified,,0,,ΟΡΓΑΝΙΚΑ ΈΞΟΔΑ ΚΑΤΑ ΕΙΔΟΣ / ΑΜΟΙΒΕΣ ΚΑΙ ΕΞΟΔΑ ΠΡΟΣΩΠΙΚΟΥ / Παρεπόμενες παροχές και έξοδα προσωπικού,,,,ΟΡΓΑΝΙΚΑ ΈΞΟΔΑ ΚΑΤΑ ΕΙΔΟΣ / ΑΜΟΙΒΕΣ ΚΑΙ ΕΞΟΔΑ ΠΡΟΣΩΠΙΚΟΥ / Παρεπόμενες παροχές και έξοδα προσωπικού / Έξοδα ιατροφαρμακευτικής περίθαλψης,missing_root_type
,Έξοδα στέγασης (π.χ. Κατοικιών),,unspecified,,0,,ΟΡΓΑΝΙΚΑ ΈΞΟΔΑ ΚΑΤΑ ΕΙΔΟΣ / ΑΜΟΙΒΕΣ ΚΑΙ ΕΞΟΔΑ ΠΡΟΣΩΠΙΚΟΥ / Παρεπόμενες παροχές και έξοδα προσωπικού,,,,ΟΡΓΑΝΙΚΑ ΈΞΟΔΑ ΚΑΤΑ ΕΙΔΟΣ / ΑΜΟΙΒΕΣ ΚΑΙ ΕΞΟΔΑ ΠΡΟΣΩΠΙΚΟΥ / Παρεπόμενες παροχές και έξοδα προσωπικού / Έξοδα στέγασης (π.χ. Κατοικιών),missing_root_type
,Έξοδα ψυχαγωγίας προσωπικού,,unspecified,,0,,ΟΡΓΑΝΙΚΑ ΈΞΟΔΑ ΚΑΤΑ ΕΙΔΟΣ / ΑΜΟΙΒΕΣ ΚΑΙ ΕΞΟΔΑ ΠΡΟΣΩΠΙΚΟΥ / Παρεπόμενες παροχές και έξοδα προσωπικού,,,,ΟΡΓΑΝΙΚΑ ΈΞΟΔΑ ΚΑΤΑ ΕΙΔΟΣ / ΑΜΟΙΒΕΣ ΚΑΙ ΕΞΟΔΑ ΠΡΟΣΩΠΙΚΟΥ / Παρεπόμενες παροχές και έξοδα προσωπικού / Έξοδα ψυχαγωγίας προσωπικού,missing_root_type
,Αξία χορηγουμένων αποθεμάτων,,unspecified,,0,,ΟΡΓΑΝΙΚΑ ΈΞΟΔΑ ΚΑΤΑ ΕΙΔΟΣ / ΑΜΟΙΒΕΣ ΚΑΙ ΕΞΟΔΑ ΠΡΟΣΩΠΙΚΟΥ / Παρεπόμενες παροχές και έξοδα προσωπικού,,,,ΟΡΓΑΝΙΚΑ ΈΞΟΔΑ ΚΑΤΑ ΕΙΔΟΣ / ΑΜΟΙΒΕΣ ΚΑΙ ΕΞΟΔΑ ΠΡΟΣΩΠΙΚΟΥ / Παρεπόμενες παροχές και έξοδα προσωπικού / Αξία χορηγουμένων αποθεμάτων,missing_root_type
,Ασφάλιστρα προσωπικού,,unspecified,,0,,ΟΡΓΑΝΙΚΑ ΈΞΟΔΑ ΚΑΤΑ ΕΙΔΟΣ / ΑΜΟΙΒΕΣ ΚΑΙ ΕΞΟΔΑ ΠΡΟΣΩΠΙΚΟΥ / Παρεπόμενες παροχές και έξοδα προσωπικού,,,,ΟΡΓΑΝΙΚΑ ΈΞΟΔΑ ΚΑΤΑ ΕΙΔΟΣ / ΑΜΟΙΒΕΣ ΚΑΙ ΕΞΟΔΑ ΠΡΟΣΩΠΙΚΟΥ / Παρεπόμενες παροχές και έξοδα προσωπικού / Ασφάλιστρα προσωπικού,missing_root_type
,Είδη ένδυσης,,unspecified,,0,,ΟΡΓΑΝΙΚΑ ΈΞΟΔΑ ΚΑΤΑ ΕΙΔΟΣ / ΑΜΟΙΒΕΣ ΚΑΙ ΕΞΟΔΑ ΠΡΟΣΩΠΙΚΟΥ / Παρεπόμενες παροχές και έξοδα προσωπικού,,,,ΟΡΓΑΝΙΚΑ ΈΞΟΔΑ ΚΑΤΑ ΕΙΔΟΣ / ΑΜΟΙΒΕΣ ΚΑΙ ΕΞΟΔΑ ΠΡΟΣΩΠΙΚΟΥ / Παρεπόμενες παροχές και έξοδα προσωπικού / Είδη ένδυσης,missing_root_type
,Επιχορηγήσεις και λοιπά έξοδα κυλικείου - εστιατορίου,,unspecified,,0,,ΟΡΓΑΝΙΚΑ ΈΞΟΔΑ ΚΑΤΑ ΕΙΔΟΣ / ΑΜΟΙΒΕΣ ΚΑΙ ΕΞΟΔΑ ΠΡΟΣΩΠΙΚΟΥ / Παρεπόμενες παροχές και έξοδα προσωπικού,,,,ΟΡΓΑΝΙΚΑ ΈΞΟΔΑ ΚΑΤΑ ΕΙΔΟΣ / ΑΜΟΙΒΕΣ ΚΑΙ ΕΞΟΔΑ ΠΡΟΣΩΠΙΚΟΥ / Παρεπόμενες παροχές και έξοδα προσωπικού / Επιχορηγήσεις και λοιπά έξοδα κυλικείου - εστιατορίου,missing_root_type
,Λοιπές παρεπόμενες παροχές και έξοδα προσωπικού,,unspecified,,0,,ΟΡΓΑΝΙΚΑ ΈΞΟΔΑ ΚΑΤΑ ΕΙΔΟΣ / ΑΜΟΙΒΕΣ ΚΑΙ ΕΞΟΔΑ ΠΡΟΣΩΠΙΚΟΥ / Παρεπόμενες παροχές και έξοδα προσωπικού,,,,ΟΡΓΑΝΙΚΑ ΈΞΟΔΑ ΚΑΤΑ ΕΙΔΟΣ / ΑΜΟΙΒΕΣ ΚΑΙ ΕΞΟΔΑ ΠΡΟΣΩΠΙΚΟΥ / Παρεπόμενες παροχές και έξοδα προσωπικού / Λοιπές παρεπόμενες παροχές και έξοδα προσωπικού,missing_root_type
,ΑΜΟΙΒΕΣ ΚΑΙ ΕΞΟΔΑ ΤΡΙΤΩΝ,,group,,1,,ΟΡΓΑΝΙΚΑ ΈΞΟΔΑ ΚΑΤΑ ΕΙΔΟΣ,,,,ΟΡΓΑΝΙΚΑ ΈΞΟΔΑ ΚΑΤΑ ΕΙΔΟΣ / ΑΜΟΙΒΕΣ ΚΑΙ ΕΞΟΔΑ ΤΡΙΤΩΝ,missing_root_type
,Αμοιβές και έξοδα ελευθέρων επαγγελματιών υποκείμενες σε παρα- κράτηση φόρου εισοδήματος,,group,,1,,ΟΡΓΑΝΙΚΑ ΈΞΟΔΑ ΚΑΤΑ ΕΙΔΟΣ / ΑΜΟΙΒΕΣ ΚΑΙ ΕΞΟΔΑ ΤΡΙΤΩΝ,,,,ΟΡΓΑΝΙΚΑ ΈΞΟΔΑ ΚΑΤΑ ΕΙΔΟΣ / ΑΜΟΙΒΕΣ ΚΑΙ ΕΞΟΔΑ ΤΡΙΤΩΝ / Αμοιβές και έξοδα ελευθέρων επαγγελματιών υποκείμενες σε παρα- κράτηση φόρου εισοδήματος,missing_root_type
,Αμοιβές και έξοδα δικηγόρων,,unspecified,,0,,ΟΡΓΑΝΙΚΑ ΈΞΟΔΑ ΚΑΤΑ ΕΙΔΟΣ / ΑΜΟΙΒΕΣ ΚΑΙ ΕΞΟΔΑ ΤΡΙΤΩΝ / Αμοιβές και έξοδα ελευθέρων επαγγελματιών υποκείμενες σε παρα- κράτηση φόρου εισοδήματος,,,,ΟΡΓΑΝΙΚΑ ΈΞΟΔΑ ΚΑΤΑ ΕΙΔΟΣ / ΑΜΟΙΒΕΣ ΚΑΙ ΕΞΟΔΑ ΤΡΙΤΩΝ / Αμοιβές και έξοδα ελευθέρων επαγγελματιών υποκείμενες σε παρα- κράτηση φόρου εισοδήματος / Αμοιβές και έξοδα δικηγόρων,missing_root_type
,Αμοιβές και έξοδα ελεγκτών,,unspecified,,0,,ΟΡΓΑΝΙΚΑ ΈΞΟΔΑ ΚΑΤΑ ΕΙΔΟΣ / ΑΜΟΙΒΕΣ ΚΑΙ ΕΞΟΔΑ ΤΡΙΤΩΝ / Αμοιβές και έξοδα ελευθέρων επαγγελματιών υποκείμενες σε παρα- κράτηση φόρου εισοδήματος,,,,ΟΡΓΑΝΙΚΑ ΈΞΟΔΑ ΚΑΤΑ ΕΙΔΟΣ / ΑΜΟΙΒΕΣ ΚΑΙ ΕΞΟΔΑ ΤΡΙΤΩΝ / Αμοιβές και έξοδα ελευθέρων επαγγελματιών υποκείμενες σε παρα- κράτηση φόρου εισοδήματος / Αμοιβές και έξοδα ελεγκτών,missing_root_type
,Αμοιβές και έξοδα ιατρών,,unspecified,,0,,ΟΡΓΑΝΙΚΑ ΈΞΟΔΑ ΚΑΤΑ ΕΙΔΟΣ / ΑΜΟΙΒΕΣ ΚΑΙ ΕΞΟΔΑ ΤΡΙΤΩΝ / Αμοιβές και έξοδα ελευθέρων επαγγελματιών υποκείμενες σε παρα- κράτηση φόρου εισοδήματος,,,,ΟΡΓΑΝΙΚΑ ΈΞΟΔΑ ΚΑΤΑ ΕΙΔΟΣ / ΑΜΟΙΒΕΣ ΚΑΙ ΕΞΟΔΑ ΤΡΙΤΩΝ / Αμοιβές και έξοδα ελευθέρων επαγγελματιών υποκείμενες σε παρα- κράτηση φόρου εισοδήματος / Αμοιβές και έξοδα ιατρών,missing_root_type
,Αμοιβές και έξοδα λογιστών,,unspecified,,0,,ΟΡΓΑΝΙΚΑ ΈΞΟΔΑ ΚΑΤΑ ΕΙΔΟΣ / ΑΜΟΙΒΕΣ ΚΑΙ ΕΞΟΔΑ ΤΡΙΤΩΝ / Αμοιβές και έξοδα ελευθέρων επαγγελματιών υποκείμενες σε παρα- κράτηση φόρου εισοδήματος,,,,ΟΡΓΑΝΙΚΑ ΈΞΟΔΑ ΚΑΤΑ ΕΙΔΟΣ / ΑΜΟΙΒΕΣ ΚΑΙ ΕΞΟΔΑ ΤΡΙΤΩΝ / Αμοιβές και έξοδα ελευθέρων επαγγελματιών υποκείμενες σε παρα- κράτηση φόρου εισοδήματος / Αμοιβές και έξοδα λογιστών,missing_root_type
,Αμοιβές και έξοδα λοιπών ελευθέρων επαγγελματιών,,unspecified,,0,,ΟΡΓΑΝΙΚΑ ΈΞΟΔΑ ΚΑΤΑ ΕΙΔΟΣ / ΑΜΟΙΒΕΣ ΚΑΙ ΕΞΟΔΑ ΤΡΙΤΩΝ / Αμοιβές και έξοδα ελευθέρων επαγγελματιών υποκείμενες σε παρα- κράτηση φόρου εισοδήματος,,,,ΟΡΓΑΝΙΚΑ ΈΞΟΔΑ ΚΑΤΑ ΕΙΔΟΣ / ΑΜΟΙΒΕΣ ΚΑΙ ΕΞΟΔΑ ΤΡΙΤΩΝ / Αμοιβές και έξοδα ελευθέρων επαγγελματιών υποκείμενες σε παρα- κράτηση φόρου εισοδήματος / Αμοιβές και έξοδα λοιπών ελευθέρων επαγγελματιών,missing_root_type
,Αμοιβές και έξοδα οργανωτών - μελετών - ερευνητών,,unspecified,,0,,ΟΡΓΑΝΙΚΑ ΈΞΟΔΑ ΚΑΤΑ ΕΙΔΟΣ / ΑΜΟΙΒΕΣ ΚΑΙ ΕΞΟΔΑ ΤΡΙΤΩΝ / Αμοιβές και έξοδα ελευθέρων επαγγελματιών υποκείμενες σε παρα- κράτηση φόρου εισοδήματος,,,,ΟΡΓΑΝΙΚΑ ΈΞΟΔΑ ΚΑΤΑ ΕΙΔΟΣ / ΑΜΟΙΒΕΣ ΚΑΙ ΕΞΟΔΑ ΤΡΙΤΩΝ / Αμοιβές και έξοδα ελευθέρων επαγγελματιών υποκείμενες σε παρα- κράτηση φόρου εισοδήματος / Αμοιβές και έξοδα οργανωτών - μελετών - ερευνητών,missing_root_type
,Αμοιβές και έξοδα συμβολαιογράφων,,unspecified,,0,,ΟΡΓΑΝΙΚΑ ΈΞΟΔΑ ΚΑΤΑ ΕΙΔΟΣ / ΑΜΟΙΒΕΣ ΚΑΙ ΕΞΟΔΑ ΤΡΙΤΩΝ / Αμοιβές και έξοδα ελευθέρων επαγγελματιών υποκείμενες σε παρα- κράτηση φόρου εισοδήματος,,,,ΟΡΓΑΝΙΚΑ ΈΞΟΔΑ ΚΑΤΑ ΕΙΔΟΣ / ΑΜΟΙΒΕΣ ΚΑΙ ΕΞΟΔΑ ΤΡΙΤΩΝ / Αμοιβές και έξοδα ελευθέρων επαγγελματιών υποκείμενες σε παρα- κράτηση φόρου εισοδήματος / Αμοιβές και έξοδα συμβολαιογράφων,missing_root_type
,Αμοιβές και έξοδα τεχνικών,,unspecified,,0,,ΟΡΓΑΝΙΚΑ ΈΞΟΔΑ ΚΑΤΑ ΕΙΔΟΣ / ΑΜΟΙΒΕΣ ΚΑΙ ΕΞΟΔΑ ΤΡΙΤΩΝ / Αμοιβές και έξοδα ελευθέρων επαγγελματιών υποκείμενες σε παρα- κράτηση φόρου εισοδήματος,,,,ΟΡΓΑΝΙΚΑ ΈΞΟΔΑ ΚΑΤΑ ΕΙΔΟΣ / ΑΜΟΙΒΕΣ ΚΑΙ ΕΞΟΔΑ ΤΡΙΤΩΝ / Αμοιβές και έξοδα ελευθέρων επαγγελματιών υποκείμενες σε παρα- κράτηση φόρου εισοδήματος / Αμοιβές και έξοδα τεχνικών,missing_root_type
,Αμοιβές και έξοδα μη ελεύθερων επαγγελματιών υποκείμενες σε παρακράτηση φόρου εισοδήματος,,group,,1,,ΟΡΓΑΝΙΚΑ ΈΞΟΔΑ ΚΑΤΑ ΕΙΔΟΣ / ΑΜΟΙΒΕΣ ΚΑΙ ΕΞΟΔΑ ΤΡΙΤΩΝ,,,,ΟΡΓΑΝΙΚΑ ΈΞΟΔΑ ΚΑΤΑ ΕΙΔΟΣ / ΑΜΟΙΒΕΣ ΚΑΙ ΕΞΟΔΑ ΤΡΙΤΩΝ / Αμοιβές και έξοδα μη ελεύθερων επαγγελματιών υποκείμενες σε παρακράτηση φόρου εισοδήματος,missing_root_type
,Αμοιβές και έξοδα διαφόρων τρίτων,,unspecified,,0,,ΟΡΓΑΝΙΚΑ ΈΞΟΔΑ ΚΑΤΑ ΕΙΔΟΣ / ΑΜΟΙΒΕΣ ΚΑΙ ΕΞΟΔΑ ΤΡΙΤΩΝ / Αμοιβές και έξοδα μη ελεύθερων επαγγελματιών υποκείμενες σε παρακράτηση φόρου εισοδήματος,,,,ΟΡΓΑΝΙΚΑ ΈΞΟΔΑ ΚΑΤΑ ΕΙΔΟΣ / ΑΜΟΙΒΕΣ ΚΑΙ ΕΞΟΔΑ ΤΡΙΤΩΝ / Αμοιβές και έξοδα μη ελεύθερων επαγγελματιών υποκείμενες σε παρακράτηση φόρου εισοδήματος / Αμοιβές και έξοδα διαφόρων τρίτων,missing_root_type
,Αμοιβές σε εταιρίες μελετών Τεχν. Έργων Εξωτερικού,,unspecified,,0,,ΟΡΓΑΝΙΚΑ ΈΞΟΔΑ ΚΑΤΑ ΕΙΔΟΣ / ΑΜΟΙΒΕΣ ΚΑΙ ΕΞΟΔΑ ΤΡΙΤΩΝ / Αμοιβές και έξοδα μη ελεύθερων επαγγελματιών υποκείμενες σε παρακράτηση φόρου εισοδήματος,,,,ΟΡΓΑΝΙΚΑ ΈΞΟΔΑ ΚΑΤΑ ΕΙΔΟΣ / ΑΜΟΙΒΕΣ ΚΑΙ ΕΞΟΔΑ ΤΡΙΤΩΝ / Αμοιβές και έξοδα μη ελεύθερων επαγγελματιών υποκείμενες σε παρακράτηση φόρου εισοδήματος / Αμοιβές σε εταιρίες μελετών Τεχν. Έργων Εξωτερικού,missing_root_type
,Αμοιβές συνεδριάσεων μελών διοικιτικού συμβουλίου,,unspecified,,0,,ΟΡΓΑΝΙΚΑ ΈΞΟΔΑ ΚΑΤΑ ΕΙΔΟΣ / ΑΜΟΙΒΕΣ ΚΑΙ ΕΞΟΔΑ ΤΡΙΤΩΝ / Αμοιβές και έξοδα μη ελεύθερων επαγγελματιών υποκείμενες σε παρακράτηση φόρου εισοδήματος,,,,ΟΡΓΑΝΙΚΑ ΈΞΟΔΑ ΚΑΤΑ ΕΙΔΟΣ / ΑΜΟΙΒΕΣ ΚΑΙ ΕΞΟΔΑ ΤΡΙΤΩΝ / Αμοιβές και έξοδα μη ελεύθερων επαγγελματιών υποκείμενες σε παρακράτηση φόρου εισοδήματος / Αμοιβές συνεδριάσεων μελών διοικιτικού συμβουλίου,missing_root_type
,Αμοιβές τρίτων με υποκείμενες σε παρακράτηση φόρων,,unspecified,,0,,ΟΡΓΑΝΙΚΑ ΈΞΟΔΑ ΚΑΤΑ ΕΙΔΟΣ / ΑΜΟΙΒΕΣ ΚΑΙ ΕΞΟΔΑ ΤΡΙΤΩΝ,,,,ΟΡΓΑΝΙΚΑ ΈΞΟΔΑ ΚΑΤΑ ΕΙΔΟΣ / ΑΜΟΙΒΕΣ ΚΑΙ ΕΞΟΔΑ ΤΡΙΤΩΝ / Αμοιβές τρίτων με υποκείμενες σε παρακράτηση φόρων,missing_root_type
,Αμοιβές υπερεργολάβων,,unspecified,,0,,ΟΡΓΑΝΙΚΑ ΈΞΟΔΑ ΚΑΤΑ ΕΙΔΟΣ / ΑΜΟΙΒΕΣ ΚΑΙ ΕΞΟΔΑ ΤΡΙΤΩΝ,,,,ΟΡΓΑΝΙΚΑ ΈΞΟΔΑ ΚΑΤΑ ΕΙΔΟΣ / ΑΜΟΙΒΕΣ ΚΑΙ ΕΞΟΔΑ ΤΡΙΤΩΝ / Αμοιβές υπερεργολάβων,missing_root_type
,Εισφορές υπέρ Ασφ. Οργανισμών για τεχνικά έργα,,group,,1,,ΟΡΓΑΝΙΚΑ ΈΞΟΔΑ ΚΑΤΑ ΕΙΔΟΣ / ΑΜΟΙΒΕΣ ΚΑΙ ΕΞΟΔΑ ΤΡΙΤΩΝ,,,,ΟΡΓΑΝΙΚΑ ΈΞΟΔΑ ΚΑΤΑ ΕΙΔΟΣ / ΑΜΟΙΒΕΣ ΚΑΙ ΕΞΟΔΑ ΤΡΙΤΩΝ / Εισφορές υπέρ Ασφ. Οργανισμών για τεχνικά έργα,missing_root_type
,Δωρόσημο οικοδομών υπεργολάβων,,unspecified,,0,,ΟΡΓΑΝΙΚΑ ΈΞΟΔΑ ΚΑΤΑ ΕΙΔΟΣ / ΑΜΟΙΒΕΣ ΚΑΙ ΕΞΟΔΑ ΤΡΙΤΩΝ / Εισφορές υπέρ Ασφ. Οργανισμών για τεχνικά έργα,,,,ΟΡΓΑΝΙΚΑ ΈΞΟΔΑ ΚΑΤΑ ΕΙΔΟΣ / ΑΜΟΙΒΕΣ ΚΑΙ ΕΞΟΔΑ ΤΡΙΤΩΝ / Εισφορές υπέρ Ασφ. Οργανισμών για τεχνικά έργα / Δωρόσημο οικοδομών υπεργολάβων,missing_root_type
,Εισφορές ΙΚΑ προσωπικού υπερεργολάβων εκτελέσεως εργασιών τεχνικών έργων,,unspecified,,0,,ΟΡΓΑΝΙΚΑ ΈΞΟΔΑ ΚΑΤΑ ΕΙΔΟΣ / ΑΜΟΙΒΕΣ ΚΑΙ ΕΞΟΔΑ ΤΡΙΤΩΝ / Εισφορές υπέρ Ασφ. Οργανισμών για τεχνικά έργα,,,,ΟΡΓΑΝΙΚΑ ΈΞΟΔΑ ΚΑΤΑ ΕΙΔΟΣ / ΑΜΟΙΒΕΣ ΚΑΙ ΕΞΟΔΑ ΤΡΙΤΩΝ / Εισφορές υπέρ Ασφ. Οργανισμών για τεχνικά έργα / Εισφορές ΙΚΑ προσωπικού υπερεργολάβων εκτελέσεως εργασιών τεχνικών έργων,missing_root_type
,Κρατήσεις - Εισφορές υπέρ ΜΤΠΥ,,unspecified,,0,,ΟΡΓΑΝΙΚΑ ΈΞΟΔΑ ΚΑΤΑ ΕΙΔΟΣ / ΑΜΟΙΒΕΣ ΚΑΙ ΕΞΟΔΑ ΤΡΙΤΩΝ / Εισφορές υπέρ Ασφ. Οργανισμών για τεχνικά έργα,,,,ΟΡΓΑΝΙΚΑ ΈΞΟΔΑ ΚΑΤΑ ΕΙΔΟΣ / ΑΜΟΙΒΕΣ ΚΑΙ ΕΞΟΔΑ ΤΡΙΤΩΝ / Εισφορές υπέρ Ασφ. Οργανισμών για τεχνικά έργα / Κρατήσεις - Εισφορές υπέρ ΜΤΠΥ,missing_root_type
,Κρατήσεις - Εισφορές υπέρ ΤΠΕΔΕ,,unspecified,,0,,ΟΡΓΑΝΙΚΑ ΈΞΟΔΑ ΚΑΤΑ ΕΙΔΟΣ / ΑΜΟΙΒΕΣ ΚΑΙ ΕΞΟΔΑ ΤΡΙΤΩΝ / Εισφορές υπέρ Ασφ. Οργανισμών για τεχνικά έργα,,,,ΟΡΓΑΝΙΚΑ ΈΞΟΔΑ ΚΑΤΑ ΕΙΔΟΣ / ΑΜΟΙΒΕΣ ΚΑΙ ΕΞΟΔΑ ΤΡΙΤΩΝ / Εισφορές υπέρ Ασφ. Οργανισμών για τεχνικά έργα / Κρατήσεις - Εισφορές υπέρ ΤΠΕΔΕ,missing_root_type
,Κρατήσεις - Εισφορές υπέρ ΤΣΜΕΔΕ,,unspecified,,0,,ΟΡΓΑΝΙΚΑ ΈΞΟΔΑ ΚΑΤΑ ΕΙΔΟΣ / ΑΜΟΙΒΕΣ ΚΑΙ ΕΞΟΔΑ ΤΡΙΤΩΝ / Εισφορές υπέρ Ασφ. Οργανισμών για τεχνικά έργα,,,,ΟΡΓΑΝΙΚΑ ΈΞΟΔΑ ΚΑΤΑ ΕΙΔΟΣ / ΑΜΟΙΒΕΣ ΚΑΙ ΕΞΟΔΑ ΤΡΙΤΩΝ / Εισφορές υπέρ Ασφ. Οργανισμών για τεχνικά έργα / Κρατήσεις - Εισφορές υπέρ ΤΣΜΕΔΕ,missing_root_type
,Εισφορές υπέρ τρίτων για ελεύθερους επαγγελματίες,,group,,1,,ΟΡΓΑΝΙΚΑ ΈΞΟΔΑ ΚΑΤΑ ΕΙΔΟΣ / ΑΜΟΙΒΕΣ ΚΑΙ ΕΞΟΔΑ ΤΡΙΤΩΝ,,,,ΟΡΓΑΝΙΚΑ ΈΞΟΔΑ ΚΑΤΑ ΕΙΔΟΣ / ΑΜΟΙΒΕΣ ΚΑΙ ΕΞΟΔΑ ΤΡΙΤΩΝ / Εισφορές υπέρ τρίτων για ελεύθερους επαγγελματίες,missing_root_type
,Εισφορές ΤΣΑΥ Εμμίσθων ιατρών,,unspecified,,0,,ΟΡΓΑΝΙΚΑ ΈΞΟΔΑ ΚΑΤΑ ΕΙΔΟΣ / ΑΜΟΙΒΕΣ ΚΑΙ ΕΞΟΔΑ ΤΡΙΤΩΝ / Εισφορές υπέρ τρίτων για ελεύθερους επαγγελματίες,,,,ΟΡΓΑΝΙΚΑ ΈΞΟΔΑ ΚΑΤΑ ΕΙΔΟΣ / ΑΜΟΙΒΕΣ ΚΑΙ ΕΞΟΔΑ ΤΡΙΤΩΝ / Εισφορές υπέρ τρίτων για ελεύθερους επαγγελματίες / Εισφορές ΤΣΑΥ Εμμίσθων ιατρών,missing_root_type
,Εισφορές Ταμείου Νομικών Εμμίσθων ιατρών,,unspecified,,0,,ΟΡΓΑΝΙΚΑ ΈΞΟΔΑ ΚΑΤΑ ΕΙΔΟΣ / ΑΜΟΙΒΕΣ ΚΑΙ ΕΞΟΔΑ ΤΡΙΤΩΝ / Εισφορές υπέρ τρίτων για ελεύθερους επαγγελματίες,,,,ΟΡΓΑΝΙΚΑ ΈΞΟΔΑ ΚΑΤΑ ΕΙΔΟΣ / ΑΜΟΙΒΕΣ ΚΑΙ ΕΞΟΔΑ ΤΡΙΤΩΝ / Εισφορές υπέρ τρίτων για ελεύθερους επαγγελματίες / Εισφορές Ταμείου Νομικών Εμμίσθων ιατρών,missing_root_type
,Επεξεργασίες από τρίτους,,group,,1,,ΟΡΓΑΝΙΚΑ ΈΞΟΔΑ ΚΑΤΑ ΕΙΔΟΣ / ΑΜΟΙΒΕΣ ΚΑΙ ΕΞΟΔΑ ΤΡΙΤΩΝ,,,,ΟΡΓΑΝΙΚΑ ΈΞΟΔΑ ΚΑΤΑ ΕΙΔΟΣ / ΑΜΟΙΒΕΣ ΚΑΙ ΕΞΟΔΑ ΤΡΙΤΩΝ / Επεξεργασίες από τρίτους,missing_root_type
,Aμοιβές μηχανογραφικής επεξεργασίας (SERVICE),,unspecified,,0,,ΟΡΓΑΝΙΚΑ ΈΞΟΔΑ ΚΑΤΑ ΕΙΔΟΣ / ΑΜΟΙΒΕΣ ΚΑΙ ΕΞΟΔΑ ΤΡΙΤΩΝ / Επεξεργασίες από τρίτους,,,,ΟΡΓΑΝΙΚΑ ΈΞΟΔΑ ΚΑΤΑ ΕΙΔΟΣ / ΑΜΟΙΒΕΣ ΚΑΙ ΕΞΟΔΑ ΤΡΙΤΩΝ / Επεξεργασίες από τρίτους / Aμοιβές μηχανογραφικής επεξεργασίας (SERVICE),missing_root_type
,Επεξεργασίες (FACON),,unspecified,,0,,ΟΡΓΑΝΙΚΑ ΈΞΟΔΑ ΚΑΤΑ ΕΙΔΟΣ / ΑΜΟΙΒΕΣ ΚΑΙ ΕΞΟΔΑ ΤΡΙΤΩΝ / Επεξεργασίες από τρίτους,,,,ΟΡΓΑΝΙΚΑ ΈΞΟΔΑ ΚΑΤΑ ΕΙΔΟΣ / ΑΜΟΙΒΕΣ ΚΑΙ ΕΞΟΔΑ ΤΡΙΤΩΝ / Επεξεργασίες από τρίτους / Επεξεργασίες (FACON),missing_root_type
,Λοιπές αμοιβές τρίτων,,group,,1,,ΟΡΓΑΝΙΚΑ ΈΞΟΔΑ ΚΑΤΑ ΕΙΔΟΣ / ΑΜΟΙΒΕΣ ΚΑΙ ΕΞΟΔΑ ΤΡΙΤΩΝ,,,,ΟΡΓΑΝΙΚΑ ΈΞΟΔΑ ΚΑΤΑ ΕΙΔΟΣ / ΑΜΟΙΒΕΣ ΚΑΙ ΕΞΟΔΑ ΤΡΙΤΩΝ / Λοιπές αμοιβές τρίτων,missing_root_type
,Αποζημιώσεις για φθορά ειδών συσκευασίας προμηθευτών,,unspecified,,0,,ΟΡΓΑΝΙΚΑ ΈΞΟΔΑ ΚΑΤΑ ΕΙΔΟΣ / ΑΜΟΙΒΕΣ ΚΑΙ ΕΞΟΔΑ ΤΡΙΤΩΝ / Λοιπές αμοιβές τρίτων,,,,ΟΡΓΑΝΙΚΑ ΈΞΟΔΑ ΚΑΤΑ ΕΙΔΟΣ / ΑΜΟΙΒΕΣ ΚΑΙ ΕΞΟΔΑ ΤΡΙΤΩΝ / Λοιπές αμοιβές τρίτων / Αποζημιώσεις για φθορά ειδών συσκευασίας προμηθευτών,missing_root_type
,Χρήσεις δικαιωμάτων,,unspecified,,0,,ΟΡΓΑΝΙΚΑ ΈΞΟΔΑ ΚΑΤΑ ΕΙΔΟΣ / ΑΜΟΙΒΕΣ ΚΑΙ ΕΞΟΔΑ ΤΡΙΤΩΝ / Λοιπές αμοιβές τρίτων,,,,ΟΡΓΑΝΙΚΑ ΈΞΟΔΑ ΚΑΤΑ ΕΙΔΟΣ / ΑΜΟΙΒΕΣ ΚΑΙ ΕΞΟΔΑ ΤΡΙΤΩΝ / Λοιπές αμοιβές τρίτων / Χρήσεις δικαιωμάτων,missing_root_type
,Λοιπές προμήθειες τρίτων,,group,,1,,ΟΡΓΑΝΙΚΑ ΈΞΟΔΑ ΚΑΤΑ ΕΙΔΟΣ / ΑΜΟΙΒΕΣ ΚΑΙ ΕΞΟΔΑ ΤΡΙΤΩΝ,,,,ΟΡΓΑΝΙΚΑ ΈΞΟΔΑ ΚΑΤΑ ΕΙΔΟΣ / ΑΜΟΙΒΕΣ ΚΑΙ ΕΞΟΔΑ ΤΡΙΤΩΝ / Λοιπές προμήθειες τρίτων,missing_root_type
,Μεσιτείες,,unspecified,,0,,ΟΡΓΑΝΙΚΑ ΈΞΟΔΑ ΚΑΤΑ ΕΙΔΟΣ / ΑΜΟΙΒΕΣ ΚΑΙ ΕΞΟΔΑ ΤΡΙΤΩΝ / Λοιπές προμήθειες τρίτων,,,,ΟΡΓΑΝΙΚΑ ΈΞΟΔΑ ΚΑΤΑ ΕΙΔΟΣ / ΑΜΟΙΒΕΣ ΚΑΙ ΕΞΟΔΑ ΤΡΙΤΩΝ / Λοιπές προμήθειες τρίτων / Μεσιτείες,missing_root_type
,Προμήθειες για αγορές,,unspecified,,0,,ΟΡΓΑΝΙΚΑ ΈΞΟΔΑ ΚΑΤΑ ΕΙΔΟΣ / ΑΜΟΙΒΕΣ ΚΑΙ ΕΞΟΔΑ ΤΡΙΤΩΝ / Λοιπές προμήθειες τρίτων,,,,ΟΡΓΑΝΙΚΑ ΈΞΟΔΑ ΚΑΤΑ ΕΙΔΟΣ / ΑΜΟΙΒΕΣ ΚΑΙ ΕΞΟΔΑ ΤΡΙΤΩΝ / Λοιπές προμήθειες τρίτων / Προμήθειες για αγορές,missing_root_type
,Προμήθειες για πωλήσης,,unspecified,,0,,ΟΡΓΑΝΙΚΑ ΈΞΟΔΑ ΚΑΤΑ ΕΙΔΟΣ / ΑΜΟΙΒΕΣ ΚΑΙ ΕΞΟΔΑ ΤΡΙΤΩΝ / Λοιπές προμήθειες τρίτων,,,,ΟΡΓΑΝΙΚΑ ΈΞΟΔΑ ΚΑΤΑ ΕΙΔΟΣ / ΑΜΟΙΒΕΣ ΚΑΙ ΕΞΟΔΑ ΤΡΙΤΩΝ / Λοιπές προμήθειες τρίτων / Προμήθειες για πωλήσης,missing_root_type
,Προμήθειες είσπραξης τιμολογίων και φορτωτικών εγγράφων,,unspecified,,0,,ΟΡΓΑΝΙΚΑ ΈΞΟΔΑ ΚΑΤΑ ΕΙΔΟΣ / ΑΜΟΙΒΕΣ ΚΑΙ ΕΞΟΔΑ ΤΡΙΤΩΝ / Λοιπές προμήθειες τρίτων,,,,ΟΡΓΑΝΙΚΑ ΈΞΟΔΑ ΚΑΤΑ ΕΙΔΟΣ / ΑΜΟΙΒΕΣ ΚΑΙ ΕΞΟΔΑ ΤΡΙΤΩΝ / Λοιπές προμήθειες τρίτων / Προμήθειες είσπραξης τιμολογίων και φορτωτικών εγγράφων,missing_root_type
,Πνευματικά και καλλιτεχνικά δικαιώματα τρίτων επί πωλήσεων,,unspecified,,0,,ΟΡΓΑΝΙΚΑ ΈΞΟΔΑ ΚΑΤΑ ΕΙΔΟΣ / ΑΜΟΙΒΕΣ ΚΑΙ ΕΞΟΔΑ ΤΡΙΤΩΝ,,,,ΟΡΓΑΝΙΚΑ ΈΞΟΔΑ ΚΑΤΑ ΕΙΔΟΣ / ΑΜΟΙΒΕΣ ΚΑΙ ΕΞΟΔΑ ΤΡΙΤΩΝ / Πνευματικά και καλλιτεχνικά δικαιώματα τρίτων επί πωλήσεων,missing_root_type
,Προϋπολογισμένες αμοιβές και έξοδα τρίτων (Λ/58.01),,unspecified,,0,,ΟΡΓΑΝΙΚΑ ΈΞΟΔΑ ΚΑΤΑ ΕΙΔΟΣ / ΑΜΟΙΒΕΣ ΚΑΙ ΕΞΟΔΑ ΤΡΙΤΩΝ,,,,ΟΡΓΑΝΙΚΑ ΈΞΟΔΑ ΚΑΤΑ ΕΙΔΟΣ / ΑΜΟΙΒΕΣ ΚΑΙ ΕΞΟΔΑ ΤΡΙΤΩΝ / Προϋπολογισμένες αμοιβές και έξοδα τρίτων (Λ/58.01),missing_root_type
,ΑΠΟΣΒΕΣΕΙΣ ΠΑΓΕΙΩΝ ΣΤΟΙΧΕΙΩΝ ΕΝΣΩΜΑΤΩΜΕΝΕΣ ΣΤΟ ΛΕΙΤΟΥΡΓΙΚΟ ΚΟΣΤΟΣ,,group,,1,,ΟΡΓΑΝΙΚΑ ΈΞΟΔΑ ΚΑΤΑ ΕΙΔΟΣ,,,,ΟΡΓΑΝΙΚΑ ΈΞΟΔΑ ΚΑΤΑ ΕΙΔΟΣ / ΑΠΟΣΒΕΣΕΙΣ ΠΑΓΕΙΩΝ ΣΤΟΙΧΕΙΩΝ ΕΝΣΩΜΑΤΩΜΕΝΕΣ ΣΤΟ ΛΕΙΤΟΥΡΓΙΚΟ ΚΟΣΤΟΣ,missing_root_type
,Αποσβέσεις ασώματων ακινητοποιήσεων και εξόδων πολυετούς απόσβεσης,,group,,1,,ΟΡΓΑΝΙΚΑ ΈΞΟΔΑ ΚΑΤΑ ΕΙΔΟΣ / ΑΠΟΣΒΕΣΕΙΣ ΠΑΓΕΙΩΝ ΣΤΟΙΧΕΙΩΝ ΕΝΣΩΜΑΤΩΜΕΝΕΣ ΣΤΟ ΛΕΙΤΟΥΡΓΙΚΟ ΚΟΣΤΟΣ,,,,ΟΡΓΑΝΙΚΑ ΈΞΟΔΑ ΚΑΤΑ ΕΙΔΟΣ / ΑΠΟΣΒΕΣΕΙΣ ΠΑΓΕΙΩΝ ΣΤΟΙΧΕΙΩΝ ΕΝΣΩΜΑΤΩΜΕΝΕΣ ΣΤΟ ΛΕΙΤΟΥΡΓΙΚΟ ΚΟΣΤΟΣ / Αποσβέσεις ασώματων ακινητοποιήσεων και εξόδων πολυετούς απόσβεσης,missing_root_type
,Αποσβέσεις διαφορών έκδοσης και εξόφλησης ομολογιών,,unspecified,,0,,ΟΡΓΑΝΙΚΑ ΈΞΟΔΑ ΚΑΤΑ ΕΙΔΟΣ / ΑΠΟΣΒΕΣΕΙΣ ΠΑΓΕΙΩΝ ΣΤΟΙΧΕΙΩΝ ΕΝΣΩΜΑΤΩΜΕΝΕΣ ΣΤΟ ΛΕΙΤΟΥΡΓΙΚΟ ΚΟΣΤΟΣ / Αποσβέσεις ασώματων ακινητοποιήσεων και εξόδων πολυετούς απόσβεσης,,,,ΟΡΓΑΝΙΚΑ ΈΞΟΔΑ ΚΑΤΑ ΕΙΔΟΣ / ΑΠΟΣΒΕΣΕΙΣ ΠΑΓΕΙΩΝ ΣΤΟΙΧΕΙΩΝ ΕΝΣΩΜΑΤΩΜΕΝΕΣ ΣΤΟ ΛΕΙΤΟΥΡΓΙΚΟ ΚΟΣΤΟΣ / Αποσβέσεις ασώματων ακινητοποιήσεων και εξόδων πολυετούς απόσβεσης / Αποσβέσεις διαφορών έκδοσης και εξόφλησης ομολογιών,missing_root_type
,Αποσβέσεις δικαιωμάτων βιομηχανικής ιδιοκτησίας,,unspecified,,0,,ΟΡΓΑΝΙΚΑ ΈΞΟΔΑ ΚΑΤΑ ΕΙΔΟΣ / ΑΠΟΣΒΕΣΕΙΣ ΠΑΓΕΙΩΝ ΣΤΟΙΧΕΙΩΝ ΕΝΣΩΜΑΤΩΜΕΝΕΣ ΣΤΟ ΛΕΙΤΟΥΡΓΙΚΟ ΚΟΣΤΟΣ / Αποσβέσεις ασώματων ακινητοποιήσεων και εξόδων πολυετούς απόσβεσης,,,,ΟΡΓΑΝΙΚΑ ΈΞΟΔΑ ΚΑΤΑ ΕΙΔΟΣ / ΑΠΟΣΒΕΣΕΙΣ ΠΑΓΕΙΩΝ ΣΤΟΙΧΕΙΩΝ ΕΝΣΩΜΑΤΩΜΕΝΕΣ ΣΤΟ ΛΕΙΤΟΥΡΓΙΚΟ ΚΟΣΤΟΣ / Αποσβέσεις ασώματων ακινητοποιήσεων και εξόδων πολυετούς απόσβεσης / Αποσβέσεις δικαιωμάτων βιομηχανικής ιδιοκτησίας,missing_root_type
,Αποσβέσεις δικαιωμάτων εκμετ/σης ορυχείων - μεταλλείων - λατομείων,,unspecified,,0,,ΟΡΓΑΝΙΚΑ ΈΞΟΔΑ ΚΑΤΑ ΕΙΔΟΣ / ΑΠΟΣΒΕΣΕΙΣ ΠΑΓΕΙΩΝ ΣΤΟΙΧΕΙΩΝ ΕΝΣΩΜΑΤΩΜΕΝΕΣ ΣΤΟ ΛΕΙΤΟΥΡΓΙΚΟ ΚΟΣΤΟΣ / Αποσβέσεις ασώματων ακινητοποιήσεων και εξόδων πολυετούς απόσβεσης,,,,ΟΡΓΑΝΙΚΑ ΈΞΟΔΑ ΚΑΤΑ ΕΙΔΟΣ / ΑΠΟΣΒΕΣΕΙΣ ΠΑΓΕΙΩΝ ΣΤΟΙΧΕΙΩΝ ΕΝΣΩΜΑΤΩΜΕΝΕΣ ΣΤΟ ΛΕΙΤΟΥΡΓΙΚΟ ΚΟΣΤΟΣ / Αποσβέσεις ασώματων ακινητοποιήσεων και εξόδων πολυετούς απόσβεσης / Αποσβέσεις δικαιωμάτων εκμετ/σης ορυχείων - μεταλλείων - λατομείων,missing_root_type
,Αποσβέσεις δικαιωμάτων χρήσης ενσώματων παγίων στοιχείων,,unspecified,,0,,ΟΡΓΑΝΙΚΑ ΈΞΟΔΑ ΚΑΤΑ ΕΙΔΟΣ / ΑΠΟΣΒΕΣΕΙΣ ΠΑΓΕΙΩΝ ΣΤΟΙΧΕΙΩΝ ΕΝΣΩΜΑΤΩΜΕΝΕΣ ΣΤΟ ΛΕΙΤΟΥΡΓΙΚΟ ΚΟΣΤΟΣ / Αποσβέσεις ασώματων ακινητοποιήσεων και εξόδων πολυετούς απόσβεσης,,,,ΟΡΓΑΝΙΚΑ ΈΞΟΔΑ ΚΑΤΑ ΕΙΔΟΣ / ΑΠΟΣΒΕΣΕΙΣ ΠΑΓΕΙΩΝ ΣΤΟΙΧΕΙΩΝ ΕΝΣΩΜΑΤΩΜΕΝΕΣ ΣΤΟ ΛΕΙΤΟΥΡΓΙΚΟ ΚΟΣΤΟΣ / Αποσβέσεις ασώματων ακινητοποιήσεων και εξόδων πολυετούς απόσβεσης / Αποσβέσεις δικαιωμάτων χρήσης ενσώματων παγίων στοιχείων,missing_root_type
,Αποσβέσεις εξόδων ίδρυσης και α' εγκατάστασης,,unspecified,,0,,ΟΡΓΑΝΙΚΑ ΈΞΟΔΑ ΚΑΤΑ ΕΙΔΟΣ / ΑΠΟΣΒΕΣΕΙΣ ΠΑΓΕΙΩΝ ΣΤΟΙΧΕΙΩΝ ΕΝΣΩΜΑΤΩΜΕΝΕΣ ΣΤΟ ΛΕΙΤΟΥΡΓΙΚΟ ΚΟΣΤΟΣ / Αποσβέσεις ασώματων ακινητοποιήσεων και εξόδων πολυετούς απόσβεσης,,,,ΟΡΓΑΝΙΚΑ ΈΞΟΔΑ ΚΑΤΑ ΕΙΔΟΣ / ΑΠΟΣΒΕΣΕΙΣ ΠΑΓΕΙΩΝ ΣΤΟΙΧΕΙΩΝ ΕΝΣΩΜΑΤΩΜΕΝΕΣ ΣΤΟ ΛΕΙΤΟΥΡΓΙΚΟ ΚΟΣΤΟΣ / Αποσβέσεις ασώματων ακινητοποιήσεων και εξόδων πολυετούς απόσβεσης / Αποσβέσεις εξόδων ίδρυσης και α' εγκατάστασης,missing_root_type
,Αποσβέσεις εξόδων αύξησης κεφαλαίου και έκδοσης ομολογιακών δανείων,,unspecified,,0,,ΟΡΓΑΝΙΚΑ ΈΞΟΔΑ ΚΑΤΑ ΕΙΔΟΣ / ΑΠΟΣΒΕΣΕΙΣ ΠΑΓΕΙΩΝ ΣΤΟΙΧΕΙΩΝ ΕΝΣΩΜΑΤΩΜΕΝΕΣ ΣΤΟ ΛΕΙΤΟΥΡΓΙΚΟ ΚΟΣΤΟΣ / Αποσβέσεις ασώματων ακινητοποιήσεων και εξόδων πολυετούς απόσβεσης,,,,ΟΡΓΑΝΙΚΑ ΈΞΟΔΑ ΚΑΤΑ ΕΙΔΟΣ / ΑΠΟΣΒΕΣΕΙΣ ΠΑΓΕΙΩΝ ΣΤΟΙΧΕΙΩΝ ΕΝΣΩΜΑΤΩΜΕΝΕΣ ΣΤΟ ΛΕΙΤΟΥΡΓΙΚΟ ΚΟΣΤΟΣ / Αποσβέσεις ασώματων ακινητοποιήσεων και εξόδων πολυετούς απόσβεσης / Αποσβέσεις εξόδων αύξησης κεφαλαίου και έκδοσης ομολογιακών δανείων,missing_root_type
,Αποσβέσεις εξόδων ερευνών ορυχείων - μεταλλείων - λατομείων,,unspecified,,0,,ΟΡΓΑΝΙΚΑ ΈΞΟΔΑ ΚΑΤΑ ΕΙΔΟΣ / ΑΠΟΣΒΕΣΕΙΣ ΠΑΓΕΙΩΝ ΣΤΟΙΧΕΙΩΝ ΕΝΣΩΜΑΤΩΜΕΝΕΣ ΣΤΟ ΛΕΙΤΟΥΡΓΙΚΟ ΚΟΣΤΟΣ / Αποσβέσεις ασώματων ακινητοποιήσεων και εξόδων πολυετούς απόσβεσης,,,,ΟΡΓΑΝΙΚΑ ΈΞΟΔΑ ΚΑΤΑ ΕΙΔΟΣ / ΑΠΟΣΒΕΣΕΙΣ ΠΑΓΕΙΩΝ ΣΤΟΙΧΕΙΩΝ ΕΝΣΩΜΑΤΩΜΕΝΕΣ ΣΤΟ ΛΕΙΤΟΥΡΓΙΚΟ ΚΟΣΤΟΣ / Αποσβέσεις ασώματων ακινητοποιήσεων και εξόδων πολυετούς απόσβεσης / Αποσβέσεις εξόδων ερευνών ορυχείων - μεταλλείων - λατομείων,missing_root_type
,Αποσβέσεις εξόδων κτήσης ακινητοποίσεων,,unspecified,,0,,ΟΡΓΑΝΙΚΑ ΈΞΟΔΑ ΚΑΤΑ ΕΙΔΟΣ / ΑΠΟΣΒΕΣΕΙΣ ΠΑΓΕΙΩΝ ΣΤΟΙΧΕΙΩΝ ΕΝΣΩΜΑΤΩΜΕΝΕΣ ΣΤΟ ΛΕΙΤΟΥΡΓΙΚΟ ΚΟΣΤΟΣ / Αποσβέσεις ασώματων ακινητοποιήσεων και εξόδων πολυετούς απόσβεσης,,,,ΟΡΓΑΝΙΚΑ ΈΞΟΔΑ ΚΑΤΑ ΕΙΔΟΣ / ΑΠΟΣΒΕΣΕΙΣ ΠΑΓΕΙΩΝ ΣΤΟΙΧΕΙΩΝ ΕΝΣΩΜΑΤΩΜΕΝΕΣ ΣΤΟ ΛΕΙΤΟΥΡΓΙΚΟ ΚΟΣΤΟΣ / Αποσβέσεις ασώματων ακινητοποιήσεων και εξόδων πολυετούς απόσβεσης / Αποσβέσεις εξόδων κτήσης ακινητοποίσεων,missing_root_type
,Αποσβέσεις εξόδων λοιπών ερευνών,,unspecified,,0,,ΟΡΓΑΝΙΚΑ ΈΞΟΔΑ ΚΑΤΑ ΕΙΔΟΣ / ΑΠΟΣΒΕΣΕΙΣ ΠΑΓΕΙΩΝ ΣΤΟΙΧΕΙΩΝ ΕΝΣΩΜΑΤΩΜΕΝΕΣ ΣΤΟ ΛΕΙΤΟΥΡΓΙΚΟ ΚΟΣΤΟΣ / Αποσβέσεις ασώματων ακινητοποιήσεων και εξόδων πολυετούς απόσβεσης,,,,ΟΡΓΑΝΙΚΑ ΈΞΟΔΑ ΚΑΤΑ ΕΙΔΟΣ / ΑΠΟΣΒΕΣΕΙΣ ΠΑΓΕΙΩΝ ΣΤΟΙΧΕΙΩΝ ΕΝΣΩΜΑΤΩΜΕΝΕΣ ΣΤΟ ΛΕΙΤΟΥΡΓΙΚΟ ΚΟΣΤΟΣ / Αποσβέσεις ασώματων ακινητοποιήσεων και εξόδων πολυετούς απόσβεσης / Αποσβέσεις εξόδων λοιπών ερευνών,missing_root_type
,Αποσβέσεις λοιπών δικαιωμάτων,,unspecified,,0,,ΟΡΓΑΝΙΚΑ ΈΞΟΔΑ ΚΑΤΑ ΕΙΔΟΣ / ΑΠΟΣΒΕΣΕΙΣ ΠΑΓΕΙΩΝ ΣΤΟΙΧΕΙΩΝ ΕΝΣΩΜΑΤΩΜΕΝΕΣ ΣΤΟ ΛΕΙΤΟΥΡΓΙΚΟ ΚΟΣΤΟΣ / Αποσβέσεις ασώματων ακινητοποιήσεων και εξόδων πολυετούς απόσβεσης,,,,ΟΡΓΑΝΙΚΑ ΈΞΟΔΑ ΚΑΤΑ ΕΙΔΟΣ / ΑΠΟΣΒΕΣΕΙΣ ΠΑΓΕΙΩΝ ΣΤΟΙΧΕΙΩΝ ΕΝΣΩΜΑΤΩΜΕΝΕΣ ΣΤΟ ΛΕΙΤΟΥΡΓΙΚΟ ΚΟΣΤΟΣ / Αποσβέσεις ασώματων ακινητοποιήσεων και εξόδων πολυετούς απόσβεσης / Αποσβέσεις λοιπών δικαιωμάτων,missing_root_type
,Αποσβέσεις λοιπών εξόδων πολυετούς απόσβεσης,,unspecified,,0,,ΟΡΓΑΝΙΚΑ ΈΞΟΔΑ ΚΑΤΑ ΕΙΔΟΣ / ΑΠΟΣΒΕΣΕΙΣ ΠΑΓΕΙΩΝ ΣΤΟΙΧΕΙΩΝ ΕΝΣΩΜΑΤΩΜΕΝΕΣ ΣΤΟ ΛΕΙΤΟΥΡΓΙΚΟ ΚΟΣΤΟΣ / Αποσβέσεις ασώματων ακινητοποιήσεων και εξόδων πολυετούς απόσβεσης,,,,ΟΡΓΑΝΙΚΑ ΈΞΟΔΑ ΚΑΤΑ ΕΙΔΟΣ / ΑΠΟΣΒΕΣΕΙΣ ΠΑΓΕΙΩΝ ΣΤΟΙΧΕΙΩΝ ΕΝΣΩΜΑΤΩΜΕΝΕΣ ΣΤΟ ΛΕΙΤΟΥΡΓΙΚΟ ΚΟΣΤΟΣ / Αποσβέσεις ασώματων ακινητοποιήσεων και εξόδων πολυετούς απόσβεσης / Αποσβέσεις λοιπών εξόδων πολυετούς απόσβεσης,missing_root_type
,Αποσβέσεις λοιπών παραχωρήσεων,,unspecified,,0,,ΟΡΓΑΝΙΚΑ ΈΞΟΔΑ ΚΑΤΑ ΕΙΔΟΣ / ΑΠΟΣΒΕΣΕΙΣ ΠΑΓΕΙΩΝ ΣΤΟΙΧΕΙΩΝ ΕΝΣΩΜΑΤΩΜΕΝΕΣ ΣΤΟ ΛΕΙΤΟΥΡΓΙΚΟ ΚΟΣΤΟΣ / Αποσβέσεις ασώματων ακινητοποιήσεων και εξόδων πολυετούς απόσβεσης,,,,ΟΡΓΑΝΙΚΑ ΈΞΟΔΑ ΚΑΤΑ ΕΙΔΟΣ / ΑΠΟΣΒΕΣΕΙΣ ΠΑΓΕΙΩΝ ΣΤΟΙΧΕΙΩΝ ΕΝΣΩΜΑΤΩΜΕΝΕΣ ΣΤΟ ΛΕΙΤΟΥΡΓΙΚΟ ΚΟΣΤΟΣ / Αποσβέσεις ασώματων ακινητοποιήσεων και εξόδων πολυετούς απόσβεσης / Αποσβέσεις λοιπών παραχωρήσεων,missing_root_type
,Αποσβέσεις τόκων δανείων κατασκευαστικής περιόδου,,unspecified,,0,,ΟΡΓΑΝΙΚΑ ΈΞΟΔΑ ΚΑΤΑ ΕΙΔΟΣ / ΑΠΟΣΒΕΣΕΙΣ ΠΑΓΕΙΩΝ ΣΤΟΙΧΕΙΩΝ ΕΝΣΩΜΑΤΩΜΕΝΕΣ ΣΤΟ ΛΕΙΤΟΥΡΓΙΚΟ ΚΟΣΤΟΣ / Αποσβέσεις ασώματων ακινητοποιήσεων και εξόδων πολυετούς απόσβεσης,,,,ΟΡΓΑΝΙΚΑ ΈΞΟΔΑ ΚΑΤΑ ΕΙΔΟΣ / ΑΠΟΣΒΕΣΕΙΣ ΠΑΓΕΙΩΝ ΣΤΟΙΧΕΙΩΝ ΕΝΣΩΜΑΤΩΜΕΝΕΣ ΣΤΟ ΛΕΙΤΟΥΡΓΙΚΟ ΚΟΣΤΟΣ / Αποσβέσεις ασώματων ακινητοποιήσεων και εξόδων πολυετούς απόσβεσης / Αποσβέσεις τόκων δανείων κατασκευαστικής περιόδου,missing_root_type
,Αποσβέσεις υπεραξίας επιχείρησης,,unspecified,,0,,ΟΡΓΑΝΙΚΑ ΈΞΟΔΑ ΚΑΤΑ ΕΙΔΟΣ / ΑΠΟΣΒΕΣΕΙΣ ΠΑΓΕΙΩΝ ΣΤΟΙΧΕΙΩΝ ΕΝΣΩΜΑΤΩΜΕΝΕΣ ΣΤΟ ΛΕΙΤΟΥΡΓΙΚΟ ΚΟΣΤΟΣ / Αποσβέσεις ασώματων ακινητοποιήσεων και εξόδων πολυετούς απόσβεσης,,,,ΟΡΓΑΝΙΚΑ ΈΞΟΔΑ ΚΑΤΑ ΕΙΔΟΣ / ΑΠΟΣΒΕΣΕΙΣ ΠΑΓΕΙΩΝ ΣΤΟΙΧΕΙΩΝ ΕΝΣΩΜΑΤΩΜΕΝΕΣ ΣΤΟ ΛΕΙΤΟΥΡΓΙΚΟ ΚΟΣΤΟΣ / Αποσβέσεις ασώματων ακινητοποιήσεων και εξόδων πολυετούς απόσβεσης / Αποσβέσεις υπεραξίας επιχείρησης,missing_root_type
,Αποσβέσεις εδαφικών εκτάσεων,,group,,1,,ΟΡΓΑΝΙΚΑ ΈΞΟΔΑ ΚΑΤΑ ΕΙΔΟΣ / ΑΠΟΣΒΕΣΕΙΣ ΠΑΓΕΙΩΝ ΣΤΟΙΧΕΙΩΝ ΕΝΣΩΜΑΤΩΜΕΝΕΣ ΣΤΟ ΛΕΙΤΟΥΡΓΙΚΟ ΚΟΣΤΟΣ,,,,ΟΡΓΑΝΙΚΑ ΈΞΟΔΑ ΚΑΤΑ ΕΙΔΟΣ / ΑΠΟΣΒΕΣΕΙΣ ΠΑΓΕΙΩΝ ΣΤΟΙΧΕΙΩΝ ΕΝΣΩΜΑΤΩΜΕΝΕΣ ΣΤΟ ΛΕΙΤΟΥΡΓΙΚΟ ΚΟΣΤΟΣ / Αποσβέσεις εδαφικών εκτάσεων,missing_root_type
,Αποσβέσεις Δασών,,unspecified,,0,,ΟΡΓΑΝΙΚΑ ΈΞΟΔΑ ΚΑΤΑ ΕΙΔΟΣ / ΑΠΟΣΒΕΣΕΙΣ ΠΑΓΕΙΩΝ ΣΤΟΙΧΕΙΩΝ ΕΝΣΩΜΑΤΩΜΕΝΕΣ ΣΤΟ ΛΕΙΤΟΥΡΓΙΚΟ ΚΟΣΤΟΣ / Αποσβέσεις εδαφικών εκτάσεων,,,,ΟΡΓΑΝΙΚΑ ΈΞΟΔΑ ΚΑΤΑ ΕΙΔΟΣ / ΑΠΟΣΒΕΣΕΙΣ ΠΑΓΕΙΩΝ ΣΤΟΙΧΕΙΩΝ ΕΝΣΩΜΑΤΩΜΕΝΕΣ ΣΤΟ ΛΕΙΤΟΥΡΓΙΚΟ ΚΟΣΤΟΣ / Αποσβέσεις εδαφικών εκτάσεων / Αποσβέσεις Δασών,missing_root_type
,Αποσβέσεις Δασών εκτός εκμεττάλευσης,,unspecified,,0,,ΟΡΓΑΝΙΚΑ ΈΞΟΔΑ ΚΑΤΑ ΕΙΔΟΣ / ΑΠΟΣΒΕΣΕΙΣ ΠΑΓΕΙΩΝ ΣΤΟΙΧΕΙΩΝ ΕΝΣΩΜΑΤΩΜΕΝΕΣ ΣΤΟ ΛΕΙΤΟΥΡΓΙΚΟ ΚΟΣΤΟΣ / Αποσβέσεις εδαφικών εκτάσεων,,,,ΟΡΓΑΝΙΚΑ ΈΞΟΔΑ ΚΑΤΑ ΕΙΔΟΣ / ΑΠΟΣΒΕΣΕΙΣ ΠΑΓΕΙΩΝ ΣΤΟΙΧΕΙΩΝ ΕΝΣΩΜΑΤΩΜΕΝΕΣ ΣΤΟ ΛΕΙΤΟΥΡΓΙΚΟ ΚΟΣΤΟΣ / Αποσβέσεις εδαφικών εκτάσεων / Αποσβέσεις Δασών εκτός εκμεττάλευσης,missing_root_type
,Αποσβέσεις Λατομείων,,unspecified,,0,,ΟΡΓΑΝΙΚΑ ΈΞΟΔΑ ΚΑΤΑ ΕΙΔΟΣ / ΑΠΟΣΒΕΣΕΙΣ ΠΑΓΕΙΩΝ ΣΤΟΙΧΕΙΩΝ ΕΝΣΩΜΑΤΩΜΕΝΕΣ ΣΤΟ ΛΕΙΤΟΥΡΓΙΚΟ ΚΟΣΤΟΣ / Αποσβέσεις εδαφικών εκτάσεων,,,,ΟΡΓΑΝΙΚΑ ΈΞΟΔΑ ΚΑΤΑ ΕΙΔΟΣ / ΑΠΟΣΒΕΣΕΙΣ ΠΑΓΕΙΩΝ ΣΤΟΙΧΕΙΩΝ ΕΝΣΩΜΑΤΩΜΕΝΕΣ ΣΤΟ ΛΕΙΤΟΥΡΓΙΚΟ ΚΟΣΤΟΣ / Αποσβέσεις εδαφικών εκτάσεων / Αποσβέσεις Λατομείων,missing_root_type
,Αποσβέσεις Λατομείων εκτός εκμεττάλευσης,,unspecified,,0,,ΟΡΓΑΝΙΚΑ ΈΞΟΔΑ ΚΑΤΑ ΕΙΔΟΣ / ΑΠΟΣΒΕΣΕΙΣ ΠΑΓΕΙΩΝ ΣΤΟΙΧΕΙΩΝ ΕΝΣΩΜΑΤΩΜΕΝΕΣ ΣΤΟ ΛΕΙΤΟΥΡΓΙΚΟ ΚΟΣΤΟΣ / Αποσβέσεις εδαφικών εκτάσεων,,,,ΟΡΓΑΝΙΚΑ ΈΞΟΔΑ ΚΑΤΑ ΕΙΔΟΣ / ΑΠΟΣΒΕΣΕΙΣ ΠΑΓΕΙΩΝ ΣΤΟΙΧΕΙΩΝ ΕΝΣΩΜΑΤΩΜΕΝΕΣ ΣΤΟ ΛΕΙΤΟΥΡΓΙΚΟ ΚΟΣΤΟΣ / Αποσβέσεις εδαφικών εκτάσεων / Αποσβέσεις Λατομείων εκτός εκμεττάλευσης,missing_root_type
,Αποσβέσεις Μεταλλείων,,unspecified,,0,,ΟΡΓΑΝΙΚΑ ΈΞΟΔΑ ΚΑΤΑ ΕΙΔΟΣ / ΑΠΟΣΒΕΣΕΙΣ ΠΑΓΕΙΩΝ ΣΤΟΙΧΕΙΩΝ ΕΝΣΩΜΑΤΩΜΕΝΕΣ ΣΤΟ ΛΕΙΤΟΥΡΓΙΚΟ ΚΟΣΤΟΣ / Αποσβέσεις εδαφικών εκτάσεων,,,,ΟΡΓΑΝΙΚΑ ΈΞΟΔΑ ΚΑΤΑ ΕΙΔΟΣ / ΑΠΟΣΒΕΣΕΙΣ ΠΑΓΕΙΩΝ ΣΤΟΙΧΕΙΩΝ ΕΝΣΩΜΑΤΩΜΕΝΕΣ ΣΤΟ ΛΕΙΤΟΥΡΓΙΚΟ ΚΟΣΤΟΣ / Αποσβέσεις εδαφικών εκτάσεων / Αποσβέσεις Μεταλλείων,missing_root_type
,Αποσβέσεις Μεταλλείων εκτός εκμεττάλευσης,,unspecified,,0,,ΟΡΓΑΝΙΚΑ ΈΞΟΔΑ ΚΑΤΑ ΕΙΔΟΣ / ΑΠΟΣΒΕΣΕΙΣ ΠΑΓΕΙΩΝ ΣΤΟΙΧΕΙΩΝ ΕΝΣΩΜΑΤΩΜΕΝΕΣ ΣΤΟ ΛΕΙΤΟΥΡΓΙΚΟ ΚΟΣΤΟΣ / Αποσβέσεις εδαφικών εκτάσεων,,,,ΟΡΓΑΝΙΚΑ ΈΞΟΔΑ ΚΑΤΑ ΕΙΔΟΣ / ΑΠΟΣΒΕΣΕΙΣ ΠΑΓΕΙΩΝ ΣΤΟΙΧΕΙΩΝ ΕΝΣΩΜΑΤΩΜΕΝΕΣ ΣΤΟ ΛΕΙΤΟΥΡΓΙΚΟ ΚΟΣΤΟΣ / Αποσβέσεις εδαφικών εκτάσεων / Αποσβέσεις Μεταλλείων εκτός εκμεττάλευσης,missing_root_type
,Αποσβέσεις Ορυχείων,,unspecified,,0,,ΟΡΓΑΝΙΚΑ ΈΞΟΔΑ ΚΑΤΑ ΕΙΔΟΣ / ΑΠΟΣΒΕΣΕΙΣ ΠΑΓΕΙΩΝ ΣΤΟΙΧΕΙΩΝ ΕΝΣΩΜΑΤΩΜΕΝΕΣ ΣΤΟ ΛΕΙΤΟΥΡΓΙΚΟ ΚΟΣΤΟΣ / Αποσβέσεις εδαφικών εκτάσεων,,,,ΟΡΓΑΝΙΚΑ ΈΞΟΔΑ ΚΑΤΑ ΕΙΔΟΣ / ΑΠΟΣΒΕΣΕΙΣ ΠΑΓΕΙΩΝ ΣΤΟΙΧΕΙΩΝ ΕΝΣΩΜΑΤΩΜΕΝΕΣ ΣΤΟ ΛΕΙΤΟΥΡΓΙΚΟ ΚΟΣΤΟΣ / Αποσβέσεις εδαφικών εκτάσεων / Αποσβέσεις Ορυχείων,missing_root_type
,Αποσβέσεις Ορυχείων εκτός εκμεττάλευσης,,unspecified,,0,,ΟΡΓΑΝΙΚΑ ΈΞΟΔΑ ΚΑΤΑ ΕΙΔΟΣ / ΑΠΟΣΒΕΣΕΙΣ ΠΑΓΕΙΩΝ ΣΤΟΙΧΕΙΩΝ ΕΝΣΩΜΑΤΩΜΕΝΕΣ ΣΤΟ ΛΕΙΤΟΥΡΓΙΚΟ ΚΟΣΤΟΣ / Αποσβέσεις εδαφικών εκτάσεων,,,,ΟΡΓΑΝΙΚΑ ΈΞΟΔΑ ΚΑΤΑ ΕΙΔΟΣ / ΑΠΟΣΒΕΣΕΙΣ ΠΑΓΕΙΩΝ ΣΤΟΙΧΕΙΩΝ ΕΝΣΩΜΑΤΩΜΕΝΕΣ ΣΤΟ ΛΕΙΤΟΥΡΓΙΚΟ ΚΟΣΤΟΣ / Αποσβέσεις εδαφικών εκτάσεων / Αποσβέσεις Ορυχείων εκτός εκμεττάλευσης,missing_root_type
,Αποσβέσεις Φυτειών,,unspecified,,0,,ΟΡΓΑΝΙΚΑ ΈΞΟΔΑ ΚΑΤΑ ΕΙΔΟΣ / ΑΠΟΣΒΕΣΕΙΣ ΠΑΓΕΙΩΝ ΣΤΟΙΧΕΙΩΝ ΕΝΣΩΜΑΤΩΜΕΝΕΣ ΣΤΟ ΛΕΙΤΟΥΡΓΙΚΟ ΚΟΣΤΟΣ / Αποσβέσεις εδαφικών εκτάσεων,,,,ΟΡΓΑΝΙΚΑ ΈΞΟΔΑ ΚΑΤΑ ΕΙΔΟΣ / ΑΠΟΣΒΕΣΕΙΣ ΠΑΓΕΙΩΝ ΣΤΟΙΧΕΙΩΝ ΕΝΣΩΜΑΤΩΜΕΝΕΣ ΣΤΟ ΛΕΙΤΟΥΡΓΙΚΟ ΚΟΣΤΟΣ / Αποσβέσεις εδαφικών εκτάσεων / Αποσβέσεις Φυτειών,missing_root_type
,Αποσβέσεις Φυτειών εκτός εκμεττάλευσης,,unspecified,,0,,ΟΡΓΑΝΙΚΑ ΈΞΟΔΑ ΚΑΤΑ ΕΙΔΟΣ / ΑΠΟΣΒΕΣΕΙΣ ΠΑΓΕΙΩΝ ΣΤΟΙΧΕΙΩΝ ΕΝΣΩΜΑΤΩΜΕΝΕΣ ΣΤΟ ΛΕΙΤΟΥΡΓΙΚΟ ΚΟΣΤΟΣ / Αποσβέσεις εδαφικών εκτάσεων,,,,ΟΡΓΑΝΙΚΑ ΈΞΟΔΑ ΚΑΤΑ ΕΙΔΟΣ / ΑΠΟΣΒΕΣΕΙΣ ΠΑΓΕΙΩΝ ΣΤΟΙΧΕΙΩΝ ΕΝΣΩΜΑΤΩΜΕΝΕΣ ΣΤΟ ΛΕΙΤΟΥΡΓΙΚΟ ΚΟΣΤΟΣ / Αποσβέσεις εδαφικών εκτάσεων / Αποσβέσεις Φυτειών εκτός εκμεττάλευσης,missing_root_type
,Αποσβέσεις επίπλων και λοιπού εξοπλισμού,,group,,1,,ΟΡΓΑΝΙΚΑ ΈΞΟΔΑ ΚΑΤΑ ΕΙΔΟΣ / ΑΠΟΣΒΕΣΕΙΣ ΠΑΓΕΙΩΝ ΣΤΟΙΧΕΙΩΝ ΕΝΣΩΜΑΤΩΜΕΝΕΣ ΣΤΟ ΛΕΙΤΟΥΡΓΙΚΟ ΚΟΣΤΟΣ,,,,ΟΡΓΑΝΙΚΑ ΈΞΟΔΑ ΚΑΤΑ ΕΙΔΟΣ / ΑΠΟΣΒΕΣΕΙΣ ΠΑΓΕΙΩΝ ΣΤΟΙΧΕΙΩΝ ΕΝΣΩΜΑΤΩΜΕΝΕΣ ΣΤΟ ΛΕΙΤΟΥΡΓΙΚΟ ΚΟΣΤΟΣ / Αποσβέσεις επίπλων και λοιπού εξοπλισμού,missing_root_type
,Αποσβέσεις εξοπλισμού τηλεπικοινωνιών,,unspecified,,0,,ΟΡΓΑΝΙΚΑ ΈΞΟΔΑ ΚΑΤΑ ΕΙΔΟΣ / ΑΠΟΣΒΕΣΕΙΣ ΠΑΓΕΙΩΝ ΣΤΟΙΧΕΙΩΝ ΕΝΣΩΜΑΤΩΜΕΝΕΣ ΣΤΟ ΛΕΙΤΟΥΡΓΙΚΟ ΚΟΣΤΟΣ / Αποσβέσεις επίπλων και λοιπού εξοπλισμού,,,,ΟΡΓΑΝΙΚΑ ΈΞΟΔΑ ΚΑΤΑ ΕΙΔΟΣ / ΑΠΟΣΒΕΣΕΙΣ ΠΑΓΕΙΩΝ ΣΤΟΙΧΕΙΩΝ ΕΝΣΩΜΑΤΩΜΕΝΕΣ ΣΤΟ ΛΕΙΤΟΥΡΓΙΚΟ ΚΟΣΤΟΣ / Αποσβέσεις επίπλων και λοιπού εξοπλισμού / Αποσβέσεις εξοπλισμού τηλεπικοινωνιών,missing_root_type
,Αποσβέσεις εξοπλισμού τηλεπικοινωνιών εκτός εκμετάλλευσης,,unspecified,,0,,ΟΡΓΑΝΙΚΑ ΈΞΟΔΑ ΚΑΤΑ ΕΙΔΟΣ / ΑΠΟΣΒΕΣΕΙΣ ΠΑΓΕΙΩΝ ΣΤΟΙΧΕΙΩΝ ΕΝΣΩΜΑΤΩΜΕΝΕΣ ΣΤΟ ΛΕΙΤΟΥΡΓΙΚΟ ΚΟΣΤΟΣ / Αποσβέσεις επίπλων και λοιπού εξοπλισμού,,,,ΟΡΓΑΝΙΚΑ ΈΞΟΔΑ ΚΑΤΑ ΕΙΔΟΣ / ΑΠΟΣΒΕΣΕΙΣ ΠΑΓΕΙΩΝ ΣΤΟΙΧΕΙΩΝ ΕΝΣΩΜΑΤΩΜΕΝΕΣ ΣΤΟ ΛΕΙΤΟΥΡΓΙΚΟ ΚΟΣΤΟΣ / Αποσβέσεις επίπλων και λοιπού εξοπλισμού / Αποσβέσεις εξοπλισμού τηλεπικοινωνιών εκτός εκμετάλλευσης,missing_root_type
,Αποσβέσεις επίπλων,,unspecified,,0,,ΟΡΓΑΝΙΚΑ ΈΞΟΔΑ ΚΑΤΑ ΕΙΔΟΣ / ΑΠΟΣΒΕΣΕΙΣ ΠΑΓΕΙΩΝ ΣΤΟΙΧΕΙΩΝ ΕΝΣΩΜΑΤΩΜΕΝΕΣ ΣΤΟ ΛΕΙΤΟΥΡΓΙΚΟ ΚΟΣΤΟΣ / Αποσβέσεις επίπλων και λοιπού εξοπλισμού,,,,ΟΡΓΑΝΙΚΑ ΈΞΟΔΑ ΚΑΤΑ ΕΙΔΟΣ / ΑΠΟΣΒΕΣΕΙΣ ΠΑΓΕΙΩΝ ΣΤΟΙΧΕΙΩΝ ΕΝΣΩΜΑΤΩΜΕΝΕΣ ΣΤΟ ΛΕΙΤΟΥΡΓΙΚΟ ΚΟΣΤΟΣ / Αποσβέσεις επίπλων και λοιπού εξοπλισμού / Αποσβέσεις επίπλων,missing_root_type
,Αποσβέσεις επίπλων εκτός εκμετάλλευσης,,unspecified,,0,,ΟΡΓΑΝΙΚΑ ΈΞΟΔΑ ΚΑΤΑ ΕΙΔΟΣ / ΑΠΟΣΒΕΣΕΙΣ ΠΑΓΕΙΩΝ ΣΤΟΙΧΕΙΩΝ ΕΝΣΩΜΑΤΩΜΕΝΕΣ ΣΤΟ ΛΕΙΤΟΥΡΓΙΚΟ ΚΟΣΤΟΣ / Αποσβέσεις επίπλων και λοιπού εξοπλισμού,,,,ΟΡΓΑΝΙΚΑ ΈΞΟΔΑ ΚΑΤΑ ΕΙΔΟΣ / ΑΠΟΣΒΕΣΕΙΣ ΠΑΓΕΙΩΝ ΣΤΟΙΧΕΙΩΝ ΕΝΣΩΜΑΤΩΜΕΝΕΣ ΣΤΟ ΛΕΙΤΟΥΡΓΙΚΟ ΚΟΣΤΟΣ / Αποσβέσεις επίπλων και λοιπού εξοπλισμού / Αποσβέσεις επίπλων εκτός εκμετάλλευσης,missing_root_type
,Αποσβέσεις επιστημονικών οργάνων,,unspecified,,0,,ΟΡΓΑΝΙΚΑ ΈΞΟΔΑ ΚΑΤΑ ΕΙΔΟΣ / ΑΠΟΣΒΕΣΕΙΣ ΠΑΓΕΙΩΝ ΣΤΟΙΧΕΙΩΝ ΕΝΣΩΜΑΤΩΜΕΝΕΣ ΣΤΟ ΛΕΙΤΟΥΡΓΙΚΟ ΚΟΣΤΟΣ / Αποσβέσεις επίπλων και λοιπού εξοπλισμού,,,,ΟΡΓΑΝΙΚΑ ΈΞΟΔΑ ΚΑΤΑ ΕΙΔΟΣ / ΑΠΟΣΒΕΣΕΙΣ ΠΑΓΕΙΩΝ ΣΤΟΙΧΕΙΩΝ ΕΝΣΩΜΑΤΩΜΕΝΕΣ ΣΤΟ ΛΕΙΤΟΥΡΓΙΚΟ ΚΟΣΤΟΣ / Αποσβέσεις επίπλων και λοιπού εξοπλισμού / Αποσβέσεις επιστημονικών οργάνων,missing_root_type
,Αποσβέσεις επιστημονικών οργάνων εκτός εκμετάλλευσης,,unspecified,,0,,ΟΡΓΑΝΙΚΑ ΈΞΟΔΑ ΚΑΤΑ ΕΙΔΟΣ / ΑΠΟΣΒΕΣΕΙΣ ΠΑΓΕΙΩΝ ΣΤΟΙΧΕΙΩΝ ΕΝΣΩΜΑΤΩΜΕΝΕΣ ΣΤΟ ΛΕΙΤΟΥΡΓΙΚΟ ΚΟΣΤΟΣ / Αποσβέσεις επίπλων και λοιπού εξοπλισμού,,,,ΟΡΓΑΝΙΚΑ ΈΞΟΔΑ ΚΑΤΑ ΕΙΔΟΣ / ΑΠΟΣΒΕΣΕΙΣ ΠΑΓΕΙΩΝ ΣΤΟΙΧΕΙΩΝ ΕΝΣΩΜΑΤΩΜΕΝΕΣ ΣΤΟ ΛΕΙΤΟΥΡΓΙΚΟ ΚΟΣΤΟΣ / Αποσβέσεις επίπλων και λοιπού εξοπλισμού / Αποσβέσεις επιστημονικών οργάνων εκτός εκμετάλλευσης,missing_root_type
,Αποσβέσεις ζώων για πάγια εκμετάλλευση,,unspecified,,0,,ΟΡΓΑΝΙΚΑ ΈΞΟΔΑ ΚΑΤΑ ΕΙΔΟΣ / ΑΠΟΣΒΕΣΕΙΣ ΠΑΓΕΙΩΝ ΣΤΟΙΧΕΙΩΝ ΕΝΣΩΜΑΤΩΜΕΝΕΣ ΣΤΟ ΛΕΙΤΟΥΡΓΙΚΟ ΚΟΣΤΟΣ / Αποσβέσεις επίπλων και λοιπού εξοπλισμού,,,,ΟΡΓΑΝΙΚΑ ΈΞΟΔΑ ΚΑΤΑ ΕΙΔΟΣ / ΑΠΟΣΒΕΣΕΙΣ ΠΑΓΕΙΩΝ ΣΤΟΙΧΕΙΩΝ ΕΝΣΩΜΑΤΩΜΕΝΕΣ ΣΤΟ ΛΕΙΤΟΥΡΓΙΚΟ ΚΟΣΤΟΣ / Αποσβέσεις επίπλων και λοιπού εξοπλισμού / Αποσβέσεις ζώων για πάγια εκμετάλλευση,missing_root_type
,Αποσβέσεις ζώων για πάγια εκμετάλλευση εκτός εκμετάλλευσης,,unspecified,,0,,ΟΡΓΑΝΙΚΑ ΈΞΟΔΑ ΚΑΤΑ ΕΙΔΟΣ / ΑΠΟΣΒΕΣΕΙΣ ΠΑΓΕΙΩΝ ΣΤΟΙΧΕΙΩΝ ΕΝΣΩΜΑΤΩΜΕΝΕΣ ΣΤΟ ΛΕΙΤΟΥΡΓΙΚΟ ΚΟΣΤΟΣ / Αποσβέσεις επίπλων και λοιπού εξοπλισμού,,,,ΟΡΓΑΝΙΚΑ ΈΞΟΔΑ ΚΑΤΑ ΕΙΔΟΣ / ΑΠΟΣΒΕΣΕΙΣ ΠΑΓΕΙΩΝ ΣΤΟΙΧΕΙΩΝ ΕΝΣΩΜΑΤΩΜΕΝΕΣ ΣΤΟ ΛΕΙΤΟΥΡΓΙΚΟ ΚΟΣΤΟΣ / Αποσβέσεις επίπλων και λοιπού εξοπλισμού / Αποσβέσεις ζώων για πάγια εκμετάλλευση εκτός εκμετάλλευσης,missing_root_type
,Αποσβέσεις ηλεκτρονικών υπολογιστών και ηλεκτρονικών συγκροτημάτων,,unspecified,,0,,ΟΡΓΑΝΙΚΑ ΈΞΟΔΑ ΚΑΤΑ ΕΙΔΟΣ / ΑΠΟΣΒΕΣΕΙΣ ΠΑΓΕΙΩΝ ΣΤΟΙΧΕΙΩΝ ΕΝΣΩΜΑΤΩΜΕΝΕΣ ΣΤΟ ΛΕΙΤΟΥΡΓΙΚΟ ΚΟΣΤΟΣ / Αποσβέσεις επίπλων και λοιπού εξοπλισμού,,,,ΟΡΓΑΝΙΚΑ ΈΞΟΔΑ ΚΑΤΑ ΕΙΔΟΣ / ΑΠΟΣΒΕΣΕΙΣ ΠΑΓΕΙΩΝ ΣΤΟΙΧΕΙΩΝ ΕΝΣΩΜΑΤΩΜΕΝΕΣ ΣΤΟ ΛΕΙΤΟΥΡΓΙΚΟ ΚΟΣΤΟΣ / Αποσβέσεις επίπλων και λοιπού εξοπλισμού / Αποσβέσεις ηλεκτρονικών υπολογιστών και ηλεκτρονικών συγκροτημάτων,missing_root_type
,Αποσβέσεις ηλεκτρονικών υπολογιστών και ηλεκτρονικών συγκροτημάτων εκτός εκμετάλλευσης,,unspecified,,0,,ΟΡΓΑΝΙΚΑ ΈΞΟΔΑ ΚΑΤΑ ΕΙΔΟΣ / ΑΠΟΣΒΕΣΕΙΣ ΠΑΓΕΙΩΝ ΣΤΟΙΧΕΙΩΝ ΕΝΣΩΜΑΤΩΜΕΝΕΣ ΣΤΟ ΛΕΙΤΟΥΡΓΙΚΟ ΚΟΣΤΟΣ / Αποσβέσεις επίπλων και λοιπού εξοπλισμού,,,,ΟΡΓΑΝΙΚΑ ΈΞΟΔΑ ΚΑΤΑ ΕΙΔΟΣ / ΑΠΟΣΒΕΣΕΙΣ ΠΑΓΕΙΩΝ ΣΤΟΙΧΕΙΩΝ ΕΝΣΩΜΑΤΩΜΕΝΕΣ ΣΤΟ ΛΕΙΤΟΥΡΓΙΚΟ ΚΟΣΤΟΣ / Αποσβέσεις επίπλων και λοιπού εξοπλισμού / Αποσβέσεις ηλεκτρονικών υπολογιστών και ηλεκτρονικών συγκροτημάτων εκτός εκμετάλλευσης,missing_root_type
,Αποσβέσεις λοιπού εξοπλισμού,,unspecified,,0,,ΟΡΓΑΝΙΚΑ ΈΞΟΔΑ ΚΑΤΑ ΕΙΔΟΣ / ΑΠΟΣΒΕΣΕΙΣ ΠΑΓΕΙΩΝ ΣΤΟΙΧΕΙΩΝ ΕΝΣΩΜΑΤΩΜΕΝΕΣ ΣΤΟ ΛΕΙΤΟΥΡΓΙΚΟ ΚΟΣΤΟΣ / Αποσβέσεις επίπλων και λοιπού εξοπλισμού,,,,ΟΡΓΑΝΙΚΑ ΈΞΟΔΑ ΚΑΤΑ ΕΙΔΟΣ / ΑΠΟΣΒΕΣΕΙΣ ΠΑΓΕΙΩΝ ΣΤΟΙΧΕΙΩΝ ΕΝΣΩΜΑΤΩΜΕΝΕΣ ΣΤΟ ΛΕΙΤΟΥΡΓΙΚΟ ΚΟΣΤΟΣ / Αποσβέσεις επίπλων και λοιπού εξοπλισμού / Αποσβέσεις λοιπού εξοπλισμού,missing_root_type
,Αποσβέσεις λοιπού εξοπλισμού εκτός εκμετάλλευσης,,unspecified,,0,,ΟΡΓΑΝΙΚΑ ΈΞΟΔΑ ΚΑΤΑ ΕΙΔΟΣ / ΑΠΟΣΒΕΣΕΙΣ ΠΑΓΕΙΩΝ ΣΤΟΙΧΕΙΩΝ ΕΝΣΩΜΑΤΩΜΕΝΕΣ ΣΤΟ ΛΕΙΤΟΥΡΓΙΚΟ ΚΟΣΤΟΣ / Αποσβέσεις επίπλων και λοιπού εξοπλισμού,,,,ΟΡΓΑΝΙΚΑ ΈΞΟΔΑ ΚΑΤΑ ΕΙΔΟΣ / ΑΠΟΣΒΕΣΕΙΣ ΠΑΓΕΙΩΝ ΣΤΟΙΧΕΙΩΝ ΕΝΣΩΜΑΤΩΜΕΝΕΣ ΣΤΟ ΛΕΙΤΟΥΡΓΙΚΟ ΚΟΣΤΟΣ / Αποσβέσεις επίπλων και λοιπού εξοπλισμού / Αποσβέσεις λοιπού εξοπλισμού εκτός εκμετάλλευσης,missing_root_type
,Αποσβέσεις μέσων αποθήσευσης και μεταφοράς,,unspecified,,0,,ΟΡΓΑΝΙΚΑ ΈΞΟΔΑ ΚΑΤΑ ΕΙΔΟΣ / ΑΠΟΣΒΕΣΕΙΣ ΠΑΓΕΙΩΝ ΣΤΟΙΧΕΙΩΝ ΕΝΣΩΜΑΤΩΜΕΝΕΣ ΣΤΟ ΛΕΙΤΟΥΡΓΙΚΟ ΚΟΣΤΟΣ / Αποσβέσεις επίπλων και λοιπού εξοπλισμού,,,,ΟΡΓΑΝΙΚΑ ΈΞΟΔΑ ΚΑΤΑ ΕΙΔΟΣ / ΑΠΟΣΒΕΣΕΙΣ ΠΑΓΕΙΩΝ ΣΤΟΙΧΕΙΩΝ ΕΝΣΩΜΑΤΩΜΕΝΕΣ ΣΤΟ ΛΕΙΤΟΥΡΓΙΚΟ ΚΟΣΤΟΣ / Αποσβέσεις επίπλων και λοιπού εξοπλισμού / Αποσβέσεις μέσων αποθήσευσης και μεταφοράς,missing_root_type
,Αποσβέσεις μέσων αποθήσευσης και μεταφοράς εκτός εκμετάλλευσης,,unspecified,,0,,ΟΡΓΑΝΙΚΑ ΈΞΟΔΑ ΚΑΤΑ ΕΙΔΟΣ / ΑΠΟΣΒΕΣΕΙΣ ΠΑΓΕΙΩΝ ΣΤΟΙΧΕΙΩΝ ΕΝΣΩΜΑΤΩΜΕΝΕΣ ΣΤΟ ΛΕΙΤΟΥΡΓΙΚΟ ΚΟΣΤΟΣ / Αποσβέσεις επίπλων και λοιπού εξοπλισμού,,,,ΟΡΓΑΝΙΚΑ ΈΞΟΔΑ ΚΑΤΑ ΕΙΔΟΣ / ΑΠΟΣΒΕΣΕΙΣ ΠΑΓΕΙΩΝ ΣΤΟΙΧΕΙΩΝ ΕΝΣΩΜΑΤΩΜΕΝΕΣ ΣΤΟ ΛΕΙΤΟΥΡΓΙΚΟ ΚΟΣΤΟΣ / Αποσβέσεις επίπλων και λοιπού εξοπλισμού / Αποσβέσεις μέσων αποθήσευσης και μεταφοράς εκτός εκμετάλλευσης,missing_root_type
,Αποσβέσεις μηχανών γραφείων,,unspecified,,0,,ΟΡΓΑΝΙΚΑ ΈΞΟΔΑ ΚΑΤΑ ΕΙΔΟΣ / ΑΠΟΣΒΕΣΕΙΣ ΠΑΓΕΙΩΝ ΣΤΟΙΧΕΙΩΝ ΕΝΣΩΜΑΤΩΜΕΝΕΣ ΣΤΟ ΛΕΙΤΟΥΡΓΙΚΟ ΚΟΣΤΟΣ / Αποσβέσεις επίπλων και λοιπού εξοπλισμού,,,,ΟΡΓΑΝΙΚΑ ΈΞΟΔΑ ΚΑΤΑ ΕΙΔΟΣ / ΑΠΟΣΒΕΣΕΙΣ ΠΑΓΕΙΩΝ ΣΤΟΙΧΕΙΩΝ ΕΝΣΩΜΑΤΩΜΕΝΕΣ ΣΤΟ ΛΕΙΤΟΥΡΓΙΚΟ ΚΟΣΤΟΣ / Αποσβέσεις επίπλων και λοιπού εξοπλισμού / Αποσβέσεις μηχανών γραφείων,missing_root_type
,Αποσβέσεις μηχανών γραφείων εκτός εκμετάλλευσης,,unspecified,,0,,ΟΡΓΑΝΙΚΑ ΈΞΟΔΑ ΚΑΤΑ ΕΙΔΟΣ / ΑΠΟΣΒΕΣΕΙΣ ΠΑΓΕΙΩΝ ΣΤΟΙΧΕΙΩΝ ΕΝΣΩΜΑΤΩΜΕΝΕΣ ΣΤΟ ΛΕΙΤΟΥΡΓΙΚΟ ΚΟΣΤΟΣ / Αποσβέσεις επίπλων και λοιπού εξοπλισμού,,,,ΟΡΓΑΝΙΚΑ ΈΞΟΔΑ ΚΑΤΑ ΕΙΔΟΣ / ΑΠΟΣΒΕΣΕΙΣ ΠΑΓΕΙΩΝ ΣΤΟΙΧΕΙΩΝ ΕΝΣΩΜΑΤΩΜΕΝΕΣ ΣΤΟ ΛΕΙΤΟΥΡΓΙΚΟ ΚΟΣΤΟΣ / Αποσβέσεις επίπλων και λοιπού εξοπλισμού / Αποσβέσεις μηχανών γραφείων εκτός εκμετάλλευσης,missing_root_type
,Αποσβέσεις σκευών,,unspecified,,0,,ΟΡΓΑΝΙΚΑ ΈΞΟΔΑ ΚΑΤΑ ΕΙΔΟΣ / ΑΠΟΣΒΕΣΕΙΣ ΠΑΓΕΙΩΝ ΣΤΟΙΧΕΙΩΝ ΕΝΣΩΜΑΤΩΜΕΝΕΣ ΣΤΟ ΛΕΙΤΟΥΡΓΙΚΟ ΚΟΣΤΟΣ / Αποσβέσεις επίπλων και λοιπού εξοπλισμού,,,,ΟΡΓΑΝΙΚΑ ΈΞΟΔΑ ΚΑΤΑ ΕΙΔΟΣ / ΑΠΟΣΒΕΣΕΙΣ ΠΑΓΕΙΩΝ ΣΤΟΙΧΕΙΩΝ ΕΝΣΩΜΑΤΩΜΕΝΕΣ ΣΤΟ ΛΕΙΤΟΥΡΓΙΚΟ ΚΟΣΤΟΣ / Αποσβέσεις επίπλων και λοιπού εξοπλισμού / Αποσβέσεις σκευών,missing_root_type
,Αποσβέσεις σκευών εκτός εκμετάλλευσης,,unspecified,,0,,ΟΡΓΑΝΙΚΑ ΈΞΟΔΑ ΚΑΤΑ ΕΙΔΟΣ / ΑΠΟΣΒΕΣΕΙΣ ΠΑΓΕΙΩΝ ΣΤΟΙΧΕΙΩΝ ΕΝΣΩΜΑΤΩΜΕΝΕΣ ΣΤΟ ΛΕΙΤΟΥΡΓΙΚΟ ΚΟΣΤΟΣ / Αποσβέσεις επίπλων και λοιπού εξοπλισμού,,,,ΟΡΓΑΝΙΚΑ ΈΞΟΔΑ ΚΑΤΑ ΕΙΔΟΣ / ΑΠΟΣΒΕΣΕΙΣ ΠΑΓΕΙΩΝ ΣΤΟΙΧΕΙΩΝ ΕΝΣΩΜΑΤΩΜΕΝΕΣ ΣΤΟ ΛΕΙΤΟΥΡΓΙΚΟ ΚΟΣΤΟΣ / Αποσβέσεις επίπλων και λοιπού εξοπλισμού / Αποσβέσεις σκευών εκτός εκμετάλλευσης,missing_root_type
,Αποσβέσεις κτιρίων - εγκαταστάσεων κτιρίων - τεχνικών έργων,,group,,1,,ΟΡΓΑΝΙΚΑ ΈΞΟΔΑ ΚΑΤΑ ΕΙΔΟΣ / ΑΠΟΣΒΕΣΕΙΣ ΠΑΓΕΙΩΝ ΣΤΟΙΧΕΙΩΝ ΕΝΣΩΜΑΤΩΜΕΝΕΣ ΣΤΟ ΛΕΙΤΟΥΡΓΙΚΟ ΚΟΣΤΟΣ,,,,ΟΡΓΑΝΙΚΑ ΈΞΟΔΑ ΚΑΤΑ ΕΙΔΟΣ / ΑΠΟΣΒΕΣΕΙΣ ΠΑΓΕΙΩΝ ΣΤΟΙΧΕΙΩΝ ΕΝΣΩΜΑΤΩΜΕΝΕΣ ΣΤΟ ΛΕΙΤΟΥΡΓΙΚΟ ΚΟΣΤΟΣ / Αποσβέσεις κτιρίων - εγκαταστάσεων κτιρίων - τεχνικών έργων,missing_root_type
,Αποσβέσεις Τεχνικών έργων εξυπηρ. μεταφορών εκτός εκμετάλλευσης,,unspecified,,0,,ΟΡΓΑΝΙΚΑ ΈΞΟΔΑ ΚΑΤΑ ΕΙΔΟΣ / ΑΠΟΣΒΕΣΕΙΣ ΠΑΓΕΙΩΝ ΣΤΟΙΧΕΙΩΝ ΕΝΣΩΜΑΤΩΜΕΝΕΣ ΣΤΟ ΛΕΙΤΟΥΡΓΙΚΟ ΚΟΣΤΟΣ / Αποσβέσεις κτιρίων - εγκαταστάσεων κτιρίων - τεχνικών έργων,,,,ΟΡΓΑΝΙΚΑ ΈΞΟΔΑ ΚΑΤΑ ΕΙΔΟΣ / ΑΠΟΣΒΕΣΕΙΣ ΠΑΓΕΙΩΝ ΣΤΟΙΧΕΙΩΝ ΕΝΣΩΜΑΤΩΜΕΝΕΣ ΣΤΟ ΛΕΙΤΟΥΡΓΙΚΟ ΚΟΣΤΟΣ / Αποσβέσεις κτιρίων - εγκαταστάσεων κτιρίων - τεχνικών έργων / Αποσβέσεις Τεχνικών έργων εξυπηρ. μεταφορών εκτός εκμετάλλευσης,missing_root_type
,Αποσβέσεις Τεχνικών έργων εξυπηρέτησης μεταφορών,,unspecified,,0,,ΟΡΓΑΝΙΚΑ ΈΞΟΔΑ ΚΑΤΑ ΕΙΔΟΣ / ΑΠΟΣΒΕΣΕΙΣ ΠΑΓΕΙΩΝ ΣΤΟΙΧΕΙΩΝ ΕΝΣΩΜΑΤΩΜΕΝΕΣ ΣΤΟ ΛΕΙΤΟΥΡΓΙΚΟ ΚΟΣΤΟΣ / Αποσβέσεις κτιρίων - εγκαταστάσεων κτιρίων - τεχνικών έργων,,,,ΟΡΓΑΝΙΚΑ ΈΞΟΔΑ ΚΑΤΑ ΕΙΔΟΣ / ΑΠΟΣΒΕΣΕΙΣ ΠΑΓΕΙΩΝ ΣΤΟΙΧΕΙΩΝ ΕΝΣΩΜΑΤΩΜΕΝΕΣ ΣΤΟ ΛΕΙΤΟΥΡΓΙΚΟ ΚΟΣΤΟΣ / Αποσβέσεις κτιρίων - εγκαταστάσεων κτιρίων - τεχνικών έργων / Αποσβέσεις Τεχνικών έργων εξυπηρέτησης μεταφορών,missing_root_type
,Αποσβέσεις Τεχνικών έργων εξυπηρέτησης μεταφορών σε ακίνητα τρίτων,,unspecified,,0,,ΟΡΓΑΝΙΚΑ ΈΞΟΔΑ ΚΑΤΑ ΕΙΔΟΣ / ΑΠΟΣΒΕΣΕΙΣ ΠΑΓΕΙΩΝ ΣΤΟΙΧΕΙΩΝ ΕΝΣΩΜΑΤΩΜΕΝΕΣ ΣΤΟ ΛΕΙΤΟΥΡΓΙΚΟ ΚΟΣΤΟΣ / Αποσβέσεις κτιρίων - εγκαταστάσεων κτιρίων - τεχνικών έργων,,,,ΟΡΓΑΝΙΚΑ ΈΞΟΔΑ ΚΑΤΑ ΕΙΔΟΣ / ΑΠΟΣΒΕΣΕΙΣ ΠΑΓΕΙΩΝ ΣΤΟΙΧΕΙΩΝ ΕΝΣΩΜΑΤΩΜΕΝΕΣ ΣΤΟ ΛΕΙΤΟΥΡΓΙΚΟ ΚΟΣΤΟΣ / Αποσβέσεις κτιρίων - εγκαταστάσεων κτιρίων - τεχνικών έργων / Αποσβέσεις Τεχνικών έργων εξυπηρέτησης μεταφορών σε ακίνητα τρίτων,missing_root_type
,Αποσβέσεις Τεχνικών έργων εξυπηρέτησης μεταφορών σε ακίνητα τρίτων εκτός εκμετάλλευσης,,unspecified,,0,,ΟΡΓΑΝΙΚΑ ΈΞΟΔΑ ΚΑΤΑ ΕΙΔΟΣ / ΑΠΟΣΒΕΣΕΙΣ ΠΑΓΕΙΩΝ ΣΤΟΙΧΕΙΩΝ ΕΝΣΩΜΑΤΩΜΕΝΕΣ ΣΤΟ ΛΕΙΤΟΥΡΓΙΚΟ ΚΟΣΤΟΣ / Αποσβέσεις κτιρίων - εγκαταστάσεων κτιρίων - τεχνικών έργων,,,,ΟΡΓΑΝΙΚΑ ΈΞΟΔΑ ΚΑΤΑ ΕΙΔΟΣ / ΑΠΟΣΒΕΣΕΙΣ ΠΑΓΕΙΩΝ ΣΤΟΙΧΕΙΩΝ ΕΝΣΩΜΑΤΩΜΕΝΕΣ ΣΤΟ ΛΕΙΤΟΥΡΓΙΚΟ ΚΟΣΤΟΣ / Αποσβέσεις κτιρίων - εγκαταστάσεων κτιρίων - τεχνικών έργων / Αποσβέσεις Τεχνικών έργων εξυπηρέτησης μεταφορών σε ακίνητα τρίτων εκτός εκμετάλλευσης,missing_root_type
,Αποσβέσεις διαμορφώσεως γηπέδων εκτός εκμετάλλευσης,,unspecified,,0,,ΟΡΓΑΝΙΚΑ ΈΞΟΔΑ ΚΑΤΑ ΕΙΔΟΣ / ΑΠΟΣΒΕΣΕΙΣ ΠΑΓΕΙΩΝ ΣΤΟΙΧΕΙΩΝ ΕΝΣΩΜΑΤΩΜΕΝΕΣ ΣΤΟ ΛΕΙΤΟΥΡΓΙΚΟ ΚΟΣΤΟΣ / Αποσβέσεις κτιρίων - εγκαταστάσεων κτιρίων - τεχνικών έργων,,,,ΟΡΓΑΝΙΚΑ ΈΞΟΔΑ ΚΑΤΑ ΕΙΔΟΣ / ΑΠΟΣΒΕΣΕΙΣ ΠΑΓΕΙΩΝ ΣΤΟΙΧΕΙΩΝ ΕΝΣΩΜΑΤΩΜΕΝΕΣ ΣΤΟ ΛΕΙΤΟΥΡΓΙΚΟ ΚΟΣΤΟΣ / Αποσβέσεις κτιρίων - εγκαταστάσεων κτιρίων - τεχνικών έργων / Αποσβέσεις διαμορφώσεως γηπέδων εκτός εκμετάλλευσης,missing_root_type
,Αποσβέσεις διαμόρφωσης γηπέδων,,unspecified,,0,,ΟΡΓΑΝΙΚΑ ΈΞΟΔΑ ΚΑΤΑ ΕΙΔΟΣ / ΑΠΟΣΒΕΣΕΙΣ ΠΑΓΕΙΩΝ ΣΤΟΙΧΕΙΩΝ ΕΝΣΩΜΑΤΩΜΕΝΕΣ ΣΤΟ ΛΕΙΤΟΥΡΓΙΚΟ ΚΟΣΤΟΣ / Αποσβέσεις κτιρίων - εγκαταστάσεων κτιρίων - τεχνικών έργων,,,,ΟΡΓΑΝΙΚΑ ΈΞΟΔΑ ΚΑΤΑ ΕΙΔΟΣ / ΑΠΟΣΒΕΣΕΙΣ ΠΑΓΕΙΩΝ ΣΤΟΙΧΕΙΩΝ ΕΝΣΩΜΑΤΩΜΕΝΕΣ ΣΤΟ ΛΕΙΤΟΥΡΓΙΚΟ ΚΟΣΤΟΣ / Αποσβέσεις κτιρίων - εγκαταστάσεων κτιρίων - τεχνικών έργων / Αποσβέσεις διαμόρφωσης γηπέδων,missing_root_type
,Αποσβέσεις διαμόρφωσης γηπέδων τρίτων,,unspecified,,0,,ΟΡΓΑΝΙΚΑ ΈΞΟΔΑ ΚΑΤΑ ΕΙΔΟΣ / ΑΠΟΣΒΕΣΕΙΣ ΠΑΓΕΙΩΝ ΣΤΟΙΧΕΙΩΝ ΕΝΣΩΜΑΤΩΜΕΝΕΣ ΣΤΟ ΛΕΙΤΟΥΡΓΙΚΟ ΚΟΣΤΟΣ / Αποσβέσεις κτιρίων - εγκαταστάσεων κτιρίων - τεχνικών έργων,,,,ΟΡΓΑΝΙΚΑ ΈΞΟΔΑ ΚΑΤΑ ΕΙΔΟΣ / ΑΠΟΣΒΕΣΕΙΣ ΠΑΓΕΙΩΝ ΣΤΟΙΧΕΙΩΝ ΕΝΣΩΜΑΤΩΜΕΝΕΣ ΣΤΟ ΛΕΙΤΟΥΡΓΙΚΟ ΚΟΣΤΟΣ / Αποσβέσεις κτιρίων - εγκαταστάσεων κτιρίων - τεχνικών έργων / Αποσβέσεις διαμόρφωσης γηπέδων τρίτων,missing_root_type
,Αποσβέσεις διαμόρφωσης γηπέδων τρίτων  εκτός εκμετάλλευσης,,unspecified,,0,,ΟΡΓΑΝΙΚΑ ΈΞΟΔΑ ΚΑΤΑ ΕΙΔΟΣ / ΑΠΟΣΒΕΣΕΙΣ ΠΑΓΕΙΩΝ ΣΤΟΙΧΕΙΩΝ ΕΝΣΩΜΑΤΩΜΕΝΕΣ ΣΤΟ ΛΕΙΤΟΥΡΓΙΚΟ ΚΟΣΤΟΣ / Αποσβέσεις κτιρίων - εγκαταστάσεων κτιρίων - τεχνικών έργων,,,,ΟΡΓΑΝΙΚΑ ΈΞΟΔΑ ΚΑΤΑ ΕΙΔΟΣ / ΑΠΟΣΒΕΣΕΙΣ ΠΑΓΕΙΩΝ ΣΤΟΙΧΕΙΩΝ ΕΝΣΩΜΑΤΩΜΕΝΕΣ ΣΤΟ ΛΕΙΤΟΥΡΓΙΚΟ ΚΟΣΤΟΣ / Αποσβέσεις κτιρίων - εγκαταστάσεων κτιρίων - τεχνικών έργων / Αποσβέσεις διαμόρφωσης γηπέδων τρίτων  εκτός εκμετάλλευσης,missing_root_type
,Αποσβέσεις κτιρίων - εγκαταστάσεις κτιρίων σε ακίνητα τρίτων,,unspecified,,0,,ΟΡΓΑΝΙΚΑ ΈΞΟΔΑ ΚΑΤΑ ΕΙΔΟΣ / ΑΠΟΣΒΕΣΕΙΣ ΠΑΓΕΙΩΝ ΣΤΟΙΧΕΙΩΝ ΕΝΣΩΜΑΤΩΜΕΝΕΣ ΣΤΟ ΛΕΙΤΟΥΡΓΙΚΟ ΚΟΣΤΟΣ / Αποσβέσεις κτιρίων - εγκαταστάσεων κτιρίων - τεχνικών έργων,,,,ΟΡΓΑΝΙΚΑ ΈΞΟΔΑ ΚΑΤΑ ΕΙΔΟΣ / ΑΠΟΣΒΕΣΕΙΣ ΠΑΓΕΙΩΝ ΣΤΟΙΧΕΙΩΝ ΕΝΣΩΜΑΤΩΜΕΝΕΣ ΣΤΟ ΛΕΙΤΟΥΡΓΙΚΟ ΚΟΣΤΟΣ / Αποσβέσεις κτιρίων - εγκαταστάσεων κτιρίων - τεχνικών έργων / Αποσβέσεις κτιρίων - εγκαταστάσεις κτιρίων σε ακίνητα τρίτων,missing_root_type
,Αποσβέσεις κτιρίων - εγκαταστάσεις κτιρίων σε ακίνητα τρίτων εκτός εκμετάλλευσης,,unspecified,,0,,ΟΡΓΑΝΙΚΑ ΈΞΟΔΑ ΚΑΤΑ ΕΙΔΟΣ / ΑΠΟΣΒΕΣΕΙΣ ΠΑΓΕΙΩΝ ΣΤΟΙΧΕΙΩΝ ΕΝΣΩΜΑΤΩΜΕΝΕΣ ΣΤΟ ΛΕΙΤΟΥΡΓΙΚΟ ΚΟΣΤΟΣ / Αποσβέσεις κτιρίων - εγκαταστάσεων κτιρίων - τεχνικών έργων,,,,ΟΡΓΑΝΙΚΑ ΈΞΟΔΑ ΚΑΤΑ ΕΙΔΟΣ / ΑΠΟΣΒΕΣΕΙΣ ΠΑΓΕΙΩΝ ΣΤΟΙΧΕΙΩΝ ΕΝΣΩΜΑΤΩΜΕΝΕΣ ΣΤΟ ΛΕΙΤΟΥΡΓΙΚΟ ΚΟΣΤΟΣ / Αποσβέσεις κτιρίων - εγκαταστάσεων κτιρίων - τεχνικών έργων / Αποσβέσεις κτιρίων - εγκαταστάσεις κτιρίων σε ακίνητα τρίτων εκτός εκμετάλλευσης,missing_root_type
,Αποσβέσεις κτιρίων - εγκαταστάσεων κτιρίων,,unspecified,,0,,ΟΡΓΑΝΙΚΑ ΈΞΟΔΑ ΚΑΤΑ ΕΙΔΟΣ / ΑΠΟΣΒΕΣΕΙΣ ΠΑΓΕΙΩΝ ΣΤΟΙΧΕΙΩΝ ΕΝΣΩΜΑΤΩΜΕΝΕΣ ΣΤΟ ΛΕΙΤΟΥΡΓΙΚΟ ΚΟΣΤΟΣ / Αποσβέσεις κτιρίων - εγκαταστάσεων κτιρίων - τεχνικών έργων,,,,ΟΡΓΑΝΙΚΑ ΈΞΟΔΑ ΚΑΤΑ ΕΙΔΟΣ / ΑΠΟΣΒΕΣΕΙΣ ΠΑΓΕΙΩΝ ΣΤΟΙΧΕΙΩΝ ΕΝΣΩΜΑΤΩΜΕΝΕΣ ΣΤΟ ΛΕΙΤΟΥΡΓΙΚΟ ΚΟΣΤΟΣ / Αποσβέσεις κτιρίων - εγκαταστάσεων κτιρίων - τεχνικών έργων / Αποσβέσεις κτιρίων - εγκαταστάσεων κτιρίων,missing_root_type
,Αποσβέσεις κτιρίων - εγκαταστάσεων κτιρίων εκτός εκμετάλλευσης,,unspecified,,0,,ΟΡΓΑΝΙΚΑ ΈΞΟΔΑ ΚΑΤΑ ΕΙΔΟΣ / ΑΠΟΣΒΕΣΕΙΣ ΠΑΓΕΙΩΝ ΣΤΟΙΧΕΙΩΝ ΕΝΣΩΜΑΤΩΜΕΝΕΣ ΣΤΟ ΛΕΙΤΟΥΡΓΙΚΟ ΚΟΣΤΟΣ / Αποσβέσεις κτιρίων - εγκαταστάσεων κτιρίων - τεχνικών έργων,,,,ΟΡΓΑΝΙΚΑ ΈΞΟΔΑ ΚΑΤΑ ΕΙΔΟΣ / ΑΠΟΣΒΕΣΕΙΣ ΠΑΓΕΙΩΝ ΣΤΟΙΧΕΙΩΝ ΕΝΣΩΜΑΤΩΜΕΝΕΣ ΣΤΟ ΛΕΙΤΟΥΡΓΙΚΟ ΚΟΣΤΟΣ / Αποσβέσεις κτιρίων - εγκαταστάσεων κτιρίων - τεχνικών έργων / Αποσβέσεις κτιρίων - εγκαταστάσεων κτιρίων εκτός εκμετάλλευσης,missing_root_type
,Αποσβέσεις λοιπών τεχνικών έργων,,unspecified,,0,,ΟΡΓΑΝΙΚΑ ΈΞΟΔΑ ΚΑΤΑ ΕΙΔΟΣ / ΑΠΟΣΒΕΣΕΙΣ ΠΑΓΕΙΩΝ ΣΤΟΙΧΕΙΩΝ ΕΝΣΩΜΑΤΩΜΕΝΕΣ ΣΤΟ ΛΕΙΤΟΥΡΓΙΚΟ ΚΟΣΤΟΣ / Αποσβέσεις κτιρίων - εγκαταστάσεων κτιρίων - τεχνικών έργων,,,,ΟΡΓΑΝΙΚΑ ΈΞΟΔΑ ΚΑΤΑ ΕΙΔΟΣ / ΑΠΟΣΒΕΣΕΙΣ ΠΑΓΕΙΩΝ ΣΤΟΙΧΕΙΩΝ ΕΝΣΩΜΑΤΩΜΕΝΕΣ ΣΤΟ ΛΕΙΤΟΥΡΓΙΚΟ ΚΟΣΤΟΣ / Αποσβέσεις κτιρίων - εγκαταστάσεων κτιρίων - τεχνικών έργων / Αποσβέσεις λοιπών τεχνικών έργων,missing_root_type
,Αποσβέσεις λοιπών τεχνικών έργων εκτός εκμετάλλευσης,,unspecified,,0,,ΟΡΓΑΝΙΚΑ ΈΞΟΔΑ ΚΑΤΑ ΕΙΔΟΣ / ΑΠΟΣΒΕΣΕΙΣ ΠΑΓΕΙΩΝ ΣΤΟΙΧΕΙΩΝ ΕΝΣΩΜΑΤΩΜΕΝΕΣ ΣΤΟ ΛΕΙΤΟΥΡΓΙΚΟ ΚΟΣΤΟΣ / Αποσβέσεις κτιρίων - εγκαταστάσεων κτιρίων - τεχνικών έργων,,,,ΟΡΓΑΝΙΚΑ ΈΞΟΔΑ ΚΑΤΑ ΕΙΔΟΣ / ΑΠΟΣΒΕΣΕΙΣ ΠΑΓΕΙΩΝ ΣΤΟΙΧΕΙΩΝ ΕΝΣΩΜΑΤΩΜΕΝΕΣ ΣΤΟ ΛΕΙΤΟΥΡΓΙΚΟ ΚΟΣΤΟΣ / Αποσβέσεις κτιρίων - εγκαταστάσεων κτιρίων - τεχνικών έργων / Αποσβέσεις λοιπών τεχνικών έργων εκτός εκμετάλλευσης,missing_root_type
,Αποσβέσεις λοιπών τεχνικών έργων σε ακίνητα τρίτων,,unspecified,,0,,ΟΡΓΑΝΙΚΑ ΈΞΟΔΑ ΚΑΤΑ ΕΙΔΟΣ / ΑΠΟΣΒΕΣΕΙΣ ΠΑΓΕΙΩΝ ΣΤΟΙΧΕΙΩΝ ΕΝΣΩΜΑΤΩΜΕΝΕΣ ΣΤΟ ΛΕΙΤΟΥΡΓΙΚΟ ΚΟΣΤΟΣ / Αποσβέσεις κτιρίων - εγκαταστάσεων κτιρίων - τεχνικών έργων,,,,ΟΡΓΑΝΙΚΑ ΈΞΟΔΑ ΚΑΤΑ ΕΙΔΟΣ / ΑΠΟΣΒΕΣΕΙΣ ΠΑΓΕΙΩΝ ΣΤΟΙΧΕΙΩΝ ΕΝΣΩΜΑΤΩΜΕΝΕΣ ΣΤΟ ΛΕΙΤΟΥΡΓΙΚΟ ΚΟΣΤΟΣ / Αποσβέσεις κτιρίων - εγκαταστάσεων κτιρίων - τεχνικών έργων / Αποσβέσεις λοιπών τεχνικών έργων σε ακίνητα τρίτων,missing_root_type
,Αποσβέσεις λοιπών τεχνικών έργων σε ακίνητα τρίτων εκτός εκμετάλλευσης,,unspecified,,0,,ΟΡΓΑΝΙΚΑ ΈΞΟΔΑ ΚΑΤΑ ΕΙΔΟΣ / ΑΠΟΣΒΕΣΕΙΣ ΠΑΓΕΙΩΝ ΣΤΟΙΧΕΙΩΝ ΕΝΣΩΜΑΤΩΜΕΝΕΣ ΣΤΟ ΛΕΙΤΟΥΡΓΙΚΟ ΚΟΣΤΟΣ / Αποσβέσεις κτιρίων - εγκαταστάσεων κτιρίων - τεχνικών έργων,,,,ΟΡΓΑΝΙΚΑ ΈΞΟΔΑ ΚΑΤΑ ΕΙΔΟΣ / ΑΠΟΣΒΕΣΕΙΣ ΠΑΓΕΙΩΝ ΣΤΟΙΧΕΙΩΝ ΕΝΣΩΜΑΤΩΜΕΝΕΣ ΣΤΟ ΛΕΙΤΟΥΡΓΙΚΟ ΚΟΣΤΟΣ / Αποσβέσεις κτιρίων - εγκαταστάσεων κτιρίων - τεχνικών έργων / Αποσβέσεις λοιπών τεχνικών έργων σε ακίνητα τρίτων εκτός εκμετάλλευσης,missing_root_type
,Αποσβέσεις μεταφορικών μέσων,,group,,1,,ΟΡΓΑΝΙΚΑ ΈΞΟΔΑ ΚΑΤΑ ΕΙΔΟΣ / ΑΠΟΣΒΕΣΕΙΣ ΠΑΓΕΙΩΝ ΣΤΟΙΧΕΙΩΝ ΕΝΣΩΜΑΤΩΜΕΝΕΣ ΣΤΟ ΛΕΙΤΟΥΡΓΙΚΟ ΚΟΣΤΟΣ,,,,ΟΡΓΑΝΙΚΑ ΈΞΟΔΑ ΚΑΤΑ ΕΙΔΟΣ / ΑΠΟΣΒΕΣΕΙΣ ΠΑΓΕΙΩΝ ΣΤΟΙΧΕΙΩΝ ΕΝΣΩΜΑΤΩΜΕΝΕΣ ΣΤΟ ΛΕΙΤΟΥΡΓΙΚΟ ΚΟΣΤΟΣ / Αποσβέσεις μεταφορικών μέσων,missing_root_type
,Αποσβέσεις αυτοκινήτων λεωφορείων,,unspecified,,0,,ΟΡΓΑΝΙΚΑ ΈΞΟΔΑ ΚΑΤΑ ΕΙΔΟΣ / ΑΠΟΣΒΕΣΕΙΣ ΠΑΓΕΙΩΝ ΣΤΟΙΧΕΙΩΝ ΕΝΣΩΜΑΤΩΜΕΝΕΣ ΣΤΟ ΛΕΙΤΟΥΡΓΙΚΟ ΚΟΣΤΟΣ / Αποσβέσεις μεταφορικών μέσων,,,,ΟΡΓΑΝΙΚΑ ΈΞΟΔΑ ΚΑΤΑ ΕΙΔΟΣ / ΑΠΟΣΒΕΣΕΙΣ ΠΑΓΕΙΩΝ ΣΤΟΙΧΕΙΩΝ ΕΝΣΩΜΑΤΩΜΕΝΕΣ ΣΤΟ ΛΕΙΤΟΥΡΓΙΚΟ ΚΟΣΤΟΣ / Αποσβέσεις μεταφορικών μέσων / Αποσβέσεις αυτοκινήτων λεωφορείων,missing_root_type
,Αποσβέσεις αυτοκινήτων λεωφορείων εκτός εκμετάλλευσης,,unspecified,,0,,ΟΡΓΑΝΙΚΑ ΈΞΟΔΑ ΚΑΤΑ ΕΙΔΟΣ / ΑΠΟΣΒΕΣΕΙΣ ΠΑΓΕΙΩΝ ΣΤΟΙΧΕΙΩΝ ΕΝΣΩΜΑΤΩΜΕΝΕΣ ΣΤΟ ΛΕΙΤΟΥΡΓΙΚΟ ΚΟΣΤΟΣ / Αποσβέσεις μεταφορικών μέσων,,,,ΟΡΓΑΝΙΚΑ ΈΞΟΔΑ ΚΑΤΑ ΕΙΔΟΣ / ΑΠΟΣΒΕΣΕΙΣ ΠΑΓΕΙΩΝ ΣΤΟΙΧΕΙΩΝ ΕΝΣΩΜΑΤΩΜΕΝΕΣ ΣΤΟ ΛΕΙΤΟΥΡΓΙΚΟ ΚΟΣΤΟΣ / Αποσβέσεις μεταφορικών μέσων / Αποσβέσεις αυτοκινήτων λεωφορείων εκτός εκμετάλλευσης,missing_root_type
,Αποσβέσεις αυτοκινήτων φορτηγών - ρυμουλκών - Ειδικής χρήσης,,unspecified,,0,,ΟΡΓΑΝΙΚΑ ΈΞΟΔΑ ΚΑΤΑ ΕΙΔΟΣ / ΑΠΟΣΒΕΣΕΙΣ ΠΑΓΕΙΩΝ ΣΤΟΙΧΕΙΩΝ ΕΝΣΩΜΑΤΩΜΕΝΕΣ ΣΤΟ ΛΕΙΤΟΥΡΓΙΚΟ ΚΟΣΤΟΣ / Αποσβέσεις μεταφορικών μέσων,,,,ΟΡΓΑΝΙΚΑ ΈΞΟΔΑ ΚΑΤΑ ΕΙΔΟΣ / ΑΠΟΣΒΕΣΕΙΣ ΠΑΓΕΙΩΝ ΣΤΟΙΧΕΙΩΝ ΕΝΣΩΜΑΤΩΜΕΝΕΣ ΣΤΟ ΛΕΙΤΟΥΡΓΙΚΟ ΚΟΣΤΟΣ / Αποσβέσεις μεταφορικών μέσων / Αποσβέσεις αυτοκινήτων φορτηγών - ρυμουλκών - Ειδικής χρήσης,missing_root_type
,Αποσβέσεις αυτοκινήτων φορτηγών - ρυμουλκών - Ειδικής χρήσης εκτός εκμετάλλευσης,,unspecified,,0,,ΟΡΓΑΝΙΚΑ ΈΞΟΔΑ ΚΑΤΑ ΕΙΔΟΣ / ΑΠΟΣΒΕΣΕΙΣ ΠΑΓΕΙΩΝ ΣΤΟΙΧΕΙΩΝ ΕΝΣΩΜΑΤΩΜΕΝΕΣ ΣΤΟ ΛΕΙΤΟΥΡΓΙΚΟ ΚΟΣΤΟΣ / Αποσβέσεις μεταφορικών μέσων,,,,ΟΡΓΑΝΙΚΑ ΈΞΟΔΑ ΚΑΤΑ ΕΙΔΟΣ / ΑΠΟΣΒΕΣΕΙΣ ΠΑΓΕΙΩΝ ΣΤΟΙΧΕΙΩΝ ΕΝΣΩΜΑΤΩΜΕΝΕΣ ΣΤΟ ΛΕΙΤΟΥΡΓΙΚΟ ΚΟΣΤΟΣ / Αποσβέσεις μεταφορικών μέσων / Αποσβέσεις αυτοκινήτων φορτηγών - ρυμουλκών - Ειδικής χρήσης εκτός εκμετάλλευσης,missing_root_type
,Αποσβέσεις εναέριων μέσων,,unspecified,,0,,ΟΡΓΑΝΙΚΑ ΈΞΟΔΑ ΚΑΤΑ ΕΙΔΟΣ / ΑΠΟΣΒΕΣΕΙΣ ΠΑΓΕΙΩΝ ΣΤΟΙΧΕΙΩΝ ΕΝΣΩΜΑΤΩΜΕΝΕΣ ΣΤΟ ΛΕΙΤΟΥΡΓΙΚΟ ΚΟΣΤΟΣ / Αποσβέσεις μεταφορικών μέσων,,,,ΟΡΓΑΝΙΚΑ ΈΞΟΔΑ ΚΑΤΑ ΕΙΔΟΣ / ΑΠΟΣΒΕΣΕΙΣ ΠΑΓΕΙΩΝ ΣΤΟΙΧΕΙΩΝ ΕΝΣΩΜΑΤΩΜΕΝΕΣ ΣΤΟ ΛΕΙΤΟΥΡΓΙΚΟ ΚΟΣΤΟΣ / Αποσβέσεις μεταφορικών μέσων / Αποσβέσεις εναέριων μέσων,missing_root_type
,Αποσβέσεις εναέριων μέσων εκτός εκμετάλλευσης,,unspecified,,0,,ΟΡΓΑΝΙΚΑ ΈΞΟΔΑ ΚΑΤΑ ΕΙΔΟΣ / ΑΠΟΣΒΕΣΕΙΣ ΠΑΓΕΙΩΝ ΣΤΟΙΧΕΙΩΝ ΕΝΣΩΜΑΤΩΜΕΝΕΣ ΣΤΟ ΛΕΙΤΟΥΡΓΙΚΟ ΚΟΣΤΟΣ / Αποσβέσεις μεταφορικών μέσων,,,,ΟΡΓΑΝΙΚΑ ΈΞΟΔΑ ΚΑΤΑ ΕΙΔΟΣ / ΑΠΟΣΒΕΣΕΙΣ ΠΑΓΕΙΩΝ ΣΤΟΙΧΕΙΩΝ ΕΝΣΩΜΑΤΩΜΕΝΕΣ ΣΤΟ ΛΕΙΤΟΥΡΓΙΚΟ ΚΟΣΤΟΣ / Αποσβέσεις μεταφορικών μέσων / Αποσβέσεις εναέριων μέσων εκτός εκμετάλλευσης,missing_root_type
,Αποσβέσεις λοιπων μέσων μεταφοράς,,unspecified,,0,,ΟΡΓΑΝΙΚΑ ΈΞΟΔΑ ΚΑΤΑ ΕΙΔΟΣ / ΑΠΟΣΒΕΣΕΙΣ ΠΑΓΕΙΩΝ ΣΤΟΙΧΕΙΩΝ ΕΝΣΩΜΑΤΩΜΕΝΕΣ ΣΤΟ ΛΕΙΤΟΥΡΓΙΚΟ ΚΟΣΤΟΣ / Αποσβέσεις μεταφορικών μέσων,,,,ΟΡΓΑΝΙΚΑ ΈΞΟΔΑ ΚΑΤΑ ΕΙΔΟΣ / ΑΠΟΣΒΕΣΕΙΣ ΠΑΓΕΙΩΝ ΣΤΟΙΧΕΙΩΝ ΕΝΣΩΜΑΤΩΜΕΝΕΣ ΣΤΟ ΛΕΙΤΟΥΡΓΙΚΟ ΚΟΣΤΟΣ / Αποσβέσεις μεταφορικών μέσων / Αποσβέσεις λοιπων μέσων μεταφοράς,missing_root_type
,Αποσβέσεις λοιπων μέσων μεταφοράς εκτός εκμετάλλευσης,,unspecified,,0,,ΟΡΓΑΝΙΚΑ ΈΞΟΔΑ ΚΑΤΑ ΕΙΔΟΣ / ΑΠΟΣΒΕΣΕΙΣ ΠΑΓΕΙΩΝ ΣΤΟΙΧΕΙΩΝ ΕΝΣΩΜΑΤΩΜΕΝΕΣ ΣΤΟ ΛΕΙΤΟΥΡΓΙΚΟ ΚΟΣΤΟΣ / Αποσβέσεις μεταφορικών μέσων,,,,ΟΡΓΑΝΙΚΑ ΈΞΟΔΑ ΚΑΤΑ ΕΙΔΟΣ / ΑΠΟΣΒΕΣΕΙΣ ΠΑΓΕΙΩΝ ΣΤΟΙΧΕΙΩΝ ΕΝΣΩΜΑΤΩΜΕΝΕΣ ΣΤΟ ΛΕΙΤΟΥΡΓΙΚΟ ΚΟΣΤΟΣ / Αποσβέσεις μεταφορικών μέσων / Αποσβέσεις λοιπων μέσων μεταφοράς εκτός εκμετάλλευσης,missing_root_type
,Αποσβέσεις λοιπών επιβατικών αυτοκινήτων,,unspecified,,0,,ΟΡΓΑΝΙΚΑ ΈΞΟΔΑ ΚΑΤΑ ΕΙΔΟΣ / ΑΠΟΣΒΕΣΕΙΣ ΠΑΓΕΙΩΝ ΣΤΟΙΧΕΙΩΝ ΕΝΣΩΜΑΤΩΜΕΝΕΣ ΣΤΟ ΛΕΙΤΟΥΡΓΙΚΟ ΚΟΣΤΟΣ / Αποσβέσεις μεταφορικών μέσων,,,,ΟΡΓΑΝΙΚΑ ΈΞΟΔΑ ΚΑΤΑ ΕΙΔΟΣ / ΑΠΟΣΒΕΣΕΙΣ ΠΑΓΕΙΩΝ ΣΤΟΙΧΕΙΩΝ ΕΝΣΩΜΑΤΩΜΕΝΕΣ ΣΤΟ ΛΕΙΤΟΥΡΓΙΚΟ ΚΟΣΤΟΣ / Αποσβέσεις μεταφορικών μέσων / Αποσβέσεις λοιπών επιβατικών αυτοκινήτων,missing_root_type
,Αποσβέσεις λοιπών επιβατικών αυτοκινήτων εκτός εκμετάλλευσης,,unspecified,,0,,ΟΡΓΑΝΙΚΑ ΈΞΟΔΑ ΚΑΤΑ ΕΙΔΟΣ / ΑΠΟΣΒΕΣΕΙΣ ΠΑΓΕΙΩΝ ΣΤΟΙΧΕΙΩΝ ΕΝΣΩΜΑΤΩΜΕΝΕΣ ΣΤΟ ΛΕΙΤΟΥΡΓΙΚΟ ΚΟΣΤΟΣ / Αποσβέσεις μεταφορικών μέσων,,,,ΟΡΓΑΝΙΚΑ ΈΞΟΔΑ ΚΑΤΑ ΕΙΔΟΣ / ΑΠΟΣΒΕΣΕΙΣ ΠΑΓΕΙΩΝ ΣΤΟΙΧΕΙΩΝ ΕΝΣΩΜΑΤΩΜΕΝΕΣ ΣΤΟ ΛΕΙΤΟΥΡΓΙΚΟ ΚΟΣΤΟΣ / Αποσβέσεις μεταφορικών μέσων / Αποσβέσεις λοιπών επιβατικών αυτοκινήτων εκτός εκμετάλλευσης,missing_root_type
,Αποσβέσεις μέσων εσωτερικών μεταφορών,,unspecified,,0,,ΟΡΓΑΝΙΚΑ ΈΞΟΔΑ ΚΑΤΑ ΕΙΔΟΣ / ΑΠΟΣΒΕΣΕΙΣ ΠΑΓΕΙΩΝ ΣΤΟΙΧΕΙΩΝ ΕΝΣΩΜΑΤΩΜΕΝΕΣ ΣΤΟ ΛΕΙΤΟΥΡΓΙΚΟ ΚΟΣΤΟΣ / Αποσβέσεις μεταφορικών μέσων,,,,ΟΡΓΑΝΙΚΑ ΈΞΟΔΑ ΚΑΤΑ ΕΙΔΟΣ / ΑΠΟΣΒΕΣΕΙΣ ΠΑΓΕΙΩΝ ΣΤΟΙΧΕΙΩΝ ΕΝΣΩΜΑΤΩΜΕΝΕΣ ΣΤΟ ΛΕΙΤΟΥΡΓΙΚΟ ΚΟΣΤΟΣ / Αποσβέσεις μεταφορικών μέσων / Αποσβέσεις μέσων εσωτερικών μεταφορών,missing_root_type
,Αποσβέσεις μέσων εσωτερικών μεταφορών εκτός εκμετάλλευσης,,unspecified,,0,,ΟΡΓΑΝΙΚΑ ΈΞΟΔΑ ΚΑΤΑ ΕΙΔΟΣ / ΑΠΟΣΒΕΣΕΙΣ ΠΑΓΕΙΩΝ ΣΤΟΙΧΕΙΩΝ ΕΝΣΩΜΑΤΩΜΕΝΕΣ ΣΤΟ ΛΕΙΤΟΥΡΓΙΚΟ ΚΟΣΤΟΣ / Αποσβέσεις μεταφορικών μέσων,,,,ΟΡΓΑΝΙΚΑ ΈΞΟΔΑ ΚΑΤΑ ΕΙΔΟΣ / ΑΠΟΣΒΕΣΕΙΣ ΠΑΓΕΙΩΝ ΣΤΟΙΧΕΙΩΝ ΕΝΣΩΜΑΤΩΜΕΝΕΣ ΣΤΟ ΛΕΙΤΟΥΡΓΙΚΟ ΚΟΣΤΟΣ / Αποσβέσεις μεταφορικών μέσων / Αποσβέσεις μέσων εσωτερικών μεταφορών εκτός εκμετάλλευσης,missing_root_type
,Αποσβέσεις πλωτών μέσων,,unspecified,,0,,ΟΡΓΑΝΙΚΑ ΈΞΟΔΑ ΚΑΤΑ ΕΙΔΟΣ / ΑΠΟΣΒΕΣΕΙΣ ΠΑΓΕΙΩΝ ΣΤΟΙΧΕΙΩΝ ΕΝΣΩΜΑΤΩΜΕΝΕΣ ΣΤΟ ΛΕΙΤΟΥΡΓΙΚΟ ΚΟΣΤΟΣ / Αποσβέσεις μεταφορικών μέσων,,,,ΟΡΓΑΝΙΚΑ ΈΞΟΔΑ ΚΑΤΑ ΕΙΔΟΣ / ΑΠΟΣΒΕΣΕΙΣ ΠΑΓΕΙΩΝ ΣΤΟΙΧΕΙΩΝ ΕΝΣΩΜΑΤΩΜΕΝΕΣ ΣΤΟ ΛΕΙΤΟΥΡΓΙΚΟ ΚΟΣΤΟΣ / Αποσβέσεις μεταφορικών μέσων / Αποσβέσεις πλωτών μέσων,missing_root_type
,Αποσβέσεις πλωτών μέσων εκτός εκμετάλλευσης,,unspecified,,0,,ΟΡΓΑΝΙΚΑ ΈΞΟΔΑ ΚΑΤΑ ΕΙΔΟΣ / ΑΠΟΣΒΕΣΕΙΣ ΠΑΓΕΙΩΝ ΣΤΟΙΧΕΙΩΝ ΕΝΣΩΜΑΤΩΜΕΝΕΣ ΣΤΟ ΛΕΙΤΟΥΡΓΙΚΟ ΚΟΣΤΟΣ / Αποσβέσεις μεταφορικών μέσων,,,,ΟΡΓΑΝΙΚΑ ΈΞΟΔΑ ΚΑΤΑ ΕΙΔΟΣ / ΑΠΟΣΒΕΣΕΙΣ ΠΑΓΕΙΩΝ ΣΤΟΙΧΕΙΩΝ ΕΝΣΩΜΑΤΩΜΕΝΕΣ ΣΤΟ ΛΕΙΤΟΥΡΓΙΚΟ ΚΟΣΤΟΣ / Αποσβέσεις μεταφορικών μέσων / Αποσβέσεις πλωτών μέσων εκτός εκμετάλλευσης,missing_root_type
,Αποσβέσεις σιδηροδρομικών οχημάτων,,unspecified,,0,,ΟΡΓΑΝΙΚΑ ΈΞΟΔΑ ΚΑΤΑ ΕΙΔΟΣ / ΑΠΟΣΒΕΣΕΙΣ ΠΑΓΕΙΩΝ ΣΤΟΙΧΕΙΩΝ ΕΝΣΩΜΑΤΩΜΕΝΕΣ ΣΤΟ ΛΕΙΤΟΥΡΓΙΚΟ ΚΟΣΤΟΣ / Αποσβέσεις μεταφορικών μέσων,,,,ΟΡΓΑΝΙΚΑ ΈΞΟΔΑ ΚΑΤΑ ΕΙΔΟΣ / ΑΠΟΣΒΕΣΕΙΣ ΠΑΓΕΙΩΝ ΣΤΟΙΧΕΙΩΝ ΕΝΣΩΜΑΤΩΜΕΝΕΣ ΣΤΟ ΛΕΙΤΟΥΡΓΙΚΟ ΚΟΣΤΟΣ / Αποσβέσεις μεταφορικών μέσων / Αποσβέσεις σιδηροδρομικών οχημάτων,missing_root_type
,Αποσβέσεις σιδηροδρομικών οχημάτων εκτός εκμετάλλευσης,,unspecified,,0,,ΟΡΓΑΝΙΚΑ ΈΞΟΔΑ ΚΑΤΑ ΕΙΔΟΣ / ΑΠΟΣΒΕΣΕΙΣ ΠΑΓΕΙΩΝ ΣΤΟΙΧΕΙΩΝ ΕΝΣΩΜΑΤΩΜΕΝΕΣ ΣΤΟ ΛΕΙΤΟΥΡΓΙΚΟ ΚΟΣΤΟΣ / Αποσβέσεις μεταφορικών μέσων,,,,ΟΡΓΑΝΙΚΑ ΈΞΟΔΑ ΚΑΤΑ ΕΙΔΟΣ / ΑΠΟΣΒΕΣΕΙΣ ΠΑΓΕΙΩΝ ΣΤΟΙΧΕΙΩΝ ΕΝΣΩΜΑΤΩΜΕΝΕΣ ΣΤΟ ΛΕΙΤΟΥΡΓΙΚΟ ΚΟΣΤΟΣ / Αποσβέσεις μεταφορικών μέσων / Αποσβέσεις σιδηροδρομικών οχημάτων εκτός εκμετάλλευσης,missing_root_type
,Αποσβέσεις μηχανημάτων - τεχνικών εγκαταστάσεων - λοιπών  μηχανολογικού εξοπλισμού,,group,,1,,ΟΡΓΑΝΙΚΑ ΈΞΟΔΑ ΚΑΤΑ ΕΙΔΟΣ / ΑΠΟΣΒΕΣΕΙΣ ΠΑΓΕΙΩΝ ΣΤΟΙΧΕΙΩΝ ΕΝΣΩΜΑΤΩΜΕΝΕΣ ΣΤΟ ΛΕΙΤΟΥΡΓΙΚΟ ΚΟΣΤΟΣ,,,,ΟΡΓΑΝΙΚΑ ΈΞΟΔΑ ΚΑΤΑ ΕΙΔΟΣ / ΑΠΟΣΒΕΣΕΙΣ ΠΑΓΕΙΩΝ ΣΤΟΙΧΕΙΩΝ ΕΝΣΩΜΑΤΩΜΕΝΕΣ ΣΤΟ ΛΕΙΤΟΥΡΓΙΚΟ ΚΟΣΤΟΣ / Αποσβέσεις μηχανημάτων - τεχνικών εγκαταστάσεων - λοιπών  μηχανολογικού εξοπλισμού,missing_root_type
,Αποσβέσεις εργαλείων,,unspecified,,0,,ΟΡΓΑΝΙΚΑ ΈΞΟΔΑ ΚΑΤΑ ΕΙΔΟΣ / ΑΠΟΣΒΕΣΕΙΣ ΠΑΓΕΙΩΝ ΣΤΟΙΧΕΙΩΝ ΕΝΣΩΜΑΤΩΜΕΝΕΣ ΣΤΟ ΛΕΙΤΟΥΡΓΙΚΟ ΚΟΣΤΟΣ / Αποσβέσεις μηχανημάτων - τεχνικών εγκαταστάσεων - λοιπών  μηχανολογικού εξοπλισμού,,,,ΟΡΓΑΝΙΚΑ ΈΞΟΔΑ ΚΑΤΑ ΕΙΔΟΣ / ΑΠΟΣΒΕΣΕΙΣ ΠΑΓΕΙΩΝ ΣΤΟΙΧΕΙΩΝ ΕΝΣΩΜΑΤΩΜΕΝΕΣ ΣΤΟ ΛΕΙΤΟΥΡΓΙΚΟ ΚΟΣΤΟΣ / Αποσβέσεις μηχανημάτων - τεχνικών εγκαταστάσεων - λοιπών  μηχανολογικού εξοπλισμού / Αποσβέσεις εργαλείων,missing_root_type
,Αποσβέσεις εργαλείων εκτός εκμετάλλευσης,,unspecified,,0,,ΟΡΓΑΝΙΚΑ ΈΞΟΔΑ ΚΑΤΑ ΕΙΔΟΣ / ΑΠΟΣΒΕΣΕΙΣ ΠΑΓΕΙΩΝ ΣΤΟΙΧΕΙΩΝ ΕΝΣΩΜΑΤΩΜΕΝΕΣ ΣΤΟ ΛΕΙΤΟΥΡΓΙΚΟ ΚΟΣΤΟΣ / Αποσβέσεις μηχανημάτων - τεχνικών εγκαταστάσεων - λοιπών  μηχανολογικού εξοπλισμού,,,,ΟΡΓΑΝΙΚΑ ΈΞΟΔΑ ΚΑΤΑ ΕΙΔΟΣ / ΑΠΟΣΒΕΣΕΙΣ ΠΑΓΕΙΩΝ ΣΤΟΙΧΕΙΩΝ ΕΝΣΩΜΑΤΩΜΕΝΕΣ ΣΤΟ ΛΕΙΤΟΥΡΓΙΚΟ ΚΟΣΤΟΣ / Αποσβέσεις μηχανημάτων - τεχνικών εγκαταστάσεων - λοιπών  μηχανολογικού εξοπλισμού / Αποσβέσεις εργαλείων εκτός εκμετάλλευσης,missing_root_type
,Αποσβέσεις καλουπιών - ιδιοκατασκευών,,unspecified,,0,,ΟΡΓΑΝΙΚΑ ΈΞΟΔΑ ΚΑΤΑ ΕΙΔΟΣ / ΑΠΟΣΒΕΣΕΙΣ ΠΑΓΕΙΩΝ ΣΤΟΙΧΕΙΩΝ ΕΝΣΩΜΑΤΩΜΕΝΕΣ ΣΤΟ ΛΕΙΤΟΥΡΓΙΚΟ ΚΟΣΤΟΣ / Αποσβέσεις μηχανημάτων - τεχνικών εγκαταστάσεων - λοιπών  μηχανολογικού εξοπλισμού,,,,ΟΡΓΑΝΙΚΑ ΈΞΟΔΑ ΚΑΤΑ ΕΙΔΟΣ / ΑΠΟΣΒΕΣΕΙΣ ΠΑΓΕΙΩΝ ΣΤΟΙΧΕΙΩΝ ΕΝΣΩΜΑΤΩΜΕΝΕΣ ΣΤΟ ΛΕΙΤΟΥΡΓΙΚΟ ΚΟΣΤΟΣ / Αποσβέσεις μηχανημάτων - τεχνικών εγκαταστάσεων - λοιπών  μηχανολογικού εξοπλισμού / Αποσβέσεις καλουπιών - ιδιοκατασκευών,missing_root_type
,Αποσβέσεις καλουπιών - ιδιοκατασκευών εκτός εκμετάλλευσης,,unspecified,,0,,ΟΡΓΑΝΙΚΑ ΈΞΟΔΑ ΚΑΤΑ ΕΙΔΟΣ / ΑΠΟΣΒΕΣΕΙΣ ΠΑΓΕΙΩΝ ΣΤΟΙΧΕΙΩΝ ΕΝΣΩΜΑΤΩΜΕΝΕΣ ΣΤΟ ΛΕΙΤΟΥΡΓΙΚΟ ΚΟΣΤΟΣ / Αποσβέσεις μηχανημάτων - τεχνικών εγκαταστάσεων - λοιπών  μηχανολογικού εξοπλισμού,,,,ΟΡΓΑΝΙΚΑ ΈΞΟΔΑ ΚΑΤΑ ΕΙΔΟΣ / ΑΠΟΣΒΕΣΕΙΣ ΠΑΓΕΙΩΝ ΣΤΟΙΧΕΙΩΝ ΕΝΣΩΜΑΤΩΜΕΝΕΣ ΣΤΟ ΛΕΙΤΟΥΡΓΙΚΟ ΚΟΣΤΟΣ / Αποσβέσεις μηχανημάτων - τεχνικών εγκαταστάσεων - λοιπών  μηχανολογικού εξοπλισμού / Αποσβέσεις καλουπιών - ιδιοκατασκευών εκτός εκμετάλλευσης,missing_root_type
,Αποσβέσεις λοιπού μηχανολογικού εξοπλισμού,,unspecified,,0,,ΟΡΓΑΝΙΚΑ ΈΞΟΔΑ ΚΑΤΑ ΕΙΔΟΣ / ΑΠΟΣΒΕΣΕΙΣ ΠΑΓΕΙΩΝ ΣΤΟΙΧΕΙΩΝ ΕΝΣΩΜΑΤΩΜΕΝΕΣ ΣΤΟ ΛΕΙΤΟΥΡΓΙΚΟ ΚΟΣΤΟΣ / Αποσβέσεις μηχανημάτων - τεχνικών εγκαταστάσεων - λοιπών  μηχανολογικού εξοπλισμού,,,,ΟΡΓΑΝΙΚΑ ΈΞΟΔΑ ΚΑΤΑ ΕΙΔΟΣ / ΑΠΟΣΒΕΣΕΙΣ ΠΑΓΕΙΩΝ ΣΤΟΙΧΕΙΩΝ ΕΝΣΩΜΑΤΩΜΕΝΕΣ ΣΤΟ ΛΕΙΤΟΥΡΓΙΚΟ ΚΟΣΤΟΣ / Αποσβέσεις μηχανημάτων - τεχνικών εγκαταστάσεων - λοιπών  μηχανολογικού εξοπλισμού / Αποσβέσεις λοιπού μηχανολογικού εξοπλισμού,missing_root_type
,Αποσβέσεις λοιπού μηχανολογικού εξοπλισμού εκτός εκμετάλλευσης,,unspecified,,0,,ΟΡΓΑΝΙΚΑ ΈΞΟΔΑ ΚΑΤΑ ΕΙΔΟΣ / ΑΠΟΣΒΕΣΕΙΣ ΠΑΓΕΙΩΝ ΣΤΟΙΧΕΙΩΝ ΕΝΣΩΜΑΤΩΜΕΝΕΣ ΣΤΟ ΛΕΙΤΟΥΡΓΙΚΟ ΚΟΣΤΟΣ / Αποσβέσεις μηχανημάτων - τεχνικών εγκαταστάσεων - λοιπών  μηχανολογικού εξοπλισμού,,,,ΟΡΓΑΝΙΚΑ ΈΞΟΔΑ ΚΑΤΑ ΕΙΔΟΣ / ΑΠΟΣΒΕΣΕΙΣ ΠΑΓΕΙΩΝ ΣΤΟΙΧΕΙΩΝ ΕΝΣΩΜΑΤΩΜΕΝΕΣ ΣΤΟ ΛΕΙΤΟΥΡΓΙΚΟ ΚΟΣΤΟΣ / Αποσβέσεις μηχανημάτων - τεχνικών εγκαταστάσεων - λοιπών  μηχανολογικού εξοπλισμού / Αποσβέσεις λοιπού μηχανολογικού εξοπλισμού εκτός εκμετάλλευσης,missing_root_type
,Αποσβέσεις λοιπού μηχανολογικού εξοπλισμού σε ακίνητα τρίτων,,unspecified,,0,,ΟΡΓΑΝΙΚΑ ΈΞΟΔΑ ΚΑΤΑ ΕΙΔΟΣ / ΑΠΟΣΒΕΣΕΙΣ ΠΑΓΕΙΩΝ ΣΤΟΙΧΕΙΩΝ ΕΝΣΩΜΑΤΩΜΕΝΕΣ ΣΤΟ ΛΕΙΤΟΥΡΓΙΚΟ ΚΟΣΤΟΣ / Αποσβέσεις μηχανημάτων - τεχνικών εγκαταστάσεων - λοιπών  μηχανολογικού εξοπλισμού,,,,ΟΡΓΑΝΙΚΑ ΈΞΟΔΑ ΚΑΤΑ ΕΙΔΟΣ / ΑΠΟΣΒΕΣΕΙΣ ΠΑΓΕΙΩΝ ΣΤΟΙΧΕΙΩΝ ΕΝΣΩΜΑΤΩΜΕΝΕΣ ΣΤΟ ΛΕΙΤΟΥΡΓΙΚΟ ΚΟΣΤΟΣ / Αποσβέσεις μηχανημάτων - τεχνικών εγκαταστάσεων - λοιπών  μηχανολογικού εξοπλισμού / Αποσβέσεις λοιπού μηχανολογικού εξοπλισμού σε ακίνητα τρίτων,missing_root_type
,Αποσβέσεις λοιπού μηχανολογικού εξοπλισμού σε ακίνητα τρίτων εκτός εκμετάλλευσης,,unspecified,,0,,ΟΡΓΑΝΙΚΑ ΈΞΟΔΑ ΚΑΤΑ ΕΙΔΟΣ / ΑΠΟΣΒΕΣΕΙΣ ΠΑΓΕΙΩΝ ΣΤΟΙΧΕΙΩΝ ΕΝΣΩΜΑΤΩΜΕΝΕΣ ΣΤΟ ΛΕΙΤΟΥΡΓΙΚΟ ΚΟΣΤΟΣ / Αποσβέσεις μηχανημάτων - τεχνικών εγκαταστάσεων - λοιπών  μηχανολογικού εξοπλισμού,,,,ΟΡΓΑΝΙΚΑ ΈΞΟΔΑ ΚΑΤΑ ΕΙΔΟΣ / ΑΠΟΣΒΕΣΕΙΣ ΠΑΓΕΙΩΝ ΣΤΟΙΧΕΙΩΝ ΕΝΣΩΜΑΤΩΜΕΝΕΣ ΣΤΟ ΛΕΙΤΟΥΡΓΙΚΟ ΚΟΣΤΟΣ / Αποσβέσεις μηχανημάτων - τεχνικών εγκαταστάσεων - λοιπών  μηχανολογικού εξοπλισμού / Αποσβέσεις λοιπού μηχανολογικού εξοπλισμού σε ακίνητα τρίτων εκτός εκμετάλλευσης,missing_root_type
,Αποσβέσεις μηχανημάτων,,unspecified,,0,,ΟΡΓΑΝΙΚΑ ΈΞΟΔΑ ΚΑΤΑ ΕΙΔΟΣ / ΑΠΟΣΒΕΣΕΙΣ ΠΑΓΕΙΩΝ ΣΤΟΙΧΕΙΩΝ ΕΝΣΩΜΑΤΩΜΕΝΕΣ ΣΤΟ ΛΕΙΤΟΥΡΓΙΚΟ ΚΟΣΤΟΣ / Αποσβέσεις μηχανημάτων - τεχνικών εγκαταστάσεων - λοιπών  μηχανολογικού εξοπλισμού,,,,ΟΡΓΑΝΙΚΑ ΈΞΟΔΑ ΚΑΤΑ ΕΙΔΟΣ / ΑΠΟΣΒΕΣΕΙΣ ΠΑΓΕΙΩΝ ΣΤΟΙΧΕΙΩΝ ΕΝΣΩΜΑΤΩΜΕΝΕΣ ΣΤΟ ΛΕΙΤΟΥΡΓΙΚΟ ΚΟΣΤΟΣ / Αποσβέσεις μηχανημάτων - τεχνικών εγκαταστάσεων - λοιπών  μηχανολογικού εξοπλισμού / Αποσβέσεις μηχανημάτων,missing_root_type
,Αποσβέσεις μηχανημάτων εκτός εκμετάλλευσης,,unspecified,,0,,ΟΡΓΑΝΙΚΑ ΈΞΟΔΑ ΚΑΤΑ ΕΙΔΟΣ / ΑΠΟΣΒΕΣΕΙΣ ΠΑΓΕΙΩΝ ΣΤΟΙΧΕΙΩΝ ΕΝΣΩΜΑΤΩΜΕΝΕΣ ΣΤΟ ΛΕΙΤΟΥΡΓΙΚΟ ΚΟΣΤΟΣ / Αποσβέσεις μηχανημάτων - τεχνικών εγκαταστάσεων - λοιπών  μηχανολογικού εξοπλισμού,,,,ΟΡΓΑΝΙΚΑ ΈΞΟΔΑ ΚΑΤΑ ΕΙΔΟΣ / ΑΠΟΣΒΕΣΕΙΣ ΠΑΓΕΙΩΝ ΣΤΟΙΧΕΙΩΝ ΕΝΣΩΜΑΤΩΜΕΝΕΣ ΣΤΟ ΛΕΙΤΟΥΡΓΙΚΟ ΚΟΣΤΟΣ / Αποσβέσεις μηχανημάτων - τεχνικών εγκαταστάσεων - λοιπών  μηχανολογικού εξοπλισμού / Αποσβέσεις μηχανημάτων εκτός εκμετάλλευσης,missing_root_type
,Αποσβέσεις μηχανημάτων σε ακίνητα τρίτων,,unspecified,,0,,ΟΡΓΑΝΙΚΑ ΈΞΟΔΑ ΚΑΤΑ ΕΙΔΟΣ / ΑΠΟΣΒΕΣΕΙΣ ΠΑΓΕΙΩΝ ΣΤΟΙΧΕΙΩΝ ΕΝΣΩΜΑΤΩΜΕΝΕΣ ΣΤΟ ΛΕΙΤΟΥΡΓΙΚΟ ΚΟΣΤΟΣ / Αποσβέσεις μηχανημάτων - τεχνικών εγκαταστάσεων - λοιπών  μηχανολογικού εξοπλισμού,,,,ΟΡΓΑΝΙΚΑ ΈΞΟΔΑ ΚΑΤΑ ΕΙΔΟΣ / ΑΠΟΣΒΕΣΕΙΣ ΠΑΓΕΙΩΝ ΣΤΟΙΧΕΙΩΝ ΕΝΣΩΜΑΤΩΜΕΝΕΣ ΣΤΟ ΛΕΙΤΟΥΡΓΙΚΟ ΚΟΣΤΟΣ / Αποσβέσεις μηχανημάτων - τεχνικών εγκαταστάσεων - λοιπών  μηχανολογικού εξοπλισμού / Αποσβέσεις μηχανημάτων σε ακίνητα τρίτων,missing_root_type
,Αποσβέσεις μηχανημάτων σε ακίνητα τρίτων εκτός εκμετάλλευσης,,unspecified,,0,,ΟΡΓΑΝΙΚΑ ΈΞΟΔΑ ΚΑΤΑ ΕΙΔΟΣ / ΑΠΟΣΒΕΣΕΙΣ ΠΑΓΕΙΩΝ ΣΤΟΙΧΕΙΩΝ ΕΝΣΩΜΑΤΩΜΕΝΕΣ ΣΤΟ ΛΕΙΤΟΥΡΓΙΚΟ ΚΟΣΤΟΣ / Αποσβέσεις μηχανημάτων - τεχνικών εγκαταστάσεων - λοιπών  μηχανολογικού εξοπλισμού,,,,ΟΡΓΑΝΙΚΑ ΈΞΟΔΑ ΚΑΤΑ ΕΙΔΟΣ / ΑΠΟΣΒΕΣΕΙΣ ΠΑΓΕΙΩΝ ΣΤΟΙΧΕΙΩΝ ΕΝΣΩΜΑΤΩΜΕΝΕΣ ΣΤΟ ΛΕΙΤΟΥΡΓΙΚΟ ΚΟΣΤΟΣ / Αποσβέσεις μηχανημάτων - τεχνικών εγκαταστάσεων - λοιπών  μηχανολογικού εξοπλισμού / Αποσβέσεις μηχανημάτων σε ακίνητα τρίτων εκτός εκμετάλλευσης,missing_root_type
,Αποσβέσεις μηχανολογικών οργάνων,,unspecified,,0,,ΟΡΓΑΝΙΚΑ ΈΞΟΔΑ ΚΑΤΑ ΕΙΔΟΣ / ΑΠΟΣΒΕΣΕΙΣ ΠΑΓΕΙΩΝ ΣΤΟΙΧΕΙΩΝ ΕΝΣΩΜΑΤΩΜΕΝΕΣ ΣΤΟ ΛΕΙΤΟΥΡΓΙΚΟ ΚΟΣΤΟΣ / Αποσβέσεις μηχανημάτων - τεχνικών εγκαταστάσεων - λοιπών  μηχανολογικού εξοπλισμού,,,,ΟΡΓΑΝΙΚΑ ΈΞΟΔΑ ΚΑΤΑ ΕΙΔΟΣ / ΑΠΟΣΒΕΣΕΙΣ ΠΑΓΕΙΩΝ ΣΤΟΙΧΕΙΩΝ ΕΝΣΩΜΑΤΩΜΕΝΕΣ ΣΤΟ ΛΕΙΤΟΥΡΓΙΚΟ ΚΟΣΤΟΣ / Αποσβέσεις μηχανημάτων - τεχνικών εγκαταστάσεων - λοιπών  μηχανολογικού εξοπλισμού / Αποσβέσεις μηχανολογικών οργάνων,missing_root_type
,Αποσβέσεις μηχανολογικών οργάνων εκτός εκμετάλλευσης,,unspecified,,0,,ΟΡΓΑΝΙΚΑ ΈΞΟΔΑ ΚΑΤΑ ΕΙΔΟΣ / ΑΠΟΣΒΕΣΕΙΣ ΠΑΓΕΙΩΝ ΣΤΟΙΧΕΙΩΝ ΕΝΣΩΜΑΤΩΜΕΝΕΣ ΣΤΟ ΛΕΙΤΟΥΡΓΙΚΟ ΚΟΣΤΟΣ / Αποσβέσεις μηχανημάτων - τεχνικών εγκαταστάσεων - λοιπών  μηχανολογικού εξοπλισμού,,,,ΟΡΓΑΝΙΚΑ ΈΞΟΔΑ ΚΑΤΑ ΕΙΔΟΣ / ΑΠΟΣΒΕΣΕΙΣ ΠΑΓΕΙΩΝ ΣΤΟΙΧΕΙΩΝ ΕΝΣΩΜΑΤΩΜΕΝΕΣ ΣΤΟ ΛΕΙΤΟΥΡΓΙΚΟ ΚΟΣΤΟΣ / Αποσβέσεις μηχανημάτων - τεχνικών εγκαταστάσεων - λοιπών  μηχανολογικού εξοπλισμού / Αποσβέσεις μηχανολογικών οργάνων εκτός εκμετάλλευσης,missing_root_type
,Αποσβέσεις τεχνικών εγκαταστάσεων,,unspecified,,0,,ΟΡΓΑΝΙΚΑ ΈΞΟΔΑ ΚΑΤΑ ΕΙΔΟΣ / ΑΠΟΣΒΕΣΕΙΣ ΠΑΓΕΙΩΝ ΣΤΟΙΧΕΙΩΝ ΕΝΣΩΜΑΤΩΜΕΝΕΣ ΣΤΟ ΛΕΙΤΟΥΡΓΙΚΟ ΚΟΣΤΟΣ / Αποσβέσεις μηχανημάτων - τεχνικών εγκαταστάσεων - λοιπών  μηχανολογικού εξοπλισμού,,,,ΟΡΓΑΝΙΚΑ ΈΞΟΔΑ ΚΑΤΑ ΕΙΔΟΣ / ΑΠΟΣΒΕΣΕΙΣ ΠΑΓΕΙΩΝ ΣΤΟΙΧΕΙΩΝ ΕΝΣΩΜΑΤΩΜΕΝΕΣ ΣΤΟ ΛΕΙΤΟΥΡΓΙΚΟ ΚΟΣΤΟΣ / Αποσβέσεις μηχανημάτων - τεχνικών εγκαταστάσεων - λοιπών  μηχανολογικού εξοπλισμού / Αποσβέσεις τεχνικών εγκαταστάσεων,missing_root_type
,Αποσβέσεις τεχνικών εγκαταστάσεων εκτός εκμετάλλευσης,,unspecified,,0,,ΟΡΓΑΝΙΚΑ ΈΞΟΔΑ ΚΑΤΑ ΕΙΔΟΣ / ΑΠΟΣΒΕΣΕΙΣ ΠΑΓΕΙΩΝ ΣΤΟΙΧΕΙΩΝ ΕΝΣΩΜΑΤΩΜΕΝΕΣ ΣΤΟ ΛΕΙΤΟΥΡΓΙΚΟ ΚΟΣΤΟΣ / Αποσβέσεις μηχανημάτων - τεχνικών εγκαταστάσεων - λοιπών  μηχανολογικού εξοπλισμού,,,,ΟΡΓΑΝΙΚΑ ΈΞΟΔΑ ΚΑΤΑ ΕΙΔΟΣ / ΑΠΟΣΒΕΣΕΙΣ ΠΑΓΕΙΩΝ ΣΤΟΙΧΕΙΩΝ ΕΝΣΩΜΑΤΩΜΕΝΕΣ ΣΤΟ ΛΕΙΤΟΥΡΓΙΚΟ ΚΟΣΤΟΣ / Αποσβέσεις μηχανημάτων - τεχνικών εγκαταστάσεων - λοιπών  μηχανολογικού εξοπλισμού / Αποσβέσεις τεχνικών εγκαταστάσεων εκτός εκμετάλλευσης,missing_root_type
,Αποσβέσεις τεχνικών εγκαταστάσεων σε ακίνητα τρίτων,,unspecified,,0,,ΟΡΓΑΝΙΚΑ ΈΞΟΔΑ ΚΑΤΑ ΕΙΔΟΣ / ΑΠΟΣΒΕΣΕΙΣ ΠΑΓΕΙΩΝ ΣΤΟΙΧΕΙΩΝ ΕΝΣΩΜΑΤΩΜΕΝΕΣ ΣΤΟ ΛΕΙΤΟΥΡΓΙΚΟ ΚΟΣΤΟΣ / Αποσβέσεις μηχανημάτων - τεχνικών εγκαταστάσεων - λοιπών  μηχανολογικού εξοπλισμού,,,,ΟΡΓΑΝΙΚΑ ΈΞΟΔΑ ΚΑΤΑ ΕΙΔΟΣ / ΑΠΟΣΒΕΣΕΙΣ ΠΑΓΕΙΩΝ ΣΤΟΙΧΕΙΩΝ ΕΝΣΩΜΑΤΩΜΕΝΕΣ ΣΤΟ ΛΕΙΤΟΥΡΓΙΚΟ ΚΟΣΤΟΣ / Αποσβέσεις μηχανημάτων - τεχνικών εγκαταστάσεων - λοιπών  μηχανολογικού εξοπλισμού / Αποσβέσεις τεχνικών εγκαταστάσεων σε ακίνητα τρίτων,missing_root_type
,Αποσβέσεις τεχνικών εγκαταστάσεων σε ακίνητα τρίτων εκτός εκμετάλλευσης,,unspecified,,0,,ΟΡΓΑΝΙΚΑ ΈΞΟΔΑ ΚΑΤΑ ΕΙΔΟΣ / ΑΠΟΣΒΕΣΕΙΣ ΠΑΓΕΙΩΝ ΣΤΟΙΧΕΙΩΝ ΕΝΣΩΜΑΤΩΜΕΝΕΣ ΣΤΟ ΛΕΙΤΟΥΡΓΙΚΟ ΚΟΣΤΟΣ / Αποσβέσεις μηχανημάτων - τεχνικών εγκαταστάσεων - λοιπών  μηχανολογικού εξοπλισμού,,,,ΟΡΓΑΝΙΚΑ ΈΞΟΔΑ ΚΑΤΑ ΕΙΔΟΣ / ΑΠΟΣΒΕΣΕΙΣ ΠΑΓΕΙΩΝ ΣΤΟΙΧΕΙΩΝ ΕΝΣΩΜΑΤΩΜΕΝΕΣ ΣΤΟ ΛΕΙΤΟΥΡΓΙΚΟ ΚΟΣΤΟΣ / Αποσβέσεις μηχανημάτων - τεχνικών εγκαταστάσεων - λοιπών  μηχανολογικού εξοπλισμού / Αποσβέσεις τεχνικών εγκαταστάσεων σε ακίνητα τρίτων εκτός εκμετάλλευσης,missing_root_type
,"Αποσβέσεις φορητών μηχανημάτων ""χειρός""",,unspecified,,0,,ΟΡΓΑΝΙΚΑ ΈΞΟΔΑ ΚΑΤΑ ΕΙΔΟΣ / ΑΠΟΣΒΕΣΕΙΣ ΠΑΓΕΙΩΝ ΣΤΟΙΧΕΙΩΝ ΕΝΣΩΜΑΤΩΜΕΝΕΣ ΣΤΟ ΛΕΙΤΟΥΡΓΙΚΟ ΚΟΣΤΟΣ / Αποσβέσεις μηχανημάτων - τεχνικών εγκαταστάσεων - λοιπών  μηχανολογικού εξοπλισμού,,,,"ΟΡΓΑΝΙΚΑ ΈΞΟΔΑ ΚΑΤΑ ΕΙΔΟΣ / ΑΠΟΣΒΕΣΕΙΣ ΠΑΓΕΙΩΝ ΣΤΟΙΧΕΙΩΝ ΕΝΣΩΜΑΤΩΜΕΝΕΣ ΣΤΟ ΛΕΙΤΟΥΡΓΙΚΟ ΚΟΣΤΟΣ / Αποσβέσεις μηχανημάτων - τεχνικών εγκαταστάσεων - λοιπών  μηχανολογικού εξοπλισμού / Αποσβέσεις φορητών μηχανημάτων ""χειρός""",missing_root_type
,"Αποσβέσεις φορητών μηχανημάτων ""χειρός"" εκτός εκμετάλλευσης",,unspecified,,0,,ΟΡΓΑΝΙΚΑ ΈΞΟΔΑ ΚΑΤΑ ΕΙΔΟΣ / ΑΠΟΣΒΕΣΕΙΣ ΠΑΓΕΙΩΝ ΣΤΟΙΧΕΙΩΝ ΕΝΣΩΜΑΤΩΜΕΝΕΣ ΣΤΟ ΛΕΙΤΟΥΡΓΙΚΟ ΚΟΣΤΟΣ / Αποσβέσεις μηχανημάτων - τεχνικών εγκαταστάσεων - λοιπών  μηχανολογικού εξοπλισμού,,,,"ΟΡΓΑΝΙΚΑ ΈΞΟΔΑ ΚΑΤΑ ΕΙΔΟΣ / ΑΠΟΣΒΕΣΕΙΣ ΠΑΓΕΙΩΝ ΣΤΟΙΧΕΙΩΝ ΕΝΣΩΜΑΤΩΜΕΝΕΣ ΣΤΟ ΛΕΙΤΟΥΡΓΙΚΟ ΚΟΣΤΟΣ / Αποσβέσεις μηχανημάτων - τεχνικών εγκαταστάσεων - λοιπών  μηχανολογικού εξοπλισμού / Αποσβέσεις φορητών μηχανημάτων ""χειρός"" εκτός εκμετάλλευσης",missing_root_type
,ΔΙΑΦΟΡΑ ΕΞΟΔΑ,,group,,1,,ΟΡΓΑΝΙΚΑ ΈΞΟΔΑ ΚΑΤΑ ΕΙΔΟΣ,,,,ΟΡΓΑΝΙΚΑ ΈΞΟΔΑ ΚΑΤΑ ΕΙΔΟΣ / ΔΙΑΦΟΡΑ ΕΞΟΔΑ,missing_root_type
,Έντυπα και γραφική ύλη,,group,,1,,ΟΡΓΑΝΙΚΑ ΈΞΟΔΑ ΚΑΤΑ ΕΙΔΟΣ / ΔΙΑΦΟΡΑ ΕΞΟΔΑ,,,,ΟΡΓΑΝΙΚΑ ΈΞΟΔΑ ΚΑΤΑ ΕΙΔΟΣ / ΔΙΑΦΟΡΑ ΕΞΟΔΑ / Έντυπα και γραφική ύλη,missing_root_type
,Έντυπα,,unspecified,,0,,ΟΡΓΑΝΙΚΑ ΈΞΟΔΑ ΚΑΤΑ ΕΙΔΟΣ / ΔΙΑΦΟΡΑ ΕΞΟΔΑ / Έντυπα και γραφική ύλη,,,,ΟΡΓΑΝΙΚΑ ΈΞΟΔΑ ΚΑΤΑ ΕΙΔΟΣ / ΔΙΑΦΟΡΑ ΕΞΟΔΑ / Έντυπα και γραφική ύλη / Έντυπα,missing_root_type
,Έξοδα πολλαπλών εκτυπώσεων,,unspecified,,0,,ΟΡΓΑΝΙΚΑ ΈΞΟΔΑ ΚΑΤΑ ΕΙΔΟΣ / ΔΙΑΦΟΡΑ ΕΞΟΔΑ / Έντυπα και γραφική ύλη,,,,ΟΡΓΑΝΙΚΑ ΈΞΟΔΑ ΚΑΤΑ ΕΙΔΟΣ / ΔΙΑΦΟΡΑ ΕΞΟΔΑ / Έντυπα και γραφική ύλη / Έξοδα πολλαπλών εκτυπώσεων,missing_root_type
,Γραφική ύλη και λοιπά υλικά γραφείων,,unspecified,,0,,ΟΡΓΑΝΙΚΑ ΈΞΟΔΑ ΚΑΤΑ ΕΙΔΟΣ / ΔΙΑΦΟΡΑ ΕΞΟΔΑ / Έντυπα και γραφική ύλη,,,,ΟΡΓΑΝΙΚΑ ΈΞΟΔΑ ΚΑΤΑ ΕΙΔΟΣ / ΔΙΑΦΟΡΑ ΕΞΟΔΑ / Έντυπα και γραφική ύλη / Γραφική ύλη και λοιπά υλικά γραφείων,missing_root_type
,Υλικά πολλαπλών εκτυπώσεων,,unspecified,,0,,ΟΡΓΑΝΙΚΑ ΈΞΟΔΑ ΚΑΤΑ ΕΙΔΟΣ / ΔΙΑΦΟΡΑ ΕΞΟΔΑ / Έντυπα και γραφική ύλη,,,,ΟΡΓΑΝΙΚΑ ΈΞΟΔΑ ΚΑΤΑ ΕΙΔΟΣ / ΔΙΑΦΟΡΑ ΕΞΟΔΑ / Έντυπα και γραφική ύλη / Υλικά πολλαπλών εκτυπώσεων,missing_root_type
,Έξοδα δημοσιεύσεων,,group,,1,,ΟΡΓΑΝΙΚΑ ΈΞΟΔΑ ΚΑΤΑ ΕΙΔΟΣ / ΔΙΑΦΟΡΑ ΕΞΟΔΑ,,,,ΟΡΓΑΝΙΚΑ ΈΞΟΔΑ ΚΑΤΑ ΕΙΔΟΣ / ΔΙΑΦΟΡΑ ΕΞΟΔΑ / Έξοδα δημοσιεύσεων,missing_root_type
,Έξοδα δημοσίευσης,,unspecified,,0,,ΟΡΓΑΝΙΚΑ ΈΞΟΔΑ ΚΑΤΑ ΕΙΔΟΣ / ΔΙΑΦΟΡΑ ΕΞΟΔΑ / Έξοδα δημοσιεύσεων,,,,ΟΡΓΑΝΙΚΑ ΈΞΟΔΑ ΚΑΤΑ ΕΙΔΟΣ / ΔΙΑΦΟΡΑ ΕΞΟΔΑ / Έξοδα δημοσιεύσεων / Έξοδα δημοσίευσης,missing_root_type
,Έξοδα δημοσίευσης ισολογισμών και προσκλήσεων,,unspecified,,0,,ΟΡΓΑΝΙΚΑ ΈΞΟΔΑ ΚΑΤΑ ΕΙΔΟΣ / ΔΙΑΦΟΡΑ ΕΞΟΔΑ / Έξοδα δημοσιεύσεων,,,,ΟΡΓΑΝΙΚΑ ΈΞΟΔΑ ΚΑΤΑ ΕΙΔΟΣ / ΔΙΑΦΟΡΑ ΕΞΟΔΑ / Έξοδα δημοσιεύσεων / Έξοδα δημοσίευσης ισολογισμών και προσκλήσεων,missing_root_type
,Έξοδα εκθέσεων - επιδείξεων,,group,,1,,ΟΡΓΑΝΙΚΑ ΈΞΟΔΑ ΚΑΤΑ ΕΙΔΟΣ / ΔΙΑΦΟΡΑ ΕΞΟΔΑ,,,,ΟΡΓΑΝΙΚΑ ΈΞΟΔΑ ΚΑΤΑ ΕΙΔΟΣ / ΔΙΑΦΟΡΑ ΕΞΟΔΑ / Έξοδα εκθέσεων - επιδείξεων,missing_root_type
,Έξοδα εκθέσεων εξωτερικού,,unspecified,,0,,ΟΡΓΑΝΙΚΑ ΈΞΟΔΑ ΚΑΤΑ ΕΙΔΟΣ / ΔΙΑΦΟΡΑ ΕΞΟΔΑ / Έξοδα εκθέσεων - επιδείξεων,,,,ΟΡΓΑΝΙΚΑ ΈΞΟΔΑ ΚΑΤΑ ΕΙΔΟΣ / ΔΙΑΦΟΡΑ ΕΞΟΔΑ / Έξοδα εκθέσεων - επιδείξεων / Έξοδα εκθέσεων εξωτερικού,missing_root_type
,Έξοδα εκθέσεων εσωτερικού,,unspecified,,0,,ΟΡΓΑΝΙΚΑ ΈΞΟΔΑ ΚΑΤΑ ΕΙΔΟΣ / ΔΙΑΦΟΡΑ ΕΞΟΔΑ / Έξοδα εκθέσεων - επιδείξεων,,,,ΟΡΓΑΝΙΚΑ ΈΞΟΔΑ ΚΑΤΑ ΕΙΔΟΣ / ΔΙΑΦΟΡΑ ΕΞΟΔΑ / Έξοδα εκθέσεων - επιδείξεων / Έξοδα εκθέσεων εσωτερικού,missing_root_type
,Έξοδα επιδείξεων,,unspecified,,0,,ΟΡΓΑΝΙΚΑ ΈΞΟΔΑ ΚΑΤΑ ΕΙΔΟΣ / ΔΙΑΦΟΡΑ ΕΞΟΔΑ / Έξοδα εκθέσεων - επιδείξεων,,,,ΟΡΓΑΝΙΚΑ ΈΞΟΔΑ ΚΑΤΑ ΕΙΔΟΣ / ΔΙΑΦΟΡΑ ΕΞΟΔΑ / Έξοδα εκθέσεων - επιδείξεων / Έξοδα επιδείξεων,missing_root_type
,Έξοδα μεταφορών,,group,,1,,ΟΡΓΑΝΙΚΑ ΈΞΟΔΑ ΚΑΤΑ ΕΙΔΟΣ / ΔΙΑΦΟΡΑ ΕΞΟΔΑ,,,,ΟΡΓΑΝΙΚΑ ΈΞΟΔΑ ΚΑΤΑ ΕΙΔΟΣ / ΔΙΑΦΟΡΑ ΕΞΟΔΑ / Έξοδα μεταφορών,missing_root_type
,Έξοδα διακινήσεων (εσωτερικών) υλικών - αγαθών με μετ.μέσα τρίτων,,unspecified,,0,,ΟΡΓΑΝΙΚΑ ΈΞΟΔΑ ΚΑΤΑ ΕΙΔΟΣ / ΔΙΑΦΟΡΑ ΕΞΟΔΑ / Έξοδα μεταφορών,,,,ΟΡΓΑΝΙΚΑ ΈΞΟΔΑ ΚΑΤΑ ΕΙΔΟΣ / ΔΙΑΦΟΡΑ ΕΞΟΔΑ / Έξοδα μεταφορών / Έξοδα διακινήσεων (εσωτερικών) υλικών - αγαθών με μετ.μέσα τρίτων,missing_root_type
,Έξοδα κίνησης (καυσιμά - λιπαντικά - διόδια) μεταφορικών μέσων,,unspecified,,0,,ΟΡΓΑΝΙΚΑ ΈΞΟΔΑ ΚΑΤΑ ΕΙΔΟΣ / ΔΙΑΦΟΡΑ ΕΞΟΔΑ / Έξοδα μεταφορών,,,,ΟΡΓΑΝΙΚΑ ΈΞΟΔΑ ΚΑΤΑ ΕΙΔΟΣ / ΔΙΑΦΟΡΑ ΕΞΟΔΑ / Έξοδα μεταφορών / Έξοδα κίνησης (καυσιμά - λιπαντικά - διόδια) μεταφορικών μέσων,missing_root_type
,Έξοδα μεταφοράς προσωπικού με μεταφορικά μέσα τρίτων,,unspecified,,0,,ΟΡΓΑΝΙΚΑ ΈΞΟΔΑ ΚΑΤΑ ΕΙΔΟΣ / ΔΙΑΦΟΡΑ ΕΞΟΔΑ / Έξοδα μεταφορών,,,,ΟΡΓΑΝΙΚΑ ΈΞΟΔΑ ΚΑΤΑ ΕΙΔΟΣ / ΔΙΑΦΟΡΑ ΕΞΟΔΑ / Έξοδα μεταφορών / Έξοδα μεταφοράς προσωπικού με μεταφορικά μέσα τρίτων,missing_root_type
,Έξοδα μεταφοράς υλικών - αγαθών αγορών με μεταφορικά μέσα τρίτων,,unspecified,,0,,ΟΡΓΑΝΙΚΑ ΈΞΟΔΑ ΚΑΤΑ ΕΙΔΟΣ / ΔΙΑΦΟΡΑ ΕΞΟΔΑ / Έξοδα μεταφορών,,,,ΟΡΓΑΝΙΚΑ ΈΞΟΔΑ ΚΑΤΑ ΕΙΔΟΣ / ΔΙΑΦΟΡΑ ΕΞΟΔΑ / Έξοδα μεταφορών / Έξοδα μεταφοράς υλικών - αγαθών αγορών με μεταφορικά μέσα τρίτων,missing_root_type
,Έξοδα μεταφοράς υλικών - αγαθών πωλήσεων με μεταφ. μέσα τρίτων,,unspecified,,0,,ΟΡΓΑΝΙΚΑ ΈΞΟΔΑ ΚΑΤΑ ΕΙΔΟΣ / ΔΙΑΦΟΡΑ ΕΞΟΔΑ / Έξοδα μεταφορών,,,,ΟΡΓΑΝΙΚΑ ΈΞΟΔΑ ΚΑΤΑ ΕΙΔΟΣ / ΔΙΑΦΟΡΑ ΕΞΟΔΑ / Έξοδα μεταφορών / Έξοδα μεταφοράς υλικών - αγαθών πωλήσεων με μεταφ. μέσα τρίτων,missing_root_type
,Έξοδα προβολής και διαφήμισης,,group,,1,,ΟΡΓΑΝΙΚΑ ΈΞΟΔΑ ΚΑΤΑ ΕΙΔΟΣ / ΔΙΑΦΟΡΑ ΕΞΟΔΑ,,,,ΟΡΓΑΝΙΚΑ ΈΞΟΔΑ ΚΑΤΑ ΕΙΔΟΣ / ΔΙΑΦΟΡΑ ΕΞΟΔΑ / Έξοδα προβολής και διαφήμισης,missing_root_type
,Έξοδα αποστολής δειγμάτων,,unspecified,,0,,ΟΡΓΑΝΙΚΑ ΈΞΟΔΑ ΚΑΤΑ ΕΙΔΟΣ / ΔΙΑΦΟΡΑ ΕΞΟΔΑ / Έξοδα προβολής και διαφήμισης,,,,ΟΡΓΑΝΙΚΑ ΈΞΟΔΑ ΚΑΤΑ ΕΙΔΟΣ / ΔΙΑΦΟΡΑ ΕΞΟΔΑ / Έξοδα προβολής και διαφήμισης / Έξοδα αποστολής δειγμάτων,missing_root_type
,Έξοδα λειτουργίας φωτεινών επιγραφών,,unspecified,,0,,ΟΡΓΑΝΙΚΑ ΈΞΟΔΑ ΚΑΤΑ ΕΙΔΟΣ / ΔΙΑΦΟΡΑ ΕΞΟΔΑ / Έξοδα προβολής και διαφήμισης,,,,ΟΡΓΑΝΙΚΑ ΈΞΟΔΑ ΚΑΤΑ ΕΙΔΟΣ / ΔΙΑΦΟΡΑ ΕΞΟΔΑ / Έξοδα προβολής και διαφήμισης / Έξοδα λειτουργίας φωτεινών επιγραφών,missing_root_type
,Έξοδα λόγω εγγύησης πωλήσεων,,unspecified,,0,,ΟΡΓΑΝΙΚΑ ΈΞΟΔΑ ΚΑΤΑ ΕΙΔΟΣ / ΔΙΑΦΟΡΑ ΕΞΟΔΑ / Έξοδα προβολής και διαφήμισης,,,,ΟΡΓΑΝΙΚΑ ΈΞΟΔΑ ΚΑΤΑ ΕΙΔΟΣ / ΔΙΑΦΟΡΑ ΕΞΟΔΑ / Έξοδα προβολής και διαφήμισης / Έξοδα λόγω εγγύησης πωλήσεων,missing_root_type
,Έξοδα προβολής διά λοιπών μεθόδων,,unspecified,,0,,ΟΡΓΑΝΙΚΑ ΈΞΟΔΑ ΚΑΤΑ ΕΙΔΟΣ / ΔΙΑΦΟΡΑ ΕΞΟΔΑ / Έξοδα προβολής και διαφήμισης,,,,ΟΡΓΑΝΙΚΑ ΈΞΟΔΑ ΚΑΤΑ ΕΙΔΟΣ / ΔΙΑΦΟΡΑ ΕΞΟΔΑ / Έξοδα προβολής και διαφήμισης / Έξοδα προβολής διά λοιπών μεθόδων,missing_root_type
,Έξοδα συνεδρίων - δεξιώσεων και άλλων παρεμφερών εκδηλώσεων,,unspecified,,0,,ΟΡΓΑΝΙΚΑ ΈΞΟΔΑ ΚΑΤΑ ΕΙΔΟΣ / ΔΙΑΦΟΡΑ ΕΞΟΔΑ / Έξοδα προβολής και διαφήμισης,,,,ΟΡΓΑΝΙΚΑ ΈΞΟΔΑ ΚΑΤΑ ΕΙΔΟΣ / ΔΙΑΦΟΡΑ ΕΞΟΔΑ / Έξοδα προβολής και διαφήμισης / Έξοδα συνεδρίων - δεξιώσεων και άλλων παρεμφερών εκδηλώσεων,missing_root_type
,Έξοδα υποδοχής και φιλοξενίας,,unspecified,,0,,ΟΡΓΑΝΙΚΑ ΈΞΟΔΑ ΚΑΤΑ ΕΙΔΟΣ / ΔΙΑΦΟΡΑ ΕΞΟΔΑ / Έξοδα προβολής και διαφήμισης,,,,ΟΡΓΑΝΙΚΑ ΈΞΟΔΑ ΚΑΤΑ ΕΙΔΟΣ / ΔΙΑΦΟΡΑ ΕΞΟΔΑ / Έξοδα προβολής και διαφήμισης / Έξοδα υποδοχής και φιλοξενίας,missing_root_type
,Αξία χορηγούμενων δειγμάτων,,unspecified,,0,,ΟΡΓΑΝΙΚΑ ΈΞΟΔΑ ΚΑΤΑ ΕΙΔΟΣ / ΔΙΑΦΟΡΑ ΕΞΟΔΑ / Έξοδα προβολής και διαφήμισης,,,,ΟΡΓΑΝΙΚΑ ΈΞΟΔΑ ΚΑΤΑ ΕΙΔΟΣ / ΔΙΑΦΟΡΑ ΕΞΟΔΑ / Έξοδα προβολής και διαφήμισης / Αξία χορηγούμενων δειγμάτων,missing_root_type
,Διάφορα έξοδα προβολής και διαφήμισης,,unspecified,,0,,ΟΡΓΑΝΙΚΑ ΈΞΟΔΑ ΚΑΤΑ ΕΙΔΟΣ / ΔΙΑΦΟΡΑ ΕΞΟΔΑ / Έξοδα προβολής και διαφήμισης,,,,ΟΡΓΑΝΙΚΑ ΈΞΟΔΑ ΚΑΤΑ ΕΙΔΟΣ / ΔΙΑΦΟΡΑ ΕΞΟΔΑ / Έξοδα προβολής και διαφήμισης / Διάφορα έξοδα προβολής και διαφήμισης,missing_root_type
,Διαφημίσεις από από το ραδιόφωνο - τηλεόραση,,unspecified,,0,,ΟΡΓΑΝΙΚΑ ΈΞΟΔΑ ΚΑΤΑ ΕΙΔΟΣ / ΔΙΑΦΟΡΑ ΕΞΟΔΑ / Έξοδα προβολής και διαφήμισης,,,,ΟΡΓΑΝΙΚΑ ΈΞΟΔΑ ΚΑΤΑ ΕΙΔΟΣ / ΔΙΑΦΟΡΑ ΕΞΟΔΑ / Έξοδα προβολής και διαφήμισης / Διαφημίσεις από από το ραδιόφωνο - τηλεόραση,missing_root_type
,Διαφημίσεις από τα λοιπά μέσα ενημέρωσης,,unspecified,,0,,ΟΡΓΑΝΙΚΑ ΈΞΟΔΑ ΚΑΤΑ ΕΙΔΟΣ / ΔΙΑΦΟΡΑ ΕΞΟΔΑ / Έξοδα προβολής και διαφήμισης,,,,ΟΡΓΑΝΙΚΑ ΈΞΟΔΑ ΚΑΤΑ ΕΙΔΟΣ / ΔΙΑΦΟΡΑ ΕΞΟΔΑ / Έξοδα προβολής και διαφήμισης / Διαφημίσεις από τα λοιπά μέσα ενημέρωσης,missing_root_type
,Διαφημίσεις από τον κινηματογράφο,,unspecified,,0,,ΟΡΓΑΝΙΚΑ ΈΞΟΔΑ ΚΑΤΑ ΕΙΔΟΣ / ΔΙΑΦΟΡΑ ΕΞΟΔΑ / Έξοδα προβολής και διαφήμισης,,,,ΟΡΓΑΝΙΚΑ ΈΞΟΔΑ ΚΑΤΑ ΕΙΔΟΣ / ΔΙΑΦΟΡΑ ΕΞΟΔΑ / Έξοδα προβολής και διαφήμισης / Διαφημίσεις από τον κινηματογράφο,missing_root_type
,Διαφημίσεις από τον τύπο,,unspecified,,0,,ΟΡΓΑΝΙΚΑ ΈΞΟΔΑ ΚΑΤΑ ΕΙΔΟΣ / ΔΙΑΦΟΡΑ ΕΞΟΔΑ / Έξοδα προβολής και διαφήμισης,,,,ΟΡΓΑΝΙΚΑ ΈΞΟΔΑ ΚΑΤΑ ΕΙΔΟΣ / ΔΙΑΦΟΡΑ ΕΞΟΔΑ / Έξοδα προβολής και διαφήμισης / Διαφημίσεις από τον τύπο,missing_root_type
,Έξοδα συμμετοχών και χρεογράφων,,group,,1,,ΟΡΓΑΝΙΚΑ ΈΞΟΔΑ ΚΑΤΑ ΕΙΔΟΣ / ΔΙΑΦΟΡΑ ΕΞΟΔΑ,,,,ΟΡΓΑΝΙΚΑ ΈΞΟΔΑ ΚΑΤΑ ΕΙΔΟΣ / ΔΙΑΦΟΡΑ ΕΞΟΔΑ / Έξοδα συμμετοχών και χρεογράφων,missing_root_type
,Λοιπά έξοδα συμμετοχών και χρεογράφων,,unspecified,,0,,ΟΡΓΑΝΙΚΑ ΈΞΟΔΑ ΚΑΤΑ ΕΙΔΟΣ / ΔΙΑΦΟΡΑ ΕΞΟΔΑ / Έξοδα συμμετοχών και χρεογράφων,,,,ΟΡΓΑΝΙΚΑ ΈΞΟΔΑ ΚΑΤΑ ΕΙΔΟΣ / ΔΙΑΦΟΡΑ ΕΞΟΔΑ / Έξοδα συμμετοχών και χρεογράφων / Λοιπά έξοδα συμμετοχών και χρεογράφων,missing_root_type
,Προμήθειες και λοιπά έξοδα αγοράς συμμετοχών και χρεογράφων,,unspecified,,0,,ΟΡΓΑΝΙΚΑ ΈΞΟΔΑ ΚΑΤΑ ΕΙΔΟΣ / ΔΙΑΦΟΡΑ ΕΞΟΔΑ / Έξοδα συμμετοχών και χρεογράφων,,,,ΟΡΓΑΝΙΚΑ ΈΞΟΔΑ ΚΑΤΑ ΕΙΔΟΣ / ΔΙΑΦΟΡΑ ΕΞΟΔΑ / Έξοδα συμμετοχών και χρεογράφων / Προμήθειες και λοιπά έξοδα αγοράς συμμετοχών και χρεογράφων,missing_root_type
,Προμήθειες και λοιπά έξοδα πώλησης συμμετοχών και χρεογράφων,,unspecified,,0,,ΟΡΓΑΝΙΚΑ ΈΞΟΔΑ ΚΑΤΑ ΕΙΔΟΣ / ΔΙΑΦΟΡΑ ΕΞΟΔΑ / Έξοδα συμμετοχών και χρεογράφων,,,,ΟΡΓΑΝΙΚΑ ΈΞΟΔΑ ΚΑΤΑ ΕΙΔΟΣ / ΔΙΑΦΟΡΑ ΕΞΟΔΑ / Έξοδα συμμετοχών και χρεογράφων / Προμήθειες και λοιπά έξοδα πώλησης συμμετοχών και χρεογράφων,missing_root_type
,Έξοδα ταξιδίων,,group,,1,,ΟΡΓΑΝΙΚΑ ΈΞΟΔΑ ΚΑΤΑ ΕΙΔΟΣ / ΔΙΑΦΟΡΑ ΕΞΟΔΑ,,,,ΟΡΓΑΝΙΚΑ ΈΞΟΔΑ ΚΑΤΑ ΕΙΔΟΣ / ΔΙΑΦΟΡΑ ΕΞΟΔΑ / Έξοδα ταξιδίων,missing_root_type
,Έξοδα ταξιδίων εξωτερικού,,unspecified,,0,,ΟΡΓΑΝΙΚΑ ΈΞΟΔΑ ΚΑΤΑ ΕΙΔΟΣ / ΔΙΑΦΟΡΑ ΕΞΟΔΑ / Έξοδα ταξιδίων,,,,ΟΡΓΑΝΙΚΑ ΈΞΟΔΑ ΚΑΤΑ ΕΙΔΟΣ / ΔΙΑΦΟΡΑ ΕΞΟΔΑ / Έξοδα ταξιδίων / Έξοδα ταξιδίων εξωτερικού,missing_root_type
,Έξοδα ταξιδίων εσωτερικού,,unspecified,,0,,ΟΡΓΑΝΙΚΑ ΈΞΟΔΑ ΚΑΤΑ ΕΙΔΟΣ / ΔΙΑΦΟΡΑ ΕΞΟΔΑ / Έξοδα ταξιδίων,,,,ΟΡΓΑΝΙΚΑ ΈΞΟΔΑ ΚΑΤΑ ΕΙΔΟΣ / ΔΙΑΦΟΡΑ ΕΞΟΔΑ / Έξοδα ταξιδίων / Έξοδα ταξιδίων εσωτερικού,missing_root_type
,Διάφορα έξοδα,,group,,1,,ΟΡΓΑΝΙΚΑ ΈΞΟΔΑ ΚΑΤΑ ΕΙΔΟΣ / ΔΙΑΦΟΡΑ ΕΞΟΔΑ,,,,ΟΡΓΑΝΙΚΑ ΈΞΟΔΑ ΚΑΤΑ ΕΙΔΟΣ / ΔΙΑΦΟΡΑ ΕΞΟΔΑ / Διάφορα έξοδα,missing_root_type
,Έξοδα διαφόρων τρίτων,,unspecified,,0,,ΟΡΓΑΝΙΚΑ ΈΞΟΔΑ ΚΑΤΑ ΕΙΔΟΣ / ΔΙΑΦΟΡΑ ΕΞΟΔΑ / Διάφορα έξοδα,,,,ΟΡΓΑΝΙΚΑ ΈΞΟΔΑ ΚΑΤΑ ΕΙΔΟΣ / ΔΙΑΦΟΡΑ ΕΞΟΔΑ / Διάφορα έξοδα / Έξοδα διαφόρων τρίτων,missing_root_type
,Έξοδα λειτουργίας Οργάνων διοίκησης,,unspecified,,0,,ΟΡΓΑΝΙΚΑ ΈΞΟΔΑ ΚΑΤΑ ΕΙΔΟΣ / ΔΙΑΦΟΡΑ ΕΞΟΔΑ / Διάφορα έξοδα,,,,ΟΡΓΑΝΙΚΑ ΈΞΟΔΑ ΚΑΤΑ ΕΙΔΟΣ / ΔΙΑΦΟΡΑ ΕΞΟΔΑ / Διάφορα έξοδα / Έξοδα λειτουργίας Οργάνων διοίκησης,missing_root_type
,Έξοδα λοιπών ελευθέρων επαγγελματιών,,unspecified,,0,,ΟΡΓΑΝΙΚΑ ΈΞΟΔΑ ΚΑΤΑ ΕΙΔΟΣ / ΔΙΑΦΟΡΑ ΕΞΟΔΑ / Διάφορα έξοδα,,,,ΟΡΓΑΝΙΚΑ ΈΞΟΔΑ ΚΑΤΑ ΕΙΔΟΣ / ΔΙΑΦΟΡΑ ΕΞΟΔΑ / Διάφορα έξοδα / Έξοδα λοιπών ελευθέρων επαγγελματιών,missing_root_type
,Έξοδα συμβολαιογράφων,,unspecified,,0,,ΟΡΓΑΝΙΚΑ ΈΞΟΔΑ ΚΑΤΑ ΕΙΔΟΣ / ΔΙΑΦΟΡΑ ΕΞΟΔΑ / Διάφορα έξοδα,,,,ΟΡΓΑΝΙΚΑ ΈΞΟΔΑ ΚΑΤΑ ΕΙΔΟΣ / ΔΙΑΦΟΡΑ ΕΞΟΔΑ / Διάφορα έξοδα / Έξοδα συμβολαιογράφων,missing_root_type
,Δικαστικά και έξοδα έξοδα εξώδικων ενεργειών,,unspecified,,0,,ΟΡΓΑΝΙΚΑ ΈΞΟΔΑ ΚΑΤΑ ΕΙΔΟΣ / ΔΙΑΦΟΡΑ ΕΞΟΔΑ / Διάφορα έξοδα,,,,ΟΡΓΑΝΙΚΑ ΈΞΟΔΑ ΚΑΤΑ ΕΙΔΟΣ / ΔΙΑΦΟΡΑ ΕΞΟΔΑ / Διάφορα έξοδα / Δικαστικά και έξοδα έξοδα εξώδικων ενεργειών,missing_root_type
,Κοινοπραξίες δαπανών,,unspecified,,0,,ΟΡΓΑΝΙΚΑ ΈΞΟΔΑ ΚΑΤΑ ΕΙΔΟΣ / ΔΙΑΦΟΡΑ ΕΞΟΔΑ / Διάφορα έξοδα,,,,ΟΡΓΑΝΙΚΑ ΈΞΟΔΑ ΚΑΤΑ ΕΙΔΟΣ / ΔΙΑΦΟΡΑ ΕΞΟΔΑ / Διάφορα έξοδα / Κοινοπραξίες δαπανών,missing_root_type
,Διαφορές (ζημιές) από πώληση συμμετοχών και χρεογράφων,,group,,1,,ΟΡΓΑΝΙΚΑ ΈΞΟΔΑ ΚΑΤΑ ΕΙΔΟΣ / ΔΙΑΦΟΡΑ ΕΞΟΔΑ,,,,ΟΡΓΑΝΙΚΑ ΈΞΟΔΑ ΚΑΤΑ ΕΙΔΟΣ / ΔΙΑΦΟΡΑ ΕΞΟΔΑ / Διαφορές (ζημιές) από πώληση συμμετοχών και χρεογράφων,missing_root_type
,Διαφορές από πώληση συμμετοχών,,unspecified,,0,,ΟΡΓΑΝΙΚΑ ΈΞΟΔΑ ΚΑΤΑ ΕΙΔΟΣ / ΔΙΑΦΟΡΑ ΕΞΟΔΑ / Διαφορές (ζημιές) από πώληση συμμετοχών και χρεογράφων,,,,ΟΡΓΑΝΙΚΑ ΈΞΟΔΑ ΚΑΤΑ ΕΙΔΟΣ / ΔΙΑΦΟΡΑ ΕΞΟΔΑ / Διαφορές (ζημιές) από πώληση συμμετοχών και χρεογράφων / Διαφορές από πώληση συμμετοχών,missing_root_type
,Διαφορές από πώληση συμμετοχών σε λοιπές πλην Α.Ε. επιχειρήσεις,,unspecified,,0,,ΟΡΓΑΝΙΚΑ ΈΞΟΔΑ ΚΑΤΑ ΕΙΔΟΣ / ΔΙΑΦΟΡΑ ΕΞΟΔΑ / Διαφορές (ζημιές) από πώληση συμμετοχών και χρεογράφων,,,,ΟΡΓΑΝΙΚΑ ΈΞΟΔΑ ΚΑΤΑ ΕΙΔΟΣ / ΔΙΑΦΟΡΑ ΕΞΟΔΑ / Διαφορές (ζημιές) από πώληση συμμετοχών και χρεογράφων / Διαφορές από πώληση συμμετοχών σε λοιπές πλην Α.Ε. επιχειρήσεις,missing_root_type
,Διαφορές από πώληση χρεογράφων,,unspecified,,0,,ΟΡΓΑΝΙΚΑ ΈΞΟΔΑ ΚΑΤΑ ΕΙΔΟΣ / ΔΙΑΦΟΡΑ ΕΞΟΔΑ / Διαφορές (ζημιές) από πώληση συμμετοχών και χρεογράφων,,,,ΟΡΓΑΝΙΚΑ ΈΞΟΔΑ ΚΑΤΑ ΕΙΔΟΣ / ΔΙΑΦΟΡΑ ΕΞΟΔΑ / Διαφορές (ζημιές) από πώληση συμμετοχών και χρεογράφων / Διαφορές από πώληση χρεογράφων,missing_root_type
,Διαφορές αποτίμησης συμμετοχών και χρεογράφων,,unspecified,,0,,ΟΡΓΑΝΙΚΑ ΈΞΟΔΑ ΚΑΤΑ ΕΙΔΟΣ / ΔΙΑΦΟΡΑ ΕΞΟΔΑ,,,,ΟΡΓΑΝΙΚΑ ΈΞΟΔΑ ΚΑΤΑ ΕΙΔΟΣ / ΔΙΑΦΟΡΑ ΕΞΟΔΑ / Διαφορές αποτίμησης συμμετοχών και χρεογράφων,missing_root_type
,Δωρεές - Επιχορηγήσεις,,group,,1,,ΟΡΓΑΝΙΚΑ ΈΞΟΔΑ ΚΑΤΑ ΕΙΔΟΣ / ΔΙΑΦΟΡΑ ΕΞΟΔΑ,,,,ΟΡΓΑΝΙΚΑ ΈΞΟΔΑ ΚΑΤΑ ΕΙΔΟΣ / ΔΙΑΦΟΡΑ ΕΞΟΔΑ / Δωρεές - Επιχορηγήσεις,missing_root_type
,Αξία δώρων αποθεμάτων για κοινοφελείς σκοπούς,,unspecified,,0,,ΟΡΓΑΝΙΚΑ ΈΞΟΔΑ ΚΑΤΑ ΕΙΔΟΣ / ΔΙΑΦΟΡΑ ΕΞΟΔΑ / Δωρεές - Επιχορηγήσεις,,,,ΟΡΓΑΝΙΚΑ ΈΞΟΔΑ ΚΑΤΑ ΕΙΔΟΣ / ΔΙΑΦΟΡΑ ΕΞΟΔΑ / Δωρεές - Επιχορηγήσεις / Αξία δώρων αποθεμάτων για κοινοφελείς σκοπούς,missing_root_type
,Δωρεές για κοινωφελείς σκοπούς,,unspecified,,0,,ΟΡΓΑΝΙΚΑ ΈΞΟΔΑ ΚΑΤΑ ΕΙΔΟΣ / ΔΙΑΦΟΡΑ ΕΞΟΔΑ / Δωρεές - Επιχορηγήσεις,,,,ΟΡΓΑΝΙΚΑ ΈΞΟΔΑ ΚΑΤΑ ΕΙΔΟΣ / ΔΙΑΦΟΡΑ ΕΞΟΔΑ / Δωρεές - Επιχορηγήσεις / Δωρεές για κοινωφελείς σκοπούς,missing_root_type
,Επιχορηγήσεις για κοινωφελείς σκοπούς,,unspecified,,0,,ΟΡΓΑΝΙΚΑ ΈΞΟΔΑ ΚΑΤΑ ΕΙΔΟΣ / ΔΙΑΦΟΡΑ ΕΞΟΔΑ / Δωρεές - Επιχορηγήσεις,,,,ΟΡΓΑΝΙΚΑ ΈΞΟΔΑ ΚΑΤΑ ΕΙΔΟΣ / ΔΙΑΦΟΡΑ ΕΞΟΔΑ / Δωρεές - Επιχορηγήσεις / Επιχορηγήσεις για κοινωφελείς σκοπούς,missing_root_type
,Λοιπές δωρεές,,unspecified,,0,,ΟΡΓΑΝΙΚΑ ΈΞΟΔΑ ΚΑΤΑ ΕΙΔΟΣ / ΔΙΑΦΟΡΑ ΕΞΟΔΑ / Δωρεές - Επιχορηγήσεις,,,,ΟΡΓΑΝΙΚΑ ΈΞΟΔΑ ΚΑΤΑ ΕΙΔΟΣ / ΔΙΑΦΟΡΑ ΕΞΟΔΑ / Δωρεές - Επιχορηγήσεις / Λοιπές δωρεές,missing_root_type
,Λοιπές επιχορηγήσεις,,unspecified,,0,,ΟΡΓΑΝΙΚΑ ΈΞΟΔΑ ΚΑΤΑ ΕΙΔΟΣ / ΔΙΑΦΟΡΑ ΕΞΟΔΑ / Δωρεές - Επιχορηγήσεις,,,,ΟΡΓΑΝΙΚΑ ΈΞΟΔΑ ΚΑΤΑ ΕΙΔΟΣ / ΔΙΑΦΟΡΑ ΕΞΟΔΑ / Δωρεές - Επιχορηγήσεις / Λοιπές επιχορηγήσεις,missing_root_type
,Ειδικά έξοδα προώθησης εξαγωγών,,group,,1,,ΟΡΓΑΝΙΚΑ ΈΞΟΔΑ ΚΑΤΑ ΕΙΔΟΣ / ΔΙΑΦΟΡΑ ΕΞΟΔΑ,,,,ΟΡΓΑΝΙΚΑ ΈΞΟΔΑ ΚΑΤΑ ΕΙΔΟΣ / ΔΙΑΦΟΡΑ ΕΞΟΔΑ / Ειδικά έξοδα προώθησης εξαγωγών,missing_root_type
,Ειδικά έξοδα εξαγωγών δίχως δικαιολογητικά,,unspecified,,0,,ΟΡΓΑΝΙΚΑ ΈΞΟΔΑ ΚΑΤΑ ΕΙΔΟΣ / ΔΙΑΦΟΡΑ ΕΞΟΔΑ / Ειδικά έξοδα προώθησης εξαγωγών,,,,ΟΡΓΑΝΙΚΑ ΈΞΟΔΑ ΚΑΤΑ ΕΙΔΟΣ / ΔΙΑΦΟΡΑ ΕΞΟΔΑ / Ειδικά έξοδα προώθησης εξαγωγών / Ειδικά έξοδα εξαγωγών δίχως δικαιολογητικά,missing_root_type
,Συνδρομές - Εισφορές,,group,,1,,ΟΡΓΑΝΙΚΑ ΈΞΟΔΑ ΚΑΤΑ ΕΙΔΟΣ / ΔΙΑΦΟΡΑ ΕΞΟΔΑ,,,,ΟΡΓΑΝΙΚΑ ΈΞΟΔΑ ΚΑΤΑ ΕΙΔΟΣ / ΔΙΑΦΟΡΑ ΕΞΟΔΑ / Συνδρομές - Εισφορές,missing_root_type
,Δικαιώματα Χρηματιστηρίου διαπραγμάτευσης τίτλων,,unspecified,,0,,ΟΡΓΑΝΙΚΑ ΈΞΟΔΑ ΚΑΤΑ ΕΙΔΟΣ / ΔΙΑΦΟΡΑ ΕΞΟΔΑ / Συνδρομές - Εισφορές,,,,ΟΡΓΑΝΙΚΑ ΈΞΟΔΑ ΚΑΤΑ ΕΙΔΟΣ / ΔΙΑΦΟΡΑ ΕΞΟΔΑ / Συνδρομές - Εισφορές / Δικαιώματα Χρηματιστηρίου διαπραγμάτευσης τίτλων,missing_root_type
,Συνδρομές - Εισφορές σε επαγγελματικές οργανώσεις,,unspecified,,0,,ΟΡΓΑΝΙΚΑ ΈΞΟΔΑ ΚΑΤΑ ΕΙΔΟΣ / ΔΙΑΦΟΡΑ ΕΞΟΔΑ / Συνδρομές - Εισφορές,,,,ΟΡΓΑΝΙΚΑ ΈΞΟΔΑ ΚΑΤΑ ΕΙΔΟΣ / ΔΙΑΦΟΡΑ ΕΞΟΔΑ / Συνδρομές - Εισφορές / Συνδρομές - Εισφορές σε επαγγελματικές οργανώσεις,missing_root_type
,Συνδρομές σε περιοδικά και εφημερίδες,,unspecified,,0,,ΟΡΓΑΝΙΚΑ ΈΞΟΔΑ ΚΑΤΑ ΕΙΔΟΣ / ΔΙΑΦΟΡΑ ΕΞΟΔΑ / Συνδρομές - Εισφορές,,,,ΟΡΓΑΝΙΚΑ ΈΞΟΔΑ ΚΑΤΑ ΕΙΔΟΣ / ΔΙΑΦΟΡΑ ΕΞΟΔΑ / Συνδρομές - Εισφορές / Συνδρομές σε περιοδικά και εφημερίδες,missing_root_type
,Υλικά άμεσης ανάλωσης,,group,,1,,ΟΡΓΑΝΙΚΑ ΈΞΟΔΑ ΚΑΤΑ ΕΙΔΟΣ / ΔΙΑΦΟΡΑ ΕΞΟΔΑ,,,,ΟΡΓΑΝΙΚΑ ΈΞΟΔΑ ΚΑΤΑ ΕΙΔΟΣ / ΔΙΑΦΟΡΑ ΕΞΟΔΑ / Υλικά άμεσης ανάλωσης,missing_root_type
,Καύσιμα και λοιπά υλικά θέρμανσης,,unspecified,,0,,ΟΡΓΑΝΙΚΑ ΈΞΟΔΑ ΚΑΤΑ ΕΙΔΟΣ / ΔΙΑΦΟΡΑ ΕΞΟΔΑ / Υλικά άμεσης ανάλωσης,,,,ΟΡΓΑΝΙΚΑ ΈΞΟΔΑ ΚΑΤΑ ΕΙΔΟΣ / ΔΙΑΦΟΡΑ ΕΞΟΔΑ / Υλικά άμεσης ανάλωσης / Καύσιμα και λοιπά υλικά θέρμανσης,missing_root_type
,Λοιπά υλικά άμεσης κατανάλωσης,,unspecified,,0,,ΟΡΓΑΝΙΚΑ ΈΞΟΔΑ ΚΑΤΑ ΕΙΔΟΣ / ΔΙΑΦΟΡΑ ΕΞΟΔΑ / Υλικά άμεσης ανάλωσης,,,,ΟΡΓΑΝΙΚΑ ΈΞΟΔΑ ΚΑΤΑ ΕΙΔΟΣ / ΔΙΑΦΟΡΑ ΕΞΟΔΑ / Υλικά άμεσης ανάλωσης / Λοιπά υλικά άμεσης κατανάλωσης,missing_root_type
,Υλικά καθαριότητας,,unspecified,,0,,ΟΡΓΑΝΙΚΑ ΈΞΟΔΑ ΚΑΤΑ ΕΙΔΟΣ / ΔΙΑΦΟΡΑ ΕΞΟΔΑ / Υλικά άμεσης ανάλωσης,,,,ΟΡΓΑΝΙΚΑ ΈΞΟΔΑ ΚΑΤΑ ΕΙΔΟΣ / ΔΙΑΦΟΡΑ ΕΞΟΔΑ / Υλικά άμεσης ανάλωσης / Υλικά καθαριότητας,missing_root_type
,Υλικά φαρμακείου,,unspecified,,0,,ΟΡΓΑΝΙΚΑ ΈΞΟΔΑ ΚΑΤΑ ΕΙΔΟΣ / ΔΙΑΦΟΡΑ ΕΞΟΔΑ / Υλικά άμεσης ανάλωσης,,,,ΟΡΓΑΝΙΚΑ ΈΞΟΔΑ ΚΑΤΑ ΕΙΔΟΣ / ΔΙΑΦΟΡΑ ΕΞΟΔΑ / Υλικά άμεσης ανάλωσης / Υλικά φαρμακείου,missing_root_type
,ΟΡΓΑΝΙΚΑ ΕΞΟΔΑ ΚΑΤΑ ΕΙΔΟΣ ΥΠΟΚΑΤΑΣΤΗΜΑΤΩΝ ή ΑΛΛΩΝ ΚΕΝΤΡΩΝ,,group,,1,,ΟΡΓΑΝΙΚΑ ΈΞΟΔΑ ΚΑΤΑ ΕΙΔΟΣ,,,,ΟΡΓΑΝΙΚΑ ΈΞΟΔΑ ΚΑΤΑ ΕΙΔΟΣ / ΟΡΓΑΝΙΚΑ ΕΞΟΔΑ ΚΑΤΑ ΕΙΔΟΣ ΥΠΟΚΑΤΑΣΤΗΜΑΤΩΝ ή ΑΛΛΩΝ ΚΕΝΤΡΩΝ,missing_root_type
,Αμοιβές και έξοδα προσωπικού,,unspecified,,0,,ΟΡΓΑΝΙΚΑ ΈΞΟΔΑ ΚΑΤΑ ΕΙΔΟΣ / ΟΡΓΑΝΙΚΑ ΕΞΟΔΑ ΚΑΤΑ ΕΙΔΟΣ ΥΠΟΚΑΤΑΣΤΗΜΑΤΩΝ ή ΑΛΛΩΝ ΚΕΝΤΡΩΝ,,,,ΟΡΓΑΝΙΚΑ ΈΞΟΔΑ ΚΑΤΑ ΕΙΔΟΣ / ΟΡΓΑΝΙΚΑ ΕΞΟΔΑ ΚΑΤΑ ΕΙΔΟΣ ΥΠΟΚΑΤΑΣΤΗΜΑΤΩΝ ή ΑΛΛΩΝ ΚΕΝΤΡΩΝ / Αμοιβές και έξοδα προσωπικού,missing_root_type
,Αμοιβές και έξοδα τρίτων,,unspecified,,0,,ΟΡΓΑΝΙΚΑ ΈΞΟΔΑ ΚΑΤΑ ΕΙΔΟΣ / ΟΡΓΑΝΙΚΑ ΕΞΟΔΑ ΚΑΤΑ ΕΙΔΟΣ ΥΠΟΚΑΤΑΣΤΗΜΑΤΩΝ ή ΑΛΛΩΝ ΚΕΝΤΡΩΝ,,,,ΟΡΓΑΝΙΚΑ ΈΞΟΔΑ ΚΑΤΑ ΕΙΔΟΣ / ΟΡΓΑΝΙΚΑ ΕΞΟΔΑ ΚΑΤΑ ΕΙΔΟΣ ΥΠΟΚΑΤΑΣΤΗΜΑΤΩΝ ή ΑΛΛΩΝ ΚΕΝΤΡΩΝ / Αμοιβές και έξοδα τρίτων,missing_root_type
,Αποσβέσεις Παγείων Στοιχείων,,unspecified,,0,,ΟΡΓΑΝΙΚΑ ΈΞΟΔΑ ΚΑΤΑ ΕΙΔΟΣ / ΟΡΓΑΝΙΚΑ ΕΞΟΔΑ ΚΑΤΑ ΕΙΔΟΣ ΥΠΟΚΑΤΑΣΤΗΜΑΤΩΝ ή ΑΛΛΩΝ ΚΕΝΤΡΩΝ,,,,ΟΡΓΑΝΙΚΑ ΈΞΟΔΑ ΚΑΤΑ ΕΙΔΟΣ / ΟΡΓΑΝΙΚΑ ΕΞΟΔΑ ΚΑΤΑ ΕΙΔΟΣ ΥΠΟΚΑΤΑΣΤΗΜΑΤΩΝ ή ΑΛΛΩΝ ΚΕΝΤΡΩΝ / Αποσβέσεις Παγείων Στοιχείων,missing_root_type
,Διάφορα έξοδα,,unspecified,,0,,ΟΡΓΑΝΙΚΑ ΈΞΟΔΑ ΚΑΤΑ ΕΙΔΟΣ / ΟΡΓΑΝΙΚΑ ΕΞΟΔΑ ΚΑΤΑ ΕΙΔΟΣ ΥΠΟΚΑΤΑΣΤΗΜΑΤΩΝ ή ΑΛΛΩΝ ΚΕΝΤΡΩΝ,,,,ΟΡΓΑΝΙΚΑ ΈΞΟΔΑ ΚΑΤΑ ΕΙΔΟΣ / ΟΡΓΑΝΙΚΑ ΕΞΟΔΑ ΚΑΤΑ ΕΙΔΟΣ ΥΠΟΚΑΤΑΣΤΗΜΑΤΩΝ ή ΑΛΛΩΝ ΚΕΝΤΡΩΝ / Διάφορα έξοδα,missing_root_type
,Παροχές τρίτων,,unspecified,,0,,ΟΡΓΑΝΙΚΑ ΈΞΟΔΑ ΚΑΤΑ ΕΙΔΟΣ / ΟΡΓΑΝΙΚΑ ΕΞΟΔΑ ΚΑΤΑ ΕΙΔΟΣ ΥΠΟΚΑΤΑΣΤΗΜΑΤΩΝ ή ΑΛΛΩΝ ΚΕΝΤΡΩΝ,,,,ΟΡΓΑΝΙΚΑ ΈΞΟΔΑ ΚΑΤΑ ΕΙΔΟΣ / ΟΡΓΑΝΙΚΑ ΕΞΟΔΑ ΚΑΤΑ ΕΙΔΟΣ ΥΠΟΚΑΤΑΣΤΗΜΑΤΩΝ ή ΑΛΛΩΝ ΚΕΝΤΡΩΝ / Παροχές τρίτων,missing_root_type
,Προβλέψεις εκμετάλλευσης,,unspecified,,0,,ΟΡΓΑΝΙΚΑ ΈΞΟΔΑ ΚΑΤΑ ΕΙΔΟΣ / ΟΡΓΑΝΙΚΑ ΕΞΟΔΑ ΚΑΤΑ ΕΙΔΟΣ ΥΠΟΚΑΤΑΣΤΗΜΑΤΩΝ ή ΑΛΛΩΝ ΚΕΝΤΡΩΝ,,,,ΟΡΓΑΝΙΚΑ ΈΞΟΔΑ ΚΑΤΑ ΕΙΔΟΣ / ΟΡΓΑΝΙΚΑ ΕΞΟΔΑ ΚΑΤΑ ΕΙΔΟΣ ΥΠΟΚΑΤΑΣΤΗΜΑΤΩΝ ή ΑΛΛΩΝ ΚΕΝΤΡΩΝ / Προβλέψεις εκμετάλλευσης,missing_root_type
,Τόκοι και συναφή έξοδα,,unspecified,,0,,ΟΡΓΑΝΙΚΑ ΈΞΟΔΑ ΚΑΤΑ ΕΙΔΟΣ / ΟΡΓΑΝΙΚΑ ΕΞΟΔΑ ΚΑΤΑ ΕΙΔΟΣ ΥΠΟΚΑΤΑΣΤΗΜΑΤΩΝ ή ΑΛΛΩΝ ΚΕΝΤΡΩΝ,,,,ΟΡΓΑΝΙΚΑ ΈΞΟΔΑ ΚΑΤΑ ΕΙΔΟΣ / ΟΡΓΑΝΙΚΑ ΕΞΟΔΑ ΚΑΤΑ ΕΙΔΟΣ ΥΠΟΚΑΤΑΣΤΗΜΑΤΩΝ ή ΑΛΛΩΝ ΚΕΝΤΡΩΝ / Τόκοι και συναφή έξοδα,missing_root_type
,ΠΑΡΟΧΕΣ ΤΡΙΤΩΝ,,group,,1,,ΟΡΓΑΝΙΚΑ ΈΞΟΔΑ ΚΑΤΑ ΕΙΔΟΣ,,,,ΟΡΓΑΝΙΚΑ ΈΞΟΔΑ ΚΑΤΑ ΕΙΔΟΣ / ΠΑΡΟΧΕΣ ΤΡΙΤΩΝ,missing_root_type
,Έξοδα μεταφορικού έργου,,unspecified,,0,,ΟΡΓΑΝΙΚΑ ΈΞΟΔΑ ΚΑΤΑ ΕΙΔΟΣ / ΠΑΡΟΧΕΣ ΤΡΙΤΩΝ,,,,ΟΡΓΑΝΙΚΑ ΈΞΟΔΑ ΚΑΤΑ ΕΙΔΟΣ / ΠΑΡΟΧΕΣ ΤΡΙΤΩΝ / Έξοδα μεταφορικού έργου,missing_root_type
,Ύδρευση  παραγωγικής διαδικασίας,,unspecified,,0,,ΟΡΓΑΝΙΚΑ ΈΞΟΔΑ ΚΑΤΑ ΕΙΔΟΣ / ΠΑΡΟΧΕΣ ΤΡΙΤΩΝ,,,,ΟΡΓΑΝΙΚΑ ΈΞΟΔΑ ΚΑΤΑ ΕΙΔΟΣ / ΠΑΡΟΧΕΣ ΤΡΙΤΩΝ / Ύδρευση  παραγωγικής διαδικασίας,missing_root_type
,Αποθήκευτρα,,unspecified,,0,,ΟΡΓΑΝΙΚΑ ΈΞΟΔΑ ΚΑΤΑ ΕΙΔΟΣ / ΠΑΡΟΧΕΣ ΤΡΙΤΩΝ,,,,ΟΡΓΑΝΙΚΑ ΈΞΟΔΑ ΚΑΤΑ ΕΙΔΟΣ / ΠΑΡΟΧΕΣ ΤΡΙΤΩΝ / Αποθήκευτρα,missing_root_type
,Ασφάλιστρα,,group,,1,,ΟΡΓΑΝΙΚΑ ΈΞΟΔΑ ΚΑΤΑ ΕΙΔΟΣ / ΠΑΡΟΧΕΣ ΤΡΙΤΩΝ,,,,ΟΡΓΑΝΙΚΑ ΈΞΟΔΑ ΚΑΤΑ ΕΙΔΟΣ / ΠΑΡΟΧΕΣ ΤΡΙΤΩΝ / Ασφάλιστρα,missing_root_type
,Ασφάλιστρα μεταφορικών μέσων,,unspecified,,0,,ΟΡΓΑΝΙΚΑ ΈΞΟΔΑ ΚΑΤΑ ΕΙΔΟΣ / ΠΑΡΟΧΕΣ ΤΡΙΤΩΝ / Ασφάλιστρα,,,,ΟΡΓΑΝΙΚΑ ΈΞΟΔΑ ΚΑΤΑ ΕΙΔΟΣ / ΠΑΡΟΧΕΣ ΤΡΙΤΩΝ / Ασφάλιστρα / Ασφάλιστρα μεταφορικών μέσων,missing_root_type
,Ασφάλιστρα μεταφορών,,unspecified,,0,,ΟΡΓΑΝΙΚΑ ΈΞΟΔΑ ΚΑΤΑ ΕΙΔΟΣ / ΠΑΡΟΧΕΣ ΤΡΙΤΩΝ / Ασφάλιστρα,,,,ΟΡΓΑΝΙΚΑ ΈΞΟΔΑ ΚΑΤΑ ΕΙΔΟΣ / ΠΑΡΟΧΕΣ ΤΡΙΤΩΝ / Ασφάλιστρα / Ασφάλιστρα μεταφορών,missing_root_type
,Ασφάλιστρα πιστώσεων,,unspecified,,0,,ΟΡΓΑΝΙΚΑ ΈΞΟΔΑ ΚΑΤΑ ΕΙΔΟΣ / ΠΑΡΟΧΕΣ ΤΡΙΤΩΝ / Ασφάλιστρα,,,,ΟΡΓΑΝΙΚΑ ΈΞΟΔΑ ΚΑΤΑ ΕΙΔΟΣ / ΠΑΡΟΧΕΣ ΤΡΙΤΩΝ / Ασφάλιστρα / Ασφάλιστρα πιστώσεων,missing_root_type
,Ασφάλιστρα πυρός,,unspecified,,0,,ΟΡΓΑΝΙΚΑ ΈΞΟΔΑ ΚΑΤΑ ΕΙΔΟΣ / ΠΑΡΟΧΕΣ ΤΡΙΤΩΝ / Ασφάλιστρα,,,,ΟΡΓΑΝΙΚΑ ΈΞΟΔΑ ΚΑΤΑ ΕΙΔΟΣ / ΠΑΡΟΧΕΣ ΤΡΙΤΩΝ / Ασφάλιστρα / Ασφάλιστρα πυρός,missing_root_type
,Ενοίκια,,group,,1,,ΟΡΓΑΝΙΚΑ ΈΞΟΔΑ ΚΑΤΑ ΕΙΔΟΣ / ΠΑΡΟΧΕΣ ΤΡΙΤΩΝ,,,,ΟΡΓΑΝΙΚΑ ΈΞΟΔΑ ΚΑΤΑ ΕΙΔΟΣ / ΠΑΡΟΧΕΣ ΤΡΙΤΩΝ / Ενοίκια,missing_root_type
,Ενοίκια εδαφικών εκτάσεων,,unspecified,,0,,ΟΡΓΑΝΙΚΑ ΈΞΟΔΑ ΚΑΤΑ ΕΙΔΟΣ / ΠΑΡΟΧΕΣ ΤΡΙΤΩΝ / Ενοίκια,,,,ΟΡΓΑΝΙΚΑ ΈΞΟΔΑ ΚΑΤΑ ΕΙΔΟΣ / ΠΑΡΟΧΕΣ ΤΡΙΤΩΝ / Ενοίκια / Ενοίκια εδαφικών εκτάσεων,missing_root_type
,Ενοίκια επίπλων,,unspecified,,0,,ΟΡΓΑΝΙΚΑ ΈΞΟΔΑ ΚΑΤΑ ΕΙΔΟΣ / ΠΑΡΟΧΕΣ ΤΡΙΤΩΝ / Ενοίκια,,,,ΟΡΓΑΝΙΚΑ ΈΞΟΔΑ ΚΑΤΑ ΕΙΔΟΣ / ΠΑΡΟΧΕΣ ΤΡΙΤΩΝ / Ενοίκια / Ενοίκια επίπλων,missing_root_type
,Ενοίκια κτιρίων - τεχνικών έργων,,unspecified,,0,,ΟΡΓΑΝΙΚΑ ΈΞΟΔΑ ΚΑΤΑ ΕΙΔΟΣ / ΠΑΡΟΧΕΣ ΤΡΙΤΩΝ / Ενοίκια,,,,ΟΡΓΑΝΙΚΑ ΈΞΟΔΑ ΚΑΤΑ ΕΙΔΟΣ / ΠΑΡΟΧΕΣ ΤΡΙΤΩΝ / Ενοίκια / Ενοίκια κτιρίων - τεχνικών έργων,missing_root_type
,Ενοίκια λοιπού εξοπλισμού,,unspecified,,0,,ΟΡΓΑΝΙΚΑ ΈΞΟΔΑ ΚΑΤΑ ΕΙΔΟΣ / ΠΑΡΟΧΕΣ ΤΡΙΤΩΝ / Ενοίκια,,,,ΟΡΓΑΝΙΚΑ ΈΞΟΔΑ ΚΑΤΑ ΕΙΔΟΣ / ΠΑΡΟΧΕΣ ΤΡΙΤΩΝ / Ενοίκια / Ενοίκια λοιπού εξοπλισμού,missing_root_type
,Ενοίκια μεταφορικών μέσων,,unspecified,,0,,ΟΡΓΑΝΙΚΑ ΈΞΟΔΑ ΚΑΤΑ ΕΙΔΟΣ / ΠΑΡΟΧΕΣ ΤΡΙΤΩΝ / Ενοίκια,,,,ΟΡΓΑΝΙΚΑ ΈΞΟΔΑ ΚΑΤΑ ΕΙΔΟΣ / ΠΑΡΟΧΕΣ ΤΡΙΤΩΝ / Ενοίκια / Ενοίκια μεταφορικών μέσων,missing_root_type
,Ενοίκια μηχανημάτων - τεχνικών εγκατ/σεων - λοιπού μηχαν.εξοπλ.,,unspecified,,0,,ΟΡΓΑΝΙΚΑ ΈΞΟΔΑ ΚΑΤΑ ΕΙΔΟΣ / ΠΑΡΟΧΕΣ ΤΡΙΤΩΝ / Ενοίκια,,,,ΟΡΓΑΝΙΚΑ ΈΞΟΔΑ ΚΑΤΑ ΕΙΔΟΣ / ΠΑΡΟΧΕΣ ΤΡΙΤΩΝ / Ενοίκια / Ενοίκια μηχανημάτων - τεχνικών εγκατ/σεων - λοιπού μηχαν.εξοπλ.,missing_root_type
,Ενοίκια μηχανογραφικών μέσων,,unspecified,,0,,ΟΡΓΑΝΙΚΑ ΈΞΟΔΑ ΚΑΤΑ ΕΙΔΟΣ / ΠΑΡΟΧΕΣ ΤΡΙΤΩΝ / Ενοίκια,,,,ΟΡΓΑΝΙΚΑ ΈΞΟΔΑ ΚΑΤΑ ΕΙΔΟΣ / ΠΑΡΟΧΕΣ ΤΡΙΤΩΝ / Ενοίκια / Ενοίκια μηχανογραφικών μέσων,missing_root_type
,Ενοίκια φωτεινών επιγραφών,,unspecified,,0,,ΟΡΓΑΝΙΚΑ ΈΞΟΔΑ ΚΑΤΑ ΕΙΔΟΣ / ΠΑΡΟΧΕΣ ΤΡΙΤΩΝ / Ενοίκια,,,,ΟΡΓΑΝΙΚΑ ΈΞΟΔΑ ΚΑΤΑ ΕΙΔΟΣ / ΠΑΡΟΧΕΣ ΤΡΙΤΩΝ / Ενοίκια / Ενοίκια φωτεινών επιγραφών,missing_root_type
,Ενοίκια φωτοαντιγραφικών μέσων,,unspecified,,0,,ΟΡΓΑΝΙΚΑ ΈΞΟΔΑ ΚΑΤΑ ΕΙΔΟΣ / ΠΑΡΟΧΕΣ ΤΡΙΤΩΝ / Ενοίκια,,,,ΟΡΓΑΝΙΚΑ ΈΞΟΔΑ ΚΑΤΑ ΕΙΔΟΣ / ΠΑΡΟΧΕΣ ΤΡΙΤΩΝ / Ενοίκια / Ενοίκια φωτοαντιγραφικών μέσων,missing_root_type
,Ενοίκια χρονομεριστικής μισθώσεως,,unspecified,,0,,ΟΡΓΑΝΙΚΑ ΈΞΟΔΑ ΚΑΤΑ ΕΙΔΟΣ / ΠΑΡΟΧΕΣ ΤΡΙΤΩΝ / Ενοίκια,,,,ΟΡΓΑΝΙΚΑ ΈΞΟΔΑ ΚΑΤΑ ΕΙΔΟΣ / ΠΑΡΟΧΕΣ ΤΡΙΤΩΝ / Ενοίκια / Ενοίκια χρονομεριστικής μισθώσεως,missing_root_type
,Επισκευές και συντηρήσεις,,group,,1,,ΟΡΓΑΝΙΚΑ ΈΞΟΔΑ ΚΑΤΑ ΕΙΔΟΣ / ΠΑΡΟΧΕΣ ΤΡΙΤΩΝ,,,,ΟΡΓΑΝΙΚΑ ΈΞΟΔΑ ΚΑΤΑ ΕΙΔΟΣ / ΠΑΡΟΧΕΣ ΤΡΙΤΩΝ / Επισκευές και συντηρήσεις,missing_root_type
,Εδαφικών εκτάσεων,,unspecified,,0,,ΟΡΓΑΝΙΚΑ ΈΞΟΔΑ ΚΑΤΑ ΕΙΔΟΣ / ΠΑΡΟΧΕΣ ΤΡΙΤΩΝ / Επισκευές και συντηρήσεις,,,,ΟΡΓΑΝΙΚΑ ΈΞΟΔΑ ΚΑΤΑ ΕΙΔΟΣ / ΠΑΡΟΧΕΣ ΤΡΙΤΩΝ / Επισκευές και συντηρήσεις / Εδαφικών εκτάσεων,missing_root_type
,Εμπορευμάτων,,unspecified,,0,,ΟΡΓΑΝΙΚΑ ΈΞΟΔΑ ΚΑΤΑ ΕΙΔΟΣ / ΠΑΡΟΧΕΣ ΤΡΙΤΩΝ / Επισκευές και συντηρήσεις,,,,ΟΡΓΑΝΙΚΑ ΈΞΟΔΑ ΚΑΤΑ ΕΙΔΟΣ / ΠΑΡΟΧΕΣ ΤΡΙΤΩΝ / Επισκευές και συντηρήσεις / Εμπορευμάτων,missing_root_type
,Επίπλων και λοιπού εξοπλισμού,,unspecified,,0,,ΟΡΓΑΝΙΚΑ ΈΞΟΔΑ ΚΑΤΑ ΕΙΔΟΣ / ΠΑΡΟΧΕΣ ΤΡΙΤΩΝ / Επισκευές και συντηρήσεις,,,,ΟΡΓΑΝΙΚΑ ΈΞΟΔΑ ΚΑΤΑ ΕΙΔΟΣ / ΠΑΡΟΧΕΣ ΤΡΙΤΩΝ / Επισκευές και συντηρήσεις / Επίπλων και λοιπού εξοπλισμού,missing_root_type
,Ετοίμων προϊόντων,,unspecified,,0,,ΟΡΓΑΝΙΚΑ ΈΞΟΔΑ ΚΑΤΑ ΕΙΔΟΣ / ΠΑΡΟΧΕΣ ΤΡΙΤΩΝ / Επισκευές και συντηρήσεις,,,,ΟΡΓΑΝΙΚΑ ΈΞΟΔΑ ΚΑΤΑ ΕΙΔΟΣ / ΠΑΡΟΧΕΣ ΤΡΙΤΩΝ / Επισκευές και συντηρήσεις / Ετοίμων προϊόντων,missing_root_type
,Κτιρίων - Εγκαταστάσεων κτιρίων - Τεχνικών έργων,,unspecified,,0,,ΟΡΓΑΝΙΚΑ ΈΞΟΔΑ ΚΑΤΑ ΕΙΔΟΣ / ΠΑΡΟΧΕΣ ΤΡΙΤΩΝ / Επισκευές και συντηρήσεις,,,,ΟΡΓΑΝΙΚΑ ΈΞΟΔΑ ΚΑΤΑ ΕΙΔΟΣ / ΠΑΡΟΧΕΣ ΤΡΙΤΩΝ / Επισκευές και συντηρήσεις / Κτιρίων - Εγκαταστάσεων κτιρίων - Τεχνικών έργων,missing_root_type
,Λοιπών υλικών αγαθών,,unspecified,,0,,ΟΡΓΑΝΙΚΑ ΈΞΟΔΑ ΚΑΤΑ ΕΙΔΟΣ / ΠΑΡΟΧΕΣ ΤΡΙΤΩΝ / Επισκευές και συντηρήσεις,,,,ΟΡΓΑΝΙΚΑ ΈΞΟΔΑ ΚΑΤΑ ΕΙΔΟΣ / ΠΑΡΟΧΕΣ ΤΡΙΤΩΝ / Επισκευές και συντηρήσεις / Λοιπών υλικών αγαθών,missing_root_type
,Μεταφορικών μέσων,,unspecified,,0,,ΟΡΓΑΝΙΚΑ ΈΞΟΔΑ ΚΑΤΑ ΕΙΔΟΣ / ΠΑΡΟΧΕΣ ΤΡΙΤΩΝ / Επισκευές και συντηρήσεις,,,,ΟΡΓΑΝΙΚΑ ΈΞΟΔΑ ΚΑΤΑ ΕΙΔΟΣ / ΠΑΡΟΧΕΣ ΤΡΙΤΩΝ / Επισκευές και συντηρήσεις / Μεταφορικών μέσων,missing_root_type
,Μηχανημάτων - Τεχνικών Εγκαταστάσεων - Λοιπού Μηχαν. Εξοπλισμού,,unspecified,,0,,ΟΡΓΑΝΙΚΑ ΈΞΟΔΑ ΚΑΤΑ ΕΙΔΟΣ / ΠΑΡΟΧΕΣ ΤΡΙΤΩΝ / Επισκευές και συντηρήσεις,,,,ΟΡΓΑΝΙΚΑ ΈΞΟΔΑ ΚΑΤΑ ΕΙΔΟΣ / ΠΑΡΟΧΕΣ ΤΡΙΤΩΝ / Επισκευές και συντηρήσεις / Μηχανημάτων - Τεχνικών Εγκαταστάσεων - Λοιπού Μηχαν. Εξοπλισμού,missing_root_type
,Ηλεκτρικό ρεύμα παραγωγής,,unspecified,,0,,ΟΡΓΑΝΙΚΑ ΈΞΟΔΑ ΚΑΤΑ ΕΙΔΟΣ / ΠΑΡΟΧΕΣ ΤΡΙΤΩΝ,,,,ΟΡΓΑΝΙΚΑ ΈΞΟΔΑ ΚΑΤΑ ΕΙΔΟΣ / ΠΑΡΟΧΕΣ ΤΡΙΤΩΝ / Ηλεκτρικό ρεύμα παραγωγής,missing_root_type
,Λοιπές παροχές τρίτων,,group,,1,,ΟΡΓΑΝΙΚΑ ΈΞΟΔΑ ΚΑΤΑ ΕΙΔΟΣ / ΠΑΡΟΧΕΣ ΤΡΙΤΩΝ,,,,ΟΡΓΑΝΙΚΑ ΈΞΟΔΑ ΚΑΤΑ ΕΙΔΟΣ / ΠΑΡΟΧΕΣ ΤΡΙΤΩΝ / Λοιπές παροχές τρίτων,missing_root_type
,Έξοδα ξενοδοχείων για εξυπηρέτηση πελατών μας,,unspecified,,0,,ΟΡΓΑΝΙΚΑ ΈΞΟΔΑ ΚΑΤΑ ΕΙΔΟΣ / ΠΑΡΟΧΕΣ ΤΡΙΤΩΝ / Λοιπές παροχές τρίτων,,,,ΟΡΓΑΝΙΚΑ ΈΞΟΔΑ ΚΑΤΑ ΕΙΔΟΣ / ΠΑΡΟΧΕΣ ΤΡΙΤΩΝ / Λοιπές παροχές τρίτων / Έξοδα ξενοδοχείων για εξυπηρέτηση πελατών μας,missing_root_type
,Ύδρευση  (πλην ύδρευσης παραγωγής),,unspecified,,0,,ΟΡΓΑΝΙΚΑ ΈΞΟΔΑ ΚΑΤΑ ΕΙΔΟΣ / ΠΑΡΟΧΕΣ ΤΡΙΤΩΝ / Λοιπές παροχές τρίτων,,,,ΟΡΓΑΝΙΚΑ ΈΞΟΔΑ ΚΑΤΑ ΕΙΔΟΣ / ΠΑΡΟΧΕΣ ΤΡΙΤΩΝ / Λοιπές παροχές τρίτων / Ύδρευση  (πλην ύδρευσης παραγωγής),missing_root_type
,Φωταέριο (πλην φωταερίου παραγωγής),,unspecified,,0,,ΟΡΓΑΝΙΚΑ ΈΞΟΔΑ ΚΑΤΑ ΕΙΔΟΣ / ΠΑΡΟΧΕΣ ΤΡΙΤΩΝ / Λοιπές παροχές τρίτων,,,,ΟΡΓΑΝΙΚΑ ΈΞΟΔΑ ΚΑΤΑ ΕΙΔΟΣ / ΠΑΡΟΧΕΣ ΤΡΙΤΩΝ / Λοιπές παροχές τρίτων / Φωταέριο (πλην φωταερίου παραγωγής),missing_root_type
,Φωτισμός (πλην ηλεκτρικής ενέργειας παραγωγής),,unspecified,,0,,ΟΡΓΑΝΙΚΑ ΈΞΟΔΑ ΚΑΤΑ ΕΙΔΟΣ / ΠΑΡΟΧΕΣ ΤΡΙΤΩΝ / Λοιπές παροχές τρίτων,,,,ΟΡΓΑΝΙΚΑ ΈΞΟΔΑ ΚΑΤΑ ΕΙΔΟΣ / ΠΑΡΟΧΕΣ ΤΡΙΤΩΝ / Λοιπές παροχές τρίτων / Φωτισμός (πλην ηλεκτρικής ενέργειας παραγωγής),missing_root_type
,Τηλεπικοινωνίες,,group,,1,,ΟΡΓΑΝΙΚΑ ΈΞΟΔΑ ΚΑΤΑ ΕΙΔΟΣ / ΠΑΡΟΧΕΣ ΤΡΙΤΩΝ,,,,ΟΡΓΑΝΙΚΑ ΈΞΟΔΑ ΚΑΤΑ ΕΙΔΟΣ / ΠΑΡΟΧΕΣ ΤΡΙΤΩΝ / Τηλεπικοινωνίες,missing_root_type
,Αγορές Τηλεκαρτών προς διάθεση,,unspecified,,0,,ΟΡΓΑΝΙΚΑ ΈΞΟΔΑ ΚΑΤΑ ΕΙΔΟΣ / ΠΑΡΟΧΕΣ ΤΡΙΤΩΝ / Τηλεπικοινωνίες,,,,ΟΡΓΑΝΙΚΑ ΈΞΟΔΑ ΚΑΤΑ ΕΙΔΟΣ / ΠΑΡΟΧΕΣ ΤΡΙΤΩΝ / Τηλεπικοινωνίες / Αγορές Τηλεκαρτών προς διάθεση,missing_root_type
,Διάφορα έξοδα τηλεπικοινωνιών,,unspecified,,0,,ΟΡΓΑΝΙΚΑ ΈΞΟΔΑ ΚΑΤΑ ΕΙΔΟΣ / ΠΑΡΟΧΕΣ ΤΡΙΤΩΝ / Τηλεπικοινωνίες,,,,ΟΡΓΑΝΙΚΑ ΈΞΟΔΑ ΚΑΤΑ ΕΙΔΟΣ / ΠΑΡΟΧΕΣ ΤΡΙΤΩΝ / Τηλεπικοινωνίες / Διάφορα έξοδα τηλεπικοινωνιών,missing_root_type
,ΤΕΛΕΞ (Τηλέτυπο),,unspecified,,0,,ΟΡΓΑΝΙΚΑ ΈΞΟΔΑ ΚΑΤΑ ΕΙΔΟΣ / ΠΑΡΟΧΕΣ ΤΡΙΤΩΝ / Τηλεπικοινωνίες,,,,ΟΡΓΑΝΙΚΑ ΈΞΟΔΑ ΚΑΤΑ ΕΙΔΟΣ / ΠΑΡΟΧΕΣ ΤΡΙΤΩΝ / Τηλεπικοινωνίες / ΤΕΛΕΞ (Τηλέτυπο),missing_root_type
,Ταχυδρομικά,,unspecified,,0,,ΟΡΓΑΝΙΚΑ ΈΞΟΔΑ ΚΑΤΑ ΕΙΔΟΣ / ΠΑΡΟΧΕΣ ΤΡΙΤΩΝ / Τηλεπικοινωνίες,,,,ΟΡΓΑΝΙΚΑ ΈΞΟΔΑ ΚΑΤΑ ΕΙΔΟΣ / ΠΑΡΟΧΕΣ ΤΡΙΤΩΝ / Τηλεπικοινωνίες / Ταχυδρομικά,missing_root_type
,Τηλεφωνικά - Τηλεγραφικά,,unspecified,,0,,ΟΡΓΑΝΙΚΑ ΈΞΟΔΑ ΚΑΤΑ ΕΙΔΟΣ / ΠΑΡΟΧΕΣ ΤΡΙΤΩΝ / Τηλεπικοινωνίες,,,,ΟΡΓΑΝΙΚΑ ΈΞΟΔΑ ΚΑΤΑ ΕΙΔΟΣ / ΠΑΡΟΧΕΣ ΤΡΙΤΩΝ / Τηλεπικοινωνίες / Τηλεφωνικά - Τηλεγραφικά,missing_root_type
,Φωταέριο παραγωγικής διαδικασίας,,unspecified,,0,,ΟΡΓΑΝΙΚΑ ΈΞΟΔΑ ΚΑΤΑ ΕΙΔΟΣ / ΠΑΡΟΧΕΣ ΤΡΙΤΩΝ,,,,ΟΡΓΑΝΙΚΑ ΈΞΟΔΑ ΚΑΤΑ ΕΙΔΟΣ / ΠΑΡΟΧΕΣ ΤΡΙΤΩΝ / Φωταέριο παραγωγικής διαδικασίας,missing_root_type
,ΠΡΟΒΛΕΨΕΙΣ ΕΚΜΕΤΑΛΛΕΥΣΕΙΣ,,group,,1,,ΟΡΓΑΝΙΚΑ ΈΞΟΔΑ ΚΑΤΑ ΕΙΔΟΣ,,,,ΟΡΓΑΝΙΚΑ ΈΞΟΔΑ ΚΑΤΑ ΕΙΔΟΣ / ΠΡΟΒΛΕΨΕΙΣ ΕΚΜΕΤΑΛΛΕΥΣΕΙΣ,missing_root_type
,Λοιπές προβλέψεις εκμετάλλευσης,,unspecified,,0,,ΟΡΓΑΝΙΚΑ ΈΞΟΔΑ ΚΑΤΑ ΕΙΔΟΣ / ΠΡΟΒΛΕΨΕΙΣ ΕΚΜΕΤΑΛΛΕΥΣΕΙΣ,,,,ΟΡΓΑΝΙΚΑ ΈΞΟΔΑ ΚΑΤΑ ΕΙΔΟΣ / ΠΡΟΒΛΕΨΕΙΣ ΕΚΜΕΤΑΛΛΕΥΣΕΙΣ / Λοιπές προβλέψεις εκμετάλλευσης,missing_root_type
,Προβλέψεις για αποζημίωση προσωπικού λόγω εξόδου από την υπηρεσία,,unspecified,,0,,ΟΡΓΑΝΙΚΑ ΈΞΟΔΑ ΚΑΤΑ ΕΙΔΟΣ / ΠΡΟΒΛΕΨΕΙΣ ΕΚΜΕΤΑΛΛΕΥΣΕΙΣ,,,,ΟΡΓΑΝΙΚΑ ΈΞΟΔΑ ΚΑΤΑ ΕΙΔΟΣ / ΠΡΟΒΛΕΨΕΙΣ ΕΚΜΕΤΑΛΛΕΥΣΕΙΣ / Προβλέψεις για αποζημίωση προσωπικού λόγω εξόδου από την υπηρεσία,missing_root_type
,Προβλέψεις για υποτιμήσεις συμμετοχών και χρεογράφων,,unspecified,,0,,ΟΡΓΑΝΙΚΑ ΈΞΟΔΑ ΚΑΤΑ ΕΙΔΟΣ / ΠΡΟΒΛΕΨΕΙΣ ΕΚΜΕΤΑΛΛΕΥΣΕΙΣ,,,,ΟΡΓΑΝΙΚΑ ΈΞΟΔΑ ΚΑΤΑ ΕΙΔΟΣ / ΠΡΟΒΛΕΨΕΙΣ ΕΚΜΕΤΑΛΛΕΥΣΕΙΣ / Προβλέψεις για υποτιμήσεις συμμετοχών και χρεογράφων,missing_root_type
,ΤΟΚΟΙ ΚΑΙ ΣΥΝΑΦΗ ΕΞΟΔΑ,,group,,1,,ΟΡΓΑΝΙΚΑ ΈΞΟΔΑ ΚΑΤΑ ΕΙΔΟΣ,,,,ΟΡΓΑΝΙΚΑ ΈΞΟΔΑ ΚΑΤΑ ΕΙΔΟΣ / ΤΟΚΟΙ ΚΑΙ ΣΥΝΑΦΗ ΕΞΟΔΑ,missing_root_type
,Έξοδα ασφαλειών (π.χ. εμπράγματων) δανείων & χρηματοδοτήσεων,,unspecified,,0,,ΟΡΓΑΝΙΚΑ ΈΞΟΔΑ ΚΑΤΑ ΕΙΔΟΣ / ΤΟΚΟΙ ΚΑΙ ΣΥΝΑΦΗ ΕΞΟΔΑ,,,,ΟΡΓΑΝΙΚΑ ΈΞΟΔΑ ΚΑΤΑ ΕΙΔΟΣ / ΤΟΚΟΙ ΚΑΙ ΣΥΝΑΦΗ ΕΞΟΔΑ / Έξοδα ασφαλειών (π.χ. εμπράγματων) δανείων & χρηματοδοτήσεων,missing_root_type
,Λοιπά συναφή με τις χρηματοδοτήσεις έξοδα,,group,,1,,ΟΡΓΑΝΙΚΑ ΈΞΟΔΑ ΚΑΤΑ ΕΙΔΟΣ / ΤΟΚΟΙ ΚΑΙ ΣΥΝΑΦΗ ΕΞΟΔΑ,,,,ΟΡΓΑΝΙΚΑ ΈΞΟΔΑ ΚΑΤΑ ΕΙΔΟΣ / ΤΟΚΟΙ ΚΑΙ ΣΥΝΑΦΗ ΕΞΟΔΑ / Λοιπά συναφή με τις χρηματοδοτήσεις έξοδα,missing_root_type
,Διάφορα έξοδα Τραπεζών,,unspecified,,0,,ΟΡΓΑΝΙΚΑ ΈΞΟΔΑ ΚΑΤΑ ΕΙΔΟΣ / ΤΟΚΟΙ ΚΑΙ ΣΥΝΑΦΗ ΕΞΟΔΑ / Λοιπά συναφή με τις χρηματοδοτήσεις έξοδα,,,,ΟΡΓΑΝΙΚΑ ΈΞΟΔΑ ΚΑΤΑ ΕΙΔΟΣ / ΤΟΚΟΙ ΚΑΙ ΣΥΝΑΦΗ ΕΞΟΔΑ / Λοιπά συναφή με τις χρηματοδοτήσεις έξοδα / Διάφορα έξοδα Τραπεζών,missing_root_type
,Εισπρακτικά γραμματίων εισπρακτέων,,unspecified,,0,,ΟΡΓΑΝΙΚΑ ΈΞΟΔΑ ΚΑΤΑ ΕΙΔΟΣ / ΤΟΚΟΙ ΚΑΙ ΣΥΝΑΦΗ ΕΞΟΔΑ / Λοιπά συναφή με τις χρηματοδοτήσεις έξοδα,,,,ΟΡΓΑΝΙΚΑ ΈΞΟΔΑ ΚΑΤΑ ΕΙΔΟΣ / ΤΟΚΟΙ ΚΑΙ ΣΥΝΑΦΗ ΕΞΟΔΑ / Λοιπά συναφή με τις χρηματοδοτήσεις έξοδα / Εισπρακτικά γραμματίων εισπρακτέων,missing_root_type
,Παροχές σε ομολογιούχους επί πλέον τόκου,,unspecified,,0,,ΟΡΓΑΝΙΚΑ ΈΞΟΔΑ ΚΑΤΑ ΕΙΔΟΣ / ΤΟΚΟΙ ΚΑΙ ΣΥΝΑΦΗ ΕΞΟΔΑ,,,,ΟΡΓΑΝΙΚΑ ΈΞΟΔΑ ΚΑΤΑ ΕΙΔΟΣ / ΤΟΚΟΙ ΚΑΙ ΣΥΝΑΦΗ ΕΞΟΔΑ / Παροχές σε ομολογιούχους επί πλέον τόκου,missing_root_type
,Προεξοφλητικοί τόκοι και έξοδα Τραπεζών,,unspecified,,0,,ΟΡΓΑΝΙΚΑ ΈΞΟΔΑ ΚΑΤΑ ΕΙΔΟΣ / ΤΟΚΟΙ ΚΑΙ ΣΥΝΑΦΗ ΕΞΟΔΑ,,,,ΟΡΓΑΝΙΚΑ ΈΞΟΔΑ ΚΑΤΑ ΕΙΔΟΣ / ΤΟΚΟΙ ΚΑΙ ΣΥΝΑΦΗ ΕΞΟΔΑ / Προεξοφλητικοί τόκοι και έξοδα Τραπεζών,missing_root_type
,Προμήθειες εγγυητικών επιστολών,,unspecified,,0,,ΟΡΓΑΝΙΚΑ ΈΞΟΔΑ ΚΑΤΑ ΕΙΔΟΣ / ΤΟΚΟΙ ΚΑΙ ΣΥΝΑΦΗ ΕΞΟΔΑ,,,,ΟΡΓΑΝΙΚΑ ΈΞΟΔΑ ΚΑΤΑ ΕΙΔΟΣ / ΤΟΚΟΙ ΚΑΙ ΣΥΝΑΦΗ ΕΞΟΔΑ / Προμήθειες εγγυητικών επιστολών,missing_root_type
,Τόκοι και έξοδα βραχυπρόθεσμων τραπεζικών χορηγήσεων για εξαγωγές,,unspecified,,0,,ΟΡΓΑΝΙΚΑ ΈΞΟΔΑ ΚΑΤΑ ΕΙΔΟΣ / ΤΟΚΟΙ ΚΑΙ ΣΥΝΑΦΗ ΕΞΟΔΑ,,,,ΟΡΓΑΝΙΚΑ ΈΞΟΔΑ ΚΑΤΑ ΕΙΔΟΣ / ΤΟΚΟΙ ΚΑΙ ΣΥΝΑΦΗ ΕΞΟΔΑ / Τόκοι και έξοδα βραχυπρόθεσμων τραπεζικών χορηγήσεων για εξαγωγές,missing_root_type
,Τόκοι και έξοδα εισπράξεως απαιτήσεων με σύμβαση Factoring,,unspecified,,0,,ΟΡΓΑΝΙΚΑ ΈΞΟΔΑ ΚΑΤΑ ΕΙΔΟΣ / ΤΟΚΟΙ ΚΑΙ ΣΥΝΑΦΗ ΕΞΟΔΑ,,,,ΟΡΓΑΝΙΚΑ ΈΞΟΔΑ ΚΑΤΑ ΕΙΔΟΣ / ΤΟΚΟΙ ΚΑΙ ΣΥΝΑΦΗ ΕΞΟΔΑ / Τόκοι και έξοδα εισπράξεως απαιτήσεων με σύμβαση Factoring,missing_root_type
,Τόκοι και έξοδα λοιπών βραχυπρόθεσμων τραπεζικών χρηματοδοτήσεων,,unspecified,,0,,ΟΡΓΑΝΙΚΑ ΈΞΟΔΑ ΚΑΤΑ ΕΙΔΟΣ / ΤΟΚΟΙ ΚΑΙ ΣΥΝΑΦΗ ΕΞΟΔΑ,,,,ΟΡΓΑΝΙΚΑ ΈΞΟΔΑ ΚΑΤΑ ΕΙΔΟΣ / ΤΟΚΟΙ ΚΑΙ ΣΥΝΑΦΗ ΕΞΟΔΑ / Τόκοι και έξοδα λοιπών βραχυπρόθεσμων τραπεζικών χρηματοδοτήσεων,missing_root_type
,Τόκοι και έξοδα λοιπών βραχυπρόθεσμων υποχρεώσεων,,unspecified,,0,,ΟΡΓΑΝΙΚΑ ΈΞΟΔΑ ΚΑΤΑ ΕΙΔΟΣ / ΤΟΚΟΙ ΚΑΙ ΣΥΝΑΦΗ ΕΞΟΔΑ,,,,ΟΡΓΑΝΙΚΑ ΈΞΟΔΑ ΚΑΤΑ ΕΙΔΟΣ / ΤΟΚΟΙ ΚΑΙ ΣΥΝΑΦΗ ΕΞΟΔΑ / Τόκοι και έξοδα λοιπών βραχυπρόθεσμων υποχρεώσεων,missing_root_type
,Τόκοι και έξοδα λοιπών μακροπρόθεσμων υποχρεώσεων,,group,,1,,ΟΡΓΑΝΙΚΑ ΈΞΟΔΑ ΚΑΤΑ ΕΙΔΟΣ / ΤΟΚΟΙ ΚΑΙ ΣΥΝΑΦΗ ΕΞΟΔΑ,,,,ΟΡΓΑΝΙΚΑ ΈΞΟΔΑ ΚΑΤΑ ΕΙΔΟΣ / ΤΟΚΟΙ ΚΑΙ ΣΥΝΑΦΗ ΕΞΟΔΑ / Τόκοι και έξοδα λοιπών μακροπρόθεσμων υποχρεώσεων,missing_root_type
,Τόκοι και έξοδα Τραπεζικών μακρ/σμων υποχρ. σε δρχ.με ρήτρα Ξ.Ν.,,unspecified,,0,,ΟΡΓΑΝΙΚΑ ΈΞΟΔΑ ΚΑΤΑ ΕΙΔΟΣ / ΤΟΚΟΙ ΚΑΙ ΣΥΝΑΦΗ ΕΞΟΔΑ / Τόκοι και έξοδα λοιπών μακροπρόθεσμων υποχρεώσεων,,,,ΟΡΓΑΝΙΚΑ ΈΞΟΔΑ ΚΑΤΑ ΕΙΔΟΣ / ΤΟΚΟΙ ΚΑΙ ΣΥΝΑΦΗ ΕΞΟΔΑ / Τόκοι και έξοδα λοιπών μακροπρόθεσμων υποχρεώσεων / Τόκοι και έξοδα Τραπεζικών μακρ/σμων υποχρ. σε δρχ.με ρήτρα Ξ.Ν.,missing_root_type
,Τόκοι και έξοδα Τραπεζικών μακροπρόθεσμων υποχρεώσεων σε Ξ.Ν.,,unspecified,,0,,ΟΡΓΑΝΙΚΑ ΈΞΟΔΑ ΚΑΤΑ ΕΙΔΟΣ / ΤΟΚΟΙ ΚΑΙ ΣΥΝΑΦΗ ΕΞΟΔΑ / Τόκοι και έξοδα λοιπών μακροπρόθεσμων υποχρεώσεων,,,,ΟΡΓΑΝΙΚΑ ΈΞΟΔΑ ΚΑΤΑ ΕΙΔΟΣ / ΤΟΚΟΙ ΚΑΙ ΣΥΝΑΦΗ ΕΞΟΔΑ / Τόκοι και έξοδα λοιπών μακροπρόθεσμων υποχρεώσεων / Τόκοι και έξοδα Τραπεζικών μακροπρόθεσμων υποχρεώσεων σε Ξ.Ν.,missing_root_type
,Τόκοι και έξοδα Τραπεζικών μακροπρόθεσμων υποχρεώσεων σε δρχ.,,unspecified,,0,,ΟΡΓΑΝΙΚΑ ΈΞΟΔΑ ΚΑΤΑ ΕΙΔΟΣ / ΤΟΚΟΙ ΚΑΙ ΣΥΝΑΦΗ ΕΞΟΔΑ / Τόκοι και έξοδα λοιπών μακροπρόθεσμων υποχρεώσεων,,,,ΟΡΓΑΝΙΚΑ ΈΞΟΔΑ ΚΑΤΑ ΕΙΔΟΣ / ΤΟΚΟΙ ΚΑΙ ΣΥΝΑΦΗ ΕΞΟΔΑ / Τόκοι και έξοδα λοιπών μακροπρόθεσμων υποχρεώσεων / Τόκοι και έξοδα Τραπεζικών μακροπρόθεσμων υποχρεώσεων σε δρχ.,missing_root_type
,Τόκοι και έξοδα λοιπών μακρ/σμων γραμματίων πληρωτέων σε Ξ.Ν.,,unspecified,,0,,ΟΡΓΑΝΙΚΑ ΈΞΟΔΑ ΚΑΤΑ ΕΙΔΟΣ / ΤΟΚΟΙ ΚΑΙ ΣΥΝΑΦΗ ΕΞΟΔΑ / Τόκοι και έξοδα λοιπών μακροπρόθεσμων υποχρεώσεων,,,,ΟΡΓΑΝΙΚΑ ΈΞΟΔΑ ΚΑΤΑ ΕΙΔΟΣ / ΤΟΚΟΙ ΚΑΙ ΣΥΝΑΦΗ ΕΞΟΔΑ / Τόκοι και έξοδα λοιπών μακροπρόθεσμων υποχρεώσεων / Τόκοι και έξοδα λοιπών μακρ/σμων γραμματίων πληρωτέων σε Ξ.Ν.,missing_root_type
,Τόκοι και έξοδα λοιπών μακρ/σμων γραμματίων πληρωτέων σε δρχ,,unspecified,,0,,ΟΡΓΑΝΙΚΑ ΈΞΟΔΑ ΚΑΤΑ ΕΙΔΟΣ / ΤΟΚΟΙ ΚΑΙ ΣΥΝΑΦΗ ΕΞΟΔΑ / Τόκοι και έξοδα λοιπών μακροπρόθεσμων υποχρεώσεων,,,,ΟΡΓΑΝΙΚΑ ΈΞΟΔΑ ΚΑΤΑ ΕΙΔΟΣ / ΤΟΚΟΙ ΚΑΙ ΣΥΝΑΦΗ ΕΞΟΔΑ / Τόκοι και έξοδα λοιπών μακροπρόθεσμων υποχρεώσεων / Τόκοι και έξοδα λοιπών μακρ/σμων γραμματίων πληρωτέων σε δρχ,missing_root_type
,Τόκοι και έξοδα λοιπών μακρ/σμων υποχρ. προς ασφαλιστικά ταμεία,,unspecified,,0,,ΟΡΓΑΝΙΚΑ ΈΞΟΔΑ ΚΑΤΑ ΕΙΔΟΣ / ΤΟΚΟΙ ΚΑΙ ΣΥΝΑΦΗ ΕΞΟΔΑ / Τόκοι και έξοδα λοιπών μακροπρόθεσμων υποχρεώσεων,,,,ΟΡΓΑΝΙΚΑ ΈΞΟΔΑ ΚΑΤΑ ΕΙΔΟΣ / ΤΟΚΟΙ ΚΑΙ ΣΥΝΑΦΗ ΕΞΟΔΑ / Τόκοι και έξοδα λοιπών μακροπρόθεσμων υποχρεώσεων / Τόκοι και έξοδα λοιπών μακρ/σμων υποχρ. προς ασφαλιστικά ταμεία,missing_root_type
,Τόκοι και έξοδα λοιπών μακρ/σμων υποχρ. προς εταίρους και διοικούντες,,unspecified,,0,,ΟΡΓΑΝΙΚΑ ΈΞΟΔΑ ΚΑΤΑ ΕΙΔΟΣ / ΤΟΚΟΙ ΚΑΙ ΣΥΝΑΦΗ ΕΞΟΔΑ / Τόκοι και έξοδα λοιπών μακροπρόθεσμων υποχρεώσεων,,,,ΟΡΓΑΝΙΚΑ ΈΞΟΔΑ ΚΑΤΑ ΕΙΔΟΣ / ΤΟΚΟΙ ΚΑΙ ΣΥΝΑΦΗ ΕΞΟΔΑ / Τόκοι και έξοδα λοιπών μακροπρόθεσμων υποχρεώσεων / Τόκοι και έξοδα λοιπών μακρ/σμων υποχρ. προς εταίρους και διοικούντες,missing_root_type
,Τόκοι και έξοδα λοιπών μακρ/σμων υποχρ. προς το Δημόσιο από φόρους,,unspecified,,0,,ΟΡΓΑΝΙΚΑ ΈΞΟΔΑ ΚΑΤΑ ΕΙΔΟΣ / ΤΟΚΟΙ ΚΑΙ ΣΥΝΑΦΗ ΕΞΟΔΑ / Τόκοι και έξοδα λοιπών μακροπρόθεσμων υποχρεώσεων,,,,ΟΡΓΑΝΙΚΑ ΈΞΟΔΑ ΚΑΤΑ ΕΙΔΟΣ / ΤΟΚΟΙ ΚΑΙ ΣΥΝΑΦΗ ΕΞΟΔΑ / Τόκοι και έξοδα λοιπών μακροπρόθεσμων υποχρεώσεων / Τόκοι και έξοδα λοιπών μακρ/σμων υποχρ. προς το Δημόσιο από φόρους,missing_root_type
,Τόκοι και έξοδα λοιπών μακρ/σμων υποχρεώσεων σε Ξ.Ν.,,unspecified,,0,,ΟΡΓΑΝΙΚΑ ΈΞΟΔΑ ΚΑΤΑ ΕΙΔΟΣ / ΤΟΚΟΙ ΚΑΙ ΣΥΝΑΦΗ ΕΞΟΔΑ / Τόκοι και έξοδα λοιπών μακροπρόθεσμων υποχρεώσεων,,,,ΟΡΓΑΝΙΚΑ ΈΞΟΔΑ ΚΑΤΑ ΕΙΔΟΣ / ΤΟΚΟΙ ΚΑΙ ΣΥΝΑΦΗ ΕΞΟΔΑ / Τόκοι και έξοδα λοιπών μακροπρόθεσμων υποχρεώσεων / Τόκοι και έξοδα λοιπών μακρ/σμων υποχρεώσεων σε Ξ.Ν.,missing_root_type
,Τόκοι και έξοδα λοιπών μακρ/σμων υποχρεώσεων σε δρχ.,,unspecified,,0,,ΟΡΓΑΝΙΚΑ ΈΞΟΔΑ ΚΑΤΑ ΕΙΔΟΣ / ΤΟΚΟΙ ΚΑΙ ΣΥΝΑΦΗ ΕΞΟΔΑ / Τόκοι και έξοδα λοιπών μακροπρόθεσμων υποχρεώσεων,,,,ΟΡΓΑΝΙΚΑ ΈΞΟΔΑ ΚΑΤΑ ΕΙΔΟΣ / ΤΟΚΟΙ ΚΑΙ ΣΥΝΑΦΗ ΕΞΟΔΑ / Τόκοι και έξοδα λοιπών μακροπρόθεσμων υποχρεώσεων / Τόκοι και έξοδα λοιπών μακρ/σμων υποχρεώσεων σε δρχ.,missing_root_type
,Τόκοι και έξοδα λοιπών μακροπρόθεσμων υποχρεώσεων προς Ταμιευτήρια,,unspecified,,0,,ΟΡΓΑΝΙΚΑ ΈΞΟΔΑ ΚΑΤΑ ΕΙΔΟΣ / ΤΟΚΟΙ ΚΑΙ ΣΥΝΑΦΗ ΕΞΟΔΑ / Τόκοι και έξοδα λοιπών μακροπρόθεσμων υποχρεώσεων,,,,ΟΡΓΑΝΙΚΑ ΈΞΟΔΑ ΚΑΤΑ ΕΙΔΟΣ / ΤΟΚΟΙ ΚΑΙ ΣΥΝΑΦΗ ΕΞΟΔΑ / Τόκοι και έξοδα λοιπών μακροπρόθεσμων υποχρεώσεων / Τόκοι και έξοδα λοιπών μακροπρόθεσμων υποχρεώσεων προς Ταμιευτήρια,missing_root_type
,Τόκοι και έξοδα λοιπών μακροπρόθεσμων υποχρεώσεων προς συγγενείς (συνδεδεμένες) επιχειρήσεις σε Ξ.Ν.,,unspecified,,0,,ΟΡΓΑΝΙΚΑ ΈΞΟΔΑ ΚΑΤΑ ΕΙΔΟΣ / ΤΟΚΟΙ ΚΑΙ ΣΥΝΑΦΗ ΕΞΟΔΑ / Τόκοι και έξοδα λοιπών μακροπρόθεσμων υποχρεώσεων,,,,ΟΡΓΑΝΙΚΑ ΈΞΟΔΑ ΚΑΤΑ ΕΙΔΟΣ / ΤΟΚΟΙ ΚΑΙ ΣΥΝΑΦΗ ΕΞΟΔΑ / Τόκοι και έξοδα λοιπών μακροπρόθεσμων υποχρεώσεων / Τόκοι και έξοδα λοιπών μακροπρόθεσμων υποχρεώσεων προς συγγενείς (συνδεδεμένες) επιχειρήσεις σε Ξ.Ν.,missing_root_type
,Τόκοι και έξοδα λοιπών μακροπρόθεσμων υποχρεώσεων προς συγγενείς (συνδεδεμένες) επιχειρήσεις σε δρχ.,,unspecified,,0,,ΟΡΓΑΝΙΚΑ ΈΞΟΔΑ ΚΑΤΑ ΕΙΔΟΣ / ΤΟΚΟΙ ΚΑΙ ΣΥΝΑΦΗ ΕΞΟΔΑ / Τόκοι και έξοδα λοιπών μακροπρόθεσμων υποχρεώσεων,,,,ΟΡΓΑΝΙΚΑ ΈΞΟΔΑ ΚΑΤΑ ΕΙΔΟΣ / ΤΟΚΟΙ ΚΑΙ ΣΥΝΑΦΗ ΕΞΟΔΑ / Τόκοι και έξοδα λοιπών μακροπρόθεσμων υποχρεώσεων / Τόκοι και έξοδα λοιπών μακροπρόθεσμων υποχρεώσεων προς συγγενείς (συνδεδεμένες) επιχειρήσεις σε δρχ.,missing_root_type
,Τόκοι και έξοδα ομολογιακών δανείων,,group,,1,,ΟΡΓΑΝΙΚΑ ΈΞΟΔΑ ΚΑΤΑ ΕΙΔΟΣ / ΤΟΚΟΙ ΚΑΙ ΣΥΝΑΦΗ ΕΞΟΔΑ,,,,ΟΡΓΑΝΙΚΑ ΈΞΟΔΑ ΚΑΤΑ ΕΙΔΟΣ / ΤΟΚΟΙ ΚΑΙ ΣΥΝΑΦΗ ΕΞΟΔΑ / Τόκοι και έξοδα ομολογιακών δανείων,missing_root_type
,Τόκοι και έξοδα δανείων με ρήτρα Ξ.Ν. μετατρέψιμων σε μετοχές,,unspecified,,0,,ΟΡΓΑΝΙΚΑ ΈΞΟΔΑ ΚΑΤΑ ΕΙΔΟΣ / ΤΟΚΟΙ ΚΑΙ ΣΥΝΑΦΗ ΕΞΟΔΑ / Τόκοι και έξοδα ομολογιακών δανείων,,,,ΟΡΓΑΝΙΚΑ ΈΞΟΔΑ ΚΑΤΑ ΕΙΔΟΣ / ΤΟΚΟΙ ΚΑΙ ΣΥΝΑΦΗ ΕΞΟΔΑ / Τόκοι και έξοδα ομολογιακών δανείων / Τόκοι και έξοδα δανείων με ρήτρα Ξ.Ν. μετατρέψιμων σε μετοχές,missing_root_type
,Τόκοι και έξοδα δανείων με ρήτρα Ξ.Ν. μη μετατρέψιμων σε μετοχές,,unspecified,,0,,ΟΡΓΑΝΙΚΑ ΈΞΟΔΑ ΚΑΤΑ ΕΙΔΟΣ / ΤΟΚΟΙ ΚΑΙ ΣΥΝΑΦΗ ΕΞΟΔΑ / Τόκοι και έξοδα ομολογιακών δανείων,,,,ΟΡΓΑΝΙΚΑ ΈΞΟΔΑ ΚΑΤΑ ΕΙΔΟΣ / ΤΟΚΟΙ ΚΑΙ ΣΥΝΑΦΗ ΕΞΟΔΑ / Τόκοι και έξοδα ομολογιακών δανείων / Τόκοι και έξοδα δανείων με ρήτρα Ξ.Ν. μη μετατρέψιμων σε μετοχές,missing_root_type
,Τόκοι και έξοδα δανείων σε Ξ.Ν. μετατρέψιμων σε μετοχές,,unspecified,,0,,ΟΡΓΑΝΙΚΑ ΈΞΟΔΑ ΚΑΤΑ ΕΙΔΟΣ / ΤΟΚΟΙ ΚΑΙ ΣΥΝΑΦΗ ΕΞΟΔΑ / Τόκοι και έξοδα ομολογιακών δανείων,,,,ΟΡΓΑΝΙΚΑ ΈΞΟΔΑ ΚΑΤΑ ΕΙΔΟΣ / ΤΟΚΟΙ ΚΑΙ ΣΥΝΑΦΗ ΕΞΟΔΑ / Τόκοι και έξοδα ομολογιακών δανείων / Τόκοι και έξοδα δανείων σε Ξ.Ν. μετατρέψιμων σε μετοχές,missing_root_type
,Τόκοι και έξοδα δανείων σε Ξ.Ν. μη μετατρέψιμων σε μετοχές,,unspecified,,0,,ΟΡΓΑΝΙΚΑ ΈΞΟΔΑ ΚΑΤΑ ΕΙΔΟΣ / ΤΟΚΟΙ ΚΑΙ ΣΥΝΑΦΗ ΕΞΟΔΑ / Τόκοι και έξοδα ομολογιακών δανείων,,,,ΟΡΓΑΝΙΚΑ ΈΞΟΔΑ ΚΑΤΑ ΕΙΔΟΣ / ΤΟΚΟΙ ΚΑΙ ΣΥΝΑΦΗ ΕΞΟΔΑ / Τόκοι και έξοδα ομολογιακών δανείων / Τόκοι και έξοδα δανείων σε Ξ.Ν. μη μετατρέψιμων σε μετοχές,missing_root_type
,Τόκοι και έξοδα δανείων σε δρχ. μετατρέψιμων σε μετοχές,,unspecified,,0,,ΟΡΓΑΝΙΚΑ ΈΞΟΔΑ ΚΑΤΑ ΕΙΔΟΣ / ΤΟΚΟΙ ΚΑΙ ΣΥΝΑΦΗ ΕΞΟΔΑ / Τόκοι και έξοδα ομολογιακών δανείων,,,,ΟΡΓΑΝΙΚΑ ΈΞΟΔΑ ΚΑΤΑ ΕΙΔΟΣ / ΤΟΚΟΙ ΚΑΙ ΣΥΝΑΦΗ ΕΞΟΔΑ / Τόκοι και έξοδα ομολογιακών δανείων / Τόκοι και έξοδα δανείων σε δρχ. μετατρέψιμων σε μετοχές,missing_root_type
,Τόκοι και έξοδα δανείων σε δρχ. μη μετατρέψιμων σε μετοχές,,unspecified,,0,,ΟΡΓΑΝΙΚΑ ΈΞΟΔΑ ΚΑΤΑ ΕΙΔΟΣ / ΤΟΚΟΙ ΚΑΙ ΣΥΝΑΦΗ ΕΞΟΔΑ / Τόκοι και έξοδα ομολογιακών δανείων,,,,ΟΡΓΑΝΙΚΑ ΈΞΟΔΑ ΚΑΤΑ ΕΙΔΟΣ / ΤΟΚΟΙ ΚΑΙ ΣΥΝΑΦΗ ΕΞΟΔΑ / Τόκοι και έξοδα ομολογιακών δανείων / Τόκοι και έξοδα δανείων σε δρχ. μη μετατρέψιμων σε μετοχές,missing_root_type
,Τόκοι και έξοδα χρηματοδοτήσεων τραπεζών εγγυημένων με αξιόγραφα,,unspecified,,0,,ΟΡΓΑΝΙΚΑ ΈΞΟΔΑ ΚΑΤΑ ΕΙΔΟΣ / ΤΟΚΟΙ ΚΑΙ ΣΥΝΑΦΗ ΕΞΟΔΑ,,,,ΟΡΓΑΝΙΚΑ ΈΞΟΔΑ ΚΑΤΑ ΕΙΔΟΣ / ΤΟΚΟΙ ΚΑΙ ΣΥΝΑΦΗ ΕΞΟΔΑ / Τόκοι και έξοδα χρηματοδοτήσεων τραπεζών εγγυημένων με αξιόγραφα,missing_root_type
,Χαρτόσημα συμβάσεων δανείων και χρηματοδοτήσεων (και ειδικός φόρος),,unspecified,,0,,ΟΡΓΑΝΙΚΑ ΈΞΟΔΑ ΚΑΤΑ ΕΙΔΟΣ / ΤΟΚΟΙ ΚΑΙ ΣΥΝΑΦΗ ΕΞΟΔΑ,,,,ΟΡΓΑΝΙΚΑ ΈΞΟΔΑ ΚΑΤΑ ΕΙΔΟΣ / ΤΟΚΟΙ ΚΑΙ ΣΥΝΑΦΗ ΕΞΟΔΑ / Χαρτόσημα συμβάσεων δανείων και χρηματοδοτήσεων (και ειδικός φόρος),missing_root_type
,ΦΟΡΟΙ - ΤΕΛΗ,,group,,1,,ΟΡΓΑΝΙΚΑ ΈΞΟΔΑ ΚΑΤΑ ΕΙΔΟΣ,,,,ΟΡΓΑΝΙΚΑ ΈΞΟΔΑ ΚΑΤΑ ΕΙΔΟΣ / ΦΟΡΟΙ - ΤΕΛΗ,missing_root_type
,Δημοτικοί φόροι - τέλη,,group,,1,,ΟΡΓΑΝΙΚΑ ΈΞΟΔΑ ΚΑΤΑ ΕΙΔΟΣ / ΦΟΡΟΙ - ΤΕΛΗ,,,,ΟΡΓΑΝΙΚΑ ΈΞΟΔΑ ΚΑΤΑ ΕΙΔΟΣ / ΦΟΡΟΙ - ΤΕΛΗ / Δημοτικοί φόροι - τέλη,missing_root_type
,Λοιποί φόροι - τέλη,,unspecified,,0,,ΟΡΓΑΝΙΚΑ ΈΞΟΔΑ ΚΑΤΑ ΕΙΔΟΣ / ΦΟΡΟΙ - ΤΕΛΗ / Δημοτικοί φόροι - τέλη,,,,ΟΡΓΑΝΙΚΑ ΈΞΟΔΑ ΚΑΤΑ ΕΙΔΟΣ / ΦΟΡΟΙ - ΤΕΛΗ / Δημοτικοί φόροι - τέλη / Λοιποί φόροι - τέλη,missing_root_type
,Τέλη ακίνητης περιουσίας,,unspecified,,0,,ΟΡΓΑΝΙΚΑ ΈΞΟΔΑ ΚΑΤΑ ΕΙΔΟΣ / ΦΟΡΟΙ - ΤΕΛΗ / Δημοτικοί φόροι - τέλη,,,,ΟΡΓΑΝΙΚΑ ΈΞΟΔΑ ΚΑΤΑ ΕΙΔΟΣ / ΦΟΡΟΙ - ΤΕΛΗ / Δημοτικοί φόροι - τέλη / Τέλη ακίνητης περιουσίας,missing_root_type
,Τέλη καθαριότητας και φωτισμού,,unspecified,,0,,ΟΡΓΑΝΙΚΑ ΈΞΟΔΑ ΚΑΤΑ ΕΙΔΟΣ / ΦΟΡΟΙ - ΤΕΛΗ / Δημοτικοί φόροι - τέλη,,,,ΟΡΓΑΝΙΚΑ ΈΞΟΔΑ ΚΑΤΑ ΕΙΔΟΣ / ΦΟΡΟΙ - ΤΕΛΗ / Δημοτικοί φόροι - τέλη / Τέλη καθαριότητας και φωτισμού,missing_root_type
,Φόροι & τέλη ανεγειρόμενων ακινήτων,,unspecified,,0,,ΟΡΓΑΝΙΚΑ ΈΞΟΔΑ ΚΑΤΑ ΕΙΔΟΣ / ΦΟΡΟΙ - ΤΕΛΗ / Δημοτικοί φόροι - τέλη,,,,ΟΡΓΑΝΙΚΑ ΈΞΟΔΑ ΚΑΤΑ ΕΙΔΟΣ / ΦΟΡΟΙ - ΤΕΛΗ / Δημοτικοί φόροι - τέλη / Φόροι & τέλη ανεγειρόμενων ακινήτων,missing_root_type
,Διάφοροι φόροι - τέλη,,group,,1,,ΟΡΓΑΝΙΚΑ ΈΞΟΔΑ ΚΑΤΑ ΕΙΔΟΣ / ΦΟΡΟΙ - ΤΕΛΗ,,,,ΟΡΓΑΝΙΚΑ ΈΞΟΔΑ ΚΑΤΑ ΕΙΔΟΣ / ΦΟΡΟΙ - ΤΕΛΗ / Διάφοροι φόροι - τέλη,missing_root_type
,Κρατήσεις υπέρ Δημοσίου και Τρίτων από πωλήσεις προς το Δημόσιο  και ΝΠΔΔ,,unspecified,,0,,ΟΡΓΑΝΙΚΑ ΈΞΟΔΑ ΚΑΤΑ ΕΙΔΟΣ / ΦΟΡΟΙ - ΤΕΛΗ / Διάφοροι φόροι - τέλη,,,,ΟΡΓΑΝΙΚΑ ΈΞΟΔΑ ΚΑΤΑ ΕΙΔΟΣ / ΦΟΡΟΙ - ΤΕΛΗ / Διάφοροι φόροι - τέλη / Κρατήσεις υπέρ Δημοσίου και Τρίτων από πωλήσεις προς το Δημόσιο  και ΝΠΔΔ,missing_root_type
,Λοιποί φόροι - τέλη,,unspecified,,0,,ΟΡΓΑΝΙΚΑ ΈΞΟΔΑ ΚΑΤΑ ΕΙΔΟΣ / ΦΟΡΟΙ - ΤΕΛΗ / Διάφοροι φόροι - τέλη,,,,ΟΡΓΑΝΙΚΑ ΈΞΟΔΑ ΚΑΤΑ ΕΙΔΟΣ / ΦΟΡΟΙ - ΤΕΛΗ / Διάφοροι φόροι - τέλη / Λοιποί φόροι - τέλη,missing_root_type
,Τέλη ύδρευσης,,unspecified,,0,,ΟΡΓΑΝΙΚΑ ΈΞΟΔΑ ΚΑΤΑ ΕΙΔΟΣ / ΦΟΡΟΙ - ΤΕΛΗ / Διάφοροι φόροι - τέλη,,,,ΟΡΓΑΝΙΚΑ ΈΞΟΔΑ ΚΑΤΑ ΕΙΔΟΣ / ΦΟΡΟΙ - ΤΕΛΗ / Διάφοροι φόροι - τέλη / Τέλη ύδρευσης,missing_root_type
,Φ.Π.Α. Εκπιπτόμενος,,unspecified,,0,,ΟΡΓΑΝΙΚΑ ΈΞΟΔΑ ΚΑΤΑ ΕΙΔΟΣ / ΦΟΡΟΙ - ΤΕΛΗ / Διάφοροι φόροι - τέλη,,,,ΟΡΓΑΝΙΚΑ ΈΞΟΔΑ ΚΑΤΑ ΕΙΔΟΣ / ΦΟΡΟΙ - ΤΕΛΗ / Διάφοροι φόροι - τέλη / Φ.Π.Α. Εκπιπτόμενος,missing_root_type
,Φ.Π.Α. Μη εκπιπτόμενος,,unspecified,,0,,ΟΡΓΑΝΙΚΑ ΈΞΟΔΑ ΚΑΤΑ ΕΙΔΟΣ / ΦΟΡΟΙ - ΤΕΛΗ / Διάφοροι φόροι - τέλη,,,,ΟΡΓΑΝΙΚΑ ΈΞΟΔΑ ΚΑΤΑ ΕΙΔΟΣ / ΦΟΡΟΙ - ΤΕΛΗ / Διάφοροι φόροι - τέλη / Φ.Π.Α. Μη εκπιπτόμενος,missing_root_type
,Φόρος ακίνητης περιουσίας,,unspecified,,0,,ΟΡΓΑΝΙΚΑ ΈΞΟΔΑ ΚΑΤΑ ΕΙΔΟΣ / ΦΟΡΟΙ - ΤΕΛΗ / Διάφοροι φόροι - τέλη,,,,ΟΡΓΑΝΙΚΑ ΈΞΟΔΑ ΚΑΤΑ ΕΙΔΟΣ / ΦΟΡΟΙ - ΤΕΛΗ / Διάφοροι φόροι - τέλη / Φόρος ακίνητης περιουσίας,missing_root_type
,Χαρτόσημο αμοιβών τρίτων,,unspecified,,0,,ΟΡΓΑΝΙΚΑ ΈΞΟΔΑ ΚΑΤΑ ΕΙΔΟΣ / ΦΟΡΟΙ - ΤΕΛΗ / Διάφοροι φόροι - τέλη,,,,ΟΡΓΑΝΙΚΑ ΈΞΟΔΑ ΚΑΤΑ ΕΙΔΟΣ / ΦΟΡΟΙ - ΤΕΛΗ / Διάφοροι φόροι - τέλη / Χαρτόσημο αμοιβών τρίτων,missing_root_type
,Χαρτόσημο εσόδων από τόκους,,unspecified,,0,,ΟΡΓΑΝΙΚΑ ΈΞΟΔΑ ΚΑΤΑ ΕΙΔΟΣ / ΦΟΡΟΙ - ΤΕΛΗ / Διάφοροι φόροι - τέλη,,,,ΟΡΓΑΝΙΚΑ ΈΞΟΔΑ ΚΑΤΑ ΕΙΔΟΣ / ΦΟΡΟΙ - ΤΕΛΗ / Διάφοροι φόροι - τέλη / Χαρτόσημο εσόδων από τόκους,missing_root_type
,Χαρτόσημο κερδών,,unspecified,,0,,ΟΡΓΑΝΙΚΑ ΈΞΟΔΑ ΚΑΤΑ ΕΙΔΟΣ / ΦΟΡΟΙ - ΤΕΛΗ / Διάφοροι φόροι - τέλη,,,,ΟΡΓΑΝΙΚΑ ΈΞΟΔΑ ΚΑΤΑ ΕΙΔΟΣ / ΦΟΡΟΙ - ΤΕΛΗ / Διάφοροι φόροι - τέλη / Χαρτόσημο κερδών,missing_root_type
,Χαρτόσημο μισθωμάτων,,unspecified,,0,,ΟΡΓΑΝΙΚΑ ΈΞΟΔΑ ΚΑΤΑ ΕΙΔΟΣ / ΦΟΡΟΙ - ΤΕΛΗ / Διάφοροι φόροι - τέλη,,,,ΟΡΓΑΝΙΚΑ ΈΞΟΔΑ ΚΑΤΑ ΕΙΔΟΣ / ΦΟΡΟΙ - ΤΕΛΗ / Διάφοροι φόροι - τέλη / Χαρτόσημο μισθωμάτων,missing_root_type
,Χαρτόσημο τιμολογίων (αγοράς και πώλησης),,unspecified,,0,,ΟΡΓΑΝΙΚΑ ΈΞΟΔΑ ΚΑΤΑ ΕΙΔΟΣ / ΦΟΡΟΙ - ΤΕΛΗ / Διάφοροι φόροι - τέλη,,,,ΟΡΓΑΝΙΚΑ ΈΞΟΔΑ ΚΑΤΑ ΕΙΔΟΣ / ΦΟΡΟΙ - ΤΕΛΗ / Διάφοροι φόροι - τέλη / Χαρτόσημο τιμολογίων (αγοράς και πώλησης),missing_root_type
,Εισφορά ΟΓΑ,,unspecified,,0,,ΟΡΓΑΝΙΚΑ ΈΞΟΔΑ ΚΑΤΑ ΕΙΔΟΣ / ΦΟΡΟΙ - ΤΕΛΗ,,,,ΟΡΓΑΝΙΚΑ ΈΞΟΔΑ ΚΑΤΑ ΕΙΔΟΣ / ΦΟΡΟΙ - ΤΕΛΗ / Εισφορά ΟΓΑ,missing_root_type
,Λοιποί φόροι - τέλη εξωτερικού,,unspecified,,0,,ΟΡΓΑΝΙΚΑ ΈΞΟΔΑ ΚΑΤΑ ΕΙΔΟΣ / ΦΟΡΟΙ - ΤΕΛΗ,,,,ΟΡΓΑΝΙΚΑ ΈΞΟΔΑ ΚΑΤΑ ΕΙΔΟΣ / ΦΟΡΟΙ - ΤΕΛΗ / Λοιποί φόροι - τέλη εξωτερικού,missing_root_type
,"Τέλη συναλλαγματικών, δανείων και λοιπών πράξεων",,group,,1,,ΟΡΓΑΝΙΚΑ ΈΞΟΔΑ ΚΑΤΑ ΕΙΔΟΣ / ΦΟΡΟΙ - ΤΕΛΗ,,,,"ΟΡΓΑΝΙΚΑ ΈΞΟΔΑ ΚΑΤΑ ΕΙΔΟΣ / ΦΟΡΟΙ - ΤΕΛΗ / Τέλη συναλλαγματικών, δανείων και λοιπών πράξεων",missing_root_type
,Χαρτόσημο λοιπών πράξεων,,unspecified,,0,,"ΟΡΓΑΝΙΚΑ ΈΞΟΔΑ ΚΑΤΑ ΕΙΔΟΣ / ΦΟΡΟΙ - ΤΕΛΗ / Τέλη συναλλαγματικών, δανείων και λοιπών πράξεων",,,,"ΟΡΓΑΝΙΚΑ ΈΞΟΔΑ ΚΑΤΑ ΕΙΔΟΣ / ΦΟΡΟΙ - ΤΕΛΗ / Τέλη συναλλαγματικών, δανείων και λοιπών πράξεων / Χαρτόσημο λοιπών πράξεων",missing_root_type
,Χαρτόσημο συναλλαγματικών και αποδείξεων,,unspecified,,0,,"ΟΡΓΑΝΙΚΑ ΈΞΟΔΑ ΚΑΤΑ ΕΙΔΟΣ / ΦΟΡΟΙ - ΤΕΛΗ / Τέλη συναλλαγματικών, δανείων και λοιπών πράξεων",,,,"ΟΡΓΑΝΙΚΑ ΈΞΟΔΑ ΚΑΤΑ ΕΙΔΟΣ / ΦΟΡΟΙ - ΤΕΛΗ / Τέλη συναλλαγματικών, δανείων και λοιπών πράξεων / Χαρτόσημο συναλλαγματικών και αποδείξεων",missing_root_type
,Τέλη υπέρ τρίτων επί κατασκευαζομένων τεχνικών έργων,,unspecified,,0,,ΟΡΓΑΝΙΚΑ ΈΞΟΔΑ ΚΑΤΑ ΕΙΔΟΣ / ΦΟΡΟΙ - ΤΕΛΗ,,,,ΟΡΓΑΝΙΚΑ ΈΞΟΔΑ ΚΑΤΑ ΕΙΔΟΣ / ΦΟΡΟΙ - ΤΕΛΗ / Τέλη υπέρ τρίτων επί κατασκευαζομένων τεχνικών έργων,missing_root_type
,Φόροι - Τέλη κυκλοφορίας μεταφορικών μέσων,,group,,1,,ΟΡΓΑΝΙΚΑ ΈΞΟΔΑ ΚΑΤΑ ΕΙΔΟΣ / ΦΟΡΟΙ - ΤΕΛΗ,,,,ΟΡΓΑΝΙΚΑ ΈΞΟΔΑ ΚΑΤΑ ΕΙΔΟΣ / ΦΟΡΟΙ - ΤΕΛΗ / Φόροι - Τέλη κυκλοφορίας μεταφορικών μέσων,missing_root_type
,Αυτοκινήτων επιβατικών,,unspecified,,0,,ΟΡΓΑΝΙΚΑ ΈΞΟΔΑ ΚΑΤΑ ΕΙΔΟΣ / ΦΟΡΟΙ - ΤΕΛΗ / Φόροι - Τέλη κυκλοφορίας μεταφορικών μέσων,,,,ΟΡΓΑΝΙΚΑ ΈΞΟΔΑ ΚΑΤΑ ΕΙΔΟΣ / ΦΟΡΟΙ - ΤΕΛΗ / Φόροι - Τέλη κυκλοφορίας μεταφορικών μέσων / Αυτοκινήτων επιβατικών,missing_root_type
,Αυτοκινήτων φορτηγών,,unspecified,,0,,ΟΡΓΑΝΙΚΑ ΈΞΟΔΑ ΚΑΤΑ ΕΙΔΟΣ / ΦΟΡΟΙ - ΤΕΛΗ / Φόροι - Τέλη κυκλοφορίας μεταφορικών μέσων,,,,ΟΡΓΑΝΙΚΑ ΈΞΟΔΑ ΚΑΤΑ ΕΙΔΟΣ / ΦΟΡΟΙ - ΤΕΛΗ / Φόροι - Τέλη κυκλοφορίας μεταφορικών μέσων / Αυτοκινήτων φορτηγών,missing_root_type
,Εναέριων μέσων,,unspecified,,0,,ΟΡΓΑΝΙΚΑ ΈΞΟΔΑ ΚΑΤΑ ΕΙΔΟΣ / ΦΟΡΟΙ - ΤΕΛΗ / Φόροι - Τέλη κυκλοφορίας μεταφορικών μέσων,,,,ΟΡΓΑΝΙΚΑ ΈΞΟΔΑ ΚΑΤΑ ΕΙΔΟΣ / ΦΟΡΟΙ - ΤΕΛΗ / Φόροι - Τέλη κυκλοφορίας μεταφορικών μέσων / Εναέριων μέσων,missing_root_type
,Πλωτών μέσων,,unspecified,,0,,ΟΡΓΑΝΙΚΑ ΈΞΟΔΑ ΚΑΤΑ ΕΙΔΟΣ / ΦΟΡΟΙ - ΤΕΛΗ / Φόροι - Τέλη κυκλοφορίας μεταφορικών μέσων,,,,ΟΡΓΑΝΙΚΑ ΈΞΟΔΑ ΚΑΤΑ ΕΙΔΟΣ / ΦΟΡΟΙ - ΤΕΛΗ / Φόροι - Τέλη κυκλοφορίας μεταφορικών μέσων / Πλωτών μέσων,missing_root_type
,Σιδηροδρομικών οχημάτων,,unspecified,,0,,ΟΡΓΑΝΙΚΑ ΈΞΟΔΑ ΚΑΤΑ ΕΙΔΟΣ / ΦΟΡΟΙ - ΤΕΛΗ / Φόροι - Τέλη κυκλοφορίας μεταφορικών μέσων,,,,ΟΡΓΑΝΙΚΑ ΈΞΟΔΑ ΚΑΤΑ ΕΙΔΟΣ / ΦΟΡΟΙ - ΤΕΛΗ / Φόροι - Τέλη κυκλοφορίας μεταφορικών μέσων / Σιδηροδρομικών οχημάτων,missing_root_type
,Φόροι - Τέλη προβλέπονται από διεθνείς οργανισμούς,,unspecified,,0,,ΟΡΓΑΝΙΚΑ ΈΞΟΔΑ ΚΑΤΑ ΕΙΔΟΣ / ΦΟΡΟΙ - ΤΕΛΗ,,,,ΟΡΓΑΝΙΚΑ ΈΞΟΔΑ ΚΑΤΑ ΕΙΔΟΣ / ΦΟΡΟΙ - ΤΕΛΗ / Φόροι - Τέλη προβλέπονται από διεθνείς οργανισμούς,missing_root_type
,Φόρος εισοδήματος μη συμψηφιζόμενος,,group,,1,,ΟΡΓΑΝΙΚΑ ΈΞΟΔΑ ΚΑΤΑ ΕΙΔΟΣ / ΦΟΡΟΙ - ΤΕΛΗ,,,,ΟΡΓΑΝΙΚΑ ΈΞΟΔΑ ΚΑΤΑ ΕΙΔΟΣ / ΦΟΡΟΙ - ΤΕΛΗ / Φόρος εισοδήματος μη συμψηφιζόμενος,missing_root_type
,Φόρος εισοδήματος μη συμψηφιζόμενος εξωτερικού,,unspecified,,0,,ΟΡΓΑΝΙΚΑ ΈΞΟΔΑ ΚΑΤΑ ΕΙΔΟΣ / ΦΟΡΟΙ - ΤΕΛΗ / Φόρος εισοδήματος μη συμψηφιζόμενος,,,,ΟΡΓΑΝΙΚΑ ΈΞΟΔΑ ΚΑΤΑ ΕΙΔΟΣ / ΦΟΡΟΙ - ΤΕΛΗ / Φόρος εισοδήματος μη συμψηφιζόμενος / Φόρος εισοδήματος μη συμψηφιζόμενος εξωτερικού,missing_root_type
,Φόρος εισοδήματος μη συμψηφιζόμενος εσωτερικού,,unspecified,,0,,ΟΡΓΑΝΙΚΑ ΈΞΟΔΑ ΚΑΤΑ ΕΙΔΟΣ / ΦΟΡΟΙ - ΤΕΛΗ / Φόρος εισοδήματος μη συμψηφιζόμενος,,,,ΟΡΓΑΝΙΚΑ ΈΞΟΔΑ ΚΑΤΑ ΕΙΔΟΣ / ΦΟΡΟΙ - ΤΕΛΗ / Φόρος εισοδήματος μη συμψηφιζόμενος / Φόρος εισοδήματος μη συμψηφιζόμενος εσωτερικού,missing_root_type
,ΟΡΓΑΝΙΚΑ ΕΣΟΔΑ ΚΑΤΑ ΕΙΔΟΣ,,group,,1,,,,,,ΟΡΓΑΝΙΚΑ ΕΣΟΔΑ ΚΑΤΑ ΕΙΔΟΣ,missing_root_type
,ΕΠΙΧΟΡΗΓΗΣΕΙΣ ΚΑΙ ΔΙΑΦΟΡΑ ΕΣΟΔΑ ΠΩΛΗΣΕΩΝ,,group,,1,,ΟΡΓΑΝΙΚΑ ΕΣΟΔΑ ΚΑΤΑ ΕΙΔΟΣ,,,,ΟΡΓΑΝΙΚΑ ΕΣΟΔΑ ΚΑΤΑ ΕΙΔΟΣ / ΕΠΙΧΟΡΗΓΗΣΕΙΣ ΚΑΙ ΔΙΑΦΟΡΑ ΕΣΟΔΑ ΠΩΛΗΣΕΩΝ,missing_root_type
,Διάφορα πρόσθετα έσοδα πωλήσεων,,group,,1,,ΟΡΓΑΝΙΚΑ ΕΣΟΔΑ ΚΑΤΑ ΕΙΔΟΣ / ΕΠΙΧΟΡΗΓΗΣΕΙΣ ΚΑΙ ΔΙΑΦΟΡΑ ΕΣΟΔΑ ΠΩΛΗΣΕΩΝ,,,,ΟΡΓΑΝΙΚΑ ΕΣΟΔΑ ΚΑΤΑ ΕΙΔΟΣ / ΕΠΙΧΟΡΗΓΗΣΕΙΣ ΚΑΙ ΔΙΑΦΟΡΑ ΕΣΟΔΑ ΠΩΛΗΣΕΩΝ / Διάφορα πρόσθετα έσοδα πωλήσεων,missing_root_type
,Έσοδα από μερική χρησιμοποίηση ειδών συσκευασίας,,unspecified,,0,,ΟΡΓΑΝΙΚΑ ΕΣΟΔΑ ΚΑΤΑ ΕΙΔΟΣ / ΕΠΙΧΟΡΗΓΗΣΕΙΣ ΚΑΙ ΔΙΑΦΟΡΑ ΕΣΟΔΑ ΠΩΛΗΣΕΩΝ / Διάφορα πρόσθετα έσοδα πωλήσεων,,,,ΟΡΓΑΝΙΚΑ ΕΣΟΔΑ ΚΑΤΑ ΕΙΔΟΣ / ΕΠΙΧΟΡΗΓΗΣΕΙΣ ΚΑΙ ΔΙΑΦΟΡΑ ΕΣΟΔΑ ΠΩΛΗΣΕΩΝ / Διάφορα πρόσθετα έσοδα πωλήσεων / Έσοδα από μερική χρησιμοποίηση ειδών συσκευασίας,missing_root_type
,Αποζημιώσεις από αβαρίες,,unspecified,,0,,ΟΡΓΑΝΙΚΑ ΕΣΟΔΑ ΚΑΤΑ ΕΙΔΟΣ / ΕΠΙΧΟΡΗΓΗΣΕΙΣ ΚΑΙ ΔΙΑΦΟΡΑ ΕΣΟΔΑ ΠΩΛΗΣΕΩΝ / Διάφορα πρόσθετα έσοδα πωλήσεων,,,,ΟΡΓΑΝΙΚΑ ΕΣΟΔΑ ΚΑΤΑ ΕΙΔΟΣ / ΕΠΙΧΟΡΗΓΗΣΕΙΣ ΚΑΙ ΔΙΑΦΟΡΑ ΕΣΟΔΑ ΠΩΛΗΣΕΩΝ / Διάφορα πρόσθετα έσοδα πωλήσεων / Αποζημιώσεις από αβαρίες,missing_root_type
,Αποζημιώσεις από πελάτες,,unspecified,,0,,ΟΡΓΑΝΙΚΑ ΕΣΟΔΑ ΚΑΤΑ ΕΙΔΟΣ / ΕΠΙΧΟΡΗΓΗΣΕΙΣ ΚΑΙ ΔΙΑΦΟΡΑ ΕΣΟΔΑ ΠΩΛΗΣΕΩΝ / Διάφορα πρόσθετα έσοδα πωλήσεων,,,,ΟΡΓΑΝΙΚΑ ΕΣΟΔΑ ΚΑΤΑ ΕΙΔΟΣ / ΕΠΙΧΟΡΗΓΗΣΕΙΣ ΚΑΙ ΔΙΑΦΟΡΑ ΕΣΟΔΑ ΠΩΛΗΣΕΩΝ / Διάφορα πρόσθετα έσοδα πωλήσεων / Αποζημιώσεις από πελάτες,missing_root_type
,Ειδικές επιχορηγήσεις - επιδοτήσεις,,group,,1,,ΟΡΓΑΝΙΚΑ ΕΣΟΔΑ ΚΑΤΑ ΕΙΔΟΣ / ΕΠΙΧΟΡΗΓΗΣΕΙΣ ΚΑΙ ΔΙΑΦΟΡΑ ΕΣΟΔΑ ΠΩΛΗΣΕΩΝ,,,,ΟΡΓΑΝΙΚΑ ΕΣΟΔΑ ΚΑΤΑ ΕΙΔΟΣ / ΕΠΙΧΟΡΗΓΗΣΕΙΣ ΚΑΙ ΔΙΑΦΟΡΑ ΕΣΟΔΑ ΠΩΛΗΣΕΩΝ / Ειδικές επιχορηγήσεις - επιδοτήσεις,missing_root_type
,Επιδοτήσεις ΟΑΕΔ κ.λ.π.,,unspecified,,0,,ΟΡΓΑΝΙΚΑ ΕΣΟΔΑ ΚΑΤΑ ΕΙΔΟΣ / ΕΠΙΧΟΡΗΓΗΣΕΙΣ ΚΑΙ ΔΙΑΦΟΡΑ ΕΣΟΔΑ ΠΩΛΗΣΕΩΝ / Ειδικές επιχορηγήσεις - επιδοτήσεις,,,,ΟΡΓΑΝΙΚΑ ΕΣΟΔΑ ΚΑΤΑ ΕΙΔΟΣ / ΕΠΙΧΟΡΗΓΗΣΕΙΣ ΚΑΙ ΔΙΑΦΟΡΑ ΕΣΟΔΑ ΠΩΛΗΣΕΩΝ / Ειδικές επιχορηγήσεις - επιδοτήσεις / Επιδοτήσεις ΟΑΕΔ κ.λ.π.,missing_root_type
,Επιστροφές δασμών και λοιπών επιβαρύνσεων,,unspecified,,0,,ΟΡΓΑΝΙΚΑ ΕΣΟΔΑ ΚΑΤΑ ΕΙΔΟΣ / ΕΠΙΧΟΡΗΓΗΣΕΙΣ ΚΑΙ ΔΙΑΦΟΡΑ ΕΣΟΔΑ ΠΩΛΗΣΕΩΝ,,,,ΟΡΓΑΝΙΚΑ ΕΣΟΔΑ ΚΑΤΑ ΕΙΔΟΣ / ΕΠΙΧΟΡΗΓΗΣΕΙΣ ΚΑΙ ΔΙΑΦΟΡΑ ΕΣΟΔΑ ΠΩΛΗΣΕΩΝ / Επιστροφές δασμών και λοιπών επιβαρύνσεων,missing_root_type
,Επιστροφές τόκων λόγω εξαγωγών,,unspecified,,0,,ΟΡΓΑΝΙΚΑ ΕΣΟΔΑ ΚΑΤΑ ΕΙΔΟΣ / ΕΠΙΧΟΡΗΓΗΣΕΙΣ ΚΑΙ ΔΙΑΦΟΡΑ ΕΣΟΔΑ ΠΩΛΗΣΕΩΝ,,,,ΟΡΓΑΝΙΚΑ ΕΣΟΔΑ ΚΑΤΑ ΕΙΔΟΣ / ΕΠΙΧΟΡΗΓΗΣΕΙΣ ΚΑΙ ΔΙΑΦΟΡΑ ΕΣΟΔΑ ΠΩΛΗΣΕΩΝ / Επιστροφές τόκων λόγω εξαγωγών,missing_root_type
,Επιχορηγήσεις πωλήσεων,,unspecified,,0,,ΟΡΓΑΝΙΚΑ ΕΣΟΔΑ ΚΑΤΑ ΕΙΔΟΣ / ΕΠΙΧΟΡΗΓΗΣΕΙΣ ΚΑΙ ΔΙΑΦΟΡΑ ΕΣΟΔΑ ΠΩΛΗΣΕΩΝ,,,,ΟΡΓΑΝΙΚΑ ΕΣΟΔΑ ΚΑΤΑ ΕΙΔΟΣ / ΕΠΙΧΟΡΗΓΗΣΕΙΣ ΚΑΙ ΔΙΑΦΟΡΑ ΕΣΟΔΑ ΠΩΛΗΣΕΩΝ / Επιχορηγήσεις πωλήσεων,missing_root_type
,ΕΣΟΔΑ ΚΕΦΑΛΑΙΩΝ,,group,,1,,ΟΡΓΑΝΙΚΑ ΕΣΟΔΑ ΚΑΤΑ ΕΙΔΟΣ,,,,ΟΡΓΑΝΙΚΑ ΕΣΟΔΑ ΚΑΤΑ ΕΙΔΟΣ / ΕΣΟΔΑ ΚΕΦΑΛΑΙΩΝ,missing_root_type
,Έσοδα συμμετοχών,,group,,1,,ΟΡΓΑΝΙΚΑ ΕΣΟΔΑ ΚΑΤΑ ΕΙΔΟΣ / ΕΣΟΔΑ ΚΕΦΑΛΑΙΩΝ,,,,ΟΡΓΑΝΙΚΑ ΕΣΟΔΑ ΚΑΤΑ ΕΙΔΟΣ / ΕΣΟΔΑ ΚΕΦΑΛΑΙΩΝ / Έσοδα συμμετοχών,missing_root_type
,Έσοδα από συμμετοχή σε κοινοπραξίες εξωτερικού,,unspecified,,0,,ΟΡΓΑΝΙΚΑ ΕΣΟΔΑ ΚΑΤΑ ΕΙΔΟΣ / ΕΣΟΔΑ ΚΕΦΑΛΑΙΩΝ / Έσοδα συμμετοχών,,,,ΟΡΓΑΝΙΚΑ ΕΣΟΔΑ ΚΑΤΑ ΕΙΔΟΣ / ΕΣΟΔΑ ΚΕΦΑΛΑΙΩΝ / Έσοδα συμμετοχών / Έσοδα από συμμετοχή σε κοινοπραξίες εξωτερικού,missing_root_type
,Έσοδα από συμμετοχή σε κοινοπραξίες εσωτερικού,,unspecified,,0,,ΟΡΓΑΝΙΚΑ ΕΣΟΔΑ ΚΑΤΑ ΕΙΔΟΣ / ΕΣΟΔΑ ΚΕΦΑΛΑΙΩΝ / Έσοδα συμμετοχών,,,,ΟΡΓΑΝΙΚΑ ΕΣΟΔΑ ΚΑΤΑ ΕΙΔΟΣ / ΕΣΟΔΑ ΚΕΦΑΛΑΙΩΝ / Έσοδα συμμετοχών / Έσοδα από συμμετοχή σε κοινοπραξίες εσωτερικού,missing_root_type
,Έσοδα από συμμετοχή σε προσωπικές εταιρίες εξωτερικού,,unspecified,,0,,ΟΡΓΑΝΙΚΑ ΕΣΟΔΑ ΚΑΤΑ ΕΙΔΟΣ / ΕΣΟΔΑ ΚΕΦΑΛΑΙΩΝ / Έσοδα συμμετοχών,,,,ΟΡΓΑΝΙΚΑ ΕΣΟΔΑ ΚΑΤΑ ΕΙΔΟΣ / ΕΣΟΔΑ ΚΕΦΑΛΑΙΩΝ / Έσοδα συμμετοχών / Έσοδα από συμμετοχή σε προσωπικές εταιρίες εξωτερικού,missing_root_type
,Έσοδα από συμμετοχή σε προσωπικές εταιρίες εσωτερικού,,unspecified,,0,,ΟΡΓΑΝΙΚΑ ΕΣΟΔΑ ΚΑΤΑ ΕΙΔΟΣ / ΕΣΟΔΑ ΚΕΦΑΛΑΙΩΝ / Έσοδα συμμετοχών,,,,ΟΡΓΑΝΙΚΑ ΕΣΟΔΑ ΚΑΤΑ ΕΙΔΟΣ / ΕΣΟΔΑ ΚΕΦΑΛΑΙΩΝ / Έσοδα συμμετοχών / Έσοδα από συμμετοχή σε προσωπικές εταιρίες εσωτερικού,missing_root_type
,Λοιπά έσοδα από συμμετοχές,,unspecified,,0,,ΟΡΓΑΝΙΚΑ ΕΣΟΔΑ ΚΑΤΑ ΕΙΔΟΣ / ΕΣΟΔΑ ΚΕΦΑΛΑΙΩΝ / Έσοδα συμμετοχών,,,,ΟΡΓΑΝΙΚΑ ΕΣΟΔΑ ΚΑΤΑ ΕΙΔΟΣ / ΕΣΟΔΑ ΚΕΦΑΛΑΙΩΝ / Έσοδα συμμετοχών / Λοιπά έσοδα από συμμετοχές,missing_root_type
,Μερίσματα μετοχών εισηγμένων στο Χρηματιστήριο εταιριών εξωτερικού,,unspecified,,0,,ΟΡΓΑΝΙΚΑ ΕΣΟΔΑ ΚΑΤΑ ΕΙΔΟΣ / ΕΣΟΔΑ ΚΕΦΑΛΑΙΩΝ / Έσοδα συμμετοχών,,,,ΟΡΓΑΝΙΚΑ ΕΣΟΔΑ ΚΑΤΑ ΕΙΔΟΣ / ΕΣΟΔΑ ΚΕΦΑΛΑΙΩΝ / Έσοδα συμμετοχών / Μερίσματα μετοχών εισηγμένων στο Χρηματιστήριο εταιριών εξωτερικού,missing_root_type
,Μερίσματα μετοχών εισηγμένων στο Χρηματιστήριο εταιριών εσωτερικού,,unspecified,,0,,ΟΡΓΑΝΙΚΑ ΕΣΟΔΑ ΚΑΤΑ ΕΙΔΟΣ / ΕΣΟΔΑ ΚΕΦΑΛΑΙΩΝ / Έσοδα συμμετοχών,,,,ΟΡΓΑΝΙΚΑ ΕΣΟΔΑ ΚΑΤΑ ΕΙΔΟΣ / ΕΣΟΔΑ ΚΕΦΑΛΑΙΩΝ / Έσοδα συμμετοχών / Μερίσματα μετοχών εισηγμένων στο Χρηματιστήριο εταιριών εσωτερικού,missing_root_type
,Μερίσματα μετοχών μη εισηγμένων στο Χρηματιστήριο εταιριών εξωτερ.,,unspecified,,0,,ΟΡΓΑΝΙΚΑ ΕΣΟΔΑ ΚΑΤΑ ΕΙΔΟΣ / ΕΣΟΔΑ ΚΕΦΑΛΑΙΩΝ / Έσοδα συμμετοχών,,,,ΟΡΓΑΝΙΚΑ ΕΣΟΔΑ ΚΑΤΑ ΕΙΔΟΣ / ΕΣΟΔΑ ΚΕΦΑΛΑΙΩΝ / Έσοδα συμμετοχών / Μερίσματα μετοχών μη εισηγμένων στο Χρηματιστήριο εταιριών εξωτερ.,missing_root_type
,Μερίσματα μετοχών μη εισηγμένων στο Χρηματιστήριο εταιριών εσωτ.,,unspecified,,0,,ΟΡΓΑΝΙΚΑ ΕΣΟΔΑ ΚΑΤΑ ΕΙΔΟΣ / ΕΣΟΔΑ ΚΕΦΑΛΑΙΩΝ / Έσοδα συμμετοχών,,,,ΟΡΓΑΝΙΚΑ ΕΣΟΔΑ ΚΑΤΑ ΕΙΔΟΣ / ΕΣΟΔΑ ΚΕΦΑΛΑΙΩΝ / Έσοδα συμμετοχών / Μερίσματα μετοχών μη εισηγμένων στο Χρηματιστήριο εταιριών εσωτ.,missing_root_type
,Έσοδα χρεογράφων,,group,,1,,ΟΡΓΑΝΙΚΑ ΕΣΟΔΑ ΚΑΤΑ ΕΙΔΟΣ / ΕΣΟΔΑ ΚΕΦΑΛΑΙΩΝ,,,,ΟΡΓΑΝΙΚΑ ΕΣΟΔΑ ΚΑΤΑ ΕΙΔΟΣ / ΕΣΟΔΑ ΚΕΦΑΛΑΙΩΝ / Έσοδα χρεογράφων,missing_root_type
,Έσοδα λοιπών χρεογράφων εσωτερικού,,unspecified,,0,,ΟΡΓΑΝΙΚΑ ΕΣΟΔΑ ΚΑΤΑ ΕΙΔΟΣ / ΕΣΟΔΑ ΚΕΦΑΛΑΙΩΝ / Έσοδα χρεογράφων,,,,ΟΡΓΑΝΙΚΑ ΕΣΟΔΑ ΚΑΤΑ ΕΙΔΟΣ / ΕΣΟΔΑ ΚΕΦΑΛΑΙΩΝ / Έσοδα χρεογράφων / Έσοδα λοιπών χρεογράφων εσωτερικού,missing_root_type
,Έσοδα ομολογιών αλλοδαπών δανείων,,unspecified,,0,,ΟΡΓΑΝΙΚΑ ΕΣΟΔΑ ΚΑΤΑ ΕΙΔΟΣ / ΕΣΟΔΑ ΚΕΦΑΛΑΙΩΝ / Έσοδα χρεογράφων,,,,ΟΡΓΑΝΙΚΑ ΕΣΟΔΑ ΚΑΤΑ ΕΙΔΟΣ / ΕΣΟΔΑ ΚΕΦΑΛΑΙΩΝ / Έσοδα χρεογράφων / Έσοδα ομολογιών αλλοδαπών δανείων,missing_root_type
,Έσοδα ομολογιών ελληνικών δανείων,,unspecified,,0,,ΟΡΓΑΝΙΚΑ ΕΣΟΔΑ ΚΑΤΑ ΕΙΔΟΣ / ΕΣΟΔΑ ΚΕΦΑΛΑΙΩΝ / Έσοδα χρεογράφων,,,,ΟΡΓΑΝΙΚΑ ΕΣΟΔΑ ΚΑΤΑ ΕΙΔΟΣ / ΕΣΟΔΑ ΚΕΦΑΛΑΙΩΝ / Έσοδα χρεογράφων / Έσοδα ομολογιών ελληνικών δανείων,missing_root_type
,Μερίδια μεριδίων αμοιβαίων κεφαλαίων εσωτερικού,,unspecified,,0,,ΟΡΓΑΝΙΚΑ ΕΣΟΔΑ ΚΑΤΑ ΕΙΔΟΣ / ΕΣΟΔΑ ΚΕΦΑΛΑΙΩΝ / Έσοδα χρεογράφων,,,,ΟΡΓΑΝΙΚΑ ΕΣΟΔΑ ΚΑΤΑ ΕΙΔΟΣ / ΕΣΟΔΑ ΚΕΦΑΛΑΙΩΝ / Έσοδα χρεογράφων / Μερίδια μεριδίων αμοιβαίων κεφαλαίων εσωτερικού,missing_root_type
,Μερίσματα μετοχών εισηγμένων στο Χρηματιστήριο εταιριών εξωτερικού,,unspecified,,0,,ΟΡΓΑΝΙΚΑ ΕΣΟΔΑ ΚΑΤΑ ΕΙΔΟΣ / ΕΣΟΔΑ ΚΕΦΑΛΑΙΩΝ / Έσοδα χρεογράφων,,,,ΟΡΓΑΝΙΚΑ ΕΣΟΔΑ ΚΑΤΑ ΕΙΔΟΣ / ΕΣΟΔΑ ΚΕΦΑΛΑΙΩΝ / Έσοδα χρεογράφων / Μερίσματα μετοχών εισηγμένων στο Χρηματιστήριο εταιριών εξωτερικού,missing_root_type
,Μερίσματα μετοχών εισηγμένων στο Χρηματιστήριο εταιριών εσωτερικού,,unspecified,,0,,ΟΡΓΑΝΙΚΑ ΕΣΟΔΑ ΚΑΤΑ ΕΙΔΟΣ / ΕΣΟΔΑ ΚΕΦΑΛΑΙΩΝ / Έσοδα χρεογράφων,,,,ΟΡΓΑΝΙΚΑ ΕΣΟΔΑ ΚΑΤΑ ΕΙΔΟΣ / ΕΣΟΔΑ ΚΕΦΑΛΑΙΩΝ / Έσοδα χρεογράφων / Μερίσματα μετοχών εισηγμένων στο Χρηματιστήριο εταιριών εσωτερικού,missing_root_type
,Μερίσματα μετοχών μη εισηγμένων στο Χρηματιστήριο εταιριών εξωτερ.,,unspecified,,0,,ΟΡΓΑΝΙΚΑ ΕΣΟΔΑ ΚΑΤΑ ΕΙΔΟΣ / ΕΣΟΔΑ ΚΕΦΑΛΑΙΩΝ / Έσοδα χρεογράφων,,,,ΟΡΓΑΝΙΚΑ ΕΣΟΔΑ ΚΑΤΑ ΕΙΔΟΣ / ΕΣΟΔΑ ΚΕΦΑΛΑΙΩΝ / Έσοδα χρεογράφων / Μερίσματα μετοχών μη εισηγμένων στο Χρηματιστήριο εταιριών εξωτερ.,missing_root_type
,Μερίσματα μετοχών μη εισηγμένων στο Χρηματιστήριο εταιριών εσωτ.,,unspecified,,0,,ΟΡΓΑΝΙΚΑ ΕΣΟΔΑ ΚΑΤΑ ΕΙΔΟΣ / ΕΣΟΔΑ ΚΕΦΑΛΑΙΩΝ / Έσοδα χρεογράφων,,,,ΟΡΓΑΝΙΚΑ ΕΣΟΔΑ ΚΑΤΑ ΕΙΔΟΣ / ΕΣΟΔΑ ΚΕΦΑΛΑΙΩΝ / Έσοδα χρεογράφων / Μερίσματα μετοχών μη εισηγμένων στο Χρηματιστήριο εταιριών εσωτ.,missing_root_type
,Τόκοι εντόκων γραμματίων Ελληνικού Δημοσίου,,unspecified,,0,,ΟΡΓΑΝΙΚΑ ΕΣΟΔΑ ΚΑΤΑ ΕΙΔΟΣ / ΕΣΟΔΑ ΚΕΦΑΛΑΙΩΝ / Έσοδα χρεογράφων,,,,ΟΡΓΑΝΙΚΑ ΕΣΟΔΑ ΚΑΤΑ ΕΙΔΟΣ / ΕΣΟΔΑ ΚΕΦΑΛΑΙΩΝ / Έσοδα χρεογράφων / Τόκοι εντόκων γραμματίων Ελληνικού Δημοσίου,missing_root_type
,Δεδουλευμένοι τόκοι γραμματίων εισπρακτέων,,unspecified,,0,,ΟΡΓΑΝΙΚΑ ΕΣΟΔΑ ΚΑΤΑ ΕΙΔΟΣ / ΕΣΟΔΑ ΚΕΦΑΛΑΙΩΝ,,,,ΟΡΓΑΝΙΚΑ ΕΣΟΔΑ ΚΑΤΑ ΕΙΔΟΣ / ΕΣΟΔΑ ΚΕΦΑΛΑΙΩΝ / Δεδουλευμένοι τόκοι γραμματίων εισπρακτέων,missing_root_type
,Διαφορές (κέρδη) από πώληση συμμετοχών και χρεογράφων,,group,,1,,ΟΡΓΑΝΙΚΑ ΕΣΟΔΑ ΚΑΤΑ ΕΙΔΟΣ / ΕΣΟΔΑ ΚΕΦΑΛΑΙΩΝ,,,,ΟΡΓΑΝΙΚΑ ΕΣΟΔΑ ΚΑΤΑ ΕΙΔΟΣ / ΕΣΟΔΑ ΚΕΦΑΛΑΙΩΝ / Διαφορές (κέρδη) από πώληση συμμετοχών και χρεογράφων,missing_root_type
,Διαφορές (κέρδη) από πώληση συμμετοχών,,unspecified,,0,,ΟΡΓΑΝΙΚΑ ΕΣΟΔΑ ΚΑΤΑ ΕΙΔΟΣ / ΕΣΟΔΑ ΚΕΦΑΛΑΙΩΝ / Διαφορές (κέρδη) από πώληση συμμετοχών και χρεογράφων,,,,ΟΡΓΑΝΙΚΑ ΕΣΟΔΑ ΚΑΤΑ ΕΙΔΟΣ / ΕΣΟΔΑ ΚΕΦΑΛΑΙΩΝ / Διαφορές (κέρδη) από πώληση συμμετοχών και χρεογράφων / Διαφορές (κέρδη) από πώληση συμμετοχών,missing_root_type
,Διαφορές (κέρδη) από πώληση συμμετοχών σε λοιπές πλην ΑΕ επιχειρήσεις,,unspecified,,0,,ΟΡΓΑΝΙΚΑ ΕΣΟΔΑ ΚΑΤΑ ΕΙΔΟΣ / ΕΣΟΔΑ ΚΕΦΑΛΑΙΩΝ / Διαφορές (κέρδη) από πώληση συμμετοχών και χρεογράφων,,,,ΟΡΓΑΝΙΚΑ ΕΣΟΔΑ ΚΑΤΑ ΕΙΔΟΣ / ΕΣΟΔΑ ΚΕΦΑΛΑΙΩΝ / Διαφορές (κέρδη) από πώληση συμμετοχών και χρεογράφων / Διαφορές (κέρδη) από πώληση συμμετοχών σε λοιπές πλην ΑΕ επιχειρήσεις,missing_root_type
,Διαφορές (κέρδη) από πώληση χρεογράφων,,unspecified,,0,,ΟΡΓΑΝΙΚΑ ΕΣΟΔΑ ΚΑΤΑ ΕΙΔΟΣ / ΕΣΟΔΑ ΚΕΦΑΛΑΙΩΝ / Διαφορές (κέρδη) από πώληση συμμετοχών και χρεογράφων,,,,ΟΡΓΑΝΙΚΑ ΕΣΟΔΑ ΚΑΤΑ ΕΙΔΟΣ / ΕΣΟΔΑ ΚΕΦΑΛΑΙΩΝ / Διαφορές (κέρδη) από πώληση συμμετοχών και χρεογράφων / Διαφορές (κέρδη) από πώληση χρεογράφων,missing_root_type
,Λοιπά έσοδα κεφαλαίων,,group,,1,,ΟΡΓΑΝΙΚΑ ΕΣΟΔΑ ΚΑΤΑ ΕΙΔΟΣ / ΕΣΟΔΑ ΚΕΦΑΛΑΙΩΝ,,,,ΟΡΓΑΝΙΚΑ ΕΣΟΔΑ ΚΑΤΑ ΕΙΔΟΣ / ΕΣΟΔΑ ΚΕΦΑΛΑΙΩΝ / Λοιπά έσοδα κεφαλαίων,missing_root_type
,Εκπτώσεις από εφάπαξ εξόφληση φόρων και τελών (Γν. 1022/88),,unspecified,,0,,ΟΡΓΑΝΙΚΑ ΕΣΟΔΑ ΚΑΤΑ ΕΙΔΟΣ / ΕΣΟΔΑ ΚΕΦΑΛΑΙΩΝ / Λοιπά έσοδα κεφαλαίων,,,,ΟΡΓΑΝΙΚΑ ΕΣΟΔΑ ΚΑΤΑ ΕΙΔΟΣ / ΕΣΟΔΑ ΚΕΦΑΛΑΙΩΝ / Λοιπά έσοδα κεφαλαίων / Εκπτώσεις από εφάπαξ εξόφληση φόρων και τελών (Γν. 1022/88),missing_root_type
,Λοιποί πιστωτικοί τόκοι,,group,,1,,ΟΡΓΑΝΙΚΑ ΕΣΟΔΑ ΚΑΤΑ ΕΙΔΟΣ / ΕΣΟΔΑ ΚΕΦΑΛΑΙΩΝ,,,,ΟΡΓΑΝΙΚΑ ΕΣΟΔΑ ΚΑΤΑ ΕΙΔΟΣ / ΕΣΟΔΑ ΚΕΦΑΛΑΙΩΝ / Λοιποί πιστωτικοί τόκοι,missing_root_type
,Λοιποί πιστωτικοί τόκοι,,unspecified,,0,,ΟΡΓΑΝΙΚΑ ΕΣΟΔΑ ΚΑΤΑ ΕΙΔΟΣ / ΕΣΟΔΑ ΚΕΦΑΛΑΙΩΝ / Λοιποί πιστωτικοί τόκοι,,,,ΟΡΓΑΝΙΚΑ ΕΣΟΔΑ ΚΑΤΑ ΕΙΔΟΣ / ΕΣΟΔΑ ΚΕΦΑΛΑΙΩΝ / Λοιποί πιστωτικοί τόκοι / Λοιποί πιστωτικοί τόκοι,missing_root_type
,Τόκοι καταθέσεων Ταμιευτηρίου εσωτερικού,,unspecified,,0,,ΟΡΓΑΝΙΚΑ ΕΣΟΔΑ ΚΑΤΑ ΕΙΔΟΣ / ΕΣΟΔΑ ΚΕΦΑΛΑΙΩΝ / Λοιποί πιστωτικοί τόκοι,,,,ΟΡΓΑΝΙΚΑ ΕΣΟΔΑ ΚΑΤΑ ΕΙΔΟΣ / ΕΣΟΔΑ ΚΕΦΑΛΑΙΩΝ / Λοιποί πιστωτικοί τόκοι / Τόκοι καταθέσεων Ταμιευτηρίου εσωτερικού,missing_root_type
,Τόκοι καταθέσεων Τραπεζών εσωτερικού,,unspecified,,0,,ΟΡΓΑΝΙΚΑ ΕΣΟΔΑ ΚΑΤΑ ΕΙΔΟΣ / ΕΣΟΔΑ ΚΕΦΑΛΑΙΩΝ / Λοιποί πιστωτικοί τόκοι,,,,ΟΡΓΑΝΙΚΑ ΕΣΟΔΑ ΚΑΤΑ ΕΙΔΟΣ / ΕΣΟΔΑ ΚΕΦΑΛΑΙΩΝ / Λοιποί πιστωτικοί τόκοι / Τόκοι καταθέσεων Τραπεζών εσωτερικού,missing_root_type
,Τόκοι καταθέσεων εξωτερικού,,unspecified,,0,,ΟΡΓΑΝΙΚΑ ΕΣΟΔΑ ΚΑΤΑ ΕΙΔΟΣ / ΕΣΟΔΑ ΚΕΦΑΛΑΙΩΝ / Λοιποί πιστωτικοί τόκοι,,,,ΟΡΓΑΝΙΚΑ ΕΣΟΔΑ ΚΑΤΑ ΕΙΔΟΣ / ΕΣΟΔΑ ΚΕΦΑΛΑΙΩΝ / Λοιποί πιστωτικοί τόκοι / Τόκοι καταθέσεων εξωτερικού,missing_root_type
,Τόκοι τρεχούμενων λογαριασμών πελατών,,unspecified,,0,,ΟΡΓΑΝΙΚΑ ΕΣΟΔΑ ΚΑΤΑ ΕΙΔΟΣ / ΕΣΟΔΑ ΚΕΦΑΛΑΙΩΝ / Λοιποί πιστωτικοί τόκοι,,,,ΟΡΓΑΝΙΚΑ ΕΣΟΔΑ ΚΑΤΑ ΕΙΔΟΣ / ΕΣΟΔΑ ΚΕΦΑΛΑΙΩΝ / Λοιποί πιστωτικοί τόκοι / Τόκοι τρεχούμενων λογαριασμών πελατών,missing_root_type
,Τόκοι χορηγουμένων δανείων,,unspecified,,0,,ΟΡΓΑΝΙΚΑ ΕΣΟΔΑ ΚΑΤΑ ΕΙΔΟΣ / ΕΣΟΔΑ ΚΕΦΑΛΑΙΩΝ / Λοιποί πιστωτικοί τόκοι,,,,ΟΡΓΑΝΙΚΑ ΕΣΟΔΑ ΚΑΤΑ ΕΙΔΟΣ / ΕΣΟΔΑ ΚΕΦΑΛΑΙΩΝ / Λοιποί πιστωτικοί τόκοι / Τόκοι χορηγουμένων δανείων,missing_root_type
,ΕΣΟΔΑ ΠΑΡΕΠΟΜΕΝΩΝ ΑΣΧΟΛΙΩΝ,,group,,1,,ΟΡΓΑΝΙΚΑ ΕΣΟΔΑ ΚΑΤΑ ΕΙΔΟΣ,,,,ΟΡΓΑΝΙΚΑ ΕΣΟΔΑ ΚΑΤΑ ΕΙΔΟΣ / ΕΣΟΔΑ ΠΑΡΕΠΟΜΕΝΩΝ ΑΣΧΟΛΙΩΝ,missing_root_type
,Έσοδα από παροχή υπηρεσιών σε τρίτους,,group,,1,,ΟΡΓΑΝΙΚΑ ΕΣΟΔΑ ΚΑΤΑ ΕΙΔΟΣ / ΕΣΟΔΑ ΠΑΡΕΠΟΜΕΝΩΝ ΑΣΧΟΛΙΩΝ,,,,ΟΡΓΑΝΙΚΑ ΕΣΟΔΑ ΚΑΤΑ ΕΙΔΟΣ / ΕΣΟΔΑ ΠΑΡΕΠΟΜΕΝΩΝ ΑΣΧΟΛΙΩΝ / Έσοδα από παροχή υπηρεσιών σε τρίτους,missing_root_type
,Έσοδα από επεξεργασία (FAGON) προϊόντων - υλικών τρίτων,,unspecified,,0,,ΟΡΓΑΝΙΚΑ ΕΣΟΔΑ ΚΑΤΑ ΕΙΔΟΣ / ΕΣΟΔΑ ΠΑΡΕΠΟΜΕΝΩΝ ΑΣΧΟΛΙΩΝ / Έσοδα από παροχή υπηρεσιών σε τρίτους,,,,ΟΡΓΑΝΙΚΑ ΕΣΟΔΑ ΚΑΤΑ ΕΙΔΟΣ / ΕΣΟΔΑ ΠΑΡΕΠΟΜΕΝΩΝ ΑΣΧΟΛΙΩΝ / Έσοδα από παροχή υπηρεσιών σε τρίτους / Έσοδα από επεξεργασία (FAGON) προϊόντων - υλικών τρίτων,missing_root_type
,Έσοδα από επισκευές αγαθών τρίτων,,unspecified,,0,,ΟΡΓΑΝΙΚΑ ΕΣΟΔΑ ΚΑΤΑ ΕΙΔΟΣ / ΕΣΟΔΑ ΠΑΡΕΠΟΜΕΝΩΝ ΑΣΧΟΛΙΩΝ / Έσοδα από παροχή υπηρεσιών σε τρίτους,,,,ΟΡΓΑΝΙΚΑ ΕΣΟΔΑ ΚΑΤΑ ΕΙΔΟΣ / ΕΣΟΔΑ ΠΑΡΕΠΟΜΕΝΩΝ ΑΣΧΟΛΙΩΝ / Έσοδα από παροχή υπηρεσιών σε τρίτους / Έσοδα από επισκευές αγαθών τρίτων,missing_root_type
,Έσοδα από μελέτες - ερευνών για λογαριασμό τρίτων,,unspecified,,0,,ΟΡΓΑΝΙΚΑ ΕΣΟΔΑ ΚΑΤΑ ΕΙΔΟΣ / ΕΣΟΔΑ ΠΑΡΕΠΟΜΕΝΩΝ ΑΣΧΟΛΙΩΝ / Έσοδα από παροχή υπηρεσιών σε τρίτους,,,,ΟΡΓΑΝΙΚΑ ΕΣΟΔΑ ΚΑΤΑ ΕΙΔΟΣ / ΕΣΟΔΑ ΠΑΡΕΠΟΜΕΝΩΝ ΑΣΧΟΛΙΩΝ / Έσοδα από παροχή υπηρεσιών σε τρίτους / Έσοδα από μελέτες - ερευνών για λογαριασμό τρίτων,missing_root_type
,Έσοδα από παροχή υπηρεσιών λογιστηρίου,,unspecified,,0,,ΟΡΓΑΝΙΚΑ ΕΣΟΔΑ ΚΑΤΑ ΕΙΔΟΣ / ΕΣΟΔΑ ΠΑΡΕΠΟΜΕΝΩΝ ΑΣΧΟΛΙΩΝ / Έσοδα από παροχή υπηρεσιών σε τρίτους,,,,ΟΡΓΑΝΙΚΑ ΕΣΟΔΑ ΚΑΤΑ ΕΙΔΟΣ / ΕΣΟΔΑ ΠΑΡΕΠΟΜΕΝΩΝ ΑΣΧΟΛΙΩΝ / Έσοδα από παροχή υπηρεσιών σε τρίτους / Έσοδα από παροχή υπηρεσιών λογιστηρίου,missing_root_type
,Έσοδα από παροχή υπηρεσιών σε πρωτοβάθμιους Συνεταιρισμούς,,unspecified,,0,,ΟΡΓΑΝΙΚΑ ΕΣΟΔΑ ΚΑΤΑ ΕΙΔΟΣ / ΕΣΟΔΑ ΠΑΡΕΠΟΜΕΝΩΝ ΑΣΧΟΛΙΩΝ / Έσοδα από παροχή υπηρεσιών σε τρίτους,,,,ΟΡΓΑΝΙΚΑ ΕΣΟΔΑ ΚΑΤΑ ΕΙΔΟΣ / ΕΣΟΔΑ ΠΑΡΕΠΟΜΕΝΩΝ ΑΣΧΟΛΙΩΝ / Έσοδα από παροχή υπηρεσιών σε τρίτους / Έσοδα από παροχή υπηρεσιών σε πρωτοβάθμιους Συνεταιρισμούς,missing_root_type
,Λοιπά έσοδα από παροχή υπηρεσιών στο προσωπικό,,unspecified,,0,,ΟΡΓΑΝΙΚΑ ΕΣΟΔΑ ΚΑΤΑ ΕΙΔΟΣ / ΕΣΟΔΑ ΠΑΡΕΠΟΜΕΝΩΝ ΑΣΧΟΛΙΩΝ / Έσοδα από παροχή υπηρεσιών σε τρίτους,,,,ΟΡΓΑΝΙΚΑ ΕΣΟΔΑ ΚΑΤΑ ΕΙΔΟΣ / ΕΣΟΔΑ ΠΑΡΕΠΟΜΕΝΩΝ ΑΣΧΟΛΙΩΝ / Έσοδα από παροχή υπηρεσιών σε τρίτους / Λοιπά έσοδα από παροχή υπηρεσιών στο προσωπικό,missing_root_type
,Έσοδα από παροχή υπηρεσιών στο προσωπικό,,unspecified,,0,,ΟΡΓΑΝΙΚΑ ΕΣΟΔΑ ΚΑΤΑ ΕΙΔΟΣ / ΕΣΟΔΑ ΠΑΡΕΠΟΜΕΝΩΝ ΑΣΧΟΛΙΩΝ,,,,ΟΡΓΑΝΙΚΑ ΕΣΟΔΑ ΚΑΤΑ ΕΙΔΟΣ / ΕΣΟΔΑ ΠΑΡΕΠΟΜΕΝΩΝ ΑΣΧΟΛΙΩΝ / Έσοδα από παροχή υπηρεσιών στο προσωπικό,missing_root_type
,Έσοδα από προνόμια και διοικητικές παραχωρήσεις,,unspecified,,0,,ΟΡΓΑΝΙΚΑ ΕΣΟΔΑ ΚΑΤΑ ΕΙΔΟΣ / ΕΣΟΔΑ ΠΑΡΕΠΟΜΕΝΩΝ ΑΣΧΟΛΙΩΝ,,,,ΟΡΓΑΝΙΚΑ ΕΣΟΔΑ ΚΑΤΑ ΕΙΔΟΣ / ΕΣΟΔΑ ΠΑΡΕΠΟΜΕΝΩΝ ΑΣΧΟΛΙΩΝ / Έσοδα από προνόμια και διοικητικές παραχωρήσεις,missing_root_type
,Εισπραττόμενα έξοδα αποστολής αγαθών,,unspecified,,0,,ΟΡΓΑΝΙΚΑ ΕΣΟΔΑ ΚΑΤΑ ΕΙΔΟΣ / ΕΣΟΔΑ ΠΑΡΕΠΟΜΕΝΩΝ ΑΣΧΟΛΙΩΝ,,,,ΟΡΓΑΝΙΚΑ ΕΣΟΔΑ ΚΑΤΑ ΕΙΔΟΣ / ΕΣΟΔΑ ΠΑΡΕΠΟΜΕΝΩΝ ΑΣΧΟΛΙΩΝ / Εισπραττόμενα έξοδα αποστολής αγαθών,missing_root_type
,Ενοίκια ασωμάτων ακινητοποιήσεων,,unspecified,,0,,ΟΡΓΑΝΙΚΑ ΕΣΟΔΑ ΚΑΤΑ ΕΙΔΟΣ / ΕΣΟΔΑ ΠΑΡΕΠΟΜΕΝΩΝ ΑΣΧΟΛΙΩΝ,,,,ΟΡΓΑΝΙΚΑ ΕΣΟΔΑ ΚΑΤΑ ΕΙΔΟΣ / ΕΣΟΔΑ ΠΑΡΕΠΟΜΕΝΩΝ ΑΣΧΟΛΙΩΝ / Ενοίκια ασωμάτων ακινητοποιήσεων,missing_root_type
,Ενοίκια εδαφικών εκτάσεων,,unspecified,,0,,ΟΡΓΑΝΙΚΑ ΕΣΟΔΑ ΚΑΤΑ ΕΙΔΟΣ / ΕΣΟΔΑ ΠΑΡΕΠΟΜΕΝΩΝ ΑΣΧΟΛΙΩΝ,,,,ΟΡΓΑΝΙΚΑ ΕΣΟΔΑ ΚΑΤΑ ΕΙΔΟΣ / ΕΣΟΔΑ ΠΑΡΕΠΟΜΕΝΩΝ ΑΣΧΟΛΙΩΝ / Ενοίκια εδαφικών εκτάσεων,missing_root_type
,Ενοίκια επίπλων και λοιπού εξοπλισμού,,unspecified,,0,,ΟΡΓΑΝΙΚΑ ΕΣΟΔΑ ΚΑΤΑ ΕΙΔΟΣ / ΕΣΟΔΑ ΠΑΡΕΠΟΜΕΝΩΝ ΑΣΧΟΛΙΩΝ,,,,ΟΡΓΑΝΙΚΑ ΕΣΟΔΑ ΚΑΤΑ ΕΙΔΟΣ / ΕΣΟΔΑ ΠΑΡΕΠΟΜΕΝΩΝ ΑΣΧΟΛΙΩΝ / Ενοίκια επίπλων και λοιπού εξοπλισμού,missing_root_type
,Ενοίκια κτιρίων - τεχνικών έργων,,unspecified,,0,,ΟΡΓΑΝΙΚΑ ΕΣΟΔΑ ΚΑΤΑ ΕΙΔΟΣ / ΕΣΟΔΑ ΠΑΡΕΠΟΜΕΝΩΝ ΑΣΧΟΛΙΩΝ,,,,ΟΡΓΑΝΙΚΑ ΕΣΟΔΑ ΚΑΤΑ ΕΙΔΟΣ / ΕΣΟΔΑ ΠΑΡΕΠΟΜΕΝΩΝ ΑΣΧΟΛΙΩΝ / Ενοίκια κτιρίων - τεχνικών έργων,missing_root_type
,Ενοίκια μεταφορικών μέσων,,unspecified,,0,,ΟΡΓΑΝΙΚΑ ΕΣΟΔΑ ΚΑΤΑ ΕΙΔΟΣ / ΕΣΟΔΑ ΠΑΡΕΠΟΜΕΝΩΝ ΑΣΧΟΛΙΩΝ,,,,ΟΡΓΑΝΙΚΑ ΕΣΟΔΑ ΚΑΤΑ ΕΙΔΟΣ / ΕΣΟΔΑ ΠΑΡΕΠΟΜΕΝΩΝ ΑΣΧΟΛΙΩΝ / Ενοίκια μεταφορικών μέσων,missing_root_type
,Ενοίκια μηχανημάτων - τεχνικών εγκατ/σεων – λοιπού μηχανολ.εξοπλισμού,,unspecified,,0,,ΟΡΓΑΝΙΚΑ ΕΣΟΔΑ ΚΑΤΑ ΕΙΔΟΣ / ΕΣΟΔΑ ΠΑΡΕΠΟΜΕΝΩΝ ΑΣΧΟΛΙΩΝ,,,,ΟΡΓΑΝΙΚΑ ΕΣΟΔΑ ΚΑΤΑ ΕΙΔΟΣ / ΕΣΟΔΑ ΠΑΡΕΠΟΜΕΝΩΝ ΑΣΧΟΛΙΩΝ / Ενοίκια μηχανημάτων - τεχνικών εγκατ/σεων – λοιπού μηχανολ.εξοπλισμού,missing_root_type
,Προμήθειες - Μεσιτείες,,group,,1,,ΟΡΓΑΝΙΚΑ ΕΣΟΔΑ ΚΑΤΑ ΕΙΔΟΣ / ΕΣΟΔΑ ΠΑΡΕΠΟΜΕΝΩΝ ΑΣΧΟΛΙΩΝ,,,,ΟΡΓΑΝΙΚΑ ΕΣΟΔΑ ΚΑΤΑ ΕΙΔΟΣ / ΕΣΟΔΑ ΠΑΡΕΠΟΜΕΝΩΝ ΑΣΧΟΛΙΩΝ / Προμήθειες - Μεσιτείες,missing_root_type
,Λοιπές προμήθειες και μεσιτείες,,unspecified,,0,,ΟΡΓΑΝΙΚΑ ΕΣΟΔΑ ΚΑΤΑ ΕΙΔΟΣ / ΕΣΟΔΑ ΠΑΡΕΠΟΜΕΝΩΝ ΑΣΧΟΛΙΩΝ / Προμήθειες - Μεσιτείες,,,,ΟΡΓΑΝΙΚΑ ΕΣΟΔΑ ΚΑΤΑ ΕΙΔΟΣ / ΕΣΟΔΑ ΠΑΡΕΠΟΜΕΝΩΝ ΑΣΧΟΛΙΩΝ / Προμήθειες - Μεσιτείες / Λοιπές προμήθειες και μεσιτείες,missing_root_type
,Προμήθειες από αγορές για λογαριασμό τρίτων,,unspecified,,0,,ΟΡΓΑΝΙΚΑ ΕΣΟΔΑ ΚΑΤΑ ΕΙΔΟΣ / ΕΣΟΔΑ ΠΑΡΕΠΟΜΕΝΩΝ ΑΣΧΟΛΙΩΝ / Προμήθειες - Μεσιτείες,,,,ΟΡΓΑΝΙΚΑ ΕΣΟΔΑ ΚΑΤΑ ΕΙΔΟΣ / ΕΣΟΔΑ ΠΑΡΕΠΟΜΕΝΩΝ ΑΣΧΟΛΙΩΝ / Προμήθειες - Μεσιτείες / Προμήθειες από αγορές για λογαριασμό τρίτων,missing_root_type
,Προμήθειες από πωλήσεις για λογαριασμό τρίτων,,unspecified,,0,,ΟΡΓΑΝΙΚΑ ΕΣΟΔΑ ΚΑΤΑ ΕΙΔΟΣ / ΕΣΟΔΑ ΠΑΡΕΠΟΜΕΝΩΝ ΑΣΧΟΛΙΩΝ / Προμήθειες - Μεσιτείες,,,,ΟΡΓΑΝΙΚΑ ΕΣΟΔΑ ΚΑΤΑ ΕΙΔΟΣ / ΕΣΟΔΑ ΠΑΡΕΠΟΜΕΝΩΝ ΑΣΧΟΛΙΩΝ / Προμήθειες - Μεσιτείες / Προμήθειες από πωλήσεις για λογαριασμό τρίτων,missing_root_type
,ΙΔΙΟΠΑΡΑΓΩΓΗ ΠΑΓΙΩΝ - ΤΕΚΜΑΡΤΑ ΕΣΟΔΑ ΑΠΟ ΑΥΤΟΠΑΡΑΔΟΣΕΙΣ Η ΚΑΤΑΣΤΡΟΦΕΣ ΑΠΟΘΕΜΑΤΩΝ,,group,,1,,ΟΡΓΑΝΙΚΑ ΕΣΟΔΑ ΚΑΤΑ ΕΙΔΟΣ,,,,ΟΡΓΑΝΙΚΑ ΕΣΟΔΑ ΚΑΤΑ ΕΙΔΟΣ / ΙΔΙΟΠΑΡΑΓΩΓΗ ΠΑΓΙΩΝ - ΤΕΚΜΑΡΤΑ ΕΣΟΔΑ ΑΠΟ ΑΥΤΟΠΑΡΑΔΟΣΕΙΣ Η ΚΑΤΑΣΤΡΟΦΕΣ ΑΠΟΘΕΜΑΤΩΝ,missing_root_type
,Αξία καταστραφέντων ακαταλλήλων αποθεμάτων,,group,,1,,ΟΡΓΑΝΙΚΑ ΕΣΟΔΑ ΚΑΤΑ ΕΙΔΟΣ / ΙΔΙΟΠΑΡΑΓΩΓΗ ΠΑΓΙΩΝ - ΤΕΚΜΑΡΤΑ ΕΣΟΔΑ ΑΠΟ ΑΥΤΟΠΑΡΑΔΟΣΕΙΣ Η ΚΑΤΑΣΤΡΟΦΕΣ ΑΠΟΘΕΜΑΤΩΝ,,,,ΟΡΓΑΝΙΚΑ ΕΣΟΔΑ ΚΑΤΑ ΕΙΔΟΣ / ΙΔΙΟΠΑΡΑΓΩΓΗ ΠΑΓΙΩΝ - ΤΕΚΜΑΡΤΑ ΕΣΟΔΑ ΑΠΟ ΑΥΤΟΠΑΡΑΔΟΣΕΙΣ Η ΚΑΤΑΣΤΡΟΦΕΣ ΑΠΟΘΕΜΑΤΩΝ / Αξία καταστραφέντων ακαταλλήλων αποθεμάτων,missing_root_type
,Αξία κατεστραμμένων εμπορευμάτων με 18%,,unspecified,,0,,ΟΡΓΑΝΙΚΑ ΕΣΟΔΑ ΚΑΤΑ ΕΙΔΟΣ / ΙΔΙΟΠΑΡΑΓΩΓΗ ΠΑΓΙΩΝ - ΤΕΚΜΑΡΤΑ ΕΣΟΔΑ ΑΠΟ ΑΥΤΟΠΑΡΑΔΟΣΕΙΣ Η ΚΑΤΑΣΤΡΟΦΕΣ ΑΠΟΘΕΜΑΤΩΝ / Αξία καταστραφέντων ακαταλλήλων αποθεμάτων,,,,ΟΡΓΑΝΙΚΑ ΕΣΟΔΑ ΚΑΤΑ ΕΙΔΟΣ / ΙΔΙΟΠΑΡΑΓΩΓΗ ΠΑΓΙΩΝ - ΤΕΚΜΑΡΤΑ ΕΣΟΔΑ ΑΠΟ ΑΥΤΟΠΑΡΑΔΟΣΕΙΣ Η ΚΑΤΑΣΤΡΟΦΕΣ ΑΠΟΘΕΜΑΤΩΝ / Αξία καταστραφέντων ακαταλλήλων αποθεμάτων / Αξία κατεστραμμένων εμπορευμάτων με 18%,missing_root_type
,Ιδιοπαραγωγή και βελτιώσεις παγίων,,group,,1,,ΟΡΓΑΝΙΚΑ ΕΣΟΔΑ ΚΑΤΑ ΕΙΔΟΣ / ΙΔΙΟΠΑΡΑΓΩΓΗ ΠΑΓΙΩΝ - ΤΕΚΜΑΡΤΑ ΕΣΟΔΑ ΑΠΟ ΑΥΤΟΠΑΡΑΔΟΣΕΙΣ Η ΚΑΤΑΣΤΡΟΦΕΣ ΑΠΟΘΕΜΑΤΩΝ,,,,ΟΡΓΑΝΙΚΑ ΕΣΟΔΑ ΚΑΤΑ ΕΙΔΟΣ / ΙΔΙΟΠΑΡΑΓΩΓΗ ΠΑΓΙΩΝ - ΤΕΚΜΑΡΤΑ ΕΣΟΔΑ ΑΠΟ ΑΥΤΟΠΑΡΑΔΟΣΕΙΣ Η ΚΑΤΑΣΤΡΟΦΕΣ ΑΠΟΘΕΜΑΤΩΝ / Ιδιοπαραγωγή και βελτιώσεις παγίων,missing_root_type
,Έπιπλα και λοιπού εξοπλισμού,,unspecified,,0,,ΟΡΓΑΝΙΚΑ ΕΣΟΔΑ ΚΑΤΑ ΕΙΔΟΣ / ΙΔΙΟΠΑΡΑΓΩΓΗ ΠΑΓΙΩΝ - ΤΕΚΜΑΡΤΑ ΕΣΟΔΑ ΑΠΟ ΑΥΤΟΠΑΡΑΔΟΣΕΙΣ Η ΚΑΤΑΣΤΡΟΦΕΣ ΑΠΟΘΕΜΑΤΩΝ / Ιδιοπαραγωγή και βελτιώσεις παγίων,,,,ΟΡΓΑΝΙΚΑ ΕΣΟΔΑ ΚΑΤΑ ΕΙΔΟΣ / ΙΔΙΟΠΑΡΑΓΩΓΗ ΠΑΓΙΩΝ - ΤΕΚΜΑΡΤΑ ΕΣΟΔΑ ΑΠΟ ΑΥΤΟΠΑΡΑΔΟΣΕΙΣ Η ΚΑΤΑΣΤΡΟΦΕΣ ΑΠΟΘΕΜΑΤΩΝ / Ιδιοπαραγωγή και βελτιώσεις παγίων / Έπιπλα και λοιπού εξοπλισμού,missing_root_type
,Ακινητοποιήσεων υπό εκτέλεση,,unspecified,,0,,ΟΡΓΑΝΙΚΑ ΕΣΟΔΑ ΚΑΤΑ ΕΙΔΟΣ / ΙΔΙΟΠΑΡΑΓΩΓΗ ΠΑΓΙΩΝ - ΤΕΚΜΑΡΤΑ ΕΣΟΔΑ ΑΠΟ ΑΥΤΟΠΑΡΑΔΟΣΕΙΣ Η ΚΑΤΑΣΤΡΟΦΕΣ ΑΠΟΘΕΜΑΤΩΝ / Ιδιοπαραγωγή και βελτιώσεις παγίων,,,,ΟΡΓΑΝΙΚΑ ΕΣΟΔΑ ΚΑΤΑ ΕΙΔΟΣ / ΙΔΙΟΠΑΡΑΓΩΓΗ ΠΑΓΙΩΝ - ΤΕΚΜΑΡΤΑ ΕΣΟΔΑ ΑΠΟ ΑΥΤΟΠΑΡΑΔΟΣΕΙΣ Η ΚΑΤΑΣΤΡΟΦΕΣ ΑΠΟΘΕΜΑΤΩΝ / Ιδιοπαραγωγή και βελτιώσεις παγίων / Ακινητοποιήσεων υπό εκτέλεση,missing_root_type
,Ασώματων ακινητοποιήσεων και εξόδων πολυετούς απόσβεσης,,unspecified,,0,,ΟΡΓΑΝΙΚΑ ΕΣΟΔΑ ΚΑΤΑ ΕΙΔΟΣ / ΙΔΙΟΠΑΡΑΓΩΓΗ ΠΑΓΙΩΝ - ΤΕΚΜΑΡΤΑ ΕΣΟΔΑ ΑΠΟ ΑΥΤΟΠΑΡΑΔΟΣΕΙΣ Η ΚΑΤΑΣΤΡΟΦΕΣ ΑΠΟΘΕΜΑΤΩΝ / Ιδιοπαραγωγή και βελτιώσεις παγίων,,,,ΟΡΓΑΝΙΚΑ ΕΣΟΔΑ ΚΑΤΑ ΕΙΔΟΣ / ΙΔΙΟΠΑΡΑΓΩΓΗ ΠΑΓΙΩΝ - ΤΕΚΜΑΡΤΑ ΕΣΟΔΑ ΑΠΟ ΑΥΤΟΠΑΡΑΔΟΣΕΙΣ Η ΚΑΤΑΣΤΡΟΦΕΣ ΑΠΟΘΕΜΑΤΩΝ / Ιδιοπαραγωγή και βελτιώσεις παγίων / Ασώματων ακινητοποιήσεων και εξόδων πολυετούς απόσβεσης,missing_root_type
,Εδαφικών εκτάσεων,,unspecified,,0,,ΟΡΓΑΝΙΚΑ ΕΣΟΔΑ ΚΑΤΑ ΕΙΔΟΣ / ΙΔΙΟΠΑΡΑΓΩΓΗ ΠΑΓΙΩΝ - ΤΕΚΜΑΡΤΑ ΕΣΟΔΑ ΑΠΟ ΑΥΤΟΠΑΡΑΔΟΣΕΙΣ Η ΚΑΤΑΣΤΡΟΦΕΣ ΑΠΟΘΕΜΑΤΩΝ / Ιδιοπαραγωγή και βελτιώσεις παγίων,,,,ΟΡΓΑΝΙΚΑ ΕΣΟΔΑ ΚΑΤΑ ΕΙΔΟΣ / ΙΔΙΟΠΑΡΑΓΩΓΗ ΠΑΓΙΩΝ - ΤΕΚΜΑΡΤΑ ΕΣΟΔΑ ΑΠΟ ΑΥΤΟΠΑΡΑΔΟΣΕΙΣ Η ΚΑΤΑΣΤΡΟΦΕΣ ΑΠΟΘΕΜΑΤΩΝ / Ιδιοπαραγωγή και βελτιώσεις παγίων / Εδαφικών εκτάσεων,missing_root_type
,Ιδιοπαραγωγή ζώων για πάγια εκμετάλλευση,,unspecified,,0,,ΟΡΓΑΝΙΚΑ ΕΣΟΔΑ ΚΑΤΑ ΕΙΔΟΣ / ΙΔΙΟΠΑΡΑΓΩΓΗ ΠΑΓΙΩΝ - ΤΕΚΜΑΡΤΑ ΕΣΟΔΑ ΑΠΟ ΑΥΤΟΠΑΡΑΔΟΣΕΙΣ Η ΚΑΤΑΣΤΡΟΦΕΣ ΑΠΟΘΕΜΑΤΩΝ / Ιδιοπαραγωγή και βελτιώσεις παγίων,,,,ΟΡΓΑΝΙΚΑ ΕΣΟΔΑ ΚΑΤΑ ΕΙΔΟΣ / ΙΔΙΟΠΑΡΑΓΩΓΗ ΠΑΓΙΩΝ - ΤΕΚΜΑΡΤΑ ΕΣΟΔΑ ΑΠΟ ΑΥΤΟΠΑΡΑΔΟΣΕΙΣ Η ΚΑΤΑΣΤΡΟΦΕΣ ΑΠΟΘΕΜΑΤΩΝ / Ιδιοπαραγωγή και βελτιώσεις παγίων / Ιδιοπαραγωγή ζώων για πάγια εκμετάλλευση,missing_root_type
,Κτιρίων - Εγκαταστάσεων κτιρίων - Τεχνικών έργων,,unspecified,,0,,ΟΡΓΑΝΙΚΑ ΕΣΟΔΑ ΚΑΤΑ ΕΙΔΟΣ / ΙΔΙΟΠΑΡΑΓΩΓΗ ΠΑΓΙΩΝ - ΤΕΚΜΑΡΤΑ ΕΣΟΔΑ ΑΠΟ ΑΥΤΟΠΑΡΑΔΟΣΕΙΣ Η ΚΑΤΑΣΤΡΟΦΕΣ ΑΠΟΘΕΜΑΤΩΝ / Ιδιοπαραγωγή και βελτιώσεις παγίων,,,,ΟΡΓΑΝΙΚΑ ΕΣΟΔΑ ΚΑΤΑ ΕΙΔΟΣ / ΙΔΙΟΠΑΡΑΓΩΓΗ ΠΑΓΙΩΝ - ΤΕΚΜΑΡΤΑ ΕΣΟΔΑ ΑΠΟ ΑΥΤΟΠΑΡΑΔΟΣΕΙΣ Η ΚΑΤΑΣΤΡΟΦΕΣ ΑΠΟΘΕΜΑΤΩΝ / Ιδιοπαραγωγή και βελτιώσεις παγίων / Κτιρίων - Εγκαταστάσεων κτιρίων - Τεχνικών έργων,missing_root_type
,Μεταφορικών μέσων,,unspecified,,0,,ΟΡΓΑΝΙΚΑ ΕΣΟΔΑ ΚΑΤΑ ΕΙΔΟΣ / ΙΔΙΟΠΑΡΑΓΩΓΗ ΠΑΓΙΩΝ - ΤΕΚΜΑΡΤΑ ΕΣΟΔΑ ΑΠΟ ΑΥΤΟΠΑΡΑΔΟΣΕΙΣ Η ΚΑΤΑΣΤΡΟΦΕΣ ΑΠΟΘΕΜΑΤΩΝ / Ιδιοπαραγωγή και βελτιώσεις παγίων,,,,ΟΡΓΑΝΙΚΑ ΕΣΟΔΑ ΚΑΤΑ ΕΙΔΟΣ / ΙΔΙΟΠΑΡΑΓΩΓΗ ΠΑΓΙΩΝ - ΤΕΚΜΑΡΤΑ ΕΣΟΔΑ ΑΠΟ ΑΥΤΟΠΑΡΑΔΟΣΕΙΣ Η ΚΑΤΑΣΤΡΟΦΕΣ ΑΠΟΘΕΜΑΤΩΝ / Ιδιοπαραγωγή και βελτιώσεις παγίων / Μεταφορικών μέσων,missing_root_type
,Μηχανημάτων - τεχνικών εγκαταστάσεων - Λοιπού μηχανολογικού εξοπλισμού,,unspecified,,0,,ΟΡΓΑΝΙΚΑ ΕΣΟΔΑ ΚΑΤΑ ΕΙΔΟΣ / ΙΔΙΟΠΑΡΑΓΩΓΗ ΠΑΓΙΩΝ - ΤΕΚΜΑΡΤΑ ΕΣΟΔΑ ΑΠΟ ΑΥΤΟΠΑΡΑΔΟΣΕΙΣ Η ΚΑΤΑΣΤΡΟΦΕΣ ΑΠΟΘΕΜΑΤΩΝ / Ιδιοπαραγωγή και βελτιώσεις παγίων,,,,ΟΡΓΑΝΙΚΑ ΕΣΟΔΑ ΚΑΤΑ ΕΙΔΟΣ / ΙΔΙΟΠΑΡΑΓΩΓΗ ΠΑΓΙΩΝ - ΤΕΚΜΑΡΤΑ ΕΣΟΔΑ ΑΠΟ ΑΥΤΟΠΑΡΑΔΟΣΕΙΣ Η ΚΑΤΑΣΤΡΟΦΕΣ ΑΠΟΘΕΜΑΤΩΝ / Ιδιοπαραγωγή και βελτιώσεις παγίων / Μηχανημάτων - τεχνικών εγκαταστάσεων - Λοιπού μηχανολογικού εξοπλισμού,missing_root_type
,Τεκμαρτά έσοδα από ιδιόχρηση αποθεμάτων (Γνωμ. 1129/89),,group,,1,,ΟΡΓΑΝΙΚΑ ΕΣΟΔΑ ΚΑΤΑ ΕΙΔΟΣ / ΙΔΙΟΠΑΡΑΓΩΓΗ ΠΑΓΙΩΝ - ΤΕΚΜΑΡΤΑ ΕΣΟΔΑ ΑΠΟ ΑΥΤΟΠΑΡΑΔΟΣΕΙΣ Η ΚΑΤΑΣΤΡΟΦΕΣ ΑΠΟΘΕΜΑΤΩΝ,,,,ΟΡΓΑΝΙΚΑ ΕΣΟΔΑ ΚΑΤΑ ΕΙΔΟΣ / ΙΔΙΟΠΑΡΑΓΩΓΗ ΠΑΓΙΩΝ - ΤΕΚΜΑΡΤΑ ΕΣΟΔΑ ΑΠΟ ΑΥΤΟΠΑΡΑΔΟΣΕΙΣ Η ΚΑΤΑΣΤΡΟΦΕΣ ΑΠΟΘΕΜΑΤΩΝ / Τεκμαρτά έσοδα από ιδιόχρηση αποθεμάτων (Γνωμ. 1129/89),missing_root_type
,Αξία δωρεών αποθεμάτων για κοινωφελείς σκοπούς.,,unspecified,,0,,ΟΡΓΑΝΙΚΑ ΕΣΟΔΑ ΚΑΤΑ ΕΙΔΟΣ / ΙΔΙΟΠΑΡΑΓΩΓΗ ΠΑΓΙΩΝ - ΤΕΚΜΑΡΤΑ ΕΣΟΔΑ ΑΠΟ ΑΥΤΟΠΑΡΑΔΟΣΕΙΣ Η ΚΑΤΑΣΤΡΟΦΕΣ ΑΠΟΘΕΜΑΤΩΝ / Τεκμαρτά έσοδα από ιδιόχρηση αποθεμάτων (Γνωμ. 1129/89),,,,ΟΡΓΑΝΙΚΑ ΕΣΟΔΑ ΚΑΤΑ ΕΙΔΟΣ / ΙΔΙΟΠΑΡΑΓΩΓΗ ΠΑΓΙΩΝ - ΤΕΚΜΑΡΤΑ ΕΣΟΔΑ ΑΠΟ ΑΥΤΟΠΑΡΑΔΟΣΕΙΣ Η ΚΑΤΑΣΤΡΟΦΕΣ ΑΠΟΘΕΜΑΤΩΝ / Τεκμαρτά έσοδα από ιδιόχρηση αποθεμάτων (Γνωμ. 1129/89) / Αξία δωρεών αποθεμάτων για κοινωφελείς σκοπούς.,missing_root_type
,Αξία ιδιοχρησιμοποιουμένων αποθεμάτων ως παγίων,,unspecified,,0,,ΟΡΓΑΝΙΚΑ ΕΣΟΔΑ ΚΑΤΑ ΕΙΔΟΣ / ΙΔΙΟΠΑΡΑΓΩΓΗ ΠΑΓΙΩΝ - ΤΕΚΜΑΡΤΑ ΕΣΟΔΑ ΑΠΟ ΑΥΤΟΠΑΡΑΔΟΣΕΙΣ Η ΚΑΤΑΣΤΡΟΦΕΣ ΑΠΟΘΕΜΑΤΩΝ / Τεκμαρτά έσοδα από ιδιόχρηση αποθεμάτων (Γνωμ. 1129/89),,,,ΟΡΓΑΝΙΚΑ ΕΣΟΔΑ ΚΑΤΑ ΕΙΔΟΣ / ΙΔΙΟΠΑΡΑΓΩΓΗ ΠΑΓΙΩΝ - ΤΕΚΜΑΡΤΑ ΕΣΟΔΑ ΑΠΟ ΑΥΤΟΠΑΡΑΔΟΣΕΙΣ Η ΚΑΤΑΣΤΡΟΦΕΣ ΑΠΟΘΕΜΑΤΩΝ / Τεκμαρτά έσοδα από ιδιόχρηση αποθεμάτων (Γνωμ. 1129/89) / Αξία ιδιοχρησιμοποιουμένων αποθεμάτων ως παγίων,missing_root_type
,Αξία σημαντικών δωρεών αποθεμάτων για κοινωφελείς σκοπούς.,,unspecified,,0,,ΟΡΓΑΝΙΚΑ ΕΣΟΔΑ ΚΑΤΑ ΕΙΔΟΣ / ΙΔΙΟΠΑΡΑΓΩΓΗ ΠΑΓΙΩΝ - ΤΕΚΜΑΡΤΑ ΕΣΟΔΑ ΑΠΟ ΑΥΤΟΠΑΡΑΔΟΣΕΙΣ Η ΚΑΤΑΣΤΡΟΦΕΣ ΑΠΟΘΕΜΑΤΩΝ / Τεκμαρτά έσοδα από ιδιόχρηση αποθεμάτων (Γνωμ. 1129/89),,,,ΟΡΓΑΝΙΚΑ ΕΣΟΔΑ ΚΑΤΑ ΕΙΔΟΣ / ΙΔΙΟΠΑΡΑΓΩΓΗ ΠΑΓΙΩΝ - ΤΕΚΜΑΡΤΑ ΕΣΟΔΑ ΑΠΟ ΑΥΤΟΠΑΡΑΔΟΣΕΙΣ Η ΚΑΤΑΣΤΡΟΦΕΣ ΑΠΟΘΕΜΑΤΩΝ / Τεκμαρτά έσοδα από ιδιόχρηση αποθεμάτων (Γνωμ. 1129/89) / Αξία σημαντικών δωρεών αποθεμάτων για κοινωφελείς σκοπούς.,missing_root_type
,Αξία χορηγουμένων αποθεμάτων,,unspecified,,0,,ΟΡΓΑΝΙΚΑ ΕΣΟΔΑ ΚΑΤΑ ΕΙΔΟΣ / ΙΔΙΟΠΑΡΑΓΩΓΗ ΠΑΓΙΩΝ - ΤΕΚΜΑΡΤΑ ΕΣΟΔΑ ΑΠΟ ΑΥΤΟΠΑΡΑΔΟΣΕΙΣ Η ΚΑΤΑΣΤΡΟΦΕΣ ΑΠΟΘΕΜΑΤΩΝ / Τεκμαρτά έσοδα από ιδιόχρηση αποθεμάτων (Γνωμ. 1129/89),,,,ΟΡΓΑΝΙΚΑ ΕΣΟΔΑ ΚΑΤΑ ΕΙΔΟΣ / ΙΔΙΟΠΑΡΑΓΩΓΗ ΠΑΓΙΩΝ - ΤΕΚΜΑΡΤΑ ΕΣΟΔΑ ΑΠΟ ΑΥΤΟΠΑΡΑΔΟΣΕΙΣ Η ΚΑΤΑΣΤΡΟΦΕΣ ΑΠΟΘΕΜΑΤΩΝ / Τεκμαρτά έσοδα από ιδιόχρηση αποθεμάτων (Γνωμ. 1129/89) / Αξία χορηγουμένων αποθεμάτων,missing_root_type
,Αξία χορηγουμένων δειγμάτων,,unspecified,,0,,ΟΡΓΑΝΙΚΑ ΕΣΟΔΑ ΚΑΤΑ ΕΙΔΟΣ / ΙΔΙΟΠΑΡΑΓΩΓΗ ΠΑΓΙΩΝ - ΤΕΚΜΑΡΤΑ ΕΣΟΔΑ ΑΠΟ ΑΥΤΟΠΑΡΑΔΟΣΕΙΣ Η ΚΑΤΑΣΤΡΟΦΕΣ ΑΠΟΘΕΜΑΤΩΝ / Τεκμαρτά έσοδα από ιδιόχρηση αποθεμάτων (Γνωμ. 1129/89),,,,ΟΡΓΑΝΙΚΑ ΕΣΟΔΑ ΚΑΤΑ ΕΙΔΟΣ / ΙΔΙΟΠΑΡΑΓΩΓΗ ΠΑΓΙΩΝ - ΤΕΚΜΑΡΤΑ ΕΣΟΔΑ ΑΠΟ ΑΥΤΟΠΑΡΑΔΟΣΕΙΣ Η ΚΑΤΑΣΤΡΟΦΕΣ ΑΠΟΘΕΜΑΤΩΝ / Τεκμαρτά έσοδα από ιδιόχρηση αποθεμάτων (Γνωμ. 1129/89) / Αξία χορηγουμένων δειγμάτων,missing_root_type
,Ζημίες από απώλεια ή κλοπή ανασφαλίστων αποθεμάτων,,unspecified,,0,,ΟΡΓΑΝΙΚΑ ΕΣΟΔΑ ΚΑΤΑ ΕΙΔΟΣ / ΙΔΙΟΠΑΡΑΓΩΓΗ ΠΑΓΙΩΝ - ΤΕΚΜΑΡΤΑ ΕΣΟΔΑ ΑΠΟ ΑΥΤΟΠΑΡΑΔΟΣΕΙΣ Η ΚΑΤΑΣΤΡΟΦΕΣ ΑΠΟΘΕΜΑΤΩΝ / Τεκμαρτά έσοδα από ιδιόχρηση αποθεμάτων (Γνωμ. 1129/89),,,,ΟΡΓΑΝΙΚΑ ΕΣΟΔΑ ΚΑΤΑ ΕΙΔΟΣ / ΙΔΙΟΠΑΡΑΓΩΓΗ ΠΑΓΙΩΝ - ΤΕΚΜΑΡΤΑ ΕΣΟΔΑ ΑΠΟ ΑΥΤΟΠΑΡΑΔΟΣΕΙΣ Η ΚΑΤΑΣΤΡΟΦΕΣ ΑΠΟΘΕΜΑΤΩΝ / Τεκμαρτά έσοδα από ιδιόχρηση αποθεμάτων (Γνωμ. 1129/89) / Ζημίες από απώλεια ή κλοπή ανασφαλίστων αποθεμάτων,missing_root_type
,Ζημιές από καταστροφή ανασφαλίστων αποθεμάτων,,unspecified,,0,,ΟΡΓΑΝΙΚΑ ΕΣΟΔΑ ΚΑΤΑ ΕΙΔΟΣ / ΙΔΙΟΠΑΡΑΓΩΓΗ ΠΑΓΙΩΝ - ΤΕΚΜΑΡΤΑ ΕΣΟΔΑ ΑΠΟ ΑΥΤΟΠΑΡΑΔΟΣΕΙΣ Η ΚΑΤΑΣΤΡΟΦΕΣ ΑΠΟΘΕΜΑΤΩΝ / Τεκμαρτά έσοδα από ιδιόχρηση αποθεμάτων (Γνωμ. 1129/89),,,,ΟΡΓΑΝΙΚΑ ΕΣΟΔΑ ΚΑΤΑ ΕΙΔΟΣ / ΙΔΙΟΠΑΡΑΓΩΓΗ ΠΑΓΙΩΝ - ΤΕΚΜΑΡΤΑ ΕΣΟΔΑ ΑΠΟ ΑΥΤΟΠΑΡΑΔΟΣΕΙΣ Η ΚΑΤΑΣΤΡΟΦΕΣ ΑΠΟΘΕΜΑΤΩΝ / Τεκμαρτά έσοδα από ιδιόχρηση αποθεμάτων (Γνωμ. 1129/89) / Ζημιές από καταστροφή ανασφαλίστων αποθεμάτων,missing_root_type
,Χρησιμοποιημένες προβλέψεις προς κάλυψη εξόδων εκμετάλλευσης,,group,,1,,ΟΡΓΑΝΙΚΑ ΕΣΟΔΑ ΚΑΤΑ ΕΙΔΟΣ / ΙΔΙΟΠΑΡΑΓΩΓΗ ΠΑΓΙΩΝ - ΤΕΚΜΑΡΤΑ ΕΣΟΔΑ ΑΠΟ ΑΥΤΟΠΑΡΑΔΟΣΕΙΣ Η ΚΑΤΑΣΤΡΟΦΕΣ ΑΠΟΘΕΜΑΤΩΝ,,,,ΟΡΓΑΝΙΚΑ ΕΣΟΔΑ ΚΑΤΑ ΕΙΔΟΣ / ΙΔΙΟΠΑΡΑΓΩΓΗ ΠΑΓΙΩΝ - ΤΕΚΜΑΡΤΑ ΕΣΟΔΑ ΑΠΟ ΑΥΤΟΠΑΡΑΔΟΣΕΙΣ Η ΚΑΤΑΣΤΡΟΦΕΣ ΑΠΟΘΕΜΑΤΩΝ / Χρησιμοποιημένες προβλέψεις προς κάλυψη εξόδων εκμετάλλευσης,missing_root_type
,Λοιπές προβλέψεις εκμετάλλευσης,,unspecified,,0,,ΟΡΓΑΝΙΚΑ ΕΣΟΔΑ ΚΑΤΑ ΕΙΔΟΣ / ΙΔΙΟΠΑΡΑΓΩΓΗ ΠΑΓΙΩΝ - ΤΕΚΜΑΡΤΑ ΕΣΟΔΑ ΑΠΟ ΑΥΤΟΠΑΡΑΔΟΣΕΙΣ Η ΚΑΤΑΣΤΡΟΦΕΣ ΑΠΟΘΕΜΑΤΩΝ / Χρησιμοποιημένες προβλέψεις προς κάλυψη εξόδων εκμετάλλευσης,,,,ΟΡΓΑΝΙΚΑ ΕΣΟΔΑ ΚΑΤΑ ΕΙΔΟΣ / ΙΔΙΟΠΑΡΑΓΩΓΗ ΠΑΓΙΩΝ - ΤΕΚΜΑΡΤΑ ΕΣΟΔΑ ΑΠΟ ΑΥΤΟΠΑΡΑΔΟΣΕΙΣ Η ΚΑΤΑΣΤΡΟΦΕΣ ΑΠΟΘΕΜΑΤΩΝ / Χρησιμοποιημένες προβλέψεις προς κάλυψη εξόδων εκμετάλλευσης / Λοιπές προβλέψεις εκμετάλλευσης,missing_root_type
,Προβλέψεις για αποζημίωση προσωπικού λόγω εξόδου από την υπηρεσία,,unspecified,,0,,ΟΡΓΑΝΙΚΑ ΕΣΟΔΑ ΚΑΤΑ ΕΙΔΟΣ / ΙΔΙΟΠΑΡΑΓΩΓΗ ΠΑΓΙΩΝ - ΤΕΚΜΑΡΤΑ ΕΣΟΔΑ ΑΠΟ ΑΥΤΟΠΑΡΑΔΟΣΕΙΣ Η ΚΑΤΑΣΤΡΟΦΕΣ ΑΠΟΘΕΜΑΤΩΝ / Χρησιμοποιημένες προβλέψεις προς κάλυψη εξόδων εκμετάλλευσης,,,,ΟΡΓΑΝΙΚΑ ΕΣΟΔΑ ΚΑΤΑ ΕΙΔΟΣ / ΙΔΙΟΠΑΡΑΓΩΓΗ ΠΑΓΙΩΝ - ΤΕΚΜΑΡΤΑ ΕΣΟΔΑ ΑΠΟ ΑΥΤΟΠΑΡΑΔΟΣΕΙΣ Η ΚΑΤΑΣΤΡΟΦΕΣ ΑΠΟΘΕΜΑΤΩΝ / Χρησιμοποιημένες προβλέψεις προς κάλυψη εξόδων εκμετάλλευσης / Προβλέψεις για αποζημίωση προσωπικού λόγω εξόδου από την υπηρεσία,missing_root_type
,ΟΡΓΑΝΙΚΑ ΕΣΟΔΑ ΚΑΤΑ ΕΙΔΟΣ ΥΠΟΚΑΤΑΣΤΗΜΑΤΩΝ  Η ΑΛΛΩΝ ΚΕΝΤΡΩΝ,,group,,1,,ΟΡΓΑΝΙΚΑ ΕΣΟΔΑ ΚΑΤΑ ΕΙΔΟΣ,,,,ΟΡΓΑΝΙΚΑ ΕΣΟΔΑ ΚΑΤΑ ΕΙΔΟΣ / ΟΡΓΑΝΙΚΑ ΕΣΟΔΑ ΚΑΤΑ ΕΙΔΟΣ ΥΠΟΚΑΤΑΣΤΗΜΑΤΩΝ  Η ΑΛΛΩΝ ΚΕΝΤΡΩΝ,missing_root_type
,Έσοδα κεφαλαίων,,unspecified,,0,,ΟΡΓΑΝΙΚΑ ΕΣΟΔΑ ΚΑΤΑ ΕΙΔΟΣ / ΟΡΓΑΝΙΚΑ ΕΣΟΔΑ ΚΑΤΑ ΕΙΔΟΣ ΥΠΟΚΑΤΑΣΤΗΜΑΤΩΝ  Η ΑΛΛΩΝ ΚΕΝΤΡΩΝ,,,,ΟΡΓΑΝΙΚΑ ΕΣΟΔΑ ΚΑΤΑ ΕΙΔΟΣ / ΟΡΓΑΝΙΚΑ ΕΣΟΔΑ ΚΑΤΑ ΕΙΔΟΣ ΥΠΟΚΑΤΑΣΤΗΜΑΤΩΝ  Η ΑΛΛΩΝ ΚΕΝΤΡΩΝ / Έσοδα κεφαλαίων,missing_root_type
,Έσοδα παρεπομένων ασχολιών,,unspecified,,0,,ΟΡΓΑΝΙΚΑ ΕΣΟΔΑ ΚΑΤΑ ΕΙΔΟΣ / ΟΡΓΑΝΙΚΑ ΕΣΟΔΑ ΚΑΤΑ ΕΙΔΟΣ ΥΠΟΚΑΤΑΣΤΗΜΑΤΩΝ  Η ΑΛΛΩΝ ΚΕΝΤΡΩΝ,,,,ΟΡΓΑΝΙΚΑ ΕΣΟΔΑ ΚΑΤΑ ΕΙΔΟΣ / ΟΡΓΑΝΙΚΑ ΕΣΟΔΑ ΚΑΤΑ ΕΙΔΟΣ ΥΠΟΚΑΤΑΣΤΗΜΑΤΩΝ  Η ΑΛΛΩΝ ΚΕΝΤΡΩΝ / Έσοδα παρεπομένων ασχολιών,missing_root_type
,Επιχορηγήσεις και Διάφορα έσοδα πωλήσεων,,unspecified,,0,,ΟΡΓΑΝΙΚΑ ΕΣΟΔΑ ΚΑΤΑ ΕΙΔΟΣ / ΟΡΓΑΝΙΚΑ ΕΣΟΔΑ ΚΑΤΑ ΕΙΔΟΣ ΥΠΟΚΑΤΑΣΤΗΜΑΤΩΝ  Η ΑΛΛΩΝ ΚΕΝΤΡΩΝ,,,,ΟΡΓΑΝΙΚΑ ΕΣΟΔΑ ΚΑΤΑ ΕΙΔΟΣ / ΟΡΓΑΝΙΚΑ ΕΣΟΔΑ ΚΑΤΑ ΕΙΔΟΣ ΥΠΟΚΑΤΑΣΤΗΜΑΤΩΝ  Η ΑΛΛΩΝ ΚΕΝΤΡΩΝ / Επιχορηγήσεις και Διάφορα έσοδα πωλήσεων,missing_root_type
,Ιδιοπαραγωγή και Χρησιμοποιούμενες Προβλέψεις Εκμετάλλευσης,,unspecified,,0,,ΟΡΓΑΝΙΚΑ ΕΣΟΔΑ ΚΑΤΑ ΕΙΔΟΣ / ΟΡΓΑΝΙΚΑ ΕΣΟΔΑ ΚΑΤΑ ΕΙΔΟΣ ΥΠΟΚΑΤΑΣΤΗΜΑΤΩΝ  Η ΑΛΛΩΝ ΚΕΝΤΡΩΝ,,,,ΟΡΓΑΝΙΚΑ ΕΣΟΔΑ ΚΑΤΑ ΕΙΔΟΣ / ΟΡΓΑΝΙΚΑ ΕΣΟΔΑ ΚΑΤΑ ΕΙΔΟΣ ΥΠΟΚΑΤΑΣΤΗΜΑΤΩΝ  Η ΑΛΛΩΝ ΚΕΝΤΡΩΝ / Ιδιοπαραγωγή και Χρησιμοποιούμενες Προβλέψεις Εκμετάλλευσης,missing_root_type
,Πωλήσεις Εμπορευμάτων,,unspecified,,0,,ΟΡΓΑΝΙΚΑ ΕΣΟΔΑ ΚΑΤΑ ΕΙΔΟΣ / ΟΡΓΑΝΙΚΑ ΕΣΟΔΑ ΚΑΤΑ ΕΙΔΟΣ ΥΠΟΚΑΤΑΣΤΗΜΑΤΩΝ  Η ΑΛΛΩΝ ΚΕΝΤΡΩΝ,,,,ΟΡΓΑΝΙΚΑ ΕΣΟΔΑ ΚΑΤΑ ΕΙΔΟΣ / ΟΡΓΑΝΙΚΑ ΕΣΟΔΑ ΚΑΤΑ ΕΙΔΟΣ ΥΠΟΚΑΤΑΣΤΗΜΑΤΩΝ  Η ΑΛΛΩΝ ΚΕΝΤΡΩΝ / Πωλήσεις Εμπορευμάτων,missing_root_type
,Πωλήσεις Προϊόντων ετοίμων και ημιτελών,,unspecified,,0,,ΟΡΓΑΝΙΚΑ ΕΣΟΔΑ ΚΑΤΑ ΕΙΔΟΣ / ΟΡΓΑΝΙΚΑ ΕΣΟΔΑ ΚΑΤΑ ΕΙΔΟΣ ΥΠΟΚΑΤΑΣΤΗΜΑΤΩΝ  Η ΑΛΛΩΝ ΚΕΝΤΡΩΝ,,,,ΟΡΓΑΝΙΚΑ ΕΣΟΔΑ ΚΑΤΑ ΕΙΔΟΣ / ΟΡΓΑΝΙΚΑ ΕΣΟΔΑ ΚΑΤΑ ΕΙΔΟΣ ΥΠΟΚΑΤΑΣΤΗΜΑΤΩΝ  Η ΑΛΛΩΝ ΚΕΝΤΡΩΝ / Πωλήσεις Προϊόντων ετοίμων και ημιτελών,missing_root_type
,Πωλήσεις λοιπών αποθεμάτων και Αχρήστου υλικού,,unspecified,,0,,ΟΡΓΑΝΙΚΑ ΕΣΟΔΑ ΚΑΤΑ ΕΙΔΟΣ / ΟΡΓΑΝΙΚΑ ΕΣΟΔΑ ΚΑΤΑ ΕΙΔΟΣ ΥΠΟΚΑΤΑΣΤΗΜΑΤΩΝ  Η ΑΛΛΩΝ ΚΕΝΤΡΩΝ,,,,ΟΡΓΑΝΙΚΑ ΕΣΟΔΑ ΚΑΤΑ ΕΙΔΟΣ / ΟΡΓΑΝΙΚΑ ΕΣΟΔΑ ΚΑΤΑ ΕΙΔΟΣ ΥΠΟΚΑΤΑΣΤΗΜΑΤΩΝ  Η ΑΛΛΩΝ ΚΕΝΤΡΩΝ / Πωλήσεις λοιπών αποθεμάτων και Αχρήστου υλικού,missing_root_type
,Πωλήσεις υπηρεσιών,,unspecified,,0,,ΟΡΓΑΝΙΚΑ ΕΣΟΔΑ ΚΑΤΑ ΕΙΔΟΣ / ΟΡΓΑΝΙΚΑ ΕΣΟΔΑ ΚΑΤΑ ΕΙΔΟΣ ΥΠΟΚΑΤΑΣΤΗΜΑΤΩΝ  Η ΑΛΛΩΝ ΚΕΝΤΡΩΝ,,,,ΟΡΓΑΝΙΚΑ ΕΣΟΔΑ ΚΑΤΑ ΕΙΔΟΣ / ΟΡΓΑΝΙΚΑ ΕΣΟΔΑ ΚΑΤΑ ΕΙΔΟΣ ΥΠΟΚΑΤΑΣΤΗΜΑΤΩΝ  Η ΑΛΛΩΝ ΚΕΝΤΡΩΝ / Πωλήσεις υπηρεσιών,missing_root_type
,ΠΩΛΗΣΕΙΣ ΕΜΠΟΡΕΥΜΑΤΩΝ,,group,,1,,ΟΡΓΑΝΙΚΑ ΕΣΟΔΑ ΚΑΤΑ ΕΙΔΟΣ,,,,ΟΡΓΑΝΙΚΑ ΕΣΟΔΑ ΚΑΤΑ ΕΙΔΟΣ / ΠΩΛΗΣΕΙΣ ΕΜΠΟΡΕΥΜΑΤΩΝ,missing_root_type
,Διάμεσος λογαριασμός πωλήσεων,,unspecified,,0,,ΟΡΓΑΝΙΚΑ ΕΣΟΔΑ ΚΑΤΑ ΕΙΔΟΣ / ΠΩΛΗΣΕΙΣ ΕΜΠΟΡΕΥΜΑΤΩΝ,,,,ΟΡΓΑΝΙΚΑ ΕΣΟΔΑ ΚΑΤΑ ΕΙΔΟΣ / ΠΩΛΗΣΕΙΣ ΕΜΠΟΡΕΥΜΑΤΩΝ / Διάμεσος λογαριασμός πωλήσεων,missing_root_type
,Εκπτώσεις πωλήσεων,,unspecified,,0,,ΟΡΓΑΝΙΚΑ ΕΣΟΔΑ ΚΑΤΑ ΕΙΔΟΣ / ΠΩΛΗΣΕΙΣ ΕΜΠΟΡΕΥΜΑΤΩΝ,,,,ΟΡΓΑΝΙΚΑ ΕΣΟΔΑ ΚΑΤΑ ΕΙΔΟΣ / ΠΩΛΗΣΕΙΣ ΕΜΠΟΡΕΥΜΑΤΩΝ / Εκπτώσεις πωλήσεων,missing_root_type
,Επιστροφές πωλήσεων,,unspecified,,0,,ΟΡΓΑΝΙΚΑ ΕΣΟΔΑ ΚΑΤΑ ΕΙΔΟΣ / ΠΩΛΗΣΕΙΣ ΕΜΠΟΡΕΥΜΑΤΩΝ,,,,ΟΡΓΑΝΙΚΑ ΕΣΟΔΑ ΚΑΤΑ ΕΙΔΟΣ / ΠΩΛΗΣΕΙΣ ΕΜΠΟΡΕΥΜΑΤΩΝ / Επιστροφές πωλήσεων,missing_root_type
,Μη δεδουλευμένοι τόκοι γραμματίων εισπρακτέων,,unspecified,,0,,ΟΡΓΑΝΙΚΑ ΕΣΟΔΑ ΚΑΤΑ ΕΙΔΟΣ / ΠΩΛΗΣΕΙΣ ΕΜΠΟΡΕΥΜΑΤΩΝ,,,,ΟΡΓΑΝΙΚΑ ΕΣΟΔΑ ΚΑΤΑ ΕΙΔΟΣ / ΠΩΛΗΣΕΙΣ ΕΜΠΟΡΕΥΜΑΤΩΝ / Μη δεδουλευμένοι τόκοι γραμματίων εισπρακτέων,missing_root_type
,Πωλήσεις στο εσωτερικό,,group,,1,,ΟΡΓΑΝΙΚΑ ΕΣΟΔΑ ΚΑΤΑ ΕΙΔΟΣ / ΠΩΛΗΣΕΙΣ ΕΜΠΟΡΕΥΜΑΤΩΝ,,,,ΟΡΓΑΝΙΚΑ ΕΣΟΔΑ ΚΑΤΑ ΕΙΔΟΣ / ΠΩΛΗΣΕΙΣ ΕΜΠΟΡΕΥΜΑΤΩΝ / Πωλήσεις στο εσωτερικό,missing_root_type
,Πωλήσεις λιανικώς με 8%,,unspecified,,0,,ΟΡΓΑΝΙΚΑ ΕΣΟΔΑ ΚΑΤΑ ΕΙΔΟΣ / ΠΩΛΗΣΕΙΣ ΕΜΠΟΡΕΥΜΑΤΩΝ / Πωλήσεις στο εσωτερικό,,,,ΟΡΓΑΝΙΚΑ ΕΣΟΔΑ ΚΑΤΑ ΕΙΔΟΣ / ΠΩΛΗΣΕΙΣ ΕΜΠΟΡΕΥΜΑΤΩΝ / Πωλήσεις στο εσωτερικό / Πωλήσεις λιανικώς με 8%,missing_root_type
,Πωλήσεις χονδρικώς με 18%,,unspecified,,0,,ΟΡΓΑΝΙΚΑ ΕΣΟΔΑ ΚΑΤΑ ΕΙΔΟΣ / ΠΩΛΗΣΕΙΣ ΕΜΠΟΡΕΥΜΑΤΩΝ / Πωλήσεις στο εσωτερικό,,,,ΟΡΓΑΝΙΚΑ ΕΣΟΔΑ ΚΑΤΑ ΕΙΔΟΣ / ΠΩΛΗΣΕΙΣ ΕΜΠΟΡΕΥΜΑΤΩΝ / Πωλήσεις στο εσωτερικό / Πωλήσεις χονδρικώς με 18%,missing_root_type
,Πωλήσεις χονδρικώς με 8%,,unspecified,,0,,ΟΡΓΑΝΙΚΑ ΕΣΟΔΑ ΚΑΤΑ ΕΙΔΟΣ / ΠΩΛΗΣΕΙΣ ΕΜΠΟΡΕΥΜΑΤΩΝ / Πωλήσεις στο εσωτερικό,,,,ΟΡΓΑΝΙΚΑ ΕΣΟΔΑ ΚΑΤΑ ΕΙΔΟΣ / ΠΩΛΗΣΕΙΣ ΕΜΠΟΡΕΥΜΑΤΩΝ / Πωλήσεις στο εσωτερικό / Πωλήσεις χονδρικώς με 8%,missing_root_type
,ΠΩΛΗΣΕΙΣ ΛΟΙΠΩΝ ΑΠΟΘΕΜΑΤΩΝ ΚΑΙ ΑΧΡΗΣΤΟΥ ΥΛΙΚΟΥ,,group,,1,,ΟΡΓΑΝΙΚΑ ΕΣΟΔΑ ΚΑΤΑ ΕΙΔΟΣ,,,,ΟΡΓΑΝΙΚΑ ΕΣΟΔΑ ΚΑΤΑ ΕΙΔΟΣ / ΠΩΛΗΣΕΙΣ ΛΟΙΠΩΝ ΑΠΟΘΕΜΑΤΩΝ ΚΑΙ ΑΧΡΗΣΤΟΥ ΥΛΙΚΟΥ,missing_root_type
,Ασφαλιστική αποζημίωση κατεστραφέντων αποθεμάτων,,unspecified,,0,,ΟΡΓΑΝΙΚΑ ΕΣΟΔΑ ΚΑΤΑ ΕΙΔΟΣ / ΠΩΛΗΣΕΙΣ ΛΟΙΠΩΝ ΑΠΟΘΕΜΑΤΩΝ ΚΑΙ ΑΧΡΗΣΤΟΥ ΥΛΙΚΟΥ,,,,ΟΡΓΑΝΙΚΑ ΕΣΟΔΑ ΚΑΤΑ ΕΙΔΟΣ / ΠΩΛΗΣΕΙΣ ΛΟΙΠΩΝ ΑΠΟΘΕΜΑΤΩΝ ΚΑΙ ΑΧΡΗΣΤΟΥ ΥΛΙΚΟΥ / Ασφαλιστική αποζημίωση κατεστραφέντων αποθεμάτων,missing_root_type
,Ασφαλιστική αποζημίωση κλαπέντων ή απολεσθέντων αποθεμάτων,,unspecified,,0,,ΟΡΓΑΝΙΚΑ ΕΣΟΔΑ ΚΑΤΑ ΕΙΔΟΣ / ΠΩΛΗΣΕΙΣ ΛΟΙΠΩΝ ΑΠΟΘΕΜΑΤΩΝ ΚΑΙ ΑΧΡΗΣΤΟΥ ΥΛΙΚΟΥ,,,,ΟΡΓΑΝΙΚΑ ΕΣΟΔΑ ΚΑΤΑ ΕΙΔΟΣ / ΠΩΛΗΣΕΙΣ ΛΟΙΠΩΝ ΑΠΟΘΕΜΑΤΩΝ ΚΑΙ ΑΧΡΗΣΤΟΥ ΥΛΙΚΟΥ / Ασφαλιστική αποζημίωση κλαπέντων ή απολεσθέντων αποθεμάτων,missing_root_type
,Διάμεσος λογαριασμός πωλήσεων,,unspecified,,0,,ΟΡΓΑΝΙΚΑ ΕΣΟΔΑ ΚΑΤΑ ΕΙΔΟΣ / ΠΩΛΗΣΕΙΣ ΛΟΙΠΩΝ ΑΠΟΘΕΜΑΤΩΝ ΚΑΙ ΑΧΡΗΣΤΟΥ ΥΛΙΚΟΥ,,,,ΟΡΓΑΝΙΚΑ ΕΣΟΔΑ ΚΑΤΑ ΕΙΔΟΣ / ΠΩΛΗΣΕΙΣ ΛΟΙΠΩΝ ΑΠΟΘΕΜΑΤΩΝ ΚΑΙ ΑΧΡΗΣΤΟΥ ΥΛΙΚΟΥ / Διάμεσος λογαριασμός πωλήσεων,missing_root_type
,Εκπτώσεις πωλήσεων,,unspecified,,0,,ΟΡΓΑΝΙΚΑ ΕΣΟΔΑ ΚΑΤΑ ΕΙΔΟΣ / ΠΩΛΗΣΕΙΣ ΛΟΙΠΩΝ ΑΠΟΘΕΜΑΤΩΝ ΚΑΙ ΑΧΡΗΣΤΟΥ ΥΛΙΚΟΥ,,,,ΟΡΓΑΝΙΚΑ ΕΣΟΔΑ ΚΑΤΑ ΕΙΔΟΣ / ΠΩΛΗΣΕΙΣ ΛΟΙΠΩΝ ΑΠΟΘΕΜΑΤΩΝ ΚΑΙ ΑΧΡΗΣΤΟΥ ΥΛΙΚΟΥ / Εκπτώσεις πωλήσεων,missing_root_type
,Επιστροφές πωλήσεων,,unspecified,,0,,ΟΡΓΑΝΙΚΑ ΕΣΟΔΑ ΚΑΤΑ ΕΙΔΟΣ / ΠΩΛΗΣΕΙΣ ΛΟΙΠΩΝ ΑΠΟΘΕΜΑΤΩΝ ΚΑΙ ΑΧΡΗΣΤΟΥ ΥΛΙΚΟΥ,,,,ΟΡΓΑΝΙΚΑ ΕΣΟΔΑ ΚΑΤΑ ΕΙΔΟΣ / ΠΩΛΗΣΕΙΣ ΛΟΙΠΩΝ ΑΠΟΘΕΜΑΤΩΝ ΚΑΙ ΑΧΡΗΣΤΟΥ ΥΛΙΚΟΥ / Επιστροφές πωλήσεων,missing_root_type
,Μη δεδουλευμένοι τόκοι γραμματίων εισπρακτέων,,unspecified,,0,,ΟΡΓΑΝΙΚΑ ΕΣΟΔΑ ΚΑΤΑ ΕΙΔΟΣ / ΠΩΛΗΣΕΙΣ ΛΟΙΠΩΝ ΑΠΟΘΕΜΑΤΩΝ ΚΑΙ ΑΧΡΗΣΤΟΥ ΥΛΙΚΟΥ,,,,ΟΡΓΑΝΙΚΑ ΕΣΟΔΑ ΚΑΤΑ ΕΙΔΟΣ / ΠΩΛΗΣΕΙΣ ΛΟΙΠΩΝ ΑΠΟΘΕΜΑΤΩΝ ΚΑΙ ΑΧΡΗΣΤΟΥ ΥΛΙΚΟΥ / Μη δεδουλευμένοι τόκοι γραμματίων εισπρακτέων,missing_root_type
,Προϋπολογισμένες πωλήσεις λοιπών αποθεμάτων και άχρηστου υλικού,,unspecified,,0,,ΟΡΓΑΝΙΚΑ ΕΣΟΔΑ ΚΑΤΑ ΕΙΔΟΣ / ΠΩΛΗΣΕΙΣ ΛΟΙΠΩΝ ΑΠΟΘΕΜΑΤΩΝ ΚΑΙ ΑΧΡΗΣΤΟΥ ΥΛΙΚΟΥ,,,,ΟΡΓΑΝΙΚΑ ΕΣΟΔΑ ΚΑΤΑ ΕΙΔΟΣ / ΠΩΛΗΣΕΙΣ ΛΟΙΠΩΝ ΑΠΟΘΕΜΑΤΩΝ ΚΑΙ ΑΧΡΗΣΤΟΥ ΥΛΙΚΟΥ / Προϋπολογισμένες πωλήσεις λοιπών αποθεμάτων και άχρηστου υλικού,missing_root_type
,Πωλήσεις άχρηστου υλικού,,unspecified,,0,,ΟΡΓΑΝΙΚΑ ΕΣΟΔΑ ΚΑΤΑ ΕΙΔΟΣ / ΠΩΛΗΣΕΙΣ ΛΟΙΠΩΝ ΑΠΟΘΕΜΑΤΩΝ ΚΑΙ ΑΧΡΗΣΤΟΥ ΥΛΙΚΟΥ,,,,ΟΡΓΑΝΙΚΑ ΕΣΟΔΑ ΚΑΤΑ ΕΙΔΟΣ / ΠΩΛΗΣΕΙΣ ΛΟΙΠΩΝ ΑΠΟΘΕΜΑΤΩΝ ΚΑΙ ΑΧΡΗΣΤΟΥ ΥΛΙΚΟΥ / Πωλήσεις άχρηστου υλικού,missing_root_type
,Πωλήσεις αναλωσίμων υλικών,,unspecified,,0,,ΟΡΓΑΝΙΚΑ ΕΣΟΔΑ ΚΑΤΑ ΕΙΔΟΣ / ΠΩΛΗΣΕΙΣ ΛΟΙΠΩΝ ΑΠΟΘΕΜΑΤΩΝ ΚΑΙ ΑΧΡΗΣΤΟΥ ΥΛΙΚΟΥ,,,,ΟΡΓΑΝΙΚΑ ΕΣΟΔΑ ΚΑΤΑ ΕΙΔΟΣ / ΠΩΛΗΣΕΙΣ ΛΟΙΠΩΝ ΑΠΟΘΕΜΑΤΩΝ ΚΑΙ ΑΧΡΗΣΤΟΥ ΥΛΙΚΟΥ / Πωλήσεις αναλωσίμων υλικών,missing_root_type
,Πωλήσεις ανταλλακτικών παγίων στοιχείων,,unspecified,,0,,ΟΡΓΑΝΙΚΑ ΕΣΟΔΑ ΚΑΤΑ ΕΙΔΟΣ / ΠΩΛΗΣΕΙΣ ΛΟΙΠΩΝ ΑΠΟΘΕΜΑΤΩΝ ΚΑΙ ΑΧΡΗΣΤΟΥ ΥΛΙΚΟΥ,,,,ΟΡΓΑΝΙΚΑ ΕΣΟΔΑ ΚΑΤΑ ΕΙΔΟΣ / ΠΩΛΗΣΕΙΣ ΛΟΙΠΩΝ ΑΠΟΘΕΜΑΤΩΝ ΚΑΙ ΑΧΡΗΣΤΟΥ ΥΛΙΚΟΥ / Πωλήσεις ανταλλακτικών παγίων στοιχείων,missing_root_type
,Πωλήσεις ειδών συσκευασίας,,unspecified,,0,,ΟΡΓΑΝΙΚΑ ΕΣΟΔΑ ΚΑΤΑ ΕΙΔΟΣ / ΠΩΛΗΣΕΙΣ ΛΟΙΠΩΝ ΑΠΟΘΕΜΑΤΩΝ ΚΑΙ ΑΧΡΗΣΤΟΥ ΥΛΙΚΟΥ,,,,ΟΡΓΑΝΙΚΑ ΕΣΟΔΑ ΚΑΤΑ ΕΙΔΟΣ / ΠΩΛΗΣΕΙΣ ΛΟΙΠΩΝ ΑΠΟΘΕΜΑΤΩΝ ΚΑΙ ΑΧΡΗΣΤΟΥ ΥΛΙΚΟΥ / Πωλήσεις ειδών συσκευασίας,missing_root_type
,Πωλήσεις πρώτων και βοηθητικών υλών - υλικών συσκευασίας,,unspecified,,0,,ΟΡΓΑΝΙΚΑ ΕΣΟΔΑ ΚΑΤΑ ΕΙΔΟΣ / ΠΩΛΗΣΕΙΣ ΛΟΙΠΩΝ ΑΠΟΘΕΜΑΤΩΝ ΚΑΙ ΑΧΡΗΣΤΟΥ ΥΛΙΚΟΥ,,,,ΟΡΓΑΝΙΚΑ ΕΣΟΔΑ ΚΑΤΑ ΕΙΔΟΣ / ΠΩΛΗΣΕΙΣ ΛΟΙΠΩΝ ΑΠΟΘΕΜΑΤΩΝ ΚΑΙ ΑΧΡΗΣΤΟΥ ΥΛΙΚΟΥ / Πωλήσεις πρώτων και βοηθητικών υλών - υλικών συσκευασίας,missing_root_type
,Πωλήσεις υποπροϊόντων και υπολειμμάτων,,unspecified,,0,,ΟΡΓΑΝΙΚΑ ΕΣΟΔΑ ΚΑΤΑ ΕΙΔΟΣ / ΠΩΛΗΣΕΙΣ ΛΟΙΠΩΝ ΑΠΟΘΕΜΑΤΩΝ ΚΑΙ ΑΧΡΗΣΤΟΥ ΥΛΙΚΟΥ,,,,ΟΡΓΑΝΙΚΑ ΕΣΟΔΑ ΚΑΤΑ ΕΙΔΟΣ / ΠΩΛΗΣΕΙΣ ΛΟΙΠΩΝ ΑΠΟΘΕΜΑΤΩΝ ΚΑΙ ΑΧΡΗΣΤΟΥ ΥΛΙΚΟΥ / Πωλήσεις υποπροϊόντων και υπολειμμάτων,missing_root_type
,ΠΩΛΗΣΕΙΣ ΠΡΟΪΟΝΤΩΝ ΕΤΟΙΜΏΝ ΚΑΙ ΗΜΙΤΕΛΩΝ,,group,,1,,ΟΡΓΑΝΙΚΑ ΕΣΟΔΑ ΚΑΤΑ ΕΙΔΟΣ,,,,ΟΡΓΑΝΙΚΑ ΕΣΟΔΑ ΚΑΤΑ ΕΙΔΟΣ / ΠΩΛΗΣΕΙΣ ΠΡΟΪΟΝΤΩΝ ΕΤΟΙΜΏΝ ΚΑΙ ΗΜΙΤΕΛΩΝ,missing_root_type
,Διάμεσος λογαριασμός πωλήσεων,,unspecified,,0,,ΟΡΓΑΝΙΚΑ ΕΣΟΔΑ ΚΑΤΑ ΕΙΔΟΣ / ΠΩΛΗΣΕΙΣ ΠΡΟΪΟΝΤΩΝ ΕΤΟΙΜΏΝ ΚΑΙ ΗΜΙΤΕΛΩΝ,,,,ΟΡΓΑΝΙΚΑ ΕΣΟΔΑ ΚΑΤΑ ΕΙΔΟΣ / ΠΩΛΗΣΕΙΣ ΠΡΟΪΟΝΤΩΝ ΕΤΟΙΜΏΝ ΚΑΙ ΗΜΙΤΕΛΩΝ / Διάμεσος λογαριασμός πωλήσεων,missing_root_type
,Εκπτώσεις πωλήσεων,,unspecified,,0,,ΟΡΓΑΝΙΚΑ ΕΣΟΔΑ ΚΑΤΑ ΕΙΔΟΣ / ΠΩΛΗΣΕΙΣ ΠΡΟΪΟΝΤΩΝ ΕΤΟΙΜΏΝ ΚΑΙ ΗΜΙΤΕΛΩΝ,,,,ΟΡΓΑΝΙΚΑ ΕΣΟΔΑ ΚΑΤΑ ΕΙΔΟΣ / ΠΩΛΗΣΕΙΣ ΠΡΟΪΟΝΤΩΝ ΕΤΟΙΜΏΝ ΚΑΙ ΗΜΙΤΕΛΩΝ / Εκπτώσεις πωλήσεων,missing_root_type
,Επιστροφές πωλήσεων,,unspecified,,0,,ΟΡΓΑΝΙΚΑ ΕΣΟΔΑ ΚΑΤΑ ΕΙΔΟΣ / ΠΩΛΗΣΕΙΣ ΠΡΟΪΟΝΤΩΝ ΕΤΟΙΜΏΝ ΚΑΙ ΗΜΙΤΕΛΩΝ,,,,ΟΡΓΑΝΙΚΑ ΕΣΟΔΑ ΚΑΤΑ ΕΙΔΟΣ / ΠΩΛΗΣΕΙΣ ΠΡΟΪΟΝΤΩΝ ΕΤΟΙΜΏΝ ΚΑΙ ΗΜΙΤΕΛΩΝ / Επιστροφές πωλήσεων,missing_root_type
,Μη δεδουλευμένοι τόκοι γραμματίων εισπρακτέων,,unspecified,,0,,ΟΡΓΑΝΙΚΑ ΕΣΟΔΑ ΚΑΤΑ ΕΙΔΟΣ / ΠΩΛΗΣΕΙΣ ΠΡΟΪΟΝΤΩΝ ΕΤΟΙΜΏΝ ΚΑΙ ΗΜΙΤΕΛΩΝ,,,,ΟΡΓΑΝΙΚΑ ΕΣΟΔΑ ΚΑΤΑ ΕΙΔΟΣ / ΠΩΛΗΣΕΙΣ ΠΡΟΪΟΝΤΩΝ ΕΤΟΙΜΏΝ ΚΑΙ ΗΜΙΤΕΛΩΝ / Μη δεδουλευμένοι τόκοι γραμματίων εισπρακτέων,missing_root_type
,Πωλήσεις στο εσωτερικό,,unspecified,,0,,ΟΡΓΑΝΙΚΑ ΕΣΟΔΑ ΚΑΤΑ ΕΙΔΟΣ / ΠΩΛΗΣΕΙΣ ΠΡΟΪΟΝΤΩΝ ΕΤΟΙΜΏΝ ΚΑΙ ΗΜΙΤΕΛΩΝ,,,,ΟΡΓΑΝΙΚΑ ΕΣΟΔΑ ΚΑΤΑ ΕΙΔΟΣ / ΠΩΛΗΣΕΙΣ ΠΡΟΪΟΝΤΩΝ ΕΤΟΙΜΏΝ ΚΑΙ ΗΜΙΤΕΛΩΝ / Πωλήσεις στο εσωτερικό,missing_root_type
,ΠΩΛΗΣΕΙΣ ΥΠΗΡΕΣΙΩΝ,,group,,1,,ΟΡΓΑΝΙΚΑ ΕΣΟΔΑ ΚΑΤΑ ΕΙΔΟΣ,,,,ΟΡΓΑΝΙΚΑ ΕΣΟΔΑ ΚΑΤΑ ΕΙΔΟΣ / ΠΩΛΗΣΕΙΣ ΥΠΗΡΕΣΙΩΝ,missing_root_type
,Διάμεσος λογαριασμός πωλήσεων,,unspecified,,0,,ΟΡΓΑΝΙΚΑ ΕΣΟΔΑ ΚΑΤΑ ΕΙΔΟΣ / ΠΩΛΗΣΕΙΣ ΥΠΗΡΕΣΙΩΝ,,,,ΟΡΓΑΝΙΚΑ ΕΣΟΔΑ ΚΑΤΑ ΕΙΔΟΣ / ΠΩΛΗΣΕΙΣ ΥΠΗΡΕΣΙΩΝ / Διάμεσος λογαριασμός πωλήσεων,missing_root_type
,Εκπτώσεις πωλήσεων,,unspecified,,0,,ΟΡΓΑΝΙΚΑ ΕΣΟΔΑ ΚΑΤΑ ΕΙΔΟΣ / ΠΩΛΗΣΕΙΣ ΥΠΗΡΕΣΙΩΝ,,,,ΟΡΓΑΝΙΚΑ ΕΣΟΔΑ ΚΑΤΑ ΕΙΔΟΣ / ΠΩΛΗΣΕΙΣ ΥΠΗΡΕΣΙΩΝ / Εκπτώσεις πωλήσεων,missing_root_type
,Μη δεδουλευμένοι τόκοι γραμματίων εισπρακτέων,,unspecified,,0,,ΟΡΓΑΝΙΚΑ ΕΣΟΔΑ ΚΑΤΑ ΕΙΔΟΣ / ΠΩΛΗΣΕΙΣ ΥΠΗΡΕΣΙΩΝ,,,,ΟΡΓΑΝΙΚΑ ΕΣΟΔΑ ΚΑΤΑ ΕΙΔΟΣ / ΠΩΛΗΣΕΙΣ ΥΠΗΡΕΣΙΩΝ / Μη δεδουλευμένοι τόκοι γραμματίων εισπρακτέων,missing_root_type
,Πωλήσεις υπηρεσιών εξωτερικού,,unspecified,,0,,ΟΡΓΑΝΙΚΑ ΕΣΟΔΑ ΚΑΤΑ ΕΙΔΟΣ / ΠΩΛΗΣΕΙΣ ΥΠΗΡΕΣΙΩΝ,,,,ΟΡΓΑΝΙΚΑ ΕΣΟΔΑ ΚΑΤΑ ΕΙΔΟΣ / ΠΩΛΗΣΕΙΣ ΥΠΗΡΕΣΙΩΝ / Πωλήσεις υπηρεσιών εξωτερικού,missing_root_type
,Πωλήσεις υπηρεσιών εσωτερικού,,unspecified,,0,,ΟΡΓΑΝΙΚΑ ΕΣΟΔΑ ΚΑΤΑ ΕΙΔΟΣ / ΠΩΛΗΣΕΙΣ ΥΠΗΡΕΣΙΩΝ,,,,ΟΡΓΑΝΙΚΑ ΕΣΟΔΑ ΚΑΤΑ ΕΙΔΟΣ / ΠΩΛΗΣΕΙΣ ΥΠΗΡΕΣΙΩΝ / Πωλήσεις υπηρεσιών εσωτερικού,missing_root_type
,ΠΑΓΙΟ ΕΝΕΡΓΗΤΙΚΟ,,group,,1,,,,,,ΠΑΓΙΟ ΕΝΕΡΓΗΤΙΚΟ,missing_root_type
,ΑΚΙΝΗΤΟΠΟΙΗΣΕΙΣ ΥΠΟ ΕΚΤΕΛΕΣΗ ΚΑΙ ΠΡΟΚΑΤΑΒΟΛΕΣ ΚΤΗΣΗΣ ΠΑΓΙΩΝ ΣΤΟΙΧΕΙΩΝ,,group,,1,,ΠΑΓΙΟ ΕΝΕΡΓΗΤΙΚΟ,,,,ΠΑΓΙΟ ΕΝΕΡΓΗΤΙΚΟ / ΑΚΙΝΗΤΟΠΟΙΗΣΕΙΣ ΥΠΟ ΕΚΤΕΛΕΣΗ ΚΑΙ ΠΡΟΚΑΤΑΒΟΛΕΣ ΚΤΗΣΗΣ ΠΑΓΙΩΝ ΣΤΟΙΧΕΙΩΝ,missing_root_type
,Έπιπλα και λοιπός εξοπλισμός υπό εκτέλεση,,unspecified,,0,,ΠΑΓΙΟ ΕΝΕΡΓΗΤΙΚΟ / ΑΚΙΝΗΤΟΠΟΙΗΣΕΙΣ ΥΠΟ ΕΚΤΕΛΕΣΗ ΚΑΙ ΠΡΟΚΑΤΑΒΟΛΕΣ ΚΤΗΣΗΣ ΠΑΓΙΩΝ ΣΤΟΙΧΕΙΩΝ,,,,ΠΑΓΙΟ ΕΝΕΡΓΗΤΙΚΟ / ΑΚΙΝΗΤΟΠΟΙΗΣΕΙΣ ΥΠΟ ΕΚΤΕΛΕΣΗ ΚΑΙ ΠΡΟΚΑΤΑΒΟΛΕΣ ΚΤΗΣΗΣ ΠΑΓΙΩΝ ΣΤΟΙΧΕΙΩΝ / Έπιπλα και λοιπός εξοπλισμός υπό εκτέλεση,missing_root_type
,Κτίρια - Εγκαταστάσεις κτιρίων - τεχνικά έργα υπό εκτέλεση,,unspecified,,0,,ΠΑΓΙΟ ΕΝΕΡΓΗΤΙΚΟ / ΑΚΙΝΗΤΟΠΟΙΗΣΕΙΣ ΥΠΟ ΕΚΤΕΛΕΣΗ ΚΑΙ ΠΡΟΚΑΤΑΒΟΛΕΣ ΚΤΗΣΗΣ ΠΑΓΙΩΝ ΣΤΟΙΧΕΙΩΝ,,,,ΠΑΓΙΟ ΕΝΕΡΓΗΤΙΚΟ / ΑΚΙΝΗΤΟΠΟΙΗΣΕΙΣ ΥΠΟ ΕΚΤΕΛΕΣΗ ΚΑΙ ΠΡΟΚΑΤΑΒΟΛΕΣ ΚΤΗΣΗΣ ΠΑΓΙΩΝ ΣΤΟΙΧΕΙΩΝ / Κτίρια - Εγκαταστάσεις κτιρίων - τεχνικά έργα υπό εκτέλεση,missing_root_type
,Μεταφορικά μέσα υπό εκτέλεση,,unspecified,,0,,ΠΑΓΙΟ ΕΝΕΡΓΗΤΙΚΟ / ΑΚΙΝΗΤΟΠΟΙΗΣΕΙΣ ΥΠΟ ΕΚΤΕΛΕΣΗ ΚΑΙ ΠΡΟΚΑΤΑΒΟΛΕΣ ΚΤΗΣΗΣ ΠΑΓΙΩΝ ΣΤΟΙΧΕΙΩΝ,,,,ΠΑΓΙΟ ΕΝΕΡΓΗΤΙΚΟ / ΑΚΙΝΗΤΟΠΟΙΗΣΕΙΣ ΥΠΟ ΕΚΤΕΛΕΣΗ ΚΑΙ ΠΡΟΚΑΤΑΒΟΛΕΣ ΚΤΗΣΗΣ ΠΑΓΙΩΝ ΣΤΟΙΧΕΙΩΝ / Μεταφορικά μέσα υπό εκτέλεση,missing_root_type
,Μηχανήματα - Τεχνικές εγκατ/σεις - Λοιπός μηχ/κος εξοπλισμός υπό εκτέλεση,,unspecified,,0,,ΠΑΓΙΟ ΕΝΕΡΓΗΤΙΚΟ / ΑΚΙΝΗΤΟΠΟΙΗΣΕΙΣ ΥΠΟ ΕΚΤΕΛΕΣΗ ΚΑΙ ΠΡΟΚΑΤΑΒΟΛΕΣ ΚΤΗΣΗΣ ΠΑΓΙΩΝ ΣΤΟΙΧΕΙΩΝ,,,,ΠΑΓΙΟ ΕΝΕΡΓΗΤΙΚΟ / ΑΚΙΝΗΤΟΠΟΙΗΣΕΙΣ ΥΠΟ ΕΚΤΕΛΕΣΗ ΚΑΙ ΠΡΟΚΑΤΑΒΟΛΕΣ ΚΤΗΣΗΣ ΠΑΓΙΩΝ ΣΤΟΙΧΕΙΩΝ / Μηχανήματα - Τεχνικές εγκατ/σεις - Λοιπός μηχ/κος εξοπλισμός υπό εκτέλεση,missing_root_type
,Προκαταβολές κτήσης παγίων,,unspecified,,0,,ΠΑΓΙΟ ΕΝΕΡΓΗΤΙΚΟ / ΑΚΙΝΗΤΟΠΟΙΗΣΕΙΣ ΥΠΟ ΕΚΤΕΛΕΣΗ ΚΑΙ ΠΡΟΚΑΤΑΒΟΛΕΣ ΚΤΗΣΗΣ ΠΑΓΙΩΝ ΣΤΟΙΧΕΙΩΝ,,,,ΠΑΓΙΟ ΕΝΕΡΓΗΤΙΚΟ / ΑΚΙΝΗΤΟΠΟΙΗΣΕΙΣ ΥΠΟ ΕΚΤΕΛΕΣΗ ΚΑΙ ΠΡΟΚΑΤΑΒΟΛΕΣ ΚΤΗΣΗΣ ΠΑΓΙΩΝ ΣΤΟΙΧΕΙΩΝ / Προκαταβολές κτήσης παγίων,missing_root_type
,ΑΣΩΜΑΤΕΣ ΑΚΙΝΗΤΟΠΟΙΗΣΕΙΣ ΚΑΙ ΕΞΟΔΑ ΠΟΛΥΕΤΟΥΣ ΑΠΟΣΒΕΣΕΙΣ,,group,,1,,ΠΑΓΙΟ ΕΝΕΡΓΗΤΙΚΟ,,,,ΠΑΓΙΟ ΕΝΕΡΓΗΤΙΚΟ / ΑΣΩΜΑΤΕΣ ΑΚΙΝΗΤΟΠΟΙΗΣΕΙΣ ΚΑΙ ΕΞΟΔΑ ΠΟΛΥΕΤΟΥΣ ΑΠΟΣΒΕΣΕΙΣ,missing_root_type
,Έξοδα ίδρυσης πρώτης εγκατάστασης,,unspecified,,0,,ΠΑΓΙΟ ΕΝΕΡΓΗΤΙΚΟ / ΑΣΩΜΑΤΕΣ ΑΚΙΝΗΤΟΠΟΙΗΣΕΙΣ ΚΑΙ ΕΞΟΔΑ ΠΟΛΥΕΤΟΥΣ ΑΠΟΣΒΕΣΕΙΣ,,,,ΠΑΓΙΟ ΕΝΕΡΓΗΤΙΚΟ / ΑΣΩΜΑΤΕΣ ΑΚΙΝΗΤΟΠΟΙΗΣΕΙΣ ΚΑΙ ΕΞΟΔΑ ΠΟΛΥΕΤΟΥΣ ΑΠΟΣΒΕΣΕΙΣ / Έξοδα ίδρυσης πρώτης εγκατάστασης,missing_root_type
,Έξοδα αναδιοργάνωσης,,unspecified,,0,,ΠΑΓΙΟ ΕΝΕΡΓΗΤΙΚΟ / ΑΣΩΜΑΤΕΣ ΑΚΙΝΗΤΟΠΟΙΗΣΕΙΣ ΚΑΙ ΕΞΟΔΑ ΠΟΛΥΕΤΟΥΣ ΑΠΟΣΒΕΣΕΙΣ,,,,ΠΑΓΙΟ ΕΝΕΡΓΗΤΙΚΟ / ΑΣΩΜΑΤΕΣ ΑΚΙΝΗΤΟΠΟΙΗΣΕΙΣ ΚΑΙ ΕΞΟΔΑ ΠΟΛΥΕΤΟΥΣ ΑΠΟΣΒΕΣΕΙΣ / Έξοδα αναδιοργάνωσης,missing_root_type
,Έξοδα αύξησης κεφαλαίου και έκδοσης ομολογιακών δανείων,,unspecified,,0,,ΠΑΓΙΟ ΕΝΕΡΓΗΤΙΚΟ / ΑΣΩΜΑΤΕΣ ΑΚΙΝΗΤΟΠΟΙΗΣΕΙΣ ΚΑΙ ΕΞΟΔΑ ΠΟΛΥΕΤΟΥΣ ΑΠΟΣΒΕΣΕΙΣ,,,,ΠΑΓΙΟ ΕΝΕΡΓΗΤΙΚΟ / ΑΣΩΜΑΤΕΣ ΑΚΙΝΗΤΟΠΟΙΗΣΕΙΣ ΚΑΙ ΕΞΟΔΑ ΠΟΛΥΕΤΟΥΣ ΑΠΟΣΒΕΣΕΙΣ / Έξοδα αύξησης κεφαλαίου και έκδοσης ομολογιακών δανείων,missing_root_type
,Έξοδα ερευνών ορυχείων - μεταλλείων - λατομείων,,unspecified,,0,,ΠΑΓΙΟ ΕΝΕΡΓΗΤΙΚΟ / ΑΣΩΜΑΤΕΣ ΑΚΙΝΗΤΟΠΟΙΗΣΕΙΣ ΚΑΙ ΕΞΟΔΑ ΠΟΛΥΕΤΟΥΣ ΑΠΟΣΒΕΣΕΙΣ,,,,ΠΑΓΙΟ ΕΝΕΡΓΗΤΙΚΟ / ΑΣΩΜΑΤΕΣ ΑΚΙΝΗΤΟΠΟΙΗΣΕΙΣ ΚΑΙ ΕΞΟΔΑ ΠΟΛΥΕΤΟΥΣ ΑΠΟΣΒΕΣΕΙΣ / Έξοδα ερευνών ορυχείων - μεταλλείων - λατομείων,missing_root_type
,Έξοδα κτήσης ακινητοποιήσεων,,unspecified,,0,,ΠΑΓΙΟ ΕΝΕΡΓΗΤΙΚΟ / ΑΣΩΜΑΤΕΣ ΑΚΙΝΗΤΟΠΟΙΗΣΕΙΣ ΚΑΙ ΕΞΟΔΑ ΠΟΛΥΕΤΟΥΣ ΑΠΟΣΒΕΣΕΙΣ,,,,ΠΑΓΙΟ ΕΝΕΡΓΗΤΙΚΟ / ΑΣΩΜΑΤΕΣ ΑΚΙΝΗΤΟΠΟΙΗΣΕΙΣ ΚΑΙ ΕΞΟΔΑ ΠΟΛΥΕΤΟΥΣ ΑΠΟΣΒΕΣΕΙΣ / Έξοδα κτήσης ακινητοποιήσεων,missing_root_type
,Έξοδα λοιπών ερευνών,,unspecified,,0,,ΠΑΓΙΟ ΕΝΕΡΓΗΤΙΚΟ / ΑΣΩΜΑΤΕΣ ΑΚΙΝΗΤΟΠΟΙΗΣΕΙΣ ΚΑΙ ΕΞΟΔΑ ΠΟΛΥΕΤΟΥΣ ΑΠΟΣΒΕΣΕΙΣ,,,,ΠΑΓΙΟ ΕΝΕΡΓΗΤΙΚΟ / ΑΣΩΜΑΤΕΣ ΑΚΙΝΗΤΟΠΟΙΗΣΕΙΣ ΚΑΙ ΕΞΟΔΑ ΠΟΛΥΕΤΟΥΣ ΑΠΟΣΒΕΣΕΙΣ / Έξοδα λοιπών ερευνών,missing_root_type
,Έξοδα μετεγκατάστασης επιχειρήσεως,,unspecified,,0,,ΠΑΓΙΟ ΕΝΕΡΓΗΤΙΚΟ / ΑΣΩΜΑΤΕΣ ΑΚΙΝΗΤΟΠΟΙΗΣΕΙΣ ΚΑΙ ΕΞΟΔΑ ΠΟΛΥΕΤΟΥΣ ΑΠΟΣΒΕΣΕΙΣ,,,,ΠΑΓΙΟ ΕΝΕΡΓΗΤΙΚΟ / ΑΣΩΜΑΤΕΣ ΑΚΙΝΗΤΟΠΟΙΗΣΕΙΣ ΚΑΙ ΕΞΟΔΑ ΠΟΛΥΕΤΟΥΣ ΑΠΟΣΒΕΣΕΙΣ / Έξοδα μετεγκατάστασης επιχειρήσεως,missing_root_type
,Αποσβεσμένες ασώματες ακινητοποιήσεις και αποσβ.έξοδα πολυετούς απόσβεσεις,,group,,1,,ΠΑΓΙΟ ΕΝΕΡΓΗΤΙΚΟ / ΑΣΩΜΑΤΕΣ ΑΚΙΝΗΤΟΠΟΙΗΣΕΙΣ ΚΑΙ ΕΞΟΔΑ ΠΟΛΥΕΤΟΥΣ ΑΠΟΣΒΕΣΕΙΣ,,,,ΠΑΓΙΟ ΕΝΕΡΓΗΤΙΚΟ / ΑΣΩΜΑΤΕΣ ΑΚΙΝΗΤΟΠΟΙΗΣΕΙΣ ΚΑΙ ΕΞΟΔΑ ΠΟΛΥΕΤΟΥΣ ΑΠΟΣΒΕΣΕΙΣ / Αποσβεσμένες ασώματες ακινητοποιήσεις και αποσβ.έξοδα πολυετούς απόσβεσεις,missing_root_type
,"Αποσβ.δικαιώματα (παραχωρήσεις) εκμετάλλευσης ορυχείων, μεταλλείων,λατομείων",,unspecified,,0,,ΠΑΓΙΟ ΕΝΕΡΓΗΤΙΚΟ / ΑΣΩΜΑΤΕΣ ΑΚΙΝΗΤΟΠΟΙΗΣΕΙΣ ΚΑΙ ΕΞΟΔΑ ΠΟΛΥΕΤΟΥΣ ΑΠΟΣΒΕΣΕΙΣ / Αποσβεσμένες ασώματες ακινητοποιήσεις και αποσβ.έξοδα πολυετούς απόσβεσεις,,,,"ΠΑΓΙΟ ΕΝΕΡΓΗΤΙΚΟ / ΑΣΩΜΑΤΕΣ ΑΚΙΝΗΤΟΠΟΙΗΣΕΙΣ ΚΑΙ ΕΞΟΔΑ ΠΟΛΥΕΤΟΥΣ ΑΠΟΣΒΕΣΕΙΣ / Αποσβεσμένες ασώματες ακινητοποιήσεις και αποσβ.έξοδα πολυετούς απόσβεσεις / Αποσβ.δικαιώματα (παραχωρήσεις) εκμετάλλευσης ορυχείων, μεταλλείων,λατομείων",missing_root_type
,Αποσβεσμένα δικαιώματα βιομηχανικής ιδιοκτησίας,,unspecified,,0,,ΠΑΓΙΟ ΕΝΕΡΓΗΤΙΚΟ / ΑΣΩΜΑΤΕΣ ΑΚΙΝΗΤΟΠΟΙΗΣΕΙΣ ΚΑΙ ΕΞΟΔΑ ΠΟΛΥΕΤΟΥΣ ΑΠΟΣΒΕΣΕΙΣ / Αποσβεσμένες ασώματες ακινητοποιήσεις και αποσβ.έξοδα πολυετούς απόσβεσεις,,,,ΠΑΓΙΟ ΕΝΕΡΓΗΤΙΚΟ / ΑΣΩΜΑΤΕΣ ΑΚΙΝΗΤΟΠΟΙΗΣΕΙΣ ΚΑΙ ΕΞΟΔΑ ΠΟΛΥΕΤΟΥΣ ΑΠΟΣΒΕΣΕΙΣ / Αποσβεσμένες ασώματες ακινητοποιήσεις και αποσβ.έξοδα πολυετούς απόσβεσεις / Αποσβεσμένα δικαιώματα βιομηχανικής ιδιοκτησίας,missing_root_type
,Αποσβεσμένη υπεραξία επιχείρησης,,unspecified,,0,,ΠΑΓΙΟ ΕΝΕΡΓΗΤΙΚΟ / ΑΣΩΜΑΤΕΣ ΑΚΙΝΗΤΟΠΟΙΗΣΕΙΣ ΚΑΙ ΕΞΟΔΑ ΠΟΛΥΕΤΟΥΣ ΑΠΟΣΒΕΣΕΙΣ / Αποσβεσμένες ασώματες ακινητοποιήσεις και αποσβ.έξοδα πολυετούς απόσβεσεις,,,,ΠΑΓΙΟ ΕΝΕΡΓΗΤΙΚΟ / ΑΣΩΜΑΤΕΣ ΑΚΙΝΗΤΟΠΟΙΗΣΕΙΣ ΚΑΙ ΕΞΟΔΑ ΠΟΛΥΕΤΟΥΣ ΑΠΟΣΒΕΣΕΙΣ / Αποσβεσμένες ασώματες ακινητοποιήσεις και αποσβ.έξοδα πολυετούς απόσβεσεις / Αποσβεσμένη υπεραξία επιχείρησης,missing_root_type
,Διαφορές έκδοσης και εξόφλησης ομολογιών,,unspecified,,0,,ΠΑΓΙΟ ΕΝΕΡΓΗΤΙΚΟ / ΑΣΩΜΑΤΕΣ ΑΚΙΝΗΤΟΠΟΙΗΣΕΙΣ ΚΑΙ ΕΞΟΔΑ ΠΟΛΥΕΤΟΥΣ ΑΠΟΣΒΕΣΕΙΣ,,,,ΠΑΓΙΟ ΕΝΕΡΓΗΤΙΚΟ / ΑΣΩΜΑΤΕΣ ΑΚΙΝΗΤΟΠΟΙΗΣΕΙΣ ΚΑΙ ΕΞΟΔΑ ΠΟΛΥΕΤΟΥΣ ΑΠΟΣΒΕΣΕΙΣ / Διαφορές έκδοσης και εξόφλησης ομολογιών,missing_root_type
,Δικαιώματα (παραχωρήσεις κλπ) εκμετάλλευσεις ορυχείων-μεταλλείων-λατομείων,,unspecified,,0,,ΠΑΓΙΟ ΕΝΕΡΓΗΤΙΚΟ / ΑΣΩΜΑΤΕΣ ΑΚΙΝΗΤΟΠΟΙΗΣΕΙΣ ΚΑΙ ΕΞΟΔΑ ΠΟΛΥΕΤΟΥΣ ΑΠΟΣΒΕΣΕΙΣ,,,,ΠΑΓΙΟ ΕΝΕΡΓΗΤΙΚΟ / ΑΣΩΜΑΤΕΣ ΑΚΙΝΗΤΟΠΟΙΗΣΕΙΣ ΚΑΙ ΕΞΟΔΑ ΠΟΛΥΕΤΟΥΣ ΑΠΟΣΒΕΣΕΙΣ / Δικαιώματα (παραχωρήσεις κλπ) εκμετάλλευσεις ορυχείων-μεταλλείων-λατομείων,missing_root_type
,Δικαιώματα βιομηχανικής ιδιοκτησίας,,group,,1,,ΠΑΓΙΟ ΕΝΕΡΓΗΤΙΚΟ / ΑΣΩΜΑΤΕΣ ΑΚΙΝΗΤΟΠΟΙΗΣΕΙΣ ΚΑΙ ΕΞΟΔΑ ΠΟΛΥΕΤΟΥΣ ΑΠΟΣΒΕΣΕΙΣ,,,,ΠΑΓΙΟ ΕΝΕΡΓΗΤΙΚΟ / ΑΣΩΜΑΤΕΣ ΑΚΙΝΗΤΟΠΟΙΗΣΕΙΣ ΚΑΙ ΕΞΟΔΑ ΠΟΛΥΕΤΟΥΣ ΑΠΟΣΒΕΣΕΙΣ / Δικαιώματα βιομηχανικής ιδιοκτησίας,missing_root_type
,Άδειες παραγωγής και εκμετάλλευσης (LICENCES),,unspecified,,0,,ΠΑΓΙΟ ΕΝΕΡΓΗΤΙΚΟ / ΑΣΩΜΑΤΕΣ ΑΚΙΝΗΤΟΠΟΙΗΣΕΙΣ ΚΑΙ ΕΞΟΔΑ ΠΟΛΥΕΤΟΥΣ ΑΠΟΣΒΕΣΕΙΣ / Δικαιώματα βιομηχανικής ιδιοκτησίας,,,,ΠΑΓΙΟ ΕΝΕΡΓΗΤΙΚΟ / ΑΣΩΜΑΤΕΣ ΑΚΙΝΗΤΟΠΟΙΗΣΕΙΣ ΚΑΙ ΕΞΟΔΑ ΠΟΛΥΕΤΟΥΣ ΑΠΟΣΒΕΣΕΙΣ / Δικαιώματα βιομηχανικής ιδιοκτησίας / Άδειες παραγωγής και εκμετάλλευσης (LICENCES),missing_root_type
,Διπλώματα ευρεσιτεχνίας,,unspecified,,0,,ΠΑΓΙΟ ΕΝΕΡΓΗΤΙΚΟ / ΑΣΩΜΑΤΕΣ ΑΚΙΝΗΤΟΠΟΙΗΣΕΙΣ ΚΑΙ ΕΞΟΔΑ ΠΟΛΥΕΤΟΥΣ ΑΠΟΣΒΕΣΕΙΣ / Δικαιώματα βιομηχανικής ιδιοκτησίας,,,,ΠΑΓΙΟ ΕΝΕΡΓΗΤΙΚΟ / ΑΣΩΜΑΤΕΣ ΑΚΙΝΗΤΟΠΟΙΗΣΕΙΣ ΚΑΙ ΕΞΟΔΑ ΠΟΛΥΕΤΟΥΣ ΑΠΟΣΒΕΣΕΙΣ / Δικαιώματα βιομηχανικής ιδιοκτησίας / Διπλώματα ευρεσιτεχνίας,missing_root_type
,Μέθοδοι,,unspecified,,0,,ΠΑΓΙΟ ΕΝΕΡΓΗΤΙΚΟ / ΑΣΩΜΑΤΕΣ ΑΚΙΝΗΤΟΠΟΙΗΣΕΙΣ ΚΑΙ ΕΞΟΔΑ ΠΟΛΥΕΤΟΥΣ ΑΠΟΣΒΕΣΕΙΣ / Δικαιώματα βιομηχανικής ιδιοκτησίας,,,,ΠΑΓΙΟ ΕΝΕΡΓΗΤΙΚΟ / ΑΣΩΜΑΤΕΣ ΑΚΙΝΗΤΟΠΟΙΗΣΕΙΣ ΚΑΙ ΕΞΟΔΑ ΠΟΛΥΕΤΟΥΣ ΑΠΟΣΒΕΣΕΙΣ / Δικαιώματα βιομηχανικής ιδιοκτησίας / Μέθοδοι,missing_root_type
,Πρότυπα (KNOW HOW),,unspecified,,0,,ΠΑΓΙΟ ΕΝΕΡΓΗΤΙΚΟ / ΑΣΩΜΑΤΕΣ ΑΚΙΝΗΤΟΠΟΙΗΣΕΙΣ ΚΑΙ ΕΞΟΔΑ ΠΟΛΥΕΤΟΥΣ ΑΠΟΣΒΕΣΕΙΣ / Δικαιώματα βιομηχανικής ιδιοκτησίας,,,,ΠΑΓΙΟ ΕΝΕΡΓΗΤΙΚΟ / ΑΣΩΜΑΤΕΣ ΑΚΙΝΗΤΟΠΟΙΗΣΕΙΣ ΚΑΙ ΕΞΟΔΑ ΠΟΛΥΕΤΟΥΣ ΑΠΟΣΒΕΣΕΙΣ / Δικαιώματα βιομηχανικής ιδιοκτησίας / Πρότυπα (KNOW HOW),missing_root_type
,Σήματα,,unspecified,,0,,ΠΑΓΙΟ ΕΝΕΡΓΗΤΙΚΟ / ΑΣΩΜΑΤΕΣ ΑΚΙΝΗΤΟΠΟΙΗΣΕΙΣ ΚΑΙ ΕΞΟΔΑ ΠΟΛΥΕΤΟΥΣ ΑΠΟΣΒΕΣΕΙΣ / Δικαιώματα βιομηχανικής ιδιοκτησίας,,,,ΠΑΓΙΟ ΕΝΕΡΓΗΤΙΚΟ / ΑΣΩΜΑΤΕΣ ΑΚΙΝΗΤΟΠΟΙΗΣΕΙΣ ΚΑΙ ΕΞΟΔΑ ΠΟΛΥΕΤΟΥΣ ΑΠΟΣΒΕΣΕΙΣ / Δικαιώματα βιομηχανικής ιδιοκτησίας / Σήματα,missing_root_type
,Σχέδια,,unspecified,,0,,ΠΑΓΙΟ ΕΝΕΡΓΗΤΙΚΟ / ΑΣΩΜΑΤΕΣ ΑΚΙΝΗΤΟΠΟΙΗΣΕΙΣ ΚΑΙ ΕΞΟΔΑ ΠΟΛΥΕΤΟΥΣ ΑΠΟΣΒΕΣΕΙΣ / Δικαιώματα βιομηχανικής ιδιοκτησίας,,,,ΠΑΓΙΟ ΕΝΕΡΓΗΤΙΚΟ / ΑΣΩΜΑΤΕΣ ΑΚΙΝΗΤΟΠΟΙΗΣΕΙΣ ΚΑΙ ΕΞΟΔΑ ΠΟΛΥΕΤΟΥΣ ΑΠΟΣΒΕΣΕΙΣ / Δικαιώματα βιομηχανικής ιδιοκτησίας / Σχέδια,missing_root_type
,Δικαιώματα χρήσης ενσώματων παγίων στοιχείων,,unspecified,,0,,ΠΑΓΙΟ ΕΝΕΡΓΗΤΙΚΟ / ΑΣΩΜΑΤΕΣ ΑΚΙΝΗΤΟΠΟΙΗΣΕΙΣ ΚΑΙ ΕΞΟΔΑ ΠΟΛΥΕΤΟΥΣ ΑΠΟΣΒΕΣΕΙΣ,,,,ΠΑΓΙΟ ΕΝΕΡΓΗΤΙΚΟ / ΑΣΩΜΑΤΕΣ ΑΚΙΝΗΤΟΠΟΙΗΣΕΙΣ ΚΑΙ ΕΞΟΔΑ ΠΟΛΥΕΤΟΥΣ ΑΠΟΣΒΕΣΕΙΣ / Δικαιώματα χρήσης ενσώματων παγίων στοιχείων,missing_root_type
,Λοιπά έξοδα πολυετούς απόσβεσης,,unspecified,,0,,ΠΑΓΙΟ ΕΝΕΡΓΗΤΙΚΟ / ΑΣΩΜΑΤΕΣ ΑΚΙΝΗΤΟΠΟΙΗΣΕΙΣ ΚΑΙ ΕΞΟΔΑ ΠΟΛΥΕΤΟΥΣ ΑΠΟΣΒΕΣΕΙΣ,,,,ΠΑΓΙΟ ΕΝΕΡΓΗΤΙΚΟ / ΑΣΩΜΑΤΕΣ ΑΚΙΝΗΤΟΠΟΙΗΣΕΙΣ ΚΑΙ ΕΞΟΔΑ ΠΟΛΥΕΤΟΥΣ ΑΠΟΣΒΕΣΕΙΣ / Λοιπά έξοδα πολυετούς απόσβεσης,missing_root_type
,Λοιπά δικαιώματα,,unspecified,,0,,ΠΑΓΙΟ ΕΝΕΡΓΗΤΙΚΟ / ΑΣΩΜΑΤΕΣ ΑΚΙΝΗΤΟΠΟΙΗΣΕΙΣ ΚΑΙ ΕΞΟΔΑ ΠΟΛΥΕΤΟΥΣ ΑΠΟΣΒΕΣΕΙΣ,,,,ΠΑΓΙΟ ΕΝΕΡΓΗΤΙΚΟ / ΑΣΩΜΑΤΕΣ ΑΚΙΝΗΤΟΠΟΙΗΣΕΙΣ ΚΑΙ ΕΞΟΔΑ ΠΟΛΥΕΤΟΥΣ ΑΠΟΣΒΕΣΕΙΣ / Λοιπά δικαιώματα,missing_root_type
,Λοιπές παραχωρήσεις,,unspecified,,0,,ΠΑΓΙΟ ΕΝΕΡΓΗΤΙΚΟ / ΑΣΩΜΑΤΕΣ ΑΚΙΝΗΤΟΠΟΙΗΣΕΙΣ ΚΑΙ ΕΞΟΔΑ ΠΟΛΥΕΤΟΥΣ ΑΠΟΣΒΕΣΕΙΣ,,,,ΠΑΓΙΟ ΕΝΕΡΓΗΤΙΚΟ / ΑΣΩΜΑΤΕΣ ΑΚΙΝΗΤΟΠΟΙΗΣΕΙΣ ΚΑΙ ΕΞΟΔΑ ΠΟΛΥΕΤΟΥΣ ΑΠΟΣΒΕΣΕΙΣ / Λοιπές παραχωρήσεις,missing_root_type
,Προκαταβολές κτήσης ασώματων ακινητοποίησεων,,unspecified,,0,,ΠΑΓΙΟ ΕΝΕΡΓΗΤΙΚΟ / ΑΣΩΜΑΤΕΣ ΑΚΙΝΗΤΟΠΟΙΗΣΕΙΣ ΚΑΙ ΕΞΟΔΑ ΠΟΛΥΕΤΟΥΣ ΑΠΟΣΒΕΣΕΙΣ,,,,ΠΑΓΙΟ ΕΝΕΡΓΗΤΙΚΟ / ΑΣΩΜΑΤΕΣ ΑΚΙΝΗΤΟΠΟΙΗΣΕΙΣ ΚΑΙ ΕΞΟΔΑ ΠΟΛΥΕΤΟΥΣ ΑΠΟΣΒΕΣΕΙΣ / Προκαταβολές κτήσης ασώματων ακινητοποίησεων,missing_root_type
,Συναλλαγματικές διαφορές από πιστώσεις και δάνεια για κτήσεις πάγιων στοιχείων,,unspecified,,0,,ΠΑΓΙΟ ΕΝΕΡΓΗΤΙΚΟ / ΑΣΩΜΑΤΕΣ ΑΚΙΝΗΤΟΠΟΙΗΣΕΙΣ ΚΑΙ ΕΞΟΔΑ ΠΟΛΥΕΤΟΥΣ ΑΠΟΣΒΕΣΕΙΣ,,,,ΠΑΓΙΟ ΕΝΕΡΓΗΤΙΚΟ / ΑΣΩΜΑΤΕΣ ΑΚΙΝΗΤΟΠΟΙΗΣΕΙΣ ΚΑΙ ΕΞΟΔΑ ΠΟΛΥΕΤΟΥΣ ΑΠΟΣΒΕΣΕΙΣ / Συναλλαγματικές διαφορές από πιστώσεις και δάνεια για κτήσεις πάγιων στοιχείων,missing_root_type
,Τόκοι δανείων κατασκευαστικής περιόδου,,unspecified,,0,,ΠΑΓΙΟ ΕΝΕΡΓΗΤΙΚΟ / ΑΣΩΜΑΤΕΣ ΑΚΙΝΗΤΟΠΟΙΗΣΕΙΣ ΚΑΙ ΕΞΟΔΑ ΠΟΛΥΕΤΟΥΣ ΑΠΟΣΒΕΣΕΙΣ,,,,ΠΑΓΙΟ ΕΝΕΡΓΗΤΙΚΟ / ΑΣΩΜΑΤΕΣ ΑΚΙΝΗΤΟΠΟΙΗΣΕΙΣ ΚΑΙ ΕΞΟΔΑ ΠΟΛΥΕΤΟΥΣ ΑΠΟΣΒΕΣΕΙΣ / Τόκοι δανείων κατασκευαστικής περιόδου,missing_root_type
,Υπεραξία επιχείρησης (GOOD WILL),,unspecified,,0,,ΠΑΓΙΟ ΕΝΕΡΓΗΤΙΚΟ / ΑΣΩΜΑΤΕΣ ΑΚΙΝΗΤΟΠΟΙΗΣΕΙΣ ΚΑΙ ΕΞΟΔΑ ΠΟΛΥΕΤΟΥΣ ΑΠΟΣΒΕΣΕΙΣ,,,,ΠΑΓΙΟ ΕΝΕΡΓΗΤΙΚΟ / ΑΣΩΜΑΤΕΣ ΑΚΙΝΗΤΟΠΟΙΗΣΕΙΣ ΚΑΙ ΕΞΟΔΑ ΠΟΛΥΕΤΟΥΣ ΑΠΟΣΒΕΣΕΙΣ / Υπεραξία επιχείρησης (GOOD WILL),missing_root_type
,ΕΔΑΦΙΚΕΣ ΕΓΚΑΤΑΣΤΑΣΕΙΣ,,group,,1,,ΠΑΓΙΟ ΕΝΕΡΓΗΤΙΚΟ,,,,ΠΑΓΙΟ ΕΝΕΡΓΗΤΙΚΟ / ΕΔΑΦΙΚΕΣ ΕΓΚΑΤΑΣΤΑΣΕΙΣ,missing_root_type
,Αγροί,,unspecified,,0,,ΠΑΓΙΟ ΕΝΕΡΓΗΤΙΚΟ / ΕΔΑΦΙΚΕΣ ΕΓΚΑΤΑΣΤΑΣΕΙΣ,,,,ΠΑΓΙΟ ΕΝΕΡΓΗΤΙΚΟ / ΕΔΑΦΙΚΕΣ ΕΓΚΑΤΑΣΤΑΣΕΙΣ / Αγροί,missing_root_type
,Αγροί  εκτός εκμετάλλευσης,,unspecified,,0,,ΠΑΓΙΟ ΕΝΕΡΓΗΤΙΚΟ / ΕΔΑΦΙΚΕΣ ΕΓΚΑΤΑΣΤΑΣΕΙΣ,,,,ΠΑΓΙΟ ΕΝΕΡΓΗΤΙΚΟ / ΕΔΑΦΙΚΕΣ ΕΓΚΑΤΑΣΤΑΣΕΙΣ / Αγροί  εκτός εκμετάλλευσης,missing_root_type
,Αποσβεσμένες εδαφικές εκτάσεις,,unspecified,,0,,ΠΑΓΙΟ ΕΝΕΡΓΗΤΙΚΟ / ΕΔΑΦΙΚΕΣ ΕΓΚΑΤΑΣΤΑΣΕΙΣ,,,,ΠΑΓΙΟ ΕΝΕΡΓΗΤΙΚΟ / ΕΔΑΦΙΚΕΣ ΕΓΚΑΤΑΣΤΑΣΕΙΣ / Αποσβεσμένες εδαφικές εκτάσεις,missing_root_type
,Γήπεδα-Οικόπεδα,,unspecified,,0,,ΠΑΓΙΟ ΕΝΕΡΓΗΤΙΚΟ / ΕΔΑΦΙΚΕΣ ΕΓΚΑΤΑΣΤΑΣΕΙΣ,,,,ΠΑΓΙΟ ΕΝΕΡΓΗΤΙΚΟ / ΕΔΑΦΙΚΕΣ ΕΓΚΑΤΑΣΤΑΣΕΙΣ / Γήπεδα-Οικόπεδα,missing_root_type
,Γήπεδα-Οικόπεδα εκτός εκμετάλλευσης,,unspecified,,0,,ΠΑΓΙΟ ΕΝΕΡΓΗΤΙΚΟ / ΕΔΑΦΙΚΕΣ ΕΓΚΑΤΑΣΤΑΣΕΙΣ,,,,ΠΑΓΙΟ ΕΝΕΡΓΗΤΙΚΟ / ΕΔΑΦΙΚΕΣ ΕΓΚΑΤΑΣΤΑΣΕΙΣ / Γήπεδα-Οικόπεδα εκτός εκμετάλλευσης,missing_root_type
,Δάση,,unspecified,,0,,ΠΑΓΙΟ ΕΝΕΡΓΗΤΙΚΟ / ΕΔΑΦΙΚΕΣ ΕΓΚΑΤΑΣΤΑΣΕΙΣ,,,,ΠΑΓΙΟ ΕΝΕΡΓΗΤΙΚΟ / ΕΔΑΦΙΚΕΣ ΕΓΚΑΤΑΣΤΑΣΕΙΣ / Δάση,missing_root_type
,Δάση εκτός εκμετάλλευσης,,unspecified,,0,,ΠΑΓΙΟ ΕΝΕΡΓΗΤΙΚΟ / ΕΔΑΦΙΚΕΣ ΕΓΚΑΤΑΣΤΑΣΕΙΣ,,,,ΠΑΓΙΟ ΕΝΕΡΓΗΤΙΚΟ / ΕΔΑΦΙΚΕΣ ΕΓΚΑΤΑΣΤΑΣΕΙΣ / Δάση εκτός εκμετάλλευσης,missing_root_type
,Λατομεία,,unspecified,,0,,ΠΑΓΙΟ ΕΝΕΡΓΗΤΙΚΟ / ΕΔΑΦΙΚΕΣ ΕΓΚΑΤΑΣΤΑΣΕΙΣ,,,,ΠΑΓΙΟ ΕΝΕΡΓΗΤΙΚΟ / ΕΔΑΦΙΚΕΣ ΕΓΚΑΤΑΣΤΑΣΕΙΣ / Λατομεία,missing_root_type
,Λατομεία  εκτός εκμετάλλευσης,,unspecified,,0,,ΠΑΓΙΟ ΕΝΕΡΓΗΤΙΚΟ / ΕΔΑΦΙΚΕΣ ΕΓΚΑΤΑΣΤΑΣΕΙΣ,,,,ΠΑΓΙΟ ΕΝΕΡΓΗΤΙΚΟ / ΕΔΑΦΙΚΕΣ ΕΓΚΑΤΑΣΤΑΣΕΙΣ / Λατομεία  εκτός εκμετάλλευσης,missing_root_type
,Μεταλλεία,,unspecified,,0,,ΠΑΓΙΟ ΕΝΕΡΓΗΤΙΚΟ / ΕΔΑΦΙΚΕΣ ΕΓΚΑΤΑΣΤΑΣΕΙΣ,,,,ΠΑΓΙΟ ΕΝΕΡΓΗΤΙΚΟ / ΕΔΑΦΙΚΕΣ ΕΓΚΑΤΑΣΤΑΣΕΙΣ / Μεταλλεία,missing_root_type
,Μεταλλεία  εκτός εκμετάλλευσης,,unspecified,,0,,ΠΑΓΙΟ ΕΝΕΡΓΗΤΙΚΟ / ΕΔΑΦΙΚΕΣ ΕΓΚΑΤΑΣΤΑΣΕΙΣ,,,,ΠΑΓΙΟ ΕΝΕΡΓΗΤΙΚΟ / ΕΔΑΦΙΚΕΣ ΕΓΚΑΤΑΣΤΑΣΕΙΣ / Μεταλλεία  εκτός εκμετάλλευσης,missing_root_type
,Ορυχεία,,unspecified,,0,,ΠΑΓΙΟ ΕΝΕΡΓΗΤΙΚΟ / ΕΔΑΦΙΚΕΣ ΕΓΚΑΤΑΣΤΑΣΕΙΣ,,,,ΠΑΓΙΟ ΕΝΕΡΓΗΤΙΚΟ / ΕΔΑΦΙΚΕΣ ΕΓΚΑΤΑΣΤΑΣΕΙΣ / Ορυχεία,missing_root_type
,Ορυχεία εκτός εκμετάλλευσης,,unspecified,,0,,ΠΑΓΙΟ ΕΝΕΡΓΗΤΙΚΟ / ΕΔΑΦΙΚΕΣ ΕΓΚΑΤΑΣΤΑΣΕΙΣ,,,,ΠΑΓΙΟ ΕΝΕΡΓΗΤΙΚΟ / ΕΔΑΦΙΚΕΣ ΕΓΚΑΤΑΣΤΑΣΕΙΣ / Ορυχεία εκτός εκμετάλλευσης,missing_root_type
,Φυτείες,,unspecified,,0,,ΠΑΓΙΟ ΕΝΕΡΓΗΤΙΚΟ / ΕΔΑΦΙΚΕΣ ΕΓΚΑΤΑΣΤΑΣΕΙΣ,,,,ΠΑΓΙΟ ΕΝΕΡΓΗΤΙΚΟ / ΕΔΑΦΙΚΕΣ ΕΓΚΑΤΑΣΤΑΣΕΙΣ / Φυτείες,missing_root_type
,Φυτείες  εκτός εκμετάλλευσης,,unspecified,,0,,ΠΑΓΙΟ ΕΝΕΡΓΗΤΙΚΟ / ΕΔΑΦΙΚΕΣ ΕΓΚΑΤΑΣΤΑΣΕΙΣ,,,,ΠΑΓΙΟ ΕΝΕΡΓΗΤΙΚΟ / ΕΔΑΦΙΚΕΣ ΕΓΚΑΤΑΣΤΑΣΕΙΣ / Φυτείες  εκτός εκμετάλλευσης,missing_root_type
,ΕΠΙΠΛΑ ΚΑΙ ΛΟΙΠΟΣ ΕΞΟΠΛΙΣΜΟΣ,,group,,1,,ΠΑΓΙΟ ΕΝΕΡΓΗΤΙΚΟ,,,,ΠΑΓΙΟ ΕΝΕΡΓΗΤΙΚΟ / ΕΠΙΠΛΑ ΚΑΙ ΛΟΙΠΟΣ ΕΞΟΠΛΙΣΜΟΣ,missing_root_type
,Έπιπλα,,unspecified,,0,,ΠΑΓΙΟ ΕΝΕΡΓΗΤΙΚΟ / ΕΠΙΠΛΑ ΚΑΙ ΛΟΙΠΟΣ ΕΞΟΠΛΙΣΜΟΣ,,,,ΠΑΓΙΟ ΕΝΕΡΓΗΤΙΚΟ / ΕΠΙΠΛΑ ΚΑΙ ΛΟΙΠΟΣ ΕΞΟΠΛΙΣΜΟΣ / Έπιπλα,missing_root_type
,Έπιπλα εκτός εκμετάλλευσης,,unspecified,,0,,ΠΑΓΙΟ ΕΝΕΡΓΗΤΙΚΟ / ΕΠΙΠΛΑ ΚΑΙ ΛΟΙΠΟΣ ΕΞΟΠΛΙΣΜΟΣ,,,,ΠΑΓΙΟ ΕΝΕΡΓΗΤΙΚΟ / ΕΠΙΠΛΑ ΚΑΙ ΛΟΙΠΟΣ ΕΞΟΠΛΙΣΜΟΣ / Έπιπλα εκτός εκμετάλλευσης,missing_root_type
,Έπιπλα και λοιπός εξοπλισμός στο ΟΔΔΥ για εκποίηση,,unspecified,,0,,ΠΑΓΙΟ ΕΝΕΡΓΗΤΙΚΟ / ΕΠΙΠΛΑ ΚΑΙ ΛΟΙΠΟΣ ΕΞΟΠΛΙΣΜΟΣ,,,,ΠΑΓΙΟ ΕΝΕΡΓΗΤΙΚΟ / ΕΠΙΠΛΑ ΚΑΙ ΛΟΙΠΟΣ ΕΞΟΠΛΙΣΜΟΣ / Έπιπλα και λοιπός εξοπλισμός στο ΟΔΔΥ για εκποίηση,missing_root_type
,Αποσβεσμένα έπιπλα και αποσβεσμένος λοιπός εξοπλισμός,,group,,1,,ΠΑΓΙΟ ΕΝΕΡΓΗΤΙΚΟ / ΕΠΙΠΛΑ ΚΑΙ ΛΟΙΠΟΣ ΕΞΟΠΛΙΣΜΟΣ,,,,ΠΑΓΙΟ ΕΝΕΡΓΗΤΙΚΟ / ΕΠΙΠΛΑ ΚΑΙ ΛΟΙΠΟΣ ΕΞΟΠΛΙΣΜΟΣ / Αποσβεσμένα έπιπλα και αποσβεσμένος λοιπός εξοπλισμός,missing_root_type
,Αποσβεσμένα έπιπλα,,unspecified,,0,,ΠΑΓΙΟ ΕΝΕΡΓΗΤΙΚΟ / ΕΠΙΠΛΑ ΚΑΙ ΛΟΙΠΟΣ ΕΞΟΠΛΙΣΜΟΣ / Αποσβεσμένα έπιπλα και αποσβεσμένος λοιπός εξοπλισμός,,,,ΠΑΓΙΟ ΕΝΕΡΓΗΤΙΚΟ / ΕΠΙΠΛΑ ΚΑΙ ΛΟΙΠΟΣ ΕΞΟΠΛΙΣΜΟΣ / Αποσβεσμένα έπιπλα και αποσβεσμένος λοιπός εξοπλισμός / Αποσβεσμένα έπιπλα,missing_root_type
,Αποσβεσμένα σκεύη,,unspecified,,0,,ΠΑΓΙΟ ΕΝΕΡΓΗΤΙΚΟ / ΕΠΙΠΛΑ ΚΑΙ ΛΟΙΠΟΣ ΕΞΟΠΛΙΣΜΟΣ / Αποσβεσμένα έπιπλα και αποσβεσμένος λοιπός εξοπλισμός,,,,ΠΑΓΙΟ ΕΝΕΡΓΗΤΙΚΟ / ΕΠΙΠΛΑ ΚΑΙ ΛΟΙΠΟΣ ΕΞΟΠΛΙΣΜΟΣ / Αποσβεσμένα έπιπλα και αποσβεσμένος λοιπός εξοπλισμός / Αποσβεσμένα σκεύη,missing_root_type
,Αποσβεσμένες μηχανές γραφείου,,unspecified,,0,,ΠΑΓΙΟ ΕΝΕΡΓΗΤΙΚΟ / ΕΠΙΠΛΑ ΚΑΙ ΛΟΙΠΟΣ ΕΞΟΠΛΙΣΜΟΣ / Αποσβεσμένα έπιπλα και αποσβεσμένος λοιπός εξοπλισμός,,,,ΠΑΓΙΟ ΕΝΕΡΓΗΤΙΚΟ / ΕΠΙΠΛΑ ΚΑΙ ΛΟΙΠΟΣ ΕΞΟΠΛΙΣΜΟΣ / Αποσβεσμένα έπιπλα και αποσβεσμένος λοιπός εξοπλισμός / Αποσβεσμένες μηχανές γραφείου,missing_root_type
,Εξοπλισμός τηλεπικοινωνιών,,unspecified,,0,,ΠΑΓΙΟ ΕΝΕΡΓΗΤΙΚΟ / ΕΠΙΠΛΑ ΚΑΙ ΛΟΙΠΟΣ ΕΞΟΠΛΙΣΜΟΣ,,,,ΠΑΓΙΟ ΕΝΕΡΓΗΤΙΚΟ / ΕΠΙΠΛΑ ΚΑΙ ΛΟΙΠΟΣ ΕΞΟΠΛΙΣΜΟΣ / Εξοπλισμός τηλεπικοινωνιών,missing_root_type
,Εξοπλισμός τηλεπικοινωνιών εκτός εκμετάλλευσης,,unspecified,,0,,ΠΑΓΙΟ ΕΝΕΡΓΗΤΙΚΟ / ΕΠΙΠΛΑ ΚΑΙ ΛΟΙΠΟΣ ΕΞΟΠΛΙΣΜΟΣ,,,,ΠΑΓΙΟ ΕΝΕΡΓΗΤΙΚΟ / ΕΠΙΠΛΑ ΚΑΙ ΛΟΙΠΟΣ ΕΞΟΠΛΙΣΜΟΣ / Εξοπλισμός τηλεπικοινωνιών εκτός εκμετάλλευσης,missing_root_type
,Επιστημονικά όργανα,,unspecified,,0,,ΠΑΓΙΟ ΕΝΕΡΓΗΤΙΚΟ / ΕΠΙΠΛΑ ΚΑΙ ΛΟΙΠΟΣ ΕΞΟΠΛΙΣΜΟΣ,,,,ΠΑΓΙΟ ΕΝΕΡΓΗΤΙΚΟ / ΕΠΙΠΛΑ ΚΑΙ ΛΟΙΠΟΣ ΕΞΟΠΛΙΣΜΟΣ / Επιστημονικά όργανα,missing_root_type
,Επιστημονικά όργανα εκτός εκμετάλλευσης,,unspecified,,0,,ΠΑΓΙΟ ΕΝΕΡΓΗΤΙΚΟ / ΕΠΙΠΛΑ ΚΑΙ ΛΟΙΠΟΣ ΕΞΟΠΛΙΣΜΟΣ,,,,ΠΑΓΙΟ ΕΝΕΡΓΗΤΙΚΟ / ΕΠΙΠΛΑ ΚΑΙ ΛΟΙΠΟΣ ΕΞΟΠΛΙΣΜΟΣ / Επιστημονικά όργανα εκτός εκμετάλλευσης,missing_root_type
,Ζώα για πάγια εκμετάλλευση,,unspecified,,0,,ΠΑΓΙΟ ΕΝΕΡΓΗΤΙΚΟ / ΕΠΙΠΛΑ ΚΑΙ ΛΟΙΠΟΣ ΕΞΟΠΛΙΣΜΟΣ,,,,ΠΑΓΙΟ ΕΝΕΡΓΗΤΙΚΟ / ΕΠΙΠΛΑ ΚΑΙ ΛΟΙΠΟΣ ΕΞΟΠΛΙΣΜΟΣ / Ζώα για πάγια εκμετάλλευση,missing_root_type
,Ζώα για πάγια εκμετάλλευση εκτός εκμετάλλευσης,,unspecified,,0,,ΠΑΓΙΟ ΕΝΕΡΓΗΤΙΚΟ / ΕΠΙΠΛΑ ΚΑΙ ΛΟΙΠΟΣ ΕΞΟΠΛΙΣΜΟΣ,,,,ΠΑΓΙΟ ΕΝΕΡΓΗΤΙΚΟ / ΕΠΙΠΛΑ ΚΑΙ ΛΟΙΠΟΣ ΕΞΟΠΛΙΣΜΟΣ / Ζώα για πάγια εκμετάλλευση εκτός εκμετάλλευσης,missing_root_type
,Ηλεκτρονικοί Υπολογιστές και ηλεκτρ. συγκροτήματα εκτός εκμετάλλευσης,,unspecified,,0,,ΠΑΓΙΟ ΕΝΕΡΓΗΤΙΚΟ / ΕΠΙΠΛΑ ΚΑΙ ΛΟΙΠΟΣ ΕΞΟΠΛΙΣΜΟΣ,,,,ΠΑΓΙΟ ΕΝΕΡΓΗΤΙΚΟ / ΕΠΙΠΛΑ ΚΑΙ ΛΟΙΠΟΣ ΕΞΟΠΛΙΣΜΟΣ / Ηλεκτρονικοί Υπολογιστές και ηλεκτρ. συγκροτήματα εκτός εκμετάλλευσης,missing_root_type
,Ηλεκτρονικοί Υπολογιστές και ηλεκτρονικά συγκροτήματα,,unspecified,,0,,ΠΑΓΙΟ ΕΝΕΡΓΗΤΙΚΟ / ΕΠΙΠΛΑ ΚΑΙ ΛΟΙΠΟΣ ΕΞΟΠΛΙΣΜΟΣ,,,,ΠΑΓΙΟ ΕΝΕΡΓΗΤΙΚΟ / ΕΠΙΠΛΑ ΚΑΙ ΛΟΙΠΟΣ ΕΞΟΠΛΙΣΜΟΣ / Ηλεκτρονικοί Υπολογιστές και ηλεκτρονικά συγκροτήματα,missing_root_type
,Λοιπός εξοπλισμός,,unspecified,,0,,ΠΑΓΙΟ ΕΝΕΡΓΗΤΙΚΟ / ΕΠΙΠΛΑ ΚΑΙ ΛΟΙΠΟΣ ΕΞΟΠΛΙΣΜΟΣ,,,,ΠΑΓΙΟ ΕΝΕΡΓΗΤΙΚΟ / ΕΠΙΠΛΑ ΚΑΙ ΛΟΙΠΟΣ ΕΞΟΠΛΙΣΜΟΣ / Λοιπός εξοπλισμός,missing_root_type
,Λοιπός εξοπλισμός εκτός εκμετάλλευσης,,unspecified,,0,,ΠΑΓΙΟ ΕΝΕΡΓΗΤΙΚΟ / ΕΠΙΠΛΑ ΚΑΙ ΛΟΙΠΟΣ ΕΞΟΠΛΙΣΜΟΣ,,,,ΠΑΓΙΟ ΕΝΕΡΓΗΤΙΚΟ / ΕΠΙΠΛΑ ΚΑΙ ΛΟΙΠΟΣ ΕΞΟΠΛΙΣΜΟΣ / Λοιπός εξοπλισμός εκτός εκμετάλλευσης,missing_root_type
,Μέσα αποθήκευσης και μεταφοράς,,unspecified,,0,,ΠΑΓΙΟ ΕΝΕΡΓΗΤΙΚΟ / ΕΠΙΠΛΑ ΚΑΙ ΛΟΙΠΟΣ ΕΞΟΠΛΙΣΜΟΣ,,,,ΠΑΓΙΟ ΕΝΕΡΓΗΤΙΚΟ / ΕΠΙΠΛΑ ΚΑΙ ΛΟΙΠΟΣ ΕΞΟΠΛΙΣΜΟΣ / Μέσα αποθήκευσης και μεταφοράς,missing_root_type
,Μέσα αποθήκευσης και μεταφοράς εκτός εκμετάλλευσης,,unspecified,,0,,ΠΑΓΙΟ ΕΝΕΡΓΗΤΙΚΟ / ΕΠΙΠΛΑ ΚΑΙ ΛΟΙΠΟΣ ΕΞΟΠΛΙΣΜΟΣ,,,,ΠΑΓΙΟ ΕΝΕΡΓΗΤΙΚΟ / ΕΠΙΠΛΑ ΚΑΙ ΛΟΙΠΟΣ ΕΞΟΠΛΙΣΜΟΣ / Μέσα αποθήκευσης και μεταφοράς εκτός εκμετάλλευσης,missing_root_type
,Μηχανές γραφείων,,unspecified,,0,,ΠΑΓΙΟ ΕΝΕΡΓΗΤΙΚΟ / ΕΠΙΠΛΑ ΚΑΙ ΛΟΙΠΟΣ ΕΞΟΠΛΙΣΜΟΣ,,,,ΠΑΓΙΟ ΕΝΕΡΓΗΤΙΚΟ / ΕΠΙΠΛΑ ΚΑΙ ΛΟΙΠΟΣ ΕΞΟΠΛΙΣΜΟΣ / Μηχανές γραφείων,missing_root_type
,Μηχανές γραφείων εκτός εκμετάλλευσης,,unspecified,,0,,ΠΑΓΙΟ ΕΝΕΡΓΗΤΙΚΟ / ΕΠΙΠΛΑ ΚΑΙ ΛΟΙΠΟΣ ΕΞΟΠΛΙΣΜΟΣ,,,,ΠΑΓΙΟ ΕΝΕΡΓΗΤΙΚΟ / ΕΠΙΠΛΑ ΚΑΙ ΛΟΙΠΟΣ ΕΞΟΠΛΙΣΜΟΣ / Μηχανές γραφείων εκτός εκμετάλλευσης,missing_root_type
,Σκεύη,,unspecified,,0,,ΠΑΓΙΟ ΕΝΕΡΓΗΤΙΚΟ / ΕΠΙΠΛΑ ΚΑΙ ΛΟΙΠΟΣ ΕΞΟΠΛΙΣΜΟΣ,,,,ΠΑΓΙΟ ΕΝΕΡΓΗΤΙΚΟ / ΕΠΙΠΛΑ ΚΑΙ ΛΟΙΠΟΣ ΕΞΟΠΛΙΣΜΟΣ / Σκεύη,missing_root_type
,Σκεύη  εκτός εκμετάλλευσης,,unspecified,,0,,ΠΑΓΙΟ ΕΝΕΡΓΗΤΙΚΟ / ΕΠΙΠΛΑ ΚΑΙ ΛΟΙΠΟΣ ΕΞΟΠΛΙΣΜΟΣ,,,,ΠΑΓΙΟ ΕΝΕΡΓΗΤΙΚΟ / ΕΠΙΠΛΑ ΚΑΙ ΛΟΙΠΟΣ ΕΞΟΠΛΙΣΜΟΣ / Σκεύη  εκτός εκμετάλλευσης,missing_root_type
,ΚΤΙΡΙΑ - ΕΓΚΑΤΑΣΤΑΣΕΙΣ ΚΤΙΡΙΩΝ  - ΤΕΧΝΙΚΑ ΕΡΓΑ,,group,,1,,ΠΑΓΙΟ ΕΝΕΡΓΗΤΙΚΟ,,,,ΠΑΓΙΟ ΕΝΕΡΓΗΤΙΚΟ / ΚΤΙΡΙΑ - ΕΓΚΑΤΑΣΤΑΣΕΙΣ ΚΤΙΡΙΩΝ  - ΤΕΧΝΙΚΑ ΕΡΓΑ,missing_root_type
,Αποσβεσμένα κτίρια – εγκαταστάσεις κτιρίων - Τεχνικά έργα,,unspecified,,0,,ΠΑΓΙΟ ΕΝΕΡΓΗΤΙΚΟ / ΚΤΙΡΙΑ - ΕΓΚΑΤΑΣΤΑΣΕΙΣ ΚΤΙΡΙΩΝ  - ΤΕΧΝΙΚΑ ΕΡΓΑ,,,,ΠΑΓΙΟ ΕΝΕΡΓΗΤΙΚΟ / ΚΤΙΡΙΑ - ΕΓΚΑΤΑΣΤΑΣΕΙΣ ΚΤΙΡΙΩΝ  - ΤΕΧΝΙΚΑ ΕΡΓΑ / Αποσβεσμένα κτίρια – εγκαταστάσεις κτιρίων - Τεχνικά έργα,missing_root_type
,Κτίρια - Εγκαταστάσεις Κτιρίων,,unspecified,,0,,ΠΑΓΙΟ ΕΝΕΡΓΗΤΙΚΟ / ΚΤΙΡΙΑ - ΕΓΚΑΤΑΣΤΑΣΕΙΣ ΚΤΙΡΙΩΝ  - ΤΕΧΝΙΚΑ ΕΡΓΑ,,,,ΠΑΓΙΟ ΕΝΕΡΓΗΤΙΚΟ / ΚΤΙΡΙΑ - ΕΓΚΑΤΑΣΤΑΣΕΙΣ ΚΤΙΡΙΩΝ  - ΤΕΧΝΙΚΑ ΕΡΓΑ / Κτίρια - Εγκαταστάσεις Κτιρίων,missing_root_type
,Κτίρια - Εγκαταστάσεις Κτιρίων σε ακίνητα τρίτων,,unspecified,,0,,ΠΑΓΙΟ ΕΝΕΡΓΗΤΙΚΟ / ΚΤΙΡΙΑ - ΕΓΚΑΤΑΣΤΑΣΕΙΣ ΚΤΙΡΙΩΝ  - ΤΕΧΝΙΚΑ ΕΡΓΑ,,,,ΠΑΓΙΟ ΕΝΕΡΓΗΤΙΚΟ / ΚΤΙΡΙΑ - ΕΓΚΑΤΑΣΤΑΣΕΙΣ ΚΤΙΡΙΩΝ  - ΤΕΧΝΙΚΑ ΕΡΓΑ / Κτίρια - Εγκαταστάσεις Κτιρίων σε ακίνητα τρίτων,missing_root_type
,Κτίρια - Εγκαταστάσεις Κτιρίων σε ακίνητα τρίτων εκτός εκμετάλλευσης,,unspecified,,0,,ΠΑΓΙΟ ΕΝΕΡΓΗΤΙΚΟ / ΚΤΙΡΙΑ - ΕΓΚΑΤΑΣΤΑΣΕΙΣ ΚΤΙΡΙΩΝ  - ΤΕΧΝΙΚΑ ΕΡΓΑ,,,,ΠΑΓΙΟ ΕΝΕΡΓΗΤΙΚΟ / ΚΤΙΡΙΑ - ΕΓΚΑΤΑΣΤΑΣΕΙΣ ΚΤΙΡΙΩΝ  - ΤΕΧΝΙΚΑ ΕΡΓΑ / Κτίρια - Εγκαταστάσεις Κτιρίων σε ακίνητα τρίτων εκτός εκμετάλλευσης,missing_root_type
,Κτίρια - Εγκαταστάσεις κτιρίων εκτός εκμετάλλευσης,,unspecified,,0,,ΠΑΓΙΟ ΕΝΕΡΓΗΤΙΚΟ / ΚΤΙΡΙΑ - ΕΓΚΑΤΑΣΤΑΣΕΙΣ ΚΤΙΡΙΩΝ  - ΤΕΧΝΙΚΑ ΕΡΓΑ,,,,ΠΑΓΙΟ ΕΝΕΡΓΗΤΙΚΟ / ΚΤΙΡΙΑ - ΕΓΚΑΤΑΣΤΑΣΕΙΣ ΚΤΙΡΙΩΝ  - ΤΕΧΝΙΚΑ ΕΡΓΑ / Κτίρια - Εγκαταστάσεις κτιρίων εκτός εκμετάλλευσης,missing_root_type
,Λοιπά έργα εκτός εκμετάλλευσης,,unspecified,,0,,ΠΑΓΙΟ ΕΝΕΡΓΗΤΙΚΟ / ΚΤΙΡΙΑ - ΕΓΚΑΤΑΣΤΑΣΕΙΣ ΚΤΙΡΙΩΝ  - ΤΕΧΝΙΚΑ ΕΡΓΑ,,,,ΠΑΓΙΟ ΕΝΕΡΓΗΤΙΚΟ / ΚΤΙΡΙΑ - ΕΓΚΑΤΑΣΤΑΣΕΙΣ ΚΤΙΡΙΩΝ  - ΤΕΧΝΙΚΑ ΕΡΓΑ / Λοιπά έργα εκτός εκμετάλλευσης,missing_root_type
,Λοιπά τεχνικά έργα,,unspecified,,0,,ΠΑΓΙΟ ΕΝΕΡΓΗΤΙΚΟ / ΚΤΙΡΙΑ - ΕΓΚΑΤΑΣΤΑΣΕΙΣ ΚΤΙΡΙΩΝ  - ΤΕΧΝΙΚΑ ΕΡΓΑ,,,,ΠΑΓΙΟ ΕΝΕΡΓΗΤΙΚΟ / ΚΤΙΡΙΑ - ΕΓΚΑΤΑΣΤΑΣΕΙΣ ΚΤΙΡΙΩΝ  - ΤΕΧΝΙΚΑ ΕΡΓΑ / Λοιπά τεχνικά έργα,missing_root_type
,Λοιπά τεχνικά έργα σε ακίνητα τρίτων,,unspecified,,0,,ΠΑΓΙΟ ΕΝΕΡΓΗΤΙΚΟ / ΚΤΙΡΙΑ - ΕΓΚΑΤΑΣΤΑΣΕΙΣ ΚΤΙΡΙΩΝ  - ΤΕΧΝΙΚΑ ΕΡΓΑ,,,,ΠΑΓΙΟ ΕΝΕΡΓΗΤΙΚΟ / ΚΤΙΡΙΑ - ΕΓΚΑΤΑΣΤΑΣΕΙΣ ΚΤΙΡΙΩΝ  - ΤΕΧΝΙΚΑ ΕΡΓΑ / Λοιπά τεχνικά έργα σε ακίνητα τρίτων,missing_root_type
,Λοιπά τεχνικά έργα σε ακίνητα τρίτων εκτός εκμετάλλευσης,,unspecified,,0,,ΠΑΓΙΟ ΕΝΕΡΓΗΤΙΚΟ / ΚΤΙΡΙΑ - ΕΓΚΑΤΑΣΤΑΣΕΙΣ ΚΤΙΡΙΩΝ  - ΤΕΧΝΙΚΑ ΕΡΓΑ,,,,ΠΑΓΙΟ ΕΝΕΡΓΗΤΙΚΟ / ΚΤΙΡΙΑ - ΕΓΚΑΤΑΣΤΑΣΕΙΣ ΚΤΙΡΙΩΝ  - ΤΕΧΝΙΚΑ ΕΡΓΑ / Λοιπά τεχνικά έργα σε ακίνητα τρίτων εκτός εκμετάλλευσης,missing_root_type
,Τεχνικά έργα εξυπηρέτησης μεταφορών εκτός εκμετάλλευσης,,unspecified,,0,,ΠΑΓΙΟ ΕΝΕΡΓΗΤΙΚΟ / ΚΤΙΡΙΑ - ΕΓΚΑΤΑΣΤΑΣΕΙΣ ΚΤΙΡΙΩΝ  - ΤΕΧΝΙΚΑ ΕΡΓΑ,,,,ΠΑΓΙΟ ΕΝΕΡΓΗΤΙΚΟ / ΚΤΙΡΙΑ - ΕΓΚΑΤΑΣΤΑΣΕΙΣ ΚΤΙΡΙΩΝ  - ΤΕΧΝΙΚΑ ΕΡΓΑ / Τεχνικά έργα εξυπηρέτησης μεταφορών εκτός εκμετάλλευσης,missing_root_type
,Τεχνικά έργα εξυπηρέτησης μεταφορών σε ακίνητα τρίτων εκτός εκμετ/σης,,unspecified,,0,,ΠΑΓΙΟ ΕΝΕΡΓΗΤΙΚΟ / ΚΤΙΡΙΑ - ΕΓΚΑΤΑΣΤΑΣΕΙΣ ΚΤΙΡΙΩΝ  - ΤΕΧΝΙΚΑ ΕΡΓΑ,,,,ΠΑΓΙΟ ΕΝΕΡΓΗΤΙΚΟ / ΚΤΙΡΙΑ - ΕΓΚΑΤΑΣΤΑΣΕΙΣ ΚΤΙΡΙΩΝ  - ΤΕΧΝΙΚΑ ΕΡΓΑ / Τεχνικά έργα εξυπηρέτησης μεταφορών σε ακίνητα τρίτων εκτός εκμετ/σης,missing_root_type
,Τεχνικά έργα εξυπηρετήσεις μεταφορών,,unspecified,,0,,ΠΑΓΙΟ ΕΝΕΡΓΗΤΙΚΟ / ΚΤΙΡΙΑ - ΕΓΚΑΤΑΣΤΑΣΕΙΣ ΚΤΙΡΙΩΝ  - ΤΕΧΝΙΚΑ ΕΡΓΑ,,,,ΠΑΓΙΟ ΕΝΕΡΓΗΤΙΚΟ / ΚΤΙΡΙΑ - ΕΓΚΑΤΑΣΤΑΣΕΙΣ ΚΤΙΡΙΩΝ  - ΤΕΧΝΙΚΑ ΕΡΓΑ / Τεχνικά έργα εξυπηρετήσεις μεταφορών,missing_root_type
,Τεχνικά έργα εξυπηρετήσεις μεταφορών σε ακίνητα τρίτων,,unspecified,,0,,ΠΑΓΙΟ ΕΝΕΡΓΗΤΙΚΟ / ΚΤΙΡΙΑ - ΕΓΚΑΤΑΣΤΑΣΕΙΣ ΚΤΙΡΙΩΝ  - ΤΕΧΝΙΚΑ ΕΡΓΑ,,,,ΠΑΓΙΟ ΕΝΕΡΓΗΤΙΚΟ / ΚΤΙΡΙΑ - ΕΓΚΑΤΑΣΤΑΣΕΙΣ ΚΤΙΡΙΩΝ  - ΤΕΧΝΙΚΑ ΕΡΓΑ / Τεχνικά έργα εξυπηρετήσεις μεταφορών σε ακίνητα τρίτων,missing_root_type
,Υποκείμενες σε απόσβεση διαμορφώσεις γηπέδων,,unspecified,,0,,ΠΑΓΙΟ ΕΝΕΡΓΗΤΙΚΟ / ΚΤΙΡΙΑ - ΕΓΚΑΤΑΣΤΑΣΕΙΣ ΚΤΙΡΙΩΝ  - ΤΕΧΝΙΚΑ ΕΡΓΑ,,,,ΠΑΓΙΟ ΕΝΕΡΓΗΤΙΚΟ / ΚΤΙΡΙΑ - ΕΓΚΑΤΑΣΤΑΣΕΙΣ ΚΤΙΡΙΩΝ  - ΤΕΧΝΙΚΑ ΕΡΓΑ / Υποκείμενες σε απόσβεση διαμορφώσεις γηπέδων,missing_root_type
,Υποκείμενες σε απόσβεση διαμορφώσεις γηπέδων εκτός εκμετάλλευσης,,unspecified,,0,,ΠΑΓΙΟ ΕΝΕΡΓΗΤΙΚΟ / ΚΤΙΡΙΑ - ΕΓΚΑΤΑΣΤΑΣΕΙΣ ΚΤΙΡΙΩΝ  - ΤΕΧΝΙΚΑ ΕΡΓΑ,,,,ΠΑΓΙΟ ΕΝΕΡΓΗΤΙΚΟ / ΚΤΙΡΙΑ - ΕΓΚΑΤΑΣΤΑΣΕΙΣ ΚΤΙΡΙΩΝ  - ΤΕΧΝΙΚΑ ΕΡΓΑ / Υποκείμενες σε απόσβεση διαμορφώσεις γηπέδων εκτός εκμετάλλευσης,missing_root_type
,Υποκείμενες σε απόσβεση διαμορφώσεις γηπέδων τρίτων,,unspecified,,0,,ΠΑΓΙΟ ΕΝΕΡΓΗΤΙΚΟ / ΚΤΙΡΙΑ - ΕΓΚΑΤΑΣΤΑΣΕΙΣ ΚΤΙΡΙΩΝ  - ΤΕΧΝΙΚΑ ΕΡΓΑ,,,,ΠΑΓΙΟ ΕΝΕΡΓΗΤΙΚΟ / ΚΤΙΡΙΑ - ΕΓΚΑΤΑΣΤΑΣΕΙΣ ΚΤΙΡΙΩΝ  - ΤΕΧΝΙΚΑ ΕΡΓΑ / Υποκείμενες σε απόσβεση διαμορφώσεις γηπέδων τρίτων,missing_root_type
,Υποκείμενες σε απόσβεση διαμορφώσεις γηπέδων τρίτων εκτός εκμετ/σης,,unspecified,,0,,ΠΑΓΙΟ ΕΝΕΡΓΗΤΙΚΟ / ΚΤΙΡΙΑ - ΕΓΚΑΤΑΣΤΑΣΕΙΣ ΚΤΙΡΙΩΝ  - ΤΕΧΝΙΚΑ ΕΡΓΑ,,,,ΠΑΓΙΟ ΕΝΕΡΓΗΤΙΚΟ / ΚΤΙΡΙΑ - ΕΓΚΑΤΑΣΤΑΣΕΙΣ ΚΤΙΡΙΩΝ  - ΤΕΧΝΙΚΑ ΕΡΓΑ / Υποκείμενες σε απόσβεση διαμορφώσεις γηπέδων τρίτων εκτός εκμετ/σης,missing_root_type
,ΜΕΤΑΦΟΡΙΚΑ ΜΕΣΑ,,group,,1,,ΠΑΓΙΟ ΕΝΕΡΓΗΤΙΚΟ,,,,ΠΑΓΙΟ ΕΝΕΡΓΗΤΙΚΟ / ΜΕΤΑΦΟΡΙΚΑ ΜΕΣΑ,missing_root_type
,Αποσβεσμένα μέσα μεταφοράς,,group,,1,,ΠΑΓΙΟ ΕΝΕΡΓΗΤΙΚΟ / ΜΕΤΑΦΟΡΙΚΑ ΜΕΣΑ,,,,ΠΑΓΙΟ ΕΝΕΡΓΗΤΙΚΟ / ΜΕΤΑΦΟΡΙΚΑ ΜΕΣΑ / Αποσβεσμένα μέσα μεταφοράς,missing_root_type
,Αποσβεσμένα αυτοκίνητα λεωφορεία,,unspecified,,0,,ΠΑΓΙΟ ΕΝΕΡΓΗΤΙΚΟ / ΜΕΤΑΦΟΡΙΚΑ ΜΕΣΑ / Αποσβεσμένα μέσα μεταφοράς,,,,ΠΑΓΙΟ ΕΝΕΡΓΗΤΙΚΟ / ΜΕΤΑΦΟΡΙΚΑ ΜΕΣΑ / Αποσβεσμένα μέσα μεταφοράς / Αποσβεσμένα αυτοκίνητα λεωφορεία,missing_root_type
,Αποσβεσμένα λοιπά επιβατικά αυτοκίνητα,,unspecified,,0,,ΠΑΓΙΟ ΕΝΕΡΓΗΤΙΚΟ / ΜΕΤΑΦΟΡΙΚΑ ΜΕΣΑ / Αποσβεσμένα μέσα μεταφοράς,,,,ΠΑΓΙΟ ΕΝΕΡΓΗΤΙΚΟ / ΜΕΤΑΦΟΡΙΚΑ ΜΕΣΑ / Αποσβεσμένα μέσα μεταφοράς / Αποσβεσμένα λοιπά επιβατικά αυτοκίνητα,missing_root_type
,Αποσβεσμένα φορτηγά - Ρυμούλκες - Είδικής Χρήσης,,unspecified,,0,,ΠΑΓΙΟ ΕΝΕΡΓΗΤΙΚΟ / ΜΕΤΑΦΟΡΙΚΑ ΜΕΣΑ / Αποσβεσμένα μέσα μεταφοράς,,,,ΠΑΓΙΟ ΕΝΕΡΓΗΤΙΚΟ / ΜΕΤΑΦΟΡΙΚΑ ΜΕΣΑ / Αποσβεσμένα μέσα μεταφοράς / Αποσβεσμένα φορτηγά - Ρυμούλκες - Είδικής Χρήσης,missing_root_type
,κ.λ.π.,,unspecified,,0,,ΠΑΓΙΟ ΕΝΕΡΓΗΤΙΚΟ / ΜΕΤΑΦΟΡΙΚΑ ΜΕΣΑ / Αποσβεσμένα μέσα μεταφοράς,,,,ΠΑΓΙΟ ΕΝΕΡΓΗΤΙΚΟ / ΜΕΤΑΦΟΡΙΚΑ ΜΕΣΑ / Αποσβεσμένα μέσα μεταφοράς / κ.λ.π.,missing_root_type
,Αυτοκίνητα - λεωφορεία,,unspecified,,0,,ΠΑΓΙΟ ΕΝΕΡΓΗΤΙΚΟ / ΜΕΤΑΦΟΡΙΚΑ ΜΕΣΑ,,,,ΠΑΓΙΟ ΕΝΕΡΓΗΤΙΚΟ / ΜΕΤΑΦΟΡΙΚΑ ΜΕΣΑ / Αυτοκίνητα - λεωφορεία,missing_root_type
,Αυτοκίνητα Φορτηγά - Ρυμούλκες - Ειδικής Χρήσης,,unspecified,,0,,ΠΑΓΙΟ ΕΝΕΡΓΗΤΙΚΟ / ΜΕΤΑΦΟΡΙΚΑ ΜΕΣΑ,,,,ΠΑΓΙΟ ΕΝΕΡΓΗΤΙΚΟ / ΜΕΤΑΦΟΡΙΚΑ ΜΕΣΑ / Αυτοκίνητα Φορτηγά - Ρυμούλκες - Ειδικής Χρήσης,missing_root_type
,Αυτοκίνητα Φορτηγά - Ρυμούλκες - Ειδικής Χρήσης εκτός εκμετάλλευσης,,unspecified,,0,,ΠΑΓΙΟ ΕΝΕΡΓΗΤΙΚΟ / ΜΕΤΑΦΟΡΙΚΑ ΜΕΣΑ,,,,ΠΑΓΙΟ ΕΝΕΡΓΗΤΙΚΟ / ΜΕΤΑΦΟΡΙΚΑ ΜΕΣΑ / Αυτοκίνητα Φορτηγά - Ρυμούλκες - Ειδικής Χρήσης εκτός εκμετάλλευσης,missing_root_type
,Αυτοκίνητα λεωφορεία εκτός εκμετάλλευσης,,unspecified,,0,,ΠΑΓΙΟ ΕΝΕΡΓΗΤΙΚΟ / ΜΕΤΑΦΟΡΙΚΑ ΜΕΣΑ,,,,ΠΑΓΙΟ ΕΝΕΡΓΗΤΙΚΟ / ΜΕΤΑΦΟΡΙΚΑ ΜΕΣΑ / Αυτοκίνητα λεωφορεία εκτός εκμετάλλευσης,missing_root_type
,Εναέρια μέσα,,unspecified,,0,,ΠΑΓΙΟ ΕΝΕΡΓΗΤΙΚΟ / ΜΕΤΑΦΟΡΙΚΑ ΜΕΣΑ,,,,ΠΑΓΙΟ ΕΝΕΡΓΗΤΙΚΟ / ΜΕΤΑΦΟΡΙΚΑ ΜΕΣΑ / Εναέρια μέσα,missing_root_type
,Εναέρια μέσα εκτός εκμετάλλευσης,,unspecified,,0,,ΠΑΓΙΟ ΕΝΕΡΓΗΤΙΚΟ / ΜΕΤΑΦΟΡΙΚΑ ΜΕΣΑ,,,,ΠΑΓΙΟ ΕΝΕΡΓΗΤΙΚΟ / ΜΕΤΑΦΟΡΙΚΑ ΜΕΣΑ / Εναέρια μέσα εκτός εκμετάλλευσης,missing_root_type
,Λοιπά επιβατικά αυτοκίνητα,,unspecified,,0,,ΠΑΓΙΟ ΕΝΕΡΓΗΤΙΚΟ / ΜΕΤΑΦΟΡΙΚΑ ΜΕΣΑ,,,,ΠΑΓΙΟ ΕΝΕΡΓΗΤΙΚΟ / ΜΕΤΑΦΟΡΙΚΑ ΜΕΣΑ / Λοιπά επιβατικά αυτοκίνητα,missing_root_type
,Λοιπά επιβατικά αυτοκίνητα εκτός εκμετάλλευσης,,unspecified,,0,,ΠΑΓΙΟ ΕΝΕΡΓΗΤΙΚΟ / ΜΕΤΑΦΟΡΙΚΑ ΜΕΣΑ,,,,ΠΑΓΙΟ ΕΝΕΡΓΗΤΙΚΟ / ΜΕΤΑΦΟΡΙΚΑ ΜΕΣΑ / Λοιπά επιβατικά αυτοκίνητα εκτός εκμετάλλευσης,missing_root_type
,Λοιπά μέσα μετάφοράς εκτός εκμετάλλευσης,,unspecified,,0,,ΠΑΓΙΟ ΕΝΕΡΓΗΤΙΚΟ / ΜΕΤΑΦΟΡΙΚΑ ΜΕΣΑ,,,,ΠΑΓΙΟ ΕΝΕΡΓΗΤΙΚΟ / ΜΕΤΑΦΟΡΙΚΑ ΜΕΣΑ / Λοιπά μέσα μετάφοράς εκτός εκμετάλλευσης,missing_root_type
,Λοιπά μέσα μεταφοράς,,unspecified,,0,,ΠΑΓΙΟ ΕΝΕΡΓΗΤΙΚΟ / ΜΕΤΑΦΟΡΙΚΑ ΜΕΣΑ,,,,ΠΑΓΙΟ ΕΝΕΡΓΗΤΙΚΟ / ΜΕΤΑΦΟΡΙΚΑ ΜΕΣΑ / Λοιπά μέσα μεταφοράς,missing_root_type
,Μέσα εσωτερικών μεταφορών,,unspecified,,0,,ΠΑΓΙΟ ΕΝΕΡΓΗΤΙΚΟ / ΜΕΤΑΦΟΡΙΚΑ ΜΕΣΑ,,,,ΠΑΓΙΟ ΕΝΕΡΓΗΤΙΚΟ / ΜΕΤΑΦΟΡΙΚΑ ΜΕΣΑ / Μέσα εσωτερικών μεταφορών,missing_root_type
,Μέσα εσωτερικών μεταφορών εκτός εκμετάλλευσης,,unspecified,,0,,ΠΑΓΙΟ ΕΝΕΡΓΗΤΙΚΟ / ΜΕΤΑΦΟΡΙΚΑ ΜΕΣΑ,,,,ΠΑΓΙΟ ΕΝΕΡΓΗΤΙΚΟ / ΜΕΤΑΦΟΡΙΚΑ ΜΕΣΑ / Μέσα εσωτερικών μεταφορών εκτός εκμετάλλευσης,missing_root_type
,"Μεταφορικά μέσα, στο ΟΔΔΥ, για εκποίηση",,unspecified,,0,,ΠΑΓΙΟ ΕΝΕΡΓΗΤΙΚΟ / ΜΕΤΑΦΟΡΙΚΑ ΜΕΣΑ,,,,"ΠΑΓΙΟ ΕΝΕΡΓΗΤΙΚΟ / ΜΕΤΑΦΟΡΙΚΑ ΜΕΣΑ / Μεταφορικά μέσα, στο ΟΔΔΥ, για εκποίηση",missing_root_type
,Πλωτά μέσα,,unspecified,,0,,ΠΑΓΙΟ ΕΝΕΡΓΗΤΙΚΟ / ΜΕΤΑΦΟΡΙΚΑ ΜΕΣΑ,,,,ΠΑΓΙΟ ΕΝΕΡΓΗΤΙΚΟ / ΜΕΤΑΦΟΡΙΚΑ ΜΕΣΑ / Πλωτά μέσα,missing_root_type
,Πλωτά μέσα εκτός εκμετάλλευσης,,unspecified,,0,,ΠΑΓΙΟ ΕΝΕΡΓΗΤΙΚΟ / ΜΕΤΑΦΟΡΙΚΑ ΜΕΣΑ,,,,ΠΑΓΙΟ ΕΝΕΡΓΗΤΙΚΟ / ΜΕΤΑΦΟΡΙΚΑ ΜΕΣΑ / Πλωτά μέσα εκτός εκμετάλλευσης,missing_root_type
,Σιδηροδρομικά οχήματα,,unspecified,,0,,ΠΑΓΙΟ ΕΝΕΡΓΗΤΙΚΟ / ΜΕΤΑΦΟΡΙΚΑ ΜΕΣΑ,,,,ΠΑΓΙΟ ΕΝΕΡΓΗΤΙΚΟ / ΜΕΤΑΦΟΡΙΚΑ ΜΕΣΑ / Σιδηροδρομικά οχήματα,missing_root_type
,Σιδηροδρομικά οχήματα εκτός εκμετάλλευσης,,unspecified,,0,,ΠΑΓΙΟ ΕΝΕΡΓΗΤΙΚΟ / ΜΕΤΑΦΟΡΙΚΑ ΜΕΣΑ,,,,ΠΑΓΙΟ ΕΝΕΡΓΗΤΙΚΟ / ΜΕΤΑΦΟΡΙΚΑ ΜΕΣΑ / Σιδηροδρομικά οχήματα εκτός εκμετάλλευσης,missing_root_type
,ΜΗΧΑΝΗΜΑΤΑ - ΤΕΧΝΙΚΕΣ ΕΓΚΑΤΑΣΤΑΣΕΙΣ - ΛΟΙΠΟΣ ΜΗΧΑΝΟΛΟΓΙΚΟΣ ΕΞΟΠΛΙΣΜΟΣ,,group,,1,,ΠΑΓΙΟ ΕΝΕΡΓΗΤΙΚΟ,,,,ΠΑΓΙΟ ΕΝΕΡΓΗΤΙΚΟ / ΜΗΧΑΝΗΜΑΤΑ - ΤΕΧΝΙΚΕΣ ΕΓΚΑΤΑΣΤΑΣΕΙΣ - ΛΟΙΠΟΣ ΜΗΧΑΝΟΛΟΓΙΚΟΣ ΕΞΟΠΛΙΣΜΟΣ,missing_root_type
,Αποσβ. μηχανήματα - Τεχνικές εγκαταστάσεις - λοιπός μηχ/κος εξοπλισμός,,group,,1,,ΠΑΓΙΟ ΕΝΕΡΓΗΤΙΚΟ / ΜΗΧΑΝΗΜΑΤΑ - ΤΕΧΝΙΚΕΣ ΕΓΚΑΤΑΣΤΑΣΕΙΣ - ΛΟΙΠΟΣ ΜΗΧΑΝΟΛΟΓΙΚΟΣ ΕΞΟΠΛΙΣΜΟΣ,,,,ΠΑΓΙΟ ΕΝΕΡΓΗΤΙΚΟ / ΜΗΧΑΝΗΜΑΤΑ - ΤΕΧΝΙΚΕΣ ΕΓΚΑΤΑΣΤΑΣΕΙΣ - ΛΟΙΠΟΣ ΜΗΧΑΝΟΛΟΓΙΚΟΣ ΕΞΟΠΛΙΣΜΟΣ / Αποσβ. μηχανήματα - Τεχνικές εγκαταστάσεις - λοιπός μηχ/κος εξοπλισμός,missing_root_type
,Αποσβεσμένα  μηχανήματα,,unspecified,,0,,ΠΑΓΙΟ ΕΝΕΡΓΗΤΙΚΟ / ΜΗΧΑΝΗΜΑΤΑ - ΤΕΧΝΙΚΕΣ ΕΓΚΑΤΑΣΤΑΣΕΙΣ - ΛΟΙΠΟΣ ΜΗΧΑΝΟΛΟΓΙΚΟΣ ΕΞΟΠΛΙΣΜΟΣ / Αποσβ. μηχανήματα - Τεχνικές εγκαταστάσεις - λοιπός μηχ/κος εξοπλισμός,,,,ΠΑΓΙΟ ΕΝΕΡΓΗΤΙΚΟ / ΜΗΧΑΝΗΜΑΤΑ - ΤΕΧΝΙΚΕΣ ΕΓΚΑΤΑΣΤΑΣΕΙΣ - ΛΟΙΠΟΣ ΜΗΧΑΝΟΛΟΓΙΚΟΣ ΕΞΟΠΛΙΣΜΟΣ / Αποσβ. μηχανήματα - Τεχνικές εγκαταστάσεις - λοιπός μηχ/κος εξοπλισμός / Αποσβεσμένα  μηχανήματα,missing_root_type
,"Αποσβεσμένα φορητά μηχανήματα ""χειρός""",,unspecified,,0,,ΠΑΓΙΟ ΕΝΕΡΓΗΤΙΚΟ / ΜΗΧΑΝΗΜΑΤΑ - ΤΕΧΝΙΚΕΣ ΕΓΚΑΤΑΣΤΑΣΕΙΣ - ΛΟΙΠΟΣ ΜΗΧΑΝΟΛΟΓΙΚΟΣ ΕΞΟΠΛΙΣΜΟΣ / Αποσβ. μηχανήματα - Τεχνικές εγκαταστάσεις - λοιπός μηχ/κος εξοπλισμός,,,,"ΠΑΓΙΟ ΕΝΕΡΓΗΤΙΚΟ / ΜΗΧΑΝΗΜΑΤΑ - ΤΕΧΝΙΚΕΣ ΕΓΚΑΤΑΣΤΑΣΕΙΣ - ΛΟΙΠΟΣ ΜΗΧΑΝΟΛΟΓΙΚΟΣ ΕΞΟΠΛΙΣΜΟΣ / Αποσβ. μηχανήματα - Τεχνικές εγκαταστάσεις - λοιπός μηχ/κος εξοπλισμός / Αποσβεσμένα φορητά μηχανήματα ""χειρός""",missing_root_type
,Αποσβεσμένες τεχνικές εγκαταστάσεις,,unspecified,,0,,ΠΑΓΙΟ ΕΝΕΡΓΗΤΙΚΟ / ΜΗΧΑΝΗΜΑΤΑ - ΤΕΧΝΙΚΕΣ ΕΓΚΑΤΑΣΤΑΣΕΙΣ - ΛΟΙΠΟΣ ΜΗΧΑΝΟΛΟΓΙΚΟΣ ΕΞΟΠΛΙΣΜΟΣ / Αποσβ. μηχανήματα - Τεχνικές εγκαταστάσεις - λοιπός μηχ/κος εξοπλισμός,,,,ΠΑΓΙΟ ΕΝΕΡΓΗΤΙΚΟ / ΜΗΧΑΝΗΜΑΤΑ - ΤΕΧΝΙΚΕΣ ΕΓΚΑΤΑΣΤΑΣΕΙΣ - ΛΟΙΠΟΣ ΜΗΧΑΝΟΛΟΓΙΚΟΣ ΕΞΟΠΛΙΣΜΟΣ / Αποσβ. μηχανήματα - Τεχνικές εγκαταστάσεις - λοιπός μηχ/κος εξοπλισμός / Αποσβεσμένες τεχνικές εγκαταστάσεις,missing_root_type
,Εργαλεία,,unspecified,,0,,ΠΑΓΙΟ ΕΝΕΡΓΗΤΙΚΟ / ΜΗΧΑΝΗΜΑΤΑ - ΤΕΧΝΙΚΕΣ ΕΓΚΑΤΑΣΤΑΣΕΙΣ - ΛΟΙΠΟΣ ΜΗΧΑΝΟΛΟΓΙΚΟΣ ΕΞΟΠΛΙΣΜΟΣ,,,,ΠΑΓΙΟ ΕΝΕΡΓΗΤΙΚΟ / ΜΗΧΑΝΗΜΑΤΑ - ΤΕΧΝΙΚΕΣ ΕΓΚΑΤΑΣΤΑΣΕΙΣ - ΛΟΙΠΟΣ ΜΗΧΑΝΟΛΟΓΙΚΟΣ ΕΞΟΠΛΙΣΜΟΣ / Εργαλεία,missing_root_type
,Εργαλεία εκτός εκμετάλλευσης,,unspecified,,0,,ΠΑΓΙΟ ΕΝΕΡΓΗΤΙΚΟ / ΜΗΧΑΝΗΜΑΤΑ - ΤΕΧΝΙΚΕΣ ΕΓΚΑΤΑΣΤΑΣΕΙΣ - ΛΟΙΠΟΣ ΜΗΧΑΝΟΛΟΓΙΚΟΣ ΕΞΟΠΛΙΣΜΟΣ,,,,ΠΑΓΙΟ ΕΝΕΡΓΗΤΙΚΟ / ΜΗΧΑΝΗΜΑΤΑ - ΤΕΧΝΙΚΕΣ ΕΓΚΑΤΑΣΤΑΣΕΙΣ - ΛΟΙΠΟΣ ΜΗΧΑΝΟΛΟΓΙΚΟΣ ΕΞΟΠΛΙΣΜΟΣ / Εργαλεία εκτός εκμετάλλευσης,missing_root_type
,Καλούπια - Ιδιοκατασκευές,,unspecified,,0,,ΠΑΓΙΟ ΕΝΕΡΓΗΤΙΚΟ / ΜΗΧΑΝΗΜΑΤΑ - ΤΕΧΝΙΚΕΣ ΕΓΚΑΤΑΣΤΑΣΕΙΣ - ΛΟΙΠΟΣ ΜΗΧΑΝΟΛΟΓΙΚΟΣ ΕΞΟΠΛΙΣΜΟΣ,,,,ΠΑΓΙΟ ΕΝΕΡΓΗΤΙΚΟ / ΜΗΧΑΝΗΜΑΤΑ - ΤΕΧΝΙΚΕΣ ΕΓΚΑΤΑΣΤΑΣΕΙΣ - ΛΟΙΠΟΣ ΜΗΧΑΝΟΛΟΓΙΚΟΣ ΕΞΟΠΛΙΣΜΟΣ / Καλούπια - Ιδιοκατασκευές,missing_root_type
,Καλούπια - Ιδιοκατασκευές εκτός εκμετάλλευσης,,unspecified,,0,,ΠΑΓΙΟ ΕΝΕΡΓΗΤΙΚΟ / ΜΗΧΑΝΗΜΑΤΑ - ΤΕΧΝΙΚΕΣ ΕΓΚΑΤΑΣΤΑΣΕΙΣ - ΛΟΙΠΟΣ ΜΗΧΑΝΟΛΟΓΙΚΟΣ ΕΞΟΠΛΙΣΜΟΣ,,,,ΠΑΓΙΟ ΕΝΕΡΓΗΤΙΚΟ / ΜΗΧΑΝΗΜΑΤΑ - ΤΕΧΝΙΚΕΣ ΕΓΚΑΤΑΣΤΑΣΕΙΣ - ΛΟΙΠΟΣ ΜΗΧΑΝΟΛΟΓΙΚΟΣ ΕΞΟΠΛΙΣΜΟΣ / Καλούπια - Ιδιοκατασκευές εκτός εκμετάλλευσης,missing_root_type
,Λοιπός μηχανολογικός εξοπλισμός,,unspecified,,0,,ΠΑΓΙΟ ΕΝΕΡΓΗΤΙΚΟ / ΜΗΧΑΝΗΜΑΤΑ - ΤΕΧΝΙΚΕΣ ΕΓΚΑΤΑΣΤΑΣΕΙΣ - ΛΟΙΠΟΣ ΜΗΧΑΝΟΛΟΓΙΚΟΣ ΕΞΟΠΛΙΣΜΟΣ,,,,ΠΑΓΙΟ ΕΝΕΡΓΗΤΙΚΟ / ΜΗΧΑΝΗΜΑΤΑ - ΤΕΧΝΙΚΕΣ ΕΓΚΑΤΑΣΤΑΣΕΙΣ - ΛΟΙΠΟΣ ΜΗΧΑΝΟΛΟΓΙΚΟΣ ΕΞΟΠΛΙΣΜΟΣ / Λοιπός μηχανολογικός εξοπλισμός,missing_root_type
,Λοιπός μηχανολογικός εξοπλισμός εκτός εκμετάλλευσης,,unspecified,,0,,ΠΑΓΙΟ ΕΝΕΡΓΗΤΙΚΟ / ΜΗΧΑΝΗΜΑΤΑ - ΤΕΧΝΙΚΕΣ ΕΓΚΑΤΑΣΤΑΣΕΙΣ - ΛΟΙΠΟΣ ΜΗΧΑΝΟΛΟΓΙΚΟΣ ΕΞΟΠΛΙΣΜΟΣ,,,,ΠΑΓΙΟ ΕΝΕΡΓΗΤΙΚΟ / ΜΗΧΑΝΗΜΑΤΑ - ΤΕΧΝΙΚΕΣ ΕΓΚΑΤΑΣΤΑΣΕΙΣ - ΛΟΙΠΟΣ ΜΗΧΑΝΟΛΟΓΙΚΟΣ ΕΞΟΠΛΙΣΜΟΣ / Λοιπός μηχανολογικός εξοπλισμός εκτός εκμετάλλευσης,missing_root_type
,Λοιπός μηχανολογικός εξοπλισμός σε ακίνητα τρίτων,,unspecified,,0,,ΠΑΓΙΟ ΕΝΕΡΓΗΤΙΚΟ / ΜΗΧΑΝΗΜΑΤΑ - ΤΕΧΝΙΚΕΣ ΕΓΚΑΤΑΣΤΑΣΕΙΣ - ΛΟΙΠΟΣ ΜΗΧΑΝΟΛΟΓΙΚΟΣ ΕΞΟΠΛΙΣΜΟΣ,,,,ΠΑΓΙΟ ΕΝΕΡΓΗΤΙΚΟ / ΜΗΧΑΝΗΜΑΤΑ - ΤΕΧΝΙΚΕΣ ΕΓΚΑΤΑΣΤΑΣΕΙΣ - ΛΟΙΠΟΣ ΜΗΧΑΝΟΛΟΓΙΚΟΣ ΕΞΟΠΛΙΣΜΟΣ / Λοιπός μηχανολογικός εξοπλισμός σε ακίνητα τρίτων,missing_root_type
,Λοιπός μηχανολογικός εξοπλισμός σε ακίνητα τρίτων εκτός εκμετάλλευσης,,unspecified,,0,,ΠΑΓΙΟ ΕΝΕΡΓΗΤΙΚΟ / ΜΗΧΑΝΗΜΑΤΑ - ΤΕΧΝΙΚΕΣ ΕΓΚΑΤΑΣΤΑΣΕΙΣ - ΛΟΙΠΟΣ ΜΗΧΑΝΟΛΟΓΙΚΟΣ ΕΞΟΠΛΙΣΜΟΣ,,,,ΠΑΓΙΟ ΕΝΕΡΓΗΤΙΚΟ / ΜΗΧΑΝΗΜΑΤΑ - ΤΕΧΝΙΚΕΣ ΕΓΚΑΤΑΣΤΑΣΕΙΣ - ΛΟΙΠΟΣ ΜΗΧΑΝΟΛΟΓΙΚΟΣ ΕΞΟΠΛΙΣΜΟΣ / Λοιπός μηχανολογικός εξοπλισμός σε ακίνητα τρίτων εκτός εκμετάλλευσης,missing_root_type
,Μηχανήματα,,unspecified,,0,,ΠΑΓΙΟ ΕΝΕΡΓΗΤΙΚΟ / ΜΗΧΑΝΗΜΑΤΑ - ΤΕΧΝΙΚΕΣ ΕΓΚΑΤΑΣΤΑΣΕΙΣ - ΛΟΙΠΟΣ ΜΗΧΑΝΟΛΟΓΙΚΟΣ ΕΞΟΠΛΙΣΜΟΣ,,,,ΠΑΓΙΟ ΕΝΕΡΓΗΤΙΚΟ / ΜΗΧΑΝΗΜΑΤΑ - ΤΕΧΝΙΚΕΣ ΕΓΚΑΤΑΣΤΑΣΕΙΣ - ΛΟΙΠΟΣ ΜΗΧΑΝΟΛΟΓΙΚΟΣ ΕΞΟΠΛΙΣΜΟΣ / Μηχανήματα,missing_root_type
,Μηχανήματα εκτός εκμετάλλευσης,,unspecified,,0,,ΠΑΓΙΟ ΕΝΕΡΓΗΤΙΚΟ / ΜΗΧΑΝΗΜΑΤΑ - ΤΕΧΝΙΚΕΣ ΕΓΚΑΤΑΣΤΑΣΕΙΣ - ΛΟΙΠΟΣ ΜΗΧΑΝΟΛΟΓΙΚΟΣ ΕΞΟΠΛΙΣΜΟΣ,,,,ΠΑΓΙΟ ΕΝΕΡΓΗΤΙΚΟ / ΜΗΧΑΝΗΜΑΤΑ - ΤΕΧΝΙΚΕΣ ΕΓΚΑΤΑΣΤΑΣΕΙΣ - ΛΟΙΠΟΣ ΜΗΧΑΝΟΛΟΓΙΚΟΣ ΕΞΟΠΛΙΣΜΟΣ / Μηχανήματα εκτός εκμετάλλευσης,missing_root_type
,Μηχανήματα σε ακίνητα τρίτων,,unspecified,,0,,ΠΑΓΙΟ ΕΝΕΡΓΗΤΙΚΟ / ΜΗΧΑΝΗΜΑΤΑ - ΤΕΧΝΙΚΕΣ ΕΓΚΑΤΑΣΤΑΣΕΙΣ - ΛΟΙΠΟΣ ΜΗΧΑΝΟΛΟΓΙΚΟΣ ΕΞΟΠΛΙΣΜΟΣ,,,,ΠΑΓΙΟ ΕΝΕΡΓΗΤΙΚΟ / ΜΗΧΑΝΗΜΑΤΑ - ΤΕΧΝΙΚΕΣ ΕΓΚΑΤΑΣΤΑΣΕΙΣ - ΛΟΙΠΟΣ ΜΗΧΑΝΟΛΟΓΙΚΟΣ ΕΞΟΠΛΙΣΜΟΣ / Μηχανήματα σε ακίνητα τρίτων,missing_root_type
,Μηχανήματα σε ακίνητα τρίτων εκτός εκμετάλλευσης,,unspecified,,0,,ΠΑΓΙΟ ΕΝΕΡΓΗΤΙΚΟ / ΜΗΧΑΝΗΜΑΤΑ - ΤΕΧΝΙΚΕΣ ΕΓΚΑΤΑΣΤΑΣΕΙΣ - ΛΟΙΠΟΣ ΜΗΧΑΝΟΛΟΓΙΚΟΣ ΕΞΟΠΛΙΣΜΟΣ,,,,ΠΑΓΙΟ ΕΝΕΡΓΗΤΙΚΟ / ΜΗΧΑΝΗΜΑΤΑ - ΤΕΧΝΙΚΕΣ ΕΓΚΑΤΑΣΤΑΣΕΙΣ - ΛΟΙΠΟΣ ΜΗΧΑΝΟΛΟΓΙΚΟΣ ΕΞΟΠΛΙΣΜΟΣ / Μηχανήματα σε ακίνητα τρίτων εκτός εκμετάλλευσης,missing_root_type
,Μηχανολογικά όργανα,,unspecified,,0,,ΠΑΓΙΟ ΕΝΕΡΓΗΤΙΚΟ / ΜΗΧΑΝΗΜΑΤΑ - ΤΕΧΝΙΚΕΣ ΕΓΚΑΤΑΣΤΑΣΕΙΣ - ΛΟΙΠΟΣ ΜΗΧΑΝΟΛΟΓΙΚΟΣ ΕΞΟΠΛΙΣΜΟΣ,,,,ΠΑΓΙΟ ΕΝΕΡΓΗΤΙΚΟ / ΜΗΧΑΝΗΜΑΤΑ - ΤΕΧΝΙΚΕΣ ΕΓΚΑΤΑΣΤΑΣΕΙΣ - ΛΟΙΠΟΣ ΜΗΧΑΝΟΛΟΓΙΚΟΣ ΕΞΟΠΛΙΣΜΟΣ / Μηχανολογικά όργανα,missing_root_type
,Μηχανολογικά όργανα εκτός εκμετάλλευσης,,unspecified,,0,,ΠΑΓΙΟ ΕΝΕΡΓΗΤΙΚΟ / ΜΗΧΑΝΗΜΑΤΑ - ΤΕΧΝΙΚΕΣ ΕΓΚΑΤΑΣΤΑΣΕΙΣ - ΛΟΙΠΟΣ ΜΗΧΑΝΟΛΟΓΙΚΟΣ ΕΞΟΠΛΙΣΜΟΣ,,,,ΠΑΓΙΟ ΕΝΕΡΓΗΤΙΚΟ / ΜΗΧΑΝΗΜΑΤΑ - ΤΕΧΝΙΚΕΣ ΕΓΚΑΤΑΣΤΑΣΕΙΣ - ΛΟΙΠΟΣ ΜΗΧΑΝΟΛΟΓΙΚΟΣ ΕΞΟΠΛΙΣΜΟΣ / Μηχανολογικά όργανα εκτός εκμετάλλευσης,missing_root_type
,Τεχνικές Εγκαταστάσεις,,unspecified,,0,,ΠΑΓΙΟ ΕΝΕΡΓΗΤΙΚΟ / ΜΗΧΑΝΗΜΑΤΑ - ΤΕΧΝΙΚΕΣ ΕΓΚΑΤΑΣΤΑΣΕΙΣ - ΛΟΙΠΟΣ ΜΗΧΑΝΟΛΟΓΙΚΟΣ ΕΞΟΠΛΙΣΜΟΣ,,,,ΠΑΓΙΟ ΕΝΕΡΓΗΤΙΚΟ / ΜΗΧΑΝΗΜΑΤΑ - ΤΕΧΝΙΚΕΣ ΕΓΚΑΤΑΣΤΑΣΕΙΣ - ΛΟΙΠΟΣ ΜΗΧΑΝΟΛΟΓΙΚΟΣ ΕΞΟΠΛΙΣΜΟΣ / Τεχνικές Εγκαταστάσεις,missing_root_type
,Τεχνικές Εγκαταστάσεις σε ακίνητα τρίτων,,unspecified,,0,,ΠΑΓΙΟ ΕΝΕΡΓΗΤΙΚΟ / ΜΗΧΑΝΗΜΑΤΑ - ΤΕΧΝΙΚΕΣ ΕΓΚΑΤΑΣΤΑΣΕΙΣ - ΛΟΙΠΟΣ ΜΗΧΑΝΟΛΟΓΙΚΟΣ ΕΞΟΠΛΙΣΜΟΣ,,,,ΠΑΓΙΟ ΕΝΕΡΓΗΤΙΚΟ / ΜΗΧΑΝΗΜΑΤΑ - ΤΕΧΝΙΚΕΣ ΕΓΚΑΤΑΣΤΑΣΕΙΣ - ΛΟΙΠΟΣ ΜΗΧΑΝΟΛΟΓΙΚΟΣ ΕΞΟΠΛΙΣΜΟΣ / Τεχνικές Εγκαταστάσεις σε ακίνητα τρίτων,missing_root_type
,Τεχνικές Εγκαταστάσεις σε ακίνητα τρίτων εκτός εκμετάλλευσης,,unspecified,,0,,ΠΑΓΙΟ ΕΝΕΡΓΗΤΙΚΟ / ΜΗΧΑΝΗΜΑΤΑ - ΤΕΧΝΙΚΕΣ ΕΓΚΑΤΑΣΤΑΣΕΙΣ - ΛΟΙΠΟΣ ΜΗΧΑΝΟΛΟΓΙΚΟΣ ΕΞΟΠΛΙΣΜΟΣ,,,,ΠΑΓΙΟ ΕΝΕΡΓΗΤΙΚΟ / ΜΗΧΑΝΗΜΑΤΑ - ΤΕΧΝΙΚΕΣ ΕΓΚΑΤΑΣΤΑΣΕΙΣ - ΛΟΙΠΟΣ ΜΗΧΑΝΟΛΟΓΙΚΟΣ ΕΞΟΠΛΙΣΜΟΣ / Τεχνικές Εγκαταστάσεις σε ακίνητα τρίτων εκτός εκμετάλλευσης,missing_root_type
,Τεχνικές εγκαταστάσεις εκτός εκμετάλλευσης,,unspecified,,0,,ΠΑΓΙΟ ΕΝΕΡΓΗΤΙΚΟ / ΜΗΧΑΝΗΜΑΤΑ - ΤΕΧΝΙΚΕΣ ΕΓΚΑΤΑΣΤΑΣΕΙΣ - ΛΟΙΠΟΣ ΜΗΧΑΝΟΛΟΓΙΚΟΣ ΕΞΟΠΛΙΣΜΟΣ,,,,ΠΑΓΙΟ ΕΝΕΡΓΗΤΙΚΟ / ΜΗΧΑΝΗΜΑΤΑ - ΤΕΧΝΙΚΕΣ ΕΓΚΑΤΑΣΤΑΣΕΙΣ - ΛΟΙΠΟΣ ΜΗΧΑΝΟΛΟΓΙΚΟΣ ΕΞΟΠΛΙΣΜΟΣ / Τεχνικές εγκαταστάσεις εκτός εκμετάλλευσης,missing_root_type
,Φορητά Μηχανήματα χεριού,,unspecified,,0,,ΠΑΓΙΟ ΕΝΕΡΓΗΤΙΚΟ / ΜΗΧΑΝΗΜΑΤΑ - ΤΕΧΝΙΚΕΣ ΕΓΚΑΤΑΣΤΑΣΕΙΣ - ΛΟΙΠΟΣ ΜΗΧΑΝΟΛΟΓΙΚΟΣ ΕΞΟΠΛΙΣΜΟΣ,,,,ΠΑΓΙΟ ΕΝΕΡΓΗΤΙΚΟ / ΜΗΧΑΝΗΜΑΤΑ - ΤΕΧΝΙΚΕΣ ΕΓΚΑΤΑΣΤΑΣΕΙΣ - ΛΟΙΠΟΣ ΜΗΧΑΝΟΛΟΓΙΚΟΣ ΕΞΟΠΛΙΣΜΟΣ / Φορητά Μηχανήματα χεριού,missing_root_type
,Φορητά Μηχανήματα χεριού εκτός εκμετάλλευσης,,unspecified,,0,,ΠΑΓΙΟ ΕΝΕΡΓΗΤΙΚΟ / ΜΗΧΑΝΗΜΑΤΑ - ΤΕΧΝΙΚΕΣ ΕΓΚΑΤΑΣΤΑΣΕΙΣ - ΛΟΙΠΟΣ ΜΗΧΑΝΟΛΟΓΙΚΟΣ ΕΞΟΠΛΙΣΜΟΣ,,,,ΠΑΓΙΟ ΕΝΕΡΓΗΤΙΚΟ / ΜΗΧΑΝΗΜΑΤΑ - ΤΕΧΝΙΚΕΣ ΕΓΚΑΤΑΣΤΑΣΕΙΣ - ΛΟΙΠΟΣ ΜΗΧΑΝΟΛΟΓΙΚΟΣ ΕΞΟΠΛΙΣΜΟΣ / Φορητά Μηχανήματα χεριού εκτός εκμετάλλευσης,missing_root_type
,ΠΑΓΙΟ ΕΝΕΡΓΗΤΙΚΟ ΥΠΟΚΑΤΑΣΤΗΜΑΤΩΝ Η ΑΛΛΩΝ ΚΕΝΤΡΩΝ,,group,,1,,ΠΑΓΙΟ ΕΝΕΡΓΗΤΙΚΟ,,,,ΠΑΓΙΟ ΕΝΕΡΓΗΤΙΚΟ / ΠΑΓΙΟ ΕΝΕΡΓΗΤΙΚΟ ΥΠΟΚΑΤΑΣΤΗΜΑΤΩΝ Η ΑΛΛΩΝ ΚΕΝΤΡΩΝ,missing_root_type
,Έπιπλα και λοιπός εξοπλισμός,,unspecified,,0,,ΠΑΓΙΟ ΕΝΕΡΓΗΤΙΚΟ / ΠΑΓΙΟ ΕΝΕΡΓΗΤΙΚΟ ΥΠΟΚΑΤΑΣΤΗΜΑΤΩΝ Η ΑΛΛΩΝ ΚΕΝΤΡΩΝ,,,,ΠΑΓΙΟ ΕΝΕΡΓΗΤΙΚΟ / ΠΑΓΙΟ ΕΝΕΡΓΗΤΙΚΟ ΥΠΟΚΑΤΑΣΤΗΜΑΤΩΝ Η ΑΛΛΩΝ ΚΕΝΤΡΩΝ / Έπιπλα και λοιπός εξοπλισμός,missing_root_type
,Ακινητοποιήσεις υπό εκτέλεση και Προκαταβολές κτήσης παγίων στοιχείων,,unspecified,,0,,ΠΑΓΙΟ ΕΝΕΡΓΗΤΙΚΟ / ΠΑΓΙΟ ΕΝΕΡΓΗΤΙΚΟ ΥΠΟΚΑΤΑΣΤΗΜΑΤΩΝ Η ΑΛΛΩΝ ΚΕΝΤΡΩΝ,,,,ΠΑΓΙΟ ΕΝΕΡΓΗΤΙΚΟ / ΠΑΓΙΟ ΕΝΕΡΓΗΤΙΚΟ ΥΠΟΚΑΤΑΣΤΗΜΑΤΩΝ Η ΑΛΛΩΝ ΚΕΝΤΡΩΝ / Ακινητοποιήσεις υπό εκτέλεση και Προκαταβολές κτήσης παγίων στοιχείων,missing_root_type
,Ασώματες ακινητοποιήσεις και έξοδα πολυετούς απόσβεσης,,unspecified,,0,,ΠΑΓΙΟ ΕΝΕΡΓΗΤΙΚΟ / ΠΑΓΙΟ ΕΝΕΡΓΗΤΙΚΟ ΥΠΟΚΑΤΑΣΤΗΜΑΤΩΝ Η ΑΛΛΩΝ ΚΕΝΤΡΩΝ,,,,ΠΑΓΙΟ ΕΝΕΡΓΗΤΙΚΟ / ΠΑΓΙΟ ΕΝΕΡΓΗΤΙΚΟ ΥΠΟΚΑΤΑΣΤΗΜΑΤΩΝ Η ΑΛΛΩΝ ΚΕΝΤΡΩΝ / Ασώματες ακινητοποιήσεις και έξοδα πολυετούς απόσβεσης,missing_root_type
,Εδαφικές εκτάσεις,,group,,1,,ΠΑΓΙΟ ΕΝΕΡΓΗΤΙΚΟ / ΠΑΓΙΟ ΕΝΕΡΓΗΤΙΚΟ ΥΠΟΚΑΤΑΣΤΗΜΑΤΩΝ Η ΑΛΛΩΝ ΚΕΝΤΡΩΝ,,,,ΠΑΓΙΟ ΕΝΕΡΓΗΤΙΚΟ / ΠΑΓΙΟ ΕΝΕΡΓΗΤΙΚΟ ΥΠΟΚΑΤΑΣΤΗΜΑΤΩΝ Η ΑΛΛΩΝ ΚΕΝΤΡΩΝ / Εδαφικές εκτάσεις,missing_root_type
,Γήπεδα - Οικόπεδα,,unspecified,,0,,ΠΑΓΙΟ ΕΝΕΡΓΗΤΙΚΟ / ΠΑΓΙΟ ΕΝΕΡΓΗΤΙΚΟ ΥΠΟΚΑΤΑΣΤΗΜΑΤΩΝ Η ΑΛΛΩΝ ΚΕΝΤΡΩΝ / Εδαφικές εκτάσεις,,,,ΠΑΓΙΟ ΕΝΕΡΓΗΤΙΚΟ / ΠΑΓΙΟ ΕΝΕΡΓΗΤΙΚΟ ΥΠΟΚΑΤΑΣΤΗΜΑΤΩΝ Η ΑΛΛΩΝ ΚΕΝΤΡΩΝ / Εδαφικές εκτάσεις / Γήπεδα - Οικόπεδα,missing_root_type
,Εργοστάσιο Β κ.λ.π.,,unspecified,,0,,ΠΑΓΙΟ ΕΝΕΡΓΗΤΙΚΟ / ΠΑΓΙΟ ΕΝΕΡΓΗΤΙΚΟ ΥΠΟΚΑΤΑΣΤΗΜΑΤΩΝ Η ΑΛΛΩΝ ΚΕΝΤΡΩΝ / Εδαφικές εκτάσεις,,,,ΠΑΓΙΟ ΕΝΕΡΓΗΤΙΚΟ / ΠΑΓΙΟ ΕΝΕΡΓΗΤΙΚΟ ΥΠΟΚΑΤΑΣΤΗΜΑΤΩΝ Η ΑΛΛΩΝ ΚΕΝΤΡΩΝ / Εδαφικές εκτάσεις / Εργοστάσιο Β κ.λ.π.,missing_root_type
,Υποκατάστημα Α,,unspecified,,0,,ΠΑΓΙΟ ΕΝΕΡΓΗΤΙΚΟ / ΠΑΓΙΟ ΕΝΕΡΓΗΤΙΚΟ ΥΠΟΚΑΤΑΣΤΗΜΑΤΩΝ Η ΑΛΛΩΝ ΚΕΝΤΡΩΝ / Εδαφικές εκτάσεις,,,,ΠΑΓΙΟ ΕΝΕΡΓΗΤΙΚΟ / ΠΑΓΙΟ ΕΝΕΡΓΗΤΙΚΟ ΥΠΟΚΑΤΑΣΤΗΜΑΤΩΝ Η ΑΛΛΩΝ ΚΕΝΤΡΩΝ / Εδαφικές εκτάσεις / Υποκατάστημα Α,missing_root_type
,Κτίρια - Εγκαταστάσεις κτιρίων- Τεχνικά έργα,,unspecified,,0,,ΠΑΓΙΟ ΕΝΕΡΓΗΤΙΚΟ / ΠΑΓΙΟ ΕΝΕΡΓΗΤΙΚΟ ΥΠΟΚΑΤΑΣΤΗΜΑΤΩΝ Η ΑΛΛΩΝ ΚΕΝΤΡΩΝ,,,,ΠΑΓΙΟ ΕΝΕΡΓΗΤΙΚΟ / ΠΑΓΙΟ ΕΝΕΡΓΗΤΙΚΟ ΥΠΟΚΑΤΑΣΤΗΜΑΤΩΝ Η ΑΛΛΩΝ ΚΕΝΤΡΩΝ / Κτίρια - Εγκαταστάσεις κτιρίων- Τεχνικά έργα,missing_root_type
,Μεταφορικά Μέσα,,unspecified,,0,,ΠΑΓΙΟ ΕΝΕΡΓΗΤΙΚΟ / ΠΑΓΙΟ ΕΝΕΡΓΗΤΙΚΟ ΥΠΟΚΑΤΑΣΤΗΜΑΤΩΝ Η ΑΛΛΩΝ ΚΕΝΤΡΩΝ,,,,ΠΑΓΙΟ ΕΝΕΡΓΗΤΙΚΟ / ΠΑΓΙΟ ΕΝΕΡΓΗΤΙΚΟ ΥΠΟΚΑΤΑΣΤΗΜΑΤΩΝ Η ΑΛΛΩΝ ΚΕΝΤΡΩΝ / Μεταφορικά Μέσα,missing_root_type
,Μηχ/τα - Τεχν. Εγκαταστάσεις - Λοιπός Μηχαν. Εξοπλισμός,,unspecified,,0,,ΠΑΓΙΟ ΕΝΕΡΓΗΤΙΚΟ / ΠΑΓΙΟ ΕΝΕΡΓΗΤΙΚΟ ΥΠΟΚΑΤΑΣΤΗΜΑΤΩΝ Η ΑΛΛΩΝ ΚΕΝΤΡΩΝ,,,,ΠΑΓΙΟ ΕΝΕΡΓΗΤΙΚΟ / ΠΑΓΙΟ ΕΝΕΡΓΗΤΙΚΟ ΥΠΟΚΑΤΑΣΤΗΜΑΤΩΝ Η ΑΛΛΩΝ ΚΕΝΤΡΩΝ / Μηχ/τα - Τεχν. Εγκαταστάσεις - Λοιπός Μηχαν. Εξοπλισμός,missing_root_type
,Συμμετοχές και λοιπές μακροπρόθεσμες απαιτήσεις,,unspecified,,0,,ΠΑΓΙΟ ΕΝΕΡΓΗΤΙΚΟ / ΠΑΓΙΟ ΕΝΕΡΓΗΤΙΚΟ ΥΠΟΚΑΤΑΣΤΗΜΑΤΩΝ Η ΑΛΛΩΝ ΚΕΝΤΡΩΝ,,,,ΠΑΓΙΟ ΕΝΕΡΓΗΤΙΚΟ / ΠΑΓΙΟ ΕΝΕΡΓΗΤΙΚΟ ΥΠΟΚΑΤΑΣΤΗΜΑΤΩΝ Η ΑΛΛΩΝ ΚΕΝΤΡΩΝ / Συμμετοχές και λοιπές μακροπρόθεσμες απαιτήσεις,missing_root_type
,ΣΥΜΜΕΤΟΧΕΣ ΚΑΙ ΛΟΙΠΕΣ ΜΑΚΡΟΠΡΟΘΕΣΜΕΣ ΑΠΑΙΤΗΣΕΙΣ,,group,,1,,ΠΑΓΙΟ ΕΝΕΡΓΗΤΙΚΟ,,,,ΠΑΓΙΟ ΕΝΕΡΓΗΤΙΚΟ / ΣΥΜΜΕΤΟΧΕΣ ΚΑΙ ΛΟΙΠΕΣ ΜΑΚΡΟΠΡΟΘΕΣΜΕΣ ΑΠΑΙΤΗΣΕΙΣ,missing_root_type
,Γραμμάτια εισπρακτέα μακροπρόθεσμα σε Ξ.Ν.,,unspecified,,0,,ΠΑΓΙΟ ΕΝΕΡΓΗΤΙΚΟ / ΣΥΜΜΕΤΟΧΕΣ ΚΑΙ ΛΟΙΠΕΣ ΜΑΚΡΟΠΡΟΘΕΣΜΕΣ ΑΠΑΙΤΗΣΕΙΣ,,,,ΠΑΓΙΟ ΕΝΕΡΓΗΤΙΚΟ / ΣΥΜΜΕΤΟΧΕΣ ΚΑΙ ΛΟΙΠΕΣ ΜΑΚΡΟΠΡΟΘΕΣΜΕΣ ΑΠΑΙΤΗΣΕΙΣ / Γραμμάτια εισπρακτέα μακροπρόθεσμα σε Ξ.Ν.,missing_root_type
,Γραμμάτια εισπρακτέα μακροπρόθεσμα σε δρχ.,,unspecified,,0,,ΠΑΓΙΟ ΕΝΕΡΓΗΤΙΚΟ / ΣΥΜΜΕΤΟΧΕΣ ΚΑΙ ΛΟΙΠΕΣ ΜΑΚΡΟΠΡΟΘΕΣΜΕΣ ΑΠΑΙΤΗΣΕΙΣ,,,,ΠΑΓΙΟ ΕΝΕΡΓΗΤΙΚΟ / ΣΥΜΜΕΤΟΧΕΣ ΚΑΙ ΛΟΙΠΕΣ ΜΑΚΡΟΠΡΟΘΕΣΜΕΣ ΑΠΑΙΤΗΣΕΙΣ / Γραμμάτια εισπρακτέα μακροπρόθεσμα σε δρχ.,missing_root_type
,Δοσμένες εγγυήσεις,,unspecified,,0,,ΠΑΓΙΟ ΕΝΕΡΓΗΤΙΚΟ / ΣΥΜΜΕΤΟΧΕΣ ΚΑΙ ΛΟΙΠΕΣ ΜΑΚΡΟΠΡΟΘΕΣΜΕΣ ΑΠΑΙΤΗΣΕΙΣ,,,,ΠΑΓΙΟ ΕΝΕΡΓΗΤΙΚΟ / ΣΥΜΜΕΤΟΧΕΣ ΚΑΙ ΛΟΙΠΕΣ ΜΑΚΡΟΠΡΟΘΕΣΜΕΣ ΑΠΑΙΤΗΣΕΙΣ / Δοσμένες εγγυήσεις,missing_root_type
,Λοιπές μακροπρόθεσμες απαιτήσεις σε Ξ.Ν.,,unspecified,,0,,ΠΑΓΙΟ ΕΝΕΡΓΗΤΙΚΟ / ΣΥΜΜΕΤΟΧΕΣ ΚΑΙ ΛΟΙΠΕΣ ΜΑΚΡΟΠΡΟΘΕΣΜΕΣ ΑΠΑΙΤΗΣΕΙΣ,,,,ΠΑΓΙΟ ΕΝΕΡΓΗΤΙΚΟ / ΣΥΜΜΕΤΟΧΕΣ ΚΑΙ ΛΟΙΠΕΣ ΜΑΚΡΟΠΡΟΘΕΣΜΕΣ ΑΠΑΙΤΗΣΕΙΣ / Λοιπές μακροπρόθεσμες απαιτήσεις σε Ξ.Ν.,missing_root_type
,Λοιπές μακροπρόθεσμες απαιτήσεις σε δρχ,,unspecified,,0,,ΠΑΓΙΟ ΕΝΕΡΓΗΤΙΚΟ / ΣΥΜΜΕΤΟΧΕΣ ΚΑΙ ΛΟΙΠΕΣ ΜΑΚΡΟΠΡΟΘΕΣΜΕΣ ΑΠΑΙΤΗΣΕΙΣ,,,,ΠΑΓΙΟ ΕΝΕΡΓΗΤΙΚΟ / ΣΥΜΜΕΤΟΧΕΣ ΚΑΙ ΛΟΙΠΕΣ ΜΑΚΡΟΠΡΟΘΕΣΜΕΣ ΑΠΑΙΤΗΣΕΙΣ / Λοιπές μακροπρόθεσμες απαιτήσεις σε δρχ,missing_root_type
,Μακρ/σμες απαιτήσεις κατά λοιπών συμμετοχικού ενδιαφέροντος επιχ/σεων σε Ξ.Ν.,,unspecified,,0,,ΠΑΓΙΟ ΕΝΕΡΓΗΤΙΚΟ / ΣΥΜΜΕΤΟΧΕΣ ΚΑΙ ΛΟΙΠΕΣ ΜΑΚΡΟΠΡΟΘΕΣΜΕΣ ΑΠΑΙΤΗΣΕΙΣ,,,,ΠΑΓΙΟ ΕΝΕΡΓΗΤΙΚΟ / ΣΥΜΜΕΤΟΧΕΣ ΚΑΙ ΛΟΙΠΕΣ ΜΑΚΡΟΠΡΟΘΕΣΜΕΣ ΑΠΑΙΤΗΣΕΙΣ / Μακρ/σμες απαιτήσεις κατά λοιπών συμμετοχικού ενδιαφέροντος επιχ/σεων σε Ξ.Ν.,missing_root_type
,Μακρ/σμες απαιτήσεις κατά λοιπών συμμετοχικού ενδιαφέροντος επιχ/σεων σε δρχ.,,unspecified,,0,,ΠΑΓΙΟ ΕΝΕΡΓΗΤΙΚΟ / ΣΥΜΜΕΤΟΧΕΣ ΚΑΙ ΛΟΙΠΕΣ ΜΑΚΡΟΠΡΟΘΕΣΜΕΣ ΑΠΑΙΤΗΣΕΙΣ,,,,ΠΑΓΙΟ ΕΝΕΡΓΗΤΙΚΟ / ΣΥΜΜΕΤΟΧΕΣ ΚΑΙ ΛΟΙΠΕΣ ΜΑΚΡΟΠΡΟΘΕΣΜΕΣ ΑΠΑΙΤΗΣΕΙΣ / Μακρ/σμες απαιτήσεις κατά λοιπών συμμετοχικού ενδιαφέροντος επιχ/σεων σε δρχ.,missing_root_type
,Μακροπρόθεσμες απαιτήσεις κατά εταίρων,,unspecified,,0,,ΠΑΓΙΟ ΕΝΕΡΓΗΤΙΚΟ / ΣΥΜΜΕΤΟΧΕΣ ΚΑΙ ΛΟΙΠΕΣ ΜΑΚΡΟΠΡΟΘΕΣΜΕΣ ΑΠΑΙΤΗΣΕΙΣ,,,,ΠΑΓΙΟ ΕΝΕΡΓΗΤΙΚΟ / ΣΥΜΜΕΤΟΧΕΣ ΚΑΙ ΛΟΙΠΕΣ ΜΑΚΡΟΠΡΟΘΕΣΜΕΣ ΑΠΑΙΤΗΣΕΙΣ / Μακροπρόθεσμες απαιτήσεις κατά εταίρων,missing_root_type
,Μακροπρόθεσμες απαιτήσεις κατά συγγενών συνδεδεμένων επιχειρήσεων σε Ξ.Ν.,,unspecified,,0,,ΠΑΓΙΟ ΕΝΕΡΓΗΤΙΚΟ / ΣΥΜΜΕΤΟΧΕΣ ΚΑΙ ΛΟΙΠΕΣ ΜΑΚΡΟΠΡΟΘΕΣΜΕΣ ΑΠΑΙΤΗΣΕΙΣ,,,,ΠΑΓΙΟ ΕΝΕΡΓΗΤΙΚΟ / ΣΥΜΜΕΤΟΧΕΣ ΚΑΙ ΛΟΙΠΕΣ ΜΑΚΡΟΠΡΟΘΕΣΜΕΣ ΑΠΑΙΤΗΣΕΙΣ / Μακροπρόθεσμες απαιτήσεις κατά συγγενών συνδεδεμένων επιχειρήσεων σε Ξ.Ν.,missing_root_type
,Μακροπρόθεσμες απαιτήσεις κατά συγγενών συνδεδεμένων επιχειρήσεων σε δρχ,,unspecified,,0,,ΠΑΓΙΟ ΕΝΕΡΓΗΤΙΚΟ / ΣΥΜΜΕΤΟΧΕΣ ΚΑΙ ΛΟΙΠΕΣ ΜΑΚΡΟΠΡΟΘΕΣΜΕΣ ΑΠΑΙΤΗΣΕΙΣ,,,,ΠΑΓΙΟ ΕΝΕΡΓΗΤΙΚΟ / ΣΥΜΜΕΤΟΧΕΣ ΚΑΙ ΛΟΙΠΕΣ ΜΑΚΡΟΠΡΟΘΕΣΜΕΣ ΑΠΑΙΤΗΣΕΙΣ / Μακροπρόθεσμες απαιτήσεις κατά συγγενών συνδεδεμένων επιχειρήσεων σε δρχ,missing_root_type
,Μη δεδουλευμένοι τόκοι γραμματίων εισπρακτέων μακρ/σμα σε Ξ.Ν.,,unspecified,,0,,ΠΑΓΙΟ ΕΝΕΡΓΗΤΙΚΟ / ΣΥΜΜΕΤΟΧΕΣ ΚΑΙ ΛΟΙΠΕΣ ΜΑΚΡΟΠΡΟΘΕΣΜΕΣ ΑΠΑΙΤΗΣΕΙΣ,,,,ΠΑΓΙΟ ΕΝΕΡΓΗΤΙΚΟ / ΣΥΜΜΕΤΟΧΕΣ ΚΑΙ ΛΟΙΠΕΣ ΜΑΚΡΟΠΡΟΘΕΣΜΕΣ ΑΠΑΙΤΗΣΕΙΣ / Μη δεδουλευμένοι τόκοι γραμματίων εισπρακτέων μακρ/σμα σε Ξ.Ν.,missing_root_type
,Μη δεδουλευμένοι τόκοι γραμματίων εισπρακτέων μακρ/σμα σε δρχ,,unspecified,,0,,ΠΑΓΙΟ ΕΝΕΡΓΗΤΙΚΟ / ΣΥΜΜΕΤΟΧΕΣ ΚΑΙ ΛΟΙΠΕΣ ΜΑΚΡΟΠΡΟΘΕΣΜΕΣ ΑΠΑΙΤΗΣΕΙΣ,,,,ΠΑΓΙΟ ΕΝΕΡΓΗΤΙΚΟ / ΣΥΜΜΕΤΟΧΕΣ ΚΑΙ ΛΟΙΠΕΣ ΜΑΚΡΟΠΡΟΘΕΣΜΕΣ ΑΠΑΙΤΗΣΕΙΣ / Μη δεδουλευμένοι τόκοι γραμματίων εισπρακτέων μακρ/σμα σε δρχ,missing_root_type
,Οφειλόμενο κεφάλαιο,,unspecified,,0,,ΠΑΓΙΟ ΕΝΕΡΓΗΤΙΚΟ / ΣΥΜΜΕΤΟΧΕΣ ΚΑΙ ΛΟΙΠΕΣ ΜΑΚΡΟΠΡΟΘΕΣΜΕΣ ΑΠΑΙΤΗΣΕΙΣ,,,,ΠΑΓΙΟ ΕΝΕΡΓΗΤΙΚΟ / ΣΥΜΜΕΤΟΧΕΣ ΚΑΙ ΛΟΙΠΕΣ ΜΑΚΡΟΠΡΟΘΕΣΜΕΣ ΑΠΑΙΤΗΣΕΙΣ / Οφειλόμενο κεφάλαιο,missing_root_type
,Συμμετοχές σε λοιπές επιχειρήσεις,,group,,1,,ΠΑΓΙΟ ΕΝΕΡΓΗΤΙΚΟ / ΣΥΜΜΕΤΟΧΕΣ ΚΑΙ ΛΟΙΠΕΣ ΜΑΚΡΟΠΡΟΘΕΣΜΕΣ ΑΠΑΙΤΗΣΕΙΣ,,,,ΠΑΓΙΟ ΕΝΕΡΓΗΤΙΚΟ / ΣΥΜΜΕΤΟΧΕΣ ΚΑΙ ΛΟΙΠΕΣ ΜΑΚΡΟΠΡΟΘΕΣΜΕΣ ΑΠΑΙΤΗΣΕΙΣ / Συμμετοχές σε λοιπές επιχειρήσεις,missing_root_type
,Ανεξόφλητες μετοχές εισαγμένες στο Χρηματιστήριο εταιριών εξωτερικού,,unspecified,,0,,ΠΑΓΙΟ ΕΝΕΡΓΗΤΙΚΟ / ΣΥΜΜΕΤΟΧΕΣ ΚΑΙ ΛΟΙΠΕΣ ΜΑΚΡΟΠΡΟΘΕΣΜΕΣ ΑΠΑΙΤΗΣΕΙΣ / Συμμετοχές σε λοιπές επιχειρήσεις,,,,ΠΑΓΙΟ ΕΝΕΡΓΗΤΙΚΟ / ΣΥΜΜΕΤΟΧΕΣ ΚΑΙ ΛΟΙΠΕΣ ΜΑΚΡΟΠΡΟΘΕΣΜΕΣ ΑΠΑΙΤΗΣΕΙΣ / Συμμετοχές σε λοιπές επιχειρήσεις / Ανεξόφλητες μετοχές εισαγμένες στο Χρηματιστήριο εταιριών εξωτερικού,missing_root_type
,Ανεξόφλητες μετοχές εισαγμένες στο Χρηματιστήριο εταιριών εσωτερικού,,unspecified,,0,,ΠΑΓΙΟ ΕΝΕΡΓΗΤΙΚΟ / ΣΥΜΜΕΤΟΧΕΣ ΚΑΙ ΛΟΙΠΕΣ ΜΑΚΡΟΠΡΟΘΕΣΜΕΣ ΑΠΑΙΤΗΣΕΙΣ / Συμμετοχές σε λοιπές επιχειρήσεις,,,,ΠΑΓΙΟ ΕΝΕΡΓΗΤΙΚΟ / ΣΥΜΜΕΤΟΧΕΣ ΚΑΙ ΛΟΙΠΕΣ ΜΑΚΡΟΠΡΟΘΕΣΜΕΣ ΑΠΑΙΤΗΣΕΙΣ / Συμμετοχές σε λοιπές επιχειρήσεις / Ανεξόφλητες μετοχές εισαγμένες στο Χρηματιστήριο εταιριών εσωτερικού,missing_root_type
,Ανεξόφλητες μετοχές μη εισαγμένες στο Χρηματιστήριο εταιριών εξωτερικού,,unspecified,,0,,ΠΑΓΙΟ ΕΝΕΡΓΗΤΙΚΟ / ΣΥΜΜΕΤΟΧΕΣ ΚΑΙ ΛΟΙΠΕΣ ΜΑΚΡΟΠΡΟΘΕΣΜΕΣ ΑΠΑΙΤΗΣΕΙΣ / Συμμετοχές σε λοιπές επιχειρήσεις,,,,ΠΑΓΙΟ ΕΝΕΡΓΗΤΙΚΟ / ΣΥΜΜΕΤΟΧΕΣ ΚΑΙ ΛΟΙΠΕΣ ΜΑΚΡΟΠΡΟΘΕΣΜΕΣ ΑΠΑΙΤΗΣΕΙΣ / Συμμετοχές σε λοιπές επιχειρήσεις / Ανεξόφλητες μετοχές μη εισαγμένες στο Χρηματιστήριο εταιριών εξωτερικού,missing_root_type
,Ανεξόφλητες μετοχές μη εισαγμένες στο Χρηματιστήριο εταιριών εσωτερικού,,unspecified,,0,,ΠΑΓΙΟ ΕΝΕΡΓΗΤΙΚΟ / ΣΥΜΜΕΤΟΧΕΣ ΚΑΙ ΛΟΙΠΕΣ ΜΑΚΡΟΠΡΟΘΕΣΜΕΣ ΑΠΑΙΤΗΣΕΙΣ / Συμμετοχές σε λοιπές επιχειρήσεις,,,,ΠΑΓΙΟ ΕΝΕΡΓΗΤΙΚΟ / ΣΥΜΜΕΤΟΧΕΣ ΚΑΙ ΛΟΙΠΕΣ ΜΑΚΡΟΠΡΟΘΕΣΜΕΣ ΑΠΑΙΤΗΣΕΙΣ / Συμμετοχές σε λοιπές επιχειρήσεις / Ανεξόφλητες μετοχές μη εισαγμένες στο Χρηματιστήριο εταιριών εσωτερικού,missing_root_type
,Μετοχές εισαγμένες στο Χρηματιστήριο εταιριών εξωτερικού,,unspecified,,0,,ΠΑΓΙΟ ΕΝΕΡΓΗΤΙΚΟ / ΣΥΜΜΕΤΟΧΕΣ ΚΑΙ ΛΟΙΠΕΣ ΜΑΚΡΟΠΡΟΘΕΣΜΕΣ ΑΠΑΙΤΗΣΕΙΣ / Συμμετοχές σε λοιπές επιχειρήσεις,,,,ΠΑΓΙΟ ΕΝΕΡΓΗΤΙΚΟ / ΣΥΜΜΕΤΟΧΕΣ ΚΑΙ ΛΟΙΠΕΣ ΜΑΚΡΟΠΡΟΘΕΣΜΕΣ ΑΠΑΙΤΗΣΕΙΣ / Συμμετοχές σε λοιπές επιχειρήσεις / Μετοχές εισαγμένες στο Χρηματιστήριο εταιριών εξωτερικού,missing_root_type
,Μετοχές εισηγμένες στο Χρηματιστήριο εταιριών εσωτερικού,,unspecified,,0,,ΠΑΓΙΟ ΕΝΕΡΓΗΤΙΚΟ / ΣΥΜΜΕΤΟΧΕΣ ΚΑΙ ΛΟΙΠΕΣ ΜΑΚΡΟΠΡΟΘΕΣΜΕΣ ΑΠΑΙΤΗΣΕΙΣ / Συμμετοχές σε λοιπές επιχειρήσεις,,,,ΠΑΓΙΟ ΕΝΕΡΓΗΤΙΚΟ / ΣΥΜΜΕΤΟΧΕΣ ΚΑΙ ΛΟΙΠΕΣ ΜΑΚΡΟΠΡΟΘΕΣΜΕΣ ΑΠΑΙΤΗΣΕΙΣ / Συμμετοχές σε λοιπές επιχειρήσεις / Μετοχές εισηγμένες στο Χρηματιστήριο εταιριών εσωτερικού,missing_root_type
,Μετοχές μη εισαγμένες στο Χρηματιστήριο εταιριών εξωτερικού,,unspecified,,0,,ΠΑΓΙΟ ΕΝΕΡΓΗΤΙΚΟ / ΣΥΜΜΕΤΟΧΕΣ ΚΑΙ ΛΟΙΠΕΣ ΜΑΚΡΟΠΡΟΘΕΣΜΕΣ ΑΠΑΙΤΗΣΕΙΣ / Συμμετοχές σε λοιπές επιχειρήσεις,,,,ΠΑΓΙΟ ΕΝΕΡΓΗΤΙΚΟ / ΣΥΜΜΕΤΟΧΕΣ ΚΑΙ ΛΟΙΠΕΣ ΜΑΚΡΟΠΡΟΘΕΣΜΕΣ ΑΠΑΙΤΗΣΕΙΣ / Συμμετοχές σε λοιπές επιχειρήσεις / Μετοχές μη εισαγμένες στο Χρηματιστήριο εταιριών εξωτερικού,missing_root_type
,Μετοχές μη εισαγμένες στο Χρηματιστήριο εταιριών εσωτερικού,,unspecified,,0,,ΠΑΓΙΟ ΕΝΕΡΓΗΤΙΚΟ / ΣΥΜΜΕΤΟΧΕΣ ΚΑΙ ΛΟΙΠΕΣ ΜΑΚΡΟΠΡΟΘΕΣΜΕΣ ΑΠΑΙΤΗΣΕΙΣ / Συμμετοχές σε λοιπές επιχειρήσεις,,,,ΠΑΓΙΟ ΕΝΕΡΓΗΤΙΚΟ / ΣΥΜΜΕΤΟΧΕΣ ΚΑΙ ΛΟΙΠΕΣ ΜΑΚΡΟΠΡΟΘΕΣΜΕΣ ΑΠΑΙΤΗΣΕΙΣ / Συμμετοχές σε λοιπές επιχειρήσεις / Μετοχές μη εισαγμένες στο Χρηματιστήριο εταιριών εσωτερικού,missing_root_type
,Μετοχές σε τρίτους για εγγύηση,,unspecified,,0,,ΠΑΓΙΟ ΕΝΕΡΓΗΤΙΚΟ / ΣΥΜΜΕΤΟΧΕΣ ΚΑΙ ΛΟΙΠΕΣ ΜΑΚΡΟΠΡΟΘΕΣΜΕΣ ΑΠΑΙΤΗΣΕΙΣ / Συμμετοχές σε λοιπές επιχειρήσεις,,,,ΠΑΓΙΟ ΕΝΕΡΓΗΤΙΚΟ / ΣΥΜΜΕΤΟΧΕΣ ΚΑΙ ΛΟΙΠΕΣ ΜΑΚΡΟΠΡΟΘΕΣΜΕΣ ΑΠΑΙΤΗΣΕΙΣ / Συμμετοχές σε λοιπές επιχειρήσεις / Μετοχές σε τρίτους για εγγύηση,missing_root_type
,Προβλέψεις για υποτιμήσεις συμμετοχών σε συνδεδεμένες επιχειρήσεις,,unspecified,,0,,ΠΑΓΙΟ ΕΝΕΡΓΗΤΙΚΟ / ΣΥΜΜΕΤΟΧΕΣ ΚΑΙ ΛΟΙΠΕΣ ΜΑΚΡΟΠΡΟΘΕΣΜΕΣ ΑΠΑΙΤΗΣΕΙΣ / Συμμετοχές σε λοιπές επιχειρήσεις,,,,ΠΑΓΙΟ ΕΝΕΡΓΗΤΙΚΟ / ΣΥΜΜΕΤΟΧΕΣ ΚΑΙ ΛΟΙΠΕΣ ΜΑΚΡΟΠΡΟΘΕΣΜΕΣ ΑΠΑΙΤΗΣΕΙΣ / Συμμετοχές σε λοιπές επιχειρήσεις / Προβλέψεις για υποτιμήσεις συμμετοχών σε συνδεδεμένες επιχειρήσεις,missing_root_type
,Προεγγραφές σε υπό έκδοση μετοχές εταιριών εξωτερικού,,unspecified,,0,,ΠΑΓΙΟ ΕΝΕΡΓΗΤΙΚΟ / ΣΥΜΜΕΤΟΧΕΣ ΚΑΙ ΛΟΙΠΕΣ ΜΑΚΡΟΠΡΟΘΕΣΜΕΣ ΑΠΑΙΤΗΣΕΙΣ / Συμμετοχές σε λοιπές επιχειρήσεις,,,,ΠΑΓΙΟ ΕΝΕΡΓΗΤΙΚΟ / ΣΥΜΜΕΤΟΧΕΣ ΚΑΙ ΛΟΙΠΕΣ ΜΑΚΡΟΠΡΟΘΕΣΜΕΣ ΑΠΑΙΤΗΣΕΙΣ / Συμμετοχές σε λοιπές επιχειρήσεις / Προεγγραφές σε υπό έκδοση μετοχές εταιριών εξωτερικού,missing_root_type
,Προεγγραφές σε υπό έκδοση μετοχές εταιριών εσωτερικού,,unspecified,,0,,ΠΑΓΙΟ ΕΝΕΡΓΗΤΙΚΟ / ΣΥΜΜΕΤΟΧΕΣ ΚΑΙ ΛΟΙΠΕΣ ΜΑΚΡΟΠΡΟΘΕΣΜΕΣ ΑΠΑΙΤΗΣΕΙΣ / Συμμετοχές σε λοιπές επιχειρήσεις,,,,ΠΑΓΙΟ ΕΝΕΡΓΗΤΙΚΟ / ΣΥΜΜΕΤΟΧΕΣ ΚΑΙ ΛΟΙΠΕΣ ΜΑΚΡΟΠΡΟΘΕΣΜΕΣ ΑΠΑΙΤΗΣΕΙΣ / Συμμετοχές σε λοιπές επιχειρήσεις / Προεγγραφές σε υπό έκδοση μετοχές εταιριών εσωτερικού,missing_root_type
,Συμμετοχές σε λοιπές (πλην ΑΕ) επιχειρήσεις εξωτερικού,,unspecified,,0,,ΠΑΓΙΟ ΕΝΕΡΓΗΤΙΚΟ / ΣΥΜΜΕΤΟΧΕΣ ΚΑΙ ΛΟΙΠΕΣ ΜΑΚΡΟΠΡΟΘΕΣΜΕΣ ΑΠΑΙΤΗΣΕΙΣ / Συμμετοχές σε λοιπές επιχειρήσεις,,,,ΠΑΓΙΟ ΕΝΕΡΓΗΤΙΚΟ / ΣΥΜΜΕΤΟΧΕΣ ΚΑΙ ΛΟΙΠΕΣ ΜΑΚΡΟΠΡΟΘΕΣΜΕΣ ΑΠΑΙΤΗΣΕΙΣ / Συμμετοχές σε λοιπές επιχειρήσεις / Συμμετοχές σε λοιπές (πλην ΑΕ) επιχειρήσεις εξωτερικού,missing_root_type
,Συμμετοχές σε λοιπές (πλην ΑΕ) επιχειρήσεις εσωτερικού,,unspecified,,0,,ΠΑΓΙΟ ΕΝΕΡΓΗΤΙΚΟ / ΣΥΜΜΕΤΟΧΕΣ ΚΑΙ ΛΟΙΠΕΣ ΜΑΚΡΟΠΡΟΘΕΣΜΕΣ ΑΠΑΙΤΗΣΕΙΣ / Συμμετοχές σε λοιπές επιχειρήσεις,,,,ΠΑΓΙΟ ΕΝΕΡΓΗΤΙΚΟ / ΣΥΜΜΕΤΟΧΕΣ ΚΑΙ ΛΟΙΠΕΣ ΜΑΚΡΟΠΡΟΘΕΣΜΕΣ ΑΠΑΙΤΗΣΕΙΣ / Συμμετοχές σε λοιπές επιχειρήσεις / Συμμετοχές σε λοιπές (πλην ΑΕ) επιχειρήσεις εσωτερικού,missing_root_type
,Συμμετοχές σε συγγενείς (συνδεδεμένες) επιχειρήσεις,,group,,1,,ΠΑΓΙΟ ΕΝΕΡΓΗΤΙΚΟ / ΣΥΜΜΕΤΟΧΕΣ ΚΑΙ ΛΟΙΠΕΣ ΜΑΚΡΟΠΡΟΘΕΣΜΕΣ ΑΠΑΙΤΗΣΕΙΣ,,,,ΠΑΓΙΟ ΕΝΕΡΓΗΤΙΚΟ / ΣΥΜΜΕΤΟΧΕΣ ΚΑΙ ΛΟΙΠΕΣ ΜΑΚΡΟΠΡΟΘΕΣΜΕΣ ΑΠΑΙΤΗΣΕΙΣ / Συμμετοχές σε συγγενείς (συνδεδεμένες) επιχειρήσεις,missing_root_type
,Ανεξόφλητες μετοχές εισαγμένες στο Χρηματιστήριο εταιριών εξωτερικού,,unspecified,,0,,ΠΑΓΙΟ ΕΝΕΡΓΗΤΙΚΟ / ΣΥΜΜΕΤΟΧΕΣ ΚΑΙ ΛΟΙΠΕΣ ΜΑΚΡΟΠΡΟΘΕΣΜΕΣ ΑΠΑΙΤΗΣΕΙΣ / Συμμετοχές σε συγγενείς (συνδεδεμένες) επιχειρήσεις,,,,ΠΑΓΙΟ ΕΝΕΡΓΗΤΙΚΟ / ΣΥΜΜΕΤΟΧΕΣ ΚΑΙ ΛΟΙΠΕΣ ΜΑΚΡΟΠΡΟΘΕΣΜΕΣ ΑΠΑΙΤΗΣΕΙΣ / Συμμετοχές σε συγγενείς (συνδεδεμένες) επιχειρήσεις / Ανεξόφλητες μετοχές εισαγμένες στο Χρηματιστήριο εταιριών εξωτερικού,missing_root_type
,Ανεξόφλητες μετοχές εισαγμένες στο Χρηματιστήριο εταιριών εσωτερικού,,unspecified,,0,,ΠΑΓΙΟ ΕΝΕΡΓΗΤΙΚΟ / ΣΥΜΜΕΤΟΧΕΣ ΚΑΙ ΛΟΙΠΕΣ ΜΑΚΡΟΠΡΟΘΕΣΜΕΣ ΑΠΑΙΤΗΣΕΙΣ / Συμμετοχές σε συγγενείς (συνδεδεμένες) επιχειρήσεις,,,,ΠΑΓΙΟ ΕΝΕΡΓΗΤΙΚΟ / ΣΥΜΜΕΤΟΧΕΣ ΚΑΙ ΛΟΙΠΕΣ ΜΑΚΡΟΠΡΟΘΕΣΜΕΣ ΑΠΑΙΤΗΣΕΙΣ / Συμμετοχές σε συγγενείς (συνδεδεμένες) επιχειρήσεις / Ανεξόφλητες μετοχές εισαγμένες στο Χρηματιστήριο εταιριών εσωτερικού,missing_root_type
,Ανεξόφλητες μετοχές μη εισαγμένες στο Χρηματιστήριο εταιριών εξωτερικού,,unspecified,,0,,ΠΑΓΙΟ ΕΝΕΡΓΗΤΙΚΟ / ΣΥΜΜΕΤΟΧΕΣ ΚΑΙ ΛΟΙΠΕΣ ΜΑΚΡΟΠΡΟΘΕΣΜΕΣ ΑΠΑΙΤΗΣΕΙΣ / Συμμετοχές σε συγγενείς (συνδεδεμένες) επιχειρήσεις,,,,ΠΑΓΙΟ ΕΝΕΡΓΗΤΙΚΟ / ΣΥΜΜΕΤΟΧΕΣ ΚΑΙ ΛΟΙΠΕΣ ΜΑΚΡΟΠΡΟΘΕΣΜΕΣ ΑΠΑΙΤΗΣΕΙΣ / Συμμετοχές σε συγγενείς (συνδεδεμένες) επιχειρήσεις / Ανεξόφλητες μετοχές μη εισαγμένες στο Χρηματιστήριο εταιριών εξωτερικού,missing_root_type
,Ανεξόφλητες μετοχές μη εισαγμένες στο Χρηματιστήριο εταιριών εσωτερικού,,unspecified,,0,,ΠΑΓΙΟ ΕΝΕΡΓΗΤΙΚΟ / ΣΥΜΜΕΤΟΧΕΣ ΚΑΙ ΛΟΙΠΕΣ ΜΑΚΡΟΠΡΟΘΕΣΜΕΣ ΑΠΑΙΤΗΣΕΙΣ / Συμμετοχές σε συγγενείς (συνδεδεμένες) επιχειρήσεις,,,,ΠΑΓΙΟ ΕΝΕΡΓΗΤΙΚΟ / ΣΥΜΜΕΤΟΧΕΣ ΚΑΙ ΛΟΙΠΕΣ ΜΑΚΡΟΠΡΟΘΕΣΜΕΣ ΑΠΑΙΤΗΣΕΙΣ / Συμμετοχές σε συγγενείς (συνδεδεμένες) επιχειρήσεις / Ανεξόφλητες μετοχές μη εισαγμένες στο Χρηματιστήριο εταιριών εσωτερικού,missing_root_type
,Μετοχές εισαγμένες στο Χρηματιστήριο εταιριών εξωτερικού,,unspecified,,0,,ΠΑΓΙΟ ΕΝΕΡΓΗΤΙΚΟ / ΣΥΜΜΕΤΟΧΕΣ ΚΑΙ ΛΟΙΠΕΣ ΜΑΚΡΟΠΡΟΘΕΣΜΕΣ ΑΠΑΙΤΗΣΕΙΣ / Συμμετοχές σε συγγενείς (συνδεδεμένες) επιχειρήσεις,,,,ΠΑΓΙΟ ΕΝΕΡΓΗΤΙΚΟ / ΣΥΜΜΕΤΟΧΕΣ ΚΑΙ ΛΟΙΠΕΣ ΜΑΚΡΟΠΡΟΘΕΣΜΕΣ ΑΠΑΙΤΗΣΕΙΣ / Συμμετοχές σε συγγενείς (συνδεδεμένες) επιχειρήσεις / Μετοχές εισαγμένες στο Χρηματιστήριο εταιριών εξωτερικού,missing_root_type
,Μετοχές εισαγμένες στο Χρηματιστήριο εταιριών εσωτερικού,,unspecified,,0,,ΠΑΓΙΟ ΕΝΕΡΓΗΤΙΚΟ / ΣΥΜΜΕΤΟΧΕΣ ΚΑΙ ΛΟΙΠΕΣ ΜΑΚΡΟΠΡΟΘΕΣΜΕΣ ΑΠΑΙΤΗΣΕΙΣ / Συμμετοχές σε συγγενείς (συνδεδεμένες) επιχειρήσεις,,,,ΠΑΓΙΟ ΕΝΕΡΓΗΤΙΚΟ / ΣΥΜΜΕΤΟΧΕΣ ΚΑΙ ΛΟΙΠΕΣ ΜΑΚΡΟΠΡΟΘΕΣΜΕΣ ΑΠΑΙΤΗΣΕΙΣ / Συμμετοχές σε συγγενείς (συνδεδεμένες) επιχειρήσεις / Μετοχές εισαγμένες στο Χρηματιστήριο εταιριών εσωτερικού,missing_root_type
,Μετοχές μη εισαγμένες στο Χρηματιστήριο εταιριών εξωτερικού,,unspecified,,0,,ΠΑΓΙΟ ΕΝΕΡΓΗΤΙΚΟ / ΣΥΜΜΕΤΟΧΕΣ ΚΑΙ ΛΟΙΠΕΣ ΜΑΚΡΟΠΡΟΘΕΣΜΕΣ ΑΠΑΙΤΗΣΕΙΣ / Συμμετοχές σε συγγενείς (συνδεδεμένες) επιχειρήσεις,,,,ΠΑΓΙΟ ΕΝΕΡΓΗΤΙΚΟ / ΣΥΜΜΕΤΟΧΕΣ ΚΑΙ ΛΟΙΠΕΣ ΜΑΚΡΟΠΡΟΘΕΣΜΕΣ ΑΠΑΙΤΗΣΕΙΣ / Συμμετοχές σε συγγενείς (συνδεδεμένες) επιχειρήσεις / Μετοχές μη εισαγμένες στο Χρηματιστήριο εταιριών εξωτερικού,missing_root_type
,Μετοχές μη εισαγμένες στο Χρηματιστήριο εταιριών εσωτερικού,,unspecified,,0,,ΠΑΓΙΟ ΕΝΕΡΓΗΤΙΚΟ / ΣΥΜΜΕΤΟΧΕΣ ΚΑΙ ΛΟΙΠΕΣ ΜΑΚΡΟΠΡΟΘΕΣΜΕΣ ΑΠΑΙΤΗΣΕΙΣ / Συμμετοχές σε συγγενείς (συνδεδεμένες) επιχειρήσεις,,,,ΠΑΓΙΟ ΕΝΕΡΓΗΤΙΚΟ / ΣΥΜΜΕΤΟΧΕΣ ΚΑΙ ΛΟΙΠΕΣ ΜΑΚΡΟΠΡΟΘΕΣΜΕΣ ΑΠΑΙΤΗΣΕΙΣ / Συμμετοχές σε συγγενείς (συνδεδεμένες) επιχειρήσεις / Μετοχές μη εισαγμένες στο Χρηματιστήριο εταιριών εσωτερικού,missing_root_type
,Μετοχές σε τρίτους για εγγύηση,,unspecified,,0,,ΠΑΓΙΟ ΕΝΕΡΓΗΤΙΚΟ / ΣΥΜΜΕΤΟΧΕΣ ΚΑΙ ΛΟΙΠΕΣ ΜΑΚΡΟΠΡΟΘΕΣΜΕΣ ΑΠΑΙΤΗΣΕΙΣ / Συμμετοχές σε συγγενείς (συνδεδεμένες) επιχειρήσεις,,,,ΠΑΓΙΟ ΕΝΕΡΓΗΤΙΚΟ / ΣΥΜΜΕΤΟΧΕΣ ΚΑΙ ΛΟΙΠΕΣ ΜΑΚΡΟΠΡΟΘΕΣΜΕΣ ΑΠΑΙΤΗΣΕΙΣ / Συμμετοχές σε συγγενείς (συνδεδεμένες) επιχειρήσεις / Μετοχές σε τρίτους για εγγύηση,missing_root_type
,Προβλέψεις για υποτιμήσεις συμμετοχών σε συνδεδεμένες επιχειρήσεις,,unspecified,,0,,ΠΑΓΙΟ ΕΝΕΡΓΗΤΙΚΟ / ΣΥΜΜΕΤΟΧΕΣ ΚΑΙ ΛΟΙΠΕΣ ΜΑΚΡΟΠΡΟΘΕΣΜΕΣ ΑΠΑΙΤΗΣΕΙΣ / Συμμετοχές σε συγγενείς (συνδεδεμένες) επιχειρήσεις,,,,ΠΑΓΙΟ ΕΝΕΡΓΗΤΙΚΟ / ΣΥΜΜΕΤΟΧΕΣ ΚΑΙ ΛΟΙΠΕΣ ΜΑΚΡΟΠΡΟΘΕΣΜΕΣ ΑΠΑΙΤΗΣΕΙΣ / Συμμετοχές σε συγγενείς (συνδεδεμένες) επιχειρήσεις / Προβλέψεις για υποτιμήσεις συμμετοχών σε συνδεδεμένες επιχειρήσεις,missing_root_type
,Προεγγραφές σε υπό έκδοση μετοχές εταιριών εξωτερικού,,unspecified,,0,,ΠΑΓΙΟ ΕΝΕΡΓΗΤΙΚΟ / ΣΥΜΜΕΤΟΧΕΣ ΚΑΙ ΛΟΙΠΕΣ ΜΑΚΡΟΠΡΟΘΕΣΜΕΣ ΑΠΑΙΤΗΣΕΙΣ / Συμμετοχές σε συγγενείς (συνδεδεμένες) επιχειρήσεις,,,,ΠΑΓΙΟ ΕΝΕΡΓΗΤΙΚΟ / ΣΥΜΜΕΤΟΧΕΣ ΚΑΙ ΛΟΙΠΕΣ ΜΑΚΡΟΠΡΟΘΕΣΜΕΣ ΑΠΑΙΤΗΣΕΙΣ / Συμμετοχές σε συγγενείς (συνδεδεμένες) επιχειρήσεις / Προεγγραφές σε υπό έκδοση μετοχές εταιριών εξωτερικού,missing_root_type
,Προεγγραφές σε υπό έκδοση μετοχές εταιριών εσωτερικού,,unspecified,,0,,ΠΑΓΙΟ ΕΝΕΡΓΗΤΙΚΟ / ΣΥΜΜΕΤΟΧΕΣ ΚΑΙ ΛΟΙΠΕΣ ΜΑΚΡΟΠΡΟΘΕΣΜΕΣ ΑΠΑΙΤΗΣΕΙΣ / Συμμετοχές σε συγγενείς (συνδεδεμένες) επιχειρήσεις,,,,ΠΑΓΙΟ ΕΝΕΡΓΗΤΙΚΟ / ΣΥΜΜΕΤΟΧΕΣ ΚΑΙ ΛΟΙΠΕΣ ΜΑΚΡΟΠΡΟΘΕΣΜΕΣ ΑΠΑΙΤΗΣΕΙΣ / Συμμετοχές σε συγγενείς (συνδεδεμένες) επιχειρήσεις / Προεγγραφές σε υπό έκδοση μετοχές εταιριών εσωτερικού,missing_root_type
,Συμμετοχές σε λοιπές (πλην ΑΕ) επιχειρήσεις εξωτερικού,,unspecified,,0,,ΠΑΓΙΟ ΕΝΕΡΓΗΤΙΚΟ / ΣΥΜΜΕΤΟΧΕΣ ΚΑΙ ΛΟΙΠΕΣ ΜΑΚΡΟΠΡΟΘΕΣΜΕΣ ΑΠΑΙΤΗΣΕΙΣ / Συμμετοχές σε συγγενείς (συνδεδεμένες) επιχειρήσεις,,,,ΠΑΓΙΟ ΕΝΕΡΓΗΤΙΚΟ / ΣΥΜΜΕΤΟΧΕΣ ΚΑΙ ΛΟΙΠΕΣ ΜΑΚΡΟΠΡΟΘΕΣΜΕΣ ΑΠΑΙΤΗΣΕΙΣ / Συμμετοχές σε συγγενείς (συνδεδεμένες) επιχειρήσεις / Συμμετοχές σε λοιπές (πλην ΑΕ) επιχειρήσεις εξωτερικού,missing_root_type
,Συμμετοχές σε λοιπές (πλην ΑΕ) επιχειρήσεις εσωτερικού,,unspecified,,0,,ΠΑΓΙΟ ΕΝΕΡΓΗΤΙΚΟ / ΣΥΜΜΕΤΟΧΕΣ ΚΑΙ ΛΟΙΠΕΣ ΜΑΚΡΟΠΡΟΘΕΣΜΕΣ ΑΠΑΙΤΗΣΕΙΣ / Συμμετοχές σε συγγενείς (συνδεδεμένες) επιχειρήσεις,,,,ΠΑΓΙΟ ΕΝΕΡΓΗΤΙΚΟ / ΣΥΜΜΕΤΟΧΕΣ ΚΑΙ ΛΟΙΠΕΣ ΜΑΚΡΟΠΡΟΘΕΣΜΕΣ ΑΠΑΙΤΗΣΕΙΣ / Συμμετοχές σε συγγενείς (συνδεδεμένες) επιχειρήσεις / Συμμετοχές σε λοιπές (πλην ΑΕ) επιχειρήσεις εσωτερικού,missing_root_type
,Τίτλοι με χαρακτήρα ακινητοποιήσεων σε Ξ.Ν.,,unspecified,,0,,ΠΑΓΙΟ ΕΝΕΡΓΗΤΙΚΟ / ΣΥΜΜΕΤΟΧΕΣ ΚΑΙ ΛΟΙΠΕΣ ΜΑΚΡΟΠΡΟΘΕΣΜΕΣ ΑΠΑΙΤΗΣΕΙΣ,,,,ΠΑΓΙΟ ΕΝΕΡΓΗΤΙΚΟ / ΣΥΜΜΕΤΟΧΕΣ ΚΑΙ ΛΟΙΠΕΣ ΜΑΚΡΟΠΡΟΘΕΣΜΕΣ ΑΠΑΙΤΗΣΕΙΣ / Τίτλοι με χαρακτήρα ακινητοποιήσεων σε Ξ.Ν.,missing_root_type
,Τίτλοι με χαρακτήρα ακινητοποιήσεων σε δρχ,,unspecified,,0,,ΠΑΓΙΟ ΕΝΕΡΓΗΤΙΚΟ / ΣΥΜΜΕΤΟΧΕΣ ΚΑΙ ΛΟΙΠΕΣ ΜΑΚΡΟΠΡΟΘΕΣΜΕΣ ΑΠΑΙΤΗΣΕΙΣ,,,,ΠΑΓΙΟ ΕΝΕΡΓΗΤΙΚΟ / ΣΥΜΜΕΤΟΧΕΣ ΚΑΙ ΛΟΙΠΕΣ ΜΑΚΡΟΠΡΟΘΕΣΜΕΣ ΑΠΑΙΤΗΣΕΙΣ / Τίτλοι με χαρακτήρα ακινητοποιήσεων σε δρχ,missing_root_type
