code,name,root_type,subtype,normal_balance,is_group,role_hint,parent_path,source_type,reconcile,description,source_id,flags
,COMPTES DE BILAN,,group,,1,,,,,,COMPTES DE BILAN,missing_root_type
,COMPTES D'ACTIF CIRCULANT (HORS TRESORERIE),,group,,1,,COMPTES DE BILAN,,,,COMPTES DE BILAN / COMPTES D'ACTIF CIRCULANT (HORS TRESORERIE),missing_root_type
,CREANCES DE L'ACTIF CIRCULANT,,group,,1,,COMPTES DE BILAN / COMPTES D'ACTIF CIRCULANT (HORS TRESORERIE),,,,COMPTES DE BILAN / COMPTES D'ACTIF CIRCULANT (HORS TRESORERIE) / CREANCES DE L'ACTIF CIRCULANT,missing_root_type
,Autres débiteurs,,group,,1,,COMPTES DE BILAN / COMPTES D'ACTIF CIRCULANT (HORS TRESORERIE) / CREANCES DE L'ACTIF CIRCULANT,,,,COMPTES DE BILAN / COMPTES D'ACTIF CIRCULANT (HORS TRESORERIE) / CREANCES DE L'ACTIF CIRCULANT / Autres débiteurs,missing_root_type
,Créances rattachées aux autres débiteurs,,unspecified,,0,,COMPTES DE BILAN / COMPTES D'ACTIF CIRCULANT (HORS TRESORERIE) / CREANCES DE L'ACTIF CIRCULANT / Autres débiteurs,,,,COMPTES DE BILAN / COMPTES D'ACTIF CIRCULANT (HORS TRESORERIE) / CREANCES DE L'ACTIF CIRCULANT / Autres débiteurs / Créances rattachées aux autres débiteurs,missing_root_type
,Créances sur cessions d'immobilisations,,unspecified,,0,,COMPTES DE BILAN / COMPTES D'ACTIF CIRCULANT (HORS TRESORERIE) / CREANCES DE L'ACTIF CIRCULANT / Autres débiteurs,,,,COMPTES DE BILAN / COMPTES D'ACTIF CIRCULANT (HORS TRESORERIE) / CREANCES DE L'ACTIF CIRCULANT / Autres débiteurs / Créances sur cessions d'immobilisations,missing_root_type
,Créances sur cessions d'éléments d'actif circulant,,unspecified,,0,,COMPTES DE BILAN / COMPTES D'ACTIF CIRCULANT (HORS TRESORERIE) / CREANCES DE L'ACTIF CIRCULANT / Autres débiteurs,,,,COMPTES DE BILAN / COMPTES D'ACTIF CIRCULANT (HORS TRESORERIE) / CREANCES DE L'ACTIF CIRCULANT / Autres débiteurs / Créances sur cessions d'éléments d'actif circulant,missing_root_type
,Divers débiteurs,,unspecified,,0,,COMPTES DE BILAN / COMPTES D'ACTIF CIRCULANT (HORS TRESORERIE) / CREANCES DE L'ACTIF CIRCULANT / Autres débiteurs,,,,COMPTES DE BILAN / COMPTES D'ACTIF CIRCULANT (HORS TRESORERIE) / CREANCES DE L'ACTIF CIRCULANT / Autres débiteurs / Divers débiteurs,missing_root_type
,Clients et comptes rattachés,,group,,1,,COMPTES DE BILAN / COMPTES D'ACTIF CIRCULANT (HORS TRESORERIE) / CREANCES DE L'ACTIF CIRCULANT,,,,COMPTES DE BILAN / COMPTES D'ACTIF CIRCULANT (HORS TRESORERIE) / CREANCES DE L'ACTIF CIRCULANT / Clients et comptes rattachés,missing_root_type
,Autres clients et comptes rattachés,,unspecified,,0,,COMPTES DE BILAN / COMPTES D'ACTIF CIRCULANT (HORS TRESORERIE) / CREANCES DE L'ACTIF CIRCULANT / Clients et comptes rattachés,,,,COMPTES DE BILAN / COMPTES D'ACTIF CIRCULANT (HORS TRESORERIE) / CREANCES DE L'ACTIF CIRCULANT / Clients et comptes rattachés / Autres clients et comptes rattachés,missing_root_type
,Clients,,group,,1,,COMPTES DE BILAN / COMPTES D'ACTIF CIRCULANT (HORS TRESORERIE) / CREANCES DE L'ACTIF CIRCULANT / Clients et comptes rattachés,,,,COMPTES DE BILAN / COMPTES D'ACTIF CIRCULANT (HORS TRESORERIE) / CREANCES DE L'ACTIF CIRCULANT / Clients et comptes rattachés / Clients,missing_root_type
,Clients - catégorie A,,unspecified,,0,,COMPTES DE BILAN / COMPTES D'ACTIF CIRCULANT (HORS TRESORERIE) / CREANCES DE L'ACTIF CIRCULANT / Clients et comptes rattachés / Clients,,,,COMPTES DE BILAN / COMPTES D'ACTIF CIRCULANT (HORS TRESORERIE) / CREANCES DE L'ACTIF CIRCULANT / Clients et comptes rattachés / Clients / Clients - catégorie A,missing_root_type
,Clients - catégorie B,,unspecified,,0,,COMPTES DE BILAN / COMPTES D'ACTIF CIRCULANT (HORS TRESORERIE) / CREANCES DE L'ACTIF CIRCULANT / Clients et comptes rattachés / Clients,,,,COMPTES DE BILAN / COMPTES D'ACTIF CIRCULANT (HORS TRESORERIE) / CREANCES DE L'ACTIF CIRCULANT / Clients et comptes rattachés / Clients / Clients - catégorie B,missing_root_type
,Clients - effets à  recevoir,,unspecified,,0,,COMPTES DE BILAN / COMPTES D'ACTIF CIRCULANT (HORS TRESORERIE) / CREANCES DE L'ACTIF CIRCULANT / Clients et comptes rattachés,,,,COMPTES DE BILAN / COMPTES D'ACTIF CIRCULANT (HORS TRESORERIE) / CREANCES DE L'ACTIF CIRCULANT / Clients et comptes rattachés / Clients - effets à  recevoir,missing_root_type
,Clients - factures à  établir et créances sur travaux non encore facturés,,group,,1,,COMPTES DE BILAN / COMPTES D'ACTIF CIRCULANT (HORS TRESORERIE) / CREANCES DE L'ACTIF CIRCULANT / Clients et comptes rattachés,,,,COMPTES DE BILAN / COMPTES D'ACTIF CIRCULANT (HORS TRESORERIE) / CREANCES DE L'ACTIF CIRCULANT / Clients et comptes rattachés / Clients - factures à  établir et créances sur travaux non encore facturés,missing_root_type
,Clients - factures à  établir,,unspecified,,0,,COMPTES DE BILAN / COMPTES D'ACTIF CIRCULANT (HORS TRESORERIE) / CREANCES DE L'ACTIF CIRCULANT / Clients et comptes rattachés / Clients - factures à  établir et créances sur travaux non encore facturés,,,,COMPTES DE BILAN / COMPTES D'ACTIF CIRCULANT (HORS TRESORERIE) / CREANCES DE L'ACTIF CIRCULANT / Clients et comptes rattachés / Clients - factures à  établir et créances sur travaux non encore facturés / Clients - factures à  établir,missing_root_type
,Créances sur travaux non encore facturés,,unspecified,,0,,COMPTES DE BILAN / COMPTES D'ACTIF CIRCULANT (HORS TRESORERIE) / CREANCES DE L'ACTIF CIRCULANT / Clients et comptes rattachés / Clients - factures à  établir et créances sur travaux non encore facturés,,,,COMPTES DE BILAN / COMPTES D'ACTIF CIRCULANT (HORS TRESORERIE) / CREANCES DE L'ACTIF CIRCULANT / Clients et comptes rattachés / Clients - factures à  établir et créances sur travaux non encore facturés / Créances sur travaux non encore facturés,missing_root_type
,Clients - retenues de garantie,,unspecified,,0,,COMPTES DE BILAN / COMPTES D'ACTIF CIRCULANT (HORS TRESORERIE) / CREANCES DE L'ACTIF CIRCULANT / Clients et comptes rattachés,,,,COMPTES DE BILAN / COMPTES D'ACTIF CIRCULANT (HORS TRESORERIE) / CREANCES DE L'ACTIF CIRCULANT / Clients et comptes rattachés / Clients - retenues de garantie,missing_root_type
,Clients douteux ou litigieux,,unspecified,,0,,COMPTES DE BILAN / COMPTES D'ACTIF CIRCULANT (HORS TRESORERIE) / CREANCES DE L'ACTIF CIRCULANT / Clients et comptes rattachés,,,,COMPTES DE BILAN / COMPTES D'ACTIF CIRCULANT (HORS TRESORERIE) / CREANCES DE L'ACTIF CIRCULANT / Clients et comptes rattachés / Clients douteux ou litigieux,missing_root_type
,Comptes d'associés - débiteurs,,group,,1,,COMPTES DE BILAN / COMPTES D'ACTIF CIRCULANT (HORS TRESORERIE) / CREANCES DE L'ACTIF CIRCULANT,,,,COMPTES DE BILAN / COMPTES D'ACTIF CIRCULANT (HORS TRESORERIE) / CREANCES DE L'ACTIF CIRCULANT / Comptes d'associés - débiteurs,missing_root_type
,Actionnaires - capital souscrit et appelé non versé,,unspecified,,0,,COMPTES DE BILAN / COMPTES D'ACTIF CIRCULANT (HORS TRESORERIE) / CREANCES DE L'ACTIF CIRCULANT / Comptes d'associés - débiteurs,,,,COMPTES DE BILAN / COMPTES D'ACTIF CIRCULANT (HORS TRESORERIE) / CREANCES DE L'ACTIF CIRCULANT / Comptes d'associés - débiteurs / Actionnaires - capital souscrit et appelé non versé,missing_root_type
,Associés - comptes d'apport en société,,unspecified,,0,,COMPTES DE BILAN / COMPTES D'ACTIF CIRCULANT (HORS TRESORERIE) / CREANCES DE L'ACTIF CIRCULANT / Comptes d'associés - débiteurs,,,,COMPTES DE BILAN / COMPTES D'ACTIF CIRCULANT (HORS TRESORERIE) / CREANCES DE L'ACTIF CIRCULANT / Comptes d'associés - débiteurs / Associés - comptes d'apport en société,missing_root_type
,Associés - opérations faites en commun,,unspecified,,0,,COMPTES DE BILAN / COMPTES D'ACTIF CIRCULANT (HORS TRESORERIE) / CREANCES DE L'ACTIF CIRCULANT / Comptes d'associés - débiteurs,,,,COMPTES DE BILAN / COMPTES D'ACTIF CIRCULANT (HORS TRESORERIE) / CREANCES DE L'ACTIF CIRCULANT / Comptes d'associés - débiteurs / Associés - opérations faites en commun,missing_root_type
,Autres comptes d'associés débiteurs,,unspecified,,0,,COMPTES DE BILAN / COMPTES D'ACTIF CIRCULANT (HORS TRESORERIE) / CREANCES DE L'ACTIF CIRCULANT / Comptes d'associés - débiteurs,,,,COMPTES DE BILAN / COMPTES D'ACTIF CIRCULANT (HORS TRESORERIE) / CREANCES DE L'ACTIF CIRCULANT / Comptes d'associés - débiteurs / Autres comptes d'associés débiteurs,missing_root_type
,Comptes courants des associés débiteurs,,unspecified,,0,,COMPTES DE BILAN / COMPTES D'ACTIF CIRCULANT (HORS TRESORERIE) / CREANCES DE L'ACTIF CIRCULANT / Comptes d'associés - débiteurs,,,,COMPTES DE BILAN / COMPTES D'ACTIF CIRCULANT (HORS TRESORERIE) / CREANCES DE L'ACTIF CIRCULANT / Comptes d'associés - débiteurs / Comptes courants des associés débiteurs,missing_root_type
,Créances rattachées aux comptes d'associés,,unspecified,,0,,COMPTES DE BILAN / COMPTES D'ACTIF CIRCULANT (HORS TRESORERIE) / CREANCES DE L'ACTIF CIRCULANT / Comptes d'associés - débiteurs,,,,COMPTES DE BILAN / COMPTES D'ACTIF CIRCULANT (HORS TRESORERIE) / CREANCES DE L'ACTIF CIRCULANT / Comptes d'associés - débiteurs / Créances rattachées aux comptes d'associés,missing_root_type
,Comptes de régularisation - actif,,group,,1,,COMPTES DE BILAN / COMPTES D'ACTIF CIRCULANT (HORS TRESORERIE) / CREANCES DE L'ACTIF CIRCULANT,,,,COMPTES DE BILAN / COMPTES D'ACTIF CIRCULANT (HORS TRESORERIE) / CREANCES DE L'ACTIF CIRCULANT / Comptes de régularisation - actif,missing_root_type
,Charges constatées d'avance,,unspecified,,0,,COMPTES DE BILAN / COMPTES D'ACTIF CIRCULANT (HORS TRESORERIE) / CREANCES DE L'ACTIF CIRCULANT / Comptes de régularisation - actif,,,,COMPTES DE BILAN / COMPTES D'ACTIF CIRCULANT (HORS TRESORERIE) / CREANCES DE L'ACTIF CIRCULANT / Comptes de régularisation - actif / Charges constatées d'avance,missing_root_type
,Comptes de répartition périodique des charges,,unspecified,,0,,COMPTES DE BILAN / COMPTES D'ACTIF CIRCULANT (HORS TRESORERIE) / CREANCES DE L'ACTIF CIRCULANT / Comptes de régularisation - actif,,,,COMPTES DE BILAN / COMPTES D'ACTIF CIRCULANT (HORS TRESORERIE) / CREANCES DE L'ACTIF CIRCULANT / Comptes de régularisation - actif / Comptes de répartition périodique des charges,missing_root_type
,Comptes transitoires ou d'attente - débiteurs,,unspecified,,0,,COMPTES DE BILAN / COMPTES D'ACTIF CIRCULANT (HORS TRESORERIE) / CREANCES DE L'ACTIF CIRCULANT / Comptes de régularisation - actif,,,,COMPTES DE BILAN / COMPTES D'ACTIF CIRCULANT (HORS TRESORERIE) / CREANCES DE L'ACTIF CIRCULANT / Comptes de régularisation - actif / Comptes transitoires ou d'attente - débiteurs,missing_root_type
,Intérêts courus et non échus à  percevoir,,unspecified,,0,,COMPTES DE BILAN / COMPTES D'ACTIF CIRCULANT (HORS TRESORERIE) / CREANCES DE L'ACTIF CIRCULANT / Comptes de régularisation - actif,,,,COMPTES DE BILAN / COMPTES D'ACTIF CIRCULANT (HORS TRESORERIE) / CREANCES DE L'ACTIF CIRCULANT / Comptes de régularisation - actif / Intérêts courus et non échus à  percevoir,missing_root_type
,Etat ? débiteur,,group,,1,,COMPTES DE BILAN / COMPTES D'ACTIF CIRCULANT (HORS TRESORERIE) / CREANCES DE L'ACTIF CIRCULANT,,,,COMPTES DE BILAN / COMPTES D'ACTIF CIRCULANT (HORS TRESORERIE) / CREANCES DE L'ACTIF CIRCULANT / Etat ? débiteur,missing_root_type
,Acomptes sur impôts sur les résultats,,unspecified,,0,,COMPTES DE BILAN / COMPTES D'ACTIF CIRCULANT (HORS TRESORERIE) / CREANCES DE L'ACTIF CIRCULANT / Etat ? débiteur,,,,COMPTES DE BILAN / COMPTES D'ACTIF CIRCULANT (HORS TRESORERIE) / CREANCES DE L'ACTIF CIRCULANT / Etat ? débiteur / Acomptes sur impôts sur les résultats,missing_root_type
,Etat - TVA récupérable,,group,,1,,COMPTES DE BILAN / COMPTES D'ACTIF CIRCULANT (HORS TRESORERIE) / CREANCES DE L'ACTIF CIRCULANT / Etat ? débiteur,,,,COMPTES DE BILAN / COMPTES D'ACTIF CIRCULANT (HORS TRESORERIE) / CREANCES DE L'ACTIF CIRCULANT / Etat ? débiteur / Etat - TVA récupérable,missing_root_type
,Etat - TVA récupérable sur charges,,group,,1,,COMPTES DE BILAN / COMPTES D'ACTIF CIRCULANT (HORS TRESORERIE) / CREANCES DE L'ACTIF CIRCULANT / Etat ? débiteur / Etat - TVA récupérable,,,,COMPTES DE BILAN / COMPTES D'ACTIF CIRCULANT (HORS TRESORERIE) / CREANCES DE L'ACTIF CIRCULANT / Etat ? débiteur / Etat - TVA récupérable / Etat - TVA récupérable sur charges,missing_root_type
,Etat - TVA récupérable sur charges 10%,,tax,,0,,COMPTES DE BILAN / COMPTES D'ACTIF CIRCULANT (HORS TRESORERIE) / CREANCES DE L'ACTIF CIRCULANT / Etat ? débiteur / Etat - TVA récupérable / Etat - TVA récupérable sur charges,Tax,,,COMPTES DE BILAN / COMPTES D'ACTIF CIRCULANT (HORS TRESORERIE) / CREANCES DE L'ACTIF CIRCULANT / Etat ? débiteur / Etat - TVA récupérable / Etat - TVA récupérable sur charges / Etat - TVA récupérable sur charges 10%,missing_root_type
,Etat - TVA récupérable sur charges 14%,,tax,,0,,COMPTES DE BILAN / COMPTES D'ACTIF CIRCULANT (HORS TRESORERIE) / CREANCES DE L'ACTIF CIRCULANT / Etat ? débiteur / Etat - TVA récupérable / Etat - TVA récupérable sur charges,Tax,,,COMPTES DE BILAN / COMPTES D'ACTIF CIRCULANT (HORS TRESORERIE) / CREANCES DE L'ACTIF CIRCULANT / Etat ? débiteur / Etat - TVA récupérable / Etat - TVA récupérable sur charges / Etat - TVA récupérable sur charges 14%,missing_root_type
,Etat - TVA récupérable sur charges 20%,,tax,,0,,COMPTES DE BILAN / COMPTES D'ACTIF CIRCULANT (HORS TRESORERIE) / CREANCES DE L'ACTIF CIRCULANT / Etat ? débiteur / Etat - TVA récupérable / Etat - TVA récupérable sur charges,Tax,,,COMPTES DE BILAN / COMPTES D'ACTIF CIRCULANT (HORS TRESORERIE) / CREANCES DE L'ACTIF CIRCULANT / Etat ? débiteur / Etat - TVA récupérable / Etat - TVA récupérable sur charges / Etat - TVA récupérable sur charges 20%,missing_root_type
,Etat - TVA récupérable sur charges 7%,,tax,,0,,COMPTES DE BILAN / COMPTES D'ACTIF CIRCULANT (HORS TRESORERIE) / CREANCES DE L'ACTIF CIRCULANT / Etat ? débiteur / Etat - TVA récupérable / Etat - TVA récupérable sur charges,Tax,,,COMPTES DE BILAN / COMPTES D'ACTIF CIRCULANT (HORS TRESORERIE) / CREANCES DE L'ACTIF CIRCULANT / Etat ? débiteur / Etat - TVA récupérable / Etat - TVA récupérable sur charges / Etat - TVA récupérable sur charges 7%,missing_root_type
,Etat - TVA récupérable sur immobilisations,,tax,,0,,COMPTES DE BILAN / COMPTES D'ACTIF CIRCULANT (HORS TRESORERIE) / CREANCES DE L'ACTIF CIRCULANT / Etat ? débiteur / Etat - TVA récupérable,Tax,,,COMPTES DE BILAN / COMPTES D'ACTIF CIRCULANT (HORS TRESORERIE) / CREANCES DE L'ACTIF CIRCULANT / Etat ? débiteur / Etat - TVA récupérable / Etat - TVA récupérable sur immobilisations,missing_root_type
,Etat - autres comptes débiteurs,,tax,,0,,COMPTES DE BILAN / COMPTES D'ACTIF CIRCULANT (HORS TRESORERIE) / CREANCES DE L'ACTIF CIRCULANT / Etat ? débiteur,Tax,,,COMPTES DE BILAN / COMPTES D'ACTIF CIRCULANT (HORS TRESORERIE) / CREANCES DE L'ACTIF CIRCULANT / Etat ? débiteur / Etat - autres comptes débiteurs,missing_root_type
,Etat - crédit de TVA (suivant déclaration),,tax,,0,,COMPTES DE BILAN / COMPTES D'ACTIF CIRCULANT (HORS TRESORERIE) / CREANCES DE L'ACTIF CIRCULANT / Etat ? débiteur,Tax,,,COMPTES DE BILAN / COMPTES D'ACTIF CIRCULANT (HORS TRESORERIE) / CREANCES DE L'ACTIF CIRCULANT / Etat ? débiteur / Etat - crédit de TVA (suivant déclaration),missing_root_type
,Subventions à  recevoir,,group,,1,,COMPTES DE BILAN / COMPTES D'ACTIF CIRCULANT (HORS TRESORERIE) / CREANCES DE L'ACTIF CIRCULANT / Etat ? débiteur,,,,COMPTES DE BILAN / COMPTES D'ACTIF CIRCULANT (HORS TRESORERIE) / CREANCES DE L'ACTIF CIRCULANT / Etat ? débiteur / Subventions à  recevoir,missing_root_type
,Subventions d'exploitation à  recevoir,,unspecified,,0,,COMPTES DE BILAN / COMPTES D'ACTIF CIRCULANT (HORS TRESORERIE) / CREANCES DE L'ACTIF CIRCULANT / Etat ? débiteur / Subventions à  recevoir,,,,COMPTES DE BILAN / COMPTES D'ACTIF CIRCULANT (HORS TRESORERIE) / CREANCES DE L'ACTIF CIRCULANT / Etat ? débiteur / Subventions à  recevoir / Subventions d'exploitation à  recevoir,missing_root_type
,Subventions d'investissement à  recevoir,,unspecified,,0,,COMPTES DE BILAN / COMPTES D'ACTIF CIRCULANT (HORS TRESORERIE) / CREANCES DE L'ACTIF CIRCULANT / Etat ? débiteur / Subventions à  recevoir,,,,COMPTES DE BILAN / COMPTES D'ACTIF CIRCULANT (HORS TRESORERIE) / CREANCES DE L'ACTIF CIRCULANT / Etat ? débiteur / Subventions à  recevoir / Subventions d'investissement à  recevoir,missing_root_type
,Subventions d'équilibre à  recevoir,,unspecified,,0,,COMPTES DE BILAN / COMPTES D'ACTIF CIRCULANT (HORS TRESORERIE) / CREANCES DE L'ACTIF CIRCULANT / Etat ? débiteur / Subventions à  recevoir,,,,COMPTES DE BILAN / COMPTES D'ACTIF CIRCULANT (HORS TRESORERIE) / CREANCES DE L'ACTIF CIRCULANT / Etat ? débiteur / Subventions à  recevoir / Subventions d'équilibre à  recevoir,missing_root_type
,"Fournisseurs débiteurs, avances et acomptes",,group,,1,,COMPTES DE BILAN / COMPTES D'ACTIF CIRCULANT (HORS TRESORERIE) / CREANCES DE L'ACTIF CIRCULANT,,,,"COMPTES DE BILAN / COMPTES D'ACTIF CIRCULANT (HORS TRESORERIE) / CREANCES DE L'ACTIF CIRCULANT / Fournisseurs débiteurs, avances et acomptes",missing_root_type
,Autres fournisseurs débiteurs,,unspecified,,0,,"COMPTES DE BILAN / COMPTES D'ACTIF CIRCULANT (HORS TRESORERIE) / CREANCES DE L'ACTIF CIRCULANT / Fournisseurs débiteurs, avances et acomptes",,,,"COMPTES DE BILAN / COMPTES D'ACTIF CIRCULANT (HORS TRESORERIE) / CREANCES DE L'ACTIF CIRCULANT / Fournisseurs débiteurs, avances et acomptes / Autres fournisseurs débiteurs",missing_root_type
,Fournisseurs - avances et acomptes versés sur commandes d'exploitation,,unspecified,,0,,"COMPTES DE BILAN / COMPTES D'ACTIF CIRCULANT (HORS TRESORERIE) / CREANCES DE L'ACTIF CIRCULANT / Fournisseurs débiteurs, avances et acomptes",,,,"COMPTES DE BILAN / COMPTES D'ACTIF CIRCULANT (HORS TRESORERIE) / CREANCES DE L'ACTIF CIRCULANT / Fournisseurs débiteurs, avances et acomptes / Fournisseurs - avances et acomptes versés sur commandes d'exploitation",missing_root_type
,Fournisseurs - créances pour emballages et matériel à  rendre,,unspecified,,0,,"COMPTES DE BILAN / COMPTES D'ACTIF CIRCULANT (HORS TRESORERIE) / CREANCES DE L'ACTIF CIRCULANT / Fournisseurs débiteurs, avances et acomptes",,,,"COMPTES DE BILAN / COMPTES D'ACTIF CIRCULANT (HORS TRESORERIE) / CREANCES DE L'ACTIF CIRCULANT / Fournisseurs débiteurs, avances et acomptes / Fournisseurs - créances pour emballages et matériel à  rendre",missing_root_type
,"Rabais, remises et ristournes à  obtenir - avoirs non encore reçus",,unspecified,,0,,"COMPTES DE BILAN / COMPTES D'ACTIF CIRCULANT (HORS TRESORERIE) / CREANCES DE L'ACTIF CIRCULANT / Fournisseurs débiteurs, avances et acomptes",,,,"COMPTES DE BILAN / COMPTES D'ACTIF CIRCULANT (HORS TRESORERIE) / CREANCES DE L'ACTIF CIRCULANT / Fournisseurs débiteurs, avances et acomptes / Rabais, remises et ristournes à  obtenir - avoirs non encore reçus",missing_root_type
,Personnel - débiteur,,group,,1,,COMPTES DE BILAN / COMPTES D'ACTIF CIRCULANT (HORS TRESORERIE) / CREANCES DE L'ACTIF CIRCULANT,,,,COMPTES DE BILAN / COMPTES D'ACTIF CIRCULANT (HORS TRESORERIE) / CREANCES DE L'ACTIF CIRCULANT / Personnel - débiteur,missing_root_type
,Avances et acomptes au personnel,,unspecified,,0,,COMPTES DE BILAN / COMPTES D'ACTIF CIRCULANT (HORS TRESORERIE) / CREANCES DE L'ACTIF CIRCULANT / Personnel - débiteur,,,,COMPTES DE BILAN / COMPTES D'ACTIF CIRCULANT (HORS TRESORERIE) / CREANCES DE L'ACTIF CIRCULANT / Personnel - débiteur / Avances et acomptes au personnel,missing_root_type
,Personnel - autres débiteurs,,unspecified,,0,,COMPTES DE BILAN / COMPTES D'ACTIF CIRCULANT (HORS TRESORERIE) / CREANCES DE L'ACTIF CIRCULANT / Personnel - débiteur,,,,COMPTES DE BILAN / COMPTES D'ACTIF CIRCULANT (HORS TRESORERIE) / CREANCES DE L'ACTIF CIRCULANT / Personnel - débiteur / Personnel - autres débiteurs,missing_root_type
,ECART DE CONVERSION - ACTIF (Éléments circulants),,group,,1,,COMPTES DE BILAN / COMPTES D'ACTIF CIRCULANT (HORS TRESORERIE),,,,COMPTES DE BILAN / COMPTES D'ACTIF CIRCULANT (HORS TRESORERIE) / ECART DE CONVERSION - ACTIF (Éléments circulants),missing_root_type
,Écart de conversion - Actif (éléments circulant),,group,,1,,COMPTES DE BILAN / COMPTES D'ACTIF CIRCULANT (HORS TRESORERIE) / ECART DE CONVERSION - ACTIF (Éléments circulants),,,,COMPTES DE BILAN / COMPTES D'ACTIF CIRCULANT (HORS TRESORERIE) / ECART DE CONVERSION - ACTIF (Éléments circulants) / Écart de conversion - Actif (éléments circulant),missing_root_type
,Augmentation des dettes circulantes,,unspecified,,0,,COMPTES DE BILAN / COMPTES D'ACTIF CIRCULANT (HORS TRESORERIE) / ECART DE CONVERSION - ACTIF (Éléments circulants) / Écart de conversion - Actif (éléments circulant),,,,COMPTES DE BILAN / COMPTES D'ACTIF CIRCULANT (HORS TRESORERIE) / ECART DE CONVERSION - ACTIF (Éléments circulants) / Écart de conversion - Actif (éléments circulant) / Augmentation des dettes circulantes,missing_root_type
,Diminution des créances circulantes,,unspecified,,0,,COMPTES DE BILAN / COMPTES D'ACTIF CIRCULANT (HORS TRESORERIE) / ECART DE CONVERSION - ACTIF (Éléments circulants) / Écart de conversion - Actif (éléments circulant),,,,COMPTES DE BILAN / COMPTES D'ACTIF CIRCULANT (HORS TRESORERIE) / ECART DE CONVERSION - ACTIF (Éléments circulants) / Écart de conversion - Actif (éléments circulant) / Diminution des créances circulantes,missing_root_type
,PROVISIONS POUR DEPRECIATION DES COMPTES DE L'ACTIF CIRCULANT,,group,,1,,COMPTES DE BILAN / COMPTES D'ACTIF CIRCULANT (HORS TRESORERIE),,,,COMPTES DE BILAN / COMPTES D'ACTIF CIRCULANT (HORS TRESORERIE) / PROVISIONS POUR DEPRECIATION DES COMPTES DE L'ACTIF CIRCULANT,missing_root_type
,Provisions pour dépréciation des créances de l'actif circulant,,group,,1,,COMPTES DE BILAN / COMPTES D'ACTIF CIRCULANT (HORS TRESORERIE) / PROVISIONS POUR DEPRECIATION DES COMPTES DE L'ACTIF CIRCULANT,,,,COMPTES DE BILAN / COMPTES D'ACTIF CIRCULANT (HORS TRESORERIE) / PROVISIONS POUR DEPRECIATION DES COMPTES DE L'ACTIF CIRCULANT / Provisions pour dépréciation des créances de l'actif circulant,missing_root_type
,"Provisions pour dépréciation - fournisseurs débiteurs, avances et acomptes",,unspecified,,0,,COMPTES DE BILAN / COMPTES D'ACTIF CIRCULANT (HORS TRESORERIE) / PROVISIONS POUR DEPRECIATION DES COMPTES DE L'ACTIF CIRCULANT / Provisions pour dépréciation des créances de l'actif circulant,,,,"COMPTES DE BILAN / COMPTES D'ACTIF CIRCULANT (HORS TRESORERIE) / PROVISIONS POUR DEPRECIATION DES COMPTES DE L'ACTIF CIRCULANT / Provisions pour dépréciation des créances de l'actif circulant / Provisions pour dépréciation - fournisseurs débiteurs, avances et acomptes",missing_root_type
,Provisions pour dépréciation des autres débiteurs,,unspecified,,0,,COMPTES DE BILAN / COMPTES D'ACTIF CIRCULANT (HORS TRESORERIE) / PROVISIONS POUR DEPRECIATION DES COMPTES DE L'ACTIF CIRCULANT / Provisions pour dépréciation des créances de l'actif circulant,,,,COMPTES DE BILAN / COMPTES D'ACTIF CIRCULANT (HORS TRESORERIE) / PROVISIONS POUR DEPRECIATION DES COMPTES DE L'ACTIF CIRCULANT / Provisions pour dépréciation des créances de l'actif circulant / Provisions pour dépréciation des autres débiteurs,missing_root_type
,Provisions pour dépréciation des clients et comptes rattachés,,unspecified,,0,,COMPTES DE BILAN / COMPTES D'ACTIF CIRCULANT (HORS TRESORERIE) / PROVISIONS POUR DEPRECIATION DES COMPTES DE L'ACTIF CIRCULANT / Provisions pour dépréciation des créances de l'actif circulant,,,,COMPTES DE BILAN / COMPTES D'ACTIF CIRCULANT (HORS TRESORERIE) / PROVISIONS POUR DEPRECIATION DES COMPTES DE L'ACTIF CIRCULANT / Provisions pour dépréciation des créances de l'actif circulant / Provisions pour dépréciation des clients et comptes rattachés,missing_root_type
,Provisions pour dépréciation des comptes d'associés débiteurs,,unspecified,,0,,COMPTES DE BILAN / COMPTES D'ACTIF CIRCULANT (HORS TRESORERIE) / PROVISIONS POUR DEPRECIATION DES COMPTES DE L'ACTIF CIRCULANT / Provisions pour dépréciation des créances de l'actif circulant,,,,COMPTES DE BILAN / COMPTES D'ACTIF CIRCULANT (HORS TRESORERIE) / PROVISIONS POUR DEPRECIATION DES COMPTES DE L'ACTIF CIRCULANT / Provisions pour dépréciation des créances de l'actif circulant / Provisions pour dépréciation des comptes d'associés débiteurs,missing_root_type
,Provisions pour dépréciation du personnel - débiteur,,unspecified,,0,,COMPTES DE BILAN / COMPTES D'ACTIF CIRCULANT (HORS TRESORERIE) / PROVISIONS POUR DEPRECIATION DES COMPTES DE L'ACTIF CIRCULANT / Provisions pour dépréciation des créances de l'actif circulant,,,,COMPTES DE BILAN / COMPTES D'ACTIF CIRCULANT (HORS TRESORERIE) / PROVISIONS POUR DEPRECIATION DES COMPTES DE L'ACTIF CIRCULANT / Provisions pour dépréciation des créances de l'actif circulant / Provisions pour dépréciation du personnel - débiteur,missing_root_type
,Provisions pour dépréciation des stocks,,group,,1,,COMPTES DE BILAN / COMPTES D'ACTIF CIRCULANT (HORS TRESORERIE) / PROVISIONS POUR DEPRECIATION DES COMPTES DE L'ACTIF CIRCULANT,,,,COMPTES DE BILAN / COMPTES D'ACTIF CIRCULANT (HORS TRESORERIE) / PROVISIONS POUR DEPRECIATION DES COMPTES DE L'ACTIF CIRCULANT / Provisions pour dépréciation des stocks,missing_root_type
,Provisions pour dépréciation des marchandises,,unspecified,,0,,COMPTES DE BILAN / COMPTES D'ACTIF CIRCULANT (HORS TRESORERIE) / PROVISIONS POUR DEPRECIATION DES COMPTES DE L'ACTIF CIRCULANT / Provisions pour dépréciation des stocks,,,,COMPTES DE BILAN / COMPTES D'ACTIF CIRCULANT (HORS TRESORERIE) / PROVISIONS POUR DEPRECIATION DES COMPTES DE L'ACTIF CIRCULANT / Provisions pour dépréciation des stocks / Provisions pour dépréciation des marchandises,missing_root_type
,Provisions pour dépréciation des matières et fournitures,,unspecified,,0,,COMPTES DE BILAN / COMPTES D'ACTIF CIRCULANT (HORS TRESORERIE) / PROVISIONS POUR DEPRECIATION DES COMPTES DE L'ACTIF CIRCULANT / Provisions pour dépréciation des stocks,,,,COMPTES DE BILAN / COMPTES D'ACTIF CIRCULANT (HORS TRESORERIE) / PROVISIONS POUR DEPRECIATION DES COMPTES DE L'ACTIF CIRCULANT / Provisions pour dépréciation des stocks / Provisions pour dépréciation des matières et fournitures,missing_root_type
,Provisions pour dépréciation des produits en cours,,unspecified,,0,,COMPTES DE BILAN / COMPTES D'ACTIF CIRCULANT (HORS TRESORERIE) / PROVISIONS POUR DEPRECIATION DES COMPTES DE L'ACTIF CIRCULANT / Provisions pour dépréciation des stocks,,,,COMPTES DE BILAN / COMPTES D'ACTIF CIRCULANT (HORS TRESORERIE) / PROVISIONS POUR DEPRECIATION DES COMPTES DE L'ACTIF CIRCULANT / Provisions pour dépréciation des stocks / Provisions pour dépréciation des produits en cours,missing_root_type
,Provisions pour dépréciation des produits finis,,unspecified,,0,,COMPTES DE BILAN / COMPTES D'ACTIF CIRCULANT (HORS TRESORERIE) / PROVISIONS POUR DEPRECIATION DES COMPTES DE L'ACTIF CIRCULANT / Provisions pour dépréciation des stocks,,,,COMPTES DE BILAN / COMPTES D'ACTIF CIRCULANT (HORS TRESORERIE) / PROVISIONS POUR DEPRECIATION DES COMPTES DE L'ACTIF CIRCULANT / Provisions pour dépréciation des stocks / Provisions pour dépréciation des produits finis,missing_root_type
,Provisions pour dépréciation des produits intermédiaires,,unspecified,,0,,COMPTES DE BILAN / COMPTES D'ACTIF CIRCULANT (HORS TRESORERIE) / PROVISIONS POUR DEPRECIATION DES COMPTES DE L'ACTIF CIRCULANT / Provisions pour dépréciation des stocks,,,,COMPTES DE BILAN / COMPTES D'ACTIF CIRCULANT (HORS TRESORERIE) / PROVISIONS POUR DEPRECIATION DES COMPTES DE L'ACTIF CIRCULANT / Provisions pour dépréciation des stocks / Provisions pour dépréciation des produits intermédiaires,missing_root_type
,Provisions pour dépréciation des titres et valeurs de placement,,group,,1,,COMPTES DE BILAN / COMPTES D'ACTIF CIRCULANT (HORS TRESORERIE) / PROVISIONS POUR DEPRECIATION DES COMPTES DE L'ACTIF CIRCULANT,,,,COMPTES DE BILAN / COMPTES D'ACTIF CIRCULANT (HORS TRESORERIE) / PROVISIONS POUR DEPRECIATION DES COMPTES DE L'ACTIF CIRCULANT / Provisions pour dépréciation des titres et valeurs de placement,missing_root_type
,Provisions pour dépréciation des titres et valeurs de placement,,unspecified,,0,,COMPTES DE BILAN / COMPTES D'ACTIF CIRCULANT (HORS TRESORERIE) / PROVISIONS POUR DEPRECIATION DES COMPTES DE L'ACTIF CIRCULANT / Provisions pour dépréciation des titres et valeurs de placement,,,,COMPTES DE BILAN / COMPTES D'ACTIF CIRCULANT (HORS TRESORERIE) / PROVISIONS POUR DEPRECIATION DES COMPTES DE L'ACTIF CIRCULANT / Provisions pour dépréciation des titres et valeurs de placement / Provisions pour dépréciation des titres et valeurs de placement,missing_root_type
,STOCKS,,group,,1,,COMPTES DE BILAN / COMPTES D'ACTIF CIRCULANT (HORS TRESORERIE),,,,COMPTES DE BILAN / COMPTES D'ACTIF CIRCULANT (HORS TRESORERIE) / STOCKS,missing_root_type
,Marchandises,,group,,1,,COMPTES DE BILAN / COMPTES D'ACTIF CIRCULANT (HORS TRESORERIE) / STOCKS,,,,COMPTES DE BILAN / COMPTES D'ACTIF CIRCULANT (HORS TRESORERIE) / STOCKS / Marchandises,missing_root_type
,Autres marchandises,,inventory,,0,,COMPTES DE BILAN / COMPTES D'ACTIF CIRCULANT (HORS TRESORERIE) / STOCKS / Marchandises,Stock,,,COMPTES DE BILAN / COMPTES D'ACTIF CIRCULANT (HORS TRESORERIE) / STOCKS / Marchandises / Autres marchandises,missing_root_type
,Marchandises (groupe A),,inventory,,0,,COMPTES DE BILAN / COMPTES D'ACTIF CIRCULANT (HORS TRESORERIE) / STOCKS / Marchandises,Stock,,,COMPTES DE BILAN / COMPTES D'ACTIF CIRCULANT (HORS TRESORERIE) / STOCKS / Marchandises / Marchandises (groupe A),missing_root_type
,Marchandises (groupe B),,inventory,,0,,COMPTES DE BILAN / COMPTES D'ACTIF CIRCULANT (HORS TRESORERIE) / STOCKS / Marchandises,Stock,,,COMPTES DE BILAN / COMPTES D'ACTIF CIRCULANT (HORS TRESORERIE) / STOCKS / Marchandises / Marchandises (groupe B),missing_root_type
,Marchandises en cours de route,,inventory,,0,,COMPTES DE BILAN / COMPTES D'ACTIF CIRCULANT (HORS TRESORERIE) / STOCKS / Marchandises,Stock,,,COMPTES DE BILAN / COMPTES D'ACTIF CIRCULANT (HORS TRESORERIE) / STOCKS / Marchandises / Marchandises en cours de route,missing_root_type
,Matières et fournitures consommables,,group,,1,,COMPTES DE BILAN / COMPTES D'ACTIF CIRCULANT (HORS TRESORERIE) / STOCKS,,,,COMPTES DE BILAN / COMPTES D'ACTIF CIRCULANT (HORS TRESORERIE) / STOCKS / Matières et fournitures consommables,missing_root_type
,Autres matières et fournitures consommables,,inventory,,0,,COMPTES DE BILAN / COMPTES D'ACTIF CIRCULANT (HORS TRESORERIE) / STOCKS / Matières et fournitures consommables,Stock,,,COMPTES DE BILAN / COMPTES D'ACTIF CIRCULANT (HORS TRESORERIE) / STOCKS / Matières et fournitures consommables / Autres matières et fournitures consommables,missing_root_type
,Emballages,,group,,1,,COMPTES DE BILAN / COMPTES D'ACTIF CIRCULANT (HORS TRESORERIE) / STOCKS / Matières et fournitures consommables,,,,COMPTES DE BILAN / COMPTES D'ACTIF CIRCULANT (HORS TRESORERIE) / STOCKS / Matières et fournitures consommables / Emballages,missing_root_type
,Emballages perdus,,inventory,,0,,COMPTES DE BILAN / COMPTES D'ACTIF CIRCULANT (HORS TRESORERIE) / STOCKS / Matières et fournitures consommables / Emballages,Stock,,,COMPTES DE BILAN / COMPTES D'ACTIF CIRCULANT (HORS TRESORERIE) / STOCKS / Matières et fournitures consommables / Emballages / Emballages perdus,missing_root_type
,Emballages récupérables non identifiables,,inventory,,0,,COMPTES DE BILAN / COMPTES D'ACTIF CIRCULANT (HORS TRESORERIE) / STOCKS / Matières et fournitures consommables / Emballages,Stock,,,COMPTES DE BILAN / COMPTES D'ACTIF CIRCULANT (HORS TRESORERIE) / STOCKS / Matières et fournitures consommables / Emballages / Emballages récupérables non identifiables,missing_root_type
,Emballages à  usage mixte,,inventory,,0,,COMPTES DE BILAN / COMPTES D'ACTIF CIRCULANT (HORS TRESORERIE) / STOCKS / Matières et fournitures consommables / Emballages,Stock,,,COMPTES DE BILAN / COMPTES D'ACTIF CIRCULANT (HORS TRESORERIE) / STOCKS / Matières et fournitures consommables / Emballages / Emballages à  usage mixte,missing_root_type
,Matières et fournitures consommables,,group,,1,,COMPTES DE BILAN / COMPTES D'ACTIF CIRCULANT (HORS TRESORERIE) / STOCKS / Matières et fournitures consommables,,,,COMPTES DE BILAN / COMPTES D'ACTIF CIRCULANT (HORS TRESORERIE) / STOCKS / Matières et fournitures consommables / Matières et fournitures consommables,missing_root_type
,Combustibles,,inventory,,0,,COMPTES DE BILAN / COMPTES D'ACTIF CIRCULANT (HORS TRESORERIE) / STOCKS / Matières et fournitures consommables / Matières et fournitures consommables,Stock,,,COMPTES DE BILAN / COMPTES D'ACTIF CIRCULANT (HORS TRESORERIE) / STOCKS / Matières et fournitures consommables / Matières et fournitures consommables / Combustibles,missing_root_type
,Fournitures d'atelier et d'usine,,inventory,,0,,COMPTES DE BILAN / COMPTES D'ACTIF CIRCULANT (HORS TRESORERIE) / STOCKS / Matières et fournitures consommables / Matières et fournitures consommables,Stock,,,COMPTES DE BILAN / COMPTES D'ACTIF CIRCULANT (HORS TRESORERIE) / STOCKS / Matières et fournitures consommables / Matières et fournitures consommables / Fournitures d'atelier et d'usine,missing_root_type
,Fournitures de bureau,,inventory,,0,,COMPTES DE BILAN / COMPTES D'ACTIF CIRCULANT (HORS TRESORERIE) / STOCKS / Matières et fournitures consommables / Matières et fournitures consommables,Stock,,,COMPTES DE BILAN / COMPTES D'ACTIF CIRCULANT (HORS TRESORERIE) / STOCKS / Matières et fournitures consommables / Matières et fournitures consommables / Fournitures de bureau,missing_root_type
,Fournitures de magasin,,inventory,,0,,COMPTES DE BILAN / COMPTES D'ACTIF CIRCULANT (HORS TRESORERIE) / STOCKS / Matières et fournitures consommables / Matières et fournitures consommables,Stock,,,COMPTES DE BILAN / COMPTES D'ACTIF CIRCULANT (HORS TRESORERIE) / STOCKS / Matières et fournitures consommables / Matières et fournitures consommables / Fournitures de magasin,missing_root_type
,Matières consommables (groupe A),,inventory,,0,,COMPTES DE BILAN / COMPTES D'ACTIF CIRCULANT (HORS TRESORERIE) / STOCKS / Matières et fournitures consommables / Matières et fournitures consommables,Stock,,,COMPTES DE BILAN / COMPTES D'ACTIF CIRCULANT (HORS TRESORERIE) / STOCKS / Matières et fournitures consommables / Matières et fournitures consommables / Matières consommables (groupe A),missing_root_type
,Matières consommables (groupe B),,inventory,,0,,COMPTES DE BILAN / COMPTES D'ACTIF CIRCULANT (HORS TRESORERIE) / STOCKS / Matières et fournitures consommables / Matières et fournitures consommables,Stock,,,COMPTES DE BILAN / COMPTES D'ACTIF CIRCULANT (HORS TRESORERIE) / STOCKS / Matières et fournitures consommables / Matières et fournitures consommables / Matières consommables (groupe B),missing_root_type
,Produits d'entretien,,inventory,,0,,COMPTES DE BILAN / COMPTES D'ACTIF CIRCULANT (HORS TRESORERIE) / STOCKS / Matières et fournitures consommables / Matières et fournitures consommables,Stock,,,COMPTES DE BILAN / COMPTES D'ACTIF CIRCULANT (HORS TRESORERIE) / STOCKS / Matières et fournitures consommables / Matières et fournitures consommables / Produits d'entretien,missing_root_type
,Matières et fournitures consommables en cours de route,,inventory,,0,,COMPTES DE BILAN / COMPTES D'ACTIF CIRCULANT (HORS TRESORERIE) / STOCKS / Matières et fournitures consommables,Stock,,,COMPTES DE BILAN / COMPTES D'ACTIF CIRCULANT (HORS TRESORERIE) / STOCKS / Matières et fournitures consommables / Matières et fournitures consommables en cours de route,missing_root_type
,Matières premières,,group,,1,,COMPTES DE BILAN / COMPTES D'ACTIF CIRCULANT (HORS TRESORERIE) / STOCKS / Matières et fournitures consommables,,,,COMPTES DE BILAN / COMPTES D'ACTIF CIRCULANT (HORS TRESORERIE) / STOCKS / Matières et fournitures consommables / Matières premières,missing_root_type
,Matières premières (groupe A),,inventory,,0,,COMPTES DE BILAN / COMPTES D'ACTIF CIRCULANT (HORS TRESORERIE) / STOCKS / Matières et fournitures consommables / Matières premières,Stock,,,COMPTES DE BILAN / COMPTES D'ACTIF CIRCULANT (HORS TRESORERIE) / STOCKS / Matières et fournitures consommables / Matières premières / Matières premières (groupe A),missing_root_type
,Matières premières (groupe B),,inventory,,0,,COMPTES DE BILAN / COMPTES D'ACTIF CIRCULANT (HORS TRESORERIE) / STOCKS / Matières et fournitures consommables / Matières premières,Stock,,,COMPTES DE BILAN / COMPTES D'ACTIF CIRCULANT (HORS TRESORERIE) / STOCKS / Matières et fournitures consommables / Matières premières / Matières premières (groupe B),missing_root_type
,Produits en cours,,group,,1,,COMPTES DE BILAN / COMPTES D'ACTIF CIRCULANT (HORS TRESORERIE) / STOCKS,,,,COMPTES DE BILAN / COMPTES D'ACTIF CIRCULANT (HORS TRESORERIE) / STOCKS / Produits en cours,missing_root_type
,Autres produits en cours,,inventory,,0,,COMPTES DE BILAN / COMPTES D'ACTIF CIRCULANT (HORS TRESORERIE) / STOCKS / Produits en cours,Stock,,,COMPTES DE BILAN / COMPTES D'ACTIF CIRCULANT (HORS TRESORERIE) / STOCKS / Produits en cours / Autres produits en cours,missing_root_type
,Biens en cours,,group,,1,,COMPTES DE BILAN / COMPTES D'ACTIF CIRCULANT (HORS TRESORERIE) / STOCKS / Produits en cours,,,,COMPTES DE BILAN / COMPTES D'ACTIF CIRCULANT (HORS TRESORERIE) / STOCKS / Produits en cours / Biens en cours,missing_root_type
,Biens intermédiaires en cours,,inventory,,0,,COMPTES DE BILAN / COMPTES D'ACTIF CIRCULANT (HORS TRESORERIE) / STOCKS / Produits en cours / Biens en cours,Stock,,,COMPTES DE BILAN / COMPTES D'ACTIF CIRCULANT (HORS TRESORERIE) / STOCKS / Produits en cours / Biens en cours / Biens intermédiaires en cours,missing_root_type
,Biens produits en cours,,inventory,,0,,COMPTES DE BILAN / COMPTES D'ACTIF CIRCULANT (HORS TRESORERIE) / STOCKS / Produits en cours / Biens en cours,Stock,,,COMPTES DE BILAN / COMPTES D'ACTIF CIRCULANT (HORS TRESORERIE) / STOCKS / Produits en cours / Biens en cours / Biens produits en cours,missing_root_type
,Biens résiduels en cours,,inventory,,0,,COMPTES DE BILAN / COMPTES D'ACTIF CIRCULANT (HORS TRESORERIE) / STOCKS / Produits en cours / Biens en cours,Stock,,,COMPTES DE BILAN / COMPTES D'ACTIF CIRCULANT (HORS TRESORERIE) / STOCKS / Produits en cours / Biens en cours / Biens résiduels en cours,missing_root_type
,Services en cours,,group,,1,,COMPTES DE BILAN / COMPTES D'ACTIF CIRCULANT (HORS TRESORERIE) / STOCKS / Produits en cours,,,,COMPTES DE BILAN / COMPTES D'ACTIF CIRCULANT (HORS TRESORERIE) / STOCKS / Produits en cours / Services en cours,missing_root_type
,Prestations en cours,,inventory,,0,,COMPTES DE BILAN / COMPTES D'ACTIF CIRCULANT (HORS TRESORERIE) / STOCKS / Produits en cours / Services en cours,Stock,,,COMPTES DE BILAN / COMPTES D'ACTIF CIRCULANT (HORS TRESORERIE) / STOCKS / Produits en cours / Services en cours / Prestations en cours,missing_root_type
,Travaux en cours,,inventory,,0,,COMPTES DE BILAN / COMPTES D'ACTIF CIRCULANT (HORS TRESORERIE) / STOCKS / Produits en cours / Services en cours,Stock,,,COMPTES DE BILAN / COMPTES D'ACTIF CIRCULANT (HORS TRESORERIE) / STOCKS / Produits en cours / Services en cours / Travaux en cours,missing_root_type
,Études en cours,,inventory,,0,,COMPTES DE BILAN / COMPTES D'ACTIF CIRCULANT (HORS TRESORERIE) / STOCKS / Produits en cours / Services en cours,Stock,,,COMPTES DE BILAN / COMPTES D'ACTIF CIRCULANT (HORS TRESORERIE) / STOCKS / Produits en cours / Services en cours / Études en cours,missing_root_type
,Produits finis,,group,,1,,COMPTES DE BILAN / COMPTES D'ACTIF CIRCULANT (HORS TRESORERIE) / STOCKS,,,,COMPTES DE BILAN / COMPTES D'ACTIF CIRCULANT (HORS TRESORERIE) / STOCKS / Produits finis,missing_root_type
,Autres produits finis,,inventory,,0,,COMPTES DE BILAN / COMPTES D'ACTIF CIRCULANT (HORS TRESORERIE) / STOCKS / Produits finis,Stock,,,COMPTES DE BILAN / COMPTES D'ACTIF CIRCULANT (HORS TRESORERIE) / STOCKS / Produits finis / Autres produits finis,missing_root_type
,Produits finis (groupe A),,inventory,,0,,COMPTES DE BILAN / COMPTES D'ACTIF CIRCULANT (HORS TRESORERIE) / STOCKS / Produits finis,Stock,,,COMPTES DE BILAN / COMPTES D'ACTIF CIRCULANT (HORS TRESORERIE) / STOCKS / Produits finis / Produits finis (groupe A),missing_root_type
,Produits finis (groupe B),,inventory,,0,,COMPTES DE BILAN / COMPTES D'ACTIF CIRCULANT (HORS TRESORERIE) / STOCKS / Produits finis,Stock,,,COMPTES DE BILAN / COMPTES D'ACTIF CIRCULANT (HORS TRESORERIE) / STOCKS / Produits finis / Produits finis (groupe B),missing_root_type
,Produits finis en cours de route,,inventory,,0,,COMPTES DE BILAN / COMPTES D'ACTIF CIRCULANT (HORS TRESORERIE) / STOCKS / Produits finis,Stock,,,COMPTES DE BILAN / COMPTES D'ACTIF CIRCULANT (HORS TRESORERIE) / STOCKS / Produits finis / Produits finis en cours de route,missing_root_type
,Produits intermédiaires et produits résiduels,,group,,1,,COMPTES DE BILAN / COMPTES D'ACTIF CIRCULANT (HORS TRESORERIE) / STOCKS,,,,COMPTES DE BILAN / COMPTES D'ACTIF CIRCULANT (HORS TRESORERIE) / STOCKS / Produits intermédiaires et produits résiduels,missing_root_type
,Autres produits intermédiaires et produits résiduels,,inventory,,0,,COMPTES DE BILAN / COMPTES D'ACTIF CIRCULANT (HORS TRESORERIE) / STOCKS / Produits intermédiaires et produits résiduels,Stock,,,COMPTES DE BILAN / COMPTES D'ACTIF CIRCULANT (HORS TRESORERIE) / STOCKS / Produits intermédiaires et produits résiduels / Autres produits intermédiaires et produits résiduels,missing_root_type
,Produits intermédiaires,,group,,1,,COMPTES DE BILAN / COMPTES D'ACTIF CIRCULANT (HORS TRESORERIE) / STOCKS / Produits intermédiaires et produits résiduels,,,,COMPTES DE BILAN / COMPTES D'ACTIF CIRCULANT (HORS TRESORERIE) / STOCKS / Produits intermédiaires et produits résiduels / Produits intermédiaires,missing_root_type
,Produits intermédiaires (groupe A),,inventory,,0,,COMPTES DE BILAN / COMPTES D'ACTIF CIRCULANT (HORS TRESORERIE) / STOCKS / Produits intermédiaires et produits résiduels / Produits intermédiaires,Stock,,,COMPTES DE BILAN / COMPTES D'ACTIF CIRCULANT (HORS TRESORERIE) / STOCKS / Produits intermédiaires et produits résiduels / Produits intermédiaires / Produits intermédiaires (groupe A),missing_root_type
,Produits intermédiaires (groupe B),,inventory,,0,,COMPTES DE BILAN / COMPTES D'ACTIF CIRCULANT (HORS TRESORERIE) / STOCKS / Produits intermédiaires et produits résiduels / Produits intermédiaires,Stock,,,COMPTES DE BILAN / COMPTES D'ACTIF CIRCULANT (HORS TRESORERIE) / STOCKS / Produits intermédiaires et produits résiduels / Produits intermédiaires / Produits intermédiaires (groupe B),missing_root_type
,Produits résiduels (ou matières de récupération),,group,,1,,COMPTES DE BILAN / COMPTES D'ACTIF CIRCULANT (HORS TRESORERIE) / STOCKS / Produits intermédiaires et produits résiduels,,,,COMPTES DE BILAN / COMPTES D'ACTIF CIRCULANT (HORS TRESORERIE) / STOCKS / Produits intermédiaires et produits résiduels / Produits résiduels (ou matières de récupération),missing_root_type
,Déchets,,inventory,,0,,COMPTES DE BILAN / COMPTES D'ACTIF CIRCULANT (HORS TRESORERIE) / STOCKS / Produits intermédiaires et produits résiduels / Produits résiduels (ou matières de récupération),Stock,,,COMPTES DE BILAN / COMPTES D'ACTIF CIRCULANT (HORS TRESORERIE) / STOCKS / Produits intermédiaires et produits résiduels / Produits résiduels (ou matières de récupération) / Déchets,missing_root_type
,Matières de récupération,,inventory,,0,,COMPTES DE BILAN / COMPTES D'ACTIF CIRCULANT (HORS TRESORERIE) / STOCKS / Produits intermédiaires et produits résiduels / Produits résiduels (ou matières de récupération),Stock,,,COMPTES DE BILAN / COMPTES D'ACTIF CIRCULANT (HORS TRESORERIE) / STOCKS / Produits intermédiaires et produits résiduels / Produits résiduels (ou matières de récupération) / Matières de récupération,missing_root_type
,Rebuts,,inventory,,0,,COMPTES DE BILAN / COMPTES D'ACTIF CIRCULANT (HORS TRESORERIE) / STOCKS / Produits intermédiaires et produits résiduels / Produits résiduels (ou matières de récupération),Stock,,,COMPTES DE BILAN / COMPTES D'ACTIF CIRCULANT (HORS TRESORERIE) / STOCKS / Produits intermédiaires et produits résiduels / Produits résiduels (ou matières de récupération) / Rebuts,missing_root_type
,TITRES ET VALEURS DE PLACEMENT,,group,,1,,COMPTES DE BILAN / COMPTES D'ACTIF CIRCULANT (HORS TRESORERIE),,,,COMPTES DE BILAN / COMPTES D'ACTIF CIRCULANT (HORS TRESORERIE) / TITRES ET VALEURS DE PLACEMENT,missing_root_type
,Titres et valeurs de placement,,group,,1,,COMPTES DE BILAN / COMPTES D'ACTIF CIRCULANT (HORS TRESORERIE) / TITRES ET VALEURS DE PLACEMENT,,,,COMPTES DE BILAN / COMPTES D'ACTIF CIRCULANT (HORS TRESORERIE) / TITRES ET VALEURS DE PLACEMENT / Titres et valeurs de placement,missing_root_type
,"Actions, partie libérée",,unspecified,,0,,COMPTES DE BILAN / COMPTES D'ACTIF CIRCULANT (HORS TRESORERIE) / TITRES ET VALEURS DE PLACEMENT / Titres et valeurs de placement,,,,"COMPTES DE BILAN / COMPTES D'ACTIF CIRCULANT (HORS TRESORERIE) / TITRES ET VALEURS DE PLACEMENT / Titres et valeurs de placement / Actions, partie libérée",missing_root_type
,"Actions, partie non libérée",,unspecified,,0,,COMPTES DE BILAN / COMPTES D'ACTIF CIRCULANT (HORS TRESORERIE) / TITRES ET VALEURS DE PLACEMENT / Titres et valeurs de placement,,,,"COMPTES DE BILAN / COMPTES D'ACTIF CIRCULANT (HORS TRESORERIE) / TITRES ET VALEURS DE PLACEMENT / Titres et valeurs de placement / Actions, partie non libérée",missing_root_type
,Autres titres et valeurs de placement similaires,,unspecified,,0,,COMPTES DE BILAN / COMPTES D'ACTIF CIRCULANT (HORS TRESORERIE) / TITRES ET VALEURS DE PLACEMENT / Titres et valeurs de placement,,,,COMPTES DE BILAN / COMPTES D'ACTIF CIRCULANT (HORS TRESORERIE) / TITRES ET VALEURS DE PLACEMENT / Titres et valeurs de placement / Autres titres et valeurs de placement similaires,missing_root_type
,Bons de caisse et bons de trésor,,group,,1,,COMPTES DE BILAN / COMPTES D'ACTIF CIRCULANT (HORS TRESORERIE) / TITRES ET VALEURS DE PLACEMENT / Titres et valeurs de placement,,,,COMPTES DE BILAN / COMPTES D'ACTIF CIRCULANT (HORS TRESORERIE) / TITRES ET VALEURS DE PLACEMENT / Titres et valeurs de placement / Bons de caisse et bons de trésor,missing_root_type
,Bons de caisse,,unspecified,,0,,COMPTES DE BILAN / COMPTES D'ACTIF CIRCULANT (HORS TRESORERIE) / TITRES ET VALEURS DE PLACEMENT / Titres et valeurs de placement / Bons de caisse et bons de trésor,,,,COMPTES DE BILAN / COMPTES D'ACTIF CIRCULANT (HORS TRESORERIE) / TITRES ET VALEURS DE PLACEMENT / Titres et valeurs de placement / Bons de caisse et bons de trésor / Bons de caisse,missing_root_type
,Bons de trésor,,unspecified,,0,,COMPTES DE BILAN / COMPTES D'ACTIF CIRCULANT (HORS TRESORERIE) / TITRES ET VALEURS DE PLACEMENT / Titres et valeurs de placement / Bons de caisse et bons de trésor,,,,COMPTES DE BILAN / COMPTES D'ACTIF CIRCULANT (HORS TRESORERIE) / TITRES ET VALEURS DE PLACEMENT / Titres et valeurs de placement / Bons de caisse et bons de trésor / Bons de trésor,missing_root_type
,Obligations,,unspecified,,0,,COMPTES DE BILAN / COMPTES D'ACTIF CIRCULANT (HORS TRESORERIE) / TITRES ET VALEURS DE PLACEMENT / Titres et valeurs de placement,,,,COMPTES DE BILAN / COMPTES D'ACTIF CIRCULANT (HORS TRESORERIE) / TITRES ET VALEURS DE PLACEMENT / Titres et valeurs de placement / Obligations,missing_root_type
,COMPTES D'ACTIF IMMOBILISE,,group,,1,,COMPTES DE BILAN,,,,COMPTES DE BILAN / COMPTES D'ACTIF IMMOBILISE,missing_root_type
,AMORTISSEMENTS DES IMMOBILISATIONS,,group,,1,,COMPTES DE BILAN / COMPTES D'ACTIF IMMOBILISE,,,,COMPTES DE BILAN / COMPTES D'ACTIF IMMOBILISE / AMORTISSEMENTS DES IMMOBILISATIONS,missing_root_type
,Amortissements des immobilisations corporelles,,group,,1,,COMPTES DE BILAN / COMPTES D'ACTIF IMMOBILISE / AMORTISSEMENTS DES IMMOBILISATIONS,,,,COMPTES DE BILAN / COMPTES D'ACTIF IMMOBILISE / AMORTISSEMENTS DES IMMOBILISATIONS / Amortissements des immobilisations corporelles,missing_root_type
,Amortissements des autres immobilisations corporelles,,unspecified,,0,,COMPTES DE BILAN / COMPTES D'ACTIF IMMOBILISE / AMORTISSEMENTS DES IMMOBILISATIONS / Amortissements des immobilisations corporelles,,,,COMPTES DE BILAN / COMPTES D'ACTIF IMMOBILISE / AMORTISSEMENTS DES IMMOBILISATIONS / Amortissements des immobilisations corporelles / Amortissements des autres immobilisations corporelles,missing_root_type
,Amortissements des constructions,,group,,1,,COMPTES DE BILAN / COMPTES D'ACTIF IMMOBILISE / AMORTISSEMENTS DES IMMOBILISATIONS / Amortissements des immobilisations corporelles,,,,COMPTES DE BILAN / COMPTES D'ACTIF IMMOBILISE / AMORTISSEMENTS DES IMMOBILISATIONS / Amortissements des immobilisations corporelles / Amortissements des constructions,missing_root_type
,Amortissements des autres constructions,,unspecified,,0,,COMPTES DE BILAN / COMPTES D'ACTIF IMMOBILISE / AMORTISSEMENTS DES IMMOBILISATIONS / Amortissements des immobilisations corporelles / Amortissements des constructions,,,,COMPTES DE BILAN / COMPTES D'ACTIF IMMOBILISE / AMORTISSEMENTS DES IMMOBILISATIONS / Amortissements des immobilisations corporelles / Amortissements des constructions / Amortissements des autres constructions,missing_root_type
,Amortissements des bâtiments,,unspecified,,0,,COMPTES DE BILAN / COMPTES D'ACTIF IMMOBILISE / AMORTISSEMENTS DES IMMOBILISATIONS / Amortissements des immobilisations corporelles / Amortissements des constructions,,,,COMPTES DE BILAN / COMPTES D'ACTIF IMMOBILISE / AMORTISSEMENTS DES IMMOBILISATIONS / Amortissements des immobilisations corporelles / Amortissements des constructions / Amortissements des bâtiments,missing_root_type
,Amortissements des constructions sur terrains d'autrui,,unspecified,,0,,COMPTES DE BILAN / COMPTES D'ACTIF IMMOBILISE / AMORTISSEMENTS DES IMMOBILISATIONS / Amortissements des immobilisations corporelles / Amortissements des constructions,,,,COMPTES DE BILAN / COMPTES D'ACTIF IMMOBILISE / AMORTISSEMENTS DES IMMOBILISATIONS / Amortissements des immobilisations corporelles / Amortissements des constructions / Amortissements des constructions sur terrains d'autrui,missing_root_type
,"Amortissements des installations, agencements et aménagements des constructions",,unspecified,,0,,COMPTES DE BILAN / COMPTES D'ACTIF IMMOBILISE / AMORTISSEMENTS DES IMMOBILISATIONS / Amortissements des immobilisations corporelles / Amortissements des constructions,,,,"COMPTES DE BILAN / COMPTES D'ACTIF IMMOBILISE / AMORTISSEMENTS DES IMMOBILISATIONS / Amortissements des immobilisations corporelles / Amortissements des constructions / Amortissements des installations, agencements et aménagements des constructions",missing_root_type
,Amortissements des ouvrages d'infrastructure,,unspecified,,0,,COMPTES DE BILAN / COMPTES D'ACTIF IMMOBILISE / AMORTISSEMENTS DES IMMOBILISATIONS / Amortissements des immobilisations corporelles / Amortissements des constructions,,,,COMPTES DE BILAN / COMPTES D'ACTIF IMMOBILISE / AMORTISSEMENTS DES IMMOBILISATIONS / Amortissements des immobilisations corporelles / Amortissements des constructions / Amortissements des ouvrages d'infrastructure,missing_root_type
,"Amortissements des installations techniques, matériel et outillage",,group,,1,,COMPTES DE BILAN / COMPTES D'ACTIF IMMOBILISE / AMORTISSEMENTS DES IMMOBILISATIONS / Amortissements des immobilisations corporelles,,,,"COMPTES DE BILAN / COMPTES D'ACTIF IMMOBILISE / AMORTISSEMENTS DES IMMOBILISATIONS / Amortissements des immobilisations corporelles / Amortissements des installations techniques, matériel et outillage",missing_root_type
,"Amortissements des autres installations techniques, matériel et outillage",,unspecified,,0,,"COMPTES DE BILAN / COMPTES D'ACTIF IMMOBILISE / AMORTISSEMENTS DES IMMOBILISATIONS / Amortissements des immobilisations corporelles / Amortissements des installations techniques, matériel et outillage",,,,"COMPTES DE BILAN / COMPTES D'ACTIF IMMOBILISE / AMORTISSEMENTS DES IMMOBILISATIONS / Amortissements des immobilisations corporelles / Amortissements des installations techniques, matériel et outillage / Amortissements des autres installations techniques, matériel et outillage",missing_root_type
,Amortissements des emballages récupérables identifiables,,unspecified,,0,,"COMPTES DE BILAN / COMPTES D'ACTIF IMMOBILISE / AMORTISSEMENTS DES IMMOBILISATIONS / Amortissements des immobilisations corporelles / Amortissements des installations techniques, matériel et outillage",,,,"COMPTES DE BILAN / COMPTES D'ACTIF IMMOBILISE / AMORTISSEMENTS DES IMMOBILISATIONS / Amortissements des immobilisations corporelles / Amortissements des installations techniques, matériel et outillage / Amortissements des emballages récupérables identifiables",missing_root_type
,Amortissements des installations techniques,,unspecified,,0,,"COMPTES DE BILAN / COMPTES D'ACTIF IMMOBILISE / AMORTISSEMENTS DES IMMOBILISATIONS / Amortissements des immobilisations corporelles / Amortissements des installations techniques, matériel et outillage",,,,"COMPTES DE BILAN / COMPTES D'ACTIF IMMOBILISE / AMORTISSEMENTS DES IMMOBILISATIONS / Amortissements des immobilisations corporelles / Amortissements des installations techniques, matériel et outillage / Amortissements des installations techniques",missing_root_type
,Amortissements du matériel et outillage,,unspecified,,0,,"COMPTES DE BILAN / COMPTES D'ACTIF IMMOBILISE / AMORTISSEMENTS DES IMMOBILISATIONS / Amortissements des immobilisations corporelles / Amortissements des installations techniques, matériel et outillage",,,,"COMPTES DE BILAN / COMPTES D'ACTIF IMMOBILISE / AMORTISSEMENTS DES IMMOBILISATIONS / Amortissements des immobilisations corporelles / Amortissements des installations techniques, matériel et outillage / Amortissements du matériel et outillage",missing_root_type
,Amortissements des terrains,,group,,1,,COMPTES DE BILAN / COMPTES D'ACTIF IMMOBILISE / AMORTISSEMENTS DES IMMOBILISATIONS / Amortissements des immobilisations corporelles,,,,COMPTES DE BILAN / COMPTES D'ACTIF IMMOBILISE / AMORTISSEMENTS DES IMMOBILISATIONS / Amortissements des immobilisations corporelles / Amortissements des terrains,missing_root_type
,Amortissements des agencements et aménagements de terrains,,unspecified,,0,,COMPTES DE BILAN / COMPTES D'ACTIF IMMOBILISE / AMORTISSEMENTS DES IMMOBILISATIONS / Amortissements des immobilisations corporelles / Amortissements des terrains,,,,COMPTES DE BILAN / COMPTES D'ACTIF IMMOBILISE / AMORTISSEMENTS DES IMMOBILISATIONS / Amortissements des immobilisations corporelles / Amortissements des terrains / Amortissements des agencements et aménagements de terrains,missing_root_type
,Amortissements des autres terrains,,unspecified,,0,,COMPTES DE BILAN / COMPTES D'ACTIF IMMOBILISE / AMORTISSEMENTS DES IMMOBILISATIONS / Amortissements des immobilisations corporelles / Amortissements des terrains,,,,COMPTES DE BILAN / COMPTES D'ACTIF IMMOBILISE / AMORTISSEMENTS DES IMMOBILISATIONS / Amortissements des immobilisations corporelles / Amortissements des terrains / Amortissements des autres terrains,missing_root_type
,Amortissements des terrains aménagés,,unspecified,,0,,COMPTES DE BILAN / COMPTES D'ACTIF IMMOBILISE / AMORTISSEMENTS DES IMMOBILISATIONS / Amortissements des immobilisations corporelles / Amortissements des terrains,,,,COMPTES DE BILAN / COMPTES D'ACTIF IMMOBILISE / AMORTISSEMENTS DES IMMOBILISATIONS / Amortissements des immobilisations corporelles / Amortissements des terrains / Amortissements des terrains aménagés,missing_root_type
,Amortissements des terrains bâtis,,unspecified,,0,,COMPTES DE BILAN / COMPTES D'ACTIF IMMOBILISE / AMORTISSEMENTS DES IMMOBILISATIONS / Amortissements des immobilisations corporelles / Amortissements des terrains,,,,COMPTES DE BILAN / COMPTES D'ACTIF IMMOBILISE / AMORTISSEMENTS DES IMMOBILISATIONS / Amortissements des immobilisations corporelles / Amortissements des terrains / Amortissements des terrains bâtis,missing_root_type
,Amortissements des terrains de gisement,,unspecified,,0,,COMPTES DE BILAN / COMPTES D'ACTIF IMMOBILISE / AMORTISSEMENTS DES IMMOBILISATIONS / Amortissements des immobilisations corporelles / Amortissements des terrains,,,,COMPTES DE BILAN / COMPTES D'ACTIF IMMOBILISE / AMORTISSEMENTS DES IMMOBILISATIONS / Amortissements des immobilisations corporelles / Amortissements des terrains / Amortissements des terrains de gisement,missing_root_type
,Amortissements des terrains nus,,unspecified,,0,,COMPTES DE BILAN / COMPTES D'ACTIF IMMOBILISE / AMORTISSEMENTS DES IMMOBILISATIONS / Amortissements des immobilisations corporelles / Amortissements des terrains,,,,COMPTES DE BILAN / COMPTES D'ACTIF IMMOBILISE / AMORTISSEMENTS DES IMMOBILISATIONS / Amortissements des immobilisations corporelles / Amortissements des terrains / Amortissements des terrains nus,missing_root_type
,Amortissements du matériel de transport,,unspecified,,0,,COMPTES DE BILAN / COMPTES D'ACTIF IMMOBILISE / AMORTISSEMENTS DES IMMOBILISATIONS / Amortissements des immobilisations corporelles,,,,COMPTES DE BILAN / COMPTES D'ACTIF IMMOBILISE / AMORTISSEMENTS DES IMMOBILISATIONS / Amortissements des immobilisations corporelles / Amortissements du matériel de transport,missing_root_type
,"Amortissements du mobilier, matériel de bureau et aménagements divers",,group,,1,,COMPTES DE BILAN / COMPTES D'ACTIF IMMOBILISE / AMORTISSEMENTS DES IMMOBILISATIONS / Amortissements des immobilisations corporelles,,,,"COMPTES DE BILAN / COMPTES D'ACTIF IMMOBILISE / AMORTISSEMENTS DES IMMOBILISATIONS / Amortissements des immobilisations corporelles / Amortissements du mobilier, matériel de bureau et aménagements divers",missing_root_type
,"Amortissements des agencements, installations et aménagements divers",,unspecified,,0,,"COMPTES DE BILAN / COMPTES D'ACTIF IMMOBILISE / AMORTISSEMENTS DES IMMOBILISATIONS / Amortissements des immobilisations corporelles / Amortissements du mobilier, matériel de bureau et aménagements divers",,,,"COMPTES DE BILAN / COMPTES D'ACTIF IMMOBILISE / AMORTISSEMENTS DES IMMOBILISATIONS / Amortissements des immobilisations corporelles / Amortissements du mobilier, matériel de bureau et aménagements divers / Amortissements des agencements, installations et aménagements divers",missing_root_type
,"Amortissements des autres mobilier, matériel de bureau et aménagements divers",,unspecified,,0,,"COMPTES DE BILAN / COMPTES D'ACTIF IMMOBILISE / AMORTISSEMENTS DES IMMOBILISATIONS / Amortissements des immobilisations corporelles / Amortissements du mobilier, matériel de bureau et aménagements divers",,,,"COMPTES DE BILAN / COMPTES D'ACTIF IMMOBILISE / AMORTISSEMENTS DES IMMOBILISATIONS / Amortissements des immobilisations corporelles / Amortissements du mobilier, matériel de bureau et aménagements divers / Amortissements des autres mobilier, matériel de bureau et aménagements divers",missing_root_type
,Amortissements du matériel de bureau,,unspecified,,0,,"COMPTES DE BILAN / COMPTES D'ACTIF IMMOBILISE / AMORTISSEMENTS DES IMMOBILISATIONS / Amortissements des immobilisations corporelles / Amortissements du mobilier, matériel de bureau et aménagements divers",,,,"COMPTES DE BILAN / COMPTES D'ACTIF IMMOBILISE / AMORTISSEMENTS DES IMMOBILISATIONS / Amortissements des immobilisations corporelles / Amortissements du mobilier, matériel de bureau et aménagements divers / Amortissements du matériel de bureau",missing_root_type
,Amortissements du matériel informatique,,unspecified,,0,,"COMPTES DE BILAN / COMPTES D'ACTIF IMMOBILISE / AMORTISSEMENTS DES IMMOBILISATIONS / Amortissements des immobilisations corporelles / Amortissements du mobilier, matériel de bureau et aménagements divers",,,,"COMPTES DE BILAN / COMPTES D'ACTIF IMMOBILISE / AMORTISSEMENTS DES IMMOBILISATIONS / Amortissements des immobilisations corporelles / Amortissements du mobilier, matériel de bureau et aménagements divers / Amortissements du matériel informatique",missing_root_type
,Amortissements du mobilier de bureau,,unspecified,,0,,"COMPTES DE BILAN / COMPTES D'ACTIF IMMOBILISE / AMORTISSEMENTS DES IMMOBILISATIONS / Amortissements des immobilisations corporelles / Amortissements du mobilier, matériel de bureau et aménagements divers",,,,"COMPTES DE BILAN / COMPTES D'ACTIF IMMOBILISE / AMORTISSEMENTS DES IMMOBILISATIONS / Amortissements des immobilisations corporelles / Amortissements du mobilier, matériel de bureau et aménagements divers / Amortissements du mobilier de bureau",missing_root_type
,Amortissements des immobilisations incorporelles,,group,,1,,COMPTES DE BILAN / COMPTES D'ACTIF IMMOBILISE / AMORTISSEMENTS DES IMMOBILISATIONS,,,,COMPTES DE BILAN / COMPTES D'ACTIF IMMOBILISE / AMORTISSEMENTS DES IMMOBILISATIONS / Amortissements des immobilisations incorporelles,missing_root_type
,Amortissements de l'immobilisation en recherche et développement,,unspecified,,0,,COMPTES DE BILAN / COMPTES D'ACTIF IMMOBILISE / AMORTISSEMENTS DES IMMOBILISATIONS / Amortissements des immobilisations incorporelles,,,,COMPTES DE BILAN / COMPTES D'ACTIF IMMOBILISE / AMORTISSEMENTS DES IMMOBILISATIONS / Amortissements des immobilisations incorporelles / Amortissements de l'immobilisation en recherche et développement,missing_root_type
,Amortissements des autres immobilisations incorporelles,,unspecified,,0,,COMPTES DE BILAN / COMPTES D'ACTIF IMMOBILISE / AMORTISSEMENTS DES IMMOBILISATIONS / Amortissements des immobilisations incorporelles,,,,COMPTES DE BILAN / COMPTES D'ACTIF IMMOBILISE / AMORTISSEMENTS DES IMMOBILISATIONS / Amortissements des immobilisations incorporelles / Amortissements des autres immobilisations incorporelles,missing_root_type
,"Amortissements des brevets, marques, droits et valeurs similaires",,unspecified,,0,,COMPTES DE BILAN / COMPTES D'ACTIF IMMOBILISE / AMORTISSEMENTS DES IMMOBILISATIONS / Amortissements des immobilisations incorporelles,,,,"COMPTES DE BILAN / COMPTES D'ACTIF IMMOBILISE / AMORTISSEMENTS DES IMMOBILISATIONS / Amortissements des immobilisations incorporelles / Amortissements des brevets, marques, droits et valeurs similaires",missing_root_type
,Amortissements du fonds commercial,,unspecified,,0,,COMPTES DE BILAN / COMPTES D'ACTIF IMMOBILISE / AMORTISSEMENTS DES IMMOBILISATIONS / Amortissements des immobilisations incorporelles,,,,COMPTES DE BILAN / COMPTES D'ACTIF IMMOBILISE / AMORTISSEMENTS DES IMMOBILISATIONS / Amortissements des immobilisations incorporelles / Amortissements du fonds commercial,missing_root_type
,Amortissements des non-valeurs,,group,,1,,COMPTES DE BILAN / COMPTES D'ACTIF IMMOBILISE / AMORTISSEMENTS DES IMMOBILISATIONS,,,,COMPTES DE BILAN / COMPTES D'ACTIF IMMOBILISE / AMORTISSEMENTS DES IMMOBILISATIONS / Amortissements des non-valeurs,missing_root_type
,Amortissements des charges à  répartir,,group,,1,,COMPTES DE BILAN / COMPTES D'ACTIF IMMOBILISE / AMORTISSEMENTS DES IMMOBILISATIONS / Amortissements des non-valeurs,,,,COMPTES DE BILAN / COMPTES D'ACTIF IMMOBILISE / AMORTISSEMENTS DES IMMOBILISATIONS / Amortissements des non-valeurs / Amortissements des charges à  répartir,missing_root_type
,Amortissements des autres charges à  répartir,,unspecified,,0,,COMPTES DE BILAN / COMPTES D'ACTIF IMMOBILISE / AMORTISSEMENTS DES IMMOBILISATIONS / Amortissements des non-valeurs / Amortissements des charges à  répartir,,,,COMPTES DE BILAN / COMPTES D'ACTIF IMMOBILISE / AMORTISSEMENTS DES IMMOBILISATIONS / Amortissements des non-valeurs / Amortissements des charges à  répartir / Amortissements des autres charges à  répartir,missing_root_type
,Amortissements des frais d'acquisition des immobilisations,,unspecified,,0,,COMPTES DE BILAN / COMPTES D'ACTIF IMMOBILISE / AMORTISSEMENTS DES IMMOBILISATIONS / Amortissements des non-valeurs / Amortissements des charges à  répartir,,,,COMPTES DE BILAN / COMPTES D'ACTIF IMMOBILISE / AMORTISSEMENTS DES IMMOBILISATIONS / Amortissements des non-valeurs / Amortissements des charges à  répartir / Amortissements des frais d'acquisition des immobilisations,missing_root_type
,Amortissements des frais d'émission des emprunts,,unspecified,,0,,COMPTES DE BILAN / COMPTES D'ACTIF IMMOBILISE / AMORTISSEMENTS DES IMMOBILISATIONS / Amortissements des non-valeurs / Amortissements des charges à  répartir,,,,COMPTES DE BILAN / COMPTES D'ACTIF IMMOBILISE / AMORTISSEMENTS DES IMMOBILISATIONS / Amortissements des non-valeurs / Amortissements des charges à  répartir / Amortissements des frais d'émission des emprunts,missing_root_type
,Amortissements des frais préliminaires,,group,,1,,COMPTES DE BILAN / COMPTES D'ACTIF IMMOBILISE / AMORTISSEMENTS DES IMMOBILISATIONS / Amortissements des non-valeurs,,,,COMPTES DE BILAN / COMPTES D'ACTIF IMMOBILISE / AMORTISSEMENTS DES IMMOBILISATIONS / Amortissements des non-valeurs / Amortissements des frais préliminaires,missing_root_type
,Amortissements des autres frais préliminaires,,unspecified,,0,,COMPTES DE BILAN / COMPTES D'ACTIF IMMOBILISE / AMORTISSEMENTS DES IMMOBILISATIONS / Amortissements des non-valeurs / Amortissements des frais préliminaires,,,,COMPTES DE BILAN / COMPTES D'ACTIF IMMOBILISE / AMORTISSEMENTS DES IMMOBILISATIONS / Amortissements des non-valeurs / Amortissements des frais préliminaires / Amortissements des autres frais préliminaires,missing_root_type
,Amortissements des frais d'augmentation du capital,,unspecified,,0,,COMPTES DE BILAN / COMPTES D'ACTIF IMMOBILISE / AMORTISSEMENTS DES IMMOBILISATIONS / Amortissements des non-valeurs / Amortissements des frais préliminaires,,,,COMPTES DE BILAN / COMPTES D'ACTIF IMMOBILISE / AMORTISSEMENTS DES IMMOBILISATIONS / Amortissements des non-valeurs / Amortissements des frais préliminaires / Amortissements des frais d'augmentation du capital,missing_root_type
,Amortissements des frais de constitution,,unspecified,,0,,COMPTES DE BILAN / COMPTES D'ACTIF IMMOBILISE / AMORTISSEMENTS DES IMMOBILISATIONS / Amortissements des non-valeurs / Amortissements des frais préliminaires,,,,COMPTES DE BILAN / COMPTES D'ACTIF IMMOBILISE / AMORTISSEMENTS DES IMMOBILISATIONS / Amortissements des non-valeurs / Amortissements des frais préliminaires / Amortissements des frais de constitution,missing_root_type
,Amortissements des frais de prospection,,unspecified,,0,,COMPTES DE BILAN / COMPTES D'ACTIF IMMOBILISE / AMORTISSEMENTS DES IMMOBILISATIONS / Amortissements des non-valeurs / Amortissements des frais préliminaires,,,,COMPTES DE BILAN / COMPTES D'ACTIF IMMOBILISE / AMORTISSEMENTS DES IMMOBILISATIONS / Amortissements des non-valeurs / Amortissements des frais préliminaires / Amortissements des frais de prospection,missing_root_type
,Amortissements des frais de publicité,,unspecified,,0,,COMPTES DE BILAN / COMPTES D'ACTIF IMMOBILISE / AMORTISSEMENTS DES IMMOBILISATIONS / Amortissements des non-valeurs / Amortissements des frais préliminaires,,,,COMPTES DE BILAN / COMPTES D'ACTIF IMMOBILISE / AMORTISSEMENTS DES IMMOBILISATIONS / Amortissements des non-valeurs / Amortissements des frais préliminaires / Amortissements des frais de publicité,missing_root_type
,Amortissements des frais préliminaires au démarrage,,unspecified,,0,,COMPTES DE BILAN / COMPTES D'ACTIF IMMOBILISE / AMORTISSEMENTS DES IMMOBILISATIONS / Amortissements des non-valeurs / Amortissements des frais préliminaires,,,,COMPTES DE BILAN / COMPTES D'ACTIF IMMOBILISE / AMORTISSEMENTS DES IMMOBILISATIONS / Amortissements des non-valeurs / Amortissements des frais préliminaires / Amortissements des frais préliminaires au démarrage,missing_root_type
,"Amortissements des frais sur opérations de fusions, scissions, et transformations",,unspecified,,0,,COMPTES DE BILAN / COMPTES D'ACTIF IMMOBILISE / AMORTISSEMENTS DES IMMOBILISATIONS / Amortissements des non-valeurs / Amortissements des frais préliminaires,,,,"COMPTES DE BILAN / COMPTES D'ACTIF IMMOBILISE / AMORTISSEMENTS DES IMMOBILISATIONS / Amortissements des non-valeurs / Amortissements des frais préliminaires / Amortissements des frais sur opérations de fusions, scissions, et transformations",missing_root_type
,Amortissements des primes de remboursement des obligations,,unspecified,,0,,COMPTES DE BILAN / COMPTES D'ACTIF IMMOBILISE / AMORTISSEMENTS DES IMMOBILISATIONS / Amortissements des non-valeurs,,,,COMPTES DE BILAN / COMPTES D'ACTIF IMMOBILISE / AMORTISSEMENTS DES IMMOBILISATIONS / Amortissements des non-valeurs / Amortissements des primes de remboursement des obligations,missing_root_type
,ECARTS DE CONVERSION - ACTIF,,group,,1,,COMPTES DE BILAN / COMPTES D'ACTIF IMMOBILISE,,,,COMPTES DE BILAN / COMPTES D'ACTIF IMMOBILISE / ECARTS DE CONVERSION - ACTIF,missing_root_type
,Augmentation des dettes de financement,,group,,1,,COMPTES DE BILAN / COMPTES D'ACTIF IMMOBILISE / ECARTS DE CONVERSION - ACTIF,,,,COMPTES DE BILAN / COMPTES D'ACTIF IMMOBILISE / ECARTS DE CONVERSION - ACTIF / Augmentation des dettes de financement,missing_root_type
,Augmentation des dettes de financement,,unspecified,,0,,COMPTES DE BILAN / COMPTES D'ACTIF IMMOBILISE / ECARTS DE CONVERSION - ACTIF / Augmentation des dettes de financement,,,,COMPTES DE BILAN / COMPTES D'ACTIF IMMOBILISE / ECARTS DE CONVERSION - ACTIF / Augmentation des dettes de financement / Augmentation des dettes de financement,missing_root_type
,Diminution des créances immobilisées,,group,,1,,COMPTES DE BILAN / COMPTES D'ACTIF IMMOBILISE / ECARTS DE CONVERSION - ACTIF,,,,COMPTES DE BILAN / COMPTES D'ACTIF IMMOBILISE / ECARTS DE CONVERSION - ACTIF / Diminution des créances immobilisées,missing_root_type
,Diminution des créances immobilisées,,unspecified,,0,,COMPTES DE BILAN / COMPTES D'ACTIF IMMOBILISE / ECARTS DE CONVERSION - ACTIF / Diminution des créances immobilisées,,,,COMPTES DE BILAN / COMPTES D'ACTIF IMMOBILISE / ECARTS DE CONVERSION - ACTIF / Diminution des créances immobilisées / Diminution des créances immobilisées,missing_root_type
,IMMOBILISATIONS CORPORELLES,,group,,1,,COMPTES DE BILAN / COMPTES D'ACTIF IMMOBILISE,,,,COMPTES DE BILAN / COMPTES D'ACTIF IMMOBILISE / IMMOBILISATIONS CORPORELLES,missing_root_type
,Autres immobilisations corporelles,,group,,1,,COMPTES DE BILAN / COMPTES D'ACTIF IMMOBILISE / IMMOBILISATIONS CORPORELLES,,,,COMPTES DE BILAN / COMPTES D'ACTIF IMMOBILISE / IMMOBILISATIONS CORPORELLES / Autres immobilisations corporelles,missing_root_type
,Autres immobilisations corporelles,,unspecified,,0,,COMPTES DE BILAN / COMPTES D'ACTIF IMMOBILISE / IMMOBILISATIONS CORPORELLES / Autres immobilisations corporelles,,,,COMPTES DE BILAN / COMPTES D'ACTIF IMMOBILISE / IMMOBILISATIONS CORPORELLES / Autres immobilisations corporelles / Autres immobilisations corporelles,missing_root_type
,Constructions,,group,,1,,COMPTES DE BILAN / COMPTES D'ACTIF IMMOBILISE / IMMOBILISATIONS CORPORELLES,,,,COMPTES DE BILAN / COMPTES D'ACTIF IMMOBILISE / IMMOBILISATIONS CORPORELLES / Constructions,missing_root_type
,Agencements et aménagements des constructions,,unspecified,,0,,COMPTES DE BILAN / COMPTES D'ACTIF IMMOBILISE / IMMOBILISATIONS CORPORELLES / Constructions,,,,COMPTES DE BILAN / COMPTES D'ACTIF IMMOBILISE / IMMOBILISATIONS CORPORELLES / Constructions / Agencements et aménagements des constructions,missing_root_type
,Autres constructions,,unspecified,,0,,COMPTES DE BILAN / COMPTES D'ACTIF IMMOBILISE / IMMOBILISATIONS CORPORELLES / Constructions,,,,COMPTES DE BILAN / COMPTES D'ACTIF IMMOBILISE / IMMOBILISATIONS CORPORELLES / Constructions / Autres constructions,missing_root_type
,Bâtiments,,group,,1,,COMPTES DE BILAN / COMPTES D'ACTIF IMMOBILISE / IMMOBILISATIONS CORPORELLES / Constructions,,,,COMPTES DE BILAN / COMPTES D'ACTIF IMMOBILISE / IMMOBILISATIONS CORPORELLES / Constructions / Bâtiments,missing_root_type
,Autres bâtiments,,unspecified,,0,,COMPTES DE BILAN / COMPTES D'ACTIF IMMOBILISE / IMMOBILISATIONS CORPORELLES / Constructions / Bâtiments,,,,COMPTES DE BILAN / COMPTES D'ACTIF IMMOBILISE / IMMOBILISATIONS CORPORELLES / Constructions / Bâtiments / Autres bâtiments,missing_root_type
,Bâtiments Administratifs et commerciaux,,unspecified,,0,,COMPTES DE BILAN / COMPTES D'ACTIF IMMOBILISE / IMMOBILISATIONS CORPORELLES / Constructions / Bâtiments,,,,COMPTES DE BILAN / COMPTES D'ACTIF IMMOBILISE / IMMOBILISATIONS CORPORELLES / Constructions / Bâtiments / Bâtiments Administratifs et commerciaux,missing_root_type
,"Bâtiments industriels (A,B,,,)",,unspecified,,0,,COMPTES DE BILAN / COMPTES D'ACTIF IMMOBILISE / IMMOBILISATIONS CORPORELLES / Constructions / Bâtiments,,,,"COMPTES DE BILAN / COMPTES D'ACTIF IMMOBILISE / IMMOBILISATIONS CORPORELLES / Constructions / Bâtiments / Bâtiments industriels (A,B,,,)",missing_root_type
,Constructions sur terrains d'autrui,,unspecified,,0,,COMPTES DE BILAN / COMPTES D'ACTIF IMMOBILISE / IMMOBILISATIONS CORPORELLES / Constructions,,,,COMPTES DE BILAN / COMPTES D'ACTIF IMMOBILISE / IMMOBILISATIONS CORPORELLES / Constructions / Constructions sur terrains d'autrui,missing_root_type
,Ouvrages d'infrastructure,,unspecified,,0,,COMPTES DE BILAN / COMPTES D'ACTIF IMMOBILISE / IMMOBILISATIONS CORPORELLES / Constructions,,,,COMPTES DE BILAN / COMPTES D'ACTIF IMMOBILISE / IMMOBILISATIONS CORPORELLES / Constructions / Ouvrages d'infrastructure,missing_root_type
,Immobilisations corporelles en cours,,group,,1,,COMPTES DE BILAN / COMPTES D'ACTIF IMMOBILISE / IMMOBILISATIONS CORPORELLES,,,,COMPTES DE BILAN / COMPTES D'ACTIF IMMOBILISE / IMMOBILISATIONS CORPORELLES / Immobilisations corporelles en cours,missing_root_type
,Autres immobilisations corporelles en cours,,unspecified,,0,,COMPTES DE BILAN / COMPTES D'ACTIF IMMOBILISE / IMMOBILISATIONS CORPORELLES / Immobilisations corporelles en cours,,,,COMPTES DE BILAN / COMPTES D'ACTIF IMMOBILISE / IMMOBILISATIONS CORPORELLES / Immobilisations corporelles en cours / Autres immobilisations corporelles en cours,missing_root_type
,Avances et acomptes versés sur commandes d'immobilisations corporelles,,unspecified,,0,,COMPTES DE BILAN / COMPTES D'ACTIF IMMOBILISE / IMMOBILISATIONS CORPORELLES / Immobilisations corporelles en cours,,,,COMPTES DE BILAN / COMPTES D'ACTIF IMMOBILISE / IMMOBILISATIONS CORPORELLES / Immobilisations corporelles en cours / Avances et acomptes versés sur commandes d'immobilisations corporelles,missing_root_type
,Immobilisations corporelles en cours de matériel de transport,,unspecified,,0,,COMPTES DE BILAN / COMPTES D'ACTIF IMMOBILISE / IMMOBILISATIONS CORPORELLES / Immobilisations corporelles en cours,,,,COMPTES DE BILAN / COMPTES D'ACTIF IMMOBILISE / IMMOBILISATIONS CORPORELLES / Immobilisations corporelles en cours / Immobilisations corporelles en cours de matériel de transport,missing_root_type
,"Immobilisations corporelles en cours de mobilier, matériel de bureau et aménagements divers",,unspecified,,0,,COMPTES DE BILAN / COMPTES D'ACTIF IMMOBILISE / IMMOBILISATIONS CORPORELLES / Immobilisations corporelles en cours,,,,"COMPTES DE BILAN / COMPTES D'ACTIF IMMOBILISE / IMMOBILISATIONS CORPORELLES / Immobilisations corporelles en cours / Immobilisations corporelles en cours de mobilier, matériel de bureau et aménagements divers",missing_root_type
,"Immobilisations corporelles en cours des installations techniques, matériel et outillage",,unspecified,,0,,COMPTES DE BILAN / COMPTES D'ACTIF IMMOBILISE / IMMOBILISATIONS CORPORELLES / Immobilisations corporelles en cours,,,,"COMPTES DE BILAN / COMPTES D'ACTIF IMMOBILISE / IMMOBILISATIONS CORPORELLES / Immobilisations corporelles en cours / Immobilisations corporelles en cours des installations techniques, matériel et outillage",missing_root_type
,Immobilisations corporelles en cours des terrains et constructions,,unspecified,,0,,COMPTES DE BILAN / COMPTES D'ACTIF IMMOBILISE / IMMOBILISATIONS CORPORELLES / Immobilisations corporelles en cours,,,,COMPTES DE BILAN / COMPTES D'ACTIF IMMOBILISE / IMMOBILISATIONS CORPORELLES / Immobilisations corporelles en cours / Immobilisations corporelles en cours des terrains et constructions,missing_root_type
,"Installations techniques, matériel et outillage",,group,,1,,COMPTES DE BILAN / COMPTES D'ACTIF IMMOBILISE / IMMOBILISATIONS CORPORELLES,,,,"COMPTES DE BILAN / COMPTES D'ACTIF IMMOBILISE / IMMOBILISATIONS CORPORELLES / Installations techniques, matériel et outillage",missing_root_type
,"Autres installations techniques, matériel et outillage",,unspecified,,0,,"COMPTES DE BILAN / COMPTES D'ACTIF IMMOBILISE / IMMOBILISATIONS CORPORELLES / Installations techniques, matériel et outillage",,,,"COMPTES DE BILAN / COMPTES D'ACTIF IMMOBILISE / IMMOBILISATIONS CORPORELLES / Installations techniques, matériel et outillage / Autres installations techniques, matériel et outillage",missing_root_type
,Emballages récupérables identifiables,,unspecified,,0,,"COMPTES DE BILAN / COMPTES D'ACTIF IMMOBILISE / IMMOBILISATIONS CORPORELLES / Installations techniques, matériel et outillage",,,,"COMPTES DE BILAN / COMPTES D'ACTIF IMMOBILISE / IMMOBILISATIONS CORPORELLES / Installations techniques, matériel et outillage / Emballages récupérables identifiables",missing_root_type
,Installations techniques,,unspecified,,0,,"COMPTES DE BILAN / COMPTES D'ACTIF IMMOBILISE / IMMOBILISATIONS CORPORELLES / Installations techniques, matériel et outillage",,,,"COMPTES DE BILAN / COMPTES D'ACTIF IMMOBILISE / IMMOBILISATIONS CORPORELLES / Installations techniques, matériel et outillage / Installations techniques",missing_root_type
,Matériel et outillage,,group,,1,,"COMPTES DE BILAN / COMPTES D'ACTIF IMMOBILISE / IMMOBILISATIONS CORPORELLES / Installations techniques, matériel et outillage",,,,"COMPTES DE BILAN / COMPTES D'ACTIF IMMOBILISE / IMMOBILISATIONS CORPORELLES / Installations techniques, matériel et outillage / Matériel et outillage",missing_root_type
,Matériel,,unspecified,,0,,"COMPTES DE BILAN / COMPTES D'ACTIF IMMOBILISE / IMMOBILISATIONS CORPORELLES / Installations techniques, matériel et outillage / Matériel et outillage",,,,"COMPTES DE BILAN / COMPTES D'ACTIF IMMOBILISE / IMMOBILISATIONS CORPORELLES / Installations techniques, matériel et outillage / Matériel et outillage / Matériel",missing_root_type
,Outillage,,unspecified,,0,,"COMPTES DE BILAN / COMPTES D'ACTIF IMMOBILISE / IMMOBILISATIONS CORPORELLES / Installations techniques, matériel et outillage / Matériel et outillage",,,,"COMPTES DE BILAN / COMPTES D'ACTIF IMMOBILISE / IMMOBILISATIONS CORPORELLES / Installations techniques, matériel et outillage / Matériel et outillage / Outillage",missing_root_type
,Matériel de transport,,group,,1,,COMPTES DE BILAN / COMPTES D'ACTIF IMMOBILISE / IMMOBILISATIONS CORPORELLES,,,,COMPTES DE BILAN / COMPTES D'ACTIF IMMOBILISE / IMMOBILISATIONS CORPORELLES / Matériel de transport,missing_root_type
,Matériel de transport,,unspecified,,0,,COMPTES DE BILAN / COMPTES D'ACTIF IMMOBILISE / IMMOBILISATIONS CORPORELLES / Matériel de transport,,,,COMPTES DE BILAN / COMPTES D'ACTIF IMMOBILISE / IMMOBILISATIONS CORPORELLES / Matériel de transport / Matériel de transport,missing_root_type
,"Mobilier, matériel de bureau et aménagements divers",,group,,1,,COMPTES DE BILAN / COMPTES D'ACTIF IMMOBILISE / IMMOBILISATIONS CORPORELLES,,,,"COMPTES DE BILAN / COMPTES D'ACTIF IMMOBILISE / IMMOBILISATIONS CORPORELLES / Mobilier, matériel de bureau et aménagements divers",missing_root_type
,"Agencements, installations et aménagements divers (biens n'appartenant pas à  l'entreprise)",,unspecified,,0,,"COMPTES DE BILAN / COMPTES D'ACTIF IMMOBILISE / IMMOBILISATIONS CORPORELLES / Mobilier, matériel de bureau et aménagements divers",,,,"COMPTES DE BILAN / COMPTES D'ACTIF IMMOBILISE / IMMOBILISATIONS CORPORELLES / Mobilier, matériel de bureau et aménagements divers / Agencements, installations et aménagements divers (biens n'appartenant pas à  l'entreprise)",missing_root_type
,"Autres mobilier, matériel de bureau et aménagements divers",,unspecified,,0,,"COMPTES DE BILAN / COMPTES D'ACTIF IMMOBILISE / IMMOBILISATIONS CORPORELLES / Mobilier, matériel de bureau et aménagements divers",,,,"COMPTES DE BILAN / COMPTES D'ACTIF IMMOBILISE / IMMOBILISATIONS CORPORELLES / Mobilier, matériel de bureau et aménagements divers / Autres mobilier, matériel de bureau et aménagements divers",missing_root_type
,Matériel de bureau,,unspecified,,0,,"COMPTES DE BILAN / COMPTES D'ACTIF IMMOBILISE / IMMOBILISATIONS CORPORELLES / Mobilier, matériel de bureau et aménagements divers",,,,"COMPTES DE BILAN / COMPTES D'ACTIF IMMOBILISE / IMMOBILISATIONS CORPORELLES / Mobilier, matériel de bureau et aménagements divers / Matériel de bureau",missing_root_type
,Matériel informatique,,unspecified,,0,,"COMPTES DE BILAN / COMPTES D'ACTIF IMMOBILISE / IMMOBILISATIONS CORPORELLES / Mobilier, matériel de bureau et aménagements divers",,,,"COMPTES DE BILAN / COMPTES D'ACTIF IMMOBILISE / IMMOBILISATIONS CORPORELLES / Mobilier, matériel de bureau et aménagements divers / Matériel informatique",missing_root_type
,Mobilier de bureau,,unspecified,,0,,"COMPTES DE BILAN / COMPTES D'ACTIF IMMOBILISE / IMMOBILISATIONS CORPORELLES / Mobilier, matériel de bureau et aménagements divers",,,,"COMPTES DE BILAN / COMPTES D'ACTIF IMMOBILISE / IMMOBILISATIONS CORPORELLES / Mobilier, matériel de bureau et aménagements divers / Mobilier de bureau",missing_root_type
,Terrains,,group,,1,,COMPTES DE BILAN / COMPTES D'ACTIF IMMOBILISE / IMMOBILISATIONS CORPORELLES,,,,COMPTES DE BILAN / COMPTES D'ACTIF IMMOBILISE / IMMOBILISATIONS CORPORELLES / Terrains,missing_root_type
,Agencements et aménagements de terrains,,unspecified,,0,,COMPTES DE BILAN / COMPTES D'ACTIF IMMOBILISE / IMMOBILISATIONS CORPORELLES / Terrains,,,,COMPTES DE BILAN / COMPTES D'ACTIF IMMOBILISE / IMMOBILISATIONS CORPORELLES / Terrains / Agencements et aménagements de terrains,missing_root_type
,Autres terrains,,unspecified,,0,,COMPTES DE BILAN / COMPTES D'ACTIF IMMOBILISE / IMMOBILISATIONS CORPORELLES / Terrains,,,,COMPTES DE BILAN / COMPTES D'ACTIF IMMOBILISE / IMMOBILISATIONS CORPORELLES / Terrains / Autres terrains,missing_root_type
,Terrains aménagés,,unspecified,,0,,COMPTES DE BILAN / COMPTES D'ACTIF IMMOBILISE / IMMOBILISATIONS CORPORELLES / Terrains,,,,COMPTES DE BILAN / COMPTES D'ACTIF IMMOBILISE / IMMOBILISATIONS CORPORELLES / Terrains / Terrains aménagés,missing_root_type
,Terrains bâtis,,unspecified,,0,,COMPTES DE BILAN / COMPTES D'ACTIF IMMOBILISE / IMMOBILISATIONS CORPORELLES / Terrains,,,,COMPTES DE BILAN / COMPTES D'ACTIF IMMOBILISE / IMMOBILISATIONS CORPORELLES / Terrains / Terrains bâtis,missing_root_type
,Terrains de gisement,,unspecified,,0,,COMPTES DE BILAN / COMPTES D'ACTIF IMMOBILISE / IMMOBILISATIONS CORPORELLES / Terrains,,,,COMPTES DE BILAN / COMPTES D'ACTIF IMMOBILISE / IMMOBILISATIONS CORPORELLES / Terrains / Terrains de gisement,missing_root_type
,Terrains nus,,unspecified,,0,,COMPTES DE BILAN / COMPTES D'ACTIF IMMOBILISE / IMMOBILISATIONS CORPORELLES / Terrains,,,,COMPTES DE BILAN / COMPTES D'ACTIF IMMOBILISE / IMMOBILISATIONS CORPORELLES / Terrains / Terrains nus,missing_root_type
,IMMOBILISATIONS EN NON-VALEURS,,group,,1,,COMPTES DE BILAN / COMPTES D'ACTIF IMMOBILISE,,,,COMPTES DE BILAN / COMPTES D'ACTIF IMMOBILISE / IMMOBILISATIONS EN NON-VALEURS,missing_root_type
,Charges à  répartir sur plusieurs exercices,,group,,1,,COMPTES DE BILAN / COMPTES D'ACTIF IMMOBILISE / IMMOBILISATIONS EN NON-VALEURS,,,,COMPTES DE BILAN / COMPTES D'ACTIF IMMOBILISE / IMMOBILISATIONS EN NON-VALEURS / Charges à  répartir sur plusieurs exercices,missing_root_type
,Autres charges à  répartir,,unspecified,,0,,COMPTES DE BILAN / COMPTES D'ACTIF IMMOBILISE / IMMOBILISATIONS EN NON-VALEURS / Charges à  répartir sur plusieurs exercices,,,,COMPTES DE BILAN / COMPTES D'ACTIF IMMOBILISE / IMMOBILISATIONS EN NON-VALEURS / Charges à  répartir sur plusieurs exercices / Autres charges à  répartir,missing_root_type
,Frais d acquisition des immobilisations,,unspecified,,0,,COMPTES DE BILAN / COMPTES D'ACTIF IMMOBILISE / IMMOBILISATIONS EN NON-VALEURS / Charges à  répartir sur plusieurs exercices,,,,COMPTES DE BILAN / COMPTES D'ACTIF IMMOBILISE / IMMOBILISATIONS EN NON-VALEURS / Charges à  répartir sur plusieurs exercices / Frais d acquisition des immobilisations,missing_root_type
,Frais d'émission des emprunts,,unspecified,,0,,COMPTES DE BILAN / COMPTES D'ACTIF IMMOBILISE / IMMOBILISATIONS EN NON-VALEURS / Charges à  répartir sur plusieurs exercices,,,,COMPTES DE BILAN / COMPTES D'ACTIF IMMOBILISE / IMMOBILISATIONS EN NON-VALEURS / Charges à  répartir sur plusieurs exercices / Frais d'émission des emprunts,missing_root_type
,Frais préliminaires,,group,,1,,COMPTES DE BILAN / COMPTES D'ACTIF IMMOBILISE / IMMOBILISATIONS EN NON-VALEURS,,,,COMPTES DE BILAN / COMPTES D'ACTIF IMMOBILISE / IMMOBILISATIONS EN NON-VALEURS / Frais préliminaires,missing_root_type
,Autres frais préliminaires,,unspecified,,0,,COMPTES DE BILAN / COMPTES D'ACTIF IMMOBILISE / IMMOBILISATIONS EN NON-VALEURS / Frais préliminaires,,,,COMPTES DE BILAN / COMPTES D'ACTIF IMMOBILISE / IMMOBILISATIONS EN NON-VALEURS / Frais préliminaires / Autres frais préliminaires,missing_root_type
,Frais d'augmentation du capital,,unspecified,,0,,COMPTES DE BILAN / COMPTES D'ACTIF IMMOBILISE / IMMOBILISATIONS EN NON-VALEURS / Frais préliminaires,,,,COMPTES DE BILAN / COMPTES D'ACTIF IMMOBILISE / IMMOBILISATIONS EN NON-VALEURS / Frais préliminaires / Frais d'augmentation du capital,missing_root_type
,Frais de constitution,,unspecified,,0,,COMPTES DE BILAN / COMPTES D'ACTIF IMMOBILISE / IMMOBILISATIONS EN NON-VALEURS / Frais préliminaires,,,,COMPTES DE BILAN / COMPTES D'ACTIF IMMOBILISE / IMMOBILISATIONS EN NON-VALEURS / Frais préliminaires / Frais de constitution,missing_root_type
,Frais de prospection,,unspecified,,0,,COMPTES DE BILAN / COMPTES D'ACTIF IMMOBILISE / IMMOBILISATIONS EN NON-VALEURS / Frais préliminaires,,,,COMPTES DE BILAN / COMPTES D'ACTIF IMMOBILISE / IMMOBILISATIONS EN NON-VALEURS / Frais préliminaires / Frais de prospection,missing_root_type
,Frais de publicité,,unspecified,,0,,COMPTES DE BILAN / COMPTES D'ACTIF IMMOBILISE / IMMOBILISATIONS EN NON-VALEURS / Frais préliminaires,,,,COMPTES DE BILAN / COMPTES D'ACTIF IMMOBILISE / IMMOBILISATIONS EN NON-VALEURS / Frais préliminaires / Frais de publicité,missing_root_type
,Frais préalables au démarrage,,unspecified,,0,,COMPTES DE BILAN / COMPTES D'ACTIF IMMOBILISE / IMMOBILISATIONS EN NON-VALEURS / Frais préliminaires,,,,COMPTES DE BILAN / COMPTES D'ACTIF IMMOBILISE / IMMOBILISATIONS EN NON-VALEURS / Frais préliminaires / Frais préalables au démarrage,missing_root_type
,"Frais sur opérations de fusions, scissions et transformations",,unspecified,,0,,COMPTES DE BILAN / COMPTES D'ACTIF IMMOBILISE / IMMOBILISATIONS EN NON-VALEURS / Frais préliminaires,,,,"COMPTES DE BILAN / COMPTES D'ACTIF IMMOBILISE / IMMOBILISATIONS EN NON-VALEURS / Frais préliminaires / Frais sur opérations de fusions, scissions et transformations",missing_root_type
,Primes de remboursement des obligations,,group,,1,,COMPTES DE BILAN / COMPTES D'ACTIF IMMOBILISE / IMMOBILISATIONS EN NON-VALEURS,,,,COMPTES DE BILAN / COMPTES D'ACTIF IMMOBILISE / IMMOBILISATIONS EN NON-VALEURS / Primes de remboursement des obligations,missing_root_type
,Primes de remboursement des obligations,,unspecified,,0,,COMPTES DE BILAN / COMPTES D'ACTIF IMMOBILISE / IMMOBILISATIONS EN NON-VALEURS / Primes de remboursement des obligations,,,,COMPTES DE BILAN / COMPTES D'ACTIF IMMOBILISE / IMMOBILISATIONS EN NON-VALEURS / Primes de remboursement des obligations / Primes de remboursement des obligations,missing_root_type
,IMMOBILISATIONS FINANCIERES 1,,group,,1,,COMPTES DE BILAN / COMPTES D'ACTIF IMMOBILISE,,,,COMPTES DE BILAN / COMPTES D'ACTIF IMMOBILISE / IMMOBILISATIONS FINANCIERES 1,missing_root_type
,Autres créances financières,,group,,1,,COMPTES DE BILAN / COMPTES D'ACTIF IMMOBILISE / IMMOBILISATIONS FINANCIERES 1,,,,COMPTES DE BILAN / COMPTES D'ACTIF IMMOBILISE / IMMOBILISATIONS FINANCIERES 1 / Autres créances financières,missing_root_type
,Créances financières diverses,,unspecified,,0,,COMPTES DE BILAN / COMPTES D'ACTIF IMMOBILISE / IMMOBILISATIONS FINANCIERES 1 / Autres créances financières,,,,COMPTES DE BILAN / COMPTES D'ACTIF IMMOBILISE / IMMOBILISATIONS FINANCIERES 1 / Autres créances financières / Créances financières diverses,missing_root_type
,Créances immobilisées,,unspecified,,0,,COMPTES DE BILAN / COMPTES D'ACTIF IMMOBILISE / IMMOBILISATIONS FINANCIERES 1 / Autres créances financières,,,,COMPTES DE BILAN / COMPTES D'ACTIF IMMOBILISE / IMMOBILISATIONS FINANCIERES 1 / Autres créances financières / Créances immobilisées,missing_root_type
,Créances rattachées à  des participations,,unspecified,,0,,COMPTES DE BILAN / COMPTES D'ACTIF IMMOBILISE / IMMOBILISATIONS FINANCIERES 1 / Autres créances financières,,,,COMPTES DE BILAN / COMPTES D'ACTIF IMMOBILISE / IMMOBILISATIONS FINANCIERES 1 / Autres créances financières / Créances rattachées à  des participations,missing_root_type
,Dépôts et cautionnements versés,,group,,1,,COMPTES DE BILAN / COMPTES D'ACTIF IMMOBILISE / IMMOBILISATIONS FINANCIERES 1 / Autres créances financières,,,,COMPTES DE BILAN / COMPTES D'ACTIF IMMOBILISE / IMMOBILISATIONS FINANCIERES 1 / Autres créances financières / Dépôts et cautionnements versés,missing_root_type
,Cautionnements,,unspecified,,0,,COMPTES DE BILAN / COMPTES D'ACTIF IMMOBILISE / IMMOBILISATIONS FINANCIERES 1 / Autres créances financières / Dépôts et cautionnements versés,,,,COMPTES DE BILAN / COMPTES D'ACTIF IMMOBILISE / IMMOBILISATIONS FINANCIERES 1 / Autres créances financières / Dépôts et cautionnements versés / Cautionnements,missing_root_type
,Dépôts,,unspecified,,0,,COMPTES DE BILAN / COMPTES D'ACTIF IMMOBILISE / IMMOBILISATIONS FINANCIERES 1 / Autres créances financières / Dépôts et cautionnements versés,,,,COMPTES DE BILAN / COMPTES D'ACTIF IMMOBILISE / IMMOBILISATIONS FINANCIERES 1 / Autres créances financières / Dépôts et cautionnements versés / Dépôts,missing_root_type
,Titres immobilisés (droits de créance),,group,,1,,COMPTES DE BILAN / COMPTES D'ACTIF IMMOBILISE / IMMOBILISATIONS FINANCIERES 1 / Autres créances financières,,,,COMPTES DE BILAN / COMPTES D'ACTIF IMMOBILISE / IMMOBILISATIONS FINANCIERES 1 / Autres créances financières / Titres immobilisés (droits de créance),missing_root_type
,Bons d'équipement,,unspecified,,0,,COMPTES DE BILAN / COMPTES D'ACTIF IMMOBILISE / IMMOBILISATIONS FINANCIERES 1 / Autres créances financières / Titres immobilisés (droits de créance),,,,COMPTES DE BILAN / COMPTES D'ACTIF IMMOBILISE / IMMOBILISATIONS FINANCIERES 1 / Autres créances financières / Titres immobilisés (droits de créance) / Bons d'équipement,missing_root_type
,Bons divers,,unspecified,,0,,COMPTES DE BILAN / COMPTES D'ACTIF IMMOBILISE / IMMOBILISATIONS FINANCIERES 1 / Autres créances financières / Titres immobilisés (droits de créance),,,,COMPTES DE BILAN / COMPTES D'ACTIF IMMOBILISE / IMMOBILISATIONS FINANCIERES 1 / Autres créances financières / Titres immobilisés (droits de créance) / Bons divers,missing_root_type
,Obligations,,unspecified,,0,,COMPTES DE BILAN / COMPTES D'ACTIF IMMOBILISE / IMMOBILISATIONS FINANCIERES 1 / Autres créances financières / Titres immobilisés (droits de créance),,,,COMPTES DE BILAN / COMPTES D'ACTIF IMMOBILISE / IMMOBILISATIONS FINANCIERES 1 / Autres créances financières / Titres immobilisés (droits de créance) / Obligations,missing_root_type
,Prêts immobilisés,,group,,1,,COMPTES DE BILAN / COMPTES D'ACTIF IMMOBILISE / IMMOBILISATIONS FINANCIERES 1,,,,COMPTES DE BILAN / COMPTES D'ACTIF IMMOBILISE / IMMOBILISATIONS FINANCIERES 1 / Prêts immobilisés,missing_root_type
,Autres prêts,,unspecified,,0,,COMPTES DE BILAN / COMPTES D'ACTIF IMMOBILISE / IMMOBILISATIONS FINANCIERES 1 / Prêts immobilisés,,,,COMPTES DE BILAN / COMPTES D'ACTIF IMMOBILISE / IMMOBILISATIONS FINANCIERES 1 / Prêts immobilisés / Autres prêts,missing_root_type
,Billets de fonds,,unspecified,,0,,COMPTES DE BILAN / COMPTES D'ACTIF IMMOBILISE / IMMOBILISATIONS FINANCIERES 1 / Prêts immobilisés,,,,COMPTES DE BILAN / COMPTES D'ACTIF IMMOBILISE / IMMOBILISATIONS FINANCIERES 1 / Prêts immobilisés / Billets de fonds,missing_root_type
,Prêts au personnel,,unspecified,,0,,COMPTES DE BILAN / COMPTES D'ACTIF IMMOBILISE / IMMOBILISATIONS FINANCIERES 1 / Prêts immobilisés,,,,COMPTES DE BILAN / COMPTES D'ACTIF IMMOBILISE / IMMOBILISATIONS FINANCIERES 1 / Prêts immobilisés / Prêts au personnel,missing_root_type
,Prêts aux associés,,unspecified,,0,,COMPTES DE BILAN / COMPTES D'ACTIF IMMOBILISE / IMMOBILISATIONS FINANCIERES 1 / Prêts immobilisés,,,,COMPTES DE BILAN / COMPTES D'ACTIF IMMOBILISE / IMMOBILISATIONS FINANCIERES 1 / Prêts immobilisés / Prêts aux associés,missing_root_type
,IMMOBILISATIONS FINANCIERES 2,,group,,1,,COMPTES DE BILAN / COMPTES D'ACTIF IMMOBILISE,,,,COMPTES DE BILAN / COMPTES D'ACTIF IMMOBILISE / IMMOBILISATIONS FINANCIERES 2,missing_root_type
,Autres titres immobilisés,,group,,1,,COMPTES DE BILAN / COMPTES D'ACTIF IMMOBILISE / IMMOBILISATIONS FINANCIERES 2,,,,COMPTES DE BILAN / COMPTES D'ACTIF IMMOBILISE / IMMOBILISATIONS FINANCIERES 2 / Autres titres immobilisés,missing_root_type
,Actions,,unspecified,,0,,COMPTES DE BILAN / COMPTES D'ACTIF IMMOBILISE / IMMOBILISATIONS FINANCIERES 2 / Autres titres immobilisés,,,,COMPTES DE BILAN / COMPTES D'ACTIF IMMOBILISE / IMMOBILISATIONS FINANCIERES 2 / Autres titres immobilisés / Actions,missing_root_type
,Titres divers,,unspecified,,0,,COMPTES DE BILAN / COMPTES D'ACTIF IMMOBILISE / IMMOBILISATIONS FINANCIERES 2 / Autres titres immobilisés,,,,COMPTES DE BILAN / COMPTES D'ACTIF IMMOBILISE / IMMOBILISATIONS FINANCIERES 2 / Autres titres immobilisés / Titres divers,missing_root_type
,Titres de participation,,group,,1,,COMPTES DE BILAN / COMPTES D'ACTIF IMMOBILISE / IMMOBILISATIONS FINANCIERES 2,,,,COMPTES DE BILAN / COMPTES D'ACTIF IMMOBILISE / IMMOBILISATIONS FINANCIERES 2 / Titres de participation,missing_root_type
,Titres de participation,,unspecified,,0,,COMPTES DE BILAN / COMPTES D'ACTIF IMMOBILISE / IMMOBILISATIONS FINANCIERES 2 / Titres de participation,,,,COMPTES DE BILAN / COMPTES D'ACTIF IMMOBILISE / IMMOBILISATIONS FINANCIERES 2 / Titres de participation / Titres de participation,missing_root_type
,IMMOBILISATIONS INCORPORELLES,,group,,1,,COMPTES DE BILAN / COMPTES D'ACTIF IMMOBILISE,,,,COMPTES DE BILAN / COMPTES D'ACTIF IMMOBILISE / IMMOBILISATIONS INCORPORELLES,missing_root_type
,Autres immobilisations incorporelles,,group,,1,,COMPTES DE BILAN / COMPTES D'ACTIF IMMOBILISE / IMMOBILISATIONS INCORPORELLES,,,,COMPTES DE BILAN / COMPTES D'ACTIF IMMOBILISE / IMMOBILISATIONS INCORPORELLES / Autres immobilisations incorporelles,missing_root_type
,Autres immobilisations incorporelles,,unspecified,,0,,COMPTES DE BILAN / COMPTES D'ACTIF IMMOBILISE / IMMOBILISATIONS INCORPORELLES / Autres immobilisations incorporelles,,,,COMPTES DE BILAN / COMPTES D'ACTIF IMMOBILISE / IMMOBILISATIONS INCORPORELLES / Autres immobilisations incorporelles / Autres immobilisations incorporelles,missing_root_type
,"Brevets, marques, droits et valeurs similaires",,group,,1,,COMPTES DE BILAN / COMPTES D'ACTIF IMMOBILISE / IMMOBILISATIONS INCORPORELLES,,,,"COMPTES DE BILAN / COMPTES D'ACTIF IMMOBILISE / IMMOBILISATIONS INCORPORELLES / Brevets, marques, droits et valeurs similaires",missing_root_type
,"Brevets, marques, droits et valeurs similaires",,unspecified,,0,,"COMPTES DE BILAN / COMPTES D'ACTIF IMMOBILISE / IMMOBILISATIONS INCORPORELLES / Brevets, marques, droits et valeurs similaires",,,,"COMPTES DE BILAN / COMPTES D'ACTIF IMMOBILISE / IMMOBILISATIONS INCORPORELLES / Brevets, marques, droits et valeurs similaires / Brevets, marques, droits et valeurs similaires",missing_root_type
,Fonds commercial,,group,,1,,COMPTES DE BILAN / COMPTES D'ACTIF IMMOBILISE / IMMOBILISATIONS INCORPORELLES,,,,COMPTES DE BILAN / COMPTES D'ACTIF IMMOBILISE / IMMOBILISATIONS INCORPORELLES / Fonds commercial,missing_root_type
,Fonds commercial,,unspecified,,0,,COMPTES DE BILAN / COMPTES D'ACTIF IMMOBILISE / IMMOBILISATIONS INCORPORELLES / Fonds commercial,,,,COMPTES DE BILAN / COMPTES D'ACTIF IMMOBILISE / IMMOBILISATIONS INCORPORELLES / Fonds commercial / Fonds commercial,missing_root_type
,Immobilisation en recherche et développement,,group,,1,,COMPTES DE BILAN / COMPTES D'ACTIF IMMOBILISE / IMMOBILISATIONS INCORPORELLES,,,,COMPTES DE BILAN / COMPTES D'ACTIF IMMOBILISE / IMMOBILISATIONS INCORPORELLES / Immobilisation en recherche et développement,missing_root_type
,Immobilisation en recherche et développement,,unspecified,,0,,COMPTES DE BILAN / COMPTES D'ACTIF IMMOBILISE / IMMOBILISATIONS INCORPORELLES / Immobilisation en recherche et développement,,,,COMPTES DE BILAN / COMPTES D'ACTIF IMMOBILISE / IMMOBILISATIONS INCORPORELLES / Immobilisation en recherche et développement / Immobilisation en recherche et développement,missing_root_type
,PROVISIONS POUR DEPRECIATION DES IMMOBILISATIONS,,group,,1,,COMPTES DE BILAN / COMPTES D'ACTIF IMMOBILISE,,,,COMPTES DE BILAN / COMPTES D'ACTIF IMMOBILISE / PROVISIONS POUR DEPRECIATION DES IMMOBILISATIONS,missing_root_type
,Provisions pour dépréciation des immobilisations corporelles,,group,,1,,COMPTES DE BILAN / COMPTES D'ACTIF IMMOBILISE / PROVISIONS POUR DEPRECIATION DES IMMOBILISATIONS,,,,COMPTES DE BILAN / COMPTES D'ACTIF IMMOBILISE / PROVISIONS POUR DEPRECIATION DES IMMOBILISATIONS / Provisions pour dépréciation des immobilisations corporelles,missing_root_type
,Provisions pour dépréciation des immobilisations corporelles,,unspecified,,0,,COMPTES DE BILAN / COMPTES D'ACTIF IMMOBILISE / PROVISIONS POUR DEPRECIATION DES IMMOBILISATIONS / Provisions pour dépréciation des immobilisations corporelles,,,,COMPTES DE BILAN / COMPTES D'ACTIF IMMOBILISE / PROVISIONS POUR DEPRECIATION DES IMMOBILISATIONS / Provisions pour dépréciation des immobilisations corporelles / Provisions pour dépréciation des immobilisations corporelles,missing_root_type
,Provisions pour dépréciation des immobilisations financières-prêts,,group,,1,,COMPTES DE BILAN / COMPTES D'ACTIF IMMOBILISE / PROVISIONS POUR DEPRECIATION DES IMMOBILISATIONS,,,,COMPTES DE BILAN / COMPTES D'ACTIF IMMOBILISE / PROVISIONS POUR DEPRECIATION DES IMMOBILISATIONS / Provisions pour dépréciation des immobilisations financières-prêts,missing_root_type
,Provisions pour dépréciation des autres créances financières,,unspecified,,0,,COMPTES DE BILAN / COMPTES D'ACTIF IMMOBILISE / PROVISIONS POUR DEPRECIATION DES IMMOBILISATIONS / Provisions pour dépréciation des immobilisations financières-prêts,,,,COMPTES DE BILAN / COMPTES D'ACTIF IMMOBILISE / PROVISIONS POUR DEPRECIATION DES IMMOBILISATIONS / Provisions pour dépréciation des immobilisations financières-prêts / Provisions pour dépréciation des autres créances financières,missing_root_type
,Provisions pour dépréciation des prêts immobilisés,,unspecified,,0,,COMPTES DE BILAN / COMPTES D'ACTIF IMMOBILISE / PROVISIONS POUR DEPRECIATION DES IMMOBILISATIONS / Provisions pour dépréciation des immobilisations financières-prêts,,,,COMPTES DE BILAN / COMPTES D'ACTIF IMMOBILISE / PROVISIONS POUR DEPRECIATION DES IMMOBILISATIONS / Provisions pour dépréciation des immobilisations financières-prêts / Provisions pour dépréciation des prêts immobilisés,missing_root_type
,Provisions pour dépréciation des immobilisations financières-titres,,group,,1,,COMPTES DE BILAN / COMPTES D'ACTIF IMMOBILISE / PROVISIONS POUR DEPRECIATION DES IMMOBILISATIONS,,,,COMPTES DE BILAN / COMPTES D'ACTIF IMMOBILISE / PROVISIONS POUR DEPRECIATION DES IMMOBILISATIONS / Provisions pour dépréciation des immobilisations financières-titres,missing_root_type
,Provisions pour dépréciation des autres titres immobilisés,,unspecified,,0,,COMPTES DE BILAN / COMPTES D'ACTIF IMMOBILISE / PROVISIONS POUR DEPRECIATION DES IMMOBILISATIONS / Provisions pour dépréciation des immobilisations financières-titres,,,,COMPTES DE BILAN / COMPTES D'ACTIF IMMOBILISE / PROVISIONS POUR DEPRECIATION DES IMMOBILISATIONS / Provisions pour dépréciation des immobilisations financières-titres / Provisions pour dépréciation des autres titres immobilisés,missing_root_type
,Provisions pour dépréciation des titres de participation,,unspecified,,0,,COMPTES DE BILAN / COMPTES D'ACTIF IMMOBILISE / PROVISIONS POUR DEPRECIATION DES IMMOBILISATIONS / Provisions pour dépréciation des immobilisations financières-titres,,,,COMPTES DE BILAN / COMPTES D'ACTIF IMMOBILISE / PROVISIONS POUR DEPRECIATION DES IMMOBILISATIONS / Provisions pour dépréciation des immobilisations financières-titres / Provisions pour dépréciation des titres de participation,missing_root_type
,Provisions pour dépréciation des immobilisations incorporelles,,group,,1,,COMPTES DE BILAN / COMPTES D'ACTIF IMMOBILISE / PROVISIONS POUR DEPRECIATION DES IMMOBILISATIONS,,,,COMPTES DE BILAN / COMPTES D'ACTIF IMMOBILISE / PROVISIONS POUR DEPRECIATION DES IMMOBILISATIONS / Provisions pour dépréciation des immobilisations incorporelles,missing_root_type
,Provisions pour dépréciation des immobilisations incorporelles,,unspecified,,0,,COMPTES DE BILAN / COMPTES D'ACTIF IMMOBILISE / PROVISIONS POUR DEPRECIATION DES IMMOBILISATIONS / Provisions pour dépréciation des immobilisations incorporelles,,,,COMPTES DE BILAN / COMPTES D'ACTIF IMMOBILISE / PROVISIONS POUR DEPRECIATION DES IMMOBILISATIONS / Provisions pour dépréciation des immobilisations incorporelles / Provisions pour dépréciation des immobilisations incorporelles,missing_root_type
,COMPTES DE FINANCEMENT PERMANENT,,group,,1,,COMPTES DE BILAN,,,,COMPTES DE BILAN / COMPTES DE FINANCEMENT PERMANENT,missing_root_type
,CAPITAUX PROPRES,,group,,1,,COMPTES DE BILAN / COMPTES DE FINANCEMENT PERMANENT,,,,COMPTES DE BILAN / COMPTES DE FINANCEMENT PERMANENT / CAPITAUX PROPRES,missing_root_type
,Autres réserves,,group,,1,,COMPTES DE BILAN / COMPTES DE FINANCEMENT PERMANENT / CAPITAUX PROPRES,,,,COMPTES DE BILAN / COMPTES DE FINANCEMENT PERMANENT / CAPITAUX PROPRES / Autres réserves,missing_root_type
,Réserves facultatives,,equity,,0,,COMPTES DE BILAN / COMPTES DE FINANCEMENT PERMANENT / CAPITAUX PROPRES / Autres réserves,Equity,,,COMPTES DE BILAN / COMPTES DE FINANCEMENT PERMANENT / CAPITAUX PROPRES / Autres réserves / Réserves facultatives,missing_root_type
,Réserves réglementées,,equity,,0,,COMPTES DE BILAN / COMPTES DE FINANCEMENT PERMANENT / CAPITAUX PROPRES / Autres réserves,Equity,,,COMPTES DE BILAN / COMPTES DE FINANCEMENT PERMANENT / CAPITAUX PROPRES / Autres réserves / Réserves réglementées,missing_root_type
,Réserves statutaires ou contractuelles,,equity,,0,,COMPTES DE BILAN / COMPTES DE FINANCEMENT PERMANENT / CAPITAUX PROPRES / Autres réserves,Equity,,,COMPTES DE BILAN / COMPTES DE FINANCEMENT PERMANENT / CAPITAUX PROPRES / Autres réserves / Réserves statutaires ou contractuelles,missing_root_type
,Capital social ou personnel,,group,,1,,COMPTES DE BILAN / COMPTES DE FINANCEMENT PERMANENT / CAPITAUX PROPRES,,,,COMPTES DE BILAN / COMPTES DE FINANCEMENT PERMANENT / CAPITAUX PROPRES / Capital social ou personnel,missing_root_type
,"Actionnaires, capital souscrit-non appelé",,equity,,0,,COMPTES DE BILAN / COMPTES DE FINANCEMENT PERMANENT / CAPITAUX PROPRES / Capital social ou personnel,Equity,,,"COMPTES DE BILAN / COMPTES DE FINANCEMENT PERMANENT / CAPITAUX PROPRES / Capital social ou personnel / Actionnaires, capital souscrit-non appelé",missing_root_type
,Capital personnel,,group,,1,,COMPTES DE BILAN / COMPTES DE FINANCEMENT PERMANENT / CAPITAUX PROPRES / Capital social ou personnel,,,,COMPTES DE BILAN / COMPTES DE FINANCEMENT PERMANENT / CAPITAUX PROPRES / Capital social ou personnel / Capital personnel,missing_root_type
,Capital individuel,,equity,,0,,COMPTES DE BILAN / COMPTES DE FINANCEMENT PERMANENT / CAPITAUX PROPRES / Capital social ou personnel / Capital personnel,Equity,,,COMPTES DE BILAN / COMPTES DE FINANCEMENT PERMANENT / CAPITAUX PROPRES / Capital social ou personnel / Capital personnel / Capital individuel,missing_root_type
,Compte de l'exploitant,,equity,,0,,COMPTES DE BILAN / COMPTES DE FINANCEMENT PERMANENT / CAPITAUX PROPRES / Capital social ou personnel / Capital personnel,Equity,,,COMPTES DE BILAN / COMPTES DE FINANCEMENT PERMANENT / CAPITAUX PROPRES / Capital social ou personnel / Capital personnel / Compte de l'exploitant,missing_root_type
,Capital social,,equity,,0,,COMPTES DE BILAN / COMPTES DE FINANCEMENT PERMANENT / CAPITAUX PROPRES / Capital social ou personnel,Equity,,,COMPTES DE BILAN / COMPTES DE FINANCEMENT PERMANENT / CAPITAUX PROPRES / Capital social ou personnel / Capital social,missing_root_type
,Fonds de dotation,,equity,,0,,COMPTES DE BILAN / COMPTES DE FINANCEMENT PERMANENT / CAPITAUX PROPRES / Capital social ou personnel,Equity,,,COMPTES DE BILAN / COMPTES DE FINANCEMENT PERMANENT / CAPITAUX PROPRES / Capital social ou personnel / Fonds de dotation,missing_root_type
,"Primes d'émission, de fusion et d'apport",,group,,1,,COMPTES DE BILAN / COMPTES DE FINANCEMENT PERMANENT / CAPITAUX PROPRES,,,,"COMPTES DE BILAN / COMPTES DE FINANCEMENT PERMANENT / CAPITAUX PROPRES / Primes d'émission, de fusion et d'apport",missing_root_type
,Primes d'apport,,equity,,0,,"COMPTES DE BILAN / COMPTES DE FINANCEMENT PERMANENT / CAPITAUX PROPRES / Primes d'émission, de fusion et d'apport",Equity,,,"COMPTES DE BILAN / COMPTES DE FINANCEMENT PERMANENT / CAPITAUX PROPRES / Primes d'émission, de fusion et d'apport / Primes d'apport",missing_root_type
,Primes d'émission,,equity,,0,,"COMPTES DE BILAN / COMPTES DE FINANCEMENT PERMANENT / CAPITAUX PROPRES / Primes d'émission, de fusion et d'apport",Equity,,,"COMPTES DE BILAN / COMPTES DE FINANCEMENT PERMANENT / CAPITAUX PROPRES / Primes d'émission, de fusion et d'apport / Primes d'émission",missing_root_type
,Primes de fusion,,equity,,0,,"COMPTES DE BILAN / COMPTES DE FINANCEMENT PERMANENT / CAPITAUX PROPRES / Primes d'émission, de fusion et d'apport",Equity,,,"COMPTES DE BILAN / COMPTES DE FINANCEMENT PERMANENT / CAPITAUX PROPRES / Primes d'émission, de fusion et d'apport / Primes de fusion",missing_root_type
,Report à  nouveau,,group,,1,,COMPTES DE BILAN / COMPTES DE FINANCEMENT PERMANENT / CAPITAUX PROPRES,,,,COMPTES DE BILAN / COMPTES DE FINANCEMENT PERMANENT / CAPITAUX PROPRES / Report à  nouveau,missing_root_type
,Report à  nouveau (solde créditeur),,equity,,0,,COMPTES DE BILAN / COMPTES DE FINANCEMENT PERMANENT / CAPITAUX PROPRES / Report à  nouveau,Equity,,,COMPTES DE BILAN / COMPTES DE FINANCEMENT PERMANENT / CAPITAUX PROPRES / Report à  nouveau / Report à  nouveau (solde créditeur),missing_root_type
,Report à  nouveau (solde débiteur),,equity,,0,,COMPTES DE BILAN / COMPTES DE FINANCEMENT PERMANENT / CAPITAUX PROPRES / Report à  nouveau,Equity,,,COMPTES DE BILAN / COMPTES DE FINANCEMENT PERMANENT / CAPITAUX PROPRES / Report à  nouveau / Report à  nouveau (solde débiteur),missing_root_type
,Réserve légale,,group,,1,,COMPTES DE BILAN / COMPTES DE FINANCEMENT PERMANENT / CAPITAUX PROPRES,,,,COMPTES DE BILAN / COMPTES DE FINANCEMENT PERMANENT / CAPITAUX PROPRES / Réserve légale,missing_root_type
,Réserve légale,,equity,,0,,COMPTES DE BILAN / COMPTES DE FINANCEMENT PERMANENT / CAPITAUX PROPRES / Réserve légale,Equity,,,COMPTES DE BILAN / COMPTES DE FINANCEMENT PERMANENT / CAPITAUX PROPRES / Réserve légale / Réserve légale,missing_root_type
,Résultat net de l'exercice,,group,,1,,COMPTES DE BILAN / COMPTES DE FINANCEMENT PERMANENT / CAPITAUX PROPRES,,,,COMPTES DE BILAN / COMPTES DE FINANCEMENT PERMANENT / CAPITAUX PROPRES / Résultat net de l'exercice,missing_root_type
,Résultat net de l'exercice (solde créditeur),,equity,,0,,COMPTES DE BILAN / COMPTES DE FINANCEMENT PERMANENT / CAPITAUX PROPRES / Résultat net de l'exercice,Equity,,,COMPTES DE BILAN / COMPTES DE FINANCEMENT PERMANENT / CAPITAUX PROPRES / Résultat net de l'exercice / Résultat net de l'exercice (solde créditeur),missing_root_type
,Résultat net de l'exercice (solde débiteur),,equity,,0,,COMPTES DE BILAN / COMPTES DE FINANCEMENT PERMANENT / CAPITAUX PROPRES / Résultat net de l'exercice,Equity,,,COMPTES DE BILAN / COMPTES DE FINANCEMENT PERMANENT / CAPITAUX PROPRES / Résultat net de l'exercice / Résultat net de l'exercice (solde débiteur),missing_root_type
,Résultats nets en instance d'affectation,,group,,1,,COMPTES DE BILAN / COMPTES DE FINANCEMENT PERMANENT / CAPITAUX PROPRES,,,,COMPTES DE BILAN / COMPTES DE FINANCEMENT PERMANENT / CAPITAUX PROPRES / Résultats nets en instance d'affectation,missing_root_type
,Résultats nets en instance d'affectation (solde créditeur),,equity,,0,,COMPTES DE BILAN / COMPTES DE FINANCEMENT PERMANENT / CAPITAUX PROPRES / Résultats nets en instance d'affectation,Equity,,,COMPTES DE BILAN / COMPTES DE FINANCEMENT PERMANENT / CAPITAUX PROPRES / Résultats nets en instance d'affectation / Résultats nets en instance d'affectation (solde créditeur),missing_root_type
,Résultats nets en instance d'affectation (solde débiteur),,equity,,0,,COMPTES DE BILAN / COMPTES DE FINANCEMENT PERMANENT / CAPITAUX PROPRES / Résultats nets en instance d'affectation,Equity,,,COMPTES DE BILAN / COMPTES DE FINANCEMENT PERMANENT / CAPITAUX PROPRES / Résultats nets en instance d'affectation / Résultats nets en instance d'affectation (solde débiteur),missing_root_type
,Écarts de réévaluation,,group,,1,,COMPTES DE BILAN / COMPTES DE FINANCEMENT PERMANENT / CAPITAUX PROPRES,,,,COMPTES DE BILAN / COMPTES DE FINANCEMENT PERMANENT / CAPITAUX PROPRES / Écarts de réévaluation,missing_root_type
,Écarts de réévaluation,,equity,,0,,COMPTES DE BILAN / COMPTES DE FINANCEMENT PERMANENT / CAPITAUX PROPRES / Écarts de réévaluation,Equity,,,COMPTES DE BILAN / COMPTES DE FINANCEMENT PERMANENT / CAPITAUX PROPRES / Écarts de réévaluation / Écarts de réévaluation,missing_root_type
,CAPITAUX PROPRES ASSIMILES,,equity,,1,,COMPTES DE BILAN / COMPTES DE FINANCEMENT PERMANENT,Equity,,,COMPTES DE BILAN / COMPTES DE FINANCEMENT PERMANENT / CAPITAUX PROPRES ASSIMILES,missing_root_type
,Provisions réglementées,,group,,1,,COMPTES DE BILAN / COMPTES DE FINANCEMENT PERMANENT / CAPITAUX PROPRES ASSIMILES,,,,COMPTES DE BILAN / COMPTES DE FINANCEMENT PERMANENT / CAPITAUX PROPRES ASSIMILES / Provisions réglementées,missing_root_type
,Autres provisions réglementées,,equity,,0,,COMPTES DE BILAN / COMPTES DE FINANCEMENT PERMANENT / CAPITAUX PROPRES ASSIMILES / Provisions réglementées,Equity,,,COMPTES DE BILAN / COMPTES DE FINANCEMENT PERMANENT / CAPITAUX PROPRES ASSIMILES / Provisions réglementées / Autres provisions réglementées,missing_root_type
,Provisions pour acquisition et construction de logements,,equity,,0,,COMPTES DE BILAN / COMPTES DE FINANCEMENT PERMANENT / CAPITAUX PROPRES ASSIMILES / Provisions réglementées,Equity,,,COMPTES DE BILAN / COMPTES DE FINANCEMENT PERMANENT / CAPITAUX PROPRES ASSIMILES / Provisions réglementées / Provisions pour acquisition et construction de logements,missing_root_type
,Provisions pour amortissements dérogatoires,,equity,,0,,COMPTES DE BILAN / COMPTES DE FINANCEMENT PERMANENT / CAPITAUX PROPRES ASSIMILES / Provisions réglementées,Equity,,,COMPTES DE BILAN / COMPTES DE FINANCEMENT PERMANENT / CAPITAUX PROPRES ASSIMILES / Provisions réglementées / Provisions pour amortissements dérogatoires,missing_root_type
,Provisions pour investissements,,equity,,0,,COMPTES DE BILAN / COMPTES DE FINANCEMENT PERMANENT / CAPITAUX PROPRES ASSIMILES / Provisions réglementées,Equity,,,COMPTES DE BILAN / COMPTES DE FINANCEMENT PERMANENT / CAPITAUX PROPRES ASSIMILES / Provisions réglementées / Provisions pour investissements,missing_root_type
,Provisions pour plus-values en instance d'imposition,,equity,,0,,COMPTES DE BILAN / COMPTES DE FINANCEMENT PERMANENT / CAPITAUX PROPRES ASSIMILES / Provisions réglementées,Equity,,,COMPTES DE BILAN / COMPTES DE FINANCEMENT PERMANENT / CAPITAUX PROPRES ASSIMILES / Provisions réglementées / Provisions pour plus-values en instance d'imposition,missing_root_type
,Provisions pour reconstitution des gisements,,equity,,0,,COMPTES DE BILAN / COMPTES DE FINANCEMENT PERMANENT / CAPITAUX PROPRES ASSIMILES / Provisions réglementées,Equity,,,COMPTES DE BILAN / COMPTES DE FINANCEMENT PERMANENT / CAPITAUX PROPRES ASSIMILES / Provisions réglementées / Provisions pour reconstitution des gisements,missing_root_type
,Subventions d'investissement,,group,,1,,COMPTES DE BILAN / COMPTES DE FINANCEMENT PERMANENT / CAPITAUX PROPRES ASSIMILES,,,,COMPTES DE BILAN / COMPTES DE FINANCEMENT PERMANENT / CAPITAUX PROPRES ASSIMILES / Subventions d'investissement,missing_root_type
,Subventions d'investissement inscrites au CPC,,equity,,0,,COMPTES DE BILAN / COMPTES DE FINANCEMENT PERMANENT / CAPITAUX PROPRES ASSIMILES / Subventions d'investissement,Equity,,,COMPTES DE BILAN / COMPTES DE FINANCEMENT PERMANENT / CAPITAUX PROPRES ASSIMILES / Subventions d'investissement / Subventions d'investissement inscrites au CPC,missing_root_type
,Subventions d'investissement reçues,,equity,,0,,COMPTES DE BILAN / COMPTES DE FINANCEMENT PERMANENT / CAPITAUX PROPRES ASSIMILES / Subventions d'investissement,Equity,,,COMPTES DE BILAN / COMPTES DE FINANCEMENT PERMANENT / CAPITAUX PROPRES ASSIMILES / Subventions d'investissement / Subventions d'investissement reçues,missing_root_type
,COMPTES DE LIAISON DES ETABLISSEMENTS ET SUCCURSALES,,group,,1,,COMPTES DE BILAN / COMPTES DE FINANCEMENT PERMANENT,,,,COMPTES DE BILAN / COMPTES DE FINANCEMENT PERMANENT / COMPTES DE LIAISON DES ETABLISSEMENTS ET SUCCURSALES,missing_root_type
,Comptes de liaison des établissements et succursales,,group,,1,,COMPTES DE BILAN / COMPTES DE FINANCEMENT PERMANENT / COMPTES DE LIAISON DES ETABLISSEMENTS ET SUCCURSALES,,,,COMPTES DE BILAN / COMPTES DE FINANCEMENT PERMANENT / COMPTES DE LIAISON DES ETABLISSEMENTS ET SUCCURSALES / Comptes de liaison des établissements et succursales,missing_root_type
,Comptes de liaison des établissements,,unspecified,,0,,COMPTES DE BILAN / COMPTES DE FINANCEMENT PERMANENT / COMPTES DE LIAISON DES ETABLISSEMENTS ET SUCCURSALES / Comptes de liaison des établissements et succursales,,,,COMPTES DE BILAN / COMPTES DE FINANCEMENT PERMANENT / COMPTES DE LIAISON DES ETABLISSEMENTS ET SUCCURSALES / Comptes de liaison des établissements et succursales / Comptes de liaison des établissements,missing_root_type
,Comptes de liaison du siège,,unspecified,,0,,COMPTES DE BILAN / COMPTES DE FINANCEMENT PERMANENT / COMPTES DE LIAISON DES ETABLISSEMENTS ET SUCCURSALES / Comptes de liaison des établissements et succursales,,,,COMPTES DE BILAN / COMPTES DE FINANCEMENT PERMANENT / COMPTES DE LIAISON DES ETABLISSEMENTS ET SUCCURSALES / Comptes de liaison des établissements et succursales / Comptes de liaison du siège,missing_root_type
,DETTES DE FINANCEMENT,,group,,1,,COMPTES DE BILAN / COMPTES DE FINANCEMENT PERMANENT,,,,COMPTES DE BILAN / COMPTES DE FINANCEMENT PERMANENT / DETTES DE FINANCEMENT,missing_root_type
,Autres dettes de financement,,group,,1,,COMPTES DE BILAN / COMPTES DE FINANCEMENT PERMANENT / DETTES DE FINANCEMENT,,,,COMPTES DE BILAN / COMPTES DE FINANCEMENT PERMANENT / DETTES DE FINANCEMENT / Autres dettes de financement,missing_root_type
,Avances de l'Etat,,unspecified,,0,,COMPTES DE BILAN / COMPTES DE FINANCEMENT PERMANENT / DETTES DE FINANCEMENT / Autres dettes de financement,,,,COMPTES DE BILAN / COMPTES DE FINANCEMENT PERMANENT / DETTES DE FINANCEMENT / Autres dettes de financement / Avances de l'Etat,missing_root_type
,Avances reçues et comptes courants bloqués,,unspecified,,0,,COMPTES DE BILAN / COMPTES DE FINANCEMENT PERMANENT / DETTES DE FINANCEMENT / Autres dettes de financement,,,,COMPTES DE BILAN / COMPTES DE FINANCEMENT PERMANENT / DETTES DE FINANCEMENT / Autres dettes de financement / Avances reçues et comptes courants bloqués,missing_root_type
,Billets de fonds,,unspecified,,0,,COMPTES DE BILAN / COMPTES DE FINANCEMENT PERMANENT / DETTES DE FINANCEMENT / Autres dettes de financement,,,,COMPTES DE BILAN / COMPTES DE FINANCEMENT PERMANENT / DETTES DE FINANCEMENT / Autres dettes de financement / Billets de fonds,missing_root_type
,Dettes de financement diverses,,unspecified,,0,,COMPTES DE BILAN / COMPTES DE FINANCEMENT PERMANENT / DETTES DE FINANCEMENT / Autres dettes de financement,,,,COMPTES DE BILAN / COMPTES DE FINANCEMENT PERMANENT / DETTES DE FINANCEMENT / Autres dettes de financement / Dettes de financement diverses,missing_root_type
,Dettes rattachées à  des participations,,unspecified,,0,,COMPTES DE BILAN / COMPTES DE FINANCEMENT PERMANENT / DETTES DE FINANCEMENT / Autres dettes de financement,,,,COMPTES DE BILAN / COMPTES DE FINANCEMENT PERMANENT / DETTES DE FINANCEMENT / Autres dettes de financement / Dettes rattachées à  des participations,missing_root_type
,Dépôts et cautionnements reçues,,unspecified,,0,,COMPTES DE BILAN / COMPTES DE FINANCEMENT PERMANENT / DETTES DE FINANCEMENT / Autres dettes de financement,,,,COMPTES DE BILAN / COMPTES DE FINANCEMENT PERMANENT / DETTES DE FINANCEMENT / Autres dettes de financement / Dépôts et cautionnements reçues,missing_root_type
,Emprunts auprès des établissements de crédit,,unspecified,,0,,COMPTES DE BILAN / COMPTES DE FINANCEMENT PERMANENT / DETTES DE FINANCEMENT / Autres dettes de financement,,,,COMPTES DE BILAN / COMPTES DE FINANCEMENT PERMANENT / DETTES DE FINANCEMENT / Autres dettes de financement / Emprunts auprès des établissements de crédit,missing_root_type
,Fournisseurs d'immobilisation,,unspecified,,0,,COMPTES DE BILAN / COMPTES DE FINANCEMENT PERMANENT / DETTES DE FINANCEMENT / Autres dettes de financement,,,,COMPTES DE BILAN / COMPTES DE FINANCEMENT PERMANENT / DETTES DE FINANCEMENT / Autres dettes de financement / Fournisseurs d'immobilisation,missing_root_type
,Emprunts obligataires,,group,,1,,COMPTES DE BILAN / COMPTES DE FINANCEMENT PERMANENT / DETTES DE FINANCEMENT,,,,COMPTES DE BILAN / COMPTES DE FINANCEMENT PERMANENT / DETTES DE FINANCEMENT / Emprunts obligataires,missing_root_type
,Emprunts obligataires,,unspecified,,0,,COMPTES DE BILAN / COMPTES DE FINANCEMENT PERMANENT / DETTES DE FINANCEMENT / Emprunts obligataires,,,,COMPTES DE BILAN / COMPTES DE FINANCEMENT PERMANENT / DETTES DE FINANCEMENT / Emprunts obligataires / Emprunts obligataires,missing_root_type
,Provisions durables pour risques et charges,,group,,1,,COMPTES DE BILAN / COMPTES DE FINANCEMENT PERMANENT,,,,COMPTES DE BILAN / COMPTES DE FINANCEMENT PERMANENT / Provisions durables pour risques et charges,missing_root_type
,Provisions pour charges,,group,,1,,COMPTES DE BILAN / COMPTES DE FINANCEMENT PERMANENT / Provisions durables pour risques et charges,,,,COMPTES DE BILAN / COMPTES DE FINANCEMENT PERMANENT / Provisions durables pour risques et charges / Provisions pour charges,missing_root_type
,Autres provisions pour charges,,unspecified,,0,,COMPTES DE BILAN / COMPTES DE FINANCEMENT PERMANENT / Provisions durables pour risques et charges / Provisions pour charges,,,,COMPTES DE BILAN / COMPTES DE FINANCEMENT PERMANENT / Provisions durables pour risques et charges / Provisions pour charges / Autres provisions pour charges,missing_root_type
,Provisions pour charges à  répartir sur plusieurs exercices,,unspecified,,0,,COMPTES DE BILAN / COMPTES DE FINANCEMENT PERMANENT / Provisions durables pour risques et charges / Provisions pour charges,,,,COMPTES DE BILAN / COMPTES DE FINANCEMENT PERMANENT / Provisions durables pour risques et charges / Provisions pour charges / Provisions pour charges à  répartir sur plusieurs exercices,missing_root_type
,Provisions pour impôts,,unspecified,,0,,COMPTES DE BILAN / COMPTES DE FINANCEMENT PERMANENT / Provisions durables pour risques et charges / Provisions pour charges,,,,COMPTES DE BILAN / COMPTES DE FINANCEMENT PERMANENT / Provisions durables pour risques et charges / Provisions pour charges / Provisions pour impôts,missing_root_type
,Provisions pour pensions de retraite et obligations similaires,,unspecified,,0,,COMPTES DE BILAN / COMPTES DE FINANCEMENT PERMANENT / Provisions durables pour risques et charges / Provisions pour charges,,,,COMPTES DE BILAN / COMPTES DE FINANCEMENT PERMANENT / Provisions durables pour risques et charges / Provisions pour charges / Provisions pour pensions de retraite et obligations similaires,missing_root_type
,Provisions pour risques,,group,,1,,COMPTES DE BILAN / COMPTES DE FINANCEMENT PERMANENT / Provisions durables pour risques et charges,,,,COMPTES DE BILAN / COMPTES DE FINANCEMENT PERMANENT / Provisions durables pour risques et charges / Provisions pour risques,missing_root_type
,Autres provisions pour risques,,unspecified,,0,,COMPTES DE BILAN / COMPTES DE FINANCEMENT PERMANENT / Provisions durables pour risques et charges / Provisions pour risques,,,,COMPTES DE BILAN / COMPTES DE FINANCEMENT PERMANENT / Provisions durables pour risques et charges / Provisions pour risques / Autres provisions pour risques,missing_root_type
,Provision pour pertes sur marchés à  terme,,unspecified,,0,,COMPTES DE BILAN / COMPTES DE FINANCEMENT PERMANENT / Provisions durables pour risques et charges / Provisions pour risques,,,,COMPTES DE BILAN / COMPTES DE FINANCEMENT PERMANENT / Provisions durables pour risques et charges / Provisions pour risques / Provision pour pertes sur marchés à  terme,missing_root_type
,"Provisions pour amendes, double droits, pénalités",,unspecified,,0,,COMPTES DE BILAN / COMPTES DE FINANCEMENT PERMANENT / Provisions durables pour risques et charges / Provisions pour risques,,,,"COMPTES DE BILAN / COMPTES DE FINANCEMENT PERMANENT / Provisions durables pour risques et charges / Provisions pour risques / Provisions pour amendes, double droits, pénalités",missing_root_type
,Provisions pour garanties données aux clients,,unspecified,,0,,COMPTES DE BILAN / COMPTES DE FINANCEMENT PERMANENT / Provisions durables pour risques et charges / Provisions pour risques,,,,COMPTES DE BILAN / COMPTES DE FINANCEMENT PERMANENT / Provisions durables pour risques et charges / Provisions pour risques / Provisions pour garanties données aux clients,missing_root_type
,Provisions pour litiges,,unspecified,,0,,COMPTES DE BILAN / COMPTES DE FINANCEMENT PERMANENT / Provisions durables pour risques et charges / Provisions pour risques,,,,COMPTES DE BILAN / COMPTES DE FINANCEMENT PERMANENT / Provisions durables pour risques et charges / Provisions pour risques / Provisions pour litiges,missing_root_type
,Provisions pour pertes de change,,unspecified,,0,,COMPTES DE BILAN / COMPTES DE FINANCEMENT PERMANENT / Provisions durables pour risques et charges / Provisions pour risques,,,,COMPTES DE BILAN / COMPTES DE FINANCEMENT PERMANENT / Provisions durables pour risques et charges / Provisions pour risques / Provisions pour pertes de change,missing_root_type
,Provisions pour propre assureur,,unspecified,,0,,COMPTES DE BILAN / COMPTES DE FINANCEMENT PERMANENT / Provisions durables pour risques et charges / Provisions pour risques,,,,COMPTES DE BILAN / COMPTES DE FINANCEMENT PERMANENT / Provisions durables pour risques et charges / Provisions pour risques / Provisions pour propre assureur,missing_root_type
,Écarts de conversion - Passif,,group,,1,,COMPTES DE BILAN / COMPTES DE FINANCEMENT PERMANENT,,,,COMPTES DE BILAN / COMPTES DE FINANCEMENT PERMANENT / Écarts de conversion - Passif,missing_root_type
,Augmentation des créances immobilisées,,group,,1,,COMPTES DE BILAN / COMPTES DE FINANCEMENT PERMANENT / Écarts de conversion - Passif,,,,COMPTES DE BILAN / COMPTES DE FINANCEMENT PERMANENT / Écarts de conversion - Passif / Augmentation des créances immobilisées,missing_root_type
,Augmentation des créances immobilisées,,unspecified,,0,,COMPTES DE BILAN / COMPTES DE FINANCEMENT PERMANENT / Écarts de conversion - Passif / Augmentation des créances immobilisées,,,,COMPTES DE BILAN / COMPTES DE FINANCEMENT PERMANENT / Écarts de conversion - Passif / Augmentation des créances immobilisées / Augmentation des créances immobilisées,missing_root_type
,Diminution des dettes de financement,,group,,1,,COMPTES DE BILAN / COMPTES DE FINANCEMENT PERMANENT / Écarts de conversion - Passif,,,,COMPTES DE BILAN / COMPTES DE FINANCEMENT PERMANENT / Écarts de conversion - Passif / Diminution des dettes de financement,missing_root_type
,Diminution des dettes de financement,,unspecified,,0,,COMPTES DE BILAN / COMPTES DE FINANCEMENT PERMANENT / Écarts de conversion - Passif / Diminution des dettes de financement,,,,COMPTES DE BILAN / COMPTES DE FINANCEMENT PERMANENT / Écarts de conversion - Passif / Diminution des dettes de financement / Diminution des dettes de financement,missing_root_type
,COMPTES DE TRESORERIE,,group,,1,,COMPTES DE BILAN,,,,COMPTES DE BILAN / COMPTES DE TRESORERIE,missing_root_type
,PROVISIONS POUR DEPRECIATION DES COMPTES DE TRESORERIE,,group,,1,,COMPTES DE BILAN / COMPTES DE TRESORERIE,,,,COMPTES DE BILAN / COMPTES DE TRESORERIE / PROVISIONS POUR DEPRECIATION DES COMPTES DE TRESORERIE,missing_root_type
,Autres charges financières des exercices antérieurs,,unspecified,,0,,COMPTES DE BILAN / COMPTES DE TRESORERIE / PROVISIONS POUR DEPRECIATION DES COMPTES DE TRESORERIE,,,,COMPTES DE BILAN / COMPTES DE TRESORERIE / PROVISIONS POUR DEPRECIATION DES COMPTES DE TRESORERIE / Autres charges financières des exercices antérieurs,missing_root_type
,Charges nettes sur cession de titres et valeurs de placement,,unspecified,,0,,COMPTES DE BILAN / COMPTES DE TRESORERIE / PROVISIONS POUR DEPRECIATION DES COMPTES DE TRESORERIE,,,,COMPTES DE BILAN / COMPTES DE TRESORERIE / PROVISIONS POUR DEPRECIATION DES COMPTES DE TRESORERIE / Charges nettes sur cession de titres et valeurs de placement,missing_root_type
,Escomptes accordés,,unspecified,,0,,COMPTES DE BILAN / COMPTES DE TRESORERIE / PROVISIONS POUR DEPRECIATION DES COMPTES DE TRESORERIE,,,,COMPTES DE BILAN / COMPTES DE TRESORERIE / PROVISIONS POUR DEPRECIATION DES COMPTES DE TRESORERIE / Escomptes accordés,missing_root_type
,Pertes sur créances liées à  des participations,,unspecified,,0,,COMPTES DE BILAN / COMPTES DE TRESORERIE / PROVISIONS POUR DEPRECIATION DES COMPTES DE TRESORERIE,,,,COMPTES DE BILAN / COMPTES DE TRESORERIE / PROVISIONS POUR DEPRECIATION DES COMPTES DE TRESORERIE / Pertes sur créances liées à  des participations,missing_root_type
,Provisions pour dépréciation des comptes de trésorerie,,group,,1,,COMPTES DE BILAN / COMPTES DE TRESORERIE / PROVISIONS POUR DEPRECIATION DES COMPTES DE TRESORERIE,,,,COMPTES DE BILAN / COMPTES DE TRESORERIE / PROVISIONS POUR DEPRECIATION DES COMPTES DE TRESORERIE / Provisions pour dépréciation des comptes de trésorerie,missing_root_type
,Provisions pour dépréciation des comptes de trésorerie,,cash,,0,cash_bank,COMPTES DE BILAN / COMPTES DE TRESORERIE / PROVISIONS POUR DEPRECIATION DES COMPTES DE TRESORERIE / Provisions pour dépréciation des comptes de trésorerie,Cash,,,COMPTES DE BILAN / COMPTES DE TRESORERIE / PROVISIONS POUR DEPRECIATION DES COMPTES DE TRESORERIE / Provisions pour dépréciation des comptes de trésorerie / Provisions pour dépréciation des comptes de trésorerie,missing_root_type
,TRESORERIE - ACTIF,,group,,1,,COMPTES DE BILAN / COMPTES DE TRESORERIE,,,,COMPTES DE BILAN / COMPTES DE TRESORERIE / TRESORERIE - ACTIF,missing_root_type
,"Banques, Trésorerie Générale et chèques postaux débiteurs",,group,,1,,COMPTES DE BILAN / COMPTES DE TRESORERIE / TRESORERIE - ACTIF,,,,"COMPTES DE BILAN / COMPTES DE TRESORERIE / TRESORERIE - ACTIF / Banques, Trésorerie Générale et chèques postaux débiteurs",missing_root_type
,Autres établissements financiers et assimilés (soldes débiteurs),,cash,,0,cash_bank,"COMPTES DE BILAN / COMPTES DE TRESORERIE / TRESORERIE - ACTIF / Banques, Trésorerie Générale et chèques postaux débiteurs",Cash,,,"COMPTES DE BILAN / COMPTES DE TRESORERIE / TRESORERIE - ACTIF / Banques, Trésorerie Générale et chèques postaux débiteurs / Autres établissements financiers et assimilés (soldes débiteurs)",missing_root_type
,Banques (solde débiteur),,cash,,0,cash_bank,"COMPTES DE BILAN / COMPTES DE TRESORERIE / TRESORERIE - ACTIF / Banques, Trésorerie Générale et chèques postaux débiteurs",Cash,,,"COMPTES DE BILAN / COMPTES DE TRESORERIE / TRESORERIE - ACTIF / Banques, Trésorerie Générale et chèques postaux débiteurs / Banques (solde débiteur)",missing_root_type
,Chèques postaux,,cash,,0,cash_bank,"COMPTES DE BILAN / COMPTES DE TRESORERIE / TRESORERIE - ACTIF / Banques, Trésorerie Générale et chèques postaux débiteurs",Cash,,,"COMPTES DE BILAN / COMPTES DE TRESORERIE / TRESORERIE - ACTIF / Banques, Trésorerie Générale et chèques postaux débiteurs / Chèques postaux",missing_root_type
,Trésorerie Générale,,cash,,0,cash_bank,"COMPTES DE BILAN / COMPTES DE TRESORERIE / TRESORERIE - ACTIF / Banques, Trésorerie Générale et chèques postaux débiteurs",Cash,,,"COMPTES DE BILAN / COMPTES DE TRESORERIE / TRESORERIE - ACTIF / Banques, Trésorerie Générale et chèques postaux débiteurs / Trésorerie Générale",missing_root_type
,"Caisses, régies d'avances et accréditifs",,group,,1,,COMPTES DE BILAN / COMPTES DE TRESORERIE / TRESORERIE - ACTIF,,,,"COMPTES DE BILAN / COMPTES DE TRESORERIE / TRESORERIE - ACTIF / Caisses, régies d'avances et accréditifs",missing_root_type
,Caisses,,group,,1,,"COMPTES DE BILAN / COMPTES DE TRESORERIE / TRESORERIE - ACTIF / Caisses, régies d'avances et accréditifs",,,,"COMPTES DE BILAN / COMPTES DE TRESORERIE / TRESORERIE - ACTIF / Caisses, régies d'avances et accréditifs / Caisses",missing_root_type
,Caisse (succursale ou agence A),,cash,,0,cash_bank,"COMPTES DE BILAN / COMPTES DE TRESORERIE / TRESORERIE - ACTIF / Caisses, régies d'avances et accréditifs / Caisses",Cash,,,"COMPTES DE BILAN / COMPTES DE TRESORERIE / TRESORERIE - ACTIF / Caisses, régies d'avances et accréditifs / Caisses / Caisse (succursale ou agence A)",missing_root_type
,Caisse (succursale ou agence B),,cash,,0,cash_bank,"COMPTES DE BILAN / COMPTES DE TRESORERIE / TRESORERIE - ACTIF / Caisses, régies d'avances et accréditifs / Caisses",Cash,,,"COMPTES DE BILAN / COMPTES DE TRESORERIE / TRESORERIE - ACTIF / Caisses, régies d'avances et accréditifs / Caisses / Caisse (succursale ou agence B)",missing_root_type
,Caisse Centrale,,cash,,0,cash_bank,"COMPTES DE BILAN / COMPTES DE TRESORERIE / TRESORERIE - ACTIF / Caisses, régies d'avances et accréditifs / Caisses",Cash,,,"COMPTES DE BILAN / COMPTES DE TRESORERIE / TRESORERIE - ACTIF / Caisses, régies d'avances et accréditifs / Caisses / Caisse Centrale",missing_root_type
,Régies d'avances et accréditifs,,cash,,0,cash_bank,"COMPTES DE BILAN / COMPTES DE TRESORERIE / TRESORERIE - ACTIF / Caisses, régies d'avances et accréditifs",Cash,,,"COMPTES DE BILAN / COMPTES DE TRESORERIE / TRESORERIE - ACTIF / Caisses, régies d'avances et accréditifs / Régies d'avances et accréditifs",missing_root_type
,Chèques et valeurs à  encaisser,,group,,1,,COMPTES DE BILAN / COMPTES DE TRESORERIE / TRESORERIE - ACTIF,,,,COMPTES DE BILAN / COMPTES DE TRESORERIE / TRESORERIE - ACTIF / Chèques et valeurs à  encaisser,missing_root_type
,Autres valeurs à  encaisser,,cash,,0,cash_bank,COMPTES DE BILAN / COMPTES DE TRESORERIE / TRESORERIE - ACTIF / Chèques et valeurs à  encaisser,Cash,,,COMPTES DE BILAN / COMPTES DE TRESORERIE / TRESORERIE - ACTIF / Chèques et valeurs à  encaisser / Autres valeurs à  encaisser,missing_root_type
,Chèques à  encaisser ou à  l'encaissement,,group,,1,,COMPTES DE BILAN / COMPTES DE TRESORERIE / TRESORERIE - ACTIF / Chèques et valeurs à  encaisser,,,,COMPTES DE BILAN / COMPTES DE TRESORERIE / TRESORERIE - ACTIF / Chèques et valeurs à  encaisser / Chèques à  encaisser ou à  l'encaissement,missing_root_type
,Chèques en portefeuille,,cash,,0,cash_bank,COMPTES DE BILAN / COMPTES DE TRESORERIE / TRESORERIE - ACTIF / Chèques et valeurs à  encaisser / Chèques à  encaisser ou à  l'encaissement,Cash,,,COMPTES DE BILAN / COMPTES DE TRESORERIE / TRESORERIE - ACTIF / Chèques et valeurs à  encaisser / Chèques à  encaisser ou à  l'encaissement / Chèques en portefeuille,missing_root_type
,Chèques à  l'encaissement,,cash,,0,cash_bank,COMPTES DE BILAN / COMPTES DE TRESORERIE / TRESORERIE - ACTIF / Chèques et valeurs à  encaisser / Chèques à  encaisser ou à  l'encaissement,Cash,,,COMPTES DE BILAN / COMPTES DE TRESORERIE / TRESORERIE - ACTIF / Chèques et valeurs à  encaisser / Chèques à  encaisser ou à  l'encaissement / Chèques à  l'encaissement,missing_root_type
,Effets à  encaisser ou à  l'encaissement,,group,,1,,COMPTES DE BILAN / COMPTES DE TRESORERIE / TRESORERIE - ACTIF / Chèques et valeurs à  encaisser,,,,COMPTES DE BILAN / COMPTES DE TRESORERIE / TRESORERIE - ACTIF / Chèques et valeurs à  encaisser / Effets à  encaisser ou à  l'encaissement,missing_root_type
,Effets à  l'encaissement,,cash,,0,cash_bank,COMPTES DE BILAN / COMPTES DE TRESORERIE / TRESORERIE - ACTIF / Chèques et valeurs à  encaisser / Effets à  encaisser ou à  l'encaissement,Cash,,,COMPTES DE BILAN / COMPTES DE TRESORERIE / TRESORERIE - ACTIF / Chèques et valeurs à  encaisser / Effets à  encaisser ou à  l'encaissement / Effets à  l'encaissement,missing_root_type
,Effets échus à  encaisser,,cash,,0,cash_bank,COMPTES DE BILAN / COMPTES DE TRESORERIE / TRESORERIE - ACTIF / Chèques et valeurs à  encaisser / Effets à  encaisser ou à  l'encaissement,Cash,,,COMPTES DE BILAN / COMPTES DE TRESORERIE / TRESORERIE - ACTIF / Chèques et valeurs à  encaisser / Effets à  encaisser ou à  l'encaissement / Effets échus à  encaisser,missing_root_type
,Virement de fonds,,cash,,0,cash_bank,COMPTES DE BILAN / COMPTES DE TRESORERIE / TRESORERIE - ACTIF / Chèques et valeurs à  encaisser,Cash,,,COMPTES DE BILAN / COMPTES DE TRESORERIE / TRESORERIE - ACTIF / Chèques et valeurs à  encaisser / Virement de fonds,missing_root_type
,TRESORERIE - PASSIF,,cash,,1,,COMPTES DE BILAN / COMPTES DE TRESORERIE,Cash,,,COMPTES DE BILAN / COMPTES DE TRESORERIE / TRESORERIE - PASSIF,missing_root_type
,Banques (solde créditeur),,group,,1,,COMPTES DE BILAN / COMPTES DE TRESORERIE / TRESORERIE - PASSIF,,,,COMPTES DE BILAN / COMPTES DE TRESORERIE / TRESORERIE - PASSIF / Banques (solde créditeur),missing_root_type
,Autres établissements financiers et assimilés (soldes créditeurs),,cash,,0,cash_bank,COMPTES DE BILAN / COMPTES DE TRESORERIE / TRESORERIE - PASSIF / Banques (solde créditeur),Cash,,,COMPTES DE BILAN / COMPTES DE TRESORERIE / TRESORERIE - PASSIF / Banques (solde créditeur) / Autres établissements financiers et assimilés (soldes créditeurs),missing_root_type
,Banques (solde créditeur),,cash,,0,cash_bank,COMPTES DE BILAN / COMPTES DE TRESORERIE / TRESORERIE - PASSIF / Banques (solde créditeur),Cash,,,COMPTES DE BILAN / COMPTES DE TRESORERIE / TRESORERIE - PASSIF / Banques (solde créditeur) / Banques (solde créditeur),missing_root_type
,Crédits d'escompte,,group,,1,,COMPTES DE BILAN / COMPTES DE TRESORERIE / TRESORERIE - PASSIF,,,,COMPTES DE BILAN / COMPTES DE TRESORERIE / TRESORERIE - PASSIF / Crédits d'escompte,missing_root_type
,Crédits d'escompte,,cash,,0,cash_bank,COMPTES DE BILAN / COMPTES DE TRESORERIE / TRESORERIE - PASSIF / Crédits d'escompte,Cash,,,COMPTES DE BILAN / COMPTES DE TRESORERIE / TRESORERIE - PASSIF / Crédits d'escompte / Crédits d'escompte,missing_root_type
,Crédits de trésorerie,,group,,1,,COMPTES DE BILAN / COMPTES DE TRESORERIE / TRESORERIE - PASSIF,,,,COMPTES DE BILAN / COMPTES DE TRESORERIE / TRESORERIE - PASSIF / Crédits de trésorerie,missing_root_type
,Crédits de trésorerie,,cash,,0,cash_bank,COMPTES DE BILAN / COMPTES DE TRESORERIE / TRESORERIE - PASSIF / Crédits de trésorerie,Cash,,,COMPTES DE BILAN / COMPTES DE TRESORERIE / TRESORERIE - PASSIF / Crédits de trésorerie / Crédits de trésorerie,missing_root_type
,COMPTES DU PASSIF CIRCULANT (HORS TRESORERIE),,group,,1,,COMPTES DE BILAN,,,,COMPTES DE BILAN / COMPTES DU PASSIF CIRCULANT (HORS TRESORERIE),missing_root_type
,AUTRES PROVISIONS POUR RISQUES ET CHARGES,,group,,1,,COMPTES DE BILAN / COMPTES DU PASSIF CIRCULANT (HORS TRESORERIE),,,,COMPTES DE BILAN / COMPTES DU PASSIF CIRCULANT (HORS TRESORERIE) / AUTRES PROVISIONS POUR RISQUES ET CHARGES,missing_root_type
,Autres provisions pour risques et charges,,group,,1,,COMPTES DE BILAN / COMPTES DU PASSIF CIRCULANT (HORS TRESORERIE) / AUTRES PROVISIONS POUR RISQUES ET CHARGES,,,,COMPTES DE BILAN / COMPTES DU PASSIF CIRCULANT (HORS TRESORERIE) / AUTRES PROVISIONS POUR RISQUES ET CHARGES / Autres provisions pour risques et charges,missing_root_type
,Autres provisions pour risques et charges,,unspecified,,0,,COMPTES DE BILAN / COMPTES DU PASSIF CIRCULANT (HORS TRESORERIE) / AUTRES PROVISIONS POUR RISQUES ET CHARGES / Autres provisions pour risques et charges,,,,COMPTES DE BILAN / COMPTES DU PASSIF CIRCULANT (HORS TRESORERIE) / AUTRES PROVISIONS POUR RISQUES ET CHARGES / Autres provisions pour risques et charges / Autres provisions pour risques et charges,missing_root_type
,"Provisions pour amendes, doubles droits et pénalités",,unspecified,,0,,COMPTES DE BILAN / COMPTES DU PASSIF CIRCULANT (HORS TRESORERIE) / AUTRES PROVISIONS POUR RISQUES ET CHARGES / Autres provisions pour risques et charges,,,,"COMPTES DE BILAN / COMPTES DU PASSIF CIRCULANT (HORS TRESORERIE) / AUTRES PROVISIONS POUR RISQUES ET CHARGES / Autres provisions pour risques et charges / Provisions pour amendes, doubles droits et pénalités",missing_root_type
,Provisions pour garanties données aux clients,,unspecified,,0,,COMPTES DE BILAN / COMPTES DU PASSIF CIRCULANT (HORS TRESORERIE) / AUTRES PROVISIONS POUR RISQUES ET CHARGES / Autres provisions pour risques et charges,,,,COMPTES DE BILAN / COMPTES DU PASSIF CIRCULANT (HORS TRESORERIE) / AUTRES PROVISIONS POUR RISQUES ET CHARGES / Autres provisions pour risques et charges / Provisions pour garanties données aux clients,missing_root_type
,Provisions pour impôts,,unspecified,,0,,COMPTES DE BILAN / COMPTES DU PASSIF CIRCULANT (HORS TRESORERIE) / AUTRES PROVISIONS POUR RISQUES ET CHARGES / Autres provisions pour risques et charges,,,,COMPTES DE BILAN / COMPTES DU PASSIF CIRCULANT (HORS TRESORERIE) / AUTRES PROVISIONS POUR RISQUES ET CHARGES / Autres provisions pour risques et charges / Provisions pour impôts,missing_root_type
,Provisions pour litiges,,unspecified,,0,,COMPTES DE BILAN / COMPTES DU PASSIF CIRCULANT (HORS TRESORERIE) / AUTRES PROVISIONS POUR RISQUES ET CHARGES / Autres provisions pour risques et charges,,,,COMPTES DE BILAN / COMPTES DU PASSIF CIRCULANT (HORS TRESORERIE) / AUTRES PROVISIONS POUR RISQUES ET CHARGES / Autres provisions pour risques et charges / Provisions pour litiges,missing_root_type
,Provisions pour pertes de change,,unspecified,,0,,COMPTES DE BILAN / COMPTES DU PASSIF CIRCULANT (HORS TRESORERIE) / AUTRES PROVISIONS POUR RISQUES ET CHARGES / Autres provisions pour risques et charges,,,,COMPTES DE BILAN / COMPTES DU PASSIF CIRCULANT (HORS TRESORERIE) / AUTRES PROVISIONS POUR RISQUES ET CHARGES / Autres provisions pour risques et charges / Provisions pour pertes de change,missing_root_type
,DETTES DU PASSIF CIRCULANT,,group,,1,,COMPTES DE BILAN / COMPTES DU PASSIF CIRCULANT (HORS TRESORERIE),,,,COMPTES DE BILAN / COMPTES DU PASSIF CIRCULANT (HORS TRESORERIE) / DETTES DU PASSIF CIRCULANT,missing_root_type
,Autres créanciers,,group,,1,,COMPTES DE BILAN / COMPTES DU PASSIF CIRCULANT (HORS TRESORERIE) / DETTES DU PASSIF CIRCULANT,,,,COMPTES DE BILAN / COMPTES DU PASSIF CIRCULANT (HORS TRESORERIE) / DETTES DU PASSIF CIRCULANT / Autres créanciers,missing_root_type
,Dettes rattachées aux autres créanciers,,payable,,0,payables,COMPTES DE BILAN / COMPTES DU PASSIF CIRCULANT (HORS TRESORERIE) / DETTES DU PASSIF CIRCULANT / Autres créanciers,Payable,,,COMPTES DE BILAN / COMPTES DU PASSIF CIRCULANT (HORS TRESORERIE) / DETTES DU PASSIF CIRCULANT / Autres créanciers / Dettes rattachées aux autres créanciers,missing_root_type
,Dettes sur acquisitions d'immobilisations,,payable,,0,payables,COMPTES DE BILAN / COMPTES DU PASSIF CIRCULANT (HORS TRESORERIE) / DETTES DU PASSIF CIRCULANT / Autres créanciers,Payable,,,COMPTES DE BILAN / COMPTES DU PASSIF CIRCULANT (HORS TRESORERIE) / DETTES DU PASSIF CIRCULANT / Autres créanciers / Dettes sur acquisitions d'immobilisations,missing_root_type
,Dettes sur acquisitions de titres et valeurs de placement,,payable,,0,payables,COMPTES DE BILAN / COMPTES DU PASSIF CIRCULANT (HORS TRESORERIE) / DETTES DU PASSIF CIRCULANT / Autres créanciers,Payable,,,COMPTES DE BILAN / COMPTES DU PASSIF CIRCULANT (HORS TRESORERIE) / DETTES DU PASSIF CIRCULANT / Autres créanciers / Dettes sur acquisitions de titres et valeurs de placement,missing_root_type
,Divers créanciers,,payable,,0,payables,COMPTES DE BILAN / COMPTES DU PASSIF CIRCULANT (HORS TRESORERIE) / DETTES DU PASSIF CIRCULANT / Autres créanciers,Payable,,,COMPTES DE BILAN / COMPTES DU PASSIF CIRCULANT (HORS TRESORERIE) / DETTES DU PASSIF CIRCULANT / Autres créanciers / Divers créanciers,missing_root_type
,Obligations échues à  rembourser,,payable,,0,payables,COMPTES DE BILAN / COMPTES DU PASSIF CIRCULANT (HORS TRESORERIE) / DETTES DU PASSIF CIRCULANT / Autres créanciers,Payable,,,COMPTES DE BILAN / COMPTES DU PASSIF CIRCULANT (HORS TRESORERIE) / DETTES DU PASSIF CIRCULANT / Autres créanciers / Obligations échues à  rembourser,missing_root_type
,"Obligations, coupons à  payer",,payable,,0,payables,COMPTES DE BILAN / COMPTES DU PASSIF CIRCULANT (HORS TRESORERIE) / DETTES DU PASSIF CIRCULANT / Autres créanciers,Payable,,,"COMPTES DE BILAN / COMPTES DU PASSIF CIRCULANT (HORS TRESORERIE) / DETTES DU PASSIF CIRCULANT / Autres créanciers / Obligations, coupons à  payer",missing_root_type
,"Clients créditeurs, avances et acomptes",,group,,1,,COMPTES DE BILAN / COMPTES DU PASSIF CIRCULANT (HORS TRESORERIE) / DETTES DU PASSIF CIRCULANT,,,,"COMPTES DE BILAN / COMPTES DU PASSIF CIRCULANT (HORS TRESORERIE) / DETTES DU PASSIF CIRCULANT / Clients créditeurs, avances et acomptes",missing_root_type
,Autres clients créditeurs,,payable,,0,payables,"COMPTES DE BILAN / COMPTES DU PASSIF CIRCULANT (HORS TRESORERIE) / DETTES DU PASSIF CIRCULANT / Clients créditeurs, avances et acomptes",Payable,,,"COMPTES DE BILAN / COMPTES DU PASSIF CIRCULANT (HORS TRESORERIE) / DETTES DU PASSIF CIRCULANT / Clients créditeurs, avances et acomptes / Autres clients créditeurs",missing_root_type
,Clients - avances et acomptes reçus sur commandes en cours,,payable,,0,payables,"COMPTES DE BILAN / COMPTES DU PASSIF CIRCULANT (HORS TRESORERIE) / DETTES DU PASSIF CIRCULANT / Clients créditeurs, avances et acomptes",Payable,,,"COMPTES DE BILAN / COMPTES DU PASSIF CIRCULANT (HORS TRESORERIE) / DETTES DU PASSIF CIRCULANT / Clients créditeurs, avances et acomptes / Clients - avances et acomptes reçus sur commandes en cours",missing_root_type
,Clients - dettes pour emballages et matériel consignés,,payable,,0,payables,"COMPTES DE BILAN / COMPTES DU PASSIF CIRCULANT (HORS TRESORERIE) / DETTES DU PASSIF CIRCULANT / Clients créditeurs, avances et acomptes",Payable,,,"COMPTES DE BILAN / COMPTES DU PASSIF CIRCULANT (HORS TRESORERIE) / DETTES DU PASSIF CIRCULANT / Clients créditeurs, avances et acomptes / Clients - dettes pour emballages et matériel consignés",missing_root_type
,"Rabais, remises et ristournes à  accorder - avoirs à  établir",,payable,,0,payables,"COMPTES DE BILAN / COMPTES DU PASSIF CIRCULANT (HORS TRESORERIE) / DETTES DU PASSIF CIRCULANT / Clients créditeurs, avances et acomptes",Payable,,,"COMPTES DE BILAN / COMPTES DU PASSIF CIRCULANT (HORS TRESORERIE) / DETTES DU PASSIF CIRCULANT / Clients créditeurs, avances et acomptes / Rabais, remises et ristournes à  accorder - avoirs à  établir",missing_root_type
,Comptes d'associés - créditeurs,,group,,1,,COMPTES DE BILAN / COMPTES DU PASSIF CIRCULANT (HORS TRESORERIE) / DETTES DU PASSIF CIRCULANT,,,,COMPTES DE BILAN / COMPTES DU PASSIF CIRCULANT (HORS TRESORERIE) / DETTES DU PASSIF CIRCULANT / Comptes d'associés - créditeurs,missing_root_type
,Associés - capital à  rembourser,,payable,,0,payables,COMPTES DE BILAN / COMPTES DU PASSIF CIRCULANT (HORS TRESORERIE) / DETTES DU PASSIF CIRCULANT / Comptes d'associés - créditeurs,Payable,,,COMPTES DE BILAN / COMPTES DU PASSIF CIRCULANT (HORS TRESORERIE) / DETTES DU PASSIF CIRCULANT / Comptes d'associés - créditeurs / Associés - capital à  rembourser,missing_root_type
,Associés - dividendes à  payer,,payable,,0,payables,COMPTES DE BILAN / COMPTES DU PASSIF CIRCULANT (HORS TRESORERIE) / DETTES DU PASSIF CIRCULANT / Comptes d'associés - créditeurs,Payable,,,COMPTES DE BILAN / COMPTES DU PASSIF CIRCULANT (HORS TRESORERIE) / DETTES DU PASSIF CIRCULANT / Comptes d'associés - créditeurs / Associés - dividendes à  payer,missing_root_type
,Associés - opérations faites en commun,,payable,,0,payables,COMPTES DE BILAN / COMPTES DU PASSIF CIRCULANT (HORS TRESORERIE) / DETTES DU PASSIF CIRCULANT / Comptes d'associés - créditeurs,Payable,,,COMPTES DE BILAN / COMPTES DU PASSIF CIRCULANT (HORS TRESORERIE) / DETTES DU PASSIF CIRCULANT / Comptes d'associés - créditeurs / Associés - opérations faites en commun,missing_root_type
,Associés - versements reçus sur augmentation de capital,,payable,,0,payables,COMPTES DE BILAN / COMPTES DU PASSIF CIRCULANT (HORS TRESORERIE) / DETTES DU PASSIF CIRCULANT / Comptes d'associés - créditeurs,Payable,,,COMPTES DE BILAN / COMPTES DU PASSIF CIRCULANT (HORS TRESORERIE) / DETTES DU PASSIF CIRCULANT / Comptes d'associés - créditeurs / Associés - versements reçus sur augmentation de capital,missing_root_type
,Autres comptes d'associés - créditeurs,,payable,,0,payables,COMPTES DE BILAN / COMPTES DU PASSIF CIRCULANT (HORS TRESORERIE) / DETTES DU PASSIF CIRCULANT / Comptes d'associés - créditeurs,Payable,,,COMPTES DE BILAN / COMPTES DU PASSIF CIRCULANT (HORS TRESORERIE) / DETTES DU PASSIF CIRCULANT / Comptes d'associés - créditeurs / Autres comptes d'associés - créditeurs,missing_root_type
,Comptes courants des associés créditeurs,,payable,,0,payables,COMPTES DE BILAN / COMPTES DU PASSIF CIRCULANT (HORS TRESORERIE) / DETTES DU PASSIF CIRCULANT / Comptes d'associés - créditeurs,Payable,,,COMPTES DE BILAN / COMPTES DU PASSIF CIRCULANT (HORS TRESORERIE) / DETTES DU PASSIF CIRCULANT / Comptes d'associés - créditeurs / Comptes courants des associés créditeurs,missing_root_type
,Comptes de régularisation - passif,,group,,1,,COMPTES DE BILAN / COMPTES DU PASSIF CIRCULANT (HORS TRESORERIE) / DETTES DU PASSIF CIRCULANT,,,,COMPTES DE BILAN / COMPTES DU PASSIF CIRCULANT (HORS TRESORERIE) / DETTES DU PASSIF CIRCULANT / Comptes de régularisation - passif,missing_root_type
,Comptes de répartition périodique des produits,,unspecified,,0,,COMPTES DE BILAN / COMPTES DU PASSIF CIRCULANT (HORS TRESORERIE) / DETTES DU PASSIF CIRCULANT / Comptes de régularisation - passif,,,,COMPTES DE BILAN / COMPTES DU PASSIF CIRCULANT (HORS TRESORERIE) / DETTES DU PASSIF CIRCULANT / Comptes de régularisation - passif / Comptes de répartition périodique des produits,missing_root_type
,Comptes transitoires ou d'attente - créditeurs,,unspecified,,0,,COMPTES DE BILAN / COMPTES DU PASSIF CIRCULANT (HORS TRESORERIE) / DETTES DU PASSIF CIRCULANT / Comptes de régularisation - passif,,,,COMPTES DE BILAN / COMPTES DU PASSIF CIRCULANT (HORS TRESORERIE) / DETTES DU PASSIF CIRCULANT / Comptes de régularisation - passif / Comptes transitoires ou d'attente - créditeurs,missing_root_type
,Intérêts courus et non échus à payer,,unspecified,,0,,COMPTES DE BILAN / COMPTES DU PASSIF CIRCULANT (HORS TRESORERIE) / DETTES DU PASSIF CIRCULANT / Comptes de régularisation - passif,,,,COMPTES DE BILAN / COMPTES DU PASSIF CIRCULANT (HORS TRESORERIE) / DETTES DU PASSIF CIRCULANT / Comptes de régularisation - passif / Intérêts courus et non échus à payer,missing_root_type
,Produits constatés d'avance,,unspecified,,0,,COMPTES DE BILAN / COMPTES DU PASSIF CIRCULANT (HORS TRESORERIE) / DETTES DU PASSIF CIRCULANT / Comptes de régularisation - passif,,,,COMPTES DE BILAN / COMPTES DU PASSIF CIRCULANT (HORS TRESORERIE) / DETTES DU PASSIF CIRCULANT / Comptes de régularisation - passif / Produits constatés d'avance,missing_root_type
,Etat - créditeur,,group,,1,,COMPTES DE BILAN / COMPTES DU PASSIF CIRCULANT (HORS TRESORERIE) / DETTES DU PASSIF CIRCULANT,,,,COMPTES DE BILAN / COMPTES DU PASSIF CIRCULANT (HORS TRESORERIE) / DETTES DU PASSIF CIRCULANT / Etat - créditeur,missing_root_type
,Etat - autres comptes créditeurs,,tax,,0,,COMPTES DE BILAN / COMPTES DU PASSIF CIRCULANT (HORS TRESORERIE) / DETTES DU PASSIF CIRCULANT / Etat - créditeur,Tax,,,COMPTES DE BILAN / COMPTES DU PASSIF CIRCULANT (HORS TRESORERIE) / DETTES DU PASSIF CIRCULANT / Etat - créditeur / Etat - autres comptes créditeurs,missing_root_type
,"Etat Impôts, taxes et assimilés",,group,,1,,COMPTES DE BILAN / COMPTES DU PASSIF CIRCULANT (HORS TRESORERIE) / DETTES DU PASSIF CIRCULANT / Etat - créditeur,,,,"COMPTES DE BILAN / COMPTES DU PASSIF CIRCULANT (HORS TRESORERIE) / DETTES DU PASSIF CIRCULANT / Etat - créditeur / Etat Impôts, taxes et assimilés",missing_root_type
,"Etat, IR",,tax,,0,,"COMPTES DE BILAN / COMPTES DU PASSIF CIRCULANT (HORS TRESORERIE) / DETTES DU PASSIF CIRCULANT / Etat - créditeur / Etat Impôts, taxes et assimilés",Tax,,,"COMPTES DE BILAN / COMPTES DU PASSIF CIRCULANT (HORS TRESORERIE) / DETTES DU PASSIF CIRCULANT / Etat - créditeur / Etat Impôts, taxes et assimilés / Etat, IR",missing_root_type
,"Etat, Taxe professionnelle (ex patente)",,tax,,0,,"COMPTES DE BILAN / COMPTES DU PASSIF CIRCULANT (HORS TRESORERIE) / DETTES DU PASSIF CIRCULANT / Etat - créditeur / Etat Impôts, taxes et assimilés",Tax,,,"COMPTES DE BILAN / COMPTES DU PASSIF CIRCULANT (HORS TRESORERIE) / DETTES DU PASSIF CIRCULANT / Etat - créditeur / Etat Impôts, taxes et assimilés / Etat, Taxe professionnelle (ex patente)",missing_root_type
,"Etat, taxe urbaine et taxe d'édilité",,tax,,0,,"COMPTES DE BILAN / COMPTES DU PASSIF CIRCULANT (HORS TRESORERIE) / DETTES DU PASSIF CIRCULANT / Etat - créditeur / Etat Impôts, taxes et assimilés",Tax,,,"COMPTES DE BILAN / COMPTES DU PASSIF CIRCULANT (HORS TRESORERIE) / DETTES DU PASSIF CIRCULANT / Etat - créditeur / Etat Impôts, taxes et assimilés / Etat, taxe urbaine et taxe d'édilité",missing_root_type
,"Etat, TVA due (suivant déclarations)",,tax,,0,,COMPTES DE BILAN / COMPTES DU PASSIF CIRCULANT (HORS TRESORERIE) / DETTES DU PASSIF CIRCULANT / Etat - créditeur,Tax,,,"COMPTES DE BILAN / COMPTES DU PASSIF CIRCULANT (HORS TRESORERIE) / DETTES DU PASSIF CIRCULANT / Etat - créditeur / Etat, TVA due (suivant déclarations)",missing_root_type
,"Etat, TVA facturée",,group,,1,,COMPTES DE BILAN / COMPTES DU PASSIF CIRCULANT (HORS TRESORERIE) / DETTES DU PASSIF CIRCULANT / Etat - créditeur,,,,"COMPTES DE BILAN / COMPTES DU PASSIF CIRCULANT (HORS TRESORERIE) / DETTES DU PASSIF CIRCULANT / Etat - créditeur / Etat, TVA facturée",missing_root_type
,"Etat, TVA facturée 10%",,tax,,0,,"COMPTES DE BILAN / COMPTES DU PASSIF CIRCULANT (HORS TRESORERIE) / DETTES DU PASSIF CIRCULANT / Etat - créditeur / Etat, TVA facturée",Tax,,,"COMPTES DE BILAN / COMPTES DU PASSIF CIRCULANT (HORS TRESORERIE) / DETTES DU PASSIF CIRCULANT / Etat - créditeur / Etat, TVA facturée / Etat, TVA facturée 10%",missing_root_type
,"Etat, TVA facturée 14%",,tax,,0,,"COMPTES DE BILAN / COMPTES DU PASSIF CIRCULANT (HORS TRESORERIE) / DETTES DU PASSIF CIRCULANT / Etat - créditeur / Etat, TVA facturée",Tax,,,"COMPTES DE BILAN / COMPTES DU PASSIF CIRCULANT (HORS TRESORERIE) / DETTES DU PASSIF CIRCULANT / Etat - créditeur / Etat, TVA facturée / Etat, TVA facturée 14%",missing_root_type
,"Etat, TVA facturée 20%",,tax,,0,,"COMPTES DE BILAN / COMPTES DU PASSIF CIRCULANT (HORS TRESORERIE) / DETTES DU PASSIF CIRCULANT / Etat - créditeur / Etat, TVA facturée",Tax,,,"COMPTES DE BILAN / COMPTES DU PASSIF CIRCULANT (HORS TRESORERIE) / DETTES DU PASSIF CIRCULANT / Etat - créditeur / Etat, TVA facturée / Etat, TVA facturée 20%",missing_root_type
,"Etat, TVA facturée 7%",,tax,,0,,"COMPTES DE BILAN / COMPTES DU PASSIF CIRCULANT (HORS TRESORERIE) / DETTES DU PASSIF CIRCULANT / Etat - créditeur / Etat, TVA facturée",Tax,,,"COMPTES DE BILAN / COMPTES DU PASSIF CIRCULANT (HORS TRESORERIE) / DETTES DU PASSIF CIRCULANT / Etat - créditeur / Etat, TVA facturée / Etat, TVA facturée 7%",missing_root_type
,"Etat, impôts et taxes à  payer",,tax,,0,,COMPTES DE BILAN / COMPTES DU PASSIF CIRCULANT (HORS TRESORERIE) / DETTES DU PASSIF CIRCULANT / Etat - créditeur,Tax,,,"COMPTES DE BILAN / COMPTES DU PASSIF CIRCULANT (HORS TRESORERIE) / DETTES DU PASSIF CIRCULANT / Etat - créditeur / Etat, impôts et taxes à  payer",missing_root_type
,"Etat, impôts sur les résultats",,tax,,0,,COMPTES DE BILAN / COMPTES DU PASSIF CIRCULANT (HORS TRESORERIE) / DETTES DU PASSIF CIRCULANT / Etat - créditeur,Tax,,,"COMPTES DE BILAN / COMPTES DU PASSIF CIRCULANT (HORS TRESORERIE) / DETTES DU PASSIF CIRCULANT / Etat - créditeur / Etat, impôts sur les résultats",missing_root_type
,Fournisseurs et comptes rattachés,,group,,1,,COMPTES DE BILAN / COMPTES DU PASSIF CIRCULANT (HORS TRESORERIE) / DETTES DU PASSIF CIRCULANT,,,,COMPTES DE BILAN / COMPTES DU PASSIF CIRCULANT (HORS TRESORERIE) / DETTES DU PASSIF CIRCULANT / Fournisseurs et comptes rattachés,missing_root_type
,Autres fournisseurs et comptes rattachés,,payable,,0,payables,COMPTES DE BILAN / COMPTES DU PASSIF CIRCULANT (HORS TRESORERIE) / DETTES DU PASSIF CIRCULANT / Fournisseurs et comptes rattachés,Payable,,,COMPTES DE BILAN / COMPTES DU PASSIF CIRCULANT (HORS TRESORERIE) / DETTES DU PASSIF CIRCULANT / Fournisseurs et comptes rattachés / Autres fournisseurs et comptes rattachés,missing_root_type
,Fournisseurs,,payable,,0,payables,COMPTES DE BILAN / COMPTES DU PASSIF CIRCULANT (HORS TRESORERIE) / DETTES DU PASSIF CIRCULANT / Fournisseurs et comptes rattachés,Payable,,,COMPTES DE BILAN / COMPTES DU PASSIF CIRCULANT (HORS TRESORERIE) / DETTES DU PASSIF CIRCULANT / Fournisseurs et comptes rattachés / Fournisseurs,missing_root_type
,Fournisseurs - effets à  payer,,payable,,0,payables,COMPTES DE BILAN / COMPTES DU PASSIF CIRCULANT (HORS TRESORERIE) / DETTES DU PASSIF CIRCULANT / Fournisseurs et comptes rattachés,Payable,,,COMPTES DE BILAN / COMPTES DU PASSIF CIRCULANT (HORS TRESORERIE) / DETTES DU PASSIF CIRCULANT / Fournisseurs et comptes rattachés / Fournisseurs - effets à  payer,missing_root_type
,Fournisseurs - factures non parvenues,,payable,,0,payables,COMPTES DE BILAN / COMPTES DU PASSIF CIRCULANT (HORS TRESORERIE) / DETTES DU PASSIF CIRCULANT / Fournisseurs et comptes rattachés,Payable,,,COMPTES DE BILAN / COMPTES DU PASSIF CIRCULANT (HORS TRESORERIE) / DETTES DU PASSIF CIRCULANT / Fournisseurs et comptes rattachés / Fournisseurs - factures non parvenues,missing_root_type
,Fournisseurs - retenues de garantie,,payable,,0,payables,COMPTES DE BILAN / COMPTES DU PASSIF CIRCULANT (HORS TRESORERIE) / DETTES DU PASSIF CIRCULANT / Fournisseurs et comptes rattachés,Payable,,,COMPTES DE BILAN / COMPTES DU PASSIF CIRCULANT (HORS TRESORERIE) / DETTES DU PASSIF CIRCULANT / Fournisseurs et comptes rattachés / Fournisseurs - retenues de garantie,missing_root_type
,Organismes sociaux,,group,,1,,COMPTES DE BILAN / COMPTES DU PASSIF CIRCULANT (HORS TRESORERIE) / DETTES DU PASSIF CIRCULANT,,,,COMPTES DE BILAN / COMPTES DU PASSIF CIRCULANT (HORS TRESORERIE) / DETTES DU PASSIF CIRCULANT / Organismes sociaux,missing_root_type
,Autres organismes sociaux,,payable,,0,payables,COMPTES DE BILAN / COMPTES DU PASSIF CIRCULANT (HORS TRESORERIE) / DETTES DU PASSIF CIRCULANT / Organismes sociaux,Payable,,,COMPTES DE BILAN / COMPTES DU PASSIF CIRCULANT (HORS TRESORERIE) / DETTES DU PASSIF CIRCULANT / Organismes sociaux / Autres organismes sociaux,missing_root_type
,Caisse Nationale de la Sécurité Sociale,,group,,1,,COMPTES DE BILAN / COMPTES DU PASSIF CIRCULANT (HORS TRESORERIE) / DETTES DU PASSIF CIRCULANT / Organismes sociaux,,,,COMPTES DE BILAN / COMPTES DU PASSIF CIRCULANT (HORS TRESORERIE) / DETTES DU PASSIF CIRCULANT / Organismes sociaux / Caisse Nationale de la Sécurité Sociale,missing_root_type
,ALLOCATION FAMILIALES,,payable,,0,payables,COMPTES DE BILAN / COMPTES DU PASSIF CIRCULANT (HORS TRESORERIE) / DETTES DU PASSIF CIRCULANT / Organismes sociaux / Caisse Nationale de la Sécurité Sociale,Payable,,,COMPTES DE BILAN / COMPTES DU PASSIF CIRCULANT (HORS TRESORERIE) / DETTES DU PASSIF CIRCULANT / Organismes sociaux / Caisse Nationale de la Sécurité Sociale / ALLOCATION FAMILIALES,missing_root_type
,Caisses de retraite,,payable,,0,payables,COMPTES DE BILAN / COMPTES DU PASSIF CIRCULANT (HORS TRESORERIE) / DETTES DU PASSIF CIRCULANT / Organismes sociaux,Payable,,,COMPTES DE BILAN / COMPTES DU PASSIF CIRCULANT (HORS TRESORERIE) / DETTES DU PASSIF CIRCULANT / Organismes sociaux / Caisses de retraite,missing_root_type
,Charges sociales à  payer,,payable,,0,payables,COMPTES DE BILAN / COMPTES DU PASSIF CIRCULANT (HORS TRESORERIE) / DETTES DU PASSIF CIRCULANT / Organismes sociaux,Payable,,,COMPTES DE BILAN / COMPTES DU PASSIF CIRCULANT (HORS TRESORERIE) / DETTES DU PASSIF CIRCULANT / Organismes sociaux / Charges sociales à  payer,missing_root_type
,Mutuelles,,payable,,0,payables,COMPTES DE BILAN / COMPTES DU PASSIF CIRCULANT (HORS TRESORERIE) / DETTES DU PASSIF CIRCULANT / Organismes sociaux,Payable,,,COMPTES DE BILAN / COMPTES DU PASSIF CIRCULANT (HORS TRESORERIE) / DETTES DU PASSIF CIRCULANT / Organismes sociaux / Mutuelles,missing_root_type
,Personnel - créditeur,,group,,1,,COMPTES DE BILAN / COMPTES DU PASSIF CIRCULANT (HORS TRESORERIE) / DETTES DU PASSIF CIRCULANT,,,,COMPTES DE BILAN / COMPTES DU PASSIF CIRCULANT (HORS TRESORERIE) / DETTES DU PASSIF CIRCULANT / Personnel - créditeur,missing_root_type
,Charges du personnel à  payer,,payable,,0,payables,COMPTES DE BILAN / COMPTES DU PASSIF CIRCULANT (HORS TRESORERIE) / DETTES DU PASSIF CIRCULANT / Personnel - créditeur,Payable,,,COMPTES DE BILAN / COMPTES DU PASSIF CIRCULANT (HORS TRESORERIE) / DETTES DU PASSIF CIRCULANT / Personnel - créditeur / Charges du personnel à  payer,missing_root_type
,Dépôts du personnel créditeurs,,payable,,0,payables,COMPTES DE BILAN / COMPTES DU PASSIF CIRCULANT (HORS TRESORERIE) / DETTES DU PASSIF CIRCULANT / Personnel - créditeur,Payable,,,COMPTES DE BILAN / COMPTES DU PASSIF CIRCULANT (HORS TRESORERIE) / DETTES DU PASSIF CIRCULANT / Personnel - créditeur / Dépôts du personnel créditeurs,missing_root_type
,Oppositions sur salaires,,payable,,0,payables,COMPTES DE BILAN / COMPTES DU PASSIF CIRCULANT (HORS TRESORERIE) / DETTES DU PASSIF CIRCULANT / Personnel - créditeur,Payable,,,COMPTES DE BILAN / COMPTES DU PASSIF CIRCULANT (HORS TRESORERIE) / DETTES DU PASSIF CIRCULANT / Personnel - créditeur / Oppositions sur salaires,missing_root_type
,Personnel - autres créditeurs,,payable,,0,payables,COMPTES DE BILAN / COMPTES DU PASSIF CIRCULANT (HORS TRESORERIE) / DETTES DU PASSIF CIRCULANT / Personnel - créditeur,Payable,,,COMPTES DE BILAN / COMPTES DU PASSIF CIRCULANT (HORS TRESORERIE) / DETTES DU PASSIF CIRCULANT / Personnel - créditeur / Personnel - autres créditeurs,missing_root_type
,Rémunérations dues au personnel,,payable,,0,payables,COMPTES DE BILAN / COMPTES DU PASSIF CIRCULANT (HORS TRESORERIE) / DETTES DU PASSIF CIRCULANT / Personnel - créditeur,Payable,,,COMPTES DE BILAN / COMPTES DU PASSIF CIRCULANT (HORS TRESORERIE) / DETTES DU PASSIF CIRCULANT / Personnel - créditeur / Rémunérations dues au personnel,missing_root_type
,Ecarts de conversion - passif (Eléments circulants),,group,,1,,COMPTES DE BILAN / COMPTES DU PASSIF CIRCULANT (HORS TRESORERIE),,,,COMPTES DE BILAN / COMPTES DU PASSIF CIRCULANT (HORS TRESORERIE) / Ecarts de conversion - passif (Eléments circulants),missing_root_type
,Ecarts de conversion - passif (Eléments circulants),,group,,1,,COMPTES DE BILAN / COMPTES DU PASSIF CIRCULANT (HORS TRESORERIE) / Ecarts de conversion - passif (Eléments circulants),,,,COMPTES DE BILAN / COMPTES DU PASSIF CIRCULANT (HORS TRESORERIE) / Ecarts de conversion - passif (Eléments circulants) / Ecarts de conversion - passif (Eléments circulants),missing_root_type
,Augmentation des créances circulantes,,unspecified,,0,,COMPTES DE BILAN / COMPTES DU PASSIF CIRCULANT (HORS TRESORERIE) / Ecarts de conversion - passif (Eléments circulants) / Ecarts de conversion - passif (Eléments circulants),,,,COMPTES DE BILAN / COMPTES DU PASSIF CIRCULANT (HORS TRESORERIE) / Ecarts de conversion - passif (Eléments circulants) / Ecarts de conversion - passif (Eléments circulants) / Augmentation des créances circulantes,missing_root_type
,Diminution des dettes circulantes,,unspecified,,0,,COMPTES DE BILAN / COMPTES DU PASSIF CIRCULANT (HORS TRESORERIE) / Ecarts de conversion - passif (Eléments circulants) / Ecarts de conversion - passif (Eléments circulants),,,,COMPTES DE BILAN / COMPTES DU PASSIF CIRCULANT (HORS TRESORERIE) / Ecarts de conversion - passif (Eléments circulants) / Ecarts de conversion - passif (Eléments circulants) / Diminution des dettes circulantes,missing_root_type
,COMPTES DE GESTION,,group,,1,,,,,,COMPTES DE GESTION,missing_root_type
,COMPTES DE CHARGES,,group,,1,,COMPTES DE GESTION,,,,COMPTES DE GESTION / COMPTES DE CHARGES,missing_root_type
,CHARGES D'EXPLOITATION,,group,,1,,COMPTES DE GESTION / COMPTES DE CHARGES,,,,COMPTES DE GESTION / COMPTES DE CHARGES / CHARGES D'EXPLOITATION,missing_root_type
,Achats consommés de matières et fournitures,,group,,1,,COMPTES DE GESTION / COMPTES DE CHARGES / CHARGES D'EXPLOITATION,,,,COMPTES DE GESTION / COMPTES DE CHARGES / CHARGES D'EXPLOITATION / Achats consommés de matières et fournitures,missing_root_type
,Achats d'emballages,,group,,1,,COMPTES DE GESTION / COMPTES DE CHARGES / CHARGES D'EXPLOITATION / Achats consommés de matières et fournitures,,,,COMPTES DE GESTION / COMPTES DE CHARGES / CHARGES D'EXPLOITATION / Achats consommés de matières et fournitures / Achats d'emballages,missing_root_type
,Achats d'emballages perdus,,unspecified,,0,,COMPTES DE GESTION / COMPTES DE CHARGES / CHARGES D'EXPLOITATION / Achats consommés de matières et fournitures / Achats d'emballages,,,,COMPTES DE GESTION / COMPTES DE CHARGES / CHARGES D'EXPLOITATION / Achats consommés de matières et fournitures / Achats d'emballages / Achats d'emballages perdus,missing_root_type
,Achats d'emballages récupérables non identifiables,,unspecified,,0,,COMPTES DE GESTION / COMPTES DE CHARGES / CHARGES D'EXPLOITATION / Achats consommés de matières et fournitures / Achats d'emballages,,,,COMPTES DE GESTION / COMPTES DE CHARGES / CHARGES D'EXPLOITATION / Achats consommés de matières et fournitures / Achats d'emballages / Achats d'emballages récupérables non identifiables,missing_root_type
,Achats d'emballages à  usage mixte,,unspecified,,0,,COMPTES DE GESTION / COMPTES DE CHARGES / CHARGES D'EXPLOITATION / Achats consommés de matières et fournitures / Achats d'emballages,,,,COMPTES DE GESTION / COMPTES DE CHARGES / CHARGES D'EXPLOITATION / Achats consommés de matières et fournitures / Achats d'emballages / Achats d'emballages à  usage mixte,missing_root_type
,Achats de matières et de fournitures des exercices antérieurs,,unspecified,,0,,COMPTES DE GESTION / COMPTES DE CHARGES / CHARGES D'EXPLOITATION / Achats consommés de matières et fournitures,,,,COMPTES DE GESTION / COMPTES DE CHARGES / CHARGES D'EXPLOITATION / Achats consommés de matières et fournitures / Achats de matières et de fournitures des exercices antérieurs,missing_root_type
,Achats de matières et fournitures consommables,,group,,1,,COMPTES DE GESTION / COMPTES DE CHARGES / CHARGES D'EXPLOITATION / Achats consommés de matières et fournitures,,,,COMPTES DE GESTION / COMPTES DE CHARGES / CHARGES D'EXPLOITATION / Achats consommés de matières et fournitures / Achats de matières et fournitures consommables,missing_root_type
,Achats de combustibles,,unspecified,,0,,COMPTES DE GESTION / COMPTES DE CHARGES / CHARGES D'EXPLOITATION / Achats consommés de matières et fournitures / Achats de matières et fournitures consommables,,,,COMPTES DE GESTION / COMPTES DE CHARGES / CHARGES D'EXPLOITATION / Achats consommés de matières et fournitures / Achats de matières et fournitures consommables / Achats de combustibles,missing_root_type
,Achats de fournitures d'atelier et d'usine,,unspecified,,0,,COMPTES DE GESTION / COMPTES DE CHARGES / CHARGES D'EXPLOITATION / Achats consommés de matières et fournitures / Achats de matières et fournitures consommables,,,,COMPTES DE GESTION / COMPTES DE CHARGES / CHARGES D'EXPLOITATION / Achats consommés de matières et fournitures / Achats de matières et fournitures consommables / Achats de fournitures d'atelier et d'usine,missing_root_type
,Achats de fournitures de bureau,,unspecified,,0,,COMPTES DE GESTION / COMPTES DE CHARGES / CHARGES D'EXPLOITATION / Achats consommés de matières et fournitures / Achats de matières et fournitures consommables,,,,COMPTES DE GESTION / COMPTES DE CHARGES / CHARGES D'EXPLOITATION / Achats consommés de matières et fournitures / Achats de matières et fournitures consommables / Achats de fournitures de bureau,missing_root_type
,Achats de fournitures de magasin,,unspecified,,0,,COMPTES DE GESTION / COMPTES DE CHARGES / CHARGES D'EXPLOITATION / Achats consommés de matières et fournitures / Achats de matières et fournitures consommables,,,,COMPTES DE GESTION / COMPTES DE CHARGES / CHARGES D'EXPLOITATION / Achats consommés de matières et fournitures / Achats de matières et fournitures consommables / Achats de fournitures de magasin,missing_root_type
,Achats de matières et fournitures A,,unspecified,,0,,COMPTES DE GESTION / COMPTES DE CHARGES / CHARGES D'EXPLOITATION / Achats consommés de matières et fournitures / Achats de matières et fournitures consommables,,,,COMPTES DE GESTION / COMPTES DE CHARGES / CHARGES D'EXPLOITATION / Achats consommés de matières et fournitures / Achats de matières et fournitures consommables / Achats de matières et fournitures A,missing_root_type
,Achats de matières et fournitures B,,unspecified,,0,,COMPTES DE GESTION / COMPTES DE CHARGES / CHARGES D'EXPLOITATION / Achats consommés de matières et fournitures / Achats de matières et fournitures consommables,,,,COMPTES DE GESTION / COMPTES DE CHARGES / CHARGES D'EXPLOITATION / Achats consommés de matières et fournitures / Achats de matières et fournitures consommables / Achats de matières et fournitures B,missing_root_type
,Achats de produits d'entretien,,unspecified,,0,,COMPTES DE GESTION / COMPTES DE CHARGES / CHARGES D'EXPLOITATION / Achats consommés de matières et fournitures / Achats de matières et fournitures consommables,,,,COMPTES DE GESTION / COMPTES DE CHARGES / CHARGES D'EXPLOITATION / Achats consommés de matières et fournitures / Achats de matières et fournitures consommables / Achats de produits d'entretien,missing_root_type
,Achats de matières premières,,group,,1,,COMPTES DE GESTION / COMPTES DE CHARGES / CHARGES D'EXPLOITATION / Achats consommés de matières et fournitures,,,,COMPTES DE GESTION / COMPTES DE CHARGES / CHARGES D'EXPLOITATION / Achats consommés de matières et fournitures / Achats de matières premières,missing_root_type
,Achats de matières premières A,,unspecified,,0,,COMPTES DE GESTION / COMPTES DE CHARGES / CHARGES D'EXPLOITATION / Achats consommés de matières et fournitures / Achats de matières premières,,,,COMPTES DE GESTION / COMPTES DE CHARGES / CHARGES D'EXPLOITATION / Achats consommés de matières et fournitures / Achats de matières premières / Achats de matières premières A,missing_root_type
,Achats de matières premières B,,unspecified,,0,,COMPTES DE GESTION / COMPTES DE CHARGES / CHARGES D'EXPLOITATION / Achats consommés de matières et fournitures / Achats de matières premières,,,,COMPTES DE GESTION / COMPTES DE CHARGES / CHARGES D'EXPLOITATION / Achats consommés de matières et fournitures / Achats de matières premières / Achats de matières premières B,missing_root_type
,"Achats de travaux, études et prestations de service",,group,,1,,COMPTES DE GESTION / COMPTES DE CHARGES / CHARGES D'EXPLOITATION / Achats consommés de matières et fournitures,,,,"COMPTES DE GESTION / COMPTES DE CHARGES / CHARGES D'EXPLOITATION / Achats consommés de matières et fournitures / Achats de travaux, études et prestations de service",missing_root_type
,Achats des prestations de service,,unspecified,,0,,"COMPTES DE GESTION / COMPTES DE CHARGES / CHARGES D'EXPLOITATION / Achats consommés de matières et fournitures / Achats de travaux, études et prestations de service",,,,"COMPTES DE GESTION / COMPTES DE CHARGES / CHARGES D'EXPLOITATION / Achats consommés de matières et fournitures / Achats de travaux, études et prestations de service / Achats des prestations de service",missing_root_type
,Achats des travaux,,unspecified,,0,,"COMPTES DE GESTION / COMPTES DE CHARGES / CHARGES D'EXPLOITATION / Achats consommés de matières et fournitures / Achats de travaux, études et prestations de service",,,,"COMPTES DE GESTION / COMPTES DE CHARGES / CHARGES D'EXPLOITATION / Achats consommés de matières et fournitures / Achats de travaux, études et prestations de service / Achats des travaux",missing_root_type
,Achats des études,,unspecified,,0,,"COMPTES DE GESTION / COMPTES DE CHARGES / CHARGES D'EXPLOITATION / Achats consommés de matières et fournitures / Achats de travaux, études et prestations de service",,,,"COMPTES DE GESTION / COMPTES DE CHARGES / CHARGES D'EXPLOITATION / Achats consommés de matières et fournitures / Achats de travaux, études et prestations de service / Achats des études",missing_root_type
,Achats non stockés de matières et fournitures,,group,,1,,COMPTES DE GESTION / COMPTES DE CHARGES / CHARGES D'EXPLOITATION / Achats consommés de matières et fournitures,,,,COMPTES DE GESTION / COMPTES DE CHARGES / CHARGES D'EXPLOITATION / Achats consommés de matières et fournitures / Achats non stockés de matières et fournitures,missing_root_type
,Achats de fournitures d'entretien,,unspecified,,0,,COMPTES DE GESTION / COMPTES DE CHARGES / CHARGES D'EXPLOITATION / Achats consommés de matières et fournitures / Achats non stockés de matières et fournitures,,,,COMPTES DE GESTION / COMPTES DE CHARGES / CHARGES D'EXPLOITATION / Achats consommés de matières et fournitures / Achats non stockés de matières et fournitures / Achats de fournitures d'entretien,missing_root_type
,Achats de fournitures de bureau,,unspecified,,0,,COMPTES DE GESTION / COMPTES DE CHARGES / CHARGES D'EXPLOITATION / Achats consommés de matières et fournitures / Achats non stockés de matières et fournitures,,,,COMPTES DE GESTION / COMPTES DE CHARGES / CHARGES D'EXPLOITATION / Achats consommés de matières et fournitures / Achats non stockés de matières et fournitures / Achats de fournitures de bureau,missing_root_type
,"Achats de fournitures non stockables (eau, électricité,,)",,unspecified,,0,,COMPTES DE GESTION / COMPTES DE CHARGES / CHARGES D'EXPLOITATION / Achats consommés de matières et fournitures / Achats non stockés de matières et fournitures,,,,"COMPTES DE GESTION / COMPTES DE CHARGES / CHARGES D'EXPLOITATION / Achats consommés de matières et fournitures / Achats non stockés de matières et fournitures / Achats de fournitures non stockables (eau, électricité,,)",missing_root_type
,Achats de petit outillage et petit équipement,,unspecified,,0,,COMPTES DE GESTION / COMPTES DE CHARGES / CHARGES D'EXPLOITATION / Achats consommés de matières et fournitures / Achats non stockés de matières et fournitures,,,,COMPTES DE GESTION / COMPTES DE CHARGES / CHARGES D'EXPLOITATION / Achats consommés de matières et fournitures / Achats non stockés de matières et fournitures / Achats de petit outillage et petit équipement,missing_root_type
,"Rabais, remises et ristournes obtenus sur achats consommés de matières et fournitures",,group,,1,,COMPTES DE GESTION / COMPTES DE CHARGES / CHARGES D'EXPLOITATION / Achats consommés de matières et fournitures,,,,"COMPTES DE GESTION / COMPTES DE CHARGES / CHARGES D'EXPLOITATION / Achats consommés de matières et fournitures / Rabais, remises et ristournes obtenus sur achats consommés de matières et fournitures",missing_root_type
,"Rabais, remises et ristournes obtenus sur achats de matières et fournitures consommables",,unspecified,,0,,"COMPTES DE GESTION / COMPTES DE CHARGES / CHARGES D'EXPLOITATION / Achats consommés de matières et fournitures / Rabais, remises et ristournes obtenus sur achats consommés de matières et fournitures",,,,"COMPTES DE GESTION / COMPTES DE CHARGES / CHARGES D'EXPLOITATION / Achats consommés de matières et fournitures / Rabais, remises et ristournes obtenus sur achats consommés de matières et fournitures / Rabais, remises et ristournes obtenus sur achats de matières et fournitures consommables",missing_root_type
,"Rabais, remises et ristournes obtenus sur achats de matières et fournitures des exercices antérieurs",,unspecified,,0,,"COMPTES DE GESTION / COMPTES DE CHARGES / CHARGES D'EXPLOITATION / Achats consommés de matières et fournitures / Rabais, remises et ristournes obtenus sur achats consommés de matières et fournitures",,,,"COMPTES DE GESTION / COMPTES DE CHARGES / CHARGES D'EXPLOITATION / Achats consommés de matières et fournitures / Rabais, remises et ristournes obtenus sur achats consommés de matières et fournitures / Rabais, remises et ristournes obtenus sur achats de matières et fournitures des exercices antérieurs",missing_root_type
,"Rabais, remises et ristournes obtenus sur achats de matières premières",,unspecified,,0,,"COMPTES DE GESTION / COMPTES DE CHARGES / CHARGES D'EXPLOITATION / Achats consommés de matières et fournitures / Rabais, remises et ristournes obtenus sur achats consommés de matières et fournitures",,,,"COMPTES DE GESTION / COMPTES DE CHARGES / CHARGES D'EXPLOITATION / Achats consommés de matières et fournitures / Rabais, remises et ristournes obtenus sur achats consommés de matières et fournitures / Rabais, remises et ristournes obtenus sur achats de matières premières",missing_root_type
,"Rabais, remises et ristournes obtenus sur achats de travaux, études et prestations de service",,unspecified,,0,,"COMPTES DE GESTION / COMPTES DE CHARGES / CHARGES D'EXPLOITATION / Achats consommés de matières et fournitures / Rabais, remises et ristournes obtenus sur achats consommés de matières et fournitures",,,,"COMPTES DE GESTION / COMPTES DE CHARGES / CHARGES D'EXPLOITATION / Achats consommés de matières et fournitures / Rabais, remises et ristournes obtenus sur achats consommés de matières et fournitures / Rabais, remises et ristournes obtenus sur achats de travaux, études et prestations de service",missing_root_type
,"Rabais, remises et ristournes obtenus sur achats des emballages",,unspecified,,0,,"COMPTES DE GESTION / COMPTES DE CHARGES / CHARGES D'EXPLOITATION / Achats consommés de matières et fournitures / Rabais, remises et ristournes obtenus sur achats consommés de matières et fournitures",,,,"COMPTES DE GESTION / COMPTES DE CHARGES / CHARGES D'EXPLOITATION / Achats consommés de matières et fournitures / Rabais, remises et ristournes obtenus sur achats consommés de matières et fournitures / Rabais, remises et ristournes obtenus sur achats des emballages",missing_root_type
,"Rabais, remises et ristournes obtenus sur achats non stockés",,unspecified,,0,,"COMPTES DE GESTION / COMPTES DE CHARGES / CHARGES D'EXPLOITATION / Achats consommés de matières et fournitures / Rabais, remises et ristournes obtenus sur achats consommés de matières et fournitures",,,,"COMPTES DE GESTION / COMPTES DE CHARGES / CHARGES D'EXPLOITATION / Achats consommés de matières et fournitures / Rabais, remises et ristournes obtenus sur achats consommés de matières et fournitures / Rabais, remises et ristournes obtenus sur achats non stockés",missing_root_type
,Variation des stocks de matières et fournitures,,group,,1,,COMPTES DE GESTION / COMPTES DE CHARGES / CHARGES D'EXPLOITATION / Achats consommés de matières et fournitures,,,,COMPTES DE GESTION / COMPTES DE CHARGES / CHARGES D'EXPLOITATION / Achats consommés de matières et fournitures / Variation des stocks de matières et fournitures,missing_root_type
,Variation des stocks de matières et fournitures consommables,,unspecified,,0,,COMPTES DE GESTION / COMPTES DE CHARGES / CHARGES D'EXPLOITATION / Achats consommés de matières et fournitures / Variation des stocks de matières et fournitures,,,,COMPTES DE GESTION / COMPTES DE CHARGES / CHARGES D'EXPLOITATION / Achats consommés de matières et fournitures / Variation des stocks de matières et fournitures / Variation des stocks de matières et fournitures consommables,missing_root_type
,Variation des stocks de matières premières,,unspecified,,0,,COMPTES DE GESTION / COMPTES DE CHARGES / CHARGES D'EXPLOITATION / Achats consommés de matières et fournitures / Variation des stocks de matières et fournitures,,,,COMPTES DE GESTION / COMPTES DE CHARGES / CHARGES D'EXPLOITATION / Achats consommés de matières et fournitures / Variation des stocks de matières et fournitures / Variation des stocks de matières premières,missing_root_type
,Variation des stocks des emballages,,unspecified,,0,,COMPTES DE GESTION / COMPTES DE CHARGES / CHARGES D'EXPLOITATION / Achats consommés de matières et fournitures / Variation des stocks de matières et fournitures,,,,COMPTES DE GESTION / COMPTES DE CHARGES / CHARGES D'EXPLOITATION / Achats consommés de matières et fournitures / Variation des stocks de matières et fournitures / Variation des stocks des emballages,missing_root_type
,Achats revendus de marchandises,,group,,1,,COMPTES DE GESTION / COMPTES DE CHARGES / CHARGES D'EXPLOITATION,,,,COMPTES DE GESTION / COMPTES DE CHARGES / CHARGES D'EXPLOITATION / Achats revendus de marchandises,missing_root_type
,"Achats de marchandises ""groupe A""",,unspecified,,0,,COMPTES DE GESTION / COMPTES DE CHARGES / CHARGES D'EXPLOITATION / Achats revendus de marchandises,,,,"COMPTES DE GESTION / COMPTES DE CHARGES / CHARGES D'EXPLOITATION / Achats revendus de marchandises / Achats de marchandises ""groupe A""",missing_root_type
,"Achats de marchandises ""groupe B""",,unspecified,,0,,COMPTES DE GESTION / COMPTES DE CHARGES / CHARGES D'EXPLOITATION / Achats revendus de marchandises,,,,"COMPTES DE GESTION / COMPTES DE CHARGES / CHARGES D'EXPLOITATION / Achats revendus de marchandises / Achats de marchandises ""groupe B""",missing_root_type
,Achats revendus de marchandises des exercices antérieurs,,unspecified,,0,,COMPTES DE GESTION / COMPTES DE CHARGES / CHARGES D'EXPLOITATION / Achats revendus de marchandises,,,,COMPTES DE GESTION / COMPTES DE CHARGES / CHARGES D'EXPLOITATION / Achats revendus de marchandises / Achats revendus de marchandises des exercices antérieurs,missing_root_type
,"Rabais, remises et ristournes obtenus sur achats de marchandises",,unspecified,,0,,COMPTES DE GESTION / COMPTES DE CHARGES / CHARGES D'EXPLOITATION / Achats revendus de marchandises,,,,"COMPTES DE GESTION / COMPTES DE CHARGES / CHARGES D'EXPLOITATION / Achats revendus de marchandises / Rabais, remises et ristournes obtenus sur achats de marchandises",missing_root_type
,Variation de stocks de marchandises,,unspecified,,0,,COMPTES DE GESTION / COMPTES DE CHARGES / CHARGES D'EXPLOITATION / Achats revendus de marchandises,,,,COMPTES DE GESTION / COMPTES DE CHARGES / CHARGES D'EXPLOITATION / Achats revendus de marchandises / Variation de stocks de marchandises,missing_root_type
,Autres charges d'exploitation,,group,,1,,COMPTES DE GESTION / COMPTES DE CHARGES / CHARGES D'EXPLOITATION,,,,COMPTES DE GESTION / COMPTES DE CHARGES / CHARGES D'EXPLOITATION / Autres charges d'exploitation,missing_root_type
,Autres charges d'exploitation des exercices antérieurs,,unspecified,,0,,COMPTES DE GESTION / COMPTES DE CHARGES / CHARGES D'EXPLOITATION / Autres charges d'exploitation,,,,COMPTES DE GESTION / COMPTES DE CHARGES / CHARGES D'EXPLOITATION / Autres charges d'exploitation / Autres charges d'exploitation des exercices antérieurs,missing_root_type
,Jetons de présence,,unspecified,,0,,COMPTES DE GESTION / COMPTES DE CHARGES / CHARGES D'EXPLOITATION / Autres charges d'exploitation,,,,COMPTES DE GESTION / COMPTES DE CHARGES / CHARGES D'EXPLOITATION / Autres charges d'exploitation / Jetons de présence,missing_root_type
,Pertes sur créances irrécouvrables,,unspecified,,0,,COMPTES DE GESTION / COMPTES DE CHARGES / CHARGES D'EXPLOITATION / Autres charges d'exploitation,,,,COMPTES DE GESTION / COMPTES DE CHARGES / CHARGES D'EXPLOITATION / Autres charges d'exploitation / Pertes sur créances irrécouvrables,missing_root_type
,Pertes sur opérations faites en commun,,unspecified,,0,,COMPTES DE GESTION / COMPTES DE CHARGES / CHARGES D'EXPLOITATION / Autres charges d'exploitation,,,,COMPTES DE GESTION / COMPTES DE CHARGES / CHARGES D'EXPLOITATION / Autres charges d'exploitation / Pertes sur opérations faites en commun,missing_root_type
,Transfert de profits sur opérations faites en commun,,unspecified,,0,,COMPTES DE GESTION / COMPTES DE CHARGES / CHARGES D'EXPLOITATION / Autres charges d'exploitation,,,,COMPTES DE GESTION / COMPTES DE CHARGES / CHARGES D'EXPLOITATION / Autres charges d'exploitation / Transfert de profits sur opérations faites en commun,missing_root_type
,Autres charges externes 1,,group,,1,,COMPTES DE GESTION / COMPTES DE CHARGES / CHARGES D'EXPLOITATION,,,,COMPTES DE GESTION / COMPTES DE CHARGES / CHARGES D'EXPLOITATION / Autres charges externes 1,missing_root_type
,Entretien et réparations,,group,,1,,COMPTES DE GESTION / COMPTES DE CHARGES / CHARGES D'EXPLOITATION / Autres charges externes 1,,,,COMPTES DE GESTION / COMPTES DE CHARGES / CHARGES D'EXPLOITATION / Autres charges externes 1 / Entretien et réparations,missing_root_type
,Entretien et réparations des biens immobiliers,,unspecified,,0,,COMPTES DE GESTION / COMPTES DE CHARGES / CHARGES D'EXPLOITATION / Autres charges externes 1 / Entretien et réparations,,,,COMPTES DE GESTION / COMPTES DE CHARGES / CHARGES D'EXPLOITATION / Autres charges externes 1 / Entretien et réparations / Entretien et réparations des biens immobiliers,missing_root_type
,Entretien et réparations des biens mobiliers,,unspecified,,0,,COMPTES DE GESTION / COMPTES DE CHARGES / CHARGES D'EXPLOITATION / Autres charges externes 1 / Entretien et réparations,,,,COMPTES DE GESTION / COMPTES DE CHARGES / CHARGES D'EXPLOITATION / Autres charges externes 1 / Entretien et réparations / Entretien et réparations des biens mobiliers,missing_root_type
,Maintenance,,unspecified,,0,,COMPTES DE GESTION / COMPTES DE CHARGES / CHARGES D'EXPLOITATION / Autres charges externes 1 / Entretien et réparations,,,,COMPTES DE GESTION / COMPTES DE CHARGES / CHARGES D'EXPLOITATION / Autres charges externes 1 / Entretien et réparations / Maintenance,missing_root_type
,Locations et charges locatives,,group,,1,,COMPTES DE GESTION / COMPTES DE CHARGES / CHARGES D'EXPLOITATION / Autres charges externes 1,,,,COMPTES DE GESTION / COMPTES DE CHARGES / CHARGES D'EXPLOITATION / Autres charges externes 1 / Locations et charges locatives,missing_root_type
,Locations de constructions,,unspecified,,0,,COMPTES DE GESTION / COMPTES DE CHARGES / CHARGES D'EXPLOITATION / Autres charges externes 1 / Locations et charges locatives,,,,COMPTES DE GESTION / COMPTES DE CHARGES / CHARGES D'EXPLOITATION / Autres charges externes 1 / Locations et charges locatives / Locations de constructions,missing_root_type
,Locations de matériel de transport,,unspecified,,0,,COMPTES DE GESTION / COMPTES DE CHARGES / CHARGES D'EXPLOITATION / Autres charges externes 1 / Locations et charges locatives,,,,COMPTES DE GESTION / COMPTES DE CHARGES / CHARGES D'EXPLOITATION / Autres charges externes 1 / Locations et charges locatives / Locations de matériel de transport,missing_root_type
,Locations de matériel et d'outillage,,unspecified,,0,,COMPTES DE GESTION / COMPTES DE CHARGES / CHARGES D'EXPLOITATION / Autres charges externes 1 / Locations et charges locatives,,,,COMPTES DE GESTION / COMPTES DE CHARGES / CHARGES D'EXPLOITATION / Autres charges externes 1 / Locations et charges locatives / Locations de matériel et d'outillage,missing_root_type
,Locations de matériel informatique,,unspecified,,0,,COMPTES DE GESTION / COMPTES DE CHARGES / CHARGES D'EXPLOITATION / Autres charges externes 1 / Locations et charges locatives,,,,COMPTES DE GESTION / COMPTES DE CHARGES / CHARGES D'EXPLOITATION / Autres charges externes 1 / Locations et charges locatives / Locations de matériel informatique,missing_root_type
,Locations de mobilier et de matériel de bureau,,unspecified,,0,,COMPTES DE GESTION / COMPTES DE CHARGES / CHARGES D'EXPLOITATION / Autres charges externes 1 / Locations et charges locatives,,,,COMPTES DE GESTION / COMPTES DE CHARGES / CHARGES D'EXPLOITATION / Autres charges externes 1 / Locations et charges locatives / Locations de mobilier et de matériel de bureau,missing_root_type
,Locations de terrains,,unspecified,,0,,COMPTES DE GESTION / COMPTES DE CHARGES / CHARGES D'EXPLOITATION / Autres charges externes 1 / Locations et charges locatives,,,,COMPTES DE GESTION / COMPTES DE CHARGES / CHARGES D'EXPLOITATION / Autres charges externes 1 / Locations et charges locatives / Locations de terrains,missing_root_type
,Locations et charges locatives diverses,,unspecified,,0,,COMPTES DE GESTION / COMPTES DE CHARGES / CHARGES D'EXPLOITATION / Autres charges externes 1 / Locations et charges locatives,,,,COMPTES DE GESTION / COMPTES DE CHARGES / CHARGES D'EXPLOITATION / Autres charges externes 1 / Locations et charges locatives / Locations et charges locatives diverses,missing_root_type
,Malis sur emballages rendus,,unspecified,,0,,COMPTES DE GESTION / COMPTES DE CHARGES / CHARGES D'EXPLOITATION / Autres charges externes 1 / Locations et charges locatives,,,,COMPTES DE GESTION / COMPTES DE CHARGES / CHARGES D'EXPLOITATION / Autres charges externes 1 / Locations et charges locatives / Malis sur emballages rendus,missing_root_type
,Primes d'assurances,,group,,1,,COMPTES DE GESTION / COMPTES DE CHARGES / CHARGES D'EXPLOITATION / Autres charges externes 1,,,,COMPTES DE GESTION / COMPTES DE CHARGES / CHARGES D'EXPLOITATION / Autres charges externes 1 / Primes d'assurances,missing_root_type
,Assurances - Matériel de transport,,unspecified,,0,,COMPTES DE GESTION / COMPTES DE CHARGES / CHARGES D'EXPLOITATION / Autres charges externes 1 / Primes d'assurances,,,,COMPTES DE GESTION / COMPTES DE CHARGES / CHARGES D'EXPLOITATION / Autres charges externes 1 / Primes d'assurances / Assurances - Matériel de transport,missing_root_type
,Assurances - risques d'exploitation,,unspecified,,0,,COMPTES DE GESTION / COMPTES DE CHARGES / CHARGES D'EXPLOITATION / Autres charges externes 1 / Primes d'assurances,,,,COMPTES DE GESTION / COMPTES DE CHARGES / CHARGES D'EXPLOITATION / Autres charges externes 1 / Primes d'assurances / Assurances - risques d'exploitation,missing_root_type
,"Assurances multirisque (vol, incendie,R,C,)",,unspecified,,0,,COMPTES DE GESTION / COMPTES DE CHARGES / CHARGES D'EXPLOITATION / Autres charges externes 1 / Primes d'assurances,,,,"COMPTES DE GESTION / COMPTES DE CHARGES / CHARGES D'EXPLOITATION / Autres charges externes 1 / Primes d'assurances / Assurances multirisque (vol, incendie,R,C,)",missing_root_type
,Autres assurances,,unspecified,,0,,COMPTES DE GESTION / COMPTES DE CHARGES / CHARGES D'EXPLOITATION / Autres charges externes 1 / Primes d'assurances,,,,COMPTES DE GESTION / COMPTES DE CHARGES / CHARGES D'EXPLOITATION / Autres charges externes 1 / Primes d'assurances / Autres assurances,missing_root_type
,Redevances de crédit-bail,,group,,1,,COMPTES DE GESTION / COMPTES DE CHARGES / CHARGES D'EXPLOITATION / Autres charges externes 1,,,,COMPTES DE GESTION / COMPTES DE CHARGES / CHARGES D'EXPLOITATION / Autres charges externes 1 / Redevances de crédit-bail,missing_root_type
,Redevances de crédit-bail - mobilier et matériel,,unspecified,,0,,COMPTES DE GESTION / COMPTES DE CHARGES / CHARGES D'EXPLOITATION / Autres charges externes 1 / Redevances de crédit-bail,,,,COMPTES DE GESTION / COMPTES DE CHARGES / CHARGES D'EXPLOITATION / Autres charges externes 1 / Redevances de crédit-bail / Redevances de crédit-bail - mobilier et matériel,missing_root_type
,"Redevances pour brevets, marques, droits et valeurs similaires",,group,,1,,COMPTES DE GESTION / COMPTES DE CHARGES / CHARGES D'EXPLOITATION / Autres charges externes 1,,,,"COMPTES DE GESTION / COMPTES DE CHARGES / CHARGES D'EXPLOITATION / Autres charges externes 1 / Redevances pour brevets, marques, droits et valeurs similaires",missing_root_type
,Autres redevances,,unspecified,,0,,"COMPTES DE GESTION / COMPTES DE CHARGES / CHARGES D'EXPLOITATION / Autres charges externes 1 / Redevances pour brevets, marques, droits et valeurs similaires",,,,"COMPTES DE GESTION / COMPTES DE CHARGES / CHARGES D'EXPLOITATION / Autres charges externes 1 / Redevances pour brevets, marques, droits et valeurs similaires / Autres redevances",missing_root_type
,Redevances pour brevets,,unspecified,,0,,"COMPTES DE GESTION / COMPTES DE CHARGES / CHARGES D'EXPLOITATION / Autres charges externes 1 / Redevances pour brevets, marques, droits et valeurs similaires",,,,"COMPTES DE GESTION / COMPTES DE CHARGES / CHARGES D'EXPLOITATION / Autres charges externes 1 / Redevances pour brevets, marques, droits et valeurs similaires / Redevances pour brevets",missing_root_type
,Rémunérations d'intermédiaires et honoraires,,group,,1,,COMPTES DE GESTION / COMPTES DE CHARGES / CHARGES D'EXPLOITATION / Autres charges externes 1,,,,COMPTES DE GESTION / COMPTES DE CHARGES / CHARGES D'EXPLOITATION / Autres charges externes 1 / Rémunérations d'intermédiaires et honoraires,missing_root_type
,Commissions et courtages,,unspecified,,0,,COMPTES DE GESTION / COMPTES DE CHARGES / CHARGES D'EXPLOITATION / Autres charges externes 1 / Rémunérations d'intermédiaires et honoraires,,,,COMPTES DE GESTION / COMPTES DE CHARGES / CHARGES D'EXPLOITATION / Autres charges externes 1 / Rémunérations d'intermédiaires et honoraires / Commissions et courtages,missing_root_type
,Frais d'actes et de contentieux,,unspecified,,0,,COMPTES DE GESTION / COMPTES DE CHARGES / CHARGES D'EXPLOITATION / Autres charges externes 1 / Rémunérations d'intermédiaires et honoraires,,,,COMPTES DE GESTION / COMPTES DE CHARGES / CHARGES D'EXPLOITATION / Autres charges externes 1 / Rémunérations d'intermédiaires et honoraires / Frais d'actes et de contentieux,missing_root_type
,Honoraires,,unspecified,,0,,COMPTES DE GESTION / COMPTES DE CHARGES / CHARGES D'EXPLOITATION / Autres charges externes 1 / Rémunérations d'intermédiaires et honoraires,,,,COMPTES DE GESTION / COMPTES DE CHARGES / CHARGES D'EXPLOITATION / Autres charges externes 1 / Rémunérations d'intermédiaires et honoraires / Honoraires,missing_root_type
,Rémunérations du personnel extérieur à  l'entreprise,,group,,1,,COMPTES DE GESTION / COMPTES DE CHARGES / CHARGES D'EXPLOITATION / Autres charges externes 1,,,,COMPTES DE GESTION / COMPTES DE CHARGES / CHARGES D'EXPLOITATION / Autres charges externes 1 / Rémunérations du personnel extérieur à  l'entreprise,missing_root_type
,Rémunérations du personnel détaché ou prêté à  l'entreprise,,unspecified,,0,,COMPTES DE GESTION / COMPTES DE CHARGES / CHARGES D'EXPLOITATION / Autres charges externes 1 / Rémunérations du personnel extérieur à  l'entreprise,,,,COMPTES DE GESTION / COMPTES DE CHARGES / CHARGES D'EXPLOITATION / Autres charges externes 1 / Rémunérations du personnel extérieur à  l'entreprise / Rémunérations du personnel détaché ou prêté à  l'entreprise,missing_root_type
,Rémunérations du personnel intérimaire,,unspecified,,0,,COMPTES DE GESTION / COMPTES DE CHARGES / CHARGES D'EXPLOITATION / Autres charges externes 1 / Rémunérations du personnel extérieur à  l'entreprise,,,,COMPTES DE GESTION / COMPTES DE CHARGES / CHARGES D'EXPLOITATION / Autres charges externes 1 / Rémunérations du personnel extérieur à  l'entreprise / Rémunérations du personnel intérimaire,missing_root_type
,Rémunérations du personnel occasionnel,,unspecified,,0,,COMPTES DE GESTION / COMPTES DE CHARGES / CHARGES D'EXPLOITATION / Autres charges externes 1 / Rémunérations du personnel extérieur à  l'entreprise,,,,COMPTES DE GESTION / COMPTES DE CHARGES / CHARGES D'EXPLOITATION / Autres charges externes 1 / Rémunérations du personnel extérieur à  l'entreprise / Rémunérations du personnel occasionnel,missing_root_type
,Autres charges externes 2,,group,,1,,COMPTES DE GESTION / COMPTES DE CHARGES / CHARGES D'EXPLOITATION,,,,COMPTES DE GESTION / COMPTES DE CHARGES / CHARGES D'EXPLOITATION / Autres charges externes 2,missing_root_type
,Autres charges externes des exercices antérieurs,,unspecified,,0,,COMPTES DE GESTION / COMPTES DE CHARGES / CHARGES D'EXPLOITATION / Autres charges externes 2,,,,COMPTES DE GESTION / COMPTES DE CHARGES / CHARGES D'EXPLOITATION / Autres charges externes 2 / Autres charges externes des exercices antérieurs,missing_root_type
,Cotisations et dons,,group,,1,,COMPTES DE GESTION / COMPTES DE CHARGES / CHARGES D'EXPLOITATION / Autres charges externes 2,,,,COMPTES DE GESTION / COMPTES DE CHARGES / CHARGES D'EXPLOITATION / Autres charges externes 2 / Cotisations et dons,missing_root_type
,Cotisations,,unspecified,,0,,COMPTES DE GESTION / COMPTES DE CHARGES / CHARGES D'EXPLOITATION / Autres charges externes 2 / Cotisations et dons,,,,COMPTES DE GESTION / COMPTES DE CHARGES / CHARGES D'EXPLOITATION / Autres charges externes 2 / Cotisations et dons / Cotisations,missing_root_type
,Dons,,unspecified,,0,,COMPTES DE GESTION / COMPTES DE CHARGES / CHARGES D'EXPLOITATION / Autres charges externes 2 / Cotisations et dons,,,,COMPTES DE GESTION / COMPTES DE CHARGES / CHARGES D'EXPLOITATION / Autres charges externes 2 / Cotisations et dons / Dons,missing_root_type
,"Déplacements, missions et réceptions",,group,,1,,COMPTES DE GESTION / COMPTES DE CHARGES / CHARGES D'EXPLOITATION / Autres charges externes 2,,,,"COMPTES DE GESTION / COMPTES DE CHARGES / CHARGES D'EXPLOITATION / Autres charges externes 2 / Déplacements, missions et réceptions",missing_root_type
,Frais de déménagement,,unspecified,,0,,"COMPTES DE GESTION / COMPTES DE CHARGES / CHARGES D'EXPLOITATION / Autres charges externes 2 / Déplacements, missions et réceptions",,,,"COMPTES DE GESTION / COMPTES DE CHARGES / CHARGES D'EXPLOITATION / Autres charges externes 2 / Déplacements, missions et réceptions / Frais de déménagement",missing_root_type
,Missions,,unspecified,,0,,"COMPTES DE GESTION / COMPTES DE CHARGES / CHARGES D'EXPLOITATION / Autres charges externes 2 / Déplacements, missions et réceptions",,,,"COMPTES DE GESTION / COMPTES DE CHARGES / CHARGES D'EXPLOITATION / Autres charges externes 2 / Déplacements, missions et réceptions / Missions",missing_root_type
,Réceptions,,unspecified,,0,,"COMPTES DE GESTION / COMPTES DE CHARGES / CHARGES D'EXPLOITATION / Autres charges externes 2 / Déplacements, missions et réceptions",,,,"COMPTES DE GESTION / COMPTES DE CHARGES / CHARGES D'EXPLOITATION / Autres charges externes 2 / Déplacements, missions et réceptions / Réceptions",missing_root_type
,Voyages et déplacements,,unspecified,,0,,"COMPTES DE GESTION / COMPTES DE CHARGES / CHARGES D'EXPLOITATION / Autres charges externes 2 / Déplacements, missions et réceptions",,,,"COMPTES DE GESTION / COMPTES DE CHARGES / CHARGES D'EXPLOITATION / Autres charges externes 2 / Déplacements, missions et réceptions / Voyages et déplacements",missing_root_type
,Frais postaux et frais de télécommunication,,group,,1,,COMPTES DE GESTION / COMPTES DE CHARGES / CHARGES D'EXPLOITATION / Autres charges externes 2,,,,COMPTES DE GESTION / COMPTES DE CHARGES / CHARGES D'EXPLOITATION / Autres charges externes 2 / Frais postaux et frais de télécommunication,missing_root_type
,Frais de télex et de télégrammes,,unspecified,,0,,COMPTES DE GESTION / COMPTES DE CHARGES / CHARGES D'EXPLOITATION / Autres charges externes 2 / Frais postaux et frais de télécommunication,,,,COMPTES DE GESTION / COMPTES DE CHARGES / CHARGES D'EXPLOITATION / Autres charges externes 2 / Frais postaux et frais de télécommunication / Frais de télex et de télégrammes,missing_root_type
,Frais de téléphone,,unspecified,,0,,COMPTES DE GESTION / COMPTES DE CHARGES / CHARGES D'EXPLOITATION / Autres charges externes 2 / Frais postaux et frais de télécommunication,,,,COMPTES DE GESTION / COMPTES DE CHARGES / CHARGES D'EXPLOITATION / Autres charges externes 2 / Frais postaux et frais de télécommunication / Frais de téléphone,missing_root_type
,Frais postaux,,unspecified,,0,,COMPTES DE GESTION / COMPTES DE CHARGES / CHARGES D'EXPLOITATION / Autres charges externes 2 / Frais postaux et frais de télécommunication,,,,COMPTES DE GESTION / COMPTES DE CHARGES / CHARGES D'EXPLOITATION / Autres charges externes 2 / Frais postaux et frais de télécommunication / Frais postaux,missing_root_type
,"Publicité, publications et relations publiques",,group,,1,,COMPTES DE GESTION / COMPTES DE CHARGES / CHARGES D'EXPLOITATION / Autres charges externes 2,,,,"COMPTES DE GESTION / COMPTES DE CHARGES / CHARGES D'EXPLOITATION / Autres charges externes 2 / Publicité, publications et relations publiques",missing_root_type
,Annonces et insertions,,unspecified,,0,,"COMPTES DE GESTION / COMPTES DE CHARGES / CHARGES D'EXPLOITATION / Autres charges externes 2 / Publicité, publications et relations publiques",,,,"COMPTES DE GESTION / COMPTES DE CHARGES / CHARGES D'EXPLOITATION / Autres charges externes 2 / Publicité, publications et relations publiques / Annonces et insertions",missing_root_type
,Autres charges de publicité et relations publiques,,unspecified,,0,,"COMPTES DE GESTION / COMPTES DE CHARGES / CHARGES D'EXPLOITATION / Autres charges externes 2 / Publicité, publications et relations publiques",,,,"COMPTES DE GESTION / COMPTES DE CHARGES / CHARGES D'EXPLOITATION / Autres charges externes 2 / Publicité, publications et relations publiques / Autres charges de publicité et relations publiques",missing_root_type
,Cadeaux à  la clientèle,,unspecified,,0,,"COMPTES DE GESTION / COMPTES DE CHARGES / CHARGES D'EXPLOITATION / Autres charges externes 2 / Publicité, publications et relations publiques",,,,"COMPTES DE GESTION / COMPTES DE CHARGES / CHARGES D'EXPLOITATION / Autres charges externes 2 / Publicité, publications et relations publiques / Cadeaux à  la clientèle",missing_root_type
,Foires et expositions,,unspecified,,0,,"COMPTES DE GESTION / COMPTES DE CHARGES / CHARGES D'EXPLOITATION / Autres charges externes 2 / Publicité, publications et relations publiques",,,,"COMPTES DE GESTION / COMPTES DE CHARGES / CHARGES D'EXPLOITATION / Autres charges externes 2 / Publicité, publications et relations publiques / Foires et expositions",missing_root_type
,Primes de publicité,,unspecified,,0,,"COMPTES DE GESTION / COMPTES DE CHARGES / CHARGES D'EXPLOITATION / Autres charges externes 2 / Publicité, publications et relations publiques",,,,"COMPTES DE GESTION / COMPTES DE CHARGES / CHARGES D'EXPLOITATION / Autres charges externes 2 / Publicité, publications et relations publiques / Primes de publicité",missing_root_type
,Publications,,unspecified,,0,,"COMPTES DE GESTION / COMPTES DE CHARGES / CHARGES D'EXPLOITATION / Autres charges externes 2 / Publicité, publications et relations publiques",,,,"COMPTES DE GESTION / COMPTES DE CHARGES / CHARGES D'EXPLOITATION / Autres charges externes 2 / Publicité, publications et relations publiques / Publications",missing_root_type
,"Échantillons, catalogues et imprimés publicitaires",,unspecified,,0,,"COMPTES DE GESTION / COMPTES DE CHARGES / CHARGES D'EXPLOITATION / Autres charges externes 2 / Publicité, publications et relations publiques",,,,"COMPTES DE GESTION / COMPTES DE CHARGES / CHARGES D'EXPLOITATION / Autres charges externes 2 / Publicité, publications et relations publiques / Échantillons, catalogues et imprimés publicitaires",missing_root_type
,"Rabais, remises et ristournes obtenus sur autres charges externes",,unspecified,,0,,COMPTES DE GESTION / COMPTES DE CHARGES / CHARGES D'EXPLOITATION / Autres charges externes 2,,,,"COMPTES DE GESTION / COMPTES DE CHARGES / CHARGES D'EXPLOITATION / Autres charges externes 2 / Rabais, remises et ristournes obtenus sur autres charges externes",missing_root_type
,Services bancaires,,group,,1,,COMPTES DE GESTION / COMPTES DE CHARGES / CHARGES D'EXPLOITATION / Autres charges externes 2,,,,COMPTES DE GESTION / COMPTES DE CHARGES / CHARGES D'EXPLOITATION / Autres charges externes 2 / Services bancaires,missing_root_type
,Frais d'achat et de vente des titres,,unspecified,,0,,COMPTES DE GESTION / COMPTES DE CHARGES / CHARGES D'EXPLOITATION / Autres charges externes 2 / Services bancaires,,,,COMPTES DE GESTION / COMPTES DE CHARGES / CHARGES D'EXPLOITATION / Autres charges externes 2 / Services bancaires / Frais d'achat et de vente des titres,missing_root_type
,Frais et commissions sur services bancaires,,unspecified,,0,,COMPTES DE GESTION / COMPTES DE CHARGES / CHARGES D'EXPLOITATION / Autres charges externes 2 / Services bancaires,,,,COMPTES DE GESTION / COMPTES DE CHARGES / CHARGES D'EXPLOITATION / Autres charges externes 2 / Services bancaires / Frais et commissions sur services bancaires,missing_root_type
,Frais sur effets de commerce,,unspecified,,0,,COMPTES DE GESTION / COMPTES DE CHARGES / CHARGES D'EXPLOITATION / Autres charges externes 2 / Services bancaires,,,,COMPTES DE GESTION / COMPTES DE CHARGES / CHARGES D'EXPLOITATION / Autres charges externes 2 / Services bancaires / Frais sur effets de commerce,missing_root_type
,Transports,,group,,1,,COMPTES DE GESTION / COMPTES DE CHARGES / CHARGES D'EXPLOITATION / Autres charges externes 2,,,,COMPTES DE GESTION / COMPTES DE CHARGES / CHARGES D'EXPLOITATION / Autres charges externes 2 / Transports,missing_root_type
,Autres transports,,unspecified,,0,,COMPTES DE GESTION / COMPTES DE CHARGES / CHARGES D'EXPLOITATION / Autres charges externes 2 / Transports,,,,COMPTES DE GESTION / COMPTES DE CHARGES / CHARGES D'EXPLOITATION / Autres charges externes 2 / Transports / Autres transports,missing_root_type
,Transports du personnel,,unspecified,,0,,COMPTES DE GESTION / COMPTES DE CHARGES / CHARGES D'EXPLOITATION / Autres charges externes 2 / Transports,,,,COMPTES DE GESTION / COMPTES DE CHARGES / CHARGES D'EXPLOITATION / Autres charges externes 2 / Transports / Transports du personnel,missing_root_type
,Transports sur achats,,unspecified,,0,,COMPTES DE GESTION / COMPTES DE CHARGES / CHARGES D'EXPLOITATION / Autres charges externes 2 / Transports,,,,COMPTES DE GESTION / COMPTES DE CHARGES / CHARGES D'EXPLOITATION / Autres charges externes 2 / Transports / Transports sur achats,missing_root_type
,Transports sur ventes,,unspecified,,0,,COMPTES DE GESTION / COMPTES DE CHARGES / CHARGES D'EXPLOITATION / Autres charges externes 2 / Transports,,,,COMPTES DE GESTION / COMPTES DE CHARGES / CHARGES D'EXPLOITATION / Autres charges externes 2 / Transports / Transports sur ventes,missing_root_type
,"Études, recherches et documentation",,group,,1,,COMPTES DE GESTION / COMPTES DE CHARGES / CHARGES D'EXPLOITATION / Autres charges externes 2,,,,"COMPTES DE GESTION / COMPTES DE CHARGES / CHARGES D'EXPLOITATION / Autres charges externes 2 / Études, recherches et documentation",missing_root_type
,Documentation générale,,unspecified,,0,,"COMPTES DE GESTION / COMPTES DE CHARGES / CHARGES D'EXPLOITATION / Autres charges externes 2 / Études, recherches et documentation",,,,"COMPTES DE GESTION / COMPTES DE CHARGES / CHARGES D'EXPLOITATION / Autres charges externes 2 / Études, recherches et documentation / Documentation générale",missing_root_type
,Documentation technique,,unspecified,,0,,"COMPTES DE GESTION / COMPTES DE CHARGES / CHARGES D'EXPLOITATION / Autres charges externes 2 / Études, recherches et documentation",,,,"COMPTES DE GESTION / COMPTES DE CHARGES / CHARGES D'EXPLOITATION / Autres charges externes 2 / Études, recherches et documentation / Documentation technique",missing_root_type
,Recherches,,unspecified,,0,,"COMPTES DE GESTION / COMPTES DE CHARGES / CHARGES D'EXPLOITATION / Autres charges externes 2 / Études, recherches et documentation",,,,"COMPTES DE GESTION / COMPTES DE CHARGES / CHARGES D'EXPLOITATION / Autres charges externes 2 / Études, recherches et documentation / Recherches",missing_root_type
,Études générales,,unspecified,,0,,"COMPTES DE GESTION / COMPTES DE CHARGES / CHARGES D'EXPLOITATION / Autres charges externes 2 / Études, recherches et documentation",,,,"COMPTES DE GESTION / COMPTES DE CHARGES / CHARGES D'EXPLOITATION / Autres charges externes 2 / Études, recherches et documentation / Études générales",missing_root_type
,Charges de personnel,,group,,1,,COMPTES DE GESTION / COMPTES DE CHARGES / CHARGES D'EXPLOITATION,,,,COMPTES DE GESTION / COMPTES DE CHARGES / CHARGES D'EXPLOITATION / Charges de personnel,missing_root_type
,Charges du personnel des exercices antérieurs,,chargeable,,0,,COMPTES DE GESTION / COMPTES DE CHARGES / CHARGES D'EXPLOITATION / Charges de personnel,Chargeable,,,COMPTES DE GESTION / COMPTES DE CHARGES / CHARGES D'EXPLOITATION / Charges de personnel / Charges du personnel des exercices antérieurs,missing_root_type
,Charges sociales,,group,,1,,COMPTES DE GESTION / COMPTES DE CHARGES / CHARGES D'EXPLOITATION / Charges de personnel,,,,COMPTES DE GESTION / COMPTES DE CHARGES / CHARGES D'EXPLOITATION / Charges de personnel / Charges sociales,missing_root_type
,Assurances accidents de travail,,chargeable,,0,,COMPTES DE GESTION / COMPTES DE CHARGES / CHARGES D'EXPLOITATION / Charges de personnel / Charges sociales,Chargeable,,,COMPTES DE GESTION / COMPTES DE CHARGES / CHARGES D'EXPLOITATION / Charges de personnel / Charges sociales / Assurances accidents de travail,missing_root_type
,Cotisations aux caisses de retraite,,chargeable,,0,,COMPTES DE GESTION / COMPTES DE CHARGES / CHARGES D'EXPLOITATION / Charges de personnel / Charges sociales,Chargeable,,,COMPTES DE GESTION / COMPTES DE CHARGES / CHARGES D'EXPLOITATION / Charges de personnel / Charges sociales / Cotisations aux caisses de retraite,missing_root_type
,Cotisations aux mutuelles,,chargeable,,0,,COMPTES DE GESTION / COMPTES DE CHARGES / CHARGES D'EXPLOITATION / Charges de personnel / Charges sociales,Chargeable,,,COMPTES DE GESTION / COMPTES DE CHARGES / CHARGES D'EXPLOITATION / Charges de personnel / Charges sociales / Cotisations aux mutuelles,missing_root_type
,Cotisations de sécurité sociale,,chargeable,,0,,COMPTES DE GESTION / COMPTES DE CHARGES / CHARGES D'EXPLOITATION / Charges de personnel / Charges sociales,Chargeable,,,COMPTES DE GESTION / COMPTES DE CHARGES / CHARGES D'EXPLOITATION / Charges de personnel / Charges sociales / Cotisations de sécurité sociale,missing_root_type
,Prestations familiales,,chargeable,,0,,COMPTES DE GESTION / COMPTES DE CHARGES / CHARGES D'EXPLOITATION / Charges de personnel / Charges sociales,Chargeable,,,COMPTES DE GESTION / COMPTES DE CHARGES / CHARGES D'EXPLOITATION / Charges de personnel / Charges sociales / Prestations familiales,missing_root_type
,Charges sociales diverses,,group,,1,,COMPTES DE GESTION / COMPTES DE CHARGES / CHARGES D'EXPLOITATION / Charges de personnel,,,,COMPTES DE GESTION / COMPTES DE CHARGES / CHARGES D'EXPLOITATION / Charges de personnel / Charges sociales diverses,missing_root_type
,Allocations aux oeuvres sociales,,chargeable,,0,,COMPTES DE GESTION / COMPTES DE CHARGES / CHARGES D'EXPLOITATION / Charges de personnel / Charges sociales diverses,Chargeable,,,COMPTES DE GESTION / COMPTES DE CHARGES / CHARGES D'EXPLOITATION / Charges de personnel / Charges sociales diverses / Allocations aux oeuvres sociales,missing_root_type
,Assurances groupe,,chargeable,,0,,COMPTES DE GESTION / COMPTES DE CHARGES / CHARGES D'EXPLOITATION / Charges de personnel / Charges sociales diverses,Chargeable,,,COMPTES DE GESTION / COMPTES DE CHARGES / CHARGES D'EXPLOITATION / Charges de personnel / Charges sociales diverses / Assurances groupe,missing_root_type
,Autres charges sociales diverses,,chargeable,,0,,COMPTES DE GESTION / COMPTES DE CHARGES / CHARGES D'EXPLOITATION / Charges de personnel / Charges sociales diverses,Chargeable,,,COMPTES DE GESTION / COMPTES DE CHARGES / CHARGES D'EXPLOITATION / Charges de personnel / Charges sociales diverses / Autres charges sociales diverses,missing_root_type
,Habillement et vêtements de travail,,chargeable,,0,,COMPTES DE GESTION / COMPTES DE CHARGES / CHARGES D'EXPLOITATION / Charges de personnel / Charges sociales diverses,Chargeable,,,COMPTES DE GESTION / COMPTES DE CHARGES / CHARGES D'EXPLOITATION / Charges de personnel / Charges sociales diverses / Habillement et vêtements de travail,missing_root_type
,Indemnités de préavis et de licenciement,,chargeable,,0,,COMPTES DE GESTION / COMPTES DE CHARGES / CHARGES D'EXPLOITATION / Charges de personnel / Charges sociales diverses,Chargeable,,,COMPTES DE GESTION / COMPTES DE CHARGES / CHARGES D'EXPLOITATION / Charges de personnel / Charges sociales diverses / Indemnités de préavis et de licenciement,missing_root_type
,"Médecine de travail, pharmacie",,chargeable,,0,,COMPTES DE GESTION / COMPTES DE CHARGES / CHARGES D'EXPLOITATION / Charges de personnel / Charges sociales diverses,Chargeable,,,"COMPTES DE GESTION / COMPTES DE CHARGES / CHARGES D'EXPLOITATION / Charges de personnel / Charges sociales diverses / Médecine de travail, pharmacie",missing_root_type
,Prestations de retraites,,chargeable,,0,,COMPTES DE GESTION / COMPTES DE CHARGES / CHARGES D'EXPLOITATION / Charges de personnel / Charges sociales diverses,Chargeable,,,COMPTES DE GESTION / COMPTES DE CHARGES / CHARGES D'EXPLOITATION / Charges de personnel / Charges sociales diverses / Prestations de retraites,missing_root_type
,Rémunération de l'exploitant,,group,,1,,COMPTES DE GESTION / COMPTES DE CHARGES / CHARGES D'EXPLOITATION / Charges de personnel,,,,COMPTES DE GESTION / COMPTES DE CHARGES / CHARGES D'EXPLOITATION / Charges de personnel / Rémunération de l'exploitant,missing_root_type
,Appointements et salaires,,chargeable,,0,,COMPTES DE GESTION / COMPTES DE CHARGES / CHARGES D'EXPLOITATION / Charges de personnel / Rémunération de l'exploitant,Chargeable,,,COMPTES DE GESTION / COMPTES DE CHARGES / CHARGES D'EXPLOITATION / Charges de personnel / Rémunération de l'exploitant / Appointements et salaires,missing_root_type
,Charges sociales sur appointements et salaires de l'exploitant,,chargeable,,0,,COMPTES DE GESTION / COMPTES DE CHARGES / CHARGES D'EXPLOITATION / Charges de personnel / Rémunération de l'exploitant,Chargeable,,,COMPTES DE GESTION / COMPTES DE CHARGES / CHARGES D'EXPLOITATION / Charges de personnel / Rémunération de l'exploitant / Charges sociales sur appointements et salaires de l'exploitant,missing_root_type
,Rémunérations du personnel,,group,,1,,COMPTES DE GESTION / COMPTES DE CHARGES / CHARGES D'EXPLOITATION / Charges de personnel,,,,COMPTES DE GESTION / COMPTES DE CHARGES / CHARGES D'EXPLOITATION / Charges de personnel / Rémunérations du personnel,missing_root_type
,Appointements et salaires,,chargeable,,0,,COMPTES DE GESTION / COMPTES DE CHARGES / CHARGES D'EXPLOITATION / Charges de personnel / Rémunérations du personnel,Chargeable,,,COMPTES DE GESTION / COMPTES DE CHARGES / CHARGES D'EXPLOITATION / Charges de personnel / Rémunérations du personnel / Appointements et salaires,missing_root_type
,Commissions au personnel,,chargeable,,0,,COMPTES DE GESTION / COMPTES DE CHARGES / CHARGES D'EXPLOITATION / Charges de personnel / Rémunérations du personnel,Chargeable,,,COMPTES DE GESTION / COMPTES DE CHARGES / CHARGES D'EXPLOITATION / Charges de personnel / Rémunérations du personnel / Commissions au personnel,missing_root_type
,Indemnités de déplacement,,chargeable,,0,,COMPTES DE GESTION / COMPTES DE CHARGES / CHARGES D'EXPLOITATION / Charges de personnel / Rémunérations du personnel,Chargeable,,,COMPTES DE GESTION / COMPTES DE CHARGES / CHARGES D'EXPLOITATION / Charges de personnel / Rémunérations du personnel / Indemnités de déplacement,missing_root_type
,Indemnités et avantages divers,,unspecified,,0,,COMPTES DE GESTION / COMPTES DE CHARGES / CHARGES D'EXPLOITATION / Charges de personnel / Rémunérations du personnel,,,,COMPTES DE GESTION / COMPTES DE CHARGES / CHARGES D'EXPLOITATION / Charges de personnel / Rémunérations du personnel / Indemnités et avantages divers,missing_root_type
,Primes de représentation,,chargeable,,0,,COMPTES DE GESTION / COMPTES DE CHARGES / CHARGES D'EXPLOITATION / Charges de personnel / Rémunérations du personnel,Chargeable,,,COMPTES DE GESTION / COMPTES DE CHARGES / CHARGES D'EXPLOITATION / Charges de personnel / Rémunérations du personnel / Primes de représentation,missing_root_type
,Primes et gratifications,,unspecified,,0,,COMPTES DE GESTION / COMPTES DE CHARGES / CHARGES D'EXPLOITATION / Charges de personnel / Rémunérations du personnel,,,,COMPTES DE GESTION / COMPTES DE CHARGES / CHARGES D'EXPLOITATION / Charges de personnel / Rémunérations du personnel / Primes et gratifications,missing_root_type
,"Rémunérations des administrateurs, gérants et associés",,chargeable,,0,,COMPTES DE GESTION / COMPTES DE CHARGES / CHARGES D'EXPLOITATION / Charges de personnel / Rémunérations du personnel,Chargeable,,,"COMPTES DE GESTION / COMPTES DE CHARGES / CHARGES D'EXPLOITATION / Charges de personnel / Rémunérations du personnel / Rémunérations des administrateurs, gérants et associés",missing_root_type
,Dotations d'exploitation,,group,,1,,COMPTES DE GESTION / COMPTES DE CHARGES / CHARGES D'EXPLOITATION,,,,COMPTES DE GESTION / COMPTES DE CHARGES / CHARGES D'EXPLOITATION / Dotations d'exploitation,missing_root_type
,Dotations d'exploitation aux amortissements de l'immobilisation en non valeur,,group,,1,,COMPTES DE GESTION / COMPTES DE CHARGES / CHARGES D'EXPLOITATION / Dotations d'exploitation,,,,COMPTES DE GESTION / COMPTES DE CHARGES / CHARGES D'EXPLOITATION / Dotations d'exploitation / Dotations d'exploitation aux amortissements de l'immobilisation en non valeur,missing_root_type
,D.E.A. des charges à  répartir,,unspecified,,0,,COMPTES DE GESTION / COMPTES DE CHARGES / CHARGES D'EXPLOITATION / Dotations d'exploitation / Dotations d'exploitation aux amortissements de l'immobilisation en non valeur,,,,COMPTES DE GESTION / COMPTES DE CHARGES / CHARGES D'EXPLOITATION / Dotations d'exploitation / Dotations d'exploitation aux amortissements de l'immobilisation en non valeur / D.E.A. des charges à  répartir,missing_root_type
,D.E.A. des frais préliminaires,,unspecified,,0,,COMPTES DE GESTION / COMPTES DE CHARGES / CHARGES D'EXPLOITATION / Dotations d'exploitation / Dotations d'exploitation aux amortissements de l'immobilisation en non valeur,,,,COMPTES DE GESTION / COMPTES DE CHARGES / CHARGES D'EXPLOITATION / Dotations d'exploitation / Dotations d'exploitation aux amortissements de l'immobilisation en non valeur / D.E.A. des frais préliminaires,missing_root_type
,Dotations d'exploitation aux amortissements des immobilisations corporelles,,group,,1,,COMPTES DE GESTION / COMPTES DE CHARGES / CHARGES D'EXPLOITATION / Dotations d'exploitation,,,,COMPTES DE GESTION / COMPTES DE CHARGES / CHARGES D'EXPLOITATION / Dotations d'exploitation / Dotations d'exploitation aux amortissements des immobilisations corporelles,missing_root_type
,D.E.A. des autres immobilisations corporelles,,unspecified,,0,,COMPTES DE GESTION / COMPTES DE CHARGES / CHARGES D'EXPLOITATION / Dotations d'exploitation / Dotations d'exploitation aux amortissements des immobilisations corporelles,,,,COMPTES DE GESTION / COMPTES DE CHARGES / CHARGES D'EXPLOITATION / Dotations d'exploitation / Dotations d'exploitation aux amortissements des immobilisations corporelles / D.E.A. des autres immobilisations corporelles,missing_root_type
,D.E.A. des constructions,,unspecified,,0,,COMPTES DE GESTION / COMPTES DE CHARGES / CHARGES D'EXPLOITATION / Dotations d'exploitation / Dotations d'exploitation aux amortissements des immobilisations corporelles,,,,COMPTES DE GESTION / COMPTES DE CHARGES / CHARGES D'EXPLOITATION / Dotations d'exploitation / Dotations d'exploitation aux amortissements des immobilisations corporelles / D.E.A. des constructions,missing_root_type
,"D.E.A. des installations techniques, matériel et outillage",,unspecified,,0,,COMPTES DE GESTION / COMPTES DE CHARGES / CHARGES D'EXPLOITATION / Dotations d'exploitation / Dotations d'exploitation aux amortissements des immobilisations corporelles,,,,"COMPTES DE GESTION / COMPTES DE CHARGES / CHARGES D'EXPLOITATION / Dotations d'exploitation / Dotations d'exploitation aux amortissements des immobilisations corporelles / D.E.A. des installations techniques, matériel et outillage",missing_root_type
,"D.E.A. des mobiliers, matériels de bureau et aménagements divers",,unspecified,,0,,COMPTES DE GESTION / COMPTES DE CHARGES / CHARGES D'EXPLOITATION / Dotations d'exploitation / Dotations d'exploitation aux amortissements des immobilisations corporelles,,,,"COMPTES DE GESTION / COMPTES DE CHARGES / CHARGES D'EXPLOITATION / Dotations d'exploitation / Dotations d'exploitation aux amortissements des immobilisations corporelles / D.E.A. des mobiliers, matériels de bureau et aménagements divers",missing_root_type
,D.E.A. des terrains,,unspecified,,0,,COMPTES DE GESTION / COMPTES DE CHARGES / CHARGES D'EXPLOITATION / Dotations d'exploitation / Dotations d'exploitation aux amortissements des immobilisations corporelles,,,,COMPTES DE GESTION / COMPTES DE CHARGES / CHARGES D'EXPLOITATION / Dotations d'exploitation / Dotations d'exploitation aux amortissements des immobilisations corporelles / D.E.A. des terrains,missing_root_type
,D.E.A. du matériel de transport,,unspecified,,0,,COMPTES DE GESTION / COMPTES DE CHARGES / CHARGES D'EXPLOITATION / Dotations d'exploitation / Dotations d'exploitation aux amortissements des immobilisations corporelles,,,,COMPTES DE GESTION / COMPTES DE CHARGES / CHARGES D'EXPLOITATION / Dotations d'exploitation / Dotations d'exploitation aux amortissements des immobilisations corporelles / D.E.A. du matériel de transport,missing_root_type
,Dotations d'exploitation aux amortissements des immobilisations incorporelles,,group,,1,,COMPTES DE GESTION / COMPTES DE CHARGES / CHARGES D'EXPLOITATION / Dotations d'exploitation,,,,COMPTES DE GESTION / COMPTES DE CHARGES / CHARGES D'EXPLOITATION / Dotations d'exploitation / Dotations d'exploitation aux amortissements des immobilisations incorporelles,missing_root_type
,D.E.A. de l'immobilisation en recherche et développement,,unspecified,,0,,COMPTES DE GESTION / COMPTES DE CHARGES / CHARGES D'EXPLOITATION / Dotations d'exploitation / Dotations d'exploitation aux amortissements des immobilisations incorporelles,,,,COMPTES DE GESTION / COMPTES DE CHARGES / CHARGES D'EXPLOITATION / Dotations d'exploitation / Dotations d'exploitation aux amortissements des immobilisations incorporelles / D.E.A. de l'immobilisation en recherche et développement,missing_root_type
,D.E.A. des autres immobilisations incorporelles,,unspecified,,0,,COMPTES DE GESTION / COMPTES DE CHARGES / CHARGES D'EXPLOITATION / Dotations d'exploitation / Dotations d'exploitation aux amortissements des immobilisations incorporelles,,,,COMPTES DE GESTION / COMPTES DE CHARGES / CHARGES D'EXPLOITATION / Dotations d'exploitation / Dotations d'exploitation aux amortissements des immobilisations incorporelles / D.E.A. des autres immobilisations incorporelles,missing_root_type
,"D.E.A. des brevets, marques, droits et valeurs similaires",,unspecified,,0,,COMPTES DE GESTION / COMPTES DE CHARGES / CHARGES D'EXPLOITATION / Dotations d'exploitation / Dotations d'exploitation aux amortissements des immobilisations incorporelles,,,,"COMPTES DE GESTION / COMPTES DE CHARGES / CHARGES D'EXPLOITATION / Dotations d'exploitation / Dotations d'exploitation aux amortissements des immobilisations incorporelles / D.E.A. des brevets, marques, droits et valeurs similaires",missing_root_type
,D.E.A. du fonds commercial,,unspecified,,0,,COMPTES DE GESTION / COMPTES DE CHARGES / CHARGES D'EXPLOITATION / Dotations d'exploitation / Dotations d'exploitation aux amortissements des immobilisations incorporelles,,,,COMPTES DE GESTION / COMPTES DE CHARGES / CHARGES D'EXPLOITATION / Dotations d'exploitation / Dotations d'exploitation aux amortissements des immobilisations incorporelles / D.E.A. du fonds commercial,missing_root_type
,Dotations d'exploitation aux provisions pour dépréciation des immobilisations,,group,,1,,COMPTES DE GESTION / COMPTES DE CHARGES / CHARGES D'EXPLOITATION / Dotations d'exploitation,,,,COMPTES DE GESTION / COMPTES DE CHARGES / CHARGES D'EXPLOITATION / Dotations d'exploitation / Dotations d'exploitation aux provisions pour dépréciation des immobilisations,missing_root_type
,D.E.P. pour dépréciation des immobilisations corporelles,,unspecified,,0,,COMPTES DE GESTION / COMPTES DE CHARGES / CHARGES D'EXPLOITATION / Dotations d'exploitation / Dotations d'exploitation aux provisions pour dépréciation des immobilisations,,,,COMPTES DE GESTION / COMPTES DE CHARGES / CHARGES D'EXPLOITATION / Dotations d'exploitation / Dotations d'exploitation aux provisions pour dépréciation des immobilisations / D.E.P. pour dépréciation des immobilisations corporelles,missing_root_type
,D.E.P. pour dépréciation des immobilisations incorporelles,,unspecified,,0,,COMPTES DE GESTION / COMPTES DE CHARGES / CHARGES D'EXPLOITATION / Dotations d'exploitation / Dotations d'exploitation aux provisions pour dépréciation des immobilisations,,,,COMPTES DE GESTION / COMPTES DE CHARGES / CHARGES D'EXPLOITATION / Dotations d'exploitation / Dotations d'exploitation aux provisions pour dépréciation des immobilisations / D.E.P. pour dépréciation des immobilisations incorporelles,missing_root_type
,Dotations d'exploitation aux provisions pour dépréciations de l'actif circulant,,group,,1,,COMPTES DE GESTION / COMPTES DE CHARGES / CHARGES D'EXPLOITATION / Dotations d'exploitation,,,,COMPTES DE GESTION / COMPTES DE CHARGES / CHARGES D'EXPLOITATION / Dotations d'exploitation / Dotations d'exploitation aux provisions pour dépréciations de l'actif circulant,missing_root_type
,D.E.P. pour dépréciation des créances de l'actif circulant,,unspecified,,0,,COMPTES DE GESTION / COMPTES DE CHARGES / CHARGES D'EXPLOITATION / Dotations d'exploitation / Dotations d'exploitation aux provisions pour dépréciations de l'actif circulant,,,,COMPTES DE GESTION / COMPTES DE CHARGES / CHARGES D'EXPLOITATION / Dotations d'exploitation / Dotations d'exploitation aux provisions pour dépréciations de l'actif circulant / D.E.P. pour dépréciation des créances de l'actif circulant,missing_root_type
,D.E.P. pour dépréciation des stocks,,unspecified,,0,,COMPTES DE GESTION / COMPTES DE CHARGES / CHARGES D'EXPLOITATION / Dotations d'exploitation / Dotations d'exploitation aux provisions pour dépréciations de l'actif circulant,,,,COMPTES DE GESTION / COMPTES DE CHARGES / CHARGES D'EXPLOITATION / Dotations d'exploitation / Dotations d'exploitation aux provisions pour dépréciations de l'actif circulant / D.E.P. pour dépréciation des stocks,missing_root_type
,Dotations d'exploitation aux provisions pour risques et charges,,group,,1,,COMPTES DE GESTION / COMPTES DE CHARGES / CHARGES D'EXPLOITATION / Dotations d'exploitation,,,,COMPTES DE GESTION / COMPTES DE CHARGES / CHARGES D'EXPLOITATION / Dotations d'exploitation / Dotations d'exploitation aux provisions pour risques et charges,missing_root_type
,D.E.P. pour risques et charges durables,,unspecified,,0,,COMPTES DE GESTION / COMPTES DE CHARGES / CHARGES D'EXPLOITATION / Dotations d'exploitation / Dotations d'exploitation aux provisions pour risques et charges,,,,COMPTES DE GESTION / COMPTES DE CHARGES / CHARGES D'EXPLOITATION / Dotations d'exploitation / Dotations d'exploitation aux provisions pour risques et charges / D.E.P. pour risques et charges durables,missing_root_type
,D.E.P. pour risques et charges momentanés,,unspecified,,0,,COMPTES DE GESTION / COMPTES DE CHARGES / CHARGES D'EXPLOITATION / Dotations d'exploitation / Dotations d'exploitation aux provisions pour risques et charges,,,,COMPTES DE GESTION / COMPTES DE CHARGES / CHARGES D'EXPLOITATION / Dotations d'exploitation / Dotations d'exploitation aux provisions pour risques et charges / D.E.P. pour risques et charges momentanés,missing_root_type
,Dotations d'exploitation des exercices antérieurs,,group,,1,,COMPTES DE GESTION / COMPTES DE CHARGES / CHARGES D'EXPLOITATION / Dotations d'exploitation,,,,COMPTES DE GESTION / COMPTES DE CHARGES / CHARGES D'EXPLOITATION / Dotations d'exploitation / Dotations d'exploitation des exercices antérieurs,missing_root_type
,D.E. aux amortissements des exercices antérieurs,,unspecified,,0,,COMPTES DE GESTION / COMPTES DE CHARGES / CHARGES D'EXPLOITATION / Dotations d'exploitation / Dotations d'exploitation des exercices antérieurs,,,,COMPTES DE GESTION / COMPTES DE CHARGES / CHARGES D'EXPLOITATION / Dotations d'exploitation / Dotations d'exploitation des exercices antérieurs / D.E. aux amortissements des exercices antérieurs,missing_root_type
,D.E. aux provisions des exercices antérieurs,,unspecified,,0,,COMPTES DE GESTION / COMPTES DE CHARGES / CHARGES D'EXPLOITATION / Dotations d'exploitation / Dotations d'exploitation des exercices antérieurs,,,,COMPTES DE GESTION / COMPTES DE CHARGES / CHARGES D'EXPLOITATION / Dotations d'exploitation / Dotations d'exploitation des exercices antérieurs / D.E. aux provisions des exercices antérieurs,missing_root_type
,Impôts et taxes,,group,,1,,COMPTES DE GESTION / COMPTES DE CHARGES / CHARGES D'EXPLOITATION,,,,COMPTES DE GESTION / COMPTES DE CHARGES / CHARGES D'EXPLOITATION / Impôts et taxes,missing_root_type
,Impôts et taxes des exercices antérieurs,,unspecified,,0,,COMPTES DE GESTION / COMPTES DE CHARGES / CHARGES D'EXPLOITATION / Impôts et taxes,,,,COMPTES DE GESTION / COMPTES DE CHARGES / CHARGES D'EXPLOITATION / Impôts et taxes / Impôts et taxes des exercices antérieurs,missing_root_type
,Impôts et taxes directs,,unspecified,,0,,COMPTES DE GESTION / COMPTES DE CHARGES / CHARGES D'EXPLOITATION / Impôts et taxes,,,,COMPTES DE GESTION / COMPTES DE CHARGES / CHARGES D'EXPLOITATION / Impôts et taxes / Impôts et taxes directs,missing_root_type
,"Impôts, taxes et droits assimilés",,group,,1,,COMPTES DE GESTION / COMPTES DE CHARGES / CHARGES D'EXPLOITATION / Impôts et taxes,,,,"COMPTES DE GESTION / COMPTES DE CHARGES / CHARGES D'EXPLOITATION / Impôts et taxes / Impôts, taxes et droits assimilés",missing_root_type
,"Autres impôts, taxes et droits assimilés",,unspecified,,0,,"COMPTES DE GESTION / COMPTES DE CHARGES / CHARGES D'EXPLOITATION / Impôts et taxes / Impôts, taxes et droits assimilés",,,,"COMPTES DE GESTION / COMPTES DE CHARGES / CHARGES D'EXPLOITATION / Impôts et taxes / Impôts, taxes et droits assimilés / Autres impôts, taxes et droits assimilés",missing_root_type
,Droits d'enregistrement et de timbre,,unspecified,,0,,"COMPTES DE GESTION / COMPTES DE CHARGES / CHARGES D'EXPLOITATION / Impôts et taxes / Impôts, taxes et droits assimilés",,,,"COMPTES DE GESTION / COMPTES DE CHARGES / CHARGES D'EXPLOITATION / Impôts et taxes / Impôts, taxes et droits assimilés / Droits d'enregistrement et de timbre",missing_root_type
,La vignette,,unspecified,,0,,"COMPTES DE GESTION / COMPTES DE CHARGES / CHARGES D'EXPLOITATION / Impôts et taxes / Impôts, taxes et droits assimilés",,,,"COMPTES DE GESTION / COMPTES DE CHARGES / CHARGES D'EXPLOITATION / Impôts et taxes / Impôts, taxes et droits assimilés / La vignette",missing_root_type
,Taxes sur les véhicules,,unspecified,,0,,"COMPTES DE GESTION / COMPTES DE CHARGES / CHARGES D'EXPLOITATION / Impôts et taxes / Impôts, taxes et droits assimilés",,,,"COMPTES DE GESTION / COMPTES DE CHARGES / CHARGES D'EXPLOITATION / Impôts et taxes / Impôts, taxes et droits assimilés / Taxes sur les véhicules",missing_root_type
,CHARGES FINANCIERES,,group,,1,,COMPTES DE GESTION / COMPTES DE CHARGES,,,,COMPTES DE GESTION / COMPTES DE CHARGES / CHARGES FINANCIERES,missing_root_type
,Autres charges financières,,unspecified,,0,,COMPTES DE GESTION / COMPTES DE CHARGES / CHARGES FINANCIERES,,,,COMPTES DE GESTION / COMPTES DE CHARGES / CHARGES FINANCIERES / Autres charges financières,missing_root_type
,Charges d'intérêts,,group,,1,,COMPTES DE GESTION / COMPTES DE CHARGES / CHARGES FINANCIERES,,,,COMPTES DE GESTION / COMPTES DE CHARGES / CHARGES FINANCIERES / Charges d'intérêts,missing_root_type
,Charges d'intérêts des exercices antérieurs,,unspecified,,0,,COMPTES DE GESTION / COMPTES DE CHARGES / CHARGES FINANCIERES / Charges d'intérêts,,,,COMPTES DE GESTION / COMPTES DE CHARGES / CHARGES FINANCIERES / Charges d'intérêts / Charges d'intérêts des exercices antérieurs,missing_root_type
,Intérêts des emprunts et dettes,,group,,1,,COMPTES DE GESTION / COMPTES DE CHARGES / CHARGES FINANCIERES / Charges d'intérêts,,,,COMPTES DE GESTION / COMPTES DE CHARGES / CHARGES FINANCIERES / Charges d'intérêts / Intérêts des emprunts et dettes,missing_root_type
,Autres intérêts des emprunts et dettes,,unspecified,,0,,COMPTES DE GESTION / COMPTES DE CHARGES / CHARGES FINANCIERES / Charges d'intérêts / Intérêts des emprunts et dettes,,,,COMPTES DE GESTION / COMPTES DE CHARGES / CHARGES FINANCIERES / Charges d'intérêts / Intérêts des emprunts et dettes / Autres intérêts des emprunts et dettes,missing_root_type
,Intérêts bancaires et sur opérations de financement,,unspecified,,0,,COMPTES DE GESTION / COMPTES DE CHARGES / CHARGES FINANCIERES / Charges d'intérêts / Intérêts des emprunts et dettes,,,,COMPTES DE GESTION / COMPTES DE CHARGES / CHARGES FINANCIERES / Charges d'intérêts / Intérêts des emprunts et dettes / Intérêts bancaires et sur opérations de financement,missing_root_type
,Intérêts des comptes courants et dépôts créditeurs,,unspecified,,0,,COMPTES DE GESTION / COMPTES DE CHARGES / CHARGES FINANCIERES / Charges d'intérêts / Intérêts des emprunts et dettes,,,,COMPTES DE GESTION / COMPTES DE CHARGES / CHARGES FINANCIERES / Charges d'intérêts / Intérêts des emprunts et dettes / Intérêts des comptes courants et dépôts créditeurs,missing_root_type
,Intérêts des dettes rattachées à  des participations,,unspecified,,0,,COMPTES DE GESTION / COMPTES DE CHARGES / CHARGES FINANCIERES / Charges d'intérêts / Intérêts des emprunts et dettes,,,,COMPTES DE GESTION / COMPTES DE CHARGES / CHARGES FINANCIERES / Charges d'intérêts / Intérêts des emprunts et dettes / Intérêts des dettes rattachées à  des participations,missing_root_type
,Intérêts des emprunts,,unspecified,,0,,COMPTES DE GESTION / COMPTES DE CHARGES / CHARGES FINANCIERES / Charges d'intérêts / Intérêts des emprunts et dettes,,,,COMPTES DE GESTION / COMPTES DE CHARGES / CHARGES FINANCIERES / Charges d'intérêts / Intérêts des emprunts et dettes / Intérêts des emprunts,missing_root_type
,Dotations financières,,group,,1,,COMPTES DE GESTION / COMPTES DE CHARGES / CHARGES FINANCIERES,,,,COMPTES DE GESTION / COMPTES DE CHARGES / CHARGES FINANCIERES / Dotations financières,missing_root_type
,Dotation aux provisions pour dépréciation des titres et valeurs de placement,,unspecified,,0,,COMPTES DE GESTION / COMPTES DE CHARGES / CHARGES FINANCIERES / Dotations financières,,,,COMPTES DE GESTION / COMPTES DE CHARGES / CHARGES FINANCIERES / Dotations financières / Dotation aux provisions pour dépréciation des titres et valeurs de placement,missing_root_type
,Dotations aux amortissements des primes de remboursement des obligations,,unspecified,,0,,COMPTES DE GESTION / COMPTES DE CHARGES / CHARGES FINANCIERES / Dotations financières,,,,COMPTES DE GESTION / COMPTES DE CHARGES / CHARGES FINANCIERES / Dotations financières / Dotations aux amortissements des primes de remboursement des obligations,missing_root_type
,Dotations aux provisions pour dépréciation des comptes de trésorerie,,unspecified,,0,,COMPTES DE GESTION / COMPTES DE CHARGES / CHARGES FINANCIERES / Dotations financières,,,,COMPTES DE GESTION / COMPTES DE CHARGES / CHARGES FINANCIERES / Dotations financières / Dotations aux provisions pour dépréciation des comptes de trésorerie,missing_root_type
,Dotations aux provisions pour dépréciations des immobilisations financières,,unspecified,,0,,COMPTES DE GESTION / COMPTES DE CHARGES / CHARGES FINANCIERES / Dotations financières,,,,COMPTES DE GESTION / COMPTES DE CHARGES / CHARGES FINANCIERES / Dotations financières / Dotations aux provisions pour dépréciations des immobilisations financières,missing_root_type
,Dotations aux provisions pour risques et charges financières,,unspecified,,0,,COMPTES DE GESTION / COMPTES DE CHARGES / CHARGES FINANCIERES / Dotations financières,,,,COMPTES DE GESTION / COMPTES DE CHARGES / CHARGES FINANCIERES / Dotations financières / Dotations aux provisions pour risques et charges financières,missing_root_type
,Dotations financières des exercices antérieurs,,unspecified,,0,,COMPTES DE GESTION / COMPTES DE CHARGES / CHARGES FINANCIERES / Dotations financières,,,,COMPTES DE GESTION / COMPTES DE CHARGES / CHARGES FINANCIERES / Dotations financières / Dotations financières des exercices antérieurs,missing_root_type
,Pertes de change,,group,,1,,COMPTES DE GESTION / COMPTES DE CHARGES / CHARGES FINANCIERES,,,,COMPTES DE GESTION / COMPTES DE CHARGES / CHARGES FINANCIERES / Pertes de change,missing_root_type
,Pertes de change des exercices antérieurs,,unspecified,,0,,COMPTES DE GESTION / COMPTES DE CHARGES / CHARGES FINANCIERES / Pertes de change,,,,COMPTES DE GESTION / COMPTES DE CHARGES / CHARGES FINANCIERES / Pertes de change / Pertes de change des exercices antérieurs,missing_root_type
,Pertes de change propres à  l'exercice,,unspecified,,0,,COMPTES DE GESTION / COMPTES DE CHARGES / CHARGES FINANCIERES / Pertes de change,,,,COMPTES DE GESTION / COMPTES DE CHARGES / CHARGES FINANCIERES / Pertes de change / Pertes de change propres à  l'exercice,missing_root_type
,CHARGES NON COURANTES,,group,,1,,COMPTES DE GESTION / COMPTES DE CHARGES,,,,COMPTES DE GESTION / COMPTES DE CHARGES / CHARGES NON COURANTES,missing_root_type
,Autres charges non courantes,,group,,1,,COMPTES DE GESTION / COMPTES DE CHARGES / CHARGES NON COURANTES,,,,COMPTES DE GESTION / COMPTES DE CHARGES / CHARGES NON COURANTES / Autres charges non courantes,missing_root_type
,Autres charges non courantes des exercices antérieurs,,unspecified,,0,,COMPTES DE GESTION / COMPTES DE CHARGES / CHARGES NON COURANTES / Autres charges non courantes,,,,COMPTES DE GESTION / COMPTES DE CHARGES / CHARGES NON COURANTES / Autres charges non courantes / Autres charges non courantes des exercices antérieurs,missing_root_type
,Créances devenues irrécouvrables,,unspecified,,0,,COMPTES DE GESTION / COMPTES DE CHARGES / CHARGES NON COURANTES / Autres charges non courantes,,,,COMPTES DE GESTION / COMPTES DE CHARGES / CHARGES NON COURANTES / Autres charges non courantes / Créances devenues irrécouvrables,missing_root_type
,"Dons, libéralités et lots",,group,,1,,COMPTES DE GESTION / COMPTES DE CHARGES / CHARGES NON COURANTES / Autres charges non courantes,,,,"COMPTES DE GESTION / COMPTES DE CHARGES / CHARGES NON COURANTES / Autres charges non courantes / Dons, libéralités et lots",missing_root_type
,Dons,,unspecified,,0,,"COMPTES DE GESTION / COMPTES DE CHARGES / CHARGES NON COURANTES / Autres charges non courantes / Dons, libéralités et lots",,,,"COMPTES DE GESTION / COMPTES DE CHARGES / CHARGES NON COURANTES / Autres charges non courantes / Dons, libéralités et lots / Dons",missing_root_type
,Libéralités,,unspecified,,0,,"COMPTES DE GESTION / COMPTES DE CHARGES / CHARGES NON COURANTES / Autres charges non courantes / Dons, libéralités et lots",,,,"COMPTES DE GESTION / COMPTES DE CHARGES / CHARGES NON COURANTES / Autres charges non courantes / Dons, libéralités et lots / Libéralités",missing_root_type
,Lots,,unspecified,,0,,"COMPTES DE GESTION / COMPTES DE CHARGES / CHARGES NON COURANTES / Autres charges non courantes / Dons, libéralités et lots",,,,"COMPTES DE GESTION / COMPTES DE CHARGES / CHARGES NON COURANTES / Autres charges non courantes / Dons, libéralités et lots / Lots",missing_root_type
,Pénalités et amendes fiscales ou pénales,,group,,1,,COMPTES DE GESTION / COMPTES DE CHARGES / CHARGES NON COURANTES / Autres charges non courantes,,,,COMPTES DE GESTION / COMPTES DE CHARGES / CHARGES NON COURANTES / Autres charges non courantes / Pénalités et amendes fiscales ou pénales,missing_root_type
,Pénalités et amendes fiscales,,unspecified,,0,,COMPTES DE GESTION / COMPTES DE CHARGES / CHARGES NON COURANTES / Autres charges non courantes / Pénalités et amendes fiscales ou pénales,,,,COMPTES DE GESTION / COMPTES DE CHARGES / CHARGES NON COURANTES / Autres charges non courantes / Pénalités et amendes fiscales ou pénales / Pénalités et amendes fiscales,missing_root_type
,Pénalités et amendes pénales,,unspecified,,0,,COMPTES DE GESTION / COMPTES DE CHARGES / CHARGES NON COURANTES / Autres charges non courantes / Pénalités et amendes fiscales ou pénales,,,,COMPTES DE GESTION / COMPTES DE CHARGES / CHARGES NON COURANTES / Autres charges non courantes / Pénalités et amendes fiscales ou pénales / Pénalités et amendes pénales,missing_root_type
,Pénalités sur marchés et dédits,,group,,1,,COMPTES DE GESTION / COMPTES DE CHARGES / CHARGES NON COURANTES / Autres charges non courantes,,,,COMPTES DE GESTION / COMPTES DE CHARGES / CHARGES NON COURANTES / Autres charges non courantes / Pénalités sur marchés et dédits,missing_root_type
,Dédits,,unspecified,,0,,COMPTES DE GESTION / COMPTES DE CHARGES / CHARGES NON COURANTES / Autres charges non courantes / Pénalités sur marchés et dédits,,,,COMPTES DE GESTION / COMPTES DE CHARGES / CHARGES NON COURANTES / Autres charges non courantes / Pénalités sur marchés et dédits / Dédits,missing_root_type
,Pénalités sur marchés,,unspecified,,0,,COMPTES DE GESTION / COMPTES DE CHARGES / CHARGES NON COURANTES / Autres charges non courantes / Pénalités sur marchés et dédits,,,,COMPTES DE GESTION / COMPTES DE CHARGES / CHARGES NON COURANTES / Autres charges non courantes / Pénalités sur marchés et dédits / Pénalités sur marchés,missing_root_type
,Rappels d'impôts (autres que l'impôt sur les résultats),,unspecified,,0,,COMPTES DE GESTION / COMPTES DE CHARGES / CHARGES NON COURANTES / Autres charges non courantes,,,,COMPTES DE GESTION / COMPTES DE CHARGES / CHARGES NON COURANTES / Autres charges non courantes / Rappels d'impôts (autres que l'impôt sur les résultats),missing_root_type
,Dotations non courantes,,group,,1,,COMPTES DE GESTION / COMPTES DE CHARGES / CHARGES NON COURANTES,,,,COMPTES DE GESTION / COMPTES DE CHARGES / CHARGES NON COURANTES / Dotations non courantes,missing_root_type
,Dotations aux amortissements exceptionnels des immobilisations,,group,,1,,COMPTES DE GESTION / COMPTES DE CHARGES / CHARGES NON COURANTES / Dotations non courantes,,,,COMPTES DE GESTION / COMPTES DE CHARGES / CHARGES NON COURANTES / Dotations non courantes / Dotations aux amortissements exceptionnels des immobilisations,missing_root_type
,D.A.E. de l'immobilisation en non-valeurs,,unspecified,,0,,COMPTES DE GESTION / COMPTES DE CHARGES / CHARGES NON COURANTES / Dotations non courantes / Dotations aux amortissements exceptionnels des immobilisations,,,,COMPTES DE GESTION / COMPTES DE CHARGES / CHARGES NON COURANTES / Dotations non courantes / Dotations aux amortissements exceptionnels des immobilisations / D.A.E. de l'immobilisation en non-valeurs,missing_root_type
,D.A.E. des immobilisations corporelles,,unspecified,,0,,COMPTES DE GESTION / COMPTES DE CHARGES / CHARGES NON COURANTES / Dotations non courantes / Dotations aux amortissements exceptionnels des immobilisations,,,,COMPTES DE GESTION / COMPTES DE CHARGES / CHARGES NON COURANTES / Dotations non courantes / Dotations aux amortissements exceptionnels des immobilisations / D.A.E. des immobilisations corporelles,missing_root_type
,D.A.E. des immobilisations incorporelles,,unspecified,,0,,COMPTES DE GESTION / COMPTES DE CHARGES / CHARGES NON COURANTES / Dotations non courantes / Dotations aux amortissements exceptionnels des immobilisations,,,,COMPTES DE GESTION / COMPTES DE CHARGES / CHARGES NON COURANTES / Dotations non courantes / Dotations aux amortissements exceptionnels des immobilisations / D.A.E. des immobilisations incorporelles,missing_root_type
,Dotations non courantes aux provisions pour dépréciation,,group,,1,,COMPTES DE GESTION / COMPTES DE CHARGES / CHARGES NON COURANTES / Dotations non courantes,,,,COMPTES DE GESTION / COMPTES DE CHARGES / CHARGES NON COURANTES / Dotations non courantes / Dotations non courantes aux provisions pour dépréciation,missing_root_type
,D.N.C. aux provisions pour dépréciation de l'actif circulant,,unspecified,,0,,COMPTES DE GESTION / COMPTES DE CHARGES / CHARGES NON COURANTES / Dotations non courantes / Dotations non courantes aux provisions pour dépréciation,,,,COMPTES DE GESTION / COMPTES DE CHARGES / CHARGES NON COURANTES / Dotations non courantes / Dotations non courantes aux provisions pour dépréciation / D.N.C. aux provisions pour dépréciation de l'actif circulant,missing_root_type
,D.N.C. aux provisions pour dépréciation de l'actif immobilisé,,unspecified,,0,,COMPTES DE GESTION / COMPTES DE CHARGES / CHARGES NON COURANTES / Dotations non courantes / Dotations non courantes aux provisions pour dépréciation,,,,COMPTES DE GESTION / COMPTES DE CHARGES / CHARGES NON COURANTES / Dotations non courantes / Dotations non courantes aux provisions pour dépréciation / D.N.C. aux provisions pour dépréciation de l'actif immobilisé,missing_root_type
,Dotations non courantes aux provisions pour risques et charges,,group,,1,,COMPTES DE GESTION / COMPTES DE CHARGES / CHARGES NON COURANTES / Dotations non courantes,,,,COMPTES DE GESTION / COMPTES DE CHARGES / CHARGES NON COURANTES / Dotations non courantes / Dotations non courantes aux provisions pour risques et charges,missing_root_type
,D.N.C. aux provisions pour risques et charges durables,,unspecified,,0,,COMPTES DE GESTION / COMPTES DE CHARGES / CHARGES NON COURANTES / Dotations non courantes / Dotations non courantes aux provisions pour risques et charges,,,,COMPTES DE GESTION / COMPTES DE CHARGES / CHARGES NON COURANTES / Dotations non courantes / Dotations non courantes aux provisions pour risques et charges / D.N.C. aux provisions pour risques et charges durables,missing_root_type
,D.N.C. aux provisions pour risques et charges momentanés,,unspecified,,0,,COMPTES DE GESTION / COMPTES DE CHARGES / CHARGES NON COURANTES / Dotations non courantes / Dotations non courantes aux provisions pour risques et charges,,,,COMPTES DE GESTION / COMPTES DE CHARGES / CHARGES NON COURANTES / Dotations non courantes / Dotations non courantes aux provisions pour risques et charges / D.N.C. aux provisions pour risques et charges momentanés,missing_root_type
,Dotations non courantes aux provisions réglementées,,group,,1,,COMPTES DE GESTION / COMPTES DE CHARGES / CHARGES NON COURANTES / Dotations non courantes,,,,COMPTES DE GESTION / COMPTES DE CHARGES / CHARGES NON COURANTES / Dotations non courantes / Dotations non courantes aux provisions réglementées,missing_root_type
,D.N.C. pour acquisition et construction de logements,,unspecified,,0,,COMPTES DE GESTION / COMPTES DE CHARGES / CHARGES NON COURANTES / Dotations non courantes / Dotations non courantes aux provisions réglementées,,,,COMPTES DE GESTION / COMPTES DE CHARGES / CHARGES NON COURANTES / Dotations non courantes / Dotations non courantes aux provisions réglementées / D.N.C. pour acquisition et construction de logements,missing_root_type
,D.N.C. pour amortissements dérogatoires,,unspecified,,0,,COMPTES DE GESTION / COMPTES DE CHARGES / CHARGES NON COURANTES / Dotations non courantes / Dotations non courantes aux provisions réglementées,,,,COMPTES DE GESTION / COMPTES DE CHARGES / CHARGES NON COURANTES / Dotations non courantes / Dotations non courantes aux provisions réglementées / D.N.C. pour amortissements dérogatoires,missing_root_type
,D.N.C. pour investissements,,unspecified,,0,,COMPTES DE GESTION / COMPTES DE CHARGES / CHARGES NON COURANTES / Dotations non courantes / Dotations non courantes aux provisions réglementées,,,,COMPTES DE GESTION / COMPTES DE CHARGES / CHARGES NON COURANTES / Dotations non courantes / Dotations non courantes aux provisions réglementées / D.N.C. pour investissements,missing_root_type
,D.N.C. pour plus-values en instance d'imposition,,unspecified,,0,,COMPTES DE GESTION / COMPTES DE CHARGES / CHARGES NON COURANTES / Dotations non courantes / Dotations non courantes aux provisions réglementées,,,,COMPTES DE GESTION / COMPTES DE CHARGES / CHARGES NON COURANTES / Dotations non courantes / Dotations non courantes aux provisions réglementées / D.N.C. pour plus-values en instance d'imposition,missing_root_type
,D.N.C. pour reconstitution de gisements,,unspecified,,0,,COMPTES DE GESTION / COMPTES DE CHARGES / CHARGES NON COURANTES / Dotations non courantes / Dotations non courantes aux provisions réglementées,,,,COMPTES DE GESTION / COMPTES DE CHARGES / CHARGES NON COURANTES / Dotations non courantes / Dotations non courantes aux provisions réglementées / D.N.C. pour reconstitution de gisements,missing_root_type
,Dotations non courantes des exercices antérieurs,,unspecified,,0,,COMPTES DE GESTION / COMPTES DE CHARGES / CHARGES NON COURANTES / Dotations non courantes,,,,COMPTES DE GESTION / COMPTES DE CHARGES / CHARGES NON COURANTES / Dotations non courantes / Dotations non courantes des exercices antérieurs,missing_root_type
,Subventions accordées,,group,,1,,COMPTES DE GESTION / COMPTES DE CHARGES / CHARGES NON COURANTES,,,,COMPTES DE GESTION / COMPTES DE CHARGES / CHARGES NON COURANTES / Subventions accordées,missing_root_type
,Subventions accordées de l'exercice,,unspecified,,0,,COMPTES DE GESTION / COMPTES DE CHARGES / CHARGES NON COURANTES / Subventions accordées,,,,COMPTES DE GESTION / COMPTES DE CHARGES / CHARGES NON COURANTES / Subventions accordées / Subventions accordées de l'exercice,missing_root_type
,Subventions accordées des exercices antérieurs,,unspecified,,0,,COMPTES DE GESTION / COMPTES DE CHARGES / CHARGES NON COURANTES / Subventions accordées,,,,COMPTES DE GESTION / COMPTES DE CHARGES / CHARGES NON COURANTES / Subventions accordées / Subventions accordées des exercices antérieurs,missing_root_type
,Valeurs nettes d'amortissements des immobilisations cédées ( V.N.A ),,group,,1,,COMPTES DE GESTION / COMPTES DE CHARGES / CHARGES NON COURANTES,,,,COMPTES DE GESTION / COMPTES DE CHARGES / CHARGES NON COURANTES / Valeurs nettes d'amortissements des immobilisations cédées ( V.N.A ),missing_root_type
,VNA des immobilisations corporelles cédées,,unspecified,,0,,COMPTES DE GESTION / COMPTES DE CHARGES / CHARGES NON COURANTES / Valeurs nettes d'amortissements des immobilisations cédées ( V.N.A ),,,,COMPTES DE GESTION / COMPTES DE CHARGES / CHARGES NON COURANTES / Valeurs nettes d'amortissements des immobilisations cédées ( V.N.A ) / VNA des immobilisations corporelles cédées,missing_root_type
,VNA des immobilisations cédées des exercices antérieurs,,unspecified,,0,,COMPTES DE GESTION / COMPTES DE CHARGES / CHARGES NON COURANTES / Valeurs nettes d'amortissements des immobilisations cédées ( V.N.A ),,,,COMPTES DE GESTION / COMPTES DE CHARGES / CHARGES NON COURANTES / Valeurs nettes d'amortissements des immobilisations cédées ( V.N.A ) / VNA des immobilisations cédées des exercices antérieurs,missing_root_type
,VNA des immobilisations incorporelles cédées,,unspecified,,0,,COMPTES DE GESTION / COMPTES DE CHARGES / CHARGES NON COURANTES / Valeurs nettes d'amortissements des immobilisations cédées ( V.N.A ),,,,COMPTES DE GESTION / COMPTES DE CHARGES / CHARGES NON COURANTES / Valeurs nettes d'amortissements des immobilisations cédées ( V.N.A ) / VNA des immobilisations incorporelles cédées,missing_root_type
,VNA provisions des immobilisations financières cédées (droits de propriété),,unspecified,,0,,COMPTES DE GESTION / COMPTES DE CHARGES / CHARGES NON COURANTES / Valeurs nettes d'amortissements des immobilisations cédées ( V.N.A ),,,,COMPTES DE GESTION / COMPTES DE CHARGES / CHARGES NON COURANTES / Valeurs nettes d'amortissements des immobilisations cédées ( V.N.A ) / VNA provisions des immobilisations financières cédées (droits de propriété),missing_root_type
,IMPOTS SUR LES RESULTATS,,group,,1,,COMPTES DE GESTION / COMPTES DE CHARGES,,,,COMPTES DE GESTION / COMPTES DE CHARGES / IMPOTS SUR LES RESULTATS,missing_root_type
,Impôts sur les résultats,,group,,1,,COMPTES DE GESTION / COMPTES DE CHARGES / IMPOTS SUR LES RESULTATS,,,,COMPTES DE GESTION / COMPTES DE CHARGES / IMPOTS SUR LES RESULTATS / Impôts sur les résultats,missing_root_type
,Imposition minimale annuelle des sociétés,,unspecified,,0,,COMPTES DE GESTION / COMPTES DE CHARGES / IMPOTS SUR LES RESULTATS / Impôts sur les résultats,,,,COMPTES DE GESTION / COMPTES DE CHARGES / IMPOTS SUR LES RESULTATS / Impôts sur les résultats / Imposition minimale annuelle des sociétés,missing_root_type
,Impôts sur les bénéfices,,unspecified,,0,,COMPTES DE GESTION / COMPTES DE CHARGES / IMPOTS SUR LES RESULTATS / Impôts sur les résultats,,,,COMPTES DE GESTION / COMPTES DE CHARGES / IMPOTS SUR LES RESULTATS / Impôts sur les résultats / Impôts sur les bénéfices,missing_root_type
,Rappels et dégrèvements d'impôts sur les résultats,,unspecified,,0,,COMPTES DE GESTION / COMPTES DE CHARGES / IMPOTS SUR LES RESULTATS / Impôts sur les résultats,,,,COMPTES DE GESTION / COMPTES DE CHARGES / IMPOTS SUR LES RESULTATS / Impôts sur les résultats / Rappels et dégrèvements d'impôts sur les résultats,missing_root_type
,COMPTES DE PRODUITS,,group,,1,,COMPTES DE GESTION,,,,COMPTES DE GESTION / COMPTES DE PRODUITS,missing_root_type
,PRODUITS D'EXPLOITATION,,group,,1,,COMPTES DE GESTION / COMPTES DE PRODUITS,,,,COMPTES DE GESTION / COMPTES DE PRODUITS / PRODUITS D'EXPLOITATION,missing_root_type
,Autres produits d'exploitation,,group,,1,,COMPTES DE GESTION / COMPTES DE PRODUITS / PRODUITS D'EXPLOITATION,,,,COMPTES DE GESTION / COMPTES DE PRODUITS / PRODUITS D'EXPLOITATION / Autres produits d'exploitation,missing_root_type
,Autres produits d'exploitation des exercices antérieurs,,unspecified,,0,,COMPTES DE GESTION / COMPTES DE PRODUITS / PRODUITS D'EXPLOITATION / Autres produits d'exploitation,,,,COMPTES DE GESTION / COMPTES DE PRODUITS / PRODUITS D'EXPLOITATION / Autres produits d'exploitation / Autres produits d'exploitation des exercices antérieurs,missing_root_type
,Jetons de présence reçus,,unspecified,,0,,COMPTES DE GESTION / COMPTES DE PRODUITS / PRODUITS D'EXPLOITATION / Autres produits d'exploitation,,,,COMPTES DE GESTION / COMPTES DE PRODUITS / PRODUITS D'EXPLOITATION / Autres produits d'exploitation / Jetons de présence reçus,missing_root_type
,Profits sur opérations faites en commun,,unspecified,,0,,COMPTES DE GESTION / COMPTES DE PRODUITS / PRODUITS D'EXPLOITATION / Autres produits d'exploitation,,,,COMPTES DE GESTION / COMPTES DE PRODUITS / PRODUITS D'EXPLOITATION / Autres produits d'exploitation / Profits sur opérations faites en commun,missing_root_type
,Revenus des immeubles non affectés à  l'exploitation,,unspecified,,0,,COMPTES DE GESTION / COMPTES DE PRODUITS / PRODUITS D'EXPLOITATION / Autres produits d'exploitation,,,,COMPTES DE GESTION / COMPTES DE PRODUITS / PRODUITS D'EXPLOITATION / Autres produits d'exploitation / Revenus des immeubles non affectés à  l'exploitation,missing_root_type
,Transfert de pertes sur opérations faites en commun,,unspecified,,0,,COMPTES DE GESTION / COMPTES DE PRODUITS / PRODUITS D'EXPLOITATION / Autres produits d'exploitation,,,,COMPTES DE GESTION / COMPTES DE PRODUITS / PRODUITS D'EXPLOITATION / Autres produits d'exploitation / Transfert de pertes sur opérations faites en commun,missing_root_type
,Immobilisations produites par l'entreprise pour elle même,,group,,1,,COMPTES DE GESTION / COMPTES DE PRODUITS / PRODUITS D'EXPLOITATION,,,,COMPTES DE GESTION / COMPTES DE PRODUITS / PRODUITS D'EXPLOITATION / Immobilisations produites par l'entreprise pour elle même,missing_root_type
,Immobilisation en non valeurs produite,,unspecified,,0,,COMPTES DE GESTION / COMPTES DE PRODUITS / PRODUITS D'EXPLOITATION / Immobilisations produites par l'entreprise pour elle même,,,,COMPTES DE GESTION / COMPTES DE PRODUITS / PRODUITS D'EXPLOITATION / Immobilisations produites par l'entreprise pour elle même / Immobilisation en non valeurs produite,missing_root_type
,Immobilisations corporelles produites,,unspecified,,0,,COMPTES DE GESTION / COMPTES DE PRODUITS / PRODUITS D'EXPLOITATION / Immobilisations produites par l'entreprise pour elle même,,,,COMPTES DE GESTION / COMPTES DE PRODUITS / PRODUITS D'EXPLOITATION / Immobilisations produites par l'entreprise pour elle même / Immobilisations corporelles produites,missing_root_type
,Immobilisations incorporelles produites,,unspecified,,0,,COMPTES DE GESTION / COMPTES DE PRODUITS / PRODUITS D'EXPLOITATION / Immobilisations produites par l'entreprise pour elle même,,,,COMPTES DE GESTION / COMPTES DE PRODUITS / PRODUITS D'EXPLOITATION / Immobilisations produites par l'entreprise pour elle même / Immobilisations incorporelles produites,missing_root_type
,Immobilisations produites des exercices antérieurs,,unspecified,,0,,COMPTES DE GESTION / COMPTES DE PRODUITS / PRODUITS D'EXPLOITATION / Immobilisations produites par l'entreprise pour elle même,,,,COMPTES DE GESTION / COMPTES DE PRODUITS / PRODUITS D'EXPLOITATION / Immobilisations produites par l'entreprise pour elle même / Immobilisations produites des exercices antérieurs,missing_root_type
,"Reprise d'exploitation, transferts de charges",,group,,1,,COMPTES DE GESTION / COMPTES DE PRODUITS / PRODUITS D'EXPLOITATION,,,,"COMPTES DE GESTION / COMPTES DE PRODUITS / PRODUITS D'EXPLOITATION / Reprise d'exploitation, transferts de charges",missing_root_type
,Reprises sur amortissements de l'immobilisation en non valeurs,,unspecified,,0,,"COMPTES DE GESTION / COMPTES DE PRODUITS / PRODUITS D'EXPLOITATION / Reprise d'exploitation, transferts de charges",,,,"COMPTES DE GESTION / COMPTES DE PRODUITS / PRODUITS D'EXPLOITATION / Reprise d'exploitation, transferts de charges / Reprises sur amortissements de l'immobilisation en non valeurs",missing_root_type
,Reprises sur amortissements des immobilisations corporelles,,unspecified,,0,,"COMPTES DE GESTION / COMPTES DE PRODUITS / PRODUITS D'EXPLOITATION / Reprise d'exploitation, transferts de charges",,,,"COMPTES DE GESTION / COMPTES DE PRODUITS / PRODUITS D'EXPLOITATION / Reprise d'exploitation, transferts de charges / Reprises sur amortissements des immobilisations corporelles",missing_root_type
,Reprises sur amortissements des immobilisations incorporelles,,unspecified,,0,,"COMPTES DE GESTION / COMPTES DE PRODUITS / PRODUITS D'EXPLOITATION / Reprise d'exploitation, transferts de charges",,,,"COMPTES DE GESTION / COMPTES DE PRODUITS / PRODUITS D'EXPLOITATION / Reprise d'exploitation, transferts de charges / Reprises sur amortissements des immobilisations incorporelles",missing_root_type
,Reprises sur amortissements et provisions des exercices antérieurs,,group,,1,,"COMPTES DE GESTION / COMPTES DE PRODUITS / PRODUITS D'EXPLOITATION / Reprise d'exploitation, transferts de charges",,,,"COMPTES DE GESTION / COMPTES DE PRODUITS / PRODUITS D'EXPLOITATION / Reprise d'exploitation, transferts de charges / Reprises sur amortissements et provisions des exercices antérieurs",missing_root_type
,Reprises sur amortissements des exercices antérieurs,,unspecified,,0,,"COMPTES DE GESTION / COMPTES DE PRODUITS / PRODUITS D'EXPLOITATION / Reprise d'exploitation, transferts de charges / Reprises sur amortissements et provisions des exercices antérieurs",,,,"COMPTES DE GESTION / COMPTES DE PRODUITS / PRODUITS D'EXPLOITATION / Reprise d'exploitation, transferts de charges / Reprises sur amortissements et provisions des exercices antérieurs / Reprises sur amortissements des exercices antérieurs",missing_root_type
,Reprises sur provisions des exercices antérieurs,,unspecified,,0,,"COMPTES DE GESTION / COMPTES DE PRODUITS / PRODUITS D'EXPLOITATION / Reprise d'exploitation, transferts de charges / Reprises sur amortissements et provisions des exercices antérieurs",,,,"COMPTES DE GESTION / COMPTES DE PRODUITS / PRODUITS D'EXPLOITATION / Reprise d'exploitation, transferts de charges / Reprises sur amortissements et provisions des exercices antérieurs / Reprises sur provisions des exercices antérieurs",missing_root_type
,Reprises sur provisions pour dépréciation de l'actif circulant,,unspecified,,0,,"COMPTES DE GESTION / COMPTES DE PRODUITS / PRODUITS D'EXPLOITATION / Reprise d'exploitation, transferts de charges",,,,"COMPTES DE GESTION / COMPTES DE PRODUITS / PRODUITS D'EXPLOITATION / Reprise d'exploitation, transferts de charges / Reprises sur provisions pour dépréciation de l'actif circulant",missing_root_type
,Reprises sur provisions pour dépréciation des immobilisations,,unspecified,,0,,"COMPTES DE GESTION / COMPTES DE PRODUITS / PRODUITS D'EXPLOITATION / Reprise d'exploitation, transferts de charges",,,,"COMPTES DE GESTION / COMPTES DE PRODUITS / PRODUITS D'EXPLOITATION / Reprise d'exploitation, transferts de charges / Reprises sur provisions pour dépréciation des immobilisations",missing_root_type
,Reprises sur provisions pour risques et charges,,unspecified,,0,,"COMPTES DE GESTION / COMPTES DE PRODUITS / PRODUITS D'EXPLOITATION / Reprise d'exploitation, transferts de charges",,,,"COMPTES DE GESTION / COMPTES DE PRODUITS / PRODUITS D'EXPLOITATION / Reprise d'exploitation, transferts de charges / Reprises sur provisions pour risques et charges",missing_root_type
,Transferts des charges d'exploitation,,group,,1,,"COMPTES DE GESTION / COMPTES DE PRODUITS / PRODUITS D'EXPLOITATION / Reprise d'exploitation, transferts de charges",,,,"COMPTES DE GESTION / COMPTES DE PRODUITS / PRODUITS D'EXPLOITATION / Reprise d'exploitation, transferts de charges / Transferts des charges d'exploitation",missing_root_type
,"T,C,E - Achats consommés de matières et fournitures",,unspecified,,0,,"COMPTES DE GESTION / COMPTES DE PRODUITS / PRODUITS D'EXPLOITATION / Reprise d'exploitation, transferts de charges / Transferts des charges d'exploitation",,,,"COMPTES DE GESTION / COMPTES DE PRODUITS / PRODUITS D'EXPLOITATION / Reprise d'exploitation, transferts de charges / Transferts des charges d'exploitation / T,C,E - Achats consommés de matières et fournitures",missing_root_type
,"T,C,E - Achats de marchandises",,unspecified,,0,,"COMPTES DE GESTION / COMPTES DE PRODUITS / PRODUITS D'EXPLOITATION / Reprise d'exploitation, transferts de charges / Transferts des charges d'exploitation",,,,"COMPTES DE GESTION / COMPTES DE PRODUITS / PRODUITS D'EXPLOITATION / Reprise d'exploitation, transferts de charges / Transferts des charges d'exploitation / T,C,E - Achats de marchandises",missing_root_type
,"T,C,E - Autres charges d'exploitation",,unspecified,,0,,"COMPTES DE GESTION / COMPTES DE PRODUITS / PRODUITS D'EXPLOITATION / Reprise d'exploitation, transferts de charges / Transferts des charges d'exploitation",,,,"COMPTES DE GESTION / COMPTES DE PRODUITS / PRODUITS D'EXPLOITATION / Reprise d'exploitation, transferts de charges / Transferts des charges d'exploitation / T,C,E - Autres charges d'exploitation",missing_root_type
,"T,C,E - Charges de personnel",,unspecified,,0,,"COMPTES DE GESTION / COMPTES DE PRODUITS / PRODUITS D'EXPLOITATION / Reprise d'exploitation, transferts de charges / Transferts des charges d'exploitation",,,,"COMPTES DE GESTION / COMPTES DE PRODUITS / PRODUITS D'EXPLOITATION / Reprise d'exploitation, transferts de charges / Transferts des charges d'exploitation / T,C,E - Charges de personnel",missing_root_type
,"T,C,E - Impôts et taxes",,unspecified,,0,,"COMPTES DE GESTION / COMPTES DE PRODUITS / PRODUITS D'EXPLOITATION / Reprise d'exploitation, transferts de charges / Transferts des charges d'exploitation",,,,"COMPTES DE GESTION / COMPTES DE PRODUITS / PRODUITS D'EXPLOITATION / Reprise d'exploitation, transferts de charges / Transferts des charges d'exploitation / T,C,E - Impôts et taxes",missing_root_type
,"T,C,E-Autres charges externes",,unspecified,,0,,"COMPTES DE GESTION / COMPTES DE PRODUITS / PRODUITS D'EXPLOITATION / Reprise d'exploitation, transferts de charges / Transferts des charges d'exploitation",,,,"COMPTES DE GESTION / COMPTES DE PRODUITS / PRODUITS D'EXPLOITATION / Reprise d'exploitation, transferts de charges / Transferts des charges d'exploitation / T,C,E-Autres charges externes",missing_root_type
,Subventions d'exploitation,,group,,1,,COMPTES DE GESTION / COMPTES DE PRODUITS / PRODUITS D'EXPLOITATION,,,,COMPTES DE GESTION / COMPTES DE PRODUITS / PRODUITS D'EXPLOITATION / Subventions d'exploitation,missing_root_type
,Subventions d'exploitation reçues des exercices antérieurs,,unspecified,,0,,COMPTES DE GESTION / COMPTES DE PRODUITS / PRODUITS D'EXPLOITATION / Subventions d'exploitation,,,,COMPTES DE GESTION / COMPTES DE PRODUITS / PRODUITS D'EXPLOITATION / Subventions d'exploitation / Subventions d'exploitation reçues des exercices antérieurs,missing_root_type
,Subventions d'exploitations reçues de l'exercice,,unspecified,,0,,COMPTES DE GESTION / COMPTES DE PRODUITS / PRODUITS D'EXPLOITATION / Subventions d'exploitation,,,,COMPTES DE GESTION / COMPTES DE PRODUITS / PRODUITS D'EXPLOITATION / Subventions d'exploitation / Subventions d'exploitations reçues de l'exercice,missing_root_type
,Variation des stocks de produits,,group,,1,,COMPTES DE GESTION / COMPTES DE PRODUITS / PRODUITS D'EXPLOITATION,,,,COMPTES DE GESTION / COMPTES DE PRODUITS / PRODUITS D'EXPLOITATION / Variation des stocks de produits,missing_root_type
,Variation des stocks de biens produits,,group,,1,,COMPTES DE GESTION / COMPTES DE PRODUITS / PRODUITS D'EXPLOITATION / Variation des stocks de produits,,,,COMPTES DE GESTION / COMPTES DE PRODUITS / PRODUITS D'EXPLOITATION / Variation des stocks de produits / Variation des stocks de biens produits,missing_root_type
,Variation des stocks de produits finis,,unspecified,,0,,COMPTES DE GESTION / COMPTES DE PRODUITS / PRODUITS D'EXPLOITATION / Variation des stocks de produits / Variation des stocks de biens produits,,,,COMPTES DE GESTION / COMPTES DE PRODUITS / PRODUITS D'EXPLOITATION / Variation des stocks de produits / Variation des stocks de biens produits / Variation des stocks de produits finis,missing_root_type
,Variation des stocks de produits intermédiaires,,unspecified,,0,,COMPTES DE GESTION / COMPTES DE PRODUITS / PRODUITS D'EXPLOITATION / Variation des stocks de produits / Variation des stocks de biens produits,,,,COMPTES DE GESTION / COMPTES DE PRODUITS / PRODUITS D'EXPLOITATION / Variation des stocks de produits / Variation des stocks de biens produits / Variation des stocks de produits intermédiaires,missing_root_type
,Variation des stocks de produits résiduels,,unspecified,,0,,COMPTES DE GESTION / COMPTES DE PRODUITS / PRODUITS D'EXPLOITATION / Variation des stocks de produits / Variation des stocks de biens produits,,,,COMPTES DE GESTION / COMPTES DE PRODUITS / PRODUITS D'EXPLOITATION / Variation des stocks de produits / Variation des stocks de biens produits / Variation des stocks de produits résiduels,missing_root_type
,Variation des stocks de produits en cours,,group,,1,,COMPTES DE GESTION / COMPTES DE PRODUITS / PRODUITS D'EXPLOITATION / Variation des stocks de produits,,,,COMPTES DE GESTION / COMPTES DE PRODUITS / PRODUITS D'EXPLOITATION / Variation des stocks de produits / Variation des stocks de produits en cours,missing_root_type
,Variation des stocks de biens produits en cours,,unspecified,,0,,COMPTES DE GESTION / COMPTES DE PRODUITS / PRODUITS D'EXPLOITATION / Variation des stocks de produits / Variation des stocks de produits en cours,,,,COMPTES DE GESTION / COMPTES DE PRODUITS / PRODUITS D'EXPLOITATION / Variation des stocks de produits / Variation des stocks de produits en cours / Variation des stocks de biens produits en cours,missing_root_type
,Variation des stocks de produits intermédiaires en cours,,unspecified,,0,,COMPTES DE GESTION / COMPTES DE PRODUITS / PRODUITS D'EXPLOITATION / Variation des stocks de produits / Variation des stocks de produits en cours,,,,COMPTES DE GESTION / COMPTES DE PRODUITS / PRODUITS D'EXPLOITATION / Variation des stocks de produits / Variation des stocks de produits en cours / Variation des stocks de produits intermédiaires en cours,missing_root_type
,Variation des stocks de produits résiduels en cours,,unspecified,,0,,COMPTES DE GESTION / COMPTES DE PRODUITS / PRODUITS D'EXPLOITATION / Variation des stocks de produits / Variation des stocks de produits en cours,,,,COMPTES DE GESTION / COMPTES DE PRODUITS / PRODUITS D'EXPLOITATION / Variation des stocks de produits / Variation des stocks de produits en cours / Variation des stocks de produits résiduels en cours,missing_root_type
,Variation des stocks de services en cours,,group,,1,,COMPTES DE GESTION / COMPTES DE PRODUITS / PRODUITS D'EXPLOITATION / Variation des stocks de produits,,,,COMPTES DE GESTION / COMPTES DE PRODUITS / PRODUITS D'EXPLOITATION / Variation des stocks de produits / Variation des stocks de services en cours,missing_root_type
,Variation des stocks d'études en cours,,unspecified,,0,,COMPTES DE GESTION / COMPTES DE PRODUITS / PRODUITS D'EXPLOITATION / Variation des stocks de produits / Variation des stocks de services en cours,,,,COMPTES DE GESTION / COMPTES DE PRODUITS / PRODUITS D'EXPLOITATION / Variation des stocks de produits / Variation des stocks de services en cours / Variation des stocks d'études en cours,missing_root_type
,Variation des stocks de prestations en cours,,unspecified,,0,,COMPTES DE GESTION / COMPTES DE PRODUITS / PRODUITS D'EXPLOITATION / Variation des stocks de produits / Variation des stocks de services en cours,,,,COMPTES DE GESTION / COMPTES DE PRODUITS / PRODUITS D'EXPLOITATION / Variation des stocks de produits / Variation des stocks de services en cours / Variation des stocks de prestations en cours,missing_root_type
,Variation des stocks de travaux en cours,,unspecified,,0,,COMPTES DE GESTION / COMPTES DE PRODUITS / PRODUITS D'EXPLOITATION / Variation des stocks de produits / Variation des stocks de services en cours,,,,COMPTES DE GESTION / COMPTES DE PRODUITS / PRODUITS D'EXPLOITATION / Variation des stocks de produits / Variation des stocks de services en cours / Variation des stocks de travaux en cours,missing_root_type
,Ventes de biens et services produits,,group,,1,,COMPTES DE GESTION / COMPTES DE PRODUITS / PRODUITS D'EXPLOITATION,,,,COMPTES DE GESTION / COMPTES DE PRODUITS / PRODUITS D'EXPLOITATION / Ventes de biens et services produits,missing_root_type
,"Rabais, remises et ristournes accordés par l'entreprise",,group,,1,,COMPTES DE GESTION / COMPTES DE PRODUITS / PRODUITS D'EXPLOITATION / Ventes de biens et services produits,,,,"COMPTES DE GESTION / COMPTES DE PRODUITS / PRODUITS D'EXPLOITATION / Ventes de biens et services produits / Rabais, remises et ristournes accordés par l'entreprise",missing_root_type
,"R,R,R accordées sur ventes au Maroc des biens produits",,unspecified,,0,,"COMPTES DE GESTION / COMPTES DE PRODUITS / PRODUITS D'EXPLOITATION / Ventes de biens et services produits / Rabais, remises et ristournes accordés par l'entreprise",,,,"COMPTES DE GESTION / COMPTES DE PRODUITS / PRODUITS D'EXPLOITATION / Ventes de biens et services produits / Rabais, remises et ristournes accordés par l'entreprise / R,R,R accordées sur ventes au Maroc des biens produits",missing_root_type
,"R,R,R accordées sur ventes au Maroc des services produits",,unspecified,,0,,"COMPTES DE GESTION / COMPTES DE PRODUITS / PRODUITS D'EXPLOITATION / Ventes de biens et services produits / Rabais, remises et ristournes accordés par l'entreprise",,,,"COMPTES DE GESTION / COMPTES DE PRODUITS / PRODUITS D'EXPLOITATION / Ventes de biens et services produits / Rabais, remises et ristournes accordés par l'entreprise / R,R,R accordées sur ventes au Maroc des services produits",missing_root_type
,"R,R,R accordées sur ventes à  l'étranger des biens produits",,unspecified,,0,,"COMPTES DE GESTION / COMPTES DE PRODUITS / PRODUITS D'EXPLOITATION / Ventes de biens et services produits / Rabais, remises et ristournes accordés par l'entreprise",,,,"COMPTES DE GESTION / COMPTES DE PRODUITS / PRODUITS D'EXPLOITATION / Ventes de biens et services produits / Rabais, remises et ristournes accordés par l'entreprise / R,R,R accordées sur ventes à  l'étranger des biens produits",missing_root_type
,"R,R,R accordées sur ventes à  l'étranger des services produits",,unspecified,,0,,"COMPTES DE GESTION / COMPTES DE PRODUITS / PRODUITS D'EXPLOITATION / Ventes de biens et services produits / Rabais, remises et ristournes accordés par l'entreprise",,,,"COMPTES DE GESTION / COMPTES DE PRODUITS / PRODUITS D'EXPLOITATION / Ventes de biens et services produits / Rabais, remises et ristournes accordés par l'entreprise / R,R,R accordées sur ventes à  l'étranger des services produits",missing_root_type
,"Rabais, remises et ristournes accordés sur ventes de B et S produits des exercices antérieurs",,unspecified,,0,,"COMPTES DE GESTION / COMPTES DE PRODUITS / PRODUITS D'EXPLOITATION / Ventes de biens et services produits / Rabais, remises et ristournes accordés par l'entreprise",,,,"COMPTES DE GESTION / COMPTES DE PRODUITS / PRODUITS D'EXPLOITATION / Ventes de biens et services produits / Rabais, remises et ristournes accordés par l'entreprise / Rabais, remises et ristournes accordés sur ventes de B et S produits des exercices antérieurs",missing_root_type
,"Redevances pour brevets, marques, droits et valeurs similaires",,unspecified,,0,,COMPTES DE GESTION / COMPTES DE PRODUITS / PRODUITS D'EXPLOITATION / Ventes de biens et services produits,,,,"COMPTES DE GESTION / COMPTES DE PRODUITS / PRODUITS D'EXPLOITATION / Ventes de biens et services produits / Redevances pour brevets, marques, droits et valeurs similaires",missing_root_type
,Ventes de biens et services produits des exercices antérieurs,,unspecified,,0,,COMPTES DE GESTION / COMPTES DE PRODUITS / PRODUITS D'EXPLOITATION / Ventes de biens et services produits,,,,COMPTES DE GESTION / COMPTES DE PRODUITS / PRODUITS D'EXPLOITATION / Ventes de biens et services produits / Ventes de biens et services produits des exercices antérieurs,missing_root_type
,Ventes de biens produits au Maroc,,group,,1,,COMPTES DE GESTION / COMPTES DE PRODUITS / PRODUITS D'EXPLOITATION / Ventes de biens et services produits,,,,COMPTES DE GESTION / COMPTES DE PRODUITS / PRODUITS D'EXPLOITATION / Ventes de biens et services produits / Ventes de biens produits au Maroc,missing_root_type
,Ventes de produits finis,,unspecified,,0,,COMPTES DE GESTION / COMPTES DE PRODUITS / PRODUITS D'EXPLOITATION / Ventes de biens et services produits / Ventes de biens produits au Maroc,,,,COMPTES DE GESTION / COMPTES DE PRODUITS / PRODUITS D'EXPLOITATION / Ventes de biens et services produits / Ventes de biens produits au Maroc / Ventes de produits finis,missing_root_type
,Ventes de produits intermédiaires,,unspecified,,0,,COMPTES DE GESTION / COMPTES DE PRODUITS / PRODUITS D'EXPLOITATION / Ventes de biens et services produits / Ventes de biens produits au Maroc,,,,COMPTES DE GESTION / COMPTES DE PRODUITS / PRODUITS D'EXPLOITATION / Ventes de biens et services produits / Ventes de biens produits au Maroc / Ventes de produits intermédiaires,missing_root_type
,Ventes de produits résiduels,,unspecified,,0,,COMPTES DE GESTION / COMPTES DE PRODUITS / PRODUITS D'EXPLOITATION / Ventes de biens et services produits / Ventes de biens produits au Maroc,,,,COMPTES DE GESTION / COMPTES DE PRODUITS / PRODUITS D'EXPLOITATION / Ventes de biens et services produits / Ventes de biens produits au Maroc / Ventes de produits résiduels,missing_root_type
,Ventes de biens produits à  l'étranger,,group,,1,,COMPTES DE GESTION / COMPTES DE PRODUITS / PRODUITS D'EXPLOITATION / Ventes de biens et services produits,,,,COMPTES DE GESTION / COMPTES DE PRODUITS / PRODUITS D'EXPLOITATION / Ventes de biens et services produits / Ventes de biens produits à  l'étranger,missing_root_type
,Ventes de produits finis,,unspecified,,0,,COMPTES DE GESTION / COMPTES DE PRODUITS / PRODUITS D'EXPLOITATION / Ventes de biens et services produits / Ventes de biens produits à  l'étranger,,,,COMPTES DE GESTION / COMPTES DE PRODUITS / PRODUITS D'EXPLOITATION / Ventes de biens et services produits / Ventes de biens produits à  l'étranger / Ventes de produits finis,missing_root_type
,Ventes de produits intermédiaires,,unspecified,,0,,COMPTES DE GESTION / COMPTES DE PRODUITS / PRODUITS D'EXPLOITATION / Ventes de biens et services produits / Ventes de biens produits à  l'étranger,,,,COMPTES DE GESTION / COMPTES DE PRODUITS / PRODUITS D'EXPLOITATION / Ventes de biens et services produits / Ventes de biens produits à  l'étranger / Ventes de produits intermédiaires,missing_root_type
,Ventes de produits accessoires,,group,,1,,COMPTES DE GESTION / COMPTES DE PRODUITS / PRODUITS D'EXPLOITATION / Ventes de biens et services produits,,,,COMPTES DE GESTION / COMPTES DE PRODUITS / PRODUITS D'EXPLOITATION / Ventes de biens et services produits / Ventes de produits accessoires,missing_root_type
,Autres ventes et produits accessoires,,unspecified,,0,,COMPTES DE GESTION / COMPTES DE PRODUITS / PRODUITS D'EXPLOITATION / Ventes de biens et services produits / Ventes de produits accessoires,,,,COMPTES DE GESTION / COMPTES DE PRODUITS / PRODUITS D'EXPLOITATION / Ventes de biens et services produits / Ventes de produits accessoires / Autres ventes et produits accessoires,missing_root_type
,Bonis sur reprises d'emballages consignés,,unspecified,,0,,COMPTES DE GESTION / COMPTES DE PRODUITS / PRODUITS D'EXPLOITATION / Ventes de biens et services produits / Ventes de produits accessoires,,,,COMPTES DE GESTION / COMPTES DE PRODUITS / PRODUITS D'EXPLOITATION / Ventes de biens et services produits / Ventes de produits accessoires / Bonis sur reprises d'emballages consignés,missing_root_type
,Commissions et courtages reçus,,unspecified,,0,,COMPTES DE GESTION / COMPTES DE PRODUITS / PRODUITS D'EXPLOITATION / Ventes de biens et services produits / Ventes de produits accessoires,,,,COMPTES DE GESTION / COMPTES DE PRODUITS / PRODUITS D'EXPLOITATION / Ventes de biens et services produits / Ventes de produits accessoires / Commissions et courtages reçus,missing_root_type
,Locations divers es reçues,,unspecified,,0,,COMPTES DE GESTION / COMPTES DE PRODUITS / PRODUITS D'EXPLOITATION / Ventes de biens et services produits / Ventes de produits accessoires,,,,COMPTES DE GESTION / COMPTES DE PRODUITS / PRODUITS D'EXPLOITATION / Ventes de biens et services produits / Ventes de produits accessoires / Locations divers es reçues,missing_root_type
,Ports et frais accessoires facturés,,unspecified,,0,,COMPTES DE GESTION / COMPTES DE PRODUITS / PRODUITS D'EXPLOITATION / Ventes de biens et services produits / Ventes de produits accessoires,,,,COMPTES DE GESTION / COMPTES DE PRODUITS / PRODUITS D'EXPLOITATION / Ventes de biens et services produits / Ventes de produits accessoires / Ports et frais accessoires facturés,missing_root_type
,Produits de services exploités dans l'intérêt du personnel,,unspecified,,0,,COMPTES DE GESTION / COMPTES DE PRODUITS / PRODUITS D'EXPLOITATION / Ventes de biens et services produits / Ventes de produits accessoires,,,,COMPTES DE GESTION / COMPTES DE PRODUITS / PRODUITS D'EXPLOITATION / Ventes de biens et services produits / Ventes de produits accessoires / Produits de services exploités dans l'intérêt du personnel,missing_root_type
,Ventes de services produits au Maroc,,group,,1,,COMPTES DE GESTION / COMPTES DE PRODUITS / PRODUITS D'EXPLOITATION / Ventes de biens et services produits,,,,COMPTES DE GESTION / COMPTES DE PRODUITS / PRODUITS D'EXPLOITATION / Ventes de biens et services produits / Ventes de services produits au Maroc,missing_root_type
,Etudes,,unspecified,,0,,COMPTES DE GESTION / COMPTES DE PRODUITS / PRODUITS D'EXPLOITATION / Ventes de biens et services produits / Ventes de services produits au Maroc,,,,COMPTES DE GESTION / COMPTES DE PRODUITS / PRODUITS D'EXPLOITATION / Ventes de biens et services produits / Ventes de services produits au Maroc / Etudes,missing_root_type
,Prestations de services,,unspecified,,0,,COMPTES DE GESTION / COMPTES DE PRODUITS / PRODUITS D'EXPLOITATION / Ventes de biens et services produits / Ventes de services produits au Maroc,,,,COMPTES DE GESTION / COMPTES DE PRODUITS / PRODUITS D'EXPLOITATION / Ventes de biens et services produits / Ventes de services produits au Maroc / Prestations de services,missing_root_type
,Travaux,,unspecified,,0,,COMPTES DE GESTION / COMPTES DE PRODUITS / PRODUITS D'EXPLOITATION / Ventes de biens et services produits / Ventes de services produits au Maroc,,,,COMPTES DE GESTION / COMPTES DE PRODUITS / PRODUITS D'EXPLOITATION / Ventes de biens et services produits / Ventes de services produits au Maroc / Travaux,missing_root_type
,Ventes de services produits à  l'étranger,,group,,1,,COMPTES DE GESTION / COMPTES DE PRODUITS / PRODUITS D'EXPLOITATION / Ventes de biens et services produits,,,,COMPTES DE GESTION / COMPTES DE PRODUITS / PRODUITS D'EXPLOITATION / Ventes de biens et services produits / Ventes de services produits à  l'étranger,missing_root_type
,Etudes,,unspecified,,0,,COMPTES DE GESTION / COMPTES DE PRODUITS / PRODUITS D'EXPLOITATION / Ventes de biens et services produits / Ventes de services produits à  l'étranger,,,,COMPTES DE GESTION / COMPTES DE PRODUITS / PRODUITS D'EXPLOITATION / Ventes de biens et services produits / Ventes de services produits à  l'étranger / Etudes,missing_root_type
,Prestations de services,,unspecified,,0,,COMPTES DE GESTION / COMPTES DE PRODUITS / PRODUITS D'EXPLOITATION / Ventes de biens et services produits / Ventes de services produits à  l'étranger,,,,COMPTES DE GESTION / COMPTES DE PRODUITS / PRODUITS D'EXPLOITATION / Ventes de biens et services produits / Ventes de services produits à  l'étranger / Prestations de services,missing_root_type
,Travaux,,unspecified,,0,,COMPTES DE GESTION / COMPTES DE PRODUITS / PRODUITS D'EXPLOITATION / Ventes de biens et services produits / Ventes de services produits à  l'étranger,,,,COMPTES DE GESTION / COMPTES DE PRODUITS / PRODUITS D'EXPLOITATION / Ventes de biens et services produits / Ventes de services produits à  l'étranger / Travaux,missing_root_type
,Ventes de marchandises,,group,,1,,COMPTES DE GESTION / COMPTES DE PRODUITS / PRODUITS D'EXPLOITATION,,,,COMPTES DE GESTION / COMPTES DE PRODUITS / PRODUITS D'EXPLOITATION / Ventes de marchandises,missing_root_type
,"Rabais, remises et ristournes accordés par l'entreprise",,unspecified,,0,,COMPTES DE GESTION / COMPTES DE PRODUITS / PRODUITS D'EXPLOITATION / Ventes de marchandises,,,,"COMPTES DE GESTION / COMPTES DE PRODUITS / PRODUITS D'EXPLOITATION / Ventes de marchandises / Rabais, remises et ristournes accordés par l'entreprise",missing_root_type
,Ventes de marchandises au Maroc,,unspecified,,0,,COMPTES DE GESTION / COMPTES DE PRODUITS / PRODUITS D'EXPLOITATION / Ventes de marchandises,,,,COMPTES DE GESTION / COMPTES DE PRODUITS / PRODUITS D'EXPLOITATION / Ventes de marchandises / Ventes de marchandises au Maroc,missing_root_type
,Ventes de marchandises des exercices antérieurs,,unspecified,,0,,COMPTES DE GESTION / COMPTES DE PRODUITS / PRODUITS D'EXPLOITATION / Ventes de marchandises,,,,COMPTES DE GESTION / COMPTES DE PRODUITS / PRODUITS D'EXPLOITATION / Ventes de marchandises / Ventes de marchandises des exercices antérieurs,missing_root_type
,Ventes de marchandises à  l'étranger,,unspecified,,0,,COMPTES DE GESTION / COMPTES DE PRODUITS / PRODUITS D'EXPLOITATION / Ventes de marchandises,,,,COMPTES DE GESTION / COMPTES DE PRODUITS / PRODUITS D'EXPLOITATION / Ventes de marchandises / Ventes de marchandises à  l'étranger,missing_root_type
,PRODUITS FINANCIERS,,group,,1,,COMPTES DE GESTION / COMPTES DE PRODUITS,,,,COMPTES DE GESTION / COMPTES DE PRODUITS / PRODUITS FINANCIERS,missing_root_type
,Gains de change,,group,,1,,COMPTES DE GESTION / COMPTES DE PRODUITS / PRODUITS FINANCIERS,,,,COMPTES DE GESTION / COMPTES DE PRODUITS / PRODUITS FINANCIERS / Gains de change,missing_root_type
,Gains de change des exercices antérieurs,,unspecified,,0,,COMPTES DE GESTION / COMPTES DE PRODUITS / PRODUITS FINANCIERS / Gains de change,,,,COMPTES DE GESTION / COMPTES DE PRODUITS / PRODUITS FINANCIERS / Gains de change / Gains de change des exercices antérieurs,missing_root_type
,Gains de change propres à  l'exercice,,unspecified,,0,,COMPTES DE GESTION / COMPTES DE PRODUITS / PRODUITS FINANCIERS / Gains de change,,,,COMPTES DE GESTION / COMPTES DE PRODUITS / PRODUITS FINANCIERS / Gains de change / Gains de change propres à  l'exercice,missing_root_type
,Intérêts et autres produits financiers,,group,,1,,COMPTES DE GESTION / COMPTES DE PRODUITS / PRODUITS FINANCIERS,,,,COMPTES DE GESTION / COMPTES DE PRODUITS / PRODUITS FINANCIERS / Intérêts et autres produits financiers,missing_root_type
,Escomptes obtenus,,unspecified,,0,,COMPTES DE GESTION / COMPTES DE PRODUITS / PRODUITS FINANCIERS / Intérêts et autres produits financiers,,,,COMPTES DE GESTION / COMPTES DE PRODUITS / PRODUITS FINANCIERS / Intérêts et autres produits financiers / Escomptes obtenus,missing_root_type
,Intérêts et autres produits financiers des exercices antérieurs,,unspecified,,0,,COMPTES DE GESTION / COMPTES DE PRODUITS / PRODUITS FINANCIERS / Intérêts et autres produits financiers,,,,COMPTES DE GESTION / COMPTES DE PRODUITS / PRODUITS FINANCIERS / Intérêts et autres produits financiers / Intérêts et autres produits financiers des exercices antérieurs,missing_root_type
,Intérêts et produits assimilés,,group,,1,,COMPTES DE GESTION / COMPTES DE PRODUITS / PRODUITS FINANCIERS / Intérêts et autres produits financiers,,,,COMPTES DE GESTION / COMPTES DE PRODUITS / PRODUITS FINANCIERS / Intérêts et autres produits financiers / Intérêts et produits assimilés,missing_root_type
,Intérêts des prêts,,unspecified,,0,,COMPTES DE GESTION / COMPTES DE PRODUITS / PRODUITS FINANCIERS / Intérêts et autres produits financiers / Intérêts et produits assimilés,,,,COMPTES DE GESTION / COMPTES DE PRODUITS / PRODUITS FINANCIERS / Intérêts et autres produits financiers / Intérêts et produits assimilés / Intérêts des prêts,missing_root_type
,Revenus des autres créances financières,,unspecified,,0,,COMPTES DE GESTION / COMPTES DE PRODUITS / PRODUITS FINANCIERS / Intérêts et autres produits financiers / Intérêts et produits assimilés,,,,COMPTES DE GESTION / COMPTES DE PRODUITS / PRODUITS FINANCIERS / Intérêts et autres produits financiers / Intérêts et produits assimilés / Revenus des autres créances financières,missing_root_type
,Produits nets sur cessions de titres et valeurs de placement,,unspecified,,0,,COMPTES DE GESTION / COMPTES DE PRODUITS / PRODUITS FINANCIERS / Intérêts et autres produits financiers,,,,COMPTES DE GESTION / COMPTES DE PRODUITS / PRODUITS FINANCIERS / Intérêts et autres produits financiers / Produits nets sur cessions de titres et valeurs de placement,missing_root_type
,Revenus des créances rattachées à  des participations,,unspecified,,0,,COMPTES DE GESTION / COMPTES DE PRODUITS / PRODUITS FINANCIERS / Intérêts et autres produits financiers,,,,COMPTES DE GESTION / COMPTES DE PRODUITS / PRODUITS FINANCIERS / Intérêts et autres produits financiers / Revenus des créances rattachées à  des participations,missing_root_type
,Revenus des titres et valeurs de placement,,unspecified,,0,,COMPTES DE GESTION / COMPTES DE PRODUITS / PRODUITS FINANCIERS / Intérêts et autres produits financiers,,,,COMPTES DE GESTION / COMPTES DE PRODUITS / PRODUITS FINANCIERS / Intérêts et autres produits financiers / Revenus des titres et valeurs de placement,missing_root_type
,Produits des titres de participation et des autres titres immobilisés,,group,,1,,COMPTES DE GESTION / COMPTES DE PRODUITS / PRODUITS FINANCIERS,,,,COMPTES DE GESTION / COMPTES DE PRODUITS / PRODUITS FINANCIERS / Produits des titres de participation et des autres titres immobilisés,missing_root_type
,Produits des titres de participation et des autres titres immobilisés des exercices antérieurs,,unspecified,,0,,COMPTES DE GESTION / COMPTES DE PRODUITS / PRODUITS FINANCIERS / Produits des titres de participation et des autres titres immobilisés,,,,COMPTES DE GESTION / COMPTES DE PRODUITS / PRODUITS FINANCIERS / Produits des titres de participation et des autres titres immobilisés / Produits des titres de participation et des autres titres immobilisés des exercices antérieurs,missing_root_type
,Revenus des titres de participation,,unspecified,,0,,COMPTES DE GESTION / COMPTES DE PRODUITS / PRODUITS FINANCIERS / Produits des titres de participation et des autres titres immobilisés,,,,COMPTES DE GESTION / COMPTES DE PRODUITS / PRODUITS FINANCIERS / Produits des titres de participation et des autres titres immobilisés / Revenus des titres de participation,missing_root_type
,Revenus des titres immobilisés,,unspecified,,0,,COMPTES DE GESTION / COMPTES DE PRODUITS / PRODUITS FINANCIERS / Produits des titres de participation et des autres titres immobilisés,,,,COMPTES DE GESTION / COMPTES DE PRODUITS / PRODUITS FINANCIERS / Produits des titres de participation et des autres titres immobilisés / Revenus des titres immobilisés,missing_root_type
,"Reprises financières, transferts de charges",,group,,1,,COMPTES DE GESTION / COMPTES DE PRODUITS / PRODUITS FINANCIERS,,,,"COMPTES DE GESTION / COMPTES DE PRODUITS / PRODUITS FINANCIERS / Reprises financières, transferts de charges",missing_root_type
,Reprise sur provisions pour dépréciation des titres et valeurs de placement,,unspecified,,0,,"COMPTES DE GESTION / COMPTES DE PRODUITS / PRODUITS FINANCIERS / Reprises financières, transferts de charges",,,,"COMPTES DE GESTION / COMPTES DE PRODUITS / PRODUITS FINANCIERS / Reprises financières, transferts de charges / Reprise sur provisions pour dépréciation des titres et valeurs de placement",missing_root_type
,Reprises sur amortissements des primes de remboursement des obligations,,unspecified,,0,,"COMPTES DE GESTION / COMPTES DE PRODUITS / PRODUITS FINANCIERS / Reprises financières, transferts de charges",,,,"COMPTES DE GESTION / COMPTES DE PRODUITS / PRODUITS FINANCIERS / Reprises financières, transferts de charges / Reprises sur amortissements des primes de remboursement des obligations",missing_root_type
,Reprises sur dotations financières des exercices antérieurs,,unspecified,,0,,"COMPTES DE GESTION / COMPTES DE PRODUITS / PRODUITS FINANCIERS / Reprises financières, transferts de charges",,,,"COMPTES DE GESTION / COMPTES DE PRODUITS / PRODUITS FINANCIERS / Reprises financières, transferts de charges / Reprises sur dotations financières des exercices antérieurs",missing_root_type
,Reprises sur provisions pour dépréciation des comptes de trésorerie,,unspecified,,0,,"COMPTES DE GESTION / COMPTES DE PRODUITS / PRODUITS FINANCIERS / Reprises financières, transferts de charges",,,,"COMPTES DE GESTION / COMPTES DE PRODUITS / PRODUITS FINANCIERS / Reprises financières, transferts de charges / Reprises sur provisions pour dépréciation des comptes de trésorerie",missing_root_type
,Reprises sur provisions pour dépréciation des immobilisations financières,,unspecified,,0,,"COMPTES DE GESTION / COMPTES DE PRODUITS / PRODUITS FINANCIERS / Reprises financières, transferts de charges",,,,"COMPTES DE GESTION / COMPTES DE PRODUITS / PRODUITS FINANCIERS / Reprises financières, transferts de charges / Reprises sur provisions pour dépréciation des immobilisations financières",missing_root_type
,Reprises sur provisions pour risques et charges financières,,unspecified,,0,,"COMPTES DE GESTION / COMPTES DE PRODUITS / PRODUITS FINANCIERS / Reprises financières, transferts de charges",,,,"COMPTES DE GESTION / COMPTES DE PRODUITS / PRODUITS FINANCIERS / Reprises financières, transferts de charges / Reprises sur provisions pour risques et charges financières",missing_root_type
,Transfert de charges financières,,group,,1,,"COMPTES DE GESTION / COMPTES DE PRODUITS / PRODUITS FINANCIERS / Reprises financières, transferts de charges",,,,"COMPTES DE GESTION / COMPTES DE PRODUITS / PRODUITS FINANCIERS / Reprises financières, transferts de charges / Transfert de charges financières",missing_root_type
,Transfert - Autres charges financières,,unspecified,,0,,"COMPTES DE GESTION / COMPTES DE PRODUITS / PRODUITS FINANCIERS / Reprises financières, transferts de charges / Transfert de charges financières",,,,"COMPTES DE GESTION / COMPTES DE PRODUITS / PRODUITS FINANCIERS / Reprises financières, transferts de charges / Transfert de charges financières / Transfert - Autres charges financières",missing_root_type
,Transfert - Charges d'intérêts,,unspecified,,0,,"COMPTES DE GESTION / COMPTES DE PRODUITS / PRODUITS FINANCIERS / Reprises financières, transferts de charges / Transfert de charges financières",,,,"COMPTES DE GESTION / COMPTES DE PRODUITS / PRODUITS FINANCIERS / Reprises financières, transferts de charges / Transfert de charges financières / Transfert - Charges d'intérêts",missing_root_type
,Transfert - Pertes de change,,unspecified,,0,,"COMPTES DE GESTION / COMPTES DE PRODUITS / PRODUITS FINANCIERS / Reprises financières, transferts de charges / Transfert de charges financières",,,,"COMPTES DE GESTION / COMPTES DE PRODUITS / PRODUITS FINANCIERS / Reprises financières, transferts de charges / Transfert de charges financières / Transfert - Pertes de change",missing_root_type
,PRODUITS NON COURANTS,,group,,1,,COMPTES DE GESTION / COMPTES DE PRODUITS,,,,COMPTES DE GESTION / COMPTES DE PRODUITS / PRODUITS NON COURANTS,missing_root_type
,Autres produits non courants,,group,,1,,COMPTES DE GESTION / COMPTES DE PRODUITS / PRODUITS NON COURANTS,,,,COMPTES DE GESTION / COMPTES DE PRODUITS / PRODUITS NON COURANTS / Autres produits non courants,missing_root_type
,Autres produits non courants des exercices antérieurs,,unspecified,,0,,COMPTES DE GESTION / COMPTES DE PRODUITS / PRODUITS NON COURANTS / Autres produits non courants,,,,COMPTES DE GESTION / COMPTES DE PRODUITS / PRODUITS NON COURANTS / Autres produits non courants / Autres produits non courants des exercices antérieurs,missing_root_type
,"Dons, libéralités et lots reçus",,group,,1,,COMPTES DE GESTION / COMPTES DE PRODUITS / PRODUITS NON COURANTS / Autres produits non courants,,,,"COMPTES DE GESTION / COMPTES DE PRODUITS / PRODUITS NON COURANTS / Autres produits non courants / Dons, libéralités et lots reçus",missing_root_type
,Dons,,unspecified,,0,,"COMPTES DE GESTION / COMPTES DE PRODUITS / PRODUITS NON COURANTS / Autres produits non courants / Dons, libéralités et lots reçus",,,,"COMPTES DE GESTION / COMPTES DE PRODUITS / PRODUITS NON COURANTS / Autres produits non courants / Dons, libéralités et lots reçus / Dons",missing_root_type
,Libéralités,,unspecified,,0,,"COMPTES DE GESTION / COMPTES DE PRODUITS / PRODUITS NON COURANTS / Autres produits non courants / Dons, libéralités et lots reçus",,,,"COMPTES DE GESTION / COMPTES DE PRODUITS / PRODUITS NON COURANTS / Autres produits non courants / Dons, libéralités et lots reçus / Libéralités",missing_root_type
,Lots,,unspecified,,0,,"COMPTES DE GESTION / COMPTES DE PRODUITS / PRODUITS NON COURANTS / Autres produits non courants / Dons, libéralités et lots reçus",,,,"COMPTES DE GESTION / COMPTES DE PRODUITS / PRODUITS NON COURANTS / Autres produits non courants / Dons, libéralités et lots reçus / Lots",missing_root_type
,Dégrèvement d'impôts (autres que l'impôt sur les résultats),,unspecified,,0,,COMPTES DE GESTION / COMPTES DE PRODUITS / PRODUITS NON COURANTS / Autres produits non courants,,,,COMPTES DE GESTION / COMPTES DE PRODUITS / PRODUITS NON COURANTS / Autres produits non courants / Dégrèvement d'impôts (autres que l'impôt sur les résultats),missing_root_type
,Pénalités et dédits reçus,,group,,1,,COMPTES DE GESTION / COMPTES DE PRODUITS / PRODUITS NON COURANTS / Autres produits non courants,,,,COMPTES DE GESTION / COMPTES DE PRODUITS / PRODUITS NON COURANTS / Autres produits non courants / Pénalités et dédits reçus,missing_root_type
,Dédits reçus,,unspecified,,0,,COMPTES DE GESTION / COMPTES DE PRODUITS / PRODUITS NON COURANTS / Autres produits non courants / Pénalités et dédits reçus,,,,COMPTES DE GESTION / COMPTES DE PRODUITS / PRODUITS NON COURANTS / Autres produits non courants / Pénalités et dédits reçus / Dédits reçus,missing_root_type
,Pénalités reçues sur marchés,,unspecified,,0,,COMPTES DE GESTION / COMPTES DE PRODUITS / PRODUITS NON COURANTS / Autres produits non courants / Pénalités et dédits reçus,,,,COMPTES DE GESTION / COMPTES DE PRODUITS / PRODUITS NON COURANTS / Autres produits non courants / Pénalités et dédits reçus / Pénalités reçues sur marchés,missing_root_type
,Rentrées sur créances soldées,,unspecified,,0,,COMPTES DE GESTION / COMPTES DE PRODUITS / PRODUITS NON COURANTS / Autres produits non courants,,,,COMPTES DE GESTION / COMPTES DE PRODUITS / PRODUITS NON COURANTS / Autres produits non courants / Rentrées sur créances soldées,missing_root_type
,Produits des cessions d'immobilisations,,group,,1,,COMPTES DE GESTION / COMPTES DE PRODUITS / PRODUITS NON COURANTS,,,,COMPTES DE GESTION / COMPTES DE PRODUITS / PRODUITS NON COURANTS / Produits des cessions d'immobilisations,missing_root_type
,Produits des cessions des immobilisations corporelles,,unspecified,,0,,COMPTES DE GESTION / COMPTES DE PRODUITS / PRODUITS NON COURANTS / Produits des cessions d'immobilisations,,,,COMPTES DE GESTION / COMPTES DE PRODUITS / PRODUITS NON COURANTS / Produits des cessions d'immobilisations / Produits des cessions des immobilisations corporelles,missing_root_type
,Produits des cessions des immobilisations des exercices antérieurs,,unspecified,,0,,COMPTES DE GESTION / COMPTES DE PRODUITS / PRODUITS NON COURANTS / Produits des cessions d'immobilisations,,,,COMPTES DE GESTION / COMPTES DE PRODUITS / PRODUITS NON COURANTS / Produits des cessions d'immobilisations / Produits des cessions des immobilisations des exercices antérieurs,missing_root_type
,Produits des cessions des immobilisations financières (droits de propriété),,unspecified,,0,,COMPTES DE GESTION / COMPTES DE PRODUITS / PRODUITS NON COURANTS / Produits des cessions d'immobilisations,,,,COMPTES DE GESTION / COMPTES DE PRODUITS / PRODUITS NON COURANTS / Produits des cessions d'immobilisations / Produits des cessions des immobilisations financières (droits de propriété),missing_root_type
,Produits des cessions des immobilisations incorporelles,,unspecified,,0,,COMPTES DE GESTION / COMPTES DE PRODUITS / PRODUITS NON COURANTS / Produits des cessions d'immobilisations,,,,COMPTES DE GESTION / COMPTES DE PRODUITS / PRODUITS NON COURANTS / Produits des cessions d'immobilisations / Produits des cessions des immobilisations incorporelles,missing_root_type
,Reprise sur subventions d'investissements,,group,,1,,COMPTES DE GESTION / COMPTES DE PRODUITS / PRODUITS NON COURANTS,,,,COMPTES DE GESTION / COMPTES DE PRODUITS / PRODUITS NON COURANTS / Reprise sur subventions d'investissements,missing_root_type
,Reprises sur subventions d'investissement de l'exercice,,unspecified,,0,,COMPTES DE GESTION / COMPTES DE PRODUITS / PRODUITS NON COURANTS / Reprise sur subventions d'investissements,,,,COMPTES DE GESTION / COMPTES DE PRODUITS / PRODUITS NON COURANTS / Reprise sur subventions d'investissements / Reprises sur subventions d'investissement de l'exercice,missing_root_type
,Reprises sur subventions d'investissement des exercices antérieurs,,unspecified,,0,,COMPTES DE GESTION / COMPTES DE PRODUITS / PRODUITS NON COURANTS / Reprise sur subventions d'investissements,,,,COMPTES DE GESTION / COMPTES DE PRODUITS / PRODUITS NON COURANTS / Reprise sur subventions d'investissements / Reprises sur subventions d'investissement des exercices antérieurs,missing_root_type
,Reprises non courantes,,group,,1,,COMPTES DE GESTION / COMPTES DE PRODUITS / PRODUITS NON COURANTS,,,,COMPTES DE GESTION / COMPTES DE PRODUITS / PRODUITS NON COURANTS / Reprises non courantes,missing_root_type
,Reprises non courantes des exercices antérieurs.,,unspecified,,0,,COMPTES DE GESTION / COMPTES DE PRODUITS / PRODUITS NON COURANTS / Reprises non courantes,,,,COMPTES DE GESTION / COMPTES DE PRODUITS / PRODUITS NON COURANTS / Reprises non courantes / Reprises non courantes des exercices antérieurs.,missing_root_type
,Reprises non courantes sur amortissements exceptionnels des immobilisations,,group,,1,,COMPTES DE GESTION / COMPTES DE PRODUITS / PRODUITS NON COURANTS / Reprises non courantes,,,,COMPTES DE GESTION / COMPTES DE PRODUITS / PRODUITS NON COURANTS / Reprises non courantes / Reprises non courantes sur amortissements exceptionnels des immobilisations,missing_root_type
,"R,A,E des immobilisations corporelles",,unspecified,,0,,COMPTES DE GESTION / COMPTES DE PRODUITS / PRODUITS NON COURANTS / Reprises non courantes / Reprises non courantes sur amortissements exceptionnels des immobilisations,,,,"COMPTES DE GESTION / COMPTES DE PRODUITS / PRODUITS NON COURANTS / Reprises non courantes / Reprises non courantes sur amortissements exceptionnels des immobilisations / R,A,E des immobilisations corporelles",missing_root_type
,"R,A,E des immobilisations en non valeur",,unspecified,,0,,COMPTES DE GESTION / COMPTES DE PRODUITS / PRODUITS NON COURANTS / Reprises non courantes / Reprises non courantes sur amortissements exceptionnels des immobilisations,,,,"COMPTES DE GESTION / COMPTES DE PRODUITS / PRODUITS NON COURANTS / Reprises non courantes / Reprises non courantes sur amortissements exceptionnels des immobilisations / R,A,E des immobilisations en non valeur",missing_root_type
,"R,A,E des immobilisations incorporelles",,unspecified,,0,,COMPTES DE GESTION / COMPTES DE PRODUITS / PRODUITS NON COURANTS / Reprises non courantes / Reprises non courantes sur amortissements exceptionnels des immobilisations,,,,"COMPTES DE GESTION / COMPTES DE PRODUITS / PRODUITS NON COURANTS / Reprises non courantes / Reprises non courantes sur amortissements exceptionnels des immobilisations / R,A,E des immobilisations incorporelles",missing_root_type
,Reprises non courantes sur provisions pour dépréciation,,group,,1,,COMPTES DE GESTION / COMPTES DE PRODUITS / PRODUITS NON COURANTS / Reprises non courantes,,,,COMPTES DE GESTION / COMPTES DE PRODUITS / PRODUITS NON COURANTS / Reprises non courantes / Reprises non courantes sur provisions pour dépréciation,missing_root_type
,"R,N,C sur provisions pour dépréciation de l'actif circulant",,unspecified,,0,,COMPTES DE GESTION / COMPTES DE PRODUITS / PRODUITS NON COURANTS / Reprises non courantes / Reprises non courantes sur provisions pour dépréciation,,,,"COMPTES DE GESTION / COMPTES DE PRODUITS / PRODUITS NON COURANTS / Reprises non courantes / Reprises non courantes sur provisions pour dépréciation / R,N,C sur provisions pour dépréciation de l'actif circulant",missing_root_type
,"R,N,C sur provisions pour dépréciation de l'actif immobilisé",,unspecified,,0,,COMPTES DE GESTION / COMPTES DE PRODUITS / PRODUITS NON COURANTS / Reprises non courantes / Reprises non courantes sur provisions pour dépréciation,,,,"COMPTES DE GESTION / COMPTES DE PRODUITS / PRODUITS NON COURANTS / Reprises non courantes / Reprises non courantes sur provisions pour dépréciation / R,N,C sur provisions pour dépréciation de l'actif immobilisé",missing_root_type
,Reprises non courantes sur provisions pour risques et charges,,group,,1,,COMPTES DE GESTION / COMPTES DE PRODUITS / PRODUITS NON COURANTS / Reprises non courantes,,,,COMPTES DE GESTION / COMPTES DE PRODUITS / PRODUITS NON COURANTS / Reprises non courantes / Reprises non courantes sur provisions pour risques et charges,missing_root_type
,Reprises sur provisions pour risques et charges durables,,unspecified,,0,,COMPTES DE GESTION / COMPTES DE PRODUITS / PRODUITS NON COURANTS / Reprises non courantes / Reprises non courantes sur provisions pour risques et charges,,,,COMPTES DE GESTION / COMPTES DE PRODUITS / PRODUITS NON COURANTS / Reprises non courantes / Reprises non courantes sur provisions pour risques et charges / Reprises sur provisions pour risques et charges durables,missing_root_type
,Reprises sur provisions pour risques et charges momentanés,,unspecified,,0,,COMPTES DE GESTION / COMPTES DE PRODUITS / PRODUITS NON COURANTS / Reprises non courantes / Reprises non courantes sur provisions pour risques et charges,,,,COMPTES DE GESTION / COMPTES DE PRODUITS / PRODUITS NON COURANTS / Reprises non courantes / Reprises non courantes sur provisions pour risques et charges / Reprises sur provisions pour risques et charges momentanés,missing_root_type
,Reprises non courantes sur provisions réglementées,,group,,1,,COMPTES DE GESTION / COMPTES DE PRODUITS / PRODUITS NON COURANTS / Reprises non courantes,,,,COMPTES DE GESTION / COMPTES DE PRODUITS / PRODUITS NON COURANTS / Reprises non courantes / Reprises non courantes sur provisions réglementées,missing_root_type
,Reprises sur amortissements dérogatoires,,unspecified,,0,,COMPTES DE GESTION / COMPTES DE PRODUITS / PRODUITS NON COURANTS / Reprises non courantes / Reprises non courantes sur provisions réglementées,,,,COMPTES DE GESTION / COMPTES DE PRODUITS / PRODUITS NON COURANTS / Reprises non courantes / Reprises non courantes sur provisions réglementées / Reprises sur amortissements dérogatoires,missing_root_type
,Reprises sur plus-values en instance d'imposition,,unspecified,,0,,COMPTES DE GESTION / COMPTES DE PRODUITS / PRODUITS NON COURANTS / Reprises non courantes / Reprises non courantes sur provisions réglementées,,,,COMPTES DE GESTION / COMPTES DE PRODUITS / PRODUITS NON COURANTS / Reprises non courantes / Reprises non courantes sur provisions réglementées / Reprises sur plus-values en instance d'imposition,missing_root_type
,Reprises sur provisions pour acquisition et construction de logements,,unspecified,,0,,COMPTES DE GESTION / COMPTES DE PRODUITS / PRODUITS NON COURANTS / Reprises non courantes / Reprises non courantes sur provisions réglementées,,,,COMPTES DE GESTION / COMPTES DE PRODUITS / PRODUITS NON COURANTS / Reprises non courantes / Reprises non courantes sur provisions réglementées / Reprises sur provisions pour acquisition et construction de logements,missing_root_type
,Reprises sur provisions pour investissements,,unspecified,,0,,COMPTES DE GESTION / COMPTES DE PRODUITS / PRODUITS NON COURANTS / Reprises non courantes / Reprises non courantes sur provisions réglementées,,,,COMPTES DE GESTION / COMPTES DE PRODUITS / PRODUITS NON COURANTS / Reprises non courantes / Reprises non courantes sur provisions réglementées / Reprises sur provisions pour investissements,missing_root_type
,Reprises sur provisions pour reconstitution de gisements,,unspecified,,0,,COMPTES DE GESTION / COMPTES DE PRODUITS / PRODUITS NON COURANTS / Reprises non courantes / Reprises non courantes sur provisions réglementées,,,,COMPTES DE GESTION / COMPTES DE PRODUITS / PRODUITS NON COURANTS / Reprises non courantes / Reprises non courantes sur provisions réglementées / Reprises sur provisions pour reconstitution de gisements,missing_root_type
,Transferts de charges non courantes,,unspecified,,0,,COMPTES DE GESTION / COMPTES DE PRODUITS / PRODUITS NON COURANTS / Reprises non courantes,,,,COMPTES DE GESTION / COMPTES DE PRODUITS / PRODUITS NON COURANTS / Reprises non courantes / Transferts de charges non courantes,missing_root_type
,Subventions d'équilibre,,group,,1,,COMPTES DE GESTION / COMPTES DE PRODUITS / PRODUITS NON COURANTS,,,,COMPTES DE GESTION / COMPTES DE PRODUITS / PRODUITS NON COURANTS / Subventions d'équilibre,missing_root_type
,Subventions d'équilibre reçues de l'exercice,,unspecified,,0,,COMPTES DE GESTION / COMPTES DE PRODUITS / PRODUITS NON COURANTS / Subventions d'équilibre,,,,COMPTES DE GESTION / COMPTES DE PRODUITS / PRODUITS NON COURANTS / Subventions d'équilibre / Subventions d'équilibre reçues de l'exercice,missing_root_type
,Subventions d'équilibre reçues des exercices antérieurs,,unspecified,,0,,COMPTES DE GESTION / COMPTES DE PRODUITS / PRODUITS NON COURANTS / Subventions d'équilibre,,,,COMPTES DE GESTION / COMPTES DE PRODUITS / PRODUITS NON COURANTS / Subventions d'équilibre / Subventions d'équilibre reçues des exercices antérieurs,missing_root_type
,COMPTES DE RESULTATS,,group,,1,,,,,,COMPTES DE RESULTATS,missing_root_type
,RESULTAT APRES IMPOTS,,unspecified,,0,,COMPTES DE RESULTATS,,,,COMPTES DE RESULTATS / RESULTAT APRES IMPOTS,missing_root_type
,RESULTAT AVANT IMPOTS,,unspecified,,0,,COMPTES DE RESULTATS,,,,COMPTES DE RESULTATS / RESULTAT AVANT IMPOTS,missing_root_type
,RESULTAT COURANT,,unspecified,,0,,COMPTES DE RESULTATS,,,,COMPTES DE RESULTATS / RESULTAT COURANT,missing_root_type
,RESULTAT D'EXPLOITATION,,group,,1,,COMPTES DE RESULTATS,,,,COMPTES DE RESULTATS / RESULTAT D'EXPLOITATION,missing_root_type
,Excédent brut d'exploitation,,group,,1,,COMPTES DE RESULTATS / RESULTAT D'EXPLOITATION,,,,COMPTES DE RESULTATS / RESULTAT D'EXPLOITATION / Excédent brut d'exploitation,missing_root_type
,Excédent brut d'exploitation (créditeur),,unspecified,,0,,COMPTES DE RESULTATS / RESULTAT D'EXPLOITATION / Excédent brut d'exploitation,,,,COMPTES DE RESULTATS / RESULTAT D'EXPLOITATION / Excédent brut d'exploitation / Excédent brut d'exploitation (créditeur),missing_root_type
,Insuffisance brute d'exploitation (débiteur),,unspecified,,0,,COMPTES DE RESULTATS / RESULTAT D'EXPLOITATION / Excédent brut d'exploitation,,,,COMPTES DE RESULTATS / RESULTAT D'EXPLOITATION / Excédent brut d'exploitation / Insuffisance brute d'exploitation (débiteur),missing_root_type
,Marge brute,,unspecified,,0,,COMPTES DE RESULTATS / RESULTAT D'EXPLOITATION,,,,COMPTES DE RESULTATS / RESULTAT D'EXPLOITATION / Marge brute,missing_root_type
,Résultat d'exploitation,,unspecified,,0,,COMPTES DE RESULTATS / RESULTAT D'EXPLOITATION,,,,COMPTES DE RESULTATS / RESULTAT D'EXPLOITATION / Résultat d'exploitation,missing_root_type
,Valeur ajoutée,,unspecified,,0,,COMPTES DE RESULTATS / RESULTAT D'EXPLOITATION,,,,COMPTES DE RESULTATS / RESULTAT D'EXPLOITATION / Valeur ajoutée,missing_root_type
,RESULTAT FINANCIER,,unspecified,,0,,COMPTES DE RESULTATS,,,,COMPTES DE RESULTATS / RESULTAT FINANCIER,missing_root_type
,RESULTAT NON COURANT,,unspecified,,0,,COMPTES DE RESULTATS,,,,COMPTES DE RESULTATS / RESULTAT NON COURANT,missing_root_type
