code,name,root_type,subtype,normal_balance,is_group,role_hint,parent_path,source_type,reconcile,description,source_id,flags
,"Capital, reservas e resultados transitados",,group,,1,,,,,,"Capital, reservas e resultados transitados",missing_root_type
,Acções (quotas) próprias,,group,,1,,"Capital, reservas e resultados transitados",,,,"Capital, reservas e resultados transitados / Acções (quotas) próprias",missing_root_type
,Descontos e prémios,,unspecified,,0,,"Capital, reservas e resultados transitados / Acções (quotas) próprias",,,,"Capital, reservas e resultados transitados / Acções (quotas) próprias / Descontos e prémios",missing_root_type
,Valor nominal,,unspecified,,0,,"Capital, reservas e resultados transitados / Acções (quotas) próprias",,,,"Capital, reservas e resultados transitados / Acções (quotas) próprias / Valor nominal",missing_root_type
,Ajustamentos em activos financeiros,,group,,1,,"Capital, reservas e resultados transitados",,,,"Capital, reservas e resultados transitados / Ajustamentos em activos financeiros",missing_root_type
,Outros,,unspecified,,0,,"Capital, reservas e resultados transitados / Ajustamentos em activos financeiros",,,,"Capital, reservas e resultados transitados / Ajustamentos em activos financeiros / Outros",missing_root_type
,Relacionados com o método da equivalência patrimonial,,group,,1,,"Capital, reservas e resultados transitados / Ajustamentos em activos financeiros",,,,"Capital, reservas e resultados transitados / Ajustamentos em activos financeiros / Relacionados com o método da equivalência patrimonial",missing_root_type
,Ajustamentos de transição,,unspecified,,0,,"Capital, reservas e resultados transitados / Ajustamentos em activos financeiros / Relacionados com o método da equivalência patrimonial",,,,"Capital, reservas e resultados transitados / Ajustamentos em activos financeiros / Relacionados com o método da equivalência patrimonial / Ajustamentos de transição",missing_root_type
,Decorrentes de outras variações nos capitais próprios d,,unspecified,,0,,"Capital, reservas e resultados transitados / Ajustamentos em activos financeiros / Relacionados com o método da equivalência patrimonial",,,,"Capital, reservas e resultados transitados / Ajustamentos em activos financeiros / Relacionados com o método da equivalência patrimonial / Decorrentes de outras variações nos capitais próprios d",missing_root_type
,Lucros não atribuídos,,unspecified,,0,,"Capital, reservas e resultados transitados / Ajustamentos em activos financeiros / Relacionados com o método da equivalência patrimonial",,,,"Capital, reservas e resultados transitados / Ajustamentos em activos financeiros / Relacionados com o método da equivalência patrimonial / Lucros não atribuídos",missing_root_type
,Capital,,unspecified,,0,,"Capital, reservas e resultados transitados",,,,"Capital, reservas e resultados transitados / Capital",missing_root_type
,Excedentes de revalor. de activos fixos tangíveis e int,,group,,1,,"Capital, reservas e resultados transitados",,,,"Capital, reservas e resultados transitados / Excedentes de revalor. de activos fixos tangíveis e int",missing_root_type
,Outros excedentes,,group,,1,,"Capital, reservas e resultados transitados / Excedentes de revalor. de activos fixos tangíveis e int",,,,"Capital, reservas e resultados transitados / Excedentes de revalor. de activos fixos tangíveis e int / Outros excedentes",missing_root_type
,Antes de imposto sobre o rendimento,,unspecified,,0,,"Capital, reservas e resultados transitados / Excedentes de revalor. de activos fixos tangíveis e int / Outros excedentes",,,,"Capital, reservas e resultados transitados / Excedentes de revalor. de activos fixos tangíveis e int / Outros excedentes / Antes de imposto sobre o rendimento",missing_root_type
,Impostos diferidos,,unspecified,,0,,"Capital, reservas e resultados transitados / Excedentes de revalor. de activos fixos tangíveis e int / Outros excedentes",,,,"Capital, reservas e resultados transitados / Excedentes de revalor. de activos fixos tangíveis e int / Outros excedentes / Impostos diferidos",missing_root_type
,Reavaliações decorrentes de diplomas legais,,group,,1,,"Capital, reservas e resultados transitados / Excedentes de revalor. de activos fixos tangíveis e int",,,,"Capital, reservas e resultados transitados / Excedentes de revalor. de activos fixos tangíveis e int / Reavaliações decorrentes de diplomas legais",missing_root_type
,Antes de imposto sobre o rendimento,,unspecified,,0,,"Capital, reservas e resultados transitados / Excedentes de revalor. de activos fixos tangíveis e int / Reavaliações decorrentes de diplomas legais",,,,"Capital, reservas e resultados transitados / Excedentes de revalor. de activos fixos tangíveis e int / Reavaliações decorrentes de diplomas legais / Antes de imposto sobre o rendimento",missing_root_type
,Impostos diferidos,,unspecified,,0,,"Capital, reservas e resultados transitados / Excedentes de revalor. de activos fixos tangíveis e int / Reavaliações decorrentes de diplomas legais",,,,"Capital, reservas e resultados transitados / Excedentes de revalor. de activos fixos tangíveis e int / Reavaliações decorrentes de diplomas legais / Impostos diferidos",missing_root_type
,Outras variações no capital próprio,,group,,1,,"Capital, reservas e resultados transitados",,,,"Capital, reservas e resultados transitados / Outras variações no capital próprio",missing_root_type
,Ajustamentos por impostos diferidos,,unspecified,,0,,"Capital, reservas e resultados transitados / Outras variações no capital próprio",,,,"Capital, reservas e resultados transitados / Outras variações no capital próprio / Ajustamentos por impostos diferidos",missing_root_type
,Diferenças de conversão de demonstrações financeiras,,unspecified,,0,,"Capital, reservas e resultados transitados / Outras variações no capital próprio",,,,"Capital, reservas e resultados transitados / Outras variações no capital próprio / Diferenças de conversão de demonstrações financeiras",missing_root_type
,Doações,,unspecified,,0,,"Capital, reservas e resultados transitados / Outras variações no capital próprio",,,,"Capital, reservas e resultados transitados / Outras variações no capital próprio / Doações",missing_root_type
,Outras,,unspecified,,0,,"Capital, reservas e resultados transitados / Outras variações no capital próprio",,,,"Capital, reservas e resultados transitados / Outras variações no capital próprio / Outras",missing_root_type
,Subsídios,,unspecified,,0,,"Capital, reservas e resultados transitados / Outras variações no capital próprio",,,,"Capital, reservas e resultados transitados / Outras variações no capital próprio / Subsídios",missing_root_type
,Outros instrumentos de capital próprio,,unspecified,,0,,"Capital, reservas e resultados transitados",,,,"Capital, reservas e resultados transitados / Outros instrumentos de capital próprio",missing_root_type
,Prémios de emissão,,unspecified,,0,,"Capital, reservas e resultados transitados",,,,"Capital, reservas e resultados transitados / Prémios de emissão",missing_root_type
,Reservas,,group,,1,,"Capital, reservas e resultados transitados",,,,"Capital, reservas e resultados transitados / Reservas",missing_root_type
,Outras reservas,,unspecified,,0,,"Capital, reservas e resultados transitados / Reservas",,,,"Capital, reservas e resultados transitados / Reservas / Outras reservas",missing_root_type
,Reservas legais,,unspecified,,0,,"Capital, reservas e resultados transitados / Reservas",,,,"Capital, reservas e resultados transitados / Reservas / Reservas legais",missing_root_type
,Resultados transitados,,unspecified,,0,,"Capital, reservas e resultados transitados",,,,"Capital, reservas e resultados transitados / Resultados transitados",missing_root_type
,Contas a receber e a pagar,,group,,1,,,,,,Contas a receber e a pagar,missing_root_type
,Accionistas/sócios,,equity,,1,,Contas a receber e a pagar,Equity,,,Contas a receber e a pagar / Accionistas/sócios,missing_root_type
,Accionistas c. subscrição,,equity,,0,,Contas a receber e a pagar / Accionistas/sócios,Equity,,,Contas a receber e a pagar / Accionistas/sócios / Accionistas c. subscrição,missing_root_type
,Adiantamentos por conta de lucros,,equity,,0,,Contas a receber e a pagar / Accionistas/sócios,Equity,,,Contas a receber e a pagar / Accionistas/sócios / Adiantamentos por conta de lucros,missing_root_type
,Empréstimos concedidos empresa mãe,,equity,,0,,Contas a receber e a pagar / Accionistas/sócios,Equity,,,Contas a receber e a pagar / Accionistas/sócios / Empréstimos concedidos empresa mãe,missing_root_type
,Lucros disponíveis,,equity,,0,,Contas a receber e a pagar / Accionistas/sócios,Equity,,,Contas a receber e a pagar / Accionistas/sócios / Lucros disponíveis,missing_root_type
,Outras operações,,equity,,0,,Contas a receber e a pagar / Accionistas/sócios,Equity,,,Contas a receber e a pagar / Accionistas/sócios / Outras operações,missing_root_type
,Perdas por imparidade acumuladas,,equity,,0,,Contas a receber e a pagar / Accionistas/sócios,Equity,,,Contas a receber e a pagar / Accionistas/sócios / Perdas por imparidade acumuladas,missing_root_type
,Quotas não liberadas,,equity,,0,,Contas a receber e a pagar / Accionistas/sócios,Equity,,,Contas a receber e a pagar / Accionistas/sócios / Quotas não liberadas,missing_root_type
,Resultados atribuídos,,equity,,0,,Contas a receber e a pagar / Accionistas/sócios,Equity,,,Contas a receber e a pagar / Accionistas/sócios / Resultados atribuídos,missing_root_type
,Clientes,,receivable,,1,,Contas a receber e a pagar,Receivable,,,Contas a receber e a pagar / Clientes,missing_root_type
,Adiantamentos de clientes,,receivable,,0,receivables,Contas a receber e a pagar / Clientes,Receivable,,,Contas a receber e a pagar / Clientes / Adiantamentos de clientes,missing_root_type
,Clientes c/c,,receivable,,1,,Contas a receber e a pagar / Clientes,Receivable,,,Contas a receber e a pagar / Clientes / Clientes c/c,missing_root_type
,Clientes empreendimentos conjuntos,,receivable,,0,receivables,Contas a receber e a pagar / Clientes / Clientes c/c,Receivable,,,Contas a receber e a pagar / Clientes / Clientes c/c / Clientes empreendimentos conjuntos,missing_root_type
,Clientes empresa mãe,,receivable,,0,receivables,Contas a receber e a pagar / Clientes / Clientes c/c,Receivable,,,Contas a receber e a pagar / Clientes / Clientes c/c / Clientes empresa mãe,missing_root_type
,Clientes empresas associadas,,receivable,,0,receivables,Contas a receber e a pagar / Clientes / Clientes c/c,Receivable,,,Contas a receber e a pagar / Clientes / Clientes c/c / Clientes empresas associadas,missing_root_type
,Clientes empresas subsidiárias,,receivable,,0,receivables,Contas a receber e a pagar / Clientes / Clientes c/c,Receivable,,,Contas a receber e a pagar / Clientes / Clientes c/c / Clientes empresas subsidiárias,missing_root_type
,Clientes gerais,,receivable,,0,receivables,Contas a receber e a pagar / Clientes / Clientes c/c,Receivable,,,Contas a receber e a pagar / Clientes / Clientes c/c / Clientes gerais,missing_root_type
,Clientes outras partes relacionadas,,receivable,,0,receivables,Contas a receber e a pagar / Clientes / Clientes c/c,Receivable,,,Contas a receber e a pagar / Clientes / Clientes c/c / Clientes outras partes relacionadas,missing_root_type
,Clientes títulos a receber,,receivable,,1,,Contas a receber e a pagar / Clientes,Receivable,,,Contas a receber e a pagar / Clientes / Clientes títulos a receber,missing_root_type
,Clientes empreendimentos conjuntos,,receivable,,0,receivables,Contas a receber e a pagar / Clientes / Clientes títulos a receber,Receivable,,,Contas a receber e a pagar / Clientes / Clientes títulos a receber / Clientes empreendimentos conjuntos,missing_root_type
,Clientes empresa mãe,,receivable,,0,receivables,Contas a receber e a pagar / Clientes / Clientes títulos a receber,Receivable,,,Contas a receber e a pagar / Clientes / Clientes títulos a receber / Clientes empresa mãe,missing_root_type
,Clientes empresas associadas,,receivable,,0,receivables,Contas a receber e a pagar / Clientes / Clientes títulos a receber,Receivable,,,Contas a receber e a pagar / Clientes / Clientes títulos a receber / Clientes empresas associadas,missing_root_type
,Clientes empresas subsidiárias,,receivable,,0,receivables,Contas a receber e a pagar / Clientes / Clientes títulos a receber,Receivable,,,Contas a receber e a pagar / Clientes / Clientes títulos a receber / Clientes empresas subsidiárias,missing_root_type
,Clientes gerais,,receivable,,0,receivables,Contas a receber e a pagar / Clientes / Clientes títulos a receber,Receivable,,,Contas a receber e a pagar / Clientes / Clientes títulos a receber / Clientes gerais,missing_root_type
,Clientes outras partes relacionadas,,receivable,,0,receivables,Contas a receber e a pagar / Clientes / Clientes títulos a receber,Receivable,,,Contas a receber e a pagar / Clientes / Clientes títulos a receber / Clientes outras partes relacionadas,missing_root_type
,Perdas por imparidade acumuladas,,receivable,,0,receivables,Contas a receber e a pagar / Clientes,Receivable,,,Contas a receber e a pagar / Clientes / Perdas por imparidade acumuladas,missing_root_type
,Diferimentos,,equity,,1,,Contas a receber e a pagar,Equity,,,Contas a receber e a pagar / Diferimentos,missing_root_type
,Gastos a reconhecer,,equity,,0,,Contas a receber e a pagar / Diferimentos,Equity,,,Contas a receber e a pagar / Diferimentos / Gastos a reconhecer,missing_root_type
,Rendimentos a reconhecer,,equity,,0,,Contas a receber e a pagar / Diferimentos,Equity,,,Contas a receber e a pagar / Diferimentos / Rendimentos a reconhecer,missing_root_type
,Estado e outros entes públicos,,tax,,1,,Contas a receber e a pagar,Tax,,,Contas a receber e a pagar / Estado e outros entes públicos,missing_root_type
,Contribuições para a segurança social,,tax,,0,,Contas a receber e a pagar / Estado e outros entes públicos,Tax,,,Contas a receber e a pagar / Estado e outros entes públicos / Contribuições para a segurança social,missing_root_type
,Imposto sobre o rendimento,,tax,,0,,Contas a receber e a pagar / Estado e outros entes públicos,Tax,,,Contas a receber e a pagar / Estado e outros entes públicos / Imposto sobre o rendimento,missing_root_type
,Imposto sobre o valor acrescentado,,tax,,1,,Contas a receber e a pagar / Estado e outros entes públicos,Tax,,,Contas a receber e a pagar / Estado e outros entes públicos / Imposto sobre o valor acrescentado,missing_root_type
,Iva a pagar,,tax,,0,,Contas a receber e a pagar / Estado e outros entes públicos / Imposto sobre o valor acrescentado,Tax,,,Contas a receber e a pagar / Estado e outros entes públicos / Imposto sobre o valor acrescentado / Iva a pagar,missing_root_type
,Iva a recuperar,,tax,,0,,Contas a receber e a pagar / Estado e outros entes públicos / Imposto sobre o valor acrescentado,Tax,,,Contas a receber e a pagar / Estado e outros entes públicos / Imposto sobre o valor acrescentado / Iva a recuperar,missing_root_type
,Iva apuramento,,tax,,0,,Contas a receber e a pagar / Estado e outros entes públicos / Imposto sobre o valor acrescentado,Tax,,,Contas a receber e a pagar / Estado e outros entes públicos / Imposto sobre o valor acrescentado / Iva apuramento,missing_root_type
,Iva dedutível,,tax,,0,,Contas a receber e a pagar / Estado e outros entes públicos / Imposto sobre o valor acrescentado,Tax,,,Contas a receber e a pagar / Estado e outros entes públicos / Imposto sobre o valor acrescentado / Iva dedutível,missing_root_type
,Iva liquidado,,tax,,0,,Contas a receber e a pagar / Estado e outros entes públicos / Imposto sobre o valor acrescentado,Tax,,,Contas a receber e a pagar / Estado e outros entes públicos / Imposto sobre o valor acrescentado / Iva liquidado,missing_root_type
,Iva liquidações oficiosas,,tax,,0,,Contas a receber e a pagar / Estado e outros entes públicos / Imposto sobre o valor acrescentado,Tax,,,Contas a receber e a pagar / Estado e outros entes públicos / Imposto sobre o valor acrescentado / Iva liquidações oficiosas,missing_root_type
,Iva reembolsos pedidos,,tax,,0,,Contas a receber e a pagar / Estado e outros entes públicos / Imposto sobre o valor acrescentado,Tax,,,Contas a receber e a pagar / Estado e outros entes públicos / Imposto sobre o valor acrescentado / Iva reembolsos pedidos,missing_root_type
,Iva regularizações,,tax,,0,,Contas a receber e a pagar / Estado e outros entes públicos / Imposto sobre o valor acrescentado,Tax,,,Contas a receber e a pagar / Estado e outros entes públicos / Imposto sobre o valor acrescentado / Iva regularizações,missing_root_type
,Iva suportado,,tax,,0,,Contas a receber e a pagar / Estado e outros entes públicos / Imposto sobre o valor acrescentado,Tax,,,Contas a receber e a pagar / Estado e outros entes públicos / Imposto sobre o valor acrescentado / Iva suportado,missing_root_type
,Outras tributações,,tax,,0,,Contas a receber e a pagar / Estado e outros entes públicos,Tax,,,Contas a receber e a pagar / Estado e outros entes públicos / Outras tributações,missing_root_type
,Outros impostos,,tax,,0,,Contas a receber e a pagar / Estado e outros entes públicos,Tax,,,Contas a receber e a pagar / Estado e outros entes públicos / Outros impostos,missing_root_type
,Retenção de impostos sobre rendimentos,,tax,,0,,Contas a receber e a pagar / Estado e outros entes públicos,Tax,,,Contas a receber e a pagar / Estado e outros entes públicos / Retenção de impostos sobre rendimentos,missing_root_type
,Tributos das autarquias locais,,tax,,0,,Contas a receber e a pagar / Estado e outros entes públicos,Tax,,,Contas a receber e a pagar / Estado e outros entes públicos / Tributos das autarquias locais,missing_root_type
,Financiamentos obtidos,,equity,,1,,Contas a receber e a pagar,Equity,,,Contas a receber e a pagar / Financiamentos obtidos,missing_root_type
,Instituições de crédito e sociedades financeiras,,equity,,1,,Contas a receber e a pagar / Financiamentos obtidos,Equity,,,Contas a receber e a pagar / Financiamentos obtidos / Instituições de crédito e sociedades financeiras,missing_root_type
,Descobertos bancários,,equity,,0,,Contas a receber e a pagar / Financiamentos obtidos / Instituições de crédito e sociedades financeiras,Equity,,,Contas a receber e a pagar / Financiamentos obtidos / Instituições de crédito e sociedades financeiras / Descobertos bancários,missing_root_type
,Empréstimos bancários,,equity,,0,,Contas a receber e a pagar / Financiamentos obtidos / Instituições de crédito e sociedades financeiras,Equity,,,Contas a receber e a pagar / Financiamentos obtidos / Instituições de crédito e sociedades financeiras / Empréstimos bancários,missing_root_type
,Locações financeiras,,equity,,0,,Contas a receber e a pagar / Financiamentos obtidos / Instituições de crédito e sociedades financeiras,Equity,,,Contas a receber e a pagar / Financiamentos obtidos / Instituições de crédito e sociedades financeiras / Locações financeiras,missing_root_type
,Mercado de valores mobiliários,,equity,,1,,Contas a receber e a pagar / Financiamentos obtidos,Equity,,,Contas a receber e a pagar / Financiamentos obtidos / Mercado de valores mobiliários,missing_root_type
,Empréstimos por obrigações,,equity,,0,,Contas a receber e a pagar / Financiamentos obtidos / Mercado de valores mobiliários,Equity,,,Contas a receber e a pagar / Financiamentos obtidos / Mercado de valores mobiliários / Empréstimos por obrigações,missing_root_type
,Outros financiadores,,equity,,0,,Contas a receber e a pagar / Financiamentos obtidos,Equity,,,Contas a receber e a pagar / Financiamentos obtidos / Outros financiadores,missing_root_type
,Participantes de capital,,equity,,1,,Contas a receber e a pagar / Financiamentos obtidos,Equity,,,Contas a receber e a pagar / Financiamentos obtidos / Participantes de capital,missing_root_type
,Empresa mãe suprimentos e outros mútuos,,equity,,0,,Contas a receber e a pagar / Financiamentos obtidos / Participantes de capital,Equity,,,Contas a receber e a pagar / Financiamentos obtidos / Participantes de capital / Empresa mãe suprimentos e outros mútuos,missing_root_type
,Outros participantes suprimentos e outros mútuos,,equity,,0,,Contas a receber e a pagar / Financiamentos obtidos / Participantes de capital,Equity,,,Contas a receber e a pagar / Financiamentos obtidos / Participantes de capital / Outros participantes suprimentos e outros mútuos,missing_root_type
,"Subsidiárias, associadas e empreendimentos conjuntos",,equity,,0,,Contas a receber e a pagar / Financiamentos obtidos,Equity,,,"Contas a receber e a pagar / Financiamentos obtidos / Subsidiárias, associadas e empreendimentos conjuntos",missing_root_type
,Fornecedores,,payable,,1,,Contas a receber e a pagar,Payable,,,Contas a receber e a pagar / Fornecedores,missing_root_type
,Adiantamentos a fornecedores,,payable,,0,payables,Contas a receber e a pagar / Fornecedores,Payable,,,Contas a receber e a pagar / Fornecedores / Adiantamentos a fornecedores,missing_root_type
,Facturas em recepção e conferência,,payable,,0,payables,Contas a receber e a pagar / Fornecedores,Payable,,,Contas a receber e a pagar / Fornecedores / Facturas em recepção e conferência,missing_root_type
,Fornecedores c/c,,payable,,1,,Contas a receber e a pagar / Fornecedores,Payable,,,Contas a receber e a pagar / Fornecedores / Fornecedores c/c,missing_root_type
,Fornecedores empreendimentos conjuntos,,payable,,0,payables,Contas a receber e a pagar / Fornecedores / Fornecedores c/c,Payable,,,Contas a receber e a pagar / Fornecedores / Fornecedores c/c / Fornecedores empreendimentos conjuntos,missing_root_type
,Fornecedores empresa mãe,,payable,,0,payables,Contas a receber e a pagar / Fornecedores / Fornecedores c/c,Payable,,,Contas a receber e a pagar / Fornecedores / Fornecedores c/c / Fornecedores empresa mãe,missing_root_type
,Fornecedores empresas associadas,,payable,,0,payables,Contas a receber e a pagar / Fornecedores / Fornecedores c/c,Payable,,,Contas a receber e a pagar / Fornecedores / Fornecedores c/c / Fornecedores empresas associadas,missing_root_type
,Fornecedores empresas subsidiárias,,payable,,0,payables,Contas a receber e a pagar / Fornecedores / Fornecedores c/c,Payable,,,Contas a receber e a pagar / Fornecedores / Fornecedores c/c / Fornecedores empresas subsidiárias,missing_root_type
,Fornecedores gerais,,payable,,0,payables,Contas a receber e a pagar / Fornecedores / Fornecedores c/c,Payable,,,Contas a receber e a pagar / Fornecedores / Fornecedores c/c / Fornecedores gerais,missing_root_type
,Fornecedores outras partes relacionadas,,payable,,0,payables,Contas a receber e a pagar / Fornecedores / Fornecedores c/c,Payable,,,Contas a receber e a pagar / Fornecedores / Fornecedores c/c / Fornecedores outras partes relacionadas,missing_root_type
,Fornecedores títulos a pagar,,payable,,1,,Contas a receber e a pagar / Fornecedores,Payable,,,Contas a receber e a pagar / Fornecedores / Fornecedores títulos a pagar,missing_root_type
,Fornecedores empreendimentos conjuntos,,payable,,0,payables,Contas a receber e a pagar / Fornecedores / Fornecedores títulos a pagar,Payable,,,Contas a receber e a pagar / Fornecedores / Fornecedores títulos a pagar / Fornecedores empreendimentos conjuntos,missing_root_type
,Fornecedores empresa mãe,,payable,,0,payables,Contas a receber e a pagar / Fornecedores / Fornecedores títulos a pagar,Payable,,,Contas a receber e a pagar / Fornecedores / Fornecedores títulos a pagar / Fornecedores empresa mãe,missing_root_type
,Fornecedores empresas associadas,,payable,,0,payables,Contas a receber e a pagar / Fornecedores / Fornecedores títulos a pagar,Payable,,,Contas a receber e a pagar / Fornecedores / Fornecedores títulos a pagar / Fornecedores empresas associadas,missing_root_type
,Fornecedores empresas subsidiárias,,payable,,0,payables,Contas a receber e a pagar / Fornecedores / Fornecedores títulos a pagar,Payable,,,Contas a receber e a pagar / Fornecedores / Fornecedores títulos a pagar / Fornecedores empresas subsidiárias,missing_root_type
,Fornecedores gerais,,payable,,0,payables,Contas a receber e a pagar / Fornecedores / Fornecedores títulos a pagar,Payable,,,Contas a receber e a pagar / Fornecedores / Fornecedores títulos a pagar / Fornecedores gerais,missing_root_type
,Fornecedores outras partes relacionadas,,payable,,0,payables,Contas a receber e a pagar / Fornecedores / Fornecedores títulos a pagar,Payable,,,Contas a receber e a pagar / Fornecedores / Fornecedores títulos a pagar / Fornecedores outras partes relacionadas,missing_root_type
,Perdas por imparidade acumuladas,,payable,,0,payables,Contas a receber e a pagar / Fornecedores,Payable,,,Contas a receber e a pagar / Fornecedores / Perdas por imparidade acumuladas,missing_root_type
,Outras contas a receber e a pagar,,equity,,1,,Contas a receber e a pagar,Equity,,,Contas a receber e a pagar / Outras contas a receber e a pagar,missing_root_type
,Adiantamentos por conta de vendas,,equity,,0,,Contas a receber e a pagar / Outras contas a receber e a pagar,Equity,,,Contas a receber e a pagar / Outras contas a receber e a pagar / Adiantamentos por conta de vendas,missing_root_type
,Benefícios pós emprego,,equity,,0,,Contas a receber e a pagar / Outras contas a receber e a pagar,Equity,,,Contas a receber e a pagar / Outras contas a receber e a pagar / Benefícios pós emprego,missing_root_type
,Credores por subscrições não liberadas,,equity,,0,,Contas a receber e a pagar / Outras contas a receber e a pagar,Equity,,,Contas a receber e a pagar / Outras contas a receber e a pagar / Credores por subscrições não liberadas,missing_root_type
,Devedores e credores por acréscimos,,equity,,1,,Contas a receber e a pagar / Outras contas a receber e a pagar,Equity,,,Contas a receber e a pagar / Outras contas a receber e a pagar / Devedores e credores por acréscimos,missing_root_type
,Credores por acréscimos de gastos,,equity,,0,,Contas a receber e a pagar / Outras contas a receber e a pagar / Devedores e credores por acréscimos,Equity,,,Contas a receber e a pagar / Outras contas a receber e a pagar / Devedores e credores por acréscimos / Credores por acréscimos de gastos,missing_root_type
,Devedores por acréscimo de rendimentos,,equity,,0,,Contas a receber e a pagar / Outras contas a receber e a pagar / Devedores e credores por acréscimos,Equity,,,Contas a receber e a pagar / Outras contas a receber e a pagar / Devedores e credores por acréscimos / Devedores por acréscimo de rendimentos,missing_root_type
,Fornecedores de investimentos,,equity,,1,,Contas a receber e a pagar / Outras contas a receber e a pagar,Equity,,,Contas a receber e a pagar / Outras contas a receber e a pagar / Fornecedores de investimentos,missing_root_type
,Adiantamentos a fornecedores de investimentos,,equity,,0,,Contas a receber e a pagar / Outras contas a receber e a pagar / Fornecedores de investimentos,Equity,,,Contas a receber e a pagar / Outras contas a receber e a pagar / Fornecedores de investimentos / Adiantamentos a fornecedores de investimentos,missing_root_type
,Facturas em recepção e conferência,,equity,,0,,Contas a receber e a pagar / Outras contas a receber e a pagar / Fornecedores de investimentos,Equity,,,Contas a receber e a pagar / Outras contas a receber e a pagar / Fornecedores de investimentos / Facturas em recepção e conferência,missing_root_type
,Fornecedores de investimentos contas gerais,,equity,,0,,Contas a receber e a pagar / Outras contas a receber e a pagar / Fornecedores de investimentos,Equity,,,Contas a receber e a pagar / Outras contas a receber e a pagar / Fornecedores de investimentos / Fornecedores de investimentos contas gerais,missing_root_type
,Impostos diferidos,,equity,,1,,Contas a receber e a pagar / Outras contas a receber e a pagar,Equity,,,Contas a receber e a pagar / Outras contas a receber e a pagar / Impostos diferidos,missing_root_type
,Activos por impostos diferidos,,equity,,0,,Contas a receber e a pagar / Outras contas a receber e a pagar / Impostos diferidos,Equity,,,Contas a receber e a pagar / Outras contas a receber e a pagar / Impostos diferidos / Activos por impostos diferidos,missing_root_type
,Passivos por impostos diferidos,,equity,,0,,Contas a receber e a pagar / Outras contas a receber e a pagar / Impostos diferidos,Equity,,,Contas a receber e a pagar / Outras contas a receber e a pagar / Impostos diferidos / Passivos por impostos diferidos,missing_root_type
,Outros devedores e credores,,equity,,0,,Contas a receber e a pagar / Outras contas a receber e a pagar,Equity,,,Contas a receber e a pagar / Outras contas a receber e a pagar / Outros devedores e credores,missing_root_type
,Perdas por imparidade acumuladas,,equity,,0,,Contas a receber e a pagar / Outras contas a receber e a pagar,Equity,,,Contas a receber e a pagar / Outras contas a receber e a pagar / Perdas por imparidade acumuladas,missing_root_type
,Pessoal,,payable,,1,,Contas a receber e a pagar,Payable,,,Contas a receber e a pagar / Pessoal,missing_root_type
,Adiantamentos,,payable,,1,,Contas a receber e a pagar / Pessoal,Payable,,,Contas a receber e a pagar / Pessoal / Adiantamentos,missing_root_type
,Ao pessoal,,payable,,0,payables,Contas a receber e a pagar / Pessoal / Adiantamentos,Payable,,,Contas a receber e a pagar / Pessoal / Adiantamentos / Ao pessoal,missing_root_type
,Aos órgãos sociais,,payable,,0,payables,Contas a receber e a pagar / Pessoal / Adiantamentos,Payable,,,Contas a receber e a pagar / Pessoal / Adiantamentos / Aos órgãos sociais,missing_root_type
,Cauções,,payable,,1,,Contas a receber e a pagar / Pessoal,Payable,,,Contas a receber e a pagar / Pessoal / Cauções,missing_root_type
,Do pessoal,,payable,,0,payables,Contas a receber e a pagar / Pessoal / Cauções,Payable,,,Contas a receber e a pagar / Pessoal / Cauções / Do pessoal,missing_root_type
,Dos órgãos sociais,,payable,,0,payables,Contas a receber e a pagar / Pessoal / Cauções,Payable,,,Contas a receber e a pagar / Pessoal / Cauções / Dos órgãos sociais,missing_root_type
,Outras operações,,payable,,1,,Contas a receber e a pagar / Pessoal,Payable,,,Contas a receber e a pagar / Pessoal / Outras operações,missing_root_type
,Com o pessoal,,payable,,0,payables,Contas a receber e a pagar / Pessoal / Outras operações,Payable,,,Contas a receber e a pagar / Pessoal / Outras operações / Com o pessoal,missing_root_type
,Com os órgãos sociais,,payable,,0,payables,Contas a receber e a pagar / Pessoal / Outras operações,Payable,,,Contas a receber e a pagar / Pessoal / Outras operações / Com os órgãos sociais,missing_root_type
,Perdas por imparidade acumuladas,,payable,,0,payables,Contas a receber e a pagar / Pessoal,Payable,,,Contas a receber e a pagar / Pessoal / Perdas por imparidade acumuladas,missing_root_type
,Remunerações a pagar,,payable,,1,,Contas a receber e a pagar / Pessoal,Payable,,,Contas a receber e a pagar / Pessoal / Remunerações a pagar,missing_root_type
,Ao pessoal,,payable,,0,payables,Contas a receber e a pagar / Pessoal / Remunerações a pagar,Payable,,,Contas a receber e a pagar / Pessoal / Remunerações a pagar / Ao pessoal,missing_root_type
,Aos órgãos sociais,,payable,,0,payables,Contas a receber e a pagar / Pessoal / Remunerações a pagar,Payable,,,Contas a receber e a pagar / Pessoal / Remunerações a pagar / Aos órgãos sociais,missing_root_type
,Provisões,,equity,,1,,Contas a receber e a pagar,Equity,,,Contas a receber e a pagar / Provisões,missing_root_type
,Acidentes de trabalho e doenças profissionais,,equity,,0,,Contas a receber e a pagar / Provisões,Equity,,,Contas a receber e a pagar / Provisões / Acidentes de trabalho e doenças profissionais,missing_root_type
,Contratos onerosos,,equity,,0,,Contas a receber e a pagar / Provisões,Equity,,,Contas a receber e a pagar / Provisões / Contratos onerosos,missing_root_type
,Garantias a clientes,,equity,,0,,Contas a receber e a pagar / Provisões,Equity,,,Contas a receber e a pagar / Provisões / Garantias a clientes,missing_root_type
,Impostos,,equity,,0,,Contas a receber e a pagar / Provisões,Equity,,,Contas a receber e a pagar / Provisões / Impostos,missing_root_type
,Matérias ambientais,,equity,,0,,Contas a receber e a pagar / Provisões,Equity,,,Contas a receber e a pagar / Provisões / Matérias ambientais,missing_root_type
,Outras provisões,,equity,,0,,Contas a receber e a pagar / Provisões,Equity,,,Contas a receber e a pagar / Provisões / Outras provisões,missing_root_type
,Processos judiciais em curso,,equity,,0,,Contas a receber e a pagar / Provisões,Equity,,,Contas a receber e a pagar / Provisões / Processos judiciais em curso,missing_root_type
,Reestruturação,,equity,,0,,Contas a receber e a pagar / Provisões,Equity,,,Contas a receber e a pagar / Provisões / Reestruturação,missing_root_type
,Gastos,,group,,1,,,,,,Gastos,missing_root_type
,Custo das mercadorias vendidas e matérias consumidas,,group,,1,,Gastos,,,,Gastos / Custo das mercadorias vendidas e matérias consumidas,missing_root_type
,Activos biológicos (compras),,unspecified,,0,,Gastos / Custo das mercadorias vendidas e matérias consumidas,,,,Gastos / Custo das mercadorias vendidas e matérias consumidas / Activos biológicos (compras),missing_root_type
,"Matérias primas, subsidiárias e de consumo",,unspecified,,0,,Gastos / Custo das mercadorias vendidas e matérias consumidas,,,,"Gastos / Custo das mercadorias vendidas e matérias consumidas / Matérias primas, subsidiárias e de consumo",missing_root_type
,Mercadorias,,unspecified,,0,,Gastos / Custo das mercadorias vendidas e matérias consumidas,,,,Gastos / Custo das mercadorias vendidas e matérias consumidas / Mercadorias,missing_root_type
,Fornecimentos e serviços externos,,group,,1,,Gastos,,,,Gastos / Fornecimentos e serviços externos,missing_root_type
,"Deslocações, estadas e transportes",,group,,1,,Gastos / Fornecimentos e serviços externos,,,,"Gastos / Fornecimentos e serviços externos / Deslocações, estadas e transportes",missing_root_type
,Deslocações e estadas,,unspecified,,0,,"Gastos / Fornecimentos e serviços externos / Deslocações, estadas e transportes",,,,"Gastos / Fornecimentos e serviços externos / Deslocações, estadas e transportes / Deslocações e estadas",missing_root_type
,Outros,,unspecified,,0,,"Gastos / Fornecimentos e serviços externos / Deslocações, estadas e transportes",,,,"Gastos / Fornecimentos e serviços externos / Deslocações, estadas e transportes / Outros",missing_root_type
,Transporte de pessoal,,unspecified,,0,,"Gastos / Fornecimentos e serviços externos / Deslocações, estadas e transportes",,,,"Gastos / Fornecimentos e serviços externos / Deslocações, estadas e transportes / Transporte de pessoal",missing_root_type
,Transportes de mercadorias,,unspecified,,0,,"Gastos / Fornecimentos e serviços externos / Deslocações, estadas e transportes",,,,"Gastos / Fornecimentos e serviços externos / Deslocações, estadas e transportes / Transportes de mercadorias",missing_root_type
,Energia e fluídos,,group,,1,,Gastos / Fornecimentos e serviços externos,,,,Gastos / Fornecimentos e serviços externos / Energia e fluídos,missing_root_type
,Combustíveis,,unspecified,,0,,Gastos / Fornecimentos e serviços externos / Energia e fluídos,,,,Gastos / Fornecimentos e serviços externos / Energia e fluídos / Combustíveis,missing_root_type
,Electricidade,,unspecified,,0,,Gastos / Fornecimentos e serviços externos / Energia e fluídos,,,,Gastos / Fornecimentos e serviços externos / Energia e fluídos / Electricidade,missing_root_type
,Outros,,unspecified,,0,,Gastos / Fornecimentos e serviços externos / Energia e fluídos,,,,Gastos / Fornecimentos e serviços externos / Energia e fluídos / Outros,missing_root_type
,Água,,unspecified,,0,,Gastos / Fornecimentos e serviços externos / Energia e fluídos,,,,Gastos / Fornecimentos e serviços externos / Energia e fluídos / Água,missing_root_type
,Materiais,,group,,1,,Gastos / Fornecimentos e serviços externos,,,,Gastos / Fornecimentos e serviços externos / Materiais,missing_root_type
,Artigos de oferta,,unspecified,,0,,Gastos / Fornecimentos e serviços externos / Materiais,,,,Gastos / Fornecimentos e serviços externos / Materiais / Artigos de oferta,missing_root_type
,Ferramentas e utensílios de desgaste rápido,,unspecified,,0,,Gastos / Fornecimentos e serviços externos / Materiais,,,,Gastos / Fornecimentos e serviços externos / Materiais / Ferramentas e utensílios de desgaste rápido,missing_root_type
,Livros de documentação técnica,,unspecified,,0,,Gastos / Fornecimentos e serviços externos / Materiais,,,,Gastos / Fornecimentos e serviços externos / Materiais / Livros de documentação técnica,missing_root_type
,Material de escritório,,unspecified,,0,,Gastos / Fornecimentos e serviços externos / Materiais,,,,Gastos / Fornecimentos e serviços externos / Materiais / Material de escritório,missing_root_type
,Outros,,unspecified,,0,,Gastos / Fornecimentos e serviços externos / Materiais,,,,Gastos / Fornecimentos e serviços externos / Materiais / Outros,missing_root_type
,Serviços diversos,,group,,1,,Gastos / Fornecimentos e serviços externos,,,,Gastos / Fornecimentos e serviços externos / Serviços diversos,missing_root_type
,Comunicação,,unspecified,,0,,Gastos / Fornecimentos e serviços externos / Serviços diversos,,,,Gastos / Fornecimentos e serviços externos / Serviços diversos / Comunicação,missing_root_type
,Contencioso e notariado,,unspecified,,0,,Gastos / Fornecimentos e serviços externos / Serviços diversos,,,,Gastos / Fornecimentos e serviços externos / Serviços diversos / Contencioso e notariado,missing_root_type
,Despesas de representação,,unspecified,,0,,Gastos / Fornecimentos e serviços externos / Serviços diversos,,,,Gastos / Fornecimentos e serviços externos / Serviços diversos / Despesas de representação,missing_root_type
,"Limpeza, higiene e conforto",,unspecified,,0,,Gastos / Fornecimentos e serviços externos / Serviços diversos,,,,"Gastos / Fornecimentos e serviços externos / Serviços diversos / Limpeza, higiene e conforto",missing_root_type
,Outros serviços,,unspecified,,0,,Gastos / Fornecimentos e serviços externos / Serviços diversos,,,,Gastos / Fornecimentos e serviços externos / Serviços diversos / Outros serviços,missing_root_type
,Rendas e alugueres,,unspecified,,0,,Gastos / Fornecimentos e serviços externos / Serviços diversos,,,,Gastos / Fornecimentos e serviços externos / Serviços diversos / Rendas e alugueres,missing_root_type
,Royalties,,unspecified,,0,,Gastos / Fornecimentos e serviços externos / Serviços diversos,,,,Gastos / Fornecimentos e serviços externos / Serviços diversos / Royalties,missing_root_type
,Seguros,,unspecified,,0,,Gastos / Fornecimentos e serviços externos / Serviços diversos,,,,Gastos / Fornecimentos e serviços externos / Serviços diversos / Seguros,missing_root_type
,Subcontratos,,unspecified,,0,,Gastos / Fornecimentos e serviços externos,,,,Gastos / Fornecimentos e serviços externos / Subcontratos,missing_root_type
,Trabalhos especializados,,group,,1,,Gastos / Fornecimentos e serviços externos,,,,Gastos / Fornecimentos e serviços externos / Trabalhos especializados,missing_root_type
,Comissões,,unspecified,,0,,Gastos / Fornecimentos e serviços externos / Trabalhos especializados,,,,Gastos / Fornecimentos e serviços externos / Trabalhos especializados / Comissões,missing_root_type
,Conservação e reparação,,unspecified,,0,,Gastos / Fornecimentos e serviços externos / Trabalhos especializados,,,,Gastos / Fornecimentos e serviços externos / Trabalhos especializados / Conservação e reparação,missing_root_type
,Honorários,,unspecified,,0,,Gastos / Fornecimentos e serviços externos / Trabalhos especializados,,,,Gastos / Fornecimentos e serviços externos / Trabalhos especializados / Honorários,missing_root_type
,Outros,,unspecified,,0,,Gastos / Fornecimentos e serviços externos / Trabalhos especializados,,,,Gastos / Fornecimentos e serviços externos / Trabalhos especializados / Outros,missing_root_type
,Publicidade e propaganda,,unspecified,,0,,Gastos / Fornecimentos e serviços externos / Trabalhos especializados,,,,Gastos / Fornecimentos e serviços externos / Trabalhos especializados / Publicidade e propaganda,missing_root_type
,Trabalhos especializados,,unspecified,,0,,Gastos / Fornecimentos e serviços externos / Trabalhos especializados,,,,Gastos / Fornecimentos e serviços externos / Trabalhos especializados / Trabalhos especializados,missing_root_type
,Vigilância e segurança,,unspecified,,0,,Gastos / Fornecimentos e serviços externos / Trabalhos especializados,,,,Gastos / Fornecimentos e serviços externos / Trabalhos especializados / Vigilância e segurança,missing_root_type
,Gastos com o pessoal,,group,,1,,Gastos,,,,Gastos / Gastos com o pessoal,missing_root_type
,Benefícios pós emprego,,group,,1,,Gastos / Gastos com o pessoal,,,,Gastos / Gastos com o pessoal / Benefícios pós emprego,missing_root_type
,Outros benefícios,,unspecified,,0,,Gastos / Gastos com o pessoal / Benefícios pós emprego,,,,Gastos / Gastos com o pessoal / Benefícios pós emprego / Outros benefícios,missing_root_type
,Prémios para pensões,,unspecified,,0,,Gastos / Gastos com o pessoal / Benefícios pós emprego,,,,Gastos / Gastos com o pessoal / Benefícios pós emprego / Prémios para pensões,missing_root_type
,Encargos sobre remunerações,,unspecified,,0,,Gastos / Gastos com o pessoal,,,,Gastos / Gastos com o pessoal / Encargos sobre remunerações,missing_root_type
,Gastos de acção social,,unspecified,,0,,Gastos / Gastos com o pessoal,,,,Gastos / Gastos com o pessoal / Gastos de acção social,missing_root_type
,Indemnizações,,unspecified,,0,,Gastos / Gastos com o pessoal,,,,Gastos / Gastos com o pessoal / Indemnizações,missing_root_type
,Outros gastos com o pessoal,,unspecified,,0,,Gastos / Gastos com o pessoal,,,,Gastos / Gastos com o pessoal / Outros gastos com o pessoal,missing_root_type
,Remunerações do pessoal,,unspecified,,0,,Gastos / Gastos com o pessoal,,,,Gastos / Gastos com o pessoal / Remunerações do pessoal,missing_root_type
,Remunerações dos órgãos sociais,,unspecified,,0,,Gastos / Gastos com o pessoal,,,,Gastos / Gastos com o pessoal / Remunerações dos órgãos sociais,missing_root_type
,Seguros de acidentes no trabalho e doenças profissionais,,unspecified,,0,,Gastos / Gastos com o pessoal,,,,Gastos / Gastos com o pessoal / Seguros de acidentes no trabalho e doenças profissionais,missing_root_type
,Gastos de depreciação e de amortização,,group,,1,,Gastos,,,,Gastos / Gastos de depreciação e de amortização,missing_root_type
,Activos fixos tangíveis,,unspecified,,0,,Gastos / Gastos de depreciação e de amortização,,,,Gastos / Gastos de depreciação e de amortização / Activos fixos tangíveis,missing_root_type
,Activos intangíveis,,unspecified,,0,,Gastos / Gastos de depreciação e de amortização,,,,Gastos / Gastos de depreciação e de amortização / Activos intangíveis,missing_root_type
,Propriedades de investimento,,unspecified,,0,,Gastos / Gastos de depreciação e de amortização,,,,Gastos / Gastos de depreciação e de amortização / Propriedades de investimento,missing_root_type
,Gastos e perdas de financiamento,,group,,1,,Gastos,,,,Gastos / Gastos e perdas de financiamento,missing_root_type
,Diferenças de câmbio desfavoráveis,,group,,1,,Gastos / Gastos e perdas de financiamento,,,,Gastos / Gastos e perdas de financiamento / Diferenças de câmbio desfavoráveis,missing_root_type
,Outras,,unspecified,,0,,Gastos / Gastos e perdas de financiamento / Diferenças de câmbio desfavoráveis,,,,Gastos / Gastos e perdas de financiamento / Diferenças de câmbio desfavoráveis / Outras,missing_root_type
,Relativos a financiamentos obtidos,,unspecified,,0,,Gastos / Gastos e perdas de financiamento / Diferenças de câmbio desfavoráveis,,,,Gastos / Gastos e perdas de financiamento / Diferenças de câmbio desfavoráveis / Relativos a financiamentos obtidos,missing_root_type
,Juros suportados,,group,,1,,Gastos / Gastos e perdas de financiamento,,,,Gastos / Gastos e perdas de financiamento / Juros suportados,missing_root_type
,Juros de financiamento obtidos,,unspecified,,0,,Gastos / Gastos e perdas de financiamento / Juros suportados,,,,Gastos / Gastos e perdas de financiamento / Juros suportados / Juros de financiamento obtidos,missing_root_type
,Outros juros,,unspecified,,0,,Gastos / Gastos e perdas de financiamento / Juros suportados,,,,Gastos / Gastos e perdas de financiamento / Juros suportados / Outros juros,missing_root_type
,Outros gastos e perdas de financiamento,,group,,1,,Gastos / Gastos e perdas de financiamento,,,,Gastos / Gastos e perdas de financiamento / Outros gastos e perdas de financiamento,missing_root_type
,Outros,,unspecified,,0,,Gastos / Gastos e perdas de financiamento / Outros gastos e perdas de financiamento,,,,Gastos / Gastos e perdas de financiamento / Outros gastos e perdas de financiamento / Outros,missing_root_type
,Relativos a financiamentos obtidos,,unspecified,,0,,Gastos / Gastos e perdas de financiamento / Outros gastos e perdas de financiamento,,,,Gastos / Gastos e perdas de financiamento / Outros gastos e perdas de financiamento / Relativos a financiamentos obtidos,missing_root_type
,Outros gastos e perdas,,group,,1,,Gastos,,,,Gastos / Outros gastos e perdas,missing_root_type
,Descontos de pronto pagamento concedidos,,unspecified,,0,,Gastos / Outros gastos e perdas,,,,Gastos / Outros gastos e perdas / Descontos de pronto pagamento concedidos,missing_root_type
,Dívidas incobráveis,,unspecified,,0,,Gastos / Outros gastos e perdas,,,,Gastos / Outros gastos e perdas / Dívidas incobráveis,missing_root_type
,Gastos e perdas em investimentos não financeiros,,group,,1,,Gastos / Outros gastos e perdas,,,,Gastos / Outros gastos e perdas / Gastos e perdas em investimentos não financeiros,missing_root_type
,Abates,,unspecified,,0,,Gastos / Outros gastos e perdas / Gastos e perdas em investimentos não financeiros,,,,Gastos / Outros gastos e perdas / Gastos e perdas em investimentos não financeiros / Abates,missing_root_type
,Alienações,,unspecified,,0,,Gastos / Outros gastos e perdas / Gastos e perdas em investimentos não financeiros,,,,Gastos / Outros gastos e perdas / Gastos e perdas em investimentos não financeiros / Alienações,missing_root_type
,Gastos em propriedades de investimento,,unspecified,,0,,Gastos / Outros gastos e perdas / Gastos e perdas em investimentos não financeiros,,,,Gastos / Outros gastos e perdas / Gastos e perdas em investimentos não financeiros / Gastos em propriedades de investimento,missing_root_type
,Outros gastos e perdas,,unspecified,,0,,Gastos / Outros gastos e perdas / Gastos e perdas em investimentos não financeiros,,,,Gastos / Outros gastos e perdas / Gastos e perdas em investimentos não financeiros / Outros gastos e perdas,missing_root_type
,Sinistros,,unspecified,,0,,Gastos / Outros gastos e perdas / Gastos e perdas em investimentos não financeiros,,,,Gastos / Outros gastos e perdas / Gastos e perdas em investimentos não financeiros / Sinistros,missing_root_type
,"Gastos e perdas em subsid. , assoc. e empreend. conjuntos",,group,,1,,Gastos / Outros gastos e perdas,,,,"Gastos / Outros gastos e perdas / Gastos e perdas em subsid. , assoc. e empreend. conjuntos",missing_root_type
,Alienações,,unspecified,,0,,"Gastos / Outros gastos e perdas / Gastos e perdas em subsid. , assoc. e empreend. conjuntos",,,,"Gastos / Outros gastos e perdas / Gastos e perdas em subsid. , assoc. e empreend. conjuntos / Alienações",missing_root_type
,Aplicação do método da equivalência patrimonial,,unspecified,,0,,"Gastos / Outros gastos e perdas / Gastos e perdas em subsid. , assoc. e empreend. conjuntos",,,,"Gastos / Outros gastos e perdas / Gastos e perdas em subsid. , assoc. e empreend. conjuntos / Aplicação do método da equivalência patrimonial",missing_root_type
,Cobertura de prejuízos,,unspecified,,0,,"Gastos / Outros gastos e perdas / Gastos e perdas em subsid. , assoc. e empreend. conjuntos",,,,"Gastos / Outros gastos e perdas / Gastos e perdas em subsid. , assoc. e empreend. conjuntos / Cobertura de prejuízos",missing_root_type
,Outros gastos e perdas,,unspecified,,0,,"Gastos / Outros gastos e perdas / Gastos e perdas em subsid. , assoc. e empreend. conjuntos",,,,"Gastos / Outros gastos e perdas / Gastos e perdas em subsid. , assoc. e empreend. conjuntos / Outros gastos e perdas",missing_root_type
,Gastos e perdas nos restantes investimentos financeiros,,group,,1,,Gastos / Outros gastos e perdas,,,,Gastos / Outros gastos e perdas / Gastos e perdas nos restantes investimentos financeiros,missing_root_type
,Alienações,,unspecified,,0,,Gastos / Outros gastos e perdas / Gastos e perdas nos restantes investimentos financeiros,,,,Gastos / Outros gastos e perdas / Gastos e perdas nos restantes investimentos financeiros / Alienações,missing_root_type
,Cobertura de prejuízos,,unspecified,,0,,Gastos / Outros gastos e perdas / Gastos e perdas nos restantes investimentos financeiros,,,,Gastos / Outros gastos e perdas / Gastos e perdas nos restantes investimentos financeiros / Cobertura de prejuízos,missing_root_type
,Outros gastos e perdas,,unspecified,,0,,Gastos / Outros gastos e perdas / Gastos e perdas nos restantes investimentos financeiros,,,,Gastos / Outros gastos e perdas / Gastos e perdas nos restantes investimentos financeiros / Outros gastos e perdas,missing_root_type
,Impostos,,group,,1,,Gastos / Outros gastos e perdas,,,,Gastos / Outros gastos e perdas / Impostos,missing_root_type
,Impostos directos,,unspecified,,0,,Gastos / Outros gastos e perdas / Impostos,,,,Gastos / Outros gastos e perdas / Impostos / Impostos directos,missing_root_type
,Impostos indirectos,,unspecified,,0,,Gastos / Outros gastos e perdas / Impostos,,,,Gastos / Outros gastos e perdas / Impostos / Impostos indirectos,missing_root_type
,Taxas,,unspecified,,0,,Gastos / Outros gastos e perdas / Impostos,,,,Gastos / Outros gastos e perdas / Impostos / Taxas,missing_root_type
,Outros,,group,,1,,Gastos / Outros gastos e perdas,,,,Gastos / Outros gastos e perdas / Outros,missing_root_type
,Correcções relativas a períodos anteriores,,unspecified,,0,,Gastos / Outros gastos e perdas / Outros,,,,Gastos / Outros gastos e perdas / Outros / Correcções relativas a períodos anteriores,missing_root_type
,Donativos,,unspecified,,0,,Gastos / Outros gastos e perdas / Outros,,,,Gastos / Outros gastos e perdas / Outros / Donativos,missing_root_type
,Insuficiência da estimativa para impostos,,unspecified,,0,,Gastos / Outros gastos e perdas / Outros,,,,Gastos / Outros gastos e perdas / Outros / Insuficiência da estimativa para impostos,missing_root_type
,Ofertas e amostras de inventários,,unspecified,,0,,Gastos / Outros gastos e perdas / Outros,,,,Gastos / Outros gastos e perdas / Outros / Ofertas e amostras de inventários,missing_root_type
,Outros não especificados,,unspecified,,0,,Gastos / Outros gastos e perdas / Outros,,,,Gastos / Outros gastos e perdas / Outros / Outros não especificados,missing_root_type
,Perdas em instrumentos financeiros,,unspecified,,0,,Gastos / Outros gastos e perdas / Outros,,,,Gastos / Outros gastos e perdas / Outros / Perdas em instrumentos financeiros,missing_root_type
,Quotizações,,unspecified,,0,,Gastos / Outros gastos e perdas / Outros,,,,Gastos / Outros gastos e perdas / Outros / Quotizações,missing_root_type
,Perdas em inventários,,group,,1,,Gastos / Outros gastos e perdas,,,,Gastos / Outros gastos e perdas / Perdas em inventários,missing_root_type
,Outras perdas,,unspecified,,0,,Gastos / Outros gastos e perdas / Perdas em inventários,,,,Gastos / Outros gastos e perdas / Perdas em inventários / Outras perdas,missing_root_type
,Quebras,,unspecified,,0,,Gastos / Outros gastos e perdas / Perdas em inventários,,,,Gastos / Outros gastos e perdas / Perdas em inventários / Quebras,missing_root_type
,Sinistros,,unspecified,,0,,Gastos / Outros gastos e perdas / Perdas em inventários,,,,Gastos / Outros gastos e perdas / Perdas em inventários / Sinistros,missing_root_type
,Perdas por imparidade,,group,,1,,Gastos,,,,Gastos / Perdas por imparidade,missing_root_type
,Em activos fixos tangíveis,,unspecified,,0,,Gastos / Perdas por imparidade,,,,Gastos / Perdas por imparidade / Em activos fixos tangíveis,missing_root_type
,Em activos intangíveis,,unspecified,,0,,Gastos / Perdas por imparidade,,,,Gastos / Perdas por imparidade / Em activos intangíveis,missing_root_type
,Em activos não correntes detidos para venda,,unspecified,,0,,Gastos / Perdas por imparidade,,,,Gastos / Perdas por imparidade / Em activos não correntes detidos para venda,missing_root_type
,Em dívidas a receber,,group,,1,,Gastos / Perdas por imparidade,,,,Gastos / Perdas por imparidade / Em dívidas a receber,missing_root_type
,Clientes,,unspecified,,0,,Gastos / Perdas por imparidade / Em dívidas a receber,,,,Gastos / Perdas por imparidade / Em dívidas a receber / Clientes,missing_root_type
,Outros devedores,,unspecified,,0,,Gastos / Perdas por imparidade / Em dívidas a receber,,,,Gastos / Perdas por imparidade / Em dívidas a receber / Outros devedores,missing_root_type
,Em inventários,,unspecified,,0,,Gastos / Perdas por imparidade,,,,Gastos / Perdas por imparidade / Em inventários,missing_root_type
,Em investimentos em curso,,unspecified,,0,,Gastos / Perdas por imparidade,,,,Gastos / Perdas por imparidade / Em investimentos em curso,missing_root_type
,Em investimentos financeiros,,unspecified,,0,,Gastos / Perdas por imparidade,,,,Gastos / Perdas por imparidade / Em investimentos financeiros,missing_root_type
,Em propriedades de investimento,,unspecified,,0,,Gastos / Perdas por imparidade,,,,Gastos / Perdas por imparidade / Em propriedades de investimento,missing_root_type
,Perdas por reduções de justo valor,,group,,1,,Gastos,,,,Gastos / Perdas por reduções de justo valor,missing_root_type
,Em activos biológicos,,unspecified,,0,,Gastos / Perdas por reduções de justo valor,,,,Gastos / Perdas por reduções de justo valor / Em activos biológicos,missing_root_type
,Em instrumentos financeiros,,unspecified,,0,,Gastos / Perdas por reduções de justo valor,,,,Gastos / Perdas por reduções de justo valor / Em instrumentos financeiros,missing_root_type
,Em investimentos financeiros,,unspecified,,0,,Gastos / Perdas por reduções de justo valor,,,,Gastos / Perdas por reduções de justo valor / Em investimentos financeiros,missing_root_type
,Em propriedades de investimento,,unspecified,,0,,Gastos / Perdas por reduções de justo valor,,,,Gastos / Perdas por reduções de justo valor / Em propriedades de investimento,missing_root_type
,Provisões do período,,group,,1,,Gastos,,,,Gastos / Provisões do período,missing_root_type
,Acidentes de trabalho e doenças profissionais,,unspecified,,0,,Gastos / Provisões do período,,,,Gastos / Provisões do período / Acidentes de trabalho e doenças profissionais,missing_root_type
,Contratos onerosos,,unspecified,,0,,Gastos / Provisões do período,,,,Gastos / Provisões do período / Contratos onerosos,missing_root_type
,Garantias a clientes,,unspecified,,0,,Gastos / Provisões do período,,,,Gastos / Provisões do período / Garantias a clientes,missing_root_type
,Impostos,,unspecified,,0,,Gastos / Provisões do período,,,,Gastos / Provisões do período / Impostos,missing_root_type
,Matérias ambientais,,unspecified,,0,,Gastos / Provisões do período,,,,Gastos / Provisões do período / Matérias ambientais,missing_root_type
,Outras provisões,,unspecified,,0,,Gastos / Provisões do período,,,,Gastos / Provisões do período / Outras provisões,missing_root_type
,Processos judiciais em curso,,unspecified,,0,,Gastos / Provisões do período,,,,Gastos / Provisões do período / Processos judiciais em curso,missing_root_type
,Reestruturação,,unspecified,,0,,Gastos / Provisões do período,,,,Gastos / Provisões do período / Reestruturação,missing_root_type
,Inventários e activos biológicos,,group,,1,,,,,,Inventários e activos biológicos,missing_root_type
,Activos biológicos,,group,,1,,Inventários e activos biológicos,,,,Inventários e activos biológicos / Activos biológicos,missing_root_type
,Consumíveis,,group,,1,,Inventários e activos biológicos / Activos biológicos,,,,Inventários e activos biológicos / Activos biológicos / Consumíveis,missing_root_type
,Animais,,unspecified,,0,,Inventários e activos biológicos / Activos biológicos / Consumíveis,,,,Inventários e activos biológicos / Activos biológicos / Consumíveis / Animais,missing_root_type
,Plantas,,unspecified,,0,,Inventários e activos biológicos / Activos biológicos / Consumíveis,,,,Inventários e activos biológicos / Activos biológicos / Consumíveis / Plantas,missing_root_type
,De produção,,group,,1,,Inventários e activos biológicos / Activos biológicos,,,,Inventários e activos biológicos / Activos biológicos / De produção,missing_root_type
,Animais,,unspecified,,0,,Inventários e activos biológicos / Activos biológicos / De produção,,,,Inventários e activos biológicos / Activos biológicos / De produção / Animais,missing_root_type
,Plantas,,unspecified,,0,,Inventários e activos biológicos / Activos biológicos / De produção,,,,Inventários e activos biológicos / Activos biológicos / De produção / Plantas,missing_root_type
,Adiantamentos por conta de compras,,unspecified,,0,,Inventários e activos biológicos,,,,Inventários e activos biológicos / Adiantamentos por conta de compras,missing_root_type
,Compras,,group,,1,,Inventários e activos biológicos,,,,Inventários e activos biológicos / Compras,missing_root_type
,Activos biológicos,,unspecified,,0,,Inventários e activos biológicos / Compras,,,,Inventários e activos biológicos / Compras / Activos biológicos,missing_root_type
,Descontos e abatimentos em compras,,unspecified,,0,,Inventários e activos biológicos / Compras,,,,Inventários e activos biológicos / Compras / Descontos e abatimentos em compras,missing_root_type
,Devoluções de compras,,unspecified,,0,,Inventários e activos biológicos / Compras,,,,Inventários e activos biológicos / Compras / Devoluções de compras,missing_root_type
,"Matérias primas, subsidiárias e de consumo",,unspecified,,0,,Inventários e activos biológicos / Compras,,,,"Inventários e activos biológicos / Compras / Matérias primas, subsidiárias e de consumo",missing_root_type
,Mercadorias,,unspecified,,0,,Inventários e activos biológicos / Compras,,,,Inventários e activos biológicos / Compras / Mercadorias,missing_root_type
,"Matérias primas, subsidiárias e de consumo",,group,,1,,Inventários e activos biológicos,,,,"Inventários e activos biológicos / Matérias primas, subsidiárias e de consumo",missing_root_type
,Embalagens,,unspecified,,0,,"Inventários e activos biológicos / Matérias primas, subsidiárias e de consumo",,,,"Inventários e activos biológicos / Matérias primas, subsidiárias e de consumo / Embalagens",missing_root_type
,Materiais diversos,,unspecified,,0,,"Inventários e activos biológicos / Matérias primas, subsidiárias e de consumo",,,,"Inventários e activos biológicos / Matérias primas, subsidiárias e de consumo / Materiais diversos",missing_root_type
,Matérias em trânsito,,unspecified,,0,,"Inventários e activos biológicos / Matérias primas, subsidiárias e de consumo",,,,"Inventários e activos biológicos / Matérias primas, subsidiárias e de consumo / Matérias em trânsito",missing_root_type
,Matérias primas,,unspecified,,0,,"Inventários e activos biológicos / Matérias primas, subsidiárias e de consumo",,,,"Inventários e activos biológicos / Matérias primas, subsidiárias e de consumo / Matérias primas",missing_root_type
,Matérias subsidiárias,,unspecified,,0,,"Inventários e activos biológicos / Matérias primas, subsidiárias e de consumo",,,,"Inventários e activos biológicos / Matérias primas, subsidiárias e de consumo / Matérias subsidiárias",missing_root_type
,Perdas por imparidade acumuladas,,unspecified,,0,,"Inventários e activos biológicos / Matérias primas, subsidiárias e de consumo",,,,"Inventários e activos biológicos / Matérias primas, subsidiárias e de consumo / Perdas por imparidade acumuladas",missing_root_type
,Mercadorias,,group,,1,,Inventários e activos biológicos,,,,Inventários e activos biológicos / Mercadorias,missing_root_type
,Mercadorias em poder de terceiros,,unspecified,,0,,Inventários e activos biológicos / Mercadorias,,,,Inventários e activos biológicos / Mercadorias / Mercadorias em poder de terceiros,missing_root_type
,Mercadorias em trânsito,,unspecified,,0,,Inventários e activos biológicos / Mercadorias,,,,Inventários e activos biológicos / Mercadorias / Mercadorias em trânsito,missing_root_type
,Perdas por imparidade acumuladas,,unspecified,,0,,Inventários e activos biológicos / Mercadorias,,,,Inventários e activos biológicos / Mercadorias / Perdas por imparidade acumuladas,missing_root_type
,Produtos acabados e intermédios,,group,,1,,Inventários e activos biológicos,,,,Inventários e activos biológicos / Produtos acabados e intermédios,missing_root_type
,Perdas por imparidade acumuladas,,unspecified,,0,,Inventários e activos biológicos / Produtos acabados e intermédios,,,,Inventários e activos biológicos / Produtos acabados e intermédios / Perdas por imparidade acumuladas,missing_root_type
,Produtos em poder de terceiros,,unspecified,,0,,Inventários e activos biológicos / Produtos acabados e intermédios,,,,Inventários e activos biológicos / Produtos acabados e intermédios / Produtos em poder de terceiros,missing_root_type
,Produtos e trabalhos em curso,,unspecified,,0,,Inventários e activos biológicos,,,,Inventários e activos biológicos / Produtos e trabalhos em curso,missing_root_type
,Reclassificação e regular. de invent. e activos biológ.,,group,,1,,Inventários e activos biológicos,,,,Inventários e activos biológicos / Reclassificação e regular. de invent. e activos biológ.,missing_root_type
,Activos biológicos,,unspecified,,0,,Inventários e activos biológicos / Reclassificação e regular. de invent. e activos biológ.,,,,Inventários e activos biológicos / Reclassificação e regular. de invent. e activos biológ. / Activos biológicos,missing_root_type
,"Matérias primas, subsidiárias e de consumo",,unspecified,,0,,Inventários e activos biológicos / Reclassificação e regular. de invent. e activos biológ.,,,,"Inventários e activos biológicos / Reclassificação e regular. de invent. e activos biológ. / Matérias primas, subsidiárias e de consumo",missing_root_type
,Mercadorias,,unspecified,,0,,Inventários e activos biológicos / Reclassificação e regular. de invent. e activos biológ.,,,,Inventários e activos biológicos / Reclassificação e regular. de invent. e activos biológ. / Mercadorias,missing_root_type
,Produtos acabados e intermédios,,unspecified,,0,,Inventários e activos biológicos / Reclassificação e regular. de invent. e activos biológ.,,,,Inventários e activos biológicos / Reclassificação e regular. de invent. e activos biológ. / Produtos acabados e intermédios,missing_root_type
,Produtos e trabalhos em curso,,unspecified,,0,,Inventários e activos biológicos / Reclassificação e regular. de invent. e activos biológ.,,,,Inventários e activos biológicos / Reclassificação e regular. de invent. e activos biológ. / Produtos e trabalhos em curso,missing_root_type
,"Subprodutos, desperdícios, resíduos e refugos",,unspecified,,0,,Inventários e activos biológicos / Reclassificação e regular. de invent. e activos biológ.,,,,"Inventários e activos biológicos / Reclassificação e regular. de invent. e activos biológ. / Subprodutos, desperdícios, resíduos e refugos",missing_root_type
,"Subprodutos, desperdícios, resíduos e refugos",,group,,1,,Inventários e activos biológicos,,,,"Inventários e activos biológicos / Subprodutos, desperdícios, resíduos e refugos",missing_root_type
,"Desperdícios, resíduos e refugos",,unspecified,,0,,"Inventários e activos biológicos / Subprodutos, desperdícios, resíduos e refugos",,,,"Inventários e activos biológicos / Subprodutos, desperdícios, resíduos e refugos / Desperdícios, resíduos e refugos",missing_root_type
,Perdas por imparidade acumuladas,,unspecified,,0,,"Inventários e activos biológicos / Subprodutos, desperdícios, resíduos e refugos",,,,"Inventários e activos biológicos / Subprodutos, desperdícios, resíduos e refugos / Perdas por imparidade acumuladas",missing_root_type
,Subprodutos,,unspecified,,0,,"Inventários e activos biológicos / Subprodutos, desperdícios, resíduos e refugos",,,,"Inventários e activos biológicos / Subprodutos, desperdícios, resíduos e refugos / Subprodutos",missing_root_type
,Investimentos,,group,,1,,,,,,Investimentos,missing_root_type
,Activo fixos tangíveis,,group,,1,,Investimentos,,,,Investimentos / Activo fixos tangíveis,missing_root_type
,Depreciações acumuladas,,unspecified,,0,,Investimentos / Activo fixos tangíveis,,,,Investimentos / Activo fixos tangíveis / Depreciações acumuladas,missing_root_type
,Edifícios e outras construções,,unspecified,,0,,Investimentos / Activo fixos tangíveis,,,,Investimentos / Activo fixos tangíveis / Edifícios e outras construções,missing_root_type
,Equipamento administrativo,,unspecified,,0,,Investimentos / Activo fixos tangíveis,,,,Investimentos / Activo fixos tangíveis / Equipamento administrativo,missing_root_type
,Equipamento básico,,unspecified,,0,,Investimentos / Activo fixos tangíveis,,,,Investimentos / Activo fixos tangíveis / Equipamento básico,missing_root_type
,Equipamento de transporte,,unspecified,,0,,Investimentos / Activo fixos tangíveis,,,,Investimentos / Activo fixos tangíveis / Equipamento de transporte,missing_root_type
,Equipamentos biológicos,,unspecified,,0,,Investimentos / Activo fixos tangíveis,,,,Investimentos / Activo fixos tangíveis / Equipamentos biológicos,missing_root_type
,Outros activos fixos tangíveis,,unspecified,,0,,Investimentos / Activo fixos tangíveis,,,,Investimentos / Activo fixos tangíveis / Outros activos fixos tangíveis,missing_root_type
,Perdas por imparidade acumuladas,,unspecified,,0,,Investimentos / Activo fixos tangíveis,,,,Investimentos / Activo fixos tangíveis / Perdas por imparidade acumuladas,missing_root_type
,Terrenos e recursos naturais,,unspecified,,0,,Investimentos / Activo fixos tangíveis,,,,Investimentos / Activo fixos tangíveis / Terrenos e recursos naturais,missing_root_type
,Activos intangíveis,,group,,1,,Investimentos,,,,Investimentos / Activos intangíveis,missing_root_type
,Depreciações acumuladas,,unspecified,,0,,Investimentos / Activos intangíveis,,,,Investimentos / Activos intangíveis / Depreciações acumuladas,missing_root_type
,Goodwill,,unspecified,,0,,Investimentos / Activos intangíveis,,,,Investimentos / Activos intangíveis / Goodwill,missing_root_type
,Outros activos intangíveis,,unspecified,,0,,Investimentos / Activos intangíveis,,,,Investimentos / Activos intangíveis / Outros activos intangíveis,missing_root_type
,Perdas por imparidade acumuladas,,unspecified,,0,,Investimentos / Activos intangíveis,,,,Investimentos / Activos intangíveis / Perdas por imparidade acumuladas,missing_root_type
,Programas de computador,,unspecified,,0,,Investimentos / Activos intangíveis,,,,Investimentos / Activos intangíveis / Programas de computador,missing_root_type
,Projectos de desenvolvimento,,unspecified,,0,,Investimentos / Activos intangíveis,,,,Investimentos / Activos intangíveis / Projectos de desenvolvimento,missing_root_type
,Propriedade industrial,,unspecified,,0,,Investimentos / Activos intangíveis,,,,Investimentos / Activos intangíveis / Propriedade industrial,missing_root_type
,Activos não correntes detidos para venda,,group,,1,,Investimentos,,,,Investimentos / Activos não correntes detidos para venda,missing_root_type
,Perdas por imparidade acumuladas,,unspecified,,0,,Investimentos / Activos não correntes detidos para venda,,,,Investimentos / Activos não correntes detidos para venda / Perdas por imparidade acumuladas,missing_root_type
,Investimentos em curso,,group,,1,,Investimentos,,,,Investimentos / Investimentos em curso,missing_root_type
,Activos fixos tangíveis em curso,,unspecified,,0,,Investimentos / Investimentos em curso,,,,Investimentos / Investimentos em curso / Activos fixos tangíveis em curso,missing_root_type
,Activos intangíveis em curso,,unspecified,,0,,Investimentos / Investimentos em curso,,,,Investimentos / Investimentos em curso / Activos intangíveis em curso,missing_root_type
,Adiantamentos por conta de investimentos,,unspecified,,0,,Investimentos / Investimentos em curso,,,,Investimentos / Investimentos em curso / Adiantamentos por conta de investimentos,missing_root_type
,Investimentos financeiros em curso,,unspecified,,0,,Investimentos / Investimentos em curso,,,,Investimentos / Investimentos em curso / Investimentos financeiros em curso,missing_root_type
,Perdas por imparidade acumuladas,,unspecified,,0,,Investimentos / Investimentos em curso,,,,Investimentos / Investimentos em curso / Perdas por imparidade acumuladas,missing_root_type
,Propriedades de investimento em curso,,unspecified,,0,,Investimentos / Investimentos em curso,,,,Investimentos / Investimentos em curso / Propriedades de investimento em curso,missing_root_type
,Investimentos financeiros,,group,,1,,Investimentos,,,,Investimentos / Investimentos financeiros,missing_root_type
,Investimentos em associadas,,group,,1,,Investimentos / Investimentos financeiros,,,,Investimentos / Investimentos financeiros / Investimentos em associadas,missing_root_type
,Empréstimos concedidos,,unspecified,,0,,Investimentos / Investimentos financeiros / Investimentos em associadas,,,,Investimentos / Investimentos financeiros / Investimentos em associadas / Empréstimos concedidos,missing_root_type
,Participações de capital método da equiv. patrimonial,,unspecified,,0,,Investimentos / Investimentos financeiros / Investimentos em associadas,,,,Investimentos / Investimentos financeiros / Investimentos em associadas / Participações de capital método da equiv. patrimonial,missing_root_type
,Participações de capital outros métodos,,unspecified,,0,,Investimentos / Investimentos financeiros / Investimentos em associadas,,,,Investimentos / Investimentos financeiros / Investimentos em associadas / Participações de capital outros métodos,missing_root_type
,Investimentos em entidades conjuntamente controladas,,group,,1,,Investimentos / Investimentos financeiros,,,,Investimentos / Investimentos financeiros / Investimentos em entidades conjuntamente controladas,missing_root_type
,Empréstimos concedidos,,unspecified,,0,,Investimentos / Investimentos financeiros / Investimentos em entidades conjuntamente controladas,,,,Investimentos / Investimentos financeiros / Investimentos em entidades conjuntamente controladas / Empréstimos concedidos,missing_root_type
,Participações de capital método da equiv. patrimonial,,unspecified,,0,,Investimentos / Investimentos financeiros / Investimentos em entidades conjuntamente controladas,,,,Investimentos / Investimentos financeiros / Investimentos em entidades conjuntamente controladas / Participações de capital método da equiv. patrimonial,missing_root_type
,Participações de capital outros métodos,,unspecified,,0,,Investimentos / Investimentos financeiros / Investimentos em entidades conjuntamente controladas,,,,Investimentos / Investimentos financeiros / Investimentos em entidades conjuntamente controladas / Participações de capital outros métodos,missing_root_type
,Investimentos em subsidiárias,,group,,1,,Investimentos / Investimentos financeiros,,,,Investimentos / Investimentos financeiros / Investimentos em subsidiárias,missing_root_type
,Empréstimos concedidos,,unspecified,,0,,Investimentos / Investimentos financeiros / Investimentos em subsidiárias,,,,Investimentos / Investimentos financeiros / Investimentos em subsidiárias / Empréstimos concedidos,missing_root_type
,Participações de capital método da equiv. patrimonial,,unspecified,,0,,Investimentos / Investimentos financeiros / Investimentos em subsidiárias,,,,Investimentos / Investimentos financeiros / Investimentos em subsidiárias / Participações de capital método da equiv. patrimonial,missing_root_type
,Participações de capital outros métodos,,unspecified,,0,,Investimentos / Investimentos financeiros / Investimentos em subsidiárias,,,,Investimentos / Investimentos financeiros / Investimentos em subsidiárias / Participações de capital outros métodos,missing_root_type
,Investimentos noutras empresas,,group,,1,,Investimentos / Investimentos financeiros,,,,Investimentos / Investimentos financeiros / Investimentos noutras empresas,missing_root_type
,Empréstimos concedidos,,unspecified,,0,,Investimentos / Investimentos financeiros / Investimentos noutras empresas,,,,Investimentos / Investimentos financeiros / Investimentos noutras empresas / Empréstimos concedidos,missing_root_type
,Participações de capital,,unspecified,,0,,Investimentos / Investimentos financeiros / Investimentos noutras empresas,,,,Investimentos / Investimentos financeiros / Investimentos noutras empresas / Participações de capital,missing_root_type
,Outros investimentos financeiros,,group,,1,,Investimentos / Investimentos financeiros,,,,Investimentos / Investimentos financeiros / Outros investimentos financeiros,missing_root_type
,"Acções da sgm (6500x1,00)",,unspecified,,0,,Investimentos / Investimentos financeiros / Outros investimentos financeiros,,,,"Investimentos / Investimentos financeiros / Outros investimentos financeiros / Acções da sgm (6500x1,00)",missing_root_type
,Detidos até à maturidade,,unspecified,,0,,Investimentos / Investimentos financeiros / Outros investimentos financeiros,,,,Investimentos / Investimentos financeiros / Outros investimentos financeiros / Detidos até à maturidade,missing_root_type
,Perdas por imparidade acumuladas,,unspecified,,0,,Investimentos / Investimentos financeiros,,,,Investimentos / Investimentos financeiros / Perdas por imparidade acumuladas,missing_root_type
,Propriedades de investimento,,group,,1,,Investimentos,,,,Investimentos / Propriedades de investimento,missing_root_type
,Depreciações acumuladas,,unspecified,,0,,Investimentos / Propriedades de investimento,,,,Investimentos / Propriedades de investimento / Depreciações acumuladas,missing_root_type
,Edifícios e outras construções,,unspecified,,0,,Investimentos / Propriedades de investimento,,,,Investimentos / Propriedades de investimento / Edifícios e outras construções,missing_root_type
,Outras propriedades de investimento,,unspecified,,0,,Investimentos / Propriedades de investimento,,,,Investimentos / Propriedades de investimento / Outras propriedades de investimento,missing_root_type
,Perdas por imparidade acumuladas,,unspecified,,0,,Investimentos / Propriedades de investimento,,,,Investimentos / Propriedades de investimento / Perdas por imparidade acumuladas,missing_root_type
,Terrenos e recursos naturais,,unspecified,,0,,Investimentos / Propriedades de investimento,,,,Investimentos / Propriedades de investimento / Terrenos e recursos naturais,missing_root_type
,Meios financeiros líquidos,,group,,1,,,,,,Meios financeiros líquidos,missing_root_type
,Caixa,,cash,,0,cash_bank,Meios financeiros líquidos,Cash,,,Meios financeiros líquidos / Caixa,missing_root_type
,Depósitos à ordem,,cash,,0,cash_bank,Meios financeiros líquidos,Cash,,,Meios financeiros líquidos / Depósitos à ordem,missing_root_type
,Outros depósitos bancários,,cash,,0,cash_bank,Meios financeiros líquidos,Cash,,,Meios financeiros líquidos / Outros depósitos bancários,missing_root_type
,Outros instrumentos financeiros,,cash,,1,,Meios financeiros líquidos,Cash,,,Meios financeiros líquidos / Outros instrumentos financeiros,missing_root_type
,Derivados,,cash,,1,,Meios financeiros líquidos / Outros instrumentos financeiros,Cash,,,Meios financeiros líquidos / Outros instrumentos financeiros / Derivados,missing_root_type
,Potencialmente desfavoráveis,,cash,,0,cash_bank,Meios financeiros líquidos / Outros instrumentos financeiros / Derivados,Cash,,,Meios financeiros líquidos / Outros instrumentos financeiros / Derivados / Potencialmente desfavoráveis,missing_root_type
,Potencialmente favoráveis,,cash,,0,cash_bank,Meios financeiros líquidos / Outros instrumentos financeiros / Derivados,Cash,,,Meios financeiros líquidos / Outros instrumentos financeiros / Derivados / Potencialmente favoráveis,missing_root_type
,Instrumentos financeiros detidos para negociação,,cash,,1,,Meios financeiros líquidos / Outros instrumentos financeiros,Cash,,,Meios financeiros líquidos / Outros instrumentos financeiros / Instrumentos financeiros detidos para negociação,missing_root_type
,Activos financeiros,,cash,,0,cash_bank,Meios financeiros líquidos / Outros instrumentos financeiros / Instrumentos financeiros detidos para negociação,Cash,,,Meios financeiros líquidos / Outros instrumentos financeiros / Instrumentos financeiros detidos para negociação / Activos financeiros,missing_root_type
,Passivos financeiros,,cash,,0,cash_bank,Meios financeiros líquidos / Outros instrumentos financeiros / Instrumentos financeiros detidos para negociação,Cash,,,Meios financeiros líquidos / Outros instrumentos financeiros / Instrumentos financeiros detidos para negociação / Passivos financeiros,missing_root_type
,Outros activos e passivos financeiros,,cash,,1,,Meios financeiros líquidos / Outros instrumentos financeiros,Cash,,,Meios financeiros líquidos / Outros instrumentos financeiros / Outros activos e passivos financeiros,missing_root_type
,Outros activos financeiros,,cash,,0,cash_bank,Meios financeiros líquidos / Outros instrumentos financeiros / Outros activos e passivos financeiros,Cash,,,Meios financeiros líquidos / Outros instrumentos financeiros / Outros activos e passivos financeiros / Outros activos financeiros,missing_root_type
,Outros passivos financeiros,,cash,,0,cash_bank,Meios financeiros líquidos / Outros instrumentos financeiros / Outros activos e passivos financeiros,Cash,,,Meios financeiros líquidos / Outros instrumentos financeiros / Outros activos e passivos financeiros / Outros passivos financeiros,missing_root_type
,Rendimentos,,group,,1,,,,,,Rendimentos,missing_root_type
,Ganhos por aumentos de justo valor,,group,,1,,Rendimentos,,,,Rendimentos / Ganhos por aumentos de justo valor,missing_root_type
,Em activos biológicos,,unspecified,,0,,Rendimentos / Ganhos por aumentos de justo valor,,,,Rendimentos / Ganhos por aumentos de justo valor / Em activos biológicos,missing_root_type
,Em instrumentos financeiros,,unspecified,,0,,Rendimentos / Ganhos por aumentos de justo valor,,,,Rendimentos / Ganhos por aumentos de justo valor / Em instrumentos financeiros,missing_root_type
,Em investimentos financeiros,,unspecified,,0,,Rendimentos / Ganhos por aumentos de justo valor,,,,Rendimentos / Ganhos por aumentos de justo valor / Em investimentos financeiros,missing_root_type
,Em propriedades de investimento,,unspecified,,0,,Rendimentos / Ganhos por aumentos de justo valor,,,,Rendimentos / Ganhos por aumentos de justo valor / Em propriedades de investimento,missing_root_type
,"Juros, dividendos e outros rendimentos similares",,group,,1,,Rendimentos,,,,"Rendimentos / Juros, dividendos e outros rendimentos similares",missing_root_type
,Dividendos obtidos,,group,,1,,"Rendimentos / Juros, dividendos e outros rendimentos similares",,,,"Rendimentos / Juros, dividendos e outros rendimentos similares / Dividendos obtidos",missing_root_type
,De aplicações de meios financeiros líquidos,,unspecified,,0,,"Rendimentos / Juros, dividendos e outros rendimentos similares / Dividendos obtidos",,,,"Rendimentos / Juros, dividendos e outros rendimentos similares / Dividendos obtidos / De aplicações de meios financeiros líquidos",missing_root_type
,De associadas e empreendimentos conjuntos,,unspecified,,0,,"Rendimentos / Juros, dividendos e outros rendimentos similares / Dividendos obtidos",,,,"Rendimentos / Juros, dividendos e outros rendimentos similares / Dividendos obtidos / De associadas e empreendimentos conjuntos",missing_root_type
,De subsidiárias,,unspecified,,0,,"Rendimentos / Juros, dividendos e outros rendimentos similares / Dividendos obtidos",,,,"Rendimentos / Juros, dividendos e outros rendimentos similares / Dividendos obtidos / De subsidiárias",missing_root_type
,Outras,,unspecified,,0,,"Rendimentos / Juros, dividendos e outros rendimentos similares / Dividendos obtidos",,,,"Rendimentos / Juros, dividendos e outros rendimentos similares / Dividendos obtidos / Outras",missing_root_type
,Juros obtidos,,group,,1,,"Rendimentos / Juros, dividendos e outros rendimentos similares",,,,"Rendimentos / Juros, dividendos e outros rendimentos similares / Juros obtidos",missing_root_type
,De depósitos,,unspecified,,0,,"Rendimentos / Juros, dividendos e outros rendimentos similares / Juros obtidos",,,,"Rendimentos / Juros, dividendos e outros rendimentos similares / Juros obtidos / De depósitos",missing_root_type
,De financiamentos concedidos a associadas e emp. conjun,,unspecified,,0,,"Rendimentos / Juros, dividendos e outros rendimentos similares / Juros obtidos",,,,"Rendimentos / Juros, dividendos e outros rendimentos similares / Juros obtidos / De financiamentos concedidos a associadas e emp. conjun",missing_root_type
,De financiamentos concedidos a subsidiárias,,unspecified,,0,,"Rendimentos / Juros, dividendos e outros rendimentos similares / Juros obtidos",,,,"Rendimentos / Juros, dividendos e outros rendimentos similares / Juros obtidos / De financiamentos concedidos a subsidiárias",missing_root_type
,De financiamentos obtidos,,unspecified,,0,,"Rendimentos / Juros, dividendos e outros rendimentos similares / Juros obtidos",,,,"Rendimentos / Juros, dividendos e outros rendimentos similares / Juros obtidos / De financiamentos obtidos",missing_root_type
,De outras aplicações de meios financeiros líquidos,,unspecified,,0,,"Rendimentos / Juros, dividendos e outros rendimentos similares / Juros obtidos",,,,"Rendimentos / Juros, dividendos e outros rendimentos similares / Juros obtidos / De outras aplicações de meios financeiros líquidos",missing_root_type
,De outros financiamentos obtidos,,unspecified,,0,,"Rendimentos / Juros, dividendos e outros rendimentos similares / Juros obtidos",,,,"Rendimentos / Juros, dividendos e outros rendimentos similares / Juros obtidos / De outros financiamentos obtidos",missing_root_type
,Outros rendimentos similares,,unspecified,,0,,"Rendimentos / Juros, dividendos e outros rendimentos similares",,,,"Rendimentos / Juros, dividendos e outros rendimentos similares / Outros rendimentos similares",missing_root_type
,Outros rendimentos e ganhos,,group,,1,,Rendimentos,,,,Rendimentos / Outros rendimentos e ganhos,missing_root_type
,Descontos de pronto pagamento obtidos,,unspecified,,0,,Rendimentos / Outros rendimentos e ganhos,,,,Rendimentos / Outros rendimentos e ganhos / Descontos de pronto pagamento obtidos,missing_root_type
,Ganhos em inventários,,group,,1,,Rendimentos / Outros rendimentos e ganhos,,,,Rendimentos / Outros rendimentos e ganhos / Ganhos em inventários,missing_root_type
,Outros ganhos,,unspecified,,0,,Rendimentos / Outros rendimentos e ganhos / Ganhos em inventários,,,,Rendimentos / Outros rendimentos e ganhos / Ganhos em inventários / Outros ganhos,missing_root_type
,Sinistros,,unspecified,,0,,Rendimentos / Outros rendimentos e ganhos / Ganhos em inventários,,,,Rendimentos / Outros rendimentos e ganhos / Ganhos em inventários / Sinistros,missing_root_type
,Sobras,,unspecified,,0,,Rendimentos / Outros rendimentos e ganhos / Ganhos em inventários,,,,Rendimentos / Outros rendimentos e ganhos / Ganhos em inventários / Sobras,missing_root_type
,Outros,,group,,1,,Rendimentos / Outros rendimentos e ganhos,,,,Rendimentos / Outros rendimentos e ganhos / Outros,missing_root_type
,Correcções relativas a períodos anteriores,,unspecified,,0,,Rendimentos / Outros rendimentos e ganhos / Outros,,,,Rendimentos / Outros rendimentos e ganhos / Outros / Correcções relativas a períodos anteriores,missing_root_type
,Excesso da estimativa para impostos,,unspecified,,0,,Rendimentos / Outros rendimentos e ganhos / Outros,,,,Rendimentos / Outros rendimentos e ganhos / Outros / Excesso da estimativa para impostos,missing_root_type
,Ganhos em outros instrumentos financeiros,,unspecified,,0,,Rendimentos / Outros rendimentos e ganhos / Outros,,,,Rendimentos / Outros rendimentos e ganhos / Outros / Ganhos em outros instrumentos financeiros,missing_root_type
,Imputação de subsídios para investimentos,,unspecified,,0,,Rendimentos / Outros rendimentos e ganhos / Outros,,,,Rendimentos / Outros rendimentos e ganhos / Outros / Imputação de subsídios para investimentos,missing_root_type
,Outros não especificados,,unspecified,,0,,Rendimentos / Outros rendimentos e ganhos / Outros,,,,Rendimentos / Outros rendimentos e ganhos / Outros / Outros não especificados,missing_root_type
,Restituição de impostos,,unspecified,,0,,Rendimentos / Outros rendimentos e ganhos / Outros,,,,Rendimentos / Outros rendimentos e ganhos / Outros / Restituição de impostos,missing_root_type
,Recuperação de dívidas a receber,,unspecified,,0,,Rendimentos / Outros rendimentos e ganhos,,,,Rendimentos / Outros rendimentos e ganhos / Recuperação de dívidas a receber,missing_root_type
,Rendimentos e ganhos em investimentos não financeiros,,group,,1,,Rendimentos / Outros rendimentos e ganhos,,,,Rendimentos / Outros rendimentos e ganhos / Rendimentos e ganhos em investimentos não financeiros,missing_root_type
,Alienações,,unspecified,,0,,Rendimentos / Outros rendimentos e ganhos / Rendimentos e ganhos em investimentos não financeiros,,,,Rendimentos / Outros rendimentos e ganhos / Rendimentos e ganhos em investimentos não financeiros / Alienações,missing_root_type
,Outros rendimentos e ganhos,,unspecified,,0,,Rendimentos / Outros rendimentos e ganhos / Rendimentos e ganhos em investimentos não financeiros,,,,Rendimentos / Outros rendimentos e ganhos / Rendimentos e ganhos em investimentos não financeiros / Outros rendimentos e ganhos,missing_root_type
,Rendas e outros rendimentos em propriedades de investimento,,unspecified,,0,,Rendimentos / Outros rendimentos e ganhos / Rendimentos e ganhos em investimentos não financeiros,,,,Rendimentos / Outros rendimentos e ganhos / Rendimentos e ganhos em investimentos não financeiros / Rendas e outros rendimentos em propriedades de investimento,missing_root_type
,Sinistros,,unspecified,,0,,Rendimentos / Outros rendimentos e ganhos / Rendimentos e ganhos em investimentos não financeiros,,,,Rendimentos / Outros rendimentos e ganhos / Rendimentos e ganhos em investimentos não financeiros / Sinistros,missing_root_type
,"Rendimentos e ganhos em subsidiárias, associadas e empr",,group,,1,,Rendimentos / Outros rendimentos e ganhos,,,,"Rendimentos / Outros rendimentos e ganhos / Rendimentos e ganhos em subsidiárias, associadas e empr",missing_root_type
,Alienações,,unspecified,,0,,"Rendimentos / Outros rendimentos e ganhos / Rendimentos e ganhos em subsidiárias, associadas e empr",,,,"Rendimentos / Outros rendimentos e ganhos / Rendimentos e ganhos em subsidiárias, associadas e empr / Alienações",missing_root_type
,Aplicação do método da equivalência patrimonial,,unspecified,,0,,"Rendimentos / Outros rendimentos e ganhos / Rendimentos e ganhos em subsidiárias, associadas e empr",,,,"Rendimentos / Outros rendimentos e ganhos / Rendimentos e ganhos em subsidiárias, associadas e empr / Aplicação do método da equivalência patrimonial",missing_root_type
,Outros rendimentos e ganhos,,unspecified,,0,,"Rendimentos / Outros rendimentos e ganhos / Rendimentos e ganhos em subsidiárias, associadas e empr",,,,"Rendimentos / Outros rendimentos e ganhos / Rendimentos e ganhos em subsidiárias, associadas e empr / Outros rendimentos e ganhos",missing_root_type
,Rendimentos e ganhos nos restantes activos financeiros,,group,,1,,Rendimentos / Outros rendimentos e ganhos,,,,Rendimentos / Outros rendimentos e ganhos / Rendimentos e ganhos nos restantes activos financeiros,missing_root_type
,Alienações,,unspecified,,0,,Rendimentos / Outros rendimentos e ganhos / Rendimentos e ganhos nos restantes activos financeiros,,,,Rendimentos / Outros rendimentos e ganhos / Rendimentos e ganhos nos restantes activos financeiros / Alienações,missing_root_type
,Diferenças de câmbio favoráveis,,unspecified,,0,,Rendimentos / Outros rendimentos e ganhos / Rendimentos e ganhos nos restantes activos financeiros,,,,Rendimentos / Outros rendimentos e ganhos / Rendimentos e ganhos nos restantes activos financeiros / Diferenças de câmbio favoráveis,missing_root_type
,Outros rendimentos e ganhos,,unspecified,,0,,Rendimentos / Outros rendimentos e ganhos / Rendimentos e ganhos nos restantes activos financeiros,,,,Rendimentos / Outros rendimentos e ganhos / Rendimentos e ganhos nos restantes activos financeiros / Outros rendimentos e ganhos,missing_root_type
,Rendimentos suplementares,,group,,1,,Rendimentos / Outros rendimentos e ganhos,,,,Rendimentos / Outros rendimentos e ganhos / Rendimentos suplementares,missing_root_type
,Aluguer de equipamento,,unspecified,,0,,Rendimentos / Outros rendimentos e ganhos / Rendimentos suplementares,,,,Rendimentos / Outros rendimentos e ganhos / Rendimentos suplementares / Aluguer de equipamento,missing_root_type
,Desempenho de cargos sociais noutras empresas,,unspecified,,0,,Rendimentos / Outros rendimentos e ganhos / Rendimentos suplementares,,,,Rendimentos / Outros rendimentos e ganhos / Rendimentos suplementares / Desempenho de cargos sociais noutras empresas,missing_root_type
,"Estudos, projectos e assistência tecnológica",,unspecified,,0,,Rendimentos / Outros rendimentos e ganhos / Rendimentos suplementares,,,,"Rendimentos / Outros rendimentos e ganhos / Rendimentos suplementares / Estudos, projectos e assistência tecnológica",missing_root_type
,Outros rendimentos suplementares,,unspecified,,0,,Rendimentos / Outros rendimentos e ganhos / Rendimentos suplementares,,,,Rendimentos / Outros rendimentos e ganhos / Rendimentos suplementares / Outros rendimentos suplementares,missing_root_type
,Royalties,,unspecified,,0,,Rendimentos / Outros rendimentos e ganhos / Rendimentos suplementares,,,,Rendimentos / Outros rendimentos e ganhos / Rendimentos suplementares / Royalties,missing_root_type
,Serviços sociais,,unspecified,,0,,Rendimentos / Outros rendimentos e ganhos / Rendimentos suplementares,,,,Rendimentos / Outros rendimentos e ganhos / Rendimentos suplementares / Serviços sociais,missing_root_type
,Prestações de serviços,,group,,1,,Rendimentos,,,,Rendimentos / Prestações de serviços,missing_root_type
,Descontos e abatimentos,,unspecified,,0,,Rendimentos / Prestações de serviços,,,,Rendimentos / Prestações de serviços / Descontos e abatimentos,missing_root_type
,Iva dos serviços com imposto incluído,,unspecified,,0,,Rendimentos / Prestações de serviços,,,,Rendimentos / Prestações de serviços / Iva dos serviços com imposto incluído,missing_root_type
,Serviço a,,unspecified,,0,,Rendimentos / Prestações de serviços,,,,Rendimentos / Prestações de serviços / Serviço a,missing_root_type
,Serviço b,,unspecified,,0,,Rendimentos / Prestações de serviços,,,,Rendimentos / Prestações de serviços / Serviço b,missing_root_type
,Serviços secundários,,unspecified,,0,,Rendimentos / Prestações de serviços,,,,Rendimentos / Prestações de serviços / Serviços secundários,missing_root_type
,Reversões,,group,,1,,Rendimentos,,,,Rendimentos / Reversões,missing_root_type
,De depreciações e de amortizações,,group,,1,,Rendimentos / Reversões,,,,Rendimentos / Reversões / De depreciações e de amortizações,missing_root_type
,Activos fixos tangíveis,,unspecified,,0,,Rendimentos / Reversões / De depreciações e de amortizações,,,,Rendimentos / Reversões / De depreciações e de amortizações / Activos fixos tangíveis,missing_root_type
,Activos intangíveis,,unspecified,,0,,Rendimentos / Reversões / De depreciações e de amortizações,,,,Rendimentos / Reversões / De depreciações e de amortizações / Activos intangíveis,missing_root_type
,Propriedades de investimento,,unspecified,,0,,Rendimentos / Reversões / De depreciações e de amortizações,,,,Rendimentos / Reversões / De depreciações e de amortizações / Propriedades de investimento,missing_root_type
,De perdas por imparidade,,group,,1,,Rendimentos / Reversões,,,,Rendimentos / Reversões / De perdas por imparidade,missing_root_type
,Em activos fixos tangíveis,,unspecified,,0,,Rendimentos / Reversões / De perdas por imparidade,,,,Rendimentos / Reversões / De perdas por imparidade / Em activos fixos tangíveis,missing_root_type
,Em activos intangíveis,,unspecified,,0,,Rendimentos / Reversões / De perdas por imparidade,,,,Rendimentos / Reversões / De perdas por imparidade / Em activos intangíveis,missing_root_type
,Em activos não correntes detidos para venda,,unspecified,,0,,Rendimentos / Reversões / De perdas por imparidade,,,,Rendimentos / Reversões / De perdas por imparidade / Em activos não correntes detidos para venda,missing_root_type
,Em dívidas a receber,,group,,1,,Rendimentos / Reversões / De perdas por imparidade,,,,Rendimentos / Reversões / De perdas por imparidade / Em dívidas a receber,missing_root_type
,Clientes,,unspecified,,0,,Rendimentos / Reversões / De perdas por imparidade / Em dívidas a receber,,,,Rendimentos / Reversões / De perdas por imparidade / Em dívidas a receber / Clientes,missing_root_type
,Outros devedores,,unspecified,,0,,Rendimentos / Reversões / De perdas por imparidade / Em dívidas a receber,,,,Rendimentos / Reversões / De perdas por imparidade / Em dívidas a receber / Outros devedores,missing_root_type
,Em inventários,,unspecified,,0,,Rendimentos / Reversões / De perdas por imparidade,,,,Rendimentos / Reversões / De perdas por imparidade / Em inventários,missing_root_type
,Em investimentos em curso,,unspecified,,0,,Rendimentos / Reversões / De perdas por imparidade,,,,Rendimentos / Reversões / De perdas por imparidade / Em investimentos em curso,missing_root_type
,Em investimentos financeiros,,unspecified,,0,,Rendimentos / Reversões / De perdas por imparidade,,,,Rendimentos / Reversões / De perdas por imparidade / Em investimentos financeiros,missing_root_type
,Em propriedades de investimento,,unspecified,,0,,Rendimentos / Reversões / De perdas por imparidade,,,,Rendimentos / Reversões / De perdas por imparidade / Em propriedades de investimento,missing_root_type
,De provisões,,group,,1,,Rendimentos / Reversões,,,,Rendimentos / Reversões / De provisões,missing_root_type
,Acidentes no trabalho e doenças profissionais,,unspecified,,0,,Rendimentos / Reversões / De provisões,,,,Rendimentos / Reversões / De provisões / Acidentes no trabalho e doenças profissionais,missing_root_type
,Contratos onerosos,,unspecified,,0,,Rendimentos / Reversões / De provisões,,,,Rendimentos / Reversões / De provisões / Contratos onerosos,missing_root_type
,Garantias a clientes,,unspecified,,0,,Rendimentos / Reversões / De provisões,,,,Rendimentos / Reversões / De provisões / Garantias a clientes,missing_root_type
,Impostos,,unspecified,,0,,Rendimentos / Reversões / De provisões,,,,Rendimentos / Reversões / De provisões / Impostos,missing_root_type
,Matérias ambientais,,unspecified,,0,,Rendimentos / Reversões / De provisões,,,,Rendimentos / Reversões / De provisões / Matérias ambientais,missing_root_type
,Outras provisões,,unspecified,,0,,Rendimentos / Reversões / De provisões,,,,Rendimentos / Reversões / De provisões / Outras provisões,missing_root_type
,Processos judiciais em curso,,unspecified,,0,,Rendimentos / Reversões / De provisões,,,,Rendimentos / Reversões / De provisões / Processos judiciais em curso,missing_root_type
,Reestruturação,,unspecified,,0,,Rendimentos / Reversões / De provisões,,,,Rendimentos / Reversões / De provisões / Reestruturação,missing_root_type
,Subsídios à exploração,,group,,1,,Rendimentos,,,,Rendimentos / Subsídios à exploração,missing_root_type
,Subsídios de outras entidades,,unspecified,,0,,Rendimentos / Subsídios à exploração,,,,Rendimentos / Subsídios à exploração / Subsídios de outras entidades,missing_root_type
,Subsídios do estado e outros entes públicos,,unspecified,,0,,Rendimentos / Subsídios à exploração,,,,Rendimentos / Subsídios à exploração / Subsídios do estado e outros entes públicos,missing_root_type
,Trabalhos para a própria entidade,,group,,1,,Rendimentos,,,,Rendimentos / Trabalhos para a própria entidade,missing_root_type
,Activos fixos tangíveis,,unspecified,,0,,Rendimentos / Trabalhos para a própria entidade,,,,Rendimentos / Trabalhos para a própria entidade / Activos fixos tangíveis,missing_root_type
,Activos intangíveis,,unspecified,,0,,Rendimentos / Trabalhos para a própria entidade,,,,Rendimentos / Trabalhos para a própria entidade / Activos intangíveis,missing_root_type
,Activos por gastos diferidos,,unspecified,,0,,Rendimentos / Trabalhos para a própria entidade,,,,Rendimentos / Trabalhos para a própria entidade / Activos por gastos diferidos,missing_root_type
,Propriedades de investimento,,unspecified,,0,,Rendimentos / Trabalhos para a própria entidade,,,,Rendimentos / Trabalhos para a própria entidade / Propriedades de investimento,missing_root_type
,Variações nos inventários da produção,,group,,1,,Rendimentos,,,,Rendimentos / Variações nos inventários da produção,missing_root_type
,Activos biológicos,,unspecified,,0,,Rendimentos / Variações nos inventários da produção,,,,Rendimentos / Variações nos inventários da produção / Activos biológicos,missing_root_type
,Produtos acabados e intermédios,,unspecified,,0,,Rendimentos / Variações nos inventários da produção,,,,Rendimentos / Variações nos inventários da produção / Produtos acabados e intermédios,missing_root_type
,Produtos e trabalhos em curso,,unspecified,,0,,Rendimentos / Variações nos inventários da produção,,,,Rendimentos / Variações nos inventários da produção / Produtos e trabalhos em curso,missing_root_type
,"Subprodutos, desperdícios, resíduos e refugos",,unspecified,,0,,Rendimentos / Variações nos inventários da produção,,,,"Rendimentos / Variações nos inventários da produção / Subprodutos, desperdícios, resíduos e refugos",missing_root_type
,Vendas,,group,,1,,Rendimentos,,,,Rendimentos / Vendas,missing_root_type
,Activos biológicos,,unspecified,,0,,Rendimentos / Vendas,,,,Rendimentos / Vendas / Activos biológicos,missing_root_type
,Descontos e abatimentos em vendas,,unspecified,,0,,Rendimentos / Vendas,,,,Rendimentos / Vendas / Descontos e abatimentos em vendas,missing_root_type
,Devoluções de vendas,,unspecified,,0,,Rendimentos / Vendas,,,,Rendimentos / Vendas / Devoluções de vendas,missing_root_type
,Iva das vendas com imposto incluído,,unspecified,,0,,Rendimentos / Vendas,,,,Rendimentos / Vendas / Iva das vendas com imposto incluído,missing_root_type
,Mercadoria,,unspecified,,0,,Rendimentos / Vendas,,,,Rendimentos / Vendas / Mercadoria,missing_root_type
,Produtos acabados e intermédios,,unspecified,,0,,Rendimentos / Vendas,,,,Rendimentos / Vendas / Produtos acabados e intermédios,missing_root_type
,"Subprodutos, desperdícios, resíduos e refugos",,unspecified,,0,,Rendimentos / Vendas,,,,"Rendimentos / Vendas / Subprodutos, desperdícios, resíduos e refugos",missing_root_type
,Resultados,,group,,1,,,,,,Resultados,missing_root_type
,Dividendos antecipados,,unspecified,,0,,Resultados,,,,Resultados / Dividendos antecipados,missing_root_type
,Resultado líquido do período,,group,,1,,Resultados,,,,Resultados / Resultado líquido do período,missing_root_type
,Impostos sobre o rendimento do período,,group,,1,,Resultados / Resultado líquido do período,,,,Resultados / Resultado líquido do período / Impostos sobre o rendimento do período,missing_root_type
,Imposto diferido,,unspecified,,0,,Resultados / Resultado líquido do período / Impostos sobre o rendimento do período,,,,Resultados / Resultado líquido do período / Impostos sobre o rendimento do período / Imposto diferido,missing_root_type
,Imposto estimado para o período,,unspecified,,0,,Resultados / Resultado líquido do período / Impostos sobre o rendimento do período,,,,Resultados / Resultado líquido do período / Impostos sobre o rendimento do período / Imposto estimado para o período,missing_root_type
,Resultado antes de impostos,,unspecified,,0,,Resultados / Resultado líquido do período,,,,Resultados / Resultado líquido do período / Resultado antes de impostos,missing_root_type
,Resultado líquido,,unspecified,,0,,Resultados / Resultado líquido do período,,,,Resultados / Resultado líquido do período / Resultado líquido,missing_root_type
