code,name,root_type,subtype,normal_balance,is_group,role_hint,parent_path,source_type,reconcile,description,source_id,flags
,Comptes de bilan,,group,,1,,,,,,Comptes de bilan,missing_root_type
,Comptes d'immobilisations,,group,,1,,Comptes de bilan,,,,Comptes de bilan / Comptes d'immobilisations,missing_root_type
,AMORTISSEMENTS,,group,,1,,Comptes de bilan / Comptes d'immobilisations,,,,Comptes de bilan / Comptes d'immobilisations / AMORTISSEMENTS,missing_root_type
,"AMORTISSEMENTS DES BÂTIMENTS, INSTALLATIONS TECHNIQUES ET AGENCEMENTS",,group,,1,,Comptes de bilan / Comptes d'immobilisations / AMORTISSEMENTS,,,,"Comptes de bilan / Comptes d'immobilisations / AMORTISSEMENTS / AMORTISSEMENTS DES BÂTIMENTS, INSTALLATIONS TECHNIQUES ET AGENCEMENTS",missing_root_type
,Amortissements des aménagements de bureaux,,unspecified,,0,,"Comptes de bilan / Comptes d'immobilisations / AMORTISSEMENTS / AMORTISSEMENTS DES BÂTIMENTS, INSTALLATIONS TECHNIQUES ET AGENCEMENTS",,,,"Comptes de bilan / Comptes d'immobilisations / AMORTISSEMENTS / AMORTISSEMENTS DES BÂTIMENTS, INSTALLATIONS TECHNIQUES ET AGENCEMENTS / Amortissements des aménagements de bureaux",missing_root_type
,Amortissements des autres installations et agencements,,unspecified,,0,,"Comptes de bilan / Comptes d'immobilisations / AMORTISSEMENTS / AMORTISSEMENTS DES BÂTIMENTS, INSTALLATIONS TECHNIQUES ET AGENCEMENTS",,,,"Comptes de bilan / Comptes d'immobilisations / AMORTISSEMENTS / AMORTISSEMENTS DES BÂTIMENTS, INSTALLATIONS TECHNIQUES ET AGENCEMENTS / Amortissements des autres installations et agencements",missing_root_type
,"Amortissements des bâtiments industriels, agricoles et commerciaux mis en concession",,unspecified,,0,,"Comptes de bilan / Comptes d'immobilisations / AMORTISSEMENTS / AMORTISSEMENTS DES BÂTIMENTS, INSTALLATIONS TECHNIQUES ET AGENCEMENTS",,,,"Comptes de bilan / Comptes d'immobilisations / AMORTISSEMENTS / AMORTISSEMENTS DES BÂTIMENTS, INSTALLATIONS TECHNIQUES ET AGENCEMENTS / Amortissements des bâtiments industriels, agricoles et commerciaux mis en concession",missing_root_type
,"Amortissements des bâtiments industriels, agricoles, administratifs et commerciaux sur sol d'autrui",,unspecified,,0,,"Comptes de bilan / Comptes d'immobilisations / AMORTISSEMENTS / AMORTISSEMENTS DES BÂTIMENTS, INSTALLATIONS TECHNIQUES ET AGENCEMENTS",,,,"Comptes de bilan / Comptes d'immobilisations / AMORTISSEMENTS / AMORTISSEMENTS DES BÂTIMENTS, INSTALLATIONS TECHNIQUES ET AGENCEMENTS / Amortissements des bâtiments industriels, agricoles, administratifs et commerciaux sur sol d'autrui",missing_root_type
,"Amortissements des bâtiments industriels, agricoles, administratifs et commerciaux sur sol propre",,unspecified,,0,,"Comptes de bilan / Comptes d'immobilisations / AMORTISSEMENTS / AMORTISSEMENTS DES BÂTIMENTS, INSTALLATIONS TECHNIQUES ET AGENCEMENTS",,,,"Comptes de bilan / Comptes d'immobilisations / AMORTISSEMENTS / AMORTISSEMENTS DES BÂTIMENTS, INSTALLATIONS TECHNIQUES ET AGENCEMENTS / Amortissements des bâtiments industriels, agricoles, administratifs et commerciaux sur sol propre",missing_root_type
,Amortissements des installations techniques,,unspecified,,0,,"Comptes de bilan / Comptes d'immobilisations / AMORTISSEMENTS / AMORTISSEMENTS DES BÂTIMENTS, INSTALLATIONS TECHNIQUES ET AGENCEMENTS",,,,"Comptes de bilan / Comptes d'immobilisations / AMORTISSEMENTS / AMORTISSEMENTS DES BÂTIMENTS, INSTALLATIONS TECHNIQUES ET AGENCEMENTS / Amortissements des installations techniques",missing_root_type
,Amortissements des ouvrages d'infrastructure,,unspecified,,0,,"Comptes de bilan / Comptes d'immobilisations / AMORTISSEMENTS / AMORTISSEMENTS DES BÂTIMENTS, INSTALLATIONS TECHNIQUES ET AGENCEMENTS",,,,"Comptes de bilan / Comptes d'immobilisations / AMORTISSEMENTS / AMORTISSEMENTS DES BÂTIMENTS, INSTALLATIONS TECHNIQUES ET AGENCEMENTS / Amortissements des ouvrages d'infrastructure",missing_root_type
,AMORTISSEMENTS DES IMMOBILISATIONS INCORPORELLES,,group,,1,,Comptes de bilan / Comptes d'immobilisations / AMORTISSEMENTS,,,,Comptes de bilan / Comptes d'immobilisations / AMORTISSEMENTS / AMORTISSEMENTS DES IMMOBILISATIONS INCORPORELLES,missing_root_type
,Amortissements des autres droits et valeurs incorporels,,unspecified,,0,,Comptes de bilan / Comptes d'immobilisations / AMORTISSEMENTS / AMORTISSEMENTS DES IMMOBILISATIONS INCORPORELLES,,,,Comptes de bilan / Comptes d'immobilisations / AMORTISSEMENTS / AMORTISSEMENTS DES IMMOBILISATIONS INCORPORELLES / Amortissements des autres droits et valeurs incorporels,missing_root_type
,"Amortissements des brevets, licences, concessions et droits similaires",,unspecified,,0,,Comptes de bilan / Comptes d'immobilisations / AMORTISSEMENTS / AMORTISSEMENTS DES IMMOBILISATIONS INCORPORELLES,,,,"Comptes de bilan / Comptes d'immobilisations / AMORTISSEMENTS / AMORTISSEMENTS DES IMMOBILISATIONS INCORPORELLES / Amortissements des brevets, licences, concessions et droits similaires",missing_root_type
,Amortissements des frais de recherche et de développement,,unspecified,,0,,Comptes de bilan / Comptes d'immobilisations / AMORTISSEMENTS / AMORTISSEMENTS DES IMMOBILISATIONS INCORPORELLES,,,,Comptes de bilan / Comptes d'immobilisations / AMORTISSEMENTS / AMORTISSEMENTS DES IMMOBILISATIONS INCORPORELLES / Amortissements des frais de recherche et de développement,missing_root_type
,Amortissements des investissements de création,,unspecified,,0,,Comptes de bilan / Comptes d'immobilisations / AMORTISSEMENTS / AMORTISSEMENTS DES IMMOBILISATIONS INCORPORELLES,,,,Comptes de bilan / Comptes d'immobilisations / AMORTISSEMENTS / AMORTISSEMENTS DES IMMOBILISATIONS INCORPORELLES / Amortissements des investissements de création,missing_root_type
,Amortissements des logiciels,,unspecified,,0,,Comptes de bilan / Comptes d'immobilisations / AMORTISSEMENTS / AMORTISSEMENTS DES IMMOBILISATIONS INCORPORELLES,,,,Comptes de bilan / Comptes d'immobilisations / AMORTISSEMENTS / AMORTISSEMENTS DES IMMOBILISATIONS INCORPORELLES / Amortissements des logiciels,missing_root_type
,Amortissements des marques,,unspecified,,0,,Comptes de bilan / Comptes d'immobilisations / AMORTISSEMENTS / AMORTISSEMENTS DES IMMOBILISATIONS INCORPORELLES,,,,Comptes de bilan / Comptes d'immobilisations / AMORTISSEMENTS / AMORTISSEMENTS DES IMMOBILISATIONS INCORPORELLES / Amortissements des marques,missing_root_type
,Amortissements du droit au bail,,unspecified,,0,,Comptes de bilan / Comptes d'immobilisations / AMORTISSEMENTS / AMORTISSEMENTS DES IMMOBILISATIONS INCORPORELLES,,,,Comptes de bilan / Comptes d'immobilisations / AMORTISSEMENTS / AMORTISSEMENTS DES IMMOBILISATIONS INCORPORELLES / Amortissements du droit au bail,missing_root_type
,Amortissements du fonds commercial,,unspecified,,0,,Comptes de bilan / Comptes d'immobilisations / AMORTISSEMENTS / AMORTISSEMENTS DES IMMOBILISATIONS INCORPORELLES,,,,Comptes de bilan / Comptes d'immobilisations / AMORTISSEMENTS / AMORTISSEMENTS DES IMMOBILISATIONS INCORPORELLES / Amortissements du fonds commercial,missing_root_type
,AMORTISSEMENTS DES TERRAINS,,group,,1,,Comptes de bilan / Comptes d'immobilisations / AMORTISSEMENTS,,,,Comptes de bilan / Comptes d'immobilisations / AMORTISSEMENTS / AMORTISSEMENTS DES TERRAINS,missing_root_type
,Amortissements des terrains agricoles et forestiers,,unspecified,,0,,Comptes de bilan / Comptes d'immobilisations / AMORTISSEMENTS / AMORTISSEMENTS DES TERRAINS,,,,Comptes de bilan / Comptes d'immobilisations / AMORTISSEMENTS / AMORTISSEMENTS DES TERRAINS / Amortissements des terrains agricoles et forestiers,missing_root_type
,Amortissements des terrains de gisement,,unspecified,,0,,Comptes de bilan / Comptes d'immobilisations / AMORTISSEMENTS / AMORTISSEMENTS DES TERRAINS,,,,Comptes de bilan / Comptes d'immobilisations / AMORTISSEMENTS / AMORTISSEMENTS DES TERRAINS / Amortissements des terrains de gisement,missing_root_type
,Amortissements des travaux de mise en valeur des terrains,,unspecified,,0,,Comptes de bilan / Comptes d'immobilisations / AMORTISSEMENTS / AMORTISSEMENTS DES TERRAINS,,,,Comptes de bilan / Comptes d'immobilisations / AMORTISSEMENTS / AMORTISSEMENTS DES TERRAINS / Amortissements des travaux de mise en valeur des terrains,missing_root_type
,AMORTISSEMENTS DU MATÉRIEL,,group,,1,,Comptes de bilan / Comptes d'immobilisations / AMORTISSEMENTS,,,,Comptes de bilan / Comptes d'immobilisations / AMORTISSEMENTS / AMORTISSEMENTS DU MATÉRIEL,missing_root_type
,Amortissements des agencements et aménagements du matériel,,unspecified,,0,,Comptes de bilan / Comptes d'immobilisations / AMORTISSEMENTS / AMORTISSEMENTS DU MATÉRIEL,,,,Comptes de bilan / Comptes d'immobilisations / AMORTISSEMENTS / AMORTISSEMENTS DU MATÉRIEL / Amortissements des agencements et aménagements du matériel,missing_root_type
,Amortissements des autres matériels,,unspecified,,0,,Comptes de bilan / Comptes d'immobilisations / AMORTISSEMENTS / AMORTISSEMENTS DU MATÉRIEL,,,,Comptes de bilan / Comptes d'immobilisations / AMORTISSEMENTS / AMORTISSEMENTS DU MATÉRIEL / Amortissements des autres matériels,missing_root_type
,Amortissements des immobilisations animales et agricoles,,unspecified,,0,,Comptes de bilan / Comptes d'immobilisations / AMORTISSEMENTS / AMORTISSEMENTS DU MATÉRIEL,,,,Comptes de bilan / Comptes d'immobilisations / AMORTISSEMENTS / AMORTISSEMENTS DU MATÉRIEL / Amortissements des immobilisations animales et agricoles,missing_root_type
,Amortissements du matériel d'emballage récupérable et identifiable,,unspecified,,0,,Comptes de bilan / Comptes d'immobilisations / AMORTISSEMENTS / AMORTISSEMENTS DU MATÉRIEL,,,,Comptes de bilan / Comptes d'immobilisations / AMORTISSEMENTS / AMORTISSEMENTS DU MATÉRIEL / Amortissements du matériel d'emballage récupérable et identifiable,missing_root_type
,Amortissements du matériel de transport,,unspecified,,0,,Comptes de bilan / Comptes d'immobilisations / AMORTISSEMENTS / AMORTISSEMENTS DU MATÉRIEL,,,,Comptes de bilan / Comptes d'immobilisations / AMORTISSEMENTS / AMORTISSEMENTS DU MATÉRIEL / Amortissements du matériel de transport,missing_root_type
,Amortissements du matériel et mobilier,,unspecified,,0,,Comptes de bilan / Comptes d'immobilisations / AMORTISSEMENTS / AMORTISSEMENTS DU MATÉRIEL,,,,Comptes de bilan / Comptes d'immobilisations / AMORTISSEMENTS / AMORTISSEMENTS DU MATÉRIEL / Amortissements du matériel et mobilier,missing_root_type
,Amortissements du matériel et outillage agricole,,unspecified,,0,,Comptes de bilan / Comptes d'immobilisations / AMORTISSEMENTS / AMORTISSEMENTS DU MATÉRIEL,,,,Comptes de bilan / Comptes d'immobilisations / AMORTISSEMENTS / AMORTISSEMENTS DU MATÉRIEL / Amortissements du matériel et outillage agricole,missing_root_type
,Amortissements du matériel et outillage industriel et commercial,,unspecified,,0,,Comptes de bilan / Comptes d'immobilisations / AMORTISSEMENTS / AMORTISSEMENTS DU MATÉRIEL,,,,Comptes de bilan / Comptes d'immobilisations / AMORTISSEMENTS / AMORTISSEMENTS DU MATÉRIEL / Amortissements du matériel et outillage industriel et commercial,missing_root_type
,AUTRES IMMOBLISATIONS FINANCIÈRES,,group,,1,,Comptes de bilan / Comptes d'immobilisations,,,,Comptes de bilan / Comptes d'immobilisations / AUTRES IMMOBLISATIONS FINANCIÈRES,missing_root_type
,CRÉANCES RATTACHÉES À DES PARTICIPATIONS ET AVANCES À DES G.I.E.,,group,,1,,Comptes de bilan / Comptes d'immobilisations / AUTRES IMMOBLISATIONS FINANCIÈRES,,,,Comptes de bilan / Comptes d'immobilisations / AUTRES IMMOBLISATIONS FINANCIÈRES / CRÉANCES RATTACHÉES À DES PARTICIPATIONS ET AVANCES À DES G.I.E.,missing_root_type
,Avances à des Groupements d'intérêt économique (G.I.E.),,unspecified,,0,,Comptes de bilan / Comptes d'immobilisations / AUTRES IMMOBLISATIONS FINANCIÈRES / CRÉANCES RATTACHÉES À DES PARTICIPATIONS ET AVANCES À DES G.I.E.,,,,Comptes de bilan / Comptes d'immobilisations / AUTRES IMMOBLISATIONS FINANCIÈRES / CRÉANCES RATTACHÉES À DES PARTICIPATIONS ET AVANCES À DES G.I.E. / Avances à des Groupements d'intérêt économique (G.I.E.),missing_root_type
,Créances rattachées à des participations (groupe),,unspecified,,0,,Comptes de bilan / Comptes d'immobilisations / AUTRES IMMOBLISATIONS FINANCIÈRES / CRÉANCES RATTACHÉES À DES PARTICIPATIONS ET AVANCES À DES G.I.E.,,,,Comptes de bilan / Comptes d'immobilisations / AUTRES IMMOBLISATIONS FINANCIÈRES / CRÉANCES RATTACHÉES À DES PARTICIPATIONS ET AVANCES À DES G.I.E. / Créances rattachées à des participations (groupe),missing_root_type
,Créances rattachées à des participations (hors groupe),,unspecified,,0,,Comptes de bilan / Comptes d'immobilisations / AUTRES IMMOBLISATIONS FINANCIÈRES / CRÉANCES RATTACHÉES À DES PARTICIPATIONS ET AVANCES À DES G.I.E.,,,,Comptes de bilan / Comptes d'immobilisations / AUTRES IMMOBLISATIONS FINANCIÈRES / CRÉANCES RATTACHÉES À DES PARTICIPATIONS ET AVANCES À DES G.I.E. / Créances rattachées à des participations (hors groupe),missing_root_type
,Créances rattachées à des sociétés en participation,,unspecified,,0,,Comptes de bilan / Comptes d'immobilisations / AUTRES IMMOBLISATIONS FINANCIÈRES / CRÉANCES RATTACHÉES À DES PARTICIPATIONS ET AVANCES À DES G.I.E.,,,,Comptes de bilan / Comptes d'immobilisations / AUTRES IMMOBLISATIONS FINANCIÈRES / CRÉANCES RATTACHÉES À DES PARTICIPATIONS ET AVANCES À DES G.I.E. / Créances rattachées à des sociétés en participation,missing_root_type
,CRÉANCES SUR L’ÉTAT,,group,,1,,Comptes de bilan / Comptes d'immobilisations / AUTRES IMMOBLISATIONS FINANCIÈRES,,,,Comptes de bilan / Comptes d'immobilisations / AUTRES IMMOBLISATIONS FINANCIÈRES / CRÉANCES SUR L’ÉTAT,missing_root_type
,Autres,,unspecified,,0,,Comptes de bilan / Comptes d'immobilisations / AUTRES IMMOBLISATIONS FINANCIÈRES / CRÉANCES SUR L’ÉTAT,,,,Comptes de bilan / Comptes d'immobilisations / AUTRES IMMOBLISATIONS FINANCIÈRES / CRÉANCES SUR L’ÉTAT / Autres,missing_root_type
,Fonds réglementé,,unspecified,,0,,Comptes de bilan / Comptes d'immobilisations / AUTRES IMMOBLISATIONS FINANCIÈRES / CRÉANCES SUR L’ÉTAT,,,,Comptes de bilan / Comptes d'immobilisations / AUTRES IMMOBLISATIONS FINANCIÈRES / CRÉANCES SUR L’ÉTAT / Fonds réglementé,missing_root_type
,Retenues de garantie,,unspecified,,0,,Comptes de bilan / Comptes d'immobilisations / AUTRES IMMOBLISATIONS FINANCIÈRES / CRÉANCES SUR L’ÉTAT,,,,Comptes de bilan / Comptes d'immobilisations / AUTRES IMMOBLISATIONS FINANCIÈRES / CRÉANCES SUR L’ÉTAT / Retenues de garantie,missing_root_type
,DÉPÔTS ET CAUTIONNEMENTS VERSÉS,,group,,1,,Comptes de bilan / Comptes d'immobilisations / AUTRES IMMOBLISATIONS FINANCIÈRES,,,,Comptes de bilan / Comptes d'immobilisations / AUTRES IMMOBLISATIONS FINANCIÈRES / DÉPÔTS ET CAUTIONNEMENTS VERSÉS,missing_root_type
,Autres dépôts et cautionnements,,unspecified,,0,,Comptes de bilan / Comptes d'immobilisations / AUTRES IMMOBLISATIONS FINANCIÈRES / DÉPÔTS ET CAUTIONNEMENTS VERSÉS,,,,Comptes de bilan / Comptes d'immobilisations / AUTRES IMMOBLISATIONS FINANCIÈRES / DÉPÔTS ET CAUTIONNEMENTS VERSÉS / Autres dépôts et cautionnements,missing_root_type
,Cautionnements sur autres opérations,,unspecified,,0,,Comptes de bilan / Comptes d'immobilisations / AUTRES IMMOBLISATIONS FINANCIÈRES / DÉPÔTS ET CAUTIONNEMENTS VERSÉS,,,,Comptes de bilan / Comptes d'immobilisations / AUTRES IMMOBLISATIONS FINANCIÈRES / DÉPÔTS ET CAUTIONNEMENTS VERSÉS / Cautionnements sur autres opérations,missing_root_type
,Cautionnements sur marchés publics,,unspecified,,0,,Comptes de bilan / Comptes d'immobilisations / AUTRES IMMOBLISATIONS FINANCIÈRES / DÉPÔTS ET CAUTIONNEMENTS VERSÉS,,,,Comptes de bilan / Comptes d'immobilisations / AUTRES IMMOBLISATIONS FINANCIÈRES / DÉPÔTS ET CAUTIONNEMENTS VERSÉS / Cautionnements sur marchés publics,missing_root_type
,Dépôts pour le gaz,,unspecified,,0,,Comptes de bilan / Comptes d'immobilisations / AUTRES IMMOBLISATIONS FINANCIÈRES / DÉPÔTS ET CAUTIONNEMENTS VERSÉS,,,,Comptes de bilan / Comptes d'immobilisations / AUTRES IMMOBLISATIONS FINANCIÈRES / DÉPÔTS ET CAUTIONNEMENTS VERSÉS / Dépôts pour le gaz,missing_root_type
,"Dépôts pour le téléphone, le télex, la télécopie",,unspecified,,0,,Comptes de bilan / Comptes d'immobilisations / AUTRES IMMOBLISATIONS FINANCIÈRES / DÉPÔTS ET CAUTIONNEMENTS VERSÉS,,,,"Comptes de bilan / Comptes d'immobilisations / AUTRES IMMOBLISATIONS FINANCIÈRES / DÉPÔTS ET CAUTIONNEMENTS VERSÉS / Dépôts pour le téléphone, le télex, la télécopie",missing_root_type
,Dépôts pour loyers d’avance,,unspecified,,0,,Comptes de bilan / Comptes d'immobilisations / AUTRES IMMOBLISATIONS FINANCIÈRES / DÉPÔTS ET CAUTIONNEMENTS VERSÉS,,,,Comptes de bilan / Comptes d'immobilisations / AUTRES IMMOBLISATIONS FINANCIÈRES / DÉPÔTS ET CAUTIONNEMENTS VERSÉS / Dépôts pour loyers d’avance,missing_root_type
,Dépôts pour l’eau,,unspecified,,0,,Comptes de bilan / Comptes d'immobilisations / AUTRES IMMOBLISATIONS FINANCIÈRES / DÉPÔTS ET CAUTIONNEMENTS VERSÉS,,,,Comptes de bilan / Comptes d'immobilisations / AUTRES IMMOBLISATIONS FINANCIÈRES / DÉPÔTS ET CAUTIONNEMENTS VERSÉS / Dépôts pour l’eau,missing_root_type
,Dépôts pour l’électricité,,unspecified,,0,,Comptes de bilan / Comptes d'immobilisations / AUTRES IMMOBLISATIONS FINANCIÈRES / DÉPÔTS ET CAUTIONNEMENTS VERSÉS,,,,Comptes de bilan / Comptes d'immobilisations / AUTRES IMMOBLISATIONS FINANCIÈRES / DÉPÔTS ET CAUTIONNEMENTS VERSÉS / Dépôts pour l’électricité,missing_root_type
,IMMOBILISATIONS FINANCIÈRES DIVERSES,,group,,1,,Comptes de bilan / Comptes d'immobilisations / AUTRES IMMOBLISATIONS FINANCIÈRES,,,,Comptes de bilan / Comptes d'immobilisations / AUTRES IMMOBLISATIONS FINANCIÈRES / IMMOBILISATIONS FINANCIÈRES DIVERSES,missing_root_type
,Créances divers hors groupe,,unspecified,,0,,Comptes de bilan / Comptes d'immobilisations / AUTRES IMMOBLISATIONS FINANCIÈRES / IMMOBILISATIONS FINANCIÈRES DIVERSES,,,,Comptes de bilan / Comptes d'immobilisations / AUTRES IMMOBLISATIONS FINANCIÈRES / IMMOBILISATIONS FINANCIÈRES DIVERSES / Créances divers hors groupe,missing_root_type
,Créances diverses groupe,,unspecified,,0,,Comptes de bilan / Comptes d'immobilisations / AUTRES IMMOBLISATIONS FINANCIÈRES / IMMOBILISATIONS FINANCIÈRES DIVERSES,,,,Comptes de bilan / Comptes d'immobilisations / AUTRES IMMOBLISATIONS FINANCIÈRES / IMMOBILISATIONS FINANCIÈRES DIVERSES / Créances diverses groupe,missing_root_type
,Or et métaux précieux (),,unspecified,,0,,Comptes de bilan / Comptes d'immobilisations / AUTRES IMMOBLISATIONS FINANCIÈRES / IMMOBILISATIONS FINANCIÈRES DIVERSES,,,,Comptes de bilan / Comptes d'immobilisations / AUTRES IMMOBLISATIONS FINANCIÈRES / IMMOBILISATIONS FINANCIÈRES DIVERSES / Or et métaux précieux (),missing_root_type
,INTÉRÊTS COURUS,,group,,1,,Comptes de bilan / Comptes d'immobilisations / AUTRES IMMOBLISATIONS FINANCIÈRES,,,,Comptes de bilan / Comptes d'immobilisations / AUTRES IMMOBLISATIONS FINANCIÈRES / INTÉRÊTS COURUS,missing_root_type
,Créances rattachées à des participations,,unspecified,,0,,Comptes de bilan / Comptes d'immobilisations / AUTRES IMMOBLISATIONS FINANCIÈRES / INTÉRÊTS COURUS,,,,Comptes de bilan / Comptes d'immobilisations / AUTRES IMMOBLISATIONS FINANCIÈRES / INTÉRÊTS COURUS / Créances rattachées à des participations,missing_root_type
,Créances sur l'Etat,,unspecified,,0,,Comptes de bilan / Comptes d'immobilisations / AUTRES IMMOBLISATIONS FINANCIÈRES / INTÉRÊTS COURUS,,,,Comptes de bilan / Comptes d'immobilisations / AUTRES IMMOBLISATIONS FINANCIÈRES / INTÉRÊTS COURUS / Créances sur l'Etat,missing_root_type
,Dépôts et cautionnements versés,,unspecified,,0,,Comptes de bilan / Comptes d'immobilisations / AUTRES IMMOBLISATIONS FINANCIÈRES / INTÉRÊTS COURUS,,,,Comptes de bilan / Comptes d'immobilisations / AUTRES IMMOBLISATIONS FINANCIÈRES / INTÉRÊTS COURUS / Dépôts et cautionnements versés,missing_root_type
,Immobilisations financières diverses,,unspecified,,0,,Comptes de bilan / Comptes d'immobilisations / AUTRES IMMOBLISATIONS FINANCIÈRES / INTÉRÊTS COURUS,,,,Comptes de bilan / Comptes d'immobilisations / AUTRES IMMOBLISATIONS FINANCIÈRES / INTÉRÊTS COURUS / Immobilisations financières diverses,missing_root_type
,Prêts au personnel,,unspecified,,0,,Comptes de bilan / Comptes d'immobilisations / AUTRES IMMOBLISATIONS FINANCIÈRES / INTÉRÊTS COURUS,,,,Comptes de bilan / Comptes d'immobilisations / AUTRES IMMOBLISATIONS FINANCIÈRES / INTÉRÊTS COURUS / Prêts au personnel,missing_root_type
,Prêts et créances non commerciales,,unspecified,,0,,Comptes de bilan / Comptes d'immobilisations / AUTRES IMMOBLISATIONS FINANCIÈRES / INTÉRÊTS COURUS,,,,Comptes de bilan / Comptes d'immobilisations / AUTRES IMMOBLISATIONS FINANCIÈRES / INTÉRÊTS COURUS / Prêts et créances non commerciales,missing_root_type
,Titres immobilisés,,unspecified,,0,,Comptes de bilan / Comptes d'immobilisations / AUTRES IMMOBLISATIONS FINANCIÈRES / INTÉRÊTS COURUS,,,,Comptes de bilan / Comptes d'immobilisations / AUTRES IMMOBLISATIONS FINANCIÈRES / INTÉRÊTS COURUS / Titres immobilisés,missing_root_type
,PRÊTS AU PERSONNEL,,group,,1,,Comptes de bilan / Comptes d'immobilisations / AUTRES IMMOBLISATIONS FINANCIÈRES,,,,Comptes de bilan / Comptes d'immobilisations / AUTRES IMMOBLISATIONS FINANCIÈRES / PRÊTS AU PERSONNEL,missing_root_type
,Autres prêts (frais d’études…),,unspecified,,0,,Comptes de bilan / Comptes d'immobilisations / AUTRES IMMOBLISATIONS FINANCIÈRES / PRÊTS AU PERSONNEL,,,,Comptes de bilan / Comptes d'immobilisations / AUTRES IMMOBLISATIONS FINANCIÈRES / PRÊTS AU PERSONNEL / Autres prêts (frais d’études…),missing_root_type
,Prêts immobiliers,,unspecified,,0,,Comptes de bilan / Comptes d'immobilisations / AUTRES IMMOBLISATIONS FINANCIÈRES / PRÊTS AU PERSONNEL,,,,Comptes de bilan / Comptes d'immobilisations / AUTRES IMMOBLISATIONS FINANCIÈRES / PRÊTS AU PERSONNEL / Prêts immobiliers,missing_root_type
,Prêts mobiliers et d’installation,,unspecified,,0,,Comptes de bilan / Comptes d'immobilisations / AUTRES IMMOBLISATIONS FINANCIÈRES / PRÊTS AU PERSONNEL,,,,Comptes de bilan / Comptes d'immobilisations / AUTRES IMMOBLISATIONS FINANCIÈRES / PRÊTS AU PERSONNEL / Prêts mobiliers et d’installation,missing_root_type
,PRÊTS ET CRÉANCES NON COMMERCIALES,,group,,1,,Comptes de bilan / Comptes d'immobilisations / AUTRES IMMOBLISATIONS FINANCIÈRES,,,,Comptes de bilan / Comptes d'immobilisations / AUTRES IMMOBLISATIONS FINANCIÈRES / PRÊTS ET CRÉANCES NON COMMERCIALES,missing_root_type
,Billets de fonds,,unspecified,,0,,Comptes de bilan / Comptes d'immobilisations / AUTRES IMMOBLISATIONS FINANCIÈRES / PRÊTS ET CRÉANCES NON COMMERCIALES,,,,Comptes de bilan / Comptes d'immobilisations / AUTRES IMMOBLISATIONS FINANCIÈRES / PRÊTS ET CRÉANCES NON COMMERCIALES / Billets de fonds,missing_root_type
,Prêts aux associés,,unspecified,,0,,Comptes de bilan / Comptes d'immobilisations / AUTRES IMMOBLISATIONS FINANCIÈRES / PRÊTS ET CRÉANCES NON COMMERCIALES,,,,Comptes de bilan / Comptes d'immobilisations / AUTRES IMMOBLISATIONS FINANCIÈRES / PRÊTS ET CRÉANCES NON COMMERCIALES / Prêts aux associés,missing_root_type
,Prêts participatifs,,unspecified,,0,,Comptes de bilan / Comptes d'immobilisations / AUTRES IMMOBLISATIONS FINANCIÈRES / PRÊTS ET CRÉANCES NON COMMERCIALES,,,,Comptes de bilan / Comptes d'immobilisations / AUTRES IMMOBLISATIONS FINANCIÈRES / PRÊTS ET CRÉANCES NON COMMERCIALES / Prêts participatifs,missing_root_type
,Titres prêtés,,unspecified,,0,,Comptes de bilan / Comptes d'immobilisations / AUTRES IMMOBLISATIONS FINANCIÈRES / PRÊTS ET CRÉANCES NON COMMERCIALES,,,,Comptes de bilan / Comptes d'immobilisations / AUTRES IMMOBLISATIONS FINANCIÈRES / PRÊTS ET CRÉANCES NON COMMERCIALES / Titres prêtés,missing_root_type
,TITRES IMMOBILISÉS,,group,,1,,Comptes de bilan / Comptes d'immobilisations / AUTRES IMMOBLISATIONS FINANCIÈRES,,,,Comptes de bilan / Comptes d'immobilisations / AUTRES IMMOBLISATIONS FINANCIÈRES / TITRES IMMOBILISÉS,missing_root_type
,Autres titres immobilisés,,unspecified,,0,,Comptes de bilan / Comptes d'immobilisations / AUTRES IMMOBLISATIONS FINANCIÈRES / TITRES IMMOBILISÉS,,,,Comptes de bilan / Comptes d'immobilisations / AUTRES IMMOBLISATIONS FINANCIÈRES / TITRES IMMOBILISÉS / Autres titres immobilisés,missing_root_type
,Certificats d’investissement,,unspecified,,0,,Comptes de bilan / Comptes d'immobilisations / AUTRES IMMOBLISATIONS FINANCIÈRES / TITRES IMMOBILISÉS,,,,Comptes de bilan / Comptes d'immobilisations / AUTRES IMMOBLISATIONS FINANCIÈRES / TITRES IMMOBILISÉS / Certificats d’investissement,missing_root_type
,Parts de fonds commun de placement (F.C.P.),,unspecified,,0,,Comptes de bilan / Comptes d'immobilisations / AUTRES IMMOBLISATIONS FINANCIÈRES / TITRES IMMOBILISÉS,,,,Comptes de bilan / Comptes d'immobilisations / AUTRES IMMOBLISATIONS FINANCIÈRES / TITRES IMMOBILISÉS / Parts de fonds commun de placement (F.C.P.),missing_root_type
,Titres immobilisés de l’activité de portefeuille (T.I.A.P.),,unspecified,,0,,Comptes de bilan / Comptes d'immobilisations / AUTRES IMMOBLISATIONS FINANCIÈRES / TITRES IMMOBILISÉS,,,,Comptes de bilan / Comptes d'immobilisations / AUTRES IMMOBLISATIONS FINANCIÈRES / TITRES IMMOBILISÉS / Titres immobilisés de l’activité de portefeuille (T.I.A.P.),missing_root_type
,Titres participatifs,,unspecified,,0,,Comptes de bilan / Comptes d'immobilisations / AUTRES IMMOBLISATIONS FINANCIÈRES / TITRES IMMOBILISÉS,,,,Comptes de bilan / Comptes d'immobilisations / AUTRES IMMOBLISATIONS FINANCIÈRES / TITRES IMMOBILISÉS / Titres participatifs,missing_root_type
,AVANCES ET ACOMPTES VERSÉS SUR IMMOBILISATIONS,,group,,1,,Comptes de bilan / Comptes d'immobilisations,,,,Comptes de bilan / Comptes d'immobilisations / AVANCES ET ACOMPTES VERSÉS SUR IMMOBILISATIONS,missing_root_type
,AVANCES ET ACOMPTES VERSÉS SUR IMMOBILISATIONS CORPORELLES,,unspecified,,0,,Comptes de bilan / Comptes d'immobilisations / AVANCES ET ACOMPTES VERSÉS SUR IMMOBILISATIONS,,,,Comptes de bilan / Comptes d'immobilisations / AVANCES ET ACOMPTES VERSÉS SUR IMMOBILISATIONS / AVANCES ET ACOMPTES VERSÉS SUR IMMOBILISATIONS CORPORELLES,missing_root_type
,AVANCES ET ACOMPTES VERSÉS SUR IMMOBILISATIONS INCORPORELLES,,unspecified,,0,,Comptes de bilan / Comptes d'immobilisations / AVANCES ET ACOMPTES VERSÉS SUR IMMOBILISATIONS,,,,Comptes de bilan / Comptes d'immobilisations / AVANCES ET ACOMPTES VERSÉS SUR IMMOBILISATIONS / AVANCES ET ACOMPTES VERSÉS SUR IMMOBILISATIONS INCORPORELLES,missing_root_type
,"BÂTIMENTS, INSTALLATIONS TECHNIQUES ET AGENCEMENTS",,group,,1,,Comptes de bilan / Comptes d'immobilisations,,,,"Comptes de bilan / Comptes d'immobilisations / BÂTIMENTS, INSTALLATIONS TECHNIQUES ET AGENCEMENTS",missing_root_type
,AMENAGEMENTS DE BUREAUX,,group,,1,,"Comptes de bilan / Comptes d'immobilisations / BÂTIMENTS, INSTALLATIONS TECHNIQUES ET AGENCEMENTS",,,,"Comptes de bilan / Comptes d'immobilisations / BÂTIMENTS, INSTALLATIONS TECHNIQUES ET AGENCEMENTS / AMENAGEMENTS DE BUREAUX",missing_root_type
,Autres,,unspecified,,0,,"Comptes de bilan / Comptes d'immobilisations / BÂTIMENTS, INSTALLATIONS TECHNIQUES ET AGENCEMENTS / AMENAGEMENTS DE BUREAUX",,,,"Comptes de bilan / Comptes d'immobilisations / BÂTIMENTS, INSTALLATIONS TECHNIQUES ET AGENCEMENTS / AMENAGEMENTS DE BUREAUX / Autres",missing_root_type
,Installations générales,,unspecified,,0,,"Comptes de bilan / Comptes d'immobilisations / BÂTIMENTS, INSTALLATIONS TECHNIQUES ET AGENCEMENTS / AMENAGEMENTS DE BUREAUX",,,,"Comptes de bilan / Comptes d'immobilisations / BÂTIMENTS, INSTALLATIONS TECHNIQUES ET AGENCEMENTS / AMENAGEMENTS DE BUREAUX / Installations générales",missing_root_type
,AUTRES INSTALLATIONS ET AGENCEMENTS,,unspecified,,0,,"Comptes de bilan / Comptes d'immobilisations / BÂTIMENTS, INSTALLATIONS TECHNIQUES ET AGENCEMENTS",,,,"Comptes de bilan / Comptes d'immobilisations / BÂTIMENTS, INSTALLATIONS TECHNIQUES ET AGENCEMENTS / AUTRES INSTALLATIONS ET AGENCEMENTS",missing_root_type
,BÂTIMENTS ET INSTALLATIONS EN COURS,,unspecified,,0,,"Comptes de bilan / Comptes d'immobilisations / BÂTIMENTS, INSTALLATIONS TECHNIQUES ET AGENCEMENTS",,,,"Comptes de bilan / Comptes d'immobilisations / BÂTIMENTS, INSTALLATIONS TECHNIQUES ET AGENCEMENTS / BÂTIMENTS ET INSTALLATIONS EN COURS",missing_root_type
,"BÂTIMENTS INDUSTRIELS, AGRICOLES ET COMMERCIAUX MIS EN CONCESSION",,unspecified,,0,,"Comptes de bilan / Comptes d'immobilisations / BÂTIMENTS, INSTALLATIONS TECHNIQUES ET AGENCEMENTS",,,,"Comptes de bilan / Comptes d'immobilisations / BÂTIMENTS, INSTALLATIONS TECHNIQUES ET AGENCEMENTS / BÂTIMENTS INDUSTRIELS, AGRICOLES ET COMMERCIAUX MIS EN CONCESSION",missing_root_type
,"BÂTIMENTS INDUSTRIELS, AGRICOLES, ADMINISTRATIFS ET COMMERCIAUX SUR SOL D’AUTRUI",,group,,1,,"Comptes de bilan / Comptes d'immobilisations / BÂTIMENTS, INSTALLATIONS TECHNIQUES ET AGENCEMENTS",,,,"Comptes de bilan / Comptes d'immobilisations / BÂTIMENTS, INSTALLATIONS TECHNIQUES ET AGENCEMENTS / BÂTIMENTS INDUSTRIELS, AGRICOLES, ADMINISTRATIFS ET COMMERCIAUX SUR SOL D’AUTRUI",missing_root_type
,Bâtiments administratifs et commerciaux,,unspecified,,0,,"Comptes de bilan / Comptes d'immobilisations / BÂTIMENTS, INSTALLATIONS TECHNIQUES ET AGENCEMENTS / BÂTIMENTS INDUSTRIELS, AGRICOLES, ADMINISTRATIFS ET COMMERCIAUX SUR SOL D’AUTRUI",,,,"Comptes de bilan / Comptes d'immobilisations / BÂTIMENTS, INSTALLATIONS TECHNIQUES ET AGENCEMENTS / BÂTIMENTS INDUSTRIELS, AGRICOLES, ADMINISTRATIFS ET COMMERCIAUX SUR SOL D’AUTRUI / Bâtiments administratifs et commerciaux",missing_root_type
,Bâtiments affectés au logement du personnel,,unspecified,,0,,"Comptes de bilan / Comptes d'immobilisations / BÂTIMENTS, INSTALLATIONS TECHNIQUES ET AGENCEMENTS / BÂTIMENTS INDUSTRIELS, AGRICOLES, ADMINISTRATIFS ET COMMERCIAUX SUR SOL D’AUTRUI",,,,"Comptes de bilan / Comptes d'immobilisations / BÂTIMENTS, INSTALLATIONS TECHNIQUES ET AGENCEMENTS / BÂTIMENTS INDUSTRIELS, AGRICOLES, ADMINISTRATIFS ET COMMERCIAUX SUR SOL D’AUTRUI / Bâtiments affectés au logement du personnel",missing_root_type
,Bâtiments agricoles,,unspecified,,0,,"Comptes de bilan / Comptes d'immobilisations / BÂTIMENTS, INSTALLATIONS TECHNIQUES ET AGENCEMENTS / BÂTIMENTS INDUSTRIELS, AGRICOLES, ADMINISTRATIFS ET COMMERCIAUX SUR SOL D’AUTRUI",,,,"Comptes de bilan / Comptes d'immobilisations / BÂTIMENTS, INSTALLATIONS TECHNIQUES ET AGENCEMENTS / BÂTIMENTS INDUSTRIELS, AGRICOLES, ADMINISTRATIFS ET COMMERCIAUX SUR SOL D’AUTRUI / Bâtiments agricoles",missing_root_type
,Bâtiments industriels,,unspecified,,0,,"Comptes de bilan / Comptes d'immobilisations / BÂTIMENTS, INSTALLATIONS TECHNIQUES ET AGENCEMENTS / BÂTIMENTS INDUSTRIELS, AGRICOLES, ADMINISTRATIFS ET COMMERCIAUX SUR SOL D’AUTRUI",,,,"Comptes de bilan / Comptes d'immobilisations / BÂTIMENTS, INSTALLATIONS TECHNIQUES ET AGENCEMENTS / BÂTIMENTS INDUSTRIELS, AGRICOLES, ADMINISTRATIFS ET COMMERCIAUX SUR SOL D’AUTRUI / Bâtiments industriels",missing_root_type
,Immeubles de rapport,,unspecified,,0,,"Comptes de bilan / Comptes d'immobilisations / BÂTIMENTS, INSTALLATIONS TECHNIQUES ET AGENCEMENTS / BÂTIMENTS INDUSTRIELS, AGRICOLES, ADMINISTRATIFS ET COMMERCIAUX SUR SOL D’AUTRUI",,,,"Comptes de bilan / Comptes d'immobilisations / BÂTIMENTS, INSTALLATIONS TECHNIQUES ET AGENCEMENTS / BÂTIMENTS INDUSTRIELS, AGRICOLES, ADMINISTRATIFS ET COMMERCIAUX SUR SOL D’AUTRUI / Immeubles de rapport",missing_root_type
,"BÂTIMENTS INDUSTRIELS, AGRICOLES, ADMINISTRATIFS ET COMMERCIAUX SUR SOL PROPRE",,group,,1,,"Comptes de bilan / Comptes d'immobilisations / BÂTIMENTS, INSTALLATIONS TECHNIQUES ET AGENCEMENTS",,,,"Comptes de bilan / Comptes d'immobilisations / BÂTIMENTS, INSTALLATIONS TECHNIQUES ET AGENCEMENTS / BÂTIMENTS INDUSTRIELS, AGRICOLES, ADMINISTRATIFS ET COMMERCIAUX SUR SOL PROPRE",missing_root_type
,Bâtiments administratifs et commerciaux,,unspecified,,0,,"Comptes de bilan / Comptes d'immobilisations / BÂTIMENTS, INSTALLATIONS TECHNIQUES ET AGENCEMENTS / BÂTIMENTS INDUSTRIELS, AGRICOLES, ADMINISTRATIFS ET COMMERCIAUX SUR SOL PROPRE",,,,"Comptes de bilan / Comptes d'immobilisations / BÂTIMENTS, INSTALLATIONS TECHNIQUES ET AGENCEMENTS / BÂTIMENTS INDUSTRIELS, AGRICOLES, ADMINISTRATIFS ET COMMERCIAUX SUR SOL PROPRE / Bâtiments administratifs et commerciaux",missing_root_type
,Bâtiments affectés au logement du personnel,,unspecified,,0,,"Comptes de bilan / Comptes d'immobilisations / BÂTIMENTS, INSTALLATIONS TECHNIQUES ET AGENCEMENTS / BÂTIMENTS INDUSTRIELS, AGRICOLES, ADMINISTRATIFS ET COMMERCIAUX SUR SOL PROPRE",,,,"Comptes de bilan / Comptes d'immobilisations / BÂTIMENTS, INSTALLATIONS TECHNIQUES ET AGENCEMENTS / BÂTIMENTS INDUSTRIELS, AGRICOLES, ADMINISTRATIFS ET COMMERCIAUX SUR SOL PROPRE / Bâtiments affectés au logement du personnel",missing_root_type
,Bâtiments agricoles,,unspecified,,0,,"Comptes de bilan / Comptes d'immobilisations / BÂTIMENTS, INSTALLATIONS TECHNIQUES ET AGENCEMENTS / BÂTIMENTS INDUSTRIELS, AGRICOLES, ADMINISTRATIFS ET COMMERCIAUX SUR SOL PROPRE",,,,"Comptes de bilan / Comptes d'immobilisations / BÂTIMENTS, INSTALLATIONS TECHNIQUES ET AGENCEMENTS / BÂTIMENTS INDUSTRIELS, AGRICOLES, ADMINISTRATIFS ET COMMERCIAUX SUR SOL PROPRE / Bâtiments agricoles",missing_root_type
,Bâtiments industriels,,unspecified,,0,,"Comptes de bilan / Comptes d'immobilisations / BÂTIMENTS, INSTALLATIONS TECHNIQUES ET AGENCEMENTS / BÂTIMENTS INDUSTRIELS, AGRICOLES, ADMINISTRATIFS ET COMMERCIAUX SUR SOL PROPRE",,,,"Comptes de bilan / Comptes d'immobilisations / BÂTIMENTS, INSTALLATIONS TECHNIQUES ET AGENCEMENTS / BÂTIMENTS INDUSTRIELS, AGRICOLES, ADMINISTRATIFS ET COMMERCIAUX SUR SOL PROPRE / Bâtiments industriels",missing_root_type
,Immeubles de rapport,,unspecified,,0,,"Comptes de bilan / Comptes d'immobilisations / BÂTIMENTS, INSTALLATIONS TECHNIQUES ET AGENCEMENTS / BÂTIMENTS INDUSTRIELS, AGRICOLES, ADMINISTRATIFS ET COMMERCIAUX SUR SOL PROPRE",,,,"Comptes de bilan / Comptes d'immobilisations / BÂTIMENTS, INSTALLATIONS TECHNIQUES ET AGENCEMENTS / BÂTIMENTS INDUSTRIELS, AGRICOLES, ADMINISTRATIFS ET COMMERCIAUX SUR SOL PROPRE / Immeubles de rapport",missing_root_type
,INSTALLATIONS TECHNIQUES,,group,,1,,"Comptes de bilan / Comptes d'immobilisations / BÂTIMENTS, INSTALLATIONS TECHNIQUES ET AGENCEMENTS",,,,"Comptes de bilan / Comptes d'immobilisations / BÂTIMENTS, INSTALLATIONS TECHNIQUES ET AGENCEMENTS / INSTALLATIONS TECHNIQUES",missing_root_type
,Installations complexes spécialisées sur sol d’autrui,,unspecified,,0,,"Comptes de bilan / Comptes d'immobilisations / BÂTIMENTS, INSTALLATIONS TECHNIQUES ET AGENCEMENTS / INSTALLATIONS TECHNIQUES",,,,"Comptes de bilan / Comptes d'immobilisations / BÂTIMENTS, INSTALLATIONS TECHNIQUES ET AGENCEMENTS / INSTALLATIONS TECHNIQUES / Installations complexes spécialisées sur sol d’autrui",missing_root_type
,Installations complexes spécialisées sur sol propre,,unspecified,,0,,"Comptes de bilan / Comptes d'immobilisations / BÂTIMENTS, INSTALLATIONS TECHNIQUES ET AGENCEMENTS / INSTALLATIONS TECHNIQUES",,,,"Comptes de bilan / Comptes d'immobilisations / BÂTIMENTS, INSTALLATIONS TECHNIQUES ET AGENCEMENTS / INSTALLATIONS TECHNIQUES / Installations complexes spécialisées sur sol propre",missing_root_type
,Installations à caractère spécifique sur sol d’autrui,,unspecified,,0,,"Comptes de bilan / Comptes d'immobilisations / BÂTIMENTS, INSTALLATIONS TECHNIQUES ET AGENCEMENTS / INSTALLATIONS TECHNIQUES",,,,"Comptes de bilan / Comptes d'immobilisations / BÂTIMENTS, INSTALLATIONS TECHNIQUES ET AGENCEMENTS / INSTALLATIONS TECHNIQUES / Installations à caractère spécifique sur sol d’autrui",missing_root_type
,Installations à caractère spécifique sur sol propre,,unspecified,,0,,"Comptes de bilan / Comptes d'immobilisations / BÂTIMENTS, INSTALLATIONS TECHNIQUES ET AGENCEMENTS / INSTALLATIONS TECHNIQUES",,,,"Comptes de bilan / Comptes d'immobilisations / BÂTIMENTS, INSTALLATIONS TECHNIQUES ET AGENCEMENTS / INSTALLATIONS TECHNIQUES / Installations à caractère spécifique sur sol propre",missing_root_type
,OUVRAGES D’INFRASTRUCTURE,,group,,1,,"Comptes de bilan / Comptes d'immobilisations / BÂTIMENTS, INSTALLATIONS TECHNIQUES ET AGENCEMENTS",,,,"Comptes de bilan / Comptes d'immobilisations / BÂTIMENTS, INSTALLATIONS TECHNIQUES ET AGENCEMENTS / OUVRAGES D’INFRASTRUCTURE",missing_root_type
,Autres,,unspecified,,0,,"Comptes de bilan / Comptes d'immobilisations / BÂTIMENTS, INSTALLATIONS TECHNIQUES ET AGENCEMENTS / OUVRAGES D’INFRASTRUCTURE",,,,"Comptes de bilan / Comptes d'immobilisations / BÂTIMENTS, INSTALLATIONS TECHNIQUES ET AGENCEMENTS / OUVRAGES D’INFRASTRUCTURE / Autres",missing_root_type
,"Barrages, Digues",,unspecified,,0,,"Comptes de bilan / Comptes d'immobilisations / BÂTIMENTS, INSTALLATIONS TECHNIQUES ET AGENCEMENTS / OUVRAGES D’INFRASTRUCTURE",,,,"Comptes de bilan / Comptes d'immobilisations / BÂTIMENTS, INSTALLATIONS TECHNIQUES ET AGENCEMENTS / OUVRAGES D’INFRASTRUCTURE / Barrages, Digues",missing_root_type
,Pistes d’aérodrome,,unspecified,,0,,"Comptes de bilan / Comptes d'immobilisations / BÂTIMENTS, INSTALLATIONS TECHNIQUES ET AGENCEMENTS / OUVRAGES D’INFRASTRUCTURE",,,,"Comptes de bilan / Comptes d'immobilisations / BÂTIMENTS, INSTALLATIONS TECHNIQUES ET AGENCEMENTS / OUVRAGES D’INFRASTRUCTURE / Pistes d’aérodrome",missing_root_type
,Voies de fer,,unspecified,,0,,"Comptes de bilan / Comptes d'immobilisations / BÂTIMENTS, INSTALLATIONS TECHNIQUES ET AGENCEMENTS / OUVRAGES D’INFRASTRUCTURE",,,,"Comptes de bilan / Comptes d'immobilisations / BÂTIMENTS, INSTALLATIONS TECHNIQUES ET AGENCEMENTS / OUVRAGES D’INFRASTRUCTURE / Voies de fer",missing_root_type
,Voies de terre,,unspecified,,0,,"Comptes de bilan / Comptes d'immobilisations / BÂTIMENTS, INSTALLATIONS TECHNIQUES ET AGENCEMENTS / OUVRAGES D’INFRASTRUCTURE",,,,"Comptes de bilan / Comptes d'immobilisations / BÂTIMENTS, INSTALLATIONS TECHNIQUES ET AGENCEMENTS / OUVRAGES D’INFRASTRUCTURE / Voies de terre",missing_root_type
,Voies d’eau,,unspecified,,0,,"Comptes de bilan / Comptes d'immobilisations / BÂTIMENTS, INSTALLATIONS TECHNIQUES ET AGENCEMENTS / OUVRAGES D’INFRASTRUCTURE",,,,"Comptes de bilan / Comptes d'immobilisations / BÂTIMENTS, INSTALLATIONS TECHNIQUES ET AGENCEMENTS / OUVRAGES D’INFRASTRUCTURE / Voies d’eau",missing_root_type
,CHARGES IMMOBILISÉES,,group,,1,,Comptes de bilan / Comptes d'immobilisations,,,,Comptes de bilan / Comptes d'immobilisations / CHARGES IMMOBILISÉES,missing_root_type
,CHARGES À RÉPARTIR SUR PLUSIEURS EXERCICES,,group,,1,,Comptes de bilan / Comptes d'immobilisations / CHARGES IMMOBILISÉES,,,,Comptes de bilan / Comptes d'immobilisations / CHARGES IMMOBILISÉES / CHARGES À RÉPARTIR SUR PLUSIEURS EXERCICES,missing_root_type
,Charges différées,,unspecified,,0,,Comptes de bilan / Comptes d'immobilisations / CHARGES IMMOBILISÉES / CHARGES À RÉPARTIR SUR PLUSIEURS EXERCICES,,,,Comptes de bilan / Comptes d'immobilisations / CHARGES IMMOBILISÉES / CHARGES À RÉPARTIR SUR PLUSIEURS EXERCICES / Charges différées,missing_root_type
,Charges à étaler,,unspecified,,0,,Comptes de bilan / Comptes d'immobilisations / CHARGES IMMOBILISÉES / CHARGES À RÉPARTIR SUR PLUSIEURS EXERCICES,,,,Comptes de bilan / Comptes d'immobilisations / CHARGES IMMOBILISÉES / CHARGES À RÉPARTIR SUR PLUSIEURS EXERCICES / Charges à étaler,missing_root_type
,Frais d'acquisition d'immobilisations,,unspecified,,0,,Comptes de bilan / Comptes d'immobilisations / CHARGES IMMOBILISÉES / CHARGES À RÉPARTIR SUR PLUSIEURS EXERCICES,,,,Comptes de bilan / Comptes d'immobilisations / CHARGES IMMOBILISÉES / CHARGES À RÉPARTIR SUR PLUSIEURS EXERCICES / Frais d'acquisition d'immobilisations,missing_root_type
,Frais d'émission des emprunts,,unspecified,,0,,Comptes de bilan / Comptes d'immobilisations / CHARGES IMMOBILISÉES / CHARGES À RÉPARTIR SUR PLUSIEURS EXERCICES,,,,Comptes de bilan / Comptes d'immobilisations / CHARGES IMMOBILISÉES / CHARGES À RÉPARTIR SUR PLUSIEURS EXERCICES / Frais d'émission des emprunts,missing_root_type
,FRAIS D'ÉTABLISSEMENT,,group,,1,,Comptes de bilan / Comptes d'immobilisations / CHARGES IMMOBILISÉES,,,,Comptes de bilan / Comptes d'immobilisations / CHARGES IMMOBILISÉES / FRAIS D'ÉTABLISSEMENT,missing_root_type
,Frais d'entrée à la Bourse,,unspecified,,0,,Comptes de bilan / Comptes d'immobilisations / CHARGES IMMOBILISÉES / FRAIS D'ÉTABLISSEMENT,,,,Comptes de bilan / Comptes d'immobilisations / CHARGES IMMOBILISÉES / FRAIS D'ÉTABLISSEMENT / Frais d'entrée à la Bourse,missing_root_type
,Frais de constitution,,unspecified,,0,,Comptes de bilan / Comptes d'immobilisations / CHARGES IMMOBILISÉES / FRAIS D'ÉTABLISSEMENT,,,,Comptes de bilan / Comptes d'immobilisations / CHARGES IMMOBILISÉES / FRAIS D'ÉTABLISSEMENT / Frais de constitution,missing_root_type
,Frais de fonctionnement antérieurs au démarrage,,unspecified,,0,,Comptes de bilan / Comptes d'immobilisations / CHARGES IMMOBILISÉES / FRAIS D'ÉTABLISSEMENT,,,,Comptes de bilan / Comptes d'immobilisations / CHARGES IMMOBILISÉES / FRAIS D'ÉTABLISSEMENT / Frais de fonctionnement antérieurs au démarrage,missing_root_type
,"Frais de modification du capital (fusions, scissions, transformations)",,unspecified,,0,,Comptes de bilan / Comptes d'immobilisations / CHARGES IMMOBILISÉES / FRAIS D'ÉTABLISSEMENT,,,,"Comptes de bilan / Comptes d'immobilisations / CHARGES IMMOBILISÉES / FRAIS D'ÉTABLISSEMENT / Frais de modification du capital (fusions, scissions, transformations)",missing_root_type
,Frais de prospection,,unspecified,,0,,Comptes de bilan / Comptes d'immobilisations / CHARGES IMMOBILISÉES / FRAIS D'ÉTABLISSEMENT,,,,Comptes de bilan / Comptes d'immobilisations / CHARGES IMMOBILISÉES / FRAIS D'ÉTABLISSEMENT / Frais de prospection,missing_root_type
,Frais de publicité et de lancement,,unspecified,,0,,Comptes de bilan / Comptes d'immobilisations / CHARGES IMMOBILISÉES / FRAIS D'ÉTABLISSEMENT,,,,Comptes de bilan / Comptes d'immobilisations / CHARGES IMMOBILISÉES / FRAIS D'ÉTABLISSEMENT / Frais de publicité et de lancement,missing_root_type
,Frais de restructuration,,unspecified,,0,,Comptes de bilan / Comptes d'immobilisations / CHARGES IMMOBILISÉES / FRAIS D'ÉTABLISSEMENT,,,,Comptes de bilan / Comptes d'immobilisations / CHARGES IMMOBILISÉES / FRAIS D'ÉTABLISSEMENT / Frais de restructuration,missing_root_type
,Frais divers d'établissement,,unspecified,,0,,Comptes de bilan / Comptes d'immobilisations / CHARGES IMMOBILISÉES / FRAIS D'ÉTABLISSEMENT,,,,Comptes de bilan / Comptes d'immobilisations / CHARGES IMMOBILISÉES / FRAIS D'ÉTABLISSEMENT / Frais divers d'établissement,missing_root_type
,PRIMES DE REMBOURSEMENT DES OBLIGATIONS,,group,,1,,Comptes de bilan / Comptes d'immobilisations / CHARGES IMMOBILISÉES,,,,Comptes de bilan / Comptes d'immobilisations / CHARGES IMMOBILISÉES / PRIMES DE REMBOURSEMENT DES OBLIGATIONS,missing_root_type
,Autres emprunts obligataires,,unspecified,,0,,Comptes de bilan / Comptes d'immobilisations / CHARGES IMMOBILISÉES / PRIMES DE REMBOURSEMENT DES OBLIGATIONS,,,,Comptes de bilan / Comptes d'immobilisations / CHARGES IMMOBILISÉES / PRIMES DE REMBOURSEMENT DES OBLIGATIONS / Autres emprunts obligataires,missing_root_type
,Obligations convertibles,,unspecified,,0,,Comptes de bilan / Comptes d'immobilisations / CHARGES IMMOBILISÉES / PRIMES DE REMBOURSEMENT DES OBLIGATIONS,,,,Comptes de bilan / Comptes d'immobilisations / CHARGES IMMOBILISÉES / PRIMES DE REMBOURSEMENT DES OBLIGATIONS / Obligations convertibles,missing_root_type
,Obligations ordinaires,,unspecified,,0,,Comptes de bilan / Comptes d'immobilisations / CHARGES IMMOBILISÉES / PRIMES DE REMBOURSEMENT DES OBLIGATIONS,,,,Comptes de bilan / Comptes d'immobilisations / CHARGES IMMOBILISÉES / PRIMES DE REMBOURSEMENT DES OBLIGATIONS / Obligations ordinaires,missing_root_type
,IMMOBILISATIONS INCORPORELLES,,group,,1,,Comptes de bilan / Comptes d'immobilisations,,,,Comptes de bilan / Comptes d'immobilisations / IMMOBILISATIONS INCORPORELLES,missing_root_type
,AUTRES DROITS ET VALEURS INCORPORELS,,unspecified,,0,,Comptes de bilan / Comptes d'immobilisations / IMMOBILISATIONS INCORPORELLES,,,,Comptes de bilan / Comptes d'immobilisations / IMMOBILISATIONS INCORPORELLES / AUTRES DROITS ET VALEURS INCORPORELS,missing_root_type
,"BREVETS, LICENCES, CONCESSIONS ET DROITS SIMILAIRES",,unspecified,,0,,Comptes de bilan / Comptes d'immobilisations / IMMOBILISATIONS INCORPORELLES,,,,"Comptes de bilan / Comptes d'immobilisations / IMMOBILISATIONS INCORPORELLES / BREVETS, LICENCES, CONCESSIONS ET DROITS SIMILAIRES",missing_root_type
,DROIT AU BAIL,,unspecified,,0,,Comptes de bilan / Comptes d'immobilisations / IMMOBILISATIONS INCORPORELLES,,,,Comptes de bilan / Comptes d'immobilisations / IMMOBILISATIONS INCORPORELLES / DROIT AU BAIL,missing_root_type
,FONDS COMMERCIAL,,unspecified,,0,,Comptes de bilan / Comptes d'immobilisations / IMMOBILISATIONS INCORPORELLES,,,,Comptes de bilan / Comptes d'immobilisations / IMMOBILISATIONS INCORPORELLES / FONDS COMMERCIAL,missing_root_type
,FRAIS DE RECHERCHE ET DE DÉVELOPPEMENT,,unspecified,,0,,Comptes de bilan / Comptes d'immobilisations / IMMOBILISATIONS INCORPORELLES,,,,Comptes de bilan / Comptes d'immobilisations / IMMOBILISATIONS INCORPORELLES / FRAIS DE RECHERCHE ET DE DÉVELOPPEMENT,missing_root_type
,IMMOBILISATIONS INCORPORELLES EN COURS,,group,,1,,Comptes de bilan / Comptes d'immobilisations / IMMOBILISATIONS INCORPORELLES,,,,Comptes de bilan / Comptes d'immobilisations / IMMOBILISATIONS INCORPORELLES / IMMOBILISATIONS INCORPORELLES EN COURS,missing_root_type
,Autres droits et valeurs incorporels,,unspecified,,0,,Comptes de bilan / Comptes d'immobilisations / IMMOBILISATIONS INCORPORELLES / IMMOBILISATIONS INCORPORELLES EN COURS,,,,Comptes de bilan / Comptes d'immobilisations / IMMOBILISATIONS INCORPORELLES / IMMOBILISATIONS INCORPORELLES EN COURS / Autres droits et valeurs incorporels,missing_root_type
,Frais de recherche et de développement,,unspecified,,0,,Comptes de bilan / Comptes d'immobilisations / IMMOBILISATIONS INCORPORELLES / IMMOBILISATIONS INCORPORELLES EN COURS,,,,Comptes de bilan / Comptes d'immobilisations / IMMOBILISATIONS INCORPORELLES / IMMOBILISATIONS INCORPORELLES EN COURS / Frais de recherche et de développement,missing_root_type
,Logiciels,,unspecified,,0,,Comptes de bilan / Comptes d'immobilisations / IMMOBILISATIONS INCORPORELLES / IMMOBILISATIONS INCORPORELLES EN COURS,,,,Comptes de bilan / Comptes d'immobilisations / IMMOBILISATIONS INCORPORELLES / IMMOBILISATIONS INCORPORELLES EN COURS / Logiciels,missing_root_type
,INVESTISSEMENTS DE CRÉATION,,unspecified,,0,,Comptes de bilan / Comptes d'immobilisations / IMMOBILISATIONS INCORPORELLES,,,,Comptes de bilan / Comptes d'immobilisations / IMMOBILISATIONS INCORPORELLES / INVESTISSEMENTS DE CRÉATION,missing_root_type
,LOGICIELS,,unspecified,,0,,Comptes de bilan / Comptes d'immobilisations / IMMOBILISATIONS INCORPORELLES,,,,Comptes de bilan / Comptes d'immobilisations / IMMOBILISATIONS INCORPORELLES / LOGICIELS,missing_root_type
,MARQUES,,unspecified,,0,,Comptes de bilan / Comptes d'immobilisations / IMMOBILISATIONS INCORPORELLES,,,,Comptes de bilan / Comptes d'immobilisations / IMMOBILISATIONS INCORPORELLES / MARQUES,missing_root_type
,MATÉRIEL,,group,,1,,Comptes de bilan / Comptes d'immobilisations,,,,Comptes de bilan / Comptes d'immobilisations / MATÉRIEL,missing_root_type
,AGENCEMENTS ET AMÉNAGEMENTS DU MATÉRIEL,,unspecified,,0,,Comptes de bilan / Comptes d'immobilisations / MATÉRIEL,,,,Comptes de bilan / Comptes d'immobilisations / MATÉRIEL / AGENCEMENTS ET AMÉNAGEMENTS DU MATÉRIEL,missing_root_type
,AUTRES MATÉRIELS,,group,,1,,Comptes de bilan / Comptes d'immobilisations / MATÉRIEL,,,,Comptes de bilan / Comptes d'immobilisations / MATÉRIEL / AUTRES MATÉRIELS,missing_root_type
,Collections et oeuvres d’art,,unspecified,,0,,Comptes de bilan / Comptes d'immobilisations / MATÉRIEL / AUTRES MATÉRIELS,,,,Comptes de bilan / Comptes d'immobilisations / MATÉRIEL / AUTRES MATÉRIELS / Collections et oeuvres d’art,missing_root_type
,IMMOBILISATIONS ANIMALES ET AGRICOLES,,group,,1,,Comptes de bilan / Comptes d'immobilisations / MATÉRIEL,,,,Comptes de bilan / Comptes d'immobilisations / MATÉRIEL / IMMOBILISATIONS ANIMALES ET AGRICOLES,missing_root_type
,Animaux de garde,,unspecified,,0,,Comptes de bilan / Comptes d'immobilisations / MATÉRIEL / IMMOBILISATIONS ANIMALES ET AGRICOLES,,,,Comptes de bilan / Comptes d'immobilisations / MATÉRIEL / IMMOBILISATIONS ANIMALES ET AGRICOLES / Animaux de garde,missing_root_type
,Autres,,unspecified,,0,,Comptes de bilan / Comptes d'immobilisations / MATÉRIEL / IMMOBILISATIONS ANIMALES ET AGRICOLES,,,,Comptes de bilan / Comptes d'immobilisations / MATÉRIEL / IMMOBILISATIONS ANIMALES ET AGRICOLES / Autres,missing_root_type
,"Cheptel, animaux de trait",,unspecified,,0,,Comptes de bilan / Comptes d'immobilisations / MATÉRIEL / IMMOBILISATIONS ANIMALES ET AGRICOLES,,,,"Comptes de bilan / Comptes d'immobilisations / MATÉRIEL / IMMOBILISATIONS ANIMALES ET AGRICOLES / Cheptel, animaux de trait",missing_root_type
,"Cheptel, animaux reproducteurs",,unspecified,,0,,Comptes de bilan / Comptes d'immobilisations / MATÉRIEL / IMMOBILISATIONS ANIMALES ET AGRICOLES,,,,"Comptes de bilan / Comptes d'immobilisations / MATÉRIEL / IMMOBILISATIONS ANIMALES ET AGRICOLES / Cheptel, animaux reproducteurs",missing_root_type
,Plantations agricoles,,unspecified,,0,,Comptes de bilan / Comptes d'immobilisations / MATÉRIEL / IMMOBILISATIONS ANIMALES ET AGRICOLES,,,,Comptes de bilan / Comptes d'immobilisations / MATÉRIEL / IMMOBILISATIONS ANIMALES ET AGRICOLES / Plantations agricoles,missing_root_type
,MATÉRIEL DE TRANSPORT,,group,,1,,Comptes de bilan / Comptes d'immobilisations / MATÉRIEL,,,,Comptes de bilan / Comptes d'immobilisations / MATÉRIEL / MATÉRIEL DE TRANSPORT,missing_root_type
,"Autres (vélo, mobylette, moto)",,unspecified,,0,,Comptes de bilan / Comptes d'immobilisations / MATÉRIEL / MATÉRIEL DE TRANSPORT,,,,"Comptes de bilan / Comptes d'immobilisations / MATÉRIEL / MATÉRIEL DE TRANSPORT / Autres (vélo, mobylette, moto)",missing_root_type
,Matériel automobile,,unspecified,,0,,Comptes de bilan / Comptes d'immobilisations / MATÉRIEL / MATÉRIEL DE TRANSPORT,,,,Comptes de bilan / Comptes d'immobilisations / MATÉRIEL / MATÉRIEL DE TRANSPORT / Matériel automobile,missing_root_type
,Matériel aérien,,unspecified,,0,,Comptes de bilan / Comptes d'immobilisations / MATÉRIEL / MATÉRIEL DE TRANSPORT,,,,Comptes de bilan / Comptes d'immobilisations / MATÉRIEL / MATÉRIEL DE TRANSPORT / Matériel aérien,missing_root_type
,Matériel ferroviaire,,unspecified,,0,,Comptes de bilan / Comptes d'immobilisations / MATÉRIEL / MATÉRIEL DE TRANSPORT,,,,Comptes de bilan / Comptes d'immobilisations / MATÉRIEL / MATÉRIEL DE TRANSPORT / Matériel ferroviaire,missing_root_type
,"Matériel fluvial, lagunaire",,unspecified,,0,,Comptes de bilan / Comptes d'immobilisations / MATÉRIEL / MATÉRIEL DE TRANSPORT,,,,"Comptes de bilan / Comptes d'immobilisations / MATÉRIEL / MATÉRIEL DE TRANSPORT / Matériel fluvial, lagunaire",missing_root_type
,Matériel hippomobile,,unspecified,,0,,Comptes de bilan / Comptes d'immobilisations / MATÉRIEL / MATÉRIEL DE TRANSPORT,,,,Comptes de bilan / Comptes d'immobilisations / MATÉRIEL / MATÉRIEL DE TRANSPORT / Matériel hippomobile,missing_root_type
,Matériel naval,,unspecified,,0,,Comptes de bilan / Comptes d'immobilisations / MATÉRIEL / MATÉRIEL DE TRANSPORT,,,,Comptes de bilan / Comptes d'immobilisations / MATÉRIEL / MATÉRIEL DE TRANSPORT / Matériel naval,missing_root_type
,MATÉRIEL D’EMBALLAGE RÉCUPÉRABLE ET IDENTIFIABLE,,unspecified,,0,,Comptes de bilan / Comptes d'immobilisations / MATÉRIEL,,,,Comptes de bilan / Comptes d'immobilisations / MATÉRIEL / MATÉRIEL D’EMBALLAGE RÉCUPÉRABLE ET IDENTIFIABLE,missing_root_type
,MATÉRIEL EN COURS,,group,,1,,Comptes de bilan / Comptes d'immobilisations / MATÉRIEL,,,,Comptes de bilan / Comptes d'immobilisations / MATÉRIEL / MATÉRIEL EN COURS,missing_root_type
,Agencements et aménagements du matériel,,unspecified,,0,,Comptes de bilan / Comptes d'immobilisations / MATÉRIEL / MATÉRIEL EN COURS,,,,Comptes de bilan / Comptes d'immobilisations / MATÉRIEL / MATÉRIEL EN COURS / Agencements et aménagements du matériel,missing_root_type
,Autres matériels,,unspecified,,0,,Comptes de bilan / Comptes d'immobilisations / MATÉRIEL / MATÉRIEL EN COURS,,,,Comptes de bilan / Comptes d'immobilisations / MATÉRIEL / MATÉRIEL EN COURS / Autres matériels,missing_root_type
,Immobilisations animales et agricoles,,unspecified,,0,,Comptes de bilan / Comptes d'immobilisations / MATÉRIEL / MATÉRIEL EN COURS,,,,Comptes de bilan / Comptes d'immobilisations / MATÉRIEL / MATÉRIEL EN COURS / Immobilisations animales et agricoles,missing_root_type
,Matériel de transport,,unspecified,,0,,Comptes de bilan / Comptes d'immobilisations / MATÉRIEL / MATÉRIEL EN COURS,,,,Comptes de bilan / Comptes d'immobilisations / MATÉRIEL / MATÉRIEL EN COURS / Matériel de transport,missing_root_type
,Matériel d’emballage récupérable et identifiable,,unspecified,,0,,Comptes de bilan / Comptes d'immobilisations / MATÉRIEL / MATÉRIEL EN COURS,,,,Comptes de bilan / Comptes d'immobilisations / MATÉRIEL / MATÉRIEL EN COURS / Matériel d’emballage récupérable et identifiable,missing_root_type
,Matériel et mobilier de bureau,,unspecified,,0,,Comptes de bilan / Comptes d'immobilisations / MATÉRIEL / MATÉRIEL EN COURS,,,,Comptes de bilan / Comptes d'immobilisations / MATÉRIEL / MATÉRIEL EN COURS / Matériel et mobilier de bureau,missing_root_type
,Matériel et outillage agricole,,unspecified,,0,,Comptes de bilan / Comptes d'immobilisations / MATÉRIEL / MATÉRIEL EN COURS,,,,Comptes de bilan / Comptes d'immobilisations / MATÉRIEL / MATÉRIEL EN COURS / Matériel et outillage agricole,missing_root_type
,Matériel et outillage industriel et commercial,,unspecified,,0,,Comptes de bilan / Comptes d'immobilisations / MATÉRIEL / MATÉRIEL EN COURS,,,,Comptes de bilan / Comptes d'immobilisations / MATÉRIEL / MATÉRIEL EN COURS / Matériel et outillage industriel et commercial,missing_root_type
,MATÉRIEL ET MOBILIER,,group,,1,,Comptes de bilan / Comptes d'immobilisations / MATÉRIEL,,,,Comptes de bilan / Comptes d'immobilisations / MATÉRIEL / MATÉRIEL ET MOBILIER,missing_root_type
,Matériel bureautique,,unspecified,,0,,Comptes de bilan / Comptes d'immobilisations / MATÉRIEL / MATÉRIEL ET MOBILIER,,,,Comptes de bilan / Comptes d'immobilisations / MATÉRIEL / MATÉRIEL ET MOBILIER / Matériel bureautique,missing_root_type
,Matériel de bureau,,unspecified,,0,,Comptes de bilan / Comptes d'immobilisations / MATÉRIEL / MATÉRIEL ET MOBILIER,,,,Comptes de bilan / Comptes d'immobilisations / MATÉRIEL / MATÉRIEL ET MOBILIER / Matériel de bureau,missing_root_type
,Matériel et mobilier des immeubles de rapport,,unspecified,,0,,Comptes de bilan / Comptes d'immobilisations / MATÉRIEL / MATÉRIEL ET MOBILIER,,,,Comptes de bilan / Comptes d'immobilisations / MATÉRIEL / MATÉRIEL ET MOBILIER / Matériel et mobilier des immeubles de rapport,missing_root_type
,Matériel et mobilier des logements du personnel,,unspecified,,0,,Comptes de bilan / Comptes d'immobilisations / MATÉRIEL / MATÉRIEL ET MOBILIER,,,,Comptes de bilan / Comptes d'immobilisations / MATÉRIEL / MATÉRIEL ET MOBILIER / Matériel et mobilier des logements du personnel,missing_root_type
,Matériel informatique,,unspecified,,0,,Comptes de bilan / Comptes d'immobilisations / MATÉRIEL / MATÉRIEL ET MOBILIER,,,,Comptes de bilan / Comptes d'immobilisations / MATÉRIEL / MATÉRIEL ET MOBILIER / Matériel informatique,missing_root_type
,Mobilier de bureau,,unspecified,,0,,Comptes de bilan / Comptes d'immobilisations / MATÉRIEL / MATÉRIEL ET MOBILIER,,,,Comptes de bilan / Comptes d'immobilisations / MATÉRIEL / MATÉRIEL ET MOBILIER / Mobilier de bureau,missing_root_type
,MATÉRIEL ET OUTILLAGE AGRICOLE,,group,,1,,Comptes de bilan / Comptes d'immobilisations / MATÉRIEL,,,,Comptes de bilan / Comptes d'immobilisations / MATÉRIEL / MATÉRIEL ET OUTILLAGE AGRICOLE,missing_root_type
,Matériel agricole,,unspecified,,0,,Comptes de bilan / Comptes d'immobilisations / MATÉRIEL / MATÉRIEL ET OUTILLAGE AGRICOLE,,,,Comptes de bilan / Comptes d'immobilisations / MATÉRIEL / MATÉRIEL ET OUTILLAGE AGRICOLE / Matériel agricole,missing_root_type
,Outillage agricole,,unspecified,,0,,Comptes de bilan / Comptes d'immobilisations / MATÉRIEL / MATÉRIEL ET OUTILLAGE AGRICOLE,,,,Comptes de bilan / Comptes d'immobilisations / MATÉRIEL / MATÉRIEL ET OUTILLAGE AGRICOLE / Outillage agricole,missing_root_type
,MATÉRIEL ET OUTILLAGE INDUSTRIEL ET COMMERCIAL,,group,,1,,Comptes de bilan / Comptes d'immobilisations / MATÉRIEL,,,,Comptes de bilan / Comptes d'immobilisations / MATÉRIEL / MATÉRIEL ET OUTILLAGE INDUSTRIEL ET COMMERCIAL,missing_root_type
,Matériel commercial,,unspecified,,0,,Comptes de bilan / Comptes d'immobilisations / MATÉRIEL / MATÉRIEL ET OUTILLAGE INDUSTRIEL ET COMMERCIAL,,,,Comptes de bilan / Comptes d'immobilisations / MATÉRIEL / MATÉRIEL ET OUTILLAGE INDUSTRIEL ET COMMERCIAL / Matériel commercial,missing_root_type
,Matériel industriel,,unspecified,,0,,Comptes de bilan / Comptes d'immobilisations / MATÉRIEL / MATÉRIEL ET OUTILLAGE INDUSTRIEL ET COMMERCIAL,,,,Comptes de bilan / Comptes d'immobilisations / MATÉRIEL / MATÉRIEL ET OUTILLAGE INDUSTRIEL ET COMMERCIAL / Matériel industriel,missing_root_type
,Outillage commercial,,unspecified,,0,,Comptes de bilan / Comptes d'immobilisations / MATÉRIEL / MATÉRIEL ET OUTILLAGE INDUSTRIEL ET COMMERCIAL,,,,Comptes de bilan / Comptes d'immobilisations / MATÉRIEL / MATÉRIEL ET OUTILLAGE INDUSTRIEL ET COMMERCIAL / Outillage commercial,missing_root_type
,Outillage industriel,,unspecified,,0,,Comptes de bilan / Comptes d'immobilisations / MATÉRIEL / MATÉRIEL ET OUTILLAGE INDUSTRIEL ET COMMERCIAL,,,,Comptes de bilan / Comptes d'immobilisations / MATÉRIEL / MATÉRIEL ET OUTILLAGE INDUSTRIEL ET COMMERCIAL / Outillage industriel,missing_root_type
,PROVISIONS POUR DEPRECIATION,,group,,1,,Comptes de bilan / Comptes d'immobilisations,,,,Comptes de bilan / Comptes d'immobilisations / PROVISIONS POUR DEPRECIATION,missing_root_type
,PROVISIONS POUR DÉPRÉCIATION DE MATÉRIEL,,group,,1,,Comptes de bilan / Comptes d'immobilisations / PROVISIONS POUR DEPRECIATION,,,,Comptes de bilan / Comptes d'immobilisations / PROVISIONS POUR DEPRECIATION / PROVISIONS POUR DÉPRÉCIATION DE MATÉRIEL,missing_root_type
,Provisions pour dépréciation de matériel en cours,,unspecified,,0,,Comptes de bilan / Comptes d'immobilisations / PROVISIONS POUR DEPRECIATION / PROVISIONS POUR DÉPRÉCIATION DE MATÉRIEL,,,,Comptes de bilan / Comptes d'immobilisations / PROVISIONS POUR DEPRECIATION / PROVISIONS POUR DÉPRÉCIATION DE MATÉRIEL / Provisions pour dépréciation de matériel en cours,missing_root_type
,Provisions pour dépréciation des agencements et aménagements du matériel,,unspecified,,0,,Comptes de bilan / Comptes d'immobilisations / PROVISIONS POUR DEPRECIATION / PROVISIONS POUR DÉPRÉCIATION DE MATÉRIEL,,,,Comptes de bilan / Comptes d'immobilisations / PROVISIONS POUR DEPRECIATION / PROVISIONS POUR DÉPRÉCIATION DE MATÉRIEL / Provisions pour dépréciation des agencements et aménagements du matériel,missing_root_type
,Provisions pour dépréciation des autres matériels,,unspecified,,0,,Comptes de bilan / Comptes d'immobilisations / PROVISIONS POUR DEPRECIATION / PROVISIONS POUR DÉPRÉCIATION DE MATÉRIEL,,,,Comptes de bilan / Comptes d'immobilisations / PROVISIONS POUR DEPRECIATION / PROVISIONS POUR DÉPRÉCIATION DE MATÉRIEL / Provisions pour dépréciation des autres matériels,missing_root_type
,Provisions pour dépréciation des immobilisations animales et agricoles,,unspecified,,0,,Comptes de bilan / Comptes d'immobilisations / PROVISIONS POUR DEPRECIATION / PROVISIONS POUR DÉPRÉCIATION DE MATÉRIEL,,,,Comptes de bilan / Comptes d'immobilisations / PROVISIONS POUR DEPRECIATION / PROVISIONS POUR DÉPRÉCIATION DE MATÉRIEL / Provisions pour dépréciation des immobilisations animales et agricoles,missing_root_type
,Provisions pour dépréciation du matériel d'emballage récupérable et identifiable,,unspecified,,0,,Comptes de bilan / Comptes d'immobilisations / PROVISIONS POUR DEPRECIATION / PROVISIONS POUR DÉPRÉCIATION DE MATÉRIEL,,,,Comptes de bilan / Comptes d'immobilisations / PROVISIONS POUR DEPRECIATION / PROVISIONS POUR DÉPRÉCIATION DE MATÉRIEL / Provisions pour dépréciation du matériel d'emballage récupérable et identifiable,missing_root_type
,Provisions pour dépréciation du matériel de transport,,unspecified,,0,,Comptes de bilan / Comptes d'immobilisations / PROVISIONS POUR DEPRECIATION / PROVISIONS POUR DÉPRÉCIATION DE MATÉRIEL,,,,Comptes de bilan / Comptes d'immobilisations / PROVISIONS POUR DEPRECIATION / PROVISIONS POUR DÉPRÉCIATION DE MATÉRIEL / Provisions pour dépréciation du matériel de transport,missing_root_type
,Provisions pour dépréciation du matériel et mobilier,,unspecified,,0,,Comptes de bilan / Comptes d'immobilisations / PROVISIONS POUR DEPRECIATION / PROVISIONS POUR DÉPRÉCIATION DE MATÉRIEL,,,,Comptes de bilan / Comptes d'immobilisations / PROVISIONS POUR DEPRECIATION / PROVISIONS POUR DÉPRÉCIATION DE MATÉRIEL / Provisions pour dépréciation du matériel et mobilier,missing_root_type
,Provisions pour dépréciation du matériel et outillage agricole,,unspecified,,0,,Comptes de bilan / Comptes d'immobilisations / PROVISIONS POUR DEPRECIATION / PROVISIONS POUR DÉPRÉCIATION DE MATÉRIEL,,,,Comptes de bilan / Comptes d'immobilisations / PROVISIONS POUR DEPRECIATION / PROVISIONS POUR DÉPRÉCIATION DE MATÉRIEL / Provisions pour dépréciation du matériel et outillage agricole,missing_root_type
,Provisions pour dépréciation du matériel et outillage industriel et commercial,,unspecified,,0,,Comptes de bilan / Comptes d'immobilisations / PROVISIONS POUR DEPRECIATION / PROVISIONS POUR DÉPRÉCIATION DE MATÉRIEL,,,,Comptes de bilan / Comptes d'immobilisations / PROVISIONS POUR DEPRECIATION / PROVISIONS POUR DÉPRÉCIATION DE MATÉRIEL / Provisions pour dépréciation du matériel et outillage industriel et commercial,missing_root_type
,PROVISIONS POUR DÉPRÉCIATION DES AUTRES IMMOBILISATIONS FINANCIÈRES,,group,,1,,Comptes de bilan / Comptes d'immobilisations / PROVISIONS POUR DEPRECIATION,,,,Comptes de bilan / Comptes d'immobilisations / PROVISIONS POUR DEPRECIATION / PROVISIONS POUR DÉPRÉCIATION DES AUTRES IMMOBILISATIONS FINANCIÈRES,missing_root_type
,Provisions pour dépréciation des créances financières diverses,,unspecified,,0,,Comptes de bilan / Comptes d'immobilisations / PROVISIONS POUR DEPRECIATION / PROVISIONS POUR DÉPRÉCIATION DES AUTRES IMMOBILISATIONS FINANCIÈRES,,,,Comptes de bilan / Comptes d'immobilisations / PROVISIONS POUR DEPRECIATION / PROVISIONS POUR DÉPRÉCIATION DES AUTRES IMMOBILISATIONS FINANCIÈRES / Provisions pour dépréciation des créances financières diverses,missing_root_type
,Provisions pour dépréciation des créances rattachées à des participations et avances à des GIE,,unspecified,,0,,Comptes de bilan / Comptes d'immobilisations / PROVISIONS POUR DEPRECIATION / PROVISIONS POUR DÉPRÉCIATION DES AUTRES IMMOBILISATIONS FINANCIÈRES,,,,Comptes de bilan / Comptes d'immobilisations / PROVISIONS POUR DEPRECIATION / PROVISIONS POUR DÉPRÉCIATION DES AUTRES IMMOBILISATIONS FINANCIÈRES / Provisions pour dépréciation des créances rattachées à des participations et avances à des GIE,missing_root_type
,Provisions pour dépréciation des créances sur l'Etat,,unspecified,,0,,Comptes de bilan / Comptes d'immobilisations / PROVISIONS POUR DEPRECIATION / PROVISIONS POUR DÉPRÉCIATION DES AUTRES IMMOBILISATIONS FINANCIÈRES,,,,Comptes de bilan / Comptes d'immobilisations / PROVISIONS POUR DEPRECIATION / PROVISIONS POUR DÉPRÉCIATION DES AUTRES IMMOBILISATIONS FINANCIÈRES / Provisions pour dépréciation des créances sur l'Etat,missing_root_type
,Provisions pour dépréciation des dépôts et cautionnements versés,,unspecified,,0,,Comptes de bilan / Comptes d'immobilisations / PROVISIONS POUR DEPRECIATION / PROVISIONS POUR DÉPRÉCIATION DES AUTRES IMMOBILISATIONS FINANCIÈRES,,,,Comptes de bilan / Comptes d'immobilisations / PROVISIONS POUR DEPRECIATION / PROVISIONS POUR DÉPRÉCIATION DES AUTRES IMMOBILISATIONS FINANCIÈRES / Provisions pour dépréciation des dépôts et cautionnements versés,missing_root_type
,Provisions pour dépréciation des prêts au personnel,,unspecified,,0,,Comptes de bilan / Comptes d'immobilisations / PROVISIONS POUR DEPRECIATION / PROVISIONS POUR DÉPRÉCIATION DES AUTRES IMMOBILISATIONS FINANCIÈRES,,,,Comptes de bilan / Comptes d'immobilisations / PROVISIONS POUR DEPRECIATION / PROVISIONS POUR DÉPRÉCIATION DES AUTRES IMMOBILISATIONS FINANCIÈRES / Provisions pour dépréciation des prêts au personnel,missing_root_type
,Provisions pour dépréciation des prêts et créances non commerciales,,unspecified,,0,,Comptes de bilan / Comptes d'immobilisations / PROVISIONS POUR DEPRECIATION / PROVISIONS POUR DÉPRÉCIATION DES AUTRES IMMOBILISATIONS FINANCIÈRES,,,,Comptes de bilan / Comptes d'immobilisations / PROVISIONS POUR DEPRECIATION / PROVISIONS POUR DÉPRÉCIATION DES AUTRES IMMOBILISATIONS FINANCIÈRES / Provisions pour dépréciation des prêts et créances non commerciales,missing_root_type
,Provisions pour dépréciation des titres immobilisés,,unspecified,,0,,Comptes de bilan / Comptes d'immobilisations / PROVISIONS POUR DEPRECIATION / PROVISIONS POUR DÉPRÉCIATION DES AUTRES IMMOBILISATIONS FINANCIÈRES,,,,Comptes de bilan / Comptes d'immobilisations / PROVISIONS POUR DEPRECIATION / PROVISIONS POUR DÉPRÉCIATION DES AUTRES IMMOBILISATIONS FINANCIÈRES / Provisions pour dépréciation des titres immobilisés,missing_root_type
,PROVISIONS POUR DÉPRÉCIATION DES AVANCES ET ACOMPTES VERSÉS SUR IMMOBILISATIONS,,group,,1,,Comptes de bilan / Comptes d'immobilisations / PROVISIONS POUR DEPRECIATION,,,,Comptes de bilan / Comptes d'immobilisations / PROVISIONS POUR DEPRECIATION / PROVISIONS POUR DÉPRÉCIATION DES AVANCES ET ACOMPTES VERSÉS SUR IMMOBILISATIONS,missing_root_type
,Provisions pour dépréciation des avances et acomptes versés sur immobilisations corporelles,,unspecified,,0,,Comptes de bilan / Comptes d'immobilisations / PROVISIONS POUR DEPRECIATION / PROVISIONS POUR DÉPRÉCIATION DES AVANCES ET ACOMPTES VERSÉS SUR IMMOBILISATIONS,,,,Comptes de bilan / Comptes d'immobilisations / PROVISIONS POUR DEPRECIATION / PROVISIONS POUR DÉPRÉCIATION DES AVANCES ET ACOMPTES VERSÉS SUR IMMOBILISATIONS / Provisions pour dépréciation des avances et acomptes versés sur immobilisations corporelles,missing_root_type
,Provisions pour dépréciation des avances et acomptes versés sur immobilisations incorporelles,,unspecified,,0,,Comptes de bilan / Comptes d'immobilisations / PROVISIONS POUR DEPRECIATION / PROVISIONS POUR DÉPRÉCIATION DES AVANCES ET ACOMPTES VERSÉS SUR IMMOBILISATIONS,,,,Comptes de bilan / Comptes d'immobilisations / PROVISIONS POUR DEPRECIATION / PROVISIONS POUR DÉPRÉCIATION DES AVANCES ET ACOMPTES VERSÉS SUR IMMOBILISATIONS / Provisions pour dépréciation des avances et acomptes versés sur immobilisations incorporelles,missing_root_type
,"PROVISIONS POUR DÉPRÉCIATION DES BÂTIMENTS, INSTALLATIONS TECHNIQUES ET AGENCEMENTS",,group,,1,,Comptes de bilan / Comptes d'immobilisations / PROVISIONS POUR DEPRECIATION,,,,"Comptes de bilan / Comptes d'immobilisations / PROVISIONS POUR DEPRECIATION / PROVISIONS POUR DÉPRÉCIATION DES BÂTIMENTS, INSTALLATIONS TECHNIQUES ET AGENCEMENTS",missing_root_type
,Provisions pour dépréciation des aménagements de bureaux,,unspecified,,0,,"Comptes de bilan / Comptes d'immobilisations / PROVISIONS POUR DEPRECIATION / PROVISIONS POUR DÉPRÉCIATION DES BÂTIMENTS, INSTALLATIONS TECHNIQUES ET AGENCEMENTS",,,,"Comptes de bilan / Comptes d'immobilisations / PROVISIONS POUR DEPRECIATION / PROVISIONS POUR DÉPRÉCIATION DES BÂTIMENTS, INSTALLATIONS TECHNIQUES ET AGENCEMENTS / Provisions pour dépréciation des aménagements de bureaux",missing_root_type
,Provisions pour dépréciation des autres installations et agencements,,unspecified,,0,,"Comptes de bilan / Comptes d'immobilisations / PROVISIONS POUR DEPRECIATION / PROVISIONS POUR DÉPRÉCIATION DES BÂTIMENTS, INSTALLATIONS TECHNIQUES ET AGENCEMENTS",,,,"Comptes de bilan / Comptes d'immobilisations / PROVISIONS POUR DEPRECIATION / PROVISIONS POUR DÉPRÉCIATION DES BÂTIMENTS, INSTALLATIONS TECHNIQUES ET AGENCEMENTS / Provisions pour dépréciation des autres installations et agencements",missing_root_type
,Provisions pour dépréciation des bâtiments et installations en cours,,unspecified,,0,,"Comptes de bilan / Comptes d'immobilisations / PROVISIONS POUR DEPRECIATION / PROVISIONS POUR DÉPRÉCIATION DES BÂTIMENTS, INSTALLATIONS TECHNIQUES ET AGENCEMENTS",,,,"Comptes de bilan / Comptes d'immobilisations / PROVISIONS POUR DEPRECIATION / PROVISIONS POUR DÉPRÉCIATION DES BÂTIMENTS, INSTALLATIONS TECHNIQUES ET AGENCEMENTS / Provisions pour dépréciation des bâtiments et installations en cours",missing_root_type
,"Provisions pour dépréciation des bâtiments industriels, agricoles et commerciaux mis en concession",,unspecified,,0,,"Comptes de bilan / Comptes d'immobilisations / PROVISIONS POUR DEPRECIATION / PROVISIONS POUR DÉPRÉCIATION DES BÂTIMENTS, INSTALLATIONS TECHNIQUES ET AGENCEMENTS",,,,"Comptes de bilan / Comptes d'immobilisations / PROVISIONS POUR DEPRECIATION / PROVISIONS POUR DÉPRÉCIATION DES BÂTIMENTS, INSTALLATIONS TECHNIQUES ET AGENCEMENTS / Provisions pour dépréciation des bâtiments industriels, agricoles et commerciaux mis en concession",missing_root_type
,"Provisions pour dépréciation des bâtiments industriels, agricoles, administratifs et commerciaux sur sol d'autrui",,unspecified,,0,,"Comptes de bilan / Comptes d'immobilisations / PROVISIONS POUR DEPRECIATION / PROVISIONS POUR DÉPRÉCIATION DES BÂTIMENTS, INSTALLATIONS TECHNIQUES ET AGENCEMENTS",,,,"Comptes de bilan / Comptes d'immobilisations / PROVISIONS POUR DEPRECIATION / PROVISIONS POUR DÉPRÉCIATION DES BÂTIMENTS, INSTALLATIONS TECHNIQUES ET AGENCEMENTS / Provisions pour dépréciation des bâtiments industriels, agricoles, administratifs et commerciaux sur sol d'autrui",missing_root_type
,"Provisions pour dépréciation des bâtiments industriels, agricoles, administratifs et commerciaux sur sol propre",,unspecified,,0,,"Comptes de bilan / Comptes d'immobilisations / PROVISIONS POUR DEPRECIATION / PROVISIONS POUR DÉPRÉCIATION DES BÂTIMENTS, INSTALLATIONS TECHNIQUES ET AGENCEMENTS",,,,"Comptes de bilan / Comptes d'immobilisations / PROVISIONS POUR DEPRECIATION / PROVISIONS POUR DÉPRÉCIATION DES BÂTIMENTS, INSTALLATIONS TECHNIQUES ET AGENCEMENTS / Provisions pour dépréciation des bâtiments industriels, agricoles, administratifs et commerciaux sur sol propre",missing_root_type
,Provisions pour dépréciation des installations techniques,,unspecified,,0,,"Comptes de bilan / Comptes d'immobilisations / PROVISIONS POUR DEPRECIATION / PROVISIONS POUR DÉPRÉCIATION DES BÂTIMENTS, INSTALLATIONS TECHNIQUES ET AGENCEMENTS",,,,"Comptes de bilan / Comptes d'immobilisations / PROVISIONS POUR DEPRECIATION / PROVISIONS POUR DÉPRÉCIATION DES BÂTIMENTS, INSTALLATIONS TECHNIQUES ET AGENCEMENTS / Provisions pour dépréciation des installations techniques",missing_root_type
,Provisions pour dépréciation des ouvrages d'infrastructures,,unspecified,,0,,"Comptes de bilan / Comptes d'immobilisations / PROVISIONS POUR DEPRECIATION / PROVISIONS POUR DÉPRÉCIATION DES BÂTIMENTS, INSTALLATIONS TECHNIQUES ET AGENCEMENTS",,,,"Comptes de bilan / Comptes d'immobilisations / PROVISIONS POUR DEPRECIATION / PROVISIONS POUR DÉPRÉCIATION DES BÂTIMENTS, INSTALLATIONS TECHNIQUES ET AGENCEMENTS / Provisions pour dépréciation des ouvrages d'infrastructures",missing_root_type
,PROVISIONS POUR DÉPRÉCIATION DES IMMOBILISATIONS INCORPORELLES,,group,,1,,Comptes de bilan / Comptes d'immobilisations / PROVISIONS POUR DEPRECIATION,,,,Comptes de bilan / Comptes d'immobilisations / PROVISIONS POUR DEPRECIATION / PROVISIONS POUR DÉPRÉCIATION DES IMMOBILISATIONS INCORPORELLES,missing_root_type
,Provisions pour dépréciation des autres droits et valeurs incorporels,,unspecified,,0,,Comptes de bilan / Comptes d'immobilisations / PROVISIONS POUR DEPRECIATION / PROVISIONS POUR DÉPRÉCIATION DES IMMOBILISATIONS INCORPORELLES,,,,Comptes de bilan / Comptes d'immobilisations / PROVISIONS POUR DEPRECIATION / PROVISIONS POUR DÉPRÉCIATION DES IMMOBILISATIONS INCORPORELLES / Provisions pour dépréciation des autres droits et valeurs incorporels,missing_root_type
,"Provisions pour dépréciation des brevets, licences, concessions et droits similaires",,unspecified,,0,,Comptes de bilan / Comptes d'immobilisations / PROVISIONS POUR DEPRECIATION / PROVISIONS POUR DÉPRÉCIATION DES IMMOBILISATIONS INCORPORELLES,,,,"Comptes de bilan / Comptes d'immobilisations / PROVISIONS POUR DEPRECIATION / PROVISIONS POUR DÉPRÉCIATION DES IMMOBILISATIONS INCORPORELLES / Provisions pour dépréciation des brevets, licences, concessions et droits similaires",missing_root_type
,Provisions pour dépréciation des immobilisations incorporelles en cours,,unspecified,,0,,Comptes de bilan / Comptes d'immobilisations / PROVISIONS POUR DEPRECIATION / PROVISIONS POUR DÉPRÉCIATION DES IMMOBILISATIONS INCORPORELLES,,,,Comptes de bilan / Comptes d'immobilisations / PROVISIONS POUR DEPRECIATION / PROVISIONS POUR DÉPRÉCIATION DES IMMOBILISATIONS INCORPORELLES / Provisions pour dépréciation des immobilisations incorporelles en cours,missing_root_type
,Provisions pour dépréciation des investissements de création,,unspecified,,0,,Comptes de bilan / Comptes d'immobilisations / PROVISIONS POUR DEPRECIATION / PROVISIONS POUR DÉPRÉCIATION DES IMMOBILISATIONS INCORPORELLES,,,,Comptes de bilan / Comptes d'immobilisations / PROVISIONS POUR DEPRECIATION / PROVISIONS POUR DÉPRÉCIATION DES IMMOBILISATIONS INCORPORELLES / Provisions pour dépréciation des investissements de création,missing_root_type
,Provisions pour dépréciation des logiciels,,unspecified,,0,,Comptes de bilan / Comptes d'immobilisations / PROVISIONS POUR DEPRECIATION / PROVISIONS POUR DÉPRÉCIATION DES IMMOBILISATIONS INCORPORELLES,,,,Comptes de bilan / Comptes d'immobilisations / PROVISIONS POUR DEPRECIATION / PROVISIONS POUR DÉPRÉCIATION DES IMMOBILISATIONS INCORPORELLES / Provisions pour dépréciation des logiciels,missing_root_type
,Provisions pour dépréciation des marques,,unspecified,,0,,Comptes de bilan / Comptes d'immobilisations / PROVISIONS POUR DEPRECIATION / PROVISIONS POUR DÉPRÉCIATION DES IMMOBILISATIONS INCORPORELLES,,,,Comptes de bilan / Comptes d'immobilisations / PROVISIONS POUR DEPRECIATION / PROVISIONS POUR DÉPRÉCIATION DES IMMOBILISATIONS INCORPORELLES / Provisions pour dépréciation des marques,missing_root_type
,Provisions pour dépréciation du droit au bail,,unspecified,,0,,Comptes de bilan / Comptes d'immobilisations / PROVISIONS POUR DEPRECIATION / PROVISIONS POUR DÉPRÉCIATION DES IMMOBILISATIONS INCORPORELLES,,,,Comptes de bilan / Comptes d'immobilisations / PROVISIONS POUR DEPRECIATION / PROVISIONS POUR DÉPRÉCIATION DES IMMOBILISATIONS INCORPORELLES / Provisions pour dépréciation du droit au bail,missing_root_type
,Provisions pour dépréciation du fonds commercial,,unspecified,,0,,Comptes de bilan / Comptes d'immobilisations / PROVISIONS POUR DEPRECIATION / PROVISIONS POUR DÉPRÉCIATION DES IMMOBILISATIONS INCORPORELLES,,,,Comptes de bilan / Comptes d'immobilisations / PROVISIONS POUR DEPRECIATION / PROVISIONS POUR DÉPRÉCIATION DES IMMOBILISATIONS INCORPORELLES / Provisions pour dépréciation du fonds commercial,missing_root_type
,PROVISIONS POUR DÉPRÉCIATION DES TERRAINS,,group,,1,,Comptes de bilan / Comptes d'immobilisations / PROVISIONS POUR DEPRECIATION,,,,Comptes de bilan / Comptes d'immobilisations / PROVISIONS POUR DEPRECIATION / PROVISIONS POUR DÉPRÉCIATION DES TERRAINS,missing_root_type
,Provisions pour dépréciation des aménagements de terrains en cours,,unspecified,,0,,Comptes de bilan / Comptes d'immobilisations / PROVISIONS POUR DEPRECIATION / PROVISIONS POUR DÉPRÉCIATION DES TERRAINS,,,,Comptes de bilan / Comptes d'immobilisations / PROVISIONS POUR DEPRECIATION / PROVISIONS POUR DÉPRÉCIATION DES TERRAINS / Provisions pour dépréciation des aménagements de terrains en cours,missing_root_type
,Provisions pour dépréciation des autres terrains,,unspecified,,0,,Comptes de bilan / Comptes d'immobilisations / PROVISIONS POUR DEPRECIATION / PROVISIONS POUR DÉPRÉCIATION DES TERRAINS,,,,Comptes de bilan / Comptes d'immobilisations / PROVISIONS POUR DEPRECIATION / PROVISIONS POUR DÉPRÉCIATION DES TERRAINS / Provisions pour dépréciation des autres terrains,missing_root_type
,Provisions pour dépréciation des terrains agricoles et forestiers,,unspecified,,0,,Comptes de bilan / Comptes d'immobilisations / PROVISIONS POUR DEPRECIATION / PROVISIONS POUR DÉPRÉCIATION DES TERRAINS,,,,Comptes de bilan / Comptes d'immobilisations / PROVISIONS POUR DEPRECIATION / PROVISIONS POUR DÉPRÉCIATION DES TERRAINS / Provisions pour dépréciation des terrains agricoles et forestiers,missing_root_type
,Provisions pour dépréciation des terrains aménagés,,unspecified,,0,,Comptes de bilan / Comptes d'immobilisations / PROVISIONS POUR DEPRECIATION / PROVISIONS POUR DÉPRÉCIATION DES TERRAINS,,,,Comptes de bilan / Comptes d'immobilisations / PROVISIONS POUR DEPRECIATION / PROVISIONS POUR DÉPRÉCIATION DES TERRAINS / Provisions pour dépréciation des terrains aménagés,missing_root_type
,Provisions pour dépréciation des terrains bâtis,,unspecified,,0,,Comptes de bilan / Comptes d'immobilisations / PROVISIONS POUR DEPRECIATION / PROVISIONS POUR DÉPRÉCIATION DES TERRAINS,,,,Comptes de bilan / Comptes d'immobilisations / PROVISIONS POUR DEPRECIATION / PROVISIONS POUR DÉPRÉCIATION DES TERRAINS / Provisions pour dépréciation des terrains bâtis,missing_root_type
,Provisions pour dépréciation des terrains de gisement,,unspecified,,0,,Comptes de bilan / Comptes d'immobilisations / PROVISIONS POUR DEPRECIATION / PROVISIONS POUR DÉPRÉCIATION DES TERRAINS,,,,Comptes de bilan / Comptes d'immobilisations / PROVISIONS POUR DEPRECIATION / PROVISIONS POUR DÉPRÉCIATION DES TERRAINS / Provisions pour dépréciation des terrains de gisement,missing_root_type
,Provisions pour dépréciation des terrains mis en concession,,unspecified,,0,,Comptes de bilan / Comptes d'immobilisations / PROVISIONS POUR DEPRECIATION / PROVISIONS POUR DÉPRÉCIATION DES TERRAINS,,,,Comptes de bilan / Comptes d'immobilisations / PROVISIONS POUR DEPRECIATION / PROVISIONS POUR DÉPRÉCIATION DES TERRAINS / Provisions pour dépréciation des terrains mis en concession,missing_root_type
,Provisions pour dépréciation des terrains nus,,unspecified,,0,,Comptes de bilan / Comptes d'immobilisations / PROVISIONS POUR DEPRECIATION / PROVISIONS POUR DÉPRÉCIATION DES TERRAINS,,,,Comptes de bilan / Comptes d'immobilisations / PROVISIONS POUR DEPRECIATION / PROVISIONS POUR DÉPRÉCIATION DES TERRAINS / Provisions pour dépréciation des terrains nus,missing_root_type
,Provisions pour dépréciation des travaux de mise en valeur des terrains,,unspecified,,0,,Comptes de bilan / Comptes d'immobilisations / PROVISIONS POUR DEPRECIATION / PROVISIONS POUR DÉPRÉCIATION DES TERRAINS,,,,Comptes de bilan / Comptes d'immobilisations / PROVISIONS POUR DEPRECIATION / PROVISIONS POUR DÉPRÉCIATION DES TERRAINS / Provisions pour dépréciation des travaux de mise en valeur des terrains,missing_root_type
,PROVISIONS POUR DÉPRÉCIATION DES TITRES DE PARTICIPATION,,group,,1,,Comptes de bilan / Comptes d'immobilisations / PROVISIONS POUR DEPRECIATION,,,,Comptes de bilan / Comptes d'immobilisations / PROVISIONS POUR DEPRECIATION / PROVISIONS POUR DÉPRÉCIATION DES TITRES DE PARTICIPATION,missing_root_type
,Provisions pour dépréciation des autres titres de participation,,unspecified,,0,,Comptes de bilan / Comptes d'immobilisations / PROVISIONS POUR DEPRECIATION / PROVISIONS POUR DÉPRÉCIATION DES TITRES DE PARTICIPATION,,,,Comptes de bilan / Comptes d'immobilisations / PROVISIONS POUR DEPRECIATION / PROVISIONS POUR DÉPRÉCIATION DES TITRES DE PARTICIPATION / Provisions pour dépréciation des autres titres de participation,missing_root_type
,Provisions pour dépréciation des participations dans des organismes professionnels,,unspecified,,0,,Comptes de bilan / Comptes d'immobilisations / PROVISIONS POUR DEPRECIATION / PROVISIONS POUR DÉPRÉCIATION DES TITRES DE PARTICIPATION,,,,Comptes de bilan / Comptes d'immobilisations / PROVISIONS POUR DEPRECIATION / PROVISIONS POUR DÉPRÉCIATION DES TITRES DE PARTICIPATION / Provisions pour dépréciation des participations dans des organismes professionnels,missing_root_type
,Provisions pour dépréciation des parts dans des GIE,,unspecified,,0,,Comptes de bilan / Comptes d'immobilisations / PROVISIONS POUR DEPRECIATION / PROVISIONS POUR DÉPRÉCIATION DES TITRES DE PARTICIPATION,,,,Comptes de bilan / Comptes d'immobilisations / PROVISIONS POUR DEPRECIATION / PROVISIONS POUR DÉPRÉCIATION DES TITRES DE PARTICIPATION / Provisions pour dépréciation des parts dans des GIE,missing_root_type
,Provisions pour dépréciation des titres de participation dans des sociétés sous contrôle exclusif,,unspecified,,0,,Comptes de bilan / Comptes d'immobilisations / PROVISIONS POUR DEPRECIATION / PROVISIONS POUR DÉPRÉCIATION DES TITRES DE PARTICIPATION,,,,Comptes de bilan / Comptes d'immobilisations / PROVISIONS POUR DEPRECIATION / PROVISIONS POUR DÉPRÉCIATION DES TITRES DE PARTICIPATION / Provisions pour dépréciation des titres de participation dans des sociétés sous contrôle exclusif,missing_root_type
,Provisions pour dépréciation des titres de participation dans les sociétés conférant une influence notable,,unspecified,,0,,Comptes de bilan / Comptes d'immobilisations / PROVISIONS POUR DEPRECIATION / PROVISIONS POUR DÉPRÉCIATION DES TITRES DE PARTICIPATION,,,,Comptes de bilan / Comptes d'immobilisations / PROVISIONS POUR DEPRECIATION / PROVISIONS POUR DÉPRÉCIATION DES TITRES DE PARTICIPATION / Provisions pour dépréciation des titres de participation dans les sociétés conférant une influence notable,missing_root_type
,Provisions pour dépréciation des titres de participation dans les sociétés sous contrôle conjoint,,unspecified,,0,,Comptes de bilan / Comptes d'immobilisations / PROVISIONS POUR DEPRECIATION / PROVISIONS POUR DÉPRÉCIATION DES TITRES DE PARTICIPATION,,,,Comptes de bilan / Comptes d'immobilisations / PROVISIONS POUR DEPRECIATION / PROVISIONS POUR DÉPRÉCIATION DES TITRES DE PARTICIPATION / Provisions pour dépréciation des titres de participation dans les sociétés sous contrôle conjoint,missing_root_type
,TERRAINS,,group,,1,,Comptes de bilan / Comptes d'immobilisations,,,,Comptes de bilan / Comptes d'immobilisations / TERRAINS,missing_root_type
,AMÉNAGEMENTS DE TERRAINS EN COURS,,group,,1,,Comptes de bilan / Comptes d'immobilisations / TERRAINS,,,,Comptes de bilan / Comptes d'immobilisations / TERRAINS / AMÉNAGEMENTS DE TERRAINS EN COURS,missing_root_type
,Autres terrains,,unspecified,,0,,Comptes de bilan / Comptes d'immobilisations / TERRAINS / AMÉNAGEMENTS DE TERRAINS EN COURS,,,,Comptes de bilan / Comptes d'immobilisations / TERRAINS / AMÉNAGEMENTS DE TERRAINS EN COURS / Autres terrains,missing_root_type
,Terrains agricoles et forestiers,,unspecified,,0,,Comptes de bilan / Comptes d'immobilisations / TERRAINS / AMÉNAGEMENTS DE TERRAINS EN COURS,,,,Comptes de bilan / Comptes d'immobilisations / TERRAINS / AMÉNAGEMENTS DE TERRAINS EN COURS / Terrains agricoles et forestiers,missing_root_type
,Terrains de gisement,,unspecified,,0,,Comptes de bilan / Comptes d'immobilisations / TERRAINS / AMÉNAGEMENTS DE TERRAINS EN COURS,,,,Comptes de bilan / Comptes d'immobilisations / TERRAINS / AMÉNAGEMENTS DE TERRAINS EN COURS / Terrains de gisement,missing_root_type
,Terrains nus,,unspecified,,0,,Comptes de bilan / Comptes d'immobilisations / TERRAINS / AMÉNAGEMENTS DE TERRAINS EN COURS,,,,Comptes de bilan / Comptes d'immobilisations / TERRAINS / AMÉNAGEMENTS DE TERRAINS EN COURS / Terrains nus,missing_root_type
,AUTRES TERRAINS,,group,,1,,Comptes de bilan / Comptes d'immobilisations / TERRAINS,,,,Comptes de bilan / Comptes d'immobilisations / TERRAINS / AUTRES TERRAINS,missing_root_type
,Autres terrains,,unspecified,,0,,Comptes de bilan / Comptes d'immobilisations / TERRAINS / AUTRES TERRAINS,,,,Comptes de bilan / Comptes d'immobilisations / TERRAINS / AUTRES TERRAINS / Autres terrains,missing_root_type
,Terrains des immeubles de rapport,,unspecified,,0,,Comptes de bilan / Comptes d'immobilisations / TERRAINS / AUTRES TERRAINS,,,,Comptes de bilan / Comptes d'immobilisations / TERRAINS / AUTRES TERRAINS / Terrains des immeubles de rapport,missing_root_type
,Terrains des logements affectés au personnel,,unspecified,,0,,Comptes de bilan / Comptes d'immobilisations / TERRAINS / AUTRES TERRAINS,,,,Comptes de bilan / Comptes d'immobilisations / TERRAINS / AUTRES TERRAINS / Terrains des logements affectés au personnel,missing_root_type
,TERRAINS AGRICOLES ET FORESTIERS,,group,,1,,Comptes de bilan / Comptes d'immobilisations / TERRAINS,,,,Comptes de bilan / Comptes d'immobilisations / TERRAINS / TERRAINS AGRICOLES ET FORESTIERS,missing_root_type
,Autres terrains,,unspecified,,0,,Comptes de bilan / Comptes d'immobilisations / TERRAINS / TERRAINS AGRICOLES ET FORESTIERS,,,,Comptes de bilan / Comptes d'immobilisations / TERRAINS / TERRAINS AGRICOLES ET FORESTIERS / Autres terrains,missing_root_type
,Terrains d'exploitation agricole,,unspecified,,0,,Comptes de bilan / Comptes d'immobilisations / TERRAINS / TERRAINS AGRICOLES ET FORESTIERS,,,,Comptes de bilan / Comptes d'immobilisations / TERRAINS / TERRAINS AGRICOLES ET FORESTIERS / Terrains d'exploitation agricole,missing_root_type
,Terrains d'exploitation forestière,,unspecified,,0,,Comptes de bilan / Comptes d'immobilisations / TERRAINS / TERRAINS AGRICOLES ET FORESTIERS,,,,Comptes de bilan / Comptes d'immobilisations / TERRAINS / TERRAINS AGRICOLES ET FORESTIERS / Terrains d'exploitation forestière,missing_root_type
,TERRAINS AMÉNAGÉS,,group,,1,,Comptes de bilan / Comptes d'immobilisations / TERRAINS,,,,Comptes de bilan / Comptes d'immobilisations / TERRAINS / TERRAINS AMÉNAGÉS,missing_root_type
,Parkings,,unspecified,,0,,Comptes de bilan / Comptes d'immobilisations / TERRAINS / TERRAINS AMÉNAGÉS,,,,Comptes de bilan / Comptes d'immobilisations / TERRAINS / TERRAINS AMÉNAGÉS / Parkings,missing_root_type
,TERRAINS BÂTIS,,group,,1,,Comptes de bilan / Comptes d'immobilisations / TERRAINS,,,,Comptes de bilan / Comptes d'immobilisations / TERRAINS / TERRAINS BÂTIS,missing_root_type
,Autres terrains bâtis,,unspecified,,0,,Comptes de bilan / Comptes d'immobilisations / TERRAINS / TERRAINS BÂTIS,,,,Comptes de bilan / Comptes d'immobilisations / TERRAINS / TERRAINS BÂTIS / Autres terrains bâtis,missing_root_type
,pour bâtiments administratifs et commerciaux,,unspecified,,0,,Comptes de bilan / Comptes d'immobilisations / TERRAINS / TERRAINS BÂTIS,,,,Comptes de bilan / Comptes d'immobilisations / TERRAINS / TERRAINS BÂTIS / pour bâtiments administratifs et commerciaux,missing_root_type
,pour bâtiments affectés aux autres opérations non professionnelles,,unspecified,,0,,Comptes de bilan / Comptes d'immobilisations / TERRAINS / TERRAINS BÂTIS,,,,Comptes de bilan / Comptes d'immobilisations / TERRAINS / TERRAINS BÂTIS / pour bâtiments affectés aux autres opérations non professionnelles,missing_root_type
,pour bâtiments affectés aux autres opérations professionnelles,,unspecified,,0,,Comptes de bilan / Comptes d'immobilisations / TERRAINS / TERRAINS BÂTIS,,,,Comptes de bilan / Comptes d'immobilisations / TERRAINS / TERRAINS BÂTIS / pour bâtiments affectés aux autres opérations professionnelles,missing_root_type
,pour bâtiments industriels et agricoles,,unspecified,,0,,Comptes de bilan / Comptes d'immobilisations / TERRAINS / TERRAINS BÂTIS,,,,Comptes de bilan / Comptes d'immobilisations / TERRAINS / TERRAINS BÂTIS / pour bâtiments industriels et agricoles,missing_root_type
,TERRAINS DE GISEMENT,,group,,1,,Comptes de bilan / Comptes d'immobilisations / TERRAINS,,,,Comptes de bilan / Comptes d'immobilisations / TERRAINS / TERRAINS DE GISEMENT,missing_root_type
,Carrières,,unspecified,,0,,Comptes de bilan / Comptes d'immobilisations / TERRAINS / TERRAINS DE GISEMENT,,,,Comptes de bilan / Comptes d'immobilisations / TERRAINS / TERRAINS DE GISEMENT / Carrières,missing_root_type
,TERRAINS MIS EN CONCESSION,,unspecified,,0,,Comptes de bilan / Comptes d'immobilisations / TERRAINS,,,,Comptes de bilan / Comptes d'immobilisations / TERRAINS / TERRAINS MIS EN CONCESSION,missing_root_type
,TERRAINS NUS,,group,,1,,Comptes de bilan / Comptes d'immobilisations / TERRAINS,,,,Comptes de bilan / Comptes d'immobilisations / TERRAINS / TERRAINS NUS,missing_root_type
,Autres terrains nus,,unspecified,,0,,Comptes de bilan / Comptes d'immobilisations / TERRAINS / TERRAINS NUS,,,,Comptes de bilan / Comptes d'immobilisations / TERRAINS / TERRAINS NUS / Autres terrains nus,missing_root_type
,Terrains à bâtir,,unspecified,,0,,Comptes de bilan / Comptes d'immobilisations / TERRAINS / TERRAINS NUS,,,,Comptes de bilan / Comptes d'immobilisations / TERRAINS / TERRAINS NUS / Terrains à bâtir,missing_root_type
,TRAVAUX DE MISE EN VALEUR DES TERRAINS,,group,,1,,Comptes de bilan / Comptes d'immobilisations / TERRAINS,,,,Comptes de bilan / Comptes d'immobilisations / TERRAINS / TRAVAUX DE MISE EN VALEUR DES TERRAINS,missing_root_type
,Autres travaux,,unspecified,,0,,Comptes de bilan / Comptes d'immobilisations / TERRAINS / TRAVAUX DE MISE EN VALEUR DES TERRAINS,,,,Comptes de bilan / Comptes d'immobilisations / TERRAINS / TRAVAUX DE MISE EN VALEUR DES TERRAINS / Autres travaux,missing_root_type
,Plantation d'arbres et d'arbustes,,unspecified,,0,,Comptes de bilan / Comptes d'immobilisations / TERRAINS / TRAVAUX DE MISE EN VALEUR DES TERRAINS,,,,Comptes de bilan / Comptes d'immobilisations / TERRAINS / TRAVAUX DE MISE EN VALEUR DES TERRAINS / Plantation d'arbres et d'arbustes,missing_root_type
,TITRES DE PARTICIPATION,,group,,1,,Comptes de bilan / Comptes d'immobilisations,,,,Comptes de bilan / Comptes d'immobilisations / TITRES DE PARTICIPATION,missing_root_type
,AUTRES TITRES DE PARTICIPATION,,unspecified,,0,,Comptes de bilan / Comptes d'immobilisations / TITRES DE PARTICIPATION,,,,Comptes de bilan / Comptes d'immobilisations / TITRES DE PARTICIPATION / AUTRES TITRES DE PARTICIPATION,missing_root_type
,PARTICIPATIONS DANS DES ORGANISMES PROFESSIONNELS,,unspecified,,0,,Comptes de bilan / Comptes d'immobilisations / TITRES DE PARTICIPATION,,,,Comptes de bilan / Comptes d'immobilisations / TITRES DE PARTICIPATION / PARTICIPATIONS DANS DES ORGANISMES PROFESSIONNELS,missing_root_type
,PARTS DANS DES GROUPEMENTS D’INTÉRÊT ÉCONOMIQUE (G.I.E.),,unspecified,,0,,Comptes de bilan / Comptes d'immobilisations / TITRES DE PARTICIPATION,,,,Comptes de bilan / Comptes d'immobilisations / TITRES DE PARTICIPATION / PARTS DANS DES GROUPEMENTS D’INTÉRÊT ÉCONOMIQUE (G.I.E.),missing_root_type
,TITRES DE PARTICIPATION DANS DES SOCIÉTÉS CONFÉRANT UNE INFLUENCE NOTABLE,,unspecified,,0,,Comptes de bilan / Comptes d'immobilisations / TITRES DE PARTICIPATION,,,,Comptes de bilan / Comptes d'immobilisations / TITRES DE PARTICIPATION / TITRES DE PARTICIPATION DANS DES SOCIÉTÉS CONFÉRANT UNE INFLUENCE NOTABLE,missing_root_type
,TITRES DE PARTICIPATION DANS DES SOCIÉTÉS SOUS CONTRÔLE CONJOINT,,unspecified,,0,,Comptes de bilan / Comptes d'immobilisations / TITRES DE PARTICIPATION,,,,Comptes de bilan / Comptes d'immobilisations / TITRES DE PARTICIPATION / TITRES DE PARTICIPATION DANS DES SOCIÉTÉS SOUS CONTRÔLE CONJOINT,missing_root_type
,TITRES DE PARTICIPATION DANS DES SOCIÉTÉS SOUS CONTRÔLE EXCLUSIF,,unspecified,,0,,Comptes de bilan / Comptes d'immobilisations / TITRES DE PARTICIPATION,,,,Comptes de bilan / Comptes d'immobilisations / TITRES DE PARTICIPATION / TITRES DE PARTICIPATION DANS DES SOCIÉTÉS SOUS CONTRÔLE EXCLUSIF,missing_root_type
,Comptes de capitaux,,group,,1,,Comptes de bilan,,,,Comptes de bilan / Comptes de capitaux,missing_root_type
,CAPITAL,,group,,1,,Comptes de bilan / Comptes de capitaux,,,,Comptes de bilan / Comptes de capitaux / CAPITAL,missing_root_type
,"ACTIONNAIRES, CAPITAL SOUSCRIT, NON APPELÉ",,unspecified,,0,,Comptes de bilan / Comptes de capitaux / CAPITAL,,,,"Comptes de bilan / Comptes de capitaux / CAPITAL / ACTIONNAIRES, CAPITAL SOUSCRIT, NON APPELÉ",missing_root_type
,CAPITAL PAR DOTATION,,group,,1,,Comptes de bilan / Comptes de capitaux / CAPITAL,,,,Comptes de bilan / Comptes de capitaux / CAPITAL / CAPITAL PAR DOTATION,missing_root_type
,Autres dotations,,unspecified,,0,,Comptes de bilan / Comptes de capitaux / CAPITAL / CAPITAL PAR DOTATION,,,,Comptes de bilan / Comptes de capitaux / CAPITAL / CAPITAL PAR DOTATION / Autres dotations,missing_root_type
,Dotation initiale,,unspecified,,0,,Comptes de bilan / Comptes de capitaux / CAPITAL / CAPITAL PAR DOTATION,,,,Comptes de bilan / Comptes de capitaux / CAPITAL / CAPITAL PAR DOTATION / Dotation initiale,missing_root_type
,Dotations complémentaires,,unspecified,,0,,Comptes de bilan / Comptes de capitaux / CAPITAL / CAPITAL PAR DOTATION,,,,Comptes de bilan / Comptes de capitaux / CAPITAL / CAPITAL PAR DOTATION / Dotations complémentaires,missing_root_type
,CAPITAL PERSONNEL,,unspecified,,0,,Comptes de bilan / Comptes de capitaux / CAPITAL,,,,Comptes de bilan / Comptes de capitaux / CAPITAL / CAPITAL PERSONNEL,missing_root_type
,CAPITAL SOCIAL,,group,,1,,Comptes de bilan / Comptes de capitaux / CAPITAL,,,,Comptes de bilan / Comptes de capitaux / CAPITAL / CAPITAL SOCIAL,missing_root_type
,Capital souscrit soumis à des conditions particulières,,unspecified,,0,,Comptes de bilan / Comptes de capitaux / CAPITAL / CAPITAL SOCIAL,,,,Comptes de bilan / Comptes de capitaux / CAPITAL / CAPITAL SOCIAL / Capital souscrit soumis à des conditions particulières,missing_root_type
,"Capital souscrit, appelé, non versé",,unspecified,,0,,Comptes de bilan / Comptes de capitaux / CAPITAL / CAPITAL SOCIAL,,,,"Comptes de bilan / Comptes de capitaux / CAPITAL / CAPITAL SOCIAL / Capital souscrit, appelé, non versé",missing_root_type
,"Capital souscrit, appelé, versé, amorti",,unspecified,,0,,Comptes de bilan / Comptes de capitaux / CAPITAL / CAPITAL SOCIAL,,,,"Comptes de bilan / Comptes de capitaux / CAPITAL / CAPITAL SOCIAL / Capital souscrit, appelé, versé, amorti",missing_root_type
,"Capital souscrit, appelé, versé, non amorti",,unspecified,,0,,Comptes de bilan / Comptes de capitaux / CAPITAL / CAPITAL SOCIAL,,,,"Comptes de bilan / Comptes de capitaux / CAPITAL / CAPITAL SOCIAL / Capital souscrit, appelé, versé, non amorti",missing_root_type
,"Capital souscrit, non appelé",,unspecified,,0,,Comptes de bilan / Comptes de capitaux / CAPITAL / CAPITAL SOCIAL,,,,"Comptes de bilan / Comptes de capitaux / CAPITAL / CAPITAL SOCIAL / Capital souscrit, non appelé",missing_root_type
,COMPTE DE L'EXPLOITANT,,group,,1,,Comptes de bilan / Comptes de capitaux / CAPITAL,,,,Comptes de bilan / Comptes de capitaux / CAPITAL / COMPTE DE L'EXPLOITANT,missing_root_type
,Apports temporaires,,unspecified,,0,,Comptes de bilan / Comptes de capitaux / CAPITAL / COMPTE DE L'EXPLOITANT,,,,Comptes de bilan / Comptes de capitaux / CAPITAL / COMPTE DE L'EXPLOITANT / Apports temporaires,missing_root_type
,Autres prélèvements,,unspecified,,0,,Comptes de bilan / Comptes de capitaux / CAPITAL / COMPTE DE L'EXPLOITANT,,,,Comptes de bilan / Comptes de capitaux / CAPITAL / COMPTE DE L'EXPLOITANT / Autres prélèvements,missing_root_type
,Opérations courantes,,unspecified,,0,,Comptes de bilan / Comptes de capitaux / CAPITAL / COMPTE DE L'EXPLOITANT,,,,Comptes de bilan / Comptes de capitaux / CAPITAL / COMPTE DE L'EXPLOITANT / Opérations courantes,missing_root_type
,Prélèvements d’autoconsommation,,unspecified,,0,,Comptes de bilan / Comptes de capitaux / CAPITAL / COMPTE DE L'EXPLOITANT,,,,Comptes de bilan / Comptes de capitaux / CAPITAL / COMPTE DE L'EXPLOITANT / Prélèvements d’autoconsommation,missing_root_type
,"Rémunérations, impôts et autres charges personnelles",,unspecified,,0,,Comptes de bilan / Comptes de capitaux / CAPITAL / COMPTE DE L'EXPLOITANT,,,,"Comptes de bilan / Comptes de capitaux / CAPITAL / COMPTE DE L'EXPLOITANT / Rémunérations, impôts et autres charges personnelles",missing_root_type
,PRIMES LIÉES AUX CAPITAUX PROPRES,,group,,1,,Comptes de bilan / Comptes de capitaux / CAPITAL,,,,Comptes de bilan / Comptes de capitaux / CAPITAL / PRIMES LIÉES AUX CAPITAUX PROPRES,missing_root_type
,Autres primes,,unspecified,,0,,Comptes de bilan / Comptes de capitaux / CAPITAL / PRIMES LIÉES AUX CAPITAUX PROPRES,,,,Comptes de bilan / Comptes de capitaux / CAPITAL / PRIMES LIÉES AUX CAPITAUX PROPRES / Autres primes,missing_root_type
,Primes d'apport,,unspecified,,0,,Comptes de bilan / Comptes de capitaux / CAPITAL / PRIMES LIÉES AUX CAPITAUX PROPRES,,,,Comptes de bilan / Comptes de capitaux / CAPITAL / PRIMES LIÉES AUX CAPITAUX PROPRES / Primes d'apport,missing_root_type
,Primes d'émission,,unspecified,,0,,Comptes de bilan / Comptes de capitaux / CAPITAL / PRIMES LIÉES AUX CAPITAUX PROPRES,,,,Comptes de bilan / Comptes de capitaux / CAPITAL / PRIMES LIÉES AUX CAPITAUX PROPRES / Primes d'émission,missing_root_type
,Primes de conversion,,unspecified,,0,,Comptes de bilan / Comptes de capitaux / CAPITAL / PRIMES LIÉES AUX CAPITAUX PROPRES,,,,Comptes de bilan / Comptes de capitaux / CAPITAL / PRIMES LIÉES AUX CAPITAUX PROPRES / Primes de conversion,missing_root_type
,Primes de fusion,,unspecified,,0,,Comptes de bilan / Comptes de capitaux / CAPITAL / PRIMES LIÉES AUX CAPITAUX PROPRES,,,,Comptes de bilan / Comptes de capitaux / CAPITAL / PRIMES LIÉES AUX CAPITAUX PROPRES / Primes de fusion,missing_root_type
,ÉCARTS DE RÉÉVALUATION,,group,,1,,Comptes de bilan / Comptes de capitaux / CAPITAL,,,,Comptes de bilan / Comptes de capitaux / CAPITAL / ÉCARTS DE RÉÉVALUATION,missing_root_type
,Écarts de réévaluation libre,,unspecified,,0,,Comptes de bilan / Comptes de capitaux / CAPITAL / ÉCARTS DE RÉÉVALUATION,,,,Comptes de bilan / Comptes de capitaux / CAPITAL / ÉCARTS DE RÉÉVALUATION / Écarts de réévaluation libre,missing_root_type
,Écarts de réévaluation légale,,unspecified,,0,,Comptes de bilan / Comptes de capitaux / CAPITAL / ÉCARTS DE RÉÉVALUATION,,,,Comptes de bilan / Comptes de capitaux / CAPITAL / ÉCARTS DE RÉÉVALUATION / Écarts de réévaluation légale,missing_root_type
,DETTES DE CRÉDIT - BAIL ET CONTRATS ASSIMILÉS,,group,,1,,Comptes de bilan / Comptes de capitaux,,,,Comptes de bilan / Comptes de capitaux / DETTES DE CRÉDIT - BAIL ET CONTRATS ASSIMILÉS,missing_root_type
,EMPRUNTS ÉQUIVALENTS DE CRÉDIT - BAIL IMMOBILIER,,unspecified,,0,,Comptes de bilan / Comptes de capitaux / DETTES DE CRÉDIT - BAIL ET CONTRATS ASSIMILÉS,,,,Comptes de bilan / Comptes de capitaux / DETTES DE CRÉDIT - BAIL ET CONTRATS ASSIMILÉS / EMPRUNTS ÉQUIVALENTS DE CRÉDIT - BAIL IMMOBILIER,missing_root_type
,EMPRUNTS ÉQUIVALENTS DE CRÉDIT - BAIL MOBILIER,,unspecified,,0,,Comptes de bilan / Comptes de capitaux / DETTES DE CRÉDIT - BAIL ET CONTRATS ASSIMILÉS,,,,Comptes de bilan / Comptes de capitaux / DETTES DE CRÉDIT - BAIL ET CONTRATS ASSIMILÉS / EMPRUNTS ÉQUIVALENTS DE CRÉDIT - BAIL MOBILIER,missing_root_type
,EMPRUNTS ÉQUIVALENTS D’AUTRES CONTRATS,,unspecified,,0,,Comptes de bilan / Comptes de capitaux / DETTES DE CRÉDIT - BAIL ET CONTRATS ASSIMILÉS,,,,Comptes de bilan / Comptes de capitaux / DETTES DE CRÉDIT - BAIL ET CONTRATS ASSIMILÉS / EMPRUNTS ÉQUIVALENTS D’AUTRES CONTRATS,missing_root_type
,INTÉRÊTS COURUS,,group,,1,,Comptes de bilan / Comptes de capitaux / DETTES DE CRÉDIT - BAIL ET CONTRATS ASSIMILÉS,,,,Comptes de bilan / Comptes de capitaux / DETTES DE CRÉDIT - BAIL ET CONTRATS ASSIMILÉS / INTÉRÊTS COURUS,missing_root_type
,sur emprunts équivalents de crédit – bail immobilier,,unspecified,,0,,Comptes de bilan / Comptes de capitaux / DETTES DE CRÉDIT - BAIL ET CONTRATS ASSIMILÉS / INTÉRÊTS COURUS,,,,Comptes de bilan / Comptes de capitaux / DETTES DE CRÉDIT - BAIL ET CONTRATS ASSIMILÉS / INTÉRÊTS COURUS / sur emprunts équivalents de crédit – bail immobilier,missing_root_type
,sur emprunts équivalents de crédit – bail mobilier,,unspecified,,0,,Comptes de bilan / Comptes de capitaux / DETTES DE CRÉDIT - BAIL ET CONTRATS ASSIMILÉS / INTÉRÊTS COURUS,,,,Comptes de bilan / Comptes de capitaux / DETTES DE CRÉDIT - BAIL ET CONTRATS ASSIMILÉS / INTÉRÊTS COURUS / sur emprunts équivalents de crédit – bail mobilier,missing_root_type
,sur emprunts équivalents d’autres contrats,,unspecified,,0,,Comptes de bilan / Comptes de capitaux / DETTES DE CRÉDIT - BAIL ET CONTRATS ASSIMILÉS / INTÉRÊTS COURUS,,,,Comptes de bilan / Comptes de capitaux / DETTES DE CRÉDIT - BAIL ET CONTRATS ASSIMILÉS / INTÉRÊTS COURUS / sur emprunts équivalents d’autres contrats,missing_root_type
,DETTES LIÉES À DES PARTICIPATIONS ET COMPTES DE LIAISON DES ETABLISSEMENTS ET SOCIÉTÉS EN PARTICIPATION,,group,,1,,Comptes de bilan / Comptes de capitaux,,,,Comptes de bilan / Comptes de capitaux / DETTES LIÉES À DES PARTICIPATIONS ET COMPTES DE LIAISON DES ETABLISSEMENTS ET SOCIÉTÉS EN PARTICIPATION,missing_root_type
,COMPTES DE LIAISON CHARGES,,unspecified,,0,,Comptes de bilan / Comptes de capitaux / DETTES LIÉES À DES PARTICIPATIONS ET COMPTES DE LIAISON DES ETABLISSEMENTS ET SOCIÉTÉS EN PARTICIPATION,,,,Comptes de bilan / Comptes de capitaux / DETTES LIÉES À DES PARTICIPATIONS ET COMPTES DE LIAISON DES ETABLISSEMENTS ET SOCIÉTÉS EN PARTICIPATION / COMPTES DE LIAISON CHARGES,missing_root_type
,COMPTES DE LIAISON DES SOCIÉTÉS EN PARTICIPATION,,unspecified,,0,,Comptes de bilan / Comptes de capitaux / DETTES LIÉES À DES PARTICIPATIONS ET COMPTES DE LIAISON DES ETABLISSEMENTS ET SOCIÉTÉS EN PARTICIPATION,,,,Comptes de bilan / Comptes de capitaux / DETTES LIÉES À DES PARTICIPATIONS ET COMPTES DE LIAISON DES ETABLISSEMENTS ET SOCIÉTÉS EN PARTICIPATION / COMPTES DE LIAISON DES SOCIÉTÉS EN PARTICIPATION,missing_root_type
,COMPTES DE LIAISON PRODUITS,,unspecified,,0,,Comptes de bilan / Comptes de capitaux / DETTES LIÉES À DES PARTICIPATIONS ET COMPTES DE LIAISON DES ETABLISSEMENTS ET SOCIÉTÉS EN PARTICIPATION,,,,Comptes de bilan / Comptes de capitaux / DETTES LIÉES À DES PARTICIPATIONS ET COMPTES DE LIAISON DES ETABLISSEMENTS ET SOCIÉTÉS EN PARTICIPATION / COMPTES DE LIAISON PRODUITS,missing_root_type
,COMPTES PERMANENTS BLOQUÉS DES ÉTABLISSEMENTS ET SUCCURSALES,,unspecified,,0,,Comptes de bilan / Comptes de capitaux / DETTES LIÉES À DES PARTICIPATIONS ET COMPTES DE LIAISON DES ETABLISSEMENTS ET SOCIÉTÉS EN PARTICIPATION,,,,Comptes de bilan / Comptes de capitaux / DETTES LIÉES À DES PARTICIPATIONS ET COMPTES DE LIAISON DES ETABLISSEMENTS ET SOCIÉTÉS EN PARTICIPATION / COMPTES PERMANENTS BLOQUÉS DES ÉTABLISSEMENTS ET SUCCURSALES,missing_root_type
,COMPTES PERMANENTS NON BLOQUÉS DES ÉTABLISSEMENTS ET SUCCURSALES,,unspecified,,0,,Comptes de bilan / Comptes de capitaux / DETTES LIÉES À DES PARTICIPATIONS ET COMPTES DE LIAISON DES ETABLISSEMENTS ET SOCIÉTÉS EN PARTICIPATION,,,,Comptes de bilan / Comptes de capitaux / DETTES LIÉES À DES PARTICIPATIONS ET COMPTES DE LIAISON DES ETABLISSEMENTS ET SOCIÉTÉS EN PARTICIPATION / COMPTES PERMANENTS NON BLOQUÉS DES ÉTABLISSEMENTS ET SUCCURSALES,missing_root_type
,DETTES LIÉES À DES PARTICIPATIONS,,group,,1,,Comptes de bilan / Comptes de capitaux / DETTES LIÉES À DES PARTICIPATIONS ET COMPTES DE LIAISON DES ETABLISSEMENTS ET SOCIÉTÉS EN PARTICIPATION,,,,Comptes de bilan / Comptes de capitaux / DETTES LIÉES À DES PARTICIPATIONS ET COMPTES DE LIAISON DES ETABLISSEMENTS ET SOCIÉTÉS EN PARTICIPATION / DETTES LIÉES À DES PARTICIPATIONS,missing_root_type
,Dettes liées à des participations (groupe),,unspecified,,0,,Comptes de bilan / Comptes de capitaux / DETTES LIÉES À DES PARTICIPATIONS ET COMPTES DE LIAISON DES ETABLISSEMENTS ET SOCIÉTÉS EN PARTICIPATION / DETTES LIÉES À DES PARTICIPATIONS,,,,Comptes de bilan / Comptes de capitaux / DETTES LIÉES À DES PARTICIPATIONS ET COMPTES DE LIAISON DES ETABLISSEMENTS ET SOCIÉTÉS EN PARTICIPATION / DETTES LIÉES À DES PARTICIPATIONS / Dettes liées à des participations (groupe),missing_root_type
,Dettes liées à des participations (hors groupe),,unspecified,,0,,Comptes de bilan / Comptes de capitaux / DETTES LIÉES À DES PARTICIPATIONS ET COMPTES DE LIAISON DES ETABLISSEMENTS ET SOCIÉTÉS EN PARTICIPATION / DETTES LIÉES À DES PARTICIPATIONS,,,,Comptes de bilan / Comptes de capitaux / DETTES LIÉES À DES PARTICIPATIONS ET COMPTES DE LIAISON DES ETABLISSEMENTS ET SOCIÉTÉS EN PARTICIPATION / DETTES LIÉES À DES PARTICIPATIONS / Dettes liées à des participations (hors groupe),missing_root_type
,DETTES LIÉES À DES SOCIÉTÉS EN PARTICIPATION,,unspecified,,0,,Comptes de bilan / Comptes de capitaux / DETTES LIÉES À DES PARTICIPATIONS ET COMPTES DE LIAISON DES ETABLISSEMENTS ET SOCIÉTÉS EN PARTICIPATION,,,,Comptes de bilan / Comptes de capitaux / DETTES LIÉES À DES PARTICIPATIONS ET COMPTES DE LIAISON DES ETABLISSEMENTS ET SOCIÉTÉS EN PARTICIPATION / DETTES LIÉES À DES SOCIÉTÉS EN PARTICIPATION,missing_root_type
,INTÉRÊTS COURUS SUR DETTES LIÉES À DES PARTICIPATIONS,,unspecified,,0,,Comptes de bilan / Comptes de capitaux / DETTES LIÉES À DES PARTICIPATIONS ET COMPTES DE LIAISON DES ETABLISSEMENTS ET SOCIÉTÉS EN PARTICIPATION,,,,Comptes de bilan / Comptes de capitaux / DETTES LIÉES À DES PARTICIPATIONS ET COMPTES DE LIAISON DES ETABLISSEMENTS ET SOCIÉTÉS EN PARTICIPATION / INTÉRÊTS COURUS SUR DETTES LIÉES À DES PARTICIPATIONS,missing_root_type
,EMPRUNTS ET DETTES ASSIMILÉES,,group,,1,,Comptes de bilan / Comptes de capitaux,,,,Comptes de bilan / Comptes de capitaux / EMPRUNTS ET DETTES ASSIMILÉES,missing_root_type
,AUTRES EMPRUNTS ET DETTES,,group,,1,,Comptes de bilan / Comptes de capitaux / EMPRUNTS ET DETTES ASSIMILÉES,,,,Comptes de bilan / Comptes de capitaux / EMPRUNTS ET DETTES ASSIMILÉES / AUTRES EMPRUNTS ET DETTES,missing_root_type
,Billets de fonds,,unspecified,,0,,Comptes de bilan / Comptes de capitaux / EMPRUNTS ET DETTES ASSIMILÉES / AUTRES EMPRUNTS ET DETTES,,,,Comptes de bilan / Comptes de capitaux / EMPRUNTS ET DETTES ASSIMILÉES / AUTRES EMPRUNTS ET DETTES / Billets de fonds,missing_root_type
,Dettes consécutives à des titres empruntés,,unspecified,,0,,Comptes de bilan / Comptes de capitaux / EMPRUNTS ET DETTES ASSIMILÉES / AUTRES EMPRUNTS ET DETTES,,,,Comptes de bilan / Comptes de capitaux / EMPRUNTS ET DETTES ASSIMILÉES / AUTRES EMPRUNTS ET DETTES / Dettes consécutives à des titres empruntés,missing_root_type
,Dettes du concédant exigibles en nature,,unspecified,,0,,Comptes de bilan / Comptes de capitaux / EMPRUNTS ET DETTES ASSIMILÉES / AUTRES EMPRUNTS ET DETTES,,,,Comptes de bilan / Comptes de capitaux / EMPRUNTS ET DETTES ASSIMILÉES / AUTRES EMPRUNTS ET DETTES / Dettes du concédant exigibles en nature,missing_root_type
,Emprunts participatifs,,unspecified,,0,,Comptes de bilan / Comptes de capitaux / EMPRUNTS ET DETTES ASSIMILÉES / AUTRES EMPRUNTS ET DETTES,,,,Comptes de bilan / Comptes de capitaux / EMPRUNTS ET DETTES ASSIMILÉES / AUTRES EMPRUNTS ET DETTES / Emprunts participatifs,missing_root_type
,Participation des travailleurs aux bénéfices,,unspecified,,0,,Comptes de bilan / Comptes de capitaux / EMPRUNTS ET DETTES ASSIMILÉES / AUTRES EMPRUNTS ET DETTES,,,,Comptes de bilan / Comptes de capitaux / EMPRUNTS ET DETTES ASSIMILÉES / AUTRES EMPRUNTS ET DETTES / Participation des travailleurs aux bénéfices,missing_root_type
,Rentes viagères capitalisées,,unspecified,,0,,Comptes de bilan / Comptes de capitaux / EMPRUNTS ET DETTES ASSIMILÉES / AUTRES EMPRUNTS ET DETTES,,,,Comptes de bilan / Comptes de capitaux / EMPRUNTS ET DETTES ASSIMILÉES / AUTRES EMPRUNTS ET DETTES / Rentes viagères capitalisées,missing_root_type
,AVANCES ASSORTIES DE CONDITIONS PARTICULIÈRES,,group,,1,,Comptes de bilan / Comptes de capitaux / EMPRUNTS ET DETTES ASSIMILÉES,,,,Comptes de bilan / Comptes de capitaux / EMPRUNTS ET DETTES ASSIMILÉES / AVANCES ASSORTIES DE CONDITIONS PARTICULIÈRES,missing_root_type
,Avances bloquées pour augmentation du capital,,unspecified,,0,,Comptes de bilan / Comptes de capitaux / EMPRUNTS ET DETTES ASSIMILÉES / AVANCES ASSORTIES DE CONDITIONS PARTICULIÈRES,,,,Comptes de bilan / Comptes de capitaux / EMPRUNTS ET DETTES ASSIMILÉES / AVANCES ASSORTIES DE CONDITIONS PARTICULIÈRES / Avances bloquées pour augmentation du capital,missing_root_type
,Avances conditionnées par l'État,,unspecified,,0,,Comptes de bilan / Comptes de capitaux / EMPRUNTS ET DETTES ASSIMILÉES / AVANCES ASSORTIES DE CONDITIONS PARTICULIÈRES,,,,Comptes de bilan / Comptes de capitaux / EMPRUNTS ET DETTES ASSIMILÉES / AVANCES ASSORTIES DE CONDITIONS PARTICULIÈRES / Avances conditionnées par l'État,missing_root_type
,Avances conditionnées par les autres organismes africains,,unspecified,,0,,Comptes de bilan / Comptes de capitaux / EMPRUNTS ET DETTES ASSIMILÉES / AVANCES ASSORTIES DE CONDITIONS PARTICULIÈRES,,,,Comptes de bilan / Comptes de capitaux / EMPRUNTS ET DETTES ASSIMILÉES / AVANCES ASSORTIES DE CONDITIONS PARTICULIÈRES / Avances conditionnées par les autres organismes africains,missing_root_type
,Avances conditionnées par les organismes internationaux,,unspecified,,0,,Comptes de bilan / Comptes de capitaux / EMPRUNTS ET DETTES ASSIMILÉES / AVANCES ASSORTIES DE CONDITIONS PARTICULIÈRES,,,,Comptes de bilan / Comptes de capitaux / EMPRUNTS ET DETTES ASSIMILÉES / AVANCES ASSORTIES DE CONDITIONS PARTICULIÈRES / Avances conditionnées par les organismes internationaux,missing_root_type
,Droits du concédant exigibles en nature,,unspecified,,0,,Comptes de bilan / Comptes de capitaux / EMPRUNTS ET DETTES ASSIMILÉES / AVANCES ASSORTIES DE CONDITIONS PARTICULIÈRES,,,,Comptes de bilan / Comptes de capitaux / EMPRUNTS ET DETTES ASSIMILÉES / AVANCES ASSORTIES DE CONDITIONS PARTICULIÈRES / Droits du concédant exigibles en nature,missing_root_type
,AVANCES REÇUES DE L'ÉTAT,,unspecified,,0,,Comptes de bilan / Comptes de capitaux / EMPRUNTS ET DETTES ASSIMILÉES,,,,Comptes de bilan / Comptes de capitaux / EMPRUNTS ET DETTES ASSIMILÉES / AVANCES REÇUES DE L'ÉTAT,missing_root_type
,AVANCES REÇUES ET COMPTES COURANTS BLOQUÉS,,unspecified,,0,,Comptes de bilan / Comptes de capitaux / EMPRUNTS ET DETTES ASSIMILÉES,,,,Comptes de bilan / Comptes de capitaux / EMPRUNTS ET DETTES ASSIMILÉES / AVANCES REÇUES ET COMPTES COURANTS BLOQUÉS,missing_root_type
,DÉPÔTS ET CAUTIONNEMENTS RECUS,,group,,1,,Comptes de bilan / Comptes de capitaux / EMPRUNTS ET DETTES ASSIMILÉES,,,,Comptes de bilan / Comptes de capitaux / EMPRUNTS ET DETTES ASSIMILÉES / DÉPÔTS ET CAUTIONNEMENTS RECUS,missing_root_type
,Cautionnements,,unspecified,,0,,Comptes de bilan / Comptes de capitaux / EMPRUNTS ET DETTES ASSIMILÉES / DÉPÔTS ET CAUTIONNEMENTS RECUS,,,,Comptes de bilan / Comptes de capitaux / EMPRUNTS ET DETTES ASSIMILÉES / DÉPÔTS ET CAUTIONNEMENTS RECUS / Cautionnements,missing_root_type
,Dépôts,,unspecified,,0,,Comptes de bilan / Comptes de capitaux / EMPRUNTS ET DETTES ASSIMILÉES / DÉPÔTS ET CAUTIONNEMENTS RECUS,,,,Comptes de bilan / Comptes de capitaux / EMPRUNTS ET DETTES ASSIMILÉES / DÉPÔTS ET CAUTIONNEMENTS RECUS / Dépôts,missing_root_type
,EMPRUNTS ET DETTES AUPRÈS DES ÉTABLISSEMENTS DE CRÉDIT,,unspecified,,0,,Comptes de bilan / Comptes de capitaux / EMPRUNTS ET DETTES ASSIMILÉES,,,,Comptes de bilan / Comptes de capitaux / EMPRUNTS ET DETTES ASSIMILÉES / EMPRUNTS ET DETTES AUPRÈS DES ÉTABLISSEMENTS DE CRÉDIT,missing_root_type
,EMPRUNTS OBLIGATAIRES,,group,,1,,Comptes de bilan / Comptes de capitaux / EMPRUNTS ET DETTES ASSIMILÉES,,,,Comptes de bilan / Comptes de capitaux / EMPRUNTS ET DETTES ASSIMILÉES / EMPRUNTS OBLIGATAIRES,missing_root_type
,Autres emprunts obligataires,,unspecified,,0,,Comptes de bilan / Comptes de capitaux / EMPRUNTS ET DETTES ASSIMILÉES / EMPRUNTS OBLIGATAIRES,,,,Comptes de bilan / Comptes de capitaux / EMPRUNTS ET DETTES ASSIMILÉES / EMPRUNTS OBLIGATAIRES / Autres emprunts obligataires,missing_root_type
,Emprunts obligataires convertibles,,unspecified,,0,,Comptes de bilan / Comptes de capitaux / EMPRUNTS ET DETTES ASSIMILÉES / EMPRUNTS OBLIGATAIRES,,,,Comptes de bilan / Comptes de capitaux / EMPRUNTS ET DETTES ASSIMILÉES / EMPRUNTS OBLIGATAIRES / Emprunts obligataires convertibles,missing_root_type
,Emprunts obligataires ordinaires,,unspecified,,0,,Comptes de bilan / Comptes de capitaux / EMPRUNTS ET DETTES ASSIMILÉES / EMPRUNTS OBLIGATAIRES,,,,Comptes de bilan / Comptes de capitaux / EMPRUNTS ET DETTES ASSIMILÉES / EMPRUNTS OBLIGATAIRES / Emprunts obligataires ordinaires,missing_root_type
,INTÉRÊTS COURUS,,group,,1,,Comptes de bilan / Comptes de capitaux / EMPRUNTS ET DETTES ASSIMILÉES,,,,Comptes de bilan / Comptes de capitaux / EMPRUNTS ET DETTES ASSIMILÉES / INTÉRÊTS COURUS,missing_root_type
,sur autres emprunts et dettes,,unspecified,,0,,Comptes de bilan / Comptes de capitaux / EMPRUNTS ET DETTES ASSIMILÉES / INTÉRÊTS COURUS,,,,Comptes de bilan / Comptes de capitaux / EMPRUNTS ET DETTES ASSIMILÉES / INTÉRÊTS COURUS / sur autres emprunts et dettes,missing_root_type
,sur avances assorties de conditions particulières,,unspecified,,0,,Comptes de bilan / Comptes de capitaux / EMPRUNTS ET DETTES ASSIMILÉES / INTÉRÊTS COURUS,,,,Comptes de bilan / Comptes de capitaux / EMPRUNTS ET DETTES ASSIMILÉES / INTÉRÊTS COURUS / sur avances assorties de conditions particulières,missing_root_type
,sur avances reçues de l'État,,unspecified,,0,,Comptes de bilan / Comptes de capitaux / EMPRUNTS ET DETTES ASSIMILÉES / INTÉRÊTS COURUS,,,,Comptes de bilan / Comptes de capitaux / EMPRUNTS ET DETTES ASSIMILÉES / INTÉRÊTS COURUS / sur avances reçues de l'État,missing_root_type
,sur avances reçues et comptes courants bloqués,,unspecified,,0,,Comptes de bilan / Comptes de capitaux / EMPRUNTS ET DETTES ASSIMILÉES / INTÉRÊTS COURUS,,,,Comptes de bilan / Comptes de capitaux / EMPRUNTS ET DETTES ASSIMILÉES / INTÉRÊTS COURUS / sur avances reçues et comptes courants bloqués,missing_root_type
,sur dépôts et cautionnements reçus,,unspecified,,0,,Comptes de bilan / Comptes de capitaux / EMPRUNTS ET DETTES ASSIMILÉES / INTÉRÊTS COURUS,,,,Comptes de bilan / Comptes de capitaux / EMPRUNTS ET DETTES ASSIMILÉES / INTÉRÊTS COURUS / sur dépôts et cautionnements reçus,missing_root_type
,sur emprunts et dettes auprès des établissements de crédit,,unspecified,,0,,Comptes de bilan / Comptes de capitaux / EMPRUNTS ET DETTES ASSIMILÉES / INTÉRÊTS COURUS,,,,Comptes de bilan / Comptes de capitaux / EMPRUNTS ET DETTES ASSIMILÉES / INTÉRÊTS COURUS / sur emprunts et dettes auprès des établissements de crédit,missing_root_type
,sur emprunts obligataires,,unspecified,,0,,Comptes de bilan / Comptes de capitaux / EMPRUNTS ET DETTES ASSIMILÉES / INTÉRÊTS COURUS,,,,Comptes de bilan / Comptes de capitaux / EMPRUNTS ET DETTES ASSIMILÉES / INTÉRÊTS COURUS / sur emprunts obligataires,missing_root_type
,PROVISIONS FINANCIERES POUR RISQUES ET CHARGES,,group,,1,,Comptes de bilan / Comptes de capitaux,,,,Comptes de bilan / Comptes de capitaux / PROVISIONS FINANCIERES POUR RISQUES ET CHARGES,missing_root_type
,AUTRES PROVISIONS FINANCIÈRES POUR RISQUES ET CHARGES,,group,,1,,Comptes de bilan / Comptes de capitaux / PROVISIONS FINANCIERES POUR RISQUES ET CHARGES,,,,Comptes de bilan / Comptes de capitaux / PROVISIONS FINANCIERES POUR RISQUES ET CHARGES / AUTRES PROVISIONS FINANCIÈRES POUR RISQUES ET CHARGES,missing_root_type
,Autres provisions financières pour risques et charges,,unspecified,,0,,Comptes de bilan / Comptes de capitaux / PROVISIONS FINANCIERES POUR RISQUES ET CHARGES / AUTRES PROVISIONS FINANCIÈRES POUR RISQUES ET CHARGES,,,,Comptes de bilan / Comptes de capitaux / PROVISIONS FINANCIERES POUR RISQUES ET CHARGES / AUTRES PROVISIONS FINANCIÈRES POUR RISQUES ET CHARGES / Autres provisions financières pour risques et charges,missing_root_type
,Provisions de propre assureur,,unspecified,,0,,Comptes de bilan / Comptes de capitaux / PROVISIONS FINANCIERES POUR RISQUES ET CHARGES / AUTRES PROVISIONS FINANCIÈRES POUR RISQUES ET CHARGES,,,,Comptes de bilan / Comptes de capitaux / PROVISIONS FINANCIERES POUR RISQUES ET CHARGES / AUTRES PROVISIONS FINANCIÈRES POUR RISQUES ET CHARGES / Provisions de propre assureur,missing_root_type
,Provisions pour amendes et pénalités,,unspecified,,0,,Comptes de bilan / Comptes de capitaux / PROVISIONS FINANCIERES POUR RISQUES ET CHARGES / AUTRES PROVISIONS FINANCIÈRES POUR RISQUES ET CHARGES,,,,Comptes de bilan / Comptes de capitaux / PROVISIONS FINANCIERES POUR RISQUES ET CHARGES / AUTRES PROVISIONS FINANCIÈRES POUR RISQUES ET CHARGES / Provisions pour amendes et pénalités,missing_root_type
,Provisions pour renouvellement des immobilisations (entreprises concessionnaires),,unspecified,,0,,Comptes de bilan / Comptes de capitaux / PROVISIONS FINANCIERES POUR RISQUES ET CHARGES / AUTRES PROVISIONS FINANCIÈRES POUR RISQUES ET CHARGES,,,,Comptes de bilan / Comptes de capitaux / PROVISIONS FINANCIERES POUR RISQUES ET CHARGES / AUTRES PROVISIONS FINANCIÈRES POUR RISQUES ET CHARGES / Provisions pour renouvellement des immobilisations (entreprises concessionnaires),missing_root_type
,PROVISIONS POUR CHARGES À REPARTIR SUR PLUSIEURS EXERCICES,,group,,1,,Comptes de bilan / Comptes de capitaux / PROVISIONS FINANCIERES POUR RISQUES ET CHARGES,,,,Comptes de bilan / Comptes de capitaux / PROVISIONS FINANCIERES POUR RISQUES ET CHARGES / PROVISIONS POUR CHARGES À REPARTIR SUR PLUSIEURS EXERCICES,missing_root_type
,Provisions pour grosses réparations,,unspecified,,0,,Comptes de bilan / Comptes de capitaux / PROVISIONS FINANCIERES POUR RISQUES ET CHARGES / PROVISIONS POUR CHARGES À REPARTIR SUR PLUSIEURS EXERCICES,,,,Comptes de bilan / Comptes de capitaux / PROVISIONS FINANCIERES POUR RISQUES ET CHARGES / PROVISIONS POUR CHARGES À REPARTIR SUR PLUSIEURS EXERCICES / Provisions pour grosses réparations,missing_root_type
,PROVISIONS POUR GARANTIES DONNÉES AUX CLIENTS,,unspecified,,0,,Comptes de bilan / Comptes de capitaux / PROVISIONS FINANCIERES POUR RISQUES ET CHARGES,,,,Comptes de bilan / Comptes de capitaux / PROVISIONS FINANCIERES POUR RISQUES ET CHARGES / PROVISIONS POUR GARANTIES DONNÉES AUX CLIENTS,missing_root_type
,PROVISIONS POUR IMPÔTS,,unspecified,,0,,Comptes de bilan / Comptes de capitaux / PROVISIONS FINANCIERES POUR RISQUES ET CHARGES,,,,Comptes de bilan / Comptes de capitaux / PROVISIONS FINANCIERES POUR RISQUES ET CHARGES / PROVISIONS POUR IMPÔTS,missing_root_type
,PROVISIONS POUR LITIGES,,unspecified,,0,,Comptes de bilan / Comptes de capitaux / PROVISIONS FINANCIERES POUR RISQUES ET CHARGES,,,,Comptes de bilan / Comptes de capitaux / PROVISIONS FINANCIERES POUR RISQUES ET CHARGES / PROVISIONS POUR LITIGES,missing_root_type
,PROVISIONS POUR PENSIONS ET OBLIGATIONS SIMILAIRES,,unspecified,,0,,Comptes de bilan / Comptes de capitaux / PROVISIONS FINANCIERES POUR RISQUES ET CHARGES,,,,Comptes de bilan / Comptes de capitaux / PROVISIONS FINANCIERES POUR RISQUES ET CHARGES / PROVISIONS POUR PENSIONS ET OBLIGATIONS SIMILAIRES,missing_root_type
,PROVISIONS POUR PERTES DE CHANGE,,unspecified,,0,,Comptes de bilan / Comptes de capitaux / PROVISIONS FINANCIERES POUR RISQUES ET CHARGES,,,,Comptes de bilan / Comptes de capitaux / PROVISIONS FINANCIERES POUR RISQUES ET CHARGES / PROVISIONS POUR PERTES DE CHANGE,missing_root_type
,PROVISIONS POUR PERTES SUR MARCHÉS À ACHÈVEMENT FUTUR,,unspecified,,0,,Comptes de bilan / Comptes de capitaux / PROVISIONS FINANCIERES POUR RISQUES ET CHARGES,,,,Comptes de bilan / Comptes de capitaux / PROVISIONS FINANCIERES POUR RISQUES ET CHARGES / PROVISIONS POUR PERTES SUR MARCHÉS À ACHÈVEMENT FUTUR,missing_root_type
,PROVISIONS RÉGLEMENTÉES ET FONDS ASSIMILÉS,,group,,1,,Comptes de bilan / Comptes de capitaux,,,,Comptes de bilan / Comptes de capitaux / PROVISIONS RÉGLEMENTÉES ET FONDS ASSIMILÉS,missing_root_type
,AMORTISSEMENTS DÉROGATOIRES,,unspecified,,0,,Comptes de bilan / Comptes de capitaux / PROVISIONS RÉGLEMENTÉES ET FONDS ASSIMILÉS,,,,Comptes de bilan / Comptes de capitaux / PROVISIONS RÉGLEMENTÉES ET FONDS ASSIMILÉS / AMORTISSEMENTS DÉROGATOIRES,missing_root_type
,AUTRES PROVISIONS ET FONDS RÉGLEMENTES,,unspecified,,0,,Comptes de bilan / Comptes de capitaux / PROVISIONS RÉGLEMENTÉES ET FONDS ASSIMILÉS,,,,Comptes de bilan / Comptes de capitaux / PROVISIONS RÉGLEMENTÉES ET FONDS ASSIMILÉS / AUTRES PROVISIONS ET FONDS RÉGLEMENTES,missing_root_type
,FONDS RÉGLEMENTÉS,,group,,1,,Comptes de bilan / Comptes de capitaux / PROVISIONS RÉGLEMENTÉES ET FONDS ASSIMILÉS,,,,Comptes de bilan / Comptes de capitaux / PROVISIONS RÉGLEMENTÉES ET FONDS ASSIMILÉS / FONDS RÉGLEMENTÉS,missing_root_type
,Fonds National,,unspecified,,0,,Comptes de bilan / Comptes de capitaux / PROVISIONS RÉGLEMENTÉES ET FONDS ASSIMILÉS / FONDS RÉGLEMENTÉS,,,,Comptes de bilan / Comptes de capitaux / PROVISIONS RÉGLEMENTÉES ET FONDS ASSIMILÉS / FONDS RÉGLEMENTÉS / Fonds National,missing_root_type
,Prélèvement pour le Budget,,unspecified,,0,,Comptes de bilan / Comptes de capitaux / PROVISIONS RÉGLEMENTÉES ET FONDS ASSIMILÉS / FONDS RÉGLEMENTÉS,,,,Comptes de bilan / Comptes de capitaux / PROVISIONS RÉGLEMENTÉES ET FONDS ASSIMILÉS / FONDS RÉGLEMENTÉS / Prélèvement pour le Budget,missing_root_type
,PLUS-VALUES DE CESSION À RÉINVESTIR,,unspecified,,0,,Comptes de bilan / Comptes de capitaux / PROVISIONS RÉGLEMENTÉES ET FONDS ASSIMILÉS,,,,Comptes de bilan / Comptes de capitaux / PROVISIONS RÉGLEMENTÉES ET FONDS ASSIMILÉS / PLUS-VALUES DE CESSION À RÉINVESTIR,missing_root_type
,PROVISION SPÉCIALE DE RÉÉVALUATION,,unspecified,,0,,Comptes de bilan / Comptes de capitaux / PROVISIONS RÉGLEMENTÉES ET FONDS ASSIMILÉS,,,,Comptes de bilan / Comptes de capitaux / PROVISIONS RÉGLEMENTÉES ET FONDS ASSIMILÉS / PROVISION SPÉCIALE DE RÉÉVALUATION,missing_root_type
,PROVISIONS POUR INVESTISSEMENT,,unspecified,,0,,Comptes de bilan / Comptes de capitaux / PROVISIONS RÉGLEMENTÉES ET FONDS ASSIMILÉS,,,,Comptes de bilan / Comptes de capitaux / PROVISIONS RÉGLEMENTÉES ET FONDS ASSIMILÉS / PROVISIONS POUR INVESTISSEMENT,missing_root_type
,PROVISIONS RÉGLEMENTÉES RELATIVES AUX IMMOBILISATIONS,,group,,1,,Comptes de bilan / Comptes de capitaux / PROVISIONS RÉGLEMENTÉES ET FONDS ASSIMILÉS,,,,Comptes de bilan / Comptes de capitaux / PROVISIONS RÉGLEMENTÉES ET FONDS ASSIMILÉS / PROVISIONS RÉGLEMENTÉES RELATIVES AUX IMMOBILISATIONS,missing_root_type
,Reconstitution des gisements miniers et pétroliers,,unspecified,,0,,Comptes de bilan / Comptes de capitaux / PROVISIONS RÉGLEMENTÉES ET FONDS ASSIMILÉS / PROVISIONS RÉGLEMENTÉES RELATIVES AUX IMMOBILISATIONS,,,,Comptes de bilan / Comptes de capitaux / PROVISIONS RÉGLEMENTÉES ET FONDS ASSIMILÉS / PROVISIONS RÉGLEMENTÉES RELATIVES AUX IMMOBILISATIONS / Reconstitution des gisements miniers et pétroliers,missing_root_type
,PROVISIONS RÉGLEMENTÉES RELATIVES AUX STOCKS,,group,,1,,Comptes de bilan / Comptes de capitaux / PROVISIONS RÉGLEMENTÉES ET FONDS ASSIMILÉS,,,,Comptes de bilan / Comptes de capitaux / PROVISIONS RÉGLEMENTÉES ET FONDS ASSIMILÉS / PROVISIONS RÉGLEMENTÉES RELATIVES AUX STOCKS,missing_root_type
,Fluctuation des cours,,unspecified,,0,,Comptes de bilan / Comptes de capitaux / PROVISIONS RÉGLEMENTÉES ET FONDS ASSIMILÉS / PROVISIONS RÉGLEMENTÉES RELATIVES AUX STOCKS,,,,Comptes de bilan / Comptes de capitaux / PROVISIONS RÉGLEMENTÉES ET FONDS ASSIMILÉS / PROVISIONS RÉGLEMENTÉES RELATIVES AUX STOCKS / Fluctuation des cours,missing_root_type
,Hausse de prix,,unspecified,,0,,Comptes de bilan / Comptes de capitaux / PROVISIONS RÉGLEMENTÉES ET FONDS ASSIMILÉS / PROVISIONS RÉGLEMENTÉES RELATIVES AUX STOCKS,,,,Comptes de bilan / Comptes de capitaux / PROVISIONS RÉGLEMENTÉES ET FONDS ASSIMILÉS / PROVISIONS RÉGLEMENTÉES RELATIVES AUX STOCKS / Hausse de prix,missing_root_type
,REPORT À NOUVEAU,,group,,1,,Comptes de bilan / Comptes de capitaux,,,,Comptes de bilan / Comptes de capitaux / REPORT À NOUVEAU,missing_root_type
,REPORT À NOUVEAU CRÉDITEUR,,unspecified,,0,,Comptes de bilan / Comptes de capitaux / REPORT À NOUVEAU,,,,Comptes de bilan / Comptes de capitaux / REPORT À NOUVEAU / REPORT À NOUVEAU CRÉDITEUR,missing_root_type
,REPORT À NOUVEAU DÉBITEUR,,group,,1,,Comptes de bilan / Comptes de capitaux / REPORT À NOUVEAU,,,,Comptes de bilan / Comptes de capitaux / REPORT À NOUVEAU / REPORT À NOUVEAU DÉBITEUR,missing_root_type
,Perte - Amortissements réputés différés,,unspecified,,0,,Comptes de bilan / Comptes de capitaux / REPORT À NOUVEAU / REPORT À NOUVEAU DÉBITEUR,,,,Comptes de bilan / Comptes de capitaux / REPORT À NOUVEAU / REPORT À NOUVEAU DÉBITEUR / Perte - Amortissements réputés différés,missing_root_type
,Perte nette à reporter,,unspecified,,0,,Comptes de bilan / Comptes de capitaux / REPORT À NOUVEAU / REPORT À NOUVEAU DÉBITEUR,,,,Comptes de bilan / Comptes de capitaux / REPORT À NOUVEAU / REPORT À NOUVEAU DÉBITEUR / Perte nette à reporter,missing_root_type
,RÉSERVES,,group,,1,,Comptes de bilan / Comptes de capitaux,,,,Comptes de bilan / Comptes de capitaux / RÉSERVES,missing_root_type
,AUTRES RÉSERVES,,group,,1,,Comptes de bilan / Comptes de capitaux / RÉSERVES,,,,Comptes de bilan / Comptes de capitaux / RÉSERVES / AUTRES RÉSERVES,missing_root_type
,Réserves diverses,,unspecified,,0,,Comptes de bilan / Comptes de capitaux / RÉSERVES / AUTRES RÉSERVES,,,,Comptes de bilan / Comptes de capitaux / RÉSERVES / AUTRES RÉSERVES / Réserves diverses,missing_root_type
,Réserves facultatives,,unspecified,,0,,Comptes de bilan / Comptes de capitaux / RÉSERVES / AUTRES RÉSERVES,,,,Comptes de bilan / Comptes de capitaux / RÉSERVES / AUTRES RÉSERVES / Réserves facultatives,missing_root_type
,RÉSERVE LÉGALE,,unspecified,,0,,Comptes de bilan / Comptes de capitaux / RÉSERVES,,,,Comptes de bilan / Comptes de capitaux / RÉSERVES / RÉSERVE LÉGALE,missing_root_type
,RÉSERVES RÉGLEMENTÉES,,group,,1,,Comptes de bilan / Comptes de capitaux / RÉSERVES,,,,Comptes de bilan / Comptes de capitaux / RÉSERVES / RÉSERVES RÉGLEMENTÉES,missing_root_type
,Autres réserves réglementées,,unspecified,,0,,Comptes de bilan / Comptes de capitaux / RÉSERVES / RÉSERVES RÉGLEMENTÉES,,,,Comptes de bilan / Comptes de capitaux / RÉSERVES / RÉSERVES RÉGLEMENTÉES / Autres réserves réglementées,missing_root_type
,Réserves consécutives à l'octroi de subventions d'investissement,,unspecified,,0,,Comptes de bilan / Comptes de capitaux / RÉSERVES / RÉSERVES RÉGLEMENTÉES,,,,Comptes de bilan / Comptes de capitaux / RÉSERVES / RÉSERVES RÉGLEMENTÉES / Réserves consécutives à l'octroi de subventions d'investissement,missing_root_type
,Réserves de plus-values nettes à long terme,,unspecified,,0,,Comptes de bilan / Comptes de capitaux / RÉSERVES / RÉSERVES RÉGLEMENTÉES,,,,Comptes de bilan / Comptes de capitaux / RÉSERVES / RÉSERVES RÉGLEMENTÉES / Réserves de plus-values nettes à long terme,missing_root_type
,RÉSERVES STATUTAIRES OU CONTRACTUELLES,,unspecified,,0,,Comptes de bilan / Comptes de capitaux / RÉSERVES,,,,Comptes de bilan / Comptes de capitaux / RÉSERVES / RÉSERVES STATUTAIRES OU CONTRACTUELLES,missing_root_type
,RÉSULTAT NET DE L'EXERCICE,,group,,1,,Comptes de bilan / Comptes de capitaux,,,,Comptes de bilan / Comptes de capitaux / RÉSULTAT NET DE L'EXERCICE,missing_root_type
,EXCÉDENT BRUT D'EXPLOITATION (E.B.E.),,unspecified,,0,,Comptes de bilan / Comptes de capitaux / RÉSULTAT NET DE L'EXERCICE,,,,Comptes de bilan / Comptes de capitaux / RÉSULTAT NET DE L'EXERCICE / EXCÉDENT BRUT D'EXPLOITATION (E.B.E.),missing_root_type
,MARGE BRUTE (M.B.),,group,,1,,Comptes de bilan / Comptes de capitaux / RÉSULTAT NET DE L'EXERCICE,,,,Comptes de bilan / Comptes de capitaux / RÉSULTAT NET DE L'EXERCICE / MARGE BRUTE (M.B.),missing_root_type
,Marge brute sur marchandises,,unspecified,,0,,Comptes de bilan / Comptes de capitaux / RÉSULTAT NET DE L'EXERCICE / MARGE BRUTE (M.B.),,,,Comptes de bilan / Comptes de capitaux / RÉSULTAT NET DE L'EXERCICE / MARGE BRUTE (M.B.) / Marge brute sur marchandises,missing_root_type
,Marge brute sur matières,,unspecified,,0,,Comptes de bilan / Comptes de capitaux / RÉSULTAT NET DE L'EXERCICE / MARGE BRUTE (M.B.),,,,Comptes de bilan / Comptes de capitaux / RÉSULTAT NET DE L'EXERCICE / MARGE BRUTE (M.B.) / Marge brute sur matières,missing_root_type
,RÉSULTAT D'EXPLOITATION (R.E.),,unspecified,,0,,Comptes de bilan / Comptes de capitaux / RÉSULTAT NET DE L'EXERCICE,,,,Comptes de bilan / Comptes de capitaux / RÉSULTAT NET DE L'EXERCICE / RÉSULTAT D'EXPLOITATION (R.E.),missing_root_type
,RÉSULTAT DES ACTIVITÉS ORDINAIRES (R.A.O.),,unspecified,,0,,Comptes de bilan / Comptes de capitaux / RÉSULTAT NET DE L'EXERCICE,,,,Comptes de bilan / Comptes de capitaux / RÉSULTAT NET DE L'EXERCICE / RÉSULTAT DES ACTIVITÉS ORDINAIRES (R.A.O.),missing_root_type
,RÉSULTAT EN INSANCE D’AFFECTATION,,group,,1,,Comptes de bilan / Comptes de capitaux / RÉSULTAT NET DE L'EXERCICE,,,,Comptes de bilan / Comptes de capitaux / RÉSULTAT NET DE L'EXERCICE / RÉSULTAT EN INSANCE D’AFFECTATION,missing_root_type
,Résultat en instance d'affectation : Bénéfice,,unspecified,,0,,Comptes de bilan / Comptes de capitaux / RÉSULTAT NET DE L'EXERCICE / RÉSULTAT EN INSANCE D’AFFECTATION,,,,Comptes de bilan / Comptes de capitaux / RÉSULTAT NET DE L'EXERCICE / RÉSULTAT EN INSANCE D’AFFECTATION / Résultat en instance d'affectation : Bénéfice,missing_root_type
,Résultat en instance d'affectation : Perte,,unspecified,,0,,Comptes de bilan / Comptes de capitaux / RÉSULTAT NET DE L'EXERCICE / RÉSULTAT EN INSANCE D’AFFECTATION,,,,Comptes de bilan / Comptes de capitaux / RÉSULTAT NET DE L'EXERCICE / RÉSULTAT EN INSANCE D’AFFECTATION / Résultat en instance d'affectation : Perte,missing_root_type
,RÉSULTAT FINANCIER (R.F.),,unspecified,,0,,Comptes de bilan / Comptes de capitaux / RÉSULTAT NET DE L'EXERCICE,,,,Comptes de bilan / Comptes de capitaux / RÉSULTAT NET DE L'EXERCICE / RÉSULTAT FINANCIER (R.F.),missing_root_type
,RÉSULTAT HORS ACTIVITÉS ORDINAIRES (R.H.A.O.),,unspecified,,0,,Comptes de bilan / Comptes de capitaux / RÉSULTAT NET DE L'EXERCICE,,,,Comptes de bilan / Comptes de capitaux / RÉSULTAT NET DE L'EXERCICE / RÉSULTAT HORS ACTIVITÉS ORDINAIRES (R.H.A.O.),missing_root_type
,RÉSULTAT NET : BÉNÉFICE,,unspecified,,0,,Comptes de bilan / Comptes de capitaux / RÉSULTAT NET DE L'EXERCICE,,,,Comptes de bilan / Comptes de capitaux / RÉSULTAT NET DE L'EXERCICE / RÉSULTAT NET : BÉNÉFICE,missing_root_type
,RÉSULTAT NET : PERTE,,unspecified,,0,,Comptes de bilan / Comptes de capitaux / RÉSULTAT NET DE L'EXERCICE,,,,Comptes de bilan / Comptes de capitaux / RÉSULTAT NET DE L'EXERCICE / RÉSULTAT NET : PERTE,missing_root_type
,VALEUR AJOUTÉE (V.A.),,unspecified,,0,,Comptes de bilan / Comptes de capitaux / RÉSULTAT NET DE L'EXERCICE,,,,Comptes de bilan / Comptes de capitaux / RÉSULTAT NET DE L'EXERCICE / VALEUR AJOUTÉE (V.A.),missing_root_type
,SUBVENTIONS D'INVESTISSEMENT,,group,,1,,Comptes de bilan / Comptes de capitaux,,,,Comptes de bilan / Comptes de capitaux / SUBVENTIONS D'INVESTISSEMENT,missing_root_type
,AUTRES SUBVENTIONS D'INVESTISSEMENT,,unspecified,,0,,Comptes de bilan / Comptes de capitaux / SUBVENTIONS D'INVESTISSEMENT,,,,Comptes de bilan / Comptes de capitaux / SUBVENTIONS D'INVESTISSEMENT / AUTRES SUBVENTIONS D'INVESTISSEMENT,missing_root_type
,SUBVENTIONS D'ÉQUIPEMENT A,,group,,1,,Comptes de bilan / Comptes de capitaux / SUBVENTIONS D'INVESTISSEMENT,,,,Comptes de bilan / Comptes de capitaux / SUBVENTIONS D'INVESTISSEMENT / SUBVENTIONS D'ÉQUIPEMENT A,missing_root_type
,Autres,,unspecified,,0,,Comptes de bilan / Comptes de capitaux / SUBVENTIONS D'INVESTISSEMENT / SUBVENTIONS D'ÉQUIPEMENT A,,,,Comptes de bilan / Comptes de capitaux / SUBVENTIONS D'INVESTISSEMENT / SUBVENTIONS D'ÉQUIPEMENT A / Autres,missing_root_type
,Communes et collectivités publiques décentralisées,,unspecified,,0,,Comptes de bilan / Comptes de capitaux / SUBVENTIONS D'INVESTISSEMENT / SUBVENTIONS D'ÉQUIPEMENT A,,,,Comptes de bilan / Comptes de capitaux / SUBVENTIONS D'INVESTISSEMENT / SUBVENTIONS D'ÉQUIPEMENT A / Communes et collectivités publiques décentralisées,missing_root_type
,Départements,,unspecified,,0,,Comptes de bilan / Comptes de capitaux / SUBVENTIONS D'INVESTISSEMENT / SUBVENTIONS D'ÉQUIPEMENT A,,,,Comptes de bilan / Comptes de capitaux / SUBVENTIONS D'INVESTISSEMENT / SUBVENTIONS D'ÉQUIPEMENT A / Départements,missing_root_type
,Entreprises et organismes privés,,unspecified,,0,,Comptes de bilan / Comptes de capitaux / SUBVENTIONS D'INVESTISSEMENT / SUBVENTIONS D'ÉQUIPEMENT A,,,,Comptes de bilan / Comptes de capitaux / SUBVENTIONS D'INVESTISSEMENT / SUBVENTIONS D'ÉQUIPEMENT A / Entreprises et organismes privés,missing_root_type
,Entreprises publiques ou mixtes,,unspecified,,0,,Comptes de bilan / Comptes de capitaux / SUBVENTIONS D'INVESTISSEMENT / SUBVENTIONS D'ÉQUIPEMENT A,,,,Comptes de bilan / Comptes de capitaux / SUBVENTIONS D'INVESTISSEMENT / SUBVENTIONS D'ÉQUIPEMENT A / Entreprises publiques ou mixtes,missing_root_type
,Organismes internationaux,,unspecified,,0,,Comptes de bilan / Comptes de capitaux / SUBVENTIONS D'INVESTISSEMENT / SUBVENTIONS D'ÉQUIPEMENT A,,,,Comptes de bilan / Comptes de capitaux / SUBVENTIONS D'INVESTISSEMENT / SUBVENTIONS D'ÉQUIPEMENT A / Organismes internationaux,missing_root_type
,Régions,,unspecified,,0,,Comptes de bilan / Comptes de capitaux / SUBVENTIONS D'INVESTISSEMENT / SUBVENTIONS D'ÉQUIPEMENT A,,,,Comptes de bilan / Comptes de capitaux / SUBVENTIONS D'INVESTISSEMENT / SUBVENTIONS D'ÉQUIPEMENT A / Régions,missing_root_type
,État,,unspecified,,0,,Comptes de bilan / Comptes de capitaux / SUBVENTIONS D'INVESTISSEMENT / SUBVENTIONS D'ÉQUIPEMENT A,,,,Comptes de bilan / Comptes de capitaux / SUBVENTIONS D'INVESTISSEMENT / SUBVENTIONS D'ÉQUIPEMENT A / État,missing_root_type
,SUBVENTIONS D'ÉQUIPEMENT B,,unspecified,,0,,Comptes de bilan / Comptes de capitaux / SUBVENTIONS D'INVESTISSEMENT,,,,Comptes de bilan / Comptes de capitaux / SUBVENTIONS D'INVESTISSEMENT / SUBVENTIONS D'ÉQUIPEMENT B,missing_root_type
,Comptes de stocks et d'en-cours,,group,,1,,Comptes de bilan,,,,Comptes de bilan / Comptes de stocks et d'en-cours,missing_root_type
,AUTRES APPROVISIONNEMENTS,,group,,1,,Comptes de bilan / Comptes de stocks et d'en-cours,,,,Comptes de bilan / Comptes de stocks et d'en-cours / AUTRES APPROVISIONNEMENTS,missing_root_type
,AUTRES MATIÈRES,,unspecified,,0,,Comptes de bilan / Comptes de stocks et d'en-cours / AUTRES APPROVISIONNEMENTS,,,,Comptes de bilan / Comptes de stocks et d'en-cours / AUTRES APPROVISIONNEMENTS / AUTRES MATIÈRES,missing_root_type
,EMBALLAGES,,group,,1,,Comptes de bilan / Comptes de stocks et d'en-cours / AUTRES APPROVISIONNEMENTS,,,,Comptes de bilan / Comptes de stocks et d'en-cours / AUTRES APPROVISIONNEMENTS / EMBALLAGES,missing_root_type
,Autres emballages,,unspecified,,0,,Comptes de bilan / Comptes de stocks et d'en-cours / AUTRES APPROVISIONNEMENTS / EMBALLAGES,,,,Comptes de bilan / Comptes de stocks et d'en-cours / AUTRES APPROVISIONNEMENTS / EMBALLAGES / Autres emballages,missing_root_type
,Emballages perdus,,unspecified,,0,,Comptes de bilan / Comptes de stocks et d'en-cours / AUTRES APPROVISIONNEMENTS / EMBALLAGES,,,,Comptes de bilan / Comptes de stocks et d'en-cours / AUTRES APPROVISIONNEMENTS / EMBALLAGES / Emballages perdus,missing_root_type
,Emballages récupérables non identifiables,,unspecified,,0,,Comptes de bilan / Comptes de stocks et d'en-cours / AUTRES APPROVISIONNEMENTS / EMBALLAGES,,,,Comptes de bilan / Comptes de stocks et d'en-cours / AUTRES APPROVISIONNEMENTS / EMBALLAGES / Emballages récupérables non identifiables,missing_root_type
,Emballages à usage mixte,,unspecified,,0,,Comptes de bilan / Comptes de stocks et d'en-cours / AUTRES APPROVISIONNEMENTS / EMBALLAGES,,,,Comptes de bilan / Comptes de stocks et d'en-cours / AUTRES APPROVISIONNEMENTS / EMBALLAGES / Emballages à usage mixte,missing_root_type
,FOURNITURES D'ATELIER ET D'USINE,,unspecified,,0,,Comptes de bilan / Comptes de stocks et d'en-cours / AUTRES APPROVISIONNEMENTS,,,,Comptes de bilan / Comptes de stocks et d'en-cours / AUTRES APPROVISIONNEMENTS / FOURNITURES D'ATELIER ET D'USINE,missing_root_type
,FOURNITURES DE BUREAU,,unspecified,,0,,Comptes de bilan / Comptes de stocks et d'en-cours / AUTRES APPROVISIONNEMENTS,,,,Comptes de bilan / Comptes de stocks et d'en-cours / AUTRES APPROVISIONNEMENTS / FOURNITURES DE BUREAU,missing_root_type
,FOURNITURES DE MAGASIN,,unspecified,,0,,Comptes de bilan / Comptes de stocks et d'en-cours / AUTRES APPROVISIONNEMENTS,,,,Comptes de bilan / Comptes de stocks et d'en-cours / AUTRES APPROVISIONNEMENTS / FOURNITURES DE MAGASIN,missing_root_type
,MATIÈRES CONSOMMABLES,,unspecified,,0,,Comptes de bilan / Comptes de stocks et d'en-cours / AUTRES APPROVISIONNEMENTS,,,,Comptes de bilan / Comptes de stocks et d'en-cours / AUTRES APPROVISIONNEMENTS / MATIÈRES CONSOMMABLES,missing_root_type
,DÉPRÉCIATIONS DES STOCKS,,group,,1,,Comptes de bilan / Comptes de stocks et d'en-cours,,,,Comptes de bilan / Comptes de stocks et d'en-cours / DÉPRÉCIATIONS DES STOCKS,missing_root_type
,DÉPRÉCIATIONS DES PRODUCTIONS EN COURS,,unspecified,,0,,Comptes de bilan / Comptes de stocks et d'en-cours / DÉPRÉCIATIONS DES STOCKS,,,,Comptes de bilan / Comptes de stocks et d'en-cours / DÉPRÉCIATIONS DES STOCKS / DÉPRÉCIATIONS DES PRODUCTIONS EN COURS,missing_root_type
,DÉPRÉCIATIONS DES SERVICES EN COURS,,unspecified,,0,,Comptes de bilan / Comptes de stocks et d'en-cours / DÉPRÉCIATIONS DES STOCKS,,,,Comptes de bilan / Comptes de stocks et d'en-cours / DÉPRÉCIATIONS DES STOCKS / DÉPRÉCIATIONS DES SERVICES EN COURS,missing_root_type
,DÉPRÉCIATIONS DES STOCKS D'AUTRES APPOVISIONNEMENTS,,unspecified,,0,,Comptes de bilan / Comptes de stocks et d'en-cours / DÉPRÉCIATIONS DES STOCKS,,,,Comptes de bilan / Comptes de stocks et d'en-cours / DÉPRÉCIATIONS DES STOCKS / DÉPRÉCIATIONS DES STOCKS D'AUTRES APPOVISIONNEMENTS,missing_root_type
,DÉPRÉCIATIONS DES STOCKS DE MARCHANDISES,,unspecified,,0,,Comptes de bilan / Comptes de stocks et d'en-cours / DÉPRÉCIATIONS DES STOCKS,,,,Comptes de bilan / Comptes de stocks et d'en-cours / DÉPRÉCIATIONS DES STOCKS / DÉPRÉCIATIONS DES STOCKS DE MARCHANDISES,missing_root_type
,DÉPRÉCIATIONS DES STOCKS DE MATIÈRES PREMIÈRES ET FOURNITURES LIÉES,,unspecified,,0,,Comptes de bilan / Comptes de stocks et d'en-cours / DÉPRÉCIATIONS DES STOCKS,,,,Comptes de bilan / Comptes de stocks et d'en-cours / DÉPRÉCIATIONS DES STOCKS / DÉPRÉCIATIONS DES STOCKS DE MATIÈRES PREMIÈRES ET FOURNITURES LIÉES,missing_root_type
,DÉPRÉCIATIONS DES STOCKS DE PRODUITS FINIS,,unspecified,,0,,Comptes de bilan / Comptes de stocks et d'en-cours / DÉPRÉCIATIONS DES STOCKS,,,,Comptes de bilan / Comptes de stocks et d'en-cours / DÉPRÉCIATIONS DES STOCKS / DÉPRÉCIATIONS DES STOCKS DE PRODUITS FINIS,missing_root_type
,DÉPRÉCIATIONS DES STOCKS DE PRODUITS INTERMÉDIAIRES ET RÉSIDUELS,,unspecified,,0,,Comptes de bilan / Comptes de stocks et d'en-cours / DÉPRÉCIATIONS DES STOCKS,,,,Comptes de bilan / Comptes de stocks et d'en-cours / DÉPRÉCIATIONS DES STOCKS / DÉPRÉCIATIONS DES STOCKS DE PRODUITS INTERMÉDIAIRES ET RÉSIDUELS,missing_root_type
,"DÉPRÉCIATIONS DES STOCKS EN COURS DE ROUTE, EN CONSIGNATION OU EN DÉPÔT",,unspecified,,0,,Comptes de bilan / Comptes de stocks et d'en-cours / DÉPRÉCIATIONS DES STOCKS,,,,"Comptes de bilan / Comptes de stocks et d'en-cours / DÉPRÉCIATIONS DES STOCKS / DÉPRÉCIATIONS DES STOCKS EN COURS DE ROUTE, EN CONSIGNATION OU EN DÉPÔT",missing_root_type
,MARCHANDISES,,group,,1,,Comptes de bilan / Comptes de stocks et d'en-cours,,,,Comptes de bilan / Comptes de stocks et d'en-cours / MARCHANDISES,missing_root_type
,MARCHANDISES A,,group,,1,,Comptes de bilan / Comptes de stocks et d'en-cours / MARCHANDISES,,,,Comptes de bilan / Comptes de stocks et d'en-cours / MARCHANDISES / MARCHANDISES A,missing_root_type
,Marchandises A1,,unspecified,,0,,Comptes de bilan / Comptes de stocks et d'en-cours / MARCHANDISES / MARCHANDISES A,,,,Comptes de bilan / Comptes de stocks et d'en-cours / MARCHANDISES / MARCHANDISES A / Marchandises A1,missing_root_type
,Marchandises A2,,unspecified,,0,,Comptes de bilan / Comptes de stocks et d'en-cours / MARCHANDISES / MARCHANDISES A,,,,Comptes de bilan / Comptes de stocks et d'en-cours / MARCHANDISES / MARCHANDISES A / Marchandises A2,missing_root_type
,MARCHANDISES B,,group,,1,,Comptes de bilan / Comptes de stocks et d'en-cours / MARCHANDISES,,,,Comptes de bilan / Comptes de stocks et d'en-cours / MARCHANDISES / MARCHANDISES B,missing_root_type
,Marchandises B1,,unspecified,,0,,Comptes de bilan / Comptes de stocks et d'en-cours / MARCHANDISES / MARCHANDISES B,,,,Comptes de bilan / Comptes de stocks et d'en-cours / MARCHANDISES / MARCHANDISES B / Marchandises B1,missing_root_type
,Marchandises B2,,unspecified,,0,,Comptes de bilan / Comptes de stocks et d'en-cours / MARCHANDISES / MARCHANDISES B,,,,Comptes de bilan / Comptes de stocks et d'en-cours / MARCHANDISES / MARCHANDISES B / Marchandises B2,missing_root_type
,MARCHANDISES HORS ACTIVITÉS ORDINAIRES (H.A.O.),,unspecified,,0,,Comptes de bilan / Comptes de stocks et d'en-cours / MARCHANDISES,,,,Comptes de bilan / Comptes de stocks et d'en-cours / MARCHANDISES / MARCHANDISES HORS ACTIVITÉS ORDINAIRES (H.A.O.),missing_root_type
,MATIÈRES PREMIÈRES ET FOURNITURES LIÉES,,group,,1,,Comptes de bilan / Comptes de stocks et d'en-cours,,,,Comptes de bilan / Comptes de stocks et d'en-cours / MATIÈRES PREMIÈRES ET FOURNITURES LIÉES,missing_root_type
,"FOURNITURES (A,B)",,unspecified,,0,,Comptes de bilan / Comptes de stocks et d'en-cours / MATIÈRES PREMIÈRES ET FOURNITURES LIÉES,,,,"Comptes de bilan / Comptes de stocks et d'en-cours / MATIÈRES PREMIÈRES ET FOURNITURES LIÉES / FOURNITURES (A,B)",missing_root_type
,MATIÈRES A,,unspecified,,0,,Comptes de bilan / Comptes de stocks et d'en-cours / MATIÈRES PREMIÈRES ET FOURNITURES LIÉES,,,,Comptes de bilan / Comptes de stocks et d'en-cours / MATIÈRES PREMIÈRES ET FOURNITURES LIÉES / MATIÈRES A,missing_root_type
,MATIÈRES B,,unspecified,,0,,Comptes de bilan / Comptes de stocks et d'en-cours / MATIÈRES PREMIÈRES ET FOURNITURES LIÉES,,,,Comptes de bilan / Comptes de stocks et d'en-cours / MATIÈRES PREMIÈRES ET FOURNITURES LIÉES / MATIÈRES B,missing_root_type
,PRODUITS EN COURS,,group,,1,,Comptes de bilan / Comptes de stocks et d'en-cours,,,,Comptes de bilan / Comptes de stocks et d'en-cours / PRODUITS EN COURS,missing_root_type
,PRODUITS EN COURS,,group,,1,,Comptes de bilan / Comptes de stocks et d'en-cours / PRODUITS EN COURS,,,,Comptes de bilan / Comptes de stocks et d'en-cours / PRODUITS EN COURS / PRODUITS EN COURS,missing_root_type
,Produits en cours P1,,unspecified,,0,,Comptes de bilan / Comptes de stocks et d'en-cours / PRODUITS EN COURS / PRODUITS EN COURS,,,,Comptes de bilan / Comptes de stocks et d'en-cours / PRODUITS EN COURS / PRODUITS EN COURS / Produits en cours P1,missing_root_type
,Produits en cours P2,,unspecified,,0,,Comptes de bilan / Comptes de stocks et d'en-cours / PRODUITS EN COURS / PRODUITS EN COURS,,,,Comptes de bilan / Comptes de stocks et d'en-cours / PRODUITS EN COURS / PRODUITS EN COURS / Produits en cours P2,missing_root_type
,PRODUITS INTERMÉDIAIRES EN COURS,,group,,1,,Comptes de bilan / Comptes de stocks et d'en-cours / PRODUITS EN COURS,,,,Comptes de bilan / Comptes de stocks et d'en-cours / PRODUITS EN COURS / PRODUITS INTERMÉDIAIRES EN COURS,missing_root_type
,Produits intermédiaires A,,unspecified,,0,,Comptes de bilan / Comptes de stocks et d'en-cours / PRODUITS EN COURS / PRODUITS INTERMÉDIAIRES EN COURS,,,,Comptes de bilan / Comptes de stocks et d'en-cours / PRODUITS EN COURS / PRODUITS INTERMÉDIAIRES EN COURS / Produits intermédiaires A,missing_root_type
,Produits intermédiaires B,,unspecified,,0,,Comptes de bilan / Comptes de stocks et d'en-cours / PRODUITS EN COURS / PRODUITS INTERMÉDIAIRES EN COURS,,,,Comptes de bilan / Comptes de stocks et d'en-cours / PRODUITS EN COURS / PRODUITS INTERMÉDIAIRES EN COURS / Produits intermédiaires B,missing_root_type
,PRODUITS RÉSIDUELS EN COURS,,group,,1,,Comptes de bilan / Comptes de stocks et d'en-cours / PRODUITS EN COURS,,,,Comptes de bilan / Comptes de stocks et d'en-cours / PRODUITS EN COURS / PRODUITS RÉSIDUELS EN COURS,missing_root_type
,Produits résiduels A,,unspecified,,0,,Comptes de bilan / Comptes de stocks et d'en-cours / PRODUITS EN COURS / PRODUITS RÉSIDUELS EN COURS,,,,Comptes de bilan / Comptes de stocks et d'en-cours / PRODUITS EN COURS / PRODUITS RÉSIDUELS EN COURS / Produits résiduels A,missing_root_type
,Produits résiduels B,,unspecified,,0,,Comptes de bilan / Comptes de stocks et d'en-cours / PRODUITS EN COURS / PRODUITS RÉSIDUELS EN COURS,,,,Comptes de bilan / Comptes de stocks et d'en-cours / PRODUITS EN COURS / PRODUITS RÉSIDUELS EN COURS / Produits résiduels B,missing_root_type
,TRAVAUX EN COURS,,group,,1,,Comptes de bilan / Comptes de stocks et d'en-cours / PRODUITS EN COURS,,,,Comptes de bilan / Comptes de stocks et d'en-cours / PRODUITS EN COURS / TRAVAUX EN COURS,missing_root_type
,Travaux en cours T1,,unspecified,,0,,Comptes de bilan / Comptes de stocks et d'en-cours / PRODUITS EN COURS / TRAVAUX EN COURS,,,,Comptes de bilan / Comptes de stocks et d'en-cours / PRODUITS EN COURS / TRAVAUX EN COURS / Travaux en cours T1,missing_root_type
,Travaux en cours T2,,unspecified,,0,,Comptes de bilan / Comptes de stocks et d'en-cours / PRODUITS EN COURS / TRAVAUX EN COURS,,,,Comptes de bilan / Comptes de stocks et d'en-cours / PRODUITS EN COURS / TRAVAUX EN COURS / Travaux en cours T2,missing_root_type
,PRODUITS FINIS,,group,,1,,Comptes de bilan / Comptes de stocks et d'en-cours,,,,Comptes de bilan / Comptes de stocks et d'en-cours / PRODUITS FINIS,missing_root_type
,PRODUITS FINIS A,,unspecified,,0,,Comptes de bilan / Comptes de stocks et d'en-cours / PRODUITS FINIS,,,,Comptes de bilan / Comptes de stocks et d'en-cours / PRODUITS FINIS / PRODUITS FINIS A,missing_root_type
,PRODUITS FINIS B,,unspecified,,0,,Comptes de bilan / Comptes de stocks et d'en-cours / PRODUITS FINIS,,,,Comptes de bilan / Comptes de stocks et d'en-cours / PRODUITS FINIS / PRODUITS FINIS B,missing_root_type
,PRODUITS INTERMÉDIAIRES ET RÉSIDUELS,,group,,1,,Comptes de bilan / Comptes de stocks et d'en-cours,,,,Comptes de bilan / Comptes de stocks et d'en-cours / PRODUITS INTERMÉDIAIRES ET RÉSIDUELS,missing_root_type
,PRODUITS INTERMÉDIAIRES,,group,,1,,Comptes de bilan / Comptes de stocks et d'en-cours / PRODUITS INTERMÉDIAIRES ET RÉSIDUELS,,,,Comptes de bilan / Comptes de stocks et d'en-cours / PRODUITS INTERMÉDIAIRES ET RÉSIDUELS / PRODUITS INTERMÉDIAIRES,missing_root_type
,Produits intermédiaires A,,unspecified,,0,,Comptes de bilan / Comptes de stocks et d'en-cours / PRODUITS INTERMÉDIAIRES ET RÉSIDUELS / PRODUITS INTERMÉDIAIRES,,,,Comptes de bilan / Comptes de stocks et d'en-cours / PRODUITS INTERMÉDIAIRES ET RÉSIDUELS / PRODUITS INTERMÉDIAIRES / Produits intermédiaires A,missing_root_type
,Produits intermédiaires B,,unspecified,,0,,Comptes de bilan / Comptes de stocks et d'en-cours / PRODUITS INTERMÉDIAIRES ET RÉSIDUELS / PRODUITS INTERMÉDIAIRES,,,,Comptes de bilan / Comptes de stocks et d'en-cours / PRODUITS INTERMÉDIAIRES ET RÉSIDUELS / PRODUITS INTERMÉDIAIRES / Produits intermédiaires B,missing_root_type
,PRODUITS RÉSIDUELS,,group,,1,,Comptes de bilan / Comptes de stocks et d'en-cours / PRODUITS INTERMÉDIAIRES ET RÉSIDUELS,,,,Comptes de bilan / Comptes de stocks et d'en-cours / PRODUITS INTERMÉDIAIRES ET RÉSIDUELS / PRODUITS RÉSIDUELS,missing_root_type
,Déchets,,unspecified,,0,,Comptes de bilan / Comptes de stocks et d'en-cours / PRODUITS INTERMÉDIAIRES ET RÉSIDUELS / PRODUITS RÉSIDUELS,,,,Comptes de bilan / Comptes de stocks et d'en-cours / PRODUITS INTERMÉDIAIRES ET RÉSIDUELS / PRODUITS RÉSIDUELS / Déchets,missing_root_type
,Matières de Récupération,,unspecified,,0,,Comptes de bilan / Comptes de stocks et d'en-cours / PRODUITS INTERMÉDIAIRES ET RÉSIDUELS / PRODUITS RÉSIDUELS,,,,Comptes de bilan / Comptes de stocks et d'en-cours / PRODUITS INTERMÉDIAIRES ET RÉSIDUELS / PRODUITS RÉSIDUELS / Matières de Récupération,missing_root_type
,Rebuts,,unspecified,,0,,Comptes de bilan / Comptes de stocks et d'en-cours / PRODUITS INTERMÉDIAIRES ET RÉSIDUELS / PRODUITS RÉSIDUELS,,,,Comptes de bilan / Comptes de stocks et d'en-cours / PRODUITS INTERMÉDIAIRES ET RÉSIDUELS / PRODUITS RÉSIDUELS / Rebuts,missing_root_type
,SERVICES EN COURS,,group,,1,,Comptes de bilan / Comptes de stocks et d'en-cours,,,,Comptes de bilan / Comptes de stocks et d'en-cours / SERVICES EN COURS,missing_root_type
,PRESTATIONS DE SERVICES EN COURS,,group,,1,,Comptes de bilan / Comptes de stocks et d'en-cours / SERVICES EN COURS,,,,Comptes de bilan / Comptes de stocks et d'en-cours / SERVICES EN COURS / PRESTATIONS DE SERVICES EN COURS,missing_root_type
,Prestations de services S1,,unspecified,,0,,Comptes de bilan / Comptes de stocks et d'en-cours / SERVICES EN COURS / PRESTATIONS DE SERVICES EN COURS,,,,Comptes de bilan / Comptes de stocks et d'en-cours / SERVICES EN COURS / PRESTATIONS DE SERVICES EN COURS / Prestations de services S1,missing_root_type
,Prestations de services S2,,unspecified,,0,,Comptes de bilan / Comptes de stocks et d'en-cours / SERVICES EN COURS / PRESTATIONS DE SERVICES EN COURS,,,,Comptes de bilan / Comptes de stocks et d'en-cours / SERVICES EN COURS / PRESTATIONS DE SERVICES EN COURS / Prestations de services S2,missing_root_type
,ÉTUDES EN COURS,,group,,1,,Comptes de bilan / Comptes de stocks et d'en-cours / SERVICES EN COURS,,,,Comptes de bilan / Comptes de stocks et d'en-cours / SERVICES EN COURS / ÉTUDES EN COURS,missing_root_type
,Études en cours E1,,unspecified,,0,,Comptes de bilan / Comptes de stocks et d'en-cours / SERVICES EN COURS / ÉTUDES EN COURS,,,,Comptes de bilan / Comptes de stocks et d'en-cours / SERVICES EN COURS / ÉTUDES EN COURS / Études en cours E1,missing_root_type
,Études en cours E2,,unspecified,,0,,Comptes de bilan / Comptes de stocks et d'en-cours / SERVICES EN COURS / ÉTUDES EN COURS,,,,Comptes de bilan / Comptes de stocks et d'en-cours / SERVICES EN COURS / ÉTUDES EN COURS / Études en cours E2,missing_root_type
,"STOCKS EN COURS DE ROUTE, EN CONSIGNATION OU EN DÉPÔT",,group,,1,,Comptes de bilan / Comptes de stocks et d'en-cours,,,,"Comptes de bilan / Comptes de stocks et d'en-cours / STOCKS EN COURS DE ROUTE, EN CONSIGNATION OU EN DÉPÔT",missing_root_type
,AUTRES APPROVISIONNEMENTS EN COURS DE ROUTE,,unspecified,,0,,"Comptes de bilan / Comptes de stocks et d'en-cours / STOCKS EN COURS DE ROUTE, EN CONSIGNATION OU EN DÉPÔT",,,,"Comptes de bilan / Comptes de stocks et d'en-cours / STOCKS EN COURS DE ROUTE, EN CONSIGNATION OU EN DÉPÔT / AUTRES APPROVISIONNEMENTS EN COURS DE ROUTE",missing_root_type
,MARCHANDISES EN COURS DE ROUTE,,unspecified,,0,,"Comptes de bilan / Comptes de stocks et d'en-cours / STOCKS EN COURS DE ROUTE, EN CONSIGNATION OU EN DÉPÔT",,,,"Comptes de bilan / Comptes de stocks et d'en-cours / STOCKS EN COURS DE ROUTE, EN CONSIGNATION OU EN DÉPÔT / MARCHANDISES EN COURS DE ROUTE",missing_root_type
,MATIÈRES PREMIÈRES ET FOURNITURES LIÉES EN COURS DE ROUTE,,unspecified,,0,,"Comptes de bilan / Comptes de stocks et d'en-cours / STOCKS EN COURS DE ROUTE, EN CONSIGNATION OU EN DÉPÔT",,,,"Comptes de bilan / Comptes de stocks et d'en-cours / STOCKS EN COURS DE ROUTE, EN CONSIGNATION OU EN DÉPÔT / MATIÈRES PREMIÈRES ET FOURNITURES LIÉES EN COURS DE ROUTE",missing_root_type
,PRODUITS FINIS EN COURS DE ROUTE,,unspecified,,0,,"Comptes de bilan / Comptes de stocks et d'en-cours / STOCKS EN COURS DE ROUTE, EN CONSIGNATION OU EN DÉPÔT",,,,"Comptes de bilan / Comptes de stocks et d'en-cours / STOCKS EN COURS DE ROUTE, EN CONSIGNATION OU EN DÉPÔT / PRODUITS FINIS EN COURS DE ROUTE",missing_root_type
,STOCK EN CONSIGNATION OU EN DÉPÔT,,group,,1,,"Comptes de bilan / Comptes de stocks et d'en-cours / STOCKS EN COURS DE ROUTE, EN CONSIGNATION OU EN DÉPÔT",,,,"Comptes de bilan / Comptes de stocks et d'en-cours / STOCKS EN COURS DE ROUTE, EN CONSIGNATION OU EN DÉPÔT / STOCK EN CONSIGNATION OU EN DÉPÔT",missing_root_type
,Stock en consignation,,unspecified,,0,,"Comptes de bilan / Comptes de stocks et d'en-cours / STOCKS EN COURS DE ROUTE, EN CONSIGNATION OU EN DÉPÔT / STOCK EN CONSIGNATION OU EN DÉPÔT",,,,"Comptes de bilan / Comptes de stocks et d'en-cours / STOCKS EN COURS DE ROUTE, EN CONSIGNATION OU EN DÉPÔT / STOCK EN CONSIGNATION OU EN DÉPÔT / Stock en consignation",missing_root_type
,Stock en dépôt,,unspecified,,0,,"Comptes de bilan / Comptes de stocks et d'en-cours / STOCKS EN COURS DE ROUTE, EN CONSIGNATION OU EN DÉPÔT / STOCK EN CONSIGNATION OU EN DÉPÔT",,,,"Comptes de bilan / Comptes de stocks et d'en-cours / STOCKS EN COURS DE ROUTE, EN CONSIGNATION OU EN DÉPÔT / STOCK EN CONSIGNATION OU EN DÉPÔT / Stock en dépôt",missing_root_type
,STOCK PROVENANT D'IMMOBILISATIONS MISES HORS SERVICE OU AU REBUT,,unspecified,,0,,"Comptes de bilan / Comptes de stocks et d'en-cours / STOCKS EN COURS DE ROUTE, EN CONSIGNATION OU EN DÉPÔT",,,,"Comptes de bilan / Comptes de stocks et d'en-cours / STOCKS EN COURS DE ROUTE, EN CONSIGNATION OU EN DÉPÔT / STOCK PROVENANT D'IMMOBILISATIONS MISES HORS SERVICE OU AU REBUT",missing_root_type
,Comptes de tiers,,group,,1,,Comptes de bilan,,,,Comptes de bilan / Comptes de tiers,missing_root_type
,ASSOCIÉS ET GROUPE,,group,,1,,Comptes de bilan / Comptes de tiers,,,,Comptes de bilan / Comptes de tiers / ASSOCIÉS ET GROUPE,missing_root_type
,"ACTIONNAIRES, RESTANT DÛ SUR CAPITAL APPELÉ",,unspecified,,0,,Comptes de bilan / Comptes de tiers / ASSOCIÉS ET GROUPE,,,,"Comptes de bilan / Comptes de tiers / ASSOCIÉS ET GROUPE / ACTIONNAIRES, RESTANT DÛ SUR CAPITAL APPELÉ",missing_root_type
,"ASSOCIÉS, COMPTES COURANTS",,group,,1,,Comptes de bilan / Comptes de tiers / ASSOCIÉS ET GROUPE,,,,"Comptes de bilan / Comptes de tiers / ASSOCIÉS ET GROUPE / ASSOCIÉS, COMPTES COURANTS",missing_root_type
,Intérêts courus,,unspecified,,0,,"Comptes de bilan / Comptes de tiers / ASSOCIÉS ET GROUPE / ASSOCIÉS, COMPTES COURANTS",,,,"Comptes de bilan / Comptes de tiers / ASSOCIÉS ET GROUPE / ASSOCIÉS, COMPTES COURANTS / Intérêts courus",missing_root_type
,Principal,,unspecified,,0,,"Comptes de bilan / Comptes de tiers / ASSOCIÉS ET GROUPE / ASSOCIÉS, COMPTES COURANTS",,,,"Comptes de bilan / Comptes de tiers / ASSOCIÉS ET GROUPE / ASSOCIÉS, COMPTES COURANTS / Principal",missing_root_type
,"ASSOCIÉS, DIVIDENDES À PAYER",,unspecified,,0,,Comptes de bilan / Comptes de tiers / ASSOCIÉS ET GROUPE,,,,"Comptes de bilan / Comptes de tiers / ASSOCIÉS ET GROUPE / ASSOCIÉS, DIVIDENDES À PAYER",missing_root_type
,"ASSOCIÉS, OPÉRATIONS FAITES EN COMMUN",,unspecified,,0,,Comptes de bilan / Comptes de tiers / ASSOCIÉS ET GROUPE,,,,"Comptes de bilan / Comptes de tiers / ASSOCIÉS ET GROUPE / ASSOCIÉS, OPÉRATIONS FAITES EN COMMUN",missing_root_type
,"ASSOCIÉS, OPÉRATIONS SUR LE CAPITAL",,group,,1,,Comptes de bilan / Comptes de tiers / ASSOCIÉS ET GROUPE,,,,"Comptes de bilan / Comptes de tiers / ASSOCIÉS ET GROUPE / ASSOCIÉS, OPÉRATIONS SUR LE CAPITAL",missing_root_type
,Actionnaires défaillants,,unspecified,,0,,"Comptes de bilan / Comptes de tiers / ASSOCIÉS ET GROUPE / ASSOCIÉS, OPÉRATIONS SUR LE CAPITAL",,,,"Comptes de bilan / Comptes de tiers / ASSOCIÉS ET GROUPE / ASSOCIÉS, OPÉRATIONS SUR LE CAPITAL / Actionnaires défaillants",missing_root_type
,"Actionnaires, capital souscrit appelé non versé",,unspecified,,0,,"Comptes de bilan / Comptes de tiers / ASSOCIÉS ET GROUPE / ASSOCIÉS, OPÉRATIONS SUR LE CAPITAL",,,,"Comptes de bilan / Comptes de tiers / ASSOCIÉS ET GROUPE / ASSOCIÉS, OPÉRATIONS SUR LE CAPITAL / Actionnaires, capital souscrit appelé non versé",missing_root_type
,Associés apports en nature,,unspecified,,0,,"Comptes de bilan / Comptes de tiers / ASSOCIÉS ET GROUPE / ASSOCIÉS, OPÉRATIONS SUR LE CAPITAL",,,,"Comptes de bilan / Comptes de tiers / ASSOCIÉS ET GROUPE / ASSOCIÉS, OPÉRATIONS SUR LE CAPITAL / Associés apports en nature",missing_root_type
,Associés apports en numéraire,,unspecified,,0,,"Comptes de bilan / Comptes de tiers / ASSOCIÉS ET GROUPE / ASSOCIÉS, OPÉRATIONS SUR LE CAPITAL",,,,"Comptes de bilan / Comptes de tiers / ASSOCIÉS ET GROUPE / ASSOCIÉS, OPÉRATIONS SUR LE CAPITAL / Associés apports en numéraire",missing_root_type
,"Associés, autres apports",,unspecified,,0,,"Comptes de bilan / Comptes de tiers / ASSOCIÉS ET GROUPE / ASSOCIÉS, OPÉRATIONS SUR LE CAPITAL",,,,"Comptes de bilan / Comptes de tiers / ASSOCIÉS ET GROUPE / ASSOCIÉS, OPÉRATIONS SUR LE CAPITAL / Associés, autres apports",missing_root_type
,"Associés, capital appelé non versé",,unspecified,,0,,"Comptes de bilan / Comptes de tiers / ASSOCIÉS ET GROUPE / ASSOCIÉS, OPÉRATIONS SUR LE CAPITAL",,,,"Comptes de bilan / Comptes de tiers / ASSOCIÉS ET GROUPE / ASSOCIÉS, OPÉRATIONS SUR LE CAPITAL / Associés, capital appelé non versé",missing_root_type
,"Associés, capital à rembourser",,unspecified,,0,,"Comptes de bilan / Comptes de tiers / ASSOCIÉS ET GROUPE / ASSOCIÉS, OPÉRATIONS SUR LE CAPITAL",,,,"Comptes de bilan / Comptes de tiers / ASSOCIÉS ET GROUPE / ASSOCIÉS, OPÉRATIONS SUR LE CAPITAL / Associés, capital à rembourser",missing_root_type
,"Associés, versements anticipés",,unspecified,,0,,"Comptes de bilan / Comptes de tiers / ASSOCIÉS ET GROUPE / ASSOCIÉS, OPÉRATIONS SUR LE CAPITAL",,,,"Comptes de bilan / Comptes de tiers / ASSOCIÉS ET GROUPE / ASSOCIÉS, OPÉRATIONS SUR LE CAPITAL / Associés, versements anticipés",missing_root_type
,"Associés, versements reçus sur augmentation de capital",,unspecified,,0,,"Comptes de bilan / Comptes de tiers / ASSOCIÉS ET GROUPE / ASSOCIÉS, OPÉRATIONS SUR LE CAPITAL",,,,"Comptes de bilan / Comptes de tiers / ASSOCIÉS ET GROUPE / ASSOCIÉS, OPÉRATIONS SUR LE CAPITAL / Associés, versements reçus sur augmentation de capital",missing_root_type
,"GROUPE, COMPTES COURANTS",,unspecified,,0,,Comptes de bilan / Comptes de tiers / ASSOCIÉS ET GROUPE,,,,"Comptes de bilan / Comptes de tiers / ASSOCIÉS ET GROUPE / GROUPE, COMPTES COURANTS",missing_root_type
,CLIENTS ET COMPTES RATTACHÉS,,group,,1,,Comptes de bilan / Comptes de tiers,,,,Comptes de bilan / Comptes de tiers / CLIENTS ET COMPTES RATTACHÉS,missing_root_type
,CLIENTS,,group,,1,,Comptes de bilan / Comptes de tiers / CLIENTS ET COMPTES RATTACHÉS,,,,Comptes de bilan / Comptes de tiers / CLIENTS ET COMPTES RATTACHÉS / CLIENTS,missing_root_type
,"Client, retenues de garantie",,unspecified,,0,,Comptes de bilan / Comptes de tiers / CLIENTS ET COMPTES RATTACHÉS / CLIENTS,,,,"Comptes de bilan / Comptes de tiers / CLIENTS ET COMPTES RATTACHÉS / CLIENTS / Client, retenues de garantie",missing_root_type
,Clients,,unspecified,,0,,Comptes de bilan / Comptes de tiers / CLIENTS ET COMPTES RATTACHÉS / CLIENTS,,,,Comptes de bilan / Comptes de tiers / CLIENTS ET COMPTES RATTACHÉS / CLIENTS / Clients,missing_root_type
,Clients - Groupe,,unspecified,,0,,Comptes de bilan / Comptes de tiers / CLIENTS ET COMPTES RATTACHÉS / CLIENTS,,,,Comptes de bilan / Comptes de tiers / CLIENTS ET COMPTES RATTACHÉS / CLIENTS / Clients - Groupe,missing_root_type
,"Clients, dégrèvement de Taxes sur la Valeur Ajoutée (T.V.A.)",,unspecified,,0,,Comptes de bilan / Comptes de tiers / CLIENTS ET COMPTES RATTACHÉS / CLIENTS,,,,"Comptes de bilan / Comptes de tiers / CLIENTS ET COMPTES RATTACHÉS / CLIENTS / Clients, dégrèvement de Taxes sur la Valeur Ajoutée (T.V.A.)",missing_root_type
,"Clients, organismes internationaux",,unspecified,,0,,Comptes de bilan / Comptes de tiers / CLIENTS ET COMPTES RATTACHÉS / CLIENTS,,,,"Comptes de bilan / Comptes de tiers / CLIENTS ET COMPTES RATTACHÉS / CLIENTS / Clients, organismes internationaux",missing_root_type
,"Clients, État et Collectivités publiques",,unspecified,,0,,Comptes de bilan / Comptes de tiers / CLIENTS ET COMPTES RATTACHÉS / CLIENTS,,,,"Comptes de bilan / Comptes de tiers / CLIENTS ET COMPTES RATTACHÉS / CLIENTS / Clients, État et Collectivités publiques",missing_root_type
,CLIENTS CRÉDITEURS,,group,,1,,Comptes de bilan / Comptes de tiers / CLIENTS ET COMPTES RATTACHÉS,,,,Comptes de bilan / Comptes de tiers / CLIENTS ET COMPTES RATTACHÉS / CLIENTS CRÉDITEURS,missing_root_type
,"Clients - Groupe, avances et acomptes reçus",,unspecified,,0,,Comptes de bilan / Comptes de tiers / CLIENTS ET COMPTES RATTACHÉS / CLIENTS CRÉDITEURS,,,,"Comptes de bilan / Comptes de tiers / CLIENTS ET COMPTES RATTACHÉS / CLIENTS CRÉDITEURS / Clients - Groupe, avances et acomptes reçus",missing_root_type
,"Clients, avances et acomptes reçus",,unspecified,,0,,Comptes de bilan / Comptes de tiers / CLIENTS ET COMPTES RATTACHÉS / CLIENTS CRÉDITEURS,,,,"Comptes de bilan / Comptes de tiers / CLIENTS ET COMPTES RATTACHÉS / CLIENTS CRÉDITEURS / Clients, avances et acomptes reçus",missing_root_type
,"Clients, dettes pour emballages et matériels consignés",,unspecified,,0,,Comptes de bilan / Comptes de tiers / CLIENTS ET COMPTES RATTACHÉS / CLIENTS CRÉDITEURS,,,,"Comptes de bilan / Comptes de tiers / CLIENTS ET COMPTES RATTACHÉS / CLIENTS CRÉDITEURS / Clients, dettes pour emballages et matériels consignés",missing_root_type
,"Rabais, Remises, Ristournes et autres avoirs à accorder",,unspecified,,0,,Comptes de bilan / Comptes de tiers / CLIENTS ET COMPTES RATTACHÉS / CLIENTS CRÉDITEURS,,,,"Comptes de bilan / Comptes de tiers / CLIENTS ET COMPTES RATTACHÉS / CLIENTS CRÉDITEURS / Rabais, Remises, Ristournes et autres avoirs à accorder",missing_root_type
,"CLIENTS, PRODUITS À RECEVOIR",,group,,1,,Comptes de bilan / Comptes de tiers / CLIENTS ET COMPTES RATTACHÉS,,,,"Comptes de bilan / Comptes de tiers / CLIENTS ET COMPTES RATTACHÉS / CLIENTS, PRODUITS À RECEVOIR",missing_root_type
,"Clients, factures à établir",,unspecified,,0,,"Comptes de bilan / Comptes de tiers / CLIENTS ET COMPTES RATTACHÉS / CLIENTS, PRODUITS À RECEVOIR",,,,"Comptes de bilan / Comptes de tiers / CLIENTS ET COMPTES RATTACHÉS / CLIENTS, PRODUITS À RECEVOIR / Clients, factures à établir",missing_root_type
,"Clients, intérêts courus",,unspecified,,0,,"Comptes de bilan / Comptes de tiers / CLIENTS ET COMPTES RATTACHÉS / CLIENTS, PRODUITS À RECEVOIR",,,,"Comptes de bilan / Comptes de tiers / CLIENTS ET COMPTES RATTACHÉS / CLIENTS, PRODUITS À RECEVOIR / Clients, intérêts courus",missing_root_type
,"CLIENTS, ÉFFETS ESCOMPTÉS NON ÉCHUS",,unspecified,,0,,Comptes de bilan / Comptes de tiers / CLIENTS ET COMPTES RATTACHÉS,,,,"Comptes de bilan / Comptes de tiers / CLIENTS ET COMPTES RATTACHÉS / CLIENTS, ÉFFETS ESCOMPTÉS NON ÉCHUS",missing_root_type
,"CLIENTS, ÉFFETS À RECEVOIR EN PORTEFEUILLE",,group,,1,,Comptes de bilan / Comptes de tiers / CLIENTS ET COMPTES RATTACHÉS,,,,"Comptes de bilan / Comptes de tiers / CLIENTS ET COMPTES RATTACHÉS / CLIENTS, ÉFFETS À RECEVOIR EN PORTEFEUILLE",missing_root_type
,"Clients - Groupe, Effets à recevoir",,unspecified,,0,,"Comptes de bilan / Comptes de tiers / CLIENTS ET COMPTES RATTACHÉS / CLIENTS, ÉFFETS À RECEVOIR EN PORTEFEUILLE",,,,"Comptes de bilan / Comptes de tiers / CLIENTS ET COMPTES RATTACHÉS / CLIENTS, ÉFFETS À RECEVOIR EN PORTEFEUILLE / Clients - Groupe, Effets à recevoir",missing_root_type
,"Clients, Effets à recevoir",,unspecified,,0,,"Comptes de bilan / Comptes de tiers / CLIENTS ET COMPTES RATTACHÉS / CLIENTS, ÉFFETS À RECEVOIR EN PORTEFEUILLE",,,,"Comptes de bilan / Comptes de tiers / CLIENTS ET COMPTES RATTACHÉS / CLIENTS, ÉFFETS À RECEVOIR EN PORTEFEUILLE / Clients, Effets à recevoir",missing_root_type
,"Organismes Internationaux, Effets à recevoir",,unspecified,,0,,"Comptes de bilan / Comptes de tiers / CLIENTS ET COMPTES RATTACHÉS / CLIENTS, ÉFFETS À RECEVOIR EN PORTEFEUILLE",,,,"Comptes de bilan / Comptes de tiers / CLIENTS ET COMPTES RATTACHÉS / CLIENTS, ÉFFETS À RECEVOIR EN PORTEFEUILLE / Organismes Internationaux, Effets à recevoir",missing_root_type
,"État et Collectivités publiques, Effets à recevoir",,unspecified,,0,,"Comptes de bilan / Comptes de tiers / CLIENTS ET COMPTES RATTACHÉS / CLIENTS, ÉFFETS À RECEVOIR EN PORTEFEUILLE",,,,"Comptes de bilan / Comptes de tiers / CLIENTS ET COMPTES RATTACHÉS / CLIENTS, ÉFFETS À RECEVOIR EN PORTEFEUILLE / État et Collectivités publiques, Effets à recevoir",missing_root_type
,CRÉANCES CLIENTS LITIGIEUSES OU DOUTEUSES,,group,,1,,Comptes de bilan / Comptes de tiers / CLIENTS ET COMPTES RATTACHÉS,,,,Comptes de bilan / Comptes de tiers / CLIENTS ET COMPTES RATTACHÉS / CRÉANCES CLIENTS LITIGIEUSES OU DOUTEUSES,missing_root_type
,Créances douteuses,,unspecified,,0,,Comptes de bilan / Comptes de tiers / CLIENTS ET COMPTES RATTACHÉS / CRÉANCES CLIENTS LITIGIEUSES OU DOUTEUSES,,,,Comptes de bilan / Comptes de tiers / CLIENTS ET COMPTES RATTACHÉS / CRÉANCES CLIENTS LITIGIEUSES OU DOUTEUSES / Créances douteuses,missing_root_type
,Créances litigieuses,,unspecified,,0,,Comptes de bilan / Comptes de tiers / CLIENTS ET COMPTES RATTACHÉS / CRÉANCES CLIENTS LITIGIEUSES OU DOUTEUSES,,,,Comptes de bilan / Comptes de tiers / CLIENTS ET COMPTES RATTACHÉS / CRÉANCES CLIENTS LITIGIEUSES OU DOUTEUSES / Créances litigieuses,missing_root_type
,CRÉANCES SUR CESSIONS D'IMMOBILISATIONS,,group,,1,,Comptes de bilan / Comptes de tiers / CLIENTS ET COMPTES RATTACHÉS,,,,Comptes de bilan / Comptes de tiers / CLIENTS ET COMPTES RATTACHÉS / CRÉANCES SUR CESSIONS D'IMMOBILISATIONS,missing_root_type
,Créances en compte,,unspecified,,0,,Comptes de bilan / Comptes de tiers / CLIENTS ET COMPTES RATTACHÉS / CRÉANCES SUR CESSIONS D'IMMOBILISATIONS,,,,Comptes de bilan / Comptes de tiers / CLIENTS ET COMPTES RATTACHÉS / CRÉANCES SUR CESSIONS D'IMMOBILISATIONS / Créances en compte,missing_root_type
,Effets à recevoir,,unspecified,,0,,Comptes de bilan / Comptes de tiers / CLIENTS ET COMPTES RATTACHÉS / CRÉANCES SUR CESSIONS D'IMMOBILISATIONS,,,,Comptes de bilan / Comptes de tiers / CLIENTS ET COMPTES RATTACHÉS / CRÉANCES SUR CESSIONS D'IMMOBILISATIONS / Effets à recevoir,missing_root_type
,CRÉANCES ET DETTES HORS ACTIVITÉS ORDINAIRES (HAO),,group,,1,,Comptes de bilan / Comptes de tiers,,,,Comptes de bilan / Comptes de tiers / CRÉANCES ET DETTES HORS ACTIVITÉS ORDINAIRES (HAO),missing_root_type
,AUTRES CRÉANCES HORS ACTIVITÉS ORDINAIRES (H.A.O.),,unspecified,,0,,Comptes de bilan / Comptes de tiers / CRÉANCES ET DETTES HORS ACTIVITÉS ORDINAIRES (HAO),,,,Comptes de bilan / Comptes de tiers / CRÉANCES ET DETTES HORS ACTIVITÉS ORDINAIRES (HAO) / AUTRES CRÉANCES HORS ACTIVITÉS ORDINAIRES (H.A.O.),missing_root_type
,AUTRES DETTES HORS ACTIVITES ORDINAIRES (H.A.O.),,unspecified,,0,,Comptes de bilan / Comptes de tiers / CRÉANCES ET DETTES HORS ACTIVITÉS ORDINAIRES (HAO),,,,Comptes de bilan / Comptes de tiers / CRÉANCES ET DETTES HORS ACTIVITÉS ORDINAIRES (HAO) / AUTRES DETTES HORS ACTIVITES ORDINAIRES (H.A.O.),missing_root_type
,CRÉANCES SUR CESSIONS D'IMMOBILISATIONS,,group,,1,,Comptes de bilan / Comptes de tiers / CRÉANCES ET DETTES HORS ACTIVITÉS ORDINAIRES (HAO),,,,Comptes de bilan / Comptes de tiers / CRÉANCES ET DETTES HORS ACTIVITÉS ORDINAIRES (HAO) / CRÉANCES SUR CESSIONS D'IMMOBILISATIONS,missing_root_type
,Effets à recevoir,,unspecified,,0,,Comptes de bilan / Comptes de tiers / CRÉANCES ET DETTES HORS ACTIVITÉS ORDINAIRES (HAO) / CRÉANCES SUR CESSIONS D'IMMOBILISATIONS,,,,Comptes de bilan / Comptes de tiers / CRÉANCES ET DETTES HORS ACTIVITÉS ORDINAIRES (HAO) / CRÉANCES SUR CESSIONS D'IMMOBILISATIONS / Effets à recevoir,missing_root_type
,En compte,,unspecified,,0,,Comptes de bilan / Comptes de tiers / CRÉANCES ET DETTES HORS ACTIVITÉS ORDINAIRES (HAO) / CRÉANCES SUR CESSIONS D'IMMOBILISATIONS,,,,Comptes de bilan / Comptes de tiers / CRÉANCES ET DETTES HORS ACTIVITÉS ORDINAIRES (HAO) / CRÉANCES SUR CESSIONS D'IMMOBILISATIONS / En compte,missing_root_type
,Factures à établir,,unspecified,,0,,Comptes de bilan / Comptes de tiers / CRÉANCES ET DETTES HORS ACTIVITÉS ORDINAIRES (HAO) / CRÉANCES SUR CESSIONS D'IMMOBILISATIONS,,,,Comptes de bilan / Comptes de tiers / CRÉANCES ET DETTES HORS ACTIVITÉS ORDINAIRES (HAO) / CRÉANCES SUR CESSIONS D'IMMOBILISATIONS / Factures à établir,missing_root_type
,Retenues de garantie,,unspecified,,0,,Comptes de bilan / Comptes de tiers / CRÉANCES ET DETTES HORS ACTIVITÉS ORDINAIRES (HAO) / CRÉANCES SUR CESSIONS D'IMMOBILISATIONS,,,,Comptes de bilan / Comptes de tiers / CRÉANCES ET DETTES HORS ACTIVITÉS ORDINAIRES (HAO) / CRÉANCES SUR CESSIONS D'IMMOBILISATIONS / Retenues de garantie,missing_root_type
,CRÉANCES SUR CESSIONS DE TITRES DE PLACEMENT,,unspecified,,0,,Comptes de bilan / Comptes de tiers / CRÉANCES ET DETTES HORS ACTIVITÉS ORDINAIRES (HAO),,,,Comptes de bilan / Comptes de tiers / CRÉANCES ET DETTES HORS ACTIVITÉS ORDINAIRES (HAO) / CRÉANCES SUR CESSIONS DE TITRES DE PLACEMENT,missing_root_type
,DETTES SUR ACQUISITION DE TITRES DE PLACEMENT,,unspecified,,0,,Comptes de bilan / Comptes de tiers / CRÉANCES ET DETTES HORS ACTIVITÉS ORDINAIRES (HAO),,,,Comptes de bilan / Comptes de tiers / CRÉANCES ET DETTES HORS ACTIVITÉS ORDINAIRES (HAO) / DETTES SUR ACQUISITION DE TITRES DE PLACEMENT,missing_root_type
,FOURNISSEURS D'INVESTISSEMENTS,,group,,1,,Comptes de bilan / Comptes de tiers / CRÉANCES ET DETTES HORS ACTIVITÉS ORDINAIRES (HAO),,,,Comptes de bilan / Comptes de tiers / CRÉANCES ET DETTES HORS ACTIVITÉS ORDINAIRES (HAO) / FOURNISSEURS D'INVESTISSEMENTS,missing_root_type
,Factures non parvenues,,unspecified,,0,,Comptes de bilan / Comptes de tiers / CRÉANCES ET DETTES HORS ACTIVITÉS ORDINAIRES (HAO) / FOURNISSEURS D'INVESTISSEMENTS,,,,Comptes de bilan / Comptes de tiers / CRÉANCES ET DETTES HORS ACTIVITÉS ORDINAIRES (HAO) / FOURNISSEURS D'INVESTISSEMENTS / Factures non parvenues,missing_root_type
,Immobilisations corporelles,,unspecified,,0,,Comptes de bilan / Comptes de tiers / CRÉANCES ET DETTES HORS ACTIVITÉS ORDINAIRES (HAO) / FOURNISSEURS D'INVESTISSEMENTS,,,,Comptes de bilan / Comptes de tiers / CRÉANCES ET DETTES HORS ACTIVITÉS ORDINAIRES (HAO) / FOURNISSEURS D'INVESTISSEMENTS / Immobilisations corporelles,missing_root_type
,Immobilisations incorporelles,,unspecified,,0,,Comptes de bilan / Comptes de tiers / CRÉANCES ET DETTES HORS ACTIVITÉS ORDINAIRES (HAO) / FOURNISSEURS D'INVESTISSEMENTS,,,,Comptes de bilan / Comptes de tiers / CRÉANCES ET DETTES HORS ACTIVITÉS ORDINAIRES (HAO) / FOURNISSEURS D'INVESTISSEMENTS / Immobilisations incorporelles,missing_root_type
,Retenues de garantie,,unspecified,,0,,Comptes de bilan / Comptes de tiers / CRÉANCES ET DETTES HORS ACTIVITÉS ORDINAIRES (HAO) / FOURNISSEURS D'INVESTISSEMENTS,,,,Comptes de bilan / Comptes de tiers / CRÉANCES ET DETTES HORS ACTIVITÉS ORDINAIRES (HAO) / FOURNISSEURS D'INVESTISSEMENTS / Retenues de garantie,missing_root_type
,"FOURNISSEURS D'INVESTISSEMENTS, EFFETS À PAYER",,unspecified,,0,,Comptes de bilan / Comptes de tiers / CRÉANCES ET DETTES HORS ACTIVITÉS ORDINAIRES (HAO),,,,"Comptes de bilan / Comptes de tiers / CRÉANCES ET DETTES HORS ACTIVITÉS ORDINAIRES (HAO) / FOURNISSEURS D'INVESTISSEMENTS, EFFETS À PAYER",missing_root_type
,DÉBITEURS ET CRÉDITEURS DIVERS,,group,,1,,Comptes de bilan / Comptes de tiers,,,,Comptes de bilan / Comptes de tiers / DÉBITEURS ET CRÉDITEURS DIVERS,missing_root_type
,CHARGES CONSTATÉES D'AVANCE,,unspecified,,0,,Comptes de bilan / Comptes de tiers / DÉBITEURS ET CRÉDITEURS DIVERS,,,,Comptes de bilan / Comptes de tiers / DÉBITEURS ET CRÉDITEURS DIVERS / CHARGES CONSTATÉES D'AVANCE,missing_root_type
,COMPTES D'ATTENTE,,group,,1,,Comptes de bilan / Comptes de tiers / DÉBITEURS ET CRÉDITEURS DIVERS,,,,Comptes de bilan / Comptes de tiers / DÉBITEURS ET CRÉDITEURS DIVERS / COMPTES D'ATTENTE,missing_root_type
,Créditeurs divers,,unspecified,,0,,Comptes de bilan / Comptes de tiers / DÉBITEURS ET CRÉDITEURS DIVERS / COMPTES D'ATTENTE,,,,Comptes de bilan / Comptes de tiers / DÉBITEURS ET CRÉDITEURS DIVERS / COMPTES D'ATTENTE / Créditeurs divers,missing_root_type
,Débiteurs divers,,unspecified,,0,,Comptes de bilan / Comptes de tiers / DÉBITEURS ET CRÉDITEURS DIVERS / COMPTES D'ATTENTE,,,,Comptes de bilan / Comptes de tiers / DÉBITEURS ET CRÉDITEURS DIVERS / COMPTES D'ATTENTE / Débiteurs divers,missing_root_type
,CRÉANCES SUR TRAVAUX NON ENCORE FACTURABLES,,unspecified,,0,,Comptes de bilan / Comptes de tiers / DÉBITEURS ET CRÉDITEURS DIVERS,,,,Comptes de bilan / Comptes de tiers / DÉBITEURS ET CRÉDITEURS DIVERS / CRÉANCES SUR TRAVAUX NON ENCORE FACTURABLES,missing_root_type
,PRODUITS CONSTATÉS D'AVANCE,,unspecified,,0,,Comptes de bilan / Comptes de tiers / DÉBITEURS ET CRÉDITEURS DIVERS,,,,Comptes de bilan / Comptes de tiers / DÉBITEURS ET CRÉDITEURS DIVERS / PRODUITS CONSTATÉS D'AVANCE,missing_root_type
,RÉPARTITION PÉRIODIQUE DES CHARGES ET DES PRODUITS,,group,,1,,Comptes de bilan / Comptes de tiers / DÉBITEURS ET CRÉDITEURS DIVERS,,,,Comptes de bilan / Comptes de tiers / DÉBITEURS ET CRÉDITEURS DIVERS / RÉPARTITION PÉRIODIQUE DES CHARGES ET DES PRODUITS,missing_root_type
,Charges,,unspecified,,0,,Comptes de bilan / Comptes de tiers / DÉBITEURS ET CRÉDITEURS DIVERS / RÉPARTITION PÉRIODIQUE DES CHARGES ET DES PRODUITS,,,,Comptes de bilan / Comptes de tiers / DÉBITEURS ET CRÉDITEURS DIVERS / RÉPARTITION PÉRIODIQUE DES CHARGES ET DES PRODUITS / Charges,missing_root_type
,Produits,,unspecified,,0,,Comptes de bilan / Comptes de tiers / DÉBITEURS ET CRÉDITEURS DIVERS / RÉPARTITION PÉRIODIQUE DES CHARGES ET DES PRODUITS,,,,Comptes de bilan / Comptes de tiers / DÉBITEURS ET CRÉDITEURS DIVERS / RÉPARTITION PÉRIODIQUE DES CHARGES ET DES PRODUITS / Produits,missing_root_type
,VERSEMENTS RESTANT À EFFECTUER SUR TITRES NON LIBÉRÉS,,group,,1,,Comptes de bilan / Comptes de tiers / DÉBITEURS ET CRÉDITEURS DIVERS,,,,Comptes de bilan / Comptes de tiers / DÉBITEURS ET CRÉDITEURS DIVERS / VERSEMENTS RESTANT À EFFECTUER SUR TITRES NON LIBÉRÉS,missing_root_type
,Titres de participation,,unspecified,,0,,Comptes de bilan / Comptes de tiers / DÉBITEURS ET CRÉDITEURS DIVERS / VERSEMENTS RESTANT À EFFECTUER SUR TITRES NON LIBÉRÉS,,,,Comptes de bilan / Comptes de tiers / DÉBITEURS ET CRÉDITEURS DIVERS / VERSEMENTS RESTANT À EFFECTUER SUR TITRES NON LIBÉRÉS / Titres de participation,missing_root_type
,Titres de placement,,unspecified,,0,,Comptes de bilan / Comptes de tiers / DÉBITEURS ET CRÉDITEURS DIVERS / VERSEMENTS RESTANT À EFFECTUER SUR TITRES NON LIBÉRÉS,,,,Comptes de bilan / Comptes de tiers / DÉBITEURS ET CRÉDITEURS DIVERS / VERSEMENTS RESTANT À EFFECTUER SUR TITRES NON LIBÉRÉS / Titres de placement,missing_root_type
,Titres immobilisés,,unspecified,,0,,Comptes de bilan / Comptes de tiers / DÉBITEURS ET CRÉDITEURS DIVERS / VERSEMENTS RESTANT À EFFECTUER SUR TITRES NON LIBÉRÉS,,,,Comptes de bilan / Comptes de tiers / DÉBITEURS ET CRÉDITEURS DIVERS / VERSEMENTS RESTANT À EFFECTUER SUR TITRES NON LIBÉRÉS / Titres immobilisés,missing_root_type
,ÉCARTS DE CONVERSION - ACTIF,,group,,1,,Comptes de bilan / Comptes de tiers / DÉBITEURS ET CRÉDITEURS DIVERS,,,,Comptes de bilan / Comptes de tiers / DÉBITEURS ET CRÉDITEURS DIVERS / ÉCARTS DE CONVERSION - ACTIF,missing_root_type
,Augmentation des dettes,,unspecified,,0,,Comptes de bilan / Comptes de tiers / DÉBITEURS ET CRÉDITEURS DIVERS / ÉCARTS DE CONVERSION - ACTIF,,,,Comptes de bilan / Comptes de tiers / DÉBITEURS ET CRÉDITEURS DIVERS / ÉCARTS DE CONVERSION - ACTIF / Augmentation des dettes,missing_root_type
,Différences compensées par couverture de change,,unspecified,,0,,Comptes de bilan / Comptes de tiers / DÉBITEURS ET CRÉDITEURS DIVERS / ÉCARTS DE CONVERSION - ACTIF,,,,Comptes de bilan / Comptes de tiers / DÉBITEURS ET CRÉDITEURS DIVERS / ÉCARTS DE CONVERSION - ACTIF / Différences compensées par couverture de change,missing_root_type
,Diminution des créances,,unspecified,,0,,Comptes de bilan / Comptes de tiers / DÉBITEURS ET CRÉDITEURS DIVERS / ÉCARTS DE CONVERSION - ACTIF,,,,Comptes de bilan / Comptes de tiers / DÉBITEURS ET CRÉDITEURS DIVERS / ÉCARTS DE CONVERSION - ACTIF / Diminution des créances,missing_root_type
,ÉCARTS DE CONVERSION - PASSIF,,group,,1,,Comptes de bilan / Comptes de tiers / DÉBITEURS ET CRÉDITEURS DIVERS,,,,Comptes de bilan / Comptes de tiers / DÉBITEURS ET CRÉDITEURS DIVERS / ÉCARTS DE CONVERSION - PASSIF,missing_root_type
,Augmentation des créances,,unspecified,,0,,Comptes de bilan / Comptes de tiers / DÉBITEURS ET CRÉDITEURS DIVERS / ÉCARTS DE CONVERSION - PASSIF,,,,Comptes de bilan / Comptes de tiers / DÉBITEURS ET CRÉDITEURS DIVERS / ÉCARTS DE CONVERSION - PASSIF / Augmentation des créances,missing_root_type
,Différences compensées par couverture de change,,unspecified,,0,,Comptes de bilan / Comptes de tiers / DÉBITEURS ET CRÉDITEURS DIVERS / ÉCARTS DE CONVERSION - PASSIF,,,,Comptes de bilan / Comptes de tiers / DÉBITEURS ET CRÉDITEURS DIVERS / ÉCARTS DE CONVERSION - PASSIF / Différences compensées par couverture de change,missing_root_type
,Diminution des dettes,,unspecified,,0,,Comptes de bilan / Comptes de tiers / DÉBITEURS ET CRÉDITEURS DIVERS / ÉCARTS DE CONVERSION - PASSIF,,,,Comptes de bilan / Comptes de tiers / DÉBITEURS ET CRÉDITEURS DIVERS / ÉCARTS DE CONVERSION - PASSIF / Diminution des dettes,missing_root_type
,DÉPRÉCIATIONS ET RISQUES PROVISIONNÉS (TIERS),,group,,1,,Comptes de bilan / Comptes de tiers,,,,Comptes de bilan / Comptes de tiers / DÉPRÉCIATIONS ET RISQUES PROVISIONNÉS (TIERS),missing_root_type
,DÉPRÉCIATIONS DES COMPTES ASSOCIÉS ET GROUPE,,group,,1,,Comptes de bilan / Comptes de tiers / DÉPRÉCIATIONS ET RISQUES PROVISIONNÉS (TIERS),,,,Comptes de bilan / Comptes de tiers / DÉPRÉCIATIONS ET RISQUES PROVISIONNÉS (TIERS) / DÉPRÉCIATIONS DES COMPTES ASSOCIÉS ET GROUPE,missing_root_type
,"Associés, comptes courants",,unspecified,,0,,Comptes de bilan / Comptes de tiers / DÉPRÉCIATIONS ET RISQUES PROVISIONNÉS (TIERS) / DÉPRÉCIATIONS DES COMPTES ASSOCIÉS ET GROUPE,,,,"Comptes de bilan / Comptes de tiers / DÉPRÉCIATIONS ET RISQUES PROVISIONNÉS (TIERS) / DÉPRÉCIATIONS DES COMPTES ASSOCIÉS ET GROUPE / Associés, comptes courants",missing_root_type
,"Associés, opérations faites en commun",,unspecified,,0,,Comptes de bilan / Comptes de tiers / DÉPRÉCIATIONS ET RISQUES PROVISIONNÉS (TIERS) / DÉPRÉCIATIONS DES COMPTES ASSOCIÉS ET GROUPE,,,,"Comptes de bilan / Comptes de tiers / DÉPRÉCIATIONS ET RISQUES PROVISIONNÉS (TIERS) / DÉPRÉCIATIONS DES COMPTES ASSOCIÉS ET GROUPE / Associés, opérations faites en commun",missing_root_type
,"Groupe, comptes courants",,unspecified,,0,,Comptes de bilan / Comptes de tiers / DÉPRÉCIATIONS ET RISQUES PROVISIONNÉS (TIERS) / DÉPRÉCIATIONS DES COMPTES ASSOCIÉS ET GROUPE,,,,"Comptes de bilan / Comptes de tiers / DÉPRÉCIATIONS ET RISQUES PROVISIONNÉS (TIERS) / DÉPRÉCIATIONS DES COMPTES ASSOCIÉS ET GROUPE / Groupe, comptes courants",missing_root_type
,DÉPRÉCIATIONS DES COMPTES CLIENTS,,group,,1,,Comptes de bilan / Comptes de tiers / DÉPRÉCIATIONS ET RISQUES PROVISIONNÉS (TIERS),,,,Comptes de bilan / Comptes de tiers / DÉPRÉCIATIONS ET RISQUES PROVISIONNÉS (TIERS) / DÉPRÉCIATIONS DES COMPTES CLIENTS,missing_root_type
,Créances douteuses,,unspecified,,0,,Comptes de bilan / Comptes de tiers / DÉPRÉCIATIONS ET RISQUES PROVISIONNÉS (TIERS) / DÉPRÉCIATIONS DES COMPTES CLIENTS,,,,Comptes de bilan / Comptes de tiers / DÉPRÉCIATIONS ET RISQUES PROVISIONNÉS (TIERS) / DÉPRÉCIATIONS DES COMPTES CLIENTS / Créances douteuses,missing_root_type
,Créances litigieuses,,unspecified,,0,,Comptes de bilan / Comptes de tiers / DÉPRÉCIATIONS ET RISQUES PROVISIONNÉS (TIERS) / DÉPRÉCIATIONS DES COMPTES CLIENTS,,,,Comptes de bilan / Comptes de tiers / DÉPRÉCIATIONS ET RISQUES PROVISIONNÉS (TIERS) / DÉPRÉCIATIONS DES COMPTES CLIENTS / Créances litigieuses,missing_root_type
,DÉPRÉCIATIONS DES COMPTES DE CRÉANCES H.A.O.,,group,,1,,Comptes de bilan / Comptes de tiers / DÉPRÉCIATIONS ET RISQUES PROVISIONNÉS (TIERS),,,,Comptes de bilan / Comptes de tiers / DÉPRÉCIATIONS ET RISQUES PROVISIONNÉS (TIERS) / DÉPRÉCIATIONS DES COMPTES DE CRÉANCES H.A.O.,missing_root_type
,Autres créances H.A.O.,,unspecified,,0,,Comptes de bilan / Comptes de tiers / DÉPRÉCIATIONS ET RISQUES PROVISIONNÉS (TIERS) / DÉPRÉCIATIONS DES COMPTES DE CRÉANCES H.A.O.,,,,Comptes de bilan / Comptes de tiers / DÉPRÉCIATIONS ET RISQUES PROVISIONNÉS (TIERS) / DÉPRÉCIATIONS DES COMPTES DE CRÉANCES H.A.O. / Autres créances H.A.O.,missing_root_type
,Créances sur cessions d'immobilisations,,unspecified,,0,,Comptes de bilan / Comptes de tiers / DÉPRÉCIATIONS ET RISQUES PROVISIONNÉS (TIERS) / DÉPRÉCIATIONS DES COMPTES DE CRÉANCES H.A.O.,,,,Comptes de bilan / Comptes de tiers / DÉPRÉCIATIONS ET RISQUES PROVISIONNÉS (TIERS) / DÉPRÉCIATIONS DES COMPTES DE CRÉANCES H.A.O. / Créances sur cessions d'immobilisations,missing_root_type
,Créances sur cessions de titres de placement,,unspecified,,0,,Comptes de bilan / Comptes de tiers / DÉPRÉCIATIONS ET RISQUES PROVISIONNÉS (TIERS) / DÉPRÉCIATIONS DES COMPTES DE CRÉANCES H.A.O.,,,,Comptes de bilan / Comptes de tiers / DÉPRÉCIATIONS ET RISQUES PROVISIONNÉS (TIERS) / DÉPRÉCIATIONS DES COMPTES DE CRÉANCES H.A.O. / Créances sur cessions de titres de placement,missing_root_type
,DÉPRÉCIATIONS DES COMPTES DÉBITEURS DIVERS,,unspecified,,0,,Comptes de bilan / Comptes de tiers / DÉPRÉCIATIONS ET RISQUES PROVISIONNÉS (TIERS),,,,Comptes de bilan / Comptes de tiers / DÉPRÉCIATIONS ET RISQUES PROVISIONNÉS (TIERS) / DÉPRÉCIATIONS DES COMPTES DÉBITEURS DIVERS,missing_root_type
,DÉPRÉCIATIONS DES COMPTES FOURNISSEURS,,unspecified,,0,,Comptes de bilan / Comptes de tiers / DÉPRÉCIATIONS ET RISQUES PROVISIONNÉS (TIERS),,,,Comptes de bilan / Comptes de tiers / DÉPRÉCIATIONS ET RISQUES PROVISIONNÉS (TIERS) / DÉPRÉCIATIONS DES COMPTES FOURNISSEURS,missing_root_type
,DÉPRÉCIATIONS DES COMPTES ORGANISMES INTERNATIONAUX,,unspecified,,0,,Comptes de bilan / Comptes de tiers / DÉPRÉCIATIONS ET RISQUES PROVISIONNÉS (TIERS),,,,Comptes de bilan / Comptes de tiers / DÉPRÉCIATIONS ET RISQUES PROVISIONNÉS (TIERS) / DÉPRÉCIATIONS DES COMPTES ORGANISMES INTERNATIONAUX,missing_root_type
,DÉPRÉCIATIONS DES COMPTES ORGANISMES SOCIAUX,,unspecified,,0,,Comptes de bilan / Comptes de tiers / DÉPRÉCIATIONS ET RISQUES PROVISIONNÉS (TIERS),,,,Comptes de bilan / Comptes de tiers / DÉPRÉCIATIONS ET RISQUES PROVISIONNÉS (TIERS) / DÉPRÉCIATIONS DES COMPTES ORGANISMES SOCIAUX,missing_root_type
,DÉPRÉCIATIONS DES COMPTES PERSONNEL,,unspecified,,0,,Comptes de bilan / Comptes de tiers / DÉPRÉCIATIONS ET RISQUES PROVISIONNÉS (TIERS),,,,Comptes de bilan / Comptes de tiers / DÉPRÉCIATIONS ET RISQUES PROVISIONNÉS (TIERS) / DÉPRÉCIATIONS DES COMPTES PERSONNEL,missing_root_type
,DÉPRÉCIATIONS DES COMPTES ÉTAT ET COLLECTIVITÉS PUBLIQUES,,unspecified,,0,,Comptes de bilan / Comptes de tiers / DÉPRÉCIATIONS ET RISQUES PROVISIONNÉS (TIERS),,,,Comptes de bilan / Comptes de tiers / DÉPRÉCIATIONS ET RISQUES PROVISIONNÉS (TIERS) / DÉPRÉCIATIONS DES COMPTES ÉTAT ET COLLECTIVITÉS PUBLIQUES,missing_root_type
,RISQUES PROVISIONNÉS,,group,,1,,Comptes de bilan / Comptes de tiers / DÉPRÉCIATIONS ET RISQUES PROVISIONNÉS (TIERS),,,,Comptes de bilan / Comptes de tiers / DÉPRÉCIATIONS ET RISQUES PROVISIONNÉS (TIERS) / RISQUES PROVISIONNÉS,missing_root_type
,Sur opérations H.A.O.,,unspecified,,0,,Comptes de bilan / Comptes de tiers / DÉPRÉCIATIONS ET RISQUES PROVISIONNÉS (TIERS) / RISQUES PROVISIONNÉS,,,,Comptes de bilan / Comptes de tiers / DÉPRÉCIATIONS ET RISQUES PROVISIONNÉS (TIERS) / RISQUES PROVISIONNÉS / Sur opérations H.A.O.,missing_root_type
,Sur opérations d'exploitation,,unspecified,,0,,Comptes de bilan / Comptes de tiers / DÉPRÉCIATIONS ET RISQUES PROVISIONNÉS (TIERS) / RISQUES PROVISIONNÉS,,,,Comptes de bilan / Comptes de tiers / DÉPRÉCIATIONS ET RISQUES PROVISIONNÉS (TIERS) / RISQUES PROVISIONNÉS / Sur opérations d'exploitation,missing_root_type
,FOURNISSEURS ET COMPTES RATTACHÉS,,group,,1,,Comptes de bilan / Comptes de tiers,,,,Comptes de bilan / Comptes de tiers / FOURNISSEURS ET COMPTES RATTACHÉS,missing_root_type
,FOURNISSEURS DÉBITEURS,,group,,1,,Comptes de bilan / Comptes de tiers / FOURNISSEURS ET COMPTES RATTACHÉS,,,,Comptes de bilan / Comptes de tiers / FOURNISSEURS ET COMPTES RATTACHÉS / FOURNISSEURS DÉBITEURS,missing_root_type
,Fournisseurs - Groupe avances et acomptes versés,,unspecified,,0,,Comptes de bilan / Comptes de tiers / FOURNISSEURS ET COMPTES RATTACHÉS / FOURNISSEURS DÉBITEURS,,,,Comptes de bilan / Comptes de tiers / FOURNISSEURS ET COMPTES RATTACHÉS / FOURNISSEURS DÉBITEURS / Fournisseurs - Groupe avances et acomptes versés,missing_root_type
,Fournisseurs avances et acomptes versés,,unspecified,,0,,Comptes de bilan / Comptes de tiers / FOURNISSEURS ET COMPTES RATTACHÉS / FOURNISSEURS DÉBITEURS,,,,Comptes de bilan / Comptes de tiers / FOURNISSEURS ET COMPTES RATTACHÉS / FOURNISSEURS DÉBITEURS / Fournisseurs avances et acomptes versés,missing_root_type
,Fournisseurs créances pour emballages et matériels à rendre,,unspecified,,0,,Comptes de bilan / Comptes de tiers / FOURNISSEURS ET COMPTES RATTACHÉS / FOURNISSEURS DÉBITEURS,,,,Comptes de bilan / Comptes de tiers / FOURNISSEURS ET COMPTES RATTACHÉS / FOURNISSEURS DÉBITEURS / Fournisseurs créances pour emballages et matériels à rendre,missing_root_type
,Fournisseurs sous-traitants avances et acomptes versés,,unspecified,,0,,Comptes de bilan / Comptes de tiers / FOURNISSEURS ET COMPTES RATTACHÉS / FOURNISSEURS DÉBITEURS,,,,Comptes de bilan / Comptes de tiers / FOURNISSEURS ET COMPTES RATTACHÉS / FOURNISSEURS DÉBITEURS / Fournisseurs sous-traitants avances et acomptes versés,missing_root_type
,"Rabais, Remises, Ristournes et autres avoirs à obtenir",,unspecified,,0,,Comptes de bilan / Comptes de tiers / FOURNISSEURS ET COMPTES RATTACHÉS / FOURNISSEURS DÉBITEURS,,,,"Comptes de bilan / Comptes de tiers / FOURNISSEURS ET COMPTES RATTACHÉS / FOURNISSEURS DÉBITEURS / Rabais, Remises, Ristournes et autres avoirs à obtenir",missing_root_type
,"FOURNISSEURS, DETTES EN COMPTE",,group,,1,,Comptes de bilan / Comptes de tiers / FOURNISSEURS ET COMPTES RATTACHÉS,,,,"Comptes de bilan / Comptes de tiers / FOURNISSEURS ET COMPTES RATTACHÉS / FOURNISSEURS, DETTES EN COMPTE",missing_root_type
,"Fournisseur, retenues de garantie",,unspecified,,0,,"Comptes de bilan / Comptes de tiers / FOURNISSEURS ET COMPTES RATTACHÉS / FOURNISSEURS, DETTES EN COMPTE",,,,"Comptes de bilan / Comptes de tiers / FOURNISSEURS ET COMPTES RATTACHÉS / FOURNISSEURS, DETTES EN COMPTE / Fournisseur, retenues de garantie",missing_root_type
,Fournisseurs,,unspecified,,0,,"Comptes de bilan / Comptes de tiers / FOURNISSEURS ET COMPTES RATTACHÉS / FOURNISSEURS, DETTES EN COMPTE",,,,"Comptes de bilan / Comptes de tiers / FOURNISSEURS ET COMPTES RATTACHÉS / FOURNISSEURS, DETTES EN COMPTE / Fournisseurs",missing_root_type
,Fournisseurs Groupe,,unspecified,,0,,"Comptes de bilan / Comptes de tiers / FOURNISSEURS ET COMPTES RATTACHÉS / FOURNISSEURS, DETTES EN COMPTE",,,,"Comptes de bilan / Comptes de tiers / FOURNISSEURS ET COMPTES RATTACHÉS / FOURNISSEURS, DETTES EN COMPTE / Fournisseurs Groupe",missing_root_type
,Fournisseurs sous-traitants,,unspecified,,0,,"Comptes de bilan / Comptes de tiers / FOURNISSEURS ET COMPTES RATTACHÉS / FOURNISSEURS, DETTES EN COMPTE",,,,"Comptes de bilan / Comptes de tiers / FOURNISSEURS ET COMPTES RATTACHÉS / FOURNISSEURS, DETTES EN COMPTE / Fournisseurs sous-traitants",missing_root_type
,"FOURNISSEURS, EFFETS À PAYER",,group,,1,,Comptes de bilan / Comptes de tiers / FOURNISSEURS ET COMPTES RATTACHÉS,,,,"Comptes de bilan / Comptes de tiers / FOURNISSEURS ET COMPTES RATTACHÉS / FOURNISSEURS, EFFETS À PAYER",missing_root_type
,"Fournisseurs - Groupe, Effets à payer",,unspecified,,0,,"Comptes de bilan / Comptes de tiers / FOURNISSEURS ET COMPTES RATTACHÉS / FOURNISSEURS, EFFETS À PAYER",,,,"Comptes de bilan / Comptes de tiers / FOURNISSEURS ET COMPTES RATTACHÉS / FOURNISSEURS, EFFETS À PAYER / Fournisseurs - Groupe, Effets à payer",missing_root_type
,"Fournisseurs sous-traitants, Effets à payer",,unspecified,,0,,"Comptes de bilan / Comptes de tiers / FOURNISSEURS ET COMPTES RATTACHÉS / FOURNISSEURS, EFFETS À PAYER",,,,"Comptes de bilan / Comptes de tiers / FOURNISSEURS ET COMPTES RATTACHÉS / FOURNISSEURS, EFFETS À PAYER / Fournisseurs sous-traitants, Effets à payer",missing_root_type
,"Fournisseurs, Effets à payer",,unspecified,,0,,"Comptes de bilan / Comptes de tiers / FOURNISSEURS ET COMPTES RATTACHÉS / FOURNISSEURS, EFFETS À PAYER",,,,"Comptes de bilan / Comptes de tiers / FOURNISSEURS ET COMPTES RATTACHÉS / FOURNISSEURS, EFFETS À PAYER / Fournisseurs, Effets à payer",missing_root_type
,"FOURNISSEURS, FACTURES NON PARVENUES",,group,,1,,Comptes de bilan / Comptes de tiers / FOURNISSEURS ET COMPTES RATTACHÉS,,,,"Comptes de bilan / Comptes de tiers / FOURNISSEURS ET COMPTES RATTACHÉS / FOURNISSEURS, FACTURES NON PARVENUES",missing_root_type
,Fournisseurs,,unspecified,,0,,"Comptes de bilan / Comptes de tiers / FOURNISSEURS ET COMPTES RATTACHÉS / FOURNISSEURS, FACTURES NON PARVENUES",,,,"Comptes de bilan / Comptes de tiers / FOURNISSEURS ET COMPTES RATTACHÉS / FOURNISSEURS, FACTURES NON PARVENUES / Fournisseurs",missing_root_type
,Fournisseurs - Groupe,,unspecified,,0,,"Comptes de bilan / Comptes de tiers / FOURNISSEURS ET COMPTES RATTACHÉS / FOURNISSEURS, FACTURES NON PARVENUES",,,,"Comptes de bilan / Comptes de tiers / FOURNISSEURS ET COMPTES RATTACHÉS / FOURNISSEURS, FACTURES NON PARVENUES / Fournisseurs - Groupe",missing_root_type
,Fournisseurs sous-traitants,,unspecified,,0,,"Comptes de bilan / Comptes de tiers / FOURNISSEURS ET COMPTES RATTACHÉS / FOURNISSEURS, FACTURES NON PARVENUES",,,,"Comptes de bilan / Comptes de tiers / FOURNISSEURS ET COMPTES RATTACHÉS / FOURNISSEURS, FACTURES NON PARVENUES / Fournisseurs sous-traitants",missing_root_type
,"Fournisseurs, intérêts courus",,unspecified,,0,,"Comptes de bilan / Comptes de tiers / FOURNISSEURS ET COMPTES RATTACHÉS / FOURNISSEURS, FACTURES NON PARVENUES",,,,"Comptes de bilan / Comptes de tiers / FOURNISSEURS ET COMPTES RATTACHÉS / FOURNISSEURS, FACTURES NON PARVENUES / Fournisseurs, intérêts courus",missing_root_type
,ORGANISMES INTERNATIONAUX,,group,,1,,Comptes de bilan / Comptes de tiers,,,,Comptes de bilan / Comptes de tiers / ORGANISMES INTERNATIONAUX,missing_root_type
,OPÉRATIONS AVEC LES AUTRES ORGANISMES INTERNATIONAUX,,unspecified,,0,,Comptes de bilan / Comptes de tiers / ORGANISMES INTERNATIONAUX,,,,Comptes de bilan / Comptes de tiers / ORGANISMES INTERNATIONAUX / OPÉRATIONS AVEC LES AUTRES ORGANISMES INTERNATIONAUX,missing_root_type
,OPÉRATIONS AVEC LES ORGANISMES AFRICAINS,,unspecified,,0,,Comptes de bilan / Comptes de tiers / ORGANISMES INTERNATIONAUX,,,,Comptes de bilan / Comptes de tiers / ORGANISMES INTERNATIONAUX / OPÉRATIONS AVEC LES ORGANISMES AFRICAINS,missing_root_type
,"ORGANISMES INTERNATIONAUX, FONDS DE DOTATION ET SUBVENTIONS À RECEVOIR",,group,,1,,Comptes de bilan / Comptes de tiers / ORGANISMES INTERNATIONAUX,,,,"Comptes de bilan / Comptes de tiers / ORGANISMES INTERNATIONAUX / ORGANISMES INTERNATIONAUX, FONDS DE DOTATION ET SUBVENTIONS À RECEVOIR",missing_root_type
,"Organismes internationaux, fonds de dotation à recevoir",,unspecified,,0,,"Comptes de bilan / Comptes de tiers / ORGANISMES INTERNATIONAUX / ORGANISMES INTERNATIONAUX, FONDS DE DOTATION ET SUBVENTIONS À RECEVOIR",,,,"Comptes de bilan / Comptes de tiers / ORGANISMES INTERNATIONAUX / ORGANISMES INTERNATIONAUX, FONDS DE DOTATION ET SUBVENTIONS À RECEVOIR / Organismes internationaux, fonds de dotation à recevoir",missing_root_type
,"Organismes internationaux, subventions à recevoir",,unspecified,,0,,"Comptes de bilan / Comptes de tiers / ORGANISMES INTERNATIONAUX / ORGANISMES INTERNATIONAUX, FONDS DE DOTATION ET SUBVENTIONS À RECEVOIR",,,,"Comptes de bilan / Comptes de tiers / ORGANISMES INTERNATIONAUX / ORGANISMES INTERNATIONAUX, FONDS DE DOTATION ET SUBVENTIONS À RECEVOIR / Organismes internationaux, subventions à recevoir",missing_root_type
,ORGANISMES SOCIAUX,,group,,1,,Comptes de bilan / Comptes de tiers,,,,Comptes de bilan / Comptes de tiers / ORGANISMES SOCIAUX,missing_root_type
,AUTRES ORGANISMES SOCIAUX,,group,,1,,Comptes de bilan / Comptes de tiers / ORGANISMES SOCIAUX,,,,Comptes de bilan / Comptes de tiers / ORGANISMES SOCIAUX / AUTRES ORGANISMES SOCIAUX,missing_root_type
,Mutuelle,,unspecified,,0,,Comptes de bilan / Comptes de tiers / ORGANISMES SOCIAUX / AUTRES ORGANISMES SOCIAUX,,,,Comptes de bilan / Comptes de tiers / ORGANISMES SOCIAUX / AUTRES ORGANISMES SOCIAUX / Mutuelle,missing_root_type
,T.V.A. facturée sur production livrée à soi-même,,unspecified,,0,,Comptes de bilan / Comptes de tiers / ORGANISMES SOCIAUX / AUTRES ORGANISMES SOCIAUX,,,,Comptes de bilan / Comptes de tiers / ORGANISMES SOCIAUX / AUTRES ORGANISMES SOCIAUX / T.V.A. facturée sur production livrée à soi-même,missing_root_type
,T.V.A. sur factures à établir,,unspecified,,0,,Comptes de bilan / Comptes de tiers / ORGANISMES SOCIAUX / AUTRES ORGANISMES SOCIAUX,,,,Comptes de bilan / Comptes de tiers / ORGANISMES SOCIAUX / AUTRES ORGANISMES SOCIAUX / T.V.A. sur factures à établir,missing_root_type
,CAISSES DE RETRAITE COMPLÉMENTAIRE,,unspecified,,0,,Comptes de bilan / Comptes de tiers / ORGANISMES SOCIAUX,,,,Comptes de bilan / Comptes de tiers / ORGANISMES SOCIAUX / CAISSES DE RETRAITE COMPLÉMENTAIRE,missing_root_type
,"ORGANISMES SOCIAUX, CHARGES À PAYER ET PRODUITS À RECEVOIR",,group,,1,,Comptes de bilan / Comptes de tiers / ORGANISMES SOCIAUX,,,,"Comptes de bilan / Comptes de tiers / ORGANISMES SOCIAUX / ORGANISMES SOCIAUX, CHARGES À PAYER ET PRODUITS À RECEVOIR",missing_root_type
,Autres charges à payer,,unspecified,,0,,"Comptes de bilan / Comptes de tiers / ORGANISMES SOCIAUX / ORGANISMES SOCIAUX, CHARGES À PAYER ET PRODUITS À RECEVOIR",,,,"Comptes de bilan / Comptes de tiers / ORGANISMES SOCIAUX / ORGANISMES SOCIAUX, CHARGES À PAYER ET PRODUITS À RECEVOIR / Autres charges à payer",missing_root_type
,Charges sociales sur congés à payer,,unspecified,,0,,"Comptes de bilan / Comptes de tiers / ORGANISMES SOCIAUX / ORGANISMES SOCIAUX, CHARGES À PAYER ET PRODUITS À RECEVOIR",,,,"Comptes de bilan / Comptes de tiers / ORGANISMES SOCIAUX / ORGANISMES SOCIAUX, CHARGES À PAYER ET PRODUITS À RECEVOIR / Charges sociales sur congés à payer",missing_root_type
,Charges sociales sur gratifications à payer,,unspecified,,0,,"Comptes de bilan / Comptes de tiers / ORGANISMES SOCIAUX / ORGANISMES SOCIAUX, CHARGES À PAYER ET PRODUITS À RECEVOIR",,,,"Comptes de bilan / Comptes de tiers / ORGANISMES SOCIAUX / ORGANISMES SOCIAUX, CHARGES À PAYER ET PRODUITS À RECEVOIR / Charges sociales sur gratifications à payer",missing_root_type
,Produits à recevoir,,unspecified,,0,,"Comptes de bilan / Comptes de tiers / ORGANISMES SOCIAUX / ORGANISMES SOCIAUX, CHARGES À PAYER ET PRODUITS À RECEVOIR",,,,"Comptes de bilan / Comptes de tiers / ORGANISMES SOCIAUX / ORGANISMES SOCIAUX, CHARGES À PAYER ET PRODUITS À RECEVOIR / Produits à recevoir",missing_root_type
,SÉCURITÉ SOCIALE,,group,,1,,Comptes de bilan / Comptes de tiers / ORGANISMES SOCIAUX,,,,Comptes de bilan / Comptes de tiers / ORGANISMES SOCIAUX / SÉCURITÉ SOCIALE,missing_root_type
,Accidents de travail,,unspecified,,0,,Comptes de bilan / Comptes de tiers / ORGANISMES SOCIAUX / SÉCURITÉ SOCIALE,,,,Comptes de bilan / Comptes de tiers / ORGANISMES SOCIAUX / SÉCURITÉ SOCIALE / Accidents de travail,missing_root_type
,Autres cotisations sociales,,unspecified,,0,,Comptes de bilan / Comptes de tiers / ORGANISMES SOCIAUX / SÉCURITÉ SOCIALE,,,,Comptes de bilan / Comptes de tiers / ORGANISMES SOCIAUX / SÉCURITÉ SOCIALE / Autres cotisations sociales,missing_root_type
,Caisse de retraite facultative,,unspecified,,0,,Comptes de bilan / Comptes de tiers / ORGANISMES SOCIAUX / SÉCURITÉ SOCIALE,,,,Comptes de bilan / Comptes de tiers / ORGANISMES SOCIAUX / SÉCURITÉ SOCIALE / Caisse de retraite facultative,missing_root_type
,Caisse de retraite obligatoire,,unspecified,,0,,Comptes de bilan / Comptes de tiers / ORGANISMES SOCIAUX / SÉCURITÉ SOCIALE,,,,Comptes de bilan / Comptes de tiers / ORGANISMES SOCIAUX / SÉCURITÉ SOCIALE / Caisse de retraite obligatoire,missing_root_type
,Prestations familiales,,unspecified,,0,,Comptes de bilan / Comptes de tiers / ORGANISMES SOCIAUX / SÉCURITÉ SOCIALE,,,,Comptes de bilan / Comptes de tiers / ORGANISMES SOCIAUX / SÉCURITÉ SOCIALE / Prestations familiales,missing_root_type
,PERSONNEL,,group,,1,,Comptes de bilan / Comptes de tiers,,,,Comptes de bilan / Comptes de tiers / PERSONNEL,missing_root_type
,PERSONNEL – DÉPÔTS,,unspecified,,0,,Comptes de bilan / Comptes de tiers / PERSONNEL,,,,Comptes de bilan / Comptes de tiers / PERSONNEL / PERSONNEL – DÉPÔTS,missing_root_type
,"PERSONNEL, AVANCES ET ACOMPTES",,group,,1,,Comptes de bilan / Comptes de tiers / PERSONNEL,,,,"Comptes de bilan / Comptes de tiers / PERSONNEL / PERSONNEL, AVANCES ET ACOMPTES",missing_root_type
,Frais avancés et fournitures au personnel,,unspecified,,0,,"Comptes de bilan / Comptes de tiers / PERSONNEL / PERSONNEL, AVANCES ET ACOMPTES",,,,"Comptes de bilan / Comptes de tiers / PERSONNEL / PERSONNEL, AVANCES ET ACOMPTES / Frais avancés et fournitures au personnel",missing_root_type
,"Personnel, acomptes",,unspecified,,0,,"Comptes de bilan / Comptes de tiers / PERSONNEL / PERSONNEL, AVANCES ET ACOMPTES",,,,"Comptes de bilan / Comptes de tiers / PERSONNEL / PERSONNEL, AVANCES ET ACOMPTES / Personnel, acomptes",missing_root_type
,"Personnel, avances",,unspecified,,0,,"Comptes de bilan / Comptes de tiers / PERSONNEL / PERSONNEL, AVANCES ET ACOMPTES",,,,"Comptes de bilan / Comptes de tiers / PERSONNEL / PERSONNEL, AVANCES ET ACOMPTES / Personnel, avances",missing_root_type
,"PERSONNEL, CHARGES À PAYER ET PRODUITS À RECEVOIR",,group,,1,,Comptes de bilan / Comptes de tiers / PERSONNEL,,,,"Comptes de bilan / Comptes de tiers / PERSONNEL / PERSONNEL, CHARGES À PAYER ET PRODUITS À RECEVOIR",missing_root_type
,Autres Charges à payer,,unspecified,,0,,"Comptes de bilan / Comptes de tiers / PERSONNEL / PERSONNEL, CHARGES À PAYER ET PRODUITS À RECEVOIR",,,,"Comptes de bilan / Comptes de tiers / PERSONNEL / PERSONNEL, CHARGES À PAYER ET PRODUITS À RECEVOIR / Autres Charges à payer",missing_root_type
,Dettes provisionnées pour congés à payer,,unspecified,,0,,"Comptes de bilan / Comptes de tiers / PERSONNEL / PERSONNEL, CHARGES À PAYER ET PRODUITS À RECEVOIR",,,,"Comptes de bilan / Comptes de tiers / PERSONNEL / PERSONNEL, CHARGES À PAYER ET PRODUITS À RECEVOIR / Dettes provisionnées pour congés à payer",missing_root_type
,Produits à recevoir,,unspecified,,0,,"Comptes de bilan / Comptes de tiers / PERSONNEL / PERSONNEL, CHARGES À PAYER ET PRODUITS À RECEVOIR",,,,"Comptes de bilan / Comptes de tiers / PERSONNEL / PERSONNEL, CHARGES À PAYER ET PRODUITS À RECEVOIR / Produits à recevoir",missing_root_type
,"PERSONNEL, OEUVRES SOCIALES INTERNES",,group,,1,,Comptes de bilan / Comptes de tiers / PERSONNEL,,,,"Comptes de bilan / Comptes de tiers / PERSONNEL / PERSONNEL, OEUVRES SOCIALES INTERNES",missing_root_type
,Allocations familiales,,unspecified,,0,,"Comptes de bilan / Comptes de tiers / PERSONNEL / PERSONNEL, OEUVRES SOCIALES INTERNES",,,,"Comptes de bilan / Comptes de tiers / PERSONNEL / PERSONNEL, OEUVRES SOCIALES INTERNES / Allocations familiales",missing_root_type
,Assistance médicale,,unspecified,,0,,"Comptes de bilan / Comptes de tiers / PERSONNEL / PERSONNEL, OEUVRES SOCIALES INTERNES",,,,"Comptes de bilan / Comptes de tiers / PERSONNEL / PERSONNEL, OEUVRES SOCIALES INTERNES / Assistance médicale",missing_root_type
,Autres oeuvres sociales internes,,unspecified,,0,,"Comptes de bilan / Comptes de tiers / PERSONNEL / PERSONNEL, OEUVRES SOCIALES INTERNES",,,,"Comptes de bilan / Comptes de tiers / PERSONNEL / PERSONNEL, OEUVRES SOCIALES INTERNES / Autres oeuvres sociales internes",missing_root_type
,Organismes sociaux rattachés à l'entreprise,,unspecified,,0,,"Comptes de bilan / Comptes de tiers / PERSONNEL / PERSONNEL, OEUVRES SOCIALES INTERNES",,,,"Comptes de bilan / Comptes de tiers / PERSONNEL / PERSONNEL, OEUVRES SOCIALES INTERNES / Organismes sociaux rattachés à l'entreprise",missing_root_type
,"PERSONNEL, OPPOSITIONS, SAISIES-ARRÊTS",,group,,1,,Comptes de bilan / Comptes de tiers / PERSONNEL,,,,"Comptes de bilan / Comptes de tiers / PERSONNEL / PERSONNEL, OPPOSITIONS, SAISIES-ARRÊTS",missing_root_type
,"Personnel, avis à tiers détenteur",,unspecified,,0,,"Comptes de bilan / Comptes de tiers / PERSONNEL / PERSONNEL, OPPOSITIONS, SAISIES-ARRÊTS",,,,"Comptes de bilan / Comptes de tiers / PERSONNEL / PERSONNEL, OPPOSITIONS, SAISIES-ARRÊTS / Personnel, avis à tiers détenteur",missing_root_type
,"Personnel, oppositions",,unspecified,,0,,"Comptes de bilan / Comptes de tiers / PERSONNEL / PERSONNEL, OPPOSITIONS, SAISIES-ARRÊTS",,,,"Comptes de bilan / Comptes de tiers / PERSONNEL / PERSONNEL, OPPOSITIONS, SAISIES-ARRÊTS / Personnel, oppositions",missing_root_type
,"Personnel, saisies-arrêts",,unspecified,,0,,"Comptes de bilan / Comptes de tiers / PERSONNEL / PERSONNEL, OPPOSITIONS, SAISIES-ARRÊTS",,,,"Comptes de bilan / Comptes de tiers / PERSONNEL / PERSONNEL, OPPOSITIONS, SAISIES-ARRÊTS / Personnel, saisies-arrêts",missing_root_type
,"PERSONNEL, PARTICIPATION AUX BÉNÉFICES",,unspecified,,0,,Comptes de bilan / Comptes de tiers / PERSONNEL,,,,"Comptes de bilan / Comptes de tiers / PERSONNEL / PERSONNEL, PARTICIPATION AUX BÉNÉFICES",missing_root_type
,"PERSONNEL, RÉMUNÉRATIONS DUES",,unspecified,,0,,Comptes de bilan / Comptes de tiers / PERSONNEL,,,,"Comptes de bilan / Comptes de tiers / PERSONNEL / PERSONNEL, RÉMUNÉRATIONS DUES",missing_root_type
,REPRÉSENTANTS DU PERSONNEL,,group,,1,,Comptes de bilan / Comptes de tiers / PERSONNEL,,,,Comptes de bilan / Comptes de tiers / PERSONNEL / REPRÉSENTANTS DU PERSONNEL,missing_root_type
,Autres représentants du personnel,,unspecified,,0,,Comptes de bilan / Comptes de tiers / PERSONNEL / REPRÉSENTANTS DU PERSONNEL,,,,Comptes de bilan / Comptes de tiers / PERSONNEL / REPRÉSENTANTS DU PERSONNEL / Autres représentants du personnel,missing_root_type
,Délégués du personnel,,unspecified,,0,,Comptes de bilan / Comptes de tiers / PERSONNEL / REPRÉSENTANTS DU PERSONNEL,,,,Comptes de bilan / Comptes de tiers / PERSONNEL / REPRÉSENTANTS DU PERSONNEL / Délégués du personnel,missing_root_type
,"Syndicats et Comités d'entreprises, d'Établissement",,unspecified,,0,,Comptes de bilan / Comptes de tiers / PERSONNEL / REPRÉSENTANTS DU PERSONNEL,,,,"Comptes de bilan / Comptes de tiers / PERSONNEL / REPRÉSENTANTS DU PERSONNEL / Syndicats et Comités d'entreprises, d'Établissement",missing_root_type
,ÉTAT ET COLLECTIVITÉS PUBLIQUES,,group,,1,,Comptes de bilan / Comptes de tiers,,,,Comptes de bilan / Comptes de tiers / ÉTAT ET COLLECTIVITÉS PUBLIQUES,missing_root_type
,"ÉTAT, AUTRES IMPÔTS ET TAXES",,group,,1,,Comptes de bilan / Comptes de tiers / ÉTAT ET COLLECTIVITÉS PUBLIQUES,,,,"Comptes de bilan / Comptes de tiers / ÉTAT ET COLLECTIVITÉS PUBLIQUES / ÉTAT, AUTRES IMPÔTS ET TAXES",missing_root_type
,Autres impôts et taxes,,unspecified,,0,,"Comptes de bilan / Comptes de tiers / ÉTAT ET COLLECTIVITÉS PUBLIQUES / ÉTAT, AUTRES IMPÔTS ET TAXES",,,,"Comptes de bilan / Comptes de tiers / ÉTAT ET COLLECTIVITÉS PUBLIQUES / ÉTAT, AUTRES IMPÔTS ET TAXES / Autres impôts et taxes",missing_root_type
,Droits de douane,,unspecified,,0,,"Comptes de bilan / Comptes de tiers / ÉTAT ET COLLECTIVITÉS PUBLIQUES / ÉTAT, AUTRES IMPÔTS ET TAXES",,,,"Comptes de bilan / Comptes de tiers / ÉTAT ET COLLECTIVITÉS PUBLIQUES / ÉTAT, AUTRES IMPÔTS ET TAXES / Droits de douane",missing_root_type
,Impôts et taxes d'Etat,,unspecified,,0,,"Comptes de bilan / Comptes de tiers / ÉTAT ET COLLECTIVITÉS PUBLIQUES / ÉTAT, AUTRES IMPÔTS ET TAXES",,,,"Comptes de bilan / Comptes de tiers / ÉTAT ET COLLECTIVITÉS PUBLIQUES / ÉTAT, AUTRES IMPÔTS ET TAXES / Impôts et taxes d'Etat",missing_root_type
,Impôts et taxes pour les collectivités publiques,,unspecified,,0,,"Comptes de bilan / Comptes de tiers / ÉTAT ET COLLECTIVITÉS PUBLIQUES / ÉTAT, AUTRES IMPÔTS ET TAXES",,,,"Comptes de bilan / Comptes de tiers / ÉTAT ET COLLECTIVITÉS PUBLIQUES / ÉTAT, AUTRES IMPÔTS ET TAXES / Impôts et taxes pour les collectivités publiques",missing_root_type
,Impôts et taxes recouvrables sur des associés,,unspecified,,0,,"Comptes de bilan / Comptes de tiers / ÉTAT ET COLLECTIVITÉS PUBLIQUES / ÉTAT, AUTRES IMPÔTS ET TAXES",,,,"Comptes de bilan / Comptes de tiers / ÉTAT ET COLLECTIVITÉS PUBLIQUES / ÉTAT, AUTRES IMPÔTS ET TAXES / Impôts et taxes recouvrables sur des associés",missing_root_type
,Impôts et taxes recouvrables sur des obligataires,,unspecified,,0,,"Comptes de bilan / Comptes de tiers / ÉTAT ET COLLECTIVITÉS PUBLIQUES / ÉTAT, AUTRES IMPÔTS ET TAXES",,,,"Comptes de bilan / Comptes de tiers / ÉTAT ET COLLECTIVITÉS PUBLIQUES / ÉTAT, AUTRES IMPÔTS ET TAXES / Impôts et taxes recouvrables sur des obligataires",missing_root_type
,"ÉTAT, AUTRES TAXES SUR LE CHIFFRE D'AFFAIRES",,unspecified,,0,,Comptes de bilan / Comptes de tiers / ÉTAT ET COLLECTIVITÉS PUBLIQUES,,,,"Comptes de bilan / Comptes de tiers / ÉTAT ET COLLECTIVITÉS PUBLIQUES / ÉTAT, AUTRES TAXES SUR LE CHIFFRE D'AFFAIRES",missing_root_type
,"ÉTAT, CHARGES À PAYER ET PRODUITS À RECEVOIR",,group,,1,,Comptes de bilan / Comptes de tiers / ÉTAT ET COLLECTIVITÉS PUBLIQUES,,,,"Comptes de bilan / Comptes de tiers / ÉTAT ET COLLECTIVITÉS PUBLIQUES / ÉTAT, CHARGES À PAYER ET PRODUITS À RECEVOIR",missing_root_type
,Charges à payer,,unspecified,,0,,"Comptes de bilan / Comptes de tiers / ÉTAT ET COLLECTIVITÉS PUBLIQUES / ÉTAT, CHARGES À PAYER ET PRODUITS À RECEVOIR",,,,"Comptes de bilan / Comptes de tiers / ÉTAT ET COLLECTIVITÉS PUBLIQUES / ÉTAT, CHARGES À PAYER ET PRODUITS À RECEVOIR / Charges à payer",missing_root_type
,Produits à recevoir,,unspecified,,0,,"Comptes de bilan / Comptes de tiers / ÉTAT ET COLLECTIVITÉS PUBLIQUES / ÉTAT, CHARGES À PAYER ET PRODUITS À RECEVOIR",,,,"Comptes de bilan / Comptes de tiers / ÉTAT ET COLLECTIVITÉS PUBLIQUES / ÉTAT, CHARGES À PAYER ET PRODUITS À RECEVOIR / Produits à recevoir",missing_root_type
,"ÉTAT, CRÉANCES ET DETTES DIVERSES",,group,,1,,Comptes de bilan / Comptes de tiers / ÉTAT ET COLLECTIVITÉS PUBLIQUES,,,,"Comptes de bilan / Comptes de tiers / ÉTAT ET COLLECTIVITÉS PUBLIQUES / ÉTAT, CRÉANCES ET DETTES DIVERSES",missing_root_type
,"État, avances et acomptes versés sur impôts",,unspecified,,0,,"Comptes de bilan / Comptes de tiers / ÉTAT ET COLLECTIVITÉS PUBLIQUES / ÉTAT, CRÉANCES ET DETTES DIVERSES",,,,"Comptes de bilan / Comptes de tiers / ÉTAT ET COLLECTIVITÉS PUBLIQUES / ÉTAT, CRÉANCES ET DETTES DIVERSES / État, avances et acomptes versés sur impôts",missing_root_type
,"État, fonds de dotation à recevoir",,unspecified,,0,,"Comptes de bilan / Comptes de tiers / ÉTAT ET COLLECTIVITÉS PUBLIQUES / ÉTAT, CRÉANCES ET DETTES DIVERSES",,,,"Comptes de bilan / Comptes de tiers / ÉTAT ET COLLECTIVITÉS PUBLIQUES / ÉTAT, CRÉANCES ET DETTES DIVERSES / État, fonds de dotation à recevoir",missing_root_type
,"État, fonds réglementé provisionné",,unspecified,,0,,"Comptes de bilan / Comptes de tiers / ÉTAT ET COLLECTIVITÉS PUBLIQUES / ÉTAT, CRÉANCES ET DETTES DIVERSES",,,,"Comptes de bilan / Comptes de tiers / ÉTAT ET COLLECTIVITÉS PUBLIQUES / ÉTAT, CRÉANCES ET DETTES DIVERSES / État, fonds réglementé provisionné",missing_root_type
,"État, obligations cautionnées",,unspecified,,0,,"Comptes de bilan / Comptes de tiers / ÉTAT ET COLLECTIVITÉS PUBLIQUES / ÉTAT, CRÉANCES ET DETTES DIVERSES",,,,"Comptes de bilan / Comptes de tiers / ÉTAT ET COLLECTIVITÉS PUBLIQUES / ÉTAT, CRÉANCES ET DETTES DIVERSES / État, obligations cautionnées",missing_root_type
,"État, subventions d'exploitation à recevoir",,unspecified,,0,,"Comptes de bilan / Comptes de tiers / ÉTAT ET COLLECTIVITÉS PUBLIQUES / ÉTAT, CRÉANCES ET DETTES DIVERSES",,,,"Comptes de bilan / Comptes de tiers / ÉTAT ET COLLECTIVITÉS PUBLIQUES / ÉTAT, CRÉANCES ET DETTES DIVERSES / État, subventions d'exploitation à recevoir",missing_root_type
,"État, subventions d'équilibre à recevoir",,unspecified,,0,,"Comptes de bilan / Comptes de tiers / ÉTAT ET COLLECTIVITÉS PUBLIQUES / ÉTAT, CRÉANCES ET DETTES DIVERSES",,,,"Comptes de bilan / Comptes de tiers / ÉTAT ET COLLECTIVITÉS PUBLIQUES / ÉTAT, CRÉANCES ET DETTES DIVERSES / État, subventions d'équilibre à recevoir",missing_root_type
,"État, subventions d'équipement à recevoir",,unspecified,,0,,"Comptes de bilan / Comptes de tiers / ÉTAT ET COLLECTIVITÉS PUBLIQUES / ÉTAT, CRÉANCES ET DETTES DIVERSES",,,,"Comptes de bilan / Comptes de tiers / ÉTAT ET COLLECTIVITÉS PUBLIQUES / ÉTAT, CRÉANCES ET DETTES DIVERSES / État, subventions d'équipement à recevoir",missing_root_type
,"ÉTAT, IMPÔT SUR LES BÉNÉFICES",,unspecified,,0,,Comptes de bilan / Comptes de tiers / ÉTAT ET COLLECTIVITÉS PUBLIQUES,,,,"Comptes de bilan / Comptes de tiers / ÉTAT ET COLLECTIVITÉS PUBLIQUES / ÉTAT, IMPÔT SUR LES BÉNÉFICES",missing_root_type
,"ÉTAT, IMPÔTS RETENUS À LA SOURCE",,group,,1,,Comptes de bilan / Comptes de tiers / ÉTAT ET COLLECTIVITÉS PUBLIQUES,,,,"Comptes de bilan / Comptes de tiers / ÉTAT ET COLLECTIVITÉS PUBLIQUES / ÉTAT, IMPÔTS RETENUS À LA SOURCE",missing_root_type
,Autres impôts et contributions,,unspecified,,0,,"Comptes de bilan / Comptes de tiers / ÉTAT ET COLLECTIVITÉS PUBLIQUES / ÉTAT, IMPÔTS RETENUS À LA SOURCE",,,,"Comptes de bilan / Comptes de tiers / ÉTAT ET COLLECTIVITÉS PUBLIQUES / ÉTAT, IMPÔTS RETENUS À LA SOURCE / Autres impôts et contributions",missing_root_type
,Contribution nationale,,unspecified,,0,,"Comptes de bilan / Comptes de tiers / ÉTAT ET COLLECTIVITÉS PUBLIQUES / ÉTAT, IMPÔTS RETENUS À LA SOURCE",,,,"Comptes de bilan / Comptes de tiers / ÉTAT ET COLLECTIVITÉS PUBLIQUES / ÉTAT, IMPÔTS RETENUS À LA SOURCE / Contribution nationale",missing_root_type
,Contribution nationale de solidarité,,unspecified,,0,,"Comptes de bilan / Comptes de tiers / ÉTAT ET COLLECTIVITÉS PUBLIQUES / ÉTAT, IMPÔTS RETENUS À LA SOURCE",,,,"Comptes de bilan / Comptes de tiers / ÉTAT ET COLLECTIVITÉS PUBLIQUES / ÉTAT, IMPÔTS RETENUS À LA SOURCE / Contribution nationale de solidarité",missing_root_type
,Impôt Général sur le revenu,,unspecified,,0,,"Comptes de bilan / Comptes de tiers / ÉTAT ET COLLECTIVITÉS PUBLIQUES / ÉTAT, IMPÔTS RETENUS À LA SOURCE",,,,"Comptes de bilan / Comptes de tiers / ÉTAT ET COLLECTIVITÉS PUBLIQUES / ÉTAT, IMPÔTS RETENUS À LA SOURCE / Impôt Général sur le revenu",missing_root_type
,Impôts sur salaires,,unspecified,,0,,"Comptes de bilan / Comptes de tiers / ÉTAT ET COLLECTIVITÉS PUBLIQUES / ÉTAT, IMPÔTS RETENUS À LA SOURCE",,,,"Comptes de bilan / Comptes de tiers / ÉTAT ET COLLECTIVITÉS PUBLIQUES / ÉTAT, IMPÔTS RETENUS À LA SOURCE / Impôts sur salaires",missing_root_type
,"ÉTAT, T.V.A. DUE OU CRÉDIT DE T.V.A.",,group,,1,,Comptes de bilan / Comptes de tiers / ÉTAT ET COLLECTIVITÉS PUBLIQUES,,,,"Comptes de bilan / Comptes de tiers / ÉTAT ET COLLECTIVITÉS PUBLIQUES / ÉTAT, T.V.A. DUE OU CRÉDIT DE T.V.A.",missing_root_type
,"État, T.V.A. due",,unspecified,,0,,"Comptes de bilan / Comptes de tiers / ÉTAT ET COLLECTIVITÉS PUBLIQUES / ÉTAT, T.V.A. DUE OU CRÉDIT DE T.V.A.",,,,"Comptes de bilan / Comptes de tiers / ÉTAT ET COLLECTIVITÉS PUBLIQUES / ÉTAT, T.V.A. DUE OU CRÉDIT DE T.V.A. / État, T.V.A. due",missing_root_type
,"État, crédit de T.V.A. à reporter",,unspecified,,0,,"Comptes de bilan / Comptes de tiers / ÉTAT ET COLLECTIVITÉS PUBLIQUES / ÉTAT, T.V.A. DUE OU CRÉDIT DE T.V.A.",,,,"Comptes de bilan / Comptes de tiers / ÉTAT ET COLLECTIVITÉS PUBLIQUES / ÉTAT, T.V.A. DUE OU CRÉDIT DE T.V.A. / État, crédit de T.V.A. à reporter",missing_root_type
,"ÉTAT, T.V.A. FACTURÉE",,group,,1,,Comptes de bilan / Comptes de tiers / ÉTAT ET COLLECTIVITÉS PUBLIQUES,,,,"Comptes de bilan / Comptes de tiers / ÉTAT ET COLLECTIVITÉS PUBLIQUES / ÉTAT, T.V.A. FACTURÉE",missing_root_type
,T.V.A. facturée sur prestations de services,,unspecified,,0,,"Comptes de bilan / Comptes de tiers / ÉTAT ET COLLECTIVITÉS PUBLIQUES / ÉTAT, T.V.A. FACTURÉE",,,,"Comptes de bilan / Comptes de tiers / ÉTAT ET COLLECTIVITÉS PUBLIQUES / ÉTAT, T.V.A. FACTURÉE / T.V.A. facturée sur prestations de services",missing_root_type
,T.V.A. facturée sur travaux,,unspecified,,0,,"Comptes de bilan / Comptes de tiers / ÉTAT ET COLLECTIVITÉS PUBLIQUES / ÉTAT, T.V.A. FACTURÉE",,,,"Comptes de bilan / Comptes de tiers / ÉTAT ET COLLECTIVITÉS PUBLIQUES / ÉTAT, T.V.A. FACTURÉE / T.V.A. facturée sur travaux",missing_root_type
,T.V.A. facturée sur ventes,,unspecified,,0,,"Comptes de bilan / Comptes de tiers / ÉTAT ET COLLECTIVITÉS PUBLIQUES / ÉTAT, T.V.A. FACTURÉE",,,,"Comptes de bilan / Comptes de tiers / ÉTAT ET COLLECTIVITÉS PUBLIQUES / ÉTAT, T.V.A. FACTURÉE / T.V.A. facturée sur ventes",missing_root_type
,"ÉTAT, T.V.A. RÉCUPÉRABLE",,group,,1,,Comptes de bilan / Comptes de tiers / ÉTAT ET COLLECTIVITÉS PUBLIQUES,,,,"Comptes de bilan / Comptes de tiers / ÉTAT ET COLLECTIVITÉS PUBLIQUES / ÉTAT, T.V.A. RÉCUPÉRABLE",missing_root_type
,T.V.A. récupérable sur achats,,unspecified,,0,,"Comptes de bilan / Comptes de tiers / ÉTAT ET COLLECTIVITÉS PUBLIQUES / ÉTAT, T.V.A. RÉCUPÉRABLE",,,,"Comptes de bilan / Comptes de tiers / ÉTAT ET COLLECTIVITÉS PUBLIQUES / ÉTAT, T.V.A. RÉCUPÉRABLE / T.V.A. récupérable sur achats",missing_root_type
,T.V.A. récupérable sur factures non parvenues,,unspecified,,0,,"Comptes de bilan / Comptes de tiers / ÉTAT ET COLLECTIVITÉS PUBLIQUES / ÉTAT, T.V.A. RÉCUPÉRABLE",,,,"Comptes de bilan / Comptes de tiers / ÉTAT ET COLLECTIVITÉS PUBLIQUES / ÉTAT, T.V.A. RÉCUPÉRABLE / T.V.A. récupérable sur factures non parvenues",missing_root_type
,T.V.A. récupérable sur immobilisations,,unspecified,,0,,"Comptes de bilan / Comptes de tiers / ÉTAT ET COLLECTIVITÉS PUBLIQUES / ÉTAT, T.V.A. RÉCUPÉRABLE",,,,"Comptes de bilan / Comptes de tiers / ÉTAT ET COLLECTIVITÉS PUBLIQUES / ÉTAT, T.V.A. RÉCUPÉRABLE / T.V.A. récupérable sur immobilisations",missing_root_type
,T.V.A. récupérable sur services extérieurs et autres charges,,unspecified,,0,,"Comptes de bilan / Comptes de tiers / ÉTAT ET COLLECTIVITÉS PUBLIQUES / ÉTAT, T.V.A. RÉCUPÉRABLE",,,,"Comptes de bilan / Comptes de tiers / ÉTAT ET COLLECTIVITÉS PUBLIQUES / ÉTAT, T.V.A. RÉCUPÉRABLE / T.V.A. récupérable sur services extérieurs et autres charges",missing_root_type
,T.V.A. récupérable sur transport,,unspecified,,0,,"Comptes de bilan / Comptes de tiers / ÉTAT ET COLLECTIVITÉS PUBLIQUES / ÉTAT, T.V.A. RÉCUPÉRABLE",,,,"Comptes de bilan / Comptes de tiers / ÉTAT ET COLLECTIVITÉS PUBLIQUES / ÉTAT, T.V.A. RÉCUPÉRABLE / T.V.A. récupérable sur transport",missing_root_type
,T.V.A. transférée par d'autres entreprises,,unspecified,,0,,"Comptes de bilan / Comptes de tiers / ÉTAT ET COLLECTIVITÉS PUBLIQUES / ÉTAT, T.V.A. RÉCUPÉRABLE",,,,"Comptes de bilan / Comptes de tiers / ÉTAT ET COLLECTIVITÉS PUBLIQUES / ÉTAT, T.V.A. RÉCUPÉRABLE / T.V.A. transférée par d'autres entreprises",missing_root_type
,Comptes financiers,,group,,1,,Comptes de bilan,,,,Comptes de bilan / Comptes financiers,missing_root_type
,BANQUES,,group,,1,,Comptes de bilan / Comptes financiers,,,,Comptes de bilan / Comptes financiers / BANQUES,missing_root_type
,BANQUES AUTRES ETATS ZONE MONETAIRE,,unspecified,,0,,Comptes de bilan / Comptes financiers / BANQUES,,,,Comptes de bilan / Comptes financiers / BANQUES / BANQUES AUTRES ETATS ZONE MONETAIRE,missing_root_type
,BANQUES AUTRES ÉTATS REGION,,unspecified,,0,,Comptes de bilan / Comptes financiers / BANQUES,,,,Comptes de bilan / Comptes financiers / BANQUES / BANQUES AUTRES ÉTATS REGION,missing_root_type
,BANQUES HORS ZONE MONETAIRE,,unspecified,,0,,Comptes de bilan / Comptes financiers / BANQUES,,,,Comptes de bilan / Comptes financiers / BANQUES / BANQUES HORS ZONE MONETAIRE,missing_root_type
,BANQUES LOCALES,,group,,1,,Comptes de bilan / Comptes financiers / BANQUES,,,,Comptes de bilan / Comptes financiers / BANQUES / BANQUES LOCALES,missing_root_type
,BANQUE Y,,unspecified,,0,,Comptes de bilan / Comptes financiers / BANQUES / BANQUES LOCALES,,,,Comptes de bilan / Comptes financiers / BANQUES / BANQUES LOCALES / BANQUE Y,missing_root_type
,BANQUES X,,unspecified,,0,,Comptes de bilan / Comptes financiers / BANQUES / BANQUES LOCALES,,,,Comptes de bilan / Comptes financiers / BANQUES / BANQUES LOCALES / BANQUES X,missing_root_type
,"BANQUES, INTERETS COURUS",,unspecified,,0,,Comptes de bilan / Comptes financiers / BANQUES,,,,"Comptes de bilan / Comptes financiers / BANQUES / BANQUES, INTERETS COURUS",missing_root_type
,"BANQUES, CRÉDITS DE TRÉSORERIE ET D'ESCOMPTE",,group,,1,,Comptes de bilan / Comptes financiers,,,,"Comptes de bilan / Comptes financiers / BANQUES, CRÉDITS DE TRÉSORERIE ET D'ESCOMPTE",missing_root_type
,"BANQUES, CREDITS DE TRESORERIE, INTERETS COURUS",,unspecified,,0,,"Comptes de bilan / Comptes financiers / BANQUES, CRÉDITS DE TRÉSORERIE ET D'ESCOMPTE",,,,"Comptes de bilan / Comptes financiers / BANQUES, CRÉDITS DE TRÉSORERIE ET D'ESCOMPTE / BANQUES, CREDITS DE TRESORERIE, INTERETS COURUS",missing_root_type
,CRÉDITS DE TRÉSORERIE,,unspecified,,0,,"Comptes de bilan / Comptes financiers / BANQUES, CRÉDITS DE TRÉSORERIE ET D'ESCOMPTE",,,,"Comptes de bilan / Comptes financiers / BANQUES, CRÉDITS DE TRÉSORERIE ET D'ESCOMPTE / CRÉDITS DE TRÉSORERIE",missing_root_type
,ESCOMPTE DE CRÉDITS DE CAMPAGNE,,unspecified,,0,,"Comptes de bilan / Comptes financiers / BANQUES, CRÉDITS DE TRÉSORERIE ET D'ESCOMPTE",,,,"Comptes de bilan / Comptes financiers / BANQUES, CRÉDITS DE TRÉSORERIE ET D'ESCOMPTE / ESCOMPTE DE CRÉDITS DE CAMPAGNE",missing_root_type
,ESCOMPTE DE CRÉDITS ORDINAIRES,,unspecified,,0,,"Comptes de bilan / Comptes financiers / BANQUES, CRÉDITS DE TRÉSORERIE ET D'ESCOMPTE",,,,"Comptes de bilan / Comptes financiers / BANQUES, CRÉDITS DE TRÉSORERIE ET D'ESCOMPTE / ESCOMPTE DE CRÉDITS ORDINAIRES",missing_root_type
,CAISSE,,group,,1,,Comptes de bilan / Comptes financiers,,,,Comptes de bilan / Comptes financiers / CAISSE,missing_root_type
,CAISSE SIÈGE SOCIAL,,group,,1,,Comptes de bilan / Comptes financiers / CAISSE,,,,Comptes de bilan / Comptes financiers / CAISSE / CAISSE SIÈGE SOCIAL,missing_root_type
,en devises,,unspecified,,0,,Comptes de bilan / Comptes financiers / CAISSE / CAISSE SIÈGE SOCIAL,,,,Comptes de bilan / Comptes financiers / CAISSE / CAISSE SIÈGE SOCIAL / en devises,missing_root_type
,en unités monétaires légales,,unspecified,,0,,Comptes de bilan / Comptes financiers / CAISSE / CAISSE SIÈGE SOCIAL,,,,Comptes de bilan / Comptes financiers / CAISSE / CAISSE SIÈGE SOCIAL / en unités monétaires légales,missing_root_type
,CAISSE SUCCURSALE A,,group,,1,,Comptes de bilan / Comptes financiers / CAISSE,,,,Comptes de bilan / Comptes financiers / CAISSE / CAISSE SUCCURSALE A,missing_root_type
,en devises,,unspecified,,0,,Comptes de bilan / Comptes financiers / CAISSE / CAISSE SUCCURSALE A,,,,Comptes de bilan / Comptes financiers / CAISSE / CAISSE SUCCURSALE A / en devises,missing_root_type
,en unités monétaires légales,,unspecified,,0,,Comptes de bilan / Comptes financiers / CAISSE / CAISSE SUCCURSALE A,,,,Comptes de bilan / Comptes financiers / CAISSE / CAISSE SUCCURSALE A / en unités monétaires légales,missing_root_type
,CAISSE SUCCURSALE B,,group,,1,,Comptes de bilan / Comptes financiers / CAISSE,,,,Comptes de bilan / Comptes financiers / CAISSE / CAISSE SUCCURSALE B,missing_root_type
,en devises,,unspecified,,0,,Comptes de bilan / Comptes financiers / CAISSE / CAISSE SUCCURSALE B,,,,Comptes de bilan / Comptes financiers / CAISSE / CAISSE SUCCURSALE B / en devises,missing_root_type
,en unités monétaires légales,,unspecified,,0,,Comptes de bilan / Comptes financiers / CAISSE / CAISSE SUCCURSALE B,,,,Comptes de bilan / Comptes financiers / CAISSE / CAISSE SUCCURSALE B / en unités monétaires légales,missing_root_type
,DÉPRÉCIATIONS ET RISQUES PROVISIONNÉS,,group,,1,,Comptes de bilan / Comptes financiers,,,,Comptes de bilan / Comptes financiers / DÉPRÉCIATIONS ET RISQUES PROVISIONNÉS,missing_root_type
,DÉPRÉCIATIONS DES COMPTES BANQUES,,unspecified,,0,,Comptes de bilan / Comptes financiers / DÉPRÉCIATIONS ET RISQUES PROVISIONNÉS,,,,Comptes de bilan / Comptes financiers / DÉPRÉCIATIONS ET RISQUES PROVISIONNÉS / DÉPRÉCIATIONS DES COMPTES BANQUES,missing_root_type
,DÉPRÉCIATIONS DES COMPTES D’INSTRUMENTS DE TRÉSORERIE,,unspecified,,0,,Comptes de bilan / Comptes financiers / DÉPRÉCIATIONS ET RISQUES PROVISIONNÉS,,,,Comptes de bilan / Comptes financiers / DÉPRÉCIATIONS ET RISQUES PROVISIONNÉS / DÉPRÉCIATIONS DES COMPTES D’INSTRUMENTS DE TRÉSORERIE,missing_root_type
,DÉPRÉCIATIONS DES COMPTES ÉTABLISSEMENTS FINANCIERS ET ASSIMILÉS,,unspecified,,0,,Comptes de bilan / Comptes financiers / DÉPRÉCIATIONS ET RISQUES PROVISIONNÉS,,,,Comptes de bilan / Comptes financiers / DÉPRÉCIATIONS ET RISQUES PROVISIONNÉS / DÉPRÉCIATIONS DES COMPTES ÉTABLISSEMENTS FINANCIERS ET ASSIMILÉS,missing_root_type
,DÉPRÉCIATIONS DES TITRES DE PLACEMENT,,unspecified,,0,,Comptes de bilan / Comptes financiers / DÉPRÉCIATIONS ET RISQUES PROVISIONNÉS,,,,Comptes de bilan / Comptes financiers / DÉPRÉCIATIONS ET RISQUES PROVISIONNÉS / DÉPRÉCIATIONS DES TITRES DE PLACEMENT,missing_root_type
,DÉPRÉCIATIONS DES TITRES ET VALEURS À ENCAISSER,,unspecified,,0,,Comptes de bilan / Comptes financiers / DÉPRÉCIATIONS ET RISQUES PROVISIONNÉS,,,,Comptes de bilan / Comptes financiers / DÉPRÉCIATIONS ET RISQUES PROVISIONNÉS / DÉPRÉCIATIONS DES TITRES ET VALEURS À ENCAISSER,missing_root_type
,RISQUES PROVISIONNÉS À CARACTÈRE FINANCIER,,unspecified,,0,,Comptes de bilan / Comptes financiers / DÉPRÉCIATIONS ET RISQUES PROVISIONNÉS,,,,Comptes de bilan / Comptes financiers / DÉPRÉCIATIONS ET RISQUES PROVISIONNÉS / RISQUES PROVISIONNÉS À CARACTÈRE FINANCIER,missing_root_type
,INSTRUMENTS DE TRÉSORERIE,,group,,1,,Comptes de bilan / Comptes financiers,,,,Comptes de bilan / Comptes financiers / INSTRUMENTS DE TRÉSORERIE,missing_root_type
,AVOIRS D'OR ET AUTRES MÉTAUX PRÉCIEUX (),,unspecified,,0,,Comptes de bilan / Comptes financiers / INSTRUMENTS DE TRÉSORERIE,,,,Comptes de bilan / Comptes financiers / INSTRUMENTS DE TRÉSORERIE / AVOIRS D'OR ET AUTRES MÉTAUX PRÉCIEUX (),missing_root_type
,INSTRUMENTS DE MARCHÉS À TERME,,unspecified,,0,,Comptes de bilan / Comptes financiers / INSTRUMENTS DE TRÉSORERIE,,,,Comptes de bilan / Comptes financiers / INSTRUMENTS DE TRÉSORERIE / INSTRUMENTS DE MARCHÉS À TERME,missing_root_type
,OPTIONS DE TAUX BOURSIERS,,unspecified,,0,,Comptes de bilan / Comptes financiers / INSTRUMENTS DE TRÉSORERIE,,,,Comptes de bilan / Comptes financiers / INSTRUMENTS DE TRÉSORERIE / OPTIONS DE TAUX BOURSIERS,missing_root_type
,OPTIONS DE TAUX D'INTÉRÊT,,unspecified,,0,,Comptes de bilan / Comptes financiers / INSTRUMENTS DE TRÉSORERIE,,,,Comptes de bilan / Comptes financiers / INSTRUMENTS DE TRÉSORERIE / OPTIONS DE TAUX D'INTÉRÊT,missing_root_type
,OPTIONS DE TAUX DE CHANGE,,unspecified,,0,,Comptes de bilan / Comptes financiers / INSTRUMENTS DE TRÉSORERIE,,,,Comptes de bilan / Comptes financiers / INSTRUMENTS DE TRÉSORERIE / OPTIONS DE TAUX DE CHANGE,missing_root_type
,"RÉGIES D'AVANCES, ACCRÉDITIFS ET VIREMENTS INTERNES",,group,,1,,Comptes de bilan / Comptes financiers,,,,"Comptes de bilan / Comptes financiers / RÉGIES D'AVANCES, ACCRÉDITIFS ET VIREMENTS INTERNES",missing_root_type
,ACCRÉDITIFS,,unspecified,,0,,"Comptes de bilan / Comptes financiers / RÉGIES D'AVANCES, ACCRÉDITIFS ET VIREMENTS INTERNES",,,,"Comptes de bilan / Comptes financiers / RÉGIES D'AVANCES, ACCRÉDITIFS ET VIREMENTS INTERNES / ACCRÉDITIFS",missing_root_type
,AUTRES VIREMENTS INTERNES,,unspecified,,0,,"Comptes de bilan / Comptes financiers / RÉGIES D'AVANCES, ACCRÉDITIFS ET VIREMENTS INTERNES",,,,"Comptes de bilan / Comptes financiers / RÉGIES D'AVANCES, ACCRÉDITIFS ET VIREMENTS INTERNES / AUTRES VIREMENTS INTERNES",missing_root_type
,RÉGIES D'AVANCE,,unspecified,,0,,"Comptes de bilan / Comptes financiers / RÉGIES D'AVANCES, ACCRÉDITIFS ET VIREMENTS INTERNES",,,,"Comptes de bilan / Comptes financiers / RÉGIES D'AVANCES, ACCRÉDITIFS ET VIREMENTS INTERNES / RÉGIES D'AVANCE",missing_root_type
,VIREMENTS DE FONDS,,unspecified,,0,,"Comptes de bilan / Comptes financiers / RÉGIES D'AVANCES, ACCRÉDITIFS ET VIREMENTS INTERNES",,,,"Comptes de bilan / Comptes financiers / RÉGIES D'AVANCES, ACCRÉDITIFS ET VIREMENTS INTERNES / VIREMENTS DE FONDS",missing_root_type
,TITRES DE PLACEMENT,,group,,1,,Comptes de bilan / Comptes financiers,,,,Comptes de bilan / Comptes financiers / TITRES DE PLACEMENT,missing_root_type
,ACTIONS,,group,,1,,Comptes de bilan / Comptes financiers / TITRES DE PLACEMENT,,,,Comptes de bilan / Comptes financiers / TITRES DE PLACEMENT / ACTIONS,missing_root_type
,Actions cotées,,unspecified,,0,,Comptes de bilan / Comptes financiers / TITRES DE PLACEMENT / ACTIONS,,,,Comptes de bilan / Comptes financiers / TITRES DE PLACEMENT / ACTIONS / Actions cotées,missing_root_type
,Actions démembrées (certificats d'investissement ; droits de vote),,unspecified,,0,,Comptes de bilan / Comptes financiers / TITRES DE PLACEMENT / ACTIONS,,,,Comptes de bilan / Comptes financiers / TITRES DE PLACEMENT / ACTIONS / Actions démembrées (certificats d'investissement ; droits de vote),missing_root_type
,Actions non cotées,,unspecified,,0,,Comptes de bilan / Comptes financiers / TITRES DE PLACEMENT / ACTIONS,,,,Comptes de bilan / Comptes financiers / TITRES DE PLACEMENT / ACTIONS / Actions non cotées,missing_root_type
,Actions propres,,unspecified,,0,,Comptes de bilan / Comptes financiers / TITRES DE PLACEMENT / ACTIONS,,,,Comptes de bilan / Comptes financiers / TITRES DE PLACEMENT / ACTIONS / Actions propres,missing_root_type
,Autres titres conférant un droit de propriété,,unspecified,,0,,Comptes de bilan / Comptes financiers / TITRES DE PLACEMENT / ACTIONS,,,,Comptes de bilan / Comptes financiers / TITRES DE PLACEMENT / ACTIONS / Autres titres conférant un droit de propriété,missing_root_type
,AUTRES VALEURS ASSIMILÉES,,unspecified,,0,,Comptes de bilan / Comptes financiers / TITRES DE PLACEMENT,,,,Comptes de bilan / Comptes financiers / TITRES DE PLACEMENT / AUTRES VALEURS ASSIMILÉES,missing_root_type
,BONS DE SOUSCRIPTION,,group,,1,,Comptes de bilan / Comptes financiers / TITRES DE PLACEMENT,,,,Comptes de bilan / Comptes financiers / TITRES DE PLACEMENT / BONS DE SOUSCRIPTION,missing_root_type
,Bons de souscription d'actions,,unspecified,,0,,Comptes de bilan / Comptes financiers / TITRES DE PLACEMENT / BONS DE SOUSCRIPTION,,,,Comptes de bilan / Comptes financiers / TITRES DE PLACEMENT / BONS DE SOUSCRIPTION / Bons de souscription d'actions,missing_root_type
,Bons de souscription d'obligations,,unspecified,,0,,Comptes de bilan / Comptes financiers / TITRES DE PLACEMENT / BONS DE SOUSCRIPTION,,,,Comptes de bilan / Comptes financiers / TITRES DE PLACEMENT / BONS DE SOUSCRIPTION / Bons de souscription d'obligations,missing_root_type
,INTÉRÊTS COURUS,,group,,1,,Comptes de bilan / Comptes financiers / TITRES DE PLACEMENT,,,,Comptes de bilan / Comptes financiers / TITRES DE PLACEMENT / INTÉRÊTS COURUS,missing_root_type
,Actions,,unspecified,,0,,Comptes de bilan / Comptes financiers / TITRES DE PLACEMENT / INTÉRÊTS COURUS,,,,Comptes de bilan / Comptes financiers / TITRES DE PLACEMENT / INTÉRÊTS COURUS / Actions,missing_root_type
,Obligations,,unspecified,,0,,Comptes de bilan / Comptes financiers / TITRES DE PLACEMENT / INTÉRÊTS COURUS,,,,Comptes de bilan / Comptes financiers / TITRES DE PLACEMENT / INTÉRÊTS COURUS / Obligations,missing_root_type
,Titres du Trésor et bons de caisse à court terme,,unspecified,,0,,Comptes de bilan / Comptes financiers / TITRES DE PLACEMENT / INTÉRÊTS COURUS,,,,Comptes de bilan / Comptes financiers / TITRES DE PLACEMENT / INTÉRÊTS COURUS / Titres du Trésor et bons de caisse à court terme,missing_root_type
,OBLIGATIONS,,group,,1,,Comptes de bilan / Comptes financiers / TITRES DE PLACEMENT,,,,Comptes de bilan / Comptes financiers / TITRES DE PLACEMENT / OBLIGATIONS,missing_root_type
,Autres titres conférant un droit de créance,,unspecified,,0,,Comptes de bilan / Comptes financiers / TITRES DE PLACEMENT / OBLIGATIONS,,,,Comptes de bilan / Comptes financiers / TITRES DE PLACEMENT / OBLIGATIONS / Autres titres conférant un droit de créance,missing_root_type
,Obligations cotées,,unspecified,,0,,Comptes de bilan / Comptes financiers / TITRES DE PLACEMENT / OBLIGATIONS,,,,Comptes de bilan / Comptes financiers / TITRES DE PLACEMENT / OBLIGATIONS / Obligations cotées,missing_root_type
,Obligations non cotées,,unspecified,,0,,Comptes de bilan / Comptes financiers / TITRES DE PLACEMENT / OBLIGATIONS,,,,Comptes de bilan / Comptes financiers / TITRES DE PLACEMENT / OBLIGATIONS / Obligations non cotées,missing_root_type
,Obligations émises par la société et rachetées par elle,,unspecified,,0,,Comptes de bilan / Comptes financiers / TITRES DE PLACEMENT / OBLIGATIONS,,,,Comptes de bilan / Comptes financiers / TITRES DE PLACEMENT / OBLIGATIONS / Obligations émises par la société et rachetées par elle,missing_root_type
,TITRES DU TRÉSOR ET BONS DE CAISSE À COURT TERME,,group,,1,,Comptes de bilan / Comptes financiers / TITRES DE PLACEMENT,,,,Comptes de bilan / Comptes financiers / TITRES DE PLACEMENT / TITRES DU TRÉSOR ET BONS DE CAISSE À COURT TERME,missing_root_type
,Bons de caisse à court terme,,unspecified,,0,,Comptes de bilan / Comptes financiers / TITRES DE PLACEMENT / TITRES DU TRÉSOR ET BONS DE CAISSE À COURT TERME,,,,Comptes de bilan / Comptes financiers / TITRES DE PLACEMENT / TITRES DU TRÉSOR ET BONS DE CAISSE À COURT TERME / Bons de caisse à court terme,missing_root_type
,Titres d'organismes financiers,,unspecified,,0,,Comptes de bilan / Comptes financiers / TITRES DE PLACEMENT / TITRES DU TRÉSOR ET BONS DE CAISSE À COURT TERME,,,,Comptes de bilan / Comptes financiers / TITRES DE PLACEMENT / TITRES DU TRÉSOR ET BONS DE CAISSE À COURT TERME / Titres d'organismes financiers,missing_root_type
,Titres du Trésor à court terme,,unspecified,,0,,Comptes de bilan / Comptes financiers / TITRES DE PLACEMENT / TITRES DU TRÉSOR ET BONS DE CAISSE À COURT TERME,,,,Comptes de bilan / Comptes financiers / TITRES DE PLACEMENT / TITRES DU TRÉSOR ET BONS DE CAISSE À COURT TERME / Titres du Trésor à court terme,missing_root_type
,TITRES NÉGOCIABLES HORS REGION,,unspecified,,0,,Comptes de bilan / Comptes financiers / TITRES DE PLACEMENT,,,,Comptes de bilan / Comptes financiers / TITRES DE PLACEMENT / TITRES NÉGOCIABLES HORS REGION,missing_root_type
,VALEURS À ENCAISSER,,group,,1,,Comptes de bilan / Comptes financiers,,,,Comptes de bilan / Comptes financiers / VALEURS À ENCAISSER,missing_root_type
,AUTRES VALEURS À L'ENCAISSEMENT,,group,,1,,Comptes de bilan / Comptes financiers / VALEURS À ENCAISSER,,,,Comptes de bilan / Comptes financiers / VALEURS À ENCAISSER / AUTRES VALEURS À L'ENCAISSEMENT,missing_root_type
,Billets de fonds,,unspecified,,0,,Comptes de bilan / Comptes financiers / VALEURS À ENCAISSER / AUTRES VALEURS À L'ENCAISSEMENT,,,,Comptes de bilan / Comptes financiers / VALEURS À ENCAISSER / AUTRES VALEURS À L'ENCAISSEMENT / Billets de fonds,missing_root_type
,Chèques de voyage,,unspecified,,0,,Comptes de bilan / Comptes financiers / VALEURS À ENCAISSER / AUTRES VALEURS À L'ENCAISSEMENT,,,,Comptes de bilan / Comptes financiers / VALEURS À ENCAISSER / AUTRES VALEURS À L'ENCAISSEMENT / Chèques de voyage,missing_root_type
,Coupons échus,,unspecified,,0,,Comptes de bilan / Comptes financiers / VALEURS À ENCAISSER / AUTRES VALEURS À L'ENCAISSEMENT,,,,Comptes de bilan / Comptes financiers / VALEURS À ENCAISSER / AUTRES VALEURS À L'ENCAISSEMENT / Coupons échus,missing_root_type
,Intérêts échus des obligations,,unspecified,,0,,Comptes de bilan / Comptes financiers / VALEURS À ENCAISSER / AUTRES VALEURS À L'ENCAISSEMENT,,,,Comptes de bilan / Comptes financiers / VALEURS À ENCAISSER / AUTRES VALEURS À L'ENCAISSEMENT / Intérêts échus des obligations,missing_root_type
,Warrants,,unspecified,,0,,Comptes de bilan / Comptes financiers / VALEURS À ENCAISSER / AUTRES VALEURS À L'ENCAISSEMENT,,,,Comptes de bilan / Comptes financiers / VALEURS À ENCAISSER / AUTRES VALEURS À L'ENCAISSEMENT / Warrants,missing_root_type
,CARTES DE CRÉDIT À ENCAISSER,,unspecified,,0,,Comptes de bilan / Comptes financiers / VALEURS À ENCAISSER,,,,Comptes de bilan / Comptes financiers / VALEURS À ENCAISSER / CARTES DE CRÉDIT À ENCAISSER,missing_root_type
,CHÈQUES À ENCAISSER,,unspecified,,0,,Comptes de bilan / Comptes financiers / VALEURS À ENCAISSER,,,,Comptes de bilan / Comptes financiers / VALEURS À ENCAISSER / CHÈQUES À ENCAISSER,missing_root_type
,CHÈQUES À L'ENCAISSEMENT,,unspecified,,0,,Comptes de bilan / Comptes financiers / VALEURS À ENCAISSER,,,,Comptes de bilan / Comptes financiers / VALEURS À ENCAISSER / CHÈQUES À L'ENCAISSEMENT,missing_root_type
,EFFETS À ENCAISSER,,unspecified,,0,,Comptes de bilan / Comptes financiers / VALEURS À ENCAISSER,,,,Comptes de bilan / Comptes financiers / VALEURS À ENCAISSER / EFFETS À ENCAISSER,missing_root_type
,EFFETS À L'ENCAISSEMENT,,unspecified,,0,,Comptes de bilan / Comptes financiers / VALEURS À ENCAISSER,,,,Comptes de bilan / Comptes financiers / VALEURS À ENCAISSER / EFFETS À L'ENCAISSEMENT,missing_root_type
,ÉTABLISSEMENTS FINANCIERS ET ASSIMILÉS,,group,,1,,Comptes de bilan / Comptes financiers,,,,Comptes de bilan / Comptes financiers / ÉTABLISSEMENTS FINANCIERS ET ASSIMILÉS,missing_root_type
,AUTRES ORGANISMES FINANCIERS,,unspecified,,0,,Comptes de bilan / Comptes financiers / ÉTABLISSEMENTS FINANCIERS ET ASSIMILÉS,,,,Comptes de bilan / Comptes financiers / ÉTABLISSEMENTS FINANCIERS ET ASSIMILÉS / AUTRES ORGANISMES FINANCIERS,missing_root_type
,CHÈQUES POSTAUX,,unspecified,,0,,Comptes de bilan / Comptes financiers / ÉTABLISSEMENTS FINANCIERS ET ASSIMILÉS,,,,Comptes de bilan / Comptes financiers / ÉTABLISSEMENTS FINANCIERS ET ASSIMILÉS / CHÈQUES POSTAUX,missing_root_type
,"ETABLISSEMENTS FINANCIERS, INTERETS COURUS",,unspecified,,0,,Comptes de bilan / Comptes financiers / ÉTABLISSEMENTS FINANCIERS ET ASSIMILÉS,,,,"Comptes de bilan / Comptes financiers / ÉTABLISSEMENTS FINANCIERS ET ASSIMILÉS / ETABLISSEMENTS FINANCIERS, INTERETS COURUS",missing_root_type
,SOCIÉTÉS DE GESTION ET D'INTERMÉDIATION (S.G.I.),,unspecified,,0,,Comptes de bilan / Comptes financiers / ÉTABLISSEMENTS FINANCIERS ET ASSIMILÉS,,,,Comptes de bilan / Comptes financiers / ÉTABLISSEMENTS FINANCIERS ET ASSIMILÉS / SOCIÉTÉS DE GESTION ET D'INTERMÉDIATION (S.G.I.),missing_root_type
,TRÉSOR,,unspecified,,0,,Comptes de bilan / Comptes financiers / ÉTABLISSEMENTS FINANCIERS ET ASSIMILÉS,,,,Comptes de bilan / Comptes financiers / ÉTABLISSEMENTS FINANCIERS ET ASSIMILÉS / TRÉSOR,missing_root_type
,Comptes de gestion,,group,,1,,,,,,Comptes de gestion,missing_root_type
,Comptes de charges,,group,,1,,Comptes de gestion,,,,Comptes de gestion / Comptes de charges,missing_root_type
,ACHATS ET VARIATIONS DE STOCKS,,group,,1,,Comptes de gestion / Comptes de charges,,,,Comptes de gestion / Comptes de charges / ACHATS ET VARIATIONS DE STOCKS,missing_root_type
,ACHATS D'EMBALLAGES,,group,,1,,Comptes de gestion / Comptes de charges / ACHATS ET VARIATIONS DE STOCKS,,,,Comptes de gestion / Comptes de charges / ACHATS ET VARIATIONS DE STOCKS / ACHATS D'EMBALLAGES,missing_root_type
,Emballages perdus,,unspecified,,0,,Comptes de gestion / Comptes de charges / ACHATS ET VARIATIONS DE STOCKS / ACHATS D'EMBALLAGES,,,,Comptes de gestion / Comptes de charges / ACHATS ET VARIATIONS DE STOCKS / ACHATS D'EMBALLAGES / Emballages perdus,missing_root_type
,Emballages récupérables non identifiables,,unspecified,,0,,Comptes de gestion / Comptes de charges / ACHATS ET VARIATIONS DE STOCKS / ACHATS D'EMBALLAGES,,,,Comptes de gestion / Comptes de charges / ACHATS ET VARIATIONS DE STOCKS / ACHATS D'EMBALLAGES / Emballages récupérables non identifiables,missing_root_type
,Emballages à usage mixte,,unspecified,,0,,Comptes de gestion / Comptes de charges / ACHATS ET VARIATIONS DE STOCKS / ACHATS D'EMBALLAGES,,,,Comptes de gestion / Comptes de charges / ACHATS ET VARIATIONS DE STOCKS / ACHATS D'EMBALLAGES / Emballages à usage mixte,missing_root_type
,"Rabais, Remises et Ristournes obtenus (non ventilés)",,unspecified,,0,,Comptes de gestion / Comptes de charges / ACHATS ET VARIATIONS DE STOCKS / ACHATS D'EMBALLAGES,,,,"Comptes de gestion / Comptes de charges / ACHATS ET VARIATIONS DE STOCKS / ACHATS D'EMBALLAGES / Rabais, Remises et Ristournes obtenus (non ventilés)",missing_root_type
,ACHATS DE MARCHANDISES,,group,,1,,Comptes de gestion / Comptes de charges / ACHATS ET VARIATIONS DE STOCKS,,,,Comptes de gestion / Comptes de charges / ACHATS ET VARIATIONS DE STOCKS / ACHATS DE MARCHANDISES,missing_root_type
,"Rabais, Remises et Ristournes obtenus (non ventilés)",,unspecified,,0,,Comptes de gestion / Comptes de charges / ACHATS ET VARIATIONS DE STOCKS / ACHATS DE MARCHANDISES,,,,"Comptes de gestion / Comptes de charges / ACHATS ET VARIATIONS DE STOCKS / ACHATS DE MARCHANDISES / Rabais, Remises et Ristournes obtenus (non ventilés)",missing_root_type
,aux entreprises du groupe dans la Région,,unspecified,,0,,Comptes de gestion / Comptes de charges / ACHATS ET VARIATIONS DE STOCKS / ACHATS DE MARCHANDISES,,,,Comptes de gestion / Comptes de charges / ACHATS ET VARIATIONS DE STOCKS / ACHATS DE MARCHANDISES / aux entreprises du groupe dans la Région,missing_root_type
,aux entreprises du groupe hors Région,,unspecified,,0,,Comptes de gestion / Comptes de charges / ACHATS ET VARIATIONS DE STOCKS / ACHATS DE MARCHANDISES,,,,Comptes de gestion / Comptes de charges / ACHATS ET VARIATIONS DE STOCKS / ACHATS DE MARCHANDISES / aux entreprises du groupe hors Région,missing_root_type
,dans la Région,,unspecified,,0,,Comptes de gestion / Comptes de charges / ACHATS ET VARIATIONS DE STOCKS / ACHATS DE MARCHANDISES,,,,Comptes de gestion / Comptes de charges / ACHATS ET VARIATIONS DE STOCKS / ACHATS DE MARCHANDISES / dans la Région,missing_root_type
,hors Région,,unspecified,,0,,Comptes de gestion / Comptes de charges / ACHATS ET VARIATIONS DE STOCKS / ACHATS DE MARCHANDISES,,,,Comptes de gestion / Comptes de charges / ACHATS ET VARIATIONS DE STOCKS / ACHATS DE MARCHANDISES / hors Région,missing_root_type
,ACHATS DE MATIÈRES PREMIÈRES ET FOURNITURES LIÉES,,group,,1,,Comptes de gestion / Comptes de charges / ACHATS ET VARIATIONS DE STOCKS,,,,Comptes de gestion / Comptes de charges / ACHATS ET VARIATIONS DE STOCKS / ACHATS DE MATIÈRES PREMIÈRES ET FOURNITURES LIÉES,missing_root_type
,"Rabais, Remises et Ristournes obtenus (non ventilés)",,unspecified,,0,,Comptes de gestion / Comptes de charges / ACHATS ET VARIATIONS DE STOCKS / ACHATS DE MATIÈRES PREMIÈRES ET FOURNITURES LIÉES,,,,"Comptes de gestion / Comptes de charges / ACHATS ET VARIATIONS DE STOCKS / ACHATS DE MATIÈRES PREMIÈRES ET FOURNITURES LIÉES / Rabais, Remises et Ristournes obtenus (non ventilés)",missing_root_type
,aux entreprises du groupe dans la Région,,unspecified,,0,,Comptes de gestion / Comptes de charges / ACHATS ET VARIATIONS DE STOCKS / ACHATS DE MATIÈRES PREMIÈRES ET FOURNITURES LIÉES,,,,Comptes de gestion / Comptes de charges / ACHATS ET VARIATIONS DE STOCKS / ACHATS DE MATIÈRES PREMIÈRES ET FOURNITURES LIÉES / aux entreprises du groupe dans la Région,missing_root_type
,aux entreprises du groupe hors Région,,unspecified,,0,,Comptes de gestion / Comptes de charges / ACHATS ET VARIATIONS DE STOCKS / ACHATS DE MATIÈRES PREMIÈRES ET FOURNITURES LIÉES,,,,Comptes de gestion / Comptes de charges / ACHATS ET VARIATIONS DE STOCKS / ACHATS DE MATIÈRES PREMIÈRES ET FOURNITURES LIÉES / aux entreprises du groupe hors Région,missing_root_type
,dans la Région,,unspecified,,0,,Comptes de gestion / Comptes de charges / ACHATS ET VARIATIONS DE STOCKS / ACHATS DE MATIÈRES PREMIÈRES ET FOURNITURES LIÉES,,,,Comptes de gestion / Comptes de charges / ACHATS ET VARIATIONS DE STOCKS / ACHATS DE MATIÈRES PREMIÈRES ET FOURNITURES LIÉES / dans la Région,missing_root_type
,hors Région,,unspecified,,0,,Comptes de gestion / Comptes de charges / ACHATS ET VARIATIONS DE STOCKS / ACHATS DE MATIÈRES PREMIÈRES ET FOURNITURES LIÉES,,,,Comptes de gestion / Comptes de charges / ACHATS ET VARIATIONS DE STOCKS / ACHATS DE MATIÈRES PREMIÈRES ET FOURNITURES LIÉES / hors Région,missing_root_type
,ACHATS STOCKÉS DE MATIÈRES ET FOURNITURES CONSOMMABLES,,group,,1,,Comptes de gestion / Comptes de charges / ACHATS ET VARIATIONS DE STOCKS,,,,Comptes de gestion / Comptes de charges / ACHATS ET VARIATIONS DE STOCKS / ACHATS STOCKÉS DE MATIÈRES ET FOURNITURES CONSOMMABLES,missing_root_type
,Fournitures d'atelier et d'usine,,unspecified,,0,,Comptes de gestion / Comptes de charges / ACHATS ET VARIATIONS DE STOCKS / ACHATS STOCKÉS DE MATIÈRES ET FOURNITURES CONSOMMABLES,,,,Comptes de gestion / Comptes de charges / ACHATS ET VARIATIONS DE STOCKS / ACHATS STOCKÉS DE MATIÈRES ET FOURNITURES CONSOMMABLES / Fournitures d'atelier et d'usine,missing_root_type
,Fournitures de bureau,,unspecified,,0,,Comptes de gestion / Comptes de charges / ACHATS ET VARIATIONS DE STOCKS / ACHATS STOCKÉS DE MATIÈRES ET FOURNITURES CONSOMMABLES,,,,Comptes de gestion / Comptes de charges / ACHATS ET VARIATIONS DE STOCKS / ACHATS STOCKÉS DE MATIÈRES ET FOURNITURES CONSOMMABLES / Fournitures de bureau,missing_root_type
,Fournitures de magasin,,unspecified,,0,,Comptes de gestion / Comptes de charges / ACHATS ET VARIATIONS DE STOCKS / ACHATS STOCKÉS DE MATIÈRES ET FOURNITURES CONSOMMABLES,,,,Comptes de gestion / Comptes de charges / ACHATS ET VARIATIONS DE STOCKS / ACHATS STOCKÉS DE MATIÈRES ET FOURNITURES CONSOMMABLES / Fournitures de magasin,missing_root_type
,Matières combustibles,,unspecified,,0,,Comptes de gestion / Comptes de charges / ACHATS ET VARIATIONS DE STOCKS / ACHATS STOCKÉS DE MATIÈRES ET FOURNITURES CONSOMMABLES,,,,Comptes de gestion / Comptes de charges / ACHATS ET VARIATIONS DE STOCKS / ACHATS STOCKÉS DE MATIÈRES ET FOURNITURES CONSOMMABLES / Matières combustibles,missing_root_type
,Matières consommables,,unspecified,,0,,Comptes de gestion / Comptes de charges / ACHATS ET VARIATIONS DE STOCKS / ACHATS STOCKÉS DE MATIÈRES ET FOURNITURES CONSOMMABLES,,,,Comptes de gestion / Comptes de charges / ACHATS ET VARIATIONS DE STOCKS / ACHATS STOCKÉS DE MATIÈRES ET FOURNITURES CONSOMMABLES / Matières consommables,missing_root_type
,Produits d'entretien,,unspecified,,0,,Comptes de gestion / Comptes de charges / ACHATS ET VARIATIONS DE STOCKS / ACHATS STOCKÉS DE MATIÈRES ET FOURNITURES CONSOMMABLES,,,,Comptes de gestion / Comptes de charges / ACHATS ET VARIATIONS DE STOCKS / ACHATS STOCKÉS DE MATIÈRES ET FOURNITURES CONSOMMABLES / Produits d'entretien,missing_root_type
,"Rabais, Remises et Ristournes obtenus (non ventilés)",,unspecified,,0,,Comptes de gestion / Comptes de charges / ACHATS ET VARIATIONS DE STOCKS / ACHATS STOCKÉS DE MATIÈRES ET FOURNITURES CONSOMMABLES,,,,"Comptes de gestion / Comptes de charges / ACHATS ET VARIATIONS DE STOCKS / ACHATS STOCKÉS DE MATIÈRES ET FOURNITURES CONSOMMABLES / Rabais, Remises et Ristournes obtenus (non ventilés)",missing_root_type
,AUTRES ACHATS,,group,,1,,Comptes de gestion / Comptes de charges / ACHATS ET VARIATIONS DE STOCKS,,,,Comptes de gestion / Comptes de charges / ACHATS ET VARIATIONS DE STOCKS / AUTRES ACHATS,missing_root_type
,Achats d'études et prestations de services,,unspecified,,0,,Comptes de gestion / Comptes de charges / ACHATS ET VARIATIONS DE STOCKS / AUTRES ACHATS,,,,Comptes de gestion / Comptes de charges / ACHATS ET VARIATIONS DE STOCKS / AUTRES ACHATS / Achats d'études et prestations de services,missing_root_type
,Achats de petit matériel et outillage,,unspecified,,0,,Comptes de gestion / Comptes de charges / ACHATS ET VARIATIONS DE STOCKS / AUTRES ACHATS,,,,Comptes de gestion / Comptes de charges / ACHATS ET VARIATIONS DE STOCKS / AUTRES ACHATS / Achats de petit matériel et outillage,missing_root_type
,"Achats de travaux, matériels et équipements",,unspecified,,0,,Comptes de gestion / Comptes de charges / ACHATS ET VARIATIONS DE STOCKS / AUTRES ACHATS,,,,"Comptes de gestion / Comptes de charges / ACHATS ET VARIATIONS DE STOCKS / AUTRES ACHATS / Achats de travaux, matériels et équipements",missing_root_type
,Fournitures d'entretien non stockables,,unspecified,,0,,Comptes de gestion / Comptes de charges / ACHATS ET VARIATIONS DE STOCKS / AUTRES ACHATS,,,,Comptes de gestion / Comptes de charges / ACHATS ET VARIATIONS DE STOCKS / AUTRES ACHATS / Fournitures d'entretien non stockables,missing_root_type
,Fournitures de bureau non stockables,,unspecified,,0,,Comptes de gestion / Comptes de charges / ACHATS ET VARIATIONS DE STOCKS / AUTRES ACHATS,,,,Comptes de gestion / Comptes de charges / ACHATS ET VARIATIONS DE STOCKS / AUTRES ACHATS / Fournitures de bureau non stockables,missing_root_type
,Fournitures non stockables - Electricité,,unspecified,,0,,Comptes de gestion / Comptes de charges / ACHATS ET VARIATIONS DE STOCKS / AUTRES ACHATS,,,,Comptes de gestion / Comptes de charges / ACHATS ET VARIATIONS DE STOCKS / AUTRES ACHATS / Fournitures non stockables - Electricité,missing_root_type
,Fournitures non stockables -Eau,,unspecified,,0,,Comptes de gestion / Comptes de charges / ACHATS ET VARIATIONS DE STOCKS / AUTRES ACHATS,,,,Comptes de gestion / Comptes de charges / ACHATS ET VARIATIONS DE STOCKS / AUTRES ACHATS / Fournitures non stockables -Eau,missing_root_type
,Fournitures non stockables – Autres énergies,,unspecified,,0,,Comptes de gestion / Comptes de charges / ACHATS ET VARIATIONS DE STOCKS / AUTRES ACHATS,,,,Comptes de gestion / Comptes de charges / ACHATS ET VARIATIONS DE STOCKS / AUTRES ACHATS / Fournitures non stockables – Autres énergies,missing_root_type
,"Rabais, Remises et Ristournes obtenus (non ventilés)",,unspecified,,0,,Comptes de gestion / Comptes de charges / ACHATS ET VARIATIONS DE STOCKS / AUTRES ACHATS,,,,"Comptes de gestion / Comptes de charges / ACHATS ET VARIATIONS DE STOCKS / AUTRES ACHATS / Rabais, Remises et Ristournes obtenus (non ventilés)",missing_root_type
,VARIATIONS DES STOCKS DE BIENS ACHETÉS,,group,,1,,Comptes de gestion / Comptes de charges / ACHATS ET VARIATIONS DE STOCKS,,,,Comptes de gestion / Comptes de charges / ACHATS ET VARIATIONS DE STOCKS / VARIATIONS DES STOCKS DE BIENS ACHETÉS,missing_root_type
,Variations des stocks d'autres approvisionnements,,unspecified,,0,,Comptes de gestion / Comptes de charges / ACHATS ET VARIATIONS DE STOCKS / VARIATIONS DES STOCKS DE BIENS ACHETÉS,,,,Comptes de gestion / Comptes de charges / ACHATS ET VARIATIONS DE STOCKS / VARIATIONS DES STOCKS DE BIENS ACHETÉS / Variations des stocks d'autres approvisionnements,missing_root_type
,Variations des stocks de marchandises,,unspecified,,0,,Comptes de gestion / Comptes de charges / ACHATS ET VARIATIONS DE STOCKS / VARIATIONS DES STOCKS DE BIENS ACHETÉS,,,,Comptes de gestion / Comptes de charges / ACHATS ET VARIATIONS DE STOCKS / VARIATIONS DES STOCKS DE BIENS ACHETÉS / Variations des stocks de marchandises,missing_root_type
,Variations des stocks de matières premières et fournitures liées,,unspecified,,0,,Comptes de gestion / Comptes de charges / ACHATS ET VARIATIONS DE STOCKS / VARIATIONS DES STOCKS DE BIENS ACHETÉS,,,,Comptes de gestion / Comptes de charges / ACHATS ET VARIATIONS DE STOCKS / VARIATIONS DES STOCKS DE BIENS ACHETÉS / Variations des stocks de matières premières et fournitures liées,missing_root_type
,AUTRES CHARGES,,group,,1,,Comptes de gestion / Comptes de charges,,,,Comptes de gestion / Comptes de charges / AUTRES CHARGES,missing_root_type
,CHARGES DIVERSES,,group,,1,,Comptes de gestion / Comptes de charges / AUTRES CHARGES,,,,Comptes de gestion / Comptes de charges / AUTRES CHARGES / CHARGES DIVERSES,missing_root_type
,Dons,,unspecified,,0,,Comptes de gestion / Comptes de charges / AUTRES CHARGES / CHARGES DIVERSES,,,,Comptes de gestion / Comptes de charges / AUTRES CHARGES / CHARGES DIVERSES / Dons,missing_root_type
,Jetons de présence et autres rémunérations d'administrateurs,,unspecified,,0,,Comptes de gestion / Comptes de charges / AUTRES CHARGES / CHARGES DIVERSES,,,,Comptes de gestion / Comptes de charges / AUTRES CHARGES / CHARGES DIVERSES / Jetons de présence et autres rémunérations d'administrateurs,missing_root_type
,Mécénat,,unspecified,,0,,Comptes de gestion / Comptes de charges / AUTRES CHARGES / CHARGES DIVERSES,,,,Comptes de gestion / Comptes de charges / AUTRES CHARGES / CHARGES DIVERSES / Mécénat,missing_root_type
,CHARGES PROVISIONNÉES D'EXPLOITATION,,group,,1,,Comptes de gestion / Comptes de charges / AUTRES CHARGES,,,,Comptes de gestion / Comptes de charges / AUTRES CHARGES / CHARGES PROVISIONNÉES D'EXPLOITATION,missing_root_type
,Autres charges provisionnées,,unspecified,,0,,Comptes de gestion / Comptes de charges / AUTRES CHARGES / CHARGES PROVISIONNÉES D'EXPLOITATION,,,,Comptes de gestion / Comptes de charges / AUTRES CHARGES / CHARGES PROVISIONNÉES D'EXPLOITATION / Autres charges provisionnées,missing_root_type
,sur créances,,unspecified,,0,,Comptes de gestion / Comptes de charges / AUTRES CHARGES / CHARGES PROVISIONNÉES D'EXPLOITATION,,,,Comptes de gestion / Comptes de charges / AUTRES CHARGES / CHARGES PROVISIONNÉES D'EXPLOITATION / sur créances,missing_root_type
,sur risques à court terme,,unspecified,,0,,Comptes de gestion / Comptes de charges / AUTRES CHARGES / CHARGES PROVISIONNÉES D'EXPLOITATION,,,,Comptes de gestion / Comptes de charges / AUTRES CHARGES / CHARGES PROVISIONNÉES D'EXPLOITATION / sur risques à court terme,missing_root_type
,sur stocks,,unspecified,,0,,Comptes de gestion / Comptes de charges / AUTRES CHARGES / CHARGES PROVISIONNÉES D'EXPLOITATION,,,,Comptes de gestion / Comptes de charges / AUTRES CHARGES / CHARGES PROVISIONNÉES D'EXPLOITATION / sur stocks,missing_root_type
,PERTES SUR CRÉANCES CLIENTS ET AUTRES DÉBITEURS,,group,,1,,Comptes de gestion / Comptes de charges / AUTRES CHARGES,,,,Comptes de gestion / Comptes de charges / AUTRES CHARGES / PERTES SUR CRÉANCES CLIENTS ET AUTRES DÉBITEURS,missing_root_type
,Autres débiteurs,,unspecified,,0,,Comptes de gestion / Comptes de charges / AUTRES CHARGES / PERTES SUR CRÉANCES CLIENTS ET AUTRES DÉBITEURS,,,,Comptes de gestion / Comptes de charges / AUTRES CHARGES / PERTES SUR CRÉANCES CLIENTS ET AUTRES DÉBITEURS / Autres débiteurs,missing_root_type
,Clients,,unspecified,,0,,Comptes de gestion / Comptes de charges / AUTRES CHARGES / PERTES SUR CRÉANCES CLIENTS ET AUTRES DÉBITEURS,,,,Comptes de gestion / Comptes de charges / AUTRES CHARGES / PERTES SUR CRÉANCES CLIENTS ET AUTRES DÉBITEURS / Clients,missing_root_type
,QUOTE-PART DE RÉSULTAT ANNULÉE SUR EXÉCUTION PARTIELLE DE CONTRATS PLURI-EXERCICES,,unspecified,,0,,Comptes de gestion / Comptes de charges / AUTRES CHARGES,,,,Comptes de gestion / Comptes de charges / AUTRES CHARGES / QUOTE-PART DE RÉSULTAT ANNULÉE SUR EXÉCUTION PARTIELLE DE CONTRATS PLURI-EXERCICES,missing_root_type
,QUOTE-PART DE RÉSULTAT SUR OPÉRATIONS FAITES EN COMMUN,,group,,1,,Comptes de gestion / Comptes de charges / AUTRES CHARGES,,,,Comptes de gestion / Comptes de charges / AUTRES CHARGES / QUOTE-PART DE RÉSULTAT SUR OPÉRATIONS FAITES EN COMMUN,missing_root_type
,Pertes imputées par transfert (comptabilité des associés non gérants),,unspecified,,0,,Comptes de gestion / Comptes de charges / AUTRES CHARGES / QUOTE-PART DE RÉSULTAT SUR OPÉRATIONS FAITES EN COMMUN,,,,Comptes de gestion / Comptes de charges / AUTRES CHARGES / QUOTE-PART DE RÉSULTAT SUR OPÉRATIONS FAITES EN COMMUN / Pertes imputées par transfert (comptabilité des associés non gérants),missing_root_type
,Quote-part transférée de bénéfices (comptabilité du gérant),,unspecified,,0,,Comptes de gestion / Comptes de charges / AUTRES CHARGES / QUOTE-PART DE RÉSULTAT SUR OPÉRATIONS FAITES EN COMMUN,,,,Comptes de gestion / Comptes de charges / AUTRES CHARGES / QUOTE-PART DE RÉSULTAT SUR OPÉRATIONS FAITES EN COMMUN / Quote-part transférée de bénéfices (comptabilité du gérant),missing_root_type
,VALEUR COMPTABLE DES CESSIONS COURANTES D'IMMOBILISATIONS,,unspecified,,0,,Comptes de gestion / Comptes de charges / AUTRES CHARGES,,,,Comptes de gestion / Comptes de charges / AUTRES CHARGES / VALEUR COMPTABLE DES CESSIONS COURANTES D'IMMOBILISATIONS,missing_root_type
,CHARGES DE PERSONNEL,,group,,1,,Comptes de gestion / Comptes de charges,,,,Comptes de gestion / Comptes de charges / CHARGES DE PERSONNEL,missing_root_type
,AUTRES CHARGES SOCIALES,,group,,1,,Comptes de gestion / Comptes de charges / CHARGES DE PERSONNEL,,,,Comptes de gestion / Comptes de charges / CHARGES DE PERSONNEL / AUTRES CHARGES SOCIALES,missing_root_type
,Médecine du travail et pharmacie,,unspecified,,0,,Comptes de gestion / Comptes de charges / CHARGES DE PERSONNEL / AUTRES CHARGES SOCIALES,,,,Comptes de gestion / Comptes de charges / CHARGES DE PERSONNEL / AUTRES CHARGES SOCIALES / Médecine du travail et pharmacie,missing_root_type
,Versements aux Comités d'hygiène et de sécurité,,unspecified,,0,,Comptes de gestion / Comptes de charges / CHARGES DE PERSONNEL / AUTRES CHARGES SOCIALES,,,,Comptes de gestion / Comptes de charges / CHARGES DE PERSONNEL / AUTRES CHARGES SOCIALES / Versements aux Comités d'hygiène et de sécurité,missing_root_type
,"Versements aux Syndicats et Comités d'entreprise, d'établissement",,unspecified,,0,,Comptes de gestion / Comptes de charges / CHARGES DE PERSONNEL / AUTRES CHARGES SOCIALES,,,,"Comptes de gestion / Comptes de charges / CHARGES DE PERSONNEL / AUTRES CHARGES SOCIALES / Versements aux Syndicats et Comités d'entreprise, d'établissement",missing_root_type
,Versements aux autres oeuvres sociales,,unspecified,,0,,Comptes de gestion / Comptes de charges / CHARGES DE PERSONNEL / AUTRES CHARGES SOCIALES,,,,Comptes de gestion / Comptes de charges / CHARGES DE PERSONNEL / AUTRES CHARGES SOCIALES / Versements aux autres oeuvres sociales,missing_root_type
,CHARGES SOCIALES,,group,,1,,Comptes de gestion / Comptes de charges / CHARGES DE PERSONNEL,,,,Comptes de gestion / Comptes de charges / CHARGES DE PERSONNEL / CHARGES SOCIALES,missing_root_type
,Charges sociales sur rémunération du personnel national,,unspecified,,0,,Comptes de gestion / Comptes de charges / CHARGES DE PERSONNEL / CHARGES SOCIALES,,,,Comptes de gestion / Comptes de charges / CHARGES DE PERSONNEL / CHARGES SOCIALES / Charges sociales sur rémunération du personnel national,missing_root_type
,Charges sociales sur rémunération du personnel non national,,unspecified,,0,,Comptes de gestion / Comptes de charges / CHARGES DE PERSONNEL / CHARGES SOCIALES,,,,Comptes de gestion / Comptes de charges / CHARGES DE PERSONNEL / CHARGES SOCIALES / Charges sociales sur rémunération du personnel non national,missing_root_type
,INDEMNITÉS FORFAITAIRES VERSÉES AU PERSONNEL,,group,,1,,Comptes de gestion / Comptes de charges / CHARGES DE PERSONNEL,,,,Comptes de gestion / Comptes de charges / CHARGES DE PERSONNEL / INDEMNITÉS FORFAITAIRES VERSÉES AU PERSONNEL,missing_root_type
,Autres indemnités et avantages divers,,unspecified,,0,,Comptes de gestion / Comptes de charges / CHARGES DE PERSONNEL / INDEMNITÉS FORFAITAIRES VERSÉES AU PERSONNEL,,,,Comptes de gestion / Comptes de charges / CHARGES DE PERSONNEL / INDEMNITÉS FORFAITAIRES VERSÉES AU PERSONNEL / Autres indemnités et avantages divers,missing_root_type
,Indemnités d'expatriation,,unspecified,,0,,Comptes de gestion / Comptes de charges / CHARGES DE PERSONNEL / INDEMNITÉS FORFAITAIRES VERSÉES AU PERSONNEL,,,,Comptes de gestion / Comptes de charges / CHARGES DE PERSONNEL / INDEMNITÉS FORFAITAIRES VERSÉES AU PERSONNEL / Indemnités d'expatriation,missing_root_type
,Indemnités de logement,,unspecified,,0,,Comptes de gestion / Comptes de charges / CHARGES DE PERSONNEL / INDEMNITÉS FORFAITAIRES VERSÉES AU PERSONNEL,,,,Comptes de gestion / Comptes de charges / CHARGES DE PERSONNEL / INDEMNITÉS FORFAITAIRES VERSÉES AU PERSONNEL / Indemnités de logement,missing_root_type
,Indemnités de représentation,,unspecified,,0,,Comptes de gestion / Comptes de charges / CHARGES DE PERSONNEL / INDEMNITÉS FORFAITAIRES VERSÉES AU PERSONNEL,,,,Comptes de gestion / Comptes de charges / CHARGES DE PERSONNEL / INDEMNITÉS FORFAITAIRES VERSÉES AU PERSONNEL / Indemnités de représentation,missing_root_type
,RÉMUNÉRATION TRANSFÉRÉE DE PERSONNEL EXTÉRIEUR,,group,,1,,Comptes de gestion / Comptes de charges / CHARGES DE PERSONNEL,,,,Comptes de gestion / Comptes de charges / CHARGES DE PERSONNEL / RÉMUNÉRATION TRANSFÉRÉE DE PERSONNEL EXTÉRIEUR,missing_root_type
,Personnel détaché ou prêté à l’entreprise,,unspecified,,0,,Comptes de gestion / Comptes de charges / CHARGES DE PERSONNEL / RÉMUNÉRATION TRANSFÉRÉE DE PERSONNEL EXTÉRIEUR,,,,Comptes de gestion / Comptes de charges / CHARGES DE PERSONNEL / RÉMUNÉRATION TRANSFÉRÉE DE PERSONNEL EXTÉRIEUR / Personnel détaché ou prêté à l’entreprise,missing_root_type
,Personnel intérimaire,,unspecified,,0,,Comptes de gestion / Comptes de charges / CHARGES DE PERSONNEL / RÉMUNÉRATION TRANSFÉRÉE DE PERSONNEL EXTÉRIEUR,,,,Comptes de gestion / Comptes de charges / CHARGES DE PERSONNEL / RÉMUNÉRATION TRANSFÉRÉE DE PERSONNEL EXTÉRIEUR / Personnel intérimaire,missing_root_type
,RÉMUNÉRATIONS DIRECTES VERSÉES AU PERSONNEL NATIONAL,,group,,1,,Comptes de gestion / Comptes de charges / CHARGES DE PERSONNEL,,,,Comptes de gestion / Comptes de charges / CHARGES DE PERSONNEL / RÉMUNÉRATIONS DIRECTES VERSÉES AU PERSONNEL NATIONAL,missing_root_type
,Appointements salaires et commissions,,unspecified,,0,,Comptes de gestion / Comptes de charges / CHARGES DE PERSONNEL / RÉMUNÉRATIONS DIRECTES VERSÉES AU PERSONNEL NATIONAL,,,,Comptes de gestion / Comptes de charges / CHARGES DE PERSONNEL / RÉMUNÉRATIONS DIRECTES VERSÉES AU PERSONNEL NATIONAL / Appointements salaires et commissions,missing_root_type
,Autres rémunérations directes,,unspecified,,0,,Comptes de gestion / Comptes de charges / CHARGES DE PERSONNEL / RÉMUNÉRATIONS DIRECTES VERSÉES AU PERSONNEL NATIONAL,,,,Comptes de gestion / Comptes de charges / CHARGES DE PERSONNEL / RÉMUNÉRATIONS DIRECTES VERSÉES AU PERSONNEL NATIONAL / Autres rémunérations directes,missing_root_type
,Avantages en nature,,unspecified,,0,,Comptes de gestion / Comptes de charges / CHARGES DE PERSONNEL / RÉMUNÉRATIONS DIRECTES VERSÉES AU PERSONNEL NATIONAL,,,,Comptes de gestion / Comptes de charges / CHARGES DE PERSONNEL / RÉMUNÉRATIONS DIRECTES VERSÉES AU PERSONNEL NATIONAL / Avantages en nature,missing_root_type
,Congés payés,,unspecified,,0,,Comptes de gestion / Comptes de charges / CHARGES DE PERSONNEL / RÉMUNÉRATIONS DIRECTES VERSÉES AU PERSONNEL NATIONAL,,,,Comptes de gestion / Comptes de charges / CHARGES DE PERSONNEL / RÉMUNÉRATIONS DIRECTES VERSÉES AU PERSONNEL NATIONAL / Congés payés,missing_root_type
,Indemnités de maladie versées aux travailleurs,,unspecified,,0,,Comptes de gestion / Comptes de charges / CHARGES DE PERSONNEL / RÉMUNÉRATIONS DIRECTES VERSÉES AU PERSONNEL NATIONAL,,,,Comptes de gestion / Comptes de charges / CHARGES DE PERSONNEL / RÉMUNÉRATIONS DIRECTES VERSÉES AU PERSONNEL NATIONAL / Indemnités de maladie versées aux travailleurs,missing_root_type
,"Indemnités de préavis, de licenciement et de recherche d'embauche",,unspecified,,0,,Comptes de gestion / Comptes de charges / CHARGES DE PERSONNEL / RÉMUNÉRATIONS DIRECTES VERSÉES AU PERSONNEL NATIONAL,,,,"Comptes de gestion / Comptes de charges / CHARGES DE PERSONNEL / RÉMUNÉRATIONS DIRECTES VERSÉES AU PERSONNEL NATIONAL / Indemnités de préavis, de licenciement et de recherche d'embauche",missing_root_type
,Primes et gratifications,,unspecified,,0,,Comptes de gestion / Comptes de charges / CHARGES DE PERSONNEL / RÉMUNÉRATIONS DIRECTES VERSÉES AU PERSONNEL NATIONAL,,,,Comptes de gestion / Comptes de charges / CHARGES DE PERSONNEL / RÉMUNÉRATIONS DIRECTES VERSÉES AU PERSONNEL NATIONAL / Primes et gratifications,missing_root_type
,Supplément familial,,unspecified,,0,,Comptes de gestion / Comptes de charges / CHARGES DE PERSONNEL / RÉMUNÉRATIONS DIRECTES VERSÉES AU PERSONNEL NATIONAL,,,,Comptes de gestion / Comptes de charges / CHARGES DE PERSONNEL / RÉMUNÉRATIONS DIRECTES VERSÉES AU PERSONNEL NATIONAL / Supplément familial,missing_root_type
,RÉMUNÉRATIONS DIRECTES VERSÉES AU PERSONNEL NON NATIONAL,,group,,1,,Comptes de gestion / Comptes de charges / CHARGES DE PERSONNEL,,,,Comptes de gestion / Comptes de charges / CHARGES DE PERSONNEL / RÉMUNÉRATIONS DIRECTES VERSÉES AU PERSONNEL NON NATIONAL,missing_root_type
,Appointements salaires et commissions,,unspecified,,0,,Comptes de gestion / Comptes de charges / CHARGES DE PERSONNEL / RÉMUNÉRATIONS DIRECTES VERSÉES AU PERSONNEL NON NATIONAL,,,,Comptes de gestion / Comptes de charges / CHARGES DE PERSONNEL / RÉMUNÉRATIONS DIRECTES VERSÉES AU PERSONNEL NON NATIONAL / Appointements salaires et commissions,missing_root_type
,Autres rémunérations directes,,unspecified,,0,,Comptes de gestion / Comptes de charges / CHARGES DE PERSONNEL / RÉMUNÉRATIONS DIRECTES VERSÉES AU PERSONNEL NON NATIONAL,,,,Comptes de gestion / Comptes de charges / CHARGES DE PERSONNEL / RÉMUNÉRATIONS DIRECTES VERSÉES AU PERSONNEL NON NATIONAL / Autres rémunérations directes,missing_root_type
,Avantages en nature,,unspecified,,0,,Comptes de gestion / Comptes de charges / CHARGES DE PERSONNEL / RÉMUNÉRATIONS DIRECTES VERSÉES AU PERSONNEL NON NATIONAL,,,,Comptes de gestion / Comptes de charges / CHARGES DE PERSONNEL / RÉMUNÉRATIONS DIRECTES VERSÉES AU PERSONNEL NON NATIONAL / Avantages en nature,missing_root_type
,Congés payés,,unspecified,,0,,Comptes de gestion / Comptes de charges / CHARGES DE PERSONNEL / RÉMUNÉRATIONS DIRECTES VERSÉES AU PERSONNEL NON NATIONAL,,,,Comptes de gestion / Comptes de charges / CHARGES DE PERSONNEL / RÉMUNÉRATIONS DIRECTES VERSÉES AU PERSONNEL NON NATIONAL / Congés payés,missing_root_type
,Indemnités de maladie versées aux travailleurs,,unspecified,,0,,Comptes de gestion / Comptes de charges / CHARGES DE PERSONNEL / RÉMUNÉRATIONS DIRECTES VERSÉES AU PERSONNEL NON NATIONAL,,,,Comptes de gestion / Comptes de charges / CHARGES DE PERSONNEL / RÉMUNÉRATIONS DIRECTES VERSÉES AU PERSONNEL NON NATIONAL / Indemnités de maladie versées aux travailleurs,missing_root_type
,"Indemnités de préavis, de licenciement et de recherche d'embauche",,unspecified,,0,,Comptes de gestion / Comptes de charges / CHARGES DE PERSONNEL / RÉMUNÉRATIONS DIRECTES VERSÉES AU PERSONNEL NON NATIONAL,,,,"Comptes de gestion / Comptes de charges / CHARGES DE PERSONNEL / RÉMUNÉRATIONS DIRECTES VERSÉES AU PERSONNEL NON NATIONAL / Indemnités de préavis, de licenciement et de recherche d'embauche",missing_root_type
,Primes et gratifications,,unspecified,,0,,Comptes de gestion / Comptes de charges / CHARGES DE PERSONNEL / RÉMUNÉRATIONS DIRECTES VERSÉES AU PERSONNEL NON NATIONAL,,,,Comptes de gestion / Comptes de charges / CHARGES DE PERSONNEL / RÉMUNÉRATIONS DIRECTES VERSÉES AU PERSONNEL NON NATIONAL / Primes et gratifications,missing_root_type
,Supplément familial,,unspecified,,0,,Comptes de gestion / Comptes de charges / CHARGES DE PERSONNEL / RÉMUNÉRATIONS DIRECTES VERSÉES AU PERSONNEL NON NATIONAL,,,,Comptes de gestion / Comptes de charges / CHARGES DE PERSONNEL / RÉMUNÉRATIONS DIRECTES VERSÉES AU PERSONNEL NON NATIONAL / Supplément familial,missing_root_type
,RÉMUNÉRATIONS ET CHARGES SOCIALES DE L'EXPLOITANT INDIVIDUEL,,group,,1,,Comptes de gestion / Comptes de charges / CHARGES DE PERSONNEL,,,,Comptes de gestion / Comptes de charges / CHARGES DE PERSONNEL / RÉMUNÉRATIONS ET CHARGES SOCIALES DE L'EXPLOITANT INDIVIDUEL,missing_root_type
,Charges sociales,,unspecified,,0,,Comptes de gestion / Comptes de charges / CHARGES DE PERSONNEL / RÉMUNÉRATIONS ET CHARGES SOCIALES DE L'EXPLOITANT INDIVIDUEL,,,,Comptes de gestion / Comptes de charges / CHARGES DE PERSONNEL / RÉMUNÉRATIONS ET CHARGES SOCIALES DE L'EXPLOITANT INDIVIDUEL / Charges sociales,missing_root_type
,Rémunération du travail de l'exploitant,,unspecified,,0,,Comptes de gestion / Comptes de charges / CHARGES DE PERSONNEL / RÉMUNÉRATIONS ET CHARGES SOCIALES DE L'EXPLOITANT INDIVIDUEL,,,,Comptes de gestion / Comptes de charges / CHARGES DE PERSONNEL / RÉMUNÉRATIONS ET CHARGES SOCIALES DE L'EXPLOITANT INDIVIDUEL / Rémunération du travail de l'exploitant,missing_root_type
,DOTATIONS AUX AMORTISSEMENTS,,group,,1,,Comptes de gestion / Comptes de charges,,,,Comptes de gestion / Comptes de charges / DOTATIONS AUX AMORTISSEMENTS,missing_root_type
,DOTATIONS AUX AMORTISSEMENTS D'EXPLOITATION,,group,,1,,Comptes de gestion / Comptes de charges / DOTATIONS AUX AMORTISSEMENTS,,,,Comptes de gestion / Comptes de charges / DOTATIONS AUX AMORTISSEMENTS / DOTATIONS AUX AMORTISSEMENTS D'EXPLOITATION,missing_root_type
,Dotations aux amortissements des charges immobilisées,,unspecified,,0,,Comptes de gestion / Comptes de charges / DOTATIONS AUX AMORTISSEMENTS / DOTATIONS AUX AMORTISSEMENTS D'EXPLOITATION,,,,Comptes de gestion / Comptes de charges / DOTATIONS AUX AMORTISSEMENTS / DOTATIONS AUX AMORTISSEMENTS D'EXPLOITATION / Dotations aux amortissements des charges immobilisées,missing_root_type
,Dotations aux amortissements des immobilisations corporelles,,unspecified,,0,,Comptes de gestion / Comptes de charges / DOTATIONS AUX AMORTISSEMENTS / DOTATIONS AUX AMORTISSEMENTS D'EXPLOITATION,,,,Comptes de gestion / Comptes de charges / DOTATIONS AUX AMORTISSEMENTS / DOTATIONS AUX AMORTISSEMENTS D'EXPLOITATION / Dotations aux amortissements des immobilisations corporelles,missing_root_type
,Dotations aux amortissements des immobilisations incorporelles,,unspecified,,0,,Comptes de gestion / Comptes de charges / DOTATIONS AUX AMORTISSEMENTS / DOTATIONS AUX AMORTISSEMENTS D'EXPLOITATION,,,,Comptes de gestion / Comptes de charges / DOTATIONS AUX AMORTISSEMENTS / DOTATIONS AUX AMORTISSEMENTS D'EXPLOITATION / Dotations aux amortissements des immobilisations incorporelles,missing_root_type
,DOTATIONS AUX AMORTISSEMENTS À CARACTÈRE FINANCIER,,group,,1,,Comptes de gestion / Comptes de charges / DOTATIONS AUX AMORTISSEMENTS,,,,Comptes de gestion / Comptes de charges / DOTATIONS AUX AMORTISSEMENTS / DOTATIONS AUX AMORTISSEMENTS À CARACTÈRE FINANCIER,missing_root_type
,Autres dotations aux amortissements à caractère financier,,unspecified,,0,,Comptes de gestion / Comptes de charges / DOTATIONS AUX AMORTISSEMENTS / DOTATIONS AUX AMORTISSEMENTS À CARACTÈRE FINANCIER,,,,Comptes de gestion / Comptes de charges / DOTATIONS AUX AMORTISSEMENTS / DOTATIONS AUX AMORTISSEMENTS À CARACTÈRE FINANCIER / Autres dotations aux amortissements à caractère financier,missing_root_type
,Dotations aux amortissements des primes de remboursement des obligations,,unspecified,,0,,Comptes de gestion / Comptes de charges / DOTATIONS AUX AMORTISSEMENTS / DOTATIONS AUX AMORTISSEMENTS À CARACTÈRE FINANCIER,,,,Comptes de gestion / Comptes de charges / DOTATIONS AUX AMORTISSEMENTS / DOTATIONS AUX AMORTISSEMENTS À CARACTÈRE FINANCIER / Dotations aux amortissements des primes de remboursement des obligations,missing_root_type
,DOTATIONS AUX PROVISIONS,,group,,1,,Comptes de gestion / Comptes de charges,,,,Comptes de gestion / Comptes de charges / DOTATIONS AUX PROVISIONS,missing_root_type
,DOTATIONS AUX PROVISIONS D'EXPLOITATION,,group,,1,,Comptes de gestion / Comptes de charges / DOTATIONS AUX PROVISIONS,,,,Comptes de gestion / Comptes de charges / DOTATIONS AUX PROVISIONS / DOTATIONS AUX PROVISIONS D'EXPLOITATION,missing_root_type
,pour dépréciation des immobilisations corporelles,,unspecified,,0,,Comptes de gestion / Comptes de charges / DOTATIONS AUX PROVISIONS / DOTATIONS AUX PROVISIONS D'EXPLOITATION,,,,Comptes de gestion / Comptes de charges / DOTATIONS AUX PROVISIONS / DOTATIONS AUX PROVISIONS D'EXPLOITATION / pour dépréciation des immobilisations corporelles,missing_root_type
,pour dépréciation des immobilisations incorporelles,,unspecified,,0,,Comptes de gestion / Comptes de charges / DOTATIONS AUX PROVISIONS / DOTATIONS AUX PROVISIONS D'EXPLOITATION,,,,Comptes de gestion / Comptes de charges / DOTATIONS AUX PROVISIONS / DOTATIONS AUX PROVISIONS D'EXPLOITATION / pour dépréciation des immobilisations incorporelles,missing_root_type
,pour grosses réparations,,unspecified,,0,,Comptes de gestion / Comptes de charges / DOTATIONS AUX PROVISIONS / DOTATIONS AUX PROVISIONS D'EXPLOITATION,,,,Comptes de gestion / Comptes de charges / DOTATIONS AUX PROVISIONS / DOTATIONS AUX PROVISIONS D'EXPLOITATION / pour grosses réparations,missing_root_type
,pour risques et charges,,unspecified,,0,,Comptes de gestion / Comptes de charges / DOTATIONS AUX PROVISIONS / DOTATIONS AUX PROVISIONS D'EXPLOITATION,,,,Comptes de gestion / Comptes de charges / DOTATIONS AUX PROVISIONS / DOTATIONS AUX PROVISIONS D'EXPLOITATION / pour risques et charges,missing_root_type
,DOTATIONS AUX PROVISIONS FINANCIÈRES,,group,,1,,Comptes de gestion / Comptes de charges / DOTATIONS AUX PROVISIONS,,,,Comptes de gestion / Comptes de charges / DOTATIONS AUX PROVISIONS / DOTATIONS AUX PROVISIONS FINANCIÈRES,missing_root_type
,pour dépréciation des immobilisations financières,,unspecified,,0,,Comptes de gestion / Comptes de charges / DOTATIONS AUX PROVISIONS / DOTATIONS AUX PROVISIONS FINANCIÈRES,,,,Comptes de gestion / Comptes de charges / DOTATIONS AUX PROVISIONS / DOTATIONS AUX PROVISIONS FINANCIÈRES / pour dépréciation des immobilisations financières,missing_root_type
,pour risques et charges,,unspecified,,0,,Comptes de gestion / Comptes de charges / DOTATIONS AUX PROVISIONS / DOTATIONS AUX PROVISIONS FINANCIÈRES,,,,Comptes de gestion / Comptes de charges / DOTATIONS AUX PROVISIONS / DOTATIONS AUX PROVISIONS FINANCIÈRES / pour risques et charges,missing_root_type
,FRAIS FINANCIERS ET CHARGES ASSIMILÉES,,group,,1,,Comptes de gestion / Comptes de charges,,,,Comptes de gestion / Comptes de charges / FRAIS FINANCIERS ET CHARGES ASSIMILÉES,missing_root_type
,AUTRES INTÉRÊTS,,group,,1,,Comptes de gestion / Comptes de charges / FRAIS FINANCIERS ET CHARGES ASSIMILÉES,,,,Comptes de gestion / Comptes de charges / FRAIS FINANCIERS ET CHARGES ASSIMILÉES / AUTRES INTÉRÊTS,missing_root_type
,Avances reçues et dépôts créditeurs,,unspecified,,0,,Comptes de gestion / Comptes de charges / FRAIS FINANCIERS ET CHARGES ASSIMILÉES / AUTRES INTÉRÊTS,,,,Comptes de gestion / Comptes de charges / FRAIS FINANCIERS ET CHARGES ASSIMILÉES / AUTRES INTÉRÊTS / Avances reçues et dépôts créditeurs,missing_root_type
,Comptes courants bloqués,,unspecified,,0,,Comptes de gestion / Comptes de charges / FRAIS FINANCIERS ET CHARGES ASSIMILÉES / AUTRES INTÉRÊTS,,,,Comptes de gestion / Comptes de charges / FRAIS FINANCIERS ET CHARGES ASSIMILÉES / AUTRES INTÉRÊTS / Comptes courants bloqués,missing_root_type
,Intérêts bancaires et sur opérations de trésorerie et d’escompte,,unspecified,,0,,Comptes de gestion / Comptes de charges / FRAIS FINANCIERS ET CHARGES ASSIMILÉES / AUTRES INTÉRÊTS,,,,Comptes de gestion / Comptes de charges / FRAIS FINANCIERS ET CHARGES ASSIMILÉES / AUTRES INTÉRÊTS / Intérêts bancaires et sur opérations de trésorerie et d’escompte,missing_root_type
,Intérêts sur dettes commerciales,,unspecified,,0,,Comptes de gestion / Comptes de charges / FRAIS FINANCIERS ET CHARGES ASSIMILÉES / AUTRES INTÉRÊTS,,,,Comptes de gestion / Comptes de charges / FRAIS FINANCIERS ET CHARGES ASSIMILÉES / AUTRES INTÉRÊTS / Intérêts sur dettes commerciales,missing_root_type
,Intérêts sur dettes diverses,,unspecified,,0,,Comptes de gestion / Comptes de charges / FRAIS FINANCIERS ET CHARGES ASSIMILÉES / AUTRES INTÉRÊTS,,,,Comptes de gestion / Comptes de charges / FRAIS FINANCIERS ET CHARGES ASSIMILÉES / AUTRES INTÉRÊTS / Intérêts sur dettes diverses,missing_root_type
,Intérêts sur obligations cautionnées,,unspecified,,0,,Comptes de gestion / Comptes de charges / FRAIS FINANCIERS ET CHARGES ASSIMILÉES / AUTRES INTÉRÊTS,,,,Comptes de gestion / Comptes de charges / FRAIS FINANCIERS ET CHARGES ASSIMILÉES / AUTRES INTÉRÊTS / Intérêts sur obligations cautionnées,missing_root_type
,CHARGES PROVISIONNÉES FINANCIÈRES,,group,,1,,Comptes de gestion / Comptes de charges / FRAIS FINANCIERS ET CHARGES ASSIMILÉES,,,,Comptes de gestion / Comptes de charges / FRAIS FINANCIERS ET CHARGES ASSIMILÉES / CHARGES PROVISIONNÉES FINANCIÈRES,missing_root_type
,Autres charges provisionnées financières,,unspecified,,0,,Comptes de gestion / Comptes de charges / FRAIS FINANCIERS ET CHARGES ASSIMILÉES / CHARGES PROVISIONNÉES FINANCIÈRES,,,,Comptes de gestion / Comptes de charges / FRAIS FINANCIERS ET CHARGES ASSIMILÉES / CHARGES PROVISIONNÉES FINANCIÈRES / Autres charges provisionnées financières,missing_root_type
,sur risques financiers,,unspecified,,0,,Comptes de gestion / Comptes de charges / FRAIS FINANCIERS ET CHARGES ASSIMILÉES / CHARGES PROVISIONNÉES FINANCIÈRES,,,,Comptes de gestion / Comptes de charges / FRAIS FINANCIERS ET CHARGES ASSIMILÉES / CHARGES PROVISIONNÉES FINANCIÈRES / sur risques financiers,missing_root_type
,sur titres de placement,,unspecified,,0,,Comptes de gestion / Comptes de charges / FRAIS FINANCIERS ET CHARGES ASSIMILÉES / CHARGES PROVISIONNÉES FINANCIÈRES,,,,Comptes de gestion / Comptes de charges / FRAIS FINANCIERS ET CHARGES ASSIMILÉES / CHARGES PROVISIONNÉES FINANCIÈRES / sur titres de placement,missing_root_type
,ESCOMPTES ACCORDÉS,,unspecified,,0,,Comptes de gestion / Comptes de charges / FRAIS FINANCIERS ET CHARGES ASSIMILÉES,,,,Comptes de gestion / Comptes de charges / FRAIS FINANCIERS ET CHARGES ASSIMILÉES / ESCOMPTES ACCORDÉS,missing_root_type
,ESCOMPTES DES EFFETS DE COMMERCE,,unspecified,,0,,Comptes de gestion / Comptes de charges / FRAIS FINANCIERS ET CHARGES ASSIMILÉES,,,,Comptes de gestion / Comptes de charges / FRAIS FINANCIERS ET CHARGES ASSIMILÉES / ESCOMPTES DES EFFETS DE COMMERCE,missing_root_type
,INTÉRÊTS DANS LOYERS DE CRÉDIT-BAIL ET CONTRATS ASSIMILÉS,,group,,1,,Comptes de gestion / Comptes de charges / FRAIS FINANCIERS ET CHARGES ASSIMILÉES,,,,Comptes de gestion / Comptes de charges / FRAIS FINANCIERS ET CHARGES ASSIMILÉES / INTÉRÊTS DANS LOYERS DE CRÉDIT-BAIL ET CONTRATS ASSIMILÉS,missing_root_type
,Intérêts dans loyers de crédit-bail immobilier,,unspecified,,0,,Comptes de gestion / Comptes de charges / FRAIS FINANCIERS ET CHARGES ASSIMILÉES / INTÉRÊTS DANS LOYERS DE CRÉDIT-BAIL ET CONTRATS ASSIMILÉS,,,,Comptes de gestion / Comptes de charges / FRAIS FINANCIERS ET CHARGES ASSIMILÉES / INTÉRÊTS DANS LOYERS DE CRÉDIT-BAIL ET CONTRATS ASSIMILÉS / Intérêts dans loyers de crédit-bail immobilier,missing_root_type
,Intérêts dans loyers de crédit-bail mobilier,,unspecified,,0,,Comptes de gestion / Comptes de charges / FRAIS FINANCIERS ET CHARGES ASSIMILÉES / INTÉRÊTS DANS LOYERS DE CRÉDIT-BAIL ET CONTRATS ASSIMILÉS,,,,Comptes de gestion / Comptes de charges / FRAIS FINANCIERS ET CHARGES ASSIMILÉES / INTÉRÊTS DANS LOYERS DE CRÉDIT-BAIL ET CONTRATS ASSIMILÉS / Intérêts dans loyers de crédit-bail mobilier,missing_root_type
,Intérêts dans loyers des autres contrats,,unspecified,,0,,Comptes de gestion / Comptes de charges / FRAIS FINANCIERS ET CHARGES ASSIMILÉES / INTÉRÊTS DANS LOYERS DE CRÉDIT-BAIL ET CONTRATS ASSIMILÉS,,,,Comptes de gestion / Comptes de charges / FRAIS FINANCIERS ET CHARGES ASSIMILÉES / INTÉRÊTS DANS LOYERS DE CRÉDIT-BAIL ET CONTRATS ASSIMILÉS / Intérêts dans loyers des autres contrats,missing_root_type
,INTÉRÊTS DES EMPRUNTS,,group,,1,,Comptes de gestion / Comptes de charges / FRAIS FINANCIERS ET CHARGES ASSIMILÉES,,,,Comptes de gestion / Comptes de charges / FRAIS FINANCIERS ET CHARGES ASSIMILÉES / INTÉRÊTS DES EMPRUNTS,missing_root_type
,Dettes liées à des participations,,unspecified,,0,,Comptes de gestion / Comptes de charges / FRAIS FINANCIERS ET CHARGES ASSIMILÉES / INTÉRÊTS DES EMPRUNTS,,,,Comptes de gestion / Comptes de charges / FRAIS FINANCIERS ET CHARGES ASSIMILÉES / INTÉRÊTS DES EMPRUNTS / Dettes liées à des participations,missing_root_type
,Emprunts auprès des établissements de crédit,,unspecified,,0,,Comptes de gestion / Comptes de charges / FRAIS FINANCIERS ET CHARGES ASSIMILÉES / INTÉRÊTS DES EMPRUNTS,,,,Comptes de gestion / Comptes de charges / FRAIS FINANCIERS ET CHARGES ASSIMILÉES / INTÉRÊTS DES EMPRUNTS / Emprunts auprès des établissements de crédit,missing_root_type
,Emprunts obligataires,,unspecified,,0,,Comptes de gestion / Comptes de charges / FRAIS FINANCIERS ET CHARGES ASSIMILÉES / INTÉRÊTS DES EMPRUNTS,,,,Comptes de gestion / Comptes de charges / FRAIS FINANCIERS ET CHARGES ASSIMILÉES / INTÉRÊTS DES EMPRUNTS / Emprunts obligataires,missing_root_type
,PERTES DE CHANGE,,unspecified,,0,,Comptes de gestion / Comptes de charges / FRAIS FINANCIERS ET CHARGES ASSIMILÉES,,,,Comptes de gestion / Comptes de charges / FRAIS FINANCIERS ET CHARGES ASSIMILÉES / PERTES DE CHANGE,missing_root_type
,PERTES SUR CESSIONS DE TITRES DE PLACEMENT,,unspecified,,0,,Comptes de gestion / Comptes de charges / FRAIS FINANCIERS ET CHARGES ASSIMILÉES,,,,Comptes de gestion / Comptes de charges / FRAIS FINANCIERS ET CHARGES ASSIMILÉES / PERTES SUR CESSIONS DE TITRES DE PLACEMENT,missing_root_type
,PERTES SUR RISQUES FINANCIERS,,group,,1,,Comptes de gestion / Comptes de charges / FRAIS FINANCIERS ET CHARGES ASSIMILÉES,,,,Comptes de gestion / Comptes de charges / FRAIS FINANCIERS ET CHARGES ASSIMILÉES / PERTES SUR RISQUES FINANCIERS,missing_root_type
,sur instruments de trésorerie,,unspecified,,0,,Comptes de gestion / Comptes de charges / FRAIS FINANCIERS ET CHARGES ASSIMILÉES / PERTES SUR RISQUES FINANCIERS,,,,Comptes de gestion / Comptes de charges / FRAIS FINANCIERS ET CHARGES ASSIMILÉES / PERTES SUR RISQUES FINANCIERS / sur instruments de trésorerie,missing_root_type
,sur opérations financières,,unspecified,,0,,Comptes de gestion / Comptes de charges / FRAIS FINANCIERS ET CHARGES ASSIMILÉES / PERTES SUR RISQUES FINANCIERS,,,,Comptes de gestion / Comptes de charges / FRAIS FINANCIERS ET CHARGES ASSIMILÉES / PERTES SUR RISQUES FINANCIERS / sur opérations financières,missing_root_type
,sur rentes viagères,,unspecified,,0,,Comptes de gestion / Comptes de charges / FRAIS FINANCIERS ET CHARGES ASSIMILÉES / PERTES SUR RISQUES FINANCIERS,,,,Comptes de gestion / Comptes de charges / FRAIS FINANCIERS ET CHARGES ASSIMILÉES / PERTES SUR RISQUES FINANCIERS / sur rentes viagères,missing_root_type
,IMPÔTS ET TAXES,,group,,1,,Comptes de gestion / Comptes de charges,,,,Comptes de gestion / Comptes de charges / IMPÔTS ET TAXES,missing_root_type
,AUTRES IMPÔTS ET TAXES,,unspecified,,0,,Comptes de gestion / Comptes de charges / IMPÔTS ET TAXES,,,,Comptes de gestion / Comptes de charges / IMPÔTS ET TAXES / AUTRES IMPÔTS ET TAXES,missing_root_type
,DROITS D'ENREGISTREMENT,,group,,1,,Comptes de gestion / Comptes de charges / IMPÔTS ET TAXES,,,,Comptes de gestion / Comptes de charges / IMPÔTS ET TAXES / DROITS D'ENREGISTREMENT,missing_root_type
,Autres droits,,unspecified,,0,,Comptes de gestion / Comptes de charges / IMPÔTS ET TAXES / DROITS D'ENREGISTREMENT,,,,Comptes de gestion / Comptes de charges / IMPÔTS ET TAXES / DROITS D'ENREGISTREMENT / Autres droits,missing_root_type
,Droits de mutation,,unspecified,,0,,Comptes de gestion / Comptes de charges / IMPÔTS ET TAXES / DROITS D'ENREGISTREMENT,,,,Comptes de gestion / Comptes de charges / IMPÔTS ET TAXES / DROITS D'ENREGISTREMENT / Droits de mutation,missing_root_type
,Droits de timbre,,unspecified,,0,,Comptes de gestion / Comptes de charges / IMPÔTS ET TAXES / DROITS D'ENREGISTREMENT,,,,Comptes de gestion / Comptes de charges / IMPÔTS ET TAXES / DROITS D'ENREGISTREMENT / Droits de timbre,missing_root_type
,Taxes sur les véhicules de société,,unspecified,,0,,Comptes de gestion / Comptes de charges / IMPÔTS ET TAXES / DROITS D'ENREGISTREMENT,,,,Comptes de gestion / Comptes de charges / IMPÔTS ET TAXES / DROITS D'ENREGISTREMENT / Taxes sur les véhicules de société,missing_root_type
,Vignettes,,unspecified,,0,,Comptes de gestion / Comptes de charges / IMPÔTS ET TAXES / DROITS D'ENREGISTREMENT,,,,Comptes de gestion / Comptes de charges / IMPÔTS ET TAXES / DROITS D'ENREGISTREMENT / Vignettes,missing_root_type
,IMPÔTS ET TAXES DIRECTS,,group,,1,,Comptes de gestion / Comptes de charges / IMPÔTS ET TAXES,,,,Comptes de gestion / Comptes de charges / IMPÔTS ET TAXES / IMPÔTS ET TAXES DIRECTS,missing_root_type
,Autres impôts et taxes directs,,unspecified,,0,,Comptes de gestion / Comptes de charges / IMPÔTS ET TAXES / IMPÔTS ET TAXES DIRECTS,,,,Comptes de gestion / Comptes de charges / IMPÔTS ET TAXES / IMPÔTS ET TAXES DIRECTS / Autres impôts et taxes directs,missing_root_type
,Formation professionnelle continue,,unspecified,,0,,Comptes de gestion / Comptes de charges / IMPÔTS ET TAXES / IMPÔTS ET TAXES DIRECTS,,,,Comptes de gestion / Comptes de charges / IMPÔTS ET TAXES / IMPÔTS ET TAXES DIRECTS / Formation professionnelle continue,missing_root_type
,Impôts fonciers et taxes annexes,,unspecified,,0,,Comptes de gestion / Comptes de charges / IMPÔTS ET TAXES / IMPÔTS ET TAXES DIRECTS,,,,Comptes de gestion / Comptes de charges / IMPÔTS ET TAXES / IMPÔTS ET TAXES DIRECTS / Impôts fonciers et taxes annexes,missing_root_type
,"Patentes, licences et taxes annexes",,unspecified,,0,,Comptes de gestion / Comptes de charges / IMPÔTS ET TAXES / IMPÔTS ET TAXES DIRECTS,,,,"Comptes de gestion / Comptes de charges / IMPÔTS ET TAXES / IMPÔTS ET TAXES DIRECTS / Patentes, licences et taxes annexes",missing_root_type
,Taxes d'apprentissage,,unspecified,,0,,Comptes de gestion / Comptes de charges / IMPÔTS ET TAXES / IMPÔTS ET TAXES DIRECTS,,,,Comptes de gestion / Comptes de charges / IMPÔTS ET TAXES / IMPÔTS ET TAXES DIRECTS / Taxes d'apprentissage,missing_root_type
,Taxes sur appointements et salaires,,unspecified,,0,,Comptes de gestion / Comptes de charges / IMPÔTS ET TAXES / IMPÔTS ET TAXES DIRECTS,,,,Comptes de gestion / Comptes de charges / IMPÔTS ET TAXES / IMPÔTS ET TAXES DIRECTS / Taxes sur appointements et salaires,missing_root_type
,IMPÔTS ET TAXES INDIRECTS,,unspecified,,0,,Comptes de gestion / Comptes de charges / IMPÔTS ET TAXES,,,,Comptes de gestion / Comptes de charges / IMPÔTS ET TAXES / IMPÔTS ET TAXES INDIRECTS,missing_root_type
,PÉNALITÉS ET AMENDES FISCALES,,group,,1,,Comptes de gestion / Comptes de charges / IMPÔTS ET TAXES,,,,Comptes de gestion / Comptes de charges / IMPÔTS ET TAXES / PÉNALITÉS ET AMENDES FISCALES,missing_root_type
,Autres amendes pénales et fiscales,,unspecified,,0,,Comptes de gestion / Comptes de charges / IMPÔTS ET TAXES / PÉNALITÉS ET AMENDES FISCALES,,,,Comptes de gestion / Comptes de charges / IMPÔTS ET TAXES / PÉNALITÉS ET AMENDES FISCALES / Autres amendes pénales et fiscales,missing_root_type
,"Pénalités d'assiette, impôts directs",,unspecified,,0,,Comptes de gestion / Comptes de charges / IMPÔTS ET TAXES / PÉNALITÉS ET AMENDES FISCALES,,,,"Comptes de gestion / Comptes de charges / IMPÔTS ET TAXES / PÉNALITÉS ET AMENDES FISCALES / Pénalités d'assiette, impôts directs",missing_root_type
,"Pénalités d'assiette, impôts indirects",,unspecified,,0,,Comptes de gestion / Comptes de charges / IMPÔTS ET TAXES / PÉNALITÉS ET AMENDES FISCALES,,,,"Comptes de gestion / Comptes de charges / IMPÔTS ET TAXES / PÉNALITÉS ET AMENDES FISCALES / Pénalités d'assiette, impôts indirects",missing_root_type
,"Pénalités de recouvrement, impôts directs",,unspecified,,0,,Comptes de gestion / Comptes de charges / IMPÔTS ET TAXES / PÉNALITÉS ET AMENDES FISCALES,,,,"Comptes de gestion / Comptes de charges / IMPÔTS ET TAXES / PÉNALITÉS ET AMENDES FISCALES / Pénalités de recouvrement, impôts directs",missing_root_type
,"Pénalités de recouvrement, impôts indirects",,unspecified,,0,,Comptes de gestion / Comptes de charges / IMPÔTS ET TAXES / PÉNALITÉS ET AMENDES FISCALES,,,,"Comptes de gestion / Comptes de charges / IMPÔTS ET TAXES / PÉNALITÉS ET AMENDES FISCALES / Pénalités de recouvrement, impôts indirects",missing_root_type
,SERVICES EXTÉRIEURS A,,group,,1,,Comptes de gestion / Comptes de charges,,,,Comptes de gestion / Comptes de charges / SERVICES EXTÉRIEURS A,missing_root_type
,"ENTRETIEN, RÉPARATIONS ET MAINTENANCE",,group,,1,,Comptes de gestion / Comptes de charges / SERVICES EXTÉRIEURS A,,,,"Comptes de gestion / Comptes de charges / SERVICES EXTÉRIEURS A / ENTRETIEN, RÉPARATIONS ET MAINTENANCE",missing_root_type
,Autres entretiens et réparations,,unspecified,,0,,"Comptes de gestion / Comptes de charges / SERVICES EXTÉRIEURS A / ENTRETIEN, RÉPARATIONS ET MAINTENANCE",,,,"Comptes de gestion / Comptes de charges / SERVICES EXTÉRIEURS A / ENTRETIEN, RÉPARATIONS ET MAINTENANCE / Autres entretiens et réparations",missing_root_type
,Entretien et réparations des biens immobiliers,,unspecified,,0,,"Comptes de gestion / Comptes de charges / SERVICES EXTÉRIEURS A / ENTRETIEN, RÉPARATIONS ET MAINTENANCE",,,,"Comptes de gestion / Comptes de charges / SERVICES EXTÉRIEURS A / ENTRETIEN, RÉPARATIONS ET MAINTENANCE / Entretien et réparations des biens immobiliers",missing_root_type
,Entretien et réparations des biens mobiliers,,unspecified,,0,,"Comptes de gestion / Comptes de charges / SERVICES EXTÉRIEURS A / ENTRETIEN, RÉPARATIONS ET MAINTENANCE",,,,"Comptes de gestion / Comptes de charges / SERVICES EXTÉRIEURS A / ENTRETIEN, RÉPARATIONS ET MAINTENANCE / Entretien et réparations des biens mobiliers",missing_root_type
,Maintenance,,unspecified,,0,,"Comptes de gestion / Comptes de charges / SERVICES EXTÉRIEURS A / ENTRETIEN, RÉPARATIONS ET MAINTENANCE",,,,"Comptes de gestion / Comptes de charges / SERVICES EXTÉRIEURS A / ENTRETIEN, RÉPARATIONS ET MAINTENANCE / Maintenance",missing_root_type
,FRAIS DE TÉLÉCOMMUNICATIONS,,group,,1,,Comptes de gestion / Comptes de charges / SERVICES EXTÉRIEURS A,,,,Comptes de gestion / Comptes de charges / SERVICES EXTÉRIEURS A / FRAIS DE TÉLÉCOMMUNICATIONS,missing_root_type
,Autres frais de télécommunications,,unspecified,,0,,Comptes de gestion / Comptes de charges / SERVICES EXTÉRIEURS A / FRAIS DE TÉLÉCOMMUNICATIONS,,,,Comptes de gestion / Comptes de charges / SERVICES EXTÉRIEURS A / FRAIS DE TÉLÉCOMMUNICATIONS / Autres frais de télécommunications,missing_root_type
,Frais de télex,,unspecified,,0,,Comptes de gestion / Comptes de charges / SERVICES EXTÉRIEURS A / FRAIS DE TÉLÉCOMMUNICATIONS,,,,Comptes de gestion / Comptes de charges / SERVICES EXTÉRIEURS A / FRAIS DE TÉLÉCOMMUNICATIONS / Frais de télex,missing_root_type
,Frais de télécopie,,unspecified,,0,,Comptes de gestion / Comptes de charges / SERVICES EXTÉRIEURS A / FRAIS DE TÉLÉCOMMUNICATIONS,,,,Comptes de gestion / Comptes de charges / SERVICES EXTÉRIEURS A / FRAIS DE TÉLÉCOMMUNICATIONS / Frais de télécopie,missing_root_type
,Frais de téléphone,,unspecified,,0,,Comptes de gestion / Comptes de charges / SERVICES EXTÉRIEURS A / FRAIS DE TÉLÉCOMMUNICATIONS,,,,Comptes de gestion / Comptes de charges / SERVICES EXTÉRIEURS A / FRAIS DE TÉLÉCOMMUNICATIONS / Frais de téléphone,missing_root_type
,LOCATIONS ET CHARGES LOCATIVES,,group,,1,,Comptes de gestion / Comptes de charges / SERVICES EXTÉRIEURS A,,,,Comptes de gestion / Comptes de charges / SERVICES EXTÉRIEURS A / LOCATIONS ET CHARGES LOCATIVES,missing_root_type
,Locations d'emballages,,unspecified,,0,,Comptes de gestion / Comptes de charges / SERVICES EXTÉRIEURS A / LOCATIONS ET CHARGES LOCATIVES,,,,Comptes de gestion / Comptes de charges / SERVICES EXTÉRIEURS A / LOCATIONS ET CHARGES LOCATIVES / Locations d'emballages,missing_root_type
,Locations de bâtiments,,unspecified,,0,,Comptes de gestion / Comptes de charges / SERVICES EXTÉRIEURS A / LOCATIONS ET CHARGES LOCATIVES,,,,Comptes de gestion / Comptes de charges / SERVICES EXTÉRIEURS A / LOCATIONS ET CHARGES LOCATIVES / Locations de bâtiments,missing_root_type
,Locations de matériels et outillages,,unspecified,,0,,Comptes de gestion / Comptes de charges / SERVICES EXTÉRIEURS A / LOCATIONS ET CHARGES LOCATIVES,,,,Comptes de gestion / Comptes de charges / SERVICES EXTÉRIEURS A / LOCATIONS ET CHARGES LOCATIVES / Locations de matériels et outillages,missing_root_type
,Locations de terrains,,unspecified,,0,,Comptes de gestion / Comptes de charges / SERVICES EXTÉRIEURS A / LOCATIONS ET CHARGES LOCATIVES,,,,Comptes de gestion / Comptes de charges / SERVICES EXTÉRIEURS A / LOCATIONS ET CHARGES LOCATIVES / Locations de terrains,missing_root_type
,Locations et charges locatives diverses,,unspecified,,0,,Comptes de gestion / Comptes de charges / SERVICES EXTÉRIEURS A / LOCATIONS ET CHARGES LOCATIVES,,,,Comptes de gestion / Comptes de charges / SERVICES EXTÉRIEURS A / LOCATIONS ET CHARGES LOCATIVES / Locations et charges locatives diverses,missing_root_type
,Malis sur emballages,,unspecified,,0,,Comptes de gestion / Comptes de charges / SERVICES EXTÉRIEURS A / LOCATIONS ET CHARGES LOCATIVES,,,,Comptes de gestion / Comptes de charges / SERVICES EXTÉRIEURS A / LOCATIONS ET CHARGES LOCATIVES / Malis sur emballages,missing_root_type
,PRIMES D'ASSURANCE,,group,,1,,Comptes de gestion / Comptes de charges / SERVICES EXTÉRIEURS A,,,,Comptes de gestion / Comptes de charges / SERVICES EXTÉRIEURS A / PRIMES D'ASSURANCE,missing_root_type
,Assurances insolvabilité clients,,unspecified,,0,,Comptes de gestion / Comptes de charges / SERVICES EXTÉRIEURS A / PRIMES D'ASSURANCE,,,,Comptes de gestion / Comptes de charges / SERVICES EXTÉRIEURS A / PRIMES D'ASSURANCE / Assurances insolvabilité clients,missing_root_type
,Assurances matériel de transport,,unspecified,,0,,Comptes de gestion / Comptes de charges / SERVICES EXTÉRIEURS A / PRIMES D'ASSURANCE,,,,Comptes de gestion / Comptes de charges / SERVICES EXTÉRIEURS A / PRIMES D'ASSURANCE / Assurances matériel de transport,missing_root_type
,Assurances multirisques,,unspecified,,0,,Comptes de gestion / Comptes de charges / SERVICES EXTÉRIEURS A / PRIMES D'ASSURANCE,,,,Comptes de gestion / Comptes de charges / SERVICES EXTÉRIEURS A / PRIMES D'ASSURANCE / Assurances multirisques,missing_root_type
,Assurances responsabilité du producteur,,unspecified,,0,,Comptes de gestion / Comptes de charges / SERVICES EXTÉRIEURS A / PRIMES D'ASSURANCE,,,,Comptes de gestion / Comptes de charges / SERVICES EXTÉRIEURS A / PRIMES D'ASSURANCE / Assurances responsabilité du producteur,missing_root_type
,Assurances risques d'exploitation,,unspecified,,0,,Comptes de gestion / Comptes de charges / SERVICES EXTÉRIEURS A / PRIMES D'ASSURANCE,,,,Comptes de gestion / Comptes de charges / SERVICES EXTÉRIEURS A / PRIMES D'ASSURANCE / Assurances risques d'exploitation,missing_root_type
,Assurances transport sur achats,,unspecified,,0,,Comptes de gestion / Comptes de charges / SERVICES EXTÉRIEURS A / PRIMES D'ASSURANCE,,,,Comptes de gestion / Comptes de charges / SERVICES EXTÉRIEURS A / PRIMES D'ASSURANCE / Assurances transport sur achats,missing_root_type
,Assurances transport sur ventes,,unspecified,,0,,Comptes de gestion / Comptes de charges / SERVICES EXTÉRIEURS A / PRIMES D'ASSURANCE,,,,Comptes de gestion / Comptes de charges / SERVICES EXTÉRIEURS A / PRIMES D'ASSURANCE / Assurances transport sur ventes,missing_root_type
,Autres primes d'assurances,,unspecified,,0,,Comptes de gestion / Comptes de charges / SERVICES EXTÉRIEURS A / PRIMES D'ASSURANCE,,,,Comptes de gestion / Comptes de charges / SERVICES EXTÉRIEURS A / PRIMES D'ASSURANCE / Autres primes d'assurances,missing_root_type
,"PUBLICITÉ, PUBLICATIONS, RELATIONS PUBLIQUES",,group,,1,,Comptes de gestion / Comptes de charges / SERVICES EXTÉRIEURS A,,,,"Comptes de gestion / Comptes de charges / SERVICES EXTÉRIEURS A / PUBLICITÉ, PUBLICATIONS, RELATIONS PUBLIQUES",missing_root_type
,"Annonces, insertions",,unspecified,,0,,"Comptes de gestion / Comptes de charges / SERVICES EXTÉRIEURS A / PUBLICITÉ, PUBLICATIONS, RELATIONS PUBLIQUES",,,,"Comptes de gestion / Comptes de charges / SERVICES EXTÉRIEURS A / PUBLICITÉ, PUBLICATIONS, RELATIONS PUBLIQUES / Annonces, insertions",missing_root_type
,Autres charges de publicité et relations publiques,,unspecified,,0,,"Comptes de gestion / Comptes de charges / SERVICES EXTÉRIEURS A / PUBLICITÉ, PUBLICATIONS, RELATIONS PUBLIQUES",,,,"Comptes de gestion / Comptes de charges / SERVICES EXTÉRIEURS A / PUBLICITÉ, PUBLICATIONS, RELATIONS PUBLIQUES / Autres charges de publicité et relations publiques",missing_root_type
,Cadeaux à la clientèle,,unspecified,,0,,"Comptes de gestion / Comptes de charges / SERVICES EXTÉRIEURS A / PUBLICITÉ, PUBLICATIONS, RELATIONS PUBLIQUES",,,,"Comptes de gestion / Comptes de charges / SERVICES EXTÉRIEURS A / PUBLICITÉ, PUBLICATIONS, RELATIONS PUBLIQUES / Cadeaux à la clientèle",missing_root_type
,"Catalogues, imprimés publicitaires",,unspecified,,0,,"Comptes de gestion / Comptes de charges / SERVICES EXTÉRIEURS A / PUBLICITÉ, PUBLICATIONS, RELATIONS PUBLIQUES",,,,"Comptes de gestion / Comptes de charges / SERVICES EXTÉRIEURS A / PUBLICITÉ, PUBLICATIONS, RELATIONS PUBLIQUES / Catalogues, imprimés publicitaires",missing_root_type
,Foires et expositions,,unspecified,,0,,"Comptes de gestion / Comptes de charges / SERVICES EXTÉRIEURS A / PUBLICITÉ, PUBLICATIONS, RELATIONS PUBLIQUES",,,,"Comptes de gestion / Comptes de charges / SERVICES EXTÉRIEURS A / PUBLICITÉ, PUBLICATIONS, RELATIONS PUBLIQUES / Foires et expositions",missing_root_type
,"Frais de colloques, séminaires, conférences",,unspecified,,0,,"Comptes de gestion / Comptes de charges / SERVICES EXTÉRIEURS A / PUBLICITÉ, PUBLICATIONS, RELATIONS PUBLIQUES",,,,"Comptes de gestion / Comptes de charges / SERVICES EXTÉRIEURS A / PUBLICITÉ, PUBLICATIONS, RELATIONS PUBLIQUES / Frais de colloques, séminaires, conférences",missing_root_type
,Publications,,unspecified,,0,,"Comptes de gestion / Comptes de charges / SERVICES EXTÉRIEURS A / PUBLICITÉ, PUBLICATIONS, RELATIONS PUBLIQUES",,,,"Comptes de gestion / Comptes de charges / SERVICES EXTÉRIEURS A / PUBLICITÉ, PUBLICATIONS, RELATIONS PUBLIQUES / Publications",missing_root_type
,Échantillons,,unspecified,,0,,"Comptes de gestion / Comptes de charges / SERVICES EXTÉRIEURS A / PUBLICITÉ, PUBLICATIONS, RELATIONS PUBLIQUES",,,,"Comptes de gestion / Comptes de charges / SERVICES EXTÉRIEURS A / PUBLICITÉ, PUBLICATIONS, RELATIONS PUBLIQUES / Échantillons",missing_root_type
,REDEVANCES DE CRÉDIT-BAIL ET CONTRATS ASSIMILÉS,,group,,1,,Comptes de gestion / Comptes de charges / SERVICES EXTÉRIEURS A,,,,Comptes de gestion / Comptes de charges / SERVICES EXTÉRIEURS A / REDEVANCES DE CRÉDIT-BAIL ET CONTRATS ASSIMILÉS,missing_root_type
,Contrats assimilés,,unspecified,,0,,Comptes de gestion / Comptes de charges / SERVICES EXTÉRIEURS A / REDEVANCES DE CRÉDIT-BAIL ET CONTRATS ASSIMILÉS,,,,Comptes de gestion / Comptes de charges / SERVICES EXTÉRIEURS A / REDEVANCES DE CRÉDIT-BAIL ET CONTRATS ASSIMILÉS / Contrats assimilés,missing_root_type
,Crédit-bail immobilier,,unspecified,,0,,Comptes de gestion / Comptes de charges / SERVICES EXTÉRIEURS A / REDEVANCES DE CRÉDIT-BAIL ET CONTRATS ASSIMILÉS,,,,Comptes de gestion / Comptes de charges / SERVICES EXTÉRIEURS A / REDEVANCES DE CRÉDIT-BAIL ET CONTRATS ASSIMILÉS / Crédit-bail immobilier,missing_root_type
,Crédit-bail mobilier,,unspecified,,0,,Comptes de gestion / Comptes de charges / SERVICES EXTÉRIEURS A / REDEVANCES DE CRÉDIT-BAIL ET CONTRATS ASSIMILÉS,,,,Comptes de gestion / Comptes de charges / SERVICES EXTÉRIEURS A / REDEVANCES DE CRÉDIT-BAIL ET CONTRATS ASSIMILÉS / Crédit-bail mobilier,missing_root_type
,SOUS-TRAITANCE GÉNÉRALE,,unspecified,,0,,Comptes de gestion / Comptes de charges / SERVICES EXTÉRIEURS A,,,,Comptes de gestion / Comptes de charges / SERVICES EXTÉRIEURS A / SOUS-TRAITANCE GÉNÉRALE,missing_root_type
,"ÉTUDES, RECHERCHES ET DOCUMENTATION",,group,,1,,Comptes de gestion / Comptes de charges / SERVICES EXTÉRIEURS A,,,,"Comptes de gestion / Comptes de charges / SERVICES EXTÉRIEURS A / ÉTUDES, RECHERCHES ET DOCUMENTATION",missing_root_type
,Documentation générale,,unspecified,,0,,"Comptes de gestion / Comptes de charges / SERVICES EXTÉRIEURS A / ÉTUDES, RECHERCHES ET DOCUMENTATION",,,,"Comptes de gestion / Comptes de charges / SERVICES EXTÉRIEURS A / ÉTUDES, RECHERCHES ET DOCUMENTATION / Documentation générale",missing_root_type
,Documentation technique,,unspecified,,0,,"Comptes de gestion / Comptes de charges / SERVICES EXTÉRIEURS A / ÉTUDES, RECHERCHES ET DOCUMENTATION",,,,"Comptes de gestion / Comptes de charges / SERVICES EXTÉRIEURS A / ÉTUDES, RECHERCHES ET DOCUMENTATION / Documentation technique",missing_root_type
,Études et recherches,,unspecified,,0,,"Comptes de gestion / Comptes de charges / SERVICES EXTÉRIEURS A / ÉTUDES, RECHERCHES ET DOCUMENTATION",,,,"Comptes de gestion / Comptes de charges / SERVICES EXTÉRIEURS A / ÉTUDES, RECHERCHES ET DOCUMENTATION / Études et recherches",missing_root_type
,SERVICES EXTÉRIEURS B,,group,,1,,Comptes de gestion / Comptes de charges,,,,Comptes de gestion / Comptes de charges / SERVICES EXTÉRIEURS B,missing_root_type
,AUTRES CHARGES EXTERNES,,group,,1,,Comptes de gestion / Comptes de charges / SERVICES EXTÉRIEURS B,,,,Comptes de gestion / Comptes de charges / SERVICES EXTÉRIEURS B / AUTRES CHARGES EXTERNES,missing_root_type
,Frais de déménagement,,unspecified,,0,,Comptes de gestion / Comptes de charges / SERVICES EXTÉRIEURS B / AUTRES CHARGES EXTERNES,,,,Comptes de gestion / Comptes de charges / SERVICES EXTÉRIEURS B / AUTRES CHARGES EXTERNES / Frais de déménagement,missing_root_type
,Frais de recrutement du personnel,,unspecified,,0,,Comptes de gestion / Comptes de charges / SERVICES EXTÉRIEURS B / AUTRES CHARGES EXTERNES,,,,Comptes de gestion / Comptes de charges / SERVICES EXTÉRIEURS B / AUTRES CHARGES EXTERNES / Frais de recrutement du personnel,missing_root_type
,Missions,,unspecified,,0,,Comptes de gestion / Comptes de charges / SERVICES EXTÉRIEURS B / AUTRES CHARGES EXTERNES,,,,Comptes de gestion / Comptes de charges / SERVICES EXTÉRIEURS B / AUTRES CHARGES EXTERNES / Missions,missing_root_type
,Réceptions,,unspecified,,0,,Comptes de gestion / Comptes de charges / SERVICES EXTÉRIEURS B / AUTRES CHARGES EXTERNES,,,,Comptes de gestion / Comptes de charges / SERVICES EXTÉRIEURS B / AUTRES CHARGES EXTERNES / Réceptions,missing_root_type
,COTISATIONS,,group,,1,,Comptes de gestion / Comptes de charges / SERVICES EXTÉRIEURS B,,,,Comptes de gestion / Comptes de charges / SERVICES EXTÉRIEURS B / COTISATIONS,missing_root_type
,Concours divers,,unspecified,,0,,Comptes de gestion / Comptes de charges / SERVICES EXTÉRIEURS B / COTISATIONS,,,,Comptes de gestion / Comptes de charges / SERVICES EXTÉRIEURS B / COTISATIONS / Concours divers,missing_root_type
,Cotisations,,unspecified,,0,,Comptes de gestion / Comptes de charges / SERVICES EXTÉRIEURS B / COTISATIONS,,,,Comptes de gestion / Comptes de charges / SERVICES EXTÉRIEURS B / COTISATIONS / Cotisations,missing_root_type
,FRAIS BANCAIRES,,group,,1,,Comptes de gestion / Comptes de charges / SERVICES EXTÉRIEURS B,,,,Comptes de gestion / Comptes de charges / SERVICES EXTÉRIEURS B / FRAIS BANCAIRES,missing_root_type
,Autres frais bancaires,,unspecified,,0,,Comptes de gestion / Comptes de charges / SERVICES EXTÉRIEURS B / FRAIS BANCAIRES,,,,Comptes de gestion / Comptes de charges / SERVICES EXTÉRIEURS B / FRAIS BANCAIRES / Autres frais bancaires,missing_root_type
,Commissions sur cartes de crédit,,unspecified,,0,,Comptes de gestion / Comptes de charges / SERVICES EXTÉRIEURS B / FRAIS BANCAIRES,,,,Comptes de gestion / Comptes de charges / SERVICES EXTÉRIEURS B / FRAIS BANCAIRES / Commissions sur cartes de crédit,missing_root_type
,Frais d'émission d'emprunts,,unspecified,,0,,Comptes de gestion / Comptes de charges / SERVICES EXTÉRIEURS B / FRAIS BANCAIRES,,,,Comptes de gestion / Comptes de charges / SERVICES EXTÉRIEURS B / FRAIS BANCAIRES / Frais d'émission d'emprunts,missing_root_type
,Frais sur effets,,unspecified,,0,,Comptes de gestion / Comptes de charges / SERVICES EXTÉRIEURS B / FRAIS BANCAIRES,,,,Comptes de gestion / Comptes de charges / SERVICES EXTÉRIEURS B / FRAIS BANCAIRES / Frais sur effets,missing_root_type
,"Frais sur titres (achat, vente, garde)",,unspecified,,0,,Comptes de gestion / Comptes de charges / SERVICES EXTÉRIEURS B / FRAIS BANCAIRES,,,,"Comptes de gestion / Comptes de charges / SERVICES EXTÉRIEURS B / FRAIS BANCAIRES / Frais sur titres (achat, vente, garde)",missing_root_type
,Location de coffres,,unspecified,,0,,Comptes de gestion / Comptes de charges / SERVICES EXTÉRIEURS B / FRAIS BANCAIRES,,,,Comptes de gestion / Comptes de charges / SERVICES EXTÉRIEURS B / FRAIS BANCAIRES / Location de coffres,missing_root_type
,FRAIS DE FORMATION DU PERSONNEL,,unspecified,,0,,Comptes de gestion / Comptes de charges / SERVICES EXTÉRIEURS B,,,,Comptes de gestion / Comptes de charges / SERVICES EXTÉRIEURS B / FRAIS DE FORMATION DU PERSONNEL,missing_root_type
,"REDEVANCES POUR BREVETS, LICENCES, LOGICIELS ET DROITS SIMILAIRES",,group,,1,,Comptes de gestion / Comptes de charges / SERVICES EXTÉRIEURS B,,,,"Comptes de gestion / Comptes de charges / SERVICES EXTÉRIEURS B / REDEVANCES POUR BREVETS, LICENCES, LOGICIELS ET DROITS SIMILAIRES",missing_root_type
,"Redevances pour brevets, licences, concessions et droits similaires",,unspecified,,0,,"Comptes de gestion / Comptes de charges / SERVICES EXTÉRIEURS B / REDEVANCES POUR BREVETS, LICENCES, LOGICIELS ET DROITS SIMILAIRES",,,,"Comptes de gestion / Comptes de charges / SERVICES EXTÉRIEURS B / REDEVANCES POUR BREVETS, LICENCES, LOGICIELS ET DROITS SIMILAIRES / Redevances pour brevets, licences, concessions et droits similaires",missing_root_type
,Redevances pour logiciels,,unspecified,,0,,"Comptes de gestion / Comptes de charges / SERVICES EXTÉRIEURS B / REDEVANCES POUR BREVETS, LICENCES, LOGICIELS ET DROITS SIMILAIRES",,,,"Comptes de gestion / Comptes de charges / SERVICES EXTÉRIEURS B / REDEVANCES POUR BREVETS, LICENCES, LOGICIELS ET DROITS SIMILAIRES / Redevances pour logiciels",missing_root_type
,Redevances pour marques,,unspecified,,0,,"Comptes de gestion / Comptes de charges / SERVICES EXTÉRIEURS B / REDEVANCES POUR BREVETS, LICENCES, LOGICIELS ET DROITS SIMILAIRES",,,,"Comptes de gestion / Comptes de charges / SERVICES EXTÉRIEURS B / REDEVANCES POUR BREVETS, LICENCES, LOGICIELS ET DROITS SIMILAIRES / Redevances pour marques",missing_root_type
,RÉMUNÉRATIONS D'INTERMÉDIAIRES ET DE CONSEILS,,group,,1,,Comptes de gestion / Comptes de charges / SERVICES EXTÉRIEURS B,,,,Comptes de gestion / Comptes de charges / SERVICES EXTÉRIEURS B / RÉMUNÉRATIONS D'INTERMÉDIAIRES ET DE CONSEILS,missing_root_type
,Commissions et courtages sur achats,,unspecified,,0,,Comptes de gestion / Comptes de charges / SERVICES EXTÉRIEURS B / RÉMUNÉRATIONS D'INTERMÉDIAIRES ET DE CONSEILS,,,,Comptes de gestion / Comptes de charges / SERVICES EXTÉRIEURS B / RÉMUNÉRATIONS D'INTERMÉDIAIRES ET DE CONSEILS / Commissions et courtages sur achats,missing_root_type
,Commissions et courtages sur ventes,,unspecified,,0,,Comptes de gestion / Comptes de charges / SERVICES EXTÉRIEURS B / RÉMUNÉRATIONS D'INTERMÉDIAIRES ET DE CONSEILS,,,,Comptes de gestion / Comptes de charges / SERVICES EXTÉRIEURS B / RÉMUNÉRATIONS D'INTERMÉDIAIRES ET DE CONSEILS / Commissions et courtages sur ventes,missing_root_type
,Divers frais,,unspecified,,0,,Comptes de gestion / Comptes de charges / SERVICES EXTÉRIEURS B / RÉMUNÉRATIONS D'INTERMÉDIAIRES ET DE CONSEILS,,,,Comptes de gestion / Comptes de charges / SERVICES EXTÉRIEURS B / RÉMUNÉRATIONS D'INTERMÉDIAIRES ET DE CONSEILS / Divers frais,missing_root_type
,Frais d'actes et de contentieux,,unspecified,,0,,Comptes de gestion / Comptes de charges / SERVICES EXTÉRIEURS B / RÉMUNÉRATIONS D'INTERMÉDIAIRES ET DE CONSEILS,,,,Comptes de gestion / Comptes de charges / SERVICES EXTÉRIEURS B / RÉMUNÉRATIONS D'INTERMÉDIAIRES ET DE CONSEILS / Frais d'actes et de contentieux,missing_root_type
,Honoraires,,unspecified,,0,,Comptes de gestion / Comptes de charges / SERVICES EXTÉRIEURS B / RÉMUNÉRATIONS D'INTERMÉDIAIRES ET DE CONSEILS,,,,Comptes de gestion / Comptes de charges / SERVICES EXTÉRIEURS B / RÉMUNÉRATIONS D'INTERMÉDIAIRES ET DE CONSEILS / Honoraires,missing_root_type
,Rémunérations des transitaires,,unspecified,,0,,Comptes de gestion / Comptes de charges / SERVICES EXTÉRIEURS B / RÉMUNÉRATIONS D'INTERMÉDIAIRES ET DE CONSEILS,,,,Comptes de gestion / Comptes de charges / SERVICES EXTÉRIEURS B / RÉMUNÉRATIONS D'INTERMÉDIAIRES ET DE CONSEILS / Rémunérations des transitaires,missing_root_type
,RÉMUNÉRATIONS DE PERSONNEL EXTÉRIEUR À L'ENTREPRISE,,group,,1,,Comptes de gestion / Comptes de charges / SERVICES EXTÉRIEURS B,,,,Comptes de gestion / Comptes de charges / SERVICES EXTÉRIEURS B / RÉMUNÉRATIONS DE PERSONNEL EXTÉRIEUR À L'ENTREPRISE,missing_root_type
,Personnel détaché ou prêté à l'entreprise,,unspecified,,0,,Comptes de gestion / Comptes de charges / SERVICES EXTÉRIEURS B / RÉMUNÉRATIONS DE PERSONNEL EXTÉRIEUR À L'ENTREPRISE,,,,Comptes de gestion / Comptes de charges / SERVICES EXTÉRIEURS B / RÉMUNÉRATIONS DE PERSONNEL EXTÉRIEUR À L'ENTREPRISE / Personnel détaché ou prêté à l'entreprise,missing_root_type
,Personnel intérimaire,,unspecified,,0,,Comptes de gestion / Comptes de charges / SERVICES EXTÉRIEURS B / RÉMUNÉRATIONS DE PERSONNEL EXTÉRIEUR À L'ENTREPRISE,,,,Comptes de gestion / Comptes de charges / SERVICES EXTÉRIEURS B / RÉMUNÉRATIONS DE PERSONNEL EXTÉRIEUR À L'ENTREPRISE / Personnel intérimaire,missing_root_type
,TRANSPORTS,,group,,1,,Comptes de gestion / Comptes de charges,,,,Comptes de gestion / Comptes de charges / TRANSPORTS,missing_root_type
,AUTRES FRAIS DE TRANSPORT,,group,,1,,Comptes de gestion / Comptes de charges / TRANSPORTS,,,,Comptes de gestion / Comptes de charges / TRANSPORTS / AUTRES FRAIS DE TRANSPORT,missing_root_type
,Transports administratifs,,unspecified,,0,,Comptes de gestion / Comptes de charges / TRANSPORTS / AUTRES FRAIS DE TRANSPORT,,,,Comptes de gestion / Comptes de charges / TRANSPORTS / AUTRES FRAIS DE TRANSPORT / Transports administratifs,missing_root_type
,Transports entre établissements ou chantiers,,unspecified,,0,,Comptes de gestion / Comptes de charges / TRANSPORTS / AUTRES FRAIS DE TRANSPORT,,,,Comptes de gestion / Comptes de charges / TRANSPORTS / AUTRES FRAIS DE TRANSPORT / Transports entre établissements ou chantiers,missing_root_type
,Voyages et déplacements,,unspecified,,0,,Comptes de gestion / Comptes de charges / TRANSPORTS / AUTRES FRAIS DE TRANSPORT,,,,Comptes de gestion / Comptes de charges / TRANSPORTS / AUTRES FRAIS DE TRANSPORT / Voyages et déplacements,missing_root_type
,TRANSPORTS DE PLIS,,unspecified,,0,,Comptes de gestion / Comptes de charges / TRANSPORTS,,,,Comptes de gestion / Comptes de charges / TRANSPORTS / TRANSPORTS DE PLIS,missing_root_type
,TRANSPORTS DU PERSONNEL,,unspecified,,0,,Comptes de gestion / Comptes de charges / TRANSPORTS,,,,Comptes de gestion / Comptes de charges / TRANSPORTS / TRANSPORTS DU PERSONNEL,missing_root_type
,TRANSPORTS POUR LE COMPTE DE TIERS,,unspecified,,0,,Comptes de gestion / Comptes de charges / TRANSPORTS,,,,Comptes de gestion / Comptes de charges / TRANSPORTS / TRANSPORTS POUR LE COMPTE DE TIERS,missing_root_type
,TRANSPORTS SUR ACHATS(),,unspecified,,0,,Comptes de gestion / Comptes de charges / TRANSPORTS,,,,Comptes de gestion / Comptes de charges / TRANSPORTS / TRANSPORTS SUR ACHATS(),missing_root_type
,TRANSPORTS SUR VENTES,,unspecified,,0,,Comptes de gestion / Comptes de charges / TRANSPORTS,,,,Comptes de gestion / Comptes de charges / TRANSPORTS / TRANSPORTS SUR VENTES,missing_root_type
,Comptes de produits,,group,,1,,Comptes de gestion,,,,Comptes de gestion / Comptes de produits,missing_root_type
,AUTRES PRODUITS,,group,,1,,Comptes de gestion / Comptes de produits,,,,Comptes de gestion / Comptes de produits / AUTRES PRODUITS,missing_root_type
,PRODUITS DES CESSIONS COURANTES D'IMMOBILISATIONS,,unspecified,,0,,Comptes de gestion / Comptes de produits / AUTRES PRODUITS,,,,Comptes de gestion / Comptes de produits / AUTRES PRODUITS / PRODUITS DES CESSIONS COURANTES D'IMMOBILISATIONS,missing_root_type
,PRODUITS DIVERS,,group,,1,,Comptes de gestion / Comptes de produits / AUTRES PRODUITS,,,,Comptes de gestion / Comptes de produits / AUTRES PRODUITS / PRODUITS DIVERS,missing_root_type
,Indemnités d’assurances reçues,,unspecified,,0,,Comptes de gestion / Comptes de produits / AUTRES PRODUITS / PRODUITS DIVERS,,,,Comptes de gestion / Comptes de produits / AUTRES PRODUITS / PRODUITS DIVERS / Indemnités d’assurances reçues,missing_root_type
,Jetons de présence et autres rémunérations d'administrateurs,,unspecified,,0,,Comptes de gestion / Comptes de produits / AUTRES PRODUITS / PRODUITS DIVERS,,,,Comptes de gestion / Comptes de produits / AUTRES PRODUITS / PRODUITS DIVERS / Jetons de présence et autres rémunérations d'administrateurs,missing_root_type
,QUOTE-PART DE RÉSULTAT SUR EXÉCUTION PARTIELLE DE CONTRATS PLURIEXERCICES,,unspecified,,0,,Comptes de gestion / Comptes de produits / AUTRES PRODUITS,,,,Comptes de gestion / Comptes de produits / AUTRES PRODUITS / QUOTE-PART DE RÉSULTAT SUR EXÉCUTION PARTIELLE DE CONTRATS PLURIEXERCICES,missing_root_type
,QUOTE-PART DE RÉSULTAT SUR OPÉRATIONS FAITES EN COMMUN,,group,,1,,Comptes de gestion / Comptes de produits / AUTRES PRODUITS,,,,Comptes de gestion / Comptes de produits / AUTRES PRODUITS / QUOTE-PART DE RÉSULTAT SUR OPÉRATIONS FAITES EN COMMUN,missing_root_type
,Bénéfices attribués par transfert (comptabilité des associés non gérants),,unspecified,,0,,Comptes de gestion / Comptes de produits / AUTRES PRODUITS / QUOTE-PART DE RÉSULTAT SUR OPÉRATIONS FAITES EN COMMUN,,,,Comptes de gestion / Comptes de produits / AUTRES PRODUITS / QUOTE-PART DE RÉSULTAT SUR OPÉRATIONS FAITES EN COMMUN / Bénéfices attribués par transfert (comptabilité des associés non gérants),missing_root_type
,Quote-part transférée de pertes (comptabilité du gérant),,unspecified,,0,,Comptes de gestion / Comptes de produits / AUTRES PRODUITS / QUOTE-PART DE RÉSULTAT SUR OPÉRATIONS FAITES EN COMMUN,,,,Comptes de gestion / Comptes de produits / AUTRES PRODUITS / QUOTE-PART DE RÉSULTAT SUR OPÉRATIONS FAITES EN COMMUN / Quote-part transférée de pertes (comptabilité du gérant),missing_root_type
,REPRISES DE CHARGES PROVISIONNÉES D'EXPLOITATION,,group,,1,,Comptes de gestion / Comptes de produits / AUTRES PRODUITS,,,,Comptes de gestion / Comptes de produits / AUTRES PRODUITS / REPRISES DE CHARGES PROVISIONNÉES D'EXPLOITATION,missing_root_type
,sur autres charges provisionnées,,unspecified,,0,,Comptes de gestion / Comptes de produits / AUTRES PRODUITS / REPRISES DE CHARGES PROVISIONNÉES D'EXPLOITATION,,,,Comptes de gestion / Comptes de produits / AUTRES PRODUITS / REPRISES DE CHARGES PROVISIONNÉES D'EXPLOITATION / sur autres charges provisionnées,missing_root_type
,sur créances,,unspecified,,0,,Comptes de gestion / Comptes de produits / AUTRES PRODUITS / REPRISES DE CHARGES PROVISIONNÉES D'EXPLOITATION,,,,Comptes de gestion / Comptes de produits / AUTRES PRODUITS / REPRISES DE CHARGES PROVISIONNÉES D'EXPLOITATION / sur créances,missing_root_type
,sur risques à court terme,,unspecified,,0,,Comptes de gestion / Comptes de produits / AUTRES PRODUITS / REPRISES DE CHARGES PROVISIONNÉES D'EXPLOITATION,,,,Comptes de gestion / Comptes de produits / AUTRES PRODUITS / REPRISES DE CHARGES PROVISIONNÉES D'EXPLOITATION / sur risques à court terme,missing_root_type
,sur stocks,,unspecified,,0,,Comptes de gestion / Comptes de produits / AUTRES PRODUITS / REPRISES DE CHARGES PROVISIONNÉES D'EXPLOITATION,,,,Comptes de gestion / Comptes de produits / AUTRES PRODUITS / REPRISES DE CHARGES PROVISIONNÉES D'EXPLOITATION / sur stocks,missing_root_type
,PRODUCTION IMMOBILISÉE,,group,,1,,Comptes de gestion / Comptes de produits,,,,Comptes de gestion / Comptes de produits / PRODUCTION IMMOBILISÉE,missing_root_type
,IMMOBILISATIONS CORPORELLES,,unspecified,,0,,Comptes de gestion / Comptes de produits / PRODUCTION IMMOBILISÉE,,,,Comptes de gestion / Comptes de produits / PRODUCTION IMMOBILISÉE / IMMOBILISATIONS CORPORELLES,missing_root_type
,IMMOBILISATIONS FINANCIÈRES,,unspecified,,0,,Comptes de gestion / Comptes de produits / PRODUCTION IMMOBILISÉE,,,,Comptes de gestion / Comptes de produits / PRODUCTION IMMOBILISÉE / IMMOBILISATIONS FINANCIÈRES,missing_root_type
,IMMOBILISATIONS INCORPORELLES,,unspecified,,0,,Comptes de gestion / Comptes de produits / PRODUCTION IMMOBILISÉE,,,,Comptes de gestion / Comptes de produits / PRODUCTION IMMOBILISÉE / IMMOBILISATIONS INCORPORELLES,missing_root_type
,REPRISES DE PROVISIONS,,group,,1,,Comptes de gestion / Comptes de produits,,,,Comptes de gestion / Comptes de produits / REPRISES DE PROVISIONS,missing_root_type
,REPRISES D'AMORTISSEMENTS,,unspecified,,0,,Comptes de gestion / Comptes de produits / REPRISES DE PROVISIONS,,,,Comptes de gestion / Comptes de produits / REPRISES DE PROVISIONS / REPRISES D'AMORTISSEMENTS,missing_root_type
,REPRISES DE PROVISIONS D'EXPLOITATION,,group,,1,,Comptes de gestion / Comptes de produits / REPRISES DE PROVISIONS,,,,Comptes de gestion / Comptes de produits / REPRISES DE PROVISIONS / REPRISES DE PROVISIONS D'EXPLOITATION,missing_root_type
,pour dépréciation des immobilisations corporelles,,unspecified,,0,,Comptes de gestion / Comptes de produits / REPRISES DE PROVISIONS / REPRISES DE PROVISIONS D'EXPLOITATION,,,,Comptes de gestion / Comptes de produits / REPRISES DE PROVISIONS / REPRISES DE PROVISIONS D'EXPLOITATION / pour dépréciation des immobilisations corporelles,missing_root_type
,pour dépréciation des immobilisations incorporelles,,unspecified,,0,,Comptes de gestion / Comptes de produits / REPRISES DE PROVISIONS / REPRISES DE PROVISIONS D'EXPLOITATION,,,,Comptes de gestion / Comptes de produits / REPRISES DE PROVISIONS / REPRISES DE PROVISIONS D'EXPLOITATION / pour dépréciation des immobilisations incorporelles,missing_root_type
,pour grosses réparations,,unspecified,,0,,Comptes de gestion / Comptes de produits / REPRISES DE PROVISIONS / REPRISES DE PROVISIONS D'EXPLOITATION,,,,Comptes de gestion / Comptes de produits / REPRISES DE PROVISIONS / REPRISES DE PROVISIONS D'EXPLOITATION / pour grosses réparations,missing_root_type
,pour risques et charges,,unspecified,,0,,Comptes de gestion / Comptes de produits / REPRISES DE PROVISIONS / REPRISES DE PROVISIONS D'EXPLOITATION,,,,Comptes de gestion / Comptes de produits / REPRISES DE PROVISIONS / REPRISES DE PROVISIONS D'EXPLOITATION / pour risques et charges,missing_root_type
,REPRISES DE PROVISIONS FINANCIÈRES,,group,,1,,Comptes de gestion / Comptes de produits / REPRISES DE PROVISIONS,,,,Comptes de gestion / Comptes de produits / REPRISES DE PROVISIONS / REPRISES DE PROVISIONS FINANCIÈRES,missing_root_type
,pour dépréciation des immobilisations financières,,unspecified,,0,,Comptes de gestion / Comptes de produits / REPRISES DE PROVISIONS / REPRISES DE PROVISIONS FINANCIÈRES,,,,Comptes de gestion / Comptes de produits / REPRISES DE PROVISIONS / REPRISES DE PROVISIONS FINANCIÈRES / pour dépréciation des immobilisations financières,missing_root_type
,pour risques et charges,,unspecified,,0,,Comptes de gestion / Comptes de produits / REPRISES DE PROVISIONS / REPRISES DE PROVISIONS FINANCIÈRES,,,,Comptes de gestion / Comptes de produits / REPRISES DE PROVISIONS / REPRISES DE PROVISIONS FINANCIÈRES / pour risques et charges,missing_root_type
,REVENUS FINANCIERS ET PRODUITS ASSIMILÉS,,group,,1,,Comptes de gestion / Comptes de produits,,,,Comptes de gestion / Comptes de produits / REVENUS FINANCIERS ET PRODUITS ASSIMILÉS,missing_root_type
,ESCOMPTES OBTENUS,,unspecified,,0,,Comptes de gestion / Comptes de produits / REVENUS FINANCIERS ET PRODUITS ASSIMILÉS,,,,Comptes de gestion / Comptes de produits / REVENUS FINANCIERS ET PRODUITS ASSIMILÉS / ESCOMPTES OBTENUS,missing_root_type
,GAINS DE CHANGE,,unspecified,,0,,Comptes de gestion / Comptes de produits / REVENUS FINANCIERS ET PRODUITS ASSIMILÉS,,,,Comptes de gestion / Comptes de produits / REVENUS FINANCIERS ET PRODUITS ASSIMILÉS / GAINS DE CHANGE,missing_root_type
,GAINS SUR CESSIONS DE TITRES DE PLACEMENT,,unspecified,,0,,Comptes de gestion / Comptes de produits / REVENUS FINANCIERS ET PRODUITS ASSIMILÉS,,,,Comptes de gestion / Comptes de produits / REVENUS FINANCIERS ET PRODUITS ASSIMILÉS / GAINS SUR CESSIONS DE TITRES DE PLACEMENT,missing_root_type
,GAINS SUR RISQUES FINANCIERS,,group,,1,,Comptes de gestion / Comptes de produits / REVENUS FINANCIERS ET PRODUITS ASSIMILÉS,,,,Comptes de gestion / Comptes de produits / REVENUS FINANCIERS ET PRODUITS ASSIMILÉS / GAINS SUR RISQUES FINANCIERS,missing_root_type
,sur instruments de trésorerie,,unspecified,,0,,Comptes de gestion / Comptes de produits / REVENUS FINANCIERS ET PRODUITS ASSIMILÉS / GAINS SUR RISQUES FINANCIERS,,,,Comptes de gestion / Comptes de produits / REVENUS FINANCIERS ET PRODUITS ASSIMILÉS / GAINS SUR RISQUES FINANCIERS / sur instruments de trésorerie,missing_root_type
,sur opérations financières,,unspecified,,0,,Comptes de gestion / Comptes de produits / REVENUS FINANCIERS ET PRODUITS ASSIMILÉS / GAINS SUR RISQUES FINANCIERS,,,,Comptes de gestion / Comptes de produits / REVENUS FINANCIERS ET PRODUITS ASSIMILÉS / GAINS SUR RISQUES FINANCIERS / sur opérations financières,missing_root_type
,sur rentes viagères,,unspecified,,0,,Comptes de gestion / Comptes de produits / REVENUS FINANCIERS ET PRODUITS ASSIMILÉS / GAINS SUR RISQUES FINANCIERS,,,,Comptes de gestion / Comptes de produits / REVENUS FINANCIERS ET PRODUITS ASSIMILÉS / GAINS SUR RISQUES FINANCIERS / sur rentes viagères,missing_root_type
,INTÉRÊTS DE PRÊTS,,unspecified,,0,,Comptes de gestion / Comptes de produits / REVENUS FINANCIERS ET PRODUITS ASSIMILÉS,,,,Comptes de gestion / Comptes de produits / REVENUS FINANCIERS ET PRODUITS ASSIMILÉS / INTÉRÊTS DE PRÊTS,missing_root_type
,REPRISES DE CHARGES PROVISIONNÉES FINANCIÈRES,,group,,1,,Comptes de gestion / Comptes de produits / REVENUS FINANCIERS ET PRODUITS ASSIMILÉS,,,,Comptes de gestion / Comptes de produits / REVENUS FINANCIERS ET PRODUITS ASSIMILÉS / REPRISES DE CHARGES PROVISIONNÉES FINANCIÈRES,missing_root_type
,autres charges provisionnées financières,,unspecified,,0,,Comptes de gestion / Comptes de produits / REVENUS FINANCIERS ET PRODUITS ASSIMILÉS / REPRISES DE CHARGES PROVISIONNÉES FINANCIÈRES,,,,Comptes de gestion / Comptes de produits / REVENUS FINANCIERS ET PRODUITS ASSIMILÉS / REPRISES DE CHARGES PROVISIONNÉES FINANCIÈRES / autres charges provisionnées financières,missing_root_type
,sur risques financiers,,unspecified,,0,,Comptes de gestion / Comptes de produits / REVENUS FINANCIERS ET PRODUITS ASSIMILÉS / REPRISES DE CHARGES PROVISIONNÉES FINANCIÈRES,,,,Comptes de gestion / Comptes de produits / REVENUS FINANCIERS ET PRODUITS ASSIMILÉS / REPRISES DE CHARGES PROVISIONNÉES FINANCIÈRES / sur risques financiers,missing_root_type
,sur titres de placement,,unspecified,,0,,Comptes de gestion / Comptes de produits / REVENUS FINANCIERS ET PRODUITS ASSIMILÉS / REPRISES DE CHARGES PROVISIONNÉES FINANCIÈRES,,,,Comptes de gestion / Comptes de produits / REVENUS FINANCIERS ET PRODUITS ASSIMILÉS / REPRISES DE CHARGES PROVISIONNÉES FINANCIÈRES / sur titres de placement,missing_root_type
,REVENUS DE PARTICIPATIONS,,unspecified,,0,,Comptes de gestion / Comptes de produits / REVENUS FINANCIERS ET PRODUITS ASSIMILÉS,,,,Comptes de gestion / Comptes de produits / REVENUS FINANCIERS ET PRODUITS ASSIMILÉS / REVENUS DE PARTICIPATIONS,missing_root_type
,REVENUS DE TITRES DE PLACEMENT,,unspecified,,0,,Comptes de gestion / Comptes de produits / REVENUS FINANCIERS ET PRODUITS ASSIMILÉS,,,,Comptes de gestion / Comptes de produits / REVENUS FINANCIERS ET PRODUITS ASSIMILÉS / REVENUS DE TITRES DE PLACEMENT,missing_root_type
,SUBVENTIONS D'EXPLOITATION,,group,,1,,Comptes de gestion / Comptes de produits,,,,Comptes de gestion / Comptes de produits / SUBVENTIONS D'EXPLOITATION,missing_root_type
,AUTRES SUBVENTIONS D'EXPLOITATION,,group,,1,,Comptes de gestion / Comptes de produits / SUBVENTIONS D'EXPLOITATION,,,,Comptes de gestion / Comptes de produits / SUBVENTIONS D'EXPLOITATION / AUTRES SUBVENTIONS D'EXPLOITATION,missing_root_type
,Versées par des tiers,,unspecified,,0,,Comptes de gestion / Comptes de produits / SUBVENTIONS D'EXPLOITATION / AUTRES SUBVENTIONS D'EXPLOITATION,,,,Comptes de gestion / Comptes de produits / SUBVENTIONS D'EXPLOITATION / AUTRES SUBVENTIONS D'EXPLOITATION / Versées par des tiers,missing_root_type
,Versées par l'État et les collectivités publiques,,unspecified,,0,,Comptes de gestion / Comptes de produits / SUBVENTIONS D'EXPLOITATION / AUTRES SUBVENTIONS D'EXPLOITATION,,,,Comptes de gestion / Comptes de produits / SUBVENTIONS D'EXPLOITATION / AUTRES SUBVENTIONS D'EXPLOITATION / Versées par l'État et les collectivités publiques,missing_root_type
,Versées par les organismes internationaux,,unspecified,,0,,Comptes de gestion / Comptes de produits / SUBVENTIONS D'EXPLOITATION / AUTRES SUBVENTIONS D'EXPLOITATION,,,,Comptes de gestion / Comptes de produits / SUBVENTIONS D'EXPLOITATION / AUTRES SUBVENTIONS D'EXPLOITATION / Versées par les organismes internationaux,missing_root_type
,SUR PRODUITS DE PÉRÉQUATION,,unspecified,,0,,Comptes de gestion / Comptes de produits / SUBVENTIONS D'EXPLOITATION,,,,Comptes de gestion / Comptes de produits / SUBVENTIONS D'EXPLOITATION / SUR PRODUITS DE PÉRÉQUATION,missing_root_type
,SUR PRODUITS À L'EXPORTATION,,unspecified,,0,,Comptes de gestion / Comptes de produits / SUBVENTIONS D'EXPLOITATION,,,,Comptes de gestion / Comptes de produits / SUBVENTIONS D'EXPLOITATION / SUR PRODUITS À L'EXPORTATION,missing_root_type
,SUR PRODUITS À L'IMPORTATION,,unspecified,,0,,Comptes de gestion / Comptes de produits / SUBVENTIONS D'EXPLOITATION,,,,Comptes de gestion / Comptes de produits / SUBVENTIONS D'EXPLOITATION / SUR PRODUITS À L'IMPORTATION,missing_root_type
,TRANSFERTS DE CHARGES,,group,,1,,Comptes de gestion / Comptes de produits,,,,Comptes de gestion / Comptes de produits / TRANSFERTS DE CHARGES,missing_root_type
,TRANSFERTS DE CHARGES D'EXPLOITATION,,unspecified,,0,,Comptes de gestion / Comptes de produits / TRANSFERTS DE CHARGES,,,,Comptes de gestion / Comptes de produits / TRANSFERTS DE CHARGES / TRANSFERTS DE CHARGES D'EXPLOITATION,missing_root_type
,TRANSFERTS DE CHARGES FINANCIERES,,unspecified,,0,,Comptes de gestion / Comptes de produits / TRANSFERTS DE CHARGES,,,,Comptes de gestion / Comptes de produits / TRANSFERTS DE CHARGES / TRANSFERTS DE CHARGES FINANCIERES,missing_root_type
,VARIATIONS DES STOCKS DE BIENS ET DE SERVICES PRODUITS,,group,,1,,Comptes de gestion / Comptes de produits,,,,Comptes de gestion / Comptes de produits / VARIATIONS DES STOCKS DE BIENS ET DE SERVICES PRODUITS,missing_root_type
,VARIATIONS DES EN-COURS DE SERVICES,,group,,1,,Comptes de gestion / Comptes de produits / VARIATIONS DES STOCKS DE BIENS ET DE SERVICES PRODUITS,,,,Comptes de gestion / Comptes de produits / VARIATIONS DES STOCKS DE BIENS ET DE SERVICES PRODUITS / VARIATIONS DES EN-COURS DE SERVICES,missing_root_type
,Prestations de services en cours,,unspecified,,0,,Comptes de gestion / Comptes de produits / VARIATIONS DES STOCKS DE BIENS ET DE SERVICES PRODUITS / VARIATIONS DES EN-COURS DE SERVICES,,,,Comptes de gestion / Comptes de produits / VARIATIONS DES STOCKS DE BIENS ET DE SERVICES PRODUITS / VARIATIONS DES EN-COURS DE SERVICES / Prestations de services en cours,missing_root_type
,Études en cours,,unspecified,,0,,Comptes de gestion / Comptes de produits / VARIATIONS DES STOCKS DE BIENS ET DE SERVICES PRODUITS / VARIATIONS DES EN-COURS DE SERVICES,,,,Comptes de gestion / Comptes de produits / VARIATIONS DES STOCKS DE BIENS ET DE SERVICES PRODUITS / VARIATIONS DES EN-COURS DE SERVICES / Études en cours,missing_root_type
,VARIATIONS DES STOCKS DE PRODUITS EN COURS,,group,,1,,Comptes de gestion / Comptes de produits / VARIATIONS DES STOCKS DE BIENS ET DE SERVICES PRODUITS,,,,Comptes de gestion / Comptes de produits / VARIATIONS DES STOCKS DE BIENS ET DE SERVICES PRODUITS / VARIATIONS DES STOCKS DE PRODUITS EN COURS,missing_root_type
,Produits en cours,,unspecified,,0,,Comptes de gestion / Comptes de produits / VARIATIONS DES STOCKS DE BIENS ET DE SERVICES PRODUITS / VARIATIONS DES STOCKS DE PRODUITS EN COURS,,,,Comptes de gestion / Comptes de produits / VARIATIONS DES STOCKS DE BIENS ET DE SERVICES PRODUITS / VARIATIONS DES STOCKS DE PRODUITS EN COURS / Produits en cours,missing_root_type
,Travaux en cours,,unspecified,,0,,Comptes de gestion / Comptes de produits / VARIATIONS DES STOCKS DE BIENS ET DE SERVICES PRODUITS / VARIATIONS DES STOCKS DE PRODUITS EN COURS,,,,Comptes de gestion / Comptes de produits / VARIATIONS DES STOCKS DE BIENS ET DE SERVICES PRODUITS / VARIATIONS DES STOCKS DE PRODUITS EN COURS / Travaux en cours,missing_root_type
,VARIATIONS DES STOCKS DE PRODUITS FINIS,,unspecified,,0,,Comptes de gestion / Comptes de produits / VARIATIONS DES STOCKS DE BIENS ET DE SERVICES PRODUITS,,,,Comptes de gestion / Comptes de produits / VARIATIONS DES STOCKS DE BIENS ET DE SERVICES PRODUITS / VARIATIONS DES STOCKS DE PRODUITS FINIS,missing_root_type
,VARIATIONS DES STOCKS DE PRODUITS INTERMÉDIAIRES ET RÉSIDUELS,,group,,1,,Comptes de gestion / Comptes de produits / VARIATIONS DES STOCKS DE BIENS ET DE SERVICES PRODUITS,,,,Comptes de gestion / Comptes de produits / VARIATIONS DES STOCKS DE BIENS ET DE SERVICES PRODUITS / VARIATIONS DES STOCKS DE PRODUITS INTERMÉDIAIRES ET RÉSIDUELS,missing_root_type
,Produits intermédiaires,,unspecified,,0,,Comptes de gestion / Comptes de produits / VARIATIONS DES STOCKS DE BIENS ET DE SERVICES PRODUITS / VARIATIONS DES STOCKS DE PRODUITS INTERMÉDIAIRES ET RÉSIDUELS,,,,Comptes de gestion / Comptes de produits / VARIATIONS DES STOCKS DE BIENS ET DE SERVICES PRODUITS / VARIATIONS DES STOCKS DE PRODUITS INTERMÉDIAIRES ET RÉSIDUELS / Produits intermédiaires,missing_root_type
,Produits résiduels,,unspecified,,0,,Comptes de gestion / Comptes de produits / VARIATIONS DES STOCKS DE BIENS ET DE SERVICES PRODUITS / VARIATIONS DES STOCKS DE PRODUITS INTERMÉDIAIRES ET RÉSIDUELS,,,,Comptes de gestion / Comptes de produits / VARIATIONS DES STOCKS DE BIENS ET DE SERVICES PRODUITS / VARIATIONS DES STOCKS DE PRODUITS INTERMÉDIAIRES ET RÉSIDUELS / Produits résiduels,missing_root_type
,VENTES,,group,,1,,Comptes de gestion / Comptes de produits,,,,Comptes de gestion / Comptes de produits / VENTES,missing_root_type
,PRODUITS ACCESSOIRES,,group,,1,,Comptes de gestion / Comptes de produits / VENTES,,,,Comptes de gestion / Comptes de produits / VENTES / PRODUITS ACCESSOIRES,missing_root_type
,Autres produits accessoires,,unspecified,,0,,Comptes de gestion / Comptes de produits / VENTES / PRODUITS ACCESSOIRES,,,,Comptes de gestion / Comptes de produits / VENTES / PRODUITS ACCESSOIRES / Autres produits accessoires,missing_root_type
,Bonis sur reprises et cessions d'emballages,,unspecified,,0,,Comptes de gestion / Comptes de produits / VENTES / PRODUITS ACCESSOIRES,,,,Comptes de gestion / Comptes de produits / VENTES / PRODUITS ACCESSOIRES / Bonis sur reprises et cessions d'emballages,missing_root_type
,Commissions et courtages,,unspecified,,0,,Comptes de gestion / Comptes de produits / VENTES / PRODUITS ACCESSOIRES,,,,Comptes de gestion / Comptes de produits / VENTES / PRODUITS ACCESSOIRES / Commissions et courtages,missing_root_type
,Locations,,unspecified,,0,,Comptes de gestion / Comptes de produits / VENTES / PRODUITS ACCESSOIRES,,,,Comptes de gestion / Comptes de produits / VENTES / PRODUITS ACCESSOIRES / Locations,missing_root_type
,Mise à disposition de personnel,,unspecified,,0,,Comptes de gestion / Comptes de produits / VENTES / PRODUITS ACCESSOIRES,,,,Comptes de gestion / Comptes de produits / VENTES / PRODUITS ACCESSOIRES / Mise à disposition de personnel,missing_root_type
,"Ports, emballages perdus et autres frais facturés",,unspecified,,0,,Comptes de gestion / Comptes de produits / VENTES / PRODUITS ACCESSOIRES,,,,"Comptes de gestion / Comptes de produits / VENTES / PRODUITS ACCESSOIRES / Ports, emballages perdus et autres frais facturés",missing_root_type
,"Redevances pour brevets, logiciels, marques et droits similaires",,unspecified,,0,,Comptes de gestion / Comptes de produits / VENTES / PRODUITS ACCESSOIRES,,,,"Comptes de gestion / Comptes de produits / VENTES / PRODUITS ACCESSOIRES / Redevances pour brevets, logiciels, marques et droits similaires",missing_root_type
,Services exploités dans l'intérêt du personnel,,unspecified,,0,,Comptes de gestion / Comptes de produits / VENTES / PRODUITS ACCESSOIRES,,,,Comptes de gestion / Comptes de produits / VENTES / PRODUITS ACCESSOIRES / Services exploités dans l'intérêt du personnel,missing_root_type
,SERVICES VENDUS,,group,,1,,Comptes de gestion / Comptes de produits / VENTES,,,,Comptes de gestion / Comptes de produits / VENTES / SERVICES VENDUS,missing_root_type
,aux entreprises du groupe dans la Région,,unspecified,,0,,Comptes de gestion / Comptes de produits / VENTES / SERVICES VENDUS,,,,Comptes de gestion / Comptes de produits / VENTES / SERVICES VENDUS / aux entreprises du groupe dans la Région,missing_root_type
,aux entreprises du groupe hors Région,,unspecified,,0,,Comptes de gestion / Comptes de produits / VENTES / SERVICES VENDUS,,,,Comptes de gestion / Comptes de produits / VENTES / SERVICES VENDUS / aux entreprises du groupe hors Région,missing_root_type
,dans la Région,,unspecified,,0,,Comptes de gestion / Comptes de produits / VENTES / SERVICES VENDUS,,,,Comptes de gestion / Comptes de produits / VENTES / SERVICES VENDUS / dans la Région,missing_root_type
,hors Région,,unspecified,,0,,Comptes de gestion / Comptes de produits / VENTES / SERVICES VENDUS,,,,Comptes de gestion / Comptes de produits / VENTES / SERVICES VENDUS / hors Région,missing_root_type
,TRAVAUX FACTURÉS,,group,,1,,Comptes de gestion / Comptes de produits / VENTES,,,,Comptes de gestion / Comptes de produits / VENTES / TRAVAUX FACTURÉS,missing_root_type
,aux entreprises du groupe dans la Région,,unspecified,,0,,Comptes de gestion / Comptes de produits / VENTES / TRAVAUX FACTURÉS,,,,Comptes de gestion / Comptes de produits / VENTES / TRAVAUX FACTURÉS / aux entreprises du groupe dans la Région,missing_root_type
,aux entreprises du groupe hors Région,,unspecified,,0,,Comptes de gestion / Comptes de produits / VENTES / TRAVAUX FACTURÉS,,,,Comptes de gestion / Comptes de produits / VENTES / TRAVAUX FACTURÉS / aux entreprises du groupe hors Région,missing_root_type
,dans la Région,,unspecified,,0,,Comptes de gestion / Comptes de produits / VENTES / TRAVAUX FACTURÉS,,,,Comptes de gestion / Comptes de produits / VENTES / TRAVAUX FACTURÉS / dans la Région,missing_root_type
,hors Région,,unspecified,,0,,Comptes de gestion / Comptes de produits / VENTES / TRAVAUX FACTURÉS,,,,Comptes de gestion / Comptes de produits / VENTES / TRAVAUX FACTURÉS / hors Région,missing_root_type
,VENTES DE MARCHANDISES,,group,,1,,Comptes de gestion / Comptes de produits / VENTES,,,,Comptes de gestion / Comptes de produits / VENTES / VENTES DE MARCHANDISES,missing_root_type
,aux entreprises du groupe dans la Région,,unspecified,,0,,Comptes de gestion / Comptes de produits / VENTES / VENTES DE MARCHANDISES,,,,Comptes de gestion / Comptes de produits / VENTES / VENTES DE MARCHANDISES / aux entreprises du groupe dans la Région,missing_root_type
,aux entreprises du groupe hors Région,,unspecified,,0,,Comptes de gestion / Comptes de produits / VENTES / VENTES DE MARCHANDISES,,,,Comptes de gestion / Comptes de produits / VENTES / VENTES DE MARCHANDISES / aux entreprises du groupe hors Région,missing_root_type
,dans la Région,,unspecified,,0,,Comptes de gestion / Comptes de produits / VENTES / VENTES DE MARCHANDISES,,,,Comptes de gestion / Comptes de produits / VENTES / VENTES DE MARCHANDISES / dans la Région,missing_root_type
,hors Région,,unspecified,,0,,Comptes de gestion / Comptes de produits / VENTES / VENTES DE MARCHANDISES,,,,Comptes de gestion / Comptes de produits / VENTES / VENTES DE MARCHANDISES / hors Région,missing_root_type
,VENTES DE PRODUITS FINIS,,group,,1,,Comptes de gestion / Comptes de produits / VENTES,,,,Comptes de gestion / Comptes de produits / VENTES / VENTES DE PRODUITS FINIS,missing_root_type
,aux entreprises du groupe dans la Région,,unspecified,,0,,Comptes de gestion / Comptes de produits / VENTES / VENTES DE PRODUITS FINIS,,,,Comptes de gestion / Comptes de produits / VENTES / VENTES DE PRODUITS FINIS / aux entreprises du groupe dans la Région,missing_root_type
,aux entreprises du groupe hors Région,,unspecified,,0,,Comptes de gestion / Comptes de produits / VENTES / VENTES DE PRODUITS FINIS,,,,Comptes de gestion / Comptes de produits / VENTES / VENTES DE PRODUITS FINIS / aux entreprises du groupe hors Région,missing_root_type
,dans la Région,,unspecified,,0,,Comptes de gestion / Comptes de produits / VENTES / VENTES DE PRODUITS FINIS,,,,Comptes de gestion / Comptes de produits / VENTES / VENTES DE PRODUITS FINIS / dans la Région,missing_root_type
,hors Région,,unspecified,,0,,Comptes de gestion / Comptes de produits / VENTES / VENTES DE PRODUITS FINIS,,,,Comptes de gestion / Comptes de produits / VENTES / VENTES DE PRODUITS FINIS / hors Région,missing_root_type
,VENTES DE PRODUITS INTERMÉDIAIRES,,group,,1,,Comptes de gestion / Comptes de produits / VENTES,,,,Comptes de gestion / Comptes de produits / VENTES / VENTES DE PRODUITS INTERMÉDIAIRES,missing_root_type
,aux entreprises du groupe dans la Région,,unspecified,,0,,Comptes de gestion / Comptes de produits / VENTES / VENTES DE PRODUITS INTERMÉDIAIRES,,,,Comptes de gestion / Comptes de produits / VENTES / VENTES DE PRODUITS INTERMÉDIAIRES / aux entreprises du groupe dans la Région,missing_root_type
,aux entreprises du groupe hors Région,,unspecified,,0,,Comptes de gestion / Comptes de produits / VENTES / VENTES DE PRODUITS INTERMÉDIAIRES,,,,Comptes de gestion / Comptes de produits / VENTES / VENTES DE PRODUITS INTERMÉDIAIRES / aux entreprises du groupe hors Région,missing_root_type
,dans la Région,,unspecified,,0,,Comptes de gestion / Comptes de produits / VENTES / VENTES DE PRODUITS INTERMÉDIAIRES,,,,Comptes de gestion / Comptes de produits / VENTES / VENTES DE PRODUITS INTERMÉDIAIRES / dans la Région,missing_root_type
,hors Région,,unspecified,,0,,Comptes de gestion / Comptes de produits / VENTES / VENTES DE PRODUITS INTERMÉDIAIRES,,,,Comptes de gestion / Comptes de produits / VENTES / VENTES DE PRODUITS INTERMÉDIAIRES / hors Région,missing_root_type
,VENTES DE PRODUITS RÉSIDUELS,,group,,1,,Comptes de gestion / Comptes de produits / VENTES,,,,Comptes de gestion / Comptes de produits / VENTES / VENTES DE PRODUITS RÉSIDUELS,missing_root_type
,aux entreprises du groupe dans la Région,,unspecified,,0,,Comptes de gestion / Comptes de produits / VENTES / VENTES DE PRODUITS RÉSIDUELS,,,,Comptes de gestion / Comptes de produits / VENTES / VENTES DE PRODUITS RÉSIDUELS / aux entreprises du groupe dans la Région,missing_root_type
,aux entreprises du groupe hors Région,,unspecified,,0,,Comptes de gestion / Comptes de produits / VENTES / VENTES DE PRODUITS RÉSIDUELS,,,,Comptes de gestion / Comptes de produits / VENTES / VENTES DE PRODUITS RÉSIDUELS / aux entreprises du groupe hors Région,missing_root_type
,dans la Région,,unspecified,,0,,Comptes de gestion / Comptes de produits / VENTES / VENTES DE PRODUITS RÉSIDUELS,,,,Comptes de gestion / Comptes de produits / VENTES / VENTES DE PRODUITS RÉSIDUELS / dans la Région,missing_root_type
,hors Région,,unspecified,,0,,Comptes de gestion / Comptes de produits / VENTES / VENTES DE PRODUITS RÉSIDUELS,,,,Comptes de gestion / Comptes de produits / VENTES / VENTES DE PRODUITS RÉSIDUELS / hors Région,missing_root_type
,Comptes des engagements hors bilan et comptabilité analytique,,group,,1,,,,,,Comptes des engagements hors bilan et comptabilité analytique,missing_root_type
,COMPTES D'ECARTS SUR COUTS PREETABLIS,,unspecified,,0,,Comptes des engagements hors bilan et comptabilité analytique,,,,Comptes des engagements hors bilan et comptabilité analytique / COMPTES D'ECARTS SUR COUTS PREETABLIS,missing_root_type
,COMPTES DE COÛTS,,unspecified,,0,,Comptes des engagements hors bilan et comptabilité analytique,,,,Comptes des engagements hors bilan et comptabilité analytique / COMPTES DE COÛTS,missing_root_type
,COMPTES DE DIFFERENCES DE TRAITEMENT COMPTABLE,,unspecified,,0,,Comptes des engagements hors bilan et comptabilité analytique,,,,Comptes des engagements hors bilan et comptabilité analytique / COMPTES DE DIFFERENCES DE TRAITEMENT COMPTABLE,missing_root_type
,COMPTES DE LIAISONS INTERNES,,unspecified,,0,,Comptes des engagements hors bilan et comptabilité analytique,,,,Comptes des engagements hors bilan et comptabilité analytique / COMPTES DE LIAISONS INTERNES,missing_root_type
,COMPTES DE RECLASSEMENTS,,unspecified,,0,,Comptes des engagements hors bilan et comptabilité analytique,,,,Comptes des engagements hors bilan et comptabilité analytique / COMPTES DE RECLASSEMENTS,missing_root_type
,COMPTES DE RESULTATS,,unspecified,,0,,Comptes des engagements hors bilan et comptabilité analytique,,,,Comptes des engagements hors bilan et comptabilité analytique / COMPTES DE RESULTATS,missing_root_type
,COMPTES DE STOCKS,,unspecified,,0,,Comptes des engagements hors bilan et comptabilité analytique,,,,Comptes des engagements hors bilan et comptabilité analytique / COMPTES DE STOCKS,missing_root_type
,COMPTES REFLECHIS,,unspecified,,0,,Comptes des engagements hors bilan et comptabilité analytique,,,,Comptes des engagements hors bilan et comptabilité analytique / COMPTES REFLECHIS,missing_root_type
,CONTREPARTIES DES ENGAGEMENTS,,group,,1,,Comptes des engagements hors bilan et comptabilité analytique,,,,Comptes des engagements hors bilan et comptabilité analytique / CONTREPARTIES DES ENGAGEMENTS,missing_root_type
,"CONTREPARTIE DES ENGAGEMENTS ACCORDÉS, 905 à 908",,unspecified,,0,,Comptes des engagements hors bilan et comptabilité analytique / CONTREPARTIES DES ENGAGEMENTS,,,,"Comptes des engagements hors bilan et comptabilité analytique / CONTREPARTIES DES ENGAGEMENTS / CONTREPARTIE DES ENGAGEMENTS ACCORDÉS, 905 à 908",missing_root_type
,"CONTREPARTIE DES ENGAGEMENTS OBTENUS, 901 à 904",,unspecified,,0,,Comptes des engagements hors bilan et comptabilité analytique / CONTREPARTIES DES ENGAGEMENTS,,,,"Comptes des engagements hors bilan et comptabilité analytique / CONTREPARTIES DES ENGAGEMENTS / CONTREPARTIE DES ENGAGEMENTS OBTENUS, 901 à 904",missing_root_type
,ENGAGEMENTS OBTENUS ET ENGAGEMENTS ACCORDÉS,,group,,1,,Comptes des engagements hors bilan et comptabilité analytique,,,,Comptes des engagements hors bilan et comptabilité analytique / ENGAGEMENTS OBTENUS ET ENGAGEMENTS ACCORDÉS,missing_root_type
,AUTRES ENGAGEMENTS ACCORDÉS,,group,,1,,Comptes des engagements hors bilan et comptabilité analytique / ENGAGEMENTS OBTENUS ET ENGAGEMENTS ACCORDÉS,,,,Comptes des engagements hors bilan et comptabilité analytique / ENGAGEMENTS OBTENUS ET ENGAGEMENTS ACCORDÉS / AUTRES ENGAGEMENTS ACCORDÉS,missing_root_type
,Achats avec clause de réserve de propriété,,unspecified,,0,,Comptes des engagements hors bilan et comptabilité analytique / ENGAGEMENTS OBTENUS ET ENGAGEMENTS ACCORDÉS / AUTRES ENGAGEMENTS ACCORDÉS,,,,Comptes des engagements hors bilan et comptabilité analytique / ENGAGEMENTS OBTENUS ET ENGAGEMENTS ACCORDÉS / AUTRES ENGAGEMENTS ACCORDÉS / Achats avec clause de réserve de propriété,missing_root_type
,Annulations conditionnelles de dettes,,unspecified,,0,,Comptes des engagements hors bilan et comptabilité analytique / ENGAGEMENTS OBTENUS ET ENGAGEMENTS ACCORDÉS / AUTRES ENGAGEMENTS ACCORDÉS,,,,Comptes des engagements hors bilan et comptabilité analytique / ENGAGEMENTS OBTENUS ET ENGAGEMENTS ACCORDÉS / AUTRES ENGAGEMENTS ACCORDÉS / Annulations conditionnelles de dettes,missing_root_type
,Divers engagements accordés,,unspecified,,0,,Comptes des engagements hors bilan et comptabilité analytique / ENGAGEMENTS OBTENUS ET ENGAGEMENTS ACCORDÉS / AUTRES ENGAGEMENTS ACCORDÉS,,,,Comptes des engagements hors bilan et comptabilité analytique / ENGAGEMENTS OBTENUS ET ENGAGEMENTS ACCORDÉS / AUTRES ENGAGEMENTS ACCORDÉS / Divers engagements accordés,missing_root_type
,Engagements de retraite,,unspecified,,0,,Comptes des engagements hors bilan et comptabilité analytique / ENGAGEMENTS OBTENUS ET ENGAGEMENTS ACCORDÉS / AUTRES ENGAGEMENTS ACCORDÉS,,,,Comptes des engagements hors bilan et comptabilité analytique / ENGAGEMENTS OBTENUS ET ENGAGEMENTS ACCORDÉS / AUTRES ENGAGEMENTS ACCORDÉS / Engagements de retraite,missing_root_type
,AUTRES ENGAGEMENTS OBTENUS,,group,,1,,Comptes des engagements hors bilan et comptabilité analytique / ENGAGEMENTS OBTENUS ET ENGAGEMENTS ACCORDÉS,,,,Comptes des engagements hors bilan et comptabilité analytique / ENGAGEMENTS OBTENUS ET ENGAGEMENTS ACCORDÉS / AUTRES ENGAGEMENTS OBTENUS,missing_root_type
,Abandons de créances conditionnels,,unspecified,,0,,Comptes des engagements hors bilan et comptabilité analytique / ENGAGEMENTS OBTENUS ET ENGAGEMENTS ACCORDÉS / AUTRES ENGAGEMENTS OBTENUS,,,,Comptes des engagements hors bilan et comptabilité analytique / ENGAGEMENTS OBTENUS ET ENGAGEMENTS ACCORDÉS / AUTRES ENGAGEMENTS OBTENUS / Abandons de créances conditionnels,missing_root_type
,Divers engagements obtenus,,unspecified,,0,,Comptes des engagements hors bilan et comptabilité analytique / ENGAGEMENTS OBTENUS ET ENGAGEMENTS ACCORDÉS / AUTRES ENGAGEMENTS OBTENUS,,,,Comptes des engagements hors bilan et comptabilité analytique / ENGAGEMENTS OBTENUS ET ENGAGEMENTS ACCORDÉS / AUTRES ENGAGEMENTS OBTENUS / Divers engagements obtenus,missing_root_type
,Ventes avec clause de réserve de propriété,,unspecified,,0,,Comptes des engagements hors bilan et comptabilité analytique / ENGAGEMENTS OBTENUS ET ENGAGEMENTS ACCORDÉS / AUTRES ENGAGEMENTS OBTENUS,,,,Comptes des engagements hors bilan et comptabilité analytique / ENGAGEMENTS OBTENUS ET ENGAGEMENTS ACCORDÉS / AUTRES ENGAGEMENTS OBTENUS / Ventes avec clause de réserve de propriété,missing_root_type
,ENGAGEMENTS DE FINANCEMENT ACCORDÉS,,group,,1,,Comptes des engagements hors bilan et comptabilité analytique / ENGAGEMENTS OBTENUS ET ENGAGEMENTS ACCORDÉS,,,,Comptes des engagements hors bilan et comptabilité analytique / ENGAGEMENTS OBTENUS ET ENGAGEMENTS ACCORDÉS / ENGAGEMENTS DE FINANCEMENT ACCORDÉS,missing_root_type
,Autres engagements de financement accordés,,unspecified,,0,,Comptes des engagements hors bilan et comptabilité analytique / ENGAGEMENTS OBTENUS ET ENGAGEMENTS ACCORDÉS / ENGAGEMENTS DE FINANCEMENT ACCORDÉS,,,,Comptes des engagements hors bilan et comptabilité analytique / ENGAGEMENTS OBTENUS ET ENGAGEMENTS ACCORDÉS / ENGAGEMENTS DE FINANCEMENT ACCORDÉS / Autres engagements de financement accordés,missing_root_type
,Crédits accordés non décaissés,,unspecified,,0,,Comptes des engagements hors bilan et comptabilité analytique / ENGAGEMENTS OBTENUS ET ENGAGEMENTS ACCORDÉS / ENGAGEMENTS DE FINANCEMENT ACCORDÉS,,,,Comptes des engagements hors bilan et comptabilité analytique / ENGAGEMENTS OBTENUS ET ENGAGEMENTS ACCORDÉS / ENGAGEMENTS DE FINANCEMENT ACCORDÉS / Crédits accordés non décaissés,missing_root_type
,ENGAGEMENTS DE FINANCEMENT OBTENUS,,group,,1,,Comptes des engagements hors bilan et comptabilité analytique / ENGAGEMENTS OBTENUS ET ENGAGEMENTS ACCORDÉS,,,,Comptes des engagements hors bilan et comptabilité analytique / ENGAGEMENTS OBTENUS ET ENGAGEMENTS ACCORDÉS / ENGAGEMENTS DE FINANCEMENT OBTENUS,missing_root_type
,Facilités d'émission,,unspecified,,0,,Comptes des engagements hors bilan et comptabilité analytique / ENGAGEMENTS OBTENUS ET ENGAGEMENTS ACCORDÉS / ENGAGEMENTS DE FINANCEMENT OBTENUS,,,,Comptes des engagements hors bilan et comptabilité analytique / ENGAGEMENTS OBTENUS ET ENGAGEMENTS ACCORDÉS / ENGAGEMENTS DE FINANCEMENT OBTENUS / Facilités d'émission,missing_root_type
,Autres engagements de financement obtenus,,unspecified,,0,,Comptes des engagements hors bilan et comptabilité analytique / ENGAGEMENTS OBTENUS ET ENGAGEMENTS ACCORDÉS / ENGAGEMENTS DE FINANCEMENT OBTENUS,,,,Comptes des engagements hors bilan et comptabilité analytique / ENGAGEMENTS OBTENUS ET ENGAGEMENTS ACCORDÉS / ENGAGEMENTS DE FINANCEMENT OBTENUS / Autres engagements de financement obtenus,missing_root_type
,Crédits confirmés obtenus,,unspecified,,0,,Comptes des engagements hors bilan et comptabilité analytique / ENGAGEMENTS OBTENUS ET ENGAGEMENTS ACCORDÉS / ENGAGEMENTS DE FINANCEMENT OBTENUS,,,,Comptes des engagements hors bilan et comptabilité analytique / ENGAGEMENTS OBTENUS ET ENGAGEMENTS ACCORDÉS / ENGAGEMENTS DE FINANCEMENT OBTENUS / Crédits confirmés obtenus,missing_root_type
,Emprunts restant à encaisser,,unspecified,,0,,Comptes des engagements hors bilan et comptabilité analytique / ENGAGEMENTS OBTENUS ET ENGAGEMENTS ACCORDÉS / ENGAGEMENTS DE FINANCEMENT OBTENUS,,,,Comptes des engagements hors bilan et comptabilité analytique / ENGAGEMENTS OBTENUS ET ENGAGEMENTS ACCORDÉS / ENGAGEMENTS DE FINANCEMENT OBTENUS / Emprunts restant à encaisser,missing_root_type
,Facilités de financement renouvelables,,unspecified,,0,,Comptes des engagements hors bilan et comptabilité analytique / ENGAGEMENTS OBTENUS ET ENGAGEMENTS ACCORDÉS / ENGAGEMENTS DE FINANCEMENT OBTENUS,,,,Comptes des engagements hors bilan et comptabilité analytique / ENGAGEMENTS OBTENUS ET ENGAGEMENTS ACCORDÉS / ENGAGEMENTS DE FINANCEMENT OBTENUS / Facilités de financement renouvelables,missing_root_type
,ENGAGEMENTS DE GARANTIE ACCORDÉS,,group,,1,,Comptes des engagements hors bilan et comptabilité analytique / ENGAGEMENTS OBTENUS ET ENGAGEMENTS ACCORDÉS,,,,Comptes des engagements hors bilan et comptabilité analytique / ENGAGEMENTS OBTENUS ET ENGAGEMENTS ACCORDÉS / ENGAGEMENTS DE GARANTIE ACCORDÉS,missing_root_type
,Autres garanties accordées,,unspecified,,0,,Comptes des engagements hors bilan et comptabilité analytique / ENGAGEMENTS OBTENUS ET ENGAGEMENTS ACCORDÉS / ENGAGEMENTS DE GARANTIE ACCORDÉS,,,,Comptes des engagements hors bilan et comptabilité analytique / ENGAGEMENTS OBTENUS ET ENGAGEMENTS ACCORDÉS / ENGAGEMENTS DE GARANTIE ACCORDÉS / Autres garanties accordées,missing_root_type
,Avals accordés,,unspecified,,0,,Comptes des engagements hors bilan et comptabilité analytique / ENGAGEMENTS OBTENUS ET ENGAGEMENTS ACCORDÉS / ENGAGEMENTS DE GARANTIE ACCORDÉS,,,,Comptes des engagements hors bilan et comptabilité analytique / ENGAGEMENTS OBTENUS ET ENGAGEMENTS ACCORDÉS / ENGAGEMENTS DE GARANTIE ACCORDÉS / Avals accordés,missing_root_type
,"Cautions, garanties accordées",,unspecified,,0,,Comptes des engagements hors bilan et comptabilité analytique / ENGAGEMENTS OBTENUS ET ENGAGEMENTS ACCORDÉS / ENGAGEMENTS DE GARANTIE ACCORDÉS,,,,"Comptes des engagements hors bilan et comptabilité analytique / ENGAGEMENTS OBTENUS ET ENGAGEMENTS ACCORDÉS / ENGAGEMENTS DE GARANTIE ACCORDÉS / Cautions, garanties accordées",missing_root_type
,Effets endossés par l'entreprise,,unspecified,,0,,Comptes des engagements hors bilan et comptabilité analytique / ENGAGEMENTS OBTENUS ET ENGAGEMENTS ACCORDÉS / ENGAGEMENTS DE GARANTIE ACCORDÉS,,,,Comptes des engagements hors bilan et comptabilité analytique / ENGAGEMENTS OBTENUS ET ENGAGEMENTS ACCORDÉS / ENGAGEMENTS DE GARANTIE ACCORDÉS / Effets endossés par l'entreprise,missing_root_type
,Hypothèques accordées,,unspecified,,0,,Comptes des engagements hors bilan et comptabilité analytique / ENGAGEMENTS OBTENUS ET ENGAGEMENTS ACCORDÉS / ENGAGEMENTS DE GARANTIE ACCORDÉS,,,,Comptes des engagements hors bilan et comptabilité analytique / ENGAGEMENTS OBTENUS ET ENGAGEMENTS ACCORDÉS / ENGAGEMENTS DE GARANTIE ACCORDÉS / Hypothèques accordées,missing_root_type
,ENGAGEMENTS DE GARANTIE OBTENUS,,group,,1,,Comptes des engagements hors bilan et comptabilité analytique / ENGAGEMENTS OBTENUS ET ENGAGEMENTS ACCORDÉS,,,,Comptes des engagements hors bilan et comptabilité analytique / ENGAGEMENTS OBTENUS ET ENGAGEMENTS ACCORDÉS / ENGAGEMENTS DE GARANTIE OBTENUS,missing_root_type
,Autres garanties obtenues,,unspecified,,0,,Comptes des engagements hors bilan et comptabilité analytique / ENGAGEMENTS OBTENUS ET ENGAGEMENTS ACCORDÉS / ENGAGEMENTS DE GARANTIE OBTENUS,,,,Comptes des engagements hors bilan et comptabilité analytique / ENGAGEMENTS OBTENUS ET ENGAGEMENTS ACCORDÉS / ENGAGEMENTS DE GARANTIE OBTENUS / Autres garanties obtenues,missing_root_type
,Avals obtenus,,unspecified,,0,,Comptes des engagements hors bilan et comptabilité analytique / ENGAGEMENTS OBTENUS ET ENGAGEMENTS ACCORDÉS / ENGAGEMENTS DE GARANTIE OBTENUS,,,,Comptes des engagements hors bilan et comptabilité analytique / ENGAGEMENTS OBTENUS ET ENGAGEMENTS ACCORDÉS / ENGAGEMENTS DE GARANTIE OBTENUS / Avals obtenus,missing_root_type
,"Cautions, garanties obtenues",,unspecified,,0,,Comptes des engagements hors bilan et comptabilité analytique / ENGAGEMENTS OBTENUS ET ENGAGEMENTS ACCORDÉS / ENGAGEMENTS DE GARANTIE OBTENUS,,,,"Comptes des engagements hors bilan et comptabilité analytique / ENGAGEMENTS OBTENUS ET ENGAGEMENTS ACCORDÉS / ENGAGEMENTS DE GARANTIE OBTENUS / Cautions, garanties obtenues",missing_root_type
,Effets endossés par des tiers,,unspecified,,0,,Comptes des engagements hors bilan et comptabilité analytique / ENGAGEMENTS OBTENUS ET ENGAGEMENTS ACCORDÉS / ENGAGEMENTS DE GARANTIE OBTENUS,,,,Comptes des engagements hors bilan et comptabilité analytique / ENGAGEMENTS OBTENUS ET ENGAGEMENTS ACCORDÉS / ENGAGEMENTS DE GARANTIE OBTENUS / Effets endossés par des tiers,missing_root_type
,Hypothèques obtenues,,unspecified,,0,,Comptes des engagements hors bilan et comptabilité analytique / ENGAGEMENTS OBTENUS ET ENGAGEMENTS ACCORDÉS / ENGAGEMENTS DE GARANTIE OBTENUS,,,,Comptes des engagements hors bilan et comptabilité analytique / ENGAGEMENTS OBTENUS ET ENGAGEMENTS ACCORDÉS / ENGAGEMENTS DE GARANTIE OBTENUS / Hypothèques obtenues,missing_root_type
,ENGAGEMENTS RÉCIPROQUES,,group,,1,,Comptes des engagements hors bilan et comptabilité analytique / ENGAGEMENTS OBTENUS ET ENGAGEMENTS ACCORDÉS,,,,Comptes des engagements hors bilan et comptabilité analytique / ENGAGEMENTS OBTENUS ET ENGAGEMENTS ACCORDÉS / ENGAGEMENTS RÉCIPROQUES,missing_root_type
,Achats de marchandises à terme,,unspecified,,0,,Comptes des engagements hors bilan et comptabilité analytique / ENGAGEMENTS OBTENUS ET ENGAGEMENTS ACCORDÉS / ENGAGEMENTS RÉCIPROQUES,,,,Comptes des engagements hors bilan et comptabilité analytique / ENGAGEMENTS OBTENUS ET ENGAGEMENTS ACCORDÉS / ENGAGEMENTS RÉCIPROQUES / Achats de marchandises à terme,missing_root_type
,Achats à terme de devises,,unspecified,,0,,Comptes des engagements hors bilan et comptabilité analytique / ENGAGEMENTS OBTENUS ET ENGAGEMENTS ACCORDÉS / ENGAGEMENTS RÉCIPROQUES,,,,Comptes des engagements hors bilan et comptabilité analytique / ENGAGEMENTS OBTENUS ET ENGAGEMENTS ACCORDÉS / ENGAGEMENTS RÉCIPROQUES / Achats à terme de devises,missing_root_type
,Autres engagements réciproques,,unspecified,,0,,Comptes des engagements hors bilan et comptabilité analytique / ENGAGEMENTS OBTENUS ET ENGAGEMENTS ACCORDÉS / ENGAGEMENTS RÉCIPROQUES,,,,Comptes des engagements hors bilan et comptabilité analytique / ENGAGEMENTS OBTENUS ET ENGAGEMENTS ACCORDÉS / ENGAGEMENTS RÉCIPROQUES / Autres engagements réciproques,missing_root_type
,Commandes fermes des clients,,unspecified,,0,,Comptes des engagements hors bilan et comptabilité analytique / ENGAGEMENTS OBTENUS ET ENGAGEMENTS ACCORDÉS / ENGAGEMENTS RÉCIPROQUES,,,,Comptes des engagements hors bilan et comptabilité analytique / ENGAGEMENTS OBTENUS ET ENGAGEMENTS ACCORDÉS / ENGAGEMENTS RÉCIPROQUES / Commandes fermes des clients,missing_root_type
,Comptes spéciaux,,group,,1,,,,,,Comptes spéciaux,missing_root_type
,CHARGES HORS ACTIVITÉS ORDINAIRES,,group,,1,,Comptes spéciaux,,,,Comptes spéciaux / CHARGES HORS ACTIVITÉS ORDINAIRES,missing_root_type
,ABANDONS DE CRÉANCES CONSENTIS,,unspecified,,0,,Comptes spéciaux / CHARGES HORS ACTIVITÉS ORDINAIRES,,,,Comptes spéciaux / CHARGES HORS ACTIVITÉS ORDINAIRES / ABANDONS DE CRÉANCES CONSENTIS,missing_root_type
,CHARGES H.A.O. CONSTATÉES,,unspecified,,0,,Comptes spéciaux / CHARGES HORS ACTIVITÉS ORDINAIRES,,,,Comptes spéciaux / CHARGES HORS ACTIVITÉS ORDINAIRES / CHARGES H.A.O. CONSTATÉES,missing_root_type
,CHARGES PROVISIONNÉES H.A.O.,,unspecified,,0,,Comptes spéciaux / CHARGES HORS ACTIVITÉS ORDINAIRES,,,,Comptes spéciaux / CHARGES HORS ACTIVITÉS ORDINAIRES / CHARGES PROVISIONNÉES H.A.O.,missing_root_type
,DONS ET LIBÉRALITÉS ACCORDÉS,,unspecified,,0,,Comptes spéciaux / CHARGES HORS ACTIVITÉS ORDINAIRES,,,,Comptes spéciaux / CHARGES HORS ACTIVITÉS ORDINAIRES / DONS ET LIBÉRALITÉS ACCORDÉS,missing_root_type
,PERTES SUR CRÉANCES H.A.O.,,unspecified,,0,,Comptes spéciaux / CHARGES HORS ACTIVITÉS ORDINAIRES,,,,Comptes spéciaux / CHARGES HORS ACTIVITÉS ORDINAIRES / PERTES SUR CRÉANCES H.A.O.,missing_root_type
,DOTATIONS HORS ACTIVITÉS ORDINAIRES,,group,,1,,Comptes spéciaux,,,,Comptes spéciaux / DOTATIONS HORS ACTIVITÉS ORDINAIRES,missing_root_type
,AUTRES DOTATIONS H.A.O.,,unspecified,,0,,Comptes spéciaux / DOTATIONS HORS ACTIVITÉS ORDINAIRES,,,,Comptes spéciaux / DOTATIONS HORS ACTIVITÉS ORDINAIRES / AUTRES DOTATIONS H.A.O.,missing_root_type
,DOTATIONS AUX AMORTISSEMENTS H.A.O.,,unspecified,,0,,Comptes spéciaux / DOTATIONS HORS ACTIVITÉS ORDINAIRES,,,,Comptes spéciaux / DOTATIONS HORS ACTIVITÉS ORDINAIRES / DOTATIONS AUX AMORTISSEMENTS H.A.O.,missing_root_type
,DOTATIONS AUX PROVISIONS POUR DÉPRÉCIATION H.A.O.,,unspecified,,0,,Comptes spéciaux / DOTATIONS HORS ACTIVITÉS ORDINAIRES,,,,Comptes spéciaux / DOTATIONS HORS ACTIVITÉS ORDINAIRES / DOTATIONS AUX PROVISIONS POUR DÉPRÉCIATION H.A.O.,missing_root_type
,DOTATIONS AUX PROVISIONS POUR RISQUES ET CHARGES H.A.O.,,unspecified,,0,,Comptes spéciaux / DOTATIONS HORS ACTIVITÉS ORDINAIRES,,,,Comptes spéciaux / DOTATIONS HORS ACTIVITÉS ORDINAIRES / DOTATIONS AUX PROVISIONS POUR RISQUES ET CHARGES H.A.O.,missing_root_type
,DOTATIONS AUX PROVISIONS RÉGLEMENTÉES,,unspecified,,0,,Comptes spéciaux / DOTATIONS HORS ACTIVITÉS ORDINAIRES,,,,Comptes spéciaux / DOTATIONS HORS ACTIVITÉS ORDINAIRES / DOTATIONS AUX PROVISIONS RÉGLEMENTÉES,missing_root_type
,IMPÔTS SUR LE RÉSULTAT,,group,,1,,Comptes spéciaux,,,,Comptes spéciaux / IMPÔTS SUR LE RÉSULTAT,missing_root_type
,DÉGRÈVEMENTS ET ANNULATIONS D’IMPÔTS SUR RÉSULTATS ANTÉRIEURS,,group,,1,,Comptes spéciaux / IMPÔTS SUR LE RÉSULTAT,,,,Comptes spéciaux / IMPÔTS SUR LE RÉSULTAT / DÉGRÈVEMENTS ET ANNULATIONS D’IMPÔTS SUR RÉSULTATS ANTÉRIEURS,missing_root_type
,Annulations pour pertes rétroactives,,unspecified,,0,,Comptes spéciaux / IMPÔTS SUR LE RÉSULTAT / DÉGRÈVEMENTS ET ANNULATIONS D’IMPÔTS SUR RÉSULTATS ANTÉRIEURS,,,,Comptes spéciaux / IMPÔTS SUR LE RÉSULTAT / DÉGRÈVEMENTS ET ANNULATIONS D’IMPÔTS SUR RÉSULTATS ANTÉRIEURS / Annulations pour pertes rétroactives,missing_root_type
,Dégrèvements,,unspecified,,0,,Comptes spéciaux / IMPÔTS SUR LE RÉSULTAT / DÉGRÈVEMENTS ET ANNULATIONS D’IMPÔTS SUR RÉSULTATS ANTÉRIEURS,,,,Comptes spéciaux / IMPÔTS SUR LE RÉSULTAT / DÉGRÈVEMENTS ET ANNULATIONS D’IMPÔTS SUR RÉSULTATS ANTÉRIEURS / Dégrèvements,missing_root_type
,IMPÔT MINIMUM FORFAITAIRE (I.M.F.),,unspecified,,0,,Comptes spéciaux / IMPÔTS SUR LE RÉSULTAT,,,,Comptes spéciaux / IMPÔTS SUR LE RÉSULTAT / IMPÔT MINIMUM FORFAITAIRE (I.M.F.),missing_root_type
,IMPÔTS SUR LES BÉNÉFICES DE L'EXERCICE,,group,,1,,Comptes spéciaux / IMPÔTS SUR LE RÉSULTAT,,,,Comptes spéciaux / IMPÔTS SUR LE RÉSULTAT / IMPÔTS SUR LES BÉNÉFICES DE L'EXERCICE,missing_root_type
,Activités exercées dans l'État,,unspecified,,0,,Comptes spéciaux / IMPÔTS SUR LE RÉSULTAT / IMPÔTS SUR LES BÉNÉFICES DE L'EXERCICE,,,,Comptes spéciaux / IMPÔTS SUR LE RÉSULTAT / IMPÔTS SUR LES BÉNÉFICES DE L'EXERCICE / Activités exercées dans l'État,missing_root_type
,Activités exercées dans les autres États de la Région,,unspecified,,0,,Comptes spéciaux / IMPÔTS SUR LE RÉSULTAT / IMPÔTS SUR LES BÉNÉFICES DE L'EXERCICE,,,,Comptes spéciaux / IMPÔTS SUR LE RÉSULTAT / IMPÔTS SUR LES BÉNÉFICES DE L'EXERCICE / Activités exercées dans les autres États de la Région,missing_root_type
,Activités exercées hors Région,,unspecified,,0,,Comptes spéciaux / IMPÔTS SUR LE RÉSULTAT / IMPÔTS SUR LES BÉNÉFICES DE L'EXERCICE,,,,Comptes spéciaux / IMPÔTS SUR LE RÉSULTAT / IMPÔTS SUR LES BÉNÉFICES DE L'EXERCICE / Activités exercées hors Région,missing_root_type
,RAPPEL D'IMPÔTS SUR RÉSULTATS ANTÉRIEURS,,unspecified,,0,,Comptes spéciaux / IMPÔTS SUR LE RÉSULTAT,,,,Comptes spéciaux / IMPÔTS SUR LE RÉSULTAT / RAPPEL D'IMPÔTS SUR RÉSULTATS ANTÉRIEURS,missing_root_type
,PARTICIPATION DES TRAVAILLEURS,,group,,1,,Comptes spéciaux,,,,Comptes spéciaux / PARTICIPATION DES TRAVAILLEURS,missing_root_type
,AUTRES PARTICIPATIONS,,unspecified,,0,,Comptes spéciaux / PARTICIPATION DES TRAVAILLEURS,,,,Comptes spéciaux / PARTICIPATION DES TRAVAILLEURS / AUTRES PARTICIPATIONS,missing_root_type
,PARTICIPATION CONTRACTUELLE AUX BÉNÉFICES,,unspecified,,0,,Comptes spéciaux / PARTICIPATION DES TRAVAILLEURS,,,,Comptes spéciaux / PARTICIPATION DES TRAVAILLEURS / PARTICIPATION CONTRACTUELLE AUX BÉNÉFICES,missing_root_type
,PARTICIPATION LÉGALE AUX BÉNÉFICES,,unspecified,,0,,Comptes spéciaux / PARTICIPATION DES TRAVAILLEURS,,,,Comptes spéciaux / PARTICIPATION DES TRAVAILLEURS / PARTICIPATION LÉGALE AUX BÉNÉFICES,missing_root_type
,PRODUITS DES CESSIONS D'IMMOBILISATIONS,,group,,1,,Comptes spéciaux,,,,Comptes spéciaux / PRODUITS DES CESSIONS D'IMMOBILISATIONS,missing_root_type
,IMMOBILISATIONS CORPORELLES,,unspecified,,0,,Comptes spéciaux / PRODUITS DES CESSIONS D'IMMOBILISATIONS,,,,Comptes spéciaux / PRODUITS DES CESSIONS D'IMMOBILISATIONS / IMMOBILISATIONS CORPORELLES,missing_root_type
,IMMOBILISATIONS FINANCIÈRES,,unspecified,,0,,Comptes spéciaux / PRODUITS DES CESSIONS D'IMMOBILISATIONS,,,,Comptes spéciaux / PRODUITS DES CESSIONS D'IMMOBILISATIONS / IMMOBILISATIONS FINANCIÈRES,missing_root_type
,IMMOBILISATIONS INCORPORELLES,,unspecified,,0,,Comptes spéciaux / PRODUITS DES CESSIONS D'IMMOBILISATIONS,,,,Comptes spéciaux / PRODUITS DES CESSIONS D'IMMOBILISATIONS / IMMOBILISATIONS INCORPORELLES,missing_root_type
,PRODUITS HORS ACTIVITÉS ORDINAIRES,,group,,1,,Comptes spéciaux,,,,Comptes spéciaux / PRODUITS HORS ACTIVITÉS ORDINAIRES,missing_root_type
,ABANDONS DE CRÉANCES OBTENUS,,unspecified,,0,,Comptes spéciaux / PRODUITS HORS ACTIVITÉS ORDINAIRES,,,,Comptes spéciaux / PRODUITS HORS ACTIVITÉS ORDINAIRES / ABANDONS DE CRÉANCES OBTENUS,missing_root_type
,DONS ET LIBÉRALITÉS OBTENUS,,unspecified,,0,,Comptes spéciaux / PRODUITS HORS ACTIVITÉS ORDINAIRES,,,,Comptes spéciaux / PRODUITS HORS ACTIVITÉS ORDINAIRES / DONS ET LIBÉRALITÉS OBTENUS,missing_root_type
,PRODUITS H.A.O CONSTATÉS,,unspecified,,0,,Comptes spéciaux / PRODUITS HORS ACTIVITÉS ORDINAIRES,,,,Comptes spéciaux / PRODUITS HORS ACTIVITÉS ORDINAIRES / PRODUITS H.A.O CONSTATÉS,missing_root_type
,REPRISES DES CHARGES PROVISIONNÉES H.A.O.,,unspecified,,0,,Comptes spéciaux / PRODUITS HORS ACTIVITÉS ORDINAIRES,,,,Comptes spéciaux / PRODUITS HORS ACTIVITÉS ORDINAIRES / REPRISES DES CHARGES PROVISIONNÉES H.A.O.,missing_root_type
,TRANSFERTS DE CHARGES H.A.O,,unspecified,,0,,Comptes spéciaux / PRODUITS HORS ACTIVITÉS ORDINAIRES,,,,Comptes spéciaux / PRODUITS HORS ACTIVITÉS ORDINAIRES / TRANSFERTS DE CHARGES H.A.O,missing_root_type
,REPRISES HORS ACTIVITÉS ORDINAIRES,,group,,1,,Comptes spéciaux,,,,Comptes spéciaux / REPRISES HORS ACTIVITÉS ORDINAIRES,missing_root_type
,AUTRES REPRISES H.A.O.,,unspecified,,0,,Comptes spéciaux / REPRISES HORS ACTIVITÉS ORDINAIRES,,,,Comptes spéciaux / REPRISES HORS ACTIVITÉS ORDINAIRES / AUTRES REPRISES H.A.O.,missing_root_type
,REPRISES DE PROVISIONS POUR DÉPRÉCIATION H.A.O.,,unspecified,,0,,Comptes spéciaux / REPRISES HORS ACTIVITÉS ORDINAIRES,,,,Comptes spéciaux / REPRISES HORS ACTIVITÉS ORDINAIRES / REPRISES DE PROVISIONS POUR DÉPRÉCIATION H.A.O.,missing_root_type
,REPRISES DE PROVISIONS POUR RISQUES ET CHARGES H.A.O.,,unspecified,,0,,Comptes spéciaux / REPRISES HORS ACTIVITÉS ORDINAIRES,,,,Comptes spéciaux / REPRISES HORS ACTIVITÉS ORDINAIRES / REPRISES DE PROVISIONS POUR RISQUES ET CHARGES H.A.O.,missing_root_type
,REPRISES DE PROVISIONS RÉGLEMENTÉES,,unspecified,,0,,Comptes spéciaux / REPRISES HORS ACTIVITÉS ORDINAIRES,,,,Comptes spéciaux / REPRISES HORS ACTIVITÉS ORDINAIRES / REPRISES DE PROVISIONS RÉGLEMENTÉES,missing_root_type
,REPRISES DE SUBVENTIONS D’INVESTISSEMENT,,unspecified,,0,,Comptes spéciaux / REPRISES HORS ACTIVITÉS ORDINAIRES,,,,Comptes spéciaux / REPRISES HORS ACTIVITÉS ORDINAIRES / REPRISES DE SUBVENTIONS D’INVESTISSEMENT,missing_root_type
,REPRISES D’AMORTISSEMENTS,,unspecified,,0,,Comptes spéciaux / REPRISES HORS ACTIVITÉS ORDINAIRES,,,,Comptes spéciaux / REPRISES HORS ACTIVITÉS ORDINAIRES / REPRISES D’AMORTISSEMENTS,missing_root_type
,SUBVENTIONS D'ÉQUILIBRE,,group,,1,,Comptes spéciaux,,,,Comptes spéciaux / SUBVENTIONS D'ÉQUILIBRE,missing_root_type
,AUTRES,,unspecified,,0,,Comptes spéciaux / SUBVENTIONS D'ÉQUILIBRE,,,,Comptes spéciaux / SUBVENTIONS D'ÉQUILIBRE / AUTRES,missing_root_type
,COLLECTIVITÉS PUBLIQUES,,unspecified,,0,,Comptes spéciaux / SUBVENTIONS D'ÉQUILIBRE,,,,Comptes spéciaux / SUBVENTIONS D'ÉQUILIBRE / COLLECTIVITÉS PUBLIQUES,missing_root_type
,GROUPE,,unspecified,,0,,Comptes spéciaux / SUBVENTIONS D'ÉQUILIBRE,,,,Comptes spéciaux / SUBVENTIONS D'ÉQUILIBRE / GROUPE,missing_root_type
,ÉTAT,,unspecified,,0,,Comptes spéciaux / SUBVENTIONS D'ÉQUILIBRE,,,,Comptes spéciaux / SUBVENTIONS D'ÉQUILIBRE / ÉTAT,missing_root_type
,VALEURS COMPTABLES DES CESSIONS D'IMMOBILISATIONS,,group,,1,,Comptes spéciaux,,,,Comptes spéciaux / VALEURS COMPTABLES DES CESSIONS D'IMMOBILISATIONS,missing_root_type
,IMMOBILISATIONS CORPORELLES,,unspecified,,0,,Comptes spéciaux / VALEURS COMPTABLES DES CESSIONS D'IMMOBILISATIONS,,,,Comptes spéciaux / VALEURS COMPTABLES DES CESSIONS D'IMMOBILISATIONS / IMMOBILISATIONS CORPORELLES,missing_root_type
,IMMOBILISATIONS FINANCIÈRES,,unspecified,,0,,Comptes spéciaux / VALEURS COMPTABLES DES CESSIONS D'IMMOBILISATIONS,,,,Comptes spéciaux / VALEURS COMPTABLES DES CESSIONS D'IMMOBILISATIONS / IMMOBILISATIONS FINANCIÈRES,missing_root_type
,IMMOBILISATIONS INCORPORELLES,,unspecified,,0,,Comptes spéciaux / VALEURS COMPTABLES DES CESSIONS D'IMMOBILISATIONS,,,,Comptes spéciaux / VALEURS COMPTABLES DES CESSIONS D'IMMOBILISATIONS / IMMOBILISATIONS INCORPORELLES,missing_root_type
