code,name,root_type,subtype,normal_balance,is_group,role_hint,parent_path,source_type,reconcile,description,source_id,flags
0050,"Unpaid uncalled contributions to general partner capital, gp",asset,non_current_asset,debit,0,,,asset_non_current,,,chart_skr04_50,
0060,"Unpaid called contributions to general partner capital, gp",asset,non_current_asset,debit,0,,,asset_non_current,,,chart_skr04_60,
0070,"Unpaid uncalled contributions to limited partner capital, lp",asset,non_current_asset,debit,0,,,asset_non_current,,,chart_skr04_70,
0080,"Unpaid called contributions to limited partner capital, lp",asset,non_current_asset,debit,0,,,asset_non_current,,,chart_skr04_80,
0090,Unpaid and due shares in co-operatives,asset,non_current_asset,debit,0,,,asset_non_current,,,chart_skr04_90,
0100,"Purchased concessions, industrial and similar rights and assets, and licences in such rights and assets",asset,non_current_asset,debit,0,,,asset_non_current,,,chart_skr04_100,
0110,Concessions,asset,non_current_asset,debit,0,,,asset_non_current,,,chart_skr04_110,
0120,Industrial rights,asset,non_current_asset,debit,0,,,asset_non_current,,,chart_skr04_120,
0130,Other rights and assets,asset,non_current_asset,debit,0,,,asset_non_current,,,chart_skr04_130,
0135,Computer software,asset,non_current_asset,debit,0,,,asset_non_current,,,chart_skr04_135,
0140,Licences in industrial and similar rights and assets,asset,non_current_asset,debit,0,,,asset_non_current,,,chart_skr04_140,
0143,Internally generated intangible fixed assets,asset,non_current_asset,debit,0,,,asset_non_current,,,chart_skr04_143,
0144,Computer software,asset,non_current_asset,debit,0,,,asset_non_current,,,chart_skr04_144,
0145,Licences and franchise agreements,asset,non_current_asset,debit,0,,,asset_non_current,,,chart_skr04_145,
0146,Concessions and industrial rights,asset,non_current_asset,debit,0,,,asset_non_current,,,chart_skr04_146,
0147,"Recipes and formulas, processes, prototypes",asset,non_current_asset,debit,0,,,asset_non_current,,,chart_skr04_147,
0148,Intangible fixed assets under development,asset,non_current_asset,debit,0,,,asset_non_current,,,chart_skr04_148,
0150,Goodwill,asset,non_current_asset,debit,0,,,asset_non_current,,,chart_skr04_150,
0170,Prepayments for intangible fixed assets,asset,non_current_asset,debit,0,,,asset_non_current,,,chart_skr04_170,
0179,Prepayments for goodwill,asset,non_current_asset,debit,0,,,asset_non_current,,,chart_skr04_179,
0200,"Land, land rights andbuildings, including buildings on third-party land",asset,fixed_asset,debit,0,,,asset_fixed,,,chart_skr04_200,
0210,Land rights without buildings,asset,fixed_asset,debit,0,,,asset_fixed,,,chart_skr04_210,
0215,Undeveloped land,asset,fixed_asset,debit,0,,,asset_fixed,,,chart_skr04_215,
0220,"Land rights (heritable building rights, longterm occupancy rights)",asset,fixed_asset,debit,0,,,asset_fixed,,,chart_skr04_220,
0225,Impaired land,asset,fixed_asset,debit,0,,,asset_fixed,,,chart_skr04_225,
0230,Buildings on own land and land rights,asset,fixed_asset,debit,0,,,asset_fixed,,,chart_skr04_230,
0235,Property values of own developed land,asset,fixed_asset,debit,0,,,asset_fixed,,,chart_skr04_235,
0240,Commercial buildings,asset,fixed_asset,debit,0,,,asset_fixed,,,chart_skr04_240,
0250,Industrial buildings,asset,fixed_asset,debit,0,,,asset_fixed,,,chart_skr04_250,
0260,Other buildings,asset,fixed_asset,debit,0,,,asset_fixed,,,chart_skr04_260,
0270,Garages,asset,fixed_asset,debit,0,,,asset_fixed,,,chart_skr04_270,
0280,Outdoor facilities,asset,fixed_asset,debit,0,,,asset_fixed,,,chart_skr04_280,
0285,Paved courtyards and other paved surfaces,asset,fixed_asset,debit,0,,,asset_fixed,,,chart_skr04_285,
0290,Fixtures in commercial and industrial buildings,asset,fixed_asset,debit,0,,,asset_fixed,,,chart_skr04_290,
0300,Residential buildings,asset,fixed_asset,debit,0,,,asset_fixed,,,chart_skr04_300,
0305,Garages,asset,fixed_asset,debit,0,,,asset_fixed,,,chart_skr04_305,
0310,Outdoor facilities,asset,fixed_asset,debit,0,,,asset_fixed,,,chart_skr04_310,
0315,Paved courtyards and other paved surfaces,asset,fixed_asset,debit,0,,,asset_fixed,,,chart_skr04_315,
0320,Fixtures in residential buildings,asset,fixed_asset,debit,0,,,asset_fixed,,,chart_skr04_320,
0329,Share of building attributable to home office,asset,fixed_asset,debit,0,,,asset_fixed,,,chart_skr04_329,
0330,Buildings on third-party land,asset,fixed_asset,debit,0,,,asset_fixed,,,chart_skr04_330,
0340,Commercial buildings,asset,fixed_asset,debit,0,,,asset_fixed,,,chart_skr04_340,
0350,Industrial buildings,asset,fixed_asset,debit,0,,,asset_fixed,,,chart_skr04_350,
0360,Residential buildings,asset,fixed_asset,debit,0,,,asset_fixed,,,chart_skr04_360,
0370,Other buildings,asset,fixed_asset,debit,0,,,asset_fixed,,,chart_skr04_370,
0380,Garages,asset,fixed_asset,debit,0,,,asset_fixed,,,chart_skr04_380,
0390,Outdoor facilities,asset,fixed_asset,debit,0,,,asset_fixed,,,chart_skr04_390,
0395,Paved courtyards and other paved surfaces,asset,fixed_asset,debit,0,,,asset_fixed,,,chart_skr04_395,
0398,Fixtures in commercial and industrial buildings,asset,fixed_asset,debit,0,,,asset_fixed,,,chart_skr04_398,
0400,Technical equipment and machinery,asset,fixed_asset,debit,0,,,asset_fixed,,,chart_skr04_400,
0420,Technical equipment,asset,fixed_asset,debit,0,,,asset_fixed,,,chart_skr04_420,
0440,Machinery,asset,fixed_asset,debit,0,,,asset_fixed,,,chart_skr04_440,
0450,Transportation and similar systems,asset,fixed_asset,debit,0,,,asset_fixed,,,chart_skr04_450,
0460,Machine tools,asset,fixed_asset,debit,0,,,asset_fixed,,,chart_skr04_460,
0470,Operating facilities,asset,fixed_asset,debit,0,,,asset_fixed,,,chart_skr04_470,
0500,"Other equipment, operating and office equipment",asset,fixed_asset,debit,0,,,asset_fixed,,,chart_skr04_500,
0510,Other equipment,asset,fixed_asset,debit,0,,,asset_fixed,,,chart_skr04_510,
0520,Passenger cars,asset,fixed_asset,debit,0,,,asset_fixed,,,chart_skr04_520,
0540,Heavy goods vehicles,asset,fixed_asset,debit,0,,,asset_fixed,,,chart_skr04_540,
0560,Other transportation resources,asset,fixed_asset,debit,0,,,asset_fixed,,,chart_skr04_560,
0620,Tools,asset,fixed_asset,debit,0,,,asset_fixed,,,chart_skr04_620,
0630,Operating equipment,asset,fixed_asset,debit,0,,,asset_fixed,,,chart_skr04_630,
0635,Office equipment,asset,fixed_asset,debit,0,,,asset_fixed,,,chart_skr04_635,
0640,Shop fittings,asset,fixed_asset,debit,0,,,asset_fixed,,,chart_skr04_640,
0650,Office fittings,asset,fixed_asset,debit,0,,,asset_fixed,,,chart_skr04_650,
0660,Scaffolding and formwork materials,asset,fixed_asset,debit,0,,,asset_fixed,,,chart_skr04_660,
0670,Low-value assets,asset,fixed_asset,debit,0,,,asset_fixed,,,chart_skr04_670,
0675,Assets (collective item),asset,fixed_asset,debit,0,,,asset_fixed,,,chart_skr04_675,
0680,Leasehold improvements,asset,fixed_asset,debit,0,,,asset_fixed,,,chart_skr04_680,
0690,Other operating and office equipment,asset,fixed_asset,debit,0,,,asset_fixed,,,chart_skr04_690,
0700,Prepayments and assets under construction,asset,fixed_asset,debit,0,,,asset_fixed,,,chart_skr04_700,
0705,Advance payments on land,asset,fixed_asset,debit,0,,,asset_fixed,,,chart_skr04_705,
0710,"Commercial, industrial and other buildings under construction",asset,fixed_asset,debit,0,,,asset_fixed,,,chart_skr04_710,
0720,"Advance payments on commercial, industrial and other buildings on own properties",asset,fixed_asset,debit,0,,,asset_fixed,,,chart_skr04_720,
0725,Residential buildings under construction,asset,fixed_asset,debit,0,,,asset_fixed,,,chart_skr04_725,
0735,Advance payments on residential buildings on own properties,asset,fixed_asset,debit,0,,,asset_fixed,,,chart_skr04_735,
0740,"Commercial, industrial and other buildings under construction",asset,fixed_asset,debit,0,,,asset_fixed,,,chart_skr04_740,
0755,Residential buildings under construction,asset,fixed_asset,debit,0,,,asset_fixed,,,chart_skr04_755,
0765,Prepayments on residential buildings on third-party land,asset,fixed_asset,debit,0,,,asset_fixed,,,chart_skr04_765,
0770,Technical equipment and machinery under construction,asset,fixed_asset,debit,0,,,asset_fixed,,,chart_skr04_770,
0780,Prepayments on technical equipment and machinery,asset,fixed_asset,debit,0,,,asset_fixed,,,chart_skr04_780,
0785,"Other equipment, operating and office equipment under construction",asset,fixed_asset,debit,0,,,asset_fixed,,,chart_skr04_785,
0795,"Prepayments on other equipment, operating and office equipment",asset,fixed_asset,debit,0,,,asset_fixed,,,chart_skr04_795,
0800,Shares in affiliated companies (fixed assets),asset,non_current_asset,debit,0,,,asset_non_current,,,chart_skr04_800,
0803,"Shares in affiliated companies, partnerships",asset,non_current_asset,debit,0,,,asset_non_current,,,chart_skr04_803,
0804,"Shares in affiliated companies, corporations",asset,non_current_asset,debit,0,,,asset_non_current,,,chart_skr04_804,
0805,"Shares in affiliated majority investor, partnership",asset,non_current_asset,debit,0,,,asset_non_current,,,chart_skr04_805,
0808,"Shares in parent or majority investor, corporations",asset,non_current_asset,debit,0,,,asset_non_current,,,chart_skr04_808,
0809,Shares in parent or in majority investor,asset,non_current_asset,debit,0,,,asset_non_current,,,chart_skr04_809,
0810,Loans to affiliated companies,asset,non_current_asset,debit,0,,,asset_non_current,,,chart_skr04_810,
0813,"Loans to affiliated companies, partnerships",asset,non_current_asset,debit,0,,,asset_non_current,,,chart_skr04_813,
0814,"Loans to affiliated companies, corporations",asset,non_current_asset,debit,0,,,asset_non_current,,,chart_skr04_814,
0815,"Loans to affiliated companies, sole proprietorships",asset,non_current_asset,debit,0,,,asset_non_current,,,chart_skr04_815,
0820,Other long-term equity investments,asset,non_current_asset,debit,0,,,asset_non_current,,,chart_skr04_820,
0829,Investment by a GmbH & Co. KG in a general partner GmbH,asset,non_current_asset,debit,0,,,asset_non_current,,,chart_skr04_829,
0830,Typical silent partnerships,asset,non_current_asset,debit,0,,,asset_non_current,,,chart_skr04_830,
0840,Atypical silent partnerships,asset,non_current_asset,debit,0,,,asset_non_current,,,chart_skr04_840,
0850,Investments in corporations,asset,non_current_asset,debit,0,,,asset_non_current,,,chart_skr04_850,
0860,Investments in partnerships,asset,non_current_asset,debit,0,,,asset_non_current,,,chart_skr04_860,
0880,Loans to other longterm investees and investors,asset,non_current_asset,debit,0,,,asset_non_current,,,chart_skr04_880,
0883,"Loans to other longterm investees or investors, partnerships",asset,non_current_asset,debit,0,,,asset_non_current,,,chart_skr04_883,
0885,"Loans to other longterm investees or investors, corporations",asset,non_current_asset,debit,0,,,asset_non_current,,,chart_skr04_885,
0900,Long-term securities,asset,non_current_asset,debit,0,,,asset_non_current,,,chart_skr04_900,
0910,Securities with profit participation rights that are subject to the partial income system,asset,non_current_asset,debit,0,,,asset_non_current,,,chart_skr04_910,
0920,Fixed-income securities,asset,non_current_asset,debit,0,,,asset_non_current,,,chart_skr04_920,
0930,Other miscellaneous loans,asset,non_current_asset,debit,0,,,asset_non_current,,,chart_skr04_930,
0940,Loans,asset,non_current_asset,debit,0,,,asset_non_current,,,chart_skr04_940,
0960,Loans to shareholders/partners,asset,non_current_asset,debit,0,,,asset_non_current,,,chart_skr04_960,
0961,Loans to GmbH shareholders,asset,non_current_asset,debit,0,,,asset_non_current,,,chart_skr04_961,
0962,Loans to general partners,asset,non_current_asset,debit,0,,,asset_non_current,,,chart_skr04_962,
0963,Loans to limited partners,asset,non_current_asset,debit,0,,,asset_non_current,,,chart_skr04_963,
0964,Loans to silent partners,asset,non_current_asset,debit,0,,,asset_non_current,,,chart_skr04_964,
0970,Loans to related parties,asset,non_current_asset,debit,0,,,asset_non_current,,,chart_skr04_970,
0980,Long-term shares in cooperatives,asset,non_current_asset,debit,0,,,asset_non_current,,,chart_skr04_980,
1000,"Inventories of raw materials, consumables and supplies",asset,current_asset,debit,0,,,asset_current,,,chart_skr04_1000,
1040,Work in progress (inventories),asset,current_asset,debit,0,,,asset_current,,,chart_skr04_1040,
1050,Unfinished goods,asset,current_asset,debit,0,,,asset_current,,,chart_skr04_1050,
1080,Services in progress,asset,current_asset,debit,0,,,asset_current,,,chart_skr04_1080,
1090,Construction contracts in progress,asset,current_asset,debit,0,,,asset_current,,,chart_skr04_1090,
1095,Orders in progress,asset,current_asset,debit,0,,,asset_current,,,chart_skr04_1095,
1100,Finished goods and merchandise (inventories),asset,current_asset,debit,0,,,asset_current,,,chart_skr04_1100,
1110,Finished goods (inventories),asset,current_asset,debit,0,,,asset_current,,,chart_skr04_1110,
1140,Merchandise (inventories),asset,current_asset,debit,0,,,asset_current,,,chart_skr04_1140,
1180,Prepayments for inventories,asset,current_asset,debit,0,,,asset_current,,,chart_skr04_1180,
1181,"Prepayments, 7 % input tax",asset,current_asset,debit,0,,,asset_current,,,chart_skr04_1181,
1186,"Prepayments, 19 % input tax",asset,current_asset,debit,0,,,asset_current,,,chart_skr04_1186,
1190,Payments received on account of orders (deducted from inventories on the face of the balance sheet),asset,current_asset,debit,0,,,asset_current,,,chart_skr04_1190,
1200,Trade receivables,asset,receivable,debit,0,receivables,,asset_receivable,1,,chart_skr04_1200,
1205,Trade receivables (Odoo),asset,receivable,debit,0,receivables,,asset_receivable,1,,chart_skr04_1205,
1206,Trade receivables (PoS),asset,receivable,debit,0,receivables,,asset_receivable,1,,chart_skr04_1206,
1210,"Trade receivables, no separate receivables/payables accounting",asset,receivable,debit,0,receivables,,asset_receivable,1,,chart_skr04_1210,
1215,Trade receivables at general VAT rate or of a VAT-exempt small business (cash basis accounting),asset,receivable,debit,0,receivables,,asset_receivable,1,,chart_skr04_1215,
1216,Trade receivables at reduced VAT rate (cash basis accounting),asset,receivable,debit,0,receivables,,asset_receivable,1,,chart_skr04_1216,
1217,Tax-exempt or untaxed trade receivables (cash basis accounting),asset,receivable,debit,0,receivables,,asset_receivable,1,,chart_skr04_1217,
1218,Trade receivables at average rates under section 24 UStG (cash basis accounting),asset,receivable,debit,0,receivables,,asset_receivable,1,,chart_skr04_1218,
1219,Contra account 1215-1218 if receivables are classified by tax rates (cash basis accounting),asset,receivable,debit,0,receivables,,asset_receivable,1,,chart_skr04_1219,
1220,Receivables under section 11 (1) sentence 2 EStG for section 4/3 EStG,asset,receivable,debit,0,receivables,,asset_receivable,1,,chart_skr04_1220,
1221,"Trade receivables, no separate receivables/payables accounting - remaining term up to 1 year",asset,current_asset,debit,0,,,asset_current,,,chart_skr04_1221,
1225,"Trade receivables, no separate receivables/payables accounting - remaining term greater than 1 year",asset,non_current_asset,debit,0,,,asset_non_current,,,chart_skr04_1225,
1230,Bills receivable,asset,current_asset,debit,0,,,asset_current,,,chart_skr04_1230,
1231,Bills receivable - remaining term up to 1 year,asset,current_asset,debit,0,,,asset_current,,,chart_skr04_1231,
1232,Bills receivable - remaining term greater than 1 year,asset,non_current_asset,debit,0,,,asset_non_current,,,chart_skr04_1232,
1235,"Bills receivable, eligible for discount with central bank",asset,non_current_asset,debit,0,,,asset_non_current,,,chart_skr04_1235,
1240,Doubtful receivables,asset,receivable,debit,0,receivables,,asset_receivable,1,,chart_skr04_1240,
1241,Doubtful receivables - remaining term up to 1 year,asset,current_asset,debit,0,,,asset_current,,,chart_skr04_1241,
1245,Doubtful receivables - remaining term greater than 1 year,asset,non_current_asset,debit,0,,,asset_non_current,,,chart_skr04_1245,
1246,Specific valuation allowances on receivables remaining term up to 1 year,asset,current_asset,debit,0,,,asset_current,,,chart_skr04_1246,
1247,Specific valuation allowances on receivables remaining term greater than 1 year,asset,non_current_asset,debit,0,,,asset_non_current,,,chart_skr04_1247,
1248,Global valuation allowance on receivables remaining term up to 1 year,asset,current_asset,debit,0,,,asset_current,,,chart_skr04_1248,
1249,Global valuation allowance on receivables remaining term greater than 1 year,asset,non_current_asset,debit,0,,,asset_non_current,,,chart_skr04_1249,
1250,Trade receivables from shareholders/partners,asset,receivable,debit,0,receivables,,asset_receivable,1,,chart_skr04_1250,
1251,Trade receivables from shareholders/partners - remaining term up to 1 year,asset,current_asset,debit,0,,,asset_current,,,chart_skr04_1251,
1255,Trade receivables from shareholders/partners - remaining term greater than 1 year,asset,non_current_asset,debit,0,,,asset_non_current,,,chart_skr04_1255,
1260,Receivables from affiliated companies,asset,receivable,debit,0,receivables,,asset_receivable,1,,chart_skr04_1260,
1261,Receivables from affiliated companies - remaining term up to 1 year,asset,current_asset,debit,0,,,asset_current,,,chart_skr04_1261,
1265,Receivables from affiliated companies - remaining term greater than 1 year,asset,non_current_asset,debit,0,,,asset_non_current,,,chart_skr04_1265,
1266,Bills receivable from affiliated companies,asset,receivable,debit,0,receivables,,asset_receivable,1,,chart_skr04_1266,
1267,Bills receivable from affiliated companies - remaining term up to 1 year,asset,current_asset,debit,0,,,asset_current,,,chart_skr04_1267,
1268,Bills receivable from affiliated companies - remaining term greater than 1 year,asset,non_current_asset,debit,0,,,asset_non_current,,,chart_skr04_1268,
1269,"Bills receivable from affiliated companies, eligible for discount with central bank",asset,non_current_asset,debit,0,,,asset_non_current,,,chart_skr04_1269,
1270,Trade receivables from affiliated companies,asset,receivable,debit,0,receivables,,asset_receivable,1,,chart_skr04_1270,
1271,Trade receivables from affiliated companies - remaining term up to 1 year,asset,current_asset,debit,0,,,asset_current,,,chart_skr04_1271,
1275,Trade receivables from affiliated companies - remaining term greater than 1 year,asset,non_current_asset,debit,0,,,asset_non_current,,,chart_skr04_1275,
1276,Valuation allowances on receivables from affiliated companies remaining term up to 1 year,asset,current_asset,debit,0,,,asset_current,,,chart_skr04_1276,
1277,Valuation allowances on receivables from affiliated companies remaining term greater than 1 year,asset,non_current_asset,debit,0,,,asset_non_current,,,chart_skr04_1277,
1280,Receivables from other long - term investees and investors,asset,receivable,debit,0,receivables,,asset_receivable,1,,chart_skr04_1280,
1281,Receivables from other long - term investees and investors - remaining term up to 1 year,asset,current_asset,debit,0,,,asset_current,,,chart_skr04_1281,
1285,Receivables from other long - term investees and investors - remaining term greater than 1 year,asset,non_current_asset,debit,0,,,asset_non_current,,,chart_skr04_1285,
1286,Bills receivable from other long - term investees and investors,asset,current_asset,debit,0,,,asset_current,,,chart_skr04_1286,
1287,Bills receivable from other long - term investees and investors - remaining term up to 1 year,asset,current_asset,debit,0,,,asset_current,,,chart_skr04_1287,
1288,Bills receivable from other long - term investees and investors - remaining term greater than 1 year,asset,non_current_asset,debit,0,,,asset_non_current,,,chart_skr04_1288,
1289,"Bills receivable from other long - term investees and investors, eligible for discount with central bank",asset,non_current_asset,debit,0,,,asset_non_current,,,chart_skr04_1289,
1290,Trade receivables from other long - term investees and investors,asset,receivable,debit,0,receivables,,asset_receivable,1,,chart_skr04_1290,
1291,Trade receivables from other long - term investees and investors - remaining term up to 1 year,asset,current_asset,debit,0,,,asset_current,,,chart_skr04_1291,
1295,Trade receivables from other long - term investees and investors - remaining term greater than 1 year,asset,non_current_asset,debit,0,,,asset_non_current,,,chart_skr04_1295,
1296,Valuation allowances on receivables from other long - term investees and investors remaining term up to 1 year,asset,current_asset,debit,0,,,asset_current,,,chart_skr04_1296,
1297,Valuation allowances on receivables from other long - term investees and investors remaining term greater than 1 year,asset,non_current_asset,debit,0,,,asset_non_current,,,chart_skr04_1297,
1298,Unpaid called contributions to subscribed capital (receivables),asset,current_asset,debit,0,,,asset_current,,,chart_skr04_1298,
1299,Supplementary calls (receivables; contra account 2929),asset,current_asset,debit,0,,,asset_current,,,chart_skr04_1299,
1300,Other assets,asset,current_asset,debit,0,,,asset_current,,,chart_skr04_1300,
1301,Other assets - remaining term up to 1 year,asset,current_asset,debit,0,,,asset_current,,,chart_skr04_1301,
1305,Other assets - remaining term greater than 1 year,asset,current_asset,debit,0,,,asset_current,,,chart_skr04_1305,
1307,Receivables from GmbH shareholders,asset,current_asset,debit,0,,,asset_current,,,chart_skr04_1307,
1308,Receivables from GmbH shareholders - remaining term up to 1 year,asset,current_asset,debit,0,,,asset_current,,,chart_skr04_1308,
1309,Receivables from GmbH shareholders - remaining term greater than 1 year,asset,current_asset,debit,0,,,asset_current,,,chart_skr04_1309,
1310,Receivables from executive board members and managing directors,asset,current_asset,debit,0,,,asset_current,,,chart_skr04_1310,
1311,Receivables from executive board members and managing directors - remaining term up to 1 year,asset,current_asset,debit,0,,,asset_current,,,chart_skr04_1311,
1315,Receivables from executive board members and managing directors - remaining term greater than 1 year,asset,current_asset,debit,0,,,asset_current,,,chart_skr04_1315,
1317,Receivables from general partners,asset,current_asset,debit,0,,,asset_current,,,chart_skr04_1317,
1318,Receivables from general partners - remaining term up to 1 year,asset,current_asset,debit,0,,,asset_current,,,chart_skr04_1318,
1319,Receivables from general partners - remaining term greater than 1 year,asset,current_asset,debit,0,,,asset_current,,,chart_skr04_1319,
1320,Receivables from supervisory and advisory board members,asset,current_asset,debit,0,,,asset_current,,,chart_skr04_1320,
1321,Receivables from supervisory and advisory board members - remaining term up to 1 year,asset,current_asset,debit,0,,,asset_current,,,chart_skr04_1321,
1325,Receivables from supervisory and advisory board members - remaining term greater than 1 year,asset,current_asset,debit,0,,,asset_current,,,chart_skr04_1325,
1327,Receivables from limited partners and atypical silent partners,asset,current_asset,debit,0,,,asset_current,,,chart_skr04_1327,
1328,Receivables from limited partners and atypical silent partners - remaining term up to 1 year,asset,current_asset,debit,0,,,asset_current,,,chart_skr04_1328,
1329,Receivables from limited partners and atypical silent partners - remaining term greater than 1 year,asset,current_asset,debit,0,,,asset_current,,,chart_skr04_1329,
1330,Receivables from other shareholders,asset,current_asset,debit,0,,,asset_current,,,chart_skr04_1330,
1331,Receivables from other shareholders - remaining term up to 1 year,asset,current_asset,debit,0,,,asset_current,,,chart_skr04_1331,
1335,Receivables from other shareholders - remaining term greater than 1 year,asset,current_asset,debit,0,,,asset_current,,,chart_skr04_1335,
1337,Receivables from typical silent partners,asset,current_asset,debit,0,,,asset_current,,,chart_skr04_1337,
1338,Receivables from typical silent partners - remaining term up to 1 year,asset,current_asset,debit,0,,,asset_current,,,chart_skr04_1338,
1339,Receivables from typical silent partners - remaining term greater than 1 year,asset,current_asset,debit,0,,,asset_current,,,chart_skr04_1339,
1340,Receivables from employees (payroll),asset,current_asset,debit,0,,,asset_current,,,chart_skr04_1340,
1341,Receivables from employees (payroll) - remaining term up to 1 year,asset,current_asset,debit,0,,,asset_current,,,chart_skr04_1341,
1345,Receivables from employees (payroll) - remaining term greater than 1 year,asset,current_asset,debit,0,,,asset_current,,,chart_skr04_1345,
1350,Security deposits,asset,current_asset,debit,0,,,asset_current,,,chart_skr04_1350,
1351,Security deposits - remaining term up to 1 year,asset,current_asset,debit,0,,,asset_current,,,chart_skr04_1351,
1355,Security deposits - remaining term greater than 1 year,asset,current_asset,debit,0,,,asset_current,,,chart_skr04_1355,
1360,Loans,asset,current_asset,debit,0,,,asset_current,,,chart_skr04_1360,
1361,Loans - remaining term up to 1 year,asset,current_asset,debit,0,,,asset_current,,,chart_skr04_1361,
1365,Loans - remaining term greater than 1 year,asset,current_asset,debit,0,,,asset_current,,,chart_skr04_1365,
1369,Receivables from health insurance funds from Act on Reimbursement of Employers' Expenses (AAG),asset,current_asset,debit,0,,,asset_current,,,chart_skr04_1369,
1370,Items in transit,asset,current_asset,debit,0,,,asset_current,,,chart_skr04_1370,
1374,Third-party funds,asset,current_asset,debit,0,,,asset_current,,,chart_skr04_1374,
1375,Consignment goods accounts,asset,current_asset,debit,0,,,asset_current,,,chart_skr04_1375,
1378,Pension liability insurance claims,asset,current_asset,debit,0,,,asset_current,,,chart_skr04_1378,
1380,Long-term assets for the settlement of provisions for pensions and similar obligations,asset,current_asset,debit,0,,,asset_current,,,chart_skr04_1380,
1381,Long-term assets for offsetting provisions for pensions and similar obligations in accordance with section 246(2) HGB,asset,current_asset,debit,0,,,asset_current,,,chart_skr04_1381,
1382,Assets to settle obligations comparable to post-employment benefits,asset,current_asset,debit,0,,,asset_current,,,chart_skr04_1382,
1383,Assets for offsetting with obligations comparable to post-employment benefits under s.246(2) of the HGB,asset,current_asset,debit,0,,,asset_current,,,chart_skr04_1383,
1390,GmbH shares held for sale,asset,current_asset,debit,0,,,asset_current,,,chart_skr04_1390,
1391,Receivables from project consortiums,asset,current_asset,debit,0,,,asset_current,,,chart_skr04_1391,
1393,Profit participation rights,asset,current_asset,debit,0,,,asset_current,,,chart_skr04_1393,
1394,Supplementary payments or additional contributions receivable,asset,current_asset,debit,0,,,asset_current,,,chart_skr04_1394,
1395,Shares in cooperatives held for sale,asset,current_asset,debit,0,,,asset_current,,,chart_skr04_1395,
1396,"Subsequently deductible input tax, section 15a(1) UStG, movable assets",asset,current_asset,debit,0,,,asset_current,,,chart_skr04_1396,
1397,"Repayable input tax, section 15a(1) UStG, movable assets",asset,current_asset,debit,0,,,asset_current,,,chart_skr04_1397,
1398,"Subsequently deductible input tax, section 15a(1) UStG, immovable property",asset,current_asset,debit,0,,,asset_current,,,chart_skr04_1398,
1399,"Repayable input tax, section 15a(1) UStG, immovable property",asset,current_asset,debit,0,,,asset_current,,,chart_skr04_1399,
1400,Deductible input tax,asset,current_asset,debit,0,,,asset_current,,,chart_skr04_1400,
1401,"Deductible input tax, 7%",asset,current_asset,debit,0,,,asset_current,,,chart_skr04_1401,
1402,Deductible input tax on intra-European Union acquisitions,asset,current_asset,debit,0,,,asset_current,,,chart_skr04_1402,
1404,"Deductible input tax on intra-European Union acquisitions, 19 %",asset,current_asset,debit,0,,,asset_current,,,chart_skr04_1404,
1406,"Deductible input tax, 19 %",asset,current_asset,debit,0,,,asset_current,,,chart_skr04_1406,
1407,"Deductible input tax under section 13b UStG, 19 %",asset,current_asset,debit,0,,,asset_current,,,chart_skr04_1407,
1408,Deductible input tax under section 13b UStG,asset,current_asset,debit,0,,,asset_current,,,chart_skr04_1408,
1410,Input tax allocation accounts,asset,current_asset,debit,0,,,asset_current,,,chart_skr04_1410,
1411,"Input tax allocation account, 7 %",asset,current_asset,debit,0,,,asset_current,,,chart_skr04_1411,
1412,Allocation account for input tax on intra-European Union acquisitions,asset,current_asset,debit,0,,,asset_current,,,chart_skr04_1412,
1413,"Allocation account for input tax on intra -European Union acquisitions, 19 %",asset,current_asset,debit,0,,,asset_current,,,chart_skr04_1413,
1416,"Input tax allocation account, 19 %",asset,current_asset,debit,0,,,asset_current,,,chart_skr04_1416,
1417,Input tax allocation account under sections 13a and 13b UStG,asset,current_asset,debit,0,,,asset_current,,,chart_skr04_1417,
1419,"Input tax allocation account under sections 13a and 13b UStG, 19 %",asset,current_asset,debit,0,,,asset_current,,,chart_skr04_1419,
1420,Accounts receivable from VAT advance payments,asset,current_asset,debit,0,,,asset_current,,,chart_skr04_1420,
1421,Accounts receivable from VAT advance payments for current year,asset,receivable,debit,0,receivables,,asset_receivable,1,,chart_skr04_1421,
1422,"VAT receivables, previous year",asset,current_asset,debit,0,,,asset_current,,,chart_skr04_1422,
1425,"VAT receivables, earlier years",asset,current_asset,debit,0,,,asset_current,,,chart_skr04_1425,
1427,Receivables from excise duties paid,asset,current_asset,debit,0,,,asset_current,,,chart_skr04_1427,
1431,Deductible input tax for withdrawal of good from a VAT warehouse,asset,current_asset,debit,0,,,asset_current,,,chart_skr04_1431,
1432,Deductible input tax for intra-European Union acquisition of new vehicles from suppliers without VAT identification number,asset,current_asset,debit,0,,,asset_current,,,chart_skr04_1432,
1433,Acquisition tax liability,asset,current_asset,debit,0,,,asset_current,,,chart_skr04_1433,
1434,Input tax deductible in following period/year,asset,current_asset,debit,0,,,asset_current,,,chart_skr04_1434,
1435,Receivables from trade tax overpayments,asset,current_asset,debit,0,,,asset_current,,,chart_skr04_1435,
1436,Input tax from acquisition as last purchaser in a triangular transaction,asset,current_asset,debit,0,,,asset_current,,,chart_skr04_1436,
1440,Tax refund claims against other countries,asset,current_asset,debit,0,,,asset_current,,,chart_skr04_1440,
1450,Reclaimed corporate income tax,asset,current_asset,debit,0,,,asset_current,,,chart_skr04_1450,
1456,Receivables from tax authorities for construction withholding tax remitted,asset,current_asset,debit,0,,,asset_current,,,chart_skr04_1456,
1457,Receivables from Bundesagentur für Arbeit,asset,current_asset,debit,0,,,asset_current,,,chart_skr04_1457,
1480,"Contra account for input tax, section 4(3) EStG",asset,current_asset,debit,0,,,asset_current,,,chart_skr04_1480,
1481,"Reversal of input tax from previous year, section 4(3) EStG",asset,current_asset,debit,0,,,asset_current,,,chart_skr04_1481,
1482,"Input tax from investments, section 4(3) EStG",asset,current_asset,debit,0,,,asset_current,,,chart_skr04_1482,
1483,"Contra account for input tax, average rates, section 4(3) EStG",asset,current_asset,debit,0,,,asset_current,,,chart_skr04_1483,
1485,"Clearing account Profit determination § 4/3 EStG, affecting net income",asset,current_asset,debit,0,,,asset_current,,,chart_skr04_1485,
1486,"Clearing account for determining profit as per section 4/3 (EStG), not recognized in income",asset,current_asset,debit,0,,,asset_current,,,chart_skr04_1486,
1490,Clearing account actual taxation,asset,current_asset,debit,0,,,asset_current,,,chart_skr04_1490,
1495,Allocation account for payments received on account of orders if posted via receivables account,liability,current_liability,credit,0,,,liability_current,,,chart_skr04_1495,
1498,Cost centre reconciliation account,expense,expense,debit,0,,,expense,,,chart_skr04_1498,
1500,Shares in affiliated companies (current assets),asset,current_asset,debit,0,,,asset_current,,,chart_skr04_1500,
1504,Shares in parent or in majority investor,asset,current_asset,debit,0,,,asset_current,,,chart_skr04_1504,
1510,Other securities,asset,current_asset,debit,0,,,asset_current,,,chart_skr04_1510,
1520,Finance bills,asset,current_asset,debit,0,,,asset_current,,,chart_skr04_1520,
1525,Other securities subject to immaterial changes in value,asset,current_asset,debit,0,,,asset_current,,,chart_skr04_1525,
1530,Securities investments (short-term cash management),asset,current_asset,debit,0,,,asset_current,,,chart_skr04_1530,
1550,Cheques,asset,current_asset,debit,0,,,asset_current,,,chart_skr04_1550,
1610,Petty cash 1,asset,current_asset,debit,0,,,asset_current,,,chart_skr04_1610,
1620,Petty cash 2,asset,current_asset,debit,0,,,asset_current,,,chart_skr04_1620,
1700,Bank (Postbank),asset,current_asset,debit,0,,,asset_current,,,chart_skr04_1700,
1710,Bank (Postbank 1),asset,current_asset,debit,0,,,asset_current,,,chart_skr04_1710,
1720,Bank (Postbank 2),asset,current_asset,debit,0,,,asset_current,,,chart_skr04_1720,
1730,Bank (Postbank 3),asset,current_asset,debit,0,,,asset_current,,,chart_skr04_1730,
1780,LZB (Bundesbank regional office) balances,asset,current_asset,debit,0,,,asset_current,,,chart_skr04_1780,
1790,Central bank balances,asset,current_asset,debit,0,,,asset_current,,,chart_skr04_1790,
1810,Paypal,asset,current_asset,debit,0,,,asset_current,,,chart_skr04_1810,
1820,Bank 2,asset,current_asset,debit,0,,,asset_current,,,chart_skr04_1820,
1830,Bank 3,asset,current_asset,debit,0,,,asset_current,,,chart_skr04_1830,
1840,Bank 4,asset,current_asset,debit,0,,,asset_current,,,chart_skr04_1840,
1850,Bank 5,asset,current_asset,debit,0,,,asset_current,,,chart_skr04_1850,
1890,"Cash investments, short-term cash management (not contained in cash funds)",asset,current_asset,debit,0,,,asset_current,,,chart_skr04_1890,
1900,Prepaid expenses,asset,current_asset,debit,0,,,asset_current,,,chart_skr04_1900,
1920,Customs and excise duties relating to inventories and recognised as expenses,asset,current_asset,debit,0,,,asset_current,,,chart_skr04_1920,
1930,Value added tax relating to prepayments and recognised as expenses,asset,current_asset,debit,0,,,asset_current,,,chart_skr04_1930,
1940,Discount,asset,current_asset,debit,0,,,asset_current,,,chart_skr04_1940,
1950,Deferred tax assets,asset,current_asset,debit,0,,,asset_current,,,chart_skr04_1950,
2000,"Fixed capital, gp",equity,equity,credit,0,,,equity,,,chart_skr04_2000,
2010,"Variable capital, gp",equity,equity,credit,0,,,equity,,,chart_skr04_2010,
2020,"Partner loans, gp",equity,equity,credit,0,,,equity,,,chart_skr04_2020,
2050,"Limited partner capital, lp",equity,equity,credit,0,,,equity,,,chart_skr04_2050,
2060,"Loss adjustment account, lp",equity,equity,credit,0,,,equity,,,chart_skr04_2060,
2070,"Partner loans, lp",liability,current_liability,credit,0,,,liability_current,,,chart_skr04_2070,
2100,"Private withdrawals, general, gp",liability,current_liability,credit,0,,,liability_current,,,chart_skr04_2100,
2130,"Non-cash withdrawals, gp",liability,current_liability,credit,0,,,liability_current,,,chart_skr04_2130,
2150,"Private taxes, gp",liability,current_liability,credit,0,,,liability_current,,,chart_skr04_2150,
2180,"Private contributions, gp",liability,current_liability,credit,0,,,liability_current,,,chart_skr04_2180,
2200,"Special personal deductions, partly deductible, gp",liability,current_liability,credit,0,,,liability_current,,,chart_skr04_2200,
2230,"Special personal deductions, fully deductible, gp",liability,current_liability,credit,0,,,liability_current,,,chart_skr04_2230,
2250,"Non-cash benefits, donations, gp",liability,current_liability,credit,0,,,liability_current,,,chart_skr04_2250,
2280,"Extraordinary expenses, gp",liability,current_liability,credit,0,,,liability_current,,,chart_skr04_2280,
2300,"Real estate expenses, gp",liability,current_liability,credit,0,,,liability_current,,,chart_skr04_2300,
2349,"Real estate expenses (VAT key possible, only sole proprietorships)",liability,current_liability,credit,0,,,liability_current,,,chart_skr04_2349,
2350,"Income from real estate, gp",liability,current_liability,credit,0,,,liability_current,,,chart_skr04_2350,
2399,"Income from real estate (VAT key possible, only sole proprietorships)",liability,current_liability,credit,0,,,liability_current,,,chart_skr04_2399,
2500,"Private withdrawals, general, lp.",liability,current_liability,credit,0,,,liability_current,,,chart_skr04_2500,
2530,"Non-cash withdrawals, lp",liability,current_liability,credit,0,,,liability_current,,,chart_skr04_2530,
2550,"Private taxes, lp",liability,current_liability,credit,0,,,liability_current,,,chart_skr04_2550,
2580,"Private contributions, lp",liability,current_liability,credit,0,,,liability_current,,,chart_skr04_2580,
2600,"Special personal deductions, partly deductible, lp",liability,current_liability,credit,0,,,liability_current,,,chart_skr04_2600,
2630,"Special personal deductions, fully deductible, lp",liability,current_liability,credit,0,,,liability_current,,,chart_skr04_2630,
2650,"Non-cash benefits, donations, lp",liability,current_liability,credit,0,,,liability_current,,,chart_skr04_2650,
2680,"Extraordinary expenses, lp",liability,current_liability,credit,0,,,liability_current,,,chart_skr04_2680,
2700,"Real estate expenses, lp",liability,current_liability,credit,0,,,liability_current,,,chart_skr04_2700,
2750,"Income from real estate, lp",liability,current_liability,credit,0,,,liability_current,,,chart_skr04_2750,
2900,Subscribed capital,liability,current_liability,credit,0,,,liability_current,,,chart_skr04_2900,
2901,Paid-up shares of remaining members of co-operatives,liability,current_liability,credit,0,,,liability_current,,,chart_skr04_2901,
2902,Paid-up shares of withdrawing members of co-operatives,liability,current_liability,credit,0,,,liability_current,,,chart_skr04_2902,
2903,"Paid-up shares of cooperatives, cancelled shares",liability,current_liability,credit,0,,,liability_current,,,chart_skr04_2903,
2906,"Unpaid and due shares in co-operatives, recorded",liability,current_liability,credit,0,,,liability_current,,,chart_skr04_2906,
2907,"Contra account for unpaid and due shares in co-operatives, recorded",liability,current_liability,credit,0,,,liability_current,,,chart_skr04_2907,
2908,Capital increase from reserves or retained earnings,liability,current_liability,credit,0,,,liability_current,,,chart_skr04_2908,
2909,Purchased treasury shares,liability,current_liability,credit,0,,,liability_current,,,chart_skr04_2909,
2910,"Unpaid uncalled contributions to subscribed capital (reported as liability, deducted from subscribed capital on the face of the balance sheet)",liability,current_liability,credit,0,,,liability_current,,,chart_skr04_2910,
2920,Capital reserves,equity,equity,credit,0,,,equity,,,chart_skr04_2920,
2925,Capital reserves from issuance of shares above par or notional amount,equity,equity,credit,0,,,equity,,,chart_skr04_2925,
2926,Capital reserves from issuance of convertible bonds and options to acquire shares,equity,equity,credit,0,,,equity,,,chart_skr04_2926,
2927,Capital reserves from additional payments as consideration for preferential rights for shares,equity,equity,credit,0,,,equity,,,chart_skr04_2927,
2928,Other additional capital contributions,equity,equity,credit,0,,,equity,,,chart_skr04_2928,
2929,Supplementary calls (contra account 1299),equity,equity,credit,0,,,equity,,,chart_skr04_2929,
2930,Legal reserve,equity,equity,credit,0,,,equity,,,chart_skr04_2930,
2935,Reserve for shares in a parent or majority investor,equity,equity,credit,0,,,equity,,,chart_skr04_2935,
2937,Other revenue reserve (co-operatives),equity,equity,credit,0,,,equity,,,chart_skr04_2937,
2950,Reserves provided for by the articles of association,equity,equity,credit,0,,,equity,,,chart_skr04_2950,
2959,Collectively held reserves (with breakdown for statement of changes in capital accounts),equity,equity,credit,0,,,equity,,,chart_skr04_2959,
2960,Other revenue reserves,equity,equity,credit,0,,,equity,,,chart_skr04_2960,
2961,Other revenue reserves from the purchase of treasury shares,equity,equity,credit,0,,,equity,,,chart_skr04_2961,
2962,Equity component of reversals of write-downs,equity,equity,credit,0,,,equity,,,chart_skr04_2962,
2963,Revenue reserves from the transitional BilMoG provisions,equity,equity,credit,0,,,equity,,,chart_skr04_2963,
2964,Revenue reserves from the transitional BilMoG provisions (reversal of write-downs of tangible fixed assets),equity,equity,credit,0,,,equity,,,chart_skr04_2964,
2965,Revenue reserves from the transitional BilMoGprovisions (reversal of write-downs of long term financial assets),equity,equity,credit,0,,,equity,,,chart_skr04_2965,
2966,Revenue reserves from the transitional BilMoG provisions (reversal of special tax-allowable reserves),equity,equity,credit,0,,,equity,,,chart_skr04_2966,
2967,Deferred taxes (revenue reserves credit balance) from items taken directly to equity,liability,current_liability,credit,0,,,liability_current,,,chart_skr04_2967,
2968,Deferred taxes (revenue reserves debit balance) from items taken directly to equity,liability,current_liability,credit,0,,,liability_current,,,chart_skr04_2968,
2969,Deferred income (revenue reserves debit balance) from items taken directly to equity),liability,current_liability,credit,0,,,liability_current,,,chart_skr04_2969,
2970,Retained profits brought forward before appropriation of net profit,equity,equity,credit,0,,,equity,,,chart_skr04_2970,
2975,Retained profits brought forward before appropriation of net profit (with breakdown for statement of changes in capital accounts),equity,equity,credit,0,,,equity,,,chart_skr04_2975,
2977,Accumulated losses brought forward before appropriation of net profit (with breakdown for statement of changes in capital accounts),equity,equity,credit,0,,,equity,,,chart_skr04_2977,
2978,Accumulated losses brought forward before appropriation of net profit,equity,equity,credit,0,,,equity,,,chart_skr04_2978,
2979,Carried forward to new account ( balance sheet ),equity,equity,credit,0,,,equity,,,chart_skr04_2979,
3000,Provisions for pensions and similar obligations,liability,current_liability,credit,0,,,liability_current,,,chart_skr04_3000,
3005,Provisions for pensions and similar obligations to shareholders or related parties (10 % capital investment),liability,current_liability,credit,0,,,liability_current,,,chart_skr04_3005,
3009,Provisions for pensions and similar obligations for offsetting against long -term assets in accordance with section 246(2) HGB,liability,current_liability,credit,0,,,liability_current,,,chart_skr04_3009,
3010,Provisions for direct commitments,liability,current_liability,credit,0,,,liability_current,,,chart_skr04_3010,
3011,Provisions for subsidy obligations for pension funds and life insurances,liability,current_liability,credit,0,,,liability_current,,,chart_skr04_3011,
3015,Provisions for obligations similar to pensions,liability,current_liability,credit,0,,,liability_current,,,chart_skr04_3015,
3020,Provisions for taxes,liability,current_liability,credit,0,,,liability_current,,,chart_skr04_3020,
3030,Provision for trade tax,liability,current_liability,credit,0,,,liability_current,,,chart_skr04_3030,
3035,"Provision for trade tax, section 4(5b) EStG",liability,current_liability,credit,0,,,liability_current,,,chart_skr04_3035,
3040,Provision for corporate income tax,liability,current_liability,credit,0,,,liability_current,,,chart_skr04_3040,
3050,Provisions for taxes for tax deferral (BStBK),liability,current_liability,credit,0,,,liability_current,,,chart_skr04_3050,
3060,Allowances for deferred tax liabilities,liability,current_liability,credit,0,,,liability_current,,,chart_skr04_3060,
3065,Deferred tax liabilities,liability,current_liability,credit,0,,,liability_current,,,chart_skr04_3065,
3070,Other provisions,liability,current_liability,credit,0,,,liability_current,,,chart_skr04_3070,
3075,Provisions for maintenance expenses deferred to the first three months of the following year,liability,current_liability,credit,0,,,liability_current,,,chart_skr04_3075,
3076,Long-term provisions for long-term obligations comparable to post-employment benefits,liability,current_liability,credit,0,,,liability_current,,,chart_skr04_3076,
3077,Long-term provisions for long -term obligations comparable to post-employment benefits for offsetting with long-term assets unders. 246(2) of the HGB,liability,current_liability,credit,0,,,liability_current,,,chart_skr04_3077,
3079,Provisions for vacation pay,liability,current_liability,credit,0,,,liability_current,,,chart_skr04_3079,
3085,Provisions for environmental remediation and waste disposal expenses,liability,current_liability,credit,0,,,liability_current,,,chart_skr04_3085,
3090,Provisions for warranties (contra account 6790),liability,current_liability,credit,0,,,liability_current,,,chart_skr04_3090,
3092,Provisions for expected losses from executory contracts,liability,current_liability,credit,0,,,liability_current,,,chart_skr04_3092,
3095,Provisions for period-end closing and audit costs,liability,current_liability,credit,0,,,liability_current,,,chart_skr04_3095,
3098,Provisions for internal expenses under section 249(2) HGB (old version),liability,current_liability,credit,0,,,liability_current,,,chart_skr04_3098,
3099,Provisions for environmental protection,liability,current_liability,credit,0,,,liability_current,,,chart_skr04_3099,
3100,Non-convertible bonds,liability,current_liability,credit,0,,,liability_current,,,chart_skr04_3100,
3101,Non-convertible bonds - remaining term up to 1 year,liability,current_liability,credit,0,,,liability_current,,,chart_skr04_3101,
3105,Non-convertible bonds - remaining term between 1 and 5 years,liability,non_current_liability,credit,0,,,liability_non_current,,,chart_skr04_3105,
3110,Non-convertible bonds - remaining term greater than 5 years,liability,non_current_liability,credit,0,,,liability_non_current,,,chart_skr04_3110,
3120,Convertible bonds,liability,current_liability,credit,0,,,liability_current,,,chart_skr04_3120,
3121,Convertible bonds - remaining term up to 1 year,liability,current_liability,credit,0,,,liability_current,,,chart_skr04_3121,
3125,Convertible bonds - remaining term between 1 and 5 years,liability,non_current_liability,credit,0,,,liability_non_current,,,chart_skr04_3125,
3130,Convertible bonds - remaining term greater than 5 years,liability,non_current_liability,credit,0,,,liability_non_current,,,chart_skr04_3130,
3150,Liabilities to banks,liability,current_liability,credit,0,,,liability_current,,,chart_skr04_3150,
3151,Liabilities to banks - remaining term up to 1 year,liability,current_liability,credit,0,,,liability_current,,,chart_skr04_3151,
3160,Liabilities to banks - remaining term between 1 and 5 years,liability,non_current_liability,credit,0,,,liability_non_current,,,chart_skr04_3160,
3170,Liabilities to banks - remaining term greater than 5 years,liability,non_current_liability,credit,0,,,liability_non_current,,,chart_skr04_3170,
3180,Liabilities to banks under instalment credit agreements,liability,current_liability,credit,0,,,liability_current,,,chart_skr04_3180,
3181,Liabilities to banks under instalment credit agreements - remaining term up to 1 year,liability,current_liability,credit,0,,,liability_current,,,chart_skr04_3181,
3190,Liabilities to banks under instalment credit agreements - remaining term between 1 and 5 years,liability,non_current_liability,credit,0,,,liability_non_current,,,chart_skr04_3190,
3200,Liabilities to banks under instalment credit agreements - remaining term greater than 5 years,liability,non_current_liability,credit,0,,,liability_non_current,,,chart_skr04_3200,
3250,Payments received on account of orders (liabilities),liability,current_liability,credit,0,,,liability_current,,,chart_skr04_3250,
3260,"Tax-paid payments received on account of orders, 7 % VAT (liabilities).",liability,current_liability,credit,0,,,liability_current,,,chart_skr04_3260,
3272,"Tax-paid payments received on account of orders, 19 % VAT (liabilities).",liability,current_liability,credit,0,,,liability_current,,,chart_skr04_3272,
3280,Payments received on account of orders - remaining term up to 1 year,liability,current_liability,credit,0,,,liability_current,,,chart_skr04_3280,
3284,Payments received on account of orders - remaining term between 1 and 5 years,liability,non_current_liability,credit,0,,,liability_non_current,,,chart_skr04_3284,
3285,Payments received on account of orders - remaining term greater than 5 years,liability,non_current_liability,credit,0,,,liability_non_current,,,chart_skr04_3285,
3300,Trade payables,liability,payable,credit,0,payables,,liability_payable,1,,chart_skr04_3300,
3301,Trade payables (Odoo),liability,payable,credit,0,payables,,liability_payable,1,,chart_skr04_3301,
3305,Trade payables at general VAT rate (cash basis accounting),liability,payable,credit,0,payables,,liability_payable,1,,chart_skr04_3305,
3306,Trade payables at reduced VAT rate (cash basis accounting),liability,payable,credit,0,payables,,liability_payable,1,,chart_skr04_3306,
3307,"Trade payables, no input tax (cash basis accounting)",liability,payable,credit,0,payables,,liability_payable,1,,chart_skr04_3307,
3309,Contra account 3305-3307 if payables are classified by tax rates (cash basis accounting),liability,current_liability,credit,0,,,liability_current,,,chart_skr04_3309,
3310,"Trade payables, no separate receivables/payables accounting",liability,payable,credit,0,payables,,liability_payable,1,,chart_skr04_3310,
3334,"Trade payables for investments, section 4(3) EStG",liability,current_liability,credit,0,,,liability_current,,,chart_skr04_3334,
3335,"Trade payables, no separate receivables/payables accounting - remaining term up to 1 year",liability,current_liability,credit,0,,,liability_current,,,chart_skr04_3335,
3337,"Trade payables, no separate receivables/payables accounting - remaining term between 1 and 5 years",liability,non_current_liability,credit,0,,,liability_non_current,,,chart_skr04_3337,
3338,"Trade payables, no separate receivables/payables accounting - remaining term greater than 5 years",liability,non_current_liability,credit,0,,,liability_non_current,,,chart_skr04_3338,
3340,Trade payables to shareholders/partners,liability,payable,credit,0,payables,,liability_payable,1,,chart_skr04_3340,
3341,Trade payables to shareholders/partners - remaining term up to 1 year,liability,current_liability,credit,0,,,liability_current,,,chart_skr04_3341,
3345,Trade payables to shareholders/partners - remaining term between 1 and 5 years,liability,non_current_liability,credit,0,,,liability_non_current,,,chart_skr04_3345,
3348,Trade payables to shareholders/partners - remaining term greater than 5 years,liability,non_current_liability,credit,0,,,liability_non_current,,,chart_skr04_3348,
3350,Bills payable,liability,current_liability,credit,0,,,liability_current,,,chart_skr04_3350,
3351,Bills payable - remaining term up to 1 year,liability,current_liability,credit,0,,,liability_current,,,chart_skr04_3351,
3380,Bills payable - remaining term between 1 and 5 years,liability,non_current_liability,credit,0,,,liability_non_current,,,chart_skr04_3380,
3390,Bills payable - remaining term greater than 5 years,liability,non_current_liability,credit,0,,,liability_non_current,,,chart_skr04_3390,
3400,Liabilities to affiliated companies,liability,current_liability,credit,0,,,liability_current,,,chart_skr04_3400,
3401,Liabilities to affiliated companies - remaining term up to 1 year,liability,current_liability,credit,0,,,liability_current,,,chart_skr04_3401,
3405,Liabilities to affiliated companies - remainin term between 1 and 5 years,liability,non_current_liability,credit,0,,,liability_non_current,,,chart_skr04_3405,
3410,Liabilities to affiliated companies - remaining term greater than 5 years,liability,non_current_liability,credit,0,,,liability_non_current,,,chart_skr04_3410,
3420,Trade payables to affiliated companies,liability,payable,credit,0,payables,,liability_payable,1,,chart_skr04_3420,
3421,Trade payables to affiliated companies - remaining term up to 1 year,liability,current_liability,credit,0,,,liability_current,,,chart_skr04_3421,
3425,Trade payables to affiliated companies - remaining term between 1 and 5 years,liability,non_current_liability,credit,0,,,liability_non_current,,,chart_skr04_3425,
3430,Trade payables to affiliated companies - remaining term greater than 5 years,liability,non_current_liability,credit,0,,,liability_non_current,,,chart_skr04_3430,
3450,Liabilities to other longterm investees and investors,liability,current_liability,credit,0,,,liability_current,,,chart_skr04_3450,
3451,Liabilities to other longterm investees and investors - remaining term up to 1 year,liability,current_liability,credit,0,,,liability_current,,,chart_skr04_3451,
3455,Liabilities to other longterm investees and investors - remaining term between 1 and 5 years,liability,non_current_liability,credit,0,,,liability_non_current,,,chart_skr04_3455,
3460,Liabilities to other longterm investees and investors - remaining term greater than 5 years,liability,non_current_liability,credit,0,,,liability_non_current,,,chart_skr04_3460,
3470,Trade payables to other long-term investees and investors,liability,payable,credit,0,payables,,liability_payable,1,,chart_skr04_3470,
3471,Trade payables to other long-term investees and investors - remaining term up to 1 year,liability,current_liability,credit,0,,,liability_current,,,chart_skr04_3471,
3475,Trade payables to other long-term investees and investors - remaining term between 1 and 5 years,liability,non_current_liability,credit,0,,,liability_non_current,,,chart_skr04_3475,
3480,Trade payables to other long-term investees and investors - remaining term greater than 5 years,liability,non_current_liability,credit,0,,,liability_non_current,,,chart_skr04_3480,
3500,Other liabilities,liability,current_liability,credit,0,,,liability_current,,,chart_skr04_3500,
3501,Other liabilities - remaining term up to 1 year,liability,current_liability,credit,0,,,liability_current,,,chart_skr04_3501,
3504,Other liabilities - remaining term between 1 and 5 years,liability,non_current_liability,credit,0,,,liability_non_current,,,chart_skr04_3504,
3507,Other liabilities - remaining term greater than 5 years,liability,non_current_liability,credit,0,,,liability_non_current,,,chart_skr04_3507,
3509,"Other liabilities, under section 11(2) sentence 2 EStG for section 4(3) EStG",liability,current_liability,credit,0,,,liability_current,,,chart_skr04_3509,
3510,Liabilities to shareholders/partners,liability,current_liability,credit,0,,,liability_current,,,chart_skr04_3510,
3511,Liabilities to shareholders/partners - remaining term up to 1 year,liability,current_liability,credit,0,,,liability_current,,,chart_skr04_3511,
3514,Liabilities to shareholders/partners - remaining term between 1 and 5 years,liability,non_current_liability,credit,0,,,liability_non_current,,,chart_skr04_3514,
3517,Liabilities to shareholders/partners - remaining term greater than 5 years,liability,non_current_liability,credit,0,,,liability_non_current,,,chart_skr04_3517,
3519,Liabilities to shareholders/partners for outstanding distributions,liability,current_liability,credit,0,,,liability_current,,,chart_skr04_3519,
3520,Liabilities to typical silent partners,liability,current_liability,credit,0,,,liability_current,,,chart_skr04_3520,
3521,Liabilities to typical silent partners - remaining term up to 1 year,liability,current_liability,credit,0,,,liability_current,,,chart_skr04_3521,
3524,Liabilities to typical silent partners - remaining term between 1 and 5 years,liability,non_current_liability,credit,0,,,liability_non_current,,,chart_skr04_3524,
3527,Liabilities to typical silent partners - remaining term greater than 5 years,liability,non_current_liability,credit,0,,,liability_non_current,,,chart_skr04_3527,
3530,Liabilities to atypical silent partners,liability,current_liability,credit,0,,,liability_current,,,chart_skr04_3530,
3531,Liabilities to atypical silent partners - remaining term up to 1 year,liability,current_liability,credit,0,,,liability_current,,,chart_skr04_3531,
3534,Liabilities to atypical silent partners - remaining term between 1 and 5 years,liability,non_current_liability,credit,0,,,liability_non_current,,,chart_skr04_3534,
3537,Liabilities to atypical silent partners - remaining term greater than 5 years,liability,non_current_liability,credit,0,,,liability_non_current,,,chart_skr04_3537,
3540,Profit-participation loans,liability,current_liability,credit,0,,,liability_current,,,chart_skr04_3540,
3541,Profit-participation loans - remaining term up to 1 year,liability,current_liability,credit,0,,,liability_current,,,chart_skr04_3541,
3544,Profit-participation loans - remaining term between 1 and 5 years,liability,non_current_liability,credit,0,,,liability_non_current,,,chart_skr04_3544,
3547,Profit-participation loans - remaining term greater than 5 years,liability,non_current_liability,credit,0,,,liability_non_current,,,chart_skr04_3547,
3550,Security deposits received,liability,current_liability,credit,0,,,liability_current,,,chart_skr04_3550,
3551,Security deposits received - remaining term up to 1 year,liability,current_liability,credit,0,,,liability_current,,,chart_skr04_3551,
3554,Security deposits received - remaining term between 1 and 5 years,liability,non_current_liability,credit,0,,,liability_non_current,,,chart_skr04_3554,
3557,Security deposits received - remaining term greater than 5 years,liability,non_current_liability,credit,0,,,liability_non_current,,,chart_skr04_3557,
3560,Loans,liability,current_liability,credit,0,,,liability_current,,,chart_skr04_3560,
3561,Loans - remaining term up to 1 year,liability,current_liability,credit,0,,,liability_current,,,chart_skr04_3561,
3564,Loans - remaining term between 1 and 5 years,liability,non_current_liability,credit,0,,,liability_non_current,,,chart_skr04_3564,
3567,Loans - remaining term greater than 5 years,liability,current_liability,credit,0,,,liability_current,,,chart_skr04_3567,
3600,Consignment goods accounts,liability,current_liability,credit,0,,,liability_current,,,chart_skr04_3600,
3610,Credit card settlements,liability,current_liability,credit,0,,,liability_current,,,chart_skr04_3610,
3611,Liabilities to project consortiums,liability,current_liability,credit,0,,,liability_current,,,chart_skr04_3611,
3620,Profit drawdown account of silent partners,liability,current_liability,credit,0,,,liability_current,,,chart_skr04_3620,
3630,Other allocation accounts (interim accounts),asset,current_asset,debit,0,,,asset_current,,,chart_skr04_3630,
3635,Other liabilities refunds by co-operatives,asset,current_asset,debit,0,,,asset_current,,,chart_skr04_3635,
3640,Liabilities to GmbH shareholders,liability,current_liability,credit,0,,,liability_current,,,chart_skr04_3640,
3641,Liabilities to GmbH shareholders - remaining term up to 1 year,liability,current_liability,credit,0,,,liability_current,,,chart_skr04_3641,
3642,Liabilities to GmbH shareholders - remaining term between 1 and 5 years,liability,non_current_liability,credit,0,,,liability_non_current,,,chart_skr04_3642,
3643,Liabilities to GmbH shareholders - remaining term greater than 5 years,liability,non_current_liability,credit,0,,,liability_non_current,,,chart_skr04_3643,
3645,Liabilities to general partners,liability,current_liability,credit,0,,,liability_current,,,chart_skr04_3645,
3646,Liabilities to general partners - remaining term up to 1 year,liability,current_liability,credit,0,,,liability_current,,,chart_skr04_3646,
3647,Liabilities to general partners - remaining term between 1 and 5 years,liability,non_current_liability,credit,0,,,liability_non_current,,,chart_skr04_3647,
3648,Liabilities to general partners - remaining term greater than 5 years,liability,non_current_liability,credit,0,,,liability_non_current,,,chart_skr04_3648,
3650,Liabilities to limited partners,liability,current_liability,credit,0,,,liability_current,,,chart_skr04_3650,
3651,Liabilities to limited partners - remaining term up to 1 year,liability,current_liability,credit,0,,,liability_current,,,chart_skr04_3651,
3652,Liabilities to limited partners - remaining term between 1 and 5 years,liability,non_current_liability,credit,0,,,liability_non_current,,,chart_skr04_3652,
3653,Liabilities to limited partners - remaining term greater than 5 years,liability,non_current_liability,credit,0,,,liability_non_current,,,chart_skr04_3653,
3655,Liabilities to silent partners,liability,current_liability,credit,0,,,liability_current,,,chart_skr04_3655,
3656,Liabilities to silent partners - remaining term up to 1 year,liability,current_liability,credit,0,,,liability_current,,,chart_skr04_3656,
3657,Liabilities to silent partners - remaining term between 1 and 5 years,liability,non_current_liability,credit,0,,,liability_non_current,,,chart_skr04_3657,
3658,Liabilities to silent partners - remaining term greater than 5 years,liability,non_current_liability,credit,0,,,liability_non_current,,,chart_skr04_3658,
3695,Allocation account for prepayments if posted via payables account,liability,current_liability,credit,0,,,liability_current,,,chart_skr04_3695,
3700,Liabilities from taxes and levies,liability,current_liability,credit,0,,,liability_current,,,chart_skr04_3700,
3701,Liabilities from taxes and levies - remaining term up to 1 year,liability,current_liability,credit,0,,,liability_current,,,chart_skr04_3701,
3710,Liabilities from taxes and levies - remaining term between 1 and 5 years,liability,non_current_liability,credit,0,,,liability_non_current,,,chart_skr04_3710,
3715,Liabilities from taxes and levies - remaining term greater than 5 years,liability,non_current_liability,credit,0,,,liability_non_current,,,chart_skr04_3715,
3720,Payroll liabilities,liability,current_liability,credit,0,,,liability_current,,,chart_skr04_3720,
3725,Liabilities for amounts withheld from employees,liability,current_liability,credit,0,,,liability_current,,,chart_skr04_3725,
3726,Payables to tax authorities for construction withholding tax to be remitted,liability,current_liability,credit,0,,,liability_current,,,chart_skr04_3726,
3730,Wage and church tax payables,liability,current_liability,credit,0,,,liability_current,,,chart_skr04_3730,
3740,Social security liabilities,liability,current_liability,credit,0,,,liability_current,,,chart_skr04_3740,
3741,Social security liabilities - remaining term up to 1 year,liability,current_liability,credit,0,,,liability_current,,,chart_skr04_3741,
3750,Social security liabilities - remaining term between 1 and 5 years,liability,non_current_liability,credit,0,,,liability_non_current,,,chart_skr04_3750,
3755,Social security liabilities - remaining term greater than 5 years,liability,non_current_liability,credit,0,,,liability_non_current,,,chart_skr04_3755,
3759,Expected contributions owed to social security funds,liability,current_liability,credit,0,,,liability_current,,,chart_skr04_3759,
3760,"Liabilities from taxes withheld (investment income tax and solidarity surcharge, church tax on investment income tax) for open distribution",liability,current_liability,credit,0,,,liability_current,,,chart_skr04_3760,
3761,Excise duties payable,liability,current_liability,credit,0,,,liability_current,,,chart_skr04_3761,
3770,Liabilities from capitalforming payment arrangements,liability,current_liability,credit,0,,,liability_current,,,chart_skr04_3770,
3771,Liabilities from capitalforming payment arrangements - remaining term up to 1 year,liability,current_liability,credit,0,,,liability_current,,,chart_skr04_3771,
3780,Liabilities from capitalforming payment arrangements - remaining term between 1 and 5 years,liability,non_current_liability,credit,0,,,liability_non_current,,,chart_skr04_3780,
3785,Liabilities from capitalforming payment arrangements - remaining term greater than 5 years,liability,non_current_liability,credit,0,,,liability_non_current,,,chart_skr04_3785,
3786,Issued gift tokens,liability,current_liability,credit,0,,,liability_current,,,chart_skr04_3786,
3790,Payroll allocation,asset,current_asset,debit,0,,,asset_current,,,chart_skr04_3790,
3796,Social security liabilities (section 4(3) EStG),liability,current_liability,credit,0,,,liability_current,,,chart_skr04_3796,
3798,VAT on electronic services taxable in another EU country,liability,current_liability,credit,0,,,liability_current,,,chart_skr04_3798,
3799,Tax payments,liability,current_liability,credit,0,,,liability_current,,,chart_skr04_3799,
3800,VAT,liability,current_liability,credit,0,,,liability_current,,,chart_skr04_3800,
3801,VAT 7 %,liability,current_liability,credit,0,,,liability_current,,,chart_skr04_3801,
3802,VAT on intra-European Union acquisitions,liability,current_liability,credit,0,,,liability_current,,,chart_skr04_3802,
3804,"VAT on intra-European Union acquisitions, 19%",liability,current_liability,credit,0,,,liability_current,,,chart_skr04_3804,
3806,VAT 19 %,liability,current_liability,credit,0,,,liability_current,,,chart_skr04_3806,
3807,VAT on intra-European Union supplies of goods and services subject to domestic taxation,liability,current_liability,credit,0,,,liability_current,,,chart_skr04_3807,
3808,"VAT on intra-European Union supplies of goods and services subject to domestic taxation, 19 %",liability,current_liability,credit,0,,,liability_current,,,chart_skr04_3808,
3809,"VAT on intra-European Union acquisitions, no input tax deduction",liability,current_liability,credit,0,,,liability_current,,,chart_skr04_3809,
3810,VAT not due,liability,current_liability,credit,0,,,liability_current,,,chart_skr04_3810,
3811,"VAT not due, 7 %",liability,current_liability,credit,0,,,liability_current,,,chart_skr04_3811,
3812,VAT not due on intraEuropean Union supplies of goods and services subject to domestic taxation,liability,current_liability,credit,0,,,liability_current,,,chart_skr04_3812,
3814,"VAT not due on intraEuropean Union supplies of goods and services subject to domestic taxation, 19 %",liability,current_liability,credit,0,,,liability_current,,,chart_skr04_3814,
3816,"VAT not due, 19 %",liability,current_liability,credit,0,,,liability_current,,,chart_skr04_3816,
3817,VAT on supplies of goods and services taxable in another EU country,liability,current_liability,credit,0,,,liability_current,,,chart_skr04_3817,
3818,VAT on supplies of other goods and services/cost-plus contracts taxable in another EU country,liability,current_liability,credit,0,,,liability_current,,,chart_skr04_3818,
3819,VAT from acquisition as last purchaser in a triangular transaction,liability,current_liability,credit,0,,,liability_current,,,chart_skr04_3819,
3820,VAT prepayments,liability,current_liability,credit,0,,,liability_current,,,chart_skr04_3820,
3830,VAT prepayments 1/11,liability,current_liability,credit,0,,,liability_current,,,chart_skr04_3830,
3832,"Back taxes, VAT return line 65",liability,current_liability,credit,0,,,liability_current,,,chart_skr04_3832,
3834,VAT on intra-European Union acquisition of new vehicles from suppliers without VAT identification number,liability,current_liability,credit,0,,,liability_current,,,chart_skr04_3834,
3835,VAT under section 13b UStG,liability,current_liability,credit,0,,,liability_current,,,chart_skr04_3835,
3837,"VAT under section 13b UStG, 19 %",liability,current_liability,credit,0,,,liability_current,,,chart_skr04_3837,
3840,"VAT, current year",liability,current_liability,credit,0,,,liability_current,,,chart_skr04_3840,
3841,"VAT, previous year",liability,non_current_liability,credit,0,,,liability_non_current,,,chart_skr04_3841,
3845,"VAT, earlier years",liability,non_current_liability,credit,0,,,liability_non_current,,,chart_skr04_3845,
3850,Acquisition tax deferred until,liability,current_liability,credit,0,,,liability_current,,,chart_skr04_3850,
3851,"Incorrect or invalid invoiced taxes, VAT return line 69",liability,current_liability,credit,0,,,liability_current,,,chart_skr04_3851,
3854,Tax payments to other countries,liability,current_liability,credit,0,,,liability_current,,,chart_skr04_3854,
3860,Liabilities from VAT advance payments,liability,payable,credit,0,payables,,liability_payable,1,,chart_skr04_3860,
3865,"VAT due in following period (sections 13 (1) no. 6, 13b (2) UStG)",liability,current_liability,credit,0,,,liability_current,,,chart_skr04_3865,
3900,Deferred income,liability,current_liability,credit,0,,,liability_current,,,chart_skr04_3900,
3950,Deferrals of intra-period flat-rate depreciation charges for management accounting analysis,liability,current_liability,credit,0,,,liability_current,,,chart_skr04_3950,
4000,Revenues,income,income,credit,0,,,income,,,chart_skr04_4000,
4100,"Tax-exempt sales, section 4 no. 8 ff. UStG",income,income,credit,0,,,income,,,chart_skr04_4100,
4110,"Other tax-exempt sales, domestic",income,income,credit,0,,,income,,,chart_skr04_4110,
4120,"Tax-exempt sales, section 4 no. 1a UStG",income,income,credit,0,,,income,,,chart_skr04_4120,
4125,"Tax-exempt intra-European Union deliveries, section 4 no. 1b UStG",income,income,credit,0,,,income,,,chart_skr04_4125,
4130,"Deliveries by first purchaser in triangular transactions (EU), section 25 b(2) UStG",income,income,credit,0,,,income,,,chart_skr04_4130,
4135,Tax-exempt intra-European Union deliveries of new vehicles to purchasers without VAT identification number,income,income,credit,0,,,income,,,chart_skr04_4135,
4136,"Revenue, ss. 25 and 25a UStG, 19 % VAT",income,income,credit,0,,,income,,,chart_skr04_4136,
4138,"Revenue, ss. 25 and 25a UStG, no VAT",income,income,credit,0,,,income,,,chart_skr04_4138,
4139,"Revenue from travel services, s. 25(2) UStG, tax-exempt",income,income,credit,0,,,income,,,chart_skr04_4139,
4140,"Tax-exempt offshore sales, etc.",income,income,credit,0,,,income,,,chart_skr04_4140,
4150,Other tax-exempt sales (e.g. section 4 nos. 2-7 UStG),income,income,credit,0,,,income,,,chart_skr04_4150,
4160,"Tax-exempt sales without input tax deduction, part of total sales, section 4 UStG",income,income,credit,0,,,income,,,chart_skr04_4160,
4165,"Tax-exempt sales without input tax deduction, part of total sales",income,income,credit,0,,,income,,,chart_skr04_4165,
4180,Revenue taxed at average rates under section 24 UStG,income,income,credit,0,,,income,,,chart_skr04_4180,
4185,Revenue of VAT-exempt small business as defined by section 19 (1) UStG,income,income,credit,0,,,income,,,chart_skr04_4185,
4186,"Revenue from gaming machines, 19 % VAT",income,income,credit,0,,,income,,,chart_skr04_4186,
4200,Revenue,income,income,credit,0,,,income,,,chart_skr04_4200,
4300,"Revenue, 7 % VAT",income,income,credit,0,,,income,,,chart_skr04_4300,
4310,"Revenue from intra-European Union supplies of goods and services subject to domestic taxation, 7 % VAT",income,income,credit,0,,,income,,,chart_skr04_4310,
4315,"Revenue from intra-European Union supplies of goods and services subject to domestic taxation, 19 % VAT",income,income,credit,0,,,income,,,chart_skr04_4315,
4320,"Revenue from services taxable in another EU country, not subject to domestic taxation",income,income,credit,0,,,income,,,chart_skr04_4320,
4331,Revenue from taxable electronic services in another EU country,income,income,credit,0,,,income,,,chart_skr04_4331,
4335,"Revenue from supplies of mobile telephony devices, tablet computers, game consoles and integrated circuits for which the recipient bears VAT under s. 13b UStG",income,income,credit,0,,,income,,,chart_skr04_4335,
4336,"Revenue from other services taxable in another EU country, for which the recipient bears tax liability",income,income,credit,0,,,income,,,chart_skr04_4336,
4337,Revenue from services for which the recipient bears the tax liability under section 13b UStG,income,income,credit,0,,,income,,,chart_skr04_4337,
4338,"Revenue from services taxable in a third country, not subject to domestic taxation",income,income,credit,0,,,income,,,chart_skr04_4338,
4339,"Revenue from services taxable in another EU country, not subject to domestic taxation",income,income,credit,0,,,income,,,chart_skr04_4339,
4400,"Revenue, 19 % VAT",income,income,credit,0,income,,income,,,chart_skr04_4400,default_for_income
4499,Incidental income (related to purchases),income,income,credit,0,,,income,,,chart_skr04_4499,
4510,Revenue from waste recycling,income,income,credit,0,,,income,,,chart_skr04_4510,
4520,Revenue from empties,income,income,credit,0,,,income,,,chart_skr04_4520,
4560,Commission revenue,income,income,credit,0,,,income,,,chart_skr04_4560,
4564,"Tax-exempt commission revenue, section 4 no. 8 ff. UStG",income,income,credit,0,,,income,,,chart_skr04_4564,
4566,"Commission revenue, 7 % VAT",income,income,credit,0,,,income,,,chart_skr04_4566,
4569,"Commission revenue, 19 % VAT",income,income,credit,0,,,income,,,chart_skr04_4569,
4570,"Other income from commissions, licences and patents",income,income,credit,0,,,income,,,chart_skr04_4570,
4574,"Other income from commissions, licences and patents, tax-exempt, s. 4(8) ff. UStG",income,income,credit,0,,,income,,,chart_skr04_4574,
4575,"Other income from commissions, licences and patents, tax-exempt, s. 4(5) UStG",income,income,credit,0,,,income,,,chart_skr04_4575,
4576,"Other income from commissions, licences and patents, 7 % VAT",income,income,credit,0,,,income,,,chart_skr04_4576,
4579,"Other income from commissions, licences and patents, 19 % VAT",income,income,credit,0,,,income,,,chart_skr04_4579,
4600,Non-cash withdrawals,income,income,credit,0,,,income,,,chart_skr04_4600,
4605,"Withdrawal of items, no VAT",income,income,credit,0,,,income,,,chart_skr04_4605,
4610,"Withdrawal by business owner for non-business purposes (goods), 7 % VAT",income,income,credit,0,,,income,,,chart_skr04_4610,
4616,"Withdrawal by business owner for non-business purposes (goods), 7 % VAT",income,income,credit,0,,,income,,,chart_skr04_4616,
4619,"Withdrawal by business owner for non-business purposes (goods), no VAT",income,income,credit,0,,,income,,,chart_skr04_4619,
4620,"Withdrawal by business owner for non-business purposes (goods), 19 % VAT",income,income,credit,0,,,income,,,chart_skr04_4620,
4630,"Use of items for nonbusiness purposes, 7 % VAT",income,income,credit,0,,,income,,,chart_skr04_4630,
4639,"Use of items for nonbusiness purposes, no VAT (use of vehicles)",income,income,credit,0,,,income,,,chart_skr04_4639,
4640,"Use of items for nonbusiness purposes, 19 % VAT",income,income,credit,0,,,income,,,chart_skr04_4640,
4645,"Use of items for nonbusiness purposes, 19 % VAT (use of vehicles)",income,income,credit,0,,,income,,,chart_skr04_4645,
4646,"Use of items for nonbusiness purposes, 19 %VAT (use of telephone)",income,income,credit,0,,,income,,,chart_skr04_4646,
4650,"Non-cash other services, 7 % VAT",income,income,credit,0,,,income,,,chart_skr04_4650,
4659,"Non-cash other services, no VAT",income,income,credit,0,,,income,,,chart_skr04_4659,
4660,"Non-cash other services, 19 % VAT",income,income,credit,0,,,income,,,chart_skr04_4660,
4670,"Non-cash benefits (goods), 7 % VAT",income,income,credit,0,,,income,,,chart_skr04_4670,
4679,"Non-cash benefits (goods), no VAT.",income,income,credit,0,,,income,,,chart_skr04_4679,
4680,"Non-cash benefits (goods), 19 % VAT",income,income,credit,0,,,income,,,chart_skr04_4680,
4686,"Non-cash benefits, 19 % VAT",income,income,credit,0,,,income,,,chart_skr04_4686,
4689,"Non-cash benefits, no VAT",income,income,credit,0,,,income,,,chart_skr04_4689,
4690,Untaxed sales (internal sales),income,income,credit,0,,,income,,,chart_skr04_4690,
4695,"VAT reimbursements, e.g. under s. 24 UStG",income,income,credit,0,,,income,,,chart_skr04_4695,
4699,Taxes directly related to sales,income,income,credit,0,,,income,,,chart_skr04_4699,
4700,Sales allowances,income,income,credit,0,,,income,,,chart_skr04_4700,
4701,Sales allowances on taxexempt sales under section 4 no. 8 ff. UStG,income,income,credit,0,,,income,,,chart_skr04_4701,
4702,Sales allowances on taxexempt sales under section 4 no. 2-7 UStG,income,income,credit,0,,,income,,,chart_skr04_4702,
4703,Sales allowances on other tax-exempt sales without input tax deduction,income,income,credit,0,,,income,,,chart_skr04_4703,
4704,Sales allowances on other tax-exempt sales with input tax deduction,income,income,credit,0,,,income,,,chart_skr04_4704,
4705,Sales allowances on taxexempt sales under section 4 no. 1a UStG,income,income,credit,0,,,income,,,chart_skr04_4705,
4710,"Sales allowances, 7 % VAT",income,income,credit,0,,,income,,,chart_skr04_4710,
4720,"Sales allowances, 19 % VAT",income,income,credit,0,,,income,,,chart_skr04_4720,
4724,Sales allowances on taxexempt intra-European Union deliveries,income,income,credit,0,,,income,,,chart_skr04_4724,
4725,"Sales allowances on intra-European Union supplies of goods and services subject to domestic taxation, 7 % VAT",income,income,credit,0,,,income,,,chart_skr04_4725,
4726,"Sales allowances on intra-European Union supplies of goods and services subject to domestic taxation, 19 % VAT",income,income,credit,0,,,income,,,chart_skr04_4726,
4727,Sales allowances on supplies of goods and services taxable in another EU country,income,income,credit,0,,,income,,,chart_skr04_4727,
4730,Cash discounts granted,income,income,credit,0,,,income,,,chart_skr04_4730,
4731,"Cash discounts granted, 7 % VAT",income,income,credit,0,,,income,,,chart_skr04_4731,
4736,"Cash discounts granted, 19 % VAT",income,income,credit,0,,,income,,,chart_skr04_4736,
4738,"Cash discounts granted for supplies of cell phones, etc. for which the recipient of goods/services is liable for VAT pursuant to section 13b(2) (10) UStG",income,income,credit,0,,,income,,,chart_skr04_4738,
4741,Cash discounts granted for goods and services for which the recipient bears the tax liability under section 13b UStG,income,income,credit,0,,,income,,,chart_skr04_4741,
4742,"Cash discounts granted on revenue from other services taxable in another EU country, for which the recipient bears tax liability",income,income,credit,0,,,income,,,chart_skr04_4742,
4743,"Sales discounts granted on tax-exempt intra-European Union deliveries, section 4 no. 1b UStG",income,income,credit,0,,,income,,,chart_skr04_4743,
4745,Cash discounts granted on intra-European Union supplies of goods and services subject to domestic taxation,income,income,credit,0,,,income,,,chart_skr04_4745,
4746,"Cash discounts granted on intra-European Union supplies of goods and services subject to domestic taxation, 7 % VAT",income,income,credit,0,,,income,,,chart_skr04_4746,
4748,"Cash discounts granted on intra-European Union supplies of goods and services subject to domestic taxation, 19 % VAT",income,income,credit,0,,,income,,,chart_skr04_4748,
4750,"Volume discounts granted, 7 % VAT",income,income,credit,0,,,income,,,chart_skr04_4750,
4760,"Volume discounts granted, 19 % VAT",income,income,credit,0,,,income,,,chart_skr04_4760,
4770,Rebates granted,income,income,credit,0,,,income,,,chart_skr04_4770,
4780,Rebates granted 7 % VAT,income,income,credit,0,,,income,,,chart_skr04_4780,
4790,Rebates granted 19 % VAT,income,income,credit,0,,,income,,,chart_skr04_4790,
4800,Inventory changes - finished goods,income,other_income,credit,0,,,income_other,,,chart_skr04_4800,
4810,Inventory changes - unfinished goods,income,other_income,credit,0,,,income_other,,,chart_skr04_4810,
4815,Inventory changes - services in progress,income,other_income,credit,0,,,income_other,,,chart_skr04_4815,
4816,Inventory changes - construction contracts in progress,income,other_income,credit,0,,,income_other,,,chart_skr04_4816,
4818,Inventory changes - orders in progress,income,other_income,credit,0,,,income_other,,,chart_skr04_4818,
4820,Other own work capitalised,income,other_income,credit,0,,,income_other,,,chart_skr04_4820,
4824,Other own work capitalised (borrowing costs attributable to cost of sales),income,other_income,credit,0,,,income_other,,,chart_skr04_4824,
4825,Own work capitalised to produce internally generated intangible fixed assets,income,other_income,credit,0,,,income_other,,,chart_skr04_4825,
4830,Other operating income,income,income,credit,0,,,income,,,chart_skr04_4830,
4832,Other operating income from affiliated companies,income,income,credit,0,,,income,,,chart_skr04_4832,
4833,Other incidental income,income,income,credit,0,,,income,,,chart_skr04_4833,
4835,Other regular operating income,income,income,credit,0,,,income,,,chart_skr04_4835,
4836,"Other regular operating income, 19 % VAT",income,income,credit,0,,,income,,,chart_skr04_4836,
4837,Other regular non-operating income,income,income,credit,0,,,income,,,chart_skr04_4837,
4838,"Reimbursed input tax, other countries",income,income,credit,0,,,income,,,chart_skr04_4838,
4839,Other infrequent income,income,income,credit,0,,,income,,,chart_skr04_4839,
4840,Currency translation gains,income,income,credit,0,,,income,,,chart_skr04_4840,
4841,"Other regular operating income tax-exempt, section 4 no. 8 ff UStG",income,income,credit,0,,,income,,,chart_skr04_4841,
4842,"Other regular operating income tax-exempt, e.g. section 4 nos. 2-7 UStG",income,income,credit,0,,,income,,,chart_skr04_4842,
4843,Income from remeasurement of cash funds,income,income,credit,0,,,income,,,chart_skr04_4843,
4844,"Revenue from sales of tangible fixed assets, tax-exempt, section 4 no. 1a UStG (book gain)",income,income,credit,0,,,income,,,chart_skr04_4844,
4845,"Revenue from sales of tangible fixed assets, 19% VAT (book gain)",income,income,credit,0,,,income,,,chart_skr04_4845,
4847,Currency translation gains (not s. 256a HGB),income,income,credit,0,,,income,,,chart_skr04_4847,
4848,"Revenue from sales of tangible fixed assets, tax-exempt, section 4 no. 1b UStG (book gain)",income,income,credit,0,,,income,,,chart_skr04_4848,
4849,Revenue from sales of tangible fixed assets (book gain),income,income,credit,0,,,income,,,chart_skr04_4849,
4850,Revenue from sales of intangible fixed assets (book gain),income,income,credit,0,,,income,,,chart_skr04_4850,
4851,Revenue from sales of long-term financial assets (book gain),income,income,credit,0,,,income,,,chart_skr04_4851,
4852,"Revenue from sales of long-term financial assets, section 3 no. 40 EStG/section 8b(2) KStG (book gain)",income,income,credit,0,,,income,,,chart_skr04_4852,
4855,Disposals of tangible fixed assets (net carrying amount for book gain),income,income,credit,0,,,income,,,chart_skr04_4855,
4856,Disposals of intangible fixed assets (net carrying amount for book gain),income,income,credit,0,,,income,,,chart_skr04_4856,
4857,Disposals of long-term financial assets (net carrying amount for book gain),income,income,credit,0,,,income,,,chart_skr04_4857,
4858,"Disposals of long-term financial assets, section 3 no. 40 EStG/section 8b(2) KStG (net carrying amount for book gain)",income,income,credit,0,,,income,,,chart_skr04_4858,
4860,Income from real estate,income,income,credit,0,,,income,,,chart_skr04_4860,
4861,"Rental and lease income, VAT-exempt s. 4 no. 12 UStG",income,income,credit,0,,,income,,,chart_skr04_4861,
4862,"Rental and lease income, 19 % VAT",income,income,credit,0,,,income,,,chart_skr04_4862,
4900,Income from disposal of fixed assets,income,income,credit,0,,,income,,,chart_skr04_4900,
4901,"Income from disposal of shares in corporations (long-term financial assets), section 3 no. 40 EStG/section 8b(2) KStG",income,income,credit,0,,,income,,,chart_skr04_4901,
4905,Income from disposal of current assets (excluding inventories),income,income,credit,0,,,income,,,chart_skr04_4905,
4906,"Income from disposal of current assets (excluding inventories), section 3 no. 40 EStG/section 8b(2) KStG",income,income,credit,0,,,income,,,chart_skr04_4906,
4910,Income from reversal of write-downs of tangible fixed assets,income,income,credit,0,,,income,,,chart_skr04_4910,
4911,Income from reversal of write-downs of intangible fixed assets,income,income,credit,0,,,income,,,chart_skr04_4911,
4912,Income from reversal of write-downs of longterm financial assets,income,income,credit,0,,,income,,,chart_skr04_4912,
4913,"Income from reversal of write-downs of longterm financial assets, section 3 no. 40 EStG/section 8b(3) sentence 8 KStG",income,income,credit,0,,,income,,,chart_skr04_4913,
4914,"Income from reversal of write-downs, section 3 no. 40 EStG/section 8b(2) KStG",income,income,credit,0,,,income,,,chart_skr04_4914,
4915,Income from reversal of write-downs of current assets excluding inventories,income,income,credit,0,,,income,,,chart_skr04_4915,
4916,"Income from reversal of write-downs of current assets, section 3 no. 40 EStG/section 8b(3) sentence 8 KStG",income,income,credit,0,,,income,,,chart_skr04_4916,
4920,Income from reduction in global valuation allowances on receivables,income,income,credit,0,,,income,,,chart_skr04_4920,
4923,Income from reduction in specific valuation allowances on receivables,income,income,credit,0,,,income,,,chart_skr04_4923,
4925,Income from recoveries of receivables previously written off,income,income,credit,0,,,income,,,chart_skr04_4925,
4927,Income from reversal of tax reserve under s. 6b(3) EStG,income,income,credit,0,,,income,,,chart_skr04_4927,
4928,Income from reversal of tax reserve under s. 6b(10) EStG,income,income,credit,0,,,income,,,chart_skr04_4928,
4929,Income from reversal of replacement reserve under R.6.6 EStR,income,income,credit,0,,,income,,,chart_skr04_4929,
4930,Income from reversal of provisions,income,income,credit,0,,,income,,,chart_skr04_4930,
4932,Income from remission of liabilities,income,income,credit,0,,,income,,,chart_skr04_4932,
4934,Income from the reversal of a start-up reserve,income,income,credit,0,,,income,,,chart_skr04_4934,
4935,Income from the reversal of other tax reserves,income,income,credit,0,,,income,,,chart_skr04_4935,
4936,Income from the reversal of reserves (accumulated depreciation in accordance with Sec. 7g (2) EStG),income,income,credit,0,,,income,,,chart_skr04_4936,
4937,Income from reversal of accelerated tax depreciation,income,income,credit,0,,,income,,,chart_skr04_4937,
4938,Income from reversal of tax reserve under s. 4g EStG,income,income,credit,0,,,income,,,chart_skr04_4938,
4939,Income Release of tax reserves § 52 (16) EStG,income,income,credit,0,,,income,,,chart_skr04_4939,
4940,Allocated other noncash benefits (excluding goods),income,income,credit,0,,,income,,,chart_skr04_4940,
4941,"Non-cash benefits, 7 % VAT (goods)",income,income,credit,0,,,income,,,chart_skr04_4941,
4945,"Non-cash benefits, 19 % VAT (goods)",income,income,credit,0,,,income,,,chart_skr04_4945,
4947,"Allocated other noncash benefits from provision of car, 19 % VAT",income,income,credit,0,,,income,,,chart_skr04_4947,
4948,"Allocated other noncash benefits, 19 % VAT",income,income,credit,0,,,income,,,chart_skr04_4948,
4949,"Allocated other noncash benefits, no VAT",income,income,credit,0,,,income,,,chart_skr04_4949,
4960,Prior - period income,income,income,credit,0,,,income,,,chart_skr04_4960,
4970,Insurance recoveries and compensation payments,income,income,credit,0,,,income,,,chart_skr04_4970,
4972,Refunds Act on Reimbursement of Employers' Expenses (AAG),income,income,credit,0,,,income,,,chart_skr04_4972,
4975,Investment subsidies (taxable),income,income,credit,0,,,income,,,chart_skr04_4975,
4980,Investment grants (taxexempt),income,income,credit,0,,,income,,,chart_skr04_4980,
4981,Tax-exempt income from reversal of tax reserves,income,income,credit,0,,,income,,,chart_skr04_4981,
4982,Other tax-exempt operating income,income,income,credit,0,,,income,,,chart_skr04_4982,
4987,Income from capitalisation of assets acquired free of charge,income,income,credit,0,,,income,,,chart_skr04_4987,
4989,"Reimbursements, refunds and credit entries relating to prior periods",income,income,credit,0,,,income,,,chart_skr04_4989,
4992,Income from administrative expense allocations,income,income,credit,0,,,income,,,chart_skr04_4992,
5000,"Cost of raw materials, consumables and supplies, and of purchased merchandise",expense,expense,debit,0,,,expense,,,chart_skr04_5000,
5100,"Raw materials, consumables and supplies",expense,expense,debit,0,,,expense,,,chart_skr04_5100,
5110,"Cost of raw materials, consumables and supplies, 7 % input tax",expense,expense,debit,0,,,expense,,,chart_skr04_5110,
5130,"Cost of raw materials, consumables and supplies, 19 % input tax",expense,expense,debit,0,,,expense,,,chart_skr04_5130,
5160,"Cost of raw materials, consumables and supplies, intra-European Union acquisitions, 7 % input tax and 7 % VAT",expense,expense,debit,0,,,expense,,,chart_skr04_5160,
5162,"Cost of raw materials, consumables and supplies, intra-European Union acquisitions, 19 % input tax and 19 % VAT",expense,expense,debit,0,,,expense,,,chart_skr04_5162,
5166,"Cost of raw materials, consumables and supplies, intra-European Union acquisitions, no input tax and 7 % VAT",expense,expense,debit,0,,,expense,,,chart_skr04_5166,
5167,"Cost of raw materials, consumables and supplies, intra-European Union acquisitions, no input tax and 19 % VAT",expense,expense,debit,0,,,expense,,,chart_skr04_5167,
5189,"Cost of raw materials, consumables and supplies as last purchaser in a triangular transaction, 19 % input tax and 19 % VAT",expense,expense,debit,0,,,expense,,,chart_skr04_5189,
5190,Fuels (production),expense,expense,debit,0,,,expense,,,chart_skr04_5190,
5191,"Fuels (production), 7 % input tax",expense,expense,debit,0,,,expense,,,chart_skr04_5191,
5192,"Fuels (production), 19 % input tax",expense,expense,debit,0,,,expense,,,chart_skr04_5192,
5200,Cost of merchandise,expense,expense,debit,0,,,expense,,,chart_skr04_5200,
5300,"Cost of merchandise, 7 % input tax",expense,expense,debit,0,,,expense,,,chart_skr04_5300,
5349,Cost of merchandise without input tax deduction,expense,expense,debit,0,,,expense,,,chart_skr04_5349,
5400,"Cost of merchandise, 19 % input tax",expense,expense,debit,0,expense,,expense,,,chart_skr04_5400,default_for_expense
5420,"Intra-European Union acquisitions, 7 % input tax and 7 % VAT",expense,expense,debit,0,,,expense,,,chart_skr04_5420,
5425,"Intra-European Union acquisitions, 19 % input tax and 19 % VAT",expense,expense,debit,0,,,expense,,,chart_skr04_5425,
5430,"Intra-European Union acquisitions, no input tax and 7 % VAT",expense,expense,debit,0,,,expense,,,chart_skr04_5430,
5435,"Intra-European Union acquisitions, no input tax and 19 % VAT",expense,expense,debit,0,,,expense,,,chart_skr04_5435,
5440,"Intra-European Union acquisition of new vehicles from supplier without VAT identification number, 19 % input tax and 19 % VAT",expense,expense,debit,0,,,expense,,,chart_skr04_5440,
5550,Tax-exempt intra-European Union acquisitions,expense,expense,debit,0,,,expense,,,chart_skr04_5550,
5551,"Cost of merchandise in a third country, taxable",expense,expense,debit,0,,,expense,,,chart_skr04_5551,
5552,Acquisition by 1st purchaser in a triangular transaction,expense,expense,debit,0,,,expense,,,chart_skr04_5552,
5553,"Purchase of merchandise as last purchaser in a triangular transaction, 19 % input tax and 19 % VAT",expense,expense,debit,0,,,expense,,,chart_skr04_5553,
5557,"Goods receipt, taxable in third country (7%)",expense,expense,debit,0,,,expense,,,chart_skr04_5557,
5559,Tax-exempt imports,expense,expense,debit,0,,,expense,,,chart_skr04_5559,
5600,"Merchandise from a VAT warehouse, section 13a UStG, 7 % input tax and 7 % VAT",expense,expense,debit,0,,,expense,,,chart_skr04_5600,
5610,"Non-deductible input tax, 7 %",expense,expense,debit,0,,,expense,,,chart_skr04_5610,
5660,"Non-deductible input tax, 19 %",expense,expense,debit,0,,,expense,,,chart_skr04_5660,
5700,Trade discounts,expense,expense,debit,0,,,expense,,,chart_skr04_5700,
5701,"Trade discounts on cost of raw materials, consumables and supplies",expense,expense,debit,0,,,expense,,,chart_skr04_5701,
5710,"Trade discounts, 7 % input tax",expense,expense,debit,0,,,expense,,,chart_skr04_5710,
5714,"Trade discounts on cost of raw materials, consumables and supplies, 7 % input tax",expense,expense,debit,0,,,expense,,,chart_skr04_5714,
5715,"Trade discounts on cost of raw materials, consumables and supplies, 19 % input tax",expense,expense,debit,0,,,expense,,,chart_skr04_5715,
5717,"Trade discounts on cost of raw materials, consumables and supplies, intra-EU acquisitions, 7 % input tax and 7 % VAT",expense,expense,debit,0,,,expense,,,chart_skr04_5717,
5718,"Trade discounts on cost of raw materials, consumables and supplies, intra-EU acquisitions, 19 % input tax and 19 % VAT",expense,expense,debit,0,,,expense,,,chart_skr04_5718,
5720,"Trade discounts, 19 % input tax",expense,expense,debit,0,,,expense,,,chart_skr04_5720,
5724,"Trade discounts on intra-European Union acquisitions, 7 % input tax and 7 % VAT",expense,expense,debit,0,,,expense,,,chart_skr04_5724,
5725,"Trade discounts on intra-European Union acquisitions, 19 % input tax and 19 % VAT",expense,expense,debit,0,,,expense,,,chart_skr04_5725,
5730,Cash discounts received,expense,expense,debit,0,,,expense,,,chart_skr04_5730,
5731,"Cash discounts received, 7 % input tax",expense,expense,debit,0,,,expense,,,chart_skr04_5731,
5733,"Cash discounts received on cost of raw materials, consumables and supplies",expense,expense,debit,0,,,expense,,,chart_skr04_5733,
5734,"Cash discounts received on cost of raw materials, consumables and supplies, 7 % input tax",expense,expense,debit,0,,,expense,,,chart_skr04_5734,
5736,"Cash discounts received, 19 % input tax",expense,expense,debit,0,,,expense,,,chart_skr04_5736,
5738,"Cash discounts received on cost of raw materials, consumables and supplies, 19 % input tax",expense,expense,debit,0,,,expense,,,chart_skr04_5738,
5741,"Cash discounts received on cost of raw materials, consumables and supplies, taxable intra-European Union acquisitions, 19 % input tax and 19 % VAT",expense,expense,debit,0,,,expense,,,chart_skr04_5741,
5743,"Cash discounts received on cost of raw materials, consumables and supplies, taxable intra-European Union acquisitions, 7 % input tax and 7 % VAT",expense,expense,debit,0,,,expense,,,chart_skr04_5743,
5744,"Cash discounts received on raw materials, consumables and supplies, taxable intra-European Union acquisitions",expense,expense,debit,0,,,expense,,,chart_skr04_5744,
5750,"Volume discounts received, 7 % input tax",expense,expense,debit,0,,,expense,,,chart_skr04_5750,
5753,"Volume discounts received on cost of raw materials, consumables and supplies",expense,expense,debit,0,,,expense,,,chart_skr04_5753,
5754,"Volume discounts received on cost of raw materials, consumables and supplies, 7 % input tax",expense,expense,debit,0,,,expense,,,chart_skr04_5754,
5755,"Volume discounts received on cost of raw materials, consumables and supplies, 19 % input tax",expense,expense,debit,0,,,expense,,,chart_skr04_5755,
5760,"Volume discounts received, 19 % input tax",expense,expense,debit,0,,,expense,,,chart_skr04_5760,
5770,Rebates received,expense,expense,debit,0,,,expense,,,chart_skr04_5770,
5780,"Rebates received, 7 % input tax",expense,expense,debit,0,,,expense,,,chart_skr04_5780,
5783,"Rebates received on cost of raw materials, consumables and supplies",expense,expense,debit,0,,,expense,,,chart_skr04_5783,
5784,"Rebates received on cost of raw materials, consumables and supplies, 7 % input tax",expense,expense,debit,0,,,expense,,,chart_skr04_5784,
5785,"Rebates received on cost of raw materials, consumables and supplies, 19 % input tax",expense,expense,debit,0,,,expense,,,chart_skr04_5785,
5788,"Cash discounts received on cost of raw materials, consumables and supplies, 10.7 % input tax",expense,expense,debit,0,,,expense,,,chart_skr04_5788,
5790,"Rebates received, 19 % input tax",expense,expense,debit,0,,,expense,,,chart_skr04_5790,
5792,"Cash discounts received on cost of raw materials, consumables and supplies as last purchaser in a triangular transaction, 19 % input tax and 19 % VAT",expense,expense,debit,0,,,expense,,,chart_skr04_5792,
5793,"Cash discounts received on purchase of merchandise as last purchaser in a triangular transaction, 19 % input tax and 19 % VAT",expense,expense,debit,0,,,expense,,,chart_skr04_5793,
5794,"Cash discounts received, 5.5 % input tax",expense,expense,debit,0,,,expense,,,chart_skr04_5794,
5796,"Cash discounts received, 10.7 % input tax",expense,expense,debit,0,,,expense,,,chart_skr04_5796,
5798,"Cash discounts received on cost of raw materials, consumables and supplies, 5.5 % input tax",expense,expense,debit,0,,,expense,,,chart_skr04_5798,
5800,Delivery costs,expense,expense,debit,0,,,expense,,,chart_skr04_5800,
5820,Empties,expense,expense,debit,0,,,expense,,,chart_skr04_5820,
5840,Customs and import duties,expense,expense,debit,0,,,expense,,,chart_skr04_5840,
5880,"Changes in inventories of raw materials, consumables and supplies, and of purchased merchandise",expense,expense,debit,0,,,expense,,,chart_skr04_5880,
5881,Changes in inventories of purchased merchandise,expense,expense,debit,0,,,expense,,,chart_skr04_5881,
5885,"Changes in inventories of raw materials, consumables and supplies",expense,expense,debit,0,,,expense,,,chart_skr04_5885,
5900,Purchased services,expense,expense,debit,0,,,expense,,,chart_skr04_5900,
5906,"Purchased services, 19 % input tax",expense,expense,debit,0,,,expense,,,chart_skr04_5906,
5908,"Purchased services, 7 % input tax",expense,expense,debit,0,,,expense,,,chart_skr04_5908,
5909,"Purchased services, no input tax",expense,expense,debit,0,,,expense,,,chart_skr04_5909,
5910,"Construction services supplied by domestic contractor, 7 % input tax and 7 % VAT",expense,expense,debit,0,,,expense,,,chart_skr04_5910,
5913,"Other services supplied by a contractor in another EU country, 7 % input tax and 7 % VAT",expense,expense,debit,0,,,expense,,,chart_skr04_5913,
5915,"Services supplied by foreign contractor, 7 % input tax and 7 % VAT",expense,expense,debit,0,,,expense,,,chart_skr04_5915,
5920,"Construction services supplied by domestic contractor, 19 % input tax and 19 % VAT",expense,expense,debit,0,,,expense,,,chart_skr04_5920,
5923,"Other services supplied by a contractor in another EU country, 19 % input tax and 19 % VAT",expense,expense,debit,0,,,expense,,,chart_skr04_5923,
5925,"Services supplied by foreign contractor, 19 % input tax and 19 % VAT",expense,expense,debit,0,,,expense,,,chart_skr04_5925,
5950,Cash discounts received on services for which recipient bears tax liability under section 13b UStG,expense,expense,debit,0,,,expense,,,chart_skr04_5950,
5951,"Cash discounts received on services for which recipient bears tax liability under section 13b UStG, 19 % input tax and 19 % VAT",expense,expense,debit,0,,,expense,,,chart_skr04_5951,
5970,Purchased service (rent/lease for movable property),expense,expense,debit,0,,,expense,,,chart_skr04_5970,
5975,Purchased services (rent/lease for immovable property),expense,expense,debit,0,,,expense,,,chart_skr04_5975,
5980,Purchased services (recompense for rights and licences),expense,expense,debit,0,,,expense,,,chart_skr04_5980,
5985,Purchased services (remuneration for rental and lease of assets - corresponds to special business income),expense,expense,debit,0,,,expense,,,chart_skr04_5985,
6000,Wages and salaries,expense,expense,debit,0,,,expense,,,chart_skr04_6000,
6010,Wages,expense,expense,debit,0,,,expense,,,chart_skr04_6010,
6020,Salaries,expense,expense,debit,0,,,expense,,,chart_skr04_6020,
6024,Managing director salaries of shareholders of limited liability company (GmbH),expense,expense,debit,0,,,expense,,,chart_skr04_6024,
6026,Management bonuses paid to shareholder managers,expense,expense,debit,0,,,expense,,,chart_skr04_6026,
6027,Managing director salaries,expense,expense,debit,0,,,expense,,,chart_skr04_6027,
6028,"Remuneration of salaried partners, section 15 EStG (corresponds to special business income)",expense,expense,debit,0,,,expense,,,chart_skr04_6028,
6029,Management bonuses paid to employees,expense,expense,debit,0,,,expense,,,chart_skr04_6029,
6030,Casual labour wages,expense,expense,debit,0,,,expense,,,chart_skr04_6030,
6035,Wages for marginal part-time work,expense,expense,debit,0,,,expense,,,chart_skr04_6035,
6036,Flat-rate taxes for marginal part-time workers,expense,expense,debit,0,,,expense,,,chart_skr04_6036,
6037,Flat-rate taxes for shareholder managers,expense,expense,debit,0,,,expense,,,chart_skr04_6037,
6038,"Flat-rate taxes for salaried partners, section 15 EStG (corresponds to special business income)",expense,expense,debit,0,,,expense,,,chart_skr04_6038,
6039,Flat-rate taxes for employees,expense,expense,debit,0,,,expense,,,chart_skr04_6039,
6040,Flat-rate tax on casual labour wages,expense,expense,debit,0,,,expense,,,chart_skr04_6040,
6045,Tips,expense,expense,debit,0,,,expense,,,chart_skr04_6045,
6050,Salaries of spouses,expense,expense,debit,0,,,expense,,,chart_skr04_6050,
6060,Voluntary social benefits subject to wage tax,expense,expense,debit,0,,,expense,,,chart_skr04_6060,
6066,Voluntary non-cash benefits provided to marginal part-time workers,expense,expense,debit,0,,,expense,,,chart_skr04_6066,
6067,Voluntary non-cash benefits provided to shareholder managers,expense,expense,debit,0,,,expense,,,chart_skr04_6067,
6068,"Voluntary non-cash benefits provided to salaried partners, section 15 EStG (corresponds to special business income)",expense,expense,debit,0,,,expense,,,chart_skr04_6068,
6069,Flat-rate tax on other benefits (e.g. travel allowances,expense,expense,debit,0,,,expense,,,chart_skr04_6069,
6070,Sick pay supplements,expense,expense,debit,0,,,expense,,,chart_skr04_6070,
6071,Non-cash benefits and services provided to marginal part-time workers,expense,expense,debit,0,,,expense,,,chart_skr04_6071,
6072,Non-cash benefits and services provided to employees,expense,expense,debit,0,,,expense,,,chart_skr04_6072,
6073,Non-cash benefits and services provided to shareholder managers,expense,expense,debit,0,,,expense,,,chart_skr04_6073,
6074,"Non-cash benefits and services provided to salaried partners, section 15 EStG (corresponds to special business income)",expense,expense,debit,0,,,expense,,,chart_skr04_6074,
6075,Employment agency subsidies (credit balances),expense,expense,debit,0,,,expense,,,chart_skr04_6075,
6076,Expenses from change in provisions for vacation pay,expense,expense,debit,0,,,expense,,,chart_skr04_6076,
6077,Expenses from change in provisions for vacation pay for shareholder-managers,expense,expense,debit,0,,,expense,,,chart_skr04_6077,
6078,"Expenses from change in provisions for vacation pay for salaried partners, section 15 EStG (corresponds to special business income)",expense,expense,debit,0,,,expense,,,chart_skr04_6078,
6079,Expenses from change in provisions for vacation pay for marginal part-time workers,expense,expense,debit,0,,,expense,,,chart_skr04_6079,
6080,Capital-forming payments,expense,expense,debit,0,,,expense,,,chart_skr04_6080,
6090,Travel expense reimbursement - home/workplace,expense,expense,debit,0,,,expense,,,chart_skr04_6090,
6100,"Social security, postemployment and other employee benefit costs",expense,expense,debit,0,,,expense,,,chart_skr04_6100,
6110,Statutory social security expenses,expense,expense,debit,0,,,expense,,,chart_skr04_6110,
6118,"Statutory social security expenses for salaried partners, section 15 EStG (corresponds to special business income)",expense,expense,debit,0,,,expense,,,chart_skr04_6118,
6120,Contributions to occupational health and safety agency,expense,expense,debit,0,,,expense,,,chart_skr04_6120,
6130,Voluntary social benefits not subject to wage tax,expense,expense,debit,0,,,expense,,,chart_skr04_6130,
6140,Post-employment benefit costs,expense,expense,debit,0,,,expense,,,chart_skr04_6140,
6147,Flat-rate tax on other benefits (e.g. direct insurance policies),expense,expense,debit,0,,,expense,,,chart_skr04_6147,
6148,"Post-employment benefit costs of salaried partners, section 15 EStG (corresponds to special business income)",expense,expense,debit,0,,,expense,,,chart_skr04_6148,
6149,Post-employment benefit costs for shareholder managers,expense,expense,debit,0,,,expense,,,chart_skr04_6149,
6150,Pension funds,expense,expense,debit,0,,,expense,,,chart_skr04_6150,
6160,Employee benefit expenses,expense,expense,debit,0,,,expense,,,chart_skr04_6160,
6170,Other social security costs,expense,expense,debit,0,,,expense,,,chart_skr04_6170,
6171,Social security contributions for marginal parttime workers,expense,expense,debit,0,,,expense,,,chart_skr04_6171,
6200,Amortisation of intangible fixed assets,expense,depreciation,debit,0,,,expense_depreciation,,,chart_skr04_6200,
6201,Amortisation of internally generated intangible fixed assets,expense,depreciation,debit,0,,,expense_depreciation,,,chart_skr04_6201,
6205,Goodwill amortisation and write-downs,expense,depreciation,debit,0,,,expense_depreciation,,,chart_skr04_6205,
6209,Goodwill write-downs,expense,depreciation,debit,0,,,expense_depreciation,,,chart_skr04_6209,
6210,Write-downs of intangible fixed assets,expense,depreciation,debit,0,,,expense_depreciation,,,chart_skr04_6210,
6211,Write-downs of internally generated intangible fixed assets,expense,depreciation,debit,0,,,expense_depreciation,,,chart_skr04_6211,
6220,Depreciation of tangible fixed assets (excluding depreciation of motor vehicles and buildings),expense,depreciation,debit,0,,,expense_depreciation,,,chart_skr04_6220,
6221,Depreciation of buildings,expense,depreciation,debit,0,,,expense_depreciation,,,chart_skr04_6221,
6222,Depreciation of motor vehicles,expense,depreciation,debit,0,,,expense_depreciation,,,chart_skr04_6222,
6223,Depreciation of share of building attributable to home office,expense,depreciation,debit,0,,,expense_depreciation,,,chart_skr04_6223,
6230,Write-downs of tangible fixed assets,expense,depreciation,debit,0,,,expense_depreciation,,,chart_skr04_6230,
6231,Write-downs for extraordinary technical and economic wear and tear of buildings,expense,depreciation,debit,0,,,expense_depreciation,,,chart_skr04_6231,
6232,Write-downs for extraordinary technical and economic wear and tear of motor vehicles,expense,depreciation,debit,0,,,expense_depreciation,,,chart_skr04_6232,
6233,Write-downs for extraordinary technical and economic wear and tear of other assets,expense,depreciation,debit,0,,,expense_depreciation,,,chart_skr04_6233,
6240,Write-downs of tangible fixed assets due to special tax rules,expense,depreciation,debit,0,,,expense_depreciation,,,chart_skr04_6240,
6241,"Accelerated tax depreciation, s. 7g(5) EStG (excluding motor vehicles)",expense,depreciation,debit,0,,,expense_depreciation,,,chart_skr04_6241,
6242,"Accelerated tax depreciation, s. 7g(5) EStG (motor vehicles)",expense,depreciation,debit,0,,,expense_depreciation,,,chart_skr04_6242,
6243,Reduction in cost in accordance with section 7g(2) EStG (excl. motor vehicles),expense,depreciation,debit,0,,,expense_depreciation,,,chart_skr04_6243,
6244,Reduction in cost in accordance with section 7g(2) EStG (for motor vehicles),expense,depreciation,debit,0,,,expense_depreciation,,,chart_skr04_6244,
6250,Finance leases,expense,expense,debit,0,,,expense,,,chart_skr04_6250,
6260,Immediate write-off of low-value assets,expense,depreciation,debit,0,,,expense_depreciation,,,chart_skr04_6260,
6262,Depreciation and amortisation of capitalised low-value assets,expense,depreciation,debit,0,,,expense_depreciation,,,chart_skr04_6262,
6264,Write-downs of assets (collective item),expense,depreciation,debit,0,,,expense_depreciation,,,chart_skr04_6264,
6266,Write-downs of capitalised low-value assets,expense,depreciation,debit,0,,,expense_depreciation,,,chart_skr04_6266,
6268,Depreciation. Start-up / expansion,expense,depreciation,debit,0,,,expense_depreciation,,,chart_skr04_6268,
6270,Write-downs of other current assets (if unusually high),expense,depreciation,debit,0,,,expense_depreciation,,,chart_skr04_6270,
6272,Write-downs of current assets due to tax rules (unusually high),expense,depreciation,debit,0,,,expense_depreciation,,,chart_skr04_6272,
6278,"Write-downs of raw materials, consumables and supplies/merchandise (if unusually high)",expense,depreciation,debit,0,,,expense_depreciation,,,chart_skr04_6278,
6279,Write-downs of finished goods and work in progress (if unusually high),expense,depreciation,debit,0,,,expense_depreciation,,,chart_skr04_6279,
6280,Bad debt allowances (if unusually high),expense,expense,debit,0,,,expense,,,chart_skr04_6280,
6281,"Bad debt allowances, 7 % VAT (if unusually high)",expense,expense,debit,0,,,expense,,,chart_skr04_6281,
6286,"Bad debt allowances, 19 % VAT (if unusually high)",expense,expense,debit,0,,,expense,,,chart_skr04_6286,
6290,"Allowances on receivables from corporations classified as long-term investees (if unusually high), s. 3c EStG/ s. 8b(3) KStG",expense,expense,debit,0,,,expense,,,chart_skr04_6290,
6291,"Allowances on receivables from shareholders and related parties (if unusually high), s. 8b(3) KStG",expense,expense,debit,0,,,expense,,,chart_skr04_6291,
6300,Other operating expenses,expense,expense,debit,0,,,expense,,,chart_skr04_6300,
6302,Interim account for expenses in another country for which input tax reimbursement is possible,expense,expense,debit,0,,,expense,,,chart_skr04_6302,
6303,Purchased services/third-party services,expense,expense,debit,0,,,expense,,,chart_skr04_6303,
6304,Other regular operating expenses,expense,expense,debit,0,,,expense,,,chart_skr04_6304,
6305,Occupancy costs,expense,expense,debit,0,,,expense,,,chart_skr04_6305,
6310,Rent (immovable property),expense,expense,debit,0,,,expense,,,chart_skr04_6310,
6312,Rent/expenses for maintaining two residences (business owner),expense,expense,debit,0,,,expense,,,chart_skr04_6312,
6313,Remuneration of partners for rental and leas of their immovable property,expense,expense,debit,0,,,expense,,,chart_skr04_6313,
6314,"Remuneration of partners for rental of their immovable property, section 15 EStG (corresponds to special business income)",expense,expense,debit,0,,,expense,,,chart_skr04_6314,
6315,Real property leases (immovable property),expense,expense,debit,0,,,expense,,,chart_skr04_6315,
6316,Leases (immovable property),expense,expense,debit,0,,,expense,,,chart_skr04_6316,
6317,Expenses for rented or leased immovable property that must be added back under trade tax law,expense,expense,debit,0,,,expense,,,chart_skr04_6317,
6319,"Remuneration of partners for lease of their immovable property, section 15 EStG (corresponds to special business income)",expense,expense,debit,0,,,expense,,,chart_skr04_6319,
6320,Heating,expense,expense,debit,0,,,expense,,,chart_skr04_6320,
6325,"Gas, electricity, water",expense,expense,debit,0,,,expense,,,chart_skr04_6325,
6330,Cleaning,expense,expense,debit,0,,,expense,,,chart_skr04_6330,
6335,Maintenance of operating premises,expense,expense,debit,0,,,expense,,,chart_skr04_6335,
6340,Levies for real property used for operating purposes,expense,expense,debit,0,,,expense,,,chart_skr04_6340,
6345,Other occupancy costs,expense,expense,debit,0,,,expense,,,chart_skr04_6345,
6348,Expenses for home office (deductible portion),expense,expense,debit,0,,,expense,,,chart_skr04_6348,
6349,Expenses for home office (non-deductible portion),expense,expense,debit,0,,,expense,,,chart_skr04_6349,
6350,"Real estate expenses, operating",expense,expense,debit,0,,,expense,,,chart_skr04_6350,
6390,"Non-cash benefits, donations, non-tax deductible",expense,expense,debit,0,,,expense,,,chart_skr04_6390,
6391,"Non-cash benefits, donations for scientific and cultural purposes",expense,expense,debit,0,,,expense,,,chart_skr04_6391,
6392,"Non-cash benefits, donations for charitable purposes",expense,expense,debit,0,,,expense,,,chart_skr04_6392,
6393,"Non-cash benefits, donations for church, religious and non-profit purposes",expense,expense,debit,0,,,expense,,,chart_skr04_6393,
6394,"Non-cash benefits, donations to political parties",expense,expense,debit,0,,,expense,,,chart_skr04_6394,
6395,"Non-cash benefits, donations to permanent assets (capital reserves) of a non-profit foundation",expense,expense,debit,0,,,expense,,,chart_skr04_6395,
6396,Contributions to foundations pursuant to Section 52 (2) No. 4 of the German Fiscal Code (AO),expense,expense,debit,0,,,expense,,,chart_skr04_6396,
6397,"Non-cash benefits, donations to permanent assets (capital reserves) of a church, religious or non-profit foundation",expense,expense,debit,0,,,expense,,,chart_skr04_6397,
6398,"Non-cash benefits, donations to permanent assets (capital reserves) of a scientific, charitabl or cultural foundation",expense,expense,debit,0,,,expense,,,chart_skr04_6398,
6400,Insurance premiums,expense,expense,debit,0,,,expense,,,chart_skr04_6400,
6405,Building insurance,expense,expense,debit,0,,,expense,,,chart_skr04_6405,
6410,Net insurance premium for future pension benefit liability,expense,expense,debit,0,,,expense,,,chart_skr04_6410,
6420,Contributions,expense,expense,debit,0,,,expense,,,chart_skr04_6420,
6430,Other levies,expense,expense,debit,0,,,expense,,,chart_skr04_6430,
6436,Tax-deductible late filing penalties and administrative fines,expense,expense,debit,0,,,expense,,,chart_skr04_6436,
6437,Non-tax deductible late filing penalties and administrative fines,expense,expense,debit,0,,,expense,,,chart_skr04_6437,
6440,Disabled persons equalisation levy,expense,expense,debit,0,,,expense,,,chart_skr04_6440,
6450,Building repairs and maintenance,expense,expense,debit,0,,,expense,,,chart_skr04_6450,
6460,Repairs and maintenance of technical equipment and machinery,expense,expense,debit,0,,,expense,,,chart_skr04_6460,
6470,"Repairs and maintenance of other equipment, operating and office equipment",expense,expense,debit,0,,,expense,,,chart_skr04_6470,
6475,Addition to provision for internal expenses,expense,expense,debit,0,,,expense,,,chart_skr04_6475,
6485,Repairs and maintenance of other equipment,expense,expense,debit,0,,,expense,,,chart_skr04_6485,
6490,Other repairs and maintenance,expense,expense,debit,0,,,expense,,,chart_skr04_6490,
6495,Hardware and software maintenance expenses,expense,expense,debit,0,,,expense,,,chart_skr04_6495,
6498,Operating leases movable assets for technical equipment and machinery,expense,expense,debit,0,,,expense,,,chart_skr04_6498,
6500,Vehicle expenses,expense,expense,debit,0,,,expense,,,chart_skr04_6500,
6520,Motor vehicle insurance,expense,expense,debit,0,,,expense,,,chart_skr04_6520,
6530,Current motor vehicle operating costs,expense,expense,debit,0,,,expense,,,chart_skr04_6530,
6540,Motor vehicle repairs,expense,expense,debit,0,,,expense,,,chart_skr04_6540,
6550,Garage rent,expense,expense,debit,0,,,expense,,,chart_skr04_6550,
6560,Operating leases (motor vehicles),expense,expense,debit,0,,,expense,,,chart_skr04_6560,
6570,Other motor vehicle expenses,expense,expense,debit,0,,,expense,,,chart_skr04_6570,
6580,Road tolls,expense,expense,debit,0,,,expense,,,chart_skr04_6580,
6590,Motor vehicle expenses for private vehicles used for business purposes,expense,expense,debit,0,,,expense,,,chart_skr04_6590,
6595,Third-party vehicle expenses,expense,expense,debit,0,,,expense,,,chart_skr04_6595,
6600,Advertising expenses,expense,expense,debit,0,,,expense,,,chart_skr04_6600,
6605,Giveaways,expense,expense,debit,0,,,expense,,,chart_skr04_6605,
6610,"Gifts, deductible, without s. 37b EStG",expense,expense,debit,0,,,expense,,,chart_skr04_6610,
6611,"Non-cash benefits to third parties, deductible, s. 37b EStG",expense,expense,debit,0,,,expense,,,chart_skr04_6611,
6612,"Flat-rate taxes on gifts and non-cash benefits, deductible",expense,expense,debit,0,,,expense,,,chart_skr04_6612,
6620,"Gifts, non-deductible, without s. 37b EStG",expense,expense,debit,0,,,expense,,,chart_skr04_6620,
6621,"Gifts, non-deductible, with s. 37b EStG",expense,expense,debit,0,,,expense,,,chart_skr04_6621,
6625,Gifts used exclusively for operating purposes,expense,expense,debit,0,,,expense,,,chart_skr04_6625,
6629,"Non-cash benefits, with s. 37b EStG",expense,expense,debit,0,,,expense,,,chart_skr04_6629,
6630,Corporate hospitality expenses,expense,expense,debit,0,,,expense,,,chart_skr04_6630,
6640,Entertainment expenses,expense,expense,debit,0,,,expense,,,chart_skr04_6640,
6641,Other business expenses with limited deductibility (deductible portion),expense,expense,debit,0,,,expense,,,chart_skr04_6641,
6642,Other business expenses with limited deductibility (non-deductible portion),expense,expense,debit,0,,,expense,,,chart_skr04_6642,
6643,Small gifts,expense,expense,debit,0,,,expense,,,chart_skr04_6643,
6644,Non-deductible entertainment expenses,expense,expense,debit,0,,,expense,,,chart_skr04_6644,
6645,Non-deductible business expenses from advertising and corporate hospitality expenses,expense,expense,debit,0,,,expense,,,chart_skr04_6645,
6650,Employee travel expenses,expense,expense,debit,0,,,expense,,,chart_skr04_6650,
6660,"Employee travel expenses, accommodation costs",expense,expense,debit,0,,,expense,,,chart_skr04_6660,
6663,"Employee travel expenses, cost of travel",expense,expense,debit,0,,,expense,,,chart_skr04_6663,
6664,"Employee travel expenses, additional subsistence costs",expense,expense,debit,0,,,expense,,,chart_skr04_6664,
6668,Employee mileage reimbursement,expense,expense,debit,0,,,expense,,,chart_skr04_6668,
6670,Business owner travel expenses,expense,expense,debit,0,,,expense,,,chart_skr04_6670,
6673,"Business owner travel expenses, cost of trave",expense,expense,debit,0,,,expense,,,chart_skr04_6673,
6674,"Business owner travel expenses, additional subsistence costs",expense,expense,debit,0,,,expense,,,chart_skr04_6674,
6680,"Business owner travel expenses, accommodation costs and incidental travel expenses",expense,expense,debit,0,,,expense,,,chart_skr04_6680,
6688,Travel between home and workplace and travel to family home (deductible portion),expense,expense,debit,0,,,expense,,,chart_skr04_6688,
6689,Travel between home and workplace and travel to family home (non-deductible portion),expense,expense,debit,0,,,expense,,,chart_skr04_6689,
6690,Travel between home and workplace and travel to family home (credit balance),expense,expense,debit,0,,,expense,,,chart_skr04_6690,
6691,Additional subsistence expenses in connection with maintaining two residences (business owner),expense,expense,debit,0,,,expense,,,chart_skr04_6691,
6700,Selling and distribution expenses,expense,expense,debit,0,,,expense,,,chart_skr04_6700,
6710,Packaging materials,expense,expense,debit,0,,,expense,,,chart_skr04_6710,
6740,Outgoing freight,expense,expense,debit,0,,,expense,,,chart_skr04_6740,
6760,Transport insurance,expense,expense,debit,0,,,expense,,,chart_skr04_6760,
6770,Selling commissions,expense,expense,debit,0,,,expense,,,chart_skr04_6770,
6780,Third-party services (distribution),expense,expense,debit,0,,,expense,,,chart_skr04_6780,
6790,Warranty expenses,expense,expense,debit,0,,,expense,,,chart_skr04_6790,
6800,Postage,expense,expense,debit,0,,,expense,,,chart_skr04_6800,
6805,Telephone,expense,expense,debit,0,,,expense,,,chart_skr04_6805,
6810,Fax and Internet expenses,expense,expense,debit,0,,,expense,,,chart_skr04_6810,
6815,Office supplies,expense,expense,debit,0,,,expense,,,chart_skr04_6815,
6820,"Newspapers, books (specialist literature)",expense,expense,debit,0,,,expense,,,chart_skr04_6820,
6821,Training costs,expense,expense,debit,0,,,expense,,,chart_skr04_6821,
6822,Voluntary social benefits,expense,expense,debit,0,,,expense,,,chart_skr04_6822,
6823,"Remuneration of partners, section 15 EStG (corresponds to special business income)",expense,expense,debit,0,,,expense,,,chart_skr04_6823,
6824,"Liability compensation paid to partners, section 15 EStG (corresponds to special business income)",expense,expense,debit,0,,,expense,,,chart_skr04_6824,
6825,Legal and consulting expenses,expense,expense,debit,0,,,expense,,,chart_skr04_6825,
6827,Period-end closing and audit costs,expense,expense,debit,0,,,expense,,,chart_skr04_6827,
6830,Bookkeeping expenses,expense,expense,debit,0,,,expense,,,chart_skr04_6830,
6833,Remuneration paid to shareholders for rental or lease of their movable property,expense,expense,debit,0,,,expense,,,chart_skr04_6833,
6834,"Remuneration paid to partners for rental or lease of their movable property, section 15 EStG (corresponds to special business income)",expense,expense,debit,0,,,expense,,,chart_skr04_6834,
6835,Rent of fixtures and fittings (movable assets),expense,expense,debit,0,,,expense,,,chart_skr04_6835,
6837,"Expenses for temporary transfer of rights (licences, concessions)",expense,expense,debit,0,,,expense,,,chart_skr04_6837,
6838,Expenses for rented or leased movable assets that must be added back under trade tax law,expense,expense,debit,0,,,expense,,,chart_skr04_6838,
6840,Operating leases movable assets for operating and office equipment,expense,expense,debit,0,,,expense,,,chart_skr04_6840,
6845,Tools and minor equipment,expense,expense,debit,0,,,expense,,,chart_skr04_6845,
6850,Operating supplies,expense,expense,debit,0,,,expense,,,chart_skr04_6850,
6854,Refunds by co-operatives to members,expense,expense,debit,0,,,expense,,,chart_skr04_6854,
6855,Incidental monetary transaction costs,expense,expense,debit,0,,,expense,,,chart_skr04_6855,
6856,"Expenses from shares in corporations, sections 3 no. 40, 3c EStG/section 8b(1,4) KStG",expense,expense,debit,0,,,expense,,,chart_skr04_6856,
6857,"Costs for disposal, section 3 no. 40 EStG / section 8b (2) KStG (in thecase of capital gains)",expense,expense,debit,0,,,expense,,,chart_skr04_6857,
6859,Environmental remediation and waste disposal expenses,expense,expense,debit,0,,,expense,,,chart_skr04_6859,
6860,Non-deductible input tax,expense,expense,debit,0,,,expense,,,chart_skr04_6860,
6865,"Non-deductible input tax, 7 %",expense,expense,debit,0,,,expense,,,chart_skr04_6865,
6871,"Non-deductible input tax, 19 %",expense,expense,debit,0,,,expense,,,chart_skr04_6871,
6875,Non-deductible half of supervisory board remuneration,expense,expense,debit,0,,,expense,,,chart_skr04_6875,
6876,Deductible supervisory board remuneration,expense,expense,debit,0,,,expense,,,chart_skr04_6876,
6880,Currency translation losses,expense,expense,debit,0,,,expense,,,chart_skr04_6880,
6881,Currency translation losses (not s. 256a HGB),expense,expense,debit,0,,,expense,,,chart_skr04_6881,
6883,Expenses from remeasurement of cash funds,expense,expense,debit,0,,,expense,,,chart_skr04_6883,
6884,"Revenue from sales of tangible fixed assets, tax-exempt, section 4 no. 1a UStG (book loss)",income,income,credit,0,,,income,,,chart_skr04_6884,
6885,"Revenue from sales of tangible fixed assets, 19 % VAT (book loss)",income,income,credit,0,,,income,,,chart_skr04_6885,
6888,"Revenue from sales of tangible fixed assets, tax-exempt, section 4 no. 1b UStG (book loss)",income,income,credit,0,,,income,,,chart_skr04_6888,
6889,Revenue from sales of tangible fixed assets (book loss),income,income,credit,0,,,income,,,chart_skr04_6889,
6890,Revenue from sales of intangible fixed assets (book loss),income,income,credit,0,,,income,,,chart_skr04_6890,
6891,Revenue from sales of long-term financial assets (book loss),income,income,credit,0,,,income,,,chart_skr04_6891,
6892,"Revenue from sales of long-term financial assets, section 3 no. 40 EStG/section 8b(3) KStG (book loss)",income,income,credit,0,,,income,,,chart_skr04_6892,
6895,Disposals of tangible fixed assets (net carrying amount for book loss),expense,expense,debit,0,,,expense,,,chart_skr04_6895,
6896,Disposals of intangible fixed assets (net carrying amount for book loss),expense,expense,debit,0,,,expense,,,chart_skr04_6896,
6897,Disposals of long-term financial assets (net carrying amount for book loss),expense,expense,debit,0,,,expense,,,chart_skr04_6897,
6898,"Disposals of long-term financial assets, section 3 no. 40 EStG/section 8b(3) KStG (net carrying amount for book loss)",expense,expense,debit,0,,,expense,,,chart_skr04_6898,
6900,Losses on disposal of fixed assets,expense,expense,debit,0,,,expense,,,chart_skr04_6900,
6903,"Losses on disposal of shares in corporations (long-term financial assets), section 3 no. 40 EStG/section 8b(3) KStG",expense,expense,debit,0,,,expense,,,chart_skr04_6903,
6905,Losses on disposal of current assets (excluding inventories),expense,expense,debit,0,,,expense,,,chart_skr04_6905,
6906,"Losses on disposal of current assets (excluding inventories), section 3 no. 40 EStG/section 8b(3) KStG",expense,expense,debit,0,,,expense,,,chart_skr04_6906,
6910,Write-downs of current assets excluding inventories and securities classified as current assets (normal amount),expense,expense,debit,0,,,expense,,,chart_skr04_6910,
6912,"Write-downs of current assets due to tax reasons, excluding inventories and securities classified as current assets (normal amount)",expense,expense,debit,0,,,expense,,,chart_skr04_6912,
6918,Expenses from the purchase of treasury shares,expense,expense,debit,0,,,expense,,,chart_skr04_6918,
6920,Transfers to global valuation allowance on receivables,expense,expense,debit,0,,,expense,,,chart_skr04_6920,
6922,Transfers to tax reserve under s. 6b(3) EStG,expense,expense,debit,0,,,expense,,,chart_skr04_6922,
6923,Transfer to specific valuation allowance on receivables,expense,expense,debit,0,,,expense,,,chart_skr04_6923,
6924,Transfers to tax reserve under s. 6b(10) EStG,expense,expense,debit,0,,,expense,,,chart_skr04_6924,
6927,Allocation to other tax reserves,expense,expense,debit,0,,,expense,,,chart_skr04_6927,
6928,Transfers to replacement reserve under R.6.6 EStR,expense,expense,debit,0,,,expense,,,chart_skr04_6928,
6929,Transfers to tax reserve under s. 4g EStG,expense,expense,debit,0,,,expense,,,chart_skr04_6929,
6930,Bad debt allowances (normal amount),expense,expense,debit,0,,,expense,,,chart_skr04_6930,
6931,"Bad debt allowances, 7% VAT (normal amount)",expense,expense,debit,0,,,expense,,,chart_skr04_6931,
6932,Bad debt allowances on tax-exempt intra-European Union supplies of goods and services (normal amount),expense,expense,debit,0,,,expense,,,chart_skr04_6932,
6933,"Bad debt allowances on intra-European Unio supplies of goods and services subject to domestic taxation, 7 % VAT (normal amount)",expense,expense,debit,0,,,expense,,,chart_skr04_6933,
6936,"Bad debt allowances, 19% VAT (normal amount)",expense,expense,debit,0,,,expense,,,chart_skr04_6936,
6938,"Bad debt allowances on intra-European Union supplies of goods and services subject to domestic taxation, 19 % VAT (normal amount)",expense,expense,debit,0,,,expense,,,chart_skr04_6938,
6960,Prior-period expenses,expense,expense,debit,0,,,expense,,,chart_skr04_6960,
6967,Other regular non-operating expenses,expense,expense,debit,0,,,expense,,,chart_skr04_6967,
6968,Other non-deductible expenses,expense,expense,debit,0,,,expense,,,chart_skr04_6968,
6969,Other infrequent expenses,expense,expense,debit,0,,,expense,,,chart_skr04_6969,
7000,Income from long-term equity investments,income,other_income,credit,0,,,income_other,,,chart_skr04_7000,
7004,"Income from investments in partnership (affiliated companies), s. 9 GewStG or s. 18 EStG",income,other_income,credit,0,,,income_other,,,chart_skr04_7004,
7005,"Income from shares in corporations (long-term equity investments), s. 3 no. 40 EStG/ s. 8b(1) KStG",income,other_income,credit,0,,,income_other,,,chart_skr04_7005,
7006,"Income from shares in corporations (affiliated companies), s. 3 no. 40 EStG/ s. 8b(1) KStG",income,other_income,credit,0,,,income_other,,,chart_skr04_7006,
7008,"Profit shares from industrial or self-employed partnerships, s. 9 GewStG or s. 18 EStG",income,other_income,credit,0,,,income_other,,,chart_skr04_7008,
7009,Income from long-term equity investments in affiliated companies,income,other_income,credit,0,,,income_other,,,chart_skr04_7009,
7010,Income from other securities and long-term loans,income,other_income,credit,0,,,income_other,,,chart_skr04_7010,
7011,Income from long-term loans,income,other_income,credit,0,,,income_other,,,chart_skr04_7011,
7012,Income from long-term loans to affiliated companies,income,other_income,credit,0,,,income_other,,,chart_skr04_7012,
7013,Income from shares in partnerships (long-term financial assets),income,other_income,credit,0,,,income_other,,,chart_skr04_7013,
7014,"Income from shares in corporations (long-term equity investments), s. 3 no. 40 EStG/ s. 8b(1,4) KStG",income,other_income,credit,0,,,income_other,,,chart_skr04_7014,
7015,"Income from shares in corporations (affiliated companies), s. 3 no. 40 EStG/ s. 8b(1) KStG",income,other_income,credit,0,,,income_other,,,chart_skr04_7015,
7016,Income from shares in partnerships (affiliated companies),income,other_income,credit,0,,,income_other,,,chart_skr04_7016,
7017,Income from other long-term securities of corporations (affiliated companies),income,other_income,credit,0,,,income_other,,,chart_skr04_7017,
7018,Income from other long-term securities of partnerships (affiliated companies),income,other_income,credit,0,,,income_other,,,chart_skr04_7018,
7019,"Income from other securities and long-term loans, from affiliated companies",income,other_income,credit,0,,,income_other,,,chart_skr04_7019,
7020,Interest and dividend income,income,other_income,credit,0,,,income_other,,,chart_skr04_7020,
7030,Compensation payments received as an outside shareholder,income,other_income,credit,0,,,income_other,,,chart_skr04_7030,
7100,Other interest and similar income,income,other_income,credit,0,,,income_other,,,chart_skr04_7100,
7103,"Income from shares in corporations (current assets), s. 3 no. 40 EStG/ s. 8b(1,4) KStG",income,other_income,credit,0,,,income_other,,,chart_skr04_7103,
7104,"Income from shares in corporations (affiliated companies), s. 3 no. 40 EStG/ s. 8b(1) KStG",income,other_income,credit,0,,,income_other,,,chart_skr04_7104,
7105,"Interest income s. 233a AO, taxable",income,other_income,credit,0,,,income_other,,,chart_skr04_7105,
7106,"Interest income s. 233a AO, tax-exempt (Schedule GK KSt)",income,other_income,credit,0,,,income_other,,,chart_skr04_7106,
7107,"Interest income s. 233a AO, s. 4(5b) EStG, taxexempt",income,other_income,credit,0,,,income_other,,,chart_skr04_7107,
7109,Other interest and similar income from affiliated companies,income,other_income,credit,0,,,income_other,,,chart_skr04_7109,
7110,Other interest income,income,other_income,credit,0,,,income_other,,,chart_skr04_7110,
7119,Other interest income from affiliated companies,income,other_income,credit,0,,,income_other,,,chart_skr04_7119,
7120,Income similar to interest income,income,other_income,credit,0,,,income_other,,,chart_skr04_7120,
7129,Income similar to interest income from affiliated companies,income,other_income,credit,0,,,income_other,,,chart_skr04_7129,
7130,Discounts received,income,other_income,credit,0,,,income_other,,,chart_skr04_7130,
7139,Discounts received from affiliated companies,income,other_income,credit,0,,,income_other,,,chart_skr04_7139,
7140,Tax-exempt interest income from discounting of provisions,income,other_income,credit,0,,,income_other,,,chart_skr04_7140,
7141,Interest income from the discounting of liabilities,income,other_income,credit,0,,,income_other,,,chart_skr04_7141,
7142,Interest income from the discounting of provisions,income,other_income,credit,0,,,income_other,,,chart_skr04_7142,
7143,Interest income fro the discounting of provisions for pensions and similar/comparable obligations,income,other_income,credit,0,,,income_other,,,chart_skr04_7143,
7144,Interest income from the discounting of provisions for pensions and similar/comparable obligations for offsetting under s. 246(2) HGB,income,other_income,credit,0,,,income_other,,,chart_skr04_7144,
7145,Income from assets for offsetting in accordance with section 246(2) HGB,income,other_income,credit,0,,,income_other,,,chart_skr04_7145,
7190,Income from loss absorption,income,income,credit,0,,,income,,,chart_skr04_7190,
7192,Income from profits received under a profit pooling agreement,income,income,credit,0,,,income,,,chart_skr04_7192,
7194,Income from profits received under a profit and loss transfer or partial profit transfer agreement,income,income,credit,0,,,income,,,chart_skr04_7194,
7200,Write-downs of longterm financial assets (permanent),expense,expense,debit,0,,,expense,,,chart_skr04_7200,
7201,Write-downs of longterm financial assets (not permanent),expense,expense,debit,0,,,expense,,,chart_skr04_7201,
7204,"Write-downs of longterm financial assets, s. 3 no. 40 EStG/ s. 8b(3) KStG (permanent)",expense,expense,debit,0,,,expense,,,chart_skr04_7204,
7207,Write-downs of longterm financial assets - affiliated companies,expense,expense,debit,0,,,expense,,,chart_skr04_7207,
7208,"Expenses due to share of loss of industrial and independent partnerships, s. 8 GewStG or s. 18 EStG",expense,expense,debit,0,,,expense,,,chart_skr04_7208,
7210,Write-downs of securities classified as current assets,expense,expense,debit,0,,,expense,,,chart_skr04_7210,
7214,"Write-downs of securities classified as current assets, section 3 no. 40 EStG/section 8b(3) KStG",expense,expense,debit,0,,,expense,,,chart_skr04_7214,
7217,Write-downs of securities classified as current assets - affiliated companies,expense,expense,debit,0,,,expense,,,chart_skr04_7217,
7250,Write-downs of longterm financial assets due to section 6b EStG reserve,expense,expense,debit,0,,,expense,,,chart_skr04_7250,
7255,"Write-downs of longterm financial assets due to section 6b EStG reserve, section 3 no. 40 EStG/section 8b(3) KStG",expense,expense,debit,0,,,expense,,,chart_skr04_7255,
7300,Interest and similar expenses,expense,expense,debit,0,,,expense,,,chart_skr04_7300,
7302,"Non-tax-deductibl other incidental charges related to taxes, section 4(5b) EStG",expense,expense,debit,0,,,expense,,,chart_skr04_7302,
7303,Tax-deductible other incidental charges related to taxes,expense,expense,debit,0,,,expense,,,chart_skr04_7303,
7304,Non-tax-deductible other incidental charges related to taxes,expense,expense,debit,0,,,expense,,,chart_skr04_7304,
7305,"Interest expenses as per Sect. 233a of the German Fiscal Code, deductible",expense,expense,debit,0,,,expense,,,chart_skr04_7305,
7306,"Interest expenses as per Sect. 234 to 237 of the German Fiscal Code, non deductible",expense,expense,debit,0,,,expense,,,chart_skr04_7306,
7309,Interest expenses to affiliated companies,expense,expense,debit,0,,,expense,,,chart_skr04_7309,
7310,Interest expenses on short-term debt,expense,expense,debit,0,,,expense,,,chart_skr04_7310,
7313,Non-deductible interest on long-term debt under section 4(4a) EStG(add-back),expense,expense,debit,0,,,expense,,,chart_skr04_7313,
7316,Interest on shareholder loans,expense,expense,debit,0,,,expense,,,chart_skr04_7316,
7317,Interest to shareholders with an equity interest of more than 25 % or their related parties,expense,expense,debit,0,,,expense,,,chart_skr04_7317,
7319,Interest expenses on short-term liabilities to affiliated companies,expense,expense,debit,0,,,expense,,,chart_skr04_7319,
7320,Interest expense on long-term debt,expense,expense,debit,0,,,expense,,,chart_skr04_7320,
7323,Depreciation and amortization of premium or discount/debt discount for financing purposes,expense,expense,debit,0,,,expense,,,chart_skr04_7323,
7324,Depreciation and amortization of premium or discount/debt discount for financing fixed assets,expense,expense,debit,0,,,expense,,,chart_skr04_7324,
7325,Interest expenses for buildings classified as operating assets,expense,expense,debit,0,,,expense,,,chart_skr04_7325,
7326,Borrowing costs for fixed assets,expense,expense,debit,0,,,expense,,,chart_skr04_7326,
7327,Annuities and recurrent payments,expense,expense,debit,0,,,expense,,,chart_skr04_7327,
7328,"Interest expenses for the provision of capital by partners, section 15 EStG (corresponds to special business income)",expense,expense,debit,0,,,expense,,,chart_skr04_7328,
7329,Interest expenses on long-term liabilities to affiliated companies,expense,expense,debit,0,,,expense,,,chart_skr04_7329,
7330,Expenses similar to interest expenses,expense,expense,debit,0,,,expense,,,chart_skr04_7330,
7339,Expenses similar to interest expenses to affiliated companies,expense,expense,debit,0,,,expense,,,chart_skr04_7339,
7340,Discount expenses,expense,expense,debit,0,,,expense,,,chart_skr04_7340,
7349,Discount expenses to affiliated companies,expense,expense,debit,0,,,expense,,,chart_skr04_7349,
7350,"Interest and similar expenses, sections 3 no. 40, 3c EStG/section 8b(1,4) KStG",expense,expense,debit,0,,,expense,,,chart_skr04_7350,
7351,"Interest and similar expenses to affiliated companies, sections 3 no. 40, 3c EStG/section 8b(1) KStG",expense,expense,debit,0,,,expense,,,chart_skr04_7351,
7355,Loan commissions and administrative cost contributions,expense,expense,debit,0,,,expense,,,chart_skr04_7355,
7360,Interest cost included in additions to pension provisions,expense,expense,debit,0,,,expense,,,chart_skr04_7360,
7361,Interest expenses from the discounting of liabilities,expense,expense,debit,0,,,expense,,,chart_skr04_7361,
7362,Interest expenses from the discounting of provisions,expense,expense,debit,0,,,expense,,,chart_skr04_7362,
7363,Interest expenses from the discounting of provisions for pensions and similar/comparable obligations,expense,expense,debit,0,,,expense,,,chart_skr04_7363,
7364,Interest expenses from the discounting of provisions for pensions and similar/comparable obligations for offsetting under s. 246(2) HGB,expense,expense,debit,0,,,expense,,,chart_skr04_7364,
7365,Expenses from assets for offsetting in accordance with section 246(2) HGB,expense,expense,debit,0,,,expense,,,chart_skr04_7365,
7366,"Interest expenses from the discounting of provisions, non-tax-deductible",expense,expense,debit,0,,,expense,,,chart_skr04_7366,
7390,Cost of loss absorption,expense,expense,debit,0,,,expense,,,chart_skr04_7390,
7392,Profit transferred on the basis of a profit pooling agreement,expense,expense,debit,0,,,expense,,,chart_skr04_7392,
7394,Profit transferred on the basis of a profit and loss transfer or partial profit transfer agreement,expense,expense,debit,0,,,expense,,,chart_skr04_7394,
7399,Transferred profit shares (debit) / adjusted shares of losses (credit) in typical silent partnerships pursuant to section 8 of the GewStG,expense,expense,debit,0,,,expense,,,chart_skr04_7399,
7400,Extraordinary income,income,income,credit,0,,,income,,,chart_skr04_7400,
7401,Extraordinary income affecting net income,income,income,credit,0,,,income,,,chart_skr04_7401,
7450,Extraordinary income not affecting financing,income,income,credit,0,,,income,,,chart_skr04_7450,
7451,Gains from mergers and reorganisations,income,income,credit,0,,,income,,,chart_skr04_7451,
7452,Income from the sale of significant investments,income,income,credit,0,,,income,,,chart_skr04_7452,
7453,Income from the sale of significant properties,income,income,credit,0,,,income,,,chart_skr04_7453,
7454,"Gain on disposal or discontinuation of business activities, net of tax",income,income,credit,0,,,income,,,chart_skr04_7454,
7460,Income from the application of transitional provisions,income,income,credit,0,,,income,,,chart_skr04_7460,
7461,"Income from the application of transitional provisions (additions to property, plant and equipment)",income,income,credit,0,,,income,,,chart_skr04_7461,
7462,Income from the application of transitional provisions (additions to financial assets),income,income,credit,0,,,income,,,chart_skr04_7462,
7463,Income from the application of transitional provisions (value of current assets),income,income,credit,0,,,income,,,chart_skr04_7463,
7464,Income from the application of transitional provisions (deferred taxes),income,income,credit,0,,,income,,,chart_skr04_7464,
7500,Extraordinary expenses,expense,expense,debit,0,,,expense,,,chart_skr04_7500,
7501,Extraordinary expenses affecting net income,expense,expense,debit,0,,,expense,,,chart_skr04_7501,
7550,Extraordinary expenses not affecting financing,expense,expense,debit,0,,,expense,,,chart_skr04_7550,
7551,Losses from mergers and reorganisations,expense,expense,debit,0,,,expense,,,chart_skr04_7551,
7552,Losses due to extraordinary damage (balance sheet accounting only),expense,expense,debit,0,,,expense,,,chart_skr04_7552,
7553,Restructuring and reorganisation costs,expense,expense,debit,0,,,expense,,,chart_skr04_7553,
7554,"Losses from disposal or discontinuation of business activities, net of tax",expense,expense,debit,0,,,expense,,,chart_skr04_7554,
7560,Expenses from the application of transitional provisions,expense,expense,debit,0,,,expense,,,chart_skr04_7560,
7561,Expenses from the application of transitional provisions (provisions for pensions),expense,expense,debit,0,,,expense,,,chart_skr04_7561,
7562,Expenses from the application of transitional provisions (accounting aids),expense,expense,debit,0,,,expense,,,chart_skr04_7562,
7563,Expenses from the application of transitional provisions (deferred taxes,expense,expense,debit,0,,,expense,,,chart_skr04_7563,
7600,Corporate income tax,expense,expense,debit,0,,,expense,,,chart_skr04_7600,
7603,Corporate income tax for prior years,expense,expense,debit,0,,,expense,,,chart_skr04_7603,
7604,Corporate income tax for prior years,income,other_income,credit,0,,,income_other,,,chart_skr04_7604,
7607,Solidarity surcharge refunds for prior years,income,other_income,credit,0,,,income_other,,,chart_skr04_7607,
7608,Solidarity surcharge,expense,expense,debit,0,,,expense,,,chart_skr04_7608,
7609,Solidarity surcharge for prior years,expense,expense,debit,0,,,expense,,,chart_skr04_7609,
7610,Trade tax,expense,expense,debit,0,,,expense,,,chart_skr04_7610,
7630,"Withholding tax on investment income, 25 %",expense,expense,debit,0,,,expense,,,chart_skr04_7630,
7633,"Allowable solidarity surcharge on withholding tax on investment income, 25 %",expense,expense,debit,0,,,expense,,,chart_skr04_7633,
7639,Credit/ deduction of foreign withholding tax,expense,expense,debit,0,,,expense,,,chart_skr04_7639,
7640,Trade tax back payments previous years,expense,expense,debit,0,,,expense,,,chart_skr04_7640,
7641,"Back payments and refunds of trade tax for prior years, section 4(5b) EStG",expense,expense,debit,0,,,expense,,,chart_skr04_7641,
7642,Trade tax refunds previous years,income,other_income,credit,0,,,income_other,,,chart_skr04_7642,
7643,"Income from reversal of provisions for trade tax, section 4(5b) EStG",income,other_income,credit,0,,,income_other,,,chart_skr04_7643,
7644,Income from the reversal of trade tax provisions,income,other_income,credit,0,,,income_other,,,chart_skr04_7644,
7646,Expenses from additions to provisions for taxes for tax deferral (BStBK),expense,expense,debit,0,,,expense,,,chart_skr04_7646,
7648,Income from reversal of provisions for taxes for tax deferral (BStBK),income,other_income,credit,0,,,income_other,,,chart_skr04_7648,
7649,Income from additions to and reversals of deferred taxes,income,other_income,credit,0,,,income_other,,,chart_skr04_7649,
7650,Other taxes,expense,expense,debit,0,,,expense,,,chart_skr04_7650,
7675,Excise taxes (other taxes),expense,expense,debit,0,,,expense,,,chart_skr04_7675,
7678,Eco tax,expense,expense,debit,0,,,expense,,,chart_skr04_7678,
7680,Land tax,expense,expense,debit,0,,,expense,,,chart_skr04_7680,
7685,Motor vehicle tax,expense,expense,debit,0,,,expense,,,chart_skr04_7685,
7690,Back payments of other taxes for prior years,expense,expense,debit,0,,,expense,,,chart_skr04_7690,
7692,Refunds of other taxes for prior years,income,other_income,credit,0,,,income_other,,,chart_skr04_7692,
7694,Income from reversal of provisions for other taxes,income,other_income,credit,0,,,income_other,,,chart_skr04_7694,
7705,Retained profits brought forward after appropriation of net profit (with breakdown for statement of changes in capital accounts),income,other_income,credit,0,,,income_other,,,chart_skr04_7705,
7725,Accumulated losses brought forward after appropriation of net profit (with breakdown for statement of changes in capital accounts),expense,expense,debit,0,,,expense,,,chart_skr04_7725,
7744,Withdrawals from other revenue reserves (cooperatives),income,other_income,credit,0,,,income_other,,,chart_skr04_7744,
7751,Withdrawals from collectively held reserves (with breakdown for statement of changes in capital account),income,other_income,credit,0,,,income_other,,,chart_skr04_7751,
7781,Appropriation to collectively held reserves (with breakdown for statement of changes in capital account),expense,expense,debit,0,,,expense,,,chart_skr04_7781,
7785,Transfers to other revenue reserves (co-operatives),expense,expense,debit,0,,,expense,,,chart_skr04_7785,
9000,Balances brought forward,income,other_income,credit,0,,,income_other,,,chart_skr04_9000,
9008,"Balances brought forward, receivables",income,other_income,credit,0,,,income_other,,,chart_skr04_9008,
9009,"Balances brought forward, payables",income,other_income,credit,0,,,income_other,,,chart_skr04_9009,
9090,Aggregate carryforwards account,income,other_income,credit,0,,,income_other,,,chart_skr04_9090,
9991,Cash Difference Gain,income,income,credit,0,,,income,,,chart_skr04_9991,
9994,Cash Difference Loss,expense,expense,debit,0,,,expense,,,chart_skr04_9994,
