code,name,root_type,subtype,normal_balance,is_group,role_hint,parent_path,source_type,reconcile,description,source_id,flags
0005,Unpaid and due shares in co-operatives,asset,non_current_asset,debit,0,,,asset_non_current,0,,account_0005,
0010,"Purchased concessions, industrial and similar rights and assets, and licences in such rights and assets",asset,non_current_asset,debit,0,,,asset_non_current,0,,account_0010,
0015,Concessions,asset,non_current_asset,debit,0,,,asset_non_current,0,,account_0015,
0020,Industrial rights,asset,non_current_asset,debit,0,,,asset_non_current,0,,account_0020,
0025,Other rights and assets,asset,non_current_asset,debit,0,,,asset_non_current,0,,account_0025,
0027,Computer software,asset,non_current_asset,debit,0,,,asset_non_current,0,,account_0027,
0030,Licences in industrial and similar rights and assets,asset,non_current_asset,debit,0,,,asset_non_current,0,,account_0030,
0035,Goodwill,asset,non_current_asset,debit,0,,,asset_non_current,0,,account_0035,
0038,Prepayments for goodwill,asset,non_current_asset,debit,0,,,asset_non_current,0,,account_0038,
0039,Prepayments for intangible fixed assets,asset,non_current_asset,debit,0,,,asset_non_current,0,,account_0039,
0040,Merger surplus,asset,non_current_asset,debit,0,,,asset_non_current,0,,account_0040,
0043,Internally generated intangible fixed assets,asset,non_current_asset,debit,0,,,asset_non_current,0,,account_0043,
0045,Licences and franchise agreements,asset,non_current_asset,debit,0,,,asset_non_current,0,,account_0045,
0046,Concessions and industrial rights,asset,non_current_asset,debit,0,,,asset_non_current,0,,account_0046,
0047,"Recipes and formulas, processes, prototypes",asset,non_current_asset,debit,0,,,asset_non_current,0,,account_0047,
0048,Intangible fixed assets under development,asset,non_current_asset,debit,0,,,asset_non_current,0,,account_0048,
0050,"Land, land rights and buildings, including buildings on third-party land",asset,fixed_asset,debit,0,,,asset_fixed,0,,account_0050,
0059,Share of land attributable to home office,asset,fixed_asset,debit,0,,,asset_fixed,0,,account_0059,
0060,Land rights without buildings,asset,fixed_asset,debit,0,,,asset_fixed,0,,account_0060,
0065,Undeveloped land,asset,fixed_asset,debit,0,,,asset_fixed,0,,account_0065,
0070,"Land rights (heritable building rights, longterm occupancy rights)",asset,fixed_asset,debit,0,,,asset_fixed,0,,account_0070,
0075,Impaired land,asset,fixed_asset,debit,0,,,asset_fixed,0,,account_0075,
0079,Advance payments on land,asset,fixed_asset,debit,0,,,asset_fixed,0,,account_0079,
0080,Buildings on own land and land rights,asset,fixed_asset,debit,0,,,asset_fixed,0,,account_0080,
0085,Property values of own developed land,asset,fixed_asset,debit,0,,,asset_fixed,0,,account_0085,
0090,Commercial buildings,asset,fixed_asset,debit,0,,,asset_fixed,0,,account_0090,
0100,Industrial buildings,asset,fixed_asset,debit,0,,,asset_fixed,0,,account_0100,
0110,Garages,asset,fixed_asset,debit,0,,,asset_fixed,0,,account_0110,
0111,Outdoor facilities,asset,fixed_asset,debit,0,,,asset_fixed,0,,account_0111,
0112,Paved courtyards and other paved surfaces,asset,fixed_asset,debit,0,,,asset_fixed,0,,account_0112,
0113,Fixtures in commercial and industrial buildings,asset,fixed_asset,debit,0,,,asset_fixed,0,,account_0113,
0115,Other buildings,asset,fixed_asset,debit,0,,,asset_fixed,0,,account_0115,
0120,"Commercial, industrial and other buildings under construction",asset,fixed_asset,debit,0,,,asset_fixed,0,,account_0120,
0129,"Advance payments on commercial, industrial and other buildings on own properties",asset,fixed_asset,debit,0,,,asset_fixed,0,,account_0129,
0140,Residential buildings,asset,fixed_asset,debit,0,,,asset_fixed,0,,account_0140,
0145,Garages,asset,fixed_asset,debit,0,,,asset_fixed,0,,account_0145,
0146,Outdoor facilities,asset,fixed_asset,debit,0,,,asset_fixed,0,,account_0146,
0147,Paved courtyards and other paved surfaces,asset,fixed_asset,debit,0,,,asset_fixed,0,,account_0147,
0148,Fixtures in residential buildings,asset,fixed_asset,debit,0,,,asset_fixed,0,,account_0148,
0149,Share of building attributable to home office,asset,fixed_asset,debit,0,,,asset_fixed,0,,account_0149,
0150,Residential buildings under construction,asset,fixed_asset,debit,0,,,asset_fixed,0,,account_0150,
0159,Advance payments on residential buildings on own properties,asset,fixed_asset,debit,0,,,asset_fixed,0,,account_0159,
0160,Buildings on third-party land,asset,fixed_asset,debit,0,,,asset_fixed,0,,account_0160,
0165,Commercial buildings,asset,fixed_asset,debit,0,,,asset_fixed,0,,account_0165,
0170,Industrial buildings,asset,fixed_asset,debit,0,,,asset_fixed,0,,account_0170,
0175,Garages,asset,fixed_asset,debit,0,,,asset_fixed,0,,account_0175,
0176,Outdoor facilities,asset,fixed_asset,debit,0,,,asset_fixed,0,,account_0176,
0177,Paved courtyards and other paved surfaces,asset,fixed_asset,debit,0,,,asset_fixed,0,,account_0177,
0178,Fixtures in commercial and industrial buildings,asset,fixed_asset,debit,0,,,asset_fixed,0,,account_0178,
0179,Other buildings,asset,fixed_asset,debit,0,,,asset_fixed,0,,account_0179,
0180,"Commercial, industrial and other buildings under construction",asset,fixed_asset,debit,0,,,asset_fixed,0,,account_0180,
0189,"Prepayments on commercial, industrial and other buildings on third-party land",asset,fixed_asset,debit,0,,,asset_fixed,0,,account_0189,
0190,Residential buildings,asset,fixed_asset,debit,0,,,asset_fixed,0,,account_0190,
0191,Garages,asset,fixed_asset,debit,0,,,asset_fixed,0,,account_0191,
0192,Outdoor facilities,asset,fixed_asset,debit,0,,,asset_fixed,0,,account_0192,
0193,Paved courtyards and other paved surfaces,asset,fixed_asset,debit,0,,,asset_fixed,0,,account_0193,
0194,Fixtures in residential buildings,asset,fixed_asset,debit,0,,,asset_fixed,0,,account_0194,
0195,Residential building under construction,asset,fixed_asset,debit,0,,,asset_fixed,0,,account_0195,
0199,Prepayments on residential buildings on third-party land,asset,fixed_asset,debit,0,,,asset_fixed,0,,account_0199,
0200,Technical equipment and machinery,asset,fixed_asset,debit,0,,,asset_fixed,0,,account_0200,
0210,Machinery,asset,fixed_asset,debit,0,,,asset_fixed,0,,account_0210,
0220,Machine tools,asset,fixed_asset,debit,0,,,asset_fixed,0,,account_0220,
0240,Technical equipment,asset,fixed_asset,debit,0,,,asset_fixed,0,,account_0240,
0260,Transportation and si- milar systems,asset,fixed_asset,debit,0,,,asset_fixed,0,,account_0260,
0280,Operating facilities,asset,fixed_asset,debit,0,,,asset_fixed,0,,account_0280,
0290,Technical equipment and machinery under construction,asset,fixed_asset,debit,0,,,asset_fixed,0,,account_0290,
0299,Prepayments on technical equipment and machinery,asset,fixed_asset,debit,0,,,asset_fixed,0,,account_0299,
0300,"Other equipment, operating and office equipment",asset,fixed_asset,debit,0,,,asset_fixed,0,,account_0300,
0310,Other equipment,asset,fixed_asset,debit,0,,,asset_fixed,0,,account_0310,
0320,Passenger cars,asset,fixed_asset,debit,0,,,asset_fixed,0,,account_0320,
0350,Heavy goods vehicles,asset,fixed_asset,debit,0,,,asset_fixed,0,,account_0350,
0380,Other transportation resources,asset,fixed_asset,debit,0,,,asset_fixed,0,,account_0380,
0400,Operating equipment,asset,fixed_asset,debit,0,,,asset_fixed,0,,account_0400,
0410,Office equipment,asset,fixed_asset,debit,0,,,asset_fixed,0,,account_0410,
0420,Office fittings,asset,fixed_asset,debit,0,,,asset_fixed,0,,account_0420,
0430,Shop fittings,asset,fixed_asset,debit,0,,,asset_fixed,0,,account_0430,
0440,Tools,asset,fixed_asset,debit,0,,,asset_fixed,0,,account_0440,
0450,Leasehold improvements,asset,fixed_asset,debit,0,,,asset_fixed,0,,account_0450,
0460,Scaffolding and formwork materials,asset,fixed_asset,debit,0,,,asset_fixed,0,,account_0460,
0480,Low-value assets,asset,fixed_asset,debit,0,,,asset_fixed,0,,account_0480,
0485,Assets (collective item),asset,fixed_asset,debit,0,,,asset_fixed,0,,account_0485,
0490,Other operating and office equipment,asset,fixed_asset,debit,0,,,asset_fixed,0,,account_0490,
0498,"Other equipment, operating and office equipment under construction",asset,fixed_asset,debit,0,,,asset_fixed,0,,account_0498,
0499,"Prepayments on other equipment, operating and office equipment",asset,fixed_asset,debit,0,,,asset_fixed,0,,account_0499,
0500,Shares in affiliated companies (fixed assets),asset,non_current_asset,debit,0,,,asset_non_current,0,,account_0500,
0501,"Shares in affiliated companies, partnerships",asset,non_current_asset,debit,0,,,asset_non_current,0,,account_0501,
0502,"Shares in affiliated companies, corporations",asset,non_current_asset,debit,0,,,asset_non_current,0,,account_0502,
0503,"Shares in parent or majority investor, corporations",asset,non_current_asset,debit,0,,,asset_non_current,0,,account_0503,
0504,Shares in parent or in majority investor,asset,non_current_asset,debit,0,,,asset_non_current,0,,account_0504,
0505,Loans to affiliated companies,asset,non_current_asset,debit,0,,,asset_non_current,0,,account_0505,
0506,"Loans to affiliated companies, partnerships",asset,non_current_asset,debit,0,,,asset_non_current,0,,account_0506,
0507,"Loans to affiliated companies, corporations",asset,non_current_asset,debit,0,,,asset_non_current,0,,account_0507,
0508,"Loans to affiliated companies, sole proprietorships",asset,non_current_asset,debit,0,,,asset_non_current,0,,account_0508,
0509,"Shares in affiliated majority investor, partnership",asset,non_current_asset,debit,0,,,asset_non_current,0,,account_0509,
0510,Other long-term equity investments,asset,non_current_asset,debit,0,,,asset_non_current,0,,account_0510,
0513,Typical silent partnerships,asset,non_current_asset,debit,0,,,asset_non_current,0,,account_0513,
0516,Atypical silent partnerships,asset,non_current_asset,debit,0,,,asset_non_current,0,,account_0516,
0517,Investments in corporations,asset,non_current_asset,debit,0,,,asset_non_current,0,,account_0517,
0518,Investments in partnerships,asset,non_current_asset,debit,0,,,asset_non_current,0,,account_0518,
0519,Investment by a GmbH & Co. KG in a general partner GmbH,asset,non_current_asset,debit,0,,,asset_non_current,0,,account_0519,
0520,Loans to other long - term investees and investors.,asset,non_current_asset,debit,0,,,asset_non_current,0,,account_0520,
0523,"Loans to other long - term investees or investors, partnerships",asset,non_current_asset,debit,0,,,asset_non_current,0,,account_0523,
0524,"Loans to other long - term investees or investors, corporations",asset,non_current_asset,debit,0,,,asset_non_current,0,,account_0524,
0525,Long-term securities,asset,non_current_asset,debit,0,,,asset_non_current,0,,account_0525,
0530,Securities with profit participation rights that are subject to the partial income system,asset,non_current_asset,debit,0,,,asset_non_current,0,,account_0530,
0535,Fixed -income securities,asset,non_current_asset,debit,0,,,asset_non_current,0,,account_0535,
0540,Other miscellaneous loans,asset,non_current_asset,debit,0,,,asset_non_current,0,,account_0540,
0550,Loans,asset,non_current_asset,debit,0,,,asset_non_current,0,,account_0550,
0570,Long  -term shares in cooperatives,asset,non_current_asset,debit,0,,,asset_non_current,0,,account_0570,
0580,Loans to shareholders/partners,asset,non_current_asset,debit,0,,,asset_non_current,0,,account_0580,
0582,Loans to GmbH shareholders,asset,non_current_asset,debit,0,,,asset_non_current,0,,account_0582,
0584,Loans to general partners,asset,non_current_asset,debit,0,,,asset_non_current,0,,account_0584,
0586,Loans to limited partners,asset,non_current_asset,debit,0,,,asset_non_current,0,,account_0586,
0590,Loans to related parties,asset,non_current_asset,debit,0,,,asset_non_current,0,,account_0590,
0595,Long-term pension liability claims from life insurance policies,asset,non_current_asset,debit,0,,,asset_non_current,0,,account_0595,
0600,Non-convertible bonds,liability,current_liability,credit,0,,,liability_current,0,,account_0600,
0601,Non-convertible bonds - remaining term up to 1 year,liability,current_liability,credit,0,,,liability_current,0,,account_0601,
0605,Non-convertible bonds - remaining term between 1 and 5 years,liability,non_current_liability,credit,0,,,liability_non_current,0,,account_0605,
0610,Non-convertible bonds - remaining term greater than 5 years,liability,non_current_liability,credit,0,,,liability_non_current,0,,account_0610,
0615,Convertible bonds,liability,current_liability,credit,0,,,liability_current,0,,account_0615,
0616,Convertible bonds - remaining term up to 1 year,liability,current_liability,credit,0,,,liability_current,0,,account_0616,
0620,Convertible bonds - remaining term between 1 and 5 years,liability,non_current_liability,credit,0,,,liability_non_current,0,,account_0620,
0625,Convertible bonds - remaining term greater than 5 years,liability,non_current_liability,credit,0,,,liability_non_current,0,,account_0625,
0630,Liabilities to banks,liability,current_liability,credit,0,,,liability_current,0,,account_0630,
0631,Liabilities to banks - remaining term up to 1 year,liability,current_liability,credit,0,,,liability_current,0,,account_0631,
0640,Liabilities to banks - remaining term between 1 and 5 years,liability,non_current_liability,credit,0,,,liability_non_current,0,,account_0640,
0650,Liabilities to banks - remaining term greater than 5 years,liability,non_current_liability,credit,0,,,liability_non_current,0,,account_0650,
0660,Liabilities to banks under instalment credit agreements,liability,current_liability,credit,0,,,liability_current,0,,account_0660,
0661,Liabilities to banks under instalment credit agreements - remaining term up to 1 year,liability,current_liability,credit,0,,,liability_current,0,,account_0661,
0670,Liabilities to banks under instalment credit agreements - remaining term between 1 and 5 years,liability,non_current_liability,credit,0,,,liability_non_current,0,,account_0670,
0680,Liabilities to banks under instalment credit agreements - remaining term greater than 5 years,liability,non_current_liability,credit,0,,,liability_non_current,0,,account_0680,
0699,Contra account 0630-0689 if accounts 0690-0698 are allocated,liability,current_liability,credit,0,,,liability_current,0,,account_0699,
0700,Liabilities to affiliated companies,liability,current_liability,credit,0,,,liability_current,0,,account_0700,
0701,Liabilities to affiliated companies - remaining term up to 1 year,liability,current_liability,credit,0,,,liability_current,0,,account_0701,
0705,Liabilities to affiliated companies - remaining term between 1 and 5 years,liability,non_current_liability,credit,0,,,liability_non_current,0,,account_0705,
0710,Liabilities to affiliated companies - remaining term greater than 5 years,liability,non_current_liability,credit,0,,,liability_non_current,0,,account_0710,
0715,Liabilities to other longterm investees and investors,liability,current_liability,credit,0,,,liability_current,0,,account_0715,
0716,Liabilities to other longterm investees and investors - remaining term up to 1 year,liability,current_liability,credit,0,,,liability_current,0,,account_0716,
0720,Liabilities to other longterm investees and investors - remaining term between 1 and 5 years,liability,non_current_liability,credit,0,,,liability_non_current,0,,account_0720,
0725,Liabilities to other longterm investees and investors - remaining term greater than 5 years,liability,non_current_liability,credit,0,,,liability_non_current,0,,account_0725,
0730,Liabilities to shareholders/partners,liability,current_liability,credit,0,,,liability_current,0,,account_0730,
0731,Liabilities to shareholders/partners - remaining term up to 1 year,liability,current_liability,credit,0,,,liability_current,0,,account_0731,
0740,Liabilities to shareholders/partners - remaining term between 1 and 5 years,liability,non_current_liability,credit,0,,,liability_non_current,0,,account_0740,
0750,Liabilities to shareholders/partners - remaining term greater than 5 years,liability,non_current_liability,credit,0,,,liability_non_current,0,,account_0750,
0755,Liabilities to shareholders/partners for outstanding distributions,liability,current_liability,credit,0,,,liability_current,0,,account_0755,
0760,Liabilities to typical silent partners,liability,current_liability,credit,0,,,liability_current,0,,account_0760,
0761,Liabilities to typical silent partners - remaining term up to 1 year,liability,current_liability,credit,0,,,liability_current,0,,account_0761,
0764,Liabilities to typical silent partners - remaining term between 1 and 5 years,liability,non_current_liability,credit,0,,,liability_non_current,0,,account_0764,
0767,Liabilities to typical silent partners - remaining term greater than 5 years,liability,non_current_liability,credit,0,,,liability_non_current,0,,account_0767,
0770,Liabilities to atypical silent partners,liability,current_liability,credit,0,,,liability_current,0,,account_0770,
0771,Liabilities to atypical silent partners - remaining term up to 1 year,liability,current_liability,credit,0,,,liability_current,0,,account_0771,
0774,Liabilities to atypical silent partners - remaining term between 1 and 5 years,liability,non_current_liability,credit,0,,,liability_non_current,0,,account_0774,
0777,Liabilities to atypical silent partners - remaining term greater than 5 years,liability,non_current_liability,credit,0,,,liability_non_current,0,,account_0777,
0780,Profit-participation loans,liability,current_liability,credit,0,,,liability_current,0,,account_0780,
0781,Profit-participation loans - remaining term up to 1 year,liability,current_liability,credit,0,,,liability_current,0,,account_0781,
0784,Profit-participation loans - remaining term between 1 and 5 years,liability,non_current_liability,credit,0,,,liability_non_current,0,,account_0784,
0787,Profit-participation loans - remaining term greater than 5 years,liability,non_current_liability,credit,0,,,liability_non_current,0,,account_0787,
0799,Contra account 0730-1789 and 1665-1678 and 1695-1698 if accounts 0790-0798 are allocated,asset,current_asset,debit,0,,,asset_current,0,,account_0799,
0809,Capital increase from reserves or retained earnings,equity,equity,credit,0,,,equity,0,,account_0809,
0810,Paid-up shares of remaining members of co-operatives,equity,equity,credit,0,,,equity,0,,account_0810,
0811,Paid-up shares of withdrawing members of co-operatives,equity,equity,credit,0,,,equity,0,,account_0811,
0812,"Paid-up shares of cooperatives, cancelled shares",equity,equity,credit,0,,,equity,0,,account_0812,
0813,"Unpaid and due shares in co-operatives, recorded",equity,equity,credit,0,,,equity,0,,account_0813,
0815,"Contra account for unpaid and due shares in co-operatives, recorded",equity,equity,credit,0,,,equity,0,,account_0815,
0819,Purchased treasury shares,equity,equity,credit,0,,,equity,0,,account_0819,
0839,Supplementary calls (receivables; contra account 0845),equity,equity,credit,0,,,equity,0,,account_0839,
0845,Other additional capital contributions,equity,equity,credit,0,,,equity,0,,account_0845,
0848,Other revenue reserves from the purchase of treasury shares,equity,equity,credit,0,,,equity,0,,account_0848,
0849,Reserve for shares in a parent or majority investor,equity,equity,credit,0,,,equity,0,,account_0849,
0852,Other revenue reserves (co-operatives),equity,equity,credit,0,,,equity,0,,account_0852,
0853,Revenue reserves from the transitional BilMoG provisions,equity,equity,credit,0,,,equity,0,,account_0853,
0854,Revenue reserves from the transitional BilMoG provisions (reversal of write-downs of tangible fixed assets),equity,equity,credit,0,,,equity,0,,account_0854,
0857,Revenue reserves from the transitional BilMoG provisions (reversal of write-downs of longterm financial assets),equity,equity,credit,0,,,equity,0,,account_0857,
0858,Revenue reserves from the transitional BilMoG provisions (reversal of special tax-allowable reserves),equity,equity,credit,0,,,equity,0,,account_0858,
0859,Deferred taxes (revenue reserves credit balance) from items taken directly to equity,equity,equity,credit,0,,,equity,0,,account_0859,
0865,Retained profits brought forward before appropriation of net profit (with breakdown for statement of changes in capital accounts),equity,equity,credit,0,,,equity,0,,account_0865,
0867,Accumulated losses brought forward before appropriation of net profit (with breakdown for statement of changes in capital accounts),equity,equity,credit,0,,,equity,0,,account_0867,
0870,"Fixed capital, gp",equity,equity,credit,0,,,equity,0,,account_0870,
0880,"Variable capital, gp",equity,equity,credit,0,,,equity,0,,account_0880,
0890,"Partner loans, gp",equity,equity,credit,0,,,equity,0,,account_0890,
0900,"Limited partner capital, lp",equity,equity,credit,0,,,equity,0,,account_0900,
0910,"Loss adjustment account, lp",equity,equity,credit,0,,,equity,0,,account_0910,
0920,"Partner loans, lp",liability,current_liability,credit,0,,,liability_current,0,,account_0920,
0950,Provisions for pensions and similar obligations,liability,current_liability,credit,0,,,liability_current,0,,account_0950,
0951,Provisions for pensions and similar obligations for offsetting against long-term assets in accordance with section 246(2) HGB,liability,current_liability,credit,0,,,liability_current,0,,account_0951,
0952,Provisions for pensions and similar obligations to shareholders or related parties (10 % capital investment),liability,current_liability,credit,0,,,liability_current,0,,account_0952,
0953,Provisions for direct commitments,liability,current_liability,credit,0,,,liability_current,0,,account_0953,
0954,Provisions for subsidy obligations for pension funds and life insurances,liability,current_liability,credit,0,,,liability_current,0,,account_0954,
0955,Provisions for taxes,liability,current_liability,credit,0,,,liability_current,0,,account_0955,
0956,"Provision for trade tax, section 4(5b) EStG",liability,current_liability,credit,0,,,liability_current,0,,account_0956,
0957,Trade tax provision,liability,current_liability,credit,0,,,liability_current,0,,account_0957,
0961,Provisions for vacation pay,liability,current_liability,credit,0,,,liability_current,0,,account_0961,
0962,Provisions for taxes for tax deferral (BStBK),liability,current_liability,credit,0,,,liability_current,0,,account_0962,
0963,Provision for corporate income tax,liability,current_liability,credit,0,,,liability_current,0,,account_0963,
0964,Long-term provisions for long-term obligations comparable to post-employment benefits,liability,current_liability,credit,0,,,liability_current,0,,account_0964,
0965,Provisions for personnel expenses,liability,current_liability,credit,0,,,liability_current,0,,account_0965,
0966,Provisions for record retention obligations,liability,current_liability,credit,0,,,liability_current,0,,account_0966,
0967,Long-term provisions for long-term obligations comparable to post-employment benefits for offsetting with long-term assets under s. 246(2) of the HGB,liability,current_liability,credit,0,,,liability_current,0,,account_0967,
0968,Deferred tax liabilities,liability,current_liability,credit,0,,,liability_current,0,,account_0968,
0969,Allowances for deferred tax liabilities,liability,current_liability,credit,0,,,liability_current,0,,account_0969,
0970,Other provisions,liability,current_liability,credit,0,,,liability_current,0,,account_0970,
0971,Provisions for maintenance expenses deferred to the first three months of the following year,liability,current_liability,credit,0,,,liability_current,0,,account_0971,
0973,Provisions for environmental remediation and waste disposal expenses,liability,current_liability,credit,0,,,liability_current,0,,account_0973,
0974,Provisions for warranties (contra account 4790),liability,current_liability,credit,0,,,liability_current,0,,account_0974,
0976,Provisions for expected losses from executory contracts,liability,current_liability,credit,0,,,liability_current,0,,account_0976,
0977,Provisions for periodend closing and audit costs,liability,current_liability,credit,0,,,liability_current,0,,account_0977,
0978,Provisions for internal expenses under section 249(2) HGB (old version),liability,current_liability,credit,0,,,liability_current,0,,account_0978,
0979,Provisions for environmental protection,liability,current_liability,credit,0,,,liability_current,0,,account_0979,
0980,Prepaid expenses,asset,current_asset,debit,0,,,asset_current,0,,account_0980,
0983,Deferred tax assets,asset,current_asset,debit,0,,,asset_current,0,,account_0983,
0984,Customs and excise duties relating to inventories and recognised as expenses,asset,current_asset,debit,0,,,asset_current,0,,account_0984,
0985,Value added tax relating to prepayments and recognised as expenses,asset,current_asset,debit,0,,,asset_current,0,,account_0985,
0986,Discount,asset,current_asset,debit,0,,,asset_current,0,,account_0986,
0987,Deferred income (revenue reserves debit balance) from items taken directly to equity,liability,current_liability,credit,0,,,liability_current,0,,account_0987,
0988,Deferred taxes (revenue reserves debit balance) from items taken directly to equity,liability,current_liability,credit,0,,,liability_current,0,,account_0988,
0989,Collectively held reserves (with breakdown for statement of changes in capital accounts),liability,current_liability,credit,0,,,liability_current,0,,account_0989,
0990,Deferred income,liability,current_liability,credit,0,,,liability_current,0,,account_0990,
0996,Global valuation allowance on receivables remaining term up to 1 year,asset,current_asset,debit,0,,,asset_current,0,,account_0996,
0997,Global valuation allowance on receivables remaining term greater than 1 year,asset,non_current_asset,debit,0,,,asset_non_current,0,,account_0997,
0998,Specific valuation allowances on receivables remaining term up to 1 year,asset,current_asset,debit,0,,,asset_current,0,,account_0998,
0999,Specific valuation allowances on receivables remaining term greater than 1 year,asset,non_current_asset,debit,0,,,asset_non_current,0,,account_0999,
1010,Petty cash 1,asset,current_asset,debit,0,,,asset_current,0,,account_1010,
1020,Petty cash 2,asset,current_asset,debit,0,,,asset_current,0,,account_1020,
1100,Bank (Postbank),asset,current_asset,debit,0,,,asset_current,0,,account_1100,
1110,Bank (Postbank 1),asset,current_asset,debit,0,,,asset_current,0,,account_1110,
1120,Bank (Postbank 2),asset,current_asset,debit,0,,,asset_current,0,,account_1120,
1130,Bank (Postbank 3),asset,current_asset,debit,0,,,asset_current,0,,account_1130,
1190,LZB (Bundesbank regional office) balances,asset,current_asset,debit,0,,,asset_current,0,,account_1190,
1195,Central bank balances,asset,current_asset,debit,0,,,asset_current,0,,account_1195,
1210,Bank 1,asset,current_asset,debit,0,,,asset_current,0,,account_1210,
1220,Bank 2,asset,current_asset,debit,0,,,asset_current,0,,account_1220,
1230,Bank 3,asset,current_asset,debit,0,,,asset_current,0,,account_1230,
1240,Bank 4,asset,current_asset,debit,0,,,asset_current,0,,account_1240,
1250,Bank 5,asset,current_asset,debit,0,,,asset_current,0,,account_1250,
1290,"Cash investments, short-term cash management (not contained in cash funds)",asset,current_asset,debit,0,,,asset_current,0,,account_1290,
1295,Liabilities to banks (not included in cash funds),liability,current_liability,credit,0,,,liability_current,0,,account_1295,
1300,Bills receivable,asset,current_asset,debit,0,,,asset_current,0,,account_1300,
1301,Bills receivable - remaining term up to 1 year,asset,current_asset,debit,0,,,asset_current,0,,account_1301,
1302,Bills receivable - remaining term greater than 1 year,asset,non_current_asset,debit,0,,,asset_non_current,0,,account_1302,
1305,"Bills receivable, eligible for discount with central bank",asset,current_asset,debit,0,,,asset_current,0,,account_1305,
1310,Bills receivable from affiliated companies,asset,current_asset,debit,0,,,asset_current,0,,account_1310,
1311,Bills receivable from affiliated companies - remaining term up to 1 year,asset,current_asset,debit,0,,,asset_current,0,,account_1311,
1312,Bills receivable from affiliated companies - remaining term greater than 1 year,asset,non_current_asset,debit,0,,,asset_non_current,0,,account_1312,
1315,"Bills receivable from affiliated companies, eligible for discount with central bank",asset,current_asset,debit,0,,,asset_current,0,,account_1315,
1320,Bills receivable from other long-term investees and investors,asset,current_asset,debit,0,,,asset_current,0,,account_1320,
1321,Bills receivable from other long-term investees and investors - remaining term up to 1 year,asset,current_asset,debit,0,,,asset_current,0,,account_1321,
1322,Bills receivable from other long-term investees and investors - remaining term greater than 1 year,asset,non_current_asset,debit,0,,,asset_non_current,0,,account_1322,
1325,"Bills receivable from other long-term investees and investors, eligible for discount with central bank",asset,current_asset,debit,0,,,asset_current,0,,account_1325,
1327,Finance bills,asset,current_asset,debit,0,,,asset_current,0,,account_1327,
1329,Other securities subject to immaterial changes in value,asset,current_asset,debit,0,,,asset_current,0,,account_1329,
1330,Cheques,asset,current_asset,debit,0,,,asset_current,0,,account_1330,
1340,Shares in affiliated companies (current assets),asset,current_asset,debit,0,,,asset_current,0,,account_1340,
1344,Shares in parent or in majority investor,asset,current_asset,debit,0,,,asset_current,0,,account_1344,
1348,Other securities,asset,current_asset,debit,0,,,asset_current,0,,account_1348,
1349,Securities investments (short-term cash management),asset,current_asset,debit,0,,,asset_current,0,,account_1349,
1350,GmbH shares held for sale,asset,current_asset,debit,0,,,asset_current,0,,account_1350,
1352,Shares in cooperatives held for sale,asset,current_asset,debit,0,,,asset_current,0,,account_1352,
1353,Assets to settle obligations comparable to post-employment benefits,asset,current_asset,debit,0,,,asset_current,0,,account_1353,
1354,Assets for offsetting with obligations comparable to post-employment benefits under s. 246(2) of the HGB,asset,current_asset,debit,0,,,asset_current,0,,account_1354,
1355,Pension liability insurance claims,asset,current_asset,debit,0,,,asset_current,0,,account_1355,
1356,Long-term assets for the settlement of provisions for pensions and similar obligations,asset,current_asset,debit,0,,,asset_current,0,,account_1356,
1357,Long-term assets for offsetting provisions for pensions and similar obligations in accordance with section 246(2) HGB,asset,current_asset,debit,0,,,asset_current,0,,account_1357,
1370,Determination of profit §4/3 affecting net income,asset,current_asset,debit,0,,,asset_current,0,,account_1370,
1371,"Clearing account for determining profit as per section 4/3 (EStG), not recognized in income",asset,current_asset,debit,0,,,asset_current,0,,account_1371,
1372,Current assets in accordance with section 4(3) sentence 4 EStG,asset,current_asset,debit,0,,,asset_current,0,,account_1372,
1373,Receivables from limited partners and atypical silent partners,asset,current_asset,debit,0,,,asset_current,0,,account_1373,
1374,Receivables from limited partners and atypical silent partners - remaining term up to 1 year,asset,non_current_asset,debit,0,,,asset_non_current,0,,account_1374,
1375,Receivables from limited partners and atypical silent partners - remaining term greater than 1 year,asset,non_current_asset,debit,0,,,asset_non_current,0,,account_1375,
1376,Receivables from typical silent partners,asset,current_asset,debit,0,,,asset_current,0,,account_1376,
1377,Receivables from typical silent partners - remaining term up to 1 year,asset,current_asset,debit,0,,,asset_current,0,,account_1377,
1378,Receivables from typical silent partners - remaining term greater than 1 year,asset,non_current_asset,debit,0,,,asset_non_current,0,,account_1378,
1380,Cost centre reconciliation account,asset,current_asset,debit,0,,,asset_current,0,,account_1380,
1381,Receivables from GmbH shareholders,asset,current_asset,debit,0,,,asset_current,0,,account_1381,
1382,Receivables from GmbH shareholders - remaining term up to 1 year,asset,current_asset,debit,0,,,asset_current,0,,account_1382,
1383,Receivables from GmbH shareholders - remaining term greater than 1 year,asset,non_current_asset,debit,0,,,asset_non_current,0,,account_1383,
1385,Receivables from general partners,asset,current_asset,debit,0,,,asset_current,0,,account_1385,
1386,Receivables from general partners - remaining term up to 1 year,asset,current_asset,debit,0,,,asset_current,0,,account_1386,
1387,Receivables from general partners - remaining term greater than 1 year,asset,non_current_asset,debit,0,,,asset_non_current,0,,account_1387,
1389,Occupational pension and other post-employment benefit entitlements (partners),asset,non_current_asset,debit,0,,,asset_non_current,0,,account_1389,
1390,Clearing account actual taxation,asset,current_asset,debit,0,,,asset_current,0,,account_1390,
1400,Clearing account actual taxation,asset,receivable,debit,0,receivables,,asset_receivable,1,,account_1400,
1401,Trade receivables,asset,receivable,debit,0,receivables,,asset_receivable,1,,account_1401,
1410,"Trade receivables, no separate receivables/payables accounting",asset,receivable,debit,0,receivables,,asset_receivable,1,,account_1410,
1411,"Trade receivables, no separate receivables/payables accounting (PoS)",asset,receivable,debit,0,receivables,,asset_receivable,1,,account_1411,
1445,Trade receivables at general VAT rate or of a VAT-exempt small business (cash basis accounting),asset,receivable,debit,0,receivables,,asset_receivable,1,,account_1445,
1446,Trade receivables at reduced VAT rate (cash basis accounting),asset,receivable,debit,0,receivables,,asset_receivable,1,,account_1446,
1447,Tax-exempt or untaxed trade receivables (cash basis accounting),asset,receivable,debit,0,receivables,,asset_receivable,1,,account_1447,
1448,Trade receivables at average rates under section 24 UStG (cash basis accounting),asset,receivable,debit,0,receivables,,asset_receivable,1,,account_1448,
1449,Contra account 1445- 1448 if receivables are classified by tax rates (cash basis accounting),asset,current_asset,debit,0,,,asset_current,0,,account_1449,
1450,Receivables under section 11 (1) sentence 2 EStG for section 4/3 EStG,asset,receivable,debit,0,receivables,,asset_receivable,1,,account_1450,
1451,"Trade receivables, no separate receivables/payables accounting - remaining term up to 1 year",asset,current_asset,debit,0,,,asset_current,0,,account_1451,
1455,"Trade receivables, no separate receivables/payables accounting - remaining term greater than 1 year",asset,non_current_asset,debit,0,,,asset_non_current,0,,account_1455,
1460,Doubtful receivables,asset,current_asset,debit,0,,,asset_current,0,,account_1460,
1461,Doubtful receivables - remaining term up to 1 year,asset,current_asset,debit,0,,,asset_current,0,,account_1461,
1465,Doubtful receivables  remaining term greater than 1 year,asset,non_current_asset,debit,0,,,asset_non_current,0,,account_1465,
1470,Trade receivables from affiliated companies,asset,receivable,debit,0,receivables,,asset_receivable,1,,account_1470,
1471,Trade receivables from affiliated companies - remaining term up to 1 year,asset,current_asset,debit,0,,,asset_current,0,,account_1471,
1475,Trade receivables from affiliated companies - remaining term greater than 1 year,asset,non_current_asset,debit,0,,,asset_non_current,0,,account_1475,
1478,Valuation allowances on receivables from affiliated companies remaining term up to 1 year,asset,current_asset,debit,0,,,asset_current,0,,account_1478,
1479,Valuation allowances on receivables from affiliated companies remaining term greater than 1 year,asset,non_current_asset,debit,0,,,asset_non_current,0,,account_1479,
1480,Trade receivables from other long-term investees and investors,asset,receivable,debit,0,receivables,,asset_receivable,1,,account_1480,
1481,Trade receivables from other long-term investees and investors - remaining term up to 1 year,asset,current_asset,debit,0,,,asset_current,0,,account_1481,
1485,Trade receivables from other long-term investees and investors - remaining term greater than 1 year,asset,non_current_asset,debit,0,,,asset_non_current,0,,account_1485,
1488,Valuation allowances on receivables from other long-term investees and investors remaining term up to 1 year,asset,current_asset,debit,0,,,asset_current,0,,account_1488,
1489,Valuation allowances on receivables from other long-term investees andinvestors remaining term greater than 1 year,asset,non_current_asset,debit,0,,,asset_non_current,0,,account_1489,
1490,Trade receivables from shareholders/partners,asset,receivable,debit,0,receivables,,asset_receivable,1,,account_1490,
1491,Trade receivables from shareholders/partners - remaining term up to 1 year,asset,current_asset,debit,0,,,asset_current,0,,account_1491,
1495,Trade receivables from shareholders/partners - remaining term greater than 1 year,asset,non_current_asset,debit,0,,,asset_non_current,0,,account_1495,
1498,Contra account fo other assets if posted via receivables account,asset,current_asset,debit,0,,,asset_current,0,,account_1498,
1499,Contra account 1451-1497 if allocated to receivables account,asset,current_asset,debit,0,,,asset_current,0,,account_1499,
1500,Other assets,asset,current_asset,debit,0,,,asset_current,0,,account_1500,
1501,Other assets - remaining term up to 1 year,asset,current_asset,debit,0,,,asset_current,0,,account_1501,
1502,Other assets - remaining term greater than 1 year,asset,non_current_asset,debit,0,,,asset_non_current,0,,account_1502,
1503,Receivables from executive board members and managing directors - remaining term up to 1 year,asset,current_asset,debit,0,,,asset_current,0,,account_1503,
1504,Receivables from executive board members and managing director - remaining term greater than 1 year,asset,non_current_asset,debit,0,,,asset_non_current,0,,account_1504,
1505,Receivables from supervisory and advisory board members - remaining term up to 1 year,asset,current_asset,debit,0,,,asset_current,0,,account_1505,
1506,Receivables from supervisory and advisory board members - remaining term greater than 1 year,asset,non_current_asset,debit,0,,,asset_non_current,0,,account_1506,
1507,Receivables from other shareholders - remaining term up to 1 year,asset,non_current_asset,debit,0,,,asset_non_current,0,,account_1507,
1508,Receivables from other shareholders - remaining term greater than 1 year,asset,non_current_asset,debit,0,,,asset_non_current,0,,account_1508,
1510,Prepayments for inventories,asset,prepayment,debit,0,,,asset_prepayments,0,,account_1510,
1511,"Prepayments, 7 % inputtax",asset,prepayment,debit,0,,,asset_prepayments,0,,account_1511,
1518,"Prepayments, 19 % input tax",asset,prepayment,debit,0,,,asset_prepayments,0,,account_1518,
1519,Receivables from project consortiums,asset,current_asset,debit,0,,,asset_current,0,,account_1519,
1520,Receivables from health insurance funds from Act on Reimbursement of Employers' Expenses (AAG),asset,current_asset,debit,0,,,asset_current,0,,account_1520,
1521,Consignment goods accounts,asset,current_asset,debit,0,,,asset_current,0,,account_1521,
1522,Profit participation rights,asset,current_asset,debit,0,,,asset_current,0,,account_1522,
1524,Supplementary payments or additional contributions receivable,asset,current_asset,debit,0,,,asset_current,0,,account_1524,
1525,Security deposits,asset,current_asset,debit,0,,,asset_current,0,,account_1525,
1526,Security deposits - remaining term up to 1 year,asset,current_asset,debit,0,,,asset_current,0,,account_1526,
1527,Security deposits - remaining term greater than 1 year,asset,non_current_asset,debit,0,,,asset_non_current,0,,account_1527,
1528,"Subsequently deductible input tax, section 15a(2) UStG",asset,current_asset,debit,0,,,asset_current,0,,account_1528,
1529,"Repayable input tax, section 15a(2) UStG",asset,current_asset,debit,0,,,asset_current,0,,account_1529,
1530,Receivables from employees (payroll),asset,current_asset,debit,0,,,asset_current,0,,account_1530,
1531,Receivables from employees (payroll) - remaining term up to 1 year,asset,current_asset,debit,0,,,asset_current,0,,account_1531,
1537,Receivables from employees (payroll) - remaining term greater than 1 year,asset,non_current_asset,debit,0,,,asset_non_current,0,,account_1537,
1538,Corporate income tax credit §37 (b.1 J),asset,current_asset,debit,0,,,asset_current,0,,account_1538,
1539,Corporate income tax credit §37 (g.1 J),asset,non_current_asset,debit,0,,,asset_non_current,0,,account_1539,
1540,Receivables from trade tax overpayments,asset,current_asset,debit,0,,,asset_current,0,,account_1540,
1542,Tax refund claims against other countries,asset,current_asset,debit,0,,,asset_current,0,,account_1542,
1543,Receivables from tax authorities for construction withholding tax remitted,asset,current_asset,debit,0,,,asset_current,0,,account_1543,
1544,Receivables from Bundesagentur für Arbeit,asset,current_asset,debit,0,,,asset_current,0,,account_1544,
1545,Accounts receivable from VAT advance payments,asset,receivable,debit,0,receivables,,asset_receivable,1,,account_1545,
1547,Receivables from excise duties paid,asset,current_asset,debit,0,,,asset_current,0,,account_1547,
1548,Input tax deductible in following period/year,liability,current_liability,credit,0,,,liability_current,0,,account_1548,
1549,Reclaimed corporate income tax,asset,current_asset,debit,0,,,asset_current,0,,account_1549,
1550,Loans,liability,current_liability,credit,0,,,liability_current,0,,account_1550,
1551,Loans - remaining term up to 1 year,liability,current_liability,credit,0,,,liability_current,0,,account_1551,
1555,Loans - remaining term greater than 1 year,liability,non_current_liability,credit,0,,,liability_non_current,0,,account_1555,
1556,"Subsequently deductible input tax, section 15a(1) UStG, movable assets",asset,current_asset,debit,0,,,asset_current,0,,account_1556,
1557,"Repayable input tax, section 15a(1) UStG, movable assets",asset,current_asset,debit,0,,,asset_current,0,,account_1557,
1558,"Subsequently deductible input tax, section 15a(1) UStG, immovable property",asset,current_asset,debit,0,,,asset_current,0,,account_1558,
1559,"Repayable input tax, section 15a(1) UStG, immovable property",asset,current_asset,debit,0,,,asset_current,0,,account_1559,
1560,Input tax allocation accounts,asset,current_asset,debit,0,,,asset_current,0,,account_1560,
1561,"Input tax allocation account, 7 %",asset,current_asset,debit,0,,,asset_current,0,,account_1561,
1562,Allocation account for input tax on intra-European Union acquisitions,asset,current_asset,debit,0,,,asset_current,0,,account_1562,
1563,"Allocation account for input tax on intra-European Union acquisitions, 19 %",asset,current_asset,debit,0,,,asset_current,0,,account_1563,
1566,"Input tax allocation account, 19 %",asset,current_asset,debit,0,,,asset_current,0,,account_1566,
1567,Input tax allocation account under sections 13a and 13b UStG,asset,current_asset,debit,0,,,asset_current,0,,account_1567,
1569,"Input tax allocation account under sections 13a and 13b UStG, 19 %",asset,current_asset,debit,0,,,asset_current,0,,account_1569,
1570,Deductible input tax,asset,current_asset,debit,0,,,asset_current,0,,account_1570,
1571,"Deductible input tax, 7%",asset,current_asset,debit,0,,,asset_current,0,,account_1571,
1572,Deductible input tax on intra-European Union acquisitions,asset,current_asset,debit,0,,,asset_current,0,,account_1572,
1574,"Deductible input tax on intra-European Union acquisitions, 19 %",asset,current_asset,debit,0,,,asset_current,0,,account_1574,
1576,"Deductible input tax, 19 %",asset,current_asset,debit,0,,,asset_current,0,,account_1576,
1577,"Deductible input tax under section 13b UStG, 19 %",asset,current_asset,debit,0,,,asset_current,0,,account_1577,
1578,Deductible input tax under section 13b UStG,asset,current_asset,debit,0,,,asset_current,0,,account_1578,
1580,"Contra account for input tax, section 4(3) EStG",asset,current_asset,debit,0,,,asset_current,0,,account_1580,
1581,"Reversal of input tax from previous year, section 4(3) EStG",asset,current_asset,debit,0,,,asset_current,0,,account_1581,
1582,"Input tax from investments, section 4(3) EStG",asset,current_asset,debit,0,,,asset_current,0,,account_1582,
1583,"Contra account for input tax, average rates, section 4(3) EStG",asset,current_asset,debit,0,,,asset_current,0,,account_1583,
1584,Deductible input tax for intra-European Union acquisition of new vehicles from suppliers without VAT identification number,asset,current_asset,debit,0,,,asset_current,0,,account_1584,
1585,Deductible input tax for withdrawal of goods from a VAT warehouse,asset,current_asset,debit,0,,,asset_current,0,,account_1585,
1587,"Input tax, general average rates, VAT return line 63",asset,current_asset,debit,0,,,asset_current,0,,account_1587,
1588,Acquisition tax liability,asset,current_asset,debit,0,,,asset_current,0,,account_1588,
1590,Items in transit,asset,current_asset,debit,0,,,asset_current,0,,account_1590,
1592,Third-party funds,asset,current_asset,debit,0,,,asset_current,0,,account_1592,
1593,Allocation account for payments received on account of orders if posted via receivables account,asset,current_asset,debit,0,,,asset_current,0,,account_1593,
1594,Receivables from affiliated companies,asset,current_asset,debit,0,,,asset_current,0,,account_1594,
1595,Receivables from affiliated companies - remaining term up to 1 year,asset,current_asset,debit,0,,,asset_current,0,,account_1595,
1596,Receivables from affiliated companies - remaining term greater than 1 year,asset,non_current_asset,debit,0,,,asset_non_current,0,,account_1596,
1597,Receivables from other long-term investees and investors,asset,current_asset,debit,0,,,asset_current,0,,account_1597,
1598,Receivables from other long-term investees and investors - remaining term up to 1 year,asset,current_asset,debit,0,,,asset_current,0,,account_1598,
1599,Receivables from other long-term investees and investors - remaining term greater than 1 year,asset,non_current_asset,debit,0,,,asset_non_current,0,,account_1599,
1600,Trade payables,liability,payable,credit,0,payables,,liability_payable,1,,account_1600,
1601,Trade payables,liability,payable,credit,0,payables,,liability_payable,1,,account_1601,
1605,Trade payables at general VAT rate (cash basis accounting),liability,payable,credit,0,payables,,liability_payable,1,,account_1605,
1606,Trade payables at reduced VAT rate (cash basis accounting),liability,payable,credit,0,payables,,liability_payable,1,,account_1606,
1607,"Trade payables, no input tax (cash basis accounting)",liability,payable,credit,0,payables,,liability_payable,1,,account_1607,
1609,Contra account 1605-1607 if payables are classified by tax rates (cash basis accounting),liability,current_liability,credit,0,,,liability_current,0,,account_1609,
1610,"Trade payables, no separate receivables/payables accounting",liability,payable,credit,0,payables,,liability_payable,1,,account_1610,
1624,"Trade payables for investments, section 4(3) EStG",liability,current_liability,credit,0,,,liability_current,0,,account_1624,
1625,"Trade payables, no separate receivables/payables accounting - remaining term up to 1 year",liability,current_liability,credit,0,,,liability_current,0,,account_1625,
1626,"Trade payables, no separate receivables/payables accounting - remaining term between 1 and 5 years",liability,non_current_liability,credit,0,,,liability_non_current,0,,account_1626,
1628,"Trade payables, no separate receivables/payables accounting - remaining term greater than 5 years",liability,non_current_liability,credit,0,,,liability_non_current,0,,account_1628,
1630,Trade payables to affiliated companies,liability,payable,credit,0,payables,,liability_payable,1,,account_1630,
1631,Trade payables to affiliated companies - remaining term up to 1 year,liability,current_liability,credit,0,,,liability_current,0,,account_1631,
1635,Trade payables to affiliated companies - remaining term between 1 and 5 years,liability,non_current_liability,credit,0,,,liability_non_current,0,,account_1635,
1638,Trade payables to affiliated companies - remaining term greater than 5 years,liability,non_current_liability,credit,0,,,liability_non_current,0,,account_1638,
1640,Trade payables to other long-term investees and investors,liability,payable,credit,0,payables,,liability_payable,1,,account_1640,
1641,Trade payables to other long-term investees and investors - remaining term up to 1 year,liability,current_liability,credit,0,,,liability_current,0,,account_1641,
1645,Trade payables to other long-term investees and investors - remaining term between 1 and 5 years,liability,non_current_liability,credit,0,,,liability_non_current,0,,account_1645,
1648,Trade payables to other long-term investees and investors - remaining term greater than 5 years,liability,non_current_liability,credit,0,,,liability_non_current,0,,account_1648,
1650,Trade payables to shareholders/partners,liability,payable,credit,0,payables,,liability_payable,1,,account_1650,
1651,Trade payables to shareholders/partners - remaining term up to 1 year,liability,current_liability,credit,0,,,liability_current,0,,account_1651,
1655,Trade payables to shareholders/partners - remaining term between 1 and 5 years,liability,non_current_liability,credit,0,,,liability_non_current,0,,account_1655,
1658,Trade payables to shareholders/partners - remaining term greater than 5 years,liability,non_current_liability,credit,0,,,liability_non_current,0,,account_1658,
1659,Contra account 1625-1658 if allocated to payables account,liability,current_liability,credit,0,,,liability_current,0,,account_1659,
1660,Bills payable,liability,current_liability,credit,0,,,liability_current,0,,account_1660,
1661,Bills payable - remaining term up to 1 year,liability,current_liability,credit,0,,,liability_current,0,,account_1661,
1662,Bills payable - remaining term between 1 and 5 years,liability,non_current_liability,credit,0,,,liability_non_current,0,,account_1662,
1663,Bills payable - remaining term greater than 5 years,liability,non_current_liability,credit,0,,,liability_non_current,0,,account_1663,
1665,Liabilities to GmbH shareholders,liability,current_liability,credit,0,,,liability_current,0,,account_1665,
1666,Liabilities to GmbH shareholders - remaining term up to 1 year,liability,current_liability,credit,0,,,liability_current,0,,account_1666,
1667,Liabilities to GmbH shareholders - remaining term between 1 and 5 years,liability,non_current_liability,credit,0,,,liability_non_current,0,,account_1667,
1668,Liabilities to GmbH shareholders - remaining term greater than 5 years,liability,non_current_liability,credit,0,,,liability_non_current,0,,account_1668,
1670,Liabilities to general partners,liability,current_liability,credit,0,,,liability_current,0,,account_1670,
1671,Liabilities to general partners - remaining term up to 1 year,liability,current_liability,credit,0,,,liability_current,0,,account_1671,
1672,Liabilities to general partners - remaining term between 1 and 5 years,liability,non_current_liability,credit,0,,,liability_non_current,0,,account_1672,
1673,Liabilities to general partners - remaining term greater than 5 years,liability,non_current_liability,credit,0,,,liability_non_current,0,,account_1673,
1675,Liabilities to limited partners,liability,current_liability,credit,0,,,liability_current,0,,account_1675,
1676,Liabilities to limited partners - remaining term up to 1 year,liability,current_liability,credit,0,,,liability_current,0,,account_1676,
1677,Liabilities to limited partners - remaining term between 1 and 5 years,liability,non_current_liability,credit,0,,,liability_non_current,0,,account_1677,
1678,Liabilities to limited partners - remaining term greater than 5 years,liability,non_current_liability,credit,0,,,liability_non_current,0,,account_1678,
1691,Liabilities to project consortiums,liability,current_liability,credit,0,,,liability_current,0,,account_1691,
1695,Liabilities to silent partners,liability,current_liability,credit,0,,,liability_current,0,,account_1695,
1696,Liabilities to silent partners - remaining term up to 1 year,liability,current_liability,credit,0,,,liability_current,0,,account_1696,
1697,Liabilities to silent partners - remaining term between 1 and 5 years,liability,non_current_liability,credit,0,,,liability_non_current,0,,account_1697,
1698,Liabilities to silent partners - remaining term greater than 5 years,liability,non_current_liability,credit,0,,,liability_non_current,0,,account_1698,
1700,Other liabilities,liability,current_liability,credit,0,,,liability_current,0,,account_1700,
1701,Other liabilities - remaining term up to 1 year,liability,current_liability,credit,0,,,liability_current,0,,account_1701,
1702,Other liabilities - remaining term between 1 and 5 years,liability,non_current_liability,credit,0,,,liability_non_current,0,,account_1702,
1703,Other liabilities - remaining term greater than 5 years,liability,non_current_liability,credit,0,,,liability_non_current,0,,account_1703,
1704,"Other liabilities, under section 11(2) sentence 2 EStG for section 4(3) EStG",liability,current_liability,credit,0,,,liability_current,0,,account_1704,
1705,Loans,liability,current_liability,credit,0,,,liability_current,0,,account_1705,
1706,Loans - remaining term up to 1 year,liability,current_liability,credit,0,,,liability_current,0,,account_1706,
1707,Loans - remaining term between 1 and 5 years,liability,non_current_liability,credit,0,,,liability_non_current,0,,account_1707,
1708,Loans - remaining term greater than 5 years,liability,non_current_liability,credit,0,,,liability_non_current,0,,account_1708,
1709,Profit drawdown account of silent partners,liability,current_liability,credit,0,,,liability_current,0,,account_1709,
1710,Payments received on account of orders (liabilities),liability,current_liability,credit,0,,,liability_current,0,,account_1710,
1711,"Tax-paid payments received on account of orders, 7 % VAT (liabilities)",liability,current_liability,credit,0,,,liability_current,0,,account_1711,
1716,Advance payments received 15% VAT,liability,current_liability,credit,0,,,liability_current,0,,account_1716,
1718,"Tax-paid payments received on account of orders, 19 % VAT (liabilities)",liability,current_liability,credit,0,,,liability_current,0,,account_1718,
1719,Payments received on account of orders - remaining term up to 1 year,liability,current_liability,credit,0,,,liability_current,0,,account_1719,
1720,Payments received on account of orders - remaining term between 1 and 5 years,liability,non_current_liability,credit,0,,,liability_non_current,0,,account_1720,
1721,Payments received on account of orders - remaining term greater than 5 years,liability,non_current_liability,credit,0,,,liability_non_current,0,,account_1721,
1722,Payments received on account of orders (deducted from inventories on the face of the balance sheet),liability,current_liability,credit,0,,,liability_current,0,,account_1722,
1725,"VAT due in following period (sections 13 (1) no. 6, 13b (2) UStG)",liability,current_liability,credit,0,,,liability_current,0,,account_1725,
1728,VAT on electronic services taxable in another EU country,liability,current_liability,credit,0,,,liability_current,0,,account_1728,
1729,Tax payments,liability,current_liability,credit,0,,,liability_current,0,,account_1729,
1730,Credit card settlements,liability,current_liability,credit,0,,,liability_current,0,,account_1730,
1731,Consignment goods accounts,liability,current_liability,credit,0,,,liability_current,0,,account_1731,
1732,Security deposits received,liability,current_liability,credit,0,,,liability_current,0,,account_1732,
1733,Security deposits received - remaining term up to 1 year,liability,current_liability,credit,0,,,liability_current,0,,account_1733,
1734,Security deposits received - remaining term between 1 and 5 years,liability,non_current_liability,credit,0,,,liability_non_current,0,,account_1734,
1735,Security deposits received - remaining term greater than 5 years,liability,non_current_liability,credit,0,,,liability_non_current,0,,account_1735,
1736,Liabilities from taxes and levies,liability,current_liability,credit,0,,,liability_current,0,,account_1736,
1737,Liabilities from taxes and levies - remaining term up to 1 year,liability,current_liability,credit,0,,,liability_current,0,,account_1737,
1738,Liabilities from taxes and levies - remaining term between 1 and 5 years,liability,non_current_liability,credit,0,,,liability_non_current,0,,account_1738,
1739,Liabilities from taxes and levies - remaining term greater than 5 years,liability,non_current_liability,credit,0,,,liability_non_current,0,,account_1739,
1740,Payroll liabilities,liability,current_liability,credit,0,,,liability_current,0,,account_1740,
1741,Wage and church tax payables,liability,current_liability,credit,0,,,liability_current,0,,account_1741,
1742,Social security liabilities,liability,current_liability,credit,0,,,liability_current,0,,account_1742,
1743,Social security liabilities - remaining term up to 1 year,liability,current_liability,credit,0,,,liability_current,0,,account_1743,
1744,Social security liabilities - remaining term between 1 and 5 years,liability,non_current_liability,credit,0,,,liability_non_current,0,,account_1744,
1745,Social security liabilities - remaining term greater than 5 years,liability,non_current_liability,credit,0,,,liability_non_current,0,,account_1745,
1746,"Liabilities from taxes withheld (investment income tax and solidarity surcharge, church tax on investment income tax) for open distribution",liability,current_liability,credit,0,,,liability_current,0,,account_1746,
1747,Excise duties payable,liability,current_liability,credit,0,,,liability_current,0,,account_1747,
1748,Liabilities for amounts withheld from employees,liability,current_liability,credit,0,,,liability_current,0,,account_1748,
1749,Payables to tax authorities for construction withholding tax to be remitted,liability,current_liability,credit,0,,,liability_current,0,,account_1749,
1750,Liabilities from capitalforming payment arrangements,liability,current_liability,credit,0,,,liability_current,0,,account_1750,
1751,Liabilities from capitalforming payment arrangements - remaining term up to 1 year,liability,current_liability,credit,0,,,liability_current,0,,account_1751,
1752,Liabilities from capitalforming payment arrangements - remaining term between 1 and 5 years,liability,non_current_liability,credit,0,,,liability_non_current,0,,account_1752,
1753,Liabilities from capitalforming payment arrangements - remaining term greater than 5 years,liability,non_current_liability,credit,0,,,liability_non_current,0,,account_1753,
1754,Tax payments to other countries,liability,current_liability,credit,0,,,liability_current,0,,account_1754,
1755,Payroll allocation,liability,current_liability,credit,0,,,liability_current,0,,account_1755,
1756,"Payroll allocation, section 11(2) EStG for section 4(3) EStG",liability,current_liability,credit,0,,,liability_current,0,,account_1756,
1758,Other liabilities refunds by co-operatives,liability,current_liability,credit,0,,,liability_current,0,,account_1758,
1759,Expected contributions owed to social security funds,liability,current_liability,credit,0,,,liability_current,0,,account_1759,
1760,VAT not due,liability,current_liability,credit,0,,,liability_current,0,,account_1760,
1761,VAT not due 7%,liability,current_liability,credit,0,,,liability_current,0,,account_1761,
1762,VAT not due on intraEuropean Union supplies of goods and services subject to domestic taxation,liability,current_liability,credit,0,,,liability_current,0,,account_1762,
1764,"VAT not due on intraEuropean Union supplies of goods and services subject to domestic taxation, 19 %",liability,current_liability,credit,0,,,liability_current,0,,account_1764,
1766,"VAT not due, 19 %",liability,current_liability,credit,0,,,liability_current,0,,account_1766,
1767,VAT on supplies of goods and services taxable in another EU country,liability,current_liability,credit,0,,,liability_current,0,,account_1767,
1768,VAT on supplies of other goods and services/cost-plus contracts taxable in another EU country,liability,current_liability,credit,0,,,liability_current,0,,account_1768,
1769,VAT withdrawal of goods from a VAT warehouse,liability,current_liability,credit,0,,,liability_current,0,,account_1769,
1770,VAT,liability,current_liability,credit,0,,,liability_current,0,,account_1770,
1771,VAT 7%,liability,current_liability,credit,0,,,liability_current,0,,account_1771,
1772,VAT on intra-European Union acquisitions,liability,current_liability,credit,0,,,liability_current,0,,account_1772,
1774,"VAT on intra-European Union acquisitions, 19 %",liability,current_liability,credit,0,,,liability_current,0,,account_1774,
1776,"VAT, 19 %",liability,current_liability,credit,0,,,liability_current,0,,account_1776,
1777,VAT on intra-European Union supplies of goods and services subject to domestic taxation,liability,current_liability,credit,0,,,liability_current,0,,account_1777,
1778,"VAT on intra-European Union supplies of goods and services subject to domestic taxation, 19 %",liability,current_liability,credit,0,,,liability_current,0,,account_1778,
1779,"VAT on intra-European Union acquisitions, no input tax deduction",liability,current_liability,credit,0,,,liability_current,0,,account_1779,
1780,VAT prepayments,liability,payable,credit,0,payables,,liability_payable,1,,account_1780,
1781,VAT prepayments 1/11,liability,current_liability,credit,0,,,liability_current,0,,account_1781,
1782,"Back taxes, VAT return line 65",liability,current_liability,credit,0,,,liability_current,0,,account_1782,
1783,"Incorrect or invalid invoiced taxes, VAT return line 69",liability,current_liability,credit,0,,,liability_current,0,,account_1783,
1784,VAT on intra-European Union acquisition of new vehicles from suppliers without VAT identification number,liability,current_liability,credit,0,,,liability_current,0,,account_1784,
1785,VAT under section 13b UStG,liability,current_liability,credit,0,,,liability_current,0,,account_1785,
1787,"VAT under section 13b UStG, 19 %",liability,current_liability,credit,0,,,liability_current,0,,account_1787,
1788,Acquisition tax deferred until,liability,current_liability,credit,0,,,liability_current,0,,account_1788,
1789,"VAT, current year",liability,current_liability,credit,0,,,liability_current,0,,account_1789,
1790,"VAT, previous year",liability,current_liability,credit,0,,,liability_current,0,,account_1790,
1791,"VAT, earlier years",liability,current_liability,credit,0,,,liability_current,0,,account_1791,
1792,Other allocation accounts (interim accounts),liability,current_liability,credit,0,,,liability_current,0,,account_1792,
1793,Allocation account for prepayments if posted via payables account,liability,current_liability,credit,0,,,liability_current,0,,account_1793,
1794,VAT from acquisition as last purchaser in a triangular transaction,liability,current_liability,credit,0,,,liability_current,0,,account_1794,
1795,Social security liabilities (section 4(3) EStG),liability,current_liability,credit,0,,,liability_current,0,,account_1795,
1796,Issued gift tokens,liability,current_liability,credit,0,,,liability_current,0,,account_1796,
1797,Liabilities from VAT advance payments,liability,payable,credit,0,payables,,liability_payable,1,,account_1797,
1800,"Private withdrawals, general, gp",liability,current_liability,credit,0,,,liability_current,0,,account_1800,
1810,"Private taxes, gp",liability,current_liability,credit,0,,,liability_current,0,,account_1810,
1820,"Special personal deductions, partly deductible, gp",liability,current_liability,credit,0,,,liability_current,0,,account_1820,
1830,"Special personal deductions, fully deductible, gp",liability,current_liability,credit,0,,,liability_current,0,,account_1830,
1840,"Non-cash benefits, donations, gp",liability,current_liability,credit,0,,,liability_current,0,,account_1840,
1850,"Extraordinary expenses, gp",liability,current_liability,credit,0,,,liability_current,0,,account_1850,
1860,"Real estate expenses, gp",liability,current_liability,credit,0,,,liability_current,0,,account_1860,
1869,"Real estate expenses (VAT key possible, only sole proprietorships)",liability,current_liability,credit,0,,,liability_current,0,,account_1869,
1870,"Income from real estate, gp",liability,current_liability,credit,0,,,liability_current,0,,account_1870,
1879,"Income from real estate (VAT key possible, only sole proprietorships)",liability,current_liability,credit,0,,,liability_current,0,,account_1879,
1880,"Non-cash withdrawals, gp",liability,current_liability,credit,0,,,liability_current,0,,account_1880,
1890,"Private contributions, gp",liability,current_liability,credit,0,,,liability_current,0,,account_1890,
1900,"Private withdrawals, general, lp",liability,current_liability,credit,0,,,liability_current,0,,account_1900,
1910,"Private taxes, lp",liability,current_liability,credit,0,,,liability_current,0,,account_1910,
1920,"Private taxes, lp",liability,current_liability,credit,0,,,liability_current,0,,account_1920,
1930,"Special personal deductions, fully deductible, lp",liability,current_liability,credit,0,,,liability_current,0,,account_1930,
1940,"Non-cash benefits, donations, lp",liability,current_liability,credit,0,,,liability_current,0,,account_1940,
1950,"Extraordinary expenses, lp",liability,current_liability,credit,0,,,liability_current,0,,account_1950,
1960,"Real estate expenses, lp",liability,current_liability,credit,0,,,liability_current,0,,account_1960,
1970,"Income from real estate, lp",liability,current_liability,credit,0,,,liability_current,0,,account_1970,
1980,"Non-cash withdrawals, lp",liability,current_liability,credit,0,,,liability_current,0,,account_1980,
1990,"Private contributions, lp",liability,current_liability,credit,0,,,liability_current,0,,account_1990,
2000,Extraordinary expenses,expense,expense,debit,0,,,expense,0,,account_2000,
2001,Extraordinary expenses affecting net income,expense,expense,debit,0,,,expense,0,,account_2001,
2004,Losses from mergers and reorganisations,expense,expense,debit,0,,,expense,0,,account_2004,
2005,Extraordinary non-cash expenses,expense,expense,debit,0,,,expense,0,,account_2005,
2006,Losses due to extraordinary damage (balance sheet accounting only),expense,expense,debit,0,,,expense,0,,account_2006,
2007,Restructuring and reorganisation costs,expense,expense,debit,0,,,expense,0,,account_2007,
2008,"Losses from disposal or discontinuation of business activities, net of tax",expense,expense,debit,0,,,expense,0,,account_2008,
2010,Non-operating expenses,expense,expense,debit,0,,,expense,0,,account_2010,
2020,Prior-period expenses,expense,expense,debit,0,,,expense,0,,account_2020,
2090,Expenses from the application of transitional provisions,expense,expense,debit,0,,,expense,0,,account_2090,
2091,Expenses from the application of transitional provisions (provisions for pensions),expense,expense,debit,0,,,expense,0,,account_2091,
2092,Extraordinary expenses from the application of transitional provisions (accounting aids),expense,expense,debit,0,,,expense,0,,account_2092,
2094,Expenses from the application of transitional provisions (deferred taxes),expense,expense,debit,0,,,expense,0,,account_2094,
2100,Interest and similar expenses,expense,expense,debit,0,,,expense,0,,account_2100,
2102,"Non-tax-deductible other incidental charges related to taxes, section 4(5b) EStG",expense,expense,debit,0,,,expense,0,,account_2102,
2103,Tax-deductible other incidental charges related to taxes,expense,expense,debit,0,,,expense,0,,account_2103,
2104,Non-tax-deductible other incidental charges related to taxes,expense,expense,debit,0,,,expense,0,,account_2104,
2105,"Interest expenses as per Sect. 233a of the German Fiscal Code, nondeductible",expense,expense,debit,0,,,expense,0,,account_2105,
2106,Discounting of tax increase amount § 38,expense,expense,debit,0,,,expense,0,,account_2106,
2107,"Interest expenses as per Sect. 233a of the German Fiscal Code, deductible",expense,expense,debit,0,,,expense,0,,account_2107,
2108,"Interest expenses as per Sect. 234 to 237 of the German Fiscal Code, non deductible",expense,expense,debit,0,,,expense,0,,account_2108,
2109,Interest expenses to affiliated companies,expense,expense,debit,0,,,expense,0,,account_2109,
2110,Interest expenses on short-term debt,expense,expense,debit,0,,,expense,0,,account_2110,
2113,Non-deductible interest on long-term debt under section 4(4a) EStG (add-back),expense,expense,debit,0,,,expense,0,,account_2113,
2114,Interest on shareholder loans,expense,expense,debit,0,,,expense,0,,account_2114,
2115,"Interest and similar expenses, sections 3 no. 40, 3c EStG/section 8b(1,4) KStG",expense,expense,debit,0,,,expense,0,,account_2115,
2116,"Interest and similar expenses to affiliated companies, sections 3 no. 40, 3c EStG/section 8b(1) KStG",expense,expense,debit,0,,,expense,0,,account_2116,
2117,Interest to shareholders with an equity interest of more than 25 % or their related parties,expense,expense,debit,0,,,expense,0,,account_2117,
2118,Interest on receivables and payables accounts,expense,expense,debit,0,,,expense,0,,account_2118,
2119,Interest expenses on short-term liabilities to affiliated companies,expense,expense,debit,0,,,expense,0,,account_2119,
2120,Interest expense on long-term debt,expense,expense,debit,0,,,expense,0,,account_2120,
2123,Depreciation and amortization of premium or discount/debt discount for financing purposes,expense,expense,debit,0,,,expense,0,,account_2123,
2124,Depreciation and amortization of premium or discount/debt discount for financing fixed assets,expense,expense,debit,0,,,expense,0,,account_2124,
2125,Interest expenses for buildings classified as operating assets,expense,expense,debit,0,,,expense,0,,account_2125,
2126,Borrowing costs for fixed assets,expense,expense,debit,0,,,expense,0,,account_2126,
2127,Annuities and recurrent payments,expense,expense,debit,0,,,expense,0,,account_2127,
2128,"Interest expenses for the provision of capital by partners, section 15 EStG (corresponds to special business income)",expense,expense,debit,0,,,expense,0,,account_2128,
2129,Interest expenses on long-term liabilities to affiliated companies,expense,expense,debit,0,,,expense,0,,account_2129,
2130,Discount expenses,expense,expense,debit,0,,,expense,0,,account_2130,
2139,Discount expenses to affiliated companies,expense,expense,debit,0,,,expense,0,,account_2139,
2140,Expenses similar to interest expenses,expense,expense,debit,0,,,expense,0,,account_2140,
2141,Loan commissions and administrative cost contributions,expense,expense,debit,0,,,expense,0,,account_2141,
2142,Interest cost included in additions to pension provisions,expense,expense,debit,0,,,expense,0,,account_2142,
2143,Interest expenses from the discounting of liabilities,expense,expense,debit,0,,,expense,0,,account_2143,
2144,Interest expenses from the discounting of provisions,expense,expense,debit,0,,,expense,0,,account_2144,
2145,Interest expenses from the discounting of provisions for pensions and similar/comparable obligations,expense,expense,debit,0,,,expense,0,,account_2145,
2146,Interest expenses from the discounting of provisions for pensions and similar/comparable obligations for offsetting under s. 246(2) HGB,expense,expense,debit,0,,,expense,0,,account_2146,
2147,Expenses from assets for offsetting in accordance with section 246(2) HGB,expense,expense,debit,0,,,expense,0,,account_2147,
2148,"Interest expenses from the discounting of provisions, non-tax-deductible",expense,expense,debit,0,,,expense,0,,account_2148,
2149,Expenses similar to interest expenses to affiliated companies,expense,expense,debit,0,,,expense,0,,account_2149,
2150,Currency translation losses,expense,expense,debit,0,,,expense,0,,account_2150,
2151,Currency translation losses (not s. 256a HGB),expense,expense,debit,0,,,expense,0,,account_2151,
2166,Expenses from remeasurement of cash funds,expense,expense,debit,0,,,expense,0,,account_2166,
2170,Non-deductible input tax,expense,expense,debit,0,,,expense,0,,account_2170,
2171,"Non-deductible input tax, 7 %",expense,expense,debit,0,,,expense,0,,account_2171,
2176,"Non-deductible input tax, 19 %",expense,expense,debit,0,,,expense,0,,account_2176,
2200,Corporate income tax,expense,expense,debit,0,,,expense,0,,account_2200,
2203,Corporate income tax for prior years,expense,expense,debit,0,,,expense,0,,account_2203,
2204,Corporate income tax refunds for prior years,expense,expense,debit,0,,,expense,0,,account_2204,
2208,Solidarity surcharge,expense,expense,debit,0,,,expense,0,,account_2208,
2209,Solidarity surcharge for prior years,expense,expense,debit,0,,,expense,0,,account_2209,
2210,Solidarity surcharge re- funds for prior years,expense,expense,debit,0,,,expense,0,,account_2210,
2213,"Withholding tax on investment income, 25 %",expense,expense,debit,0,,,expense,0,,account_2213,
2216,"Allowable solidarity surcharge on withholding tax on investment income, 25 %",expense,expense,debit,0,,,expense,0,,account_2216,
2219,Credit/ deduction of foreign withholding tax,expense,expense,debit,0,,,expense,0,,account_2219,
2250,Expenses from additions to and reversals of deferred taxes,expense,expense,debit,0,,,expense,0,,account_2250,
2255,Income from additions to and reversals of deferred taxes,expense,expense,debit,0,,,expense,0,,account_2255,
2260,Expenses from additions to provisions for taxes for tax deferral (BStBK),expense,expense,debit,0,,,expense,0,,account_2260,
2265,Income from reversal of provisions for taxes for tax deferral (BStBK),expense,expense,debit,0,,,expense,0,,account_2265,
2280,Trade tax back payment previous years,expense,expense,debit,0,,,expense,0,,account_2280,
2281,"Back payments and re- funds of trade tax for prior years, section 4(5b) EStG",expense,expense,debit,0,,,expense,0,,account_2281,
2282,Trade tax refund previous years,expense,expense,debit,0,,,expense,0,,account_2282,
2283,"Income from reversal of provisions for trade tax,section 4(5b) EStG",expense,expense,debit,0,,,expense,0,,account_2283,
2284,Reversal of trade tax provision,expense,expense,debit,0,,,expense,0,,account_2284,
2285,Back payments of other taxes for prior years,expense,expense,debit,0,,,expense,0,,account_2285,
2287,Refunds of other taxes for prior years,expense,expense,debit,0,,,expense,0,,account_2287,
2289,Income from reversal of provisions for other taxes,expense,expense,debit,0,,,expense,0,,account_2289,
2300,Other expenses,expense,expense,debit,0,,,expense,0,,account_2300,
2307,Other regular non-operating expenses,expense,expense,debit,0,,,expense,0,,account_2307,
2308,Other non-deductible expenses,expense,expense,debit,0,,,expense,0,,account_2308,
2309,Other infrequent expenses,expense,expense,debit,0,,,expense,0,,account_2309,
2310,Disposals of tangible fixed assets (net carrying amount for book loss),expense,expense,debit,0,,,expense,0,,account_2310,
2311,Disposals of intangible fixed assets (net carrying amount for book loss),expense,expense,debit,0,,,expense,0,,account_2311,
2312,Disposals of long-term financial assets (net carrying amount for book loss),expense,expense,debit,0,,,expense,0,,account_2312,
2313,"Disposals of long-term financial assets, section 3 no. 40 EStG/section 8b(3) KStG (net carrying amount for book loss)",expense,expense,debit,0,,,expense,0,,account_2313,
2315,Disposals of tangible fixed assets (net carrying amount for book gain),income,income,credit,0,,,income,0,,account_2315,
2316,Disposals of intangible fixed assets (net carrying amount for book gain),income,income,credit,0,,,income,0,,account_2316,
2317,Disposals of long-term financial assets (net carrying amount for book gain),income,income,credit,0,,,income,0,,account_2317,
2318,"Disposals of long-term financial assets, section 3 no. 40 EStG/section 8b(2) KStG (net carrying amount for book gain)",expense,expense,debit,0,,,expense,0,,account_2318,
2320,Losses on disposal of fixed assets,expense,expense,debit,0,,,expense,0,,account_2320,
2323,"Losses on disposal of shares in corporations (long-term financial assets), section 3 no. 40 EStG/section 8b(3) KStG",expense,expense,debit,0,,,expense,0,,account_2323,
2325,Losses on disposal of current assets (excluding inventories),expense,expense,debit,0,,,expense,0,,account_2325,
2326,"Losses on disposal of current assets (excluding inventories), section 3 no. 40 EStG/section 8b(3) KStG",expense,expense,debit,0,,,expense,0,,account_2326,
2327,Disposal of current assets under section 4(3) sentence 4 EStG,expense,expense,debit,0,,,expense,0,,account_2327,
2328,"Disposal of current assets, section 3 no. 40 EStG/section 8b(3) KStG under section 4(3) sentence 4 EStG",expense,expense,debit,0,,,expense,0,,account_2328,
2339,Transfers to tax reserve under s. 4g EStG,expense,expense,debit,0,,,expense,0,,account_2339,
2340,Settings SoPo with reserve portion,expense,expense,debit,0,,,expense,0,,account_2340,
2341,Settings SoPo § 7g Abs.2 EStG n.F.,expense,expense,debit,0,,,expense,0,,account_2341,
2342,Transfers to tax reserve under s. 6b(3) EStG,expense,expense,debit,0,,,expense,0,,account_2342,
2344,Transfers to replacement reserve under R.6.6 EStR,expense,expense,debit,0,,,expense,0,,account_2344,
2345,Allocation to other tax reserves,expense,expense,debit,0,,,expense,0,,account_2345,
2347,Expenses from the purchase of treasury shares,expense,expense,debit,0,,,expense,0,,account_2347,
2350,"Real estate expenses, non-operating",expense,expense,debit,0,,,expense,0,,account_2350,
2375,Land tax,expense,expense,debit,0,,,expense,0,,account_2375,
2380,"Non-cash benefits, donations, non-tax deductible",expense,expense,debit,0,,,expense,0,,account_2380,
2381,"Non-cash benefits, donations for scientific and cultural purposes",expense,expense,debit,0,,,expense,0,,account_2381,
2382,"Non-cash benefits, donations for charitable purposes",expense,expense,debit,0,,,expense,0,,account_2382,
2383,"Non-cash benefits, donations for church, religious and non-profit purposes",expense,expense,debit,0,,,expense,0,,account_2383,
2384,"Non-cash benefits, donations to political parties",expense,expense,debit,0,,,expense,0,,account_2384,
2385,Non-deductible half of supervisory board remuneration,expense,expense,debit,0,,,expense,0,,account_2385,
2386,Deductible supervisory board remuneration,expense,expense,debit,0,,,expense,0,,account_2386,
2387,"Non-cash benefits, donations to permanent assets (capital reserves) of a non-profit foundation",expense,expense,debit,0,,,expense,0,,account_2387,
2388,"Grants, donations to foundations for charitable purposes within the meaning of Section 52 (2) No. 4 of the German Fiscal Code (AO)",expense,expense,debit,0,,,expense,0,,account_2388,
2389,"Non-cash benefits, donations to permanent assets (capital reserves) of a church, religious or non-profit foundation",expense,expense,debit,0,,,expense,0,,account_2389,
2390,"Non-cash benefits, donations to permanent assets (capital reserves) of a scientific, charitable or cultural foundation",expense,expense,debit,0,,,expense,0,,account_2390,
2400,Bad debt allowances (normal amount),expense,expense,debit,0,,,expense,0,,account_2400,
2401,"Bad debt allowances, 7 % VAT (normal amount)",expense,expense,debit,0,,,expense,0,,account_2401,
2402,Bad debt allowances on tax-exempt intra-European Union supplies of goods and services (normal amount),expense,expense,debit,0,,,expense,0,,account_2402,
2403,"Bad debt allowances on intra-European Union supplies of goods and services subject to domestic taxation, 7 % VAT (normal amount)",expense,expense,debit,0,,,expense,0,,account_2403,
2406,"Bad debt allowances, 19 % VAT (normal amount)",expense,expense,debit,0,,,expense,0,,account_2406,
2408,"Bad debt allowances on intra-European Union supplies of goods and services subject to domestic taxation, 19 % VAT (normal amount)",expense,expense,debit,0,,,expense,0,,account_2408,
2430,Bad debt allowan,expense,expense,debit,0,,,expense,0,,account_2430,
2431,"Bad debt allowances, 7 % VAT (if unusually high)",expense,expense,debit,0,,,expense,0,,account_2431,
2436,"Bad debt allowances, 19 % VAT (if unusually high)",expense,expense,debit,0,,,expense,0,,account_2436,
2440,"Allowances on receivables from corporations classified as long-term investees (if unusually high), s. 3c EStG/ s. 8b(3) KStG",expense,expense,debit,0,,,expense,0,,account_2440,
2441,"Allowances on receivables from shareholders and related parties (if unusually high), s. 8b(3) KStG",expense,expense,debit,0,,,expense,0,,account_2441,
2450,Transfers to global valuation allowance on receivables,expense,expense,debit,0,,,expense,0,,account_2450,
2451,Transfer to specific valuation allowance on receivables,expense,expense,debit,0,,,expense,0,,account_2451,
2480,Transfers to reserve for shares in a parent or majority investor,expense,expense,debit,0,,,expense,0,,account_2480,
2481,Appropriation to collectively held reserves (with breakdown for statement of changes in capital account),expense,expense,debit,0,,,expense,0,,account_2481,
2485,Transfers to other revenue reserves (co-operatives),expense,expense,debit,0,,,expense,0,,account_2485,
2490,Cost of loss absorption,expense,expense,debit,0,,,expense,0,,account_2490,
2492,Profit transferred on the basis of a profit pooling agreement,expense,expense,debit,0,,,expense,0,,account_2492,
2493,Transferred profit shares (debit) / adjusted shares of losses (credit) in typical silent partnerships pursuant to section 8 of the GewStG,expense,expense,debit,0,,,expense,0,,account_2493,
2494,Profit transferred on the basis of a profit and loss transfer or partial profit transfer agreement,expense,expense,debit,0,,,expense,0,,account_2494,
2498,Transfers to special reserves for capitalised own shares,expense,expense,debit,0,,,expense,0,,account_2498,
2500,Extraordinary income,income,other_income,credit,0,,,income_other,0,,account_2500,
2501,Non-operating income affecting net income,income,other_income,credit,0,,,income_other,0,,account_2501,
2504,Gains from mergers and reorganisations,income,other_income,credit,0,,,income_other,0,,account_2504,
2505,Non-operating income,income,other_income,credit,0,,,income_other,0,,account_2505,
2506,Income from the sale of significant investments,income,other_income,credit,0,,,income_other,0,,account_2506,
2507,Income from the sale of significant properties,income,other_income,credit,0,,,income_other,0,,account_2507,
2508,"Gain on disposal or discontinuation of business activities, net of tax",income,other_income,credit,0,,,income_other,0,,account_2508,
2510,Non-operating income,income,other_income,credit,0,,,income_other,0,,account_2510,
2520,Prior - period income,income,other_income,credit,0,,,income_other,0,,account_2520,
2590,Income from the application of transitional provisions,income,other_income,credit,0,,,income_other,0,,account_2590,
2591,"Extraordinary income from the application of transitional provisions (write-up for property, plant and equipment)",income,other_income,credit,0,,,income_other,0,,account_2591,
2592,Extraordinary income from the application of transitional provisions (write-up for financial assets),income,other_income,credit,0,,,income_other,0,,account_2592,
2593,Extraordinary income from the application of transitional provisions (securities held as current assets),income,other_income,credit,0,,,income_other,0,,account_2593,
2594,Income from the application of transitional provisions (deferredtaxes),income,other_income,credit,0,,,income_other,0,,account_2594,
2600,Income from long-term equity investments,income,other_income,credit,0,,,income_other,0,,account_2600,
2603,"Income from investments in partnerships (affiliated companies), s. 9 GewStG or s. 18 EStG",income,other_income,credit,0,,,income_other,0,,account_2603,
2615,"Income from shares in corporations (long-term equity investments), s. 3 no. 40 EStG/ s. 8b(1) KStG",income,other_income,credit,0,,,income_other,0,,account_2615,
2616,"Income from shares in corporations (affiliated companies), s. 3 no. 40 EStG/ s. 8b(1) KStG",income,other_income,credit,0,,,income_other,0,,account_2616,
2617,Income from shares in corporations (affiliated companies) § 3 No. 40 EStG/§ 8b (1) KStG (domestic Kap.Ges.),income,other_income,credit,0,,,income_other,0,,account_2617,
2618,"Profit shares from industrial or self-employed partnerships, s. 9 GewStG or s. 18 EStG",income,other_income,credit,0,,,income_other,0,,account_2618,
2619,Income from long-term equity investments in affiliated companies,income,other_income,credit,0,,,income_other,0,,account_2619,
2620,Income from other securities and long-term loans,income,other_income,credit,0,,,income_other,0,,account_2620,
2621,Income from long-term loans,income,other_income,credit,0,,,income_other,0,,account_2621,
2622,Income from long-term loans to affiliated companies,income,other_income,credit,0,,,income_other,0,,account_2622,
2623,Income from shares in partnerships (long-term financial assets),income,other_income,credit,0,,,income_other,0,,account_2623,
2625,"Income from shares in corporations (long-term equity investments), s. 3 no. 40 EStG/ s. 8b(1,4) KStG",income,other_income,credit,0,,,income_other,0,,account_2625,
2626,"Income from shares in corporations (affiliated companies), s. 3 no. 40 EStG/ s. 8b(1) KStG",income,other_income,credit,0,,,income_other,0,,account_2626,
2640,Interest and dividend income,income,other_income,credit,0,,,income_other,0,,account_2640,
2641,Compensation payments received as an outside shareholder,income,other_income,credit,0,,,income_other,0,,account_2641,
2646,Income from shares in partnerships (affiliated companies),income,other_income,credit,0,,,income_other,0,,account_2646,
2647,Income from other long-term securities of corporations (affiliated companies),income,other_income,credit,0,,,income_other,0,,account_2647,
2648,Income from other long-term securities of partnerships (affiliated companies),income,other_income,credit,0,,,income_other,0,,account_2648,
2649,"Income from other securities and long-term loans, from affiliated companies",income,other_income,credit,0,,,income_other,0,,account_2649,
2650,Other interest and similar income,income,other_income,credit,0,,,income_other,0,,account_2650,
2652,Compounding of corporate income tax credit,income,other_income,credit,0,,,income_other,0,,account_2652,
2653,"Interest income s. 233a AO, s. 4(5b) EStG, taxexempt",income,other_income,credit,0,,,income_other,0,,account_2653,
2654,Income from other securities and short-term loans,income,other_income,credit,0,,,income_other,0,,account_2654,
2655,"Income from shares in corporations (current assets), s. 3 no. 40 EStG/ s. 8b(1,4) KStG",income,other_income,credit,0,,,income_other,0,,account_2655,
2656,"Income from shares in corporations (affiliated companies), s. 3 no. 40 EStG/ s. 8b(1) KStG",income,other_income,credit,0,,,income_other,0,,account_2656,
2657,"Interest income s. 233a AO, taxable",income,other_income,credit,0,,,income_other,0,,account_2657,
2658,"Interest income s. 233a AO, tax-exempt (Schedule GK KSt)",income,other_income,credit,0,,,income_other,0,,account_2658,
2659,Other interest and similar income from affiliated companies,income,other_income,credit,0,,,income_other,0,,account_2659,
2660,Currency translation gains,income,other_income,credit,0,,,income_other,0,,account_2660,
2661,Currency translation gains (not s. 256a HGB),income,other_income,credit,0,,,income_other,0,,account_2661,
2666,Income from remeasurement of cash funds,income,other_income,credit,0,,,income_other,0,,account_2666,
2670,Discounts received,income,other_income,credit,0,,,income_other,0,,account_2670,
2679,Discounts received from affiliated companies,income,other_income,credit,0,,,income_other,0,,account_2679,
2680,Income similar to interest income,income,other_income,credit,0,,,income_other,0,,account_2680,
2682,Tax-exempt interest income from discounting of provisions,income,other_income,credit,0,,,income_other,0,,account_2682,
2683,Interest income from the discounting of liabilities,income,other_income,credit,0,,,income_other,0,,account_2683,
2684,Interest income from the discounting of provisions,income,other_income,credit,0,,,income_other,0,,account_2684,
2685,Interest income from the discounting of provisions for pensions and similar/comparable obligations,income,other_income,credit,0,,,income_other,0,,account_2685,
2686,Interest income from the discounting of provisions for pensions and similar/comparable obligations for offsetting under s. 246(2) HGB,income,other_income,credit,0,,,income_other,0,,account_2686,
2687,Income from assets for offsetting in accordance with section 246(2) HGB,income,other_income,credit,0,,,income_other,0,,account_2687,
2688,Interest income Repayment of tax increase §38,income,other_income,credit,0,,,income_other,0,,account_2688,
2689,Income similar to interest income from affiliated companies,income,other_income,credit,0,,,income_other,0,,account_2689,
2700,Other income,income,other_income,credit,0,,,income_other,0,,account_2700,
2705,Other regular operating income,income,other_income,credit,0,,,income_other,0,,account_2705,
2707,Other regular non-operating income,income,other_income,credit,0,,,income_other,0,,account_2707,
2709,Other infrequent income,income,other_income,credit,0,,,income_other,0,,account_2709,
2710,Income from reversal of write-downs of tangible fixed assets,income,other_income,credit,0,,,income_other,0,,account_2710,
2711,Income from reversal of write-downs of intangible fixed assets,income,other_income,credit,0,,,income_other,0,,account_2711,
2712,Income from reversal of write-downs of longterm financial assets,income,other_income,credit,0,,,income_other,0,,account_2712,
2713,"Income from reversal of write-downs of longterm financial assets, section 3 no. 4 EStG/section 8b(3) sentence 8 KStG",income,other_income,credit,0,,,income_other,0,,account_2713,
2714,"Income from reversal of write-downs, section 3 no. 40 EStG/section 8b(2) KStG",income,other_income,credit,0,,,income_other,0,,account_2714,
2715,Income from reversal of write-downs of current assets excluding inventories,income,other_income,credit,0,,,income_other,0,,account_2715,
2716,"Income from reversal of write-downs of current assets, section 3 no. 40 EStG/section 8b(3) sentence 8 KStG",income,other_income,credit,0,,,income_other,0,,account_2716,
2720,Income from disposal of fixed assets,income,other_income,credit,0,,,income_other,0,,account_2720,
2723,"Income from disposal of shares in corporations (long-term financial assets), section 3 no. 40 EStG/section 8b(2) KStG",income,other_income,credit,0,,,income_other,0,,account_2723,
2725,Income from disposal of current assets (excluding inventories),income,other_income,credit,0,,,income_other,0,,account_2725,
2726,"Income from disposal of current assets (excluding inventories), section 3 no. 40 EStG/section 8b(2) KStG",income,other_income,credit,0,,,income_other,0,,account_2726,
2727,Income from reversal of tax reserve under s. 6b(3) EStG,income,other_income,credit,0,,,income_other,0,,account_2727,
2728,Income from reversal of tax reserve under s. 6b(10) EStG,income,other_income,credit,0,,,income_other,0,,account_2728,
2729,Income from reversal of replacement reserve under R.6.6 EStR,income,other_income,credit,0,,,income_other,0,,account_2729,
2730,Income from reduction in global valuation allowances on receivables,income,other_income,credit,0,,,income_other,0,,account_2730,
2731,Income from reduction in specific valuation allowances on receivables,income,other_income,credit,0,,,income_other,0,,account_2731,
2732,Income from recoveries of receivables previously written off,income,other_income,credit,0,,,income_other,0,,account_2732,
2733,Income from the reversal of a tax reserve pursuant to §7g (7) EStG a.F. (business start-up reserve),income,other_income,credit,0,,,income_other,0,,account_2733,
2734,Income Valuation Liabilities,income,other_income,credit,0,,,income_other,0,,account_2734,
2735,Income from reversal of provisions,income,other_income,credit,0,,,income_other,0,,account_2735,
2736,Income from remission of liabilities,income,other_income,credit,0,,,income_other,0,,account_2736,
2738,Income from the reversal of tax reserves in accordance with Sec. 52 (16) EStG,income,other_income,credit,0,,,income_other,0,,account_2738,
2739,Income from the reversal of tax reserves (savings depreciation in accordance with Sec. 7g (2) EStG),income,other_income,credit,0,,,income_other,0,,account_2739,
2740,Income from the reversal of other tax reserves,income,other_income,credit,0,,,income_other,0,,account_2740,
2741,Income from reversal of accelerated tax depreciation,income,other_income,credit,0,,,income_other,0,,account_2741,
2742,Insurance recoveries and compensation payments,income,other_income,credit,0,,,income_other,0,,account_2742,
2743,Investment subsidies (taxable),income,other_income,credit,0,,,income_other,0,,account_2743,
2744,Investment grants (taxexempt),income,other_income,credit,0,,,income_other,0,,account_2744,
2746,Tax-exempt income from reversal of tax reserves,income,other_income,credit,0,,,income_other,0,,account_2746,
2747,Other tax-exempt operating income,income,other_income,credit,0,,,income_other,0,,account_2747,
2749,Refunds Act on Reimbursement of Employers' Expenses (AAG),income,other_income,credit,0,,,income_other,0,,account_2749,
2750,Income from real estate,income,other_income,credit,0,,,income_other,0,,account_2750,
2751,"Rental and lease income, VAT-exempt s. 4 no. 12 UStG",income,other_income,credit,0,,,income_other,0,,account_2751,
2752,"Rental and lease income, 19 % VAT",income,other_income,credit,0,,,income_other,0,,account_2752,
2760,Income from capitalisation of assets acquired free of charge,income,other_income,credit,0,,,income_other,0,,account_2760,
2762,"Reimbursements, refunds and credit entries relating to prior periods",income,other_income,credit,0,,,income_other,0,,account_2762,
2764,Income from administrative expense allocations,income,other_income,credit,0,,,income_other,0,,account_2764,
2790,Income from loss absorption,income,other_income,credit,0,,,income_other,0,,account_2790,
2792,Income from profits received under a profit pooling agreement,income,other_income,credit,0,,,income_other,0,,account_2792,
2794,Income from profits received under a profit and loss transfer or partial profit transfer agreement,income,other_income,credit,0,,,income_other,0,,account_2794,
2798,Withdrawals from special reserves for capitalised own shares,income,other_income,credit,0,,,income_other,0,,account_2798,
2840,Withdrawals from reserve for shares in a parent or majority investor,income,other_income,credit,0,,,income_other,0,,account_2840,
2841,Withdrawals from collectively held reserves (with breakdown for statement of changes in capital account),income,other_income,credit,0,,,income_other,0,,account_2841,
2850,Withdrawals from other revenue reserves (cooperatives),income,other_income,credit,0,,,income_other,0,,account_2850,
2865,Retained profits brought forward after appropriation of net profit (with breakdown for statement of changes in capital accounts),income,other_income,credit,0,,,income_other,0,,account_2865,
2867,Accumulated losses brought forward after appropriation of net profit (with breakdown for statement of changes in capital accounts),income,other_income,credit,0,,,income_other,0,,account_2867,
2870,Advance distribution,income,other_income,credit,0,,,income_other,0,,account_2870,
2890,Allocated imputed business owner’s remuneration,income,other_income,credit,0,,,income_other,0,,account_2890,
2891,Allocated imputed rental and lease payments,income,other_income,credit,0,,,income_other,0,,account_2891,
2892,Allocated imputed interest,income,other_income,credit,0,,,income_other,0,,account_2892,
2893,"Allocated imputed depreciation, amortisation and write-downs",income,other_income,credit,0,,,income_other,0,,account_2893,
2894,Allocated imputed business risks,income,other_income,credit,0,,,income_other,0,,account_2894,
2895,Allocated imputed wages for non-compensated employees,income,other_income,credit,0,,,income_other,0,,account_2895,
2990,Expenses/income from currency translation difference,income,other_income,credit,0,,,income_other,0,,account_2990,
3000,"Raw materials, consumables and supplies",expense,expense,debit,0,,,expense,0,,account_3000,
3010,"Cost of raw materials, consumables and supplies, 7 % input tax",expense,expense,debit,0,,,expense,0,,account_3010,
3030,"Cost of raw materials, consumables and supplies, 19 % input tax",expense,expense,debit,0,,,expense,0,,account_3030,
3060,"Cost of raw materials, consumables and supplies, intra-European Union acquisitions, 7 % input tax and 7 % VAT",expense,expense,debit,0,,,expense,0,,account_3060,
3062,"Cost of raw materials, consumables and supplies, intra-European Union acquisitions, 19 % input tax and 19 % VAT",expense,expense,debit,0,,,expense,0,,account_3062,
3066,"Cost of raw materials, consumables and supplies, intra-European Union acquisitions, no input tax and 7 % VAT",expense,expense,debit,0,,,expense,0,,account_3066,
3067,"Cost of raw materials, consumables and supplies, intra-European Union acquisitions, no input tax and 19 % VAT",expense,expense,debit,0,,,expense,0,,account_3067,
3070,"Cost of raw materials, consumables and supplies, 5.5 % input tax",expense,expense,debit,0,,,expense,0,,account_3070,
3071,"Cost of raw materials, consumables and supplies, 10.7 % / 9.5 % input tax",expense,expense,debit,0,,,expense,0,,account_3071,
3075,"Cost of raw materials, consumables and supplies from a VAT warehouse, s. 13a UStG, 7 % input tax and 7 % VAT",expense,expense,debit,0,,,expense,0,,account_3075,
3076,"Cost of raw materials, consumables and supplies from a VAT warehouse, s. 13a UStG, 19 % input tax and 19 % VAT",expense,expense,debit,0,,,expense,0,,account_3076,
3089,"Cost of raw materials, consumables and supplies as last purchaser in a triangular transaction, 19 % input tax and 19 % VAT",expense,expense,debit,0,,,expense,0,,account_3089,
3090,Fuels (production),expense,expense,debit,0,,,expense,0,,account_3090,
3091,"Fuels (production), 7 % input tax",expense,expense,debit,0,,,expense,0,,account_3091,
3092,"Fuels (production), 19 % input tax",expense,expense,debit,0,,,expense,0,,account_3092,
3100,Purchased services,expense,expense,debit,0,,,expense,0,,account_3100,
3106,"Purchased services, 19 % input tax",expense,expense,debit,0,,,expense,0,,account_3106,
3108,"Purchased services, 7 % input tax",expense,expense,debit,0,,,expense,0,,account_3108,
3109,"Purchased services, no input tax",expense,expense,debit,0,,,expense,0,,account_3109,
3110,"Construction services supplied by domestic contractor, 7 % input tax and 7 % VAT",expense,expense,debit,0,,,expense,0,,account_3110,
3113,"Other services supplied by a contractor in another EU country, 7 % input tax and 7 % VAT",expense,expense,debit,0,,,expense,0,,account_3113,
3115,"Services supplied by foreign contractor, 7 % input tax and 7 % VAT",expense,expense,debit,0,,,expense,0,,account_3115,
3120,"Construction services supplied by domestic contractor, 19 % input tax and 19 % VAT",expense,expense,debit,0,,,expense,0,,account_3120,
3123,"Other services supplied by a contractor in another EU country, 19 % input tax and 19 % VAT",expense,expense,debit,0,,,expense,0,,account_3123,
3125,"Services supplied by foreign contractor, 19 % input tax and 19 % VAT",expense,expense,debit,0,,,expense,0,,account_3125,
3130,"Construction services supplied by domestic contractor, no input tax and 7 % VAT",expense,expense,debit,0,,,expense,0,,account_3130,
3133,"Other services supplied by a contractor in another EU country, no input tax and 7 % VAT",expense,expense,debit,0,,,expense,0,,account_3133,
3135,"Services supplied by foreign contractor, no input tax and 7 % VAT",expense,expense,debit,0,,,expense,0,,account_3135,
3140,"Construction services supplied by domestic contractor, no input tax and 19 % VAT",expense,expense,debit,0,,,expense,0,,account_3140,
3143,"Other services supplied by a contractor in another EU country, no input tax and 19 % VAT",expense,expense,debit,0,,,expense,0,,account_3143,
3145,"Services supplied by foreign contractor, no input tax and 19 % VAT",expense,expense,debit,0,,,expense,0,,account_3145,
3150,Cash discounts received on services for which recipient bears tax liability under section 13b UStG,expense,expense,debit,0,,,expense,0,,account_3150,
3151,"Cash discounts received on services for which recipient bears tax liability under section 13b UStG, 19 % input tax and 19 % VAT",expense,expense,debit,0,,,expense,0,,account_3151,
3153,"Cash discounts received on services for which recipient bears tax liability under section 13b UStG, no input tax, with VAT",expense,expense,debit,0,,,expense,0,,account_3153,
3154,"Cash discounts received on services for which recipient bears tax liability under section 13b UStG, no input tax and 19 % VAT",expense,expense,debit,0,,,expense,0,,account_3154,
3160,"Services under s. 13b UStG, with input tax deduction",expense,expense,debit,0,,,expense,0,,account_3160,
3165,"Services under s. 13b UStG, without input tax deduction",expense,expense,debit,0,,,expense,0,,account_3165,
3170,Purchased services (rent/lease for movable property),expense,expense,debit,0,,,expense,0,,account_3170,
3175,Purchased services (rent/lease for immovable property),expense,expense,debit,0,,,expense,0,,account_3175,
3180,Purchased services (recompense for rights and licences),expense,expense,debit,0,,,expense,0,,account_3180,
3185,Purchased services (remuneration for rental and lease of assets - corresponds to special business income),expense,expense,debit,0,,,expense,0,,account_3185,
3200,Cost of merchandise,expense,expense,debit,0,,,expense,0,,account_3200,
3300,"Cost of merchandise, 7 % input tax",expense,expense,debit,0,,,expense,0,,account_3300,
3349,Cost of merchandise without input tax deduction,expense,expense,debit,0,,,expense,0,,account_3349,
3400,"Cost of merchandise, 19 % input tax",expense,expense,debit,0,expense,,expense,0,,account_3400,default_for_expense
3420,"Intra-European Union acquisitions, 7 % input tax and 7 % VAT",expense,expense,debit,0,,,expense,0,,account_3420,
3425,"Intra-European Union acquisitions, 19 % input tax and 19 % VAT",expense,expense,debit,0,,,expense,0,,account_3425,
3430,"Intra-European Union acquisitions, no input tax and 7 % VAT",expense,expense,debit,0,,,expense,0,,account_3430,
3435,"Intra-European Union acquisitions, no input tax and 19 % VAT",expense,expense,debit,0,,,expense,0,,account_3435,
3440,"Intra-European Union acquisition of new vehicles from supplier without VAT identification number, 19 % input tax and 19 % VAT",expense,expense,debit,0,,,expense,0,,account_3440,
3505,"Cost of merchandise, 5.5 % input tax",expense,expense,debit,0,,,expense,0,,account_3505,
3540,Incoming goods at the average rate pursuant to section 24 UStG (10.7 % / 9.5 % input tax),expense,expense,debit,0,,,expense,0,,account_3540,
3550,Tax-exempt intra-European Union acquisitions,expense,expense,debit,0,,,expense,0,,account_3550,
3551,"Cost of merchandise in a third country, taxable",expense,expense,debit,0,,,expense,0,,account_3551,
3552,Acquisition by 1st purchaser in a triangular transaction,expense,expense,debit,0,,,expense,0,,account_3552,
3553,"Purchase of merchandise as last purchaser in a triangular transaction, 19 % input tax and 19 % VAT",expense,expense,debit,0,,,expense,0,,account_3553,
3557,"Goods receipt, taxable in third country (7%)",expense,expense,debit,0,,,expense,0,,account_3557,
3558,"Cost of merchandise in another EU country, taxable",expense,expense,debit,0,,,expense,0,,account_3558,
3559,Tax-exempt imports,expense,expense,debit,0,,,expense,0,,account_3559,
3560,"Merchandise from a VAT warehouse, section 13a UStG, 7 % input tax and 7 % VAT",expense,expense,debit,0,,,expense,0,,account_3560,
3565,"Merchandise from a VAT warehouse, section 13a UStG, 19 % input tax and 19 % VAT",expense,expense,debit,0,,,expense,0,,account_3565,
3600,Non-deductible input tax,expense,expense,debit,0,,,expense,0,,account_3600,
3610,"Non-deductible input tax, 7 %",expense,expense,debit,0,,,expense,0,,account_3610,
3660,"Non-deductible input tax, 19 %",expense,expense,debit,0,,,expense,0,,account_3660,
3700,Trade discounts,expense,expense,debit,0,,,expense,0,,account_3700,
3701,"Trade discounts on cost of raw materials, consumables and supplies",expense,expense,debit,0,,,expense,0,,account_3701,
3710,"Trade discounts, 7 % input tax",expense,expense,debit,0,,,expense,0,,account_3710,
3714,"Trade discounts on cost of raw materials, consumables and supplies, 7 % input tax",expense,expense,debit,0,,,expense,0,,account_3714,
3715,"Trade discounts on cost of raw materials, consumables and supplies, 19 % input tax",expense,expense,debit,0,,,expense,0,,account_3715,
3717,"Trade discounts on cost of raw materials, consumables and supplies, intra-EU acquisitions, 7 % input tax and 7 % VAT",expense,expense,debit,0,,,expense,0,,account_3717,
3718,"Trade discounts on cost of raw materials, consumables and supplies, intra-EU acquisitions, 19 % input tax and 19 % VAT",expense,expense,debit,0,,,expense,0,,account_3718,
3720,"Trade discounts, 19 % input tax",expense,expense,debit,0,,,expense,0,,account_3720,
3724,"Trade discounts on intra-European Union acquisitions, 7 % input tax and 7 % VAT",expense,expense,debit,0,,,expense,0,,account_3724,
3725,"Trade discounts on intra-European Union acquisitions, 19 % input tax and 19 % VAT",expense,expense,debit,0,,,expense,0,,account_3725,
3730,Cash discounts received,expense,expense,debit,0,,,expense,0,,account_3730,
3731,"Cash discounts received, 7 % input tax",expense,expense,debit,0,,,expense,0,,account_3731,
3733,"Cash discounts received on cost of raw materials, consumables and supplies",expense,expense,debit,0,,,expense,0,,account_3733,
3734,"Cash discounts received on cost of raw materials, consumables and supplies, 7 % input tax",expense,expense,debit,0,,,expense,0,,account_3734,
3736,"Cash discounts received, 19 % input tax",expense,expense,debit,0,,,expense,0,,account_3736,
3738,"Cash discounts received on cost of raw materials, consumables and supplies, 19 % input tax",expense,expense,debit,0,,,expense,0,,account_3738,
3741,"Cash discounts received on cost of raw materials, consumables and supplies, taxable intra-European Union acquisitions, 19 % input tax and 19 % VAT",expense,expense,debit,0,,,expense,0,,account_3741,
3743,"Cash discounts received on cost of raw materials, consumables and supplies, taxable intra-European Union acquisitions, 7 % input tax and 7 % VAT",expense,expense,debit,0,,,expense,0,,account_3743,
3744,"Cash discounts received on raw materials, consumables and supplies, taxable intra-European Union acquisitions",expense,expense,debit,0,,,expense,0,,account_3744,
3745,Cash discounts received on taxable intra-European Union acquisitions,expense,expense,debit,0,,,expense,0,,account_3745,
3746,"Cash discounts received on taxable intra-European Union acquisitions, 7 % input tax and 7 % VAT",expense,expense,debit,0,,,expense,0,,account_3746,
3748,"Cash discounts received on taxable intra-European Union acquisitions, 19 % input tax and 19 % VAT",expense,expense,debit,0,,,expense,0,,account_3748,
3750,"Volume discounts received, 7 % input tax",expense,expense,debit,0,,,expense,0,,account_3750,
3753,"Volume discounts received on cost of raw materials, consumables and supplies",expense,expense,debit,0,,,expense,0,,account_3753,
3754,"Volume discounts received on cost of raw materials, consumables and supplies, 7 % input tax",expense,expense,debit,0,,,expense,0,,account_3754,
3755,"Volume discounts received on cost of raw materials, consumables and supplies, 19 % input tax",expense,expense,debit,0,,,expense,0,,account_3755,
3760,"Volume discounts received, 19 % input tax",expense,expense,debit,0,,,expense,0,,account_3760,
3769,Volume discounts received,expense,expense,debit,0,,,expense,0,,account_3769,
3770,Rebates received,expense,expense,debit,0,,,expense,0,,account_3770,
3780,"Rebates received, 7 % input tax",expense,expense,debit,0,,,expense,0,,account_3780,
3783,"Rebates received on cost of raw materials, consumables and supplies",expense,expense,debit,0,,,expense,0,,account_3783,
3784,"Rebates received on cost of raw materials, consumables and supplies, 7 % input tax",expense,expense,debit,0,,,expense,0,,account_3784,
3785,"Rebates received on cost of raw materials, consumables and supplies, 19 % input tax",expense,expense,debit,0,,,expense,0,,account_3785,
3788,"Cash discounts received on cost of raw materials, consumables and supplies, 10,7 % input tax",expense,expense,debit,0,,,expense,0,,account_3788,
3790,"Rebates received, 19 % input tax",expense,expense,debit,0,,,expense,0,,account_3790,
3792,"Cash discounts received on cost of raw materials, consumables and supplies as last purchaser in a triangular transaction, 19 % input tax and 19 % VAT",expense,expense,debit,0,,,expense,0,,account_3792,
3793,"Cash discounts received on purchase of merchandise as last purchaser in a triangular transaction, 19 % input tax and 19 % VAT",expense,expense,debit,0,,,expense,0,,account_3793,
3794,"Cash discounts received, 5.5 % input tax",expense,expense,debit,0,,,expense,0,,account_3794,
3796,"Cash discounts received, 10.7 % input tax",expense,expense,debit,0,,,expense,0,,account_3796,
3798,"Cash discounts received on cost of raw materials, consumables and supplies, 5.5 % input tax",expense,expense,debit,0,,,expense,0,,account_3798,
3800,Delivery costs,expense,expense,debit,0,,,expense,0,,account_3800,
3830,Empties,expense,expense,debit,0,,,expense,0,,account_3830,
3850,Customs and import duties,expense,expense,debit,0,,,expense,0,,account_3850,
3950,Changes in inventories of purchased merchandise,expense,expense,debit,0,,,expense,0,,account_3950,
3955,"Changes in inventories of raw materials, consumables and supplies",expense,expense,debit,0,,,expense,0,,account_3955,
3960,"Changes in inventories of raw materials, consumables and supplies, and of purchased merchandise",expense,expense,debit,0,,,expense,0,,account_3960,
3970,"Inventories of raw materials, consumables and supplies",asset,current_asset,debit,0,,,asset_current,0,,account_3970,
3980,Merchandise (inventories),asset,current_asset,debit,0,,,asset_current,0,,account_3980,
4100,Wages and salaries,expense,expense,debit,0,,,expense,0,,account_4100,
4110,Wages,expense,expense,debit,0,,,expense,0,,account_4110,
4120,Salaries,expense,expense,debit,0,,,expense,0,,account_4120,
4124,Managing director salaries of shareholders of limited liability company (GmbH),expense,expense,debit,0,,,expense,0,,account_4124,
4125,Salaries of spouses,expense,expense,debit,0,,,expense,0,,account_4125,
4126,Management bonuses paid to shareholder managers,expense,expense,debit,0,,,expense,0,,account_4126,
4127,Managing director salaries,expense,expense,debit,0,,,expense,0,,account_4127,
4128,"Remuneration of salaried partners, section 15 EStG (corresponds to special business income)",expense,expense,debit,0,,,expense,0,,account_4128,
4129,Management bonuses paid to employees,expense,expense,debit,0,,,expense,0,,account_4129,
4130,Statutory social security expenses,expense,expense,debit,0,,,expense,0,,account_4130,
4137,"Statutory social security expenses for salaried partners, section 15 EStG (corresponds to special business income)",expense,expense,debit,0,,,expense,0,,account_4137,
4138,Contributions to occupational health and safety agency,expense,expense,debit,0,,,expense,0,,account_4138,
4139,Disabled persons equalisation levy,expense,expense,debit,0,,,expense,0,,account_4139,
4140,Voluntary social benefits not subject to wage tax,expense,expense,debit,0,,,expense,0,,account_4140,
4141,Other social security costs,expense,expense,debit,0,,,expense,0,,account_4141,
4144,Social security contributions for marginal parttime workers,expense,expense,debit,0,,,expense,0,,account_4144,
4145,Voluntary social benefits subject to wage tax,expense,expense,debit,0,,,expense,0,,account_4145,
4146,Voluntary non-cash benefits provided to marginal part-time workers,expense,expense,debit,0,,,expense,0,,account_4146,
4147,Voluntary non-cash benefits provided to shareholder managers,expense,expense,debit,0,,,expense,0,,account_4147,
4148,"Voluntary non-cash benefits provided to salaried partners, section 15 EStG (corresponds to special business income)",expense,expense,debit,0,,,expense,0,,account_4148,
4149,Flat-rate tax on other benefits (e.g. travel allowances),expense,expense,debit,0,,,expense,0,,account_4149,
4150,Sick pay supplements,expense,expense,debit,0,,,expense,0,,account_4150,
4151,Non-cash benefits and services provided to marginal part-time workers,expense,expense,debit,0,,,expense,0,,account_4151,
4152,Non-cash benefits and services provided to employees,expense,expense,debit,0,,,expense,0,,account_4152,
4153,Non-cash benefits and services provided to shareholder managers,expense,expense,debit,0,,,expense,0,,account_4153,
4154,"Non-cash benefits and services provided to salaried partners, section 15 EStG (corresponds to special business income)",expense,expense,debit,0,,,expense,0,,account_4154,
4155,Employment agency subsidies (credit balances),expense,expense,debit,0,,,expense,0,,account_4155,
4156,Expenses from change in provisions for vacation pay,expense,expense,debit,0,,,expense,0,,account_4156,
4157,Expenses from change in provisions for vacation pay for shareholder-managers,expense,expense,debit,0,,,expense,0,,account_4157,
4158,"Expenses from change in provisions for vacation pay for salaried partners, section 15 EStG (corresponds to special business income)",expense,expense,debit,0,,,expense,0,,account_4158,
4159,Expenses from change in provisions for vacation pay for marginal part-time workers,expense,expense,debit,0,,,expense,0,,account_4159,
4160,Pension funds,expense,expense,debit,0,,,expense,0,,account_4160,
4165,Post-employment benefit costs,expense,expense,debit,0,,,expense,0,,account_4165,
4166,Post-employment benefit costs for shareholder managers,expense,expense,debit,0,,,expense,0,,account_4166,
4167,Flat-rate tax on other benefits (e.g. direct insurance policies),expense,expense,debit,0,,,expense,0,,account_4167,
4168,"Post-employment benefit costs of salaried partners, section 15 EStG (corresponds to special business income)",expense,expense,debit,0,,,expense,0,,account_4168,
4169,Employee benefit expenses,expense,expense,debit,0,,,expense,0,,account_4169,
4170,Capital-forming payments,expense,expense,debit,0,,,expense,0,,account_4170,
4175,Travel expense reimbursement - home/workplace,expense,expense,debit,0,,,expense,0,,account_4175,
4180,Tips,expense,expense,debit,0,,,expense,0,,account_4180,
4190,Casual labour wages,expense,expense,debit,0,,,expense,0,,account_4190,
4194,Flat-rate taxes for marginal part-time workers,expense,expense,debit,0,,,expense,0,,account_4194,
4195,Wages for marginal part-time work,expense,expense,debit,0,,,expense,0,,account_4195,
4196,Flat-rate taxes for shareholder managers,expense,expense,debit,0,,,expense,0,,account_4196,
4197,"Flat-rate taxes for salaried partners, section 15 EStG (corresponds to special business income)",expense,expense,debit,0,,,expense,0,,account_4197,
4198,Flat-rate taxes for employees,expense,expense,debit,0,,,expense,0,,account_4198,
4199,Flat-rate tax on casual labour wages,expense,expense,debit,0,,,expense,0,,account_4199,
4200,Occupancy costs,expense,expense,debit,0,,,expense,0,,account_4200,
4210,Rent (immovable property),expense,expense,debit,0,,,expense,0,,account_4210,
4211,Expenses for rented or leased immovable property that must be added back under trade tax law,expense,expense,debit,0,,,expense,0,,account_4211,
4212,Rent/expenses for maintaining two residences (business owner),expense,expense,debit,0,,,expense,0,,account_4212,
4215,Leases (immovable property),expense,expense,debit,0,,,expense,0,,account_4215,
4219,"Remuneration of partners for rental of their immovable property, section 15 EStG (corresponds to special business income)",expense,expense,debit,0,,,expense,0,,account_4219,
4220,Real property leases (immovable property),expense,expense,debit,0,,,expense,0,,account_4220,
4222,Remuneration of partners for rental and lease of their immovable property,expense,expense,debit,0,,,expense,0,,account_4222,
4228,"Incidental rental and lease expenses, not added back for trade tax purposes",expense,expense,debit,0,,,expense,0,,account_4228,
4229,"Remuneration of partners for lease of their immovable property, section 15 EStG (corresponds to special business income)",expense,expense,debit,0,,,expense,0,,account_4229,
4230,Heating,expense,expense,debit,0,,,expense,0,,account_4230,
4240,"Gas, electricity, water",expense,expense,debit,0,,,expense,0,,account_4240,
4250,Cleaning,expense,expense,debit,0,,,expense,0,,account_4250,
4260,Maintenance of operating premises,expense,expense,debit,0,,,expense,0,,account_4260,
4270,Levies for real property used for operating purposes,expense,expense,debit,0,,,expense,0,,account_4270,
4280,Other occupancy costs,expense,expense,debit,0,,,expense,0,,account_4280,
4288,Expenses for home office (deductible portion),expense,expense,debit,0,,,expense,0,,account_4288,
4289,Expenses for home office (non-deductible portion),expense,expense,debit,0,,,expense,0,,account_4289,
4290,"Real estate expenses, operating",expense,expense,debit,0,,,expense,0,,account_4290,
4300,Non-deductible input tax,expense,expense,debit,0,,,expense,0,,account_4300,
4301,"Non-deductible input tax, 7 %",expense,expense,debit,0,,,expense,0,,account_4301,
4306,"Non-deductible input tax, 19 %",expense,expense,debit,0,,,expense,0,,account_4306,
4320,Trade tax,expense,expense,debit,0,,,expense,0,,account_4320,
4340,Other taxes,expense,expense,debit,0,,,expense,0,,account_4340,
4350,Excise taxes (other taxes),expense,expense,debit,0,,,expense,0,,account_4350,
4355,Eco tax,expense,expense,debit,0,,,expense,0,,account_4355,
4360,Insurance premiums,expense,expense,debit,0,,,expense,0,,account_4360,
4366,Building insurance,expense,expense,debit,0,,,expense,0,,account_4366,
4370,Net insurance premium for future pension benefit liability,expense,expense,debit,0,,,expense,0,,account_4370,
4380,Contributions,expense,expense,debit,0,,,expense,0,,account_4380,
4390,Other levies,expense,expense,debit,0,,,expense,0,,account_4390,
4396,Tax-deductible late filing penalties and administrative fines,expense,expense,debit,0,,,expense,0,,account_4396,
4397,Non-tax deductible late filing penalties and administrative fines,expense,expense,debit,0,,,expense,0,,account_4397,
4500,Vehicle expenses,expense,expense,debit,0,,,expense,0,,account_4500,
4510,Motor vehicle tax,expense,expense,debit,0,,,expense,0,,account_4510,
4520,Motor vehicle insurance,expense,expense,debit,0,,,expense,0,,account_4520,
4530,Current motor vehicle operating costs,expense,expense,debit,0,,,expense,0,,account_4530,
4540,Motor vehicle repairs,expense,expense,debit,0,,,expense,0,,account_4540,
4550,Garage rent,expense,expense,debit,0,,,expense,0,,account_4550,
4560,Road tolls,expense,expense,debit,0,,,expense,0,,account_4560,
4570,Operating leases (motor vehicles),expense,expense,debit,0,,,expense,0,,account_4570,
4580,Other motor vehicle expenses,expense,expense,debit,0,,,expense,0,,account_4580,
4590,Motor vehicle expenses for private vehicles used for business purposes,expense,expense,debit,0,,,expense,0,,account_4590,
4595,Third-party vehicle expenses,expense,expense,debit,0,,,expense,0,,account_4595,
4600,Advertising expenses,expense,expense,debit,0,,,expense,0,,account_4600,
4605,Giveaways,expense,expense,debit,0,,,expense,0,,account_4605,
4630,"Gifts, deductible, without s. 37b EStG",expense,expense,debit,0,,,expense,0,,account_4630,
4631,"Non-cash benefits to third parties, deductible, s. 37b EStG",expense,expense,debit,0,,,expense,0,,account_4631,
4632,"Flat-rate taxes on gifts and non-cash benefits, deductible",expense,expense,debit,0,,,expense,0,,account_4632,
4633,Lump sum taxes deductible for gifts and gratuities,expense,expense,debit,0,,,expense,0,,account_4633,
4635,"Gifts, non-deductible, without s. 37b EStG",expense,expense,debit,0,,,expense,0,,account_4635,
4636,"Gifts, non-deductible, with s. 37b EStG",expense,expense,debit,0,,,expense,0,,account_4636,
4637,"Flat-rate taxes on noncash benefits and gifts, non-deductible",expense,expense,debit,0,,,expense,0,,account_4637,
4638,Gifts used exclusively for operating purposes,expense,expense,debit,0,,,expense,0,,account_4638,
4639,"Non-cash benefits, with s. 37b EStG",expense,expense,debit,0,,,expense,0,,account_4639,
4640,Corporate hospitality expenses,expense,expense,debit,0,,,expense,0,,account_4640,
4650,Entertainment expenses,expense,expense,debit,0,,,expense,0,,account_4650,
4651,Other business expenses with limited deductibility (deductible portion),expense,expense,debit,0,,,expense,0,,account_4651,
4652,Other business expenses with limited deductibility (non-deductible portion),expense,expense,debit,0,,,expense,0,,account_4652,
4653,Small gifts,expense,expense,debit,0,,,expense,0,,account_4653,
4654,Non-deductible entertainment expenses,expense,expense,debit,0,,,expense,0,,account_4654,
4655,Non-deductible business expenses from advertising and corporate hospitality expenses,expense,expense,debit,0,,,expense,0,,account_4655,
4660,Employee travel expenses,expense,expense,debit,0,,,expense,0,,account_4660,
4663,"Employee travel expenses, cost of travel",expense,expense,debit,0,,,expense,0,,account_4663,
4664,"Employee travel expenses, additional subsistence costs",expense,expense,debit,0,,,expense,0,,account_4664,
4666,"Employee travel expenses, accommodation costs",expense,expense,debit,0,,,expense,0,,account_4666,
4668,Employee mileage reimbursement,expense,expense,debit,0,,,expense,0,,account_4668,
4670,Business owner travel expenses,expense,expense,debit,0,,,expense,0,,account_4670,
4672,Business owner travel expenses (non-deductible portion),expense,expense,debit,0,,,expense,0,,account_4672,
4673,"Business owner travel expenses, cost of travel",expense,expense,debit,0,,,expense,0,,account_4673,
4674,"Business owner travel expenses, additional subsistence costs",expense,expense,debit,0,,,expense,0,,account_4674,
4676,"Business owner travel expenses, accommodation costs and incidental travel expenses",expense,expense,debit,0,,,expense,0,,account_4676,
4678,Travel between home and workplace and travel to family home (deductible portion),expense,expense,debit,0,,,expense,0,,account_4678,
4679,Travel between home and workplace and travel to family home (non-deductible portion),expense,expense,debit,0,,,expense,0,,account_4679,
4680,Travel between home and workplace and travel to family home (credit balance),expense,expense,debit,0,,,expense,0,,account_4680,
4681,Additional subsistence expenses in connection with maintaining two residences (business owner),expense,expense,debit,0,,,expense,0,,account_4681,
4700,Selling and distribution expenses,expense,expense,debit,0,,,expense,0,,account_4700,
4710,Packaging materials,expense,expense,debit,0,,,expense,0,,account_4710,
4730,Outgoing freight,expense,expense,debit,0,,,expense,0,,account_4730,
4750,Transport insurance,expense,expense,debit,0,,,expense,0,,account_4750,
4760,Selling commissions,expense,expense,debit,0,,,expense,0,,account_4760,
4780,Third-party services (distribution),expense,expense,debit,0,,,expense,0,,account_4780,
4790,Warranty expenses,expense,expense,debit,0,,,expense,0,,account_4790,
4800,Repairs and maintenance of technical equipment and machinery,expense,expense,debit,0,,,expense,0,,account_4800,
4801,Building repairs and maintenance,expense,expense,debit,0,,,expense,0,,account_4801,
4805,"Repairs and maintenance of other equipment, operating and office equipment",expense,expense,debit,0,,,expense,0,,account_4805,
4806,Hardware and software maintenance expenses,expense,expense,debit,0,,,expense,0,,account_4806,
4808,Addition to provision for internal expenses,expense,expense,debit,0,,,expense,0,,account_4808,
4809,Other repairs and maintenance,expense,expense,debit,0,,,expense,0,,account_4809,
4810,Operating leases movable assets for technical equipment and machinery,expense,expense,debit,0,,,expense,0,,account_4810,
4815,Finance leases,expense,expense,debit,0,,,expense,0,,account_4815,
4820,"Depreciation of start-up, expansion",expense,depreciation,debit,0,,,expense_depreciation,0,,account_4820,
4822,Amortisation of intangible fixed assets,expense,depreciation,debit,0,,,expense_depreciation,0,,account_4822,
4823,Amortisation of internally generated intangible fixed assets,expense,depreciation,debit,0,,,expense_depreciation,0,,account_4823,
4824,Goodwill amortisation and write-downs,expense,depreciation,debit,0,,,expense_depreciation,0,,account_4824,
4825,Goodwill write-downs,expense,depreciation,debit,0,,,expense_depreciation,0,,account_4825,
4826,Write-downs of intangible fixed assets,expense,depreciation,debit,0,,,expense_depreciation,0,,account_4826,
4827,Write-downs of internally generated intangible fixed assets,expense,depreciation,debit,0,,,expense_depreciation,0,,account_4827,
4830,Depreciation of tangible fixed assets (excluding depreciation of motor vehicles and buildings),expense,depreciation,debit,0,,,expense_depreciation,0,,account_4830,
4831,Depreciation of buildings,expense,depreciation,debit,0,,,expense_depreciation,0,,account_4831,
4832,Depreciation of motor vehicles,expense,depreciation,debit,0,,,expense_depreciation,0,,account_4832,
4833,Depreciation of share of building attributable to home office,expense,depreciation,debit,0,,,expense_depreciation,0,,account_4833,
4840,Write-downs of tangible fixed assets,expense,depreciation,debit,0,,,expense_depreciation,0,,account_4840,
4841,Write-downs for extraordinary technical and economic wear and tear of buildings,expense,depreciation,debit,0,,,expense_depreciation,0,,account_4841,
4842,Write-downs for extraordinary technical and economic wear and tear of motor vehicles,expense,depreciation,debit,0,,,expense_depreciation,0,,account_4842,
4843,Write-downs for extraordinary technical and economic wear and tear of other assets,expense,depreciation,debit,0,,,expense_depreciation,0,,account_4843,
4850,Write-downs of tangible fixed assets due to special tax rules,expense,depreciation,debit,0,,,expense_depreciation,0,,account_4850,
4851,"Accelerated tax depreciation, s. 7g(5) EStG (excluding motor vehicles)",expense,depreciation,debit,0,,,expense_depreciation,0,,account_4851,
4852,"Accelerated tax depreciation, s. 7g(5) EStG (motor vehicles)",expense,depreciation,debit,0,,,expense_depreciation,0,,account_4852,
4853,Reduction in cost in accordance with section 7g(2) EStG (excl. motor vehicles),expense,depreciation,debit,0,,,expense_depreciation,0,,account_4853,
4854,Reduction in cost in accordance with section 7g(2) EStG (for motor vehicles),expense,depreciation,debit,0,,,expense_depreciation,0,,account_4854,
4855,Immediate write-off of low-value assets,expense,depreciation,debit,0,,,expense_depreciation,0,,account_4855,
4860,Depreciation and amortisation of capitalised low-value assets,expense,depreciation,debit,0,,,expense_depreciation,0,,account_4860,
4862,Write-downs of assets (collective item),expense,depreciation,debit,0,,,expense_depreciation,0,,account_4862,
4865,Write-downs of capitalised low-value assets,expense,depreciation,debit,0,,,expense_depreciation,0,,account_4865,
4866,Write-downs of longterm financial assets (not permanent),expense,depreciation,debit,0,,,expense_depreciation,0,,account_4866,
4870,Write-downs of longterm financial assets (permanent),expense,depreciation,debit,0,,,expense_depreciation,0,,account_4870,
4871,"Write-downs of longterm financial assets, s. 3 no. 40 EStG/ s. 8b(3) KStG (permanent)",expense,depreciation,debit,0,,,expense_depreciation,0,,account_4871,
4872,"Expenses due to share of loss of industrial and independent partnerships, s. 8 GewStG or s. 18 EStG",expense,depreciation,debit,0,,,expense_depreciation,0,,account_4872,
4873,"Write-downs of longterm financial assets due to section 6b EStG reserve, section 3 no. 40 EStG/section 8b(3) KStG",expense,depreciation,debit,0,,,expense_depreciation,0,,account_4873,
4874,Write-downs of longterm financial assets due to section 6b EStG reserve,expense,depreciation,debit,0,,,expense_depreciation,0,,account_4874,
4875,Write-downs of securities classified as current assets,expense,depreciation,debit,0,,,expense_depreciation,0,,account_4875,
4876,"Write-downs of securities classified as current assets, section 3 no. 40 EStG/section 8b(3) KStG",expense,depreciation,debit,0,,,expense_depreciation,0,,account_4876,
4877,Write-downs of longterm financial assets - affiliated companies,expense,depreciation,debit,0,,,expense_depreciation,0,,account_4877,
4878,Write-downs of securities classified as current assets - affiliated companies,expense,depreciation,debit,0,,,expense_depreciation,0,,account_4878,
4880,Write-downs of other current assets (if unusually high),expense,depreciation,debit,0,,,expense_depreciation,0,,account_4880,
4882,Write-downs of current assets due to tax rules (unusually high),expense,expense,debit,0,,,expense,0,,account_4882,
4886,Write-downs of current assets excluding inventories and securities classified as current assets (normal amount),expense,expense,debit,0,,,expense,0,,account_4886,
4887,"Write-downs of current assets due to tax reasons, excluding inventories and securities classified as current assets (normal amount)",expense,expense,debit,0,,,expense,0,,account_4887,
4892,"Write-downs of raw materials, consumables and supplies/merchandise (if unusually high)",expense,depreciation,debit,0,,,expense_depreciation,0,,account_4892,
4893,Write-downs of finished goods and work in progress (if unusually high),expense,depreciation,debit,0,,,expense_depreciation,0,,account_4893,
4900,Other operating expenses,expense,expense,debit,0,,,expense,0,,account_4900,
4902,Interim account for expenses in another country for which input tax reimbursement is possible,expense,expense,debit,0,,,expense,0,,account_4902,
4905,Other regular operating expenses,expense,expense,debit,0,,,expense,0,,account_4905,
4909,Purchased services/third-party services,expense,expense,debit,0,,,expense,0,,account_4909,
4910,Postage,expense,expense,debit,0,,,expense,0,,account_4910,
4920,Telephone,expense,expense,debit,0,,,expense,0,,account_4920,
4925,Fax and Internet expenses,expense,expense,debit,0,,,expense,0,,account_4925,
4930,Office supplies,expense,expense,debit,0,,,expense,0,,account_4930,
4940,"Newspapers, books (specialist literature)",expense,expense,debit,0,,,expense,0,,account_4940,
4945,Training costs,expense,expense,debit,0,,,expense,0,,account_4945,
4946,Voluntary social benefits,expense,expense,debit,0,,,expense,0,,account_4946,
4948,"Remuneration of partners, section 15 EStG (corresponds to special business income)",expense,expense,debit,0,,,expense,0,,account_4948,
4949,"Liability compensation paid to partners, section 15 EStG (corresponds to special business income)",expense,expense,debit,0,,,expense,0,,account_4949,
4950,Legal and consulting expenses,expense,expense,debit,0,,,expense,0,,account_4950,
4955,Bookkeeping expenses,expense,expense,debit,0,,,expense,0,,account_4955,
4957,Period-end closing and audit costs,expense,expense,debit,0,,,expense,0,,account_4957,
4958,Remuneration paid to shareholders for rental or lease of their movable property,expense,expense,debit,0,,,expense,0,,account_4958,
4959,"Remuneration paid to partners for rental or lease of their movable property, section 15 EStG (corresponds to special business income)",expense,expense,debit,0,,,expense,0,,account_4959,
4960,Rent of fixtures and fittings (movable assets),expense,expense,debit,0,,,expense,0,,account_4960,
4961,Leases (movable assets),expense,expense,debit,0,,,expense,0,,account_4961,
4963,Expenses for rented or leased movable assets that must be added back under trade tax law,expense,expense,debit,0,,,expense,0,,account_4963,
4964,"Expenses for temporary transfer of rights (licences, concessions)",expense,expense,debit,0,,,expense,0,,account_4964,
4965,Operating leases movable assets for operating and office equipment,expense,expense,debit,0,,,expense,0,,account_4965,
4969,Environmental remediation and waste disposal expenses,expense,expense,debit,0,,,expense,0,,account_4969,
4970,Incidental monetary transaction costs,expense,expense,debit,0,,,expense,0,,account_4970,
4975,"Expenses from shares in corporations, sections 3 no. 40, 3c EStG/section 8b(1,4) KStG",expense,expense,debit,0,,,expense,0,,account_4975,
4976,"Costs for disposal, section 3 no. 40 EStG / section 8b (2) KStG (in the case of capital gains)",expense,expense,debit,0,,,expense,0,,account_4976,
4980,Operating supplies,expense,expense,debit,0,,,expense,0,,account_4980,
4984,Refunds by co-operatives to members,expense,expense,debit,0,,,expense,0,,account_4984,
4985,Tools and minor equipment,expense,expense,debit,0,,,expense,0,,account_4985,
4990,Imputed business owner’s remuneration,expense,expense,debit,0,,,expense,0,,account_4990,
4991,Imputed rent/leasing expenses,expense,expense,debit,0,,,expense,0,,account_4991,
4992,Imputed interest,expense,expense,debit,0,,,expense,0,,account_4992,
4993,"Imputed depreciation, amortisation and writedowns",expense,expense,debit,0,,,expense,0,,account_4993,
4994,Imputed business risks,expense,expense,debit,0,,,expense,0,,account_4994,
4995,Imputed wages for noncompensated employees,expense,expense,debit,0,,,expense,0,,account_4995,
4996,Cost of sales,expense,expense,debit,0,,,expense,0,,account_4996,
4997,Administrative expenses,expense,expense,debit,0,,,expense,0,,account_4997,
4998,Selling expenses,expense,expense,debit,0,,,expense,0,,account_4998,
4999,Contra account 4996-4998,expense,expense,debit,0,,,expense,0,,account_4999,
7000,Work in progress (inventories),asset,current_asset,debit,0,,,asset_current,0,,account_7000,
7050,Unfinished goods,asset,current_asset,debit,0,,,asset_current,0,,account_7050,
7080,Services in progress,asset,current_asset,debit,0,,,asset_current,0,,account_7080,
7090,Construction contracts in progress,asset,current_asset,debit,0,,,asset_current,0,,account_7090,
7095,Orders in progress,asset,current_asset,debit,0,,,asset_current,0,,account_7095,
7100,Finished goods and merchandise (inventories),asset,current_asset,debit,0,,,asset_current,0,,account_7100,
7110,Finished goods (inventories),asset,current_asset,debit,0,,,asset_current,0,,account_7110,
7140,Merchandise (inventories),asset,current_asset,debit,0,,,asset_current,0,,account_7140,
7200,Goods (inventory),asset,current_asset,debit,0,,,asset_current,0,,account_7200,
8100,"Tax-exempt sales, section 4 no. 8 ff. UStG",income,income,credit,0,,,income,0,,account_8100,
8105,Tax-exempt sales under section 4 no. 12 UStG (rental and leasing),income,income,credit,0,,,income,0,,account_8105,
8110,"Other tax-exempt sales, domestic",income,income,credit,0,,,income,0,,account_8110,
8120,"Tax-exempt sales, section 4 no. 1a UStG",income,income,credit,0,,,income,0,,account_8120,
8125,"Tax-exempt intra-European Union deliveries, section 4 no. 1b UStG",income,income,credit,0,,,income,0,,account_8125,
8130,"Deliveries by first purchaser in triangular transactions (EU), section 25 b(2) UStG",income,income,credit,0,,,income,0,,account_8130,
8135,Tax-exempt intra-European Union deliveries of new vehicles to purchasers without VAT identification number,income,income,credit,0,,,income,0,,account_8135,
8140,"Tax-exempt offshore sales, etc",income,income,credit,0,,,income,0,,account_8140,
8150,Other tax-exempt sales (e.g. section 4 nos. 2-7 UStG),income,income,credit,0,,,income,0,,account_8150,
8160,"Tax-exempt sales without input tax deduction, part of total sales, section 4 UStG",income,income,credit,0,,,income,0,,account_8160,
8165,"Tax-exempt sales without input tax deduction, part of total sales",income,income,credit,0,,,income,0,,account_8165,
8190,Revenue taxed at average rates under section 24 UStG,income,income,credit,0,,,income,0,,account_8190,
8191,"Revenue, ss. 25 and 25a UStG, 19 % VAT",income,income,credit,0,,,income,0,,account_8191,
8193,"Revenue, ss. 25 and 25a UStG, no VAT",income,income,credit,0,,,income,0,,account_8193,
8194,"Revenue from travel services, s. 25(2) UStG, tax-exempt",income,income,credit,0,,,income,0,,account_8194,
8195,Revenue of VAT-exempt small business as defined by section 19 (1) UStG,income,income,credit,0,,,income,0,,account_8195,
8196,"Revenue from gaming machines, 19 % VAT",income,income,credit,0,,,income,0,,account_8196,
8200,Revenue,income,income,credit,0,,,income,0,,account_8200,
8300,"Revenue, 7 % VAT",income,income,credit,0,,,income,0,,account_8300,
8310,"Revenue from intra-European Union supplies of goods and services subject to domestic taxation, 7 % VAT",income,income,credit,0,,,income,0,,account_8310,
8315,"Revenue from intra-European Union supplies of goods and services subject to domestic taxation, 19 % VAT",income,income,credit,0,,,income,0,,account_8315,
8320,"Revenue from services taxable in another EU country, not subject to domestic taxation",income,income,credit,0,,,income,0,,account_8320,
8331,Revenue from taxable electronic services in another EU country,income,income,credit,0,,,income,0,,account_8331,
8335,"Revenue from supplies of mobile telephony devices, tablet computers, game consoles and integrated circuits for which the recipient bears VAT under s. 13b UStG",income,income,credit,0,,,income,0,,account_8335,
8336,"Revenue from other services taxable in another EU country, for which the recipient bears tax liability",income,income,credit,0,,,income,0,,account_8336,
8337,Revenue from services for which the recipient bears the tax liability under section 13b UStG,income,income,credit,0,,,income,0,,account_8337,
8338,"Revenue from services taxable in a third country, not subject to domestic taxation",income,income,credit,0,,,income,0,,account_8338,
8339,"Revenue from services taxable in another EU country, not subject to domestic taxation",income,income,credit,0,,,income,0,,account_8339,
8400,"Revenue, 19 % VAT",income,income,credit,0,income,,income,0,,account_8400,default_for_income
8410,"Revenue, 19 % VAT",income,income,credit,0,,,income,0,,account_8410,
8499,Incidental income (related to purchases),income,income,credit,0,,,income,0,,account_8499,
8500,"Special business income, remuneration for work performed",income,income,credit,0,,,income,0,,account_8500,
8501,"Special business income, rental/lease income",income,income,credit,0,,,income,0,,account_8501,
8502,"Special business income, interest income",income,income,credit,0,,,income,0,,account_8502,
8503,"Special business income, liability compensation",income,income,credit,0,,,income,0,,account_8503,
8504,"Special business income, pension payments",income,income,credit,0,,,income,0,,account_8504,
8505,"Special business income, other special business income",income,income,credit,0,,,income,0,,account_8505,
8510,Commission revenue,income,income,credit,0,,,income,0,,account_8510,
8514,"Tax-exempt commission revenue, section 4 no. 8 ff. UStG",income,income,credit,0,,,income,0,,account_8514,
8515,"Tax-exempt commission revenue, section 4 no. 5 UStG",income,income,credit,0,,,income,0,,account_8515,
8516,"Commission revenue, 7 % VAT",income,income,credit,0,,,income,0,,account_8516,
8519,"Commission revenue, 19 % VAT",income,income,credit,0,,,income,0,,account_8519,
8520,Revenue from waste recycling,income,income,credit,0,,,income,0,,account_8520,
8540,Revenue from empties,income,income,credit,0,,,income,0,,account_8540,
8570,"Other income from commissions, licences and patents",income,income,credit,0,,,income,0,,account_8570,
8574,"Other income from commissions, licences and patents, tax-exempt, s. 4(8) ff. UStG",income,income,credit,0,,,income,0,,account_8574,
8575,"Other income from commissions, licences and patents, tax-exempt, s. 4(5) UStG",income,income,credit,0,,,income,0,,account_8575,
8576,"Other income from commissions, licences and patents, 7 % VAT",income,income,credit,0,,,income,0,,account_8576,
8579,"Other income from commissions, licences and patents, 19 % VAT",income,income,credit,0,,,income,0,,account_8579,
8589,Contra account 8580- 8582 if revenue is classified by tax rates (cash basis accounting),income,income,credit,0,,,income,0,,account_8589,
8590,Allocated other noncash benefits (excluding goods),income,income,credit,0,,,income,0,,account_8590,
8591,"Non-cash benefits, 7 % VAT (goods)",income,income,credit,0,,,income,0,,account_8591,
8595,"Non-cash benefits, 19 % VAT (goods)",income,income,credit,0,,,income,0,,account_8595,
8600,Other regular operating revenue,income,income,credit,0,,,income,0,,account_8600,
8603,Other operating income,income,income,credit,0,,,income,0,,account_8603,
8604,"Reimbursed input tax, other countries",income,income,credit,0,,,income,0,,account_8604,
8605,Other regular operating income,income,income,credit,0,,,income,0,,account_8605,
8606,Other operating income from affiliated companies,income,income,credit,0,,,income,0,,account_8606,
8607,Other incidental income,income,income,credit,0,,,income,0,,account_8607,
8609,"Other regular operating income tax-exempt, section 4 no. 8 ff UStG",income,income,credit,0,,,income,0,,account_8609,
8610,Allocated other noncash benefits,income,income,credit,0,,,income,0,,account_8610,
8611,"Allocated other noncash benefits from provision of car, 19 % VAT",income,income,credit,0,,,income,0,,account_8611,
8613,"Allocated other noncash benefits, 19 % VAT",income,income,credit,0,,,income,0,,account_8613,
8614,"Allocated other noncash benefits, no VAT",income,income,credit,0,,,income,0,,account_8614,
8625,"Other regular operating income tax-exempt, e.g. section 4 nos. 2-7 UStG",income,income,credit,0,,,income,0,,account_8625,
8630,"Other regular operating income, 7 % VAT",income,income,credit,0,,,income,0,,account_8630,
8640,"Other regular operating income, 19 % VAT",income,income,credit,0,,,income,0,,account_8640,
8650,Revenue from interest and discount charges,income,other_income,credit,0,,,income_other,0,,account_8650,
8660,Revenue from interest and discount charges from affiliated companies,income,other_income,credit,0,,,income_other,0,,account_8660,
8700,Sales allowances,income,income,credit,0,,,income,0,,account_8700,
8701,Sales allowances on taxexempt sales under section 4 no. 8 ff. UStG,income,income,credit,0,,,income,0,,account_8701,
8702,Sales allowances on taxexempt sales under section 4 no. 2-7 UStG,income,income,credit,0,,,income,0,,account_8702,
8703,Sales allowances on other tax-exempt sales without input tax deduction,income,income,credit,0,,,income,0,,account_8703,
8704,Sales allowances on other tax-exempt sales with input tax deduction,income,income,credit,0,,,income,0,,account_8704,
8705,Sales allowances on taxexempt sales under section 4 no. 1a UStG,income,income,credit,0,,,income,0,,account_8705,
8710,"Sales allowances, 7 % VAT",income,income,credit,0,,,income,0,,account_8710,
8720,"Sales allowances, 19 % VAT",income,income,credit,0,,,income,0,,account_8720,
8724,Sales allowances on taxexempt intra-European Union deliveries,income,income,credit,0,,,income,0,,account_8724,
8725,"Sales allowances on intra-European Union supplies of goods and services subject to domestic taxation, 7 % VAT",income,income,credit,0,,,income,0,,account_8725,
8726,"Sales allowances on intra-European Union supplies of goods and services subject to domestic taxation, 19 % VAT",income,income,credit,0,,,income,0,,account_8726,
8727,Sales allowances on supplies of goods and services taxable in another EU country,income,income,credit,0,,,income,0,,account_8727,
8730,Cash discounts granted,income,income,credit,0,,,income,0,,account_8730,
8731,"Cash discounts granted, 7 % VAT",income,income,credit,0,,,income,0,,account_8731,
8736,"Cash discounts granted, 19 % VAT",income,income,credit,0,,,income,0,,account_8736,
8738,"Cash discounts granted for supplies of cell phones, etc. for which the recipient of goods/services is liable for VAT pursuant to section 13b(2) (10) UStG",income,income,credit,0,,,income,0,,account_8738,
8741,Cash discounts granted for goods and services for which the recipient bears the tax liability under section 13b UStG,income,income,credit,0,,,income,0,,account_8741,
8742,"Cash discounts granted on revenue from other services taxable in another EU country, for which the recipient bears tax liability",income,income,credit,0,,,income,0,,account_8742,
8743,"Sales discounts granted on tax-exempt intra-European Union deliveries, section 4 no. 1b UStG",income,income,credit,0,,,income,0,,account_8743,
8745,Cash discounts granted on intra-European Union supplies of goods and services subject to domestic taxation,income,income,credit,0,,,income,0,,account_8745,
8746,"Cash discounts granted on intra-European Union supplies of goods and services subject to domestic taxation, 7 % VAT",income,income,credit,0,,,income,0,,account_8746,
8748,"Cash discounts granted on intra-European Union supplies of goods and services subject to domestic taxation, 19 % VAT",income,income,credit,0,,,income,0,,account_8748,
8750,"Volume discounts granted, 7 % VAT",income,income,credit,0,,,income,0,,account_8750,
8760,"Volume discounts granted, 19 % VAT",income,income,credit,0,,,income,0,,account_8760,
8769,Volume discounts granted,income,income,credit,0,,,income,0,,account_8769,
8770,Rebates granted,income,income,credit,0,,,income,0,,account_8770,
8780,"Rebates granted, 7 % VAT",income,income,credit,0,,,income,0,,account_8780,
8790,"Rebates granted, 19 % VAT",income,income,credit,0,,,income,0,,account_8790,
8800,Revenue from sales of tangible fixed assets (book loss),income,other_income,credit,0,,,income_other,0,,account_8800,
8801,"Revenue from sales of tangible fixed assets, 19 % VAT (book loss)",income,other_income,credit,0,,,income_other,0,,account_8801,
8807,"Revenue from sales of tangible fixed assets, tax-exempt, section 4 no. 1a UStG (book loss)",income,other_income,credit,0,,,income_other,0,,account_8807,
8808,"Revenue from sales of tangible fixed assets, tax-exempt, section 4 no. 1b UStG (book loss)",income,other_income,credit,0,,,income_other,0,,account_8808,
8817,Revenue from sales of intangible fixed assets (book loss),income,other_income,credit,0,,,income_other,0,,account_8817,
8818,Revenue from sales of long-term financial assets (book loss),income,other_income,credit,0,,,income_other,0,,account_8818,
8819,"Revenue from sales of long-term financial assets, section 3 no. 40 EStG/section 8b(3) KStG (book loss)",income,other_income,credit,0,,,income_other,0,,account_8819,
8820,"Revenue from sales of tangible fixed assets, 19 % VAT (book gain)",income,other_income,credit,0,,,income_other,0,,account_8820,
8827,"Revenue from sales of tangible fixed assets, tax-exempt, section 4 no. 1a UStG (book gain)",income,other_income,credit,0,,,income_other,0,,account_8827,
8828,"Revenue from sales of tangible fixed assets, tax-exempt, section 4 no. 1b UStG (book gain)",income,other_income,credit,0,,,income_other,0,,account_8828,
8829,Revenue from sales of tangible fixed assets (book gain),income,other_income,credit,0,,,income_other,0,,account_8829,
8837,Revenue from sales of intangible fixed assets (book gain),income,other_income,credit,0,,,income_other,0,,account_8837,
8838,Revenue from sales of long-term financial assets (book gain),income,other_income,credit,0,,,income_other,0,,account_8838,
8839,"Revenue from sales of long-term financial assets, section 3 no. 40 EStG/section 8b(2) KStG (book gain)",income,other_income,credit,0,,,income_other,0,,account_8839,
8850,"Revenue from sales of current assets, 19 % VAT, section 4(3) sentence 4 EStG",income,other_income,credit,0,,,income_other,0,,account_8850,
8851,"Revenue from sales of current assets, VAT-exempt, section 4 no. 8 ff UStG in conjunction with section 4(3) sentence 4 EStG",income,other_income,credit,0,,,income_other,0,,account_8851,
8852,"Revenue from sales of current assets, VAT-exempt, section 4 no. 8 ff UStG in conjunction with section 4(3) sentence 4 EStG, section 3 no. 40 EStG/section 8b(2) KStG",income,other_income,credit,0,,,income_other,0,,account_8852,
8853,Revenue from sales of current assets under section 4(3) sentence 4 EStG,income,other_income,credit,0,,,income_other,0,,account_8853,
8900,Non-cash withdrawals,income,other_income,credit,0,,,income_other,0,,account_8900,
8905,"Withdrawal of items, no VAT",income,other_income,credit,0,,,income_other,0,,account_8905,
8906,"Use of items for nonbusiness purposes, no VAT",income,other_income,credit,0,,,income_other,0,,account_8906,
8910,"Withdrawal by business owner for non-business purposes (goods), 19 % VAT",income,other_income,credit,0,,,income_other,0,,account_8910,
8915,"Withdrawal by business owner for non-business purposes (goods), 7 % VAT",income,other_income,credit,0,,,income_other,0,,account_8915,
8918,"Use of items for nonbusiness purposes, no VAT (use of telephone)",income,other_income,credit,0,,,income_other,0,,account_8918,
8919,"Withdrawal by business owner for non-business purposes (goods), no VAT",income,other_income,credit,0,,,income_other,0,,account_8919,
8920,"Use of items for nonbusiness purposes, 19 % VAT",income,other_income,credit,0,,,income_other,0,,account_8920,
8921,"Use of items for nonbusiness purposes, 19 % VAT (use of vehicles)",income,other_income,credit,0,,,income_other,0,,account_8921,
8922,"Use of items for nonbusiness purposes, 19 % VAT (use of telephone)",income,other_income,credit,0,,,income_other,0,,account_8922,
8924,"Use of items for nonbusiness purposes, no VAT (use of vehicles)",income,other_income,credit,0,,,income_other,0,,account_8924,
8925,"Non-cash other services, 19 % VAT",income,other_income,credit,0,,,income_other,0,,account_8925,
8929,"Non-cash other services, no VAT",income,other_income,credit,0,,,income_other,0,,account_8929,
8930,"Use of items for nonbusiness purposes, 7 % VAT",income,other_income,credit,0,,,income_other,0,,account_8930,
8932,"Non-cash other services, 7 % VAT",income,other_income,credit,0,,,income_other,0,,account_8932,
8935,"Non-cash benefits, 19 % VAT",income,other_income,credit,0,,,income_other,0,,account_8935,
8939,"Non-cash benefits, no VAT",income,other_income,credit,0,,,income_other,0,,account_8939,
8940,"Non-cash benefits (goods), 19 % VAT",income,other_income,credit,0,,,income_other,0,,account_8940,
8945,"Non-cash benefits (goods), 7 % VAT",income,other_income,credit,0,,,income_other,0,,account_8945,
8949,"Non-cash benefits (goods), no VAT",income,other_income,credit,0,,,income_other,0,,account_8949,
8950,Untaxed sales (internal sales),income,other_income,credit,0,,,income_other,0,,account_8950,
8955,"VAT reimbursements, e.g. under s. 24 UStG",income,other_income,credit,0,,,income_other,0,,account_8955,
8959,Taxes directly related to sales,income,other_income,credit,0,,,income_other,0,,account_8959,
8960,Inventory changes - unfinished goods,income,other_income,credit,0,,,income_other,0,,account_8960,
8970,Inventory changes - services in progress,income,other_income,credit,0,,,income_other,0,,account_8970,
8975,Inventory changes - construction contracts in progress,income,other_income,credit,0,,,income_other,0,,account_8975,
8977,Inventory changes - orders in progress,income,other_income,credit,0,,,income_other,0,,account_8977,
8980,Inventory changes - finished goods,income,other_income,credit,0,,,income_other,0,,account_8980,
8990,Other own work capitalised,income,other_income,credit,0,,,income_other,0,,account_8990,
8994,Other own work capitalised (borrowing costs attributable to cost of sales),income,other_income,credit,0,,,income_other,0,,account_8994,
8995,Own work capitalised to produce internally generated intangible fixed assets,income,other_income,credit,0,,,income_other,0,,account_8995,
9000,Balances brought forward,income,other_income,credit,0,,,income_other,0,,account_9000,
9001,Balances brought forward,income,other_income,credit,0,,,income_other,0,,account_9001,
9008,"Balances brought forward, receivables",income,other_income,credit,0,,,income_other,0,,account_9008,
9009,"Balances brought forward, payables",income,other_income,credit,0,,,income_other,0,,account_9009,
9089,"Open items, 2019",income,other_income,credit,0,,,income_other,0,,account_9089,
9090,Aggregate carryforwards account,income,other_income,credit,0,,,income_other,0,,account_9090,
