code,name,root_type,subtype,normal_balance,is_group,role_hint,parent_path,source_type,reconcile,description,source_id,flags
100,Cooperative social capital: mandatory contributions,liability,non_current_liability,credit,0,,Basic financing / Capital / Share capital,liability_non_current,0,,account_common_mainland_100,
1001,Cooperative social capital: voluntary contributions,liability,non_current_liability,credit,0,,Basic financing / Capital / Share capital,liability_non_current,0,,account_coop_1001,
10020,Collaborating partners,liability,non_current_liability,credit,0,,Basic financing / Capital / Share capital / Cooperative social capital: collaborating partners and associates or members,liability_non_current,0,,account_coop_10020,
10021,Associates or members,liability,non_current_liability,credit,0,,Basic financing / Capital / Share capital,liability_non_current,0,,account_coop_10021,
101,Assigned capital,equity,equity,credit,0,,Basic financing / Capital / Assigned capital,equity,0,,account_common_101,
102,Capital,equity,equity,credit,0,,Basic financing / Capital / Capital,equity,0,,account_common_102,
1030,"Partners for uncalled capital, social capital",liability,non_current_liability,credit,0,,Basic financing / Capital / Uncalled capital / Uncalled capital,liability_non_current,0,,account_common_mainland_1030,
1034,"Partners for uncalled capital, capital pending registration",liability,non_current_liability,credit,0,,Basic financing / Capital / Uncalled capital / Uncalled capital pending registration,liability_non_current,0,,account_common_mainland_1034,
1040,"Partners for uncalled non-monetary contributions, social capital",liability,non_current_liability,credit,0,,"Basic financing / Capital / Uncalled non-monetary contributions / Uncalled non-monetary contributions, capital",liability_non_current,0,,account_common_mainland_1040,
1044,"Partners for uncalled non-monetary contributions, capital pending registration",liability,non_current_liability,credit,0,,"Basic financing / Capital / Uncalled non-monetary contributions / Uncalled non-monetary contributions, capital pending registration",liability_non_current,0,,account_common_mainland_1044,
1070,Equity fund maturing in liquidation,liability,non_current_liability,credit,0,,Basic financing / Capital / Equity fund and other subordinated funds maturing in liquidation,liability_non_current,0,,account_coop_1070,
1071,Other subordinated funds maturing in liquidation,liability,non_current_liability,credit,0,,Basic financing / Capital / Equity fund and other subordinated funds maturing in liquidation,liability_non_current,0,,account_coop_1071,
108,Own shares or equity holdings in special situations,equity,equity,credit,0,,Basic financing / Capital / Own shares or equity holdings in special situations,equity,0,,account_common_108,
109,Own shares or equity holdings for reduction of capital,equity,equity,credit,0,,Basic financing / Capital / Own shares or equity holdings for reduction of capital,equity,0,,account_common_109,
110,Share premium or additional paid-in capital,equity,equity,credit,0,,Basic financing / Reserves and other equity instruments / Share premium or additional paid-in capital,equity,0,,account_common_110,
112,Legal reserve,equity,equity,credit,0,,Basic financing / Reserves and other equity instruments / Legal reserve,equity,0,,account_common_mainland_112,
113,Voluntary reserves,equity,equity,credit,0,,Basic financing / Reserves and other equity instruments / Voluntary reserves,equity,0,,account_common_mainland_113,
1140,Reserves for parent company shares or equity holdings,equity,equity,credit,0,,Basic financing / Reserves and other equity instruments / Special reserves / Reserves for parent company shares or equity holdings,equity,0,,account_common_1140,
1141,Statutory reserves,equity,equity,credit,0,,Basic financing / Reserves and other equity instruments / Special reserves / Statutory reserves,equity,0,,account_common_1141,
1142,Redeemed capital reserve,equity,equity,credit,0,,Basic financing / Reserves and other equity instruments / Special reserves / Redeemed capital reserve,equity,0,,account_common_1142,
1144,Reserves for own shares accepted as collateral,equity,equity,credit,0,,Basic financing / Reserves and other equity instruments / Special reserves / Reserves for own shares accepted as collateral,equity,0,,account_common_1144,
11450,Benefit incorporation fund,liability,non_current_liability,credit,0,,Basic financing / Reserves and other equity instruments / Special reserves / Reimbursement or Restatement Fund,liability_non_current,0,,account_coop_11450,
11451,Asset revaluation fund,liability,non_current_liability,credit,0,,Basic financing / Reserves and other equity instruments / Special reserves / Reimbursement or Restatement Fund,liability_non_current,0,,account_coop_11451,
115,Reserves for actuarial gains and losses and other adjustments,equity,equity,credit,0,,Basic financing / Reserves and other equity instruments / Reserves for actuarial gains and losses and other adjustments,equity,0,,account_common_115,
118,Contributions from equity holders or owners,equity,equity,credit,0,,Basic financing / Reserves and other equity instruments / Contributions from equity holders or owners,equity,0,,account_common_118,
1181,Member contributions to cooperatives,liability,non_current_liability,credit,0,,Basic financing / Reserves and other equity instruments / Contributions from equity holders or owners,liability_non_current,0,,account_coop_1181,
119,Differences on translation of capital to euros,equity,equity,credit,0,,Basic financing / Reserves and other equity instruments / Differences on translation of capital to euros,equity,0,,account_common_119,
120,Retained earnings,liability,non_current_liability,credit,0,,Basic financing / Profit/loss pending distribution or application / Retained earnings,liability_non_current,0,,account_common_mainland_120,
121,Prior periods' losses,liability,non_current_liability,credit,0,,Basic financing / Profit/loss pending distribution or application / Prior periods' losses,liability_non_current,0,,account_common_mainland_121,
129,Profit/loss for the period,equity,retained_earnings,credit,0,,Basic financing / Profit/loss pending distribution or application / Profit/loss for the period,equity_unaffected,0,,account_common_mainland_129,
130,Government capital grants,liability,non_current_liability,credit,0,,"Basic financing / Grants, donations and valuation adjustments / Government capital grants",liability_non_current,0,,account_common_mainland_130,
131,Capital donations and bequests,equity,equity,credit,0,,"Basic financing / Grants, donations and valuation adjustments / Capital donations and bequests",equity,0,,account_common_131,
132,"Other grants, donations and bequests",liability,non_current_liability,credit,0,,"Basic financing / Grants, donations and valuation adjustments / Other grants, donations and bequests",liability_non_current,0,,account_common_mainland_132,
1370,Deferred tax income on permanent differences,equity,equity,credit,0,,"Basic financing / Grants, donations and valuation adjustments / Deferred tax income / Deferred tax income on permanent differences",equity,0,,account_common_1370,
1371,Deferred tax income for tax deductions and tax credits,equity,equity,credit,0,,"Basic financing / Grants, donations and valuation adjustments / Deferred tax income / Deferred tax income for tax deductions and tax credits",equity,0,,account_common_1371,
141,Provisions for taxes,liability,non_current_liability,credit,0,,Basic financing / Provisions / Provisions for taxes,liability_non_current,1,,account_common_141,
142,Provisions for other liabilities,liability,non_current_liability,credit,0,,Basic financing / Provisions / Provisions for other liabilities,liability_non_current,1,,account_common_142,
143,"Provision for dismantlement, removal or restoration of fixed assets",liability,non_current_liability,credit,0,,"Basic financing / Provisions / Provisions for dismantlement, removal or restoration of fixed assets",liability_non_current,1,,account_common_143,
145,Provision for environmental actions,liability,non_current_liability,credit,0,,Basic financing / Provisions / Provisions for environmental actions,liability_non_current,1,,account_common_145,
148,"Non-current Education, Training and Promotion Fund",liability,non_current_liability,credit,0,,"Basic financing / Provisions / Non-current Education, Training and Promotion Fund",liability_non_current,0,,account_coop_148,
150,"Non-current liability-classified cooperative social capital, mandatory contributions",liability,non_current_liability,credit,0,,Basic financing / Non-current payables of a special nature / Non-current liability-classified shares or equity holdings,liability_non_current,0,,account_common_mainland_150,
1501,"Non-current liability-classified cooperative social capital, voluntary contributions",liability,non_current_liability,credit,0,,Basic financing / Non-current payables of a special nature / Non-current liability-classified shares or equity holdings,liability_non_current,0,,account_coop_1501,
15020,Collaborating partners,liability,non_current_liability,credit,0,,Basic financing / Non-current payables of a special nature / Non-current liability-classified shares or equity holdings / Non-current liability-classified cooperative social capital: collaborating partners and associates or members,liability_non_current,0,,account_coop_15020,
15021,Associates or members,liability,non_current_liability,credit,0,,Basic financing / Non-current payables of a special nature / Non-current liability-classified shares or equity holdings / Non-current liability-classified cooperative social capital: collaborating partners and associates or members,liability_non_current,0,,account_coop_15021,
1530,Liability-classified uncalled capital for cooperative social capital,liability,non_current_liability,credit,0,,Basic financing / Non-current payables of a special nature / Liability-classified uncalled share capital or equity holdings / Liability-classified uncalled capital for cooperative social capital,liability_non_current,0,,account_coop_1530,
1533,"Uncalled share capital or equity holdings, group companies",liability,non_current_liability,credit,0,,"Basic financing / Non-current payables of a special nature / Liability-classified uncalled share capital or equity holdings / Uncalled share capital or equity holdings, group companies",liability_non_current,0,,account_common_1533,
1534,"Uncalled share capital or equity holdings, associates",liability,non_current_liability,credit,0,,"Basic financing / Non-current payables of a special nature / Liability-classified uncalled share capital or equity holdings / Uncalled share capital or equity holdings, associates",liability_non_current,0,,account_common_1534,
1535,"Uncalled share capital or equity holdings, other related parties",liability,non_current_liability,credit,0,,"Basic financing / Non-current payables of a special nature / Liability-classified uncalled share capital or equity holdings / Uncalled share capital or equity holdings, other related parties",liability_non_current,0,,account_common_1535,
1536,Other uncalled share capital or equity holdings,liability,non_current_liability,credit,0,,Basic financing / Non-current payables of a special nature / Liability-classified uncalled share capital or equity holdings / Other uncalled share capital or equity holdings,liability_non_current,0,,account_common_1536,
1543,"Uncalled non-monetary contributions, group companies",liability,non_current_liability,credit,0,,"Basic financing / Non-current payables of a special nature / Liability-classified uncalled non-monetary contributions of shares or equity holdings / Uncalled non-monetary contributions, group companies",liability_non_current,0,,account_common_1543,
1544,"Uncalled non-monetary contributions, associates",liability,non_current_liability,credit,0,,"Basic financing / Non-current payables of a special nature / Liability-classified uncalled non-monetary contributions of shares or equity holdings / Uncalled non-monetary contributions, associates",liability_non_current,0,,account_common_1544,
1545,"Uncalled non-monetary contributions, other related parties",liability,non_current_liability,credit,0,,"Basic financing / Non-current payables of a special nature / Liability-classified uncalled non-monetary contributions of shares or equity holdings / Uncalled non-monetary contributions, other related parties",liability_non_current,0,,account_common_1545,
1546,Other uncalled non-monetary contributions,liability,non_current_liability,credit,0,,Basic financing / Non-current payables of a special nature / Liability-classified uncalled non-monetary contributions of shares or equity holdings / Other uncalled non-monetary contributions,liability_non_current,0,,account_common_1546,
1603,"Non-current debt with financial institutions, group companies",liability,non_current_liability,credit,0,,"Basic financing / Non-current payables to related parties / Non-current debt with related financial institutions / Non-current debt with financial institutions, group companies",liability_non_current,0,,account_common_1603,
1604,"Non-current debt with financial institutions, associates",liability,non_current_liability,credit,0,,"Basic financing / Non-current payables to related parties / Non-current debt with related financial institutions / Non-current debt with financial institutions, associates",liability_non_current,0,,account_common_1604,
1605,Non-current debt with other related financial institutions,liability,non_current_liability,credit,0,,Basic financing / Non-current payables to related parties / Non-current debt with related financial institutions / Non-current debt with other related financial institutions,liability_non_current,0,,account_common_1605,
1613,"Non-current payables to suppliers of fixed assets, group companies",liability,non_current_liability,credit,0,,"Basic financing / Non-current payables to related parties / Non-current payables to suppliers of fixed assets, related parties / Non-current payables to suppliers of fixed assets, group companies",liability_non_current,0,,account_common_1613,
1614,"Non-current payables to suppliers of fixed assets, associates",liability,non_current_liability,credit,0,,"Basic financing / Non-current payables to related parties / Non-current payables to suppliers of fixed assets, related parties / Non-current payables to suppliers of fixed assets, associates",liability_non_current,0,,account_common_1614,
1615,"Non-current payables to suppliers of fixed assets, other related parties",liability,non_current_liability,credit,0,,"Basic financing / Non-current payables to related parties / Non-current payables to suppliers of fixed assets, related parties / Non-current payables to suppliers of fixed assets, other related parties",liability_non_current,0,,account_common_1615,
1623,"Non-current finance lease payables, group companies",liability,non_current_liability,credit,0,,"Basic financing / Non-current payables to related parties / Non-current finance lease payables, related parties / Non-current finance lease payables, group companies",liability_non_current,0,,account_common_1623,
1624,"Non-current finance lease payables, associates",liability,non_current_liability,credit,0,,"Basic financing / Non-current payables to related parties / Non-current finance lease payables, related parties / Non-current finance lease payables, associates",liability_non_current,0,,account_common_1624,
1625,"Non-current finance lease payables, other related parties",liability,non_current_liability,credit,0,,"Basic financing / Non-current payables to related parties / Non-current finance lease payables, related parties / Non-current finance lease payables, other related parties",liability_non_current,0,,account_common_1625,
1633,"Other non-current payables, group companies",liability,non_current_liability,credit,0,,"Basic financing / Non-current payables to related parties / Other non-current payables to related parties / Other non-current payables, group companies",liability_non_current,0,,account_common_1633,
1634,"Other non-current payables, associates",liability,non_current_liability,credit,0,,"Basic financing / Non-current payables to related parties / Other non-current payables to related parties / Other non-current payables, associates",liability_non_current,0,,account_common_1634,
1635,"Other non-current payables, other related parties",liability,non_current_liability,credit,0,,"Basic financing / Non-current payables to related parties / Other non-current payables to related parties / Other non-current payables, other related parties",liability_non_current,0,,account_common_1635,
170,Non-current debt with financial institutions,liability,non_current_liability,credit,0,,"Basic financing / Non-current payables for loeans, debentures and other / Non-current debt with financial institutions",liability_non_current,0,,account_common_170,
171,Non-current debt for reimbursement of contributions to partners,liability,non_current_liability,credit,0,,"Basic financing / Non-current payables for loeans, debentures and other / Non-current payables",liability_non_current,0,,account_common_mainland_171,
1712,Non-current creditors for reimbursement or restatement fund,liability,non_current_liability,credit,0,,"Basic financing / Non-current payables for loeans, debentures and other / Non-current payables",liability_non_current,0,,account_coop_1712,
1713,Non-current creditors for voluntary reserve fund,liability,non_current_liability,credit,0,,"Basic financing / Non-current payables for loeans, debentures and other / Non-current payables",liability_non_current,0,,account_coop_1713,
1714,Non-current creditors for capitalized funds,liability,non_current_liability,credit,0,,"Basic financing / Non-current payables for loeans, debentures and other / Non-current payables",liability_non_current,0,,account_coop_1714,
1715,Non-current cooperative return and discretionary remuneration payable,liability,non_current_liability,credit,0,,"Basic financing / Non-current payables for loeans, debentures and other / Non-current payables",liability_non_current,0,,account_coop_1715,
172,"Non-current payables convertible into grants, donations and bequests",liability,non_current_liability,credit,0,,"Basic financing / Non-current payables for loeans, debentures and other / Non-current payables convertible into grants, donations and bequests",liability_non_current,0,,account_common_172,
173,Non-current payables to suppliers of fixed assets,liability,non_current_liability,credit,0,,"Basic financing / Non-current payables for loeans, debentures and other / Non-current payables to suppliers of fixed assets",liability_non_current,0,,account_common_173,
174,Non-current finance lease payables,liability,non_current_liability,credit,0,,"Basic financing / Non-current payables for loeans, debentures and other / Non-current finance lease payables",liability_non_current,0,,account_common_174,
175,Non-current bills payable,liability,non_current_liability,credit,0,,"Basic financing / Non-current payables for loeans, debentures and other / Non-current bills payable",liability_non_current,0,,account_common_175,
176,Non-current liabilities arising from derivative financial instruments,liability,non_current_liability,credit,0,,"Basic financing / Non-current payables for loeans, debentures and other / Non-current liabilities arising from derivative financial instruments",liability_non_current,0,,account_common_176,
177,Bonds and obligations,liability,non_current_liability,credit,0,,"Basic financing / Non-current payables for loeans, debentures and other / Bonds and obligations",liability_non_current,0,,account_common_177,
178,Convertible bonds and obligations,liability,non_current_liability,credit,0,,"Basic financing / Non-current payables for loeans, debentures and other / Convertible bonds and obligations",liability_non_current,0,,account_common_178,
179,Other marketable securities,liability,non_current_liability,credit,0,,"Basic financing / Non-current payables for loeans, debentures and other / Other marketable securities",liability_non_current,0,,account_common_179,
180,Non-current guarantees received,liability,non_current_liability,credit,0,,"Basic financing / Non-current guarantees, deposits and other liabilities / Non-current guarantees received",liability_non_current,0,,account_common_180,
181,Advances of long-term sales,liability,non_current_liability,credit,0,,"Basic financing / Non-current guarantees, deposits and other liabilities / Advances of long-term sales",liability_non_current,0,,account_common_181,
185,Non-current deposits received,liability,non_current_liability,credit,0,,"Basic financing / Non-current guarantees, deposits and other liabilities / Non-current deposits received",liability_non_current,0,,account_common_185,
189,Non-current financial guarantees,liability,non_current_liability,credit,0,,"Basic financing / Non-current guarantees, deposits and other liabilities / Non-current financial guarantees",liability_non_current,0,,account_common_189,
190,Shares or equity holdings issued,liability,non_current_liability,credit,0,,Basic financing / Temporary financing / Shares or equity holdings issued,liability_non_current,0,,account_common_190,
192,Subscribed shares,liability,non_current_liability,credit,0,,Basic financing / Temporary financing / Subscribed shares,liability_non_current,0,,account_common_192,
194,Issued capital pending registration,liability,non_current_liability,credit,0,,Basic financing / Temporary financing / Issued capital pending registration,liability_non_current,0,,account_common_194,
195,Liability-classified shares or equity holdings issued,liability,non_current_liability,credit,0,,Basic financing / Temporary financing / Liability-classified shares or equity holdings issued,liability_non_current,0,,account_common_195,
197,Liability-classified subscribed shares,liability,non_current_liability,credit,0,,Basic financing / Temporary financing / Liability-classified subscribed shares,liability_non_current,0,,account_common_197,
199,Liability-classified shares or equity holdings issued pending registration,liability,non_current_liability,credit,0,,Basic financing / Temporary financing / Liability-classified shares or equity holdings issued pending registration,liability_non_current,0,,account_common_199,
200,Research,asset,fixed_asset,debit,0,,Non-current assets / Intangible assets / Research,asset_fixed,0,Capitalized costs of original research,account_common_200,
201,Development,asset,fixed_asset,debit,0,,Non-current assets / Intangible assets / Development,asset_fixed,0,Capitalized costs of developing new products/processes,account_common_201,
202,Administrative concessions,asset,fixed_asset,debit,0,,Non-current assets / Intangible assets / Administrative concessions,asset_fixed,0,Rights granted by public bodies,account_common_202,
203,Industrial property,asset,fixed_asset,debit,0,,Non-current assets / Intangible assets / Industrial property,asset_fixed,0,Rights like patents and trademarks,account_common_203,
205,Leaseholds,asset,fixed_asset,debit,0,,Non-current assets / Intangible assets / Leaseholds,asset_fixed,0,Business transfer or lease rights,account_common_205,
206,Computer software,asset,fixed_asset,debit,0,,Non-current assets / Intangible assets / Computer software,asset_fixed,0,Purchased or developed software for long-term use,account_common_206,
209,Advances for intangible assets,asset,fixed_asset,debit,0,,Non-current assets / Intangible assets / Advances for intangible assets,asset_fixed,0,Other intangible assets not specified,account_common_209,
210,Land and natural resources,asset,fixed_asset,debit,0,,"Non-current assets / Property, plant and equipment / Land and natural resources",asset_fixed,0,Value of land owned,account_common_210,
211,Buildings,asset,fixed_asset,debit,0,,"Non-current assets / Property, plant and equipment / Buildings",asset_fixed,0,Value of owned buildings,account_common_211,
212,Technical installations,asset,fixed_asset,debit,0,,"Non-current assets / Property, plant and equipment / Technical installations",asset_fixed,0,Specialized production/business installations,account_common_212,
213,Machinery,asset,fixed_asset,debit,0,,"Non-current assets / Property, plant and equipment / Machinery",asset_fixed,0,Production or operational machinery,account_common_213,
214,Equipment,asset,fixed_asset,debit,0,,"Non-current assets / Property, plant and equipment / Equipment",asset_fixed,0,Small tools and molds,account_common_214,
215,Other installations,asset,fixed_asset,debit,0,,"Non-current assets / Property, plant and equipment / Other installations",asset_fixed,0,Other physical installations,account_common_215,
216,Furniture,asset,fixed_asset,debit,0,,"Non-current assets / Property, plant and equipment / Furniture",asset_fixed,0,Office furniture and fixtures,account_common_216,
217,Information technology equipment,asset,fixed_asset,debit,0,,"Non-current assets / Property, plant and equipment / Information technology equipment",asset_fixed,0,Computer hardware and servers,account_common_217,
218,Motor vehicles,asset,fixed_asset,debit,0,,"Non-current assets / Property, plant and equipment / Motor vehicles",asset_fixed,0,Company vehicles,account_common_218,
219,"Other property, plant and equipment",asset,fixed_asset,debit,0,,"Non-current assets / Property, plant and equipment / Other property, plant and equipment",asset_fixed,0,Other tangible assets not specified,account_common_219,
220,Investment in land and natural resources,asset,fixed_asset,debit,0,,Non-current assets / Investment property / Investments in land and natural resources,asset_fixed,0,Land held for investment,account_common_220,
221,Investments in buildings,asset,fixed_asset,debit,0,,Non-current assets / Investment property / Investments in buildings,asset_fixed,0,Buildings held for investment,account_common_221,
230,Preparation of land and natural resources,asset,fixed_asset,debit,0,,"Non-current assets / Property, plant and equipment under construction / Preparation of land and natural resources",asset_fixed,0,Tangible assets currently under construction,account_common_230,
231,Buildings under construction,asset,fixed_asset,debit,0,,"Non-current assets / Property, plant and equipment under construction / Buildings under construction",asset_fixed,0,Buildings under construction,account_common_231,
232,Technical installations under assembly,asset,fixed_asset,debit,0,,"Non-current assets / Property, plant and equipment under construction / Technical installations under assembly",asset_fixed,0,Technical installations being developed,account_common_232,
233,Machinery under assembly,asset,fixed_asset,debit,0,,"Non-current assets / Property, plant and equipment under construction / Machinery under assembly",asset_fixed,0,Machinery being built or adapted,account_common_233,
237,Information technology equipment under assembly,asset,fixed_asset,debit,0,,"Non-current assets / Property, plant and equipment under construction / Information technology equipment under assembly",asset_fixed,0,Computer systems being assembled,account_common_237,
239,"Advances for property, plant and equipment",asset,fixed_asset,debit,0,,"Non-current assets / Property, plant and equipment under construction / Advances for property, plant and equipment",asset_fixed,0,Advance payments for fixed assets,account_common_239,
2403,Non-current investments in group companies,asset,fixed_asset,debit,0,,Non-current assets / Non-current investments in related parties / Non-current investments in related parties / Non-current investments in group companies,asset_fixed,0,,account_common_mainland_2403,
2404,Non-current investments in associates,asset,fixed_asset,debit,0,,Non-current assets / Non-current investments in related parties / Non-current investments in related parties / Non-current investments in associates,asset_fixed,0,,account_common_mainland_2404,
2405,Non-current investments in other related parties,asset,fixed_asset,debit,0,,Non-current assets / Non-current investments in related parties / Non-current investments in related parties / Non-current investments in other related parties,asset_fixed,0,,account_coop_2405,
2413,Non-current debt securities of group companies,asset,fixed_asset,debit,0,,Non-current assets / Non-current investments in related parties / Non-current debt securities of related parties / Non-current debt securities of group companies,asset_fixed,0,,account_common_2413,
2414,Non-current debt securities of associates,asset,fixed_asset,debit,0,,Non-current assets / Non-current investments in related parties / Non-current debt securities of related parties / Non-current debt securities of associates,asset_fixed,0,,account_common_2414,
2415,Non-current debt securities of related parties,asset,fixed_asset,debit,0,,Non-current assets / Non-current investments in related parties / Non-current debt securities of related parties / Non-current debt securities of other related parties,asset_fixed,0,,account_common_2415,
2423,Non-current loans to group companies,asset,fixed_asset,debit,0,,Non-current assets / Non-current investments in related parties / Non-current loans to related parties / Non-current loans to group companies,asset_fixed,0,,account_common_2423,
2424,Non-current loans to associates,asset,fixed_asset,debit,0,,Non-current assets / Non-current investments in related parties / Non-current loans to related parties / Non-current loans to associates,asset_fixed,0,,account_common_2424,
2425,Non-current loans to other related parties,asset,fixed_asset,debit,0,,Non-current assets / Non-current investments in related parties / Non-current loans to related parties / Non-current loans to other related parties,asset_fixed,0,,account_common_2425,
2493,Non-current uncalled equity holdings in group companies,asset,fixed_asset,debit,0,,Non-current assets / Non-current investments in related parties / Non-current uncalled equity holdings in related parties / Non-current uncalled equity holdings in group companies,asset_fixed,0,,account_common_mainland_2493,
2494,Non-current uncalled equity holdings in associates,asset,fixed_asset,debit,0,,Non-current assets / Non-current investments in related parties / Non-current uncalled equity holdings in related parties / Non-current uncalled equity holdings in associates,asset_fixed,0,,account_common_mainland_2494,
2495,Non-current uncalled equity holdings in other related parties,asset,fixed_asset,debit,0,,Non-current assets / Non-current investments in related parties / Non-current uncalled equity holdings in related parties / Non-current uncalled equity holdings in other related parties,asset_fixed,0,,account_coop_2495,
250,Shares in other companies,asset,fixed_asset,debit,0,,Non-current assets / Other non-current investments / Non-current investments in equity instruments,asset_fixed,0,Shares in non-group/associate companies,account_common_250,
251,Long-term bonds,asset,fixed_asset,debit,0,,Non-current assets / Other non-current investments / Non-current debt securities,asset_fixed,0,Long-term bonds or debt securities,account_common_251,
252,Long-term loans,asset,fixed_asset,debit,0,,Non-current assets / Other non-current investments / Non-current loans,asset_fixed,0,Long-term loans to third parties,account_common_252,
2527,Non-current loans with partners for losses to be compensated,asset,fixed_asset,debit,0,,Non-current assets / Other non-current investments / Non-current loans,asset_fixed,0,,account_coop_2527,
253,Long-term loans from fixed asset sales,asset,fixed_asset,debit,0,,Non-current assets / Other non-current investments / Non-current loans for disposal of fixed assets,asset_fixed,0,Long-term loans from fixed asset sales,account_common_253,
254,Long-term loans to employees,asset,fixed_asset,debit,0,,Non-current assets / Other non-current investments / Non-current loans to personnel,asset_fixed,0,Long-term loans to employees,account_common_254,
255,Long-term financial derivative assets,asset,fixed_asset,debit,0,,Non-current assets / Other non-current investments / Non-current assets arising from derivative financial instruments,asset_fixed,0,Long-term financial derivative assets,account_common_mainland_255,
258,Long-term fixed deposits,asset,fixed_asset,debit,0,,Non-current assets / Other non-current investments / Non-current deposits,asset_fixed,0,Long-term fixed deposits,account_common_258,
259,Unpaid called-up capital,asset,fixed_asset,debit,0,,Non-current assets / Other non-current investments / Non-current uncalled equity holdings,asset_fixed,0,Unpaid called-up capital on other equity investments,account_common_259,
260,Long-term guarantees given,asset,fixed_asset,debit,0,,Non-current assets / Non-current guarantees and deposits extended / Non-current guarantees extended,asset_fixed,0,,account_common_260,
265,Long-term deposits made,asset,fixed_asset,debit,0,,Non-current assets / Non-current guarantees and deposits extended / Non-current deposits extended,asset_fixed,0,,account_common_265,
2800,Amortisation of research,asset,fixed_asset,debit,0,,Non-current assets / Accumulated amortisation and depreciation / Accumulated amortisation of intangible assets / Accumulated amortisation of research,asset_fixed,0,Accumulated amortisation of research,account_common_2800,
2801,Amortisation of development,asset,fixed_asset,debit,0,,Non-current assets / Accumulated amortisation and depreciation / Accumulated amortisation of intangible assets / Accumulated amortisation of development,asset_fixed,0,Accumulated amortisation of development,account_common_2801,
2802,Amortisation of administrative concessions,asset,fixed_asset,debit,0,,Non-current assets / Accumulated amortisation and depreciation / Accumulated amortisation of intangible assets / Accumulated amortisation of administrative concessions,asset_fixed,0,Accumulated amortisation of administrative concessions,account_common_2802,
2803,Amortisation of industrial property,asset,fixed_asset,debit,0,,Non-current assets / Accumulated amortisation and depreciation / Accumulated amortisation of intangible assets / Accumulated amortisation of industrial property,asset_fixed,0,Accumulated amortisation of industrial property,account_common_2803,
2805,Amortisation of leaseholds,asset,fixed_asset,debit,0,,Non-current assets / Accumulated amortisation and depreciation / Accumulated amortisation of intangible assets / Accumulated amortisation of leaseholds,asset_fixed,0,Accumulated amortisation of leaseholds,account_common_2805,
2806,Amortisation of computer software,asset,fixed_asset,debit,0,,Non-current assets / Accumulated amortisation and depreciation / Accumulated amortisation of intangible assets / Accumulated amortisation of computer software,asset_fixed,0,Accumulated amortisation of computer software,account_common_2806,
2811,Depreciation of buildings,asset,fixed_asset,debit,0,,"Non-current assets / Accumulated amortisation and depreciation / Accumulated depreciation of property, plant and equipment / Accumulated depreciation of buildings",asset_fixed,0,Accumulated depreciation of buildings,account_common_2811,
2812,Depreciation of technical installations,asset,fixed_asset,debit,0,,"Non-current assets / Accumulated amortisation and depreciation / Accumulated depreciation of property, plant and equipment / Accumulated depreciation of technical installations",asset_fixed,0,Accumulated depreciation of technical installations,account_common_2812,
2813,Depreciation of machinery,asset,fixed_asset,debit,0,,"Non-current assets / Accumulated amortisation and depreciation / Accumulated depreciation of property, plant and equipment / Accumulated depreciation of machinery",asset_fixed,0,Accumulated depreciation of machinery,account_common_2813,
2814,Depreciation of equipment,asset,fixed_asset,debit,0,,"Non-current assets / Accumulated amortisation and depreciation / Accumulated depreciation of property, plant and equipment / Accumulated depreciation of equipment",asset_fixed,0,Accumulated depreciation of equipment,account_common_2814,
2815,Depreciation of other installations,asset,fixed_asset,debit,0,,"Non-current assets / Accumulated amortisation and depreciation / Accumulated depreciation of property, plant and equipment / Accumulated depreciation of other installations",asset_fixed,0,Accumulated depreciation of other installations,account_common_2815,
2816,Depreciation of furniture,asset,fixed_asset,debit,0,,"Non-current assets / Accumulated amortisation and depreciation / Accumulated depreciation of property, plant and equipment / Accumulated depreciation of furniture",asset_fixed,0,Accumulated depreciation of furniture,account_common_2816,
2817,Depreciation of information technology equipment,asset,fixed_asset,debit,0,,"Non-current assets / Accumulated amortisation and depreciation / Accumulated depreciation of property, plant and equipment / Accumulated depreciation of information technology equipment",asset_fixed,0,Accumulated depreciation of information technology equipment,account_common_2817,
2818,Depreciation of motor vehicles,asset,fixed_asset,debit,0,,"Non-current assets / Accumulated amortisation and depreciation / Accumulated depreciation of property, plant and equipment / Accumulated depreciation of motor vehicles",asset_fixed,0,Accumulated depreciation of motor vehicles,account_common_2818,
2819,"Depreciation of other property, plant and equipment",asset,fixed_asset,debit,0,,"Non-current assets / Accumulated amortisation and depreciation / Accumulated depreciation of property, plant and equipment / Accumulated depreciation of other property, plant and equipment",asset_fixed,0,"Accumulated depreciation of other property, plant and equipment",account_common_2819,
282,Depreciation of investment property,asset,fixed_asset,debit,0,,Non-current assets / Accumulated amortisation and depreciation / Accumulated depreciation of investment property,asset_fixed,0,Accumulated depreciation of investment property,account_common_282,
2900,Impairment of research,asset,fixed_asset,debit,0,,Non-current assets / Impairment of non-current assets / Impairment of intangible assets / Impairment of research,asset_fixed,0,,account_common_2900,
2901,Impairment of development,asset,fixed_asset,debit,0,,Non-current assets / Impairment of non-current assets / Impairment of intangible assets / Impairment of development,asset_fixed,0,,account_common_2901,
2902,Impairment of administrative concessions,asset,fixed_asset,debit,0,,Non-current assets / Impairment of non-current assets / Impairment of intangible assets / Impairment of administrative concessions,asset_fixed,0,,account_common_2902,
2903,Impairment of industrial property,asset,fixed_asset,debit,0,,Non-current assets / Impairment of non-current assets / Impairment of intangible assets / Impairment of industrial property,asset_fixed,0,,account_common_2903,
2905,Impairment of leaseholds,asset,fixed_asset,debit,0,,Non-current assets / Impairment of non-current assets / Impairment of intangible assets / Impairment of leaseholds,asset_fixed,0,,account_common_2905,
2906,Impairment of computer software,asset,fixed_asset,debit,0,,Non-current assets / Impairment of non-current assets / Impairment of intangible assets / Impairment of computer software,asset_fixed,0,,account_common_2906,
2910,Impairment of land and natural resources,asset,fixed_asset,debit,0,,"Non-current assets / Impairment of non-current assets / Impairment of property, plant and equipment / Impairment of land and natural resources",asset_fixed,0,,account_common_2910,
2911,Impairment of buildings,asset,fixed_asset,debit,0,,"Non-current assets / Impairment of non-current assets / Impairment of property, plant and equipment / Impairment of buildings",asset_fixed,0,,account_common_2911,
2912,Impairment of technical installations,asset,fixed_asset,debit,0,,"Non-current assets / Impairment of non-current assets / Impairment of property, plant and equipment / Impairment of technical installations",asset_fixed,0,,account_common_2912,
2913,Impairment of machinery,asset,fixed_asset,debit,0,,"Non-current assets / Impairment of non-current assets / Impairment of property, plant and equipment / Impairment of machinery",asset_fixed,0,,account_common_2913,
2914,Impairment of equipments,asset,fixed_asset,debit,0,,"Non-current assets / Impairment of non-current assets / Impairment of property, plant and equipment / Impairment of equipment",asset_fixed,0,,account_common_2914,
2915,Impairment of other installations,asset,fixed_asset,debit,0,,"Non-current assets / Impairment of non-current assets / Impairment of property, plant and equipment / Impairment of other installations",asset_fixed,0,,account_common_2915,
2916,Impairment of furniture,asset,fixed_asset,debit,0,,"Non-current assets / Impairment of non-current assets / Impairment of property, plant and equipment / Impairment of furniture",asset_fixed,0,,account_common_2916,
2917,Impairment of information technology equipments,asset,fixed_asset,debit,0,,"Non-current assets / Impairment of non-current assets / Impairment of property, plant and equipment / Impairment of information technology equipment",asset_fixed,0,,account_common_2917,
2918,Impairment of motor vehicles,asset,fixed_asset,debit,0,,"Non-current assets / Impairment of non-current assets / Impairment of property, plant and equipment / Impairment of motor vehicles",asset_fixed,0,,account_common_2918,
2919,"Impairment of other property, plant and equipment",asset,fixed_asset,debit,0,,"Non-current assets / Impairment of non-current assets / Impairment of property, plant and equipment / Impairment of other property, plant and equipment",asset_fixed,0,,account_common_2919,
2920,Impairment of land and natural resources,asset,fixed_asset,debit,0,,Non-current assets / Impairment of non-current assets / Impairment of investment property / Impairment of land and natural resources,asset_fixed,0,,account_common_2920,
2921,Impairment of buildings,asset,fixed_asset,debit,0,,Non-current assets / Impairment of non-current assets / Impairment of investment property / Impairment of buildings,asset_fixed,0,,account_common_2921,
2933,Impairment of non-current investments in group companies,asset,fixed_asset,debit,0,,Non-current assets / Impairment of non-current assets / Impairment of non-current investments in related parties / Impairment of non-current investments in group companies,asset_fixed,0,,account_common_2933,
2934,Impairment of non-current investments in associates,asset,fixed_asset,debit,0,,Non-current assets / Impairment of non-current assets / Impairment of non-current investments in related parties / Impairment of non-current investments in associates,asset_fixed,0,,account_common_2934,
2935,Impairment of non-current investments in other related parties,asset,fixed_asset,debit,0,,Non-current assets / Impairment of non-current assets / Impairment of non-current investments in related parties,asset_fixed,0,,account_common_mainland_2935,
2943,Impairment of non-current debt securities of group companies,asset,fixed_asset,debit,0,,Non-current assets / Impairment of non-current assets / Impairment of non-current debt securities of related parties / Impairment of non-current debt securities of group companies,asset_fixed,0,,account_common_2943,
2944,Impairment of non-current debt securities of associates,asset,fixed_asset,debit,0,,Non-current assets / Impairment of non-current assets / Impairment of non-current debt securities of related parties / Impairment of non-current debt securities of associates,asset_fixed,0,,account_common_2944,
2945,Impairment of non-current debt securities of other related parties,asset,fixed_asset,debit,0,,Non-current assets / Impairment of non-current assets / Impairment of non-current debt securities of related parties / Impairment of non-current debt securities of other related parties,asset_fixed,0,,account_common_2945,
2953,Impairment of non-current loans to group companies,asset,fixed_asset,debit,0,,Non-current assets / Impairment of non-current assets / Impairment of non-current loans to related parties / Impairment of non-current loans to group companies,asset_fixed,0,,account_common_2953,
2954,Impairment of non-current loans to associates,asset,fixed_asset,debit,0,,Non-current assets / Impairment of non-current assets / Impairment of non-current loans to related parties / Impairment of non-current loans to associates,asset_fixed,0,,account_common_2954,
2955,Impairment of non-current loans to other related parties,asset,fixed_asset,debit,0,,Non-current assets / Impairment of non-current assets / Impairment of non-current loans to related parties / Impairment of non-current loans to other related parties,asset_fixed,0,,account_common_2955,
296,Impairment of non-current investments in shareholders' equity,asset,fixed_asset,debit,0,,Non-current assets / Impairment of non-current assets / Impairment of non-current debt,asset_fixed,0,,account_coop_296,
297,Impairment of non-current debt securities,asset,fixed_asset,debit,0,,Non-current assets / Impairment of non-current assets / Impairment of non-current equity holdings,asset_fixed,0,,account_common_297,
298,Impairment of non-current loans,asset,fixed_asset,debit,0,,Non-current assets / Impairment of non-current assets / Impairment of non-current loans,asset_fixed,0,,account_common_298,
300,Merchandise A,asset,current_asset,debit,0,,Inventories / Goods for resale / Merchandise A,asset_current,0,,account_common_300,
301,Merchandise B,asset,current_asset,debit,0,,Inventories / Goods for resale / Merchandise B,asset_current,0,,account_common_301,
307,Merchandise purchased from partners,liability,current_liability,credit,0,,Inventories / Goods for resale / Merchandise purchased from partners,liability_current,0,,account_coop_307,
310,Raw materials A,asset,current_asset,debit,0,,Inventories / Raw materials / Raw materials A,asset_current,0,,account_common_310,
311,Raw materials B,asset,current_asset,debit,0,,Inventories / Raw materials / Raw materials B,asset_current,0,,account_common_311,
317,Raw materials purchased from partners,liability,current_liability,credit,0,,Inventories / Raw materials / Raw materials purchased from partners,liability_current,0,,account_coop_317,
320,Components,asset,current_asset,debit,0,,Inventories / Other supplies / Components,asset_current,0,,account_common_320,
321,Fuel,asset,current_asset,debit,0,,Inventories / Other supplies / Fuel,asset_current,0,,account_common_321,
322,Spare parts,asset,current_asset,debit,0,,Inventories / Other supplies / Spare parts,asset_current,0,,account_common_322,
325,Sundry materials,asset,current_asset,debit,0,,Inventories / Other supplies / Sundry materials,asset_current,0,,account_common_325,
326,Packaging,asset,current_asset,debit,0,,Inventories / Other supplies / Packaging,asset_current,0,,account_common_326,
327,Containers,asset,current_asset,debit,0,,Inventories / Other supplies / Containers,asset_current,0,,account_common_327,
328,Office supplies,asset,current_asset,debit,0,,Inventories / Other supplies / Office supplies,asset_current,0,,account_common_328,
330,Work in progress A,asset,current_asset,debit,0,,Inventories / Work in progress / Work in progress A,asset_current,0,,account_common_330,
331,Work in progress B,asset,current_asset,debit,0,,Inventories / Work in progress / Work in progress B,asset_current,0,,account_common_331,
340,Semi-finished goods A,asset,current_asset,debit,0,,Inventories / Semi-finished goods / Semi-finished goods A,asset_current,0,,account_common_340,
341,Semi-finished goods B,asset,current_asset,debit,0,,Inventories / Semi-finished goods / Semi-finished goods B,asset_current,0,,account_common_341,
350,Finished goods A,asset,current_asset,debit,0,,Inventories / Finished goods / Finished goods A,asset_current,0,,account_common_350,
351,Finished goods B,asset,current_asset,debit,0,,Inventories / Finished goods / Finished goods B,asset_current,0,,account_common_351,
360,By-products A,asset,current_asset,debit,0,,"Inventories / By-products, waste and recovered materials / By-products A",asset_current,0,,account_common_360,
361,By-products B,asset,current_asset,debit,0,,"Inventories / By-products, waste and recovered materials / By-products B",asset_current,0,,account_common_361,
365,Waste A,asset,current_asset,debit,0,,"Inventories / By-products, waste and recovered materials / Waste A",asset_current,0,,account_common_365,
366,Waste B,asset,current_asset,debit,0,,"Inventories / By-products, waste and recovered materials / Waste B",asset_current,0,,account_common_366,
368,Recovered materials A,asset,current_asset,debit,0,,"Inventories / By-products, waste and recovered materials / Recovered materials A",asset_current,0,,account_common_368,
369,Recovered materials B,asset,current_asset,debit,0,,"Inventories / By-products, waste and recovered materials / Recovered materials B",asset_current,0,,account_common_369,
390,Impairment of merchandise,asset,current_asset,debit,0,,Inventories / Impairment of inventories / Impairment of merchandise,asset_current,0,,account_common_390,
391,Impairment of raw material,asset,current_asset,debit,0,,Inventories / Impairment of inventories / Impairment of raw materials,asset_current,0,,account_common_391,
392,Impairment of other supplies,asset,current_asset,debit,0,,Inventories / Impairment of inventories / Impairment of other supplies,asset_current,0,,account_common_392,
393,Impairment of work in progress,asset,current_asset,debit,0,,Inventories / Impairment of inventories / Impairment of work in progress,asset_current,0,,account_common_393,
394,Impairment of semi-finished goods,asset,current_asset,debit,0,,Inventories / Impairment of inventories / Impairment of semi-finished goods,asset_current,0,,account_common_394,
395,Impairment of finished goods,asset,current_asset,debit,0,,Inventories / Impairment of inventories / Impairment of finished goods,asset_current,0,,account_common_395,
396,"Impairment of by-products, waste and recovered materials",asset,current_asset,debit,0,,"Inventories / Impairment of inventories / Impairment of by-products, waste and recovered materials",asset_current,0,,account_common_396,
4000,Suppliers (euros),liability,payable,credit,0,payables,Trade payables and trade receivables / Suppliers / Suppliers / Suppliers (euros),liability_payable,1,,account_common_4000,
4004,Suppliers (foreign currency),liability,payable,credit,0,payables,Trade payables and trade receivables / Suppliers / Suppliers / Suppliers (foreign currency),liability_payable,1,,account_common_4004,
4007,Cooperative partner suppliers,liability,payable,credit,0,payables,Trade payables and trade receivables / Suppliers / Suppliers,liability_payable,1,,account_coop_4007,
4009,"Suppliers, pending invoices",liability,current_liability,credit,0,,"Trade payables and trade receivables / Suppliers / Suppliers / Suppliers, pending invoices",liability_current,1,,account_common_4009,
401,"Suppliers, trade bills payable",liability,payable,credit,0,payables,"Trade payables and trade receivables / Suppliers / Suppliers, trade bills payable",liability_payable,1,,account_common_401,
4030,"Suppliers, group companies (euros)",liability,payable,credit,0,payables,"Trade payables and trade receivables / Suppliers / Suppliers, group companies / Suppliers, group companies (euros)",liability_payable,1,,account_common_4030,
4031,"Trade bills payable, group companies",liability,payable,credit,0,payables,"Trade payables and trade receivables / Suppliers / Suppliers, group companies / Trade bills payable, group companies",liability_payable,1,,account_common_4031,
4034,"Suppliers, group companies (foreign currency)",liability,payable,credit,0,payables,"Trade payables and trade receivables / Suppliers / Suppliers, group companies / Suppliers, group companies (foreign currency)",liability_payable,1,,account_common_4034,
4036,"Containers and packaging returnable to suppliers, group companies",liability,payable,credit,0,payables,"Trade payables and trade receivables / Suppliers / Suppliers, group companies / Containers and packaging returnable to suppliers, group companies",liability_payable,1,,account_common_4036,
4039,"Suppliers, group companies, pending invoices",liability,payable,credit,0,payables,"Trade payables and trade receivables / Suppliers / Suppliers, group companies / Suppliers, group companies, pending invoices",liability_payable,1,,account_common_4039,
404,"Suppliers, associates",liability,payable,credit,0,payables,"Trade payables and trade receivables / Suppliers / Suppliers, associates",liability_payable,1,,account_common_404,
405,"Suppliers, other related parties",liability,payable,credit,0,payables,"Trade payables and trade receivables / Suppliers / Suppliers, other related parties",liability_payable,1,,account_common_405,
406,Containers and packaging returnable to suppliers,liability,payable,credit,0,payables,Trade payables and trade receivables / Suppliers / Containers and packaging returnable to suppliers,liability_payable,1,,account_common_406,
407,Advances to suppliers,liability,payable,credit,0,payables,Trade payables and trade receivables / Suppliers / Advances to suppliers,liability_payable,1,,account_common_407,
4100,Payables for the rendering of services (euros),liability,payable,credit,0,payables,Trade payables and trade receivables / Other payables / Payables for the rendering of services / Payables for the rendering of services (euros),liability_payable,1,,account_common_4100,
4104,Payables for the rendering of services (foreign currency),liability,payable,credit,0,payables,Trade payables and trade receivables / Other payables / Payables for the rendering of services / Payables for the rendering of services (foreign currency),liability_payable,1,,account_common_4104,
4109,"Payables for the rendering of services, pending invoices",liability,payable,credit,0,payables,"Trade payables and trade receivables / Other payables / Payables for the rendering of services / Payables for the rendering of services, pending invoices",liability_payable,1,,account_common_4109,
411,Trade bills payable,liability,current_liability,credit,0,,Trade payables and trade receivables / Other payables / Trade bills payable,liability_current,1,,account_common_411,
419,Payables for profit-sharing agreements,liability,payable,credit,0,payables,Trade payables and trade receivables / Other payables / Payables for profit-sharing agreements,liability_payable,1,,account_common_419,
4300,Trade receivables (euros),asset,receivable,debit,0,receivables,Trade payables and trade receivables / Trade receivables / Trade receivables / Trade receivables (euros),asset_receivable,1,,account_common_4300,
4301,Trade receivables (euros) (PoS),asset,receivable,debit,0,receivables,Trade payables and trade receivables / Trade receivables / Trade receivables,asset_receivable,1,,account_common_4301,
4304,Trade receivables (foreign currency),asset,receivable,debit,0,receivables,Trade payables and trade receivables / Trade receivables / Trade receivables / Trade receivables (foreign currency),asset_receivable,1,,account_common_4304,
4309,"Trade receivables, pending invoices",asset,receivable,debit,0,receivables,"Trade payables and trade receivables / Trade receivables / Trade receivables / Trade receivables, pending invoices",asset_receivable,1,,account_common_4309,
4310,Trade bills in portfolio,asset,receivable,debit,0,receivables,"Trade payables and trade receivables / Trade receivables / Trade receivables, trade bills receivable / Trade bills in portfolio",asset_receivable,1,,account_common_4310,
4311,Discounted trade bills,asset,receivable,debit,0,receivables,"Trade payables and trade receivables / Trade receivables / Trade receivables, trade bills receivable / Discounted trade bills",asset_receivable,1,,account_common_4311,
4312,Trade bills in debt collection management,asset,current_asset,debit,0,,"Trade payables and trade receivables / Trade receivables / Trade receivables, trade bills receivable / Trade bills in debt collection management",asset_current,1,,account_common_4312,
4315,Past due trade bills,asset,receivable,debit,0,receivables,"Trade payables and trade receivables / Trade receivables / Trade receivables, trade bills receivable / Past due trade bills",asset_receivable,1,,account_common_4315,
432,"Trade receivables, factoring",asset,receivable,debit,0,receivables,"Trade payables and trade receivables / Trade receivables / Trade receivables, factoring",asset_receivable,1,,account_common_432,
4330,"Trade receivables, group companies (euros)",asset,receivable,debit,0,receivables,"Trade payables and trade receivables / Trade receivables / Trade receivables, group companies / Trade receivables, group companies (euros)",asset_receivable,1,,account_common_4330,
4331,"Trade bills receivable, group companies",asset,receivable,debit,0,receivables,"Trade payables and trade receivables / Trade receivables / Trade receivables, group companies / Trade bills receivable, group companies",asset_receivable,1,,account_common_4331,
4332,"Trade receivables, group companies, factoring",asset,receivable,debit,0,receivables,"Trade payables and trade receivables / Trade receivables / Trade receivables, group companies / Trade receivables, group companies, factoring",asset_receivable,1,,account_common_4332,
4334,"Trade receivables, group companies (foreign currency)",asset,receivable,debit,0,receivables,"Trade payables and trade receivables / Trade receivables / Trade receivables, group companies / Trade receivables, group companies (foreign currency)",asset_receivable,1,,account_common_4334,
4336,"Doubtful trade receivables, group companies",asset,receivable,debit,0,receivables,"Trade payables and trade receivables / Trade receivables / Trade receivables, group companies / Doubtful trade receivables, group companies",asset_receivable,1,,account_common_4336,
4337,"Containers and packaging returnable to customers, group companies",asset,receivable,debit,0,receivables,"Trade payables and trade receivables / Trade receivables / Trade receivables, group companies / Containers and packaging returnable to customers, group companies",asset_receivable,1,,account_common_4337,
4339,"Trade receivables, group companies, pending invoices",asset,receivable,debit,0,receivables,"Trade payables and trade receivables / Trade receivables / Trade receivables, group companies / Trade receivables, group companies, pending invoices",asset_receivable,1,,account_common_4339,
434,"Trade receivables, associates",asset,receivable,debit,0,receivables,"Trade payables and trade receivables / Trade receivables / Trade receivables, associates",asset_receivable,1,,account_common_434,
435,"Trade receivables, other related parties",asset,receivable,debit,0,receivables,"Trade payables and trade receivables / Trade receivables / Trade receivables, other related parties",asset_receivable,1,,account_common_435,
436,Doubtful trade receivables,asset,receivable,debit,0,receivables,Trade payables and trade receivables / Trade receivables / Doubtful trade receivables,asset_receivable,1,,account_common_436,
437,Containers and packaging returnable by customers,asset,receivable,debit,0,receivables,Trade payables and trade receivables / Trade receivables / Containers and packaging returnable by customers,asset_receivable,1,,account_common_437,
438,Advance from customers,liability,current_liability,credit,0,,Trade payables and trade receivables / Trade receivables / Advances from customers,liability_current,1,,account_common_438,
4400,Receivables (euros),asset,receivable,debit,0,receivables,Trade payables and trade receivables / Other receivables / Receivables / Receivables (euros),asset_receivable,1,,account_common_4400,
4404,Receivables (foreign currency),asset,receivable,debit,0,receivables,Trade payables and trade receivables / Other receivables / Receivables / Receivables (foreign currency),asset_receivable,1,,account_common_4404,
4409,"Receivables, pending invoices",asset,receivable,debit,0,receivables,"Trade payables and trade receivables / Other receivables / Receivables / Receivables, pending invoices",asset_receivable,1,,account_common_4409,
4410,"Receivables, trade bills in portfolio",asset,receivable,debit,0,receivables,"Trade payables and trade receivables / Other receivables / Receivables, trade bills / Receivables, trade bills in portfolio",asset_receivable,1,,account_common_4410,
4411,"Receivables, discounted trade bills",asset,receivable,debit,0,receivables,"Trade payables and trade receivables / Other receivables / Receivables, trade bills / Receivables, discounted trade bills",asset_receivable,1,,account_common_4411,
4412,"Receivables, trade bills in debt collection management",asset,receivable,debit,0,receivables,"Trade payables and trade receivables / Other receivables / Receivables, trade bills / Receivables, trade bills in debt collection management",asset_receivable,1,,account_common_4412,
4415,"Receivables, past due trade bills",asset,receivable,debit,0,receivables,"Trade payables and trade receivables / Other receivables / Receivables, trade bills / Receivables, past due trade bills",asset_receivable,1,,account_common_4415,
446,Doubtful receivables,asset,receivable,debit,0,receivables,Trade payables and trade receivables / Other receivables / Doubtful receivables,asset_receivable,1,,account_common_446,
447,Partner receivables: receivables from transactions with partners,asset,receivable,debit,0,receivables,"Trade payables and trade receivables / Other receivables / Borrowers, debtors",asset_receivable,1,,account_coop_447,
449,Receivables for profit-sharing agreements,asset,receivable,debit,0,receivables,Trade payables and trade receivables / Other receivables / Receivables for profit-sharing agreements,asset_receivable,1,,account_common_449,
460,Salary advances,asset,receivable,debit,0,receivables,Trade payables and trade receivables / Personnel / Salary advances,asset_receivable,1,,account_common_460,
465,Salaries payable,liability,payable,credit,0,payables,Trade payables and trade receivables / Personnel / Salaries payable,liability_payable,1,,account_common_465,
4700,VAT recoverable,asset,receivable,debit,0,receivables,"Trade payables and trade receivables / Public entities / Taxation authorities, receivables / VAT recoverable",asset_receivable,1,,account_common_4700,
4708,Grants receivable,asset,current_asset,debit,0,,"Trade payables and trade receivables / Public entities / Taxation authorities, receivables / Grants receivable",asset_current,1,,account_common_4708,
4709,Recoverable taxes,asset,receivable,debit,0,receivables,"Trade payables and trade receivables / Public entities / Taxation authorities, receivables / Recoverable taxes",asset_receivable,1,,account_common_4709,
471,"Social Security, receivables",asset,current_asset,debit,0,,"Trade payables and trade receivables / Public entities / Social Security, receivables",asset_current,0,,account_common_471,
472,Input VAT,asset,current_asset,debit,0,,Trade payables and trade receivables / Public entities / Input VAT,asset_current,0,,account_common_472,
473,Withholdings and payments on account,asset,current_asset,debit,0,,Trade payables and trade receivables / Public entities / Withholdings and payments on account,asset_current,0,,account_common_473,
4740,Assets arising from deductible temporary differences,asset,non_current_asset,debit,0,,Trade payables and trade receivables / Public entities / Deferred tax assets / Assets arising from deductible temporary differences,asset_non_current,0,,account_common_4740,
4742,Rights to tax deductions and credits pending application,asset,non_current_asset,debit,0,,Trade payables and trade receivables / Public entities / Deferred tax assets / Rights to tax deductions and credits pending application,asset_non_current,0,,account_common_4742,
4745,Tax loss carryforwards,asset,non_current_asset,debit,0,,Trade payables and trade receivables / Public entities / Deferred tax assets / Tax loss carryforwards,asset_non_current,0,,account_common_4745,
4750,"Taxation authorities, taxes payable",liability,payable,credit,0,payables,"Trade payables and trade receivables / Public entities / Taxation authorities, taxes payable / VAT payable",liability_payable,1,,account_common_4750,
4751,"Taxation authorities, withholding tax",liability,current_liability,credit,0,,"Trade payables and trade receivables / Public entities / Taxation authorities, taxes payable / Taxation authorities, withholding tax",liability_current,0,,account_common_4751,
4752,"Taxation authorities, income tax payable",liability,current_liability,credit,0,,"Trade payables and trade receivables / Public entities / Taxation authorities, taxes payable / Income tax payable",liability_current,1,,account_common_4752,
4758,"Taxation authorities, repayable grants",liability,current_liability,credit,0,,"Trade payables and trade receivables / Public entities / Taxation authorities, taxes payable / Repayable grants",liability_current,1,,account_common_4758,
4759,"Taxation authorities, credit for other concepts",liability,current_liability,credit,0,,"Trade payables and trade receivables / Public entities / Taxation authorities, taxes payable / Other payables",liability_current,0,,account_common_4759,
476,"Social security, payables",liability,current_liability,credit,0,,"Trade payables and trade receivables / Public entities / Social Security, payables",liability_current,0,,account_common_476,
477,"Taxation authorities, output VAT",liability,current_liability,credit,0,,Trade payables and trade receivables / Public entities / Output VAT,liability_current,0,,account_common_477,
479,Liabilities arising from taxable temporary differences,liability,non_current_liability,credit,0,,Trade payables and trade receivables / Public entities / Liabilities arising from taxable temporary differences,liability_non_current,0,,account_common_479,
480,Prepaid expenses,asset,current_asset,debit,0,,Trade payables and trade receivables / Prepaid expenses and deferred income / Prepaid expenses,asset_current,0,,account_common_480,
485,Deferred income,liability,current_liability,credit,0,,Trade payables and trade receivables / Prepaid expenses and deferred income / Deferred income,liability_current,0,,account_common_485,
490,Impairment of trade receivables,liability,current_liability,credit,0,,Trade payables and trade receivables / Impairment of trade receivables and current provisions / Impairment of trade receivables,liability_current,0,,account_common_mainland_490,
4933,Impairment of trade receivables from group companies,liability,current_liability,credit,0,,Trade payables and trade receivables / Impairment of trade receivables and current provisions / Impairment of trade receivables from related parties / Impairment of trade receivables from group companies,liability_current,1,,account_common_4933,
4934,Impairment of trade receivables from associates,liability,current_liability,credit,0,,Trade payables and trade receivables / Impairment of trade receivables and current provisions / Impairment of trade receivables from related parties / Impairment of trade receivables from associates,liability_current,1,,account_common_4934,
4935,Impairment of trade receivables from other related parties,liability,current_liability,credit,0,,Trade payables and trade receivables / Impairment of trade receivables and current provisions / Impairment of trade receivables from related parties / Impairment of trade receivables from other related parties,liability_current,1,,account_common_4935,
4994,Provision for onerous contracts,liability,current_liability,credit,0,,Trade payables and trade receivables / Impairment of trade receivables and current provisions / Trade provisions / Provisions for onerous contracts,liability_current,1,,account_common_4994,
4999,Provision for other trade operations,liability,current_liability,credit,0,,Trade payables and trade receivables / Impairment of trade receivables and current provisions / Trade provisions / Provisions for other trade operations,liability_current,1,,account_common_4999,
500,Current bonds and obligations,liability,current_liability,credit,0,,"Financial accounts / Current debentures, payables of a special nature and similar issuances / Current bonds and obligations",liability_current,0,,account_common_500,
502,Current liability-classified cooperative social capital,liability,current_liability,credit,0,,"Financial accounts / Current debentures, payables of a special nature and similar issuances / Current liability-classified shares or equity holdings",liability_current,0,,account_common_mainland_502,
505,Other current marketable securities,liability,current_liability,credit,0,,"Financial accounts / Current debentures, payables of a special nature and similar issuances / Other current marketable securities",liability_current,0,,account_common_505,
506,Current interest on debentures and similar issues,liability,current_liability,credit,0,,"Financial accounts / Current debentures, payables of a special nature and similar issuances / Current interest on debentures and similar issues",liability_current,0,,account_common_506,
507,Dividends payable on liability-classified instruments,liability,current_liability,credit,0,,"Financial accounts / Current debentures, payables of a special nature and similar issuances / Dividends payable on liability-classified instruments",liability_current,0,,account_common_507,
5090,Redeemed bonds and obligations,liability,current_liability,credit,0,,"Financial accounts / Current debentures, payables of a special nature and similar issuances / Redeemed marketable securities / Redeemed bonds and obligations",liability_current,1,,account_common_5090,
5095,Other redeemed marketable securities,liability,current_liability,credit,0,,"Financial accounts / Current debentures, payables of a special nature and similar issuances / Redeemed marketable securities / Other redeemed marketable securities",liability_current,1,,account_common_5095,
5103,"Current debt with financial institutions, group companies",liability,current_liability,credit,0,,"Financial accounts / Current payables to related parties / Current debt with related financial institutions / Current debt with financial institutions, group companies",liability_current,0,,account_common_5103,
5104,"Current debt with financial institutions, associates",liability,current_liability,credit,0,,"Financial accounts / Current payables to related parties / Current debt with related financial institutions / Current debt with financial institutions, associates",liability_current,0,,account_common_5104,
5105,Current debt with other related financial institutions,liability,current_liability,credit,0,,Financial accounts / Current payables to related parties / Current debt with related financial institutions / Current debt with other related financial institutions,liability_current,0,,account_common_5105,
5113,"Current payables to suppliers of fixed assets, group companies",liability,current_liability,credit,0,,"Financial accounts / Current payables to related parties / Current payables to suppliers of fixed assets, related parties / Current payables to suppliers of fixed assets, group companies",liability_current,0,,account_common_5113,
5114,"Current payables to suppliers of fixed assets, associates",liability,current_liability,credit,0,,"Financial accounts / Current payables to related parties / Current payables to suppliers of fixed assets, related parties / Current payables to suppliers of fixed assets, associates",liability_current,0,,account_common_5114,
5115,"Current payables to suppliers of fixed assets, other related parties",liability,current_liability,credit,0,,"Financial accounts / Current payables to related parties / Current payables to suppliers of fixed assets, related parties / Current payables to suppliers of fixed assets, other related parties",liability_current,0,,account_common_5115,
5123,"Current finance lease payables, group companies",liability,current_liability,credit,0,,"Financial accounts / Current payables to related parties / Current finance lease payables, related parties / Current finance lease payables, group companies",liability_current,0,,account_common_5123,
5124,"Current finance lease payables, associates",liability,current_liability,credit,0,,"Financial accounts / Current payables to related parties / Current finance lease payables, related parties / Current finance lease payables, associates",liability_current,0,,account_common_5124,
5125,"Current finance lease payables, other related parties",liability,current_liability,credit,0,,"Financial accounts / Current payables to related parties / Current finance lease payables, related parties / Current finance lease payables, other related parties",liability_current,0,,account_common_5125,
5133,"Other current payables, group companies",liability,current_liability,credit,0,,"Financial accounts / Current payables to related parties / Other current payables to related parties / Other current payables, group companies",liability_current,0,,account_common_5133,
5134,"Other current payables, associates",liability,current_liability,credit,0,,"Financial accounts / Current payables to related parties / Other current payables to related parties / Other current payables, associates",liability_current,0,,account_common_5134,
5135,"Other current payables, other related parties",liability,current_liability,credit,0,,"Financial accounts / Current payables to related parties / Other current payables to related parties / Other current payables, other related parties",liability_current,0,,account_common_5135,
5143,"Current interest on payables, group companies",liability,current_liability,credit,0,,"Financial accounts / Current payables to related parties / Current interest on payables to related parties / Current interest on payables, group companies",liability_current,0,,account_common_5143,
5144,"Current interest on payables, associates",liability,current_liability,credit,0,,"Financial accounts / Current payables to related parties / Current interest on payables to related parties / Current interest on payables, associates",liability_current,0,,account_common_5144,
5145,"Current interest on payables, other related parties",liability,current_liability,credit,0,,"Financial accounts / Current payables to related parties / Current interest on payables to related parties / Current interest on payables, other related parties",liability_current,0,,account_common_5145,
5200,Current loans from financial institutions,liability,current_liability,credit,0,,Financial accounts / Current payables for loans and other / Current debt with financial institutions / Current loans from financial institutions,liability_current,1,,account_common_5200,
5201,Current payables for drawdowns on credit facilities,liability,current_liability,credit,0,,Financial accounts / Current payables for loans and other / Current debt with financial institutions / Current payables for drawdowns on credit facilities,liability_current,1,,account_common_5201,
5208,"Payables, discounted trade bills",liability,current_liability,credit,0,,"Financial accounts / Current payables for loans and other / Current debt with financial institutions / Payables, discounted trade bills",liability_current,1,,account_common_5208,
5209,"Payables, factoring",liability,current_liability,credit,0,,"Financial accounts / Current payables for loans and other / Current debt with financial institutions / Payables, factoring",liability_current,1,,account_common_5209,
521,Current debts for reimbursement of contributions to partners,liability,current_liability,credit,0,,Financial accounts / Current payables for loans and other / Current payables,liability_current,0,,account_common_mainland_521,
5211,Current payables for mandatory reserve fund,liability,current_liability,credit,0,,Financial accounts / Current payables for loans and other / Current payables,liability_current,0,,account_coop_5211,
5212,Current payables for reimbursement or restatement fund,liability,current_liability,credit,0,,Financial accounts / Current payables for loans and other / Current payables,liability_current,0,,account_coop_5212,
5213,Current payables for voluntary reserve fund,liability,current_liability,credit,0,,Financial accounts / Current payables for loans and other / Current payables,liability_current,0,,account_coop_5213,
5214,Current payables for capitalized funds,liability,current_liability,credit,0,,Financial accounts / Current payables for loans and other / Current payables,liability_current,0,,account_coop_5214,
522,"Current payables convertible into grants, donations and bequests",liability,current_liability,credit,0,,"Financial accounts / Current payables for loans and other / Current payables convertible into grants, donations and bequests",liability_current,0,,account_common_522,
523,Current payables to suppliers of fixed assets,liability,payable,credit,0,payables,Financial accounts / Current payables for loans and other / Current payables to suppliers of fixed assets,liability_payable,1,,account_common_523,
524,Current finance lease payables,liability,current_liability,credit,0,,Financial accounts / Current payables for loans and other / Current finance lease payables,liability_current,0,,account_common_524,
525,Current bills payable,liability,current_liability,credit,0,,Financial accounts / Current payables for loans and other / Current bills payable,liability_current,0,,account_common_525,
526,Current cooperative return and discretionary remuneration payable,liability,current_liability,credit,0,,Financial accounts / Current payables for loans and other / Dividend payable,liability_current,0,,account_common_mainland_526,
527,Current interest on debt with financial institutions,liability,current_liability,credit,0,,Financial accounts / Current payables for loans and other / Current interest on debt with financial institutions,liability_current,0,,account_common_527,
528,Current interest on payables,liability,current_liability,credit,0,,Financial accounts / Current payables for loans and other / Current interest on payables,liability_current,0,,account_common_528,
5290,Current provisions for employee benefits,liability,current_liability,credit,0,,Financial accounts / Current payables for loans and other / Current provisions / Current provisions for employee benefits,liability_current,1,,account_common_5290,
5291,Current provisions for taxes,liability,current_liability,credit,0,,Financial accounts / Current payables for loans and other / Current provisions / Current provisions for taxes,liability_current,1,,account_common_5291,
5292,Current provisions for other liabilities,liability,current_liability,credit,0,,Financial accounts / Current payables for loans and other / Current provisions / Current provisions for other liabilities,liability_current,1,,account_common_5292,
5293,"Current provisions for dismantlement, removal or restoration of fixed assets",liability,current_liability,credit,0,,"Financial accounts / Current payables for loans and other / Current provisions / Current provisions for dismantlement, removal or restoration of fixed assets",liability_current,1,,account_common_5293,
5295,Current provisions for environmental actions,liability,current_liability,credit,0,,Financial accounts / Current payables for loans and other / Current provisions / Current provisions for environmental actions,liability_current,1,,account_common_5295,
5298,"Current Education, Training and Promotion Fund",liability,current_liability,credit,0,,"Financial accounts / Current payables for loans and other / Current provisions / Current Education, Training and Promotion Fund",liability_current,0,,account_coop_5298,
5303,Current investments in group companies,asset,current_asset,debit,0,,Financial accounts / Current investments in related parties / Current investments in related parties / Current investments in group companies,asset_current,0,,account_common_5303,
5304,Current investments in associates,asset,current_asset,debit,0,,Financial accounts / Current investments in related parties / Current investments in related parties / Current investments in associates,asset_current,0,,account_common_5304,
5305,Current investments in other related parties,asset,current_asset,debit,0,,Financial accounts / Current investments in related parties / Current investments in related parties / Current investments in other related parties,asset_current,0,,account_common_5305,
5313,Current debt securities of group companies,asset,current_asset,debit,0,,Financial accounts / Current investments in related parties / Current debt securities of related parties / Current debt securities of group companies,asset_current,0,,account_common_5313,
5314,Current debt securities of associates,asset,current_asset,debit,0,,Financial accounts / Current investments in related parties / Current debt securities of related parties / Current debt securities of associates,asset_current,0,,account_common_5314,
5315,Current debt securities of other related parties,asset,current_asset,debit,0,,Financial accounts / Current investments in related parties / Current debt securities of related parties / Current debt securities of other related parties,asset_current,0,,account_common_5315,
5323,Current loans to group companies,asset,current_asset,debit,0,,Financial accounts / Current investments in related parties / Current loans to related parties / Current loans to group companies,asset_current,0,,account_common_5323,
5324,Current loans to associates,asset,current_asset,debit,0,,Financial accounts / Current investments in related parties / Current loans to related parties / Current loans to associates,asset_current,0,,account_common_5324,
5325,Current loans to other related parties,asset,current_asset,debit,0,,Financial accounts / Current investments in related parties / Current loans to related parties / Current loans to other related parties,asset_current,0,,account_common_5325,
5333,Current interest on debt securities of group companies,asset,current_asset,debit,0,,Financial accounts / Current investments in related parties / Current interest on debt securities of related parties / Current interest on debt securities of group companies,asset_current,0,,account_common_5333,
5334,Current interest on debt securities of associates,asset,current_asset,debit,0,,Financial accounts / Current investments in related parties / Current interest on debt securities of related parties / Current interest on debt securities of associates,asset_current,0,,account_common_5334,
5335,Current interest on debt securities of other related parties,asset,current_asset,debit,0,,Financial accounts / Current investments in related parties / Current interest on debt securities of related parties / Current interest on debt securities of other related parties,asset_current,0,,account_common_5335,
5343,Current interest on loans to group companies,asset,current_asset,debit,0,,Financial accounts / Current investments in related parties / Current interest on loans to related parties / Current interest on loans to group companies,asset_current,0,,account_common_5343,
5344,Current interest on loans to associates,asset,current_asset,debit,0,,Financial accounts / Current investments in related parties / Current interest on loans to related parties / Current interest on loans to associates,asset_current,0,,account_common_5344,
5345,Current interest on loans to other related parties,asset,current_asset,debit,0,,Financial accounts / Current investments in related parties / Current interest on loans to related parties / Current interest on loans to other related parties,asset_current,0,,account_common_5345,
5353,Dividend receivable from group companies,asset,current_asset,debit,0,,Financial accounts / Current investments in related parties / Dividend receivable on investments in related parties / Dividend receivable from group companies,asset_current,0,,account_common_5353,
5354,Dividend receivable from associates,asset,current_asset,debit,0,,Financial accounts / Current investments in related parties / Dividend receivable on investments in related parties / Dividend receivable from associates,asset_current,0,,account_common_5354,
5355,Dividend receivable from other related parties,asset,current_asset,debit,0,,Financial accounts / Current investments in related parties / Dividend receivable on investments in related parties / Dividend receivable from other related parties,asset_current,0,,account_common_5355,
5393,Current uncalled equity holdings in group companies,asset,current_asset,debit,0,,Financial accounts / Current investments in related parties / Current uncalled equity holdings in related parties / Current uncalled equity holdings in group companies,asset_current,0,,account_common_5393,
5394,Current uncalled equity holdings in associates,asset,current_asset,debit,0,,Financial accounts / Current investments in related parties / Current uncalled equity holdings in related parties / Current uncalled equity holdings in associates,asset_current,0,,account_common_5394,
5395,Current uncalled equity holdings in other related parties,asset,current_asset,debit,0,,Financial accounts / Current investments in related parties / Current uncalled equity holdings in related parties / Current uncalled equity holdings in other related parties,asset_current,0,,account_common_5395,
540,Current investments in equity instruments,asset,current_asset,debit,0,,Financial accounts / Other current investments / Current investments in equity instruments,asset_current,0,,account_common_540,
541,Current debt securities,asset,current_asset,debit,0,,Financial accounts / Other current investments / Current debt securities,asset_current,0,,account_common_541,
542,Current loans,asset,current_asset,debit,0,,Financial accounts / Other current investments / Current loans,asset_current,0,,account_common_542,
5427,Current loans with partners for losses to be compensated,liability,current_liability,credit,0,,Financial accounts / Other current investments / Current loans,liability_current,0,,account_coop_5427,
543,Current loans for disposal of fixed assets,asset,current_asset,debit,0,,Financial accounts / Other current investments / Current loans for disposal of fixed assets,asset_current,0,,account_common_543,
544,Current loans to personnel,asset,current_asset,debit,0,,Financial accounts / Other current investments / Current loans to personnel,asset_current,0,,account_common_544,
545,Dividend receivable,asset,current_asset,debit,0,,Financial accounts / Other current investments / Dividend receivable,asset_current,0,,account_common_545,
546,Current interest on debt securities,asset,current_asset,debit,0,,Financial accounts / Other current investments / Current interest on debt securities,asset_current,0,,account_common_546,
547,Current interest on loans,asset,current_asset,debit,0,,Financial accounts / Other current investments / Current interest on loans,asset_current,0,,account_common_547,
548,Current deposits,asset,current_asset,debit,0,,Financial accounts / Other current investments / Current deposits,asset_current,0,,account_common_548,
549,Current uncalled equity holdings,asset,current_asset,debit,0,,Financial accounts / Other current investments / Current uncalled equity holdings,asset_current,0,,account_common_549,
550,Current account with owner,asset,current_asset,debit,0,,Financial accounts / Accounts other than bank accounts / Current account with owner,asset_current,0,,account_common_550,
551,Current account with partners and administrators,asset,current_asset,debit,0,,Financial accounts / Accounts other than bank accounts / Current account with equity holders and directors,asset_current,0,,account_common_mainland_551,
5523,Current account with group companies,asset,current_asset,debit,0,,Financial accounts / Accounts other than bank accounts / Current account with other individuals and related entities / Current account with group companies,asset_current,0,,account_common_5523,
5524,Current account with associates,asset,current_asset,debit,0,,Financial accounts / Accounts other than bank accounts / Current account with other individuals and related entities / Current account with associates,asset_current,0,,account_common_5524,
5525,Current account with other related parties,asset,current_asset,debit,0,,Financial accounts / Accounts other than bank accounts / Current account with other individuals and related entities / Current account with other related parties,asset_current,0,,account_common_5525,
554,Current account with temporary joint ventures and co-ownerships,asset,current_asset,debit,0,,Financial accounts / Accounts other than bank accounts / Current account with temporary joint ventures and co-ownerships,asset_current,0,,account_common_554,
555,Items pending application,liability,current_liability,credit,0,,Financial accounts / Accounts other than bank accounts / Items pending application,liability_current,0,,account_common_555,
5563,"Called-up equity holdings, group companies",liability,current_liability,credit,0,,"Financial accounts / Accounts other than bank accounts / Called-up equity holdings / Called-up equity holdings, group companies",liability_current,0,,account_common_5563,
5564,"Called-up equity holdings, associates",liability,current_liability,credit,0,,"Financial accounts / Accounts other than bank accounts / Called-up equity holdings / Called-up equity holdings, associates",liability_current,0,,account_common_5564,
5565,"Called-up equity holdings, other related parties",liability,current_liability,credit,0,,"Financial accounts / Accounts other than bank accounts / Called-up equity holdings / Called-up equity holdings, other related parties",liability_current,0,,account_common_5565,
5566,Called-up equity holdings of other companies,liability,current_liability,credit,0,,Financial accounts / Accounts other than bank accounts / Called-up equity holdings / Called-up equity holdings of other companies,liability_current,0,,account_common_5566,
557,Interim dividend,asset,current_asset,debit,0,,Financial accounts / Accounts other than bank accounts / Interim dividend,asset_current,0,,account_common_557,
5580,Receivable on called-up ordinary shares or equity holdings,asset,current_asset,debit,0,,Financial accounts / Accounts other than bank accounts / Receivable on called-up capital / Receivable on called-up ordinary shares or equity holdings,asset_current,0,,account_common_5580,
5585,Receivable on called-up liability-classified cooperative social capital,liability,current_liability,credit,0,,Financial accounts / Accounts other than bank accounts / Receivable on called-up capital / Receivable on called-up liability-classified shares or equity holdings,liability_current,0,,account_common_mainland_5585,
5590,"Current assets arising from derivative financial instruments, trading portfolio",asset,current_asset,debit,0,,"Financial accounts / Accounts other than bank accounts / Current derivative financial instruments / Current assets arising from derivative financial instruments, trading portfolio",asset_current,0,,account_common_5590,
5595,"Current liabilities arising from derivative financial instruments, trading portfolio",liability,current_liability,credit,0,,"Financial accounts / Accounts other than bank accounts / Current derivative financial instruments / Current liabilities arising from derivative financial instruments, trading portfolio",liability_current,0,,account_common_5595,
560,Current guarantees received,liability,current_liability,credit,0,,"Financial accounts / Current guarantees, deposits, prepaid expenses and deferred income / Current guarantees received",liability_current,0,,account_common_560,
561,Current deposits received,liability,current_liability,credit,0,,"Financial accounts / Current guarantees, deposits, prepaid expenses and deferred income / Current deposits received",liability_current,0,,account_common_561,
565,Current guarantees extended,asset,current_asset,debit,0,,"Financial accounts / Current guarantees, deposits, prepaid expenses and deferred income / Current guarantees extended",asset_current,0,,account_common_565,
566,Current deposits extended,asset,current_asset,debit,0,,"Financial accounts / Current guarantees, deposits, prepaid expenses and deferred income / Current deposits extended",asset_current,0,,account_common_566,
567,Prepaid interest,asset,current_asset,debit,0,,"Financial accounts / Current guarantees, deposits, prepaid expenses and deferred income / Prepaid interest",asset_current,0,,account_common_567,
568,Unearned interest received,liability,current_liability,credit,0,,"Financial accounts / Current guarantees, deposits, prepaid expenses and deferred income / Unearned interest received",liability_current,0,,account_common_568,
570,"Cash, euros",asset,cash_bank,debit,0,cash_bank,"Financial accounts / Cash / Cash, euros",asset_cash,0,,account_common_570,
571,"Cash, foreign currencies",asset,cash_bank,debit,0,cash_bank,"Financial accounts / Cash / Cash, foreign currency",asset_cash,0,,account_common_571,
572,"Banks and financial institutions, demand current accounts, euros",asset,cash_bank,debit,0,cash_bank,"Financial accounts / Cash / Banks and financial institutions, demand current accounts, euros",asset_cash,0,,account_common_572,
572998,Transitory account,asset,current_asset,debit,0,,"Financial accounts / Cash / Banks and financial institutions, demand current accounts, euros",asset_current,0,,account_common_572998,
573,"Banks and financial institutions, demand current accounts, foreign currency",asset,cash_bank,debit,0,cash_bank,"Financial accounts / Cash / Banks and financial institutions, demand current accounts, foreign currency",asset_cash,0,,account_common_573,
574,"Banks and financial institutions, saving accounts, euros",asset,cash_bank,debit,0,cash_bank,"Financial accounts / Cash / Banks and financial institutions, savings accounts, euros",asset_cash,0,,account_common_574,
575,"Banks and financial institutions, saving accounts, foreign currency",asset,cash_bank,debit,0,cash_bank,"Financial accounts / Cash / Banks and financial institutions, savings accounts, foreign currency",asset_cash,0,,account_common_575,
576,Short-term highly-liquid investments,asset,current_asset,debit,0,,Financial accounts / Cash / Short-term highly-liquid investments,asset_current,0,,account_common_576,
5933,Impairment of current investments in group companies,asset,current_asset,debit,0,,Financial accounts / Impairment of current investments and non-current assets held for sale / Impairment of current investments in related parties / Impairment of current investments in group companies,asset_current,0,,account_common_5933,
5934,Impairment of current investments in associates,asset,current_asset,debit,0,,Financial accounts / Impairment of current investments and non-current assets held for sale / Impairment of current investments in related parties / Impairment of current investments in associates,asset_current,0,,account_common_5934,
5935,Impairment of current investments in other related parties,asset,current_asset,debit,0,,Financial accounts / Impairment of current investments and non-current assets held for sale / Impairment of current investments in related parties,asset_current,0,,account_coop_5935,
5943,Impairment of current debt securities of group companies,asset,current_asset,debit,0,,Financial accounts / Impairment of current investments and non-current assets held for sale / Impairment of current debt securities of related parties / Impairment of current debt securities of group companies,asset_current,0,,account_common_5943,
5944,Impairment of current debt securities of associates,asset,current_asset,debit,0,,Financial accounts / Impairment of current investments and non-current assets held for sale / Impairment of current debt securities of related parties / Impairment of current debt securities of associates,asset_current,0,,account_common_5944,
5945,Impairment of current debt securities of other related parties,asset,current_asset,debit,0,,Financial accounts / Impairment of current investments and non-current assets held for sale / Impairment of current debt securities of related parties / Impairment of current debt securities of other related parties,asset_current,0,,account_common_5945,
5953,Impairment of current loans to group companies,asset,current_asset,debit,0,,Financial accounts / Impairment of current investments and non-current assets held for sale / Impairment of current loans to related parties / Impairment of current loans to group companies,asset_current,0,,account_common_5953,
5954,Impairment of current loans to associates,asset,current_asset,debit,0,,Financial accounts / Impairment of current investments and non-current assets held for sale / Impairment of current loans to related parties / Impairment of current loans to associates,asset_current,0,,account_common_5954,
5955,Impairment of current loans to other related parties,asset,current_asset,debit,0,,Financial accounts / Impairment of current investments and non-current assets held for sale / Impairment of current loans to related parties / Impairment of current loans to other related parties,asset_current,0,,account_common_5955,
596,Impairment of current investments,asset,current_asset,debit,0,,Financial accounts / Impairment of current investments and non-current assets held for sale / Impairment of current investments,asset_current,0,,account_coop_596,
597,Impairment of current debt securities,asset,current_asset,debit,0,,Financial accounts / Impairment of current investments and non-current assets held for sale / Impairment of current debt securities,asset_current,0,,account_common_597,
598,Impairment of current loans,asset,current_asset,debit,0,,Financial accounts / Impairment of current investments and non-current assets held for sale / Impairment of current loans,asset_current,0,,account_common_598,
600,Merchandise purchased,expense,expense,debit,0,expense,Purchases and expenses / Purchases / Merchandise purchased,expense,0,Purchase of goods intended for resale,account_common_600,default_for_expense
601,Raw materials purchased,expense,expense,debit,0,,Purchases and expenses / Purchases / Raw materials purchased,expense,0,Purchase of materials to be transformed or used in manufacturing,account_common_601,
602,Other supplies purchased,expense,expense,debit,0,,Purchases and expenses / Purchases / Other supplies purchased,expense,0,"Purchase of other materials or supplies (e.g., packaging, office consumables)",account_common_602,
605,Purchases made from partners,expense,expense,debit,0,,Purchases and expenses / Purchases / Purchases made from partners,expense,0,,account_coop_605,
6060,Prompt payment discounts on merchandise purchased,expense,other_expense,debit,0,,Purchases and expenses / Purchases / Prompt payment discounts on purchases / Prompt payment discounts on merchandise purchased,expense_other,0,,account_common_6060,
6061,Prompt payment discounts on raw materials purchased,expense,other_expense,debit,0,,Purchases and expenses / Purchases / Prompt payment discounts on purchases / Prompt payment discounts on raw materials purchased,expense_other,0,,account_common_6061,
6062,Prompt payment discounts on other supplies purchased,expense,other_expense,debit,0,,Purchases and expenses / Purchases / Prompt payment discounts on purchases / Prompt payment discounts on other supplies purchased,expense_other,0,,account_common_6062,
607,Subcontracted work,expense,expense,debit,0,,Purchases and expenses / Purchases / Subcontracted work,expense,0,Costs for outsourced work or specific projects by external firms,account_common_607,
6080,Returns of merchandise purchased,expense,expense,debit,0,,Purchases and expenses / Purchases / Purchase returns and similar transactions / Returns of merchandise purchased,expense,0,,account_common_6080,
6081,Returns of raw materials purchased,expense,expense,debit,0,,Purchases and expenses / Purchases / Purchase returns and similar transactions / Returns of raw materials purchased,expense,0,,account_common_6081,
6082,Returns of other supplies purchased,expense,expense,debit,0,,Purchases and expenses / Purchases / Purchase returns and similar transactions / Returns of other supplies purchased,expense,0,,account_common_6082,
6090,"""Rappels"" of merchandise purchased",expense,expense,debit,0,,Purchases and expenses / Purchases / «Rappels» of purchases / «Rappels» of merchandises purchased,expense,0,,account_common_6090,
6091,"""Rappels"" of raw materials purchased",expense,expense,debit,0,,Purchases and expenses / Purchases / «Rappels» of purchases / «Rappels» of raw materials purchased,expense,0,,account_common_6091,
6092,"""Rappels"" of other supplies purchased",expense,expense,debit,0,,Purchases and expenses / Purchases / «Rappels» of purchases / «Rappels» of other supplies purchased,expense,0,,account_common_6092,
610,Changes in inventories of merchandise,expense,other_expense,debit,0,,Purchases and expenses / Changes in inventories / Changes in inventories of merchandise,expense_other,0,,account_common_610,
611,Changes in inventories of raw materials,expense,other_expense,debit,0,,Purchases and expenses / Changes in inventories / Changes in inventories of raw materials,expense_other,0,,account_common_611,
612,Changes in inventories of other supplies,expense,other_expense,debit,0,,Purchases and expenses / Changes in inventories / Changes in inventories of other supplies,expense_other,0,,account_common_612,
617,Variations in inventories acquired from partners,expense,expense,debit,0,,Purchases and expenses / Changes in inventories / Variations in inventories acquired from partners,expense,0,,account_coop_617,
620,Research and development expenses for the period,expense,expense,debit,0,,Purchases and expenses / External services / Research and development expenses for the period,expense,0,Research and development expenses not capitalized as assets,account_common_620,
621,Leases and royalties,expense,expense,debit,0,,Purchases and expenses / External services / Leases and royalties,expense,0,"Costs for renting property, equipment, or use of intellectual property",account_common_621,
622,Repairs and maintenance,expense,expense,debit,0,,Purchases and expenses / External services / Repairs and maintenance,expense,0,Costs to maintain fixed assets in working condition,account_common_622,
623,Independent professional services,expense,expense,debit,0,,Purchases and expenses / External services / Independent professional services,expense,0,External professional services,account_common_623,
6231,Accounting,expense,expense,debit,0,,Purchases and expenses / External services / Independent professional services,expense,0,Accounting and tax services,account_common_6231,
6232,Legal Expenses,expense,expense,debit,0,,Purchases and expenses / External services / Independent professional services,expense,0,"Legal services (lawyers, representation, ...)",account_common_6232,
6233,Import fees,expense,expense,debit,0,,Purchases and expenses / External services / Independent professional services,expense,0,"Importing services (transport, customs, ...)",account_common_6233,
624,Transports,expense,expense,debit,0,,Purchases and expenses / External services / Transport,expense,0,General costs related to the transport of goods or people for business,account_common_624,
6241,Flights,expense,expense,debit,0,,Purchases and expenses / External services / Transport,expense,0,Flight travels of people,account_common_6241,
6242,Public transportation,expense,expense,debit,0,,Purchases and expenses / External services / Transport,expense,0,Regular public transportation of people,account_common_6242,
625,Insurance premiums,expense,expense,debit,0,,Purchases and expenses / External services / Insurance premiums,expense,0,Payments for various types of business insurance,account_common_625,
6251,Fire insurance,expense,expense,debit,0,,Purchases and expenses / External services / Insurance premiums,expense,0,Fire insurance,account_common_6251,
6252,Professional insurance,expense,expense,debit,0,,Purchases and expenses / External services / Insurance premiums,expense,0,Professional insurance payments,account_common_6252,
6253,Legal Protection insurance,expense,expense,debit,0,,Purchases and expenses / External services / Insurance premiums,expense,0,Legal Protection insurance payments,account_common_6253,
6254,Professional liability insurance,expense,expense,debit,0,,Purchases and expenses / External services / Insurance premiums,expense,0,Professional liability insurance payments,account_common_6254,
626,Banking and similar services,expense,expense,debit,0,,Purchases and expenses / External services / Banking and similar services,expense,0,Fees and commissions charged by banks and financial institutions,account_common_626,
627,"Advertising, publicity and public relations",expense,expense,debit,0,,"Purchases and expenses / External services / Advertising, publicity and public relations",expense,0,"Expenses for marketing, advertising, and public relations activities",account_common_627,
6271,Business gifts,expense,expense,debit,0,,"Purchases and expenses / External services / Advertising, publicity and public relations",expense,0,Business gifts offered to partners,account_common_6271,
628,Utilities,expense,expense,debit,0,,Purchases and expenses / External services / Utilities,expense,0,Costs for essential services,account_common_628,
6281,"Water, Electricity, Gas",expense,expense,debit,0,,Purchases and expenses / External services / Utilities,expense,0,"Water, Electricity and Gas expenses incurred in the context of your company",account_common_6281,
6282,Fuel,expense,expense,debit,0,,Purchases and expenses / External services / Utilities,expense,0,Fuel expenses for cars,account_common_6282,
6283,Phone & internet,expense,expense,debit,0,,Purchases and expenses / External services / Utilities,expense,0,Phone & Internet bills from your providers,account_common_6283,
629,Other services,expense,expense,debit,0,,Purchases and expenses / External services / Other services,expense,0,General category for various external services not specifically listed,account_common_629,
6291,Software expenses,expense,expense,debit,0,,Purchases and expenses / External services / Other services,expense,0,General expenses for softwares used in your company,account_common_6291,
6292,Administration fees,expense,expense,debit,0,,Purchases and expenses / External services / Other services,expense,0,Various expenses incurred for the administration of your company,account_common_6292,
6293,Office maintenance costs,expense,expense,debit,0,,Purchases and expenses / External services / Other services,expense,0,Various expenses incurred for the maintenance of offices and buildings used by your company,account_common_6293,
6294,Membership fees,expense,expense,debit,0,,Purchases and expenses / External services / Other services,expense,0,"Membership feeds to groups, clubs and associations",account_common_6294,
6295,Food & Restaurant,expense,expense,debit,0,,Purchases and expenses / External services / Other services,expense,0,"General expenses for food, reception, canteen, bar & restaurant",account_common_6295,
6296,Training and documentation,expense,expense,debit,0,,Purchases and expenses / External services / Other services,expense,0,"Training expenses including books, subscriptions and occasional expenses",account_common_6296,
6300,Current tax,expense,expense,debit,0,,Purchases and expenses / Taxes / Income tax / Current tax,expense,0,Expense for corporate income tax,account_common_6300,
6301,Deferred tax,expense,expense,debit,0,,Purchases and expenses / Taxes / Income tax / Deferred tax,expense,0,Delayed corporate income tax,account_common_6301,
631,Other taxes,expense,expense,debit,0,,Purchases and expenses / Taxes / Other taxes,expense,0,Other taxes and fees not related to income or VAT,account_common_631,
633,Negative adjustments to income tax,expense,other_expense,debit,0,,Purchases and expenses / Taxes / Negative adjustments to income tax,expense_other,0,Adjustments that increase tax expense,account_common_633,
6341,Negative adjustments to VAT on current assets,expense,other_expense,debit,0,,Purchases and expenses / Taxes / Negative adjustments to indirect taxes / Negative adjustments to VAT on current assets,expense_other,0,,account_common_6341,
6342,Negative adjustments to VAT on investments,expense,other_expense,debit,0,,Purchases and expenses / Taxes / Negative adjustments to indirect taxes / Negative adjustments to VAT on investments,expense_other,0,,account_common_6342,
636,Tax refunds,expense,other_expense,debit,0,,Purchases and expenses / Taxes / Tax refunds,expense_other,0,Reductions in tax expense from tax refunds received,account_common_636,
638,Positive adjustment to income tax,expense,other_expense,debit,0,,Purchases and expenses / Taxes / Positive adjustments to income tax,expense_other,0,Losses arising from consolidation adjustments,account_common_638,
6391,Positive adjustments to VAT on current assets,expense,other_expense,debit,0,,Purchases and expenses / Taxes / Positive adjustments to indirect taxes / Positive adjustments to VAT on current assets,expense_other,0,,account_common_6391,
6392,Positive adjustments to VAT on investments,expense,other_expense,debit,0,,Purchases and expenses / Taxes / Positive adjustments to indirect taxes / Positive adjustments to VAT on investments,expense_other,0,,account_common_6392,
640,Salaries and wages,expense,expense,debit,0,,Purchases and expenses / Personnel expenses / Salaries and wages,expense,0,Gross pay for employees,account_common_640,
641,Termination benefits,expense,expense,debit,0,,Purchases and expenses / Personnel expenses / Termination benefits,expense,0,Payments to employees due to dismissal or contract termination,account_common_641,
642,Social security payable by the company,expense,expense,debit,0,,Purchases and expenses / Personnel expenses / Social Security payable by the company,expense,0,Employer's share of social security contributions for employees,account_common_642,
647,Remuneration to working partners,expense,expense,debit,0,,Purchases and expenses / Personnel expenses / Remuneration to working partners,expense,0,,account_coop_647,
649,Employee benefits expense,expense,expense,debit,0,,Purchases and expenses / Personnel expenses / Employee benefits expense,expense,0,Miscellaneous staff-related expenses not specified,account_common_649,
650,Losses on uncollectible trade receivables,expense,other_expense,debit,0,,Purchases and expenses / Other expenses / Losses on irrecoverable trade receivables,expense_other,0,Losses from customer debts deemed uncollectible,account_coop_650,
6510,Profit transferred (trustee),expense,other_expense,debit,0,,Purchases and expenses / Other expenses / Results on profit-sharing agreements / Profit transferred (trustee),expense_other,0,Share of losses or expenses from joint operations,account_common_mainland_6510,
6511,Losses incurred (non-trustee venturer or associate),expense,other_expense,debit,0,,Purchases and expenses / Other expenses / Results on profit-sharing agreements / Losses incurred (non-trustee venturer or associate),expense_other,0,,account_common_mainland_6511,
657,"Endowment to the Education, Training and Promotion Fund",expense,expense,debit,0,,"Purchases and expenses / Other expenses / Endowment to the Education, Training and Promotion Fund",expense,0,,account_coop_657,
659,Other operating losses,expense,other_expense,debit,0,,Purchases and expenses / Other expenses / Other operating losses,expense_other,0,General management expenses not specifically categorized,account_coop_659,
660,Finance expense arising from provision adjustments,expense,other_expense,debit,0,,Purchases and expenses / Finance expenses / Finance expenses arising from provision adjustments,expense_other,0,,account_common_660,
6610,"Interest on non-current bonds and obligations, group companies",expense,other_expense,debit,0,,"Purchases and expenses / Finance expenses / Interest on bonds and obligations / Interest on non-current bonds and obligations, group companies",expense_other,0,,account_common_6610,
6611,"Interest on non-current bonds and obligations, associates",expense,other_expense,debit,0,,"Purchases and expenses / Finance expenses / Interest on bonds and obligations / Interest on non-current bonds and obligations, associates",expense_other,0,,account_common_6611,
6612,"Interest on non-current bonds and obligations, other related parties",expense,other_expense,debit,0,,"Purchases and expenses / Finance expenses / Interest on bonds and obligations / Interest on non-current bonds and obligations, other related parties",expense_other,0,,account_common_6612,
6613,"Interest on non-current bonds and obligations, other companies",expense,other_expense,debit,0,,"Purchases and expenses / Finance expenses / Interest on bonds and obligations / Interest on non-current bonds and obligations, other companies",expense_other,0,,account_common_6613,
6615,"Interest on current bonds and obligations, group companies",expense,other_expense,debit,0,,"Purchases and expenses / Finance expenses / Interest on bonds and obligations / Interest on current bonds and obligations, group companies",expense_other,0,,account_common_6615,
6616,"Interest on current bonds and obligations, associates",expense,other_expense,debit,0,,"Purchases and expenses / Finance expenses / Interest on bonds and obligations / Interest on current bonds and obligations, associates",expense_other,0,,account_common_6616,
6617,"Interest on current bonds and obligations, other related parties",expense,other_expense,debit,0,,"Purchases and expenses / Finance expenses / Interest on bonds and obligations / Interest on current bonds and obligations, other related parties",expense_other,0,,account_common_6617,
6618,"Interest on current bonds and obligations, other companies",expense,other_expense,debit,0,,"Purchases and expenses / Finance expenses / Interest on bonds and obligations / Interest on current bonds and obligations, other companies",expense_other,0,,account_common_6618,
6620,"Interest on payables, group companies",expense,other_expense,debit,0,,"Purchases and expenses / Finance expenses / Interest on payables / Interest on payables, group companies",expense_other,0,,account_common_6620,
6621,"Interest on payables, associates",expense,other_expense,debit,0,,"Purchases and expenses / Finance expenses / Interest on payables / Interest on payables, associates",expense_other,0,,account_common_6621,
6622,"Interest on payables, other related parties",expense,other_expense,debit,0,,"Purchases and expenses / Finance expenses / Interest on payables / Interest on payables, other related parties",expense_other,0,,account_common_6622,
6623,Interest on debt with financial institutions,expense,other_expense,debit,0,,Purchases and expenses / Finance expenses / Interest on payables / Interest on debt with financial institutions,expense_other,0,,account_common_6623,
6624,"Interest on payables, other companies",expense,other_expense,debit,0,,"Purchases and expenses / Finance expenses / Interest on payables / Interest on payables, other companies",expense_other,0,,account_common_6624,
663,Losses on fair value measurement of financial instruments,expense,other_expense,debit,0,,Purchases and expenses / Finance expenses / Losses on fair value measurement of financial instruments,expense_other,0,,account_common_mainland_663,
6640,"Dividends on liability-classified instruments, group companies",expense,other_expense,debit,0,,"Purchases and expenses / Finance expenses / Expenses arising on dividends payable on liability-classified instruments / Dividends on liability-classified instruments, group companies",expense_other,0,,account_common_6640,
6641,"Dividends on liability-classified instruments, associates",expense,other_expense,debit,0,,"Purchases and expenses / Finance expenses / Expenses arising on dividends payable on liability-classified instruments / Dividends on liability-classified instruments, associates",expense_other,0,,account_common_6641,
6642,"Dividends on liability-classified instruments, other related parties",expense,other_expense,debit,0,,"Purchases and expenses / Finance expenses / Expenses arising on dividends payable on liability-classified instruments / Dividends on liability-classified instruments, other related parties",expense_other,0,,account_common_6642,
6643,"Dividends on liability-classified instruments, other companies",expense,other_expense,debit,0,,"Purchases and expenses / Finance expenses / Expenses arising on dividends payable on liability-classified instruments / Dividends on liability-classified instruments, other companies",expense_other,0,,account_common_6643,
6647,Interest and mandatory return on liability-classified contributions to cooperative capital and other qualifying funds,expense,expense,debit,0,,Purchases and expenses / Finance expenses / Expenses arising on dividends payable on liability-classified instruments,expense,0,,account_coop_6647,
6650,Interest on bills discounted by group financial institutions,expense,other_expense,debit,0,,Purchases and expenses / Finance expenses / Interest on discounted bills and factoring transactions / Interest on bills discounted by group financial institutions,expense_other,0,,account_common_6650,
6651,Interest on bills discounted by associate financial institutions,expense,other_expense,debit,0,,Purchases and expenses / Finance expenses / Interest on discounted bills and factoring transactions / Interest on bills discounted by associate financial institutions,expense_other,0,,account_common_6651,
6652,Interest on bills discounted by other related financial institutions,expense,other_expense,debit,0,,Purchases and expenses / Finance expenses / Interest on discounted bills and factoring transactions / Interest on bills discounted by other related financial institutions,expense_other,0,,account_common_6652,
6653,Interest on bills discounted by other financial institutions,expense,other_expense,debit,0,,Purchases and expenses / Finance expenses / Interest on discounted bills and factoring transactions / Interest on bills discounted by other financial institutions,expense_other,0,,account_common_6653,
6654,Interest on factoring transactions with group financial institutions,expense,other_expense,debit,0,,Purchases and expenses / Finance expenses / Interest on discounted bills and factoring transactions / Interest on factoring transactions with group financial institutions,expense_other,0,,account_common_6654,
6655,Interest on factoring transactions with associate financial institutions,expense,other_expense,debit,0,,Purchases and expenses / Finance expenses / Interest on discounted bills and factoring transactions / Interest on factoring transactions with associate financial institutions,expense_other,0,,account_common_6655,
6656,Interest on factoring transactions with other related financial institutions,expense,other_expense,debit,0,,Purchases and expenses / Finance expenses / Interest on discounted bills and factoring transactions / Interest on factoring transactions with other related financial institutions,expense_other,0,,account_common_6656,
6657,Interest on factoring transactions with other financial institutions,expense,other_expense,debit,0,,Purchases and expenses / Finance expenses / Interest on discounted bills and factoring transactions / Interest on factoring transactions with other financial institutions,expense_other,0,,account_common_6657,
6660,"Losses on non-current debt securities, group companies",expense,other_expense,debit,0,,"Purchases and expenses / Finance expenses / Losses on investments and debt securities / Losses on non-current debt securities, group companies",expense_other,0,,account_common_6660,
6661,"Losses on non-current debt securities, associates",expense,other_expense,debit,0,,"Purchases and expenses / Finance expenses / Losses on investments and debt securities / Losses on non-current debt securities, associates",expense_other,0,,account_common_6661,
6662,"Losses on non-current debt securities, other related parties",expense,other_expense,debit,0,,"Purchases and expenses / Finance expenses / Losses on investments and debt securities / Losses on non-current debt securities, other related parties",expense_other,0,,account_common_6662,
6663,"Losses on non-current investments and debt securities, other companies",expense,other_expense,debit,0,,"Purchases and expenses / Finance expenses / Losses on investments and debt securities / Losses on non-current investments and debt securities, other companies",expense_other,0,,account_common_6663,
6665,"Losses on current investments and debt securities, group companies",expense,other_expense,debit,0,,"Purchases and expenses / Finance expenses / Losses on investments and debt securities / Losses on current investments and debt securities, group companies",expense_other,0,,account_common_6665,
6666,"Losses on current investments and debt securities, associates",expense,other_expense,debit,0,,"Purchases and expenses / Finance expenses / Losses on investments and debt securities / Losses on current investments and debt securities, associates",expense_other,0,,account_common_6666,
6667,"Losses on current debt securities, other related parties",expense,other_expense,debit,0,,"Purchases and expenses / Finance expenses / Losses on investments and debt securities / Losses on current debt securities, other related parties",expense_other,0,,account_common_6667,
6668,"Losses on current debt securities, other companies",expense,other_expense,debit,0,,"Purchases and expenses / Finance expenses / Losses on investments and debt securities / Losses on current debt securities, other companies",expense_other,0,,account_common_6668,
6670,"Losses on non-current non-trade receivables, group companies",expense,other_expense,debit,0,,"Purchases and expenses / Finance expenses / Losses on non-trade receivables / Losses on non-current non-trade receivables, group companies",expense_other,0,,account_common_6670,
6671,"Losses on non-current non-trade receivables, associates",expense,other_expense,debit,0,,"Purchases and expenses / Finance expenses / Losses on non-trade receivables / Losses on non-current non-trade receivables, associates",expense_other,0,,account_common_6671,
6672,"Losses on non-current non-trade receivables, other related parties",expense,other_expense,debit,0,,"Purchases and expenses / Finance expenses / Losses on non-trade receivables / Losses on non-current non-trade receivables, other related parties",expense_other,0,,account_common_6672,
6673,"Losses on non-current non-trade receivables, other companies",expense,other_expense,debit,0,,"Purchases and expenses / Finance expenses / Losses on non-trade receivables / Losses on non-current non-trade receivables, other companies",expense_other,0,,account_common_6673,
6675,"Losses on current non-trade receivables, group companies",expense,other_expense,debit,0,,"Purchases and expenses / Finance expenses / Losses on non-trade receivables / Losses on current non-trade receivables, group companies",expense_other,0,,account_common_6675,
6676,"Losses on current non-trade receivables, associates",expense,other_expense,debit,0,,"Purchases and expenses / Finance expenses / Losses on non-trade receivables / Losses on current non-trade receivables, associates",expense_other,0,,account_common_6676,
6677,"Losses on current non-trade receivables, other related parties",expense,other_expense,debit,0,,"Purchases and expenses / Finance expenses / Losses on non-trade receivables / Losses on current non-trade receivables, other related parties",expense_other,0,,account_common_6677,
6678,"Losses on current non-trade receivables, other companies",expense,other_expense,debit,0,,"Purchases and expenses / Finance expenses / Losses on non-trade receivables / Losses on current non-trade receivables, other companies",expense_other,0,,account_common_6678,
668,Exchange losses,expense,other_expense,debit,0,,Purchases and expenses / Finance expenses / Exchange losses,expense_other,0,Financial costs related to other types of debts,account_common_668,
669,Other finance expenses,expense,other_expense,debit,0,,Purchases and expenses / Finance expenses / Other finance expenses,expense_other,0,"Miscellaneous financial costs (e.g., bank commissions not specific to other financial operations)",account_common_669,
670,Losses on intangible assets,expense,other_expense,debit,0,,Purchases and expenses / Losses on non-current assets and exceptional expenses / Losses on intangible assets,expense_other,0,,account_common_670,
671,"Losses on property, plant and equipment",expense,other_expense,debit,0,,"Purchases and expenses / Losses on non-current assets and exceptional expenses / Losses on property, plant and equipment",expense_other,0,,account_common_mainland_671,
672,Losses on investment property,expense,other_expense,debit,0,,Purchases and expenses / Losses on non-current assets and exceptional expenses / Losses on investment property,expense_other,0,,account_common_672,
6733,"Losses on non-current investments, group companies",expense,other_expense,debit,0,,"Purchases and expenses / Losses on non-current assets and exceptional expenses / Losses on non-current investments in related parties / Losses on non-current investments, group companies",expense_other,0,,account_common_6733,
6734,"Losses on non-current investments, associates",expense,other_expense,debit,0,,"Purchases and expenses / Losses on non-current assets and exceptional expenses / Losses on non-current investments in related parties / Losses on non-current investments, associates",expense_other,0,,account_common_6734,
6735,"Losses on non-current investments, other related parties",expense,other_expense,debit,0,,"Purchases and expenses / Losses on non-current assets and exceptional expenses / Losses on non-current investments in related parties / Losses on non-current investments, other related parties",expense_other,0,,account_common_6735,
675,Losses on transactions with own bonds,expense,other_expense,debit,0,,Purchases and expenses / Losses on non-current assets and exceptional expenses / Losses on transactions with own bonds,expense_other,0,,account_common_675,
678,Exceptional expenses,expense,other_expense,debit,0,,Purchases and expenses / Losses on non-current assets and exceptional expenses / Exceptional expenses,expense_other,0,,account_common_678,
680,Amortisation of intangible assets,expense,depreciation,debit,0,,Purchases and expenses / Amortisation and depreciation / Amortisation of intangible assets,expense_depreciation,0,,account_common_680,
681,"Depreciation of property, plant and equipment",expense,depreciation,debit,0,,"Purchases and expenses / Amortisation and depreciation / Depreciation of property, plant and equipment",expense_depreciation,0,,account_common_681,
682,Depreciation of investment property,expense,depreciation,debit,0,,Purchases and expenses / Amortisation and depreciation / Depreciation of investment property,expense_depreciation,0,,account_common_682,
690,Impairment losses on intangible assets,expense,other_expense,debit,0,,Purchases and expenses / Impairment losses and other charges / Impairment losses on intangible assets,expense_other,0,,account_common_690,
691,"Impairment losses on property, plant and equipment",expense,other_expense,debit,0,,"Purchases and expenses / Impairment losses and other charges / Impairment losses on property, plant and equipment",expense_other,0,,account_common_mainland_691,
692,Impairment losses on investment property,expense,other_expense,debit,0,,Purchases and expenses / Impairment losses and other charges / Impairment losses on investment property,expense_other,0,,account_common_692,
6930,Impairment losses on finished goods and work in progress,expense,other_expense,debit,0,,Purchases and expenses / Impairment losses and other charges / Impairment losses on inventories / Impairment losses on finished goods and work in progress,expense_other,0,,account_common_6930,
6931,Impairment losses on merchandise,expense,other_expense,debit,0,,Purchases and expenses / Impairment losses and other charges / Impairment losses on inventories / Impairment losses on merchandise,expense_other,0,,account_common_6931,
6932,Impairment losses on raw materials,expense,other_expense,debit,0,,Purchases and expenses / Impairment losses and other charges / Impairment losses on inventories / Impairment losses on raw materials,expense_other,0,,account_common_6932,
6933,Impairment losses on other supplies,expense,other_expense,debit,0,,Purchases and expenses / Impairment losses and other charges / Impairment losses on inventories / Impairment losses on other supplies,expense_other,0,,account_common_6933,
694,Impairment losses on trade receivables,expense,other_expense,debit,0,,Purchases and expenses / Impairment losses and other charges / Impairment losses on trade receivables,expense_other,0,,account_common_mainland_694,
6954,Provisions for onerous contracts,expense,other_expense,debit,0,,Purchases and expenses / Impairment losses and other charges / Trade provisions / Provisions for onerous contracts,expense_other,0,,account_common_6954,
6959,Provisions for other trade operations,expense,other_expense,debit,0,,Purchases and expenses / Impairment losses and other charges / Trade provisions / Provisions for other trade operations,expense_other,0,,account_common_6959,
6960,"Impairment losses on non-current investments, group companies",expense,other_expense,debit,0,,"Purchases and expenses / Impairment losses and other charges / Impairment losses on non-current investments and debt securities / Impairment losses on non-current investments, group companies",expense_other,0,,account_common_6960,
6961,"Impairment losses on non-current investments, associates",expense,other_expense,debit,0,,"Purchases and expenses / Impairment losses and other charges / Impairment losses on non-current investments and debt securities / Impairment losses on non-current investments, associates",expense_other,0,,account_common_6961,
6962,"Impairment losses on non-current investments, other related parties",expense,other_expense,debit,0,,"Purchases and expenses / Impairment losses and other charges / Impairment losses on non-current investments and debt securities / Impairment losses on non-current investments, other related parties",expense_other,0,,account_common_6962,
6963,"Impairment losses on non-current investments, other companies",expense,other_expense,debit,0,,"Purchases and expenses / Impairment losses and other charges / Impairment losses on non-current investments and debt securities / Impairment losses on non-current investments, other companies",expense_other,0,,account_common_6963,
6965,"Impairment losses on non-current debt securities, group companies",expense,other_expense,debit,0,,"Purchases and expenses / Impairment losses and other charges / Impairment losses on non-current investments and debt securities / Impairment losses on non-current debt securities, group companies",expense_other,0,,account_common_6965,
6966,"Impairment losses on non-current debt securities, associates",expense,other_expense,debit,0,,"Purchases and expenses / Impairment losses and other charges / Impairment losses on non-current investments and debt securities / Impairment losses on non-current debt securities, associates",expense_other,0,,account_common_6966,
6967,"Impairment losses on non-current debt securities, other related parties",expense,other_expense,debit,0,,"Purchases and expenses / Impairment losses and other charges / Impairment losses on non-current investments and debt securities / Impairment losses on non-current debt securities, other related parties",expense_other,0,,account_common_6967,
6968,"Impairment losses on non-current debt securities, other companies",expense,other_expense,debit,0,,"Purchases and expenses / Impairment losses and other charges / Impairment losses on non-current investments and debt securities / Impairment losses on non-current debt securities, other companies",expense_other,0,,account_common_6968,
6970,"Impairment losses on non-current loans, group companies",expense,other_expense,debit,0,,"Purchases and expenses / Impairment losses and other charges / Impairment losses on non-current loans / Impairment losses on non-current loans, group companies",expense_other,0,,account_common_6970,
6971,"Impairment losses on non-current loans, associates",expense,other_expense,debit,0,,"Purchases and expenses / Impairment losses and other charges / Impairment losses on non-current loans / Impairment losses on non-current loans, associates",expense_other,0,,account_common_6971,
6972,"Impairment losses on non-current loans, other related parties",expense,other_expense,debit,0,,"Purchases and expenses / Impairment losses and other charges / Impairment losses on non-current loans / Impairment losses on non-current loans, other related parties",expense_other,0,,account_common_6972,
6973,"Impairment losses on non-current loans, other companies",expense,other_expense,debit,0,,"Purchases and expenses / Impairment losses and other charges / Impairment losses on non-current loans / Impairment losses on non-current loans, other companies",expense_other,0,,account_common_6973,
6980,"Impairment losses on current investments, group companies",expense,other_expense,debit,0,,"Purchases and expenses / Impairment losses and other charges / Impairment losses on current investments and debt securities / Impairment losses on current investments, group companies",expense_other,0,,account_common_6980,
6981,"Impairment losses on current investments, associates",expense,other_expense,debit,0,,"Purchases and expenses / Impairment losses and other charges / Impairment losses on current investments and debt securities / Impairment losses on current investments, associates",expense_other,0,,account_common_6981,
6985,"Impairment losses on current debt securities, group companies",expense,other_expense,debit,0,,"Purchases and expenses / Impairment losses and other charges / Impairment losses on current investments and debt securities / Impairment losses on current debt securities, group companies",expense_other,0,,account_common_6985,
6986,"Impairment losses on current debt securities, associates",expense,other_expense,debit,0,,"Purchases and expenses / Impairment losses and other charges / Impairment losses on current investments and debt securities / Impairment losses on current debt securities, associates",expense_other,0,,account_common_6986,
6987,"Impairment losses on current debt securities, other related parties",expense,other_expense,debit,0,,"Purchases and expenses / Impairment losses and other charges / Impairment losses on current investments and debt securities / Impairment losses on current debt securities, other related parties",expense_other,0,,account_common_6987,
6988,"Impairment losses on current debt securities, other companies",expense,other_expense,debit,0,,"Purchases and expenses / Impairment losses and other charges / Impairment losses on current investments and debt securities / Impairment losses on current debt securities, other companies",expense_other,0,,account_common_6988,
6990,"Impairment losses on current loans, group companies",expense,other_expense,debit,0,,"Purchases and expenses / Impairment losses and other charges / Impairment losses on current loans / Impairment losses on current loans, group companies",expense_other,0,,account_common_6990,
6991,"Impairment losses on current loans, associates",expense,other_expense,debit,0,,"Purchases and expenses / Impairment losses and other charges / Impairment losses on current loans / Impairment losses on current loans, associates",expense_other,0,,account_common_6991,
6992,"Impairment losses on current loans, other related parties",expense,other_expense,debit,0,,"Purchases and expenses / Impairment losses and other charges / Impairment losses on current loans / Impairment losses on current loans, other related parties",expense_other,0,,account_common_6992,
6993,"Impairment losses on current loans, other companies",expense,other_expense,debit,0,,"Purchases and expenses / Impairment losses and other charges / Impairment losses on current loans / Impairment losses on current loans, other companies",expense_other,0,,account_common_6993,
7000,Merchandise sold,income,income,credit,0,income,"Sales and income / Sales of merchandise, work carried out by the company for assets, services, etc / Merchandise sold",income,0,,account_common_7000,default_for_income
7010,Finished goods sold,income,income,credit,0,,"Sales and income / Sales of merchandise, work carried out by the company for assets, services, etc / Finished goods sold",income,0,,account_common_7010,
7020,Semi-finished goods sold,income,income,credit,0,,"Sales and income / Sales of merchandise, work carried out by the company for assets, services, etc / Semi-finished goods sold",income,0,,account_common_7020,
7030,By-products and wastes sold,income,income,credit,0,,"Sales and income / Sales of merchandise, work carried out by the company for assets, services, etc / By-products and waste sold",income,0,,account_common_7030,
7040,Containers and packaging sold,income,income,credit,0,,"Sales and income / Sales of merchandise, work carried out by the company for assets, services, etc / Containers and packaging sold",income,0,,account_common_7040,
7050,Services rendered,income,income,credit,0,,"Sales and income / Sales of merchandise, work carried out by the company for assets, services, etc / Services rendered",income,0,,account_common_7050,
7060,Prompt payment discounts on merchandise sold,income,income,credit,0,,"Sales and income / Sales of merchandise, work carried out by the company for assets, services, etc / Prompt payment discounts / Prompt payment discounts on merchandise sold",income,0,,account_common_7060,
7061,Prompt payment discounts on finished goods sold,income,income,credit,0,,"Sales and income / Sales of merchandise, work carried out by the company for assets, services, etc / Prompt payment discounts / Prompt payment discounts on finished goods sold",income,0,,account_common_7061,
7062,Prompt payment discounts on semi-finished goods sold,income,income,credit,0,,"Sales and income / Sales of merchandise, work carried out by the company for assets, services, etc / Prompt payment discounts / Prompt payment discounts on semi-finished goods sold",income,0,,account_common_7062,
7063,Prompt payment discounts on by-products and waste sold,income,income,credit,0,,"Sales and income / Sales of merchandise, work carried out by the company for assets, services, etc / Prompt payment discounts / Prompt payment discounts on by-products and waste sold",income,0,,account_common_7063,
7080,Returns of merchandise sold,income,income,credit,0,,"Sales and income / Sales of merchandise, work carried out by the company for assets, services, etc / Sales returns and similar transactions / Returns of merchandise sold",income,0,,account_common_7080,
7081,Returns of finished goods sold,income,income,credit,0,,"Sales and income / Sales of merchandise, work carried out by the company for assets, services, etc / Sales returns and similar transactions / Returns of finished goods sold",income,0,,account_common_7081,
7082,Returns of semi-finished goods sold,income,income,credit,0,,"Sales and income / Sales of merchandise, work carried out by the company for assets, services, etc / Sales returns and similar transactions / Returns of semi-finished goods sold",income,0,,account_common_7082,
7083,Returns of by-products and waste sold,income,income,credit,0,,"Sales and income / Sales of merchandise, work carried out by the company for assets, services, etc / Sales returns and similar transactions / Returns of by-products and waste sold",income,0,,account_common_7083,
7084,Returns of containers and packaging sold,income,income,credit,0,,"Sales and income / Sales of merchandise, work carried out by the company for assets, services, etc / Sales returns and similar transactions / Returns of containers and packaging sold",income,0,,account_common_7084,
7090,"""Rappels"" of merchandise sales",income,income,credit,0,,"Sales and income / Sales of merchandise, work carried out by the company for assets, services, etc / «Rappels» of sales / «Rappels» of merchandise sold",income,0,,account_common_7090,
7091,"""Rappels"" of finished goods sales",income,income,credit,0,,"Sales and income / Sales of merchandise, work carried out by the company for assets, services, etc / «Rappels» of sales / «Rappels» of finished goods sold",income,0,,account_common_7091,
7092,"""Rappels"" of semi-finished goods sales",income,income,credit,0,,"Sales and income / Sales of merchandise, work carried out by the company for assets, services, etc / «Rappels» of sales / «Rappels» of semi-finished goods sold",income,0,,account_common_7092,
7093,"""Rappels"" of by-products and waste sales",income,income,credit,0,,"Sales and income / Sales of merchandise, work carried out by the company for assets, services, etc / «Rappels» of sales / «Rappels» of by-products and waste sold",income,0,,account_common_7093,
7094,"""Rappels"" of containers and packaging sales",income,income,credit,0,,"Sales and income / Sales of merchandise, work carried out by the company for assets, services, etc / «Rappels» of sales / «Rappels» of containers and packagings sold",income,0,,account_common_7094,
710,Changes in inventories of work in progress,income,income,credit,0,,Sales and income / Changes in inventories / Changes in inventories of work in progress,income,0,,account_common_710,
711,Changes in inventories of semi-finished goods,income,income,credit,0,,Sales and income / Changes in inventories / Changes in inventories of semi-finished goods,income,0,,account_common_711,
712,Changes in inventories of finished goods,income,income,credit,0,,Sales and income / Changes in inventories / Changes in inventories of finished goods,income,0,,account_common_712,
713,"Changes in inventories of by-products, waste and recovered materials",income,income,credit,0,,"Sales and income / Changes in inventories / Changes in inventories of by-products, waste and recovered materials",income,0,,account_common_713,
730,Work carried out by the company for intangible assets,income,income,credit,0,,Sales and income / Work carried out by the company for assets / Work carried out by the company for intangible assets,income,0,,account_common_730,
731,"Work carried out by the company for property, plant and equipment",income,income,credit,0,,"Sales and income / Work carried out by the company for assets / Work carried out by the company for property, plant and equipment",income,0,,account_common_731,
732,Work carried out by the company for investment property,income,income,credit,0,,Sales and income / Work carried out by the company for assets / Work carried out by the company for investment property,income,0,,account_common_732,
733,"Work carried out by the company for property, plant and equipment in progress",income,income,credit,0,,"Sales and income / Work carried out by the company for assets / Work carried out by the company for property, plant and equipment in progress",income,0,,account_common_733,
737,"Work carried out by the company for the Education, Training and Promotion Fund",income,income,credit,0,,"Sales and income / Work carried out by the company for assets / Work carried out by the company for the Education, Training and Promotion Fund",income,0,,account_coop_737,
740,"Operating grants, donations and bequests",income,income,credit,0,,"Sales and income / Grants, donations and bequests / Operating grants, donations and bequests",income,0,,account_common_740,
746,"Capital grants, donations and bequests taken to income of a non-financial nature",income,income,credit,0,,"Sales and income / Grants, donations and bequests / Capital grants, donations and bequests taken to income",income,0,,account_common_746,
7461,"Capital grants, donations and bequests taken to income of a financial nature",income,income,credit,0,,"Sales and income / Grants, donations and bequests / Capital grants, donations and bequests taken to income",income,0,,account_common_7461,
747,"Other grants, donations and bequests taken to income",income,income,credit,0,,"Sales and income / Grants, donations and bequests / Other grants, donations and bequests taken to income",income,0,,account_common_747,
7510,Losses transferred (trustee),income,income,credit,0,,Sales and income / Other income / Results on profit-sharing agreements / Losses transferred (trustee),income,0,,account_common_7510,
7511,Attributable profit (non-trustee venturer or associate),income,income,credit,0,,Sales and income / Other income / Results on profit-sharing agreements / Attributable profit (non-trustee venturer or associate),income,0,,account_common_7511,
752,Income from lease agreements,income,income,credit,0,,Sales and income / Other income / Income from lease agreements,income,0,,account_common_752,
753,Income from transfer of industrial property rights,income,income,credit,0,,Sales and income / Other income / Income from transfer of industrial property rights,income,0,,account_common_753,
754,Commission income,income,income,credit,0,,Sales and income / Other income / Commission income,income,0,,account_common_754,
755,Income from services to personnel,income,income,credit,0,,Sales and income / Other income / Income from services to personnel,income,0,,account_common_755,
756,Income from operations with partners,income,income,credit,0,,Sales and income / Other income / Income from operations with partners,income,0,,account_coop_756,
7570,"Sanctions imposed on members attributable to the Education, Training and Promotion Fund",income,income,credit,0,,"Sales and income / Other income / Income attributable to the Education, Training and Promotion Fund",income,0,,account_coop_7570,
7571,"Subsidies attributable to the Education, Training and Promotion Fund",income,income,credit,0,,"Sales and income / Other income / Income attributable to the Education, Training and Promotion Fund",income,0,,account_coop_7571,
7572,"Donations attributable to the Education, Training and Promotion Fund",income,income,credit,0,,"Sales and income / Other income / Income attributable to the Education, Training and Promotion Fund",income,0,,account_coop_7572,
7573,"Other income attributable to the Education, Training and Promotion Fund",income,income,credit,0,,"Sales and income / Other income / Income attributable to the Education, Training and Promotion Fund",income,0,,account_coop_7573,
759,Income from other services,income,income,credit,0,,Sales and income / Other income / Income from other services,income,0,,account_common_759,
7600,"Dividends, group companies",income,income,credit,0,,"Sales and income / Finance income / Dividends / Dividends, group companies",income,0,,account_common_7600,
7601,"Dividends, associates",income,income,credit,0,,"Sales and income / Finance income / Dividends / Dividends, associates",income,0,,account_common_7601,
7602,"Dividends, other related parties",income,income,credit,0,,"Sales and income / Finance income / Dividends / Dividends, other related parties",income,0,,account_common_7602,
7603,"Dividends, other companies",income,income,credit,0,,"Sales and income / Finance income / Dividends / Dividends, other companies",income,0,,account_common_7603,
7610,"Income from debt securities, group companies",income,income,credit,0,,"Sales and income / Finance income / Income from debt securities / Income from debt securities, group companies",income,0,,account_common_7610,
7611,"Income from debt securities, associates",income,income,credit,0,,"Sales and income / Finance income / Income from debt securities / Income from debt securities, associates",income,0,,account_common_7611,
7612,"Income from debt securities, other related parties",income,income,credit,0,,"Sales and income / Finance income / Income from debt securities / Income from debt securities, other related parties",income,0,,account_common_7612,
7613,"Income from debt securities, other companies",income,income,credit,0,,"Sales and income / Finance income / Income from debt securities / Income from debt securities, other companies",income,0,,account_common_7613,
76200,"Income from non-current loans, group companies",income,income,credit,0,,"Sales and income / Finance income / Income from loans / Income from non-current loans / Income from non-current loans, group companies",income,0,,account_common_76200,
76201,"Income from non-current loans, associates",income,income,credit,0,,"Sales and income / Finance income / Income from loans / Income from non-current loans / Income from non-current loans, associates",income,0,,account_common_76201,
76202,"Income from non-current loans, other related parties",income,income,credit,0,,"Sales and income / Finance income / Income from loans / Income from non-current loans / Income from non-current loans, other related parties",income,0,,account_common_76202,
76203,"Income from non-current loans, other companies",income,income,credit,0,,"Sales and income / Finance income / Income from loans / Income from non-current loans / Income from non-current loans, other companies",income,0,,account_common_76203,
76210,"Income from current loans, group companies",income,income,credit,0,,"Sales and income / Finance income / Income from loans / Income from current loans / Income from current loans, group companies",income,0,,account_common_76210,
76211,"Income from current loans, associates",income,income,credit,0,,"Sales and income / Finance income / Income from loans / Income from current loans / Income from current loans, associates",income,0,,account_common_76211,
76212,"Income from current loans, other related parties",income,income,credit,0,,"Sales and income / Finance income / Income from loans / Income from current loans / Income from current loans, other related parties",income,0,,account_common_76212,
76213,"Income from current loans, other companies",income,income,credit,0,,"Sales and income / Finance income / Income from loans / Income from current loans / Income from current loans, other companies",income,0,,account_common_76213,
763,Gains on fair value measurement of financial instruments,income,income,credit,0,,Sales and income / Finance income / Gains on fair value measurement of financial instruments,income,0,,account_common_mainland_763,
7660,"Gains on non-current debt securities, group companies",income,income,credit,0,,"Sales and income / Finance income / Gains on investments and debt securities / Gains on non-current debt securities, group companies",income,0,,account_common_7660,
7661,"Gains on non-current debt securities, associates",income,income,credit,0,,"Sales and income / Finance income / Gains on investments and debt securities / Gains on non-current debt securities, associates",income,0,,account_common_7661,
7662,"Gains on non-current debt securities, other related parties",income,income,credit,0,,"Sales and income / Finance income / Gains on investments and debt securities / Gains on non-current debt securities, other related parties",income,0,,account_common_7662,
7663,"Gains on non-current investments and debt securities, other companies",income,income,credit,0,,"Sales and income / Finance income / Gains on investments and debt securities / Gains on non-current investments and debt securities, other companies",income,0,,account_common_7663,
7665,"Gains on current investments and debt securities, group companies",income,income,credit,0,,"Sales and income / Finance income / Gains on investments and debt securities / Gains on current investments and debt securities, group companies",income,0,,account_common_7665,
7666,"Gains on current investments and debt securities, associates",income,income,credit,0,,"Sales and income / Finance income / Gains on investments and debt securities / Gains on current investments and debt securities, associates",income,0,,account_common_7666,
7667,"Gains on current debt securities, other related parties",income,income,credit,0,,"Sales and income / Finance income / Gains on investments and debt securities / Gains on current debt securities, other related parties",income,0,,account_common_7667,
7668,"Gains on current debt securities, other companies",income,income,credit,0,,"Sales and income / Finance income / Gains on investments and debt securities / Gains on current debt securities, other companies",income,0,,account_common_7668,
768,Exchange gains,income,other_income,credit,0,,Sales and income / Finance income / Exchange gains,income_other,0,,account_common_768,
769,Other financial income,income,income,credit,0,,Sales and income / Finance income / Other finance income,income,0,,account_common_769,
770,Gains on intangible assets,income,income,credit,0,,Sales and income / Gains on non-current assets and exceptional income / Gains on intangible assets,income,0,,account_common_770,
771,"Gains on property, plant and equipment",income,income,credit,0,,"Sales and income / Gains on non-current assets and exceptional income / Gains on property, plant and equipment",income,0,,account_common_771,
772,Gains on investment property,income,income,credit,0,,Sales and income / Gains on non-current assets and exceptional income / Gains on investment property,income,0,,account_common_772,
7733,"Gains on non-current investments, group companies",income,income,credit,0,,"Sales and income / Gains on non-current assets and exceptional income / Gains on non-current investments in related parties / Gains on non-current investments, group companies",income,0,,account_common_7733,
7734,"Gains on non-current investments, associates",income,income,credit,0,,"Sales and income / Gains on non-current assets and exceptional income / Gains on non-current investments in related parties / Gains on non-current investments, associates",income,0,,account_common_7734,
7735,"Gains on non-current investments, other related parties",income,income,credit,0,,"Sales and income / Gains on non-current assets and exceptional income / Gains on non-current investments in related parties / Gains on non-current investments, other related parties",income,0,,account_common_7735,
775,Gains on transaction with own bonds,income,income,credit,0,,Sales and income / Gains on non-current assets and exceptional income / Gains on transactions with own bonds,income,0,,account_common_775,
778,Exceptional income,income,income,credit,0,,Sales and income / Gains on non-current assets and exceptional income / Exceptional income,income,0,,account_common_778,
790,Reversal of impairment of intangible assets,income,income,credit,0,,Sales and income / Surplus and use of provisions and impairment losses / Reversal of impairment of intangible assets,income,0,,account_common_790,
791,"Reversal of impairment of property, plant and equipment",income,income,credit,0,,"Sales and income / Surplus and use of provisions and impairment losses / Reversal of impairment of property, plant and equipment",income,0,,account_common_mainland_791,
792,Reversal of impairment of investment property,income,income,credit,0,,Sales and income / Surplus and use of provisions and impairment losses / Reversal of impairment of investment property,income,0,,account_common_792,
7930,Reversal of impairment of finished goods and work in progress,income,income,credit,0,,Sales and income / Surplus and use of provisions and impairment losses / Reversal of impairment of inventories / Reversal of impairment of finished goods and work in progress,income,0,,account_common_7930,
7931,Reversal of impairment of merchandise,income,income,credit,0,,Sales and income / Surplus and use of provisions and impairment losses / Reversal of impairment of inventories / Reversal of impairment of merchandise,income,0,,account_common_7931,
7932,Reversal of impairment of raw materials,income,income,credit,0,,Sales and income / Surplus and use of provisions and impairment losses / Reversal of impairment of inventories / Reversal of impairment of raw materials,income,0,,account_common_7932,
7933,Reversal of impairment of other supplies,income,income,credit,0,,Sales and income / Surplus and use of provisions and impairment losses / Reversal of impairment of inventories / Reversal of impairment of other supplies,income,0,,account_common_7933,
794,Reversal of impairment of trade receivables,income,income,credit,0,,Sales and income / Surplus and use of provisions and impairment losses / Reversal of impairment of trade receivables,income,0,,account_common_mainland_794,
7951,Surplus provisions for taxes,income,income,credit,0,,Sales and income / Surplus and use of provisions and impairment losses / Provision surpluses / Surplus provisions for taxes,income,0,,account_common_7951,
7952,Surplus provisions for other liabilities,income,income,credit,0,,Sales and income / Surplus and use of provisions and impairment losses / Provision surpluses / Surplus provisions for other liabilities,income,0,,account_common_7952,
79544,Surplus provisions for onerous contracts,income,income,credit,0,,Sales and income / Surplus and use of provisions and impairment losses / Provision surpluses / Surplus trade provisions / Surplus provisions for onerous contracts,income,0,,account_common_79544,
79549,Surplus provisions for other trade operations,income,income,credit,0,,Sales and income / Surplus and use of provisions and impairment losses / Provision surpluses / Surplus trade provisions / Surplus provisions for other trade operations,income,0,,account_common_79549,
7955,Surplus provisions for environmental actions,income,income,credit,0,,Sales and income / Surplus and use of provisions and impairment losses / Provision surpluses / Surplus provisions for environmental actions,income,0,,account_common_7955,
7960,"Reversal of impairment of non-current investments, group companies",income,income,credit,0,,"Sales and income / Surplus and use of provisions and impairment losses / Reversal of impairment of non-current investments and debt securities / Reversal of impairment of non-current investments, group companies",income,0,,account_common_7960,
7961,"Reversal of impairment of non-current investments, associates",income,income,credit,0,,"Sales and income / Surplus and use of provisions and impairment losses / Reversal of impairment of non-current investments and debt securities / Reversal of impairment of non-current investments, associates",income,0,,account_common_7961,
7962,"Reversal of impairment of non-current investments, other related parties",income,income,credit,0,,Sales and income / Surplus and use of provisions and impairment losses / Reversal of impairment of non-current investments and debt securities,income,0,,account_coop_7962,
7963,"Reversal of impairment of non-current investments, other companies",income,income,credit,0,,Sales and income / Surplus and use of provisions and impairment losses / Reversal of impairment of non-current investments and debt securities,income,0,,account_coop_7963,
7965,"Reversal of impairment of non-current debt securities, group companies",income,income,credit,0,,"Sales and income / Surplus and use of provisions and impairment losses / Reversal of impairment of non-current investments and debt securities / Reversal of impairment of non-current debt securities, group companies",income,0,,account_common_7965,
7966,"Reversal of impairment of non-current debt securities, associates",income,income,credit,0,,"Sales and income / Surplus and use of provisions and impairment losses / Reversal of impairment of non-current investments and debt securities / Reversal of impairment of non-current debt securities, associates",income,0,,account_common_7966,
7967,"Reversal of impairment of non-current debt securities, other related parties",income,income,credit,0,,"Sales and income / Surplus and use of provisions and impairment losses / Reversal of impairment of non-current investments and debt securities / Reversal of impairment of non-current debt securities, other related parties",income,0,,account_common_7967,
7968,"Reversal of impairment of non-current debt securities, other companies",income,income,credit,0,,"Sales and income / Surplus and use of provisions and impairment losses / Reversal of impairment of non-current investments and debt securities / Reversal of impairment of non-current debt securities, other companies",income,0,,account_common_7968,
7970,"Reversal of impairment of non-current loans, group companies",income,income,credit,0,,"Sales and income / Surplus and use of provisions and impairment losses / Reversal of impairment of non-current loans / Reversal of impairment of non-current loans, group companies",income,0,,account_common_7970,
7971,"Reversal of impairment of non-current loans, associates",income,income,credit,0,,"Sales and income / Surplus and use of provisions and impairment losses / Reversal of impairment of non-current loans / Reversal of impairment of non-current loans, associates",income,0,,account_common_7971,
7972,"Reversal of impairment of non-current loans, other related parties",income,income,credit,0,,"Sales and income / Surplus and use of provisions and impairment losses / Reversal of impairment of non-current loans / Reversal of impairment of non-current loans, other related parties",income,0,,account_common_7972,
7973,"Reversal of impairment of non-current loans, other companies",income,income,credit,0,,"Sales and income / Surplus and use of provisions and impairment losses / Reversal of impairment of non-current loans / Reversal of impairment of non-current loans, other companies",income,0,,account_common_7973,
7980,"Reversal of impairment of current investments, group companies",income,income,credit,0,,"Sales and income / Surplus and use of provisions and impairment losses / Reversal of impairment of current investments and debt securities / Reversal of impairment of current investments, group companies",income,0,,account_common_7980,
7981,"Reversal of impairment of current investments, associates",income,income,credit,0,,"Sales and income / Surplus and use of provisions and impairment losses / Reversal of impairment of current investments and debt securities / Reversal of impairment of current investments, associates",income,0,,account_common_7981,
7985,"Reversal of impairment of current debt securities, group companies",income,income,credit,0,,"Sales and income / Surplus and use of provisions and impairment losses / Reversal of impairment of current investments and debt securities / Reversal of impairment of current debt securities, group companies",income,0,,account_common_7985,
7986,"Reversal of impairment of current debt securities, associates",income,income,credit,0,,"Sales and income / Surplus and use of provisions and impairment losses / Reversal of impairment of current investments and debt securities / Reversal of impairment of current debt securities, associates",income,0,,account_common_7986,
7987,"Reversal of impairment of current debt securities, other related parties",income,income,credit,0,,"Sales and income / Surplus and use of provisions and impairment losses / Reversal of impairment of current investments and debt securities / Reversal of impairment of current debt securities, other related parties",income,0,,account_common_7987,
7988,"Reversal of impairment of current debt securities, other companies",income,income,credit,0,,"Sales and income / Surplus and use of provisions and impairment losses / Reversal of impairment of current investments and debt securities / Reversal of impairment of current debt securities, other companies",income,0,,account_common_7988,
7990,"Reversal of impairment of current loans, group companies",income,income,credit,0,,"Sales and income / Surplus and use of provisions and impairment losses / Reversal of impairment of current loans / Reversal of impairment of current loans, group companies",income,0,,account_common_7990,
7991,"Reversal of impairment of current loans, associates",income,income,credit,0,,"Sales and income / Surplus and use of provisions and impairment losses / Reversal of impairment of current loans / Reversal of impairment of current loans, associates",income,0,,account_common_7991,
7992,"Reversal of impairment of current loans, other related parties",income,income,credit,0,,"Sales and income / Surplus and use of provisions and impairment losses / Reversal of impairment of current loans / Reversal of impairment of current loans, other related parties",income,0,,account_common_7992,
7993,"Reversal of impairment of current loans, other companies",income,income,credit,0,,"Sales and income / Surplus and use of provisions and impairment losses / Reversal of impairment of current loans / Reversal of impairment of current loans, other companies",income,0,,account_common_7993,
