code,name,root_type,subtype,normal_balance,is_group,role_hint,parent_path,source_type,reconcile,description,source_id,flags
101100,Subscribed capital - uncalled,equity,equity,credit,0,,Capital and reserves / Capital,equity,0,,pcg_1011,
101200,"Subscribed capital - called up, unpaid",equity,equity,credit,0,,Capital and reserves / Capital,equity,0,,pcg_1012,
101300,"Subscribed capital - called up, paid",equity,equity,credit,0,,Capital and reserves / Capital,equity,0,,pcg_1013,
101310,Capital not written off,equity,equity,credit,0,,Capital and reserves / Capital,equity,0,,pcg_10131,
101320,Capital written off,equity,equity,credit,0,,Capital and reserves / Capital,equity,0,,pcg_10132,
101800,Subscribed capital subject to particular regulations,equity,equity,credit,0,,Capital and reserves / Capital,equity,0,,pcg_1018,
102000,Trust funds,equity,equity,credit,0,,Capital and reserves,equity,0,,pcg_102,
104100,Share premiums,equity,equity,credit,0,,Capital and reserves / Premiums on share capital,equity,0,,pcg_1041,
104200,Merger premiums,equity,equity,credit,0,,Capital and reserves / Premiums on share capital,equity,0,,pcg_1042,
104300,Contribution premiums,equity,equity,credit,0,,Capital and reserves / Premiums on share capital,equity,0,,pcg_1043,
104400,Premiums on conversion of bonds into shares,equity,equity,credit,0,,Capital and reserves / Premiums on share capital,equity,0,,pcg_1044,
104500,Equity warrants,equity,equity,credit,0,,Capital and reserves / Premiums on share capital,equity,0,,pcg_1045,
105000,Revaluation differences,equity,equity,credit,0,,Capital and reserves,equity,0,,pcg_105_account,
106100,Legal reserve,equity,equity,credit,0,,Capital and reserves / Reserves,equity,0,,pcg_1061,
106200,Undistributable reserves,equity,equity,credit,0,,Capital and reserves / Reserves,equity,0,,pcg_1062,
106300,Statutory or contractual reserves,equity,equity,credit,0,,Capital and reserves / Reserves,equity,0,,pcg_1063,
106400,Tax-regulated reserves,equity,equity,credit,0,,Capital and reserves / Reserves,equity,0,,pcg_1064,
106800,Other reserves,equity,equity,credit,0,,Capital and reserves / Reserves,equity,0,,pcg_1068,
107000,Difference on equity accounted investments,equity,equity,credit,0,,Capital and reserves,equity,0,,pcg_107,
108000,Drawings account,equity,equity,credit,0,,Capital and reserves,equity,0,,pcg_108,
109000,Shareholders: Subscribed capital uncalled,equity,equity,credit,0,,Capital and reserves,equity,0,,pcg_109,
110000,Profit carried forward,equity,equity,credit,0,,Retained earnings,equity,0,,pcg_110,
119000,Loss carried forward,equity,equity,credit,0,,Retained earnings,equity,0,,pcg_119,
120000,Profit for the financial year,equity,equity,credit,0,,Result for the year,equity,0,,pcg_120,
120900,Withholding tax on dividends,equity,equity,credit,0,,Result for the year,equity,0,,pcg_1209,
129000,Loss for the financial year,equity,equity,credit,0,,Result for the year,equity,0,,pcg_129,
131000,Equipment grants,equity,equity,credit,0,,Investment grants,equity,0,,pcg_131_account,
139000,Investment grants recognised in the income statement,equity,equity,credit,0,,Investment grants,equity,0,,pcg_139_account,
140000,Regulated provisions,liability,non_current_liability,credit,0,,,liability_non_current,0,,pcg_14_account,
143000,Regulated provisions for inventories - Price increases,liability,non_current_liability,credit,0,,,liability_non_current,0,,pcg_143_account,
145000,Depreciation by derogation,liability,non_current_liability,credit,0,,,liability_non_current,0,,pcg_145,
148000,Other tax-regulated provisions,liability,non_current_liability,credit,0,,,liability_non_current,0,,pcg_148,
151100,Provisions for litigation,liability,non_current_liability,credit,0,,Provisions / Provisions for risks,liability_non_current,0,,pcg_1511,
151200,Provisions for customer warranties,liability,non_current_liability,credit,0,,Provisions / Provisions for risks,liability_non_current,0,,pcg_1512,
151400,Provisions for fines and penalties,liability,non_current_liability,credit,0,,Provisions / Provisions for risks,liability_non_current,0,,pcg_1514,
151500,Provisions for foreign exchange losses,liability,non_current_liability,credit,0,,Provisions / Provisions for risks,liability_non_current,0,,pcg_1515,
151600,Provisions for losses on contracts,liability,non_current_liability,credit,0,,Provisions / Provisions for risks,liability_non_current,0,,pcg_1516,
151800,Other provisions for liabilities,liability,non_current_liability,credit,0,,Provisions / Provisions for risks,liability_non_current,0,,pcg_1518,
152100,Provisions for pensions and similar obligations,liability,non_current_liability,credit,0,,Provisions,liability_non_current,0,,pcg_1521_account,
152200,Provisions for restructuring,liability,non_current_liability,credit,0,,Provisions,liability_non_current,0,,pcg_1522_account,
152300,Provisions for taxation,liability,non_current_liability,credit,0,,Provisions,liability_non_current,0,,pcg_1523_account,
152400,Provisions for fixed asset renewal - concession entities,liability,non_current_liability,credit,0,,Provisions,liability_non_current,0,,pcg_1524_account,
152500,Provisions for major maintenance and repairs,liability,non_current_liability,credit,0,,Provisions,liability_non_current,0,,pcg_1525_account,
152600,Provisions for repairs,liability,non_current_liability,credit,0,,Provisions,liability_non_current,0,,pcg_1526_account,
152700,Other provisions for charges,liability,non_current_liability,credit,0,,Provisions,liability_non_current,0,,pcg_1527_account,
161000,Convertible debenture loans,liability,non_current_liability,credit,0,,Loans and similar debts payable,liability_non_current,0,,pcg_161,
161800,Accrued interest on convertible bonds,liability,non_current_liability,credit,0,,Loans and similar debts payable,liability_non_current,0,,pcg_1618,
162000,Bonds representing net liabilities given in trust,liability,non_current_liability,credit,0,,Loans and similar debts payable,liability_non_current,0,,pcg_162,
163000,Other debenture loans,liability,non_current_liability,credit,0,,Loans and similar debts payable,liability_non_current,0,,pcg_163,
163800,Accrued interest on other bonds,liability,non_current_liability,credit,0,,Loans and similar debts payable,liability_non_current,0,,pcg_1638,
164000,Loans from credit institutions,liability,non_current_liability,credit,0,,Loans and similar debts payable,liability_non_current,0,,pcg_164,
164800,Accrued interest on bank loans,liability,non_current_liability,credit,0,,Loans and similar debts payable,liability_non_current,0,,pcg_1648,
165100,Deposits,liability,non_current_liability,credit,0,,Loans and similar debts payable / Deposits and sureties received,liability_non_current,0,,pcg_1651,
165500,Sureties,liability,non_current_liability,credit,0,,Loans and similar debts payable / Deposits and sureties received,liability_non_current,0,,pcg_1655,
165800,Accrued interest on deposits and guarantees received,liability,non_current_liability,credit,0,,Loans and similar debts payable / Deposits and sureties received,liability_non_current,0,,pcg_1658,
166100,Employee profit sharing - Blocked accounts,liability,non_current_liability,credit,0,,Loans and similar debts payable / Employee profit share,liability_non_current,0,,pcg_1661,
166200,Employee profit sharing - Profit share funds,liability,non_current_liability,credit,0,,Loans and similar debts payable / Employee profit share,liability_non_current,0,,pcg_1662,
166800,Accrued interest on employee profit-sharing,liability,non_current_liability,credit,0,,Loans and similar debts payable / Employee profit share,liability_non_current,0,,pcg_1668,
167100,Loans and debts with special conditions - Issues of non-voting shares,liability,non_current_liability,credit,0,,Loans and similar debts payable / Loans and debts payable subject to particular conditions,liability_non_current,0,,pcg_1671,
167180,Accrued interest on redeemable shares,liability,non_current_liability,credit,0,,Loans and similar debts payable / Loans and debts payable subject to particular conditions,liability_non_current,0,,pcg_16718,
167400,Loans and debts with special conditions - Advances by the state subject to conditions,liability,non_current_liability,credit,0,,Loans and similar debts payable / Loans and debts payable subject to particular conditions,liability_non_current,0,,pcg_1674,
167480,Accrued interest on conditional advances,liability,non_current_liability,credit,0,,Loans and similar debts payable / Loans and debts payable subject to particular conditions,liability_non_current,0,,pcg_16748,
167500,Loans and debts with special conditions - Participating loans,liability,non_current_liability,credit,0,,Loans and similar debts payable / Loans and debts payable subject to particular conditions,liability_non_current,0,,pcg_1675,
167580,Accrued interest on participating loans,liability,non_current_liability,credit,0,,Loans and similar debts payable / Loans and debts payable subject to particular conditions,liability_non_current,0,,pcg_16758,
168100,Other loans and similar debts payable - Other loans,liability,non_current_liability,credit,0,,Loans and similar debts payable / Other loans and similar debts payable,liability_non_current,0,,pcg_1681,
168500,Other loans and similar debts payable - Capitalised life annuities,liability,non_current_liability,credit,0,,Loans and similar debts payable / Other loans and similar debts payable,liability_non_current,0,,pcg_1685,
168700,Other loans and similar debts payable - Other debts payable,liability,non_current_liability,credit,0,,Loans and similar debts payable / Other loans and similar debts payable,liability_non_current,0,,pcg_1687,
168800,Accrued interest,liability,non_current_liability,credit,0,,Loans and similar debts payable / Other loans and similar debts payable,liability_non_current,0,,pcg_1688,
169000,Debt redemption premiums,asset,current_asset,debit,0,,Loans and similar debts payable,asset_current,0,,pcg_169,
171000,Debts payable related to participating interests (group),liability,non_current_liability,credit,0,,Debts payable related to participating interests,liability_non_current,0,,pcg_171,
174000,Debts payable related to participating interests (apart from group),liability,non_current_liability,credit,0,,Debts payable related to participating interests,liability_non_current,0,,pcg_174,
178000,Debts payable related to joint ventures,liability,non_current_liability,credit,0,,Debts payable related to participating interests,liability_non_current,0,,pcg_178_account,
181000,Reciprocal branch accounts,liability,non_current_liability,credit,0,,Reciprocal branch and joint venture accounts,liability_non_current,0,,pcg_181,
186000,Goods and services exchanged between establishments (expenses),liability,non_current_liability,credit,0,,Reciprocal branch and joint venture accounts,liability_non_current,0,,pcg_186,
187000,Goods and services exchanged between establishments (income),liability,non_current_liability,credit,0,,Reciprocal branch and joint venture accounts,liability_non_current,0,,pcg_187,
188000,Reciprocal joint venture accounts,liability,non_current_liability,credit,0,,Reciprocal branch and joint venture accounts,liability_non_current,0,,pcg_188,
201100,Incorporation costs,asset,fixed_asset,debit,0,,Intangible fixed assets / Intangible fixed assets,asset_fixed,0,,pcg_2011,
201200,Start-up costs,asset,fixed_asset,debit,0,,Intangible fixed assets / Intangible fixed assets,asset_fixed,0,,pcg_2012,
201210,Commercial assessment costs,asset,fixed_asset,debit,0,,Intangible fixed assets / Intangible fixed assets,asset_fixed,0,,pcg_20121,
201220,Marketing costs,asset,fixed_asset,debit,0,,Intangible fixed assets / Intangible fixed assets,asset_fixed,0,,pcg_20122,
201300,"Capital increase and sundry transaction costs (mergers, demergers, restructurations)",asset,fixed_asset,debit,0,,Intangible fixed assets / Intangible fixed assets,asset_fixed,0,,pcg_2013,
203000,Research and development costs,asset,fixed_asset,debit,0,,Intangible fixed assets,asset_fixed,0,,pcg_203,
205000,"Concessions and similar rights, patents, licences, trade marks, processes, software, rights and similar assets",asset,fixed_asset,debit,0,,Intangible fixed assets,asset_fixed,0,,pcg_205,
206000,Lease premium,asset,fixed_asset,debit,0,,Intangible fixed assets,asset_fixed,0,,pcg_206,
207000,Goodwill,asset,fixed_asset,debit,0,,Intangible fixed assets,asset_fixed,0,,pcg_207,
208000,Other intangible fixed assets,asset,fixed_asset,debit,0,,Intangible fixed assets,asset_fixed,0,,pcg_208,
211100,Undeveloped land,asset,fixed_asset,debit,0,,Tangible fixed assets / Land,asset_fixed,0,,pcg_2111,
211200,Serviced land,asset,fixed_asset,debit,0,,Tangible fixed assets / Land,asset_fixed,0,,pcg_2112,
211300,Basements and sub-basements,asset,fixed_asset,debit,0,,Tangible fixed assets / Land,asset_fixed,0,,pcg_2113,
211400,Mining sites,asset,fixed_asset,debit,0,,Tangible fixed assets / Land,asset_fixed,0,,pcg_2114,
211500,Developed land,asset,fixed_asset,debit,0,,Tangible fixed assets / Land,asset_fixed,0,,pcg_2115,
212000,Site development (same allocation as for Account 211),asset,fixed_asset,debit,0,,Tangible fixed assets,asset_fixed,0,,pcg_212,
213100,Buildings,asset,fixed_asset,debit,0,,Tangible fixed assets / Constructions,asset_fixed,0,,pcg_2131,
213500,Building fixtures and fittings (same allocation as for Account 2131),asset,fixed_asset,debit,0,,Tangible fixed assets / Constructions,asset_fixed,0,,pcg_2135,
213800,Infrastructure works,asset,fixed_asset,debit,0,,Tangible fixed assets / Constructions,asset_fixed,0,,pcg_2138_account,
214000,Constructions on third-party sites (same allocation as for Account 213),asset,fixed_asset,debit,0,,Tangible fixed assets,asset_fixed,0,,pcg_214,
215110,Specialised complex installations on own site,asset,fixed_asset,debit,0,,"Tangible fixed assets / Technical installations, plant and machinery, equipment and fixtures / Specialised complex installations",asset_fixed,0,,pcg_21511,
215140,Specialised complex installations on third-party site,asset,fixed_asset,debit,0,,"Tangible fixed assets / Technical installations, plant and machinery, equipment and fixtures / Specialised complex installations",asset_fixed,0,,pcg_21514,
215310,Installations of specific nature on own site,asset,fixed_asset,debit,0,,"Tangible fixed assets / Technical installations, plant and machinery, equipment and fixtures / Installations of specific nature",asset_fixed,0,,pcg_21531,
215340,Installations of specific nature on third-party site,asset,fixed_asset,debit,0,,"Tangible fixed assets / Technical installations, plant and machinery, equipment and fixtures / Installations of specific nature",asset_fixed,0,,pcg_21534,
215400,Plant and machinery,asset,fixed_asset,debit,0,,"Tangible fixed assets / Technical installations, plant and machinery, equipment and fixtures",asset_fixed,0,,pcg_2154,
215500,Equipment and fixtures,asset,fixed_asset,debit,0,,"Tangible fixed assets / Technical installations, plant and machinery, equipment and fixtures",asset_fixed,0,,pcg_2155,
215700,"Fixtures and fittings for plant and machinery, equipment and fixtures",asset,fixed_asset,debit,0,,"Tangible fixed assets / Technical installations, plant and machinery, equipment and fixtures",asset_fixed,0,,pcg_2157,
218100,Sundry general fixtures and fittings,asset,fixed_asset,debit,0,,Tangible fixed assets / Other tangible fixed assets,asset_fixed,0,,pcg_2181,
218200,Transport equipment,asset,fixed_asset,debit,0,,Tangible fixed assets / Other tangible fixed assets,asset_fixed,0,,pcg_2182,
218300,Office and computing equipment,asset,fixed_asset,debit,0,,Tangible fixed assets / Other tangible fixed assets,asset_fixed,0,,pcg_2183,
218400,Furnishings,asset,fixed_asset,debit,0,,Tangible fixed assets / Other tangible fixed assets,asset_fixed,0,,pcg_2184,
218500,Livestock,asset,fixed_asset,debit,0,,Tangible fixed assets / Other tangible fixed assets,asset_fixed,0,,pcg_2185,
218600,Recoverable packaging,asset,fixed_asset,debit,0,,Tangible fixed assets / Other tangible fixed assets,asset_fixed,0,,pcg_2186,
218700,Merger malpractice on tangible assets,asset,fixed_asset,debit,0,,Tangible fixed assets / Other tangible fixed assets,asset_fixed,0,,pcg_2187,
220000,Fixed assets in concession,asset,fixed_asset,debit,0,,,asset_fixed,0,,pcg_22,
231000,"Property, plant and equipment in progress",asset,fixed_asset,debit,0,,Fixed assets in progress,asset_fixed,0,,pcg_231_account,
232000,Intangible fixed assets in progress,asset,fixed_asset,debit,0,,Fixed assets in progress,asset_fixed,0,,pcg_232,
237000,Payments on account on intangible fixed assets,asset,fixed_asset,debit,0,,Fixed assets in progress,asset_fixed,0,,pcg_237,
238000,Payments on account on orders for tangible fixed assets,asset,fixed_asset,debit,0,,Fixed assets in progress,asset_fixed,0,,pcg_238_account,
261100,Long-term equity interests - Shares,asset,fixed_asset,debit,0,,Participating interests and related debts receivable / Long-term equity interests,asset_fixed,0,,pcg_2611,
261800,Other securities,asset,fixed_asset,debit,0,,Participating interests and related debts receivable / Long-term equity interests,asset_fixed,0,,pcg_2618,
262000,Equity-valued securities,asset,fixed_asset,debit,0,,Participating interests and related debts receivable,asset_fixed,0,,pcg_262,
266000,Other categories of participating interest,asset,fixed_asset,debit,0,,Participating interests and related debts receivable,asset_fixed,0,,pcg_266,
266100,Rights to net assets placed in trust,asset,fixed_asset,debit,0,,Participating interests and related debts receivable,asset_fixed,0,,pcg_2661,
267100,Debts receivable related to participating interests - group,asset,fixed_asset,debit,0,,Participating interests and related debts receivable / Debts receivable related to participating interests,asset_fixed,0,,pcg_2671,
267400,Debts receivable related to participating interests - apart from group,asset,fixed_asset,debit,0,,Participating interests and related debts receivable / Debts receivable related to participating interests,asset_fixed,0,,pcg_2674,
267500,Payments representing non-capitalised contributions - call for funds,asset,fixed_asset,debit,0,,Participating interests and related debts receivable / Debts receivable related to participating interests,asset_fixed,0,,pcg_2675,
267600,Long-term capital advances,asset,fixed_asset,debit,0,,Participating interests and related debts receivable / Debts receivable related to participating interests,asset_fixed,0,,pcg_2676,
267700,Other debts receivable related to participating interests,asset,fixed_asset,debit,0,,Participating interests and related debts receivable / Debts receivable related to participating interests,asset_fixed,0,,pcg_2677,
267800,Accrued interest,asset,fixed_asset,debit,0,,Participating interests and related debts receivable / Debts receivable related to participating interests,asset_fixed,0,,pcg_2678,
268100,Debts receivable related to joint ventures - Principal,asset,fixed_asset,debit,0,,Participating interests and related debts receivable / Debts receivable related to joint ventures,asset_fixed,0,,pcg_2681,
268800,Debts receivable related to joint ventures - Accrued interest,asset,fixed_asset,debit,0,,Participating interests and related debts receivable / Debts receivable related to joint ventures,asset_fixed,0,,pcg_2688,
269000,Unpaid instalments on unpaid long-term equity interests,asset,fixed_asset,debit,0,,Participating interests and related debts receivable,asset_fixed,0,,pcg_269,
271100,Shares,asset,fixed_asset,debit,0,,Other financial fixed asset / Long-term investment equity securities other than portfolio long-term investment equity securities,asset_fixed,0,,pcg_2711,
271800,Other securities,asset,fixed_asset,debit,0,,Other financial fixed asset / Long-term investment equity securities other than portfolio long-term investment equity securities,asset_fixed,0,,pcg_2718,
272100,Bonds,asset,fixed_asset,debit,0,,Other financial fixed asset / Long-term investment debt securities,asset_fixed,0,,pcg_2721,
272200,Warrants,asset,fixed_asset,debit,0,,Other financial fixed asset / Long-term investment debt securities,asset_fixed,0,,pcg_2722,
273000,Portfolio long-term investment securities,asset,fixed_asset,debit,0,,Other financial fixed asset,asset_fixed,0,,pcg_273,
274100,Participating loans,asset,fixed_asset,debit,0,,Other financial fixed asset / Loans,asset_fixed,1,,pcg_2741,
274200,Loans to partners/associates,asset,fixed_asset,debit,0,,Other financial fixed asset / Loans,asset_fixed,1,,pcg_2742,
274300,Loans to personnel,asset,fixed_asset,debit,0,,Other financial fixed asset / Loans,asset_fixed,1,,pcg_2743,
274800,Other loans,asset,fixed_asset,debit,0,,Other financial fixed asset / Loans,asset_fixed,1,,pcg_2748,
275100,Deposits,asset,fixed_asset,debit,0,,Other financial fixed asset / Deposits and sureties advanced,asset_fixed,1,,pcg_2751,
275500,Sureties,asset,fixed_asset,debit,0,,Other financial fixed asset / Deposits and sureties advanced,asset_fixed,1,,pcg_2755,
276100,Sundry debts receivable,asset,fixed_asset,debit,0,,Other financial fixed asset / Other capitalised debts receivable,asset_fixed,0,,pcg_2761,
276820,Accrued interest on long-term investment debt securities,asset,fixed_asset,debit,0,,Other financial fixed asset / Other capitalised debts receivable / Accrued interest,asset_fixed,0,,pcg_27682,
276840,Accrued interest on loans,asset,fixed_asset,debit,0,,Other financial fixed asset / Other capitalised debts receivable / Accrued interest,asset_fixed,0,,pcg_27684,
276850,Accrued interest on deposits and sureties,asset,fixed_asset,debit,0,,Other financial fixed asset / Other capitalised debts receivable / Accrued interest,asset_fixed,0,,pcg_27685,
276880,Accrued interest on sundry debts receivable,asset,fixed_asset,debit,0,,Other financial fixed asset / Other capitalised debts receivable / Accrued interest,asset_fixed,0,,pcg_27688,
277100,Own shares,asset,fixed_asset,debit,0,,Other financial fixed asset / (Own shares),asset_fixed,0,,pcg_2771,
277200,Own shares in process of cancellation,asset,fixed_asset,debit,0,,Other financial fixed asset / (Own shares),asset_fixed,0,,pcg_2772,
278000,Merger loss on financial assets,asset,fixed_asset,debit,0,,Other financial fixed asset,asset_fixed,0,,pcg_278,
279000,Unpaid instalments on unpaid long-term investment securities,asset,fixed_asset,debit,0,,Other financial fixed asset,asset_fixed,0,,pcg_279,
280100,Establishment costs (same allocation as for Account 201),asset,fixed_asset,debit,0,,Cumulative depreciation on fixed assets,asset_fixed,0,,pcg_2801,
280300,Research and development costs,asset,fixed_asset,debit,0,,Cumulative depreciation on fixed assets,asset_fixed,0,,pcg_2803,
280500,"Concessions and similar rights, patents, licences, software, rights and similar assets",asset,fixed_asset,debit,0,,Cumulative depreciation on fixed assets,asset_fixed,0,,pcg_2805,
280600,Tenancy law,asset,fixed_asset,debit,0,,Cumulative depreciation on fixed assets,asset_fixed,0,,pcg_2806,
280700,Goodwill,asset,fixed_asset,debit,0,,Cumulative depreciation on fixed assets,asset_fixed,0,,pcg_2807,
280800,Other intangible fixed assets,asset,fixed_asset,debit,0,,Cumulative depreciation on fixed assets,asset_fixed,0,,pcg_2808,
280810,Amortisation of merger loss on intangible assets,asset,fixed_asset,debit,0,,Cumulative depreciation on fixed assets,asset_fixed,0,,pcg_28081,
281200,Site development (same allocation as for Account 212),asset,fixed_asset,debit,0,,Cumulative depreciation on fixed assets / Depreciation on tangible fixed assets,asset_fixed,0,,pcg_2812,
281300,Constructions (same allocation as for Account 213),asset,fixed_asset,debit,0,,Cumulative depreciation on fixed assets / Depreciation on tangible fixed assets,asset_fixed,0,,pcg_2813,
281400,Constructions on third-party site (same allocation as for Account 214),asset,fixed_asset,debit,0,,Cumulative depreciation on fixed assets / Depreciation on tangible fixed assets,asset_fixed,0,,pcg_2814,
281500,Installations matériel et outillage industriels (même ventilation que celle du compte 215),asset,fixed_asset,debit,0,,Cumulative depreciation on fixed assets / Depreciation on tangible fixed assets,asset_fixed,0,,pcg_2815,
281800,Other tangible fixed assets (same allocation as for Account 218),asset,fixed_asset,debit,0,,Cumulative depreciation on fixed assets / Depreciation on tangible fixed assets,asset_fixed,0,,pcg_2818,
281870,Amortization of merger loss on tangible assets,asset,fixed_asset,debit,0,,Cumulative depreciation on fixed assets / Depreciation on tangible fixed assets,asset_fixed,0,,pcg_28187,
282000,Depreciation on fixed assets in concession,asset,fixed_asset,debit,0,,Cumulative depreciation on fixed assets,asset_fixed,0,,pcg_282,
290100,Establishment costs,asset,fixed_asset,debit,0,,Provisions for diminution in value of fixed assets,asset_fixed,0,,pcg_2901,
290300,Development costs,asset,fixed_asset,debit,0,,Provisions for diminution in value of fixed assets,asset_fixed,0,,pcg_2903,
290500,"Trade marks, processes, rights and similar assets",asset,fixed_asset,debit,0,,Provisions for diminution in value of fixed assets,asset_fixed,0,,pcg_2905,
290600,Lease premium,asset,fixed_asset,debit,0,,Provisions for diminution in value of fixed assets,asset_fixed,0,,pcg_2906,
290700,Goodwill,asset,fixed_asset,debit,0,,Provisions for diminution in value of fixed assets,asset_fixed,0,,pcg_2907,
290800,Other intangible fixed assets,asset,fixed_asset,debit,0,,Provisions for diminution in value of fixed assets,asset_fixed,0,,pcg_2908,
290810,Impairment of merger loss on intangible assets,asset,fixed_asset,debit,0,,Provisions for diminution in value of fixed assets,asset_fixed,0,,pcg_29081,
291200,Impairment of site development,asset,fixed_asset,debit,0,,Provisions for diminution in value of fixed assets / Provisions for diminution in value of tangible fixed assets (same allocation as for Account 21),asset_fixed,0,,pcg_2912,
291300,Impairment of constructions,asset,fixed_asset,debit,0,,Provisions for diminution in value of fixed assets / Provisions for diminution in value of tangible fixed assets (same allocation as for Account 21),asset_fixed,0,,pcg_2913,
291400,Impairment of constructions on third-party site,asset,fixed_asset,debit,0,,Provisions for diminution in value of fixed assets / Provisions for diminution in value of tangible fixed assets (same allocation as for Account 21),asset_fixed,0,,pcg_2914,
291500,"Impairment of technical installations, equipment and industrial tools",asset,fixed_asset,debit,0,,Provisions for diminution in value of fixed assets / Provisions for diminution in value of tangible fixed assets (same allocation as for Account 21),asset_fixed,0,,pcg_2915,
291870,Impairment of merger loss on tangible assets,asset,fixed_asset,debit,0,,Provisions for diminution in value of fixed assets / Provisions for diminution in value of tangible fixed assets (same allocation as for Account 21),asset_fixed,0,,pcg_29187,
292000,Provisions for diminution in value of fixed assets in concession,asset,fixed_asset,debit,0,,Provisions for diminution in value of fixed assets,asset_fixed,0,,pcg_292,
293100,Tangible fixed assets in progress,asset,fixed_asset,debit,0,,Provisions for diminution in value of fixed assets / Provisions for diminution in value of fixed assets in progress,asset_fixed,0,,pcg_2931,
293200,Intangible fixed assets in progress,asset,fixed_asset,debit,0,,Provisions for diminution in value of fixed assets / Provisions for diminution in value of fixed assets in progress,asset_fixed,0,,pcg_2932,
296100,Provisions for depreciation of long-term equity interests,asset,fixed_asset,debit,0,,Provisions for diminution in value of fixed assets / Impairment of participating interests and receivables from participating interests,asset_fixed,0,,pcg_2961,
296200,Equity-valued securities,asset,fixed_asset,debit,0,,Provisions for diminution in value of fixed assets / Impairment of participating interests and receivables from participating interests,asset_fixed,0,,pcg_2962,
296600,Provisions for depreciation of other forms of participation,asset,fixed_asset,debit,0,,Provisions for diminution in value of fixed assets / Impairment of participating interests and receivables from participating interests,asset_fixed,0,,pcg_2966,
296700,Provisions for depreciation of debts receivable related to participating interests (same allocation as for Account 267),asset,fixed_asset,debit,0,,Provisions for diminution in value of fixed assets / Impairment of participating interests and receivables from participating interests,asset_fixed,0,,pcg_2967,
296800,Provisions for depreciation of debts receivable related to joint ventures (same allocation as for Account 268),asset,fixed_asset,debit,0,,Provisions for diminution in value of fixed assets / Impairment of participating interests and receivables from participating interests,asset_fixed,0,,pcg_2968,
297100,Provisions for depreciation of long-term investment equity securities other than portfolio long-term equity investment securities (same allocation as for Account 271),asset,fixed_asset,debit,0,,Provisions for diminution in value of fixed assets / Provisions for diminution in value of other financial fixed assets,asset_fixed,0,,pcg_2971,
297200,Provisions for depreciation of long-term investment debt securities (same allocation as for Account 272),asset,fixed_asset,debit,0,,Provisions for diminution in value of fixed assets / Provisions for diminution in value of other financial fixed assets,asset_fixed,0,,pcg_2972,
297300,Provisions for depreciation of portfolio long-term investment securities,asset,fixed_asset,debit,0,,Provisions for diminution in value of fixed assets / Provisions for diminution in value of other financial fixed assets,asset_fixed,0,,pcg_2973,
297400,Provisions for depreciation of loans (same allocation as for Account 274),asset,fixed_asset,debit,0,,Provisions for diminution in value of fixed assets / Provisions for diminution in value of other financial fixed assets,asset_fixed,0,,pcg_2974,
297500,Provisions for depreciation of deposits and sureties advanced (same allocation as for Account 275),asset,fixed_asset,debit,0,,Provisions for diminution in value of fixed assets / Provisions for diminution in value of other financial fixed assets,asset_fixed,0,,pcg_2975,
297600,Provisions for depreciation of Other debts receivable (same allocation as for Account 276),asset,fixed_asset,debit,0,,Provisions for diminution in value of fixed assets / Provisions for diminution in value of other financial fixed assets,asset_fixed,0,,pcg_2976,
297870,Impairment of merger loss on financial assets,asset,fixed_asset,debit,0,,Provisions for diminution in value of fixed assets / Provisions for diminution in value of other financial fixed assets,asset_fixed,0,,pcg_29787,
310000,Raw materials and supplies,asset,current_asset,debit,0,,,asset_current,0,,pcg_31_account,
321000,Consumable materials,asset,current_asset,debit,0,,Other consumables,asset_current,0,,pcg_321_account,
322100,Fuels,asset,current_asset,debit,0,,Other consumables / Consumable supplies,asset_current,0,,pcg_3221,
322200,Cleaning products,asset,current_asset,debit,0,,Other consumables / Consumable supplies,asset_current,0,,pcg_3222,
322300,Workshop and factory supplies,asset,current_asset,debit,0,,Other consumables / Consumable supplies,asset_current,0,,pcg_3223,
322400,Store supplies,asset,current_asset,debit,0,,Other consumables / Consumable supplies,asset_current,0,,pcg_3224,
322500,Office supplies,asset,current_asset,debit,0,,Other consumables / Consumable supplies,asset_current,0,,pcg_3225,
326100,Non-returnable packaging,asset,current_asset,debit,0,,Other consumables / Packaging,asset_current,0,,pcg_3261,
326500,Unidentifiable recoverable packaging,asset,current_asset,debit,0,,Other consumables / Packaging,asset_current,0,,pcg_3265,
326700,Mixed usage packaging,asset,current_asset,debit,0,,Other consumables / Packaging,asset_current,0,,pcg_3267,
331000,Products in progress,asset,current_asset,debit,0,,Work in progress (goods),asset_current,0,,pcg_331_account,
335000,Works in progress,asset,current_asset,debit,0,,Work in progress (goods),asset_current,0,,pcg_335_account,
34000,Supply of services in progress,asset,current_asset,debit,0,,Work in progress (services),asset_current,0,,pcg_345_account,
341000,Project studies in progress,asset,current_asset,debit,0,,Work in progress (services),asset_current,0,,pcg_341_account,
351000,Semi-finished products,asset,current_asset,debit,0,,Product stocks,asset_current,0,,pcg_351_account,
355000,Finished products,asset,current_asset,debit,0,,Product stocks,asset_current,0,,pcg_355_account,
358100,Waste,asset,current_asset,debit,0,,Product stocks / Residual products (or recoverable materials),asset_current,0,,pcg_3581,
358500,Refuse,asset,current_asset,debit,0,,Product stocks / Residual products (or recoverable materials),asset_current,0,,pcg_3585,
358600,Recoverable materials,asset,current_asset,debit,0,,Product stocks / Residual products (or recoverable materials),asset_current,0,,pcg_3586,
360000,Stocks from fixed assets,asset,current_asset,debit,0,,,asset_current,0,,pcg_36,
370000,Stocks of goods,asset,current_asset,debit,0,,,asset_current,0,,pcg_37_account,
380000,Stocks in transit,asset,current_asset,debit,0,,,asset_current,0,,pcg_38,
391000,Provisions for diminution in value of raw materials and supplies,asset,current_asset,debit,0,,Provisions for diminution in value of stocks and work in progress,asset_current,0,,pcg_391_account,
392000,Provisions for diminution in value of other consumables,asset,current_asset,debit,0,,Provisions for diminution in value of stocks and work in progress,asset_current,0,,pcg_392_account,
393000,Provisions for diminution in value of work in progress (goods),asset,current_asset,debit,0,,Provisions for diminution in value of stocks and work in progress,asset_current,0,,pcg_393_account,
394000,Provisions for diminution in value of work in progress (services),asset,current_asset,debit,0,,Provisions for diminution in value of stocks and work in progress,asset_current,0,,pcg_394_account,
395000,Provisions for diminution in value of product stocks,asset,current_asset,debit,0,,Provisions for diminution in value of stocks and work in progress,asset_current,0,,pcg_395_account,
397000,Provisions for diminution in value of stocks of goods for resales,asset,current_asset,debit,0,,Provisions for diminution in value of stocks and work in progress,asset_current,0,,pcg_397_account,
400000,Suppliers and related accounts,liability,payable,credit,0,payables,Suppliers and related accounts,liability_payable,1,,pcg_400,
401100,Suppliers - Purchase of goods and services,liability,payable,credit,0,payables,Suppliers and related accounts / Suppliers,liability_payable,1,,fr_pcg_pay,
401700,Suppliers - Contract performance holdbacks,liability,payable,credit,0,payables,Suppliers and related accounts / Suppliers,liability_payable,1,,pcg_4017,
403000,Suppliers - Bills payable,liability,payable,credit,0,payables,Suppliers and related accounts,liability_payable,1,,pcg_403,
404100,Suppliers - Fixed asset purchases,liability,payable,credit,0,payables,Suppliers and related accounts / Fixed asset suppliers,liability_payable,1,,pcg_4041,
404700,Fixed asset suppliers - Contract performance holdbacks,liability,payable,credit,0,payables,Suppliers and related accounts / Fixed asset suppliers,liability_payable,1,,pcg_4047,
405000,Fixed asset suppliers - Bills payable,liability,payable,credit,0,payables,Suppliers and related accounts,liability_payable,1,,pcg_405,
408100,Suppliers - Invoices outstanding - Suppliers,liability,current_liability,credit,0,,Suppliers and related accounts / Suppliers - Invoices outstanding,liability_current,1,,pcg_4081,
408400,Suppliers - Invoices outstanding - Fixed asset suppliers,liability,current_liability,credit,0,,Suppliers and related accounts / Suppliers - Invoices outstanding,liability_current,1,,pcg_4084,
408800,Suppliers - Invoices outstanding - Suppliers - Accrued interest,liability,current_liability,credit,0,,Suppliers and related accounts / Suppliers - Invoices outstanding,liability_current,1,,pcg_4088,
409100,Suppliers in debit - Payments on account on orders,liability,current_liability,credit,0,,Suppliers and related accounts / Suppliers in debit,liability_current,0,,pcg_4091,
409600,Suppliers in debit - Debts receivable for returnable packaging andequipment,asset,current_asset,debit,0,,Suppliers and related accounts / Suppliers in debit,asset_current,1,,pcg_4096,
409710,Suppliers in debit - Other debits,asset,current_asset,debit,0,,Suppliers and related accounts / Suppliers in debit / Suppliers - Other debits,asset_current,1,,pcg_40971,
409740,Suppliers in debit - Other debits of fixed asset suppliers,asset,current_asset,debit,0,,Suppliers and related accounts / Suppliers in debit / Suppliers - Other debits,asset_current,1,,pcg_40974,
409800,"Suppliers in debit - Purchase rebates, discounts, allowances and other outstanding debits",asset,current_asset,debit,0,,Suppliers and related accounts / Suppliers in debit,asset_current,1,,pcg_4098,
410000,Customers and related accounts,asset,receivable,debit,0,receivables,,asset_receivable,1,,pcg_410,
411100,Customers - Sales of goods or services,asset,receivable,debit,0,receivables,Customers,asset_receivable,1,,fr_pcg_recv,
411101,Customers - Sales of goods or services (PoS),asset,receivable,debit,0,receivables,Customers,asset_receivable,1,,fr_pcg_recv_pos,
411700,Customers - Contract performance holdbacks,asset,receivable,debit,0,receivables,Customers,asset_receivable,1,,pcg_4117,
413000,Customers - Bills receivable,asset,receivable,debit,0,receivables,,asset_receivable,1,,pcg_413,
416000,Doubtful or contested customer accounts,asset,current_asset,debit,0,,Doubtful customers,asset_current,1,,pcg_416,
418100,Customers - Invoices to be made out,asset,current_asset,debit,0,,Customers - Charges not yet invoiced,asset_current,1,,pcg_4181,
418800,Customers - Accrued interest,asset,current_asset,debit,0,,Customers - Charges not yet invoiced,asset_current,1,,pcg_4188,
419100,Customers - Payments on account received on orders,liability,current_liability,credit,0,,Customers in credit,liability_current,1,,pcg_4191,
419600,Customers - Debts payable for returnable packaging and equipment,liability,current_liability,credit,0,,Customers in credit,liability_current,1,,pcg_4196,
419700,Customers - Other credits,liability,current_liability,credit,0,,Customers in credit,liability_current,1,,pcg_4197,
419800,"Sales rebates, discounts, allowances and other credits not yet issued",liability,current_liability,credit,0,,Customers in credit,liability_current,1,,pcg_4198,
421000,Personnel - Remuneration payable,liability,current_liability,credit,0,,Personnel and related accounts,liability_current,1,,pcg_421,
422000,Social and Economic Committee,liability,current_liability,credit,0,,Personnel and related accounts,liability_current,1,,pcg_422,
424600,Employee profit share - Special reserve,liability,current_liability,credit,0,,Personnel and related accounts / Employee profit share,liability_current,1,,pcg_4246,
424800,Employee profit share - Current accounts,liability,current_liability,credit,0,,Personnel and related accounts / Employee profit share,liability_current,1,,pcg_4248,
425000,Personnel - Payments on account,asset,current_asset,debit,0,,Personnel and related accounts,asset_current,1,,pcg_425,
426000,Personnel - Deposits,liability,current_liability,credit,0,,Personnel and related accounts,liability_current,1,,pcg_426,
427000,Personnel - Stoppages of payment,liability,current_liability,credit,0,,Personnel and related accounts,liability_current,1,,pcg_427,
428200,Personnel - Accrued charges payable for holiday pay,liability,current_liability,credit,0,,Personnel and related accounts / Personnel - Accrued charges payable and income receivable,liability_current,1,,pcg_4282,
428400,Personnel - Accrued charges payable for employee profit share,liability,current_liability,credit,0,,Personnel and related accounts / Personnel - Accrued charges payable and income receivable,liability_current,1,,pcg_4284,
428600,Personnel - Other accrued charges payable,liability,current_liability,credit,0,,Personnel and related accounts / Personnel - Accrued charges payable and income receivable,liability_current,1,,pcg_4286,
431000,Social security,liability,current_liability,credit,0,,Social security and other social agencies,liability_current,1,,pcg_431,
437000,Other social agencies,liability,current_liability,credit,0,,Social security and other social agencies,liability_current,1,,pcg_437,
438200,Contributions for holiday pay,liability,current_liability,credit,0,,Social security and other social agencies / Social agencies - Accrued charges payable and income receivable,liability_current,1,,pcg_4382,
438600,Other accrued charges payable,liability,current_liability,credit,0,,Social security and other social agencies / Social agencies - Accrued charges payable and income receivable,liability_current,1,,pcg_4386,
439000,Social security - Accrued income,asset,current_asset,debit,0,,Social security and other social agencies,asset_current,1,,pcg_439,
441000,State - Subsidies and grants receivable,asset,current_asset,debit,0,,State and other public authorities,asset_current,1,,pcg_441_account,
442100,Withholding tax (Income tax),liability,current_liability,credit,0,,State and other public authorities / State - Taxes and levies recoverable from third parties,liability_current,1,,pcg_4421,
442200,Non-liberating flat-rate deductions,liability,current_liability,credit,0,,State and other public authorities / State - Taxes and levies recoverable from third parties,liability_current,1,,pcg_4422,
442300,Deductions and withholdings on distributions,liability,current_liability,credit,0,,State and other public authorities / State - Taxes and levies recoverable from third parties,liability_current,1,,pcg_4423,
444000,State - Income tax,liability,current_liability,credit,0,,State and other public authorities,liability_current,1,,pcg_444,
445200,Value added tax due within the European Union,liability,current_liability,credit,0,,State and other public authorities / State - Turnover tax,liability_current,0,,pcg_4452,
445210,Value added tax to be disbursed,liability,current_liability,credit,0,,State and other public authorities / State - Turnover tax,liability_current,0,,pcg_44521,
445300,VAT due on imports (reverse charge),liability,current_liability,credit,0,,State and other public authorities / State - Turnover tax,liability_current,0,,pcg_4453,
445310,VAT due on non-EU supplies,liability,current_liability,credit,0,,State and other public authorities / State - Turnover tax,liability_current,0,,pcg_44531,
445510,VAT to be paid,liability,payable,credit,0,payables,State and other public authorities / State - Turnover tax / Turnover tax payable,liability_payable,1,,pcg_44551,
445580,Taxes assimilated to VAT,liability,current_liability,credit,0,,State and other public authorities / State - Turnover tax / Turnover tax payable,liability_current,1,,pcg_44558,
445620,Deductible VAT on fixed assets,asset,current_asset,debit,0,,State and other public authorities / State - Turnover tax / Turnover tax deductible,asset_current,0,,pcg_44562,
445630,VAT transferred by other entities,asset,current_asset,debit,0,,State and other public authorities / State - Turnover tax / Turnover tax deductible,asset_current,1,,pcg_44563,
445640,Deductible VAT on unsettled transactions,asset,current_asset,debit,0,,State and other public authorities / State - Turnover tax / Turnover tax deductible,asset_current,1,,pcg_44564,
445660,Deductible VAT on other goods and services,asset,current_asset,debit,0,,State and other public authorities / State - Turnover tax / Turnover tax deductible,asset_current,0,,pcg_44566,
445662,Intra-Community deductible VAT,asset,current_asset,debit,0,,State and other public authorities / State - Turnover tax / Turnover tax deductible,asset_current,0,,pcg_445662,
445663,Deductible VAT outside the EU (reverse charge),asset,current_asset,debit,0,,State and other public authorities / State - Turnover tax / Turnover tax deductible,asset_current,0,,pcg_445663,
445670,VAT credit to be carried forward,asset,receivable,debit,0,receivables,State and other public authorities / State - Turnover tax / Turnover tax deductible,asset_receivable,1,,pcg_44567,
445671,VAT claimed from the administration,asset,current_asset,debit,0,,State and other public authorities / State - Turnover tax / Turnover tax deductible,asset_current,1,,pcg_445671,
445680,Deductible taxes assimilated to VAT,asset,current_asset,debit,0,,State and other public authorities / State - Turnover tax / Turnover tax deductible,asset_current,1,,pcg_44568,
445710,VAT collected,liability,current_liability,credit,0,,State and other public authorities / State - Turnover tax / Turnover tax collected by the entity,liability_current,0,,pcg_44571,
445740,VAT collected on unsettled transactions,liability,current_liability,credit,0,,State and other public authorities / State - Turnover tax / Turnover tax collected by the entity,liability_current,1,,pcg_44574,
445780,Taxes collected as VAT,liability,current_liability,credit,0,,State and other public authorities / State - Turnover tax / Turnover tax collected by the entity,liability_current,1,,pcg_44578,
445800,Turnover taxes to be regularised or pending,liability,current_liability,credit,0,,State and other public authorities / State - Turnover tax,liability_current,1,,pcg_445800,
445810,Advance payments - Simplified taxation system,asset,current_asset,debit,0,,State and other public authorities / State - Turnover tax,asset_current,1,,pcg_44581,
445830,Turnover tax refunds claimed,asset,current_asset,debit,0,,State and other public authorities / State - Turnover tax,asset_current,1,,pcg_44583,
445840,Prepaid VAT,liability,current_liability,credit,0,,State and other public authorities / State - Turnover tax,liability_current,1,,pcg_44584,
445860,Turnover taxes on non-received invoices,asset,current_asset,debit,0,,State and other public authorities / State - Turnover tax,asset_current,1,,pcg_44586,
445870,Turnover taxes on invoices to be issued,liability,current_liability,credit,0,,State and other public authorities / State - Turnover tax,liability_current,1,,pcg_44587,
446000,Guaranteed bonds,liability,current_liability,credit,0,,State and other public authorities,liability_current,1,,pcg_446,
447000,"Other taxes, levies and similar payments",liability,current_liability,credit,0,,State and other public authorities,liability_current,1,,pcg_447,
448100,State - Accrued charges payable,liability,current_liability,credit,0,,State and other public authorities / State - Accrued charges payable and income receivable,liability_current,1,,pcg_4481,
448110,Tax on holiday pay,liability,current_liability,credit,0,,State and other public authorities / State - Accrued charges payable and income receivable,liability_current,1,,pcg_44811,
448120,Accrued expenses,asset,current_asset,debit,0,,State and other public authorities / State - Accrued charges payable and income receivable,asset_current,1,,pcg_4412,
448200,State - Accrued income receivable,asset,current_asset,debit,0,,State and other public authorities / State - Accrued charges payable and income receivable,asset_current,1,,pcg_4482,
449000,Emission allowances to be surrendered to the State,liability,current_liability,credit,0,,State and other public authorities,liability_current,1,,pcg_449,
451000,Group,liability,current_liability,credit,0,,Group and partners/associates,liability_current,1,,pcg_451,
455100,Partners/associates - Current accounts - Principal,liability,current_liability,credit,0,,Group and partners/associates / Partners/associates - Current accounts,liability_current,1,,pcg_4551,
455800,Partners/associates - Current accounts - Accrued interest,liability,current_liability,credit,0,,Group and partners/associates / Partners/associates - Current accounts,liability_current,1,,pcg_4558,
456110,Partners/associates - Capital transactions - Contributions in kind,asset,current_asset,debit,0,,Group and partners/associates / Partners/associates - Capital transactions / Partners/associates - Company contribution accounts,asset_current,1,,pcg_45611,
456150,Partners/associates - Capital transactions - Contributions in money,asset,current_asset,debit,0,,Group and partners/associates / Partners/associates - Capital transactions / Partners/associates - Company contribution accounts,asset_current,1,,pcg_45615,
456210,"Shareholders - Subscribed capital calledup, unpaid",asset,current_asset,debit,0,,"Group and partners/associates / Partners/associates - Capital transactions / Contributors - Capital called up, unpaid",asset_current,1,,pcg_45621,
456250,"Partners/associates - Capital called up, unpaid",asset,current_asset,debit,0,,"Group and partners/associates / Partners/associates - Capital transactions / Contributors - Capital called up, unpaid",asset_current,1,,pcg_45625,
456300,Partners/associates - Payments received for capital increase,asset,current_asset,debit,0,,Group and partners/associates / Partners/associates - Capital transactions,asset_current,1,,pcg_4563,
456400,Partners/associates - Advance payments,asset,current_asset,debit,0,,Group and partners/associates / Partners/associates - Capital transactions,asset_current,1,,pcg_4564,
456600,Defaulting shareholders,asset,current_asset,debit,0,,Group and partners/associates / Partners/associates - Capital transactions,asset_current,1,,pcg_4566,
456700,Partners/associates - Capital to be reimbursed,asset,current_asset,debit,0,,Group and partners/associates / Partners/associates - Capital transactions,asset_current,1,,pcg_4567,
457000,Partners/associates - Dividends payable,liability,current_liability,credit,0,,Group and partners/associates,liability_current,1,,pcg_457,
458100,Partners/associates - Joint and Economic Interest Group transaction - Current transactions,asset,current_asset,debit,0,,Group and partners/associates / Partners/associates - Joint and Economic Interest Group transactions,asset_current,1,,pcg_4581,
458800,Partners/associates - Joint and Economic Interest Group transaction - Accrued interest,asset,current_asset,debit,0,,Group and partners/associates / Partners/associates - Joint and Economic Interest Group transactions,asset_current,1,,pcg_4588,
462000,Debts receivable on realisation of fixed assets,asset,current_asset,debit,0,,Sundry debts receivable and payable,asset_current,1,,pcg_462,
464000,Debts payable on purchases of short-term investment securities,liability,current_liability,credit,0,,Sundry debts receivable and payable,liability_current,1,,pcg_464,
465000,Debts receivable on realisation of short-term investment securities,asset,current_asset,debit,0,,Sundry debts receivable and payable,asset_current,1,,pcg_465,
467000,Other accounts receivable and accrued income,liability,current_liability,credit,0,,Sundry debts receivable and payable,liability_current,1,,pcg_467,
468000,Other accounts payable and accrued liabilities,liability,current_liability,credit,0,,Sundry debts receivable and payable,liability_current,0,,pcg_468_account,
471000,Suspense accounts,asset,current_asset,debit,0,,Provisional or suspense accounts,asset_current,1,,pcg_471,
472000,Suspense accounts,asset,current_asset,debit,0,,Provisional or suspense accounts,asset_current,1,,pcg_472,
473000,Suspense accounts,asset,current_asset,debit,0,,Provisional or suspense accounts,asset_current,1,,pcg_473,
474100,Valuation differences on forward financial instruments - Assets,asset,current_asset,debit,0,,Provisional or suspense accounts / Valuation differences - Assets,asset_current,1,,pcg_4741,
474200,Valuation difference on tokens held - Assets,asset,current_asset,debit,0,,Provisional or suspense accounts / Valuation differences - Assets,asset_current,1,,pcg_4742,
474600,Valuation differences of tokens on liabilities - Assets,asset,current_asset,debit,0,,Provisional or suspense accounts / Valuation differences - Assets,asset_current,1,,pcg_4746,
475100,Valuation differences on forward financial instruments - Liabilities,liability,current_liability,credit,0,,Provisional or suspense accounts / Valuation differences - Liabilities,liability_current,1,,pcg_4751,
475200,Valuation differences on tokens held - Liabilities,liability,current_liability,credit,0,,Provisional or suspense accounts / Valuation differences - Liabilities,liability_current,1,,pcg_4752,
475600,Valuation differences of tokens on liabilities - Liabilities,liability,current_liability,credit,0,,Provisional or suspense accounts / Valuation differences - Liabilities,liability_current,1,,pcg_4756,
476100,Decrease in receivables,asset,current_asset,debit,0,,Provisional or suspense accounts / Realisable currency exchange losses,asset_current,1,,pcg_4761,
476200,Increase in liabilities,asset,current_asset,debit,0,,Provisional or suspense accounts / Realisable currency exchange losses,asset_current,1,,pcg_4762,
476800,Differences offset by currency hedging,asset,current_asset,debit,0,,Provisional or suspense accounts / Realisable currency exchange losses,asset_current,1,,pcg_4768,
477100,Increase in receivables,liability,current_liability,credit,0,,Provisional or suspense accounts / Realisable currency exchange gains,liability_current,1,,pcg_4771,
477200,Decrease in liabilities,liability,current_liability,credit,0,,Provisional or suspense accounts / Realisable currency exchange gains,liability_current,1,,pcg_4772,
477800,Differences offset by currency hedging,liability,current_liability,credit,0,,Provisional or suspense accounts / Realisable currency exchange gains,liability_current,1,,pcg_4778,
478000,Other transitory accounts,liability,current_liability,credit,0,,Provisional or suspense accounts,liability_current,0,,pcg_478,
478100,Merger loss on current assets,liability,current_liability,credit,0,,Provisional or suspense accounts,liability_current,0,,pcg_4781,
481000,Debt issuance costs,asset,current_asset,debit,0,,Accrual accounts,asset_current,1,,pcg_481_account,
486000,Prepayments,asset,current_asset,debit,0,,Accrual accounts,asset_current,1,,pcg_486,
487000,Deferred income,liability,current_liability,credit,0,,Accrual accounts,liability_current,1,,pcg_487,
488600,Periodic load balancing accounts,asset,current_asset,debit,0,,Accrual accounts / Periodic allocation of charges and income,asset_current,1,,pcg_4886,
488700,Periodic Revenue Allocation Accounts,liability,current_liability,credit,0,,Accrual accounts / Periodic allocation of charges and income,liability_current,1,,pcg_4887,
491000,Provisions for impairment of trade receivables,asset,current_asset,debit,0,,Provisions for doubtful debts,asset_current,1,,pcg_491,
495100,Provisions for impairment of group accounts,asset,current_asset,debit,0,,Provisions for doubtful debts / Provisions for group and partners/associates doubtful debts,asset_current,1,,pcg_4951,
495500,Provisions for depreciation of partners' current accounts,asset,current_asset,debit,0,,Provisions for doubtful debts / Provisions for group and partners/associates doubtful debts,asset_current,1,,pcg_4955,
495800,Provisions for depreciation of joint and EIG operations,asset,current_asset,debit,0,,Provisions for doubtful debts / Provisions for group and partners/associates doubtful debts,asset_current,1,,pcg_4958,
496200,Provisions for impairment of receivables on disposals of fixed assets,asset,current_asset,debit,0,,Provisions for doubtful debts / Provisions for sundry doubtful debts,asset_current,1,,pcg_4962,
496500,Provisions for impairment of receivables on sales of marketable securities,asset,current_asset,debit,0,,Provisions for doubtful debts / Provisions for sundry doubtful debts,asset_current,1,,pcg_4965,
496700,Provisions for depreciation - Other accounts receivable,asset,current_asset,debit,0,,Provisions for doubtful debts / Provisions for sundry doubtful debts,asset_current,1,,pcg_4967,
502000,Marketable securities - Own shares,asset,cash_bank,debit,0,cash_bank,Short-term investment securities,asset_cash,0,,pcg_502,
502100,Shares to be allocated to employees and assigned to specific plans,asset,cash_bank,debit,0,cash_bank,Short-term investment securities,asset_cash,0,,pcg_5021,
502200,Shares available for allocation to employees or for stock market adjustment,asset,cash_bank,debit,0,cash_bank,Short-term investment securities,asset_cash,0,,pcg_5022,
503100,Marketable securities - Listed securities,asset,cash_bank,debit,0,cash_bank,Short-term investment securities / Shares,asset_cash,0,,pcg_5031,
503500,Marketable securities - Unlisted securities,asset,cash_bank,debit,0,cash_bank,Short-term investment securities / Shares,asset_cash,0,,pcg_5035,
504000,Marketable securities - Other securities conferring a right of ownership,asset,cash_bank,debit,0,cash_bank,Short-term investment securities,asset_cash,0,,pcg_504,
505000,Bonds and notes issued by the company and redeemed by it,asset,cash_bank,debit,0,cash_bank,Short-term investment securities,asset_cash,0,,pcg_505,
506100,Quoted bonds,asset,cash_bank,debit,0,cash_bank,Short-term investment securities / Bonds,asset_cash,0,,pcg_5061,
506500,Unquoted bonds,asset,cash_bank,debit,0,cash_bank,Short-term investment securities / Bonds,asset_cash,0,,pcg_5065,
507000,Treasury bills and short-term notes,asset,cash_bank,debit,0,cash_bank,Short-term investment securities,asset_cash,0,,pcg_507,
508100,Other securities,asset,cash_bank,debit,0,cash_bank,Short-term investment securities / Other short-term investment securities and similar debts receivable,asset_cash,0,,pcg_5081,
508200,Equity and bond warrants,asset,cash_bank,debit,0,cash_bank,Short-term investment securities / Other short-term investment securities and similar debts receivable,asset_cash,0,,pcg_5082,
508800,"Accrued interest on bonds, warrants and similar securities",asset,cash_bank,debit,0,cash_bank,Short-term investment securities / Other short-term investment securities and similar debts receivable,asset_cash,0,,pcg_5088,
509000,Unpaid instalments on unpaid short-term investment securities,asset,cash_bank,debit,0,cash_bank,Short-term investment securities,asset_cash,0,,pcg_509,
511100,Outstanding coupons for collection,asset,cash_bank,debit,0,cash_bank,"Banks, financial and similar institutions / Financial instruments for collection",asset_cash,0,,pcg_5111,
511200,Cheques for collection,asset,current_asset,debit,0,,"Banks, financial and similar institutions / Financial instruments for collection",asset_current,1,,pcg_5112,
511300,Bills for collection,asset,cash_bank,debit,0,cash_bank,"Banks, financial and similar institutions / Financial instruments for collection",asset_cash,0,,pcg_5113,
511400,Bills for discount,asset,cash_bank,debit,0,cash_bank,"Banks, financial and similar institutions / Financial instruments for collection",asset_cash,0,,pcg_5114,
512100,Banks - Accounts in euros,asset,cash_bank,debit,0,cash_bank,"Banks, financial and similar institutions / Banks",asset_cash,0,,pcg_5121,
512400,Banks - Accounts in foreign currencies,asset,cash_bank,debit,0,cash_bank,"Banks, financial and similar institutions / Banks",asset_cash,0,,pcg_5124,
517000,Other financial bodies,asset,cash_bank,debit,0,cash_bank,"Banks, financial and similar institutions",asset_cash,0,,pcg_517,
518100,Accrued interest payable,asset,cash_bank,debit,0,cash_bank,"Banks, financial and similar institutions / Accrued interest",asset_cash,0,,pcg_5181,
518800,Accrued interest receivable,asset,cash_bank,debit,0,cash_bank,"Banks, financial and similar institutions / Accrued interest",asset_cash,0,,pcg_5188,
519100,Current bank advances - Credit for assignment of commercial debts receivable,asset,cash_bank,debit,0,cash_bank,"Banks, financial and similar institutions / Current bank advances",asset_cash,0,,pcg_5191,
519300,Current bank advances - Assignment of debts receivable originating outside France,asset,cash_bank,debit,0,cash_bank,"Banks, financial and similar institutions / Current bank advances",asset_cash,0,,pcg_5193,
519800,Current bank advances - Accrued interest on current bank advances,asset,cash_bank,debit,0,cash_bank,"Banks, financial and similar institutions / Current bank advances",asset_cash,0,,pcg_5198,
520000,Financial futures instruments and tokens held,asset,cash_bank,debit,0,cash_bank,,asset_cash,0,,pcg_52,
530000,Cashier,asset,cash_bank,debit,0,cash_bank,,asset_cash,0,,pcg_53_account,
580000,Internal transfers,asset,cash_bank,debit,0,cash_bank,,asset_cash,0,,pcg_58_account,
590300,Provisions for impairment of shares,asset,current_asset,debit,0,,Provisions for diminution in value of financial assets,asset_current,0,,pcg_5903,
590400,Provisions for depreciation of other securities conferring a right of ownership,asset,current_asset,debit,0,,Provisions for diminution in value of financial assets,asset_current,0,,pcg_5904,
590600,Provisions for impairment of bonds,asset,current_asset,debit,0,,Provisions for diminution in value of financial assets,asset_current,0,,pcg_5906,
590800,Provisions for depreciation of other marketable securities and similar receivables (provisions),asset,current_asset,debit,0,,Provisions for diminution in value of financial assets,asset_current,0,,pcg_5908,
601000,Inventory item purchases - Raw materials and supplies,expense,expense,debit,0,,Purchases (except 603),expense,0,,pcg_601_account,
602100,Inventory item purchases - Consumable Materials,expense,expense,debit,0,,Purchases (except 603) / Inventory item purchases - Other consumables,expense,0,,pcg_6021_account,
602210,Inventory item purchases - Fuels,expense,expense,debit,0,,Purchases (except 603) / Inventory item purchases - Other consumables,expense,0,,pcg_60221,
602220,Inventory item purchases - Maintenance products,expense,expense,debit,0,,Purchases (except 603) / Inventory item purchases - Other consumables,expense,0,,pcg_60222,
602230,Inventory item purchases - Workshop and factory supplies,expense,expense,debit,0,,Purchases (except 603) / Inventory item purchases - Other consumables,expense,0,,pcg_60223,
602240,Inventory item purchases - Store supplies,expense,expense,debit,0,,Purchases (except 603) / Inventory item purchases - Other consumables,expense,0,,pcg_60224,
602250,Inventory item purchases - Office supplies,expense,expense,debit,0,,Purchases (except 603) / Inventory item purchases - Other consumables,expense,0,,pcg_60225,
602610,Inventory item purchases - Non-returnable packaging,expense,expense,debit,0,,Purchases (except 603) / Inventory item purchases - Other consumables / Packaging,expense,0,,pcg_60261,
602620,Inventory item purchases - Packaging waste,expense,expense,debit,0,,Purchases (except 603) / Inventory item purchases - Other consumables / Packaging,expense,0,,pcg_60262,
602650,Inventory item purchases - Unidentifiable recoverable packaging,expense,expense,debit,0,,Purchases (except 603) / Inventory item purchases - Other consumables / Packaging,expense,0,,pcg_60265,
602670,Inventory item purchases - Mixed usage packaging,expense,expense,debit,0,,Purchases (except 603) / Inventory item purchases - Other consumables / Packaging,expense,0,,pcg_60267,
603100,Change in stocks of raw materials (and supplies),expense,expense,debit,0,,Purchases (except 603) / Changes in inventories (supplies and goods),expense,0,,pcg_6031,
603200,Change in stocks of other supplies,expense,expense,debit,0,,Purchases (except 603) / Changes in inventories (supplies and goods),expense,0,,pcg_6032,
603700,Change in inventories of goods,expense,expense,debit,0,,Purchases (except 603) / Changes in inventories (supplies and goods),expense,0,,pcg_6037,
604000,Purchases of project studies and services,expense,expense,debit,0,,Purchases (except 603),expense,0,,pcg_604,
605000,"Purchases of equipment, facilities and works",expense,expense,debit,0,,Purchases (except 603),expense,0,,pcg_605,
606100,"Non-inventoriable supplies (eg. water, energy)",expense,expense,debit,0,,Purchases (except 603) / Non-inventory materials and supplies,expense,0,,pcg_6061,
606300,Maintenance and minor equipment supplies,expense,expense,debit,0,,Purchases (except 603) / Non-inventory materials and supplies,expense,0,,pcg_6063,
606400,Administrative supplies,expense,expense,debit,0,,Purchases (except 603) / Non-inventory materials and supplies,expense,0,,pcg_6064,
606800,Other materials and supplies,expense,expense,debit,0,,Purchases (except 603) / Non-inventory materials and supplies,expense,0,,pcg_6068,
607000,Purchase of goods,expense,expense,debit,0,expense,Purchases (except 603),expense,0,,pcg_607_account,default_for_expense
608000,Incidental costs included in purchases,expense,expense,debit,0,,Purchases (except 603),expense,0,,pcg_608,
609100,"Discounts, rebates and discounts - Inventory item purchases - Raw materials (and supplies)",expense,expense,debit,0,,"Purchases (except 603) / Purchase rebates, discounts, allowances",expense,0,,pcg_6091,
609200,"Discounts, rebates and discounts - Inventory item purchases - Other inventory item consumables",expense,expense,debit,0,,"Purchases (except 603) / Purchase rebates, discounts, allowances",expense,0,,pcg_6092,
609400,"Discounts, rebates and discounts - Inventory item purchases - Project studies and services supplied",expense,expense,debit,0,,"Purchases (except 603) / Purchase rebates, discounts, allowances",expense,0,,pcg_6094,
609500,"Discounts, rebates and discounts - Inventory item purchases - Equipment, facilities and works",expense,expense,debit,0,,"Purchases (except 603) / Purchase rebates, discounts, allowances",expense,0,,pcg_6095,
609600,"Discounts, rebates and discounts - Inventory item purchases - Non-inventory consumables",expense,expense,debit,0,,"Purchases (except 603) / Purchase rebates, discounts, allowances",expense,0,,pcg_6096,
609700,"Discounts, rebates and discounts - Inventory item purchases - Goods for resale",expense,expense,debit,0,,"Purchases (except 603) / Purchase rebates, discounts, allowances",expense,0,,pcg_6097,
609800,"Unallocated rebates, discounts, allowances",expense,expense,debit,0,,"Purchases (except 603) / Purchase rebates, discounts, allowances",expense,0,,pcg_6098,
611000,General subcontracting,expense,expense,debit,0,,External services,expense,0,,pcg_611,
612200,Movable property leases,expense,expense,debit,0,,External services / Lease instalments,expense,0,,pcg_6122,
612500,Real property leases,expense,expense,debit,0,,External services / Lease instalments,expense,0,,pcg_6125,
613200,Real property rental,expense,expense,debit,0,,External services,expense,0,,pcg_6132,
613500,Movable property rental,expense,expense,debit,0,,External services,expense,0,,pcg_6135,
614000,Rental and joint ownership property costs,expense,expense,debit,0,,External services,expense,0,,pcg_614,
615200,Maintenance and repairs on real property items,expense,expense,debit,0,,External services / Maintenance and repairs,expense,0,,pcg_6152,
615500,Maintenance and repairs on movable property items,expense,expense,debit,0,,External services / Maintenance and repairs,expense,0,,pcg_6155,
615600,Maintenance,expense,expense,debit,0,,External services / Maintenance and repairs,expense,0,,pcg_6156,
616100,Comprehensive risk,expense,expense,debit,0,,External services / Insurance premiums,expense,0,,pcg_6161,
616200,Compulsory construction loss insurance,expense,expense,debit,0,,External services / Insurance premiums,expense,0,,pcg_6162,
616360,Transport insurance on purchases,expense,expense,debit,0,,External services / Insurance premiums / Transport insurance,expense,0,,pcg_61636,
616370,Transport insurance on sales,expense,expense,debit,0,,External services / Insurance premiums / Transport insurance,expense,0,,pcg_61637,
616380,Transport insurance on other items,expense,expense,debit,0,,External services / Insurance premiums / Transport insurance,expense,0,,pcg_61638,
616400,Operating risks,expense,expense,debit,0,,External services / Insurance premiums,expense,0,,pcg_6164,
616500,Customer insolvency,expense,expense,debit,0,,External services / Insurance premiums,expense,0,,pcg_6165,
617000,"Project studies, surveys, assessments",expense,expense,debit,0,,External services,expense,0,,pcg_617,
618100,General documentation,expense,expense,debit,0,,External services / Sundry,expense,0,,pcg_6181,
618300,Technical documentation,expense,expense,debit,0,,External services / Sundry,expense,0,,pcg_6183,
618500,"Colloquium, seminar, conference costs",expense,expense,debit,0,,External services / Sundry,expense,0,,pcg_6185,
619000,"Purchase rebates, discounts, allowances on external services",expense,expense,debit,0,,External services,expense,0,,pcg_619,
621100,Temporary personnel,expense,expense,debit,0,,Other external services / Personnel external to the entity,expense,0,,pcg_6211,
621400,Personnel on secondment or loan to the entity,expense,expense,debit,0,,Other external services / Personnel external to the entity,expense,0,,pcg_6214,
622100,Purchase commission and brokerage,expense,expense,debit,0,,Other external services / Agents remuneration and fees,expense,0,,pcg_6221,
622200,Sales commission and brokerage,expense,expense,debit,0,,Other external services / Agents remuneration and fees,expense,0,,pcg_6222,
622400,Payments to forwarding agents,expense,expense,debit,0,,Other external services / Agents remuneration and fees,expense,0,,pcg_6224,
622500,Payments for factoring,expense,expense,debit,0,,Other external services / Agents remuneration and fees,expense,0,,pcg_6225,
622600,Fees,expense,expense,debit,0,,Other external services / Agents remuneration and fees,expense,0,,pcg_6226,
622700,Legal and litigation fees,expense,expense,debit,0,,Other external services / Agents remuneration and fees,expense,0,,pcg_6227,
622800,Remuneration of intermediaries and fees - Sundry,expense,expense,debit,0,,Other external services / Agents remuneration and fees,expense,0,,pcg_6228,
623100,Announcements and advertisements,expense,expense,debit,0,,"Other external services / Advertising, publications, public relations",expense,0,,pcg_6231,
623200,Samples,expense,expense,debit,0,,"Other external services / Advertising, publications, public relations",expense,0,,pcg_6232,
623300,Fairs and exhibitions,expense,expense,debit,0,,"Other external services / Advertising, publications, public relations",expense,0,,pcg_6233,
623400,Gifts to customers,expense,expense,debit,0,,"Other external services / Advertising, publications, public relations",expense,0,,pcg_6234,
623500,Premiums,expense,expense,debit,0,,"Other external services / Advertising, publications, public relations",expense,0,,pcg_6235,
623600,Catalogues and printed material,expense,expense,debit,0,,"Other external services / Advertising, publications, public relations",expense,0,,pcg_6236,
623700,Publications,expense,expense,debit,0,,"Other external services / Advertising, publications, public relations",expense,0,,pcg_6237,
623800,"Miscellaneous (tips, regular donations)",expense,expense,debit,0,,"Other external services / Advertising, publications, public relations",expense,0,,pcg_6238,
624100,Transport on purchases,expense,expense,debit,0,,Other external services / Transport of goods and collective personnel transport,expense,0,,pcg_6241,
624200,Transport on sales,expense,expense,debit,0,,Other external services / Transport of goods and collective personnel transport,expense,0,,pcg_6242,
624300,Transport between establishments or work sites,expense,expense,debit,0,,Other external services / Transport of goods and collective personnel transport,expense,0,,pcg_6243,
624400,Administrative transport,expense,expense,debit,0,,Other external services / Transport of goods and collective personnel transport,expense,0,,pcg_6244,
624700,Collective staff transport,expense,expense,debit,0,,Other external services / Transport of goods and collective personnel transport,expense,0,,pcg_6247,
624800,Various transport,expense,expense,debit,0,,Other external services / Transport of goods and collective personnel transport,expense,0,,pcg_6248,
625100,Travels and journeys,expense,expense,debit,0,,"Other external services / Business travel, missions and receptions",expense,0,,pcg_6251,
625500,Relocation costs,expense,expense,debit,0,,"Other external services / Business travel, missions and receptions",expense,0,,pcg_6255,
625600,Missions,expense,expense,debit,0,,"Other external services / Business travel, missions and receptions",expense,0,,pcg_6256,
625700,Receptions,expense,expense,debit,0,,"Other external services / Business travel, missions and receptions",expense,0,,pcg_6257,
626000,Postal and telecommunication costs,expense,expense,debit,0,,Other external services,expense,0,,pcg_626,
627100,"Securities costs (purchase, sale, safe custody)",expense,expense,debit,0,,Other external services / Banking and similar services,expense,0,,pcg_6271,
627200,Commissions and loan issue costs,expense,expense,debit,0,,Other external services / Banking and similar services,expense,0,,pcg_6272,
627500,Charges on bills,expense,expense,debit,0,,Other external services / Banking and similar services,expense,0,,pcg_6275,
627600,Rental of safes,expense,expense,debit,0,,Other external services / Banking and similar services,expense,0,,pcg_6276,
627800,Other expenses and commissions on services supplied,expense,expense,debit,0,,Other external services / Banking and similar services,expense,0,,pcg_6278,
628100,Sundry assistance (eg. contributions),expense,expense,debit,0,,Other external services / Sundry,expense,0,,pcg_6281,
628400,Personnel recruitment costs,expense,expense,debit,0,,Other external services / Sundry,expense,0,,pcg_6284,
629000,"Purchase rebates, discounts, allowances on other external services",expense,expense,debit,0,,Other external services,expense,0,,pcg_629,
631100,Tax on salaries,expense,expense,debit,0,,"Taxes, levies and similar payments / Taxes, levies and similar payments on wages and salaries (to the tax administration)",expense,0,,pcg_6311,
631400,Default contribution for compulsory investment in construction,expense,expense,debit,0,,"Taxes, levies and similar payments / Taxes, levies and similar payments on wages and salaries (to the tax administration)",expense,0,,pcg_6314,
631800,Other taxes and similar payments on remuneration (tax authorities),expense,expense,debit,0,,"Taxes, levies and similar payments / Taxes, levies and similar payments on wages and salaries (to the tax administration)",expense,0,,pcg_6318,
633100,Transport expenditures,expense,expense,debit,0,,"Taxes, levies and similar payments / Taxes, levies and similar payments on wages and salaries (to otherbodies)",expense,0,,pcg_6331,
633200,Accommodation allowances,expense,expense,debit,0,,"Taxes, levies and similar payments / Taxes, levies and similar payments on wages and salaries (to otherbodies)",expense,0,,pcg_6332,
633300,Employers' contribution to professional training,expense,expense,debit,0,,"Taxes, levies and similar payments / Taxes, levies and similar payments on wages and salaries (to otherbodies)",expense,0,,pcg_6333,
633400,Employer participation in construction projects,expense,expense,debit,0,,"Taxes, levies and similar payments / Taxes, levies and similar payments on wages and salaries (to otherbodies)",expense,0,,pcg_6334,
633500,Discharge payments entitling exemption from apprenticeship tax,expense,expense,debit,0,,"Taxes, levies and similar payments / Taxes, levies and similar payments on wages and salaries (to otherbodies)",expense,0,,pcg_6335,
633800,Other taxes and similar payments on salaries (other bodies),expense,expense,debit,0,,"Taxes, levies and similar payments / Taxes, levies and similar payments on wages and salaries (to otherbodies)",expense,0,,pcg_6338,
635110,Territorial economic contribution,expense,expense,debit,0,,"Taxes, levies and similar payments / Other taxes, levies and similar payments (to the tax administration) / Direct taxes (except income tax)",expense,0,,pcg_63511,
635120,Property taxes,expense,expense,debit,0,,"Taxes, levies and similar payments / Other taxes, levies and similar payments (to the tax administration) / Direct taxes (except income tax)",expense,0,,pcg_63512,
635130,Other local rates and taxes,expense,expense,debit,0,,"Taxes, levies and similar payments / Other taxes, levies and similar payments (to the tax administration) / Direct taxes (except income tax)",expense,0,,pcg_63513,
635140,Tax on company vehicles,expense,expense,debit,0,,"Taxes, levies and similar payments / Other taxes, levies and similar payments (to the tax administration) / Direct taxes (except income tax)",expense,0,,pcg_63514,
635200,Non-recoverable turnover tax,expense,expense,debit,0,,"Taxes, levies and similar payments / Other taxes, levies and similar payments (to the tax administration)",expense,0,,pcg_6352,
635300,Indirect taxes,expense,expense,debit,0,,"Taxes, levies and similar payments / Other taxes, levies and similar payments (to the tax administration)",expense,0,,pcg_6353,
635410,Transfer duty,expense,expense,debit,0,,"Taxes, levies and similar payments / Other taxes, levies and similar payments (to the tax administration) / Registration and stamp duties",expense,0,,pcg_63541,
635800,Other duties,expense,expense,debit,0,,"Taxes, levies and similar payments / Other taxes, levies and similar payments (to the tax administration)",expense,0,,pcg_6358,
637100,Social solidarity contribution chargeable to companies,expense,expense,debit,0,,"Taxes, levies and similar payments / Other taxes, levies and similar payments (to other bodies)",expense,0,,pcg_6371,
637200,Taxes collected by international public bodies,expense,expense,debit,0,,"Taxes, levies and similar payments / Other taxes, levies and similar payments (to other bodies)",expense,0,,pcg_6372,
637400,Taxes and levies due for payment outside France,expense,expense,debit,0,,"Taxes, levies and similar payments / Other taxes, levies and similar payments (to other bodies)",expense,0,,pcg_6374,
637800,Sundry taxes,expense,expense,debit,0,,"Taxes, levies and similar payments / Other taxes, levies and similar payments (to other bodies)",expense,0,,pcg_6378,
638000,Tax reminder (other than income tax),expense,expense,debit,0,,"Taxes, levies and similar payments",expense,0,,pcg_638,
641100,"Salaries, emoluments",expense,expense,debit,0,,Personnel costs / Personnel wages and salaries,expense,0,,pcg_6411,
641200,Holiday pay,expense,expense,debit,0,,Personnel costs / Personnel wages and salaries,expense,0,,pcg_6412,
641300,Premiums and bonuses,expense,expense,debit,0,,Personnel costs / Personnel wages and salaries,expense,0,,pcg_6413,
641400,Allowances and sundry benefits,expense,expense,debit,0,,Personnel costs / Personnel wages and salaries,expense,0,,pcg_6414,
641500,Family income supplement,expense,expense,debit,0,,Personnel costs / Personnel wages and salaries,expense,0,,pcg_6415,
644000,Owner remuneration,expense,expense,debit,0,,Personnel costs,expense,0,,pcg_644,
645100,Social Security Collection Office (URSSAF) contributions,expense,expense,debit,0,,Personnel costs / Social security and provident fund contributions,expense,0,,pcg_6451,
645200,Mutual organisation contributions,expense,expense,debit,0,,Personnel costs / Social security and provident fund contributions,expense,0,,pcg_6452,
645300,Pension fund contributions,expense,expense,debit,0,,Personnel costs / Social security and provident fund contributions,expense,0,,pcg_6453,
645400,Contributions to Pôle emploi,expense,expense,debit,0,,Personnel costs / Social security and provident fund contributions,expense,0,,pcg_6454,
645800,Contributions to other social agencies,expense,expense,debit,0,,Personnel costs / Social security and provident fund contributions,expense,0,,pcg_6458,
646000,Owner social security contributions,expense,expense,debit,0,,Personnel costs,expense,0,,pcg_646,
647100,Direct allowances,expense,expense,debit,0,,Personnel costs / Other welfare costs,expense,0,,pcg_6471,
647200,Payments to the social and economic committee,expense,expense,debit,0,,Personnel costs / Other welfare costs,expense,0,,pcg_6472,
647400,Payments to other company benefit schemes,expense,expense,debit,0,,Personnel costs / Other welfare costs,expense,0,,pcg_6474,
647500,"Occupational medicine, pharmacy",expense,expense,debit,0,,Personnel costs / Other welfare costs,expense,0,,pcg_6475,
648000,Other personnel costs,expense,expense,debit,0,,Personnel costs,expense,0,,pcg_648,
649000,Reimbursement of staff costs (if staff costs are reimbursed),expense,expense,debit,0,,Personnel costs,expense,0,,pcg_649,inactive_in_source
649100,Wages & Salaries,expense,expense,debit,0,,Personnel costs,expense,0,,pcg_6491,
649200,Social Security Charges,expense,expense,debit,0,,Personnel costs,expense,0,,pcg_6492,
651100,"Concessions, patents, licences, trade marks, processes, software",expense,expense,debit,0,,"Other current operating charges / Royalties and licence fees for concessions, patents,licences, trade marks, processes, software, rights and similar assets",expense,0,,pcg_6511,
651600,Author and reproduction royalties,expense,expense,debit,0,,"Other current operating charges / Royalties and licence fees for concessions, patents,licences, trade marks, processes, software, rights and similar assets",expense,0,,pcg_6516,
651800,Other royalties and similar assets,expense,expense,debit,0,,"Other current operating charges / Royalties and licence fees for concessions, patents,licences, trade marks, processes, software, rights and similar assets",expense,0,,pcg_6518,
653000,Directors‘ and executive officers’ remuneration,expense,expense,debit,0,,Other current operating charges,expense,0,,pcg_653,
654100,Debts receivable for the financial year,expense,expense,debit,0,,Other current operating charges / Bad debts written off,expense,0,,pcg_6541,
654400,Debts receivable for previous financial years,expense,expense,debit,0,,Other current operating charges / Bad debts written off,expense,0,,pcg_6544,
655100,Share of profit transferred (accounts of the managing entity),expense,expense,debit,0,,Other current operating charges / Share of joint venture profit or loss,expense,0,,pcg_6551,
655500,Share of loss (accounts of non-managing partners/associates),expense,expense,debit,0,,Other current operating charges / Share of joint venture profit or loss,expense,0,,pcg_6555,
657000,"Book value of intangible assets and property, plant and equipment sold",expense,expense,debit,0,,Other current operating charges,expense,0,,pcg_657,
658000,Penalties and other expenses,expense,expense,debit,0,,Other current operating charges / Penalties and other expenses,expense,0,,pcg_658,
658100,Contract penalties (and discounts paid on purchases and sales),expense,expense,debit,0,,Other current operating charges / Penalties and other expenses,expense,0,,pcg_6581,
658200,"Penalties, tax and criminal fines",expense,expense,debit,0,,Other current operating charges / Penalties and other expenses,expense,0,,pcg_6582,
658300,Losses resulting from indexation clauses,expense,expense,debit,0,,Other current operating charges / Penalties and other expenses,expense,0,,pcg_6583,
658400,Lots,expense,expense,debit,0,,Other current operating charges / Penalties and other expenses,expense,0,,pcg_6584,
658800,Setting up or winding up trusts,expense,expense,debit,0,,Other current operating charges / Penalties and other expenses,expense,0,,pcg_6588,
661160,Loans and similar debts payable,expense,expense,debit,0,,Financial charges / Interest charges / Loan and debt interest,expense,0,,pcg_66116,
661170,Debts payable related to participating interests,expense,expense,debit,0,,Financial charges / Interest charges / Loan and debt interest,expense,0,,pcg_66117,
661200,"Trust expenses, result for the period",expense,expense,debit,0,,Financial charges / Interest charges,expense,0,,pcg_6612,
661500,Current account and credit deposit interest,expense,expense,debit,0,,Financial charges / Interest charges,expense,0,,pcg_6615,
661600,Bank and financing transaction interest (eg. discounting),expense,expense,debit,0,,Financial charges / Interest charges,expense,0,,pcg_6616,
661700,Interest on guaranteed bonds,expense,expense,debit,0,,Financial charges / Interest charges,expense,0,,pcg_6617,
661810,Commercial debts payable,expense,expense,debit,0,,Financial charges / Interest charges / Interest on other debts payable,expense,0,,pcg_66181,
661880,Sundry debts payable,expense,expense,debit,0,,Financial charges / Interest charges / Interest on other debts payable,expense,0,,pcg_66188,
664000,Losses on debts receivable related to participating interests,expense,expense,debit,0,,Financial charges,expense,0,,pcg_664,
665000,Discounts allowed,expense,expense,debit,0,,Financial charges,expense,0,,pcg_665,
666000,Exchange losses,expense,expense,debit,0,,Financial charges,expense,0,,pcg_666,
667100,Book value of financial assets sold,expense,expense,debit,0,,Financial charges,expense,0,,pcg_6671,
667200,Net expenses on disposals of portfolio securities,expense,expense,debit,0,,Financial charges,expense,0,,pcg_6672,
667300,Net expenses on disposals of marketable securities,expense,expense,debit,0,,Financial charges,expense,0,,pcg_6673,
667400,Net expenses on disposal of tokens,expense,expense,debit,0,,Financial charges,expense,0,,pcg_6674,
668000,Other financial charges,expense,expense,debit,0,,Financial charges,expense,0,,pcg_668,
668300,Losses arising from the repurchase by the entity of shares and bonds issued by itself,expense,expense,debit,0,,Financial charges,expense,0,,pcg_6683,
669000,Transfers of financial expenses,expense,expense,debit,0,,Financial charges,expense,0,,pcg_669,
672000,Extraordinary expenses on previous years (during the year only),expense,expense,debit,0,,Extraordinary charges,expense,0,,pcg_672,
678000,Other exceptional expenses,expense,expense,debit,0,,Extraordinary charges,expense,0,,pcg_678_account,
681100,Amortisation of intangible and tangible fixed assets,expense,expense,debit,0,,Appropriations to depreciation and provisions / Appropriations to depreciation and provisions - Operating charges,expense,0,,pcg_6811,
681110,Intangible fixed assets and formation expenses,expense,expense,debit,0,,Appropriations to depreciation and provisions / Appropriations to depreciation and provisions - Operating charges,expense,0,,pcg_68111,
681120,Appropriations to depreciation on Tangible fixed assets,expense,expense,debit,0,,Appropriations to depreciation and provisions / Appropriations to depreciation and provisions - Operating charges,expense,0,,pcg_68112,
681500,Appropriations to provisions for operating liabilities and charges,expense,expense,debit,0,,Appropriations to depreciation and provisions / Appropriations to depreciation and provisions - Operating charges,expense,0,,pcg_6815,
681610,Impairment of intangible assets,expense,expense,debit,0,,Appropriations to depreciation and provisions / Appropriations to depreciation and provisions - Operating charges / Impairment of intangible and tangible assets,expense,0,,pcg_68161,
681620,"Impairment of property, plant and equipment",expense,expense,debit,0,,Appropriations to depreciation and provisions / Appropriations to depreciation and provisions - Operating charges / Impairment of intangible and tangible assets,expense,0,,pcg_68162,
681730,Impairment of inventories and work in progress,expense,expense,debit,0,,Appropriations to depreciation and provisions / Appropriations to depreciation and provisions - Operating charges / Appropriations to provisions for diminution in value of current assets,expense,0,,pcg_68173,
681740,Impairment of receivables,expense,expense,debit,0,,Appropriations to depreciation and provisions / Appropriations to depreciation and provisions - Operating charges / Appropriations to provisions for diminution in value of current assets,expense,0,,pcg_68174,
686100,Appropriations to amortisation of premiums on redemption of debt securities,expense,expense,debit,0,,Appropriations to depreciation and provisions / Appropriations to depreciation and provisions - Financial charges,expense,0,,pcg_6861,
686200,Depreciation of loan issue expenses,expense,expense,debit,0,,Appropriations to depreciation and provisions / Appropriations to depreciation and provisions - Financial charges,expense,0,,pcg_6862,
686500,Appropriations to provisions for financial liabilities and charges,expense,expense,debit,0,,Appropriations to depreciation and provisions / Appropriations to depreciation and provisions - Financial charges,expense,0,,pcg_6865,
686620,Appropriations to provisions for diminution in value of financial components - Financial fixed assets,expense,expense,debit,0,,Appropriations to depreciation and provisions / Appropriations to depreciation and provisions - Financial charges / Appropriations to provisions for diminution in value of financial components,expense,0,,pcg_68662,
686650,Appropriations to provisions for diminution in value of financial components - Short-term investment securities,expense,expense,debit,0,,Appropriations to depreciation and provisions / Appropriations to depreciation and provisions - Financial charges / Appropriations to provisions for diminution in value of financial components,expense,0,,pcg_68665,
687100,Appropriations to extraordinary fixed asset depreciation,expense,expense,debit,0,,Appropriations to depreciation and provisions / Appropriations to depreciation and provisions - Extraordinarcharges,expense,0,,pcg_6871,
687250,Appropriations to tax-regulated provisions (fixed assets) - Depreciation by derogation,expense,expense,debit,0,,Appropriations to depreciation and provisions / Appropriations to depreciation and provisions - Extraordinarcharges / Appropriations to tax-regulated provisions (fixed assets),expense,0,,pcg_68725,
687300,Appropriations to tax-regulated provisions (stocks),expense,expense,debit,0,,Appropriations to depreciation and provisions / Appropriations to depreciation and provisions - Extraordinarcharges,expense,0,,pcg_6873,
687400,Appropriations to other tax-regulated provisions,expense,expense,debit,0,,Appropriations to depreciation and provisions / Appropriations to depreciation and provisions - Extraordinarcharges,expense,0,,pcg_6874,
687500,Appropriations to provisions for extraordinary liabilities and charges,expense,expense,debit,0,,Appropriations to depreciation and provisions / Appropriations to depreciation and provisions - Extraordinarcharges,expense,0,,pcg_6875,
687600,Appropriations to provisions for extraordinary diminutionin value,expense,expense,debit,0,,Appropriations to depreciation and provisions / Appropriations to depreciation and provisions - Extraordinarcharges,expense,0,,pcg_6876,
691000,Employee profit share,expense,expense,debit,0,,Employee profit share - Income and similar taxes,expense,0,,pcg_691,
695100,Income tax due in France,expense,expense,debit,0,,Employee profit share - Income and similar taxes / Income tax,expense,0,,pcg_6951,
695200,Additional contribution to income tax,expense,expense,debit,0,,Employee profit share - Income and similar taxes / Income tax,expense,0,,pcg_6952,
695400,Income tax due outside France,expense,expense,debit,0,,Employee profit share - Income and similar taxes / Income tax,expense,0,,pcg_6954,
696000,Supplementary company tax related to profit distributions,expense,expense,debit,0,,Employee profit share - Income and similar taxes,expense,0,,pcg_696,
698100,Group tax - Charges,expense,expense,debit,0,,Employee profit share - Income and similar taxes / Group tax,expense,0,,pcg_6981,
698900,Group tax - Income,expense,expense,debit,0,,Employee profit share - Income and similar taxes / Group tax,expense,0,,pcg_6989,
699000,Income - Carry-back of losses,expense,expense,debit,0,,Employee profit share - Income and similar taxes,expense,0,,pcg_699,
701000,Sales of finished products,income,income,credit,0,,"Sales of manufactured products, services, goods for resale",income,0,,pcg_701_account,
702000,Sales of semi-finished products,income,income,credit,0,,"Sales of manufactured products, services, goods for resale",income,0,,pcg_702,
703000,Sales of residual products,income,income,credit,0,,"Sales of manufactured products, services, goods for resale",income,0,,pcg_703,
704000,Works,income,income,credit,0,,"Sales of manufactured products, services, goods for resale",income,0,,pcg_704_account,
705000,Project studies,income,income,credit,0,,"Sales of manufactured products, services, goods for resale",income,0,,pcg_705,
706000,Services supplied,income,income,credit,0,,"Sales of manufactured products, services, goods for resale",income,0,,pcg_706,
707000,Sales of goods,income,income,credit,0,income,"Sales of manufactured products, services, goods for resale",income,0,,pcg_707_account,default_for_income
708100,Income from services operated in the interest of personne,income,income,credit,0,,"Sales of manufactured products, services, goods for resale / Income from related activities",income,0,,pcg_7081,
708200,Commission and brokerage,income,income,credit,0,,"Sales of manufactured products, services, goods for resale / Income from related activities",income,0,,pcg_7082,
708300,Sundry rentals,income,income,credit,0,,"Sales of manufactured products, services, goods for resale / Income from related activities",income,0,,pcg_7083,
708400,Personnel charged out,income,income,credit,0,,"Sales of manufactured products, services, goods for resale / Income from related activities",income,0,,pcg_7084,
708500,Carriage and ancillary costs invoiced,income,income,credit,0,,"Sales of manufactured products, services, goods for resale / Income from related activities",income,0,,pcg_7085,
708600,Surplus on recovery of returnable packaging,income,income,credit,0,,"Sales of manufactured products, services, goods for resale / Income from related activities",income,0,,pcg_7086,
708700,Bonuses obtained from customers and sales premiums,income,income,credit,0,,"Sales of manufactured products, services, goods for resale / Income from related activities",income,0,,pcg_7087,
708800,Other income from ancillary activities (eg. disposal of consumables),income,income,credit,0,,"Sales of manufactured products, services, goods for resale / Income from related activities",income,0,,pcg_7088,
709100,Sales of finished products,income,income,credit,0,,"Sales of manufactured products, services, goods for resale / Sales rebates, discounts, allowances granted by the entity",income,0,,pcg_7091,
709200,Sales of semi-finished products,income,income,credit,0,,"Sales of manufactured products, services, goods for resale / Sales rebates, discounts, allowances granted by the entity",income,0,,pcg_7092,
709400,"Sales rebates, discounts, allowances granted by the entity on work",income,income,credit,0,,"Sales of manufactured products, services, goods for resale / Sales rebates, discounts, allowances granted by the entity",income,0,,pcg_7094,
709500,"Sales rebates, discounts, allowances granted by the entity on Project studies",income,income,credit,0,,"Sales of manufactured products, services, goods for resale / Sales rebates, discounts, allowances granted by the entity",income,0,,pcg_7095,
709600,"Sales rebates, discounts, allowances granted by the entity on Services supplied",income,income,credit,0,,"Sales of manufactured products, services, goods for resale / Sales rebates, discounts, allowances granted by the entity",income,0,,pcg_7096,
709700,"Sales rebates, discounts, allowances granted by the entity on Sales of goods for resale",income,income,credit,0,,"Sales of manufactured products, services, goods for resale / Sales rebates, discounts, allowances granted by the entity",income,0,,pcg_7097,
709800,"Sales rebates, discounts, allowances granted by the entity on Income from ancillary activities",income,income,credit,0,,"Sales of manufactured products, services, goods for resale / Sales rebates, discounts, allowances granted by the entity",income,0,,pcg_7098,
713310,Change in work in progress (goods) - Products in progress,income,income,credit,0,,"Change in stocks of finished products and work in progress / Change in stocks (work in progress, products) / Change in work in progress (goods)",income,0,,pcg_71331,
713350,Change in work in progress (goods) - Works in progress,income,income,credit,0,,"Change in stocks of finished products and work in progress / Change in stocks (work in progress, products) / Change in work in progress (goods)",income,0,,pcg_71335,
713410,Change in work in progress (services) - Project studies in progress,income,income,credit,0,,"Change in stocks of finished products and work in progress / Change in stocks (work in progress, products) / Change in work in progress (services)",income,0,,pcg_71341,
713450,Change in work in progress (services) - Supply of services in progress,income,income,credit,0,,"Change in stocks of finished products and work in progress / Change in stocks (work in progress, products) / Change in work in progress (services)",income,0,,pcg_71345,
713510,Change in product stocks Semi-finished products,income,income,credit,0,,"Change in stocks of finished products and work in progress / Change in stocks (work in progress, products) / Change in product stocks",income,0,,pcg_71351,
713550,Change in product stocks Finished products,income,income,credit,0,,"Change in stocks of finished products and work in progress / Change in stocks (work in progress, products) / Change in product stocks",income,0,,pcg_71355,
713580,Change in product stocks Residual products,income,income,credit,0,,"Change in stocks of finished products and work in progress / Change in stocks (work in progress, products) / Change in product stocks",income,0,,pcg_71358,
721000,Own work capitalised - Intangible fixed assets,income,income,credit,0,,Own work capitalised,income,0,,pcg_721,
722000,Own work capitalised - Tangible fixed assets,income,income,credit,0,,Own work capitalised,income,0,,pcg_722,
741000,Operating subsidies,income,income,credit,0,,Operating grants,income,0,,pcg_741,
742000,Balancing subsidies,income,income,credit,0,,Operating grants,income,0,,pcg_742,
747000,Share of investment grants transferred to profit or loss for the year,income,income,credit,0,,Operating grants,income,0,,pcg_747,
751100,"Royalties and licence fees for concessions, patents, licences, trade marks, processes, software",income,income,credit,0,,"Other current operating income / Royalties and licence fees for concessions, patents, licences, trade marks, processes, software, rights and similar assets",income,0,,pcg_7511,
751600,Author and reproduction royalties,income,income,credit,0,,"Other current operating income / Royalties and licence fees for concessions, patents, licences, trade marks, processes, software, rights and similar assets",income,0,,pcg_7516,
751800,Other royalties and similar assets,income,income,credit,0,,"Other current operating income / Royalties and licence fees for concessions, patents, licences, trade marks, processes, software, rights and similar assets",income,0,,pcg_7518,
752000,Revenues from buildings not allocated to professional activities,income,income,credit,0,,Other current operating income,income,0,,pcg_752,
753000,Remuneration of directors and executive managers,income,income,credit,0,,Other current operating income,income,0,,pcg_753,
754000,Rebates from cooperatives (resulting from surpluses),income,income,credit,0,,Other current operating income,income,0,,pcg_754,
755100,Share of loss transferred (accounts of the managing entity),income,income,credit,0,,Other current operating income / Share of joint venture profit or loss,income,0,,pcg_7551,
755500,Share of profit (accounts of non-managing partners/associates),income,income,credit,0,,Other current operating income / Share of joint venture profit or loss,income,0,,pcg_7555,
757000,"Proceeds from disposals of property, plant and equipment and intangible assets",income,income,credit,0,,Other current operating income,income,0,,pcg_757,
758000,Compensation and other income,income,income,credit,0,,Other current operating income / Compensation and other income,income,0,,pcg_758,
758100,Deductions and penalties on purchases and sales,income,income,credit,0,,Other current operating income / Compensation and other income,income,0,,pcg_7581,
758200,Donations received,income,income,credit,0,,Other current operating income / Compensation and other income,income,0,,pcg_7582,
758300,Receipts on amortised receivables,income,income,credit,0,,Other current operating income / Compensation and other income,income,0,,pcg_7583,
758400,Tax relief other than income tax,income,income,credit,0,,Other current operating income / Compensation and other income,income,0,,pcg_7584,
758500,Bonuses from indexation clauses,income,income,credit,0,,Other current operating income / Compensation and other income,income,0,,pcg_7585,
758600,Lots,income,income,credit,0,,Other current operating income / Compensation and other income,income,0,,pcg_7586,
758700,Insurance indemnities (if relating to insurance indemnities),income,income,credit,0,,Other current operating income / Compensation and other income,income,0,,pcg_7587,
758800,Setting up or liquidation of trusts,income,income,credit,0,,Other current operating income / Compensation and other income,income,0,,pcg_7588,
761100,Income from long-term equity interests,income,income,credit,0,,Financial income / Income from participating interests,income,0,,pcg_7611,
761200,"Trust income, result for the period",income,income,credit,0,,Financial income / Income from participating interests,income,0,,pcg_7612,
761600,Income from other forms of participating interests,income,income,credit,0,,Financial income / Income from participating interests,income,0,,pcg_7616,
761700,Income from debts receivable related to participating interests,income,income,credit,0,,Financial income / Income from participating interests,income,0,,pcg_7617,
762100,Income from long-term investment securities,income,income,credit,0,,Financial income / Income from other financial fixed assets,income,0,,pcg_7621,
762600,Income from loans,income,income,credit,0,,Financial income / Income from other financial fixed assets,income,0,,pcg_7626,
762700,Income from capitalised debts receivable,income,income,credit,0,,Financial income / Income from other financial fixed assets,income,0,,pcg_7627,
763100,Income from commercial debts receivable,income,income,credit,0,,Financial income / Income from other debts receivable,income,0,,pcg_7631,
763800,Income from sundry debts receivable,income,income,credit,0,,Financial income / Income from other debts receivable,income,0,,pcg_7638,
764000,Income from short-term investment securities,income,income,credit,0,,Financial income,income,0,,pcg_764,
765000,Discounts obtained,income,income,credit,0,,Financial income,income,0,,pcg_765,
766000,Exchange gains,income,income,credit,0,,Financial income,income,0,,pcg_766,
767100,Income from disposals of financial assets,income,income,credit,0,,Financial income / Income from disposal of financial assets,income,0,,pcg_7671,
767200,Net income from disposals of portfolio securities,income,income,credit,0,,Financial income / Income from disposal of financial assets,income,0,,pcg_7672,
767300,Net proceeds from disposals of marketable securities,income,income,credit,0,,Financial income / Income from disposal of financial assets,income,0,,pcg_7673,
767400,Net income on disposal of tokens,income,income,credit,0,,Financial income / Income from disposal of financial assets,income,0,,pcg_7674,
768300,Bonuses arising from the repurchase by the company of shares and bonds issued by itself,income,income,credit,0,,Financial income / Other financial income,income,0,,pcg_7683,
772000,Extraordinary income on previous years (during the year only),income,income,credit,0,,Extraordinary income,income,0,,pcg_772,
778000,Other extraordinary income,income,income,credit,0,,Extraordinary income,income,0,,pcg_778_account,
781100,"Reversals of amortisation of intangible assets and property, plant and equipment",income,income,credit,0,,Depreciation and provisions written back / Depreciation and provisions written back (to be enteredin operating income),income,0,,pcg_7811,
781110,Reversal of amortisation of intangible assets,income,income,credit,0,,Depreciation and provisions written back / Depreciation and provisions written back (to be enteredin operating income),income,0,,pcg_78111,
781120,Reversals of depreciation on tangible fixed assets,income,income,credit,0,,Depreciation and provisions written back / Depreciation and provisions written back (to be enteredin operating income),income,0,,pcg_78112,
781500,Provisions for operating liabilities and charges written back,income,income,credit,0,,Depreciation and provisions written back / Depreciation and provisions written back (to be enteredin operating income),income,0,,pcg_7815,
781600,Provisions for diminution in value of intangible and tangible fixed assets written back,income,income,credit,0,,Depreciation and provisions written back / Depreciation and provisions written back (to be enteredin operating income),income,0,,pcg_7816,
781610,Reversals of impairment of intangible assets,income,income,credit,0,,Depreciation and provisions written back / Depreciation and provisions written back (to be enteredin operating income),income,0,,pcg_78161,
781620,"Reversals of impairment of property, plant and equipment",income,income,credit,0,,Depreciation and provisions written back / Depreciation and provisions written back (to be enteredin operating income),income,0,,pcg_78162,
781700,Reversals of impairment of current assets,income,income,credit,0,,Depreciation and provisions written back / Depreciation and provisions written back (to be enteredin operating income),income,0,,pcg_7817,
781730,Reversals of impairment of current assets - Inventories and work in progress,income,income,credit,0,,Depreciation and provisions written back / Depreciation and provisions written back (to be enteredin operating income),income,0,,pcg_78173,
781740,Reversals of impairment of current assets - Receivables,income,income,credit,0,,Depreciation and provisions written back / Depreciation and provisions written back (to be enteredin operating income),income,0,,pcg_78174,
786500,Reversals of financial provisions,income,income,credit,0,,Depreciation and provisions written back / Provisions for liabilities written back (to be entered in financiaincome),income,0,,pcg_7865,
786620,Reversals of impairment of financial assets,income,income,credit,0,,Depreciation and provisions written back / Provisions for liabilities written back (to be entered in financiaincome) / Provisions for diminution in value of financial components written back,income,0,,pcg_78662,
786650,Reversals of impairment of marketable securities,income,income,credit,0,,Depreciation and provisions written back / Provisions for liabilities written back (to be entered in financiaincome) / Provisions for diminution in value of financial components written back,income,0,,pcg_78665,
787250,Reversals of regulated provisions (fixed assets) - Accelerated depreciation,income,income,credit,0,,Depreciation and provisions written back / Provisions written back (to be entered in extraordinary income) / Reprises sur provisions réglementées (immobilisations),income,0,,pcg_78725,
787300,Reversals of regulated provisions (stocks),income,income,credit,0,,Depreciation and provisions written back / Provisions written back (to be entered in extraordinary income),income,0,,pcg_7873,
787400,Reversals of other regulated provisions,income,income,credit,0,,Depreciation and provisions written back / Provisions written back (to be entered in extraordinary income),income,0,,pcg_7874,
787500,Reversals of exceptional provisions,income,income,credit,0,,Depreciation and provisions written back / Provisions written back (to be entered in extraordinary income),income,0,,pcg_7875,
787600,Reversals of exceptional depreciation,income,income,credit,0,,Depreciation and provisions written back / Provisions written back (to be entered in extraordinary income),income,0,,pcg_7876,
