code,name,root_type,subtype,normal_balance,is_group,role_hint,parent_path,source_type,reconcile,description,source_id,flags
1020,"Concessions, etc.",asset,non_current_asset,debit,0,,"Assets / Intangible fixed assets / Concessions, etc.",asset_non_current,0,,a1020,
1028,"Accumulated impairment losses on concessions, etc.",asset,non_current_asset,debit,0,,"Assets / Intangible fixed assets / Concessions, etc.",asset_non_current,0,,a1028,
1029,Accumulated amortisation of concessions etc.,asset,non_current_asset,debit,0,,"Assets / Intangible fixed assets / Concessions, etc.",asset_non_current,0,,a1029,
1030,Patents,asset,non_current_asset,debit,0,,Assets / Intangible fixed assets / Patents,asset_non_current,0,,a1030,
1038,Accumulated impairment losses on patents,asset,non_current_asset,debit,0,,Assets / Intangible fixed assets / Patents,asset_non_current,0,,a1038,
1039,Accumulated amortisation of patents,asset,non_current_asset,debit,0,,Assets / Intangible fixed assets / Patents,asset_non_current,0,,a1039,
1040,Licences,asset,non_current_asset,debit,0,,Assets / Intangible fixed assets / Licences,asset_non_current,0,,a1040,
1048,Accumulated impairment losses on licences,asset,non_current_asset,debit,0,,Assets / Intangible fixed assets / Licences,asset_non_current,0,,a1048,
1049,Accumulated amortisation of licences,asset,non_current_asset,debit,0,,Assets / Intangible fixed assets / Licences,asset_non_current,0,,a1049,
1050,Trade marks,asset,non_current_asset,debit,0,,Assets / Intangible fixed assets / Trade marks,asset_non_current,0,,a1050,
1058,Accumulated impairment losses on trademarks,asset,non_current_asset,debit,0,,Assets / Intangible fixed assets / Trade marks,asset_non_current,0,,a1058,
1059,Accumulated amortisation of trademarks,asset,non_current_asset,debit,0,,Assets / Intangible fixed assets / Trade marks,asset_non_current,0,,a1059,
1060,"Tenancies, leaseholds and similar",asset,non_current_asset,debit,0,,"Assets / Intangible fixed assets / Tenancies, leasehold and similar rights",asset_non_current,0,,a1060,
1068,"Accumulated impairment losses on leasehold rights, freehold rights and similar",asset,non_current_asset,debit,0,,"Assets / Intangible fixed assets / Tenancies, leasehold and similar rights",asset_non_current,0,,a1068,
1069,"Accumulated amortisation of tenancies, leasehold and similar rights",asset,non_current_asset,debit,0,,"Assets / Intangible fixed assets / Tenancies, leasehold and similar rights",asset_non_current,0,,a1069,
1070,Goodwill,asset,non_current_asset,debit,0,,Assets / Intangible fixed assets / Goodwill,asset_non_current,0,,a1070,
1078,Accumulated amortisation of goodwill,asset,non_current_asset,debit,0,,Assets / Intangible fixed assets / Goodwill,asset_non_current,0,,a1078,
1079,Accumulated amortisation of goodwill,asset,non_current_asset,debit,0,,Assets / Intangible fixed assets / Goodwill,asset_non_current,0,,a1079,
1080,Advances for intangible fixed assets,asset,non_current_asset,debit,0,,Assets / Intangible fixed assets / Advances for intangible fixed assets,asset_non_current,0,,a1080,
1110,Buildings,asset,fixed_asset,debit,0,,Assets / Buildings and land / Buildings,asset_fixed,0,,a1110,
1111,Buildings on other people's land,asset,fixed_asset,debit,0,,Assets / Buildings and land / Buildings,asset_fixed,0,,a1111,
1112,Buildings on own land,asset,fixed_asset,debit,0,,Assets / Buildings and land / Buildings,asset_fixed,0,,a1112,
1118,Accumulated impairment losses on buildings,asset,fixed_asset,debit,0,,Assets / Buildings and land / Buildings,asset_fixed,0,,a1118,
1119,Accumulated depreciation of buildings,asset,fixed_asset,debit,0,,Assets / Buildings and land / Buildings,asset_fixed,0,,a1119,
1120,Improvements to property owned by others,asset,fixed_asset,debit,0,,Assets / Buildings and land / Improvement costs on another one's property,asset_fixed,0,,a1120,
1129,Accumulated depreciation of improvements on other people's property,asset,fixed_asset,debit,0,,Assets / Buildings and land / Improvement costs on another one's property,asset_fixed,0,,a1129,
1130,Land,asset,fixed_asset,debit,0,,Assets / Buildings and land / Land,asset_fixed,0,,a1130,
1140,Land and undeveloped land,asset,fixed_asset,debit,0,,Assets / Buildings and land / Land plots and undeveloped land,asset_fixed,0,,a1140,
1150,Land improvements,asset,fixed_asset,debit,0,,Assets / Buildings and land / Land improvements,asset_fixed,0,,a1150,
1158,Accumulated impairment losses on land improvements,asset,fixed_asset,debit,0,,Assets / Buildings and land / Land improvements,asset_fixed,0,,a1158,
1159,Accumulated depreciation of land improvements,asset,fixed_asset,debit,0,,Assets / Buildings and land / Land improvements,asset_fixed,0,,a1159,
1180,"Construction, extension and renovation in progress",asset,fixed_asset,debit,0,,Assets / Buildings and land / Construction in progress and advances for buildings and land,asset_fixed,0,,a1180,
1188,Advances for buildings and land,asset,fixed_asset,debit,0,,Assets / Buildings and land / Construction in progress and advances for buildings and land,asset_fixed,0,,a1188,
1210,Machinery and other technical equipment,asset,fixed_asset,debit,0,,Assets / Machinery and equipment / Machinery and other technical equipment,asset_fixed,0,,a1210,
1211,Machinery,asset,fixed_asset,debit,0,,Assets / Machinery and equipment / Machinery and other technical equipment,asset_fixed,0,,a1211,
1213,Other technical installations,asset,fixed_asset,debit,0,,Assets / Machinery and equipment / Machinery and other technical equipment,asset_fixed,0,,a1213,
1218,Accumulated depreciation of machinery and other technical equipment,asset,fixed_asset,debit,0,,Assets / Machinery and equipment / Machinery and other technical equipment,asset_fixed,0,,a1218,
1219,Accumulated depreciation of machinery and equipment,asset,fixed_asset,debit,0,,Assets / Machinery and equipment / Machinery and other technical equipment,asset_fixed,0,,a1219,
1220,Equipment and tools,asset,fixed_asset,debit,0,,Assets / Machinery and equipment / Equipment and tools,asset_fixed,0,,a1220,
1221,Equipment,asset,fixed_asset,debit,0,,Assets / Machinery and equipment / Equipment and tools,asset_fixed,0,,a1221,
1222,Building inventory,asset,fixed_asset,debit,0,,Assets / Machinery and equipment / Equipment and tools,asset_fixed,0,,a1222,
1223,Land equipment,asset,fixed_asset,debit,0,,Assets / Machinery and equipment / Equipment and tools,asset_fixed,0,,a1223,
1225,Tools,asset,fixed_asset,debit,0,,Assets / Machinery and equipment / Equipment and tools,asset_fixed,0,,a1225,
1228,Accumulated impairment losses on equipment and tools,asset,fixed_asset,debit,0,,Assets / Machinery and equipment / Equipment and tools,asset_fixed,0,,a1228,
1229,Accumulated depreciation of equipment and tools,asset,fixed_asset,debit,0,,Assets / Machinery and equipment / Equipment and tools,asset_fixed,0,,a1229,
1230,Installations,asset,fixed_asset,debit,0,,Assets / Machinery and equipment / Installations,asset_fixed,0,,a1230,
1231,Installations on own property,asset,fixed_asset,debit,0,,Assets / Machinery and equipment / Installations,asset_fixed,0,,a1231,
1232,Installations on another's property,asset,fixed_asset,debit,0,,Assets / Machinery and equipment / Installations,asset_fixed,0,,a1232,
1238,Accumulated depreciation of installations,asset,fixed_asset,debit,0,,Assets / Machinery and equipment / Installations,asset_fixed,0,,a1238,
1239,Accumulated depreciation of installations,asset,fixed_asset,debit,0,,Assets / Machinery and equipment / Installations,asset_fixed,0,,a1239,
1240,Cars and other means of transport,asset,fixed_asset,debit,0,,Assets / Machinery and equipment / Vehicles and other means of transport,asset_fixed,0,,a1240,
1241,Passenger cars,asset,fixed_asset,debit,0,,Assets / Machinery and equipment / Vehicles and other means of transport,asset_fixed,0,,a1241,
1242,lorries,asset,fixed_asset,debit,0,,Assets / Machinery and equipment / Vehicles and other means of transport,asset_fixed,0,,a1242,
1243,Trucks,asset,fixed_asset,debit,0,,Assets / Machinery and equipment / Vehicles and other means of transport,asset_fixed,0,,a1243,
1244,Working machines,asset,fixed_asset,debit,0,,Assets / Machinery and equipment / Vehicles and other means of transport,asset_fixed,0,,a1244,
1245,Tractors,asset,fixed_asset,debit,0,,Assets / Machinery and equipment / Vehicles and other means of transport,asset_fixed,0,,a1245,
1246,"Motorcycles, mopeds and scooters",asset,fixed_asset,debit,0,,Assets / Machinery and equipment / Vehicles and other means of transport,asset_fixed,0,,a1246,
1247,"Boats, aeroplanes and helicopters",asset,fixed_asset,debit,0,,Assets / Machinery and equipment / Vehicles and other means of transport,asset_fixed,0,,a1247,
1248,Accumulated impairment losses on cars and other means of transport,asset,fixed_asset,debit,0,,Assets / Machinery and equipment / Vehicles and other means of transport,asset_fixed,0,,a1248,
1249,Accumulated depreciation of cars and other transport equipment,asset,fixed_asset,debit,0,,Assets / Machinery and equipment / Vehicles and other means of transport,asset_fixed,0,,a1249,
1250,Computers,asset,fixed_asset,debit,0,,Assets / Machinery and equipment / Computers,asset_fixed,0,,a1250,
1251,"Computers, business",asset,fixed_asset,debit,0,,Assets / Machinery and equipment / Computers,asset_fixed,0,,a1251,
1257,"Computers, personnel",asset,fixed_asset,debit,0,,Assets / Machinery and equipment / Computers,asset_fixed,0,,a1257,
1258,Accumulated impairment losses on computers,asset,fixed_asset,debit,0,,Assets / Machinery and equipment / Computers,asset_fixed,0,,a1258,
1259,Accumulated depreciation of computers,asset,fixed_asset,debit,0,,Assets / Machinery and equipment / Computers,asset_fixed,0,,a1259,
1280,Construction in progress and advance payments for machinery and equipment,asset,fixed_asset,debit,0,,Assets / Machinery and equipment / Construction in progress and advances for machinery and equipment,asset_fixed,0,,a1280,
1281,"Construction in progress, machinery and equipment",asset,fixed_asset,debit,0,,Assets / Machinery and equipment / Construction in progress and advances for machinery and equipment,asset_fixed,0,,a1281,
1288,Advances for machinery and equipment,asset,fixed_asset,debit,0,,Assets / Machinery and equipment / Construction in progress and advances for machinery and equipment,asset_fixed,0,,a1288,
1290,Other tangible fixed assets,asset,fixed_asset,debit,0,,Assets / Machinery and equipment / Other tangible fixed assets,asset_fixed,0,,a1290,
1291,Art and similar assets,asset,fixed_asset,debit,0,,Assets / Machinery and equipment / Other tangible fixed assets,asset_fixed,0,,a1291,
1292,Animals classified as fixed assets,asset,fixed_asset,debit,0,,Assets / Machinery and equipment / Other tangible fixed assets,asset_fixed,0,,a1292,
1298,Accumulated impairment losses on other tangible fixed assets,asset,fixed_asset,debit,0,,Assets / Machinery and equipment / Other tangible fixed assets,asset_fixed,0,,a1298,
1299,Accumulated depreciation of other tangible fixed assets,asset,fixed_asset,debit,0,,Assets / Machinery and equipment / Other tangible fixed assets,asset_fixed,0,,a1299,
1310,Shares in group companies,asset,non_current_asset,debit,0,,Assets / Financial fixed assets / Shares in group companies,asset_non_current,0,,a1310,
1311,Shares in listed Swedish group companies,asset,non_current_asset,debit,0,,Assets / Financial fixed assets / Shares in group companies,asset_non_current,0,,a1311,
1312,Shares in unlisted Swedish group companies,asset,non_current_asset,debit,0,,Assets / Financial fixed assets / Shares in group companies,asset_non_current,0,,a1312,
1313,Shares in listed foreign group companies,asset,non_current_asset,debit,0,,Assets / Financial fixed assets / Shares in group companies,asset_non_current,0,,a1313,
1314,Shares in unlisted foreign group companies,asset,non_current_asset,debit,0,,Assets / Financial fixed assets / Shares in group companies,asset_non_current,0,,a1314,
1316,Other shares in Swedish group companies,asset,non_current_asset,debit,0,,Assets / Financial fixed assets / Shares in group companies,asset_non_current,0,,a1316,
1317,Other shares in Dutch group companies,asset,non_current_asset,debit,0,,Assets / Financial fixed assets / Shares in group companies,asset_non_current,0,,a1317,
1318,Accumulated impairment losses on shares in group enterprises,asset,non_current_asset,debit,0,,Assets / Financial fixed assets / Shares in group companies,asset_non_current,0,,a1318,
1320,Long-term receivables from group companies,asset,non_current_asset,debit,0,,Assets / Financial fixed assets / Long-term receivables from group companies,asset_non_current,0,,a1320,
1321,Long-term receivables from parent companies,asset,non_current_asset,debit,0,,Assets / Financial fixed assets / Long-term receivables from group companies,asset_non_current,0,,a1321,
1322,Long-term receivables from subsidiaries,asset,non_current_asset,debit,0,,Assets / Financial fixed assets / Long-term receivables from group companies,asset_non_current,0,,a1322,
1323,Long-term receivables from other group companies,asset,non_current_asset,debit,0,,Assets / Financial fixed assets / Long-term receivables from group companies,asset_non_current,0,,a1323,
1328,Accumulated impairment of long-term receivables from group companies,asset,non_current_asset,debit,0,,Assets / Financial fixed assets / Long-term receivables from group companies,asset_non_current,0,,a1328,
1330,"Investments in associates, jointly controlled entities and other entities in which there is an ownership interest",asset,non_current_asset,debit,0,,"Assets / Financial fixed assets / Shares in associates, jointly controlled entities and other entities in which an ownership interest exists",asset_non_current,0,,a1330,
1331,Shares in associates,asset,non_current_asset,debit,0,,"Assets / Financial fixed assets / Shares in associates, jointly controlled entities and other entities in which an ownership interest exists",asset_non_current,0,,a1331,
1332,Accumulated impairment losses on investments in associates,asset,non_current_asset,debit,0,,"Assets / Financial fixed assets / Shares in associates, jointly controlled entities and other entities in which an ownership interest exists",asset_non_current,0,,a1332,
1333,Shares in jointly controlled entities,asset,non_current_asset,debit,0,,"Assets / Financial fixed assets / Shares in associates, jointly controlled entities and other entities in which an ownership interest exists",asset_non_current,0,,a1333,
1334,Accumulated impairment of investments in jointly controlled entities,asset,non_current_asset,debit,0,,"Assets / Financial fixed assets / Shares in associates, jointly controlled entities and other entities in which an ownership interest exists",asset_non_current,0,,a1334,
1336,Shares in other enterprises in which there is a participating interest,asset,non_current_asset,debit,0,,"Assets / Financial fixed assets / Shares in associates, jointly controlled entities and other entities in which an ownership interest exists",asset_non_current,0,,a1336,
1337,Accumulated impairment losses on participations in other enterprises in which there is a participating interest,asset,non_current_asset,debit,0,,"Assets / Financial fixed assets / Shares in associates, jointly controlled entities and other entities in which an ownership interest exists",asset_non_current,0,,a1337,
1338,"Accumulated impairment losses on investments in associates, jointly controlled entities and other entities in which an ownership interest exists",asset,non_current_asset,debit,0,,"Assets / Financial fixed assets / Shares in associates, jointly controlled entities and other entities in which an ownership interest exists",asset_non_current,0,,a1338,
1340,"Non-current receivables from associates, jointly controlled entities and other entities in which there is a participating interest",asset,non_current_asset,debit,0,,"Assets / Financial fixed assets / Long-term receivables from associates, jointly controlled entities and other entities in which an ownership interest exists",asset_non_current,1,,a1340,
1341,Long-term receivables from associates,asset,non_current_asset,debit,0,,"Assets / Financial fixed assets / Long-term receivables from associates, jointly controlled entities and other entities in which an ownership interest exists",asset_non_current,1,,a1341,
1342,Accumulated impairment losses on long-term receivables from associates,asset,non_current_asset,debit,0,,"Assets / Financial fixed assets / Long-term receivables from associates, jointly controlled entities and other entities in which an ownership interest exists",asset_non_current,1,,a1342,
1343,Long-term receivables from jointly controlled entities,asset,non_current_asset,debit,0,,"Assets / Financial fixed assets / Long-term receivables from associates, jointly controlled entities and other entities in which an ownership interest exists",asset_non_current,1,,a1343,
1344,Accumulated impairment losses on long-term receivables from jointly controlled entities,asset,non_current_asset,debit,0,,"Assets / Financial fixed assets / Long-term receivables from associates, jointly controlled entities and other entities in which an ownership interest exists",asset_non_current,1,,a1344,
1346,Long-term receivables from other entities in which there is an ownership interest,asset,non_current_asset,debit,0,,"Assets / Financial fixed assets / Long-term receivables from associates, jointly controlled entities and other entities in which an ownership interest exists",asset_non_current,1,,a1346,
1347,Accumulated impairment losses on long-term receivables from other investee companies,asset,non_current_asset,debit,0,,"Assets / Financial fixed assets / Long-term receivables from associates, jointly controlled entities and other entities in which an ownership interest exists",asset_non_current,1,,a1347,
1348,"Accumulated impairment losses on non-current receivables from associates, jointly controlled entities and other entities in which there is an ownership interest.",asset,non_current_asset,debit,0,,"Assets / Financial fixed assets / Long-term receivables from associates, jointly controlled entities and other entities in which an ownership interest exists",asset_non_current,1,,a1348,
1350,Shares and securities in other enterprises,asset,non_current_asset,debit,0,,Assets / Financial fixed assets / Shares and securities in other enterprises,asset_non_current,0,,a1350,
1351,Shares in listed companies,asset,non_current_asset,debit,0,,Assets / Financial fixed assets / Shares and securities in other enterprises,asset_non_current,0,,a1351,
1352,Other shares,asset,non_current_asset,debit,0,,Assets / Financial fixed assets / Shares and securities in other enterprises,asset_non_current,0,,a1352,
1353,Shares in housing associations,asset,non_current_asset,debit,0,,Assets / Financial fixed assets / Shares and securities in other enterprises,asset_non_current,0,,a1353,
1354,Bonds and notes,asset,non_current_asset,debit,0,,Assets / Financial fixed assets / Shares and securities in other enterprises,asset_non_current,0,,a1354,
1356,"Shares in economic associations, other corporations",asset,non_current_asset,debit,0,,Assets / Financial fixed assets / Shares and securities in other enterprises,asset_non_current,0,,a1356,
1357,"Shares in partnerships, other companies",asset,non_current_asset,debit,0,,Assets / Financial fixed assets / Shares and securities in other enterprises,asset_non_current,0,,a1357,
1358,Accumulated impairments of other shares and securities,asset,non_current_asset,debit,0,,Assets / Financial fixed assets / Shares and securities in other enterprises,asset_non_current,0,,a1358,
1360,"Accumulated impairment of loans to partners or related parties according to ABL, long-term part",asset,non_current_asset,debit,0,,"Assets / Financial fixed assets / Loans to partners or related parties according to ABL, long-term part",asset_non_current,0,,a1360,
1369,"Loans to partners or related parties according to ABL, long-term part",asset,non_current_asset,debit,0,,"Assets / Financial fixed assets / Loans to partners or related parties according to ABL, long-term part",asset_non_current,0,,a1369,
1380,Other long-term receivables,asset,non_current_asset,debit,0,,Assets / Financial fixed assets / Other long-term receivables,asset_non_current,0,,a1380,
1381,Long-term promissory note receivables,asset,non_current_asset,debit,0,,Assets / Financial fixed assets / Other long-term receivables,asset_non_current,0,,a1381,
1382,Long-term receivables from employees,asset,non_current_asset,debit,0,,Assets / Financial fixed assets / Other long-term receivables,asset_non_current,0,,a1382,
1383,"Deposits paid, long-term",asset,non_current_asset,debit,0,,Assets / Financial fixed assets / Other long-term receivables,asset_non_current,0,,a1383,
1384,Derivatives,asset,non_current_asset,debit,0,,Assets / Financial fixed assets / Other long-term receivables,asset_non_current,0,,a1384,
1385,Value of endowment insurance,asset,non_current_asset,debit,0,,Assets / Financial fixed assets / Other long-term receivables,asset_non_current,0,,a1385,
1387,Long-term contractual receivables,asset,non_current_asset,debit,0,,Assets / Financial fixed assets / Other long-term receivables,asset_non_current,0,,a1387,
1388,Long-term trade receivables,asset,non_current_asset,debit,0,,Assets / Financial fixed assets / Other long-term receivables,asset_non_current,0,,a1388,
1389,Accumulated impairment of other long-term receivables,asset,non_current_asset,debit,0,,Assets / Financial fixed assets / Other long-term receivables,asset_non_current,0,,a1389,
1410,Stocks of raw materials,asset,current_asset,debit,0,,"Assets / Inventories, work in progress and work in progress / Stocks of raw materials",asset_current,0,,a1410,
1419,Change in stocks of raw materials,asset,current_asset,debit,0,,"Assets / Inventories, work in progress and work in progress / Stocks of raw materials",asset_current,0,,a1419,
1420,Stocks of consumables and supplies,asset,current_asset,debit,0,,"Assets / Inventories, work in progress and work in progress / Stocks of additives and consumables",asset_current,0,,a1420,
1429,Change in stocks of consumables and supplies,asset,current_asset,debit,0,,"Assets / Inventories, work in progress and work in progress / Stocks of additives and consumables",asset_current,0,,a1429,
1440,Work in progress,asset,current_asset,debit,0,,"Assets / Inventories, work in progress and work in progress / Work in progress",asset_current,0,,a1440,
1449,Change in work in progress,asset,current_asset,debit,0,,"Assets / Inventories, work in progress and work in progress / Work in progress",asset_current,0,,a1449,
1450,Stocks of finished goods,asset,current_asset,debit,0,,"Assets / Inventories, work in progress and work in progress / Stocks of finished goods",asset_current,0,,a1450,
1459,Change in stocks of finished goods,asset,current_asset,debit,0,,"Assets / Inventories, work in progress and work in progress / Stocks of finished goods",asset_current,0,,a1459,
1460,Stocks of goods for resale,asset,current_asset,debit,0,,"Assets / Inventories, work in progress and work in progress / Stocks of merchandise",asset_current,0,,a1460,
1465,Stocks of goods purchased for resale,asset,current_asset,debit,0,,"Assets / Inventories, work in progress and work in progress / Stocks of merchandise",asset_current,0,,a1465,
1466,Impairment of inventories of intermediate goods,asset,current_asset,debit,0,,"Assets / Inventories, work in progress and work in progress / Stocks of merchandise",asset_current,0,,a1466,
1467,Stocks of goods in progress simplified,asset,current_asset,debit,0,,"Assets / Inventories, work in progress and work in progress / Stocks of merchandise",asset_current,0,,a1467,
1469,Change in stocks of goods for resale,asset,current_asset,debit,0,,"Assets / Inventories, work in progress and work in progress / Stocks of merchandise",asset_current,0,,a1469,
1470,Work in progress,asset,current_asset,debit,0,,"Assets / Inventories, work in progress and work in progress / Work in progress",asset_current,0,,a1470,
1471,"Work in progress, costs incurred",asset,current_asset,debit,0,,"Assets / Inventories, work in progress and work in progress / Work in progress",asset_current,0,,a1471,
1478,"Work in progress, invoicing",asset,current_asset,debit,0,,"Assets / Inventories, work in progress and work in progress / Work in progress",asset_current,0,,a1478,
1479,Change in work in progress,asset,current_asset,debit,0,,"Assets / Inventories, work in progress and work in progress / Work in progress",asset_current,0,,a1479,
1480,Advances for goods and services,asset,prepayment,debit,0,,"Assets / Inventories, work in progress and work in progress / Advances for goods and services",asset_prepayments,0,,a1480,
1481,Letters of credit,asset,prepayment,debit,0,,"Assets / Inventories, work in progress and work in progress / Advances for goods and services",asset_prepayments,0,,a1481,
1489,Other advances to suppliers,asset,prepayment,debit,0,,"Assets / Inventories, work in progress and work in progress / Advances for goods and services",asset_prepayments,0,,a1489,
1490,Other inventory assets,asset,prepayment,debit,0,,"Assets / Inventories, work in progress and work in progress / Other inventory assets",asset_prepayments,0,,a1490,
1491,Stocks of securities,asset,prepayment,debit,0,,"Assets / Inventories, work in progress and work in progress / Other inventory assets",asset_prepayments,0,,a1491,
1492,Stocks of real estate,asset,prepayment,debit,0,,"Assets / Inventories, work in progress and work in progress / Other inventory assets",asset_prepayments,0,,a1492,
1493,Animals classified as current assets,asset,prepayment,debit,0,,"Assets / Inventories, work in progress and work in progress / Other inventory assets",asset_prepayments,0,,a1493,
1510,Trade receivables,asset,receivable,debit,0,receivables,Assets / Trade receivables / Trade receivables,asset_receivable,1,,a1510,
1511,Trade receivables,asset,receivable,debit,0,receivables,Assets / Trade receivables / Trade receivables,asset_receivable,1,,a1511,
1512,Mortgaged accounts receivable (factoring),asset,receivable,debit,0,receivables,Assets / Trade receivables / Trade receivables,asset_receivable,1,,a1512,
1513,Trade receivables - split invoice,asset,receivable,debit,0,receivables,Assets / Trade receivables / Trade receivables,asset_receivable,1,,a1513,
1516,Disputed trade receivables,asset,receivable,debit,0,receivables,Assets / Trade receivables / Trade receivables,asset_receivable,1,,a1516,
1518,Non-accrual accounts receivable,asset,receivable,debit,0,receivables,Assets / Trade receivables / Trade receivables,asset_receivable,1,,a1518,
1519,Impairment of trade receivables,asset,receivable,debit,0,receivables,Assets / Trade receivables / Trade receivables,asset_receivable,1,,a1519,
1520,Bills of exchange receivable,asset,receivable,debit,0,receivables,Assets / Trade receivables / Bills of exchange receivable,asset_receivable,1,,a1520,
1525,Doubtful bills receivable,asset,receivable,debit,0,receivables,Assets / Trade receivables / Bills of exchange receivable,asset_receivable,1,,a1525,
1529,Impairment of trade receivables,asset,receivable,debit,0,receivables,Assets / Trade receivables / Bills of exchange receivable,asset_receivable,1,,a1529,
1530,Contractual receivables,asset,receivable,debit,0,receivables,Assets / Trade receivables / Contract receivables,asset_receivable,1,,a1530,
1531,Contract receivables,asset,receivable,debit,0,receivables,Assets / Trade receivables / Contract receivables,asset_receivable,1,,a1531,
1532,Encumbered contract receivables,asset,receivable,debit,0,receivables,Assets / Trade receivables / Contract receivables,asset_receivable,1,,a1532,
1536,Disputed contract receivables,asset,receivable,debit,0,receivables,Assets / Trade receivables / Contract receivables,asset_receivable,1,,a1536,
1539,Impairment of contract receivables,asset,receivable,debit,0,receivables,Assets / Trade receivables / Contract receivables,asset_receivable,1,,a1539,
1550,Consignment receivables,asset,receivable,debit,0,receivables,Assets / Trade receivables / Consignment receivables,asset_receivable,1,,a1550,
1560,Trade receivables from group companies,asset,receivable,debit,0,receivables,Assets / Trade receivables / Accounts receivable from group companies,asset_receivable,1,,a1560,
1561,Accounts receivable from parent company,asset,receivable,debit,0,receivables,Assets / Trade receivables / Accounts receivable from group companies,asset_receivable,1,,a1561,
1562,Accounts receivable from subsidiaries,asset,receivable,debit,0,receivables,Assets / Trade receivables / Accounts receivable from group companies,asset_receivable,1,,a1562,
1563,Accounts receivable from other group companies,asset,receivable,debit,0,receivables,Assets / Trade receivables / Accounts receivable from group companies,asset_receivable,1,,a1563,
1568,Non-recognition of accounts receivable from group companies,asset,receivable,debit,0,receivables,Assets / Trade receivables / Accounts receivable from group companies,asset_receivable,1,,a1568,
1569,Impairment of trade receivables from group companies,asset,receivable,debit,0,receivables,Assets / Trade receivables / Accounts receivable from group companies,asset_receivable,1,,a1569,
1570,"Accounts receivable from associates, jointly controlled entities and other entities in which there is an ownership interest.",asset,receivable,debit,0,receivables,"Assets / Trade receivables / Accounts receivable from associates, jointly controlled entities and other entities in which there is an ownership interest.",asset_receivable,1,,a1570,
1571,Accounts receivable from associates,asset,receivable,debit,0,receivables,"Assets / Trade receivables / Accounts receivable from associates, jointly controlled entities and other entities in which there is an ownership interest.",asset_receivable,1,,a1571,
1572,Trade receivables from jointly controlled entities,asset,receivable,debit,0,receivables,"Assets / Trade receivables / Accounts receivable from associates, jointly controlled entities and other entities in which there is an ownership interest.",asset_receivable,1,,a1572,
1573,Accounts receivable from other enterprises in which there is an ownership interest,asset,receivable,debit,0,receivables,"Assets / Trade receivables / Accounts receivable from associates, jointly controlled entities and other entities in which there is an ownership interest.",asset_receivable,1,,a1573,
1580,Receivables for credit cards and vouchers,asset,receivable,debit,0,receivables,Assets / Trade receivables / Receivables for credit cards and vouchers,asset_receivable,1,,a1580,
1610,Short-term receivables from employees,asset,receivable,debit,0,receivables,Assets / Other current receivables / Short-term receivables from employees,asset_receivable,1,,a1610,
1611,Travel advances,asset,receivable,debit,0,receivables,Assets / Other current receivables / Short-term receivables from employees,asset_receivable,1,,a1611,
1612,Cash advances,asset,receivable,debit,0,receivables,Assets / Other current receivables / Short-term receivables from employees,asset_receivable,1,,a1612,
1613,Other advances,asset,receivable,debit,0,receivables,Assets / Other current receivables / Short-term receivables from employees,asset_receivable,1,,a1613,
1614,Temporary loans to employees,asset,receivable,debit,0,receivables,Assets / Other current receivables / Short-term receivables from employees,asset_receivable,1,,a1614,
1619,Other receivables from employees,asset,receivable,debit,0,receivables,Assets / Other current receivables / Short-term receivables from employees,asset_receivable,1,,a1619,
1620,Accrued but uninvoiced income,asset,receivable,debit,0,receivables,Assets / Other current receivables / Accrued but uninvoiced revenue,asset_receivable,1,,a1620,
1630,Offset for taxes and duties (tax account),asset,current_asset,debit,0,,Assets / Other current receivables / Offset for taxes and duties (tax account),asset_current,0,,a1630,
1640,Tax receivables,asset,current_asset,debit,0,,Assets / Other current receivables / Taxes receivable,asset_current,0,,a1640,
1650,VAT receivable,asset,receivable,debit,0,receivables,Assets / Other current receivables / VAT receivable,asset_receivable,1,,a1650,
1660,Current receivables from group companies,asset,current_asset,debit,0,,Assets / Other current receivables / Current receivables from group companies,asset_current,0,,a1660,
1661,Current receivables from parent company,asset,current_asset,debit,0,,Assets / Other current receivables / Current receivables from group companies,asset_current,0,,a1661,
1662,Current receivables from subsidiaries,asset,current_asset,debit,0,,Assets / Other current receivables / Current receivables from group companies,asset_current,0,,a1662,
1663,Current receivables from other group companies,asset,current_asset,debit,0,,Assets / Other current receivables / Current receivables from group companies,asset_current,0,,a1663,
1670,"Current receivables from associates, jointly controlled entities and other entities in which there is an ownership interest.",asset,current_asset,debit,0,,"Assets / Other current receivables / Current receivables from associates, jointly controlled entities and other entities in which there is an ownership interest.",asset_current,0,,a1670,
1671,Current receivables from associates,asset,current_asset,debit,0,,"Assets / Other current receivables / Current receivables from associates, jointly controlled entities and other entities in which there is an ownership interest.",asset_current,0,,a1671,
1672,Current receivables from jointly controlled entities,asset,current_asset,debit,0,,"Assets / Other current receivables / Current receivables from associates, jointly controlled entities and other entities in which there is an ownership interest.",asset_current,0,,a1672,
1673,Current receivables from other entities in which there is an ownership interest,asset,current_asset,debit,0,,"Assets / Other current receivables / Current receivables from associates, jointly controlled entities and other entities in which there is an ownership interest.",asset_current,0,,a1673,
1680,Other current receivables,asset,current_asset,debit,0,,Assets / Other current receivables / Other current receivables,asset_current,0,,a1680,
1681,Outlays for customers,asset,current_asset,debit,0,,Assets / Other current receivables / Other current receivables,asset_current,0,,a1681,
1682,Short-term loan receivables,asset,current_asset,debit,0,,Assets / Other current receivables / Other current receivables,asset_current,0,,a1682,
1683,Derivatives,asset,current_asset,debit,0,,Assets / Other current receivables / Other current receivables,asset_current,0,,a1683,
1684,Current receivables from suppliers,asset,current_asset,debit,0,,Assets / Other current receivables / Other current receivables,asset_current,0,,a1684,
1685,Current receivables from partners or related parties,asset,current_asset,debit,0,,Assets / Other current receivables / Other current receivables,asset_current,0,,a1685,
1687,Current portion of long-term receivables,asset,current_asset,debit,0,,Assets / Other current receivables / Other current receivables,asset_current,0,,a1687,
1688,Labour market insurance claim,asset,current_asset,debit,0,,Assets / Other current receivables / Other current receivables,asset_current,0,,a1688,
1689,Other current receivables,asset,current_asset,debit,0,,Assets / Other current receivables / Other current receivables,asset_current,0,,a1689,
1690,Receivables for subscribed but unpaid share capital,asset,receivable,debit,0,receivables,Assets / Other current receivables / Receivables for subscribed but unpaid share capital,asset_receivable,1,,a1690,
1710,Prepaid rentals,asset,prepayment,debit,0,,Assets / Prepaid expenses and accrued income / Prepaid rentals,asset_prepayments,0,,a1710,
1720,"Prepaid leasing fees, current portion",asset,prepayment,debit,0,,Assets / Prepaid expenses and accrued income / Prepaid leasing fees,asset_prepayments,0,,a1720,
1730,Prepaid insurance premiums,asset,prepayment,debit,0,,Assets / Prepaid expenses and accrued income / Prepaid insurance premiums,asset_prepayments,0,,a1730,
1740,Prepaid interest expenses,asset,prepayment,debit,0,,Assets / Prepaid expenses and accrued income / Prepaid interest expenses,asset_prepayments,0,,a1740,
1750,Accrued rental income,asset,current_asset,debit,0,,Assets / Prepaid expenses and accrued income / Accrued rental income,asset_current,0,,a1750,
1760,Accrued interest income,asset,current_asset,debit,0,,Assets / Prepaid expenses and accrued income / Accrued interest income,asset_current,0,,a1760,
1770,Assets of a cost nature,asset,current_asset,debit,0,,Assets / Prepaid expenses and accrued income / Assets of a cost nature,asset_current,0,,a1770,
1780,Accrued contractual income,asset,current_asset,debit,0,,Assets / Prepaid expenses and accrued income / Accrued contractual income,asset_current,0,,a1780,
1790,Other prepaid expenses and accrued income,asset,current_asset,debit,0,,Assets / Prepaid expenses and accrued income / Other prepaid expenses and accrued income,asset_current,0,,a1790,
1810,Shares in listed companies,asset,current_asset,debit,0,,Assets / Short-term investments / Shares in listed companies,asset_current,0,,a1810,
1820,Bonds and notes,asset,current_asset,debit,0,,Assets / Short-term investments / Bonds and notes,asset_current,0,,a1820,
1830,Convertible debt securities,asset,current_asset,debit,0,,Assets / Short-term investments / Convertible debt securities,asset_current,0,,a1830,
1860,"Shares in group companies, short-term",asset,current_asset,debit,0,,"Assets / Short-term investments / Shares in group companies, short-term",asset_current,0,,a1860,
1880,Other short-term investments,asset,current_asset,debit,0,,Assets / Short-term investments / Other short-term investments,asset_current,0,,a1880,
1886,Derivatives,asset,current_asset,debit,0,,Assets / Short-term investments / Other short-term investments,asset_current,0,,a1886,
1889,Shares in other companies,asset,current_asset,debit,0,,Assets / Short-term investments / Other short-term investments,asset_current,0,,a1889,
1890,Impairment of short-term investments,asset,current_asset,debit,0,,Assets / Short-term investments / Impairment of short-term investments,asset_current,0,,a1890,
1910,Cash in hand,asset,cash_bank,debit,0,cash_bank,Assets / Cash and bank balances / Cash in hand,asset_cash,0,,a1910,
1911,Principal cash,asset,cash_bank,debit,0,cash_bank,Assets / Cash and bank balances / Cash in hand,asset_cash,0,,a1911,
1912,Cash 2,asset,cash_bank,debit,0,cash_bank,Assets / Cash and bank balances / Cash in hand,asset_cash,0,,a1912,
1913,Cash 3,asset,cash_bank,debit,0,cash_bank,Assets / Cash and bank balances / Cash in hand,asset_cash,0,,a1913,
1920,PlusGiro,asset,cash_bank,debit,0,cash_bank,Assets / Cash and bank balances / PlusGiro,asset_cash,0,,a1920,
1930,Company account/checking account/business account,asset,cash_bank,debit,0,cash_bank,Assets / Cash and bank balances / Company account/checking account/business account,asset_cash,0,,a1930,
1940,Other bank accounts,asset,cash_bank,debit,0,cash_bank,Assets / Cash and bank balances / Other bank accounts,asset_cash,0,,a1940,
1950,Certificates of deposit,asset,cash_bank,debit,0,cash_bank,Assets / Cash and bank balances / Bank certificates,asset_cash,0,,a1950,
1960,Group account parent company,asset,cash_bank,debit,0,cash_bank,Assets / Cash and bank balances / Group account parent company,asset_cash,0,,a1960,
1970,Special bank accounts,asset,cash_bank,debit,0,cash_bank,Assets / Cash and bank balances / Special bank accounts,asset_cash,0,,a1970,
1972,Author's account,asset,cash_bank,debit,0,cash_bank,Assets / Cash and bank balances / Special bank accounts,asset_cash,0,,a1972,
1973,Forestry account,asset,cash_bank,debit,0,cash_bank,Assets / Cash and bank balances / Special bank accounts,asset_cash,0,,a1973,
1974,Blocked bank funds,asset,cash_bank,debit,0,cash_bank,Assets / Cash and bank balances / Special bank accounts,asset_cash,0,,a1974,
1979,Special bank accounts,asset,cash_bank,debit,0,cash_bank,Assets / Cash and bank balances / Special bank accounts,asset_cash,0,,a1979,
1980,Currency accounts,asset,cash_bank,debit,0,cash_bank,Assets / Cash and bank balances / Currency accounts,asset_cash,0,,a1980,
1990,Accounting funds,asset,cash_bank,debit,0,cash_bank,Assets / Cash and bank balances / Accounting funds,asset_cash,0,,a1990,
2010,"Equity capital, partner 1",equity,equity,credit,0,,Equity and liabilities / Equity capital / Equity (partner 1/sole proprietorship),equity,0,,a2010,
2011,Own withdrawals of goods,equity,equity,credit,0,,Equity and liabilities / Equity capital / Equity (partner 1/sole proprietorship),equity,1,,a2011,
2013,Other own withdrawals,equity,equity,credit,0,,Equity and liabilities / Equity capital / Equity (partner 1/sole proprietorship),equity,1,,a2013,
2017,Capital contribution for the year,equity,equity,credit,0,,Equity and liabilities / Equity capital / Equity (partner 1/sole proprietorship),equity,1,,a2017,
2018,Other own deposits,equity,equity,credit,0,,Equity and liabilities / Equity capital / Equity (partner 1/sole proprietorship),equity,1,,a2018,
2019,"Profit for the year, partners",equity,equity,credit,0,,Equity and liabilities / Equity capital / Equity (partner 1/sole proprietorship),equity,0,,a2019,
2020,"Equity, shareholder 2",equity,equity,credit,0,,Equity and liabilities / Equity capital / Equity (partner 2),equity,0,,a2020,
2030,"Equity, shareholder 3",equity,equity,credit,0,,Equity and liabilities / Equity capital / Equity (partner 3),equity,0,,a2030,
2040,"Equity, shareholder 4",equity,equity,credit,0,,Equity and liabilities / Equity capital / Equity (partner 4),equity,0,,a2040,
2050,Allocation to expansion fund,equity,equity,credit,0,,Equity and liabilities / Equity capital / Allocation to expansion fund,equity,0,,a2050,
2060,"Equity in non-profit organisations, foundations and registered religious communities",equity,equity,credit,0,,"Equity and liabilities / Equity capital / Equity in non-profit organisations, foundations and registered religious communities",equity,0,,a2060,
2061,Equity capital / endowment capital / core capital,equity,equity,credit,0,,"Equity and liabilities / Equity capital / Equity in non-profit organisations, foundations and registered religious communities",equity,0,,a2061,
2065,Change in fair value fund,equity,equity,credit,0,,"Equity and liabilities / Equity capital / Equity in non-profit organisations, foundations and registered religious communities",equity,0,,a2065,
2066,Hedge fund,equity,equity,credit,0,,"Equity and liabilities / Equity capital / Equity in non-profit organisations, foundations and registered religious communities",equity,0,,a2066,
2067,Profit or loss brought forward / Capital brought forward,equity,equity,credit,0,,"Equity and liabilities / Equity capital / Equity in non-profit organisations, foundations and registered religious communities",equity,0,,a2067,
2068,Profit or loss from previous year,equity,equity,credit,0,,"Equity and liabilities / Equity capital / Equity in non-profit organisations, foundations and registered religious communities",equity,0,,a2068,
2069,Profit or loss for the year,equity,equity,credit,0,,"Equity and liabilities / Equity capital / Equity in non-profit organisations, foundations and registered religious communities",equity,0,,a2069,
2070,Restricted funds,equity,equity,credit,0,,Equity and liabilities / Equity capital / Restricted funds,equity,0,,a2070,
2071,Purpose 1,equity,equity,credit,0,,Equity and liabilities / Equity capital / Restricted funds,equity,0,,a2071,
2072,Purpose 2,equity,equity,credit,0,,Equity and liabilities / Equity capital / Restricted funds,equity,0,,a2072,
2080,Restricted equity,equity,equity,credit,0,,Equity and liabilities / Equity capital / Restricted equity,equity,0,,a2080,
2081,Share capital,equity,equity,credit,0,,Equity and liabilities / Equity capital / Restricted equity,equity,0,,a2081,
2082,Unregistered share capital,equity,equity,credit,0,,Equity and liabilities / Equity capital / Restricted equity,equity,0,,a2082,
2083,Members' contributions,equity,equity,credit,0,,Equity and liabilities / Equity capital / Restricted equity,equity,0,,a2083,
2084,Subscriptions,equity,equity,credit,0,,Equity and liabilities / Equity capital / Restricted equity,equity,0,,a2084,
2085,Revaluation reserve,equity,equity,credit,0,,Equity and liabilities / Equity capital / Restricted equity,equity,0,,a2085,
2086,Reserve fund,equity,equity,credit,0,,Equity and liabilities / Equity capital / Restricted equity,equity,0,,a2086,
2087,Restricted share premium account / Rights issue,equity,equity,credit,0,,Equity and liabilities / Equity capital / Restricted equity,equity,0,,a2087,
2088,External maintenance fund,equity,equity,credit,0,,Equity and liabilities / Equity capital / Restricted equity,equity,0,,a2088,
2089,Development expenditure fund,equity,equity,credit,0,,Equity and liabilities / Equity capital / Restricted equity,equity,0,,a2089,
2090,Unrestricted equity,equity,equity,credit,0,,Equity and liabilities / Equity capital / Unrestricted equity,equity,0,,a2090,
2091,Profit or loss brought forward,equity,equity,credit,0,,Equity and liabilities / Equity capital / Unrestricted equity,equity,0,,a2091,
2093,Receiving shareholder contributions,equity,equity,credit,0,,Equity and liabilities / Equity capital / Unrestricted equity,equity,0,,a2093,
2094,Own shares,equity,equity,credit,0,,Equity and liabilities / Equity capital / Unrestricted equity,equity,0,,a2094,
2095,Merger result,equity,equity,credit,0,,Equity and liabilities / Equity capital / Unrestricted equity,equity,0,,a2095,
2097,Unrestricted share premium account,equity,equity,credit,0,,Equity and liabilities / Equity capital / Unrestricted equity,equity,0,,a2097,
2098,Profit or loss from previous year,equity,equity,credit,0,,Equity and liabilities / Equity capital / Unrestricted equity,equity,0,,a2098,
2099,Profit or loss for the year,equity,equity,credit,0,,Equity and liabilities / Equity capital / Unrestricted equity,equity,0,,a2099,
2110,Accrual fund,equity,equity,credit,0,,Equity and liabilities / Untaxed reserves / Accrual funds,equity,0,,a2110,
2120,Accrual fund 2020,equity,equity,credit,0,,Equity and liabilities / Untaxed reserves / Tax allocation fund 2020,equity,0,,a2120,
2121,Accrual fund 2021,equity,equity,credit,0,,Equity and liabilities / Untaxed reserves / Tax allocation fund 2020,equity,0,,a2121,
2122,Accrual fund 2022,equity,equity,credit,0,,Equity and liabilities / Untaxed reserves / Tax allocation fund 2020,equity,0,,a2122,
2123,Accrual fund 2023,equity,equity,credit,0,,Equity and liabilities / Untaxed reserves / Tax allocation fund 2020,equity,0,,a2123,
2124,Accrual fund 2024,equity,equity,credit,0,,Equity and liabilities / Untaxed reserves / Tax allocation fund 2020,equity,0,,a2124,
2126,Accrual fund 2016,equity,equity,credit,0,,Equity and liabilities / Untaxed reserves / Tax allocation fund 2020,equity,0,,a2126,
2127,Accrual fund 2017,equity,equity,credit,0,,Equity and liabilities / Untaxed reserves / Tax allocation fund 2020,equity,0,,a2127,
2128,Accrual fund 2018,equity,equity,credit,0,,Equity and liabilities / Untaxed reserves / Tax allocation fund 2020,equity,0,,a2128,
2129,Accrual fund 2019,equity,equity,credit,0,,Equity and liabilities / Untaxed reserves / Tax allocation fund 2020,equity,0,,a2129,
2130,Tax allocation reserve 2020 - No. 2,equity,equity,credit,0,,Equity and liabilities / Untaxed reserves / Tax allocation reserve 2020 - No 2,equity,0,,a2130,
2131,Tax allocation fund 2021 - no. 2,equity,equity,credit,0,,Equity and liabilities / Untaxed reserves / Tax allocation reserve 2020 - No 2,equity,0,,a2131,
2132,Accrual fund 2022 - No. 2,equity,equity,credit,0,,Equity and liabilities / Untaxed reserves / Tax allocation reserve 2020 - No 2,equity,0,,a2132,
2133,Tax allocation fund 2023 - No 2,equity,equity,credit,0,,Equity and liabilities / Untaxed reserves / Tax allocation reserve 2020 - No 2,equity,0,,a2133,
2134,Accrual fund 2024 - No 2,equity,equity,credit,0,,Equity and liabilities / Untaxed reserves / Tax allocation reserve 2020 - No 2,equity,0,,a2134,
2135,Accrual fund 2015 - No 2,equity,equity,credit,0,,Equity and liabilities / Untaxed reserves / Tax allocation reserve 2020 - No 2,equity,0,,a2135,
2136,Accrual fund 2016 - No 2,equity,equity,credit,0,,Equity and liabilities / Untaxed reserves / Tax allocation reserve 2020 - No 2,equity,0,,a2136,
2137,Accrual fund 2017 - No 2,equity,equity,credit,0,,Equity and liabilities / Untaxed reserves / Tax allocation reserve 2020 - No 2,equity,0,,a2137,
2138,Accrual fund 2018 - No 2,equity,equity,credit,0,,Equity and liabilities / Untaxed reserves / Tax allocation reserve 2020 - No 2,equity,0,,a2138,
2139,Accrual fund 2019 - No 2,equity,equity,credit,0,,Equity and liabilities / Untaxed reserves / Tax allocation reserve 2020 - No 2,equity,0,,a2139,
2150,Accumulated excess depreciation,liability,non_current_liability,credit,0,,Equity and liabilities / Untaxed reserves / Accumulated excess depreciation,liability_non_current,0,,a2150,
2151,Accumulated excess amortisation of intangible fixed assets,liability,non_current_liability,credit,0,,Equity and liabilities / Untaxed reserves / Accumulated excess depreciation,liability_non_current,0,,a2151,
2152,Accumulated excess depreciation of buildings and land improvements,liability,non_current_liability,credit,0,,Equity and liabilities / Untaxed reserves / Accumulated excess depreciation,liability_non_current,0,,a2152,
2153,Accumulated excess depreciation of machinery and equipment,liability,non_current_liability,credit,0,,Equity and liabilities / Untaxed reserves / Accumulated excess depreciation,liability_non_current,0,,a2153,
2160,Compensation fund,liability,non_current_liability,credit,0,,Equity and liabilities / Untaxed reserves / Compensation fund,liability_non_current,0,,a2160,
2161,Compensation fund for machinery and equipment,liability,non_current_liability,credit,0,,Equity and liabilities / Untaxed reserves / Compensation fund,liability_non_current,0,,a2161,
2162,Compensation fund for buildings and land improvements,liability,non_current_liability,credit,0,,Equity and liabilities / Untaxed reserves / Compensation fund,liability_non_current,0,,a2162,
2164,Compensation fund for animal stocks in agriculture and reindeer husbandry,liability,non_current_liability,credit,0,,Equity and liabilities / Untaxed reserves / Compensation fund,liability_non_current,0,,a2164,
2190,Other untaxed reserves,liability,non_current_liability,credit,0,,Equity and liabilities / Untaxed reserves / Other untaxed reserves,liability_non_current,0,,a2190,
2196,Stock reserve,liability,non_current_liability,credit,0,,Equity and liabilities / Untaxed reserves / Other untaxed reserves,liability_non_current,0,,a2196,
2199,Other untaxed reserves,liability,non_current_liability,credit,0,,Equity and liabilities / Untaxed reserves / Other untaxed reserves,liability_non_current,0,,a2199,
2210,Provisions for pensions under the Social Security Act,liability,non_current_liability,credit,0,,Equity and liabilities / Provisions / Provisions for pensions according to the Social Security Act,liability_non_current,0,,a2210,
2220,Provisions for guarantees,liability,non_current_liability,credit,0,,Equity and liabilities / Provisions / Provisions for guarantees,liability_non_current,0,,a2220,
2230,Other provisions for pensions and similar obligations,liability,non_current_liability,credit,0,,Equity and liabilities / Provisions / Other provisions for pensions and similar obligations,liability_non_current,0,,a2230,
2250,Other provisions for taxes,liability,non_current_liability,credit,0,,Equity and liabilities / Provisions / Other provisions for taxes,liability_non_current,0,,a2250,
2252,Provisions for disputed taxes,liability,non_current_liability,credit,0,,Equity and liabilities / Provisions / Other provisions for taxes,liability_non_current,0,,a2252,
2253,Provisions for special payroll tax declaration item,liability,non_current_liability,credit,0,,Equity and liabilities / Provisions / Other provisions for taxes,liability_non_current,0,,a2253,
2290,Other provisions,liability,non_current_liability,credit,0,,Equity and liabilities / Provisions / Other provisions,liability_non_current,0,,a2290,
2310,Bonds and debentures,liability,non_current_liability,credit,0,,Equity and liabilities / Long-term liabilities / Bonds and debentures,liability_non_current,0,,a2310,
2320,Convertible loans and similar,liability,non_current_liability,credit,0,,Equity and liabilities / Long-term liabilities / Convertible loans and similar,liability_non_current,0,,a2320,
2321,Convertible loans,liability,non_current_liability,credit,0,,Equity and liabilities / Long-term liabilities / Convertible loans and similar,liability_non_current,0,,a2321,
2322,Loans with options,liability,non_current_liability,credit,0,,Equity and liabilities / Long-term liabilities / Convertible loans and similar,liability_non_current,0,,a2322,
2323,Profit-sharing loans,liability,non_current_liability,credit,0,,Equity and liabilities / Long-term liabilities / Convertible loans and similar,liability_non_current,0,,a2323,
2324,Equity loans,liability,non_current_liability,credit,0,,Equity and liabilities / Long-term liabilities / Convertible loans and similar,liability_non_current,0,,a2324,
2330,Overdraft facility,liability,non_current_liability,credit,0,,Equity and liabilities / Long-term liabilities / Bank overdrafts,liability_non_current,0,,a2330,
2331,Utilised overdraft facility 1,liability,non_current_liability,credit,0,,Equity and liabilities / Long-term liabilities / Bank overdrafts,liability_non_current,0,,a2331,
2332,Utilised overdraft facility 2,liability,non_current_liability,credit,0,,Equity and liabilities / Long-term liabilities / Bank overdrafts,liability_non_current,0,,a2332,
2335,Authorised overdraft facility 1,liability,non_current_liability,credit,0,,Equity and liabilities / Long-term liabilities / Bank overdrafts,liability_non_current,0,,a2335,
2336,Authorised overdraft facility 2,liability,non_current_liability,credit,0,,Equity and liabilities / Long-term liabilities / Bank overdrafts,liability_non_current,0,,a2336,
2340,Building credit,liability,non_current_liability,credit,0,,Equity and liabilities / Long-term liabilities / Building loans,liability_non_current,0,,a2340,
2350,Other long-term liabilities to credit institutions,liability,non_current_liability,credit,0,,Equity and liabilities / Long-term liabilities / Other long-term liabilities to credit institutions,liability_non_current,0,,a2350,
2351,"Property loans, long-term part",liability,non_current_liability,credit,0,,Equity and liabilities / Long-term liabilities / Other long-term liabilities to credit institutions,liability_non_current,0,,a2351,
2355,Long-term loans in foreign currency from credit institutions,liability,non_current_liability,credit,0,,Equity and liabilities / Long-term liabilities / Other long-term liabilities to credit institutions,liability_non_current,0,,a2355,
2359,Other long-term loans from credit institutions,liability,non_current_liability,credit,0,,Equity and liabilities / Long-term liabilities / Other long-term liabilities to credit institutions,liability_non_current,0,,a2359,
2360,Long-term liabilities to group companies,liability,non_current_liability,credit,0,,Equity and liabilities / Long-term liabilities / Long-term liabilities to group companies,liability_non_current,0,,a2360,
2361,Long-term liabilities to parent companies,liability,non_current_liability,credit,0,,Equity and liabilities / Long-term liabilities / Long-term liabilities to group companies,liability_non_current,0,,a2361,
2362,Long-term liabilities to subsidiaries,liability,non_current_liability,credit,0,,Equity and liabilities / Long-term liabilities / Long-term liabilities to group companies,liability_non_current,0,,a2362,
2363,Long-term liabilities to other group entities,liability,non_current_liability,credit,0,,Equity and liabilities / Long-term liabilities / Long-term liabilities to group companies,liability_non_current,0,,a2363,
2370,"Long-term liabilities to associates, jointly controlled entities and other entities in which an ownership interest exists",liability,non_current_liability,credit,0,,"Equity and liabilities / Long-term liabilities / Long-term liabilities to associates, jointly controlled entities and other entities in which there is an ownership interest",liability_non_current,0,,a2370,
2371,Long-term liabilities to associates,liability,non_current_liability,credit,0,,"Equity and liabilities / Long-term liabilities / Long-term liabilities to associates, jointly controlled entities and other entities in which there is an ownership interest",liability_non_current,0,,a2371,
2372,Long-term liabilities to jointly controlled entities,liability,non_current_liability,credit,0,,"Equity and liabilities / Long-term liabilities / Long-term liabilities to associates, jointly controlled entities and other entities in which there is an ownership interest",liability_non_current,0,,a2372,
2373,Non-current liabilities to associates other enterprises in which there is a participating interest.,liability,non_current_liability,credit,0,,"Equity and liabilities / Long-term liabilities / Long-term liabilities to associates, jointly controlled entities and other entities in which there is an ownership interest",liability_non_current,0,,a2373,
2390,Other long-term liabilities,liability,non_current_liability,credit,0,,Equity and liabilities / Long-term liabilities / Other long-term liabilities,liability_non_current,0,,a2390,
2391,"Instalment contracts, long-term part",liability,non_current_liability,credit,0,,Equity and liabilities / Long-term liabilities / Other long-term liabilities,liability_non_current,0,,a2391,
2392,Contingent long-term liabilities,liability,non_current_liability,credit,0,,Equity and liabilities / Long-term liabilities / Other long-term liabilities,liability_non_current,0,,a2392,
2393,"Loans from related parties, long-term part",liability,non_current_liability,credit,0,,Equity and liabilities / Long-term liabilities / Other long-term liabilities,liability_non_current,0,,a2393,
2394,Long-term supplier credits,liability,non_current_liability,credit,0,,Equity and liabilities / Long-term liabilities / Other long-term liabilities,liability_non_current,0,,a2394,
2395,Other long-term loans in foreign currency,liability,non_current_liability,credit,0,,Equity and liabilities / Long-term liabilities / Other long-term liabilities,liability_non_current,0,,a2395,
2396,Derivatives,liability,non_current_liability,credit,0,,Equity and liabilities / Long-term liabilities / Other long-term liabilities,liability_non_current,0,,a2396,
2397,"Deposits received, long-term",liability,non_current_liability,credit,0,,Equity and liabilities / Long-term liabilities / Other long-term liabilities,liability_non_current,0,,a2397,
2399,Other long-term liabilities,liability,non_current_liability,credit,0,,Equity and liabilities / Long-term liabilities / Other long-term liabilities,liability_non_current,0,,a2399,
2410,Other short-term loan liabilities to credit institutions,liability,current_liability,credit,0,,"Equity and liabilities / Current liabilities to credit institutions, customers and suppliers / Other short-term loan liabilities to credit institutions",liability_current,0,,a2410,
2411,Short-term loans from credit institutions,liability,current_liability,credit,0,,"Equity and liabilities / Current liabilities to credit institutions, customers and suppliers / Other short-term loan liabilities to credit institutions",liability_current,0,,a2411,
2412,"Building loans, current portion",liability,current_liability,credit,0,,"Equity and liabilities / Current liabilities to credit institutions, customers and suppliers / Other short-term loan liabilities to credit institutions",liability_current,0,,a2412,
2417,Current portion of long-term liabilities to credit institutions,liability,current_liability,credit,0,,"Equity and liabilities / Current liabilities to credit institutions, customers and suppliers / Other short-term loan liabilities to credit institutions",liability_current,0,,a2417,
2419,Other current liabilities to credit institutions,liability,current_liability,credit,0,,"Equity and liabilities / Current liabilities to credit institutions, customers and suppliers / Other short-term loan liabilities to credit institutions",liability_current,0,,a2419,
2420,Advances from customers,liability,current_liability,credit,0,,"Equity and liabilities / Current liabilities to credit institutions, customers and suppliers / Advances from customers",liability_current,0,,a2420,
2421,Unredeemed gift cards,liability,current_liability,credit,0,,"Equity and liabilities / Current liabilities to credit institutions, customers and suppliers / Advances from customers",liability_current,0,,a2421,
2429,Other advances from customers,liability,current_liability,credit,0,,"Equity and liabilities / Current liabilities to credit institutions, customers and suppliers / Advances from customers",liability_current,0,,a2429,
2430,Work in progress,liability,current_liability,credit,0,,"Equity and liabilities / Current liabilities to credit institutions, customers and suppliers / Work in progress",liability_current,0,,a2430,
2431,"Work in progress, invoicing",liability,current_liability,credit,0,,"Equity and liabilities / Current liabilities to credit institutions, customers and suppliers / Work in progress",liability_current,1,,a2431,
2438,"Work in progress, costs incurred",liability,current_liability,credit,0,,"Equity and liabilities / Current liabilities to credit institutions, customers and suppliers / Work in progress",liability_current,0,,a2438,
2439,Estimated change in work in progress,liability,current_liability,credit,0,,"Equity and liabilities / Current liabilities to credit institutions, customers and suppliers / Work in progress",liability_current,0,,a2439,
2440,Trade payables,liability,payable,credit,0,payables,"Equity and liabilities / Current liabilities to credit institutions, customers and suppliers / Trade payables",liability_payable,1,,a2440,
2441,Trade payables,liability,payable,credit,0,payables,"Equity and liabilities / Current liabilities to credit institutions, customers and suppliers / Trade payables",liability_payable,1,,a2441,
2443,Consignment liabilities,liability,payable,credit,0,payables,"Equity and liabilities / Current liabilities to credit institutions, customers and suppliers / Trade payables",liability_payable,1,,a2443,
2445,Disputed accounts payable,liability,payable,credit,0,payables,"Equity and liabilities / Current liabilities to credit institutions, customers and suppliers / Trade payables",liability_payable,1,,a2445,
2448,Unrecognised trade payables,liability,payable,credit,0,payables,"Equity and liabilities / Current liabilities to credit institutions, customers and suppliers / Trade payables",liability_payable,1,,a2448,
2450,Invoiced but not recognised revenue,liability,current_liability,credit,0,,"Equity and liabilities / Current liabilities to credit institutions, customers and suppliers / Invoiced but unrecognised revenue",liability_current,0,,a2450,
2460,Accounts payable to group companies,liability,current_liability,credit,0,,"Equity and liabilities / Current liabilities to credit institutions, customers and suppliers / Trade payables to group companies",liability_current,0,,a2460,
2461,Accounts payable to parent company,liability,current_liability,credit,0,,"Equity and liabilities / Current liabilities to credit institutions, customers and suppliers / Trade payables to group companies",liability_current,0,,a2461,
2462,Accounts payable to subsidiaries,liability,current_liability,credit,0,,"Equity and liabilities / Current liabilities to credit institutions, customers and suppliers / Trade payables to group companies",liability_current,0,,a2462,
2463,Accounts payable to other group companies,liability,current_liability,credit,0,,"Equity and liabilities / Current liabilities to credit institutions, customers and suppliers / Trade payables to group companies",liability_current,0,,a2463,
2470,"Trade payables to associates, jointly controlled entities and other entities in which there is an ownership interest.",liability,current_liability,credit,0,,"Equity and liabilities / Current liabilities to credit institutions, customers and suppliers / Trade payables to associates, jointly controlled entities and other entities in which there is an ownership interest.",liability_current,0,,a2470,
2471,Trade payables to associates,liability,current_liability,credit,0,,"Equity and liabilities / Current liabilities to credit institutions, customers and suppliers / Trade payables to associates, jointly controlled entities and other entities in which there is an ownership interest.",liability_current,0,,a2471,
2472,Trade payables to jointly controlled entities,liability,current_liability,credit,0,,"Equity and liabilities / Current liabilities to credit institutions, customers and suppliers / Trade payables to associates, jointly controlled entities and other entities in which there is an ownership interest.",liability_current,0,,a2472,
2473,Accounts payable to other enterprises in which there is an ownership interest.,liability,current_liability,credit,0,,"Equity and liabilities / Current liabilities to credit institutions, customers and suppliers / Trade payables to associates, jointly controlled entities and other entities in which there is an ownership interest.",liability_current,0,,a2473,
2480,"Bank overdraft, short-term",liability,payable,credit,0,payables,"Equity and liabilities / Current liabilities to credit institutions, customers and suppliers / Overdraft facility, short-term",liability_payable,1,,a2480,
2490,"Other current liabilities to credit institutions, customers and suppliers",liability,current_liability,credit,0,,"Equity and liabilities / Current liabilities to credit institutions, customers and suppliers / Other current liabilities to credit institutions, customers and suppliers",liability_current,0,,a2490,
2491,Settlement of game organisers,liability,current_liability,credit,0,,"Equity and liabilities / Current liabilities to credit institutions, customers and suppliers / Other current liabilities to credit institutions, customers and suppliers",liability_current,0,,a2491,
2492,Bills of exchange payable,liability,current_liability,credit,0,,"Equity and liabilities / Current liabilities to credit institutions, customers and suppliers / Other current liabilities to credit institutions, customers and suppliers",liability_current,0,,a2492,
2499,Other other current liabilities,liability,current_liability,credit,0,,"Equity and liabilities / Current liabilities to credit institutions, customers and suppliers / Other current liabilities to credit institutions, customers and suppliers",liability_current,0,,a2499,
2510,Tax liabilities,liability,current_liability,credit,0,,Equity and liabilities / Tax liabilities / Tax liabilities,liability_current,0,,a2510,
2512,Estimated income tax,liability,current_liability,credit,0,,Equity and liabilities / Tax liabilities / Tax liabilities,liability_current,0,,a2512,
2513,Estimated property tax/property tax,liability,current_liability,credit,0,,Equity and liabilities / Tax liabilities / Tax liabilities,liability_current,0,,a2513,
2514,Estimated special payroll tax on pension costs,liability,current_liability,credit,0,,Equity and liabilities / Tax liabilities / Tax liabilities,liability_current,0,,a2514,
2515,Estimated yield tax,liability,current_liability,credit,0,,Equity and liabilities / Tax liabilities / Tax liabilities,liability_current,0,,a2515,
2517,Estimated foreign tax,liability,current_liability,credit,0,,Equity and liabilities / Tax liabilities / Tax liabilities,liability_current,0,,a2517,
2518,F-tax paid,liability,current_liability,credit,0,,Equity and liabilities / Tax liabilities / Tax liabilities,liability_current,0,,a2518,
2610,"Outgoing VAT, 25 %",liability,current_liability,credit,0,,"Equity and liabilities / VAT and excise duties / Outgoing VAT, 25 %",liability_current,0,,a2610,
2611,"Outgoing VAT on sales within Sweden, 25%",liability,current_liability,credit,0,,"Equity and liabilities / VAT and excise duties / Outgoing VAT, 25 %",liability_current,0,,a2611,
2612,"Outgoing VAT on own withdrawals, 25%",liability,current_liability,credit,0,,"Equity and liabilities / VAT and excise duties / Outgoing VAT, 25 %",liability_current,0,,a2612,
2613,"Output VAT for rentals, 25 %",liability,current_liability,credit,0,,"Equity and liabilities / VAT and excise duties / Outgoing VAT, 25 %",liability_current,0,,a2613,
2614,"Output VAT on reverse charge, 25 per cent",liability,current_liability,credit,0,,"Equity and liabilities / VAT and excise duties / Outgoing VAT, 25 %",liability_current,0,,a2614,
2615,"Outgoing VAT on import of goods, 25 %",liability,current_liability,credit,0,,"Equity and liabilities / VAT and excise duties / Outgoing VAT, 25 %",liability_current,0,,a2615,
2616,Output VAT VMB 25 per cent,liability,current_liability,credit,0,,"Equity and liabilities / VAT and excise duties / Outgoing VAT, 25 %",liability_current,0,,a2616,
2618,"Dormant output VAT, 25%",liability,current_liability,credit,0,,"Equity and liabilities / VAT and excise duties / Outgoing VAT, 25 %",liability_current,0,,a2618,
2620,"Output VAT, 12 %",liability,current_liability,credit,0,,"Equity and liabilities / VAT and excise duties / Output VAT, 12 %",liability_current,0,,a2620,
2621,"Output VAT on sales within Sweden, 12 %",liability,current_liability,credit,0,,"Equity and liabilities / VAT and excise duties / Output VAT, 12 %",liability_current,0,,a2621,
2622,"Output VAT on own withdrawals, 12 %",liability,current_liability,credit,0,,"Equity and liabilities / VAT and excise duties / Output VAT, 12 %",liability_current,0,,a2622,
2623,"Output VAT for rentals, 12 %",liability,current_liability,credit,0,,"Equity and liabilities / VAT and excise duties / Output VAT, 12 %",liability_current,0,,a2623,
2624,"Output VAT reverse charge, 12 %",liability,current_liability,credit,0,,"Equity and liabilities / VAT and excise duties / Output VAT, 12 %",liability_current,0,,a2624,
2625,"Output VAT on import of goods, 12 %",liability,current_liability,credit,0,,"Equity and liabilities / VAT and excise duties / Output VAT, 12 %",liability_current,0,,a2625,
2626,"Output VAT on VAT, 12 %",liability,current_liability,credit,0,,"Equity and liabilities / VAT and excise duties / Output VAT, 12 %",liability_current,0,,a2626,
2628,"Suspended output VAT, 12 %",liability,current_liability,credit,0,,"Equity and liabilities / VAT and excise duties / Output VAT, 12 %",liability_current,0,,a2628,
2630,"Output VAT, 6 %",liability,current_liability,credit,0,,"Equity and liabilities / VAT and excise duties / Output VAT, 6 %",liability_current,0,,a2630,
2631,"Output VAT on sales within Sweden, 6 %",liability,current_liability,credit,0,,"Equity and liabilities / VAT and excise duties / Output VAT, 6 %",liability_current,0,,a2631,
2632,"Output VAT on own withdrawals, 6 %",liability,current_liability,credit,0,,"Equity and liabilities / VAT and excise duties / Output VAT, 6 %",liability_current,0,,a2632,
2633,"Output VAT for rentals, 6 per cent",liability,current_liability,credit,0,,"Equity and liabilities / VAT and excise duties / Output VAT, 6 %",liability_current,0,,a2633,
2634,"Output VAT on reverse charge, 6 %",liability,current_liability,credit,0,,"Equity and liabilities / VAT and excise duties / Output VAT, 6 %",liability_current,0,,a2634,
2635,"Output VAT on imports of goods, 6%",liability,current_liability,credit,0,,"Equity and liabilities / VAT and excise duties / Output VAT, 6 %",liability_current,0,,a2635,
2636,Output VAT VMB 6 per cent,liability,current_liability,credit,0,,"Equity and liabilities / VAT and excise duties / Output VAT, 6 %",liability_current,0,,a2636,
2638,"Suspended output VAT, 6%",liability,current_liability,credit,0,,"Equity and liabilities / VAT and excise duties / Output VAT, 6 %",liability_current,0,,a2638,
2640,Input VAT,liability,current_liability,credit,0,,Equity and liabilities / VAT and excise duties / Input VAT,liability_current,0,,a2640,
2641,Debited input VAT,liability,current_liability,credit,0,,Equity and liabilities / VAT and excise duties / Input VAT,liability_current,0,,a2641,
2642,Debited input VAT in connection with voluntary tax liability,liability,current_liability,credit,0,,Equity and liabilities / VAT and excise duties / Input VAT,liability_current,0,,a2642,
2645,Calculated input VAT on acquisitions from abroad,liability,current_liability,credit,0,,Equity and liabilities / VAT and excise duties / Input VAT,liability_current,0,,a2645,
2646,Input VAT on rentals,liability,current_liability,credit,0,,Equity and liabilities / VAT and excise duties / Input VAT,liability_current,0,,a2646,
2647,Input VAT on reverse charge goods and services in Sweden.,liability,current_liability,credit,0,,Equity and liabilities / VAT and excise duties / Input VAT,liability_current,0,,a2647,
2648,Dormant input VAT,liability,current_liability,credit,0,,Equity and liabilities / VAT and excise duties / Input VAT,liability_current,0,,a2648,
2649,"Input VAT, mixed activities",liability,current_liability,credit,0,,Equity and liabilities / VAT and excise duties / Input VAT,liability_current,0,,a2649,
2650,Accounting account for VAT,liability,payable,credit,0,payables,Equity and liabilities / VAT and excise duties / Accounting account for VAT,liability_payable,1,,a2650,
2660,Excise duties,liability,current_liability,credit,0,,Equity and liabilities / VAT and excise duties / Excise duties,liability_current,0,,a2660,
2661,Advertising tax,liability,current_liability,credit,0,,Equity and liabilities / VAT and excise duties / Excise duties,liability_current,0,,a2661,
2669,Other excise duties,liability,current_liability,credit,0,,Equity and liabilities / VAT and excise duties / Excise duties,liability_current,0,,a2669,
2710,Personnel tax,liability,current_liability,credit,0,,"Equity and liabilities / Staff taxes, contributions and payroll deductions / Employee taxes",liability_current,0,,a2710,
2730,Statutory social security contributions and special payroll tax,liability,current_liability,credit,0,,"Equity and liabilities / Staff taxes, contributions and payroll deductions / Statutory social security contributions and special payroll tax",liability_current,0,,a2730,
2731,Settlement of statutory social contributions,liability,current_liability,credit,0,,"Equity and liabilities / Staff taxes, contributions and payroll deductions / Statutory social security contributions and special payroll tax",liability_current,0,,a2731,
2732,Settlement of special payroll tax,liability,current_liability,credit,0,,"Equity and liabilities / Staff taxes, contributions and payroll deductions / Statutory social security contributions and special payroll tax",liability_current,0,,a2732,
2740,Agreed social security contributions,liability,current_liability,credit,0,,"Equity and liabilities / Staff taxes, contributions and payroll deductions / Agreed social security contributions",liability_current,0,,a2740,
2750,"Attachment of wages, etc.",liability,current_liability,credit,0,,"Equity and liabilities / Staff taxes, contributions and payroll deductions / Attachment of wages, etc.",liability_current,0,,a2750,
2760,"Attachment of wages, etc.",liability,current_liability,credit,0,,"Equity and liabilities / Staff taxes, contributions and payroll deductions / Holiday funds",liability_current,0,,a2760,
2761,Settlement of holiday pay,liability,current_liability,credit,0,,"Equity and liabilities / Staff taxes, contributions and payroll deductions / Holiday funds",liability_current,0,,a2761,
2762,Holiday pay fund,liability,current_liability,credit,0,,"Equity and liabilities / Staff taxes, contributions and payroll deductions / Holiday funds",liability_current,0,,a2762,
2790,Other payroll deductions,liability,current_liability,credit,0,,"Equity and liabilities / Staff taxes, contributions and payroll deductions / Other payroll deductions",liability_current,0,,a2790,
2791,Staff interest account,liability,current_liability,credit,0,,"Equity and liabilities / Staff taxes, contributions and payroll deductions / Other payroll deductions",liability_current,0,,a2791,
2792,Salary savings,liability,current_liability,credit,0,,"Equity and liabilities / Staff taxes, contributions and payroll deductions / Other payroll deductions",liability_current,0,,a2792,
2793,Group insurance premiums,liability,current_liability,credit,0,,"Equity and liabilities / Staff taxes, contributions and payroll deductions / Other payroll deductions",liability_current,0,,a2793,
2794,Trade union dues,liability,current_liability,credit,0,,"Equity and liabilities / Staff taxes, contributions and payroll deductions / Other payroll deductions",liability_current,0,,a2794,
2795,Measurement and inspection fees,liability,current_liability,credit,0,,"Equity and liabilities / Staff taxes, contributions and payroll deductions / Other payroll deductions",liability_current,0,,a2795,
2799,Other payroll deductions,liability,current_liability,credit,0,,"Equity and liabilities / Staff taxes, contributions and payroll deductions / Other payroll deductions",liability_current,0,,a2799,
2810,Settlement of factoring and mortgaged contractual receivables,liability,payable,credit,0,payables,Equity and liabilities / Other current liabilities / Settlement of factoring and mortgaged contract claims,liability_payable,1,,a2810,
2811,Settlement for factoring,liability,payable,credit,0,payables,Equity and liabilities / Other current liabilities / Settlement of factoring and mortgaged contract claims,liability_payable,1,,a2811,
2812,Settlement for mortgaged contract claims,liability,payable,credit,0,payables,Equity and liabilities / Other current liabilities / Settlement of factoring and mortgaged contract claims,liability_payable,1,,a2812,
2820,Current liabilities to employees,liability,payable,credit,0,payables,Equity and liabilities / Other current liabilities / Current liabilities to employees,liability_payable,1,,a2820,
2821,Payroll liabilities,liability,payable,credit,0,payables,Equity and liabilities / Other current liabilities / Current liabilities to employees,liability_payable,1,,a2821,
2822,Travel accounts,liability,payable,credit,0,payables,Equity and liabilities / Other current liabilities / Current liabilities to employees,liability_payable,1,,a2822,
2823,"Bonuses, gratuities",liability,payable,credit,0,payables,Equity and liabilities / Other current liabilities / Current liabilities to employees,liability_payable,1,,a2823,
2829,Other current liabilities to employees,liability,payable,credit,0,payables,Equity and liabilities / Other current liabilities / Current liabilities to employees,liability_payable,1,,a2829,
2830,Settlement on behalf of others,liability,payable,credit,0,payables,Equity and liabilities / Other current liabilities / Settlement on behalf of others,liability_payable,1,,a2830,
2840,Short-term loan liabilities,liability,payable,credit,0,payables,Equity and liabilities / Other current liabilities / Short-term loan liabilities,liability_payable,1,,a2840,
2841,Current portion of long-term liabilities,liability,payable,credit,0,payables,Equity and liabilities / Other current liabilities / Short-term loan liabilities,liability_payable,1,,a2841,
2849,Other short-term loan liabilities,liability,payable,credit,0,payables,Equity and liabilities / Other current liabilities / Short-term loan liabilities,liability_payable,1,,a2849,
2850,Settlement of taxes and duties (tax account),liability,payable,credit,0,payables,Equity and liabilities / Other current liabilities / Settlement of taxes and duties (tax account),liability_payable,1,,a2850,
2852,"Deferral of VAT, employer's contributions and employee taxes",liability,payable,credit,0,payables,Equity and liabilities / Other current liabilities / Settlement of taxes and duties (tax account),liability_payable,1,,a2852,
2860,Current liabilities to group companies,liability,payable,credit,0,payables,Equity and liabilities / Other current liabilities / Current liabilities to group companies,liability_payable,1,,a2860,
2861,Current liabilities to parent company,liability,payable,credit,0,payables,Equity and liabilities / Other current liabilities / Current liabilities to group companies,liability_payable,1,,a2861,
2862,Current liabilities to subsidiaries,liability,payable,credit,0,payables,Equity and liabilities / Other current liabilities / Current liabilities to group companies,liability_payable,1,,a2862,
2863,Current liabilities to other group companies,liability,payable,credit,0,payables,Equity and liabilities / Other current liabilities / Current liabilities to group companies,liability_payable,1,,a2863,
2870,"Current liabilities to associates, jointly controlled entities and other entities in which there is an ownership interest",liability,payable,credit,0,payables,"Equity and liabilities / Other current liabilities / Current liabilities to associates, jointly controlled entities and other entities in which there is an ownership interest",liability_payable,1,,a2870,
2871,Current liabilities to associates,liability,payable,credit,0,payables,"Equity and liabilities / Other current liabilities / Current liabilities to associates, jointly controlled entities and other entities in which there is an ownership interest",liability_payable,1,,a2871,
2872,Current liabilities to jointly controlled entities,liability,payable,credit,0,payables,"Equity and liabilities / Other current liabilities / Current liabilities to associates, jointly controlled entities and other entities in which there is an ownership interest",liability_payable,1,,a2872,
2873,Current liabilities to other entities in which there is an ownership interest,liability,payable,credit,0,payables,"Equity and liabilities / Other current liabilities / Current liabilities to associates, jointly controlled entities and other entities in which there is an ownership interest",liability_payable,1,,a2873,
2880,Liability for grants received,liability,current_liability,credit,0,,Equity and liabilities / Other current liabilities / Liability for grants received,liability_current,0,,a2880,
2890,Other current liabilities,liability,current_liability,credit,0,,Equity and liabilities / Other current liabilities / Other current liabilities,liability_current,0,,a2890,
2891,Liabilities under recovery,liability,current_liability,credit,0,,Equity and liabilities / Other current liabilities / Other current liabilities,liability_current,0,,a2891,
2892,Internal repair fund/maintenance fund,liability,current_liability,credit,0,,Equity and liabilities / Other current liabilities / Other current liabilities,liability_current,0,,a2892,
2893,"Liabilities to related parties, current portion",liability,current_liability,credit,0,,Equity and liabilities / Other current liabilities / Other current liabilities,liability_current,0,,a2893,
2895,Derivatives (current liabilities),liability,current_liability,credit,0,,Equity and liabilities / Other current liabilities / Other current liabilities,liability_current,0,,a2895,
2897,"Deposits received, short-term",liability,current_liability,credit,0,,Equity and liabilities / Other current liabilities / Other current liabilities,liability_current,0,,a2897,
2898,Withdrawn dividends,liability,current_liability,credit,0,,Equity and liabilities / Other current liabilities / Other current liabilities,liability_current,0,,a2898,
2899,Other current liabilities,liability,current_liability,credit,0,,Equity and liabilities / Other current liabilities / Other current liabilities,liability_current,0,,a2899,
2910,Accrued wages and salaries,liability,current_liability,credit,0,,Equity and liabilities / Accrued expenses and deferred income / Accrued wages and salaries,liability_current,0,,a2910,
2911,Payroll liabilities,liability,current_liability,credit,0,,Equity and liabilities / Accrued expenses and deferred income / Accrued wages and salaries,liability_current,0,,a2911,
2912,Retained earnings,liability,current_liability,credit,0,,Equity and liabilities / Accrued expenses and deferred income / Accrued wages and salaries,liability_current,0,,a2912,
2919,Other Accrued salaries and wages,liability,current_liability,credit,0,,Equity and liabilities / Accrued expenses and deferred income / Accrued wages and salaries,liability_current,0,,a2919,
2920,Accrued holiday pay,liability,current_liability,credit,0,,Equity and liabilities / Accrued expenses and deferred income / Accrued holiday pay,liability_current,0,,a2920,
2930,Accrued pension costs,liability,current_liability,credit,0,,Equity and liabilities / Accrued expenses and deferred income / Accrued pension costs,liability_current,0,,a2930,
2931,Accrued pension payments,liability,current_liability,credit,0,,Equity and liabilities / Accrued expenses and deferred income / Accrued pension costs,liability_current,0,,a2931,
2940,Accrued statutory social security and other contributions,liability,current_liability,credit,0,,Equity and liabilities / Accrued expenses and deferred income / Accrued statutory social security and other contributions,liability_current,0,,a2940,
2941,Accrued accrued statutory social security contributions,liability,current_liability,credit,0,,Equity and liabilities / Accrued expenses and deferred income / Accrued statutory social security and other contributions,liability_current,0,,a2941,
2942,Estimated accrued special payroll taxes,liability,current_liability,credit,0,,Equity and liabilities / Accrued expenses and deferred income / Accrued statutory social security and other contributions,liability_current,0,,a2942,
2943,"Estimated accrued special payroll tax on pension costs, declaration item",liability,current_liability,credit,0,,Equity and liabilities / Accrued expenses and deferred income / Accrued statutory social security and other contributions,liability_current,0,,a2943,
2944,Estimated accrued yield tax on pension costs,liability,current_liability,credit,0,,Equity and liabilities / Accrued expenses and deferred income / Accrued statutory social security and other contributions,liability_current,0,,a2944,
2950,Accrued contractual social security contributions,liability,current_liability,credit,0,,Equity and liabilities / Accrued expenses and deferred income / Accrued contractual social security contributions,liability_current,0,,a2950,
2951,Accrued contracted labour market insurances,liability,current_liability,credit,0,,Equity and liabilities / Accrued expenses and deferred income / Accrued contractual social security contributions,liability_current,0,,a2951,
2959,"Accrued contractual pension insurance contributions, declaration item",liability,current_liability,credit,0,,Equity and liabilities / Accrued expenses and deferred income / Accrued contractual social security contributions,liability_current,0,,a2959,
2960,Accrued interest expenses,liability,current_liability,credit,0,,Equity and liabilities / Accrued expenses and deferred income / Accrued interest expenses,liability_current,0,,a2960,
2970,Deferred income,liability,current_liability,credit,0,,Equity and liabilities / Accrued expenses and deferred income / Deferred income,liability_current,0,,a2970,
2971,Prepaid rental income,liability,current_liability,credit,0,,Equity and liabilities / Accrued expenses and deferred income / Deferred income,liability_current,0,,a2971,
2972,Prepaid membership fees,liability,current_liability,credit,0,,Equity and liabilities / Accrued expenses and deferred income / Deferred income,liability_current,0,,a2972,
2979,Other prepaid income,liability,current_liability,credit,0,,Equity and liabilities / Accrued expenses and deferred income / Deferred income,liability_current,0,,a2979,
2980,Accrued contractual costs,liability,current_liability,credit,0,,Equity and liabilities / Accrued expenses and deferred income / Accrued contractual costs,liability_current,0,,a2980,
2990,Other accrued expenses and deferred income,liability,current_liability,credit,0,,Equity and liabilities / Accrued expenses and deferred income / Other accrued expenses and deferred income,liability_current,0,,a2990,
2991,Estimated fee for financial statements,liability,current_liability,credit,0,,Equity and liabilities / Accrued expenses and deferred income / Other accrued expenses and deferred income,liability_current,0,,a2991,
2992,Estimated fees for auditing,liability,current_liability,credit,0,,Equity and liabilities / Accrued expenses and deferred income / Other accrued expenses and deferred income,liability_current,0,,a2992,
2993,Unspecified debt to suppliers,liability,current_liability,credit,0,,Equity and liabilities / Accrued expenses and deferred income / Other accrued expenses and deferred income,liability_current,0,,a2993,
2998,Other accrued expenses and deferred income,liability,current_liability,credit,0,,Equity and liabilities / Accrued expenses and deferred income / Other accrued expenses and deferred income,liability_current,0,,a2998,
2999,OBS account,liability,current_liability,credit,0,,Equity and liabilities / Accrued expenses and deferred income / Other accrued expenses and deferred income,liability_current,0,,a2999,
3000,Sales within Sweden,income,income,credit,0,,Operating income/revenues / Main revenues / Sales within Sweden,income,0,,a3000,
30011,"Sales within Sweden, 25% VAT (Goods)",income,income,credit,0,income,Operating income/revenues / Main revenues / Sales within Sweden,income,0,,a30011,default_for_income
30012,"Sales within Sweden, 25% VAT (Services)",income,income,credit,0,,Operating income/revenues / Main revenues / Sales within Sweden,income,0,,a30012,
30021,"Sales within Sweden, 12% VAT (Goods)",income,income,credit,0,,Operating income/revenues / Main revenues / Sales within Sweden,income,0,,a30021,
30022,"Sales within Sweden, 12% VAT (Services)",income,income,credit,0,,Operating income/revenues / Main revenues / Sales within Sweden,income,0,,a30022,
30031,"Sales within Sweden, 6% VAT (Goods)",income,income,credit,0,,Operating income/revenues / Main revenues / Sales within Sweden,income,0,,a30031,
30032,"Sales within Sweden, 6% VAT (Services)",income,income,credit,0,,Operating income/revenues / Main revenues / Sales within Sweden,income,0,,a30032,
30041,"Sales within Sweden, VAT free (Goods)",income,income,credit,0,,Operating income/revenues / Main revenues / Sales within Sweden,income,0,,a30041,
30042,"Sales within Sweden, VAT free (Services)",income,income,credit,0,,Operating income/revenues / Main revenues / Sales within Sweden,income,0,,a30042,
3100,Sale of goods outside the EU,income,income,credit,0,,Operating income/revenues / Sales of goods outside Sweden,income,0,,a3100,
3105,Sale of goods to a non-EU country,income,income,credit,0,,Operating income/revenues / Sales of goods outside Sweden,income,0,,a3105,
3106,"Sale of goods to another EU country, subject to VAT",income,income,credit,0,,Operating income/revenues / Sales of goods outside Sweden,income,0,,a3106,
3108,"Sale of goods to another EU country, exempt from VAT",income,income,credit,0,,Operating income/revenues / Sales of goods outside Sweden,income,0,,a3108,
3200,Sales of VAT and reverse charge,income,income,credit,0,,Operating income/revenues / Sales VMB and reverse charge VAT,income,0,,a3200,
3211,Sale of positive VAT 25 per cent,income,income,credit,0,,Operating income/revenues / Sales of positive VAT 25 per cent,income,0,,a3211,
3212,Sales negative VAT 25 per cent,income,income,credit,0,,Operating income/revenues / Sales of positive VAT 25 per cent,income,0,,a3212,
3231,"Sales in the construction sector, reverse charge VAT",income,income,credit,0,,"Operating income/revenues / Sales in the construction sector, reverse charge VAT",income,0,,a3231,
3300,Sales of services outside Sweden,income,income,credit,0,,Operating income/revenues / Sales of services outside Sweden,income,0,,a3300,
3305,Sale of services to a country outside the EU,income,income,credit,0,,Operating income/revenues / Sales of services outside Sweden,income,0,,a3305,
3308,Sale of services to another EU country,income,income,credit,0,,Operating income/revenues / Sales of services outside Sweden,income,0,,a3308,
3400,"Sales, own withdrawals",income,income,credit,0,,"Operating income/revenues / Sales, own consumption",income,0,,a3400,
3401,"Own withdrawals subject to VAT, 25 %",income,income,credit,0,,"Operating income/revenues / Sales, own consumption",income,0,,a3401,
3402,"Own withdrawals subject to VAT, 12 %",income,income,credit,0,,"Operating income/revenues / Sales, own consumption",income,0,,a3402,
3403,"Own withdrawals subject to VAT, 6%",income,income,credit,0,,"Operating income/revenues / Sales, own consumption",income,0,,a3403,
3404,"Own withdrawals, VAT free",income,income,credit,0,,"Operating income/revenues / Sales, own consumption",income,0,,a3404,
3500,Invoiced costs (group account),income,income,credit,0,,Operating income/revenues / Invoiced expenses / Invoiced expenses (group account),income,0,,a3500,
3510,Invoiced packaging,income,income,credit,0,,Operating income/revenues / Invoiced expenses / Invoiced packaging,income,0,,a3510,
3511,Invoiced packaging,income,income,credit,0,,Operating income/revenues / Invoiced expenses / Invoiced packaging,income,0,,a3511,
3518,Packaging returned,income,income,credit,0,,Operating income/revenues / Invoiced expenses / Invoiced packaging,income,0,,a3518,
3520,Invoiced freight,income,income,credit,0,,Operating income/revenues / Invoiced expenses / Invoiced freight,income,0,,a3520,
3521,"Invoiced freight, EU country",income,income,credit,0,,Operating income/revenues / Invoiced expenses / Invoiced freight,income,0,,a3521,
3522,"Invoiced freight, export",income,income,credit,0,,Operating income/revenues / Invoiced expenses / Invoiced freight,income,0,,a3522,
3530,"Invoiced customs and forwarding costs, etc.",income,income,credit,0,,"Operating income/revenues / Invoiced expenses / Invoiced customs and forwarding costs, etc.",income,0,,a3530,
3540,Invoiced charges,income,income,credit,0,,Operating income/revenues / Invoiced expenses / Invoicing charges,income,0,,a3540,
3541,"Billing charges, EU country",income,income,credit,0,,Operating income/revenues / Invoiced expenses / Invoicing charges,income,0,,a3541,
3542,"Billing charges, export",income,income,credit,0,,Operating income/revenues / Invoiced expenses / Invoicing charges,income,0,,a3542,
3560,Costs invoiced to group companies,income,income,credit,0,,Operating income/revenues / Invoiced expenses / Costs invoiced to group companies,income,0,,a3560,
3561,Costs invoiced to parent company,income,income,credit,0,,Operating income/revenues / Invoiced expenses / Costs invoiced to group companies,income,0,,a3561,
3562,Costs invoiced to subsidiaries,income,income,credit,0,,Operating income/revenues / Invoiced expenses / Costs invoiced to group companies,income,0,,a3562,
3563,Costs invoiced to other group companies,income,income,credit,0,,Operating income/revenues / Invoiced expenses / Costs invoiced to group companies,income,0,,a3563,
3570,"Costs invoiced to associates, jointly controlled entities and other entities in which there is an ownership interest",income,income,credit,0,,"Operating income/revenues / Invoiced expenses / Costs invoiced to associated companies, jointly controlled companies and other companies in which there is an ownership interest.",income,0,,a3570,
3590,Other invoiced expenses,income,income,credit,0,,Operating income/revenues / Invoiced expenses / Other invoiced expenses,income,0,,a3590,
3600,Ancillary operating income (group account),income,income,credit,0,,Operating income/revenues / Ancillary operating income / Ancillary operating income (group account),income,0,,a3600,
3610,Sale of materials,income,income,credit,0,,Operating income/revenues / Ancillary operating income / Sale of materials,income,0,,a3610,
3611,Sale of raw materials,income,income,credit,0,,Operating income/revenues / Ancillary operating income / Sale of materials,income,0,,a3611,
3612,Sale of scrap metal,income,income,credit,0,,Operating income/revenues / Ancillary operating income / Sale of materials,income,0,,a3612,
3613,Sales of consumables,income,income,credit,0,,Operating income/revenues / Ancillary operating income / Sale of materials,income,0,,a3613,
3619,Sales of other materials,income,income,credit,0,,Operating income/revenues / Ancillary operating income / Sale of materials,income,0,,a3619,
3620,Temporary hiring of personnel,income,income,credit,0,,Operating income/revenues / Ancillary operating income / Temporary rental of personnel,income,0,,a3620,
3630,Temporary use of transport equipment,income,income,credit,0,,Operating income/revenues / Ancillary operating income / Temporary rental of transport equipment,income,0,,a3630,
3670,Income from securities,income,income,credit,0,,Operating income/revenues / Ancillary operating income / Income from securities,income,0,,a3670,
3671,Sales of securities,income,income,credit,0,,Operating income/revenues / Ancillary operating income / Income from securities,income,0,,a3671,
3672,Dividends from securities,income,income,credit,0,,Operating income/revenues / Ancillary operating income / Income from securities,income,0,,a3672,
3679,other income from securities,income,income,credit,0,,Operating income/revenues / Ancillary operating income / Income from securities,income,0,,a3679,
3680,Management fees,income,income,credit,0,,Operating income/revenues / Ancillary operating income / Management fees,income,0,,a3680,
3690,Other ancillary income,income,income,credit,0,,Operating income/revenues / Ancillary operating income / Other miscellaneous income,income,0,,a3690,
3700,Income adjustments (group account),income,income,credit,0,,Operating income/revenues / Revenue adjustments / Revenue adjustments (group account),income,0,,a3700,
3710,Unearned income reductions,income,income,credit,0,,Operating income/revenues / Revenue adjustments / Unallocated revenue reductions,income,0,,a3710,
3730,Discounts granted,income,income,credit,0,,Operating income/revenues / Revenue adjustments / Discounts granted,income,0,,a3730,
3731,Cash discounts granted,income,income,credit,0,,Operating income/revenues / Revenue adjustments / Discounts granted,income,0,,a3731,
3732,Volume discounts granted,income,income,credit,0,,Operating income/revenues / Revenue adjustments / Discounts granted,income,0,,a3732,
3740,Island and crown equalisation,income,income,credit,0,,Operating income/revenues / Revenue adjustments / Öres and krona equalisation,income,0,,a3740,
3750,Excise duties,income,income,credit,0,,Operating income/revenues / Revenue adjustments / Excise duties,income,0,,a3750,
3751,Excise duties recognised as revenue (credit account),income,income,credit,0,,Operating income/revenues / Revenue adjustments / Excise duties,income,0,,a3751,
3752,Excise duties payable (debit account),income,income,credit,0,,Operating income/revenues / Revenue adjustments / Excise duties,income,0,,a3752,
3790,other revenue adjustments,income,income,credit,0,,Operating income/revenues / Revenue adjustments / Other revenue adjustments,income,0,,a3790,
3800,Capitalised work for own account (group account),income,income,credit,0,,Operating income/revenues / Work capitalised on own account / Work capitalised for own account (group account),income,0,,a3800,
3840,Work capitalised (materials),income,income,credit,0,,Operating income/revenues / Work capitalised on own account / Work capitalised (materials),income,0,,a3840,
3850,Work capitalised (overheads),income,income,credit,0,,Operating income/revenues / Work capitalised on own account / Work capitalised (overheads),income,0,,a3850,
3870,Work capitalised (personnel),income,income,credit,0,,Operating income/revenues / Work capitalised on own account / Work capitalised (personnel),income,0,,a3870,
3900,Other operating income (group account),income,other_income,credit,0,,Operating income/revenues / Other operating income / Other operating income (group account),income_other,0,,a3900,
3910,Rental and leasing income,income,other_income,credit,0,,Operating income/revenues / Other operating income / Rental and leasing income,income_other,0,,a3910,
3911,Rental income,income,other_income,credit,0,,Operating income/revenues / Other operating income / Rental and leasing income,income_other,0,,a3911,
3912,Rental income,income,other_income,credit,0,,Operating income/revenues / Other operating income / Rental and leasing income,income_other,0,,a3912,
3913,Rental income voluntarily subject to VAT,income,other_income,credit,0,,Operating income/revenues / Other operating income / Rental and leasing income,income_other,0,,a3913,
3914,Other rental income subject to VAT,income,other_income,credit,0,,Operating income/revenues / Other operating income / Rental and leasing income,income_other,0,,a3914,
3920,"Commission, licence and royalty income",income,other_income,credit,0,,"Operating income/revenues / Other operating income / Commission, licence and royalty income",income_other,0,,a3920,
3921,Commission income,income,other_income,credit,0,,"Operating income/revenues / Other operating income / Commission, licence and royalty income",income_other,0,,a3921,
3922,Licence fees and royalties,income,other_income,credit,0,,"Operating income/revenues / Other operating income / Commission, licence and royalty income",income_other,0,,a3922,
3925,Franchise income,income,other_income,credit,0,,"Operating income/revenues / Other operating income / Commission, licence and royalty income",income_other,0,,a3925,
3950,"Recovered, previously written-off trade receivables",income,other_income,credit,0,,"Operating income/revenues / Other operating income / Recovered, previously written off trade receivables",income_other,0,,a3950,
3960,Foreign exchange gains on receivables and liabilities of an operating nature,income,other_income,credit,0,,Operating income/revenues / Other operating income / Exchange rate gains on receivables and liabilities of an operating nature,income_other,0,,a3960,
3970,Gains on the disposal of intangible and tangible fixed assets,income,other_income,credit,0,,Operating income/revenues / Other operating income / Gain on disposal of intangible and tangible fixed assets,income_other,0,,a3970,
3971,Gain on disposal of intangible fixed assets,income,other_income,credit,0,,Operating income/revenues / Other operating income / Gain on disposal of intangible and tangible fixed assets,income_other,0,,a3971,
3972,Gain on disposal of land and buildings,income,other_income,credit,0,,Operating income/revenues / Other operating income / Gain on disposal of intangible and tangible fixed assets,income_other,0,,a3972,
3973,Gain on disposal of machinery and equipment,income,other_income,credit,0,,Operating income/revenues / Other operating income / Gain on disposal of intangible and tangible fixed assets,income_other,0,,a3973,
3980,"Government grants received, etc.",income,other_income,credit,0,,Operating income/revenues / Other operating income / Government grants received,income_other,0,,a3980,
3981,EU grants received,income,other_income,credit,0,,Operating income/revenues / Other operating income / Government grants received,income_other,0,,a3981,
3985,Government grants received,income,other_income,credit,0,,Operating income/revenues / Other operating income / Government grants received,income_other,0,,a3985,
3987,Municipal grants received,income,other_income,credit,0,,Operating income/revenues / Other operating income / Government grants received,income_other,0,,a3987,
3988,Grants and reimbursements received for,income,other_income,credit,0,,Operating income/revenues / Other operating income / Government grants received,income_other,0,,a3988,
3989,Other grants received,income,other_income,credit,0,,Operating income/revenues / Other operating income / Government grants received,income_other,0,,a3989,
3990,Other reimbursements and income,income,other_income,credit,0,,"Operating income/revenues / Other operating income / Other remuneration, grants and income",income_other,0,,a3990,
3991,Conflict compensation,income,other_income,credit,0,,"Operating income/revenues / Other operating income / Other remuneration, grants and income",income_other,0,,a3991,
3992,Damages received,income,other_income,credit,0,,"Operating income/revenues / Other operating income / Other remuneration, grants and income",income_other,0,,a3992,
3993,Donations and gifts received,income,other_income,credit,0,,"Operating income/revenues / Other operating income / Other remuneration, grants and income",income_other,0,,a3993,
3994,Insurance claims,income,other_income,credit,0,,"Operating income/revenues / Other operating income / Other remuneration, grants and income",income_other,0,,a3994,
3995,Payments received on account of operating liabilities,income,other_income,credit,0,,"Operating income/revenues / Other operating income / Other remuneration, grants and income",income_other,0,,a3995,
3996,Advertising subsidies received,income,other_income,credit,0,,"Operating income/revenues / Other operating income / Other remuneration, grants and income",income_other,0,,a3996,
3997,Compensation for sick leave,income,other_income,credit,0,,"Operating income/revenues / Other operating income / Other remuneration, grants and income",income_other,0,,a3997,
3999,Other operating income,income,other_income,credit,0,,"Operating income/revenues / Other operating income / Other remuneration, grants and income",income_other,0,,a3999,
4000,Purchases of goods from Sweden,expense,direct_cost,debit,0,expense,"Expenditure/cost of goods, materials and certain purchased services / Purchases of goods and materials / Purchases of goods from Sweden",expense_direct_cost,0,,a4000,default_for_expense
4200,Sales of goods sold VMB,expense,direct_cost,debit,0,,"Expenditure/cost of goods, materials and certain purchased services / Goods sold VMB",expense_direct_cost,0,,a4200,
4211,Goods sold positive VAT 25%,expense,direct_cost,debit,0,,"Expenditure/cost of goods, materials and certain purchased services / Goods sold RMS 25 per cent",expense_direct_cost,0,,a4211,
4212,Goods sold negative VAT 25%,expense,direct_cost,debit,0,,"Expenditure/cost of goods, materials and certain purchased services / Goods sold RMS 25 per cent",expense_direct_cost,0,,a4212,
4400,Purchases subject to VAT in Sweden,expense,direct_cost,debit,0,,"Expenditure/cost of goods, materials and certain purchased services / Purchases subject to VAT in Sweden",expense_direct_cost,0,,a4400,
4415,"Goods purchased in Sweden, reverse charge, 25 %",expense,direct_cost,debit,0,,"Expenditure/cost of goods, materials and certain purchased services / Goods purchased in Sweden, reverse charge, 25 % VAT.",expense_direct_cost,0,,a4415,
4416,"Goods purchased in Sweden, reverse charge, 12 per cent",expense,direct_cost,debit,0,,"Expenditure/cost of goods, materials and certain purchased services / Goods purchased in Sweden, reverse charge, 25 % VAT.",expense_direct_cost,0,,a4416,
4417,"Purchased goods in Sweden, reverse charge, 6%",expense,direct_cost,debit,0,,"Expenditure/cost of goods, materials and certain purchased services / Goods purchased in Sweden, reverse charge, 25 % VAT.",expense_direct_cost,0,,a4417,
4425,"Purchase of services in Sweden, reverse charge, 25%",expense,direct_cost,debit,0,,"Expenditure/cost of goods, materials and certain purchased services / Services purchased in Sweden, reverse charge, 25 % VAT",expense_direct_cost,0,,a4425,
4426,"Purchases of services in Sweden, reverse charge, 12 %",expense,direct_cost,debit,0,,"Expenditure/cost of goods, materials and certain purchased services / Services purchased in Sweden, reverse charge, 25 % VAT",expense_direct_cost,0,,a4426,
4427,"Purchases of services in Sweden, reverse charge, 6%",expense,direct_cost,debit,0,,"Expenditure/cost of goods, materials and certain purchased services / Services purchased in Sweden, reverse charge, 25 % VAT",expense_direct_cost,0,,a4427,
4500,Other purchases subject to VAT,expense,direct_cost,debit,0,,"Expenditure/cost of goods, materials and certain purchased services / Other purchases subject to VAT",expense_direct_cost,0,,a4500,
4515,"Purchases of goods from another EU country, 25%",expense,direct_cost,debit,0,,"Expenditure/cost of goods, materials and certain purchased services / Purchase of goods from another EU country, 25%",expense_direct_cost,0,,a4515,
4516,"Purchases of goods from another EU country, 12 %",expense,direct_cost,debit,0,,"Expenditure/cost of goods, materials and certain purchased services / Purchase of goods from another EU country, 25%",expense_direct_cost,0,,a4516,
4517,"Purchases of goods from another EU country, 6%",expense,direct_cost,debit,0,,"Expenditure/cost of goods, materials and certain purchased services / Purchase of goods from another EU country, 25%",expense_direct_cost,0,,a4517,
4518,"Purchase of goods from another EU country, VAT free",expense,direct_cost,debit,0,,"Expenditure/cost of goods, materials and certain purchased services / Purchase of goods from another EU country, 25%",expense_direct_cost,0,,a4518,
4531,"Purchase of services from a non-EU country, 25%",expense,direct_cost,debit,0,,"Expenditure/cost of goods, materials and certain purchased services / Purchase of services from a country outside the EU, 25% VAT",expense_direct_cost,0,,a4531,
4532,"Purchase of services from outside the EU, 12%",expense,direct_cost,debit,0,,"Expenditure/cost of goods, materials and certain purchased services / Purchase of services from a country outside the EU, 25% VAT",expense_direct_cost,0,,a4532,
4533,"Purchase of services from outside the EU, 6%",expense,direct_cost,debit,0,,"Expenditure/cost of goods, materials and certain purchased services / Purchase of services from a country outside the EU, 25% VAT",expense_direct_cost,0,,a4533,
4535,"Purchase of services from another EU country, 25%",expense,direct_cost,debit,0,,"Expenditure/cost of goods, materials and certain purchased services / Purchase of services from a country outside the EU, 25% VAT",expense_direct_cost,0,,a4535,
4536,"Purchase of services from another EU country, 12%",expense,direct_cost,debit,0,,"Expenditure/cost of goods, materials and certain purchased services / Purchase of services from a country outside the EU, 25% VAT",expense_direct_cost,0,,a4536,
4537,"Purchase of services from another EU country, 6%",expense,direct_cost,debit,0,,"Expenditure/cost of goods, materials and certain purchased services / Purchase of services from a country outside the EU, 25% VAT",expense_direct_cost,0,,a4537,
4538,"Purchase of services from another EU country, VAT free",expense,direct_cost,debit,0,,"Expenditure/cost of goods, materials and certain purchased services / Purchase of services from a country outside the EU, 25% VAT",expense_direct_cost,0,,a4538,
4545,"Import of goods, 25% VAT",expense,direct_cost,debit,0,,"Expenditure/cost of goods, materials and certain purchased services / Import of goods, 25% VAT",expense_direct_cost,0,,a4545,
4546,"Import of goods, 12% VAT",expense,direct_cost,debit,0,,"Expenditure/cost of goods, materials and certain purchased services / Import of goods, 25% VAT",expense_direct_cost,0,,a4546,
4547,"Import of goods, 6% VAT",expense,direct_cost,debit,0,,"Expenditure/cost of goods, materials and certain purchased services / Import of goods, 25% VAT",expense_direct_cost,0,,a4547,
4600,Subcontracting and subcontracting (group account),expense,direct_cost,debit,0,,"Expenditure/cost of goods, materials and certain purchased services / Subcontracting, subcontracting / Contract work and subcontracting (group account)",expense_direct_cost,0,,a4600,
4700,Reduction of purchase prices (group account),expense,direct_cost,debit,0,,"Expenditure/cost of goods, materials and certain purchased services / Reduction of purchase prices / Reduction of purchase prices (group account)",expense_direct_cost,0,,a4700,
4730,Discounts received,expense,direct_cost,debit,0,,"Expenditure/cost of goods, materials and certain purchased services / Reduction of purchase prices / Discounts received",expense_direct_cost,0,,a4730,
4731,Cash discounts received,expense,direct_cost,debit,0,,"Expenditure/cost of goods, materials and certain purchased services / Reduction of purchase prices / Discounts received",expense_direct_cost,0,,a4731,
4732,Received quantity discounts (incl. bonus),expense,direct_cost,debit,0,,"Expenditure/cost of goods, materials and certain purchased services / Reduction of purchase prices / Discounts received",expense_direct_cost,0,,a4732,
4733,Received activity aid,expense,direct_cost,debit,0,,"Expenditure/cost of goods, materials and certain purchased services / Reduction of purchase prices / Discounts received",expense_direct_cost,0,,a4733,
4790,Other reduction of purchase prices,expense,direct_cost,debit,0,,"Expenditure/cost of goods, materials and certain purchased services / Reduction of purchase prices / Other purchase price reductions",expense_direct_cost,0,,a4790,
4900,Change in stocks (group account),expense,direct_cost,debit,0,,"Expenditure/cost of goods, materials and certain purchased services / Change in stocks, work in progress and work in progress / Change in stocks (group account)",expense_direct_cost,0,,a4900,
4910,Change in stocks of raw materials,expense,direct_cost,debit,0,,"Expenditure/cost of goods, materials and certain purchased services / Change in stocks, work in progress and work in progress / Change in stocks of raw materials",expense_direct_cost,0,,a4910,
4920,Change in stocks of additives and consumables,expense,direct_cost,debit,0,,"Expenditure/cost of goods, materials and certain purchased services / Change in stocks, work in progress and work in progress / Change in stocks of additives and consumables",expense_direct_cost,0,,a4920,
4940,Change in stocks of work in progress,expense,direct_cost,debit,0,,"Expenditure/cost of goods, materials and certain purchased services / Change in stocks, work in progress and work in progress / Change in stocks of work in progress",expense_direct_cost,0,,a4940,
4944,"Change in work in progress, materials and outlays",expense,direct_cost,debit,0,,"Expenditure/cost of goods, materials and certain purchased services / Change in stocks, work in progress and work in progress / Change in stocks of work in progress",expense_direct_cost,0,,a4944,
4945,"Change in work in progress, overheads",expense,direct_cost,debit,0,,"Expenditure/cost of goods, materials and certain purchased services / Change in stocks, work in progress and work in progress / Change in stocks of work in progress",expense_direct_cost,0,,a4945,
4947,"Change in work in progress, personnel costs",expense,direct_cost,debit,0,,"Expenditure/cost of goods, materials and certain purchased services / Change in stocks, work in progress and work in progress / Change in stocks of work in progress",expense_direct_cost,0,,a4947,
4950,Change in stocks of finished goods,expense,direct_cost,debit,0,,"Expenditure/cost of goods, materials and certain purchased services / Change in stocks, work in progress and work in progress / Change in stocks of finished goods",expense_direct_cost,0,,a4950,
4960,Change in stocks of goods for resale,expense,direct_cost,debit,0,,"Expenditure/cost of goods, materials and certain purchased services / Change in stocks, work in progress and work in progress / Change in stocks of merchandise",expense_direct_cost,0,,a4960,
4970,"Change in work in progress, costs incurred",expense,direct_cost,debit,0,,"Expenditure/cost of goods, materials and certain purchased services / Change in stocks, work in progress and work in progress / Change in work in progress, costs incurred",expense_direct_cost,0,,a4970,
4974,"Change in work in progress, materials and expenses",expense,direct_cost,debit,0,,"Expenditure/cost of goods, materials and certain purchased services / Change in stocks, work in progress and work in progress / Change in work in progress, costs incurred",expense_direct_cost,0,,a4974,
4975,"Change in work in progress, overheads",expense,direct_cost,debit,0,,"Expenditure/cost of goods, materials and certain purchased services / Change in stocks, work in progress and work in progress / Change in work in progress, costs incurred",expense_direct_cost,0,,a4975,
4977,"Change in work in progress, personnel costs",expense,direct_cost,debit,0,,"Expenditure/cost of goods, materials and certain purchased services / Change in stocks, work in progress and work in progress / Change in work in progress, costs incurred",expense_direct_cost,0,,a4977,
4980,Change in stocks of securities,expense,direct_cost,debit,0,,"Expenditure/cost of goods, materials and certain purchased services / Change in stocks, work in progress and work in progress / Change in stocks of securities",expense_direct_cost,0,,a4980,
4981,Cost of securities sold,expense,direct_cost,debit,0,,"Expenditure/cost of goods, materials and certain purchased services / Change in stocks, work in progress and work in progress / Change in stocks of securities",expense_direct_cost,0,,a4981,
4987,Impairment of securities,expense,direct_cost,debit,0,,"Expenditure/cost of goods, materials and certain purchased services / Change in stocks, work in progress and work in progress / Change in stocks of securities",expense_direct_cost,0,,a4987,
4988,Reversal of impairment of securities,expense,direct_cost,debit,0,,"Expenditure/cost of goods, materials and certain purchased services / Change in stocks, work in progress and work in progress / Change in stocks of securities",expense_direct_cost,0,,a4988,
5000,Premises costs (group account),expense,expense,debit,0,,Other external operating expenditure/expenses / Cost of premises / Premises expenses (group account),expense,0,,a5000,
5010,Rent of premises,expense,expense,debit,0,,Other external operating expenditure/expenses / Cost of premises / Rent of premises,expense,0,,a5010,
5011,Rent of office space,expense,expense,debit,0,,Other external operating expenditure/expenses / Cost of premises / Rent of premises,expense,0,,a5011,
5012,Rent of garages,expense,expense,debit,0,,Other external operating expenditure/expenses / Cost of premises / Rent of premises,expense,0,,a5012,
5013,Rent of warehouses,expense,expense,debit,0,,Other external operating expenditure/expenses / Cost of premises / Rent of premises,expense,0,,a5013,
5020,Electricity for lighting,expense,expense,debit,0,,Other external operating expenditure/expenses / Cost of premises / Electricity for lighting,expense,0,,a5020,
5030,Heating,expense,expense,debit,0,,Other external operating expenditure/expenses / Cost of premises / Heating,expense,0,,a5030,
5040,Water and sewerage,expense,expense,debit,0,,Other external operating expenditure/expenses / Cost of premises / Water and sewerage,expense,0,,a5040,
5050,Premises equipment,expense,expense,debit,0,,Other external operating expenditure/expenses / Cost of premises / Premises accessories,expense,0,,a5050,
5060,Cleaning and sanitation,expense,expense,debit,0,,Other external operating expenditure/expenses / Cost of premises / Cleaning and sanitation,expense,0,,a5060,
5061,Cleaning services,expense,expense,debit,0,,Other external operating expenditure/expenses / Cost of premises / Cleaning and sanitation,expense,0,,a5061,
5062,Refuse collection,expense,expense,debit,0,,Other external operating expenditure/expenses / Cost of premises / Cleaning and sanitation,expense,0,,a5062,
5063,Hire of rubbish containers,expense,expense,debit,0,,Other external operating expenditure/expenses / Cost of premises / Cleaning and sanitation,expense,0,,a5063,
5064,Snow removal,expense,expense,debit,0,,Other external operating expenditure/expenses / Cost of premises / Cleaning and sanitation,expense,0,,a5064,
5065,Gardening services,expense,expense,debit,0,,Other external operating expenditure/expenses / Cost of premises / Cleaning and sanitation,expense,0,,a5065,
5070,Repair and maintenance of premises,expense,expense,debit,0,,Other external operating expenditure/expenses / Cost of premises / Repair and maintenance of premises,expense,0,,a5070,
5090,Other premises costs,expense,expense,debit,0,,Other external operating expenditure/expenses / Cost of premises / Other premises costs,expense,0,,a5090,
5098,"Other premises expenses, deductible",expense,expense,debit,0,,Other external operating expenditure/expenses / Cost of premises / Other premises costs,expense,0,,a5098,
5099,"Other premises costs, non-deductible",expense,expense,debit,0,,Other external operating expenditure/expenses / Cost of premises / Other premises costs,expense,0,,a5099,
5110,Ground rent/leasehold charges,expense,expense,debit,0,,Other external operating expenditure/expenses / Real estate costs / Ground rent/leasehold charges,expense,0,,a5110,
5120,Electricity for lighting,expense,expense,debit,0,,Other external operating expenditure/expenses / Real estate costs / Electricity for lighting,expense,0,,a5120,
5130,Heating,expense,expense,debit,0,,Other external operating expenditure/expenses / Real estate costs / Heating,expense,0,,a5130,
5131,Heating,expense,expense,debit,0,,Other external operating expenditure/expenses / Real estate costs / Heating,expense,0,,a5131,
5132,Chimney sweeping,expense,expense,debit,0,,Other external operating expenditure/expenses / Real estate costs / Heating,expense,0,,a5132,
5140,Water and sewerage,expense,expense,debit,0,,Other external operating expenditure/expenses / Real estate costs / Water and sewerage,expense,0,,a5140,
5160,Cleaning and sanitation,expense,expense,debit,0,,Other external operating expenditure/expenses / Real estate costs / Cleaning and sanitation,expense,0,,a5160,
5161,Cleaning,expense,expense,debit,0,,Other external operating expenditure/expenses / Real estate costs / Cleaning and sanitation,expense,0,,a5161,
5162,Refuse collection,expense,expense,debit,0,,Other external operating expenditure/expenses / Real estate costs / Cleaning and sanitation,expense,0,,a5162,
5163,Rent for rubbish container,expense,expense,debit,0,,Other external operating expenditure/expenses / Real estate costs / Cleaning and sanitation,expense,0,,a5163,
5164,Snow removal,expense,expense,debit,0,,Other external operating expenditure/expenses / Real estate costs / Cleaning and sanitation,expense,0,,a5164,
5165,Gardening,expense,expense,debit,0,,Other external operating expenditure/expenses / Real estate costs / Cleaning and sanitation,expense,0,,a5165,
5170,Repair and maintenance of property,expense,expense,debit,0,,Other external operating expenditure/expenses / Real estate costs / Repair and maintenance of property,expense,0,,a5170,
5190,Other property costs,expense,expense,debit,0,,Other external operating expenditure/expenses / Real estate costs / Other property costs,expense,0,,a5190,
5191,Property tax/property fee,expense,expense,debit,0,,Other external operating expenditure/expenses / Real estate costs / Other property costs,expense,0,,a5191,
5192,Property insurance premiums,expense,expense,debit,0,,Other external operating expenditure/expenses / Real estate costs / Other property costs,expense,0,,a5192,
5193,Property maintenance and management,expense,expense,debit,0,,Other external operating expenditure/expenses / Real estate costs / Other property costs,expense,0,,a5193,
5198,"Other property costs, deductible",expense,expense,debit,0,,Other external operating expenditure/expenses / Real estate costs / Other property costs,expense,0,,a5198,
5199,"Other property costs, non-deductible",expense,expense,debit,0,,Other external operating expenditure/expenses / Real estate costs / Other property costs,expense,0,,a5199,
5200,Rent of fixed assets (group account),expense,expense,debit,0,,Other external operating expenditure/expenses / Rent of fixed assets / Rental of fixed assets (group account),expense,0,,a5200,
5210,Renting of machinery and other technical equipment,expense,expense,debit,0,,Other external operating expenditure/expenses / Rent of fixed assets / Rental of machinery and other technical equipment,expense,0,,a5210,
5211,Short-term hire of machinery and equipment,expense,expense,debit,0,,Other external operating expenditure/expenses / Rent of fixed assets / Rental of machinery and other technical equipment,expense,0,,a5211,
5212,Leasing of machinery and equipment,expense,expense,debit,0,,Other external operating expenditure/expenses / Rent of fixed assets / Rental of machinery and other technical equipment,expense,0,,a5212,
5220,Hire of computers,expense,expense,debit,0,,Other external operating expenditure/expenses / Rent of fixed assets / Rent of equipment and tools,expense,0,,a5220,
5221,Short-term hire of equipment and tools,expense,expense,debit,0,,Other external operating expenditure/expenses / Rent of fixed assets / Rent of equipment and tools,expense,0,,a5221,
5222,Leasing of equipment and tools,expense,expense,debit,0,,Other external operating expenditure/expenses / Rent of fixed assets / Rent of equipment and tools,expense,0,,a5222,
5250,Rental of computers,expense,expense,debit,0,,Other external operating expenditure/expenses / Rent of fixed assets / Rental of computers,expense,0,,a5250,
5251,Short-term hire of computers,expense,expense,debit,0,,Other external operating expenditure/expenses / Rent of fixed assets / Rental of computers,expense,0,,a5251,
5252,Leasing of computers,expense,expense,debit,0,,Other external operating expenditure/expenses / Rent of fixed assets / Rental of computers,expense,0,,a5252,
5290,Other rentals of fixed assets,expense,expense,debit,0,,Other external operating expenditure/expenses / Rent of fixed assets / Other rentals of fixed assets,expense,0,,a5290,
5300,Energy costs (group account),expense,expense,debit,0,,Other external operating expenditure/expenses / Energy costs / Energy costs (group account),expense,0,,a5300,
5310,Electricity for operation,expense,expense,debit,0,,Other external operating expenditure/expenses / Energy costs / Electricity for operation,expense,0,,a5310,
5320,Gas,expense,expense,debit,0,,Other external operating expenditure/expenses / Energy costs / gas,expense,0,,a5320,
5330,Fuel oil,expense,expense,debit,0,,Other external operating expenditure/expenses / Energy costs / Fuel oil,expense,0,,a5330,
5340,Coal and coke,expense,expense,debit,0,,Other external operating expenditure/expenses / Energy costs / Coal and coke,expense,0,,a5340,
5350,"Peat, charcoal, wood and other wood fuels",expense,expense,debit,0,,"Other external operating expenditure/expenses / Energy costs / Peat, charcoal, wood and other wood fuels",expense,0,,a5350,
5360,"Petrol, kerosene and motor fuel oil",expense,expense,debit,0,,"Other external operating expenditure/expenses / Energy costs / Petrol, kerosene and motor fuel oil",expense,0,,a5360,
5370,"District heating, cooling and steam",expense,expense,debit,0,,"Other external operating expenditure/expenses / Energy costs / District heating, cooling and steam",expense,0,,a5370,
5380,Water,expense,expense,debit,0,,Other external operating expenditure/expenses / Energy costs / water,expense,0,,a5380,
5390,Other energy costs,expense,expense,debit,0,,Other external operating expenditure/expenses / Energy costs / Other energy costs,expense,0,,a5390,
5410,Consumable inventory,expense,expense,debit,0,,Other external operating expenditure/expenses / Consumable inventory and consumables / Consumable inventory,expense,0,,a5410,
5411,Consumable inventory with a useful life of more than one year,expense,expense,debit,0,,Other external operating expenditure/expenses / Consumable inventory and consumables / Consumable inventory,expense,0,,a5411,
5412,Consumable inventory with a useful life of one year or less,expense,expense,debit,0,,Other external operating expenditure/expenses / Consumable inventory and consumables / Consumable inventory,expense,0,,a5412,
5420,Software,expense,expense,debit,0,,Other external operating expenditure/expenses / Consumable inventory and consumables / Software,expense,0,,a5420,
5430,Transport equipment,expense,expense,debit,0,,Other external operating expenditure/expenses / Consumable inventory and consumables / Transport equipment,expense,0,,a5430,
5440,Consumable packaging,expense,expense,debit,0,,Other external operating expenditure/expenses / Consumable inventory and consumables / Consumable packaging,expense,0,,a5440,
5460,Consumables,expense,expense,debit,0,,Other external operating expenditure/expenses / Consumable inventory and consumables / Consumables,expense,0,,a5460,
5480,Work clothes and protective materials,expense,expense,debit,0,,Other external operating expenditure/expenses / Consumable inventory and consumables / Working clothes and protective materials,expense,0,,a5480,
5490,Other consumable inventory and consumables,expense,expense,debit,0,,Other external operating expenditure/expenses / Consumable inventory and consumables / Other consumables and supplies,expense,0,,a5490,
5491,Other consumables with a useful life of more than one year,expense,expense,debit,0,,Other external operating expenditure/expenses / Consumable inventory and consumables / Other consumables and supplies,expense,0,,a5491,
5492,Other consumables with a useful life of one year or less,expense,expense,debit,0,,Other external operating expenditure/expenses / Consumable inventory and consumables / Other consumables and supplies,expense,0,,a5492,
5493,Other consumables,expense,expense,debit,0,,Other external operating expenditure/expenses / Consumable inventory and consumables / Other consumables and supplies,expense,0,,a5493,
5500,Repair and maintenance (group account),expense,expense,debit,0,,Other external operating expenditure/expenses / Repair and maintenance / Repair and maintenance (group account),expense,0,,a5500,
5510,Repair and maintenance of machinery and equipment,expense,expense,debit,0,,Other external operating expenditure/expenses / Repair and maintenance / Repair and maintenance of machinery and other technical equipment,expense,0,,a5510,
5520,"Repair and maintenance of furniture, tools and computers etc.",expense,expense,debit,0,,"Other external operating expenditure/expenses / Repair and maintenance / Repair and maintenance of equipment, tools and computers etc.",expense,0,,a5520,
5530,Repair and maintenance of installations,expense,expense,debit,0,,Other external operating expenditure/expenses / Repair and maintenance / Repair and maintenance of installations,expense,0,,a5530,
5550,Repair and maintenance of consumable equipment,expense,expense,debit,0,,Other external operating expenditure/expenses / Repair and maintenance / Repair and maintenance of consumable equipment,expense,0,,a5550,
5580,Maintenance and washing of work clothes,expense,expense,debit,0,,Other external operating expenditure/expenses / Repair and maintenance / Maintenance and washing of work clothes,expense,0,,a5580,
5590,Other repair and maintenance costs,expense,expense,debit,0,,Other external operating expenditure/expenses / Repair and maintenance / Other repair and maintenance costs,expense,0,,a5590,
5600,Cost of means of transport (group account),expense,expense,debit,0,,Other external operating expenditure/expenses / Cost of means of transport / Cost of means of transport (group account),expense,0,,a5600,
5610,Passenger cars,expense,expense,debit,0,,Other external operating expenditure/expenses / Cost of means of transport / Passenger car costs,expense,0,,a5610,
5611,Fuel for passenger cars,expense,expense,debit,0,,Other external operating expenditure/expenses / Cost of means of transport / Passenger car costs,expense,0,,a5611,
5612,Insurance and taxes for passenger cars,expense,expense,debit,0,,Other external operating expenditure/expenses / Cost of means of transport / Passenger car costs,expense,0,,a5612,
5613,Repair and maintenance of passenger cars,expense,expense,debit,0,,Other external operating expenditure/expenses / Cost of means of transport / Passenger car costs,expense,0,,a5613,
5615,Leasing of passenger cars,expense,expense,debit,0,,Other external operating expenditure/expenses / Cost of means of transport / Passenger car costs,expense,0,,a5615,
5616,"Congestion tax, deductible",expense,expense,debit,0,,Other external operating expenditure/expenses / Cost of means of transport / Passenger car costs,expense,0,,a5616,
5619,Other passenger car costs,expense,expense,debit,0,,Other external operating expenditure/expenses / Cost of means of transport / Passenger car costs,expense,0,,a5619,
5620,Lorry costs,expense,expense,debit,0,,Other external operating expenditure/expenses / Cost of means of transport / lorry costs,expense,0,,a5620,
5630,Truck costs,expense,expense,debit,0,,Other external operating expenditure/expenses / Cost of means of transport / Truck costs,expense,0,,a5630,
5640,Working machinery costs,expense,expense,debit,0,,Other external operating expenditure/expenses / Cost of means of transport / Costs of working machines,expense,0,,a5640,
5650,Tractor costs,expense,expense,debit,0,,Other external operating expenditure/expenses / Cost of means of transport / Tractor costs,expense,0,,a5650,
5660,"Motorbike, moped and scooter costs",expense,expense,debit,0,,"Other external operating expenditure/expenses / Cost of means of transport / Motorbike, moped and scooter costs",expense,0,,a5660,
5670,"Boat, aeroplane and helicopter costs",expense,expense,debit,0,,"Other external operating expenditure/expenses / Cost of means of transport / Boat, aeroplane and helicopter costs",expense,0,,a5670,
5690,Other transport equipment costs,expense,expense,debit,0,,Other external operating expenditure/expenses / Cost of means of transport / Other means of transport costs,expense,0,,a5690,
5700,Freight and transport (group account),expense,expense,debit,0,,Other external operating expenditure/expenses / Freight and transport / Freight and transport (group account),expense,0,,a5700,
5710,"Freight, transport and insurance for goods distribution",expense,expense,debit,0,,"Other external operating expenditure/expenses / Freight and transport / Freight, transport and insurance in the distribution of goods",expense,0,,a5710,
5720,"Customs and freight forwarding costs, etc.",expense,expense,debit,0,,"Other external operating expenditure/expenses / Freight and transport / Customs and forwarding costs, etc.",expense,0,,a5720,
5730,Transport of labour,expense,expense,debit,0,,Other external operating expenditure/expenses / Freight and transport / Transport of labour,expense,0,,a5730,
5790,Other freight and transport costs,expense,expense,debit,0,,Other external operating expenditure/expenses / Freight and transport / Other freight and transport costs,expense,0,,a5790,
5800,Travelling expenses (group account),expense,expense,debit,0,,Other external operating expenditure/expenses / Travelling expenses / Travelling expenses (group account),expense,0,,a5800,
5810,Tickets,expense,expense,debit,0,,Other external operating expenditure/expenses / Travelling expenses / tickets,expense,0,,a5810,
5820,Car hire costs,expense,expense,debit,0,,Other external operating expenditure/expenses / Travelling expenses / Car hire costs,expense,0,,a5820,
5830,Host and accommodation,expense,expense,debit,0,,Other external operating expenditure/expenses / Travelling expenses / Food and accommodation,expense,0,,a5830,
5831,Board and lodging in Sweden,expense,expense,debit,0,,Other external operating expenditure/expenses / Travelling expenses / Food and accommodation,expense,0,,a5831,
5832,Board and lodging abroad,expense,expense,debit,0,,Other external operating expenditure/expenses / Travelling expenses / Food and accommodation,expense,0,,a5832,
5890,other travelling expenses,expense,expense,debit,0,,Other external operating expenditure/expenses / Travelling expenses / Other travelling expenses,expense,0,,a5890,
5900,Advertising and PR,expense,expense,debit,0,,Other external operating expenditure/expenses / Advertising and public relations / Advertising and public relations (group account),expense,0,,a5900,
5910,Advertising,expense,expense,debit,0,,Other external operating expenditure/expenses / Advertising and public relations / Advertising,expense,0,,a5910,
5920,Outdoor and traffic advertising,expense,expense,debit,0,,Other external operating expenditure/expenses / Advertising and public relations / Outdoor and traffic advertising,expense,0,,a5920,
5930,Printed advertising material and direct mail,expense,expense,debit,0,,Other external operating expenditure/expenses / Advertising and public relations / Printed advertising material and direct mail,expense,0,,a5930,
5940,Exhibitions and fairs,expense,expense,debit,0,,Other external operating expenditure/expenses / Advertising and public relations / Exhibitions and fairs,expense,0,,a5940,
5950,In-store advertising and retailer advertising,expense,expense,debit,0,,Other external operating expenditure/expenses / Advertising and public relations / In-store advertising and retailer advertising,expense,0,,a5950,
5960,"Product samples, promotional gifts, giveaways and competitions",expense,expense,debit,0,,"Other external operating expenditure/expenses / Advertising and public relations / Product samples, promotional gifts, giveaways and competitions",expense,0,,a5960,
5970,"Film, radio, television and internet advertising",expense,expense,debit,0,,"Other external operating expenditure/expenses / Advertising and public relations / Film, radio, television and internet advertising",expense,0,,a5970,
5980,"Public relations, institutional advertising and sponsorship",expense,expense,debit,0,,"Other external operating expenditure/expenses / Advertising and public relations / Public relations, institutional advertising and sponsorship",expense,0,,a5980,
5990,Other advertising and public relations costs,expense,expense,debit,0,,Other external operating expenditure/expenses / Advertising and public relations / Other advertising and public relations costs,expense,0,,a5990,
6000,Other selling expenses,expense,expense,debit,0,,Other external operating expenditure/costs / Other selling expenses / Other selling expenses (group account),expense,0,,a6000,
6010,"Catalogues, price lists, etc.",expense,expense,debit,0,,"Other external operating expenditure/costs / Other selling expenses / Catalogues, price lists, etc.",expense,0,,a6010,
6020,Own trade journals,expense,expense,debit,0,,Other external operating expenditure/costs / Other selling expenses / Own trade journals,expense,0,,a6020,
6030,Special order costs,expense,expense,debit,0,,Other external operating expenditure/costs / Other selling expenses / Special order costs,expense,0,,a6030,
6040,Credit card charges,expense,expense,debit,0,,Other external operating expenditure/costs / Other selling expenses / Credit card charges,expense,0,,a6040,
6050,Sales commissions,expense,expense,debit,0,,Other external operating expenditure/costs / Other selling expenses / Sales commissions,expense,0,,a6050,
6055,"Franchise costs, etc.",expense,expense,debit,0,,Other external operating expenditure/costs / Other selling expenses / Sales commissions,expense,0,,a6055,
6060,Credit sales costs,expense,expense,debit,0,,Other external operating expenditure/costs / Other selling expenses / Credit sales costs,expense,0,,a6060,
6061,Credit information,expense,expense,debit,0,,Other external operating expenditure/costs / Other selling expenses / Credit sales costs,expense,0,,a6061,
6062,Debt collection and KFM fees,expense,expense,debit,0,,Other external operating expenditure/costs / Other selling expenses / Credit sales costs,expense,0,,a6062,
6063,Credit insurance premiums,expense,expense,debit,0,,Other external operating expenditure/costs / Other selling expenses / Credit sales costs,expense,0,,a6063,
6064,Factoring fees,expense,expense,debit,0,,Other external operating expenditure/costs / Other selling expenses / Credit sales costs,expense,0,,a6064,
6069,Other credit sales costs,expense,expense,debit,0,,Other external operating expenditure/costs / Other selling expenses / Credit sales costs,expense,0,,a6069,
6070,Representation,expense,expense,debit,0,,Other external operating expenditure/costs / Other selling expenses / Representation,expense,0,,a6070,
6071,"Entertainment, deductible",expense,expense,debit,0,,Other external operating expenditure/costs / Other selling expenses / Representation,expense,0,,a6071,
6072,"Entertainment, non-deductible",expense,expense,debit,0,,Other external operating expenditure/costs / Other selling expenses / Representation,expense,0,,a6072,
6080,Bank guarantees,expense,expense,debit,0,,Other external operating expenditure/costs / Other selling expenses / Bank guarantees,expense,0,,a6080,
6090,Other selling expenses,expense,expense,debit,0,,Other external operating expenditure/costs / Other selling expenses / Other selling expenses,expense,0,,a6090,
6100,Office supplies and printed matter (group account),expense,expense,debit,0,,Other external operating expenditure/costs / Office supplies and printed matter / Office supplies and printed matter (group account),expense,0,,a6100,
6110,Office supplies,expense,expense,debit,0,,Other external operating expenditure/costs / Office supplies and printed matter / Office supplies,expense,0,,a6110,
6150,Printed matter,expense,expense,debit,0,,Other external operating expenditure/costs / Office supplies and printed matter / Printed matter,expense,0,,a6150,
6200,Telephone and mail (group account),expense,expense,debit,0,,Other external operating expenditure/costs / Telephone and mail / Telecommunications and post (group account),expense,0,,a6200,
6210,Telecommunications,expense,expense,debit,0,,Other external operating expenditure/costs / Telephone and mail / Telecommunications,expense,0,,a6210,
6211,Fixed telephony,expense,expense,debit,0,,Other external operating expenditure/costs / Telephone and mail / Telecommunications,expense,0,,a6211,
6212,Mobile phones,expense,expense,debit,0,,Other external operating expenditure/costs / Telephone and mail / Telecommunications,expense,0,,a6212,
6213,Mobile phone search,expense,expense,debit,0,,Other external operating expenditure/costs / Telephone and mail / Telecommunications,expense,0,,a6213,
6214,Fax,expense,expense,debit,0,,Other external operating expenditure/costs / Telephone and mail / Telecommunications,expense,0,,a6214,
6215,Telex,expense,expense,debit,0,,Other external operating expenditure/costs / Telephone and mail / Telecommunications,expense,0,,a6215,
6230,Data communication,expense,expense,debit,0,,Other external operating expenditure/costs / Telephone and mail / Data communications,expense,0,,a6230,
6250,Postal services,expense,expense,debit,0,,Other external operating expenditure/costs / Telephone and mail / Postal services,expense,0,,a6250,
6300,Business insurance and other risk costs (group account),expense,expense,debit,0,,Other external operating expenditure/costs / Business insurance and other risk costs / Business insurance and other risk charges (group account),expense,0,,a6300,
6310,Business insurance,expense,expense,debit,0,,Other external operating expenditure/costs / Business insurance and other risk costs / Business insurance,expense,0,,a6310,
6320,Deductibles in case of damage,expense,expense,debit,0,,Other external operating expenditure/costs / Business insurance and other risk costs / Deductibles in case of damage,expense,0,,a6320,
6330,Losses in work in progress,expense,expense,debit,0,,Other external operating expenditure/costs / Business insurance and other risk costs / Losses in work in progress,expense,0,,a6330,
6340,Damages paid,expense,expense,debit,0,,Other external operating expenditure/costs / Business insurance and other risk costs / Claims paid,expense,0,,a6340,
6341,"Damages paid, deductible",expense,expense,debit,0,,Other external operating expenditure/costs / Business insurance and other risk costs / Claims paid,expense,0,,a6341,
6342,"Damages paid, non-deductible",expense,expense,debit,0,,Other external operating expenditure/costs / Business insurance and other risk costs / Claims paid,expense,0,,a6342,
6350,Losses on trade receivables,expense,expense,debit,0,,Other external operating expenditure/costs / Business insurance and other risk costs / Losses on trade receivables,expense,0,,a6350,
6351,Recognised losses on trade receivables,expense,expense,debit,0,,Other external operating expenditure/costs / Business insurance and other risk costs / Losses on trade receivables,expense,0,,a6351,
6352,Expected losses on trade receivables,expense,expense,debit,0,,Other external operating expenditure/costs / Business insurance and other risk costs / Losses on trade receivables,expense,0,,a6352,
6360,Guarantee costs,expense,expense,debit,0,,Other external operating expenditure/costs / Business insurance and other risk costs / Guarantee costs,expense,0,,a6360,
6361,Change in guarantee provision,expense,expense,debit,0,,Other external operating expenditure/costs / Business insurance and other risk costs / Guarantee costs,expense,0,,a6361,
6362,Actual guarantee costs,expense,expense,debit,0,,Other external operating expenditure/costs / Business insurance and other risk costs / Guarantee costs,expense,0,,a6362,
6370,Guarding and laming costs,expense,expense,debit,0,,Other external operating expenditure/costs / Business insurance and other risk costs / Security and alarm costs,expense,0,,a6370,
6380,Losses on other short-term receivables,expense,expense,debit,0,,Other external operating expenditure/costs / Business insurance and other risk costs / Losses on other short-term receivables,expense,0,,a6380,
6390,Other risk costs,expense,expense,debit,0,,Other external operating expenditure/costs / Business insurance and other risk costs / Other risk costs,expense,0,,a6390,
6400,Management costs (group account),expense,expense,debit,0,,Other external operating expenditure/costs / Management expenses / Management expenses (group account),expense,0,,a6400,
6410,Non-salary directors' fees,expense,expense,debit,0,,Other external operating expenditure/costs / Management expenses / Non-salary directors' fees,expense,0,,a6410,
6420,Remuneration to the auditor,expense,expense,debit,0,,Other external operating expenditure/costs / Management expenses / Remuneration to the auditor,expense,0,,a6420,
6421,Audit activities,expense,expense,debit,0,,Other external operating expenditure/costs / Management expenses / Remuneration to the auditor,expense,0,,a6421,
6422,Audit activities other than auditing,expense,expense,debit,0,,Other external operating expenditure/costs / Management expenses / Remuneration to the auditor,expense,0,,a6422,
6423,Tax consultancy - auditor,expense,expense,debit,0,,Other external operating expenditure/costs / Management expenses / Remuneration to the auditor,expense,0,,a6423,
6424,Other services - auditor,expense,expense,debit,0,,Other external operating expenditure/costs / Management expenses / Remuneration to the auditor,expense,0,,a6424,
6430,Management fees,expense,expense,debit,0,,Other external operating expenditure/costs / Management expenses / Management fees,expense,0,,a6430,
6440,Annual and interim reports,expense,expense,debit,0,,Other external operating expenditure/costs / Management expenses / Annual and interim reports,expense,0,,a6440,
6450,General meeting of shareholders/annual or association meetings,expense,expense,debit,0,,Other external operating expenditure/costs / Management expenses / General meeting of shareholders/annual or association meetings,expense,0,,a6450,
6490,Other management costs,expense,expense,debit,0,,Other external operating expenditure/costs / Management expenses / Other management costs,expense,0,,a6490,
6500,Other external services (group account),expense,expense,debit,0,,Other external operating expenditure/costs / Other external services / Other external services (group account),expense,0,,a6500,
6510,Measurement costs,expense,expense,debit,0,,Other external operating expenditure/costs / Other external services / Measurement costs,expense,0,,a6510,
6520,Drawing and copying costs,expense,expense,debit,0,,Other external operating expenditure/costs / Other external services / Drawing and copying costs,expense,0,,a6520,
6530,Accounting services,expense,expense,debit,0,,Other external operating expenditure/costs / Other external services / Accounting services,expense,0,,a6530,
6540,IT services,expense,expense,debit,0,,Other external operating expenditure/costs / Other external services / IT services,expense,0,,a6540,
6550,Consultancy fees,expense,expense,debit,0,,Other external operating expenditure/costs / Other external services / Consultancy fees,expense,0,,a6550,
6560,Service fees to professional organisations,expense,expense,debit,0,,Other external operating expenditure/costs / Other external services / Service fees to professional organisations,expense,0,,a6560,
6570,Bank charges,expense,expense,debit,0,,Other external operating expenditure/costs / Other external services / Bank charges,expense,0,,a6570,
6580,Legal and court costs,expense,expense,debit,0,,Other external operating expenditure/costs / Other external services / Legal and court costs,expense,0,,a6580,
6590,Other external services,expense,expense,debit,0,,Other external operating expenditure/costs / Other external services / Other external services,expense,0,,a6590,
6800,Temporary staff (group account),expense,expense,debit,0,,Other external operating expenditure/costs / Temporary staff / Temporary staff (group account),expense,0,,a6800,
6810,Hired production staff,expense,expense,debit,0,,Other external operating expenditure/costs / Temporary staff / Hired production staff,expense,0,,a6810,
6820,Hired warehouse staff,expense,expense,debit,0,,Other external operating expenditure/costs / Temporary staff / Hired warehouse staff,expense,0,,a6820,
6830,Hired transport personnel,expense,expense,debit,0,,Other external operating expenditure/costs / Temporary staff / Hired transport personnel,expense,0,,a6830,
6840,Hired office and finance staff,expense,expense,debit,0,,Other external operating expenditure/costs / Temporary staff / Hired office and finance staff,expense,0,,a6840,
6850,Hired IT staff,expense,expense,debit,0,,Other external operating expenditure/costs / Temporary staff / Hired IT staff,expense,0,,a6850,
6860,Hired marketing and sales personnel,expense,expense,debit,0,,Other external operating expenditure/costs / Temporary staff / Hired marketing and sales personnel,expense,0,,a6860,
6870,Hired restaurant and shop staff,expense,expense,debit,0,,Other external operating expenditure/costs / Temporary staff / Hired restaurant and shop staff,expense,0,,a6870,
6880,Hired business managers,expense,expense,debit,0,,Other external operating expenditure/costs / Temporary staff / Temporary business managers,expense,0,,a6880,
6890,Other temporary staff,expense,expense,debit,0,,Other external operating expenditure/costs / Temporary staff / Other temporary staff,expense,0,,a6890,
6900,Other external costs (group account),expense,expense,debit,0,,Other external operating expenditure/costs / Other external costs / Other external costs (group account),expense,0,,a6900,
6910,Licence fees and royalties),expense,expense,debit,0,,Other external operating expenditure/costs / Other external costs / Licence fees and royalties,expense,0,,a6910,
6920,Cost of own patents,expense,expense,debit,0,,Other external operating expenditure/costs / Other external costs / Cost of own patents,expense,0,,a6920,
6930,"Cost of trade marks, etc.",expense,expense,debit,0,,"Other external operating expenditure/costs / Other external costs / Cost of trade marks, etc.",expense,0,,a6930,
6940,"Inspection, testing and stamping fees",expense,expense,debit,0,,"Other external operating expenditure/costs / Other external costs / Inspection, testing and stamping fees",expense,0,,a6940,
6950,Supervision fees of authorities,expense,expense,debit,0,,Other external operating expenditure/costs / Other external costs / Regulatory fees of authorities,expense,0,,a6950,
6970,"Newspapers, periodicals and specialised literature",expense,expense,debit,0,,"Other external operating expenditure/costs / Other external costs / Newspapers, periodicals and specialised literature",expense,0,,a6970,
6980,Association fees,expense,expense,debit,0,,Other external operating expenditure/costs / Other external costs / Association fees,expense,0,,a6980,
6981,"Association fees, deductible",expense,expense,debit,0,,Other external operating expenditure/costs / Other external costs / Association fees,expense,0,,a6981,
6982,"Association fees, non-deductible",expense,expense,debit,0,,Other external operating expenditure/costs / Other external costs / Association fees,expense,0,,a6982,
6990,Other external costs,expense,expense,debit,0,,Other external operating expenditure/costs / Other external costs / Other external costs,expense,0,,a6990,
6991,"Other external costs, deductible",expense,expense,debit,0,,Other external operating expenditure/costs / Other external costs / Other external costs,expense,0,,a6991,
6992,"Other external costs, non-deductible",expense,expense,debit,0,,Other external operating expenditure/costs / Other external costs / Other external costs,expense,0,,a6992,
6993,Grants and gifts received,expense,expense,debit,0,,Other external operating expenditure/costs / Other external costs / Other external costs,expense,0,,a6993,
6996,Foreign income tax paid,expense,expense,debit,0,,Other external operating expenditure/costs / Other external costs / Other external costs,expense,0,,a6996,
6997,Unpaid foreign income tax,expense,expense,debit,0,,Other external operating expenditure/costs / Other external costs / Other external costs,expense,0,,a6997,
6998,Foreign VAT,expense,expense,debit,0,,Other external operating expenditure/costs / Other external costs / Other external costs,expense,0,,a6998,
6999,"Input VAT, mixed activities",expense,expense,debit,0,,Other external operating expenditure/costs / Other external costs / Other external costs,expense,0,,a6999,
7000,Wages and salaries of employees (group account),expense,expense,debit,0,,"Expenditure/expenses for personnel, depreciation, etc. / Wages and salaries to collective employees / Wages and salaries of collective employees (group account)",expense,0,,a7000,
7010,Wages and salaries to public sector employees,expense,expense,debit,0,,"Expenditure/expenses for personnel, depreciation, etc. / Wages and salaries to collective employees / Wages and salaries of public sector employees",expense,0,,a7010,
7011,Wages and salaries to public sector employees,expense,expense,debit,0,,"Expenditure/expenses for personnel, depreciation, etc. / Wages and salaries to collective employees / Wages and salaries of public sector employees",expense,0,,a7011,
7012,Profit shares to collective employees,expense,expense,debit,0,,"Expenditure/expenses for personnel, depreciation, etc. / Wages and salaries to collective employees / Wages and salaries of public sector employees",expense,0,,a7012,
7013,Salary growth support for collective employees 10.21 per cent,expense,expense,debit,0,,"Expenditure/expenses for personnel, depreciation, etc. / Wages and salaries to collective employees / Wages and salaries of public sector employees",expense,0,,a7013,
7017,Severance payments to collective employees,expense,expense,debit,0,,"Expenditure/expenses for personnel, depreciation, etc. / Wages and salaries to collective employees / Wages and salaries of public sector employees",expense,0,,a7017,
7018,"Gross salary deductions, public sector employees",expense,expense,debit,0,,"Expenditure/expenses for personnel, depreciation, etc. / Wages and salaries to collective employees / Wages and salaries of public sector employees",expense,0,,a7018,
7019,Accrued wages and salaries and profit shares to collective employees,expense,expense,debit,0,,"Expenditure/expenses for personnel, depreciation, etc. / Wages and salaries to collective employees / Wages and salaries of public sector employees",expense,0,,a7019,
7030,Wages and salaries to collective employees (expatriates),expense,expense,debit,0,,"Expenditure/expenses for personnel, depreciation, etc. / Wages and salaries to collective employees / Wages and salaries of collective employees (expatriates)",expense,0,,a7030,
7031,Wages and salaries to collective employees (expatriates),expense,expense,debit,0,,"Expenditure/expenses for personnel, depreciation, etc. / Wages and salaries to collective employees / Wages and salaries of collective employees (expatriates)",expense,0,,a7031,
7032,Profit shares to collective bargaining employees (expatriates),expense,expense,debit,0,,"Expenditure/expenses for personnel, depreciation, etc. / Wages and salaries to collective employees / Wages and salaries of collective employees (expatriates)",expense,0,,a7032,
7037,Severance pay for collective workers (expatriates),expense,expense,debit,0,,"Expenditure/expenses for personnel, depreciation, etc. / Wages and salaries to collective employees / Wages and salaries of collective employees (expatriates)",expense,0,,a7037,
7038,"Gross salary deductions, collective bargaining employees (expatriates)",expense,expense,debit,0,,"Expenditure/expenses for personnel, depreciation, etc. / Wages and salaries to collective employees / Wages and salaries of collective employees (expatriates)",expense,0,,a7038,
7039,Accrued wages and salaries and profit shares to collective employees (expatriates),expense,expense,debit,0,,"Expenditure/expenses for personnel, depreciation, etc. / Wages and salaries to collective employees / Wages and salaries of collective employees (expatriates)",expense,0,,a7039,
7080,Wages and salaries to public sector employees for time not worked,expense,expense,debit,0,,"Expenditure/expenses for personnel, depreciation, etc. / Wages and salaries to collective employees / Wages and salaries to collective employees for time not worked",expense,0,,a7080,
7081,Sick pay to collective employees,expense,expense,debit,0,,"Expenditure/expenses for personnel, depreciation, etc. / Wages and salaries to collective employees / Wages and salaries to collective employees for time not worked",expense,0,,a7081,
7082,Holiday pay for public sector employees,expense,expense,debit,0,,"Expenditure/expenses for personnel, depreciation, etc. / Wages and salaries to collective employees / Wages and salaries to collective employees for time not worked",expense,0,,a7082,
7083,Parental allowances for public sector employees,expense,expense,debit,0,,"Expenditure/expenses for personnel, depreciation, etc. / Wages and salaries to collective employees / Wages and salaries to collective employees for time not worked",expense,0,,a7083,
7089,Other wages and salaries of employees in the public sector for non-working time,expense,expense,debit,0,,"Expenditure/expenses for personnel, depreciation, etc. / Wages and salaries to collective employees / Wages and salaries to collective employees for time not worked",expense,0,,a7089,
7090,Change in holiday pay liability,expense,expense,debit,0,,"Expenditure/expenses for personnel, depreciation, etc. / Wages and salaries to collective employees / Change in holiday pay liability",expense,0,,a7090,
7200,Salaries of civil servants and company directors (group account),expense,expense,debit,0,,"Expenditure/expenses for personnel, depreciation, etc. / Wages and salaries of officials and managers / Wages and salaries of officials and managers (group account)",expense,0,,a7200,
7210,Wages and salaries to civil servants,expense,expense,debit,0,,"Expenditure/expenses for personnel, depreciation, etc. / Wages and salaries of officials and managers / Salaries to civil servants",expense,0,,a7210,
7211,Salaries to civil servants,expense,expense,debit,0,,"Expenditure/expenses for personnel, depreciation, etc. / Wages and salaries of officials and managers / Salaries to civil servants",expense,0,,a7211,
7212,Profit shares to civil servants,expense,expense,debit,0,,"Expenditure/expenses for personnel, depreciation, etc. / Wages and salaries of officials and managers / Salaries to civil servants",expense,0,,a7212,
7213,Salary growth support for officials 10.21,expense,expense,debit,0,,"Expenditure/expenses for personnel, depreciation, etc. / Wages and salaries of officials and managers / Salaries to civil servants",expense,0,,a7213,
7217,Severance pay to civil servants,expense,expense,debit,0,,"Expenditure/expenses for personnel, depreciation, etc. / Wages and salaries of officials and managers / Salaries to civil servants",expense,0,,a7217,
7218,Gross salary deductions to officials,expense,expense,debit,0,,"Expenditure/expenses for personnel, depreciation, etc. / Wages and salaries of officials and managers / Salaries to civil servants",expense,0,,a7218,
7219,Accrued salaries and profit shares to civil servants,expense,expense,debit,0,,"Expenditure/expenses for personnel, depreciation, etc. / Wages and salaries of officials and managers / Salaries to civil servants",expense,0,,a7219,
7220,Wages and salaries of company directors,expense,expense,debit,0,,"Expenditure/expenses for personnel, depreciation, etc. / Wages and salaries of officials and managers / Salaries to company directors",expense,0,,a7220,
7221,Salaries to company directors,expense,expense,debit,0,,"Expenditure/expenses for personnel, depreciation, etc. / Wages and salaries of officials and managers / Salaries to company directors",expense,0,,a7221,
7222,Bonuses to company directors,expense,expense,debit,0,,"Expenditure/expenses for personnel, depreciation, etc. / Wages and salaries of officials and managers / Salaries to company directors",expense,0,,a7222,
7227,Severance pay to company directors,expense,expense,debit,0,,"Expenditure/expenses for personnel, depreciation, etc. / Wages and salaries of officials and managers / Salaries to company directors",expense,0,,a7227,
7228,"Gross salary deductions, company directors",expense,expense,debit,0,,"Expenditure/expenses for personnel, depreciation, etc. / Wages and salaries of officials and managers / Salaries to company directors",expense,0,,a7228,
7229,Accrued wages and salaries and bonuses to company managers,expense,expense,debit,0,,"Expenditure/expenses for personnel, depreciation, etc. / Wages and salaries of officials and managers / Salaries to company directors",expense,0,,a7229,
7230,Wages and salaries of officials and senior managers (expatriates),expense,expense,debit,0,,"Expenditure/expenses for personnel, depreciation, etc. / Wages and salaries of officials and managers / Salaries of officials and company directors (expatriates)",expense,0,,a7230,
7231,Wages and salaries to officials and managers (expatriates),expense,expense,debit,0,,"Expenditure/expenses for personnel, depreciation, etc. / Wages and salaries of officials and managers / Salaries of officials and company directors (expatriates)",expense,0,,a7231,
7232,Profit-sharing to officials and managers (expatriates),expense,expense,debit,0,,"Expenditure/expenses for personnel, depreciation, etc. / Wages and salaries of officials and managers / Salaries of officials and company directors (expatriates)",expense,0,,a7232,
7237,Severance payments to officials (expatriates),expense,expense,debit,0,,"Expenditure/expenses for personnel, depreciation, etc. / Wages and salaries of officials and managers / Salaries of officials and company directors (expatriates)",expense,0,,a7237,
7238,"Gross salary deductions, officials and trade union leaders (expatriates)",expense,expense,debit,0,,"Expenditure/expenses for personnel, depreciation, etc. / Wages and salaries of officials and managers / Salaries of officials and company directors (expatriates)",expense,0,,a7238,
7239,Accrued salaries and profit shares to officials and senior managers (expatriates),expense,expense,debit,0,,"Expenditure/expenses for personnel, depreciation, etc. / Wages and salaries of officials and managers / Salaries of officials and company directors (expatriates)",expense,0,,a7239,
7240,Directors' fees,expense,expense,debit,0,,"Expenditure/expenses for personnel, depreciation, etc. / Wages and salaries of officials and managers / Directors' fees",expense,0,,a7240,
7280,Salaries to officials and managers for time not worked,expense,expense,debit,0,,"Expenditure/expenses for personnel, depreciation, etc. / Wages and salaries of officials and managers / Salaries of officials and managers for non-working time",expense,0,,a7280,
7281,Sick pay to officials,expense,expense,debit,0,,"Expenditure/expenses for personnel, depreciation, etc. / Wages and salaries of officials and managers / Salaries of officials and managers for non-working time",expense,0,,a7281,
7282,Sick pay for company directors,expense,expense,debit,0,,"Expenditure/expenses for personnel, depreciation, etc. / Wages and salaries of officials and managers / Salaries of officials and managers for non-working time",expense,0,,a7282,
7283,Parental allowance for officials,expense,expense,debit,0,,"Expenditure/expenses for personnel, depreciation, etc. / Wages and salaries of officials and managers / Salaries of officials and managers for non-working time",expense,0,,a7283,
7284,Parental allowances for company directors,expense,expense,debit,0,,"Expenditure/expenses for personnel, depreciation, etc. / Wages and salaries of officials and managers / Salaries of officials and managers for non-working time",expense,0,,a7284,
7285,Holiday pay for civil servants,expense,expense,debit,0,,"Expenditure/expenses for personnel, depreciation, etc. / Wages and salaries of officials and managers / Salaries of officials and managers for non-working time",expense,0,,a7285,
7286,Holiday pay for company directors,expense,expense,debit,0,,"Expenditure/expenses for personnel, depreciation, etc. / Wages and salaries of officials and managers / Salaries of officials and managers for non-working time",expense,0,,a7286,
7288,Other salaries to civil servants for time not worked,expense,expense,debit,0,,"Expenditure/expenses for personnel, depreciation, etc. / Wages and salaries of officials and managers / Salaries of officials and managers for non-working time",expense,0,,a7288,
7289,Other salaries to company directors for time not worked,expense,expense,debit,0,,"Expenditure/expenses for personnel, depreciation, etc. / Wages and salaries of officials and managers / Salaries of officials and managers for non-working time",expense,0,,a7289,
7290,Change in holiday pay liability,expense,expense,debit,0,,"Expenditure/expenses for personnel, depreciation, etc. / Wages and salaries of officials and managers / Change in holiday pay liability",expense,0,,a7290,
7291,Change in holiday pay liability to salaried employees,expense,expense,debit,0,,"Expenditure/expenses for personnel, depreciation, etc. / Wages and salaries of officials and managers / Change in holiday pay liability",expense,0,,a7291,
7292,Change in holiday pay liability to company managers,expense,expense,debit,0,,"Expenditure/expenses for personnel, depreciation, etc. / Wages and salaries of officials and managers / Change in holiday pay liability",expense,0,,a7292,
7300,Expenses and benefits (group account),expense,expense,debit,0,,"Expenditure/expenses for personnel, depreciation, etc. / Expense reimbursements and benefits / Allowances and benefits (group account)",expense,0,,a7300,
7310,Additional cash payments,expense,expense,debit,0,,"Expenditure/expenses for personnel, depreciation, etc. / Expense reimbursements and benefits / Additional cash allowances",expense,0,,a7310,
7311,"Allowances for meetings, etc.",expense,expense,debit,0,,"Expenditure/expenses for personnel, depreciation, etc. / Expense reimbursements and benefits / Additional cash allowances",expense,0,,a7311,
7312,Allowances for suggestions and inventions,expense,expense,debit,0,,"Expenditure/expenses for personnel, depreciation, etc. / Expense reimbursements and benefits / Additional cash allowances",expense,0,,a7312,
7313,Reimbursements/allowances for housing costs,expense,expense,debit,0,,"Expenditure/expenses for personnel, depreciation, etc. / Expense reimbursements and benefits / Additional cash allowances",expense,0,,a7313,
7314,Reimbursement/reimbursement of meal costs,expense,expense,debit,0,,"Expenditure/expenses for personnel, depreciation, etc. / Expense reimbursements and benefits / Additional cash allowances",expense,0,,a7314,
7315,Reimbursements/allowances for travelling to and from the workplace,expense,expense,debit,0,,"Expenditure/expenses for personnel, depreciation, etc. / Expense reimbursements and benefits / Additional cash allowances",expense,0,,a7315,
7316,Reimbursement/reimbursement of work clothes,expense,expense,debit,0,,"Expenditure/expenses for personnel, depreciation, etc. / Expense reimbursements and benefits / Additional cash allowances",expense,0,,a7316,
7317,Reimbursement/allowance for work materials and tools,expense,expense,debit,0,,"Expenditure/expenses for personnel, depreciation, etc. / Expense reimbursements and benefits / Additional cash allowances",expense,0,,a7317,
7318,Miscalculation money,expense,expense,debit,0,,"Expenditure/expenses for personnel, depreciation, etc. / Expense reimbursements and benefits / Additional cash allowances",expense,0,,a7318,
7319,Other additional cash allowances,expense,expense,debit,0,,"Expenditure/expenses for personnel, depreciation, etc. / Expense reimbursements and benefits / Additional cash allowances",expense,0,,a7319,
7320,Travel allowances for business trips,expense,expense,debit,0,,"Expenditure/expenses for personnel, depreciation, etc. / Expense reimbursements and benefits / Mission allowances",expense,0,,a7320,
7321,"Tax-free allowances, Sweden",expense,expense,debit,0,,"Expenditure/expenses for personnel, depreciation, etc. / Expense reimbursements and benefits / Mission allowances",expense,0,,a7321,
7322,"Taxable subsistence allowances, Sweden",expense,expense,debit,0,,"Expenditure/expenses for personnel, depreciation, etc. / Expense reimbursements and benefits / Mission allowances",expense,0,,a7322,
7323,"Tax-free allowances, abroad",expense,expense,debit,0,,"Expenditure/expenses for personnel, depreciation, etc. / Expense reimbursements and benefits / Mission allowances",expense,0,,a7323,
7324,"Taxable daily allowances, abroad",expense,expense,debit,0,,"Expenditure/expenses for personnel, depreciation, etc. / Expense reimbursements and benefits / Mission allowances",expense,0,,a7324,
7330,Car allowances,expense,expense,debit,0,,"Expenditure/expenses for personnel, depreciation, etc. / Expense reimbursements and benefits / Car allowances",expense,0,,a7330,
7331,Tax-free car allowances,expense,expense,debit,0,,"Expenditure/expenses for personnel, depreciation, etc. / Expense reimbursements and benefits / Car allowances",expense,0,,a7331,
7332,Taxable car allowances,expense,expense,debit,0,,"Expenditure/expenses for personnel, depreciation, etc. / Expense reimbursements and benefits / Car allowances",expense,0,,a7332,
7333,"Compensation for congestion tax, tax-free",expense,expense,debit,0,,"Expenditure/expenses for personnel, depreciation, etc. / Expense reimbursements and benefits / Car allowances",expense,0,,a7333,
7350,Reimbursement for prescribed work clothes,expense,expense,debit,0,,"Expenditure/expenses for personnel, depreciation, etc. / Expense reimbursements and benefits / Reimbursement of prescribed work clothes",expense,0,,a7350,
7370,Hospitality allowances,expense,expense,debit,0,,"Expenditure/expenses for personnel, depreciation, etc. / Expense reimbursements and benefits / Entertainment allowances",expense,0,,a7370,
7380,Costs of benefits to employees,expense,expense,debit,0,,"Expenditure/expenses for personnel, depreciation, etc. / Expense reimbursements and benefits / Cost of employee benefits",expense,0,,a7380,
7381,Cost of free accommodation,expense,expense,debit,0,,"Expenditure/expenses for personnel, depreciation, etc. / Expense reimbursements and benefits / Cost of employee benefits",expense,0,,a7381,
7382,Cost of free or subsidised meals,expense,expense,debit,0,,"Expenditure/expenses for personnel, depreciation, etc. / Expense reimbursements and benefits / Cost of employee benefits",expense,0,,a7382,
7383,Cost of free travel to and from the workplace,expense,expense,debit,0,,"Expenditure/expenses for personnel, depreciation, etc. / Expense reimbursements and benefits / Cost of employee benefits",expense,0,,a7383,
7384,Cost of free or subsidised work clothes,expense,expense,debit,0,,"Expenditure/expenses for personnel, depreciation, etc. / Expense reimbursements and benefits / Cost of employee benefits",expense,0,,a7384,
7385,Cost of free car,expense,expense,debit,0,,"Expenditure/expenses for personnel, depreciation, etc. / Expense reimbursements and benefits / Cost of employee benefits",expense,0,,a7385,
7386,Subsidised interest,expense,expense,debit,0,,"Expenditure/expenses for personnel, depreciation, etc. / Expense reimbursements and benefits / Cost of employee benefits",expense,0,,a7386,
7387,Cost of loaned computers,expense,expense,debit,0,,"Expenditure/expenses for personnel, depreciation, etc. / Expense reimbursements and benefits / Cost of employee benefits",expense,0,,a7387,
7388,Employee compensation for benefits received,expense,expense,debit,0,,"Expenditure/expenses for personnel, depreciation, etc. / Expense reimbursements and benefits / Cost of employee benefits",expense,0,,a7388,
7389,Other benefit costs,expense,expense,debit,0,,"Expenditure/expenses for personnel, depreciation, etc. / Expense reimbursements and benefits / Cost of employee benefits",expense,0,,a7389,
7390,Other reimbursements and benefits,expense,expense,debit,0,,"Expenditure/expenses for personnel, depreciation, etc. / Expense reimbursements and benefits / Other reimbursements and benefits",expense,0,,a7390,
7391,Cost of wood tax benefit,expense,expense,debit,0,,"Expenditure/expenses for personnel, depreciation, etc. / Expense reimbursements and benefits / Other reimbursements and benefits",expense,0,,a7391,
7392,Cost of household services benefit,expense,expense,debit,0,,"Expenditure/expenses for personnel, depreciation, etc. / Expense reimbursements and benefits / Other reimbursements and benefits",expense,0,,a7392,
7400,Pension costs (group account),expense,expense,debit,0,,"Expenditure/expenses for personnel, depreciation, etc. / Pension costs / Pension costs (group account)",expense,0,,a7400,
7410,Pension insurance premiums,expense,expense,debit,0,,"Expenditure/expenses for personnel, depreciation, etc. / Pension costs / Pension insurance premiums",expense,0,,a7410,
7411,Premiums for collective pension schemes,expense,expense,debit,0,,"Expenditure/expenses for personnel, depreciation, etc. / Pension costs / Pension insurance premiums",expense,0,,a7411,
7412,Premiums for individual pension insurance,expense,expense,debit,0,,"Expenditure/expenses for personnel, depreciation, etc. / Pension costs / Pension insurance premiums",expense,0,,a7412,
7418,Refunds from insurance companies,expense,expense,debit,0,,"Expenditure/expenses for personnel, depreciation, etc. / Pension costs / Pension insurance premiums",expense,0,,a7418,
7420,Change in pension liability,expense,expense,debit,0,,"Expenditure/expenses for personnel, depreciation, etc. / Pension costs / Change in pension liability",expense,0,,a7420,
7430,Deduction of interest portion of pension cost,expense,expense,debit,0,,"Expenditure/expenses for personnel, depreciation, etc. / Pension costs / Deduction of interest portion of pension cost",expense,0,,a7430,
7440,Change in pension fund,expense,expense,debit,0,,"Expenditure/expenses for personnel, depreciation, etc. / Pension costs / Change in pension fund capital",expense,0,,a7440,
7441,Provision to pension fund,expense,expense,debit,0,,"Expenditure/expenses for personnel, depreciation, etc. / Pension costs / Change in pension fund capital",expense,0,,a7441,
7448,Compensation from pension fund,expense,expense,debit,0,,"Expenditure/expenses for personnel, depreciation, etc. / Pension costs / Change in pension fund capital",expense,0,,a7448,
7460,Pension payments,expense,expense,debit,0,,"Expenditure/expenses for personnel, depreciation, etc. / Pension costs / Pension payments",expense,0,,a7460,
7461,Pension payments to former public sector employees,expense,expense,debit,0,,"Expenditure/expenses for personnel, depreciation, etc. / Pension costs / Pension payments",expense,0,,a7461,
7462,Pension payments to former civil servants,expense,expense,debit,0,,"Expenditure/expenses for personnel, depreciation, etc. / Pension costs / Pension payments",expense,0,,a7462,
7463,Pension payments to former company executives,expense,expense,debit,0,,"Expenditure/expenses for personnel, depreciation, etc. / Pension costs / Pension payments",expense,0,,a7463,
7470,Management and credit insurance contribution,expense,expense,debit,0,,"Expenditure/expenses for personnel, depreciation, etc. / Pension costs / Management and credit insurance fees",expense,0,,a7470,
7490,Other pension costs,expense,expense,debit,0,,"Expenditure/expenses for personnel, depreciation, etc. / Pension costs / Other pension costs",expense,0,,a7490,
7500,Social and other contributions according to law and agreements (group account),expense,expense,debit,0,,"Expenditure/expenses for personnel, depreciation, etc. / Social security and other statutory and contractual contributions / Social security and other statutory and contractual contributions (group account)",expense,0,,a7500,
7510,Employer's contributions 31.42 per cent,expense,expense,debit,0,,"Expenditure/expenses for personnel, depreciation, etc. / Social security and other statutory and contractual contributions / Employer's contributions 31.42%",expense,0,,a7510,
7511,Employer's contribution for wages and salaries,expense,expense,debit,0,,"Expenditure/expenses for personnel, depreciation, etc. / Social security and other statutory and contractual contributions / Employer's contributions 31.42%",expense,0,,a7511,
7512,Employer's contributions for benefit values,expense,expense,debit,0,,"Expenditure/expenses for personnel, depreciation, etc. / Social security and other statutory and contractual contributions / Employer's contributions 31.42%",expense,0,,a7512,
7515,Employer's contributions on taxable expense reimbursements,expense,expense,debit,0,,"Expenditure/expenses for personnel, depreciation, etc. / Social security and other statutory and contractual contributions / Employer's contributions 31.42%",expense,0,,a7515,
7516,Employer's contributions on fees,expense,expense,debit,0,,"Expenditure/expenses for personnel, depreciation, etc. / Social security and other statutory and contractual contributions / Employer's contributions 31.42%",expense,0,,a7516,
7518,Employer's contributions on gross salary deductions,expense,expense,debit,0,,"Expenditure/expenses for personnel, depreciation, etc. / Social security and other statutory and contractual contributions / Employer's contributions 31.42%",expense,0,,a7518,
7519,Employer's contributions for holiday and salary liabilities,expense,expense,debit,0,,"Expenditure/expenses for personnel, depreciation, etc. / Social security and other statutory and contractual contributions / Employer's contributions 31.42%",expense,0,,a7519,
7530,Special payroll tax,expense,expense,debit,0,,"Expenditure/expenses for personnel, depreciation, etc. / Social security and other statutory and contractual contributions / Special payroll tax",expense,0,,a7530,
7531,"Special payroll tax for certain insurance benefits, etc.",expense,expense,debit,0,,"Expenditure/expenses for personnel, depreciation, etc. / Social security and other statutory and contractual contributions / Special payroll tax",expense,0,,a7531,
7532,"Special payroll tax on pension costs, declaration item",expense,expense,debit,0,,"Expenditure/expenses for personnel, depreciation, etc. / Social security and other statutory and contractual contributions / Special payroll tax",expense,0,,a7532,
7533,Special payroll tax for pension costs,expense,expense,debit,0,,"Expenditure/expenses for personnel, depreciation, etc. / Social security and other statutory and contractual contributions / Special payroll tax",expense,0,,a7533,
7550,Tax on returns on pension funds,expense,expense,debit,0,,"Expenditure/expenses for personnel, depreciation, etc. / Social security and other statutory and contractual contributions / Tax on returns on pension funds",expense,0,,a7550,
7551,"Income tax 15% insurance companies, etc. and allocated to pensions",expense,expense,debit,0,,"Expenditure/expenses for personnel, depreciation, etc. / Social security and other statutory and contractual contributions / Tax on returns on pension funds",expense,0,,a7551,
7552,Income tax 15% foreign pension insurance companies,expense,expense,debit,0,,"Expenditure/expenses for personnel, depreciation, etc. / Social security and other statutory and contractual contributions / Tax on returns on pension funds",expense,0,,a7552,
7553,Withholding tax 30% foreign insurance companies etc.,expense,expense,debit,0,,"Expenditure/expenses for personnel, depreciation, etc. / Social security and other statutory and contractual contributions / Tax on returns on pension funds",expense,0,,a7553,
7554,Yield tax 30% foreign endowment insurance,expense,expense,debit,0,,"Expenditure/expenses for personnel, depreciation, etc. / Social security and other statutory and contractual contributions / Tax on returns on pension funds",expense,0,,a7554,
7570,Premiums for labour market insurance,expense,expense,debit,0,,"Expenditure/expenses for personnel, depreciation, etc. / Social security and other statutory and contractual contributions / Labour market insurance premiums",expense,0,,a7570,
7571,Labour market insurance,expense,expense,debit,0,,"Expenditure/expenses for personnel, depreciation, etc. / Social security and other statutory and contractual contributions / Labour market insurance premiums",expense,0,,a7571,
7572,"Labour market insurance pension insurance premiums, declaration item",expense,expense,debit,0,,"Expenditure/expenses for personnel, depreciation, etc. / Social security and other statutory and contractual contributions / Labour market insurance premiums",expense,0,,a7572,
7580,Group insurance premiums,expense,expense,debit,0,,"Expenditure/expenses for personnel, depreciation, etc. / Social security and other statutory and contractual contributions / Group insurance premiums",expense,0,,a7580,
7581,Group life insurance premiums,expense,expense,debit,0,,"Expenditure/expenses for personnel, depreciation, etc. / Social security and other statutory and contractual contributions / Group insurance premiums",expense,0,,a7581,
7582,Group health insurance premiums,expense,expense,debit,0,,"Expenditure/expenses for personnel, depreciation, etc. / Social security and other statutory and contractual contributions / Group insurance premiums",expense,0,,a7582,
7583,Group accident insurance premiums,expense,expense,debit,0,,"Expenditure/expenses for personnel, depreciation, etc. / Social security and other statutory and contractual contributions / Group insurance premiums",expense,0,,a7583,
7589,Other group insurance premiums,expense,expense,debit,0,,"Expenditure/expenses for personnel, depreciation, etc. / Social security and other statutory and contractual contributions / Group insurance premiums",expense,0,,a7589,
7590,Other social and other contributions according to law and agreements,expense,expense,debit,0,,"Expenditure/expenses for personnel, depreciation, etc. / Social security and other statutory and contractual contributions / Other social and other contributions according to law and agreements",expense,0,,a7590,
7600,Other staff costs (group account),expense,expense,debit,0,,"Expenditure/expenses for personnel, depreciation, etc. / Other staff costs / Other staff costs (group account)",expense,0,,a7600,
7610,Education and training,expense,expense,debit,0,,"Expenditure/expenses for personnel, depreciation, etc. / Other staff costs / Education and training",expense,0,,a7610,
7620,Medical and health care,expense,expense,debit,0,,"Expenditure/expenses for personnel, depreciation, etc. / Other staff costs / Sickness and health care",expense,0,,a7620,
7621,"Medical and health care, deductible",expense,expense,debit,0,,"Expenditure/expenses for personnel, depreciation, etc. / Other staff costs / Sickness and health care",expense,0,,a7621,
7622,"Medical and health care, non-deductible",expense,expense,debit,0,,"Expenditure/expenses for personnel, depreciation, etc. / Other staff costs / Sickness and health care",expense,0,,a7622,
7623,"Health insurance, non-deductible",expense,expense,debit,0,,"Expenditure/expenses for personnel, depreciation, etc. / Other staff costs / Sickness and health care",expense,0,,a7623,
7630,Staff representation,expense,expense,debit,0,,"Expenditure/expenses for personnel, depreciation, etc. / Other staff costs / Staff representation",expense,0,,a7630,
7631,"Staff representation, deductible",expense,expense,debit,0,,"Expenditure/expenses for personnel, depreciation, etc. / Other staff costs / Staff representation",expense,0,,a7631,
7632,"Staff representation, non-deductible",expense,expense,debit,0,,"Expenditure/expenses for personnel, depreciation, etc. / Other staff costs / Staff representation",expense,0,,a7632,
7650,Sick pay insurance,expense,expense,debit,0,,"Expenditure/expenses for personnel, depreciation, etc. / Other staff costs / Sick pay insurance",expense,0,,a7650,
7670,Change in capital of staff foundation,expense,expense,debit,0,,"Expenditure/expenses for personnel, depreciation, etc. / Other staff costs / Change in staff foundation capital",expense,0,,a7670,
7671,Allocation to staff foundation,expense,expense,debit,0,,"Expenditure/expenses for personnel, depreciation, etc. / Other staff costs / Change in staff foundation capital",expense,0,,a7671,
7678,Reimbursement from staff foundation of staff foundation capital,expense,expense,debit,0,,"Expenditure/expenses for personnel, depreciation, etc. / Other staff costs / Change in staff foundation capital",expense,0,,a7678,
7690,Other staff costs,expense,expense,debit,0,,"Expenditure/expenses for personnel, depreciation, etc. / Other staff costs / Other staff costs",expense,0,,a7690,
7691,Staff recruitment,expense,expense,debit,0,,"Expenditure/expenses for personnel, depreciation, etc. / Other staff costs / Other staff costs",expense,0,,a7691,
7692,Funeral assistance,expense,expense,debit,0,,"Expenditure/expenses for personnel, depreciation, etc. / Other staff costs / Other staff costs",expense,0,,a7692,
7693,Leisure activities,expense,expense,debit,0,,"Expenditure/expenses for personnel, depreciation, etc. / Other staff costs / Other staff costs",expense,0,,a7693,
7699,Other staff costs,expense,expense,debit,0,,"Expenditure/expenses for personnel, depreciation, etc. / Other staff costs / Other staff costs",expense,0,,a7699,
7710,Impairment of intangible fixed assets,expense,expense,debit,0,,"Expenditure/expenses for personnel, depreciation, etc. / Impairment losses and reversal of impairment losses / Impairment of intangible fixed assets",expense,0,,a7710,
7720,Impairment of land and buildings,expense,expense,debit,0,,"Expenditure/expenses for personnel, depreciation, etc. / Impairment losses and reversal of impairment losses / Impairment of land and buildings",expense,0,,a7720,
7730,Impairment of machinery and equipment,expense,expense,debit,0,,"Expenditure/expenses for personnel, depreciation, etc. / Impairment losses and reversal of impairment losses / Impairment of machinery and equipment",expense,0,,a7730,
7740,Impairment of certain current assets,expense,expense,debit,0,,"Expenditure/expenses for personnel, depreciation, etc. / Impairment losses and reversal of impairment losses / Impairment of certain current assets",expense,0,,a7740,
7760,Reversal of impairment of intangible fixed assets,expense,expense,debit,0,,"Expenditure/expenses for personnel, depreciation, etc. / Impairment losses and reversal of impairment losses / Reversal of impairment losses on intangible assets",expense,0,,a7760,
7770,Reversal of impairment losses on land and buildings,expense,expense,debit,0,,"Expenditure/expenses for personnel, depreciation, etc. / Impairment losses and reversal of impairment losses / Reversal of impairment losses on land and buildings",expense,0,,a7770,
7780,Reversal of impairment losses on machinery and equipment,expense,expense,debit,0,,"Expenditure/expenses for personnel, depreciation, etc. / Impairment losses and reversal of impairment losses / Reversal of impairment losses on machinery and equipment",expense,0,,a7780,
7790,Reversal of impairment losses on certain current assets,expense,expense,debit,0,,"Expenditure/expenses for personnel, depreciation, etc. / Impairment losses and reversal of impairment losses / Reversal of impairment losses on certain current assets",expense,0,,a7790,
7810,Amortisation of intangible assets,expense,depreciation,debit,0,,"Expenditure/expenses for personnel, depreciation, etc. / Depreciation according to plan / Amortisation of intangible fixed assets",expense_depreciation,0,,a7810,
7811,Depreciation of capitalised expenditure,expense,expense,debit,0,,"Expenditure/expenses for personnel, depreciation, etc. / Depreciation according to plan / Amortisation of intangible fixed assets",expense,0,,a7811,
7812,"Amortisation of concessions, etc.",expense,expense,debit,0,,"Expenditure/expenses for personnel, depreciation, etc. / Depreciation according to plan / Amortisation of intangible fixed assets",expense,0,,a7812,
7813,Amortisation of patents,expense,expense,debit,0,,"Expenditure/expenses for personnel, depreciation, etc. / Depreciation according to plan / Amortisation of intangible fixed assets",expense,0,,a7813,
7814,Amortisation of licences,expense,expense,debit,0,,"Expenditure/expenses for personnel, depreciation, etc. / Depreciation according to plan / Amortisation of intangible fixed assets",expense,0,,a7814,
7815,Amortisation of trademarks,expense,expense,debit,0,,"Expenditure/expenses for personnel, depreciation, etc. / Depreciation according to plan / Amortisation of intangible fixed assets",expense,0,,a7815,
7816,Amortisation of rental rights,expense,expense,debit,0,,"Expenditure/expenses for personnel, depreciation, etc. / Depreciation according to plan / Amortisation of intangible fixed assets",expense,0,,a7816,
7817,Amortisation of goodwill,expense,expense,debit,0,,"Expenditure/expenses for personnel, depreciation, etc. / Depreciation according to plan / Amortisation of intangible fixed assets",expense,0,,a7817,
7819,Amortisation of other intangible assets,expense,expense,debit,0,,"Expenditure/expenses for personnel, depreciation, etc. / Depreciation according to plan / Amortisation of intangible fixed assets",expense,0,,a7819,
7820,Depreciation of buildings and land improvements,expense,depreciation,debit,0,,"Expenditure/expenses for personnel, depreciation, etc. / Depreciation according to plan / Depreciation of buildings and land improvements",expense_depreciation,0,,a7820,
7821,Depreciation of buildings,expense,expense,debit,0,,"Expenditure/expenses for personnel, depreciation, etc. / Depreciation according to plan / Depreciation of buildings and land improvements",expense,0,,a7821,
7824,Depreciation of land improvements,expense,expense,debit,0,,"Expenditure/expenses for personnel, depreciation, etc. / Depreciation according to plan / Depreciation of buildings and land improvements",expense,0,,a7824,
7829,Depreciation of other buildings,expense,expense,debit,0,,"Expenditure/expenses for personnel, depreciation, etc. / Depreciation according to plan / Depreciation of buildings and land improvements",expense,0,,a7829,
7830,Depreciation of machinery and equipment,expense,depreciation,debit,0,,"Expenditure/expenses for personnel, depreciation, etc. / Depreciation according to plan / Depreciation of machinery and equipment",expense_depreciation,0,,a7830,
7831,Depreciation of machinery and other technical equipment,expense,expense,debit,0,,"Expenditure/expenses for personnel, depreciation, etc. / Depreciation according to plan / Depreciation of machinery and equipment",expense,0,,a7831,
7832,Depreciation of equipment and tools,expense,expense,debit,0,,"Expenditure/expenses for personnel, depreciation, etc. / Depreciation according to plan / Depreciation of machinery and equipment",expense,0,,a7832,
7833,Depreciation of installations,expense,expense,debit,0,,"Expenditure/expenses for personnel, depreciation, etc. / Depreciation according to plan / Depreciation of machinery and equipment",expense,0,,a7833,
7834,Depreciation of cars and other transport equipment,expense,expense,debit,0,,"Expenditure/expenses for personnel, depreciation, etc. / Depreciation according to plan / Depreciation of machinery and equipment",expense,0,,a7834,
7835,Depreciation of computers,expense,expense,debit,0,,"Expenditure/expenses for personnel, depreciation, etc. / Depreciation according to plan / Depreciation of machinery and equipment",expense,0,,a7835,
7836,Depreciation of leased assets,expense,expense,debit,0,,"Expenditure/expenses for personnel, depreciation, etc. / Depreciation according to plan / Depreciation of machinery and equipment",expense,0,,a7836,
7839,Depreciation of other machinery and equipment,expense,expense,debit,0,,"Expenditure/expenses for personnel, depreciation, etc. / Depreciation according to plan / Depreciation of machinery and equipment",expense,0,,a7839,
7840,Depreciation of improvements to property owned by others,expense,expense,debit,0,,"Expenditure/expenses for personnel, depreciation, etc. / Depreciation according to plan / Depreciation of improvements to property owned by others",expense,0,,a7840,
7960,Foreign exchange losses on operating receivables and liabilities,expense,expense,debit,0,,"Expenditure/expenses for personnel, depreciation, etc. / Other operating expenses / Exchange rate losses on operating receivables and liabilities",expense,0,,a7960,
7970,Loss on disposal of intangible and tangible fixed assets,expense,expense,debit,0,,"Expenditure/expenses for personnel, depreciation, etc. / Other operating expenses / Loss on disposal of intangible and tangible fixed assets",expense,0,,a7970,
7971,Loss on the disposal of intangible fixed assets,expense,expense,debit,0,,"Expenditure/expenses for personnel, depreciation, etc. / Other operating expenses / Loss on disposal of intangible and tangible fixed assets",expense,0,,a7971,
7972,Loss on disposal of land and buildings,expense,expense,debit,0,,"Expenditure/expenses for personnel, depreciation, etc. / Other operating expenses / Loss on disposal of intangible and tangible fixed assets",expense,0,,a7972,
7973,Loss on disposal of machinery and equipment,expense,expense,debit,0,,"Expenditure/expenses for personnel, depreciation, etc. / Other operating expenses / Loss on disposal of intangible and tangible fixed assets",expense,0,,a7973,
7990,Other operating expenses,expense,expense,debit,0,,"Expenditure/expenses for personnel, depreciation, etc. / Other operating expenses / Other operating expenses",expense,0,,a7990,
8010,Dividends on shares in group companies,income,other_income,credit,0,,Financial and other income/revenue and expenditure/expenses / Income from shares in group companies / Dividends on shares in group companies,income_other,0,,a8010,
8012,Dividends on shares in subsidiaries,income,other_income,credit,0,,Financial and other income/revenue and expenditure/expenses / Income from shares in group companies / Dividends on shares in group companies,income_other,0,,a8012,
8016,"Share issue, group companies",income,other_income,credit,0,,Financial and other income/revenue and expenditure/expenses / Income from shares in group companies / Dividends on shares in group companies,income_other,0,,a8016,
8020,Gain on sale of shares in group companies,income,other_income,credit,0,,Financial and other income/revenue and expenditure/expenses / Income from shares in group companies / Profit/loss on sale of shares in group companies,income_other,0,,a8020,
8022,Gain on sale of shares in subsidiaries,income,other_income,credit,0,,Financial and other income/revenue and expenditure/expenses / Income from shares in group companies / Profit/loss on sale of shares in group companies,income_other,0,,a8022,
8030,Income from partnerships (subsidiaries),income,other_income,credit,0,,Financial and other income/revenue and expenditure/expenses / Income from shares in group companies / Share of profits of partnerships (subsidiaries),income_other,0,,a8030,
8070,Impairment of shares in and long-term receivables from group companies,income,other_income,credit,0,,Financial and other income/revenue and expenditure/expenses / Income from shares in group companies / Impairment losses on shares in and long-term receivables from group companies,income_other,0,,a8070,
8072,Impairment of shares in subsidiaries,income,other_income,credit,0,,Financial and other income/revenue and expenditure/expenses / Income from shares in group companies / Impairment losses on shares in and long-term receivables from group companies,income_other,0,,a8072,
8076,Impairment of long-term receivables from parent companies,income,other_income,credit,0,,Financial and other income/revenue and expenditure/expenses / Income from shares in group companies / Impairment losses on shares in and long-term receivables from group companies,income_other,0,,a8076,
8077,Impairment losses on long-term receivables from subsidiaries,income,other_income,credit,0,,Financial and other income/revenue and expenditure/expenses / Income from shares in group companies / Impairment losses on shares in and long-term receivables from group companies,income_other,0,,a8077,
8080,Reversals of impairment losses on investments in and long-term receivables from group companies,income,other_income,credit,0,,Financial and other income/revenue and expenditure/expenses / Income from shares in group companies / Reversals of impairment losses on investments in and long-term receivables from group companies,income_other,0,,a8080,
8082,Reversals of impairment losses on shares in subsidiaries,income,other_income,credit,0,,Financial and other income/revenue and expenditure/expenses / Income from shares in group companies / Reversals of impairment losses on investments in and long-term receivables from group companies,income_other,0,,a8082,
8086,Reversals of impairment losses on long-term receivables from parent companies,income,other_income,credit,0,,Financial and other income/revenue and expenditure/expenses / Income from shares in group companies / Reversals of impairment losses on investments in and long-term receivables from group companies,income_other,0,,a8086,
8087,Reversals of impairment losses on long-term receivables from subsidiaries,income,other_income,credit,0,,Financial and other income/revenue and expenditure/expenses / Income from shares in group companies / Reversals of impairment losses on investments in and long-term receivables from group companies,income_other,0,,a8087,
8110,"Dividends on shares in associates, jointly controlled entities and other enterprises in which there is a participating interest",income,other_income,credit,0,,"Financial and other income/revenue and expenditure/expenses / Income from investments in associates / Dividends on shares in associates, jointly controlled entities and other entities in which there is an ownership interest",income_other,0,,a8110,
8111,Dividends on shares in associates,income,other_income,credit,0,,"Financial and other income/revenue and expenditure/expenses / Income from investments in associates / Dividends on shares in associates, jointly controlled entities and other entities in which there is an ownership interest",income_other,0,,a8111,
8112,Dividends on shares in jointly controlled entities,income,other_income,credit,0,,"Financial and other income/revenue and expenditure/expenses / Income from investments in associates / Dividends on shares in associates, jointly controlled entities and other entities in which there is an ownership interest",income_other,0,,a8112,
8113,Dividends on shares in other enterprises in which there is an ownership interest,income,other_income,credit,0,,"Financial and other income/revenue and expenditure/expenses / Income from investments in associates / Dividends on shares in associates, jointly controlled entities and other entities in which there is an ownership interest",income_other,0,,a8113,
8116,"Equity contribution, associated enterprises",income,other_income,credit,0,,"Financial and other income/revenue and expenditure/expenses / Income from investments in associates / Dividends on shares in associates, jointly controlled entities and other entities in which there is an ownership interest",income_other,0,,a8116,
8117,"Equity contribution, jointly controlled entities",income,other_income,credit,0,,"Financial and other income/revenue and expenditure/expenses / Income from investments in associates / Dividends on shares in associates, jointly controlled entities and other entities in which there is an ownership interest",income_other,0,,a8117,
8118,"Share issue, other enterprises in which there is an ownership interest",income,other_income,credit,0,,"Financial and other income/revenue and expenditure/expenses / Income from investments in associates / Dividends on shares in associates, jointly controlled entities and other entities in which there is an ownership interest",income_other,0,,a8118,
8120,"Gain on sale of shares in associates, jointly controlled entities and other entities in which there is a participating interest",income,other_income,credit,0,,"Financial and other income/revenue and expenditure/expenses / Income from investments in associates / Gains on the sale of shares in associates, jointly controlled entities and other entities in which a participation is held",income_other,0,,a8120,
8121,Gain on sale of shares in associates,income,other_income,credit,0,,"Financial and other income/revenue and expenditure/expenses / Income from investments in associates / Gains on the sale of shares in associates, jointly controlled entities and other entities in which a participation is held",income_other,0,,a8121,
8122,Gain on sale of shares in jointly controlled entities,income,other_income,credit,0,,"Financial and other income/revenue and expenditure/expenses / Income from investments in associates / Gains on the sale of shares in associates, jointly controlled entities and other entities in which a participation is held",income_other,0,,a8122,
8123,Gains on the sale of shares in other enterprises in which there is a participating interest,income,other_income,credit,0,,"Financial and other income/revenue and expenditure/expenses / Income from investments in associates / Gains on the sale of shares in associates, jointly controlled entities and other entities in which a participation is held",income_other,0,,a8123,
8130,"Share of profits of partnerships (associates, jointly controlled entities and other enterprises in which there is a participation)",income,other_income,credit,0,,"Financial and other income/revenue and expenditure/expenses / Income from investments in associates / Profit shares from partnerships (associates, jointly controlled entities and other entities in which there is a participating interest)",income_other,0,,a8130,
8131,Profit shares from partnerships (associated companies),income,other_income,credit,0,,"Financial and other income/revenue and expenditure/expenses / Income from investments in associates / Profit shares from partnerships (associates, jointly controlled entities and other entities in which there is a participating interest)",income_other,0,,a8131,
8132,Share of profit or loss of partnerships (jointly controlled entities),income,other_income,credit,0,,"Financial and other income/revenue and expenditure/expenses / Income from investments in associates / Profit shares from partnerships (associates, jointly controlled entities and other entities in which there is a participating interest)",income_other,0,,a8132,
8133,Share of profit or loss of partnerships (other enterprises in which there is a participating interest),income,other_income,credit,0,,"Financial and other income/revenue and expenditure/expenses / Income from investments in associates / Profit shares from partnerships (associates, jointly controlled entities and other entities in which there is a participating interest)",income_other,0,,a8133,
8170,"Impairment losses on participations and long-term receivables of associates, jointly controlled entities and other enterprises in which a participation is held",income,other_income,credit,0,,"Financial and other income/revenue and expenditure/expenses / Income from investments in associates / Impairment losses on investments and long-term receivables of associates, jointly controlled entities and other entities in which an ownership interest is held",income_other,0,,a8170,
8171,Impairment losses on investments in associates,income,other_income,credit,0,,"Financial and other income/revenue and expenditure/expenses / Income from investments in associates / Impairment losses on investments and long-term receivables of associates, jointly controlled entities and other entities in which an ownership interest is held",income_other,0,,a8171,
8172,Impairment of long-term receivables from associates,income,other_income,credit,0,,"Financial and other income/revenue and expenditure/expenses / Income from investments in associates / Impairment losses on investments and long-term receivables of associates, jointly controlled entities and other entities in which an ownership interest is held",income_other,0,,a8172,
8173,Impairment of investments in jointly controlled entities,income,other_income,credit,0,,"Financial and other income/revenue and expenditure/expenses / Income from investments in associates / Impairment losses on investments and long-term receivables of associates, jointly controlled entities and other entities in which an ownership interest is held",income_other,0,,a8173,
8174,Impairment losses on long-term receivables from jointly controlled entities,income,other_income,credit,0,,"Financial and other income/revenue and expenditure/expenses / Income from investments in associates / Impairment losses on investments and long-term receivables of associates, jointly controlled entities and other entities in which an ownership interest is held",income_other,0,,a8174,
8176,Impairment losses on participations in other enterprises in which there is an ownership interest,income,other_income,credit,0,,"Financial and other income/revenue and expenditure/expenses / Income from investments in associates / Impairment losses on investments and long-term receivables of associates, jointly controlled entities and other entities in which an ownership interest is held",income_other,0,,a8176,
8177,Impairment losses on long-term receivables from other enterprises in which a participating interest is held,income,other_income,credit,0,,"Financial and other income/revenue and expenditure/expenses / Income from investments in associates / Impairment losses on investments and long-term receivables of associates, jointly controlled entities and other entities in which an ownership interest is held",income_other,0,,a8177,
8180,Reversals of impairment losses on investments and long-term receivables from associates,income,other_income,credit,0,,Financial and other income/revenue and expenditure/expenses / Income from investments in associates / Reversals of impairment losses on investments in and long-term receivables from associates,income_other,0,,a8180,
8181,Reversals of impairment losses on investments in associates,income,other_income,credit,0,,Financial and other income/revenue and expenditure/expenses / Income from investments in associates / Reversals of impairment losses on investments in and long-term receivables from associates,income_other,0,,a8181,
8182,Reversals of impairment losses on long-term receivables from associates,income,other_income,credit,0,,Financial and other income/revenue and expenditure/expenses / Income from investments in associates / Reversals of impairment losses on investments in and long-term receivables from associates,income_other,0,,a8182,
8183,Reversals of impairment losses on shares in jointly controlled entities,income,other_income,credit,0,,Financial and other income/revenue and expenditure/expenses / Income from investments in associates / Reversals of impairment losses on investments in and long-term receivables from associates,income_other,0,,a8183,
8184,Reversals of impairment losses on long-term receivables from jointly controlled entities,income,other_income,credit,0,,Financial and other income/revenue and expenditure/expenses / Income from investments in associates / Reversals of impairment losses on investments in and long-term receivables from associates,income_other,0,,a8184,
8186,Reversals of impairment losses on investments in other enterprises in which there is an ownership interest,income,other_income,credit,0,,Financial and other income/revenue and expenditure/expenses / Income from investments in associates / Reversals of impairment losses on investments in and long-term receivables from associates,income_other,0,,a8186,
8187,Reversals of impairment losses on long-term receivables from other enterprises in which there is a participating interest.,income,other_income,credit,0,,Financial and other income/revenue and expenditure/expenses / Income from investments in associates / Reversals of impairment losses on investments in and long-term receivables from associates,income_other,0,,a8187,
8210,Dividends on shares in other enterprises,income,other_income,credit,0,,Financial and other income/revenue and expenditure/expenses / Income from other securities and long-term receivables / Dividends on shares in other enterprises,income_other,0,,a8210,
8212,"Dividends, other enterprises",income,other_income,credit,0,,Financial and other income/revenue and expenditure/expenses / Income from other securities and long-term receivables / Dividends on shares in other enterprises,income_other,0,,a8212,
8216,"Rights issues, other enterprises",income,other_income,credit,0,,Financial and other income/revenue and expenditure/expenses / Income from other securities and long-term receivables / Dividends on shares in other enterprises,income_other,0,,a8216,
8220,Profit on sale of securities and long-term receivables from other enterprises,income,other_income,credit,0,,Financial and other income/revenue and expenditure/expenses / Income from other securities and long-term receivables / Gains on the sale of securities and long-term receivables from other enterprises,income_other,0,,a8220,
8221,Gain on sale of shares in other enterprises,income,other_income,credit,0,,Financial and other income/revenue and expenditure/expenses / Income from other securities and long-term receivables / Gains on the sale of securities and long-term receivables from other enterprises,income_other,0,,a8221,
8222,Gain on sale of long-term receivables from other enterprises,income,other_income,credit,0,,Financial and other income/revenue and expenditure/expenses / Income from other securities and long-term receivables / Gains on the sale of securities and long-term receivables from other enterprises,income_other,0,,a8222,
8223,Gain on sale of derivatives (long-term securities holdings),income,other_income,credit,0,,Financial and other income/revenue and expenditure/expenses / Income from other securities and long-term receivables / Gains on the sale of securities and long-term receivables from other enterprises,income_other,0,,a8223,
8230,Exchange rate differences on long-term receivables,income,other_income,credit,0,,Financial and other income/revenue and expenditure/expenses / Income from other securities and long-term receivables / Exchange rate differences on long-term receivables,income_other,0,,a8230,
8231,Exchange rate gains on long-term receivables,income,other_income,credit,0,,Financial and other income/revenue and expenditure/expenses / Income from other securities and long-term receivables / Exchange rate differences on long-term receivables,income_other,0,,a8231,
8236,Foreign exchange losses on long-term receivables,income,other_income,credit,0,,Financial and other income/revenue and expenditure/expenses / Income from other securities and long-term receivables / Exchange rate differences on long-term receivables,income_other,0,,a8236,
8240,Share of profits of partnerships (other companies),income,other_income,credit,0,,Financial and other income/revenue and expenditure/expenses / Income from other securities and long-term receivables / Share of profits of partnerships (other enterprises),income_other,0,,a8240,
8250,Interest income on long-term receivables from and securities held by other enterprises,income,other_income,credit,0,,Financial and other income/revenue and expenditure/expenses / Income from other securities and long-term receivables / Interest income on long-term receivables from and securities of other enterprises,income_other,0,,a8250,
8251,Interest income on long-term receivables from group companies,income,other_income,credit,0,,Financial and other income/revenue and expenditure/expenses / Income from other securities and long-term receivables / Interest income on long-term receivables from and securities of other enterprises,income_other,0,,a8251,
8252,0.00Interest income from Other securities,income,other_income,credit,0,,Financial and other income/revenue and expenditure/expenses / Income from other securities and long-term receivables / Interest income on long-term receivables from and securities of other enterprises,income_other,0,,a8252,
8254,"Tax-free interest income, long-term assets",income,other_income,credit,0,,Financial and other income/revenue and expenditure/expenses / Income from other securities and long-term receivables / Interest income on long-term receivables from and securities of other enterprises,income_other,0,,a8254,
8255,Income tax on capital investment,income,other_income,credit,0,,Financial and other income/revenue and expenditure/expenses / Income from other securities and long-term receivables / Interest income on long-term receivables from and securities of other enterprises,income_other,0,,a8255,
8260,Interest income on long-term receivables from group enterprises,income,other_income,credit,0,,Financial and other income/revenue and expenditure/expenses / Income from other securities and long-term receivables / Interest income on long-term receivables from group companies,income_other,0,,a8260,
8261,Interest income from long-term receivables from parent companies,income,other_income,credit,0,,Financial and other income/revenue and expenditure/expenses / Income from other securities and long-term receivables / Interest income on long-term receivables from group companies,income_other,0,,a8261,
8262,Interest income on long-term receivables from subsidiaries,income,other_income,credit,0,,Financial and other income/revenue and expenditure/expenses / Income from other securities and long-term receivables / Interest income on long-term receivables from group companies,income_other,0,,a8262,
8263,Interest income on long-term receivables from other group companies,income,other_income,credit,0,,Financial and other income/revenue and expenditure/expenses / Income from other securities and long-term receivables / Interest income on long-term receivables from group companies,income_other,0,,a8263,
8270,Impairment losses on holdings of shares in and long-term receivables from other enterprises,expense,expense,debit,0,,Financial and other income/revenue and expenditure/expenses / Income from other securities and long-term receivables / Impairment losses on holdings of shares and long-term receivables from other corporations,expense,0,,a8270,
8271,Impairment of shares in other companies,income,other_income,credit,0,,Financial and other income/revenue and expenditure/expenses / Income from other securities and long-term receivables / Impairment losses on holdings of shares and long-term receivables from other corporations,income_other,0,,a8271,
8272,Impairment of long-term receivables from other companies,income,other_income,credit,0,,Financial and other income/revenue and expenditure/expenses / Income from other securities and long-term receivables / Impairment losses on holdings of shares and long-term receivables from other corporations,income_other,0,,a8272,
8273,Impairment losses on other securities held by other enterprises,income,other_income,credit,0,,Financial and other income/revenue and expenditure/expenses / Income from other securities and long-term receivables / Impairment losses on holdings of shares and long-term receivables from other corporations,income_other,0,,a8273,
8280,Reversals of participations in and long-term receivables from other corporations,income,other_income,credit,0,,Financial and other income/revenue and expenditure/expenses / Income from other securities and long-term receivables / Reversals of impairment losses on investments in and long-term receivables from other enterprises,income_other,0,,a8280,
8281,Reversals of impairment losses on shares in other corporations,income,other_income,credit,0,,Financial and other income/revenue and expenditure/expenses / Income from other securities and long-term receivables / Reversals of impairment losses on investments in and long-term receivables from other enterprises,income_other,0,,a8281,
8282,Reversals of impairment losses on long-term receivables from other enterprises,income,other_income,credit,0,,Financial and other income/revenue and expenditure/expenses / Income from other securities and long-term receivables / Reversals of impairment losses on investments in and long-term receivables from other enterprises,income_other,0,,a8282,
8283,Reversals of impairments on other securities held by other enterprises,income,other_income,credit,0,,Financial and other income/revenue and expenditure/expenses / Income from other securities and long-term receivables / Reversals of impairment losses on investments in and long-term receivables from other enterprises,income_other,0,,a8283,
8310,Interest income on current assets,income,other_income,credit,0,,Financial and other income/revenue and expenditure/expenses / Other interest income and similar income items / Interest income from current assets,income_other,0,,a8310,
8311,Interest income from banks,income,other_income,credit,0,,Financial and other income/revenue and expenditure/expenses / Other interest income and similar income items / Interest income from current assets,income_other,0,,a8311,
8312,Interest income on short-term investments,income,other_income,credit,0,,Financial and other income/revenue and expenditure/expenses / Other interest income and similar income items / Interest income from current assets,income_other,0,,a8312,
8313,Interest income on short-term receivables,income,other_income,credit,0,,Financial and other income/revenue and expenditure/expenses / Other interest income and similar income items / Interest income from current assets,income_other,0,,a8313,
8314,Tax-free interest income,income,other_income,credit,0,,Financial and other income/revenue and expenditure/expenses / Other interest income and similar income items / Interest income from current assets,income_other,0,,a8314,
8317,Interest income for hidden interest rate compensation,income,other_income,credit,0,,Financial and other income/revenue and expenditure/expenses / Other interest income and similar income items / Interest income from current assets,income_other,0,,a8317,
8319,Interest income on current assets,income,other_income,credit,0,,Financial and other income/revenue and expenditure/expenses / Other interest income and similar income items / Interest income from current assets,income_other,0,,a8319,
8330,Exchange rate differences on short-term receivables and investments,income,other_income,credit,0,,Financial and other income/revenue and expenditure/expenses / Other interest income and similar income items / Exchange rate differences on short-term receivables and investments,income_other,0,,a8330,
8331,Foreign exchange gains on short-term receivables and investments,income,other_income,credit,0,,Financial and other income/revenue and expenditure/expenses / Other interest income and similar income items / Exchange rate differences on short-term receivables and investments,income_other,0,,a8331,
8336,Foreign exchange losses on short-term receivables and investments,income,other_income,credit,0,,Financial and other income/revenue and expenditure/expenses / Other interest income and similar income items / Exchange rate differences on short-term receivables and investments,income_other,0,,a8336,
8340,Dividends on short-term investments,income,other_income,credit,0,,Financial and other income/revenue and expenditure/expenses / Other interest income and similar income items / Dividends on short-term investments,income_other,0,,a8340,
8350,Gain on sale of short-term investments,income,other_income,credit,0,,Financial and other income/revenue and expenditure/expenses / Other interest income and similar income items / Gain on sale of short-term investments,income_other,0,,a8350,
8360,Other interest income from group companies,income,other_income,credit,0,,Financial and other income/revenue and expenditure/expenses / Other interest income and similar income items / Other interest income from group companies,income_other,0,,a8360,
8361,Other interest income from parent company,income,other_income,credit,0,,Financial and other income/revenue and expenditure/expenses / Other interest income and similar income items / Other interest income from group companies,income_other,0,,a8361,
8362,Other interest income from subsidiaries,income,other_income,credit,0,,Financial and other income/revenue and expenditure/expenses / Other interest income and similar income items / Other interest income from group companies,income_other,0,,a8362,
8363,Other interest income from other group companies,income,other_income,credit,0,,Financial and other income/revenue and expenditure/expenses / Other interest income and similar income items / Other interest income from group companies,income_other,0,,a8363,
8370,Impairment losses on short-term investments,income,other_income,credit,0,,Financial and other income/revenue and expenditure/expenses / Other interest income and similar income items / Impairment losses on short-term investments,income_other,0,,a8370,
8380,Reversals of impairment losses on short-term investments,income,other_income,credit,0,,Financial and other income/revenue and expenditure/expenses / Other interest income and similar income items / Reversals of impairment losses on short-term investments,income_other,0,,a8380,
8390,Other financial income,income,other_income,credit,0,,Financial and other income/revenue and expenditure/expenses / Other interest income and similar income items / Other financial income,income_other,0,,a8390,
8400,Interest expense (group account),income,other_income,credit,0,,Financial and other income/revenue and expenditure/expenses / Interest expense and similar items / Interest expense (group account),income_other,0,,a8400,
8410,Interest expense on long-term liabilities,income,other_income,credit,0,,Financial and other income/revenue and expenditure/expenses / Interest expense and similar items / Interest expense on long-term liabilities,income_other,0,,a8410,
8411,"Interest expense on bonds, debentures and convertible loans",income,other_income,credit,0,,Financial and other income/revenue and expenditure/expenses / Interest expense and similar items / Interest expense on long-term liabilities,income_other,0,,a8411,
8412,Interest element of the pension cost for the year,income,other_income,credit,0,,Financial and other income/revenue and expenditure/expenses / Interest expense and similar items / Interest expense on long-term liabilities,income_other,0,,a8412,
8413,Interest expense on bank overdrafts,income,other_income,credit,0,,Financial and other income/revenue and expenditure/expenses / Interest expense and similar items / Interest expense on long-term liabilities,income_other,0,,a8413,
8415,Interest expense on other liabilities to credit institutions,income,other_income,credit,0,,Financial and other income/revenue and expenditure/expenses / Interest expense and similar items / Interest expense on long-term liabilities,income_other,0,,a8415,
8417,"Interest expense for hidden interest compensation, etc.",income,other_income,credit,0,,Financial and other income/revenue and expenditure/expenses / Interest expense and similar items / Interest expense on long-term liabilities,income_other,0,,a8417,
8418,Interest expense for interest subsidies,income,other_income,credit,0,,Financial and other income/revenue and expenditure/expenses / Interest expense and similar items / Interest expense on long-term liabilities,income_other,0,,a8418,
8419,Interest expense on long-term liabilities,income,other_income,credit,0,,Financial and other income/revenue and expenditure/expenses / Interest expense and similar items / Interest expense on long-term liabilities,income_other,0,,a8419,
8420,Interest expense on current liabilities,expense,expense,debit,0,,Financial and other income/revenue and expenditure/expenses / Interest expense and similar items / Interest expense on short-term liabilities,expense,0,,a8420,
8421,Interest payable to credit institutions,income,other_income,credit,0,,Financial and other income/revenue and expenditure/expenses / Interest expense and similar items / Interest expense on short-term liabilities,income_other,0,,a8421,
8422,Interest on arrears on trade payables,expense,expense,debit,0,,Financial and other income/revenue and expenditure/expenses / Interest expense and similar items / Interest expense on short-term liabilities,expense,0,,a8422,
8423,Interest expense on taxes and duties,expense,expense,debit,0,,Financial and other income/revenue and expenditure/expenses / Interest expense and similar items / Interest expense on short-term liabilities,expense,0,,a8423,
8424,Interest expense on construction loans,income,other_income,credit,0,,Financial and other income/revenue and expenditure/expenses / Interest expense and similar items / Interest expense on short-term liabilities,income_other,0,,a8424,
8429,Other interest expense on short-term liabilities,income,other_income,credit,0,,Financial and other income/revenue and expenditure/expenses / Interest expense and similar items / Interest expense on short-term liabilities,income_other,0,,a8429,
8430,Exchange rate differences on liabilities,expense,expense,debit,0,,Financial and other income/revenue and expenditure/expenses / Interest expense and similar items / Exchange rate differences on liabilities,expense,0,,a8430,
8431,Foreign exchange gains on liabilities,income,other_income,credit,0,,Financial and other income/revenue and expenditure/expenses / Interest expense and similar items / Exchange rate differences on liabilities,income_other,0,,a8431,
8436,Exchange losses on liabilities,income,other_income,credit,0,,Financial and other income/revenue and expenditure/expenses / Interest expense and similar items / Exchange rate differences on liabilities,income_other,0,,a8436,
8440,Interest subsidies received,income,other_income,credit,0,,Financial and other income/revenue and expenditure/expenses / Interest expense and similar items / Interest subsidies received,income_other,0,,a8440,
8460,Interest expense to group companies,income,other_income,credit,0,,Financial and other income/revenue and expenditure/expenses / Interest expense and similar items / Interest expenses to group companies,income_other,0,,a8460,
8461,Interest expense to parent company,income,other_income,credit,0,,Financial and other income/revenue and expenditure/expenses / Interest expense and similar items / Interest expenses to group companies,income_other,0,,a8461,
8462,Interest expense to subsidiaries,income,other_income,credit,0,,Financial and other income/revenue and expenditure/expenses / Interest expense and similar items / Interest expenses to group companies,income_other,0,,a8462,
8463,Interest expense to other group companies,income,other_income,credit,0,,Financial and other income/revenue and expenditure/expenses / Interest expense and similar items / Interest expenses to group companies,income_other,0,,a8463,
8490,Other liability-related items,income,other_income,credit,0,,Financial and other income/revenue and expenditure/expenses / Interest expense and similar items / Other debt-related items,income_other,0,,a8490,
8491,Settlement received on liabilities to credit institutions,income,other_income,credit,0,,Financial and other income/revenue and expenditure/expenses / Interest expense and similar items / Other debt-related items,income_other,0,,a8491,
8810,Change in tax allocation reserve,expense,expense,debit,0,,Financial and other income/revenue and expenditure/expenses / Appropriations / Change in tax allocation reserve,expense,0,,a8810,
8811,Allocation to tax allocation reserve,expense,expense,debit,0,,Financial and other income/revenue and expenditure/expenses / Appropriations / Change in tax allocation reserve,expense,0,,a8811,
8819,Reversal from tax allocation reserve,expense,expense,debit,0,,Financial and other income/revenue and expenditure/expenses / Appropriations / Change in tax allocation reserve,expense,0,,a8819,
8820,Group contributions received,expense,expense,debit,0,,Financial and other income/revenue and expenditure/expenses / Appropriations / Group contributions received,expense,0,,a8820,
8830,Group contributions paid,expense,expense,debit,0,,Financial and other income/revenue and expenditure/expenses / Appropriations / Group contributions paid,expense,0,,a8830,
8840,Indemnities paid,expense,expense,debit,0,,Financial and other income/revenue and expenditure/expenses / Appropriations / Indemnities paid,expense,0,,a8840,
8850,Change in excess depreciation,expense,expense,debit,0,,Financial and other income/revenue and expenditure/expenses / Appropriations / Change in excess depreciation,expense,0,,a8850,
8851,"Change in excess amortisation, intangible fixed assets",expense,expense,debit,0,,Financial and other income/revenue and expenditure/expenses / Appropriations / Change in excess depreciation,expense,0,,a8851,
8852,"Change in excess depreciation, buildings and land improvements",expense,expense,debit,0,,Financial and other income/revenue and expenditure/expenses / Appropriations / Change in excess depreciation,expense,0,,a8852,
8853,"Change in excess depreciation, machinery and equipment",expense,expense,debit,0,,Financial and other income/revenue and expenditure/expenses / Appropriations / Change in excess depreciation,expense,0,,a8853,
8860,Change in compensation fund,expense,expense,debit,0,,Financial and other income/revenue and expenditure/expenses / Appropriations / Change in compensation fund,expense,0,,a8860,
8861,Allocation to the replacement fund for equipment,expense,expense,debit,0,,Financial and other income/revenue and expenditure/expenses / Appropriations / Change in compensation fund,expense,0,,a8861,
8862,Allocation to replacement fund for buildings and land improvements,expense,expense,debit,0,,Financial and other income/revenue and expenditure/expenses / Appropriations / Change in compensation fund,expense,0,,a8862,
8864,Allocation to the compensation fund for livestock in agriculture and reindeer husbandry,expense,expense,debit,0,,Financial and other income/revenue and expenditure/expenses / Appropriations / Change in compensation fund,expense,0,,a8864,
8865,Utilisation of compensation fund for depreciation and amortisation,expense,expense,debit,0,,Financial and other income/revenue and expenditure/expenses / Appropriations / Change in compensation fund,expense,0,,a8865,
8866,Utilisation of compensation fund for other than depreciation and amortisation,expense,expense,debit,0,,Financial and other income/revenue and expenditure/expenses / Appropriations / Change in compensation fund,expense,0,,a8866,
8869,Transfer from compensation fund,expense,expense,debit,0,,Financial and other income/revenue and expenditure/expenses / Appropriations / Change in compensation fund,expense,0,,a8869,
8890,Other appropriations,expense,expense,debit,0,,Financial and other income/revenue and expenditure/expenses / Appropriations / Other appropriations,expense,0,,a8890,
8892,Impairment losses on fixed assets of a consolidation nature,expense,expense,debit,0,,Financial and other income/revenue and expenditure/expenses / Appropriations / Other appropriations,expense,0,,a8892,
8896,Change in inventory reserve,expense,expense,debit,0,,Financial and other income/revenue and expenditure/expenses / Appropriations / Other appropriations,expense,0,,a8896,
8899,Other appropriations,expense,expense,debit,0,,Financial and other income/revenue and expenditure/expenses / Appropriations / Other appropriations,expense,0,,a8899,
8910,Taxes charged to the profit and loss account,expense,expense,debit,0,,Financial and other income/revenue and expenditure/expenses / Taxes and profit for the year / Taxes charged to the profit for the year,expense,0,,a8910,
8920,Tax due to change in taxation,expense,expense,debit,0,,Financial and other income/revenue and expenditure/expenses / Taxes and profit for the year / Tax due to change in taxation,expense,0,,a8920,
8930,Taxes refunded,expense,expense,debit,0,,Financial and other income/revenue and expenditure/expenses / Taxes and profit for the year / Tax refunded,expense,0,,a8930,
8980,Other taxes,expense,expense,debit,0,,Financial and other income/revenue and expenditure/expenses / Taxes and profit for the year / Other taxes,expense,0,,a8980,
8990,Profit and loss account,expense,expense,debit,0,,Financial and other income/revenue and expenditure/expenses / Taxes and profit for the year / Profit or loss,expense,0,,a8990,
8999,Profit for the year,expense,expense,debit,0,,Financial and other income/revenue and expenditure/expenses / Taxes and profit for the year / Profit or loss,expense,0,,a8999,
9993,Cash Discount Loss,expense,expense,debit,0,,,expense,0,,a9993,
9994,Cash Discount Gain,income,other_income,credit,0,,,income_other,0,,a9994,
